claim_id,encounter_id,patient_id,facility_id,payer,submitted_date,adjudicated_date,billed_amount,paid_amount,claim_status,denied,denial_reason,appeal_status
CL0000001,E0000001,P000920,F12,Medicare,2025-04-04,2025-04-16,99.58,33.90,paid,0,,
CL0000002,E0000002,P000162,F06,Medicare,2025-04-05,2025-04-27,279.35,97.34,paid,0,,
CL0000003,E0000003,P001011,F15,Medicare,2025-04-03,2025-04-14,423.22,143.21,paid,0,,
CL0000004,E0000004,P000782,F03,Medicare,2025-04-05,2025-04-16,1283.97,451.23,paid,0,,
CL0000005,E0000005,P001298,F08,Northstar Advantage,2025-04-02,2025-04-28,249.39,89.90,paid,0,,
CL0000006,E0000006,P000886,F09,Northstar Advantage,2025-04-05,2025-04-16,88.03,32.35,paid,0,,
CL0000007,E0000007,P000752,F09,Northstar Advantage,2025-04-03,2025-04-17,186.73,72.50,paid,0,,
CL0000008,E0000008,P000297,F08,Northstar Advantage,2025-04-03,2025-04-17,72.71,26.69,paid,0,,
CL0000009,E0000009,P000013,F09,Northstar Advantage,2025-04-03,2025-04-30,614.43,236.33,paid,0,,
CL0000010,E0000011,P000634,F04,Evergreen Health Plan,2025-04-03,2025-05-02,84.52,47.44,paid,0,,
CL0000011,E0000012,P000957,F11,Northstar Advantage,2025-04-03,2025-04-25,92.26,0.00,denied,1,Eligibility or coverage lapse,overturned
CL0000012,E0000013,P000319,F06,Medicare,2025-04-03,2025-05-04,297.56,105.60,paid,0,,
CL0000013,E0000014,P000326,F07,Medicare,2025-04-05,2025-04-29,308.79,107.63,paid,0,,
CL0000014,E0000015,P000223,F03,Medicare,2025-04-09,2025-05-01,15458.61,5642.54,paid,0,,
CL0000015,E0000016,P000434,F08,Medicare,2025-04-04,2025-04-22,510.15,173.01,paid,0,,
CL0000016,E0000017,P000684,F08,Northstar Advantage,2025-04-05,2025-05-03,244.86,90.25,paid,0,,
CL0000017,E0000018,P000855,F03,Medicare,2025-04-10,2025-05-10,14610.16,5078.97,paid,0,,
CL0000018,E0000019,P000462,F01,Self-pay,2025-04-05,2025-05-01,1726.32,234.56,paid,0,,
CL0000019,E0000020,P000097,F03,Northstar Advantage,2025-04-06,2025-04-28,165.66,66.86,paid,0,,
CL0000020,E0000021,P001292,F09,Self-pay,2025-04-04,2025-04-17,205.25,27.19,paid,0,,
CL0000021,E0000022,P000109,F10,Medicare,2025-04-07,2025-04-24,204.82,70.55,paid,0,,
CL0000022,E0000023,P001322,F02,Cascade Mutual,2025-04-14,2025-05-08,37382.36,0.00,denied,1,Coding error,upheld
CL0000023,E0000024,P000896,F03,Medicare,2025-04-05,2025-04-23,2735.40,907.62,paid,0,,
CL0000024,E0000025,P000558,F01,Northstar Advantage,2025-04-13,2025-05-04,25231.74,10096.41,paid,0,,
CL0000025,E0000026,P000211,F05,Cascade Mutual,2025-04-06,2025-04-21,477.91,249.85,paid,0,,
CL0000026,E0000027,P000501,F09,Medicare,2025-04-05,2025-04-19,175.65,63.63,paid,0,,
CL0000027,E0000028,P000197,F01,Cascade Mutual,2025-04-05,2025-04-20,269.42,146.27,paid,0,,
CL0000028,E0000029,P000235,F05,Medicare,2025-04-08,2025-05-08,226.15,82.41,paid,0,,
CL0000029,E0000030,P000292,F06,Evergreen Health Plan,2025-04-05,2025-05-09,267.22,145.27,paid,0,,
CL0000030,E0000031,P000311,F08,Medicare,2025-04-05,2025-04-21,167.64,0.00,denied,1,Incomplete documentation,upheld
CL0000031,E0000032,P001057,F01,Evergreen Health Plan,2025-04-07,2025-05-11,1496.88,830.31,paid,0,,
CL0000032,E0000033,P000477,F06,Medicare,2025-04-07,2025-05-08,353.71,131.30,paid,0,,
CL0000033,E0000034,P001065,F07,Medicare,2025-04-05,2025-04-27,470.69,168.69,paid,0,,
CL0000034,E0000036,P001308,F03,Medicare,2025-04-18,2025-05-06,54853.17,18343.29,paid,0,,
CL0000035,E0000037,P000792,F03,Medicare,2025-04-15,2025-05-17,26448.94,9327.93,paid,0,,
CL0000036,E0000039,P000562,F02,Evergreen Health Plan,2025-04-15,2025-04-27,12986.02,6965.40,paid,0,,
CL0000037,E0000042,P000701,F03,Medicaid,2025-04-16,2025-04-28,37791.33,10889.49,paid,0,,
CL0000038,E0000043,P001220,F01,Medicare,2025-04-18,2025-05-13,45559.20,16851.06,paid,0,,
CL0000039,E0000044,P001211,F01,Medicare,2025-04-09,2025-05-06,1587.91,545.71,paid,0,,
CL0000040,E0000046,P000464,F02,Evergreen Health Plan,2025-04-17,2025-05-21,25192.92,13169.50,paid,0,,
CL0000041,E0000047,P001238,F08,Cascade Mutual,2025-04-11,2025-04-25,213.49,119.77,paid,0,,
CL0000042,E0000048,P000642,F01,Medicaid,2025-04-10,2025-05-02,1352.13,420.32,paid,0,,
CL0000043,E0000049,P000106,F15,Medicare,2025-04-09,2025-04-30,204.32,68.66,paid,0,,
CL0000044,E0000050,P000351,F05,Self-pay,2025-04-10,2025-04-27,232.14,31.35,paid,0,,
CL0000045,E0000051,P000728,F09,Northstar Advantage,2025-04-12,2025-05-12,291.72,114.03,paid,0,,
CL0000046,E0000052,P001386,F08,Self-pay,2025-04-12,2025-04-30,152.38,21.14,paid,0,,
CL0000047,E0000053,P000164,F08,Medicare,2025-04-12,2025-05-04,551.25,189.52,paid,0,,
CL0000048,E0000054,P001204,F13,Cascade Mutual,2025-04-11,2025-05-09,258.43,140.12,paid,0,,
CL0000049,E0000055,P001203,F04,Medicare,2025-04-10,2025-04-27,178.49,59.57,paid,0,,
CL0000050,E0000056,P000781,F03,Medicare,2025-04-11,2025-05-04,554.47,199.83,paid,0,,
CL0000051,E0000057,P001317,F01,Cascade Mutual,2025-04-18,2025-05-03,20819.22,10690.53,paid,0,,
CL0000052,E0000059,P000148,F15,Medicare,2025-04-13,2025-05-12,526.86,189.24,paid,0,,
CL0000053,E0000060,P000991,F08,Northstar Advantage,2025-04-13,2025-04-30,217.13,87.04,paid,0,,
CL0000054,E0000061,P001157,F05,Medicare,2025-04-10,2025-05-05,421.07,155.93,paid,0,,
CL0000055,E0000062,P001310,F01,Self-pay,2025-04-18,2025-05-20,11678.53,1566.12,paid,0,,
CL0000056,E0000063,P001136,F07,Evergreen Health Plan,2025-04-11,2025-04-28,172.90,98.60,paid,0,,
CL0000057,E0000064,P000182,F05,Evergreen Health Plan,2025-04-10,2025-05-14,372.73,201.29,paid,0,,
CL0000058,E0000065,P000435,F09,Cascade Mutual,2025-04-11,2025-05-05,361.52,199.36,paid,0,,
CL0000059,E0000066,P000941,F03,Northstar Advantage,2025-04-11,2025-05-06,718.13,260.24,paid,0,,
CL0000060,E0000067,P000214,F09,Cascade Mutual,2025-04-11,2025-04-22,222.79,114.73,paid,0,,
CL0000061,E0000068,P000955,F01,Medicare,2025-04-23,2025-05-13,42437.10,14663.77,paid,0,,
CL0000062,E0000069,P000429,F09,Cascade Mutual,2025-04-12,2025-05-17,303.37,160.50,paid,0,,
CL0000063,E0000070,P000687,F04,Cascade Mutual,2025-04-13,2025-05-11,352.90,186.66,paid,0,,
CL0000064,E0000071,P001268,F07,Medicare,2025-04-14,2025-05-07,236.43,78.62,paid,0,,
CL0000065,E0000072,P000543,F15,Evergreen Health Plan,2025-04-14,2025-05-17,188.42,103.76,paid,0,,
CL0000066,E0000073,P000635,F05,Evergreen Health Plan,2025-04-13,2025-05-13,346.41,200.56,paid,0,,
CL0000067,E0000074,P000347,F11,Medicare,2025-04-12,2025-05-06,344.19,121.42,paid,0,,
CL0000068,E0000075,P001203,F04,Medicare,2025-04-14,2025-05-19,207.73,77.23,paid,0,,
CL0000069,E0000076,P000349,F09,Evergreen Health Plan,2025-04-14,2025-05-15,199.47,103.91,paid,0,,
CL0000070,E0000077,P001234,F01,Medicaid,2025-04-13,2025-04-27,1220.12,372.54,paid,0,,
CL0000071,E0000080,P000428,F03,Cascade Mutual,2025-04-21,2025-05-22,34459.07,18257.15,paid,0,,
CL0000072,E0000081,P001395,F01,Medicaid,2025-04-18,2025-05-15,21973.78,6975.88,paid,0,,
CL0000073,E0000083,P001216,F01,Medicare,2025-04-20,2025-05-09,19667.63,7038.52,paid,0,,
CL0000074,E0000085,P000489,F03,Medicare,2025-04-26,2025-05-30,25060.37,9374.03,paid,0,,
CL0000075,E0000086,P001060,F06,Medicare,2025-04-18,2025-05-19,524.81,179.29,paid,0,,
CL0000076,E0000087,P000879,F07,Evergreen Health Plan,2025-04-17,2025-05-10,137.71,79.45,paid,0,,
CL0000077,E0000088,P000792,F04,Medicare,2025-04-18,2025-05-10,285.95,102.97,paid,0,,
CL0000078,E0000089,P000324,F04,Cascade Mutual,2025-04-18,2025-05-13,544.32,294.66,paid,0,,
CL0000079,E0000091,P000809,F02,Northstar Advantage,2025-04-18,2025-05-20,1428.22,522.43,paid,0,,
CL0000080,E0000092,P000065,F04,Northstar Advantage,2025-04-15,2025-05-09,194.50,76.28,paid,0,,
CL0000081,E0000093,P000434,F03,Medicare,2025-04-18,2025-05-06,1254.13,432.88,paid,0,,
CL0000082,E0000094,P001310,F01,Self-pay,2025-04-25,2025-05-08,29907.31,3929.75,paid,0,,
CL0000083,E0000095,P000592,F01,Medicare,2025-04-24,2025-05-17,51616.89,17195.21,paid,0,,
CL0000084,E0000096,P000717,F12,Medicare,2025-04-19,2025-05-13,440.90,160.70,paid,0,,
CL0000085,E0000097,P001292,F02,Self-pay,2025-04-21,2025-05-15,20205.22,2907.24,paid,0,,
CL0000086,E0000099,P001317,F04,Cascade Mutual,2025-04-17,2025-05-12,478.59,243.79,paid,0,,
CL0000087,E0000100,P000363,F01,Medicare,2025-04-21,2025-05-25,24050.17,8723.92,paid,0,,
CL0000088,E0000101,P000451,F08,Northstar Advantage,2025-04-16,2025-04-30,209.69,81.63,paid,0,,
CL0000089,E0000102,P000136,F11,Northstar Advantage,2025-04-19,2025-05-13,149.89,55.90,paid,0,,
CL0000090,E0000103,P000752,F09,Northstar Advantage,2025-04-19,2025-05-05,593.97,220.23,paid,0,,
CL0000091,E0000104,P000676,F07,Self-pay,2025-04-18,2025-05-05,206.04,27.71,paid,0,,
CL0000092,E0000105,P001158,F08,Evergreen Health Plan,2025-04-20,2025-05-22,172.03,98.54,paid,0,,
CL0000093,E0000107,P001391,F01,Medicare,2025-04-28,2025-05-26,33285.33,11337.09,paid,0,,
CL0000094,E0000108,P000094,F08,Cascade Mutual,2025-04-18,2025-05-02,129.05,65.87,paid,0,,
CL0000095,E0000110,P001264,F11,Evergreen Health Plan,2025-04-17,2025-05-09,812.22,466.65,paid,0,,
CL0000096,E0000111,P001040,F02,Cascade Mutual,2025-04-18,2025-05-10,1777.88,897.83,paid,0,,
CL0000097,E0000112,P000276,F01,Medicaid,2025-04-25,2025-05-30,18991.07,5846.99,paid,0,,
CL0000098,E0000113,P001288,F01,Medicare,2025-04-27,2025-05-15,19580.58,0.00,denied,1,Prior authorization missing,none
CL0000099,E0000114,P000358,F03,Medicaid,2025-04-18,2025-05-09,1209.41,381.33,paid,0,,
CL0000100,E0000115,P000846,F01,Northstar Advantage,2025-04-24,2025-05-28,14119.40,5158.42,paid,0,,
CL0000101,E0000118,P001063,F01,Medicare,2025-04-27,2025-05-18,22580.37,8231.05,paid,0,,
CL0000102,E0000119,P001158,F01,Evergreen Health Plan,2025-04-21,2025-05-18,1966.36,1045.51,paid,0,,
CL0000103,E0000120,P001099,F04,Medicare,2025-04-19,2025-05-03,163.19,59.89,paid,0,,
CL0000104,E0000121,P001048,F02,Medicare,2025-04-30,2025-05-16,58295.65,21098.88,paid,0,,
CL0000105,E0000122,P000918,F14,Cascade Mutual,2025-04-20,2025-05-09,210.66,109.83,paid,0,,
CL0000106,E0000123,P000045,F07,Cascade Mutual,2025-04-21,2025-05-16,463.27,0.00,denied,1,Prior authorization missing,overturned
CL0000107,E0000124,P001128,F07,Medicare,2025-04-20,2025-05-23,415.27,149.05,paid,0,,
CL0000108,E0000126,P001386,F01,Self-pay,2025-04-19,2025-05-18,2475.04,341.88,paid,0,,
CL0000109,E0000127,P000497,F03,Cascade Mutual,2025-04-25,2025-05-09,25301.51,0.00,denied,1,Medical necessity,overturned
CL0000110,E0000129,P000813,F09,Medicare,2025-04-21,2025-05-16,157.22,58.21,paid,0,,
CL0000111,E0000130,P001084,F03,Medicare,2025-04-28,2025-05-29,23146.18,8065.65,paid,0,,
CL0000112,E0000131,P000307,F07,Northstar Advantage,2025-04-22,2025-05-06,256.33,100.85,paid,0,,
CL0000113,E0000132,P000110,F06,Evergreen Health Plan,2025-04-21,2025-05-05,245.62,131.37,paid,0,,
CL0000114,E0000134,P000324,F02,Cascade Mutual,2025-04-25,2025-05-06,27841.97,15520.44,paid,0,,
CL0000115,E0000135,P000240,F02,Northstar Advantage,2025-04-28,2025-05-15,18939.96,0.00,denied,1,Incomplete documentation,upheld
CL0000116,E0000137,P001334,F01,Evergreen Health Plan,2025-05-02,2025-05-13,65028.59,34009.05,paid,0,,
CL0000117,E0000138,P000453,F01,Medicaid,2025-04-26,2025-05-12,41768.03,13024.54,paid,0,,
CL0000118,E0000139,P001186,F01,Cascade Mutual,2025-05-01,2025-05-29,34268.05,17442.54,paid,0,,
CL0000119,E0000140,P000396,F08,Medicare,2025-04-24,2025-05-23,240.24,89.26,paid,0,,
CL0000120,E0000141,P001178,F08,Northstar Advantage,2025-04-23,2025-05-24,300.21,115.13,paid,0,,
CL0000121,E0000142,P000969,F05,Medicaid,2025-04-25,2025-05-07,211.64,61.71,paid,0,,
CL0000122,E0000143,P000490,F06,Evergreen Health Plan,2025-04-23,2025-05-23,319.54,177.92,paid,0,,
CL0000123,E0000144,P001216,F15,Medicare,2025-04-23,2025-05-16,1163.57,393.38,paid,0,,
CL0000124,E0000145,P001003,F04,Self-pay,2025-04-24,2025-05-22,248.50,32.95,paid,0,,
CL0000125,E0000146,P000426,F03,Evergreen Health Plan,2025-04-23,2025-05-16,310.45,174.16,paid,0,,
CL0000126,E0000147,P001389,F01,Northstar Advantage,2025-05-01,2025-05-30,24255.05,9247.48,paid,0,,
CL0000127,E0000149,P001101,F06,Medicare,2025-04-23,2025-05-12,385.76,143.84,paid,0,,
CL0000128,E0000150,P001014,F05,Northstar Advantage,2025-04-26,2025-05-16,225.03,84.10,paid,0,,
CL0000129,E0000151,P000868,F01,Cascade Mutual,2025-05-03,2025-05-19,14985.25,8156.85,paid,0,,
CL0000130,E0000152,P001148,F13,Evergreen Health Plan,2025-04-23,2025-05-22,191.90,102.49,paid,0,,
CL0000131,E0000154,P000440,F08,Evergreen Health Plan,2025-04-26,2025-05-07,394.93,224.82,paid,0,,
CL0000132,E0000155,P000347,F08,Medicare,2025-04-25,2025-05-21,393.08,136.18,paid,0,,
CL0000133,E0000156,P000733,F15,Self-pay,2025-04-23,2025-05-04,355.59,47.28,paid,0,,
CL0000134,E0000157,P000888,F03,Medicare,2025-05-10,2025-06-04,49397.90,16527.94,paid,0,,
CL0000135,E0000158,P000148,F03,Medicare,2025-04-30,2025-05-28,32672.55,11295.52,paid,0,,
CL0000136,E0000160,P001284,F02,Northstar Advantage,2025-05-01,2025-05-24,18089.51,6720.68,paid,0,,
CL0000137,E0000161,P000244,F07,Evergreen Health Plan,2025-04-26,2025-05-15,428.01,249.13,paid,0,,
CL0000138,E0000162,P001383,F03,Medicare,2025-05-10,2025-05-25,55742.76,19545.72,paid,0,,
CL0000139,E0000163,P000905,F05,Medicare,2025-04-26,2025-05-11,42.59,14.81,paid,0,,
CL0000140,E0000164,P000448,F05,Northstar Advantage,2025-04-25,2025-05-10,382.26,0.00,denied,1,Duplicate claim,none
CL0000141,E0000165,P001067,F03,Medicaid,2025-04-26,2025-05-08,141.49,44.92,paid,0,,
CL0000142,E0000166,P001288,F07,Medicare,2025-04-24,2025-05-24,347.64,125.25,paid,0,,
CL0000143,E0000167,P000497,F07,Cascade Mutual,2025-04-27,2025-05-16,934.08,479.06,paid,0,,
CL0000144,E0000168,P000855,F10,Medicare,2025-04-26,2025-05-16,931.25,335.93,paid,0,,
CL0000145,E0000169,P000276,F10,Medicaid,2025-04-26,2025-05-23,715.94,0.00,denied,1,Eligibility or coverage lapse,upheld
CL0000146,E0000171,P001243,F01,Medicaid,2025-05-03,2025-05-24,31346.60,8966.13,paid,0,,
CL0000147,E0000172,P001308,F03,Medicare,2025-04-27,2025-05-15,1878.16,667.36,paid,0,,
CL0000148,E0000173,P000830,F10,Northstar Advantage,2025-04-27,2025-05-22,148.33,54.41,paid,0,,
CL0000149,E0000174,P000246,F01,Medicare,2025-04-26,2025-05-28,541.39,186.29,paid,0,,
CL0000150,E0000175,P000029,F05,Northstar Advantage,2025-04-28,2025-05-11,628.21,242.50,paid,0,,
CL0000151,E0000176,P000957,F10,Northstar Advantage,2025-04-28,2025-05-29,117.35,42.56,paid,0,,
CL0000152,E0000177,P001025,F15,Northstar Advantage,2025-04-26,2025-05-29,920.28,373.05,paid,0,,
CL0000153,E0000178,P000599,F01,Medicare,2025-04-27,2025-05-19,1485.35,526.51,paid,0,,
CL0000154,E0000179,P001241,F01,Northstar Advantage,2025-05-02,2025-05-29,24375.36,9403.37,paid,0,,
CL0000155,E0000180,P000497,F07,Cascade Mutual,2025-04-29,2025-05-09,494.13,254.40,paid,0,,
CL0000156,E0000181,P000670,F07,Medicare,2025-04-29,2025-05-28,116.28,39.20,paid,0,,
CL0000157,E0000182,P001391,F11,Medicare,2025-04-27,2025-05-19,477.15,178.05,paid,0,,
CL0000158,E0000183,P000807,F05,Medicare,2025-04-28,2025-05-28,390.40,139.37,paid,0,,
CL0000159,E0000184,P001052,F06,Medicaid,2025-04-26,2025-05-24,353.06,0.00,denied,1,Eligibility or coverage lapse,upheld
CL0000160,E0000185,P000293,F03,Evergreen Health Plan,2025-04-26,2025-05-14,468.10,245.99,paid,0,,
CL0000161,E0000186,P001056,F08,Medicare,2025-04-29,2025-05-18,382.87,128.63,paid,0,,
CL0000162,E0000187,P000464,F10,Evergreen Health Plan,2025-04-26,2025-05-18,310.72,172.22,paid,0,,
CL0000163,E0000188,P000276,F01,Medicaid,2025-04-29,2025-05-30,2673.17,0.00,denied,1,Eligibility or coverage lapse,none
CL0000164,E0000189,P000265,F02,Evergreen Health Plan,2025-04-27,2025-05-30,2619.39,1511.75,paid,0,,
CL0000165,E0000191,P000677,F03,Medicaid,2025-05-11,2025-05-27,40237.33,12777.23,paid,0,,
CL0000166,E0000192,P000363,F01,Medicare,2025-05-09,2025-05-28,39498.69,14588.06,paid,0,,
CL0000167,E0000193,P000245,F15,Evergreen Health Plan,2025-04-30,2025-06-04,360.09,0.00,denied,1,Prior authorization missing,none
CL0000168,E0000194,P000636,F09,Medicare,2025-04-29,2025-05-10,243.76,84.49,paid,0,,
CL0000169,E0000195,P000769,F09,Medicare,2025-05-02,2025-05-21,263.22,94.60,paid,0,,
CL0000170,E0000197,P001192,F06,Self-pay,2025-05-02,2025-05-31,178.98,25.65,paid,0,,
CL0000171,E0000198,P000824,F04,Medicare,2025-05-02,2025-05-21,97.70,32.89,paid,0,,
CL0000172,E0000199,P000751,F01,Cascade Mutual,2025-05-06,2025-05-28,25556.78,13348.26,paid,0,,
CL0000173,E0000200,P000714,F07,Medicare,2025-04-30,2025-05-11,266.04,95.04,paid,0,,
CL0000174,E0000203,P001313,F02,Medicaid,2025-05-10,2025-06-03,21908.47,6363.25,paid,0,,
CL0000175,E0000204,P001371,F01,Northstar Advantage,2025-05-10,2025-05-30,33497.40,13119.84,paid,0,,
CL0000176,E0000205,P001129,F09,Medicare,2025-05-01,2025-06-02,158.18,53.75,paid,0,,
CL0000177,E0000206,P000636,F09,Medicare,2025-05-02,2025-05-31,205.17,75.04,paid,0,,
CL0000178,E0000207,P000448,F05,Northstar Advantage,2025-05-02,2025-06-04,726.47,271.94,paid,0,,
CL0000179,E0000208,P001394,F08,Medicare,2025-05-03,2025-05-16,334.41,0.00,denied,1,Prior authorization missing,none
CL0000180,E0000209,P000955,F10,Medicare,2025-05-01,2025-06-05,369.72,129.40,paid,0,,
CL0000181,E0000210,P000451,F01,Northstar Advantage,2025-04-30,2025-05-13,149.23,60.04,paid,0,,
CL0000182,E0000211,P000453,F04,Medicaid,2025-04-30,2025-05-16,384.22,122.62,paid,0,,
CL0000183,E0000213,P001237,F02,Northstar Advantage,2025-05-01,2025-06-05,112.44,45.52,paid,0,,
CL0000184,E0000214,P000798,F05,Evergreen Health Plan,2025-04-30,2025-06-04,193.88,109.29,paid,0,,
CL0000185,E0000215,P001222,F02,Medicare,2025-05-06,2025-06-06,12533.80,4618.90,paid,0,,
CL0000186,E0000216,P000520,F15,Medicare,2025-05-02,2025-05-25,272.41,99.44,paid,0,,
CL0000187,E0000217,P001310,F08,Self-pay,2025-05-04,2025-06-05,607.67,80.78,paid,0,,
CL0000188,E0000218,P001189,F08,Evergreen Health Plan,2025-05-01,2025-06-01,404.09,0.00,denied,1,Prior authorization missing,none
CL0000189,E0000219,P000148,F15,Medicare,2025-05-03,2025-05-25,106.00,38.02,paid,0,,
CL0000190,E0000220,P001284,F03,Northstar Advantage,2025-05-13,2025-06-10,49912.10,17983.26,paid,0,,
CL0000191,E0000221,P000437,F11,Medicare,2025-05-03,2025-05-15,503.89,187.95,paid,0,,
CL0000192,E0000222,P000738,F07,Northstar Advantage,2025-05-04,2025-06-04,154.64,55.92,paid,0,,
CL0000193,E0000223,P000868,F06,Cascade Mutual,2025-05-02,2025-05-24,410.98,209.77,paid,0,,
CL0000194,E0000224,P001140,F07,Northstar Advantage,2025-05-04,2025-05-25,162.44,61.95,paid,0,,
CL0000195,E0000225,P000240,F07,Northstar Advantage,2025-05-02,2025-05-26,819.75,305.58,paid,0,,
CL0000196,E0000226,P001241,F11,Northstar Advantage,2025-05-05,2025-05-23,233.68,0.00,denied,1,Eligibility or coverage lapse,upheld
CL0000197,E0000227,P000698,F04,Evergreen Health Plan,2025-05-04,2025-05-14,460.22,258.02,paid,0,,
CL0000198,E0000228,P001222,F10,Medicare,2025-05-02,2025-05-25,245.48,86.19,paid,0,,
CL0000199,E0000229,P000536,F07,Northstar Advantage,2025-05-05,2025-05-30,348.01,135.79,paid,0,,
CL0000200,E0000230,P001182,F07,Evergreen Health Plan,2025-05-02,2025-05-25,88.07,49.00,paid,0,,
CL0000201,E0000232,P000481,F02,Medicare,2025-05-20,2025-06-23,42979.22,14610.12,paid,0,,
CL0000202,E0000233,P000282,F07,Medicare,2025-05-04,2025-05-28,719.44,243.59,paid,0,,
CL0000203,E0000234,P001273,F01,Medicare,2025-05-14,2025-05-30,21760.67,8024.50,paid,0,,
CL0000204,E0000235,P001395,F08,Medicaid,2025-05-06,2025-05-31,222.37,68.30,paid,0,,
CL0000205,E0000236,P000763,F11,Northstar Advantage,2025-05-06,2025-06-06,508.64,201.31,paid,0,,
CL0000206,E0000237,P000438,F10,Cascade Mutual,2025-05-04,2025-05-16,260.40,142.25,paid,0,,
CL0000207,E0000238,P000452,F05,Evergreen Health Plan,2025-05-06,2025-06-09,281.94,150.34,paid,0,,
CL0000208,E0000240,P000208,F01,Medicare,2025-05-11,2025-06-08,20059.13,6950.59,paid,0,,
CL0000209,E0000241,P001013,F01,Medicare,2025-05-09,2025-05-26,14943.44,5170.31,paid,0,,
CL0000210,E0000242,P000083,F01,Evergreen Health Plan,2025-05-14,2025-06-14,18909.58,10083.71,paid,0,,
CL0000211,E0000244,P000091,F03,Evergreen Health Plan,2025-05-08,2025-05-26,1774.58,939.77,paid,0,,
CL0000212,E0000245,P000830,F02,Northstar Advantage,2025-05-11,2025-06-11,26122.08,10086.02,paid,0,,
CL0000213,E0000246,P000766,F01,Evergreen Health Plan,2025-05-07,2025-05-19,1749.46,990.62,paid,0,,
CL0000214,E0000247,P000981,F03,Medicare,2025-05-14,2025-06-06,25053.32,8763.41,paid,0,,
CL0000215,E0000248,P001129,F01,Medicare,2025-05-13,2025-05-24,34991.91,11757.37,paid,0,,
CL0000216,E0000249,P000973,F09,Cascade Mutual,2025-05-08,2025-06-05,214.93,114.96,paid,0,,
CL0000217,E0000250,P001243,F08,Medicaid,2025-05-09,2025-05-22,172.12,50.90,paid,0,,
CL0000218,E0000251,P001245,F05,Cascade Mutual,2025-05-06,2025-05-17,281.76,0.00,denied,1,Prior authorization missing,overturned
CL0000219,E0000252,P001084,F05,Medicare,2025-05-06,2025-06-10,405.21,137.27,paid,0,,
CL0000220,E0000253,P000751,F04,Cascade Mutual,2025-05-09,2025-06-01,444.03,237.48,paid,0,,
CL0000221,E0000254,P001048,F11,Medicare,2025-05-06,2025-06-08,643.28,231.50,paid,0,,
CL0000222,E0000255,P000425,F06,Medicaid,2025-05-08,2025-06-08,264.89,77.09,paid,0,,
CL0000223,E0000256,P001155,F06,Evergreen Health Plan,2025-05-07,2025-05-22,427.25,0.00,denied,1,Coding error,overturned
CL0000224,E0000257,P001337,F07,Medicaid,2025-05-09,2025-06-04,352.63,110.37,paid,0,,
CL0000225,E0000258,P000194,F09,Evergreen Health Plan,2025-05-06,2025-06-01,680.48,377.01,paid,0,,
CL0000226,E0000259,P000276,F12,Medicaid,2025-05-08,2025-06-04,216.18,65.24,paid,0,,
CL0000227,E0000260,P001105,F03,Northstar Advantage,2025-05-15,2025-06-01,46914.24,16905.84,paid,0,,
CL0000228,E0000261,P000720,F01,Self-pay,2025-05-08,2025-05-20,2779.10,388.81,paid,0,,
CL0000229,E0000262,P001356,F04,Medicaid,2025-05-08,2025-05-28,324.03,100.78,paid,0,,
CL0000230,E0000263,P001013,F11,Medicare,2025-05-10,2025-06-01,1376.21,491.48,paid,0,,
CL0000231,E0000264,P001173,F09,Evergreen Health Plan,2025-05-07,2025-05-22,444.75,247.75,paid,0,,
CL0000232,E0000265,P000263,F05,Northstar Advantage,2025-05-08,2025-05-22,208.25,79.92,paid,0,,
CL0000233,E0000266,P000652,F04,Medicaid,2025-05-08,2025-05-28,200.33,59.80,paid,0,,
CL0000234,E0000267,P000105,F09,Medicare,2025-05-08,2025-06-03,137.67,46.16,paid,0,,
CL0000235,E0000268,P000855,F13,Medicare,2025-05-08,2025-06-08,136.63,49.61,paid,0,,
CL0000236,E0000269,P001042,F09,Cascade Mutual,2025-05-09,2025-06-10,270.81,143.61,paid,0,,
CL0000237,E0000270,P001313,F11,Medicaid,2025-05-08,2025-06-12,434.81,130.98,paid,0,,
CL0000238,E0000271,P000164,F01,Medicare,2025-05-08,2025-06-11,2805.10,938.05,paid,0,,
CL0000239,E0000272,P000516,F03,Cascade Mutual,2025-05-13,2025-05-31,17697.64,9238.05,paid,0,,
CL0000240,E0000273,P001170,F05,Medicare,2025-05-11,2025-05-31,442.67,149.54,paid,0,,
CL0000241,E0000274,P000684,F02,Northstar Advantage,2025-05-11,2025-06-02,149.61,57.93,paid,0,,
CL0000242,E0000275,P000694,F05,Medicaid,2025-05-10,2025-05-23,816.97,248.86,paid,0,,
CL0000243,E0000276,P000966,F02,Medicaid,2025-05-09,2025-06-11,1660.93,502.38,paid,0,,
CL0000244,E0000277,P000103,F11,Medicare,2025-05-10,2025-06-04,527.61,180.04,paid,0,,
CL0000245,E0000278,P000863,F01,Cascade Mutual,2025-05-08,2025-05-31,442.62,239.86,paid,0,,
CL0000246,E0000279,P001342,F07,Northstar Advantage,2025-05-10,2025-06-13,282.21,108.98,paid,0,,
CL0000247,E0000280,P000586,F03,Evergreen Health Plan,2025-05-10,2025-05-25,2000.57,1053.00,paid,0,,
CL0000248,E0000281,P000959,F02,Northstar Advantage,2025-05-13,2025-06-07,17709.59,6507.28,paid,0,,
CL0000249,E0000283,P000782,F02,Medicare,2025-05-18,2025-06-22,23317.63,8371.52,paid,0,,
CL0000250,E0000284,P001029,F05,Northstar Advantage,2025-05-10,2025-05-25,175.44,64.61,paid,0,,
CL0000251,E0000285,P001329,F05,Cascade Mutual,2025-05-09,2025-05-25,311.08,154.78,paid,0,,
CL0000252,E0000286,P001300,F11,Medicare,2025-05-12,2025-06-09,122.04,45.52,paid,0,,
CL0000253,E0000287,P001208,F08,Self-pay,2025-05-09,2025-05-24,607.22,87.61,paid,0,,
CL0000254,E0000288,P000297,F08,Northstar Advantage,2025-05-12,2025-05-24,653.10,237.22,paid,0,,
CL0000255,E0000289,P000677,F07,Medicaid,2025-05-09,2025-06-04,904.31,287.74,paid,0,,
CL0000256,E0000290,P001269,F01,Northstar Advantage,2025-05-11,2025-06-08,463.78,176.61,paid,0,,
CL0000257,E0000291,P001054,F02,Medicare,2025-05-18,2025-06-11,27741.82,9208.52,paid,0,,
CL0000258,E0000292,P000268,F12,Medicare,2025-05-12,2025-05-29,376.99,131.18,paid,0,,
CL0000259,E0000293,P000489,F11,Medicare,2025-05-09,2025-06-07,377.97,134.99,paid,0,,
CL0000260,E0000294,P000347,F07,Medicare,2025-05-11,2025-06-04,258.94,96.04,paid,0,,
CL0000261,E0000295,P001374,F06,Northstar Advantage,2025-05-10,2025-05-29,291.12,112.40,paid,0,,
CL0000262,E0000296,P000309,F02,Cascade Mutual,2025-05-13,2025-06-12,94.39,47.78,paid,0,,
CL0000263,E0000297,P000505,F04,Northstar Advantage,2025-05-10,2025-05-28,285.29,113.82,paid,0,,
CL0000264,E0000298,P001167,F15,Cascade Mutual,2025-05-10,2025-06-14,186.84,97.43,paid,0,,
CL0000265,E0000299,P000687,F04,Cascade Mutual,2025-05-12,2025-06-10,479.19,238.11,paid,0,,
CL0000266,E0000300,P000083,F10,Evergreen Health Plan,2025-05-12,2025-06-13,828.38,468.17,paid,0,,
CL0000267,E0000301,P000324,F04,Cascade Mutual,2025-05-13,2025-05-31,210.70,111.01,paid,0,,
CL0000268,E0000302,P001040,F06,Cascade Mutual,2025-05-12,2025-06-08,113.04,61.82,paid,0,,
CL0000269,E0000303,P000113,F12,Medicare,2025-05-10,2025-06-12,142.19,50.52,paid,0,,
CL0000270,E0000304,P000195,F04,Northstar Advantage,2025-05-13,2025-05-31,425.91,159.11,paid,0,,
CL0000271,E0000305,P001078,F07,Medicare,2025-05-12,2025-05-27,1086.91,403.60,paid,0,,
CL0000272,E0000306,P001014,F02,Northstar Advantage,2025-05-13,2025-05-27,3902.78,1446.96,paid,0,,
CL0000273,E0000307,P000223,F03,Medicare,2025-05-12,2025-06-12,1487.80,546.44,paid,0,,
CL0000274,E0000309,P001311,F02,Medicaid,2025-05-20,2025-06-01,30050.39,9429.82,paid,0,,
CL0000275,E0000311,P000961,F01,Medicare,2025-05-14,2025-06-18,1807.84,657.54,paid,0,,
CL0000276,E0000312,P001038,F03,Medicare,2025-05-22,2025-06-23,25154.67,8559.85,paid,0,,
CL0000277,E0000313,P000565,F04,Medicare,2025-05-15,2025-05-29,224.73,74.51,paid,0,,
CL0000278,E0000314,P000687,F03,Cascade Mutual,2025-05-14,2025-05-25,291.17,149.19,paid,0,,
CL0000279,E0000315,P000162,F01,Medicare,2025-05-16,2025-06-12,211.36,70.87,paid,0,,
CL0000280,E0000316,P001129,F04,Medicare,2025-05-16,2025-06-10,488.35,163.63,paid,0,,
CL0000281,E0000317,P000750,F08,Northstar Advantage,2025-05-15,2025-05-28,435.12,167.75,paid,0,,
CL0000282,E0000318,P000307,F07,Northstar Advantage,2025-05-15,2025-06-05,193.89,71.17,paid,0,,
CL0000283,E0000319,P000741,F11,Medicare,2025-05-15,2025-06-19,441.02,152.66,paid,0,,
CL0000284,E0000320,P000671,F01,Northstar Advantage,2025-05-23,2025-06-19,32563.29,12841.95,paid,0,,
CL0000285,E0000321,P000462,F04,Self-pay,2025-05-17,2025-06-14,154.76,21.94,paid,0,,
CL0000286,E0000322,P001284,F04,Northstar Advantage,2025-05-17,2025-06-10,400.52,147.20,paid,0,,
CL0000287,E0000323,P000060,F15,Cascade Mutual,2025-05-15,2025-06-18,209.64,0.00,denied,1,Duplicate claim,upheld
CL0000288,E0000324,P001209,F07,Medicaid,2025-05-14,2025-06-07,513.92,162.75,paid,0,,
CL0000289,E0000325,P000235,F05,Medicare,2025-05-15,2025-06-18,326.09,121.68,paid,0,,
CL0000290,E0000326,P001323,F05,Cascade Mutual,2025-05-17,2025-06-15,196.25,103.95,paid,0,,
CL0000291,E0000328,P001129,F01,Medicare,2025-05-20,2025-06-08,29861.10,11119.15,paid,0,,
CL0000292,E0000329,P000109,F10,Medicare,2025-05-17,2025-06-04,212.84,71.22,paid,0,,
CL0000293,E0000330,P000644,F07,Northstar Advantage,2025-05-18,2025-06-19,131.75,52.78,paid,0,,
CL0000294,E0000331,P000704,F04,Self-pay,2025-05-18,2025-06-06,239.46,33.39,paid,0,,
CL0000295,E0000332,P000313,F15,Medicare,2025-05-15,2025-05-29,225.77,83.10,paid,0,,
CL0000296,E0000333,P000957,F03,Northstar Advantage,2025-05-23,2025-06-04,20601.32,7760.61,paid,0,,
CL0000297,E0000334,P000624,F03,Medicare,2025-05-21,2025-06-17,21301.58,7701.23,paid,0,,
CL0000298,E0000335,P000235,F02,Medicare,2025-05-25,2025-06-28,30556.86,11020.96,paid,0,,
CL0000299,E0000336,P000960,F09,Medicare,2025-05-15,2025-06-03,275.36,100.66,paid,0,,
CL0000300,E0000337,P001053,F01,Cascade Mutual,2025-05-15,2025-06-17,1187.89,609.33,paid,0,,
CL0000301,E0000339,P000190,F01,Northstar Advantage,2025-05-20,2025-06-02,15367.06,5808.45,paid,0,,
CL0000302,E0000340,P000905,F01,Medicare,2025-05-17,2025-06-15,2037.57,699.37,paid,0,,
CL0000303,E0000341,P000839,F01,Medicare,2025-05-16,2025-05-26,604.76,208.24,paid,0,,
CL0000304,E0000342,P000616,F04,Medicare,2025-05-18,2025-06-01,291.20,106.58,paid,0,,
CL0000305,E0000343,P000687,F04,Cascade Mutual,2025-05-19,2025-06-09,180.69,95.89,paid,0,,
CL0000306,E0000344,P000419,F03,Northstar Advantage,2025-05-28,2025-07-02,33469.52,13474.49,paid,0,,
CL0000307,E0000345,P000921,F02,Cascade Mutual,2025-05-18,2025-06-13,1693.65,943.30,paid,0,,
CL0000308,E0000346,P001010,F14,Cascade Mutual,2025-05-19,2025-05-31,133.73,74.34,paid,0,,
CL0000309,E0000347,P000700,F09,Evergreen Health Plan,2025-05-18,2025-06-07,589.95,304.73,paid,0,,
CL0000310,E0000348,P000167,F15,Cascade Mutual,2025-05-16,2025-06-11,369.68,198.95,paid,0,,
CL0000311,E0000349,P000687,F04,Cascade Mutual,2025-05-16,2025-06-16,356.86,188.14,paid,0,,
CL0000312,E0000350,P000890,F01,Medicare,2025-05-17,2025-06-11,2195.58,748.19,paid,0,,
CL0000313,E0000351,P000891,F05,Northstar Advantage,2025-05-17,2025-06-15,420.35,169.37,paid,0,,
CL0000314,E0000352,P000344,F09,Evergreen Health Plan,2025-05-18,2025-05-30,185.25,97.41,paid,0,,
CL0000315,E0000353,P000782,F10,Medicare,2025-05-19,2025-06-14,396.10,132.44,paid,0,,
CL0000316,E0000354,P000657,F09,Medicare,2025-05-18,2025-05-29,439.03,161.97,paid,0,,
CL0000317,E0000356,P001105,F03,Northstar Advantage,2025-05-25,2025-06-26,18743.34,0.00,denied,1,Medical necessity,upheld
CL0000318,E0000357,P001284,F02,Northstar Advantage,2025-05-23,2025-06-15,2355.11,899.45,paid,0,,
CL0000319,E0000358,P000378,F15,Medicaid,2025-05-20,2025-05-31,321.77,100.79,paid,0,,
CL0000320,E0000359,P001243,F08,Medicaid,2025-05-22,2025-06-08,718.04,208.40,paid,0,,
CL0000321,E0000360,P000392,F07,Medicaid,2025-05-23,2025-06-22,244.29,76.80,paid,0,,
CL0000322,E0000361,P001143,F03,Northstar Advantage,2025-05-24,2025-06-21,15058.44,5591.33,paid,0,,
CL0000323,E0000362,P000658,F08,Medicare,2025-05-22,2025-06-16,319.83,109.84,paid,0,,
CL0000324,E0000363,P001297,F07,Medicaid,2025-05-20,2025-06-09,424.46,125.50,paid,0,,
CL0000325,E0000364,P000710,F05,Evergreen Health Plan,2025-05-22,2025-06-09,297.31,155.43,paid,0,,
CL0000326,E0000365,P001129,F01,Medicare,2025-05-30,2025-06-27,19417.95,6559.12,paid,0,,
CL0000327,E0000366,P000679,F09,Medicaid,2025-05-23,2025-06-20,241.76,77.09,paid,0,,
CL0000328,E0000367,P000970,F10,Medicare,2025-05-24,2025-06-13,197.78,67.24,paid,0,,
CL0000329,E0000368,P000118,F05,Northstar Advantage,2025-05-23,2025-06-22,96.58,37.20,paid,0,,
CL0000330,E0000369,P000187,F07,Medicare,2025-05-22,2025-06-01,216.18,76.62,paid,0,,
CL0000331,E0000370,P000573,F01,Cascade Mutual,2025-05-21,2025-06-13,295.19,152.00,paid,0,,
CL0000332,E0000371,P000633,F04,Evergreen Health Plan,2025-05-21,2025-06-03,144.28,76.23,paid,0,,
CL0000333,E0000373,P000658,F08,Medicare,2025-05-23,2025-06-09,240.48,87.04,paid,0,,
CL0000334,E0000374,P001210,F02,Medicare,2025-05-23,2025-06-24,2492.86,910.58,paid,0,,
CL0000335,E0000375,P000263,F03,Northstar Advantage,2025-05-29,2025-06-16,29581.30,11722.39,paid,0,,
CL0000336,E0000376,P000623,F08,Medicare,2025-05-25,2025-06-26,178.39,59.65,paid,0,,
CL0000337,E0000377,P001185,F01,Self-pay,2025-05-24,2025-06-23,2724.09,357.78,paid,0,,
CL0000338,E0000378,P000148,F15,Medicare,2025-05-23,2025-06-04,420.68,154.28,paid,0,,
CL0000339,E0000379,P000379,F02,Medicare,2025-05-22,2025-06-07,477.51,162.62,paid,0,,
CL0000340,E0000380,P000088,F10,Medicare,2025-05-24,2025-06-17,307.75,113.99,paid,0,,
CL0000341,E0000381,P001049,F06,Northstar Advantage,2025-05-25,2025-06-15,401.75,159.42,paid,0,,
CL0000342,E0000382,P000129,F07,Medicare,2025-05-25,2025-06-10,94.04,31.17,paid,0,,
CL0000343,E0000383,P000313,F15,Medicare,2025-05-23,2025-06-04,322.88,107.76,paid,0,,
CL0000344,E0000384,P001011,F01,Medicare,2025-05-31,2025-06-26,46605.65,16799.68,paid,0,,
CL0000345,E0000385,P000455,F09,Evergreen Health Plan,2025-05-24,2025-06-16,239.31,129.78,paid,0,,
CL0000346,E0000386,P001060,F06,Medicare,2025-05-24,2025-06-27,528.16,195.72,paid,0,,
CL0000347,E0000387,P001038,F03,Medicare,2025-06-01,2025-06-12,32750.04,11687.95,paid,0,,
CL0000348,E0000388,P000616,F03,Medicare,2025-05-24,2025-06-03,1615.85,580.10,paid,0,,
CL0000349,E0000389,P001254,F10,Evergreen Health Plan,2025-05-26,2025-06-07,197.43,112.26,paid,0,,
CL0000350,E0000390,P000499,F06,Evergreen Health Plan,2025-05-24,2025-06-23,427.72,0.00,denied,1,Eligibility or coverage lapse,none
CL0000351,E0000391,P000269,F08,Self-pay,2025-05-26,2025-06-30,148.17,21.12,paid,0,,
CL0000352,E0000393,P000235,F05,Medicare,2025-05-24,2025-06-07,196.07,68.21,paid,0,,
CL0000353,E0000394,P000538,F02,Northstar Advantage,2025-06-02,2025-06-22,22021.73,7906.42,paid,0,,
CL0000354,E0000396,P001227,F03,Medicaid,2025-06-07,2025-06-30,22545.24,6781.65,paid,0,,
CL0000355,E0000397,P000817,F01,Medicare,2025-06-04,2025-06-26,48282.19,16719.64,paid,0,,
CL0000356,E0000398,P000575,F03,Medicare,2025-05-29,2025-06-21,1198.73,416.88,paid,0,,
CL0000357,E0000399,P000501,F02,Medicare,2025-05-26,2025-06-12,1882.91,694.84,paid,0,,
CL0000358,E0000400,P000299,F01,Evergreen Health Plan,2025-05-29,2025-06-18,1364.02,0.00,denied,1,Medical necessity,none
CL0000359,E0000401,P000886,F09,Northstar Advantage,2025-05-27,2025-06-09,252.45,96.13,paid,0,,
CL0000360,E0000402,P001086,F01,Medicaid,2025-05-31,2025-06-23,12006.12,3864.67,paid,0,,
CL0000361,E0000403,P000342,F10,Northstar Advantage,2025-05-30,2025-06-09,371.60,147.10,paid,0,,
CL0000362,E0000404,P001177,F09,Medicaid,2025-05-29,2025-07-03,199.94,61.69,paid,0,,
CL0000363,E0000405,P000020,F06,Self-pay,2025-05-27,2025-06-20,195.35,26.65,paid,0,,
CL0000364,E0000406,P000083,F11,Evergreen Health Plan,2025-05-30,2025-06-25,476.87,260.34,paid,0,,
CL0000365,E0000407,P001038,F06,Medicare,2025-05-28,2025-06-18,1336.63,479.94,paid,0,,
CL0000366,E0000408,P000670,F03,Medicare,2025-05-28,2025-06-22,345.49,118.68,paid,0,,
CL0000367,E0000409,P000516,F04,Cascade Mutual,2025-05-30,2025-06-14,865.13,474.78,paid,0,,
CL0000368,E0000410,P000923,F02,Cascade Mutual,2025-05-29,2025-06-24,303.57,160.72,paid,0,,
CL0000369,E0000412,P000443,F03,Northstar Advantage,2025-06-03,2025-06-23,11089.62,0.00,denied,1,Medical necessity,overturned
CL0000370,E0000413,P001051,F04,Evergreen Health Plan,2025-06-01,2025-06-21,195.05,108.92,paid,0,,
CL0000371,E0000414,P001054,F05,Medicare,2025-05-29,2025-06-26,398.92,139.31,paid,0,,
CL0000372,E0000415,P000694,F08,Medicaid,2025-05-31,2025-06-29,375.85,109.66,paid,0,,
CL0000373,E0000416,P000197,F05,Cascade Mutual,2025-05-29,2025-06-25,174.17,90.08,paid,0,,
CL0000374,E0000417,P001371,F01,Northstar Advantage,2025-05-31,2025-06-30,4018.87,1490.38,paid,0,,
CL0000375,E0000418,P000093,F10,Medicare,2025-05-31,2025-06-23,173.59,60.72,paid,0,,
CL0000376,E0000419,P000538,F11,Northstar Advantage,2025-05-30,2025-07-03,683.19,264.54,paid,0,,
CL0000377,E0000420,P000095,F08,Cascade Mutual,2025-06-02,2025-06-19,112.25,59.06,paid,0,,
CL0000378,E0000421,P000164,F08,Medicare,2025-05-30,2025-07-01,176.26,62.46,paid,0,,
CL0000379,E0000422,P000773,F09,Medicare,2025-05-31,2025-06-30,274.21,0.00,denied,1,Eligibility or coverage lapse,none
CL0000380,E0000423,P000920,F01,Medicare,2025-06-08,2025-06-27,19238.11,6663.54,paid,0,,
CL0000381,E0000424,P000959,F07,Northstar Advantage,2025-06-01,2025-07-04,218.81,85.95,paid,0,,
CL0000382,E0000425,P000857,F05,Medicare,2025-06-01,2025-07-06,282.89,101.65,paid,0,,
CL0000383,E0000427,P000297,F08,Northstar Advantage,2025-05-30,2025-06-20,255.70,93.65,paid,0,,
CL0000384,E0000428,P000812,F03,Northstar Advantage,2025-06-10,2025-06-20,27818.01,10488.43,paid,0,,
CL0000385,E0000430,P000006,F01,Northstar Advantage,2025-06-06,2025-06-30,23729.06,9295.77,paid,0,,
CL0000386,E0000431,P001038,F06,Medicare,2025-06-03,2025-07-04,775.70,273.77,paid,0,,
CL0000387,E0000432,P000289,F13,Cascade Mutual,2025-06-01,2025-06-29,50.59,25.75,paid,0,,
CL0000388,E0000433,P000915,F04,Medicaid,2025-05-31,2025-06-30,85.31,27.46,paid,0,,
CL0000389,E0000434,P000263,F05,Northstar Advantage,2025-05-31,2025-07-03,689.34,250.80,paid,0,,
CL0000390,E0000435,P000903,F01,Medicare,2025-06-05,2025-07-08,11376.30,4143.91,paid,0,,
CL0000391,E0000436,P000819,F01,Evergreen Health Plan,2025-06-01,2025-06-23,1927.44,0.00,denied,1,Medical necessity,overturned
CL0000392,E0000437,P000286,F03,Medicare,2025-05-31,2025-06-20,343.41,119.92,paid,0,,
CL0000393,E0000438,P000181,F07,Medicare,2025-06-02,2025-06-20,275.35,91.55,paid,0,,
CL0000394,E0000439,P001298,F08,Northstar Advantage,2025-06-03,2025-07-04,178.66,71.58,paid,0,,
CL0000395,E0000440,P000821,F01,Cascade Mutual,2025-06-03,2025-06-18,1858.03,1030.58,paid,0,,
CL0000396,E0000441,P000135,F03,Medicaid,2025-06-06,2025-07-07,23502.06,6935.72,paid,0,,
CL0000397,E0000442,P000065,F01,Northstar Advantage,2025-06-03,2025-06-14,1124.93,0.00,denied,1,Eligibility or coverage lapse,none
CL0000398,E0000443,P000419,F11,Northstar Advantage,2025-06-06,2025-07-10,522.11,193.54,paid,0,,
CL0000399,E0000444,P000593,F15,Medicare,2025-06-04,2025-06-25,216.41,72.30,paid,0,,
CL0000400,E0000445,P001212,F03,Medicare,2025-06-04,2025-07-03,422.00,144.87,paid,0,,
CL0000401,E0000446,P001363,F15,Evergreen Health Plan,2025-06-05,2025-06-28,310.99,165.66,paid,0,,
CL0000402,E0000447,P000126,F06,Medicaid,2025-06-05,2025-07-03,260.64,84.00,paid,0,,
CL0000403,E0000448,P000997,F08,Evergreen Health Plan,2025-06-03,2025-07-08,221.53,127.02,paid,0,,
CL0000404,E0000449,P000208,F06,Medicare,2025-06-04,2025-07-04,287.81,97.42,paid,0,,
CL0000405,E0000450,P001105,F09,Northstar Advantage,2025-06-06,2025-07-09,336.13,136.05,paid,0,,
CL0000406,E0000451,P000973,F09,Cascade Mutual,2025-06-07,2025-06-23,221.90,116.90,paid,0,,
CL0000407,E0000452,P000700,F15,Evergreen Health Plan,2025-06-07,2025-06-26,374.26,216.70,paid,0,,
CL0000408,E0000453,P000666,F14,Cascade Mutual,2025-06-06,2025-06-22,242.89,124.44,paid,0,,
CL0000409,E0000454,P001054,F05,Medicare,2025-06-04,2025-06-24,209.60,72.11,paid,0,,
CL0000410,E0000456,P000443,F06,Northstar Advantage,2025-06-08,2025-06-23,185.20,70.66,paid,0,,
CL0000411,E0000457,P000655,F10,Medicaid,2025-06-07,2025-07-08,334.61,103.04,paid,0,,
CL0000412,E0000458,P000347,F02,Medicare,2025-06-15,2025-07-13,44654.67,16425.16,paid,0,,
CL0000413,E0000459,P000605,F06,Medicaid,2025-06-08,2025-07-03,151.46,45.06,paid,0,,
CL0000414,E0000460,P000276,F10,Medicaid,2025-06-05,2025-06-15,577.06,0.00,denied,1,Timely filing,none
CL0000415,E0000461,P000568,F10,Medicare,2025-06-07,2025-06-17,187.03,69.88,paid,0,,
CL0000416,E0000462,P000695,F01,Medicare,2025-06-08,2025-07-11,2745.65,963.19,paid,0,,
CL0000417,E0000464,P000344,F06,Evergreen Health Plan,2025-06-09,2025-06-25,463.74,241.94,paid,0,,
CL0000418,E0000465,P001011,F01,Medicare,2025-06-15,2025-07-20,19787.75,7217.85,paid,0,,
CL0000419,E0000466,P000127,F06,Cascade Mutual,2025-06-06,2025-07-09,186.43,100.97,paid,0,,
CL0000420,E0000467,P001239,F10,Northstar Advantage,2025-06-09,2025-06-19,127.51,49.98,paid,0,,
CL0000421,E0000468,P000817,F06,Medicare,2025-06-06,2025-06-29,320.64,119.66,paid,0,,
CL0000422,E0000470,P000920,F10,Medicare,2025-06-08,2025-07-08,548.27,193.56,paid,0,,
CL0000423,E0000471,P001284,F04,Northstar Advantage,2025-06-08,2025-06-21,344.55,136.38,paid,0,,
CL0000424,E0000472,P000473,F15,Medicaid,2025-06-09,2025-07-08,258.55,75.03,paid,0,,
CL0000425,E0000473,P000640,F04,Northstar Advantage,2025-06-07,2025-07-11,237.00,89.75,paid,0,,
CL0000426,E0000474,P000225,F09,Northstar Advantage,2025-06-06,2025-06-20,203.65,75.58,paid,0,,
CL0000427,E0000475,P000245,F02,Evergreen Health Plan,2025-06-17,2025-07-09,30610.35,0.00,denied,1,Timely filing,none
CL0000428,E0000476,P000008,F03,Cascade Mutual,2025-06-11,2025-06-25,20500.74,11196.87,paid,0,,
CL0000429,E0000478,P001386,F08,Self-pay,2025-06-07,2025-07-06,131.71,18.00,paid,0,,
CL0000430,E0000479,P001383,F03,Medicare,2025-06-20,2025-07-21,37116.45,12846.93,paid,0,,
CL0000431,E0000480,P000135,F08,Medicaid,2025-06-08,2025-07-02,392.47,121.26,paid,0,,
CL0000432,E0000481,P000768,F12,Medicare,2025-06-09,2025-06-19,418.35,141.13,paid,0,,
CL0000433,E0000483,P000759,F10,Medicare,2025-06-08,2025-06-29,308.37,102.18,paid,0,,
CL0000434,E0000484,P000083,F11,Evergreen Health Plan,2025-06-09,2025-06-20,137.17,76.49,paid,0,,
CL0000435,E0000485,P001268,F10,Medicare,2025-06-09,2025-06-26,120.38,42.03,paid,0,,
CL0000436,E0000486,P000183,F01,Self-pay,2025-06-10,2025-06-21,2580.96,333.57,paid,0,,
CL0000437,E0000487,P000687,F03,Cascade Mutual,2025-06-16,2025-07-12,25589.45,14365.83,paid,0,,
CL0000438,E0000488,P000630,F02,Medicare,2025-06-20,2025-07-20,25788.99,9135.94,paid,0,,
CL0000439,E0000490,P001245,F03,Cascade Mutual,2025-06-19,2025-07-23,18344.63,9140.07,paid,0,,
CL0000440,E0000491,P000718,F03,Northstar Advantage,2025-06-16,2025-06-28,17045.52,6597.70,paid,0,,
CL0000441,E0000492,P001269,F01,Northstar Advantage,2025-06-18,2025-07-02,28437.66,10936.33,paid,0,,
CL0000442,E0000493,P000952,F09,Medicaid,2025-06-11,2025-07-12,372.10,109.99,paid,0,,
CL0000443,E0000494,P000839,F07,Medicare,2025-06-13,2025-07-04,148.38,50.13,paid,0,,
CL0000444,E0000495,P000313,F03,Medicare,2025-06-20,2025-07-07,25258.03,9255.91,paid,0,,
CL0000445,E0000497,P000494,F07,Evergreen Health Plan,2025-06-11,2025-07-09,118.06,66.06,paid,0,,
CL0000446,E0000498,P000364,F07,Evergreen Health Plan,2025-06-13,2025-07-11,300.21,171.06,paid,0,,
CL0000447,E0000499,P001386,F04,Self-pay,2025-06-14,2025-07-08,212.01,28.68,paid,0,,
CL0000448,E0000500,P001164,F12,Medicaid,2025-06-13,2025-06-24,316.07,99.62,paid,0,,
CL0000449,E0000501,P000966,F05,Medicaid,2025-06-12,2025-06-22,187.19,56.29,paid,0,,
CL0000450,E0000502,P000801,F01,Medicare,2025-06-25,2025-07-07,29361.87,10576.71,paid,0,,
CL0000451,E0000503,P001303,F04,Evergreen Health Plan,2025-06-12,2025-07-08,471.13,267.21,paid,0,,
CL0000452,E0000504,P000155,F09,Cascade Mutual,2025-06-13,2025-07-09,186.08,0.00,denied,1,Prior authorization missing,upheld
CL0000453,E0000505,P001179,F04,Medicare,2025-06-14,2025-07-17,222.21,82.72,paid,0,,
CL0000454,E0000507,P001146,F04,Northstar Advantage,2025-06-12,2025-07-15,279.92,0.00,denied,1,Prior authorization missing,overturned
CL0000455,E0000508,P000720,F01,Self-pay,2025-06-13,2025-07-13,354.88,46.44,paid,0,,
CL0000456,E0000510,P000040,F02,Cascade Mutual,2025-06-21,2025-07-06,27981.11,0.00,denied,1,Medical necessity,overturned
CL0000457,E0000511,P000137,F02,Medicare,2025-06-22,2025-07-12,20271.77,7458.43,paid,0,,
CL0000458,E0000512,P000354,F01,Northstar Advantage,2025-06-15,2025-07-10,147.24,58.26,paid,0,,
CL0000459,E0000513,P001228,F01,Medicare,2025-06-14,2025-06-28,254.80,91.55,paid,0,,
CL0000460,E0000514,P000150,F03,Cascade Mutual,2025-06-15,2025-06-27,353.97,185.77,paid,0,,
CL0000461,E0000515,P000443,F06,Northstar Advantage,2025-06-13,2025-07-02,396.94,143.36,paid,0,,
CL0000462,E0000516,P000157,F04,Medicare,2025-06-13,2025-07-17,377.52,131.77,paid,0,,
CL0000463,E0000518,P000929,F02,Medicare,2025-06-30,2025-07-27,36750.21,13111.38,paid,0,,
CL0000464,E0000519,P000378,F03,Medicaid,2025-06-13,2025-06-30,1985.87,583.82,paid,0,,
CL0000465,E0000520,P001264,F02,Evergreen Health Plan,2025-06-14,2025-07-07,143.74,81.99,paid,0,,
CL0000466,E0000521,P001148,F05,Evergreen Health Plan,2025-06-13,2025-06-28,326.53,180.59,paid,0,,
CL0000467,E0000522,P001395,F01,Medicaid,2025-06-13,2025-06-24,959.22,276.21,paid,0,,
CL0000468,E0000523,P001093,F02,Medicare,2025-06-16,2025-07-08,1466.05,542.32,paid,0,,
CL0000469,E0000524,P001178,F02,Northstar Advantage,2025-06-24,2025-07-10,26366.78,9476.52,paid,0,,
CL0000470,E0000525,P000383,F08,Cascade Mutual,2025-06-15,2025-06-28,838.98,449.12,paid,0,,
CL0000471,E0000526,P000502,F01,Evergreen Health Plan,2025-06-16,2025-06-30,2127.77,1195.00,paid,0,,
CL0000472,E0000527,P000782,F10,Medicare,2025-06-16,2025-07-02,302.26,109.62,paid,0,,
CL0000473,E0000528,P001009,F06,Self-pay,2025-06-13,2025-07-11,518.75,71.25,paid,0,,
CL0000474,E0000529,P000318,F05,Cascade Mutual,2025-06-16,2025-06-27,206.81,113.88,paid,0,,
CL0000475,E0000531,P000656,F09,Medicare,2025-06-17,2025-07-20,532.18,183.29,paid,0,,
CL0000476,E0000532,P000385,F02,Evergreen Health Plan,2025-06-24,2025-07-08,22399.58,12459.68,paid,0,,
CL0000477,E0000533,P000198,F14,Medicare,2025-06-14,2025-07-05,371.01,125.35,paid,0,,
CL0000478,E0000534,P000718,F06,Northstar Advantage,2025-06-16,2025-07-17,174.03,65.99,paid,0,,
CL0000479,E0000536,P000347,F10,Medicare,2025-06-14,2025-07-10,207.46,71.27,paid,0,,
CL0000480,E0000537,P000180,F10,Medicare,2025-06-16,2025-07-04,324.03,107.95,paid,0,,
CL0000481,E0000538,P001048,F02,Medicare,2025-06-18,2025-07-04,17689.80,6455.21,paid,0,,
CL0000482,E0000539,P000357,F06,Medicare,2025-06-16,2025-07-11,259.08,96.78,paid,0,,
CL0000483,E0000540,P000559,F10,Cascade Mutual,2025-06-16,2025-07-07,206.75,0.00,denied,1,Incomplete documentation,none
CL0000484,E0000541,P001221,F02,Medicare,2025-06-21,2025-07-16,14812.09,5383.58,paid,0,,
CL0000485,E0000542,P000325,F02,Cascade Mutual,2025-06-20,2025-07-10,25029.52,12694.65,paid,0,,
CL0000486,E0000543,P000686,F01,Evergreen Health Plan,2025-06-18,2025-07-13,1134.49,611.26,paid,0,,
CL0000487,E0000544,P001339,F02,Medicare,2025-06-25,2025-07-10,39280.05,14434.59,paid,0,,
CL0000488,E0000545,P000685,F15,Medicare,2025-06-18,2025-07-12,132.03,45.75,paid,0,,
CL0000489,E0000546,P001362,F10,Cascade Mutual,2025-06-17,2025-07-04,424.93,0.00,denied,1,Prior authorization missing,overturned
CL0000490,E0000547,P001378,F04,Northstar Advantage,2025-06-17,2025-06-30,259.85,96.24,paid,0,,
CL0000491,E0000548,P001379,F05,Medicaid,2025-06-20,2025-07-16,238.79,69.87,paid,0,,
CL0000492,E0000549,P001086,F07,Medicaid,2025-06-18,2025-07-22,689.01,212.54,paid,0,,
CL0000493,E0000550,P000218,F11,Northstar Advantage,2025-06-17,2025-07-03,192.27,72.57,paid,0,,
CL0000494,E0000551,P000971,F03,Self-pay,2025-06-17,2025-07-15,1995.04,269.18,paid,0,,
CL0000495,E0000552,P000047,F04,Cascade Mutual,2025-06-18,2025-07-14,143.13,79.05,paid,0,,
CL0000496,E0000553,P000807,F04,Medicare,2025-06-20,2025-07-22,314.93,113.03,paid,0,,
CL0000497,E0000554,P001383,F08,Medicare,2025-06-20,2025-07-21,804.82,276.28,paid,0,,
CL0000498,E0000555,P000461,F08,Medicaid,2025-06-21,2025-07-21,323.42,98.39,paid,0,,
CL0000499,E0000556,P000530,F06,Medicare,2025-06-20,2025-07-20,636.55,228.39,paid,0,,
CL0000500,E0000557,P001035,F13,Northstar Advantage,2025-06-18,2025-07-18,52.53,18.90,paid,0,,
CL0000501,E0000559,P000481,F02,Medicare,2025-06-25,2025-07-09,35155.17,0.00,denied,1,Medical necessity,overturned
CL0000502,E0000560,P001234,F05,Medicaid,2025-06-22,2025-07-17,369.20,108.34,paid,0,,
CL0000503,E0000561,P000679,F09,Medicaid,2025-06-19,2025-07-21,317.73,93.45,paid,0,,
CL0000504,E0000562,P000325,F05,Cascade Mutual,2025-06-19,2025-07-11,380.25,190.94,paid,0,,
CL0000505,E0000563,P001071,F05,Medicare,2025-06-20,2025-07-04,189.26,0.00,denied,1,Timely filing,none
CL0000506,E0000564,P000846,F01,Northstar Advantage,2025-06-20,2025-07-16,1580.60,602.65,paid,0,,
CL0000507,E0000565,P000036,F04,Medicaid,2025-06-22,2025-07-13,287.77,82.60,paid,0,,
CL0000508,E0000566,P001243,F08,Medicaid,2025-06-20,2025-07-17,239.22,70.00,paid,0,,
CL0000509,E0000567,P000428,F03,Cascade Mutual,2025-06-23,2025-07-10,11230.16,0.00,denied,1,Incomplete documentation,upheld
CL0000510,E0000568,P000398,F05,Medicare,2025-06-21,2025-07-18,172.82,61.31,paid,0,,
CL0000511,E0000569,P000218,F03,Northstar Advantage,2025-06-19,2025-07-11,2504.51,943.66,paid,0,,
CL0000512,E0000570,P000315,F03,Cascade Mutual,2025-06-20,2025-07-16,3477.91,1919.57,paid,0,,
CL0000513,E0000571,P000217,F05,Northstar Advantage,2025-06-20,2025-07-07,260.01,96.62,paid,0,,
CL0000514,E0000572,P001086,F07,Medicaid,2025-06-21,2025-07-26,355.60,102.67,paid,0,,
CL0000515,E0000573,P001221,F09,Medicare,2025-06-22,2025-07-03,1470.24,548.06,paid,0,,
CL0000516,E0000574,P000051,F11,Medicare,2025-06-22,2025-07-06,360.57,126.21,paid,0,,
CL0000517,E0000575,P001133,F07,Northstar Advantage,2025-06-21,2025-07-02,282.83,103.96,paid,0,,
CL0000518,E0000578,P000915,F04,Medicaid,2025-06-21,2025-07-16,374.85,0.00,denied,1,Duplicate claim,none
CL0000519,E0000579,P001060,F03,Medicare,2025-06-28,2025-08-01,15385.57,5180.64,paid,0,,
CL0000520,E0000581,P000632,F02,Medicare,2025-06-30,2025-08-01,24285.45,8844.39,paid,0,,
CL0000521,E0000582,P001244,F03,Evergreen Health Plan,2025-06-22,2025-07-26,1804.61,0.00,denied,1,Eligibility or coverage lapse,overturned
CL0000522,E0000583,P000703,F01,Evergreen Health Plan,2025-06-23,2025-07-15,2717.29,1418.96,paid,0,,
CL0000523,E0000584,P001302,F01,Northstar Advantage,2025-07-01,2025-07-27,24190.34,9595.40,paid,0,,
CL0000524,E0000586,P000392,F07,Medicaid,2025-06-21,2025-07-26,314.81,90.37,paid,0,,
CL0000525,E0000587,P000225,F09,Northstar Advantage,2025-06-23,2025-07-11,468.03,182.76,paid,0,,
CL0000526,E0000588,P000385,F11,Evergreen Health Plan,2025-06-21,2025-07-08,280.82,146.46,paid,0,,
CL0000527,E0000589,P001069,F10,Medicare,2025-06-24,2025-07-29,444.35,162.22,paid,0,,
CL0000528,E0000590,P001228,F01,Medicare,2025-06-21,2025-07-02,202.39,75.39,paid,0,,
CL0000529,E0000591,P000137,F04,Medicare,2025-06-23,2025-07-13,559.48,191.16,paid,0,,
CL0000530,E0000592,P001120,F03,Northstar Advantage,2025-06-27,2025-07-21,11711.80,4232.35,paid,0,,
CL0000531,E0000593,P001267,F03,Northstar Advantage,2025-06-21,2025-07-04,298.86,112.53,paid,0,,
CL0000532,E0000594,P000832,F10,Evergreen Health Plan,2025-06-23,2025-07-24,171.70,97.34,paid,0,,
CL0000533,E0000595,P000721,F01,Medicaid,2025-06-23,2025-07-21,1876.60,551.03,paid,0,,
CL0000534,E0000596,P000480,F02,Medicare,2025-06-30,2025-08-04,45775.37,16718.78,paid,0,,
CL0000535,E0000598,P001243,F01,Medicaid,2025-06-27,2025-07-30,9490.61,2798.03,paid,0,,
CL0000536,E0000599,P001109,F03,Evergreen Health Plan,2025-06-24,2025-07-19,2697.92,1399.98,paid,0,,
CL0000537,E0000600,P000612,F02,Cascade Mutual,2025-07-02,2025-07-24,47502.29,23833.02,paid,0,,
CL0000538,E0000601,P001099,F01,Medicare,2025-06-27,2025-07-29,194.38,68.98,paid,0,,
CL0000539,E0000602,P000527,F02,Northstar Advantage,2025-06-27,2025-07-13,603.73,240.07,paid,0,,
CL0000540,E0000603,P000782,F10,Medicare,2025-06-26,2025-07-17,389.55,134.51,paid,0,,
CL0000541,E0000604,P001169,F09,Northstar Advantage,2025-06-24,2025-07-22,196.49,77.97,paid,0,,
CL0000542,E0000605,P000641,F15,Cascade Mutual,2025-06-26,2025-07-11,395.15,220.22,paid,0,,
CL0000543,E0000606,P000135,F08,Medicaid,2025-06-26,2025-07-16,210.84,60.51,paid,0,,
CL0000544,E0000607,P000213,F09,Medicare,2025-06-24,2025-07-23,199.95,71.45,paid,0,,
CL0000545,E0000608,P000410,F05,Medicare,2025-06-26,2025-07-08,426.95,155.51,paid,0,,
CL0000546,E0000609,P000296,F07,Northstar Advantage,2025-06-24,2025-07-26,246.39,92.00,paid,0,,
CL0000547,E0000610,P001004,F10,Northstar Advantage,2025-06-24,2025-07-11,236.51,92.51,paid,0,,
CL0000548,E0000611,P000979,F01,Self-pay,2025-07-03,2025-07-16,23267.20,3241.07,paid,0,,
CL0000549,E0000612,P000883,F01,Northstar Advantage,2025-06-28,2025-07-29,344.27,137.13,paid,0,,
CL0000550,E0000613,P000644,F03,Northstar Advantage,2025-06-25,2025-07-20,1342.92,538.50,paid,0,,
CL0000551,E0000615,P000941,F11,Northstar Advantage,2025-06-27,2025-07-08,284.95,104.64,paid,0,,
CL0000552,E0000616,P000371,F01,Medicare,2025-06-28,2025-07-18,1897.60,0.00,denied,1,Eligibility or coverage lapse,none
CL0000553,E0000617,P001082,F12,Northstar Advantage,2025-06-26,2025-07-13,192.83,0.00,denied,1,Prior authorization missing,none
CL0000554,E0000618,P001157,F05,Medicare,2025-06-27,2025-07-29,170.61,58.29,paid,0,,
CL0000555,E0000619,P000059,F01,Medicare,2025-07-06,2025-07-24,21494.09,7476.50,paid,0,,
CL0000556,E0000620,P000946,F02,Medicare,2025-07-05,2025-07-24,22535.94,8208.23,paid,0,,
CL0000557,E0000621,P000738,F07,Northstar Advantage,2025-06-28,2025-07-16,222.36,82.61,paid,0,,
CL0000558,E0000622,P001102,F06,Cascade Mutual,2025-06-26,2025-07-30,248.75,128.14,paid,0,,
CL0000559,E0000623,P000111,F09,Cascade Mutual,2025-06-29,2025-07-31,134.02,67.88,paid,0,,
CL0000560,E0000624,P000186,F06,Medicare,2025-06-29,2025-07-24,374.21,139.22,paid,0,,
CL0000561,E0000625,P000245,F15,Evergreen Health Plan,2025-06-29,2025-07-14,594.36,0.00,denied,1,Eligibility or coverage lapse,overturned
CL0000562,E0000626,P000626,F08,Self-pay,2025-06-27,2025-07-08,287.03,39.24,paid,0,,
CL0000563,E0000627,P000632,F11,Medicare,2025-06-28,2025-07-10,650.54,240.70,paid,0,,
CL0000564,E0000628,P000630,F02,Medicare,2025-07-04,2025-07-20,19567.65,6841.58,paid,0,,
CL0000565,E0000629,P000929,F15,Medicare,2025-06-27,2025-07-13,241.12,0.00,denied,1,Prior authorization missing,upheld
CL0000566,E0000630,P000269,F04,Self-pay,2025-06-29,2025-07-20,130.87,17.33,paid,0,,
CL0000567,E0000631,P000775,F05,Cascade Mutual,2025-06-28,2025-07-21,461.01,240.69,paid,0,,
CL0000568,E0000632,P000508,F06,Northstar Advantage,2025-06-28,2025-07-12,154.90,60.00,paid,0,,
CL0000569,E0000633,P000957,F10,Northstar Advantage,2025-06-28,2025-07-21,230.83,84.98,paid,0,,
CL0000570,E0000635,P001234,F01,Medicaid,2025-07-05,2025-07-20,15261.30,4862.09,paid,0,,
CL0000571,E0000636,P001212,F09,Medicare,2025-06-28,2025-07-17,255.67,91.61,paid,0,,
CL0000572,E0000637,P000036,F04,Medicaid,2025-06-30,2025-07-31,393.76,113.08,paid,0,,
CL0000573,E0000638,P000754,F06,Evergreen Health Plan,2025-07-01,2025-08-03,577.02,297.40,paid,0,,
CL0000574,E0000639,P001159,F01,Medicare,2025-06-30,2025-07-14,185.36,61.67,paid,0,,
CL0000575,E0000641,P000123,F09,Medicare,2025-06-30,2025-07-12,328.16,121.85,paid,0,,
CL0000576,E0000642,P000137,F02,Medicare,2025-07-07,2025-07-22,40331.32,13744.70,paid,0,,
CL0000577,E0000644,P000314,F01,Medicare,2025-07-14,2025-08-07,57811.70,20458.33,paid,0,,
CL0000578,E0000645,P000686,F01,Evergreen Health Plan,2025-06-29,2025-07-28,3337.68,1882.20,paid,0,,
CL0000579,E0000646,P001186,F01,Cascade Mutual,2025-07-07,2025-08-07,24629.13,12810.89,paid,0,,
CL0000580,E0000647,P001327,F01,Cascade Mutual,2025-07-01,2025-07-15,2016.11,1104.09,paid,0,,
CL0000581,E0000648,P000507,F02,Northstar Advantage,2025-07-03,2025-07-19,1370.05,518.41,paid,0,,
CL0000582,E0000650,P000834,F02,Medicare,2025-07-12,2025-07-29,30360.57,11135.32,paid,0,,
CL0000583,E0000651,P001211,F07,Medicare,2025-07-04,2025-07-28,242.90,84.07,paid,0,,
CL0000584,E0000652,P000766,F01,Evergreen Health Plan,2025-07-02,2025-07-25,1945.04,1125.84,paid,0,,
CL0000585,E0000653,P000658,F02,Medicare,2025-07-08,2025-08-04,55224.21,19220.52,paid,0,,
CL0000586,E0000654,P000630,F06,Medicare,2025-07-05,2025-07-17,360.11,130.93,paid,0,,
CL0000587,E0000655,P000088,F08,Medicare,2025-07-02,2025-07-24,86.79,29.43,paid,0,,
CL0000588,E0000656,P000136,F11,Northstar Advantage,2025-07-04,2025-07-16,257.72,93.91,paid,0,,
CL0000589,E0000657,P000433,F05,Cascade Mutual,2025-07-04,2025-07-22,554.83,299.10,paid,0,,
CL0000590,E0000658,P000541,F08,Evergreen Health Plan,2025-07-02,2025-07-27,191.66,100.00,paid,0,,
CL0000591,E0000660,P001176,F01,Evergreen Health Plan,2025-07-11,2025-08-05,16373.70,9171.85,paid,0,,
CL0000592,E0000661,P000184,F01,Medicaid,2025-07-06,2025-07-25,1518.97,0.00,denied,1,Coding error,overturned
CL0000593,E0000662,P000846,F10,Northstar Advantage,2025-07-05,2025-08-01,296.98,111.57,paid,0,,
CL0000594,E0000663,P000059,F07,Medicare,2025-07-06,2025-08-06,797.61,276.42,paid,0,,
CL0000595,E0000664,P001384,F03,Medicare,2025-07-11,2025-08-01,28854.48,10441.19,paid,0,,
CL0000596,E0000665,P000946,F06,Medicare,2025-07-03,2025-07-21,596.68,200.15,paid,0,,
CL0000597,E0000666,P000731,F05,Medicare,2025-07-04,2025-07-14,291.04,98.96,paid,0,,
CL0000598,E0000667,P000040,F06,Cascade Mutual,2025-07-06,2025-07-31,554.83,282.04,paid,0,,
CL0000599,E0000668,P000881,F09,Medicare,2025-07-03,2025-07-29,310.11,113.67,paid,0,,
CL0000600,E0000669,P000699,F07,Self-pay,2025-07-05,2025-07-22,426.71,59.17,paid,0,,
CL0000601,E0000670,P000721,F01,Medicaid,2025-07-04,2025-07-23,1487.38,464.84,paid,0,,
CL0000602,E0000671,P001048,F11,Medicare,2025-07-04,2025-07-17,245.09,85.25,paid,0,,
CL0000603,E0000672,P001020,F11,Medicaid,2025-07-07,2025-07-17,368.58,114.48,paid,0,,
CL0000604,E0000673,P001234,F05,Medicaid,2025-07-07,2025-07-18,91.92,27.50,paid,0,,
CL0000605,E0000674,P000113,F14,Medicare,2025-07-04,2025-07-25,122.36,43.97,paid,0,,
CL0000606,E0000675,P000363,F10,Medicare,2025-07-06,2025-08-07,185.66,64.30,paid,0,,
CL0000607,E0000676,P001129,F04,Medicare,2025-07-04,2025-07-26,418.83,146.92,paid,0,,
CL0000608,E0000677,P000230,F15,Northstar Advantage,2025-07-05,2025-08-01,569.35,230.62,paid,0,,
CL0000609,E0000678,P000072,F06,Medicaid,2025-07-04,2025-07-24,330.95,101.89,paid,0,,
CL0000610,E0000679,P000779,F04,Evergreen Health Plan,2025-07-07,2025-08-07,175.81,99.45,paid,0,,
CL0000611,E0000681,P001109,F01,Evergreen Health Plan,2025-07-12,2025-07-29,26527.03,13890.27,paid,0,,
CL0000612,E0000682,P001234,F05,Medicaid,2025-07-05,2025-07-18,338.92,100.35,paid,0,,
CL0000613,E0000683,P001165,F10,Medicare,2025-07-06,2025-08-10,283.97,0.00,denied,1,Incomplete documentation,upheld
CL0000614,E0000684,P001002,F04,Medicare,2025-07-05,2025-07-27,175.03,63.17,paid,0,,
CL0000615,E0000685,P001243,F08,Medicaid,2025-07-06,2025-07-26,479.86,143.61,paid,0,,
CL0000616,E0000686,P000714,F02,Medicare,2025-07-14,2025-08-13,20773.36,7194.94,paid,0,,
CL0000617,E0000687,P001186,F08,Cascade Mutual,2025-07-08,2025-08-11,348.75,193.26,paid,0,,
CL0000618,E0000688,P001318,F03,Medicaid,2025-07-09,2025-08-08,2623.32,0.00,denied,1,Coding error,upheld
CL0000619,E0000690,P001157,F01,Medicare,2025-07-14,2025-07-27,30409.31,10249.23,paid,0,,
CL0000620,E0000691,P000297,F01,Northstar Advantage,2025-07-16,2025-08-04,32774.45,12130.03,paid,0,,
CL0000621,E0000692,P001050,F01,Evergreen Health Plan,2025-07-08,2025-07-21,1930.54,1061.37,paid,0,,
CL0000622,E0000693,P001107,F01,Medicare,2025-07-10,2025-08-12,417.72,153.51,paid,0,,
CL0000623,E0000694,P000688,F11,Northstar Advantage,2025-07-08,2025-07-26,308.28,112.05,paid,0,,
CL0000624,E0000695,P001137,F04,Medicare,2025-07-11,2025-08-14,118.81,39.48,paid,0,,
CL0000625,E0000696,P000753,F05,Medicaid,2025-07-10,2025-08-12,300.73,90.71,paid,0,,
CL0000626,E0000697,P001278,F09,Cascade Mutual,2025-07-09,2025-07-28,94.98,47.62,paid,0,,
CL0000627,E0000698,P001240,F04,Northstar Advantage,2025-07-11,2025-07-24,213.87,82.28,paid,0,,
CL0000628,E0000699,P000891,F05,Northstar Advantage,2025-07-09,2025-07-23,1346.58,0.00,denied,1,Prior authorization missing,upheld
CL0000629,E0000700,P000159,F03,Cascade Mutual,2025-07-16,2025-08-16,12628.20,6996.40,paid,0,,
CL0000630,E0000701,P000643,F01,Medicare,2025-07-20,2025-08-04,24642.24,8215.72,paid,0,,
CL0000631,E0000702,P000264,F01,Medicare,2025-07-18,2025-08-13,26937.31,9900.81,paid,0,,
CL0000632,E0000703,P000325,F02,Cascade Mutual,2025-07-12,2025-07-25,3753.88,1953.66,paid,0,,
CL0000633,E0000704,P000112,F15,Medicare,2025-07-13,2025-07-27,195.64,72.29,paid,0,,
CL0000634,E0000705,P001178,F08,Northstar Advantage,2025-07-12,2025-08-14,556.65,223.33,paid,0,,
CL0000635,E0000707,P000023,F06,Medicaid,2025-07-12,2025-07-30,264.98,83.43,paid,0,,
CL0000636,E0000708,P000575,F09,Medicare,2025-07-11,2025-07-28,318.88,116.39,paid,0,,
CL0000637,E0000709,P000834,F10,Medicare,2025-07-13,2025-08-09,737.31,263.89,paid,0,,
CL0000638,E0000710,P000165,F04,Evergreen Health Plan,2025-07-12,2025-08-11,274.85,159.79,paid,0,,
CL0000639,E0000711,P000563,F11,Medicare,2025-07-11,2025-08-14,376.01,136.21,paid,0,,
CL0000640,E0000712,P000434,F02,Medicare,2025-07-17,2025-07-31,30625.51,11281.44,paid,0,,
CL0000641,E0000713,P000448,F01,Northstar Advantage,2025-07-14,2025-08-08,250.86,95.87,paid,0,,
CL0000642,E0000714,P001021,F01,Medicare,2025-07-22,2025-08-24,25175.59,0.00,denied,1,Medical necessity,none
CL0000643,E0000715,P000550,F07,Evergreen Health Plan,2025-07-13,2025-08-17,132.02,73.72,paid,0,,
CL0000644,E0000716,P001383,F08,Medicare,2025-07-12,2025-08-03,260.33,88.58,paid,0,,
CL0000645,E0000717,P001272,F01,Northstar Advantage,2025-07-13,2025-08-11,223.27,81.69,paid,0,,
CL0000646,E0000718,P000022,F01,Medicare,2025-07-12,2025-08-01,2792.43,946.01,paid,0,,
CL0000647,E0000719,P000820,F03,Cascade Mutual,2025-07-14,2025-08-06,2088.64,1148.32,paid,0,,
CL0000648,E0000720,P000411,F10,Cascade Mutual,2025-07-14,2025-08-10,741.16,0.00,denied,1,Prior authorization missing,none
CL0000649,E0000721,P000744,F04,Medicare,2025-07-15,2025-08-06,366.77,131.25,paid,0,,
CL0000650,E0000722,P000883,F09,Northstar Advantage,2025-07-15,2025-08-03,408.36,0.00,denied,1,Eligibility or coverage lapse,none
CL0000651,E0000723,P000784,F04,Evergreen Health Plan,2025-07-13,2025-07-28,257.07,140.16,paid,0,,
CL0000652,E0000724,P000364,F03,Evergreen Health Plan,2025-07-12,2025-07-27,298.59,168.97,paid,0,,
CL0000653,E0000725,P000483,F06,Medicare,2025-07-13,2025-07-26,206.57,69.44,paid,0,,
CL0000654,E0000726,P000027,F03,Medicaid,2025-07-16,2025-08-09,11648.55,3337.03,paid,0,,
CL0000655,E0000727,P001115,F03,Medicare,2025-07-20,2025-08-23,36569.86,12393.17,paid,0,,
CL0000656,E0000728,P000190,F01,Northstar Advantage,2025-07-14,2025-07-31,2144.09,792.04,paid,0,,
CL0000657,E0000729,P000148,F03,Medicare,2025-07-24,2025-08-06,29207.40,10081.43,paid,0,,
CL0000658,E0000730,P000840,F01,Northstar Advantage,2025-07-15,2025-07-27,1323.64,496.23,paid,0,,
CL0000659,E0000731,P000568,F01,Medicare,2025-07-16,2025-08-04,1452.47,502.69,paid,0,,
CL0000660,E0000732,P000836,F02,Medicare,2025-07-17,2025-08-18,1065.52,356.64,paid,0,,
CL0000661,E0000733,P000144,F02,Northstar Advantage,2025-07-23,2025-08-20,12225.85,4633.45,paid,0,,
CL0000662,E0000734,P001357,F02,Cascade Mutual,2025-07-18,2025-08-06,14191.00,7235.88,paid,0,,
CL0000663,E0000735,P001295,F08,Medicare,2025-07-16,2025-08-11,164.50,59.94,paid,0,,
CL0000664,E0000736,P000703,F09,Evergreen Health Plan,2025-07-17,2025-08-09,60.91,35.31,paid,0,,
CL0000665,E0000737,P000039,F05,Evergreen Health Plan,2025-07-15,2025-08-16,176.36,100.36,paid,0,,
CL0000666,E0000738,P001116,F05,Evergreen Health Plan,2025-07-15,2025-08-10,143.96,76.44,paid,0,,
CL0000667,E0000739,P001317,F04,Cascade Mutual,2025-07-15,2025-08-16,105.26,57.72,paid,0,,
CL0000668,E0000740,P000564,F05,Northstar Advantage,2025-07-17,2025-08-21,354.63,139.93,paid,0,,
CL0000669,E0000741,P001272,F01,Northstar Advantage,2025-07-23,2025-08-26,46433.41,18190.55,paid,0,,
CL0000670,E0000742,P001176,F09,Evergreen Health Plan,2025-07-18,2025-08-09,231.02,119.03,paid,0,,
CL0000671,E0000743,P000314,F08,Medicare,2025-07-17,2025-08-16,147.87,54.98,paid,0,,
CL0000672,E0000744,P000112,F03,Medicare,2025-07-26,2025-08-21,16852.27,5649.96,paid,0,,
CL0000673,E0000745,P000240,F02,Northstar Advantage,2025-07-16,2025-08-06,893.44,324.38,paid,0,,
CL0000674,E0000746,P000167,F15,Cascade Mutual,2025-07-16,2025-07-31,314.57,163.12,paid,0,,
CL0000675,E0000747,P000671,F07,Northstar Advantage,2025-07-17,2025-08-04,544.78,198.18,paid,0,,
CL0000676,E0000748,P000462,F12,Self-pay,2025-07-16,2025-08-03,127.36,17.46,paid,0,,
CL0000677,E0000749,P000643,F01,Medicare,2025-07-17,2025-08-17,2414.61,805.08,paid,0,,
CL0000678,E0000750,P001238,F03,Cascade Mutual,2025-07-18,2025-07-31,175.19,97.38,paid,0,,
CL0000679,E0000751,P000480,F10,Medicare,2025-07-19,2025-07-30,266.67,93.84,paid,0,,
CL0000680,E0000752,P000702,F05,Northstar Advantage,2025-07-16,2025-08-11,259.89,105.33,paid,0,,
CL0000681,E0000753,P001007,F07,Medicare,2025-07-16,2025-08-11,286.67,98.11,paid,0,,
CL0000682,E0000754,P000598,F06,Medicare,2025-07-17,2025-08-19,385.74,139.59,paid,0,,
CL0000683,E0000755,P000543,F14,Evergreen Health Plan,2025-07-16,2025-08-02,165.74,93.62,paid,0,,
CL0000684,E0000756,P001003,F04,Self-pay,2025-07-19,2025-08-20,549.24,71.18,paid,0,,
CL0000685,E0000757,P000998,F07,Northstar Advantage,2025-07-18,2025-08-21,85.90,31.81,paid,0,,
CL0000686,E0000758,P001254,F05,Evergreen Health Plan,2025-07-18,2025-08-22,283.15,157.67,paid,0,,
CL0000687,E0000759,P001326,F11,Medicare,2025-07-19,2025-08-03,769.50,284.02,paid,0,,
CL0000688,E0000760,P001081,F06,Medicaid,2025-07-18,2025-07-30,345.19,106.72,paid,0,,
CL0000689,E0000761,P000844,F07,Medicare,2025-07-17,2025-08-10,155.49,55.83,paid,0,,
CL0000690,E0000762,P001112,F09,Evergreen Health Plan,2025-07-18,2025-08-20,262.49,137.76,paid,0,,
CL0000691,E0000763,P000630,F02,Medicare,2025-07-27,2025-08-20,14971.03,0.00,denied,1,Incomplete documentation,none
CL0000692,E0000764,P000386,F12,Evergreen Health Plan,2025-07-21,2025-08-07,539.89,283.41,paid,0,,
CL0000693,E0000765,P001044,F07,Cascade Mutual,2025-07-20,2025-08-17,300.39,163.19,paid,0,,
CL0000694,E0000768,P000176,F05,Medicare,2025-07-20,2025-08-06,192.47,70.32,paid,0,,
CL0000695,E0000769,P001349,F02,Northstar Advantage,2025-07-30,2025-08-18,47683.20,17809.60,paid,0,,
CL0000696,E0000770,P000435,F09,Cascade Mutual,2025-07-21,2025-08-16,291.21,150.24,paid,0,,
CL0000697,E0000771,P000020,F06,Self-pay,2025-07-18,2025-08-10,147.79,19.14,paid,0,,
CL0000698,E0000772,P000298,F15,Cascade Mutual,2025-07-20,2025-08-22,535.28,266.36,paid,0,,
CL0000699,E0000773,P000347,F08,Medicare,2025-07-19,2025-08-09,181.50,63.98,paid,0,,
CL0000700,E0000774,P000714,F02,Medicare,2025-07-28,2025-08-18,34648.43,12583.92,paid,0,,
CL0000701,E0000775,P000105,F01,Medicare,2025-07-20,2025-08-04,1720.43,624.33,paid,0,,
CL0000702,E0000776,P000478,F07,Northstar Advantage,2025-07-20,2025-08-11,279.50,108.02,paid,0,,
CL0000703,E0000777,P000561,F15,Evergreen Health Plan,2025-07-19,2025-08-08,629.28,351.03,paid,0,,
CL0000704,E0000778,P000130,F08,Medicare,2025-07-20,2025-08-23,285.89,100.31,paid,0,,
CL0000705,E0000779,P000480,F10,Medicare,2025-07-19,2025-08-15,169.66,57.84,paid,0,,
CL0000706,E0000780,P000591,F08,Evergreen Health Plan,2025-07-21,2025-08-19,93.08,52.21,paid,0,,
CL0000707,E0000781,P000654,F02,Medicare,2025-07-29,2025-08-12,18909.76,6594.59,paid,0,,
CL0000708,E0000783,P000765,F03,Northstar Advantage,2025-08-03,2025-08-14,55052.98,20381.55,paid,0,,
CL0000709,E0000786,P000345,F01,Northstar Advantage,2025-07-29,2025-08-13,21993.48,8331.05,paid,0,,
CL0000710,E0000787,P001273,F02,Medicare,2025-07-31,2025-08-26,24468.89,8705.06,paid,0,,
CL0000711,E0000788,P000481,F02,Medicare,2025-08-03,2025-08-24,43817.94,14761.28,paid,0,,
CL0000712,E0000790,P001021,F01,Medicare,2025-08-02,2025-08-20,24404.81,8812.75,paid,0,,
CL0000713,E0000791,P001200,F01,Medicaid,2025-07-23,2025-08-23,1052.56,311.68,paid,0,,
CL0000714,E0000793,P000234,F05,Medicare,2025-07-24,2025-08-15,217.51,78.63,paid,0,,
CL0000715,E0000794,P001300,F07,Medicare,2025-07-24,2025-08-10,190.17,65.62,paid,0,,
CL0000716,E0000795,P000855,F03,Medicare,2025-07-28,2025-08-29,19371.44,6543.81,paid,0,,
CL0000717,E0000796,P000171,F07,Medicare,2025-07-25,2025-08-21,383.51,133.89,paid,0,,
CL0000718,E0000797,P000655,F10,Medicaid,2025-07-23,2025-08-25,322.21,98.02,paid,0,,
CL0000719,E0000798,P001146,F04,Northstar Advantage,2025-07-24,2025-08-07,282.63,104.37,paid,0,,
CL0000720,E0000799,P000332,F06,Medicare,2025-07-22,2025-08-11,286.56,99.65,paid,0,,
CL0000721,E0000800,P000444,F05,Medicare,2025-07-25,2025-08-18,611.61,210.74,paid,0,,
CL0000722,E0000801,P000977,F01,Medicare,2025-08-01,2025-08-27,34428.41,12580.03,paid,0,,
CL0000723,E0000802,P001397,F09,Medicaid,2025-07-24,2025-08-03,255.05,0.00,denied,1,Prior authorization missing,upheld
CL0000724,E0000803,P000899,F08,Northstar Advantage,2025-07-26,2025-08-14,219.42,82.86,paid,0,,
CL0000725,E0000804,P001154,F01,Northstar Advantage,2025-07-23,2025-08-27,266.91,104.70,paid,0,,
CL0000726,E0000805,P000043,F01,Medicare,2025-08-05,2025-09-04,47682.48,16666.05,paid,0,,
CL0000727,E0000806,P001354,F11,Self-pay,2025-07-23,2025-08-07,477.92,68.63,paid,0,,
CL0000728,E0000807,P000522,F08,Medicaid,2025-07-24,2025-08-07,269.79,86.89,paid,0,,
CL0000729,E0000808,P001337,F03,Medicaid,2025-07-30,2025-08-24,14045.11,4011.34,paid,0,,
CL0000730,E0000809,P000223,F03,Medicare,2025-07-31,2025-08-21,10439.84,3733.01,paid,0,,
CL0000731,E0000810,P001012,F04,Northstar Advantage,2025-07-24,2025-08-05,518.22,208.31,paid,0,,
CL0000732,E0000811,P000518,F01,Cascade Mutual,2025-07-26,2025-08-15,402.55,208.08,paid,0,,
CL0000733,E0000812,P001070,F09,Medicaid,2025-07-24,2025-08-09,625.98,183.10,paid,0,,
CL0000734,E0000813,P001088,F08,Medicare,2025-07-25,2025-08-07,129.30,46.41,paid,0,,
CL0000735,E0000814,P000328,F09,Medicare,2025-07-24,2025-08-24,426.44,143.69,paid,0,,
CL0000736,E0000815,P001397,F10,Medicaid,2025-07-25,2025-08-09,185.76,54.87,paid,0,,
CL0000737,E0000816,P000840,F08,Northstar Advantage,2025-07-27,2025-08-18,260.74,99.44,paid,0,,
CL0000738,E0000817,P000892,F05,Medicare,2025-07-26,2025-08-09,163.84,59.86,paid,0,,
CL0000739,E0000818,P000390,F09,Medicaid,2025-07-26,2025-08-19,210.97,64.06,paid,0,,
CL0000740,E0000819,P001118,F01,Medicaid,2025-07-26,2025-08-29,1484.26,472.77,paid,0,,
CL0000741,E0000820,P000541,F02,Evergreen Health Plan,2025-07-27,2025-08-31,2418.09,1313.02,paid,0,,
CL0000742,E0000822,P000531,F04,Evergreen Health Plan,2025-07-27,2025-08-07,405.27,221.30,paid,0,,
CL0000743,E0000823,P000598,F02,Medicare,2025-08-01,2025-08-30,15380.41,5476.26,paid,0,,
CL0000744,E0000824,P000077,F03,Northstar Advantage,2025-07-29,2025-08-22,894.37,362.59,paid,0,,
CL0000745,E0000825,P000963,F05,Evergreen Health Plan,2025-07-29,2025-09-01,343.38,185.91,paid,0,,
CL0000746,E0000826,P000360,F01,Northstar Advantage,2025-07-27,2025-08-16,2272.46,857.55,paid,0,,
CL0000747,E0000827,P000654,F09,Medicare,2025-07-27,2025-08-11,741.88,264.18,paid,0,,
CL0000748,E0000828,P000226,F02,Northstar Advantage,2025-07-27,2025-08-22,534.26,210.79,paid,0,,
CL0000749,E0000829,P000778,F12,Medicare,2025-07-27,2025-08-18,289.47,102.78,paid,0,,
CL0000750,E0000830,P000651,F05,Medicare,2025-07-29,2025-08-30,249.81,91.05,paid,0,,
CL0000751,E0000831,P000297,F01,Northstar Advantage,2025-07-29,2025-08-28,3197.42,1257.78,paid,0,,
CL0000752,E0000832,P000360,F15,Northstar Advantage,2025-07-28,2025-08-12,388.53,0.00,denied,1,Eligibility or coverage lapse,none
CL0000753,E0000833,P000658,F02,Medicare,2025-07-28,2025-08-07,2785.56,1009.72,paid,0,,
CL0000754,E0000835,P001011,F01,Medicare,2025-08-07,2025-09-05,22731.90,7719.38,paid,0,,
CL0000755,E0000836,P000940,F01,Cascade Mutual,2025-07-27,2025-08-15,1577.26,875.54,paid,0,,
CL0000756,E0000837,P000038,F02,Cascade Mutual,2025-07-28,2025-08-26,1898.25,983.76,paid,0,,
CL0000757,E0000838,P001282,F01,Cascade Mutual,2025-07-30,2025-08-19,1955.05,1067.00,paid,0,,
CL0000758,E0000840,P001253,F01,Medicare,2025-08-02,2025-08-14,10527.81,3645.71,paid,0,,
CL0000759,E0000841,P000717,F01,Medicare,2025-08-05,2025-09-08,41424.04,14410.57,paid,0,,
CL0000760,E0000843,P001182,F03,Evergreen Health Plan,2025-07-31,2025-08-29,9918.23,5253.04,paid,0,,
CL0000761,E0000845,P000071,F03,Evergreen Health Plan,2025-08-03,2025-08-14,19389.90,10391.16,paid,0,,
CL0000762,E0000846,P000957,F03,Northstar Advantage,2025-08-06,2025-09-03,33651.77,12348.44,paid,0,,
CL0000763,E0000848,P000345,F04,Northstar Advantage,2025-07-31,2025-08-11,507.92,193.41,paid,0,,
CL0000764,E0000849,P000714,F02,Medicare,2025-07-31,2025-08-28,1829.66,654.93,paid,0,,
CL0000765,E0000850,P001047,F04,Cascade Mutual,2025-07-31,2025-08-19,579.51,317.29,paid,0,,
CL0000766,E0000851,P000963,F01,Evergreen Health Plan,2025-08-04,2025-08-26,13677.48,7896.01,paid,0,,
CL0000767,E0000852,P000453,F04,Medicaid,2025-07-30,2025-08-12,274.13,85.48,paid,0,,
CL0000768,E0000853,P000714,F07,Medicare,2025-07-29,2025-08-21,400.82,140.49,paid,0,,
CL0000769,E0000854,P000297,F08,Northstar Advantage,2025-07-30,2025-08-23,596.38,239.65,paid,0,,
CL0000770,E0000855,P000765,F15,Northstar Advantage,2025-08-01,2025-08-14,318.87,121.49,paid,0,,
CL0000771,E0000856,P000223,F06,Medicare,2025-07-29,2025-08-30,364.81,127.96,paid,0,,
CL0000772,E0000857,P000239,F10,Northstar Advantage,2025-07-31,2025-08-21,377.76,147.55,paid,0,,
CL0000773,E0000858,P000423,F06,Cascade Mutual,2025-08-01,2025-08-25,155.08,81.84,paid,0,,
CL0000774,E0000859,P000837,F03,Evergreen Health Plan,2025-08-07,2025-08-26,21130.79,12260.25,paid,0,,
CL0000775,E0000861,P000342,F02,Northstar Advantage,2025-08-01,2025-08-20,13265.35,4989.69,paid,0,,
CL0000776,E0000862,P000616,F03,Medicare,2025-08-08,2025-08-29,24347.71,8700.40,paid,0,,
CL0000777,E0000863,P000027,F05,Medicaid,2025-07-30,2025-08-29,499.05,150.69,paid,0,,
CL0000778,E0000864,P000212,F01,Medicare,2025-08-04,2025-09-03,13586.41,4680.79,paid,0,,
CL0000779,E0000866,P000483,F11,Medicare,2025-07-31,2025-08-18,151.48,51.39,paid,0,,
CL0000780,E0000867,P000630,F02,Medicare,2025-08-09,2025-08-28,43646.08,14893.45,paid,0,,
CL0000781,E0000868,P000855,F10,Medicare,2025-08-01,2025-08-11,486.27,180.04,paid,0,,
CL0000782,E0000869,P001273,F06,Medicare,2025-08-01,2025-08-14,370.07,128.50,paid,0,,
CL0000783,E0000870,P001323,F03,Cascade Mutual,2025-07-30,2025-08-14,245.25,134.66,paid,0,,
CL0000784,E0000871,P000834,F02,Medicare,2025-08-02,2025-08-14,914.16,322.88,paid,0,,
CL0000785,E0000872,P000929,F02,Medicare,2025-08-12,2025-08-31,25423.39,9186.37,paid,0,,
CL0000786,E0000873,P000426,F08,Evergreen Health Plan,2025-08-03,2025-08-26,503.32,276.75,paid,0,,
CL0000787,E0000874,P001337,F07,Medicaid,2025-08-01,2025-08-22,207.79,61.64,paid,0,,
CL0000788,E0000875,P000491,F01,Medicare,2025-08-02,2025-08-29,239.65,86.08,paid,0,,
CL0000789,E0000876,P001127,F06,Northstar Advantage,2025-08-03,2025-08-18,435.11,172.39,paid,0,,
CL0000790,E0000877,P001139,F15,Northstar Advantage,2025-08-02,2025-08-21,141.08,0.00,denied,1,Incomplete documentation,upheld
CL0000791,E0000878,P000460,F15,Medicaid,2025-08-02,2025-08-29,191.56,57.31,paid,0,,
CL0000792,E0000879,P000207,F10,Medicare,2025-08-01,2025-08-22,184.91,66.74,paid,0,,
CL0000793,E0000880,P000466,F05,Medicaid,2025-08-03,2025-08-31,204.35,60.26,paid,0,,
CL0000794,E0000881,P000684,F08,Northstar Advantage,2025-08-02,2025-09-05,150.08,59.08,paid,0,,
CL0000795,E0000882,P000135,F08,Medicaid,2025-08-01,2025-08-25,228.07,72.56,paid,0,,
CL0000796,E0000883,P000314,F01,Medicare,2025-08-08,2025-09-12,29029.13,10852.41,paid,0,,
CL0000797,E0000884,P001189,F08,Evergreen Health Plan,2025-08-01,2025-08-20,173.47,94.07,paid,0,,
CL0000798,E0000885,P001120,F04,Northstar Advantage,2025-08-03,2025-08-23,519.84,204.96,paid,0,,
CL0000799,E0000886,P000551,F06,Northstar Advantage,2025-08-02,2025-08-20,224.58,84.61,paid,0,,
CL0000800,E0000887,P001201,F12,Medicare,2025-08-03,2025-08-28,259.28,95.28,paid,0,,
CL0000801,E0000889,P000084,F04,Medicare,2025-08-02,2025-08-21,200.35,67.90,paid,0,,
CL0000802,E0000890,P000401,F02,Evergreen Health Plan,2025-08-01,2025-08-24,994.65,540.58,paid,0,,
CL0000803,E0000891,P001214,F05,Cascade Mutual,2025-08-02,2025-08-26,338.13,178.85,paid,0,,
CL0000804,E0000892,P001311,F07,Medicaid,2025-08-03,2025-08-14,483.28,142.88,paid,0,,
CL0000805,E0000893,P000148,F03,Medicare,2025-08-11,2025-08-31,17841.37,6503.14,paid,0,,
CL0000806,E0000894,P001243,F01,Medicaid,2025-08-09,2025-08-24,18686.00,5951.70,paid,0,,
CL0000807,E0000895,P000615,F03,Cascade Mutual,2025-08-04,2025-08-15,1695.50,846.84,paid,0,,
CL0000808,E0000896,P001232,F03,Medicare,2025-08-02,2025-08-22,3123.15,1047.77,paid,0,,
CL0000809,E0000897,P000552,F04,Northstar Advantage,2025-08-04,2025-08-25,322.63,119.55,paid,0,,
CL0000810,E0000898,P000936,F09,Medicaid,2025-08-02,2025-09-06,637.72,187.21,paid,0,,
CL0000811,E0000899,P000771,F15,Cascade Mutual,2025-08-04,2025-09-03,152.00,0.00,denied,1,Eligibility or coverage lapse,overturned
CL0000812,E0000900,P001309,F10,Cascade Mutual,2025-08-04,2025-09-02,150.43,80.36,paid,0,,
CL0000813,E0000901,P001357,F07,Cascade Mutual,2025-08-03,2025-08-24,437.84,242.66,paid,0,,
CL0000814,E0000902,P000657,F02,Medicare,2025-08-05,2025-08-16,307.65,110.42,paid,0,,
CL0000815,E0000903,P001093,F04,Medicare,2025-08-02,2025-08-27,306.84,114.16,paid,0,,
CL0000816,E0000904,P000608,F08,Medicare,2025-08-04,2025-08-15,163.68,54.79,paid,0,,
CL0000817,E0000905,P000230,F04,Northstar Advantage,2025-08-02,2025-08-13,266.28,100.19,paid,0,,
CL0000818,E0000906,P000029,F04,Northstar Advantage,2025-08-02,2025-08-14,140.56,55.74,paid,0,,
CL0000819,E0000907,P000428,F03,Cascade Mutual,2025-08-07,2025-08-27,13837.61,7600.59,paid,0,,
CL0000820,E0000908,P000647,F02,Northstar Advantage,2025-08-12,2025-09-03,28466.17,10490.79,paid,0,,
CL0000821,E0000909,P000598,F02,Medicare,2025-08-04,2025-08-31,1764.46,630.95,paid,0,,
CL0000822,E0000910,P000666,F01,Cascade Mutual,2025-08-12,2025-08-30,20745.97,11553.86,paid,0,,
CL0000823,E0000911,P000311,F02,Medicare,2025-08-08,2025-09-05,19705.58,7123.25,paid,0,,
CL0000824,E0000912,P000717,F10,Medicare,2025-08-07,2025-09-04,432.83,157.61,paid,0,,
CL0000825,E0000913,P001349,F05,Northstar Advantage,2025-08-06,2025-09-03,700.01,261.05,paid,0,,
CL0000826,E0000914,P001204,F03,Cascade Mutual,2025-08-07,2025-08-19,1304.46,705.38,paid,0,,
CL0000827,E0000916,P000300,F04,Medicare,2025-08-07,2025-08-20,697.35,240.01,paid,0,,
CL0000828,E0000917,P000589,F01,Evergreen Health Plan,2025-08-11,2025-09-09,18695.21,10708.64,paid,0,,
CL0000829,E0000918,P001248,F04,Northstar Advantage,2025-08-06,2025-08-31,131.13,47.78,paid,0,,
CL0000830,E0000919,P000002,F07,Self-pay,2025-08-06,2025-09-07,257.94,35.71,paid,0,,
CL0000831,E0000920,P000271,F06,Northstar Advantage,2025-08-05,2025-08-30,98.16,39.15,paid,0,,
CL0000832,E0000921,P001109,F09,Evergreen Health Plan,2025-08-08,2025-08-20,487.36,262.35,paid,0,,
CL0000833,E0000922,P000434,F11,Medicare,2025-08-08,2025-09-08,854.48,310.26,paid,0,,
CL0000834,E0000924,P000264,F01,Medicare,2025-08-13,2025-09-12,20219.59,7120.54,paid,0,,
CL0000835,E0000925,P001378,F04,Northstar Advantage,2025-08-07,2025-08-25,203.59,77.80,paid,0,,
CL0000836,E0000927,P001008,F05,Cascade Mutual,2025-08-07,2025-08-31,146.76,80.03,paid,0,,
CL0000837,E0000928,P000087,F01,Medicaid,2025-08-07,2025-09-08,2316.66,679.70,paid,0,,
CL0000838,E0000929,P000620,F01,Northstar Advantage,2025-08-16,2025-09-19,28889.99,10420.01,paid,0,,
CL0000839,E0000930,P000233,F04,Medicare,2025-08-07,2025-08-31,155.31,52.90,paid,0,,
CL0000840,E0000931,P000173,F03,Medicaid,2025-08-09,2025-08-26,1253.37,388.49,paid,0,,
CL0000841,E0000932,P000910,F10,Medicare,2025-08-09,2025-09-06,304.76,113.58,paid,0,,
CL0000842,E0000933,P001336,F11,Northstar Advantage,2025-08-08,2025-09-09,141.45,52.33,paid,0,,
CL0000843,E0000935,P000311,F14,Medicare,2025-08-07,2025-08-25,355.03,123.30,paid,0,,
CL0000844,E0000936,P000029,F04,Northstar Advantage,2025-08-09,2025-09-12,139.19,54.23,paid,0,,
CL0000845,E0000937,P001326,F11,Medicare,2025-08-10,2025-08-27,340.12,127.31,paid,0,,
CL0000846,E0000938,P000431,F02,Cascade Mutual,2025-08-14,2025-09-16,36305.33,19484.34,paid,0,,
CL0000847,E0000939,P000667,F05,Medicare,2025-08-08,2025-08-20,257.87,95.78,paid,0,,
CL0000848,E0000940,P001169,F09,Northstar Advantage,2025-08-07,2025-08-28,314.94,123.23,paid,0,,
CL0000849,E0000941,P000071,F08,Evergreen Health Plan,2025-08-08,2025-09-09,366.51,192.85,paid,0,,
CL0000850,E0000942,P001155,F06,Evergreen Health Plan,2025-08-10,2025-08-22,253.27,141.08,paid,0,,
CL0000851,E0000943,P001240,F03,Northstar Advantage,2025-08-14,2025-08-31,25931.18,9657.50,paid,0,,
CL0000852,E0000944,P000929,F15,Medicare,2025-08-11,2025-09-02,320.78,0.00,denied,1,Duplicate claim,none
CL0000853,E0000945,P000616,F04,Medicare,2025-08-10,2025-09-14,609.04,215.72,paid,0,,
CL0000854,E0000946,P000462,F04,Self-pay,2025-08-08,2025-09-05,144.53,20.39,paid,0,,
CL0000855,E0000947,P000217,F05,Northstar Advantage,2025-08-09,2025-08-30,297.43,119.40,paid,0,,
CL0000856,E0000948,P000957,F03,Northstar Advantage,2025-08-11,2025-09-08,3904.13,1487.64,paid,0,,
CL0000857,E0000949,P000916,F02,Medicare,2025-08-11,2025-09-01,3410.90,1215.97,paid,0,,
CL0000858,E0000950,P000373,F08,Evergreen Health Plan,2025-08-10,2025-08-22,303.50,160.17,paid,0,,
CL0000859,E0000951,P000148,F15,Medicare,2025-08-09,2025-09-12,119.74,40.62,paid,0,,
CL0000860,E0000953,P001243,F01,Medicaid,2025-08-28,2025-09-21,39141.39,11488.02,paid,0,,
CL0000861,E0000955,P001265,F01,Medicaid,2025-08-16,2025-09-19,21672.43,6527.56,paid,0,,
CL0000862,E0000956,P000400,F10,Medicare,2025-08-12,2025-08-30,107.29,0.00,denied,1,Prior authorization missing,overturned
CL0000863,E0000957,P000482,F02,Medicare,2025-08-12,2025-09-09,195.12,70.08,paid,0,,
CL0000864,E0000958,P000916,F09,Medicare,2025-08-10,2025-08-28,281.05,98.96,paid,0,,
CL0000865,E0000959,P000223,F10,Medicare,2025-08-12,2025-09-16,150.93,54.89,paid,0,,
CL0000866,E0000960,P000028,F03,Medicare,2025-08-10,2025-09-04,2506.72,921.74,paid,0,,
CL0000867,E0000961,P000847,F07,Medicare,2025-08-10,2025-09-12,94.49,34.78,paid,0,,
CL0000868,E0000962,P000311,F08,Medicare,2025-08-12,2025-08-26,524.83,196.36,paid,0,,
CL0000869,E0000963,P001285,F01,Cascade Mutual,2025-08-12,2025-08-28,2217.45,1126.23,paid,0,,
CL0000870,E0000964,P000354,F01,Northstar Advantage,2025-08-11,2025-09-09,2453.58,0.00,denied,1,Eligibility or coverage lapse,none
CL0000871,E0000965,P001093,F04,Medicare,2025-08-12,2025-09-11,262.66,96.86,paid,0,,
CL0000872,E0000966,P000224,F05,Medicaid,2025-08-15,2025-09-12,698.83,224.48,paid,0,,
CL0000873,E0000967,P001329,F05,Cascade Mutual,2025-08-14,2025-09-08,277.13,155.01,paid,0,,
CL0000874,E0000969,P000428,F03,Cascade Mutual,2025-08-22,2025-09-22,33680.70,0.00,denied,1,Prior authorization missing,none
CL0000875,E0000970,P000127,F03,Cascade Mutual,2025-08-13,2025-09-09,268.28,149.79,paid,0,,
CL0000876,E0000971,P001223,F05,Cascade Mutual,2025-08-15,2025-09-15,190.13,103.96,paid,0,,
CL0000877,E0000973,P000393,F05,Medicaid,2025-08-13,2025-08-29,169.53,49.37,paid,0,,
CL0000878,E0000974,P000647,F09,Northstar Advantage,2025-08-13,2025-09-04,347.68,139.16,paid,0,,
CL0000879,E0000975,P000977,F05,Medicare,2025-08-14,2025-09-04,188.87,69.12,paid,0,,
CL0000880,E0000976,P001260,F09,Medicare,2025-08-13,2025-09-04,219.29,79.20,paid,0,,
CL0000881,E0000977,P000229,F02,Medicare,2025-08-19,2025-09-13,17641.71,6094.45,paid,0,,
CL0000882,E0000978,P000431,F11,Cascade Mutual,2025-08-16,2025-09-20,986.95,542.67,paid,0,,
CL0000883,E0000979,P001035,F05,Northstar Advantage,2025-08-16,2025-08-27,170.86,61.63,paid,0,,
CL0000884,E0000980,P001240,F04,Northstar Advantage,2025-08-15,2025-09-01,496.72,0.00,denied,1,Duplicate claim,upheld
CL0000885,E0000981,P000278,F07,Medicare,2025-08-17,2025-09-12,234.51,78.47,paid,0,,
CL0000886,E0000982,P001344,F07,Medicaid,2025-08-17,2025-09-16,350.40,108.17,paid,0,,
CL0000887,E0000983,P000955,F10,Medicare,2025-08-14,2025-09-06,148.75,51.87,paid,0,,
CL0000888,E0000984,P001311,F07,Medicaid,2025-08-17,2025-09-18,204.45,0.00,denied,1,Prior authorization missing,none
CL0000889,E0000985,P000137,F03,Medicare,2025-08-27,2025-09-17,23792.06,8463.67,paid,0,,
CL0000890,E0000986,P001117,F07,Northstar Advantage,2025-08-17,2025-09-18,196.71,0.00,denied,1,Prior authorization missing,upheld
CL0000891,E0000987,P000994,F15,Medicare,2025-08-18,2025-09-01,366.09,136.23,paid,0,,
CL0000892,E0000988,P001343,F06,Self-pay,2025-08-18,2025-08-29,243.32,35.22,paid,0,,
CL0000893,E0000989,P000578,F09,Self-pay,2025-08-15,2025-09-12,110.94,15.47,paid,0,,
CL0000894,E0000990,P000962,F04,Medicare,2025-08-16,2025-09-18,229.39,85.37,paid,0,,
CL0000895,E0000991,P001337,F07,Medicaid,2025-08-16,2025-09-06,237.97,76.10,paid,0,,
CL0000896,E0000993,P000431,F02,Cascade Mutual,2025-08-15,2025-09-18,2373.61,1327.94,paid,0,,
CL0000897,E0000994,P000598,F06,Medicare,2025-08-15,2025-09-01,285.62,99.87,paid,0,,
CL0000898,E0000995,P000782,F02,Medicare,2025-08-20,2025-09-15,15767.06,5559.28,paid,0,,
CL0000899,E0000996,P001081,F02,Medicaid,2025-08-23,2025-09-18,12775.16,3693.52,paid,0,,
CL0000900,E0000997,P000652,F03,Medicaid,2025-08-24,2025-09-20,19023.68,6016.16,paid,0,,
CL0000901,E0000999,P000029,F02,Northstar Advantage,2025-08-24,2025-09-07,31358.76,0.00,denied,1,Medical necessity,none
CL0000902,E0001000,P000095,F14,Cascade Mutual,2025-08-16,2025-09-10,381.70,0.00,denied,1,Eligibility or coverage lapse,upheld
CL0000903,E0001001,P000654,F02,Medicare,2025-08-26,2025-09-17,21454.15,7755.72,paid,0,,
CL0000904,E0001002,P000828,F06,Evergreen Health Plan,2025-08-16,2025-08-31,226.77,121.65,paid,0,,
CL0000905,E0001003,P000620,F06,Northstar Advantage,2025-08-19,2025-08-29,726.77,0.00,denied,1,Coding error,none
CL0000906,E0001004,P000174,F15,Northstar Advantage,2025-08-16,2025-08-31,137.62,54.45,paid,0,,
CL0000907,E0001005,P000028,F06,Medicare,2025-08-18,2025-09-20,118.82,43.45,paid,0,,
CL0000908,E0001007,P001140,F01,Northstar Advantage,2025-08-19,2025-09-22,13071.65,0.00,denied,1,Medical necessity,overturned
CL0000909,E0001008,P001034,F02,Northstar Advantage,2025-08-24,2025-09-23,44795.92,17406.10,paid,0,,
CL0000910,E0001010,P000112,F03,Medicare,2025-08-26,2025-09-16,24609.02,8934.76,paid,0,,
CL0000911,E0001011,P000968,F02,Northstar Advantage,2025-08-28,2025-09-09,41329.81,14966.94,paid,0,,
CL0000912,E0001013,P000592,F15,Medicare,2025-08-22,2025-09-04,281.57,105.41,paid,0,,
CL0000913,E0001014,P000343,F03,Medicare,2025-08-22,2025-09-21,388.39,129.84,paid,0,,
CL0000914,E0001015,P000778,F01,Medicare,2025-08-28,2025-09-28,20541.44,7479.83,paid,0,,
CL0000915,E0001016,P000043,F06,Medicare,2025-08-21,2025-09-06,747.77,248.14,paid,0,,
CL0000916,E0001017,P000656,F10,Medicare,2025-08-21,2025-09-01,172.25,62.64,paid,0,,
CL0000917,E0001018,P001011,F15,Medicare,2025-08-22,2025-09-23,641.51,213.13,paid,0,,
CL0000918,E0001020,P000491,F03,Medicare,2025-08-27,2025-09-25,37297.38,12758.83,paid,0,,
CL0000919,E0001021,P000410,F09,Medicare,2025-08-23,2025-09-05,178.65,61.43,paid,0,,
CL0000920,E0001022,P001179,F05,Medicare,2025-08-22,2025-09-01,375.37,124.71,paid,0,,
CL0000921,E0001023,P000732,F09,Evergreen Health Plan,2025-08-23,2025-09-19,255.54,135.63,paid,0,,
CL0000922,E0001024,P000307,F02,Northstar Advantage,2025-08-29,2025-09-22,17058.37,6679.47,paid,0,,
CL0000923,E0001025,P000202,F15,Medicare,2025-08-21,2025-09-02,489.63,179.66,paid,0,,
CL0000924,E0001026,P000069,F06,Medicare,2025-08-23,2025-09-14,394.33,136.45,paid,0,,
CL0000925,E0001027,P000184,F04,Medicaid,2025-08-24,2025-09-16,105.92,33.14,paid,0,,
CL0000926,E0001029,P000162,F06,Medicare,2025-08-24,2025-09-10,170.58,58.73,paid,0,,
CL0000927,E0001030,P001170,F10,Medicare,2025-08-21,2025-09-03,229.42,83.53,paid,0,,
CL0000928,E0001031,P001140,F07,Northstar Advantage,2025-08-23,2025-09-07,507.90,187.54,paid,0,,
CL0000929,E0001032,P000823,F08,Evergreen Health Plan,2025-08-24,2025-09-08,329.88,177.41,paid,0,,
CL0000930,E0001033,P000426,F08,Evergreen Health Plan,2025-08-23,2025-09-26,145.69,83.28,paid,0,,
CL0000931,E0001034,P000434,F03,Medicare,2025-08-23,2025-09-22,151.58,53.05,paid,0,,
CL0000932,E0001035,P001048,F11,Medicare,2025-08-24,2025-09-27,275.28,92.03,paid,0,,
CL0000933,E0001036,P000137,F04,Medicare,2025-08-24,2025-09-21,637.38,213.22,paid,0,,
CL0000934,E0001037,P000180,F08,Medicare,2025-08-24,2025-09-21,423.96,151.32,paid,0,,
CL0000935,E0001038,P000733,F15,Self-pay,2025-08-22,2025-09-13,387.48,54.69,paid,0,,
CL0000936,E0001039,P000171,F01,Medicare,2025-08-27,2025-09-19,17541.67,6242.17,paid,0,,
CL0000937,E0001040,P000034,F14,Medicare,2025-08-23,2025-09-10,197.06,70.91,paid,0,,
CL0000938,E0001041,P001391,F01,Medicare,2025-08-23,2025-09-23,1578.55,566.83,paid,0,,
CL0000939,E0001042,P000802,F09,Medicare,2025-08-22,2025-09-18,241.07,83.59,paid,0,,
CL0000940,E0001043,P000314,F08,Medicare,2025-08-24,2025-09-18,754.74,274.81,paid,0,,
CL0000941,E0001045,P001126,F04,Medicare,2025-08-22,2025-09-03,117.49,43.45,paid,0,,
CL0000942,E0001046,P000364,F11,Evergreen Health Plan,2025-08-24,2025-09-21,303.87,171.32,paid,0,,
CL0000943,E0001047,P000548,F04,Medicare,2025-08-23,2025-09-05,270.78,0.00,denied,1,Incomplete documentation,upheld
CL0000944,E0001048,P001313,F02,Medicaid,2025-09-02,2025-09-18,27595.64,8474.34,paid,0,,
CL0000945,E0001049,P000262,F06,Medicare,2025-08-26,2025-09-22,352.56,118.04,paid,0,,
CL0000946,E0001051,P000602,F03,Medicare,2025-09-06,2025-10-08,55515.42,19977.94,paid,0,,
CL0000947,E0001052,P000736,F03,Medicare,2025-08-23,2025-09-12,155.93,52.63,paid,0,,
CL0000948,E0001053,P001127,F01,Northstar Advantage,2025-08-23,2025-09-18,280.89,107.87,paid,0,,
CL0000949,E0001054,P001243,F08,Medicaid,2025-08-23,2025-09-20,290.33,0.00,denied,1,Prior authorization missing,upheld
CL0000950,E0001055,P000064,F02,Medicare,2025-09-05,2025-10-06,52428.05,17999.63,paid,0,,
CL0000951,E0001056,P001093,F04,Medicare,2025-08-26,2025-09-09,262.47,0.00,denied,1,Eligibility or coverage lapse,overturned
CL0000952,E0001058,P000477,F01,Medicare,2025-08-29,2025-09-09,20041.55,6962.89,paid,0,,
CL0000953,E0001060,P000220,F01,Medicare,2025-09-05,2025-10-09,58930.27,20121.42,paid,0,,
CL0000954,E0001061,P000667,F02,Medicare,2025-08-25,2025-09-10,1162.28,0.00,denied,1,Medical necessity,none
CL0000955,E0001062,P000444,F01,Medicare,2025-08-31,2025-10-05,11489.81,3973.36,paid,0,,
CL0000956,E0001063,P001084,F03,Medicare,2025-09-07,2025-10-11,53817.25,18206.88,paid,0,,
CL0000957,E0001065,P000963,F01,Evergreen Health Plan,2025-08-29,2025-09-08,21472.51,12295.73,paid,0,,
CL0000958,E0001066,P000314,F01,Medicare,2025-08-27,2025-09-18,308.67,102.32,paid,0,,
CL0000959,E0001067,P000759,F11,Medicare,2025-08-28,2025-09-07,97.13,36.27,paid,0,,
CL0000960,E0001068,P001034,F04,Northstar Advantage,2025-08-28,2025-10-01,564.74,221.13,paid,0,,
CL0000961,E0001069,P000812,F05,Northstar Advantage,2025-08-27,2025-09-22,354.52,130.45,paid,0,,
CL0000962,E0001070,P000654,F11,Medicare,2025-08-27,2025-09-28,612.22,216.81,paid,0,,
CL0000963,E0001072,P001309,F04,Cascade Mutual,2025-08-28,2025-10-02,231.65,124.49,paid,0,,
CL0000964,E0001073,P000589,F04,Evergreen Health Plan,2025-08-26,2025-09-26,209.56,112.92,paid,0,,
CL0000965,E0001074,P000148,F15,Medicare,2025-08-29,2025-09-13,186.85,62.52,paid,0,,
CL0000966,E0001075,P000917,F04,Medicaid,2025-08-26,2025-09-18,78.52,25.10,paid,0,,
CL0000967,E0001076,P001354,F01,Self-pay,2025-09-02,2025-10-07,27495.36,3678.34,paid,0,,
CL0000968,E0001077,P000504,F04,Cascade Mutual,2025-08-28,2025-09-29,487.08,244.35,paid,0,,
CL0000969,E0001078,P001073,F01,Medicare,2025-08-26,2025-09-06,136.28,47.73,paid,0,,
CL0000970,E0001079,P000650,F12,Evergreen Health Plan,2025-08-26,2025-09-15,180.93,98.90,paid,0,,
CL0000971,E0001080,P001088,F01,Medicare,2025-08-29,2025-10-01,2807.32,970.79,paid,0,,
CL0000972,E0001081,P000245,F15,Evergreen Health Plan,2025-08-27,2025-09-12,334.42,178.69,paid,0,,
CL0000973,E0001082,P000658,F02,Medicare,2025-08-27,2025-10-01,1307.56,460.66,paid,0,,
CL0000974,E0001083,P000741,F11,Medicare,2025-08-28,2025-09-09,222.36,82.05,paid,0,,
CL0000975,E0001084,P000778,F05,Medicare,2025-08-27,2025-09-29,836.52,312.42,paid,0,,
CL0000976,E0001085,P000112,F03,Medicare,2025-08-29,2025-09-15,4017.67,1393.98,paid,0,,
CL0000977,E0001086,P000666,F06,Cascade Mutual,2025-08-29,2025-09-15,435.74,0.00,denied,1,Prior authorization missing,upheld
CL0000978,E0001087,P000145,F12,Self-pay,2025-08-27,2025-09-17,163.83,21.63,paid,0,,
CL0000979,E0001088,P001011,F05,Medicare,2025-08-30,2025-09-22,396.49,139.94,paid,0,,
CL0000980,E0001089,P000387,F03,Medicare,2025-08-29,2025-09-11,494.07,176.90,paid,0,,
CL0000981,E0001090,P001238,F03,Cascade Mutual,2025-09-08,2025-10-04,21979.78,11721.77,paid,0,,
CL0000982,E0001091,P000132,F03,Medicaid,2025-08-31,2025-09-24,3442.35,1027.46,paid,0,,
CL0000983,E0001092,P000088,F10,Medicare,2025-08-30,2025-09-18,158.26,56.39,paid,0,,
CL0000984,E0001093,P000375,F07,Medicaid,2025-08-28,2025-09-15,484.20,0.00,denied,1,Eligibility or coverage lapse,upheld
CL0000985,E0001094,P000315,F08,Cascade Mutual,2025-08-30,2025-09-22,466.91,245.08,paid,0,,
CL0000986,E0001095,P000253,F08,Medicaid,2025-08-29,2025-09-30,398.44,120.60,paid,0,,
CL0000987,E0001096,P001311,F07,Medicaid,2025-08-31,2025-09-25,527.47,155.91,paid,0,,
CL0000988,E0001097,P001266,F03,Medicare,2025-09-05,2025-09-28,21009.47,7153.71,paid,0,,
CL0000989,E0001098,P000782,F10,Medicare,2025-08-29,2025-09-15,288.03,99.12,paid,0,,
CL0000990,E0001099,P001073,F05,Medicare,2025-08-30,2025-09-28,458.60,163.26,paid,0,,
CL0000991,E0001100,P001187,F10,Cascade Mutual,2025-08-30,2025-09-28,324.45,177.53,paid,0,,
CL0000992,E0001101,P000752,F09,Northstar Advantage,2025-08-31,2025-09-24,458.24,167.15,paid,0,,
CL0000993,E0001102,P001016,F15,Evergreen Health Plan,2025-08-29,2025-09-11,244.02,139.38,paid,0,,
CL0000994,E0001103,P000279,F02,Medicare,2025-08-30,2025-09-29,342.63,115.55,paid,0,,
CL0000995,E0001104,P001381,F04,Medicaid,2025-09-01,2025-09-25,335.90,96.58,paid,0,,
CL0000996,E0001106,P000230,F15,Northstar Advantage,2025-09-01,2025-09-21,298.93,117.13,paid,0,,
CL0000997,E0001107,P000469,F12,Evergreen Health Plan,2025-09-01,2025-09-29,460.29,243.04,paid,0,,
CL0000998,E0001108,P001233,F07,Medicare,2025-08-29,2025-09-21,213.42,71.22,paid,0,,
CL0000999,E0001109,P000148,F15,Medicare,2025-09-01,2025-09-22,200.38,73.66,paid,0,,
CL0001000,E0001110,P000627,F06,Evergreen Health Plan,2025-09-01,2025-09-24,228.18,123.94,paid,0,,
CL0001001,E0001111,P001349,F05,Northstar Advantage,2025-08-31,2025-09-22,370.49,138.54,paid,0,,
CL0001002,E0001112,P000265,F08,Evergreen Health Plan,2025-08-30,2025-09-16,225.28,117.27,paid,0,,
CL0001003,E0001113,P000944,F09,Medicare,2025-09-01,2025-09-29,421.71,152.09,paid,0,,
CL0001004,E0001114,P000012,F02,Medicare,2025-09-06,2025-09-24,33976.79,11882.23,paid,0,,
CL0001005,E0001115,P000796,F04,Northstar Advantage,2025-09-01,2025-10-03,304.06,112.69,paid,0,,
CL0001006,E0001116,P000222,F06,Self-pay,2025-08-30,2025-09-13,210.51,29.36,paid,0,,
CL0001007,E0001117,P001003,F12,Self-pay,2025-08-30,2025-09-15,242.78,32.36,paid,0,,
CL0001008,E0001118,P001220,F09,Medicare,2025-08-30,2025-09-22,127.14,42.32,paid,0,,
CL0001009,E0001119,P001278,F03,Cascade Mutual,2025-08-30,2025-09-18,2762.98,1408.91,paid,0,,
CL0001010,E0001120,P000823,F08,Evergreen Health Plan,2025-08-31,2025-10-02,285.71,164.76,paid,0,,
CL0001011,E0001122,P001208,F07,Self-pay,2025-08-31,2025-09-26,297.40,41.72,paid,0,,
CL0001012,E0001123,P000963,F15,Evergreen Health Plan,2025-09-02,2025-10-01,300.62,172.68,paid,0,,
CL0001013,E0001124,P000754,F03,Evergreen Health Plan,2025-09-17,2025-10-17,50076.52,26692.99,paid,0,,
CL0001014,E0001125,P000369,F02,Northstar Advantage,2025-08-30,2025-09-22,2136.29,798.08,paid,0,,
CL0001015,E0001126,P000222,F03,Self-pay,2025-09-09,2025-09-21,47715.51,6225.59,paid,0,,
CL0001016,E0001128,P000162,F01,Medicare,2025-09-09,2025-10-10,12730.85,4627.08,paid,0,,
CL0001017,E0001129,P000029,F04,Northstar Advantage,2025-09-02,2025-09-15,491.61,180.04,paid,0,,
CL0001018,E0001130,P000517,F03,Evergreen Health Plan,2025-09-02,2025-10-04,167.24,0.00,denied,1,Coding error,none
CL0001019,E0001132,P000466,F05,Medicaid,2025-09-03,2025-09-18,116.30,36.94,paid,0,,
CL0001020,E0001133,P000444,F05,Medicare,2025-09-02,2025-09-18,616.26,215.33,paid,0,,
CL0001021,E0001134,P001313,F02,Medicaid,2025-09-07,2025-10-09,30375.58,9738.71,paid,0,,
CL0001022,E0001136,P000570,F14,Cascade Mutual,2025-09-04,2025-09-18,284.15,146.46,paid,0,,
CL0001023,E0001137,P001249,F07,Medicaid,2025-09-04,2025-10-04,715.07,212.05,paid,0,,
CL0001024,E0001138,P001086,F01,Medicaid,2025-09-09,2025-10-07,9147.90,2915.00,paid,0,,
CL0001025,E0001139,P001115,F02,Medicare,2025-09-05,2025-10-03,1830.00,640.39,paid,0,,
CL0001026,E0001140,P000852,F01,Medicare,2025-09-11,2025-10-05,28182.17,9801.79,paid,0,,
CL0001027,E0001141,P000847,F08,Medicare,2025-09-03,2025-09-17,171.31,62.75,paid,0,,
CL0001028,E0001143,P000229,F04,Medicare,2025-09-04,2025-09-30,416.72,147.29,paid,0,,
CL0001029,E0001144,P000012,F02,Medicare,2025-09-12,2025-10-14,24281.22,8211.40,paid,0,,
CL0001030,E0001145,P001292,F15,Self-pay,2025-09-04,2025-09-15,249.89,34.38,paid,0,,
CL0001031,E0001146,P001049,F06,Northstar Advantage,2025-09-05,2025-09-19,432.08,161.68,paid,0,,
CL0001032,E0001147,P000502,F08,Evergreen Health Plan,2025-09-03,2025-09-24,430.49,0.00,denied,1,Prior authorization missing,upheld
CL0001033,E0001148,P001266,F15,Medicare,2025-09-06,2025-09-17,1335.02,466.46,paid,0,,
CL0001034,E0001149,P000307,F07,Northstar Advantage,2025-09-05,2025-10-01,647.04,254.75,paid,0,,
CL0001035,E0001150,P001270,F08,Medicare,2025-09-06,2025-10-03,548.96,199.78,paid,0,,
CL0001036,E0001151,P000345,F04,Northstar Advantage,2025-09-07,2025-09-29,301.63,0.00,denied,1,Incomplete documentation,upheld
CL0001037,E0001152,P000112,F15,Medicare,2025-09-04,2025-09-14,260.51,90.92,paid,0,,
CL0001038,E0001153,P001211,F05,Medicare,2025-09-04,2025-09-24,219.26,76.74,paid,0,,
CL0001039,E0001154,P001386,F08,Self-pay,2025-09-07,2025-10-03,223.27,30.27,paid,0,,
CL0001040,E0001155,P000415,F06,Cascade Mutual,2025-09-05,2025-10-03,368.48,199.56,paid,0,,
CL0001041,E0001156,P000759,F15,Medicare,2025-09-05,2025-09-21,390.20,142.20,paid,0,,
CL0001042,E0001157,P000467,F07,Medicare,2025-09-05,2025-10-07,160.34,57.08,paid,0,,
CL0001043,E0001158,P000191,F02,Evergreen Health Plan,2025-09-08,2025-10-08,398.81,0.00,denied,1,Duplicate claim,upheld
CL0001044,E0001159,P001034,F02,Northstar Advantage,2025-09-06,2025-09-29,3091.36,1248.95,paid,0,,
CL0001045,E0001160,P001033,F06,Cascade Mutual,2025-09-05,2025-09-21,123.78,62.14,paid,0,,
CL0001046,E0001161,P000222,F06,Self-pay,2025-09-05,2025-10-03,270.41,36.64,paid,0,,
CL0001047,E0001162,P001336,F11,Northstar Advantage,2025-09-07,2025-10-10,391.74,146.21,paid,0,,
CL0001048,E0001163,P000106,F02,Medicare,2025-09-06,2025-10-05,2193.51,804.85,paid,0,,
CL0001049,E0001164,P000733,F01,Self-pay,2025-09-06,2025-09-22,78.96,11.06,paid,0,,
CL0001050,E0001165,P001271,F15,Medicare,2025-09-07,2025-10-10,533.48,182.61,paid,0,,
CL0001051,E0001166,P001371,F04,Northstar Advantage,2025-09-09,2025-09-25,202.35,73.06,paid,0,,
CL0001052,E0001167,P000209,F05,Medicare,2025-09-06,2025-09-30,782.21,276.55,paid,0,,
CL0001053,E0001168,P000438,F05,Cascade Mutual,2025-09-08,2025-10-12,623.06,0.00,denied,1,Coding error,none
CL0001054,E0001170,P000428,F03,Cascade Mutual,2025-09-09,2025-10-13,2017.06,1034.72,paid,0,,
CL0001055,E0001171,P000094,F08,Cascade Mutual,2025-09-08,2025-09-28,302.69,160.58,paid,0,,
CL0001056,E0001172,P000059,F11,Medicare,2025-09-06,2025-10-04,479.12,163.80,paid,0,,
CL0001057,E0001173,P000083,F11,Evergreen Health Plan,2025-09-09,2025-10-14,246.28,142.58,paid,0,,
CL0001058,E0001174,P000931,F09,Medicaid,2025-09-09,2025-10-11,188.43,54.68,paid,0,,
CL0001059,E0001175,P000217,F02,Northstar Advantage,2025-09-13,2025-10-12,27487.53,9935.78,paid,0,,
CL0001060,E0001176,P000042,F01,Cascade Mutual,2025-09-09,2025-10-06,2451.50,1327.68,paid,0,,
CL0001061,E0001177,P000208,F01,Medicare,2025-09-11,2025-10-12,26158.58,8755.92,paid,0,,
CL0001062,E0001178,P000577,F02,Northstar Advantage,2025-09-09,2025-10-12,3488.18,0.00,denied,1,Eligibility or coverage lapse,none
CL0001063,E0001180,P000080,F01,Medicare,2025-09-17,2025-10-08,45079.27,15183.54,paid,0,,
CL0001064,E0001181,P001011,F01,Medicare,2025-09-15,2025-10-09,7133.19,2416.71,paid,0,,
CL0001065,E0001182,P000711,F01,Medicaid,2025-09-15,2025-10-20,16658.41,4936.11,paid,0,,
CL0001066,E0001183,P001281,F03,Cascade Mutual,2025-09-08,2025-10-12,1803.10,917.13,paid,0,,
CL0001067,E0001184,P000137,F02,Medicare,2025-09-10,2025-09-26,2415.61,838.65,paid,0,,
CL0001068,E0001185,P001103,F08,Medicare,2025-09-11,2025-09-26,99.94,35.46,paid,0,,
CL0001069,E0001186,P000321,F01,Medicare,2025-09-10,2025-09-23,216.73,79.58,paid,0,,
CL0001070,E0001187,P000337,F06,Medicare,2025-09-11,2025-10-10,136.94,47.94,paid,0,,
CL0001071,E0001188,P001154,F07,Northstar Advantage,2025-09-09,2025-10-09,644.70,232.27,paid,0,,
CL0001072,E0001189,P001313,F11,Medicaid,2025-09-10,2025-10-14,574.21,184.93,paid,0,,
CL0001073,E0001190,P000736,F08,Medicare,2025-09-11,2025-10-16,174.45,61.17,paid,0,,
CL0001074,E0001192,P000656,F10,Medicare,2025-09-12,2025-10-07,128.77,47.15,paid,0,,
CL0001075,E0001193,P000607,F15,Cascade Mutual,2025-09-13,2025-09-26,495.10,252.16,paid,0,,
CL0001076,E0001194,P000217,F05,Northstar Advantage,2025-09-13,2025-10-01,215.34,82.72,paid,0,,
CL0001077,E0001195,P000487,F06,Self-pay,2025-09-12,2025-09-23,719.81,98.82,paid,0,,
CL0001078,E0001196,P000930,F06,Evergreen Health Plan,2025-09-13,2025-10-12,345.93,199.95,paid,0,,
CL0001079,E0001197,P000663,F01,Northstar Advantage,2025-09-18,2025-10-19,15679.98,6133.63,paid,0,,
CL0001080,E0001198,P000843,F01,Cascade Mutual,2025-09-10,2025-10-06,3326.39,1797.39,paid,0,,
CL0001081,E0001199,P001354,F11,Self-pay,2025-09-10,2025-10-12,182.11,24.74,paid,0,,
CL0001082,E0001200,P000491,F15,Medicare,2025-09-13,2025-10-01,613.19,223.09,paid,0,,
CL0001083,E0001202,P000608,F03,Medicare,2025-09-24,2025-10-17,58965.08,0.00,denied,1,Prior authorization missing,upheld
CL0001084,E0001203,P000316,F09,Medicaid,2025-09-14,2025-09-30,291.82,87.07,paid,0,,
CL0001085,E0001204,P000247,F07,Medicare,2025-09-12,2025-10-13,371.11,134.48,paid,0,,
CL0001086,E0001205,P000684,F08,Northstar Advantage,2025-09-11,2025-10-15,360.96,140.06,paid,0,,
CL0001087,E0001206,P000330,F13,Cascade Mutual,2025-09-13,2025-10-09,358.01,194.10,paid,0,,
CL0001088,E0001207,P001160,F05,Medicaid,2025-09-13,2025-10-05,103.31,32.85,paid,0,,
CL0001089,E0001208,P000083,F01,Evergreen Health Plan,2025-09-23,2025-10-27,32052.41,18357.69,paid,0,,
CL0001090,E0001209,P000012,F04,Medicare,2025-09-11,2025-10-05,190.30,70.99,paid,0,,
CL0001091,E0001210,P000070,F06,Medicare,2025-09-12,2025-09-22,255.21,0.00,denied,1,Prior authorization missing,overturned
CL0001092,E0001211,P000972,F05,Medicare,2025-09-11,2025-10-14,359.42,134.52,paid,0,,
CL0001093,E0001212,P000063,F05,Medicare,2025-09-12,2025-09-27,118.44,44.15,paid,0,,
CL0001094,E0001213,P000655,F03,Medicaid,2025-09-22,2025-10-02,34279.39,9985.24,paid,0,,
CL0001095,E0001214,P001364,F03,Medicaid,2025-09-12,2025-10-16,3033.24,916.02,paid,0,,
CL0001096,E0001215,P000747,F04,Northstar Advantage,2025-09-14,2025-10-14,220.04,82.28,paid,0,,
CL0001097,E0001216,P000982,F05,Cascade Mutual,2025-09-14,2025-10-10,238.45,121.52,paid,0,,
CL0001098,E0001217,P000757,F05,Northstar Advantage,2025-09-15,2025-09-28,102.87,41.52,paid,0,,
CL0001099,E0001218,P001202,F01,Medicare,2025-09-14,2025-10-11,64.97,22.13,paid,0,,
CL0001100,E0001219,P000090,F04,Evergreen Health Plan,2025-09-14,2025-10-14,282.18,162.14,paid,0,,
CL0001101,E0001220,P000291,F10,Medicaid,2025-09-12,2025-10-16,454.12,131.15,paid,0,,
CL0001102,E0001221,P000711,F09,Medicaid,2025-09-12,2025-09-30,166.22,47.90,paid,0,,
CL0001103,E0001222,P000551,F06,Northstar Advantage,2025-09-15,2025-10-15,241.23,86.94,paid,0,,
CL0001104,E0001223,P001159,F15,Medicare,2025-09-13,2025-09-30,124.19,43.06,paid,0,,
CL0001105,E0001224,P000810,F01,Evergreen Health Plan,2025-09-23,2025-10-16,22608.30,12441.59,paid,0,,
CL0001106,E0001225,P000008,F09,Cascade Mutual,2025-09-16,2025-09-29,258.18,131.93,paid,0,,
CL0001107,E0001226,P000222,F06,Self-pay,2025-09-14,2025-09-30,257.96,36.04,paid,0,,
CL0001108,E0001227,P000629,F08,Northstar Advantage,2025-09-16,2025-10-21,203.65,80.72,paid,0,,
CL0001109,E0001228,P000466,F05,Medicaid,2025-09-14,2025-10-14,375.62,119.35,paid,0,,
CL0001110,E0001229,P001011,F15,Medicare,2025-09-14,2025-10-03,2145.17,732.35,paid,0,,
CL0001111,E0001231,P001118,F09,Medicaid,2025-09-16,2025-09-28,121.63,36.27,paid,0,,
CL0001112,E0001232,P001013,F01,Medicare,2025-09-23,2025-10-20,32552.21,11562.13,paid,0,,
CL0001113,E0001234,P000493,F02,Evergreen Health Plan,2025-09-20,2025-10-19,22481.77,0.00,denied,1,Prior authorization missing,none
CL0001114,E0001235,P000644,F02,Northstar Advantage,2025-09-28,2025-10-17,63123.60,23519.09,paid,0,,
CL0001115,E0001237,P001081,F02,Medicaid,2025-09-24,2025-10-24,40720.47,12610.90,paid,0,,
CL0001116,E0001238,P000162,F01,Medicare,2025-09-17,2025-10-17,2528.99,881.26,paid,0,,
CL0001117,E0001239,P000520,F02,Medicare,2025-09-21,2025-10-05,21098.19,7140.56,paid,0,,
CL0001118,E0001240,P000996,F03,Cascade Mutual,2025-09-18,2025-10-16,367.58,191.36,paid,0,,
CL0001119,E0001241,P000290,F08,Medicare,2025-09-17,2025-10-06,186.24,66.21,paid,0,,
CL0001120,E0001242,P001311,F08,Medicaid,2025-09-17,2025-09-27,179.19,52.43,paid,0,,
CL0001121,E0001243,P001071,F05,Medicare,2025-09-19,2025-10-24,435.17,161.01,paid,0,,
CL0001122,E0001244,P000106,F15,Medicare,2025-09-17,2025-10-05,430.76,146.08,paid,0,,
CL0001123,E0001245,P000475,F08,Northstar Advantage,2025-09-16,2025-10-10,95.51,35.22,paid,0,,
CL0001124,E0001246,P000489,F11,Medicare,2025-09-16,2025-10-05,133.80,45.05,paid,0,,
CL0001125,E0001247,P000663,F07,Northstar Advantage,2025-09-18,2025-10-06,550.47,219.79,paid,0,,
CL0001126,E0001248,P000620,F01,Northstar Advantage,2025-09-20,2025-10-16,1625.90,598.08,paid,0,,
CL0001127,E0001249,P000126,F06,Medicaid,2025-09-19,2025-10-06,134.70,40.03,paid,0,,
CL0001128,E0001251,P000510,F07,Northstar Advantage,2025-09-18,2025-10-13,136.19,54.39,paid,0,,
CL0001129,E0001252,P000779,F02,Evergreen Health Plan,2025-09-19,2025-10-23,880.17,489.40,paid,0,,
CL0001130,E0001253,P001012,F05,Northstar Advantage,2025-09-17,2025-10-18,307.43,113.11,paid,0,,
CL0001131,E0001254,P000254,F05,Medicare,2025-09-17,2025-10-17,360.71,134.60,paid,0,,
CL0001132,E0001255,P000643,F06,Medicare,2025-09-17,2025-10-21,191.81,65.31,paid,0,,
CL0001133,E0001256,P000830,F02,Northstar Advantage,2025-09-26,2025-10-10,19178.76,7132.52,paid,0,,
CL0001134,E0001257,P000385,F02,Evergreen Health Plan,2025-09-28,2025-10-12,27281.92,15329.30,paid,0,,
CL0001135,E0001258,P000449,F04,Medicare,2025-09-21,2025-10-04,551.88,199.03,paid,0,,
CL0001136,E0001259,P001048,F09,Medicare,2025-09-21,2025-10-20,325.38,114.70,paid,0,,
CL0001137,E0001261,P000360,F01,Northstar Advantage,2025-09-28,2025-10-14,25748.85,10168.46,paid,0,,
CL0001138,E0001262,P001242,F02,Northstar Advantage,2025-09-23,2025-10-22,20572.35,7888.85,paid,0,,
CL0001139,E0001263,P000966,F05,Medicaid,2025-09-21,2025-10-02,428.36,130.86,paid,0,,
CL0001140,E0001264,P001304,F11,Evergreen Health Plan,2025-09-18,2025-09-28,283.01,148.45,paid,0,,
CL0001141,E0001265,P001177,F09,Medicaid,2025-09-20,2025-10-22,164.64,50.97,paid,0,,
CL0001142,E0001266,P000290,F01,Medicare,2025-09-20,2025-10-02,342.03,121.60,paid,0,,
CL0001143,E0001267,P000886,F03,Northstar Advantage,2025-09-19,2025-10-01,2362.27,894.31,paid,0,,
CL0001144,E0001269,P000282,F02,Medicare,2025-09-30,2025-10-19,18883.18,6308.71,paid,0,,
CL0001145,E0001270,P000011,F08,Medicare,2025-09-22,2025-10-24,348.27,126.28,paid,0,,
CL0001146,E0001271,P001002,F04,Medicare,2025-09-22,2025-10-07,1002.66,338.53,paid,0,,
CL0001147,E0001272,P000205,F10,Medicare,2025-09-22,2025-10-17,212.48,78.99,paid,0,,
CL0001148,E0001273,P000843,F01,Cascade Mutual,2025-09-26,2025-10-13,12285.59,6316.65,paid,0,,
CL0001149,E0001274,P000083,F11,Evergreen Health Plan,2025-09-21,2025-10-21,603.35,335.72,paid,0,,
CL0001150,E0001275,P001084,F05,Medicare,2025-09-19,2025-10-13,537.72,197.13,paid,0,,
CL0001151,E0001276,P000066,F04,Evergreen Health Plan,2025-09-20,2025-10-01,232.92,124.56,paid,0,,
CL0001152,E0001277,P000833,F01,Medicare,2025-09-22,2025-10-11,226.15,75.28,paid,0,,
CL0001153,E0001278,P000099,F02,Medicare,2025-09-21,2025-10-01,3089.31,1102.23,paid,0,,
CL0001154,E0001279,P000626,F08,Self-pay,2025-09-20,2025-10-18,256.60,33.55,paid,0,,
CL0001155,E0001280,P000957,F03,Northstar Advantage,2025-09-30,2025-10-29,43315.57,0.00,denied,1,Duplicate claim,none
CL0001156,E0001282,P000852,F11,Medicare,2025-09-23,2025-10-10,1589.48,586.91,paid,0,,
CL0001157,E0001283,P001345,F01,Medicaid,2025-09-20,2025-10-04,2199.55,689.40,paid,0,,
CL0001158,E0001284,P001156,F06,Cascade Mutual,2025-09-21,2025-10-09,424.98,211.80,paid,0,,
CL0001159,E0001285,P000608,F08,Medicare,2025-09-22,2025-10-26,731.33,253.68,paid,0,,
CL0001160,E0001286,P001217,F03,Medicare,2025-09-21,2025-10-13,311.08,114.03,paid,0,,
CL0001161,E0001287,P000921,F04,Cascade Mutual,2025-09-23,2025-10-25,203.86,106.74,paid,0,,
CL0001162,E0001288,P000947,F06,Medicare,2025-09-20,2025-10-23,91.97,34.13,paid,0,,
CL0001163,E0001289,P001190,F04,Medicare,2025-09-23,2025-10-15,337.50,121.96,paid,0,,
CL0001164,E0001290,P000193,F02,Medicare,2025-10-04,2025-11-06,34737.72,11509.50,paid,0,,
CL0001165,E0001292,P000012,F02,Medicare,2025-10-02,2025-10-29,42114.56,15086.36,paid,0,,
CL0001166,E0001294,P000363,F01,Medicare,2025-09-28,2025-10-13,20380.77,7588.65,paid,0,,
CL0001167,E0001295,P001340,F01,Evergreen Health Plan,2025-09-23,2025-10-16,1523.31,804.20,paid,0,,
CL0001168,E0001297,P000353,F03,Evergreen Health Plan,2025-09-30,2025-10-19,13952.05,0.00,denied,1,Medical necessity,none
CL0001169,E0001298,P000884,F03,Medicare,2025-09-26,2025-10-08,27491.44,0.00,denied,1,Incomplete documentation,none
CL0001170,E0001300,P001134,F03,Medicaid,2025-09-27,2025-10-31,18096.28,5377.38,paid,0,,
CL0001171,E0001301,P001266,F03,Medicare,2025-09-25,2025-10-19,3594.96,1327.08,paid,0,,
CL0001172,E0001302,P000830,F10,Northstar Advantage,2025-09-24,2025-10-11,838.64,315.05,paid,0,,
CL0001173,E0001303,P000959,F07,Northstar Advantage,2025-09-23,2025-10-19,229.39,87.40,paid,0,,
CL0001174,E0001304,P000611,F07,Cascade Mutual,2025-09-24,2025-10-18,312.24,157.18,paid,0,,
CL0001175,E0001305,P000280,F09,Medicare,2025-09-26,2025-10-29,371.65,134.21,paid,0,,
CL0001176,E0001306,P000731,F05,Medicare,2025-09-23,2025-10-25,487.04,173.39,paid,0,,
CL0001177,E0001308,P001383,F03,Medicare,2025-10-03,2025-10-15,34885.85,12342.54,paid,0,,
CL0001178,E0001309,P000412,F01,Cascade Mutual,2025-10-02,2025-10-15,27255.85,14616.33,paid,0,,
CL0001179,E0001310,P000855,F10,Medicare,2025-09-24,2025-10-05,167.76,60.93,paid,0,,
CL0001180,E0001311,P001272,F11,Northstar Advantage,2025-09-27,2025-10-15,378.69,143.14,paid,0,,
CL0001181,E0001312,P000481,F02,Medicare,2025-09-24,2025-10-25,1608.78,581.60,paid,0,,
CL0001182,E0001313,P001020,F11,Medicaid,2025-09-24,2025-10-25,350.50,105.79,paid,0,,
CL0001183,E0001314,P000903,F07,Medicare,2025-09-25,2025-10-14,229.17,80.00,paid,0,,
CL0001184,E0001315,P000207,F07,Medicare,2025-09-27,2025-10-23,294.49,98.28,paid,0,,
CL0001185,E0001316,P000803,F11,Northstar Advantage,2025-09-26,2025-10-12,273.77,111.03,paid,0,,
CL0001186,E0001317,P001219,F10,Medicaid,2025-09-25,2025-10-12,157.01,45.85,paid,0,,
CL0001187,E0001318,P000209,F01,Medicare,2025-10-05,2025-10-16,49633.31,17124.10,paid,0,,
CL0001188,E0001319,P000066,F07,Evergreen Health Plan,2025-09-24,2025-10-29,208.53,117.90,paid,0,,
CL0001189,E0001320,P000507,F02,Northstar Advantage,2025-10-04,2025-10-28,41942.28,16904.30,paid,0,,
CL0001190,E0001321,P000411,F01,Cascade Mutual,2025-10-08,2025-11-07,52823.60,28994.60,paid,0,,
CL0001191,E0001322,P000321,F01,Medicare,2025-09-25,2025-10-10,2099.40,782.37,paid,0,,
CL0001192,E0001323,P001235,F02,Northstar Advantage,2025-09-27,2025-10-16,2079.51,759.57,paid,0,,
CL0001193,E0001325,P000416,F04,Medicare,2025-09-28,2025-10-21,266.37,93.09,paid,0,,
CL0001194,E0001327,P001242,F02,Northstar Advantage,2025-10-08,2025-11-09,21660.15,7880.74,paid,0,,
CL0001195,E0001328,P000520,F15,Medicare,2025-09-28,2025-10-30,208.24,70.03,paid,0,,
CL0001196,E0001329,P001236,F10,Evergreen Health Plan,2025-09-27,2025-10-13,401.85,226.54,paid,0,,
CL0001197,E0001330,P000812,F05,Northstar Advantage,2025-09-28,2025-10-23,193.91,76.34,paid,0,,
CL0001198,E0001331,P000419,F04,Northstar Advantage,2025-09-27,2025-10-19,119.33,44.26,paid,0,,
CL0001199,E0001332,P000218,F03,Northstar Advantage,2025-10-07,2025-11-01,41557.71,15906.74,paid,0,,
CL0001200,E0001333,P000516,F04,Cascade Mutual,2025-09-27,2025-10-24,192.70,102.92,paid,0,,
CL0001201,E0001334,P000162,F06,Medicare,2025-09-28,2025-10-19,214.98,79.18,paid,0,,
CL0001202,E0001336,P001273,F02,Medicare,2025-10-10,2025-10-22,48895.20,17979.76,paid,0,,
CL0001203,E0001337,P000855,F10,Medicare,2025-09-27,2025-10-24,342.26,122.06,paid,0,,
CL0001204,E0001338,P000585,F05,Northstar Advantage,2025-09-26,2025-10-15,348.02,126.16,paid,0,,
CL0001205,E0001339,P000830,F10,Northstar Advantage,2025-09-26,2025-10-09,235.60,0.00,denied,1,Timely filing,overturned
CL0001206,E0001341,P000428,F03,Cascade Mutual,2025-10-06,2025-11-05,20466.03,11233.61,paid,0,,
CL0001207,E0001342,P000852,F01,Medicare,2025-09-28,2025-10-23,2677.31,905.43,paid,0,,
CL0001208,E0001344,P000616,F13,Medicare,2025-09-29,2025-10-17,269.40,99.73,paid,0,,
CL0001209,E0001345,P000434,F11,Medicare,2025-09-27,2025-10-31,339.51,113.89,paid,0,,
CL0001210,E0001346,P001178,F08,Northstar Advantage,2025-09-29,2025-10-25,483.59,180.85,paid,0,,
CL0001211,E0001347,P000295,F01,Medicare,2025-10-08,2025-11-10,29463.97,10313.57,paid,0,,
CL0001212,E0001348,P000207,F02,Medicare,2025-09-30,2025-10-18,5000.55,1811.43,paid,0,,
CL0001213,E0001350,P000164,F08,Medicare,2025-09-27,2025-10-13,148.80,54.82,paid,0,,
CL0001214,E0001351,P000752,F09,Northstar Advantage,2025-09-29,2025-11-03,374.33,137.60,paid,0,,
CL0001215,E0001352,P000363,F11,Medicare,2025-09-28,2025-10-08,888.37,320.96,paid,0,,
CL0001216,E0001353,P000516,F01,Cascade Mutual,2025-10-05,2025-11-03,18281.02,9666.53,paid,0,,
CL0001217,E0001354,P000122,F08,Northstar Advantage,2025-09-30,2025-10-26,273.30,104.74,paid,0,,
CL0001218,E0001355,P000971,F04,Self-pay,2025-09-29,2025-10-15,279.47,38.30,paid,0,,
CL0001219,E0001357,P001088,F01,Medicare,2025-10-05,2025-11-01,17375.69,6335.01,paid,0,,
CL0001220,E0001358,P000643,F01,Medicare,2025-10-04,2025-10-23,19966.36,7389.07,paid,0,,
CL0001221,E0001359,P001309,F01,Cascade Mutual,2025-09-30,2025-10-16,2287.92,1210.49,paid,0,,
CL0001222,E0001360,P000677,F03,Medicaid,2025-10-01,2025-10-12,3294.55,969.55,paid,0,,
CL0001223,E0001361,P000058,F01,Northstar Advantage,2025-10-05,2025-10-31,9314.17,3766.52,paid,0,,
CL0001224,E0001362,P000357,F01,Medicare,2025-10-08,2025-11-11,39273.78,13107.20,paid,0,,
CL0001225,E0001363,P001326,F01,Medicare,2025-10-01,2025-11-05,1957.45,727.58,paid,0,,
CL0001226,E0001365,P000015,F03,Evergreen Health Plan,2025-10-13,2025-11-05,37514.65,19586.14,paid,0,,
CL0001227,E0001367,P000051,F01,Medicare,2025-10-07,2025-11-02,23916.58,8161.40,paid,0,,
CL0001228,E0001368,P000625,F03,Evergreen Health Plan,2025-10-09,2025-10-29,29958.50,17359.91,paid,0,,
CL0001229,E0001369,P000530,F06,Medicare,2025-09-30,2025-10-20,217.16,80.50,paid,0,,
CL0001230,E0001370,P000258,F03,Medicaid,2025-10-02,2025-10-27,3356.19,971.54,paid,0,,
CL0001231,E0001371,P000223,F06,Medicare,2025-10-01,2025-10-13,239.90,82.38,paid,0,,
CL0001232,E0001372,P000385,F11,Evergreen Health Plan,2025-09-30,2025-11-03,546.60,313.07,paid,0,,
CL0001233,E0001373,P000644,F07,Northstar Advantage,2025-09-30,2025-11-04,340.25,128.89,paid,0,,
CL0001234,E0001374,P000957,F10,Northstar Advantage,2025-09-30,2025-11-03,463.00,0.00,denied,1,Coding error,overturned
CL0001235,E0001375,P001025,F07,Northstar Advantage,2025-10-01,2025-10-14,279.25,109.30,paid,0,,
CL0001236,E0001376,P000065,F02,Northstar Advantage,2025-10-01,2025-10-25,1398.51,539.48,paid,0,,
CL0001237,E0001377,P001222,F10,Medicare,2025-10-02,2025-11-05,263.90,97.09,paid,0,,
CL0001238,E0001378,P000548,F04,Medicare,2025-10-03,2025-10-15,195.47,66.03,paid,0,,
CL0001239,E0001379,P000594,F05,Self-pay,2025-10-03,2025-10-30,180.96,23.37,paid,0,,
CL0001240,E0001380,P000367,F05,Cascade Mutual,2025-10-01,2025-10-29,173.83,97.38,paid,0,,
CL0001241,E0001381,P000217,F09,Northstar Advantage,2025-10-02,2025-10-26,393.47,142.47,paid,0,,
CL0001242,E0001383,P000337,F06,Medicare,2025-10-01,2025-10-23,342.98,115.38,paid,0,,
CL0001243,E0001384,P000412,F05,Cascade Mutual,2025-10-02,2025-10-28,442.60,236.78,paid,0,,
CL0001244,E0001385,P000830,F03,Northstar Advantage,2025-10-15,2025-10-28,30785.51,12184.11,paid,0,,
CL0001245,E0001386,P000749,F06,Cascade Mutual,2025-10-05,2025-10-29,301.73,156.54,paid,0,,
CL0001246,E0001387,P001179,F05,Medicare,2025-10-05,2025-10-22,338.01,118.95,paid,0,,
CL0001247,E0001388,P000815,F06,Northstar Advantage,2025-10-02,2025-11-05,339.93,128.14,paid,0,,
CL0001248,E0001390,P000516,F04,Cascade Mutual,2025-10-04,2025-11-02,366.46,199.74,paid,0,,
CL0001249,E0001391,P001048,F13,Medicare,2025-10-05,2025-10-27,341.93,116.54,paid,0,,
CL0001250,E0001392,P000285,F01,Medicare,2025-10-12,2025-11-07,42518.20,15776.57,paid,0,,
CL0001251,E0001393,P000963,F15,Evergreen Health Plan,2025-10-03,2025-11-01,212.61,115.98,paid,0,,
CL0001252,E0001394,P000507,F15,Northstar Advantage,2025-10-03,2025-11-04,875.62,332.53,paid,0,,
CL0001253,E0001395,P000085,F03,Cascade Mutual,2025-10-11,2025-10-31,18473.63,9531.27,paid,0,,
CL0001254,E0001397,P000152,F02,Cascade Mutual,2025-10-07,2025-10-29,10655.31,5552.50,paid,0,,
CL0001255,E0001398,P001164,F01,Medicaid,2025-10-14,2025-10-31,26056.04,7717.24,paid,0,,
CL0001256,E0001399,P000688,F02,Northstar Advantage,2025-10-13,2025-10-29,51477.37,18483.13,paid,0,,
CL0001257,E0001400,P001266,F15,Medicare,2025-10-04,2025-11-01,411.23,151.88,paid,0,,
CL0001258,E0001401,P000765,F15,Northstar Advantage,2025-10-05,2025-10-15,374.84,143.29,paid,0,,
CL0001259,E0001402,P000943,F06,Evergreen Health Plan,2025-10-05,2025-10-30,139.27,72.16,paid,0,,
CL0001260,E0001403,P000979,F15,Self-pay,2025-10-04,2025-10-22,689.95,95.61,paid,0,,
CL0001261,E0001404,P000582,F10,Medicare,2025-10-03,2025-11-02,491.35,173.44,paid,0,,
CL0001262,E0001405,P000434,F14,Medicare,2025-10-04,2025-10-25,361.52,133.93,paid,0,,
CL0001263,E0001406,P001324,F09,Medicare,2025-10-06,2025-11-03,201.43,71.41,paid,0,,
CL0001264,E0001407,P000289,F08,Cascade Mutual,2025-10-05,2025-11-06,271.89,145.11,paid,0,,
CL0001265,E0001408,P000427,F09,Cascade Mutual,2025-10-06,2025-10-18,370.82,205.72,paid,0,,
CL0001266,E0001409,P000837,F03,Evergreen Health Plan,2025-10-03,2025-10-15,1383.99,803.97,paid,0,,
CL0001267,E0001412,P000295,F11,Medicare,2025-10-04,2025-10-19,353.78,120.92,paid,0,,
CL0001268,E0001413,P000885,F03,Medicare,2025-10-12,2025-11-14,29948.16,10167.20,paid,0,,
CL0001269,E0001414,P000694,F05,Medicaid,2025-10-06,2025-10-28,710.15,212.41,paid,0,,
CL0001270,E0001415,P000810,F06,Evergreen Health Plan,2025-10-07,2025-11-07,421.22,235.98,paid,0,,
CL0001271,E0001416,P000675,F04,Evergreen Health Plan,2025-10-04,2025-10-28,112.04,0.00,denied,1,Coding error,none
CL0001272,E0001417,P000438,F03,Cascade Mutual,2025-10-10,2025-10-27,40525.47,20891.59,paid,0,,
CL0001273,E0001418,P000781,F14,Medicare,2025-10-06,2025-10-20,283.03,96.30,paid,0,,
CL0001274,E0001419,P001013,F11,Medicare,2025-10-06,2025-11-06,244.60,82.46,paid,0,,
CL0001275,E0001420,P000274,F06,Medicare,2025-10-06,2025-11-07,481.65,179.05,paid,0,,
CL0001276,E0001421,P001029,F05,Northstar Advantage,2025-10-04,2025-10-25,221.39,81.31,paid,0,,
CL0001277,E0001422,P000640,F01,Northstar Advantage,2025-10-05,2025-10-31,448.10,177.30,paid,0,,
CL0001278,E0001423,P001105,F03,Northstar Advantage,2025-10-06,2025-11-09,2192.19,866.78,paid,0,,
CL0001279,E0001424,P001137,F01,Medicare,2025-10-11,2025-11-10,12966.63,4843.89,paid,0,,
CL0001280,E0001426,P001378,F01,Northstar Advantage,2025-10-13,2025-10-25,17217.26,6436.07,paid,0,,
CL0001281,E0001428,P000493,F02,Evergreen Health Plan,2025-10-08,2025-11-08,2420.51,1343.49,paid,0,,
CL0001282,E0001429,P001262,F01,Self-pay,2025-10-14,2025-11-15,33217.45,4693.45,paid,0,,
CL0001283,E0001430,P000265,F08,Evergreen Health Plan,2025-10-09,2025-10-23,661.17,367.84,paid,0,,
CL0001284,E0001431,P000347,F10,Medicare,2025-10-09,2025-11-06,621.65,225.51,paid,0,,
CL0001285,E0001432,P001336,F11,Northstar Advantage,2025-10-07,2025-10-27,430.24,172.47,paid,0,,
CL0001286,E0001433,P001071,F05,Medicare,2025-10-07,2025-11-07,177.01,59.32,paid,0,,
CL0001287,E0001434,P000663,F07,Northstar Advantage,2025-10-08,2025-10-23,598.03,226.20,paid,0,,
CL0001288,E0001435,P000440,F08,Evergreen Health Plan,2025-10-11,2025-11-04,66.51,0.00,denied,1,Timely filing,none
CL0001289,E0001436,P000262,F06,Medicare,2025-10-11,2025-10-28,182.48,62.40,paid,0,,
CL0001290,E0001437,P001075,F07,Northstar Advantage,2025-10-11,2025-11-07,603.28,233.04,paid,0,,
CL0001291,E0001438,P001273,F06,Medicare,2025-10-10,2025-11-07,681.11,248.86,paid,0,,
CL0001292,E0001439,P000322,F04,Northstar Advantage,2025-10-11,2025-11-06,307.17,116.28,paid,0,,
CL0001293,E0001440,P000267,F02,Evergreen Health Plan,2025-10-09,2025-10-26,82.62,45.54,paid,0,,
CL0001294,E0001442,P000971,F04,Self-pay,2025-10-09,2025-11-11,238.57,32.44,paid,0,,
CL0001295,E0001444,P000778,F01,Medicare,2025-10-11,2025-10-25,4730.80,1693.88,paid,0,,
CL0001296,E0001445,P001103,F08,Medicare,2025-10-09,2025-10-20,256.21,86.48,paid,0,,
CL0001297,E0001446,P001092,F02,Cascade Mutual,2025-10-17,2025-11-17,46136.74,25253.99,paid,0,,
CL0001298,E0001447,P000011,F03,Medicare,2025-10-12,2025-11-12,292.10,104.88,paid,0,,
CL0001299,E0001448,P000656,F10,Medicare,2025-10-10,2025-10-31,446.41,162.50,paid,0,,
CL0001300,E0001449,P001003,F02,Self-pay,2025-10-17,2025-11-04,40759.37,5840.66,paid,0,,
CL0001301,E0001450,P000109,F10,Medicare,2025-10-12,2025-11-05,220.06,79.37,paid,0,,
CL0001302,E0001451,P000409,F04,Medicaid,2025-10-11,2025-11-01,302.10,95.19,paid,0,,
CL0001303,E0001452,P000772,F09,Northstar Advantage,2025-10-11,2025-11-10,175.41,68.60,paid,0,,
CL0001304,E0001453,P000085,F03,Cascade Mutual,2025-10-10,2025-11-08,1551.54,868.01,paid,0,,
CL0001305,E0001455,P000222,F03,Self-pay,2025-10-20,2025-11-08,23374.13,3149.15,paid,0,,
CL0001306,E0001456,P001006,F03,Medicaid,2025-10-12,2025-11-03,536.18,0.00,denied,1,Timely filing,upheld
CL0001307,E0001457,P001312,F01,Cascade Mutual,2025-10-15,2025-10-30,28105.67,15607.56,paid,0,,
CL0001308,E0001458,P001109,F09,Evergreen Health Plan,2025-10-10,2025-11-09,229.71,128.27,paid,0,,
CL0001309,E0001459,P000152,F07,Cascade Mutual,2025-10-11,2025-10-24,604.70,318.94,paid,0,,
CL0001310,E0001460,P000411,F10,Cascade Mutual,2025-10-11,2025-10-24,232.25,116.40,paid,0,,
CL0001311,E0001462,P001271,F03,Medicare,2025-10-19,2025-11-14,37515.66,0.00,denied,1,Medical necessity,none
CL0001312,E0001463,P000899,F05,Northstar Advantage,2025-10-14,2025-10-29,114.93,41.85,paid,0,,
CL0001313,E0001464,P000875,F02,Medicare,2025-10-14,2025-11-07,1461.72,502.99,paid,0,,
CL0001314,E0001466,P001105,F09,Northstar Advantage,2025-10-11,2025-10-24,387.32,143.08,paid,0,,
CL0001315,E0001467,P000959,F03,Northstar Advantage,2025-10-19,2025-11-19,15751.96,6076.97,paid,0,,
CL0001316,E0001468,P000830,F11,Northstar Advantage,2025-10-13,2025-11-05,464.25,175.65,paid,0,,
CL0001317,E0001469,P000722,F08,Medicare,2025-10-12,2025-10-29,387.79,136.43,paid,0,,
CL0001318,E0001470,P001091,F09,Medicare,2025-10-14,2025-11-02,409.05,143.15,paid,0,,
CL0001319,E0001471,P000438,F05,Cascade Mutual,2025-10-14,2025-10-30,1335.82,674.04,paid,0,,
CL0001320,E0001472,P001375,F01,Evergreen Health Plan,2025-10-22,2025-11-04,25928.96,13890.94,paid,0,,
CL0001321,E0001475,P001342,F02,Northstar Advantage,2025-10-19,2025-11-16,21609.67,0.00,denied,1,Coding error,upheld
CL0001322,E0001476,P000797,F03,Northstar Advantage,2025-10-22,2025-11-04,33756.09,0.00,denied,1,Coding error,none
CL0001323,E0001478,P000293,F02,Evergreen Health Plan,2025-10-16,2025-11-07,2590.30,1354.34,paid,0,,
CL0001324,E0001479,P000830,F02,Northstar Advantage,2025-10-27,2025-11-18,31649.88,0.00,denied,1,Medical necessity,none
CL0001325,E0001480,P000114,F15,Cascade Mutual,2025-10-17,2025-11-17,322.92,167.73,paid,0,,
CL0001326,E0001481,P000622,F07,Medicare,2025-10-15,2025-11-14,748.53,275.78,paid,0,,
CL0001327,E0001482,P001048,F11,Medicare,2025-10-14,2025-11-06,254.76,92.40,paid,0,,
CL0001328,E0001483,P000885,F05,Medicare,2025-10-14,2025-11-18,324.91,108.89,paid,0,,
CL0001329,E0001484,P001387,F03,Self-pay,2025-10-14,2025-11-07,240.16,31.88,paid,0,,
CL0001330,E0001485,P000688,F11,Northstar Advantage,2025-10-16,2025-11-16,811.45,304.04,paid,0,,
CL0001331,E0001486,P000968,F11,Northstar Advantage,2025-10-15,2025-11-10,383.63,140.45,paid,0,,
CL0001332,E0001487,P001337,F07,Medicaid,2025-10-15,2025-11-19,268.37,86.17,paid,0,,
CL0001333,E0001488,P000246,F10,Medicare,2025-10-14,2025-11-08,315.81,112.99,paid,0,,
CL0001334,E0001489,P000749,F02,Cascade Mutual,2025-10-26,2025-11-25,21525.48,11374.71,paid,0,,
CL0001335,E0001491,P001110,F07,Medicare,2025-10-15,2025-10-30,384.35,132.28,paid,0,,
CL0001336,E0001492,P001002,F04,Medicare,2025-10-17,2025-10-27,302.84,111.55,paid,0,,
CL0001337,E0001493,P000860,F01,Northstar Advantage,2025-10-15,2025-11-02,1321.34,0.00,denied,1,Medical necessity,upheld
CL0001338,E0001494,P000814,F02,Northstar Advantage,2025-10-21,2025-11-24,24906.66,9202.48,paid,0,,
CL0001339,E0001495,P001029,F05,Northstar Advantage,2025-10-18,2025-10-28,256.87,103.52,paid,0,,
CL0001340,E0001496,P001127,F08,Northstar Advantage,2025-10-15,2025-11-19,423.12,164.14,paid,0,,
CL0001341,E0001497,P000478,F07,Northstar Advantage,2025-10-16,2025-11-01,440.04,176.81,paid,0,,
CL0001342,E0001498,P001378,F04,Northstar Advantage,2025-10-15,2025-11-14,573.94,212.50,paid,0,,
CL0001343,E0001500,P000688,F11,Northstar Advantage,2025-10-17,2025-11-11,238.46,87.67,paid,0,,
CL0001344,E0001501,P000819,F01,Evergreen Health Plan,2025-10-18,2025-11-16,1661.40,883.96,paid,0,,
CL0001345,E0001502,P000896,F03,Medicare,2025-10-27,2025-11-24,23812.98,8455.75,paid,0,,
CL0001346,E0001504,P000251,F03,Evergreen Health Plan,2025-10-22,2025-11-19,16508.60,9291.25,paid,0,,
CL0001347,E0001505,P000670,F03,Medicare,2025-10-16,2025-10-30,2321.88,829.01,paid,0,,
CL0001348,E0001506,P001375,F06,Evergreen Health Plan,2025-10-17,2025-11-09,276.32,159.64,paid,0,,
CL0001349,E0001507,P001191,F08,Medicare,2025-10-16,2025-11-09,198.38,70.46,paid,0,,
CL0001350,E0001508,P000959,F07,Northstar Advantage,2025-10-19,2025-11-10,667.45,266.60,paid,0,,
CL0001351,E0001509,P000963,F01,Evergreen Health Plan,2025-10-19,2025-11-20,144.49,78.19,paid,0,,
CL0001352,E0001510,P000462,F01,Self-pay,2025-10-17,2025-11-13,1424.91,205.25,paid,0,,
CL0001353,E0001511,P000754,F06,Evergreen Health Plan,2025-10-17,2025-11-10,458.87,266.36,paid,0,,
CL0001354,E0001512,P000929,F15,Medicare,2025-10-19,2025-11-14,278.12,98.72,paid,0,,
CL0001355,E0001513,P000563,F11,Medicare,2025-10-18,2025-11-13,166.26,59.47,paid,0,,
CL0001356,E0001514,P001004,F04,Northstar Advantage,2025-10-19,2025-11-23,236.34,89.41,paid,0,,
CL0001357,E0001515,P001345,F08,Medicaid,2025-10-16,2025-11-10,285.95,87.59,paid,0,,
CL0001358,E0001516,P000684,F08,Northstar Advantage,2025-10-16,2025-11-05,417.02,155.03,paid,0,,
CL0001359,E0001517,P000757,F02,Northstar Advantage,2025-10-19,2025-11-16,2127.28,859.28,paid,0,,
CL0001360,E0001518,P000127,F06,Cascade Mutual,2025-10-20,2025-11-03,253.54,126.31,paid,0,,
CL0001361,E0001519,P000547,F07,Self-pay,2025-10-17,2025-11-02,492.68,64.62,paid,0,,
CL0001362,E0001520,P000209,F05,Medicare,2025-10-19,2025-11-18,794.67,288.06,paid,0,,
CL0001363,E0001521,P000708,F03,Medicare,2025-10-17,2025-11-06,1474.84,520.94,paid,0,,
CL0001364,E0001522,P000386,F15,Evergreen Health Plan,2025-10-20,2025-11-06,186.55,108.30,paid,0,,
CL0001365,E0001523,P001003,F10,Self-pay,2025-10-17,2025-11-09,166.34,23.54,paid,0,,
CL0001366,E0001524,P000498,F15,Medicaid,2025-10-17,2025-11-18,683.75,218.40,paid,0,,
CL0001367,E0001525,P000127,F03,Cascade Mutual,2025-10-17,2025-10-30,281.54,140.33,paid,0,,
CL0001368,E0001526,P000428,F06,Cascade Mutual,2025-10-18,2025-11-01,461.55,244.05,paid,0,,
CL0001369,E0001527,P000201,F04,Medicare,2025-10-18,2025-11-10,310.89,115.12,paid,0,,
CL0001370,E0001528,P000796,F09,Northstar Advantage,2025-10-18,2025-11-16,306.21,0.00,denied,1,Incomplete documentation,overturned
CL0001371,E0001529,P001271,F15,Medicare,2025-10-21,2025-11-16,648.03,237.00,paid,0,,
CL0001372,E0001530,P001164,F08,Medicaid,2025-10-18,2025-11-21,360.36,104.53,paid,0,,
CL0001373,E0001531,P001074,F09,Medicare,2025-10-20,2025-11-15,329.28,117.82,paid,0,,
CL0001374,E0001532,P000886,F09,Northstar Advantage,2025-10-20,2025-11-20,63.98,23.09,paid,0,,
CL0001375,E0001533,P000184,F01,Medicaid,2025-10-28,2025-11-08,22652.00,6797.03,paid,0,,
CL0001376,E0001534,P000620,F01,Northstar Advantage,2025-10-26,2025-11-11,34018.34,13202.18,paid,0,,
CL0001377,E0001535,P001337,F03,Medicaid,2025-10-21,2025-11-13,1298.38,416.84,paid,0,,
CL0001378,E0001537,P000147,F01,Cascade Mutual,2025-10-30,2025-11-18,31120.11,16005.50,paid,0,,
CL0001379,E0001538,P000083,F02,Evergreen Health Plan,2025-10-27,2025-11-22,15625.96,8076.64,paid,0,,
CL0001380,E0001539,P001273,F02,Medicare,2025-10-28,2025-11-15,17865.06,5979.20,paid,0,,
CL0001381,E0001540,P000416,F01,Medicare,2025-10-21,2025-10-31,1481.20,525.18,paid,0,,
CL0001382,E0001541,P000759,F03,Medicare,2025-10-30,2025-11-20,15641.63,5583.56,paid,0,,
CL0001383,E0001542,P000450,F02,Self-pay,2025-10-26,2025-11-08,24940.11,3446.42,paid,0,,
CL0001384,E0001543,P001237,F06,Northstar Advantage,2025-10-21,2025-10-31,287.12,0.00,denied,1,Timely filing,upheld
CL0001385,E0001547,P000682,F06,Medicaid,2025-10-22,2025-11-16,134.00,39.22,paid,0,,
CL0001386,E0001548,P001003,F02,Self-pay,2025-10-21,2025-11-05,1954.73,277.16,paid,0,,
CL0001387,E0001549,P001218,F08,Medicare,2025-10-23,2025-11-12,390.94,141.72,paid,0,,
CL0001388,E0001550,P000051,F10,Medicare,2025-10-21,2025-11-16,391.06,135.72,paid,0,,
CL0001389,E0001551,P000702,F03,Northstar Advantage,2025-10-25,2025-11-20,17476.84,6952.12,paid,0,,
CL0001390,E0001552,P000677,F03,Medicaid,2025-10-22,2025-11-06,2174.98,671.13,paid,0,,
CL0001391,E0001553,P000666,F01,Cascade Mutual,2025-11-07,2025-12-09,44697.06,22417.46,paid,0,,
CL0001392,E0001554,P000295,F01,Medicare,2025-10-29,2025-11-30,29294.29,10321.26,paid,0,,
CL0001393,E0001556,P000498,F02,Medicaid,2025-10-24,2025-11-17,2887.78,921.75,paid,0,,
CL0001394,E0001557,P001146,F04,Northstar Advantage,2025-10-22,2025-11-19,370.29,149.49,paid,0,,
CL0001395,E0001558,P000959,F03,Northstar Advantage,2025-11-06,2025-12-10,60377.40,22063.57,paid,0,,
CL0001396,E0001559,P000285,F04,Medicare,2025-10-22,2025-11-15,359.96,0.00,denied,1,Prior authorization missing,overturned
CL0001397,E0001560,P000814,F07,Northstar Advantage,2025-10-23,2025-11-13,294.88,114.12,paid,0,,
CL0001398,E0001561,P000803,F11,Northstar Advantage,2025-10-24,2025-11-25,203.07,82.10,paid,0,,
CL0001399,E0001562,P000381,F11,Medicaid,2025-10-22,2025-11-04,204.81,61.99,paid,0,,
CL0001400,E0001563,P001369,F01,Northstar Advantage,2025-10-30,2025-11-27,20740.20,7495.85,paid,0,,
CL0001401,E0001564,P000816,F01,Medicare,2025-10-24,2025-11-08,359.15,133.13,paid,0,,
CL0001402,E0001565,P000698,F01,Evergreen Health Plan,2025-11-02,2025-11-19,36126.19,18642.40,paid,0,,
CL0001403,E0001566,P001342,F07,Northstar Advantage,2025-10-23,2025-11-04,266.00,102.26,paid,0,,
CL0001404,E0001568,P001239,F05,Northstar Advantage,2025-10-24,2025-11-26,502.45,181.89,paid,0,,
CL0001405,E0001569,P001061,F10,Cascade Mutual,2025-10-24,2025-11-11,228.82,116.44,paid,0,,
CL0001406,E0001570,P001153,F11,Northstar Advantage,2025-10-25,2025-11-18,131.55,49.38,paid,0,,
CL0001407,E0001572,P000187,F03,Medicare,2025-11-05,2025-11-30,20757.35,7614.19,paid,0,,
CL0001408,E0001573,P000874,F03,Evergreen Health Plan,2025-11-01,2025-11-19,25782.78,13475.76,paid,0,,
CL0001409,E0001575,P000738,F03,Northstar Advantage,2025-10-31,2025-11-25,18727.84,6761.67,paid,0,,
CL0001410,E0001577,P001078,F07,Medicare,2025-10-26,2025-11-18,443.48,148.17,paid,0,,
CL0001411,E0001579,P001171,F13,Medicare,2025-10-26,2025-11-24,189.90,67.01,paid,0,,
CL0001412,E0001580,P000226,F02,Northstar Advantage,2025-10-31,2025-11-28,17987.99,6769.12,paid,0,,
CL0001413,E0001581,P000285,F04,Medicare,2025-10-26,2025-11-14,216.30,80.78,paid,0,,
CL0001414,E0001582,P000896,F10,Medicare,2025-10-25,2025-11-13,388.44,135.56,paid,0,,
CL0001415,E0001584,P000894,F04,Medicare,2025-10-25,2025-11-19,185.98,0.00,denied,1,Coding error,overturned
CL0001416,E0001585,P000262,F01,Medicare,2025-11-01,2025-11-28,16680.69,5649.37,paid,0,,
CL0001417,E0001586,P000057,F01,Medicare,2025-11-02,2025-11-12,11327.49,3809.70,paid,0,,
CL0001418,E0001587,P000501,F02,Medicare,2025-10-28,2025-11-18,124.93,42.65,paid,0,,
CL0001419,E0001588,P001076,F04,Medicare,2025-10-25,2025-11-05,454.40,159.71,paid,0,,
CL0001420,E0001589,P000688,F02,Northstar Advantage,2025-10-25,2025-11-08,1673.52,646.48,paid,0,,
CL0001421,E0001592,P001207,F01,Medicare,2025-11-11,2025-12-02,48852.52,17687.62,paid,0,,
CL0001422,E0001595,P000839,F01,Medicare,2025-10-31,2025-11-28,31982.95,11469.58,paid,0,,
CL0001423,E0001596,P000480,F02,Medicare,2025-11-04,2025-11-19,22275.64,8276.02,paid,0,,
CL0001424,E0001597,P001146,F03,Northstar Advantage,2025-11-09,2025-11-24,26481.78,10128.84,paid,0,,
CL0001425,E0001598,P001046,F03,Medicare,2025-10-29,2025-11-26,3399.47,1261.43,paid,0,,
CL0001426,E0001599,P000087,F01,Medicaid,2025-11-01,2025-11-16,20179.28,6330.57,paid,0,,
CL0001427,E0001600,P000434,F03,Medicare,2025-10-29,2025-11-16,2628.77,979.57,paid,0,,
CL0001428,E0001601,P000022,F01,Medicare,2025-11-11,2025-11-25,40700.31,14336.66,paid,0,,
CL0001429,E0001602,P000727,F02,Northstar Advantage,2025-10-31,2025-11-11,7396.96,2802.00,paid,0,,
CL0001430,E0001604,P000428,F03,Cascade Mutual,2025-11-09,2025-11-20,36582.74,0.00,denied,1,Medical necessity,overturned
CL0001431,E0001605,P000782,F02,Medicare,2025-11-01,2025-12-02,12641.73,4607.72,paid,0,,
CL0001432,E0001606,P000445,F05,Cascade Mutual,2025-10-31,2025-11-16,125.41,63.06,paid,0,,
CL0001433,E0001608,P000749,F06,Cascade Mutual,2025-10-30,2025-11-18,224.55,117.35,paid,0,,
CL0001434,E0001609,P001187,F03,Cascade Mutual,2025-11-01,2025-11-24,15970.82,8311.97,paid,0,,
CL0001435,E0001610,P001184,F06,Northstar Advantage,2025-10-28,2025-11-14,535.27,206.48,paid,0,,
CL0001436,E0001611,P000063,F05,Medicare,2025-10-31,2025-11-16,553.58,194.29,paid,0,,
CL0001437,E0001613,P000359,F06,Medicare,2025-10-31,2025-11-11,385.06,131.04,paid,0,,
CL0001438,E0001614,P000396,F03,Medicare,2025-11-04,2025-11-28,13835.62,4793.96,paid,0,,
CL0001439,E0001615,P000088,F10,Medicare,2025-10-28,2025-11-30,169.42,56.79,paid,0,,
CL0001440,E0001616,P000759,F15,Medicare,2025-10-31,2025-11-18,455.61,159.80,paid,0,,
CL0001441,E0001617,P000083,F11,Evergreen Health Plan,2025-10-28,2025-12-01,433.98,243.94,paid,0,,
CL0001442,E0001618,P000450,F09,Self-pay,2025-10-29,2025-11-12,529.32,73.95,paid,0,,
CL0001443,E0001619,P000643,F01,Medicare,2025-11-08,2025-11-23,45540.19,16499.47,paid,0,,
CL0001444,E0001620,P000394,F01,Evergreen Health Plan,2025-10-31,2025-11-14,1628.86,919.28,paid,0,,
CL0001445,E0001622,P000031,F07,Medicaid,2025-10-31,2025-11-11,145.03,43.77,paid,0,,
CL0001446,E0001623,P000295,F11,Medicare,2025-11-01,2025-11-23,492.86,181.36,paid,0,,
CL0001447,E0001624,P000061,F01,Evergreen Health Plan,2025-11-02,2025-11-21,16756.19,9122.06,paid,0,,
CL0001448,E0001625,P001217,F08,Medicare,2025-10-30,2025-11-13,248.71,0.00,denied,1,Eligibility or coverage lapse,none
CL0001449,E0001627,P000972,F02,Medicare,2025-11-02,2025-11-18,1146.07,407.83,paid,0,,
CL0001450,E0001628,P001378,F01,Northstar Advantage,2025-11-06,2025-12-08,20782.18,8125.48,paid,0,,
CL0001451,E0001629,P000222,F06,Self-pay,2025-11-02,2025-11-21,420.07,58.69,paid,0,,
CL0001452,E0001630,P000437,F04,Medicare,2025-11-01,2025-11-26,128.44,44.70,paid,0,,
CL0001453,E0001631,P000525,F01,Medicare,2025-10-30,2025-11-09,1605.75,570.50,paid,0,,
CL0001454,E0001632,P000187,F07,Medicare,2025-11-01,2025-11-21,255.45,85.40,paid,0,,
CL0001455,E0001633,P000004,F06,Medicaid,2025-11-01,2025-12-03,420.03,122.95,paid,0,,
CL0001456,E0001634,P000315,F03,Cascade Mutual,2025-11-03,2025-11-16,1010.87,540.08,paid,0,,
CL0001457,E0001635,P000809,F02,Northstar Advantage,2025-10-31,2025-11-12,1481.03,0.00,denied,1,Duplicate claim,upheld
CL0001458,E0001636,P000206,F04,Cascade Mutual,2025-10-31,2025-11-18,205.14,103.86,paid,0,,
CL0001459,E0001637,P001187,F10,Cascade Mutual,2025-11-03,2025-11-18,190.32,95.79,paid,0,,
CL0001460,E0001639,P001342,F02,Northstar Advantage,2025-11-02,2025-11-26,192.27,0.00,denied,1,Timely filing,upheld
CL0001461,E0001640,P000370,F06,Northstar Advantage,2025-11-03,2025-12-05,134.51,0.00,denied,1,Eligibility or coverage lapse,overturned
CL0001462,E0001641,P000586,F15,Evergreen Health Plan,2025-10-31,2025-11-24,375.72,211.02,paid,0,,
CL0001463,E0001642,P000085,F15,Cascade Mutual,2025-11-01,2025-11-26,83.35,41.85,paid,0,,
CL0001464,E0001643,P001313,F02,Medicaid,2025-11-10,2025-11-29,38130.83,12011.81,paid,0,,
CL0001465,E0001644,P000727,F02,Northstar Advantage,2025-11-06,2025-12-10,11950.69,4568.24,paid,0,,
CL0001466,E0001646,P000289,F03,Cascade Mutual,2025-11-09,2025-11-28,17593.28,9880.33,paid,0,,
CL0001467,E0001648,P000266,F01,Evergreen Health Plan,2025-11-08,2025-11-29,20571.13,11545.19,paid,0,,
CL0001468,E0001649,P000094,F08,Cascade Mutual,2025-11-02,2025-11-21,290.47,150.35,paid,0,,
CL0001469,E0001650,P000797,F04,Northstar Advantage,2025-11-04,2025-11-22,451.10,171.18,paid,0,,
CL0001470,E0001651,P000208,F06,Medicare,2025-11-04,2025-11-25,229.71,80.77,paid,0,,
CL0001471,E0001653,P000262,F06,Medicare,2025-11-02,2025-11-15,616.37,209.49,paid,0,,
CL0001472,E0001654,P000426,F08,Evergreen Health Plan,2025-11-03,2025-11-27,196.62,102.34,paid,0,,
CL0001473,E0001655,P000607,F15,Cascade Mutual,2025-11-02,2025-11-14,721.11,363.50,paid,0,,
CL0001474,E0001657,P000698,F04,Evergreen Health Plan,2025-11-03,2025-11-26,918.91,478.46,paid,0,,
CL0001475,E0001658,P000320,F03,Northstar Advantage,2025-11-11,2025-12-10,17322.24,6456.14,paid,0,,
CL0001476,E0001659,P001006,F03,Medicaid,2025-11-07,2025-11-21,13050.43,3848.11,paid,0,,
CL0001477,E0001660,P001273,F02,Medicare,2025-11-05,2025-11-22,1597.56,557.03,paid,0,,
CL0001478,E0001661,P000521,F03,Medicaid,2025-11-08,2025-11-25,20962.29,6340.15,paid,0,,
CL0001479,E0001663,P000782,F02,Medicare,2025-11-12,2025-12-09,30114.25,10447.37,paid,0,,
CL0001480,E0001666,P000527,F02,Northstar Advantage,2025-11-11,2025-12-09,17634.28,6870.53,paid,0,,
CL0001481,E0001668,P000830,F02,Northstar Advantage,2025-11-17,2025-12-06,37571.11,0.00,denied,1,Eligibility or coverage lapse,overturned
CL0001482,E0001669,P000803,F02,Northstar Advantage,2025-11-12,2025-12-01,33221.33,12463.69,paid,0,,
CL0001483,E0001670,P000016,F06,Medicare,2025-11-04,2025-12-09,143.39,47.69,paid,0,,
CL0001484,E0001672,P001273,F06,Medicare,2025-11-04,2025-12-04,200.46,74.92,paid,0,,
CL0001485,E0001673,P001155,F01,Evergreen Health Plan,2025-11-15,2025-12-02,27389.04,15520.37,paid,0,,
CL0001486,E0001674,P000870,F02,Medicare,2025-11-14,2025-12-19,45055.16,15563.89,paid,0,,
CL0001487,E0001675,P000623,F08,Medicare,2025-11-04,2025-12-09,304.78,112.88,paid,0,,
CL0001488,E0001676,P000268,F01,Medicare,2025-11-07,2025-11-18,127.56,44.39,paid,0,,
CL0001489,E0001677,P001369,F04,Northstar Advantage,2025-11-07,2025-11-21,206.75,75.13,paid,0,,
CL0001490,E0001678,P001266,F03,Medicare,2025-11-18,2025-12-14,33194.81,11396.99,paid,0,,
CL0001491,E0001679,P000655,F10,Medicaid,2025-11-07,2025-11-23,166.72,53.75,paid,0,,
CL0001492,E0001680,P000959,F07,Northstar Advantage,2025-11-07,2025-11-21,716.60,278.59,paid,0,,
CL0001493,E0001682,P000503,F02,Cascade Mutual,2025-11-14,2025-12-14,29076.58,14977.59,paid,0,,
CL0001494,E0001683,P000677,F07,Medicaid,2025-11-07,2025-12-03,273.98,81.22,paid,0,,
CL0001495,E0001684,P001062,F11,Cascade Mutual,2025-11-06,2025-11-19,259.09,128.89,paid,0,,
CL0001496,E0001685,P000258,F03,Medicaid,2025-11-07,2025-11-25,374.60,112.26,paid,0,,
CL0001497,E0001686,P000066,F02,Evergreen Health Plan,2025-11-06,2025-12-06,1940.34,1069.05,paid,0,,
CL0001498,E0001687,P000246,F10,Medicare,2025-11-07,2025-12-07,348.70,124.70,paid,0,,
CL0001499,E0001688,P000666,F06,Cascade Mutual,2025-11-09,2025-11-27,583.46,310.24,paid,0,,
CL0001500,E0001689,P001003,F04,Self-pay,2025-11-07,2025-11-24,96.00,12.49,paid,0,,
CL0001501,E0001690,P000155,F06,Cascade Mutual,2025-11-10,2025-12-10,344.16,181.21,paid,0,,
CL0001502,E0001692,P000450,F02,Self-pay,2025-11-09,2025-12-09,1430.63,193.77,paid,0,,
CL0001503,E0001693,P000320,F05,Northstar Advantage,2025-11-07,2025-11-26,342.12,125.86,paid,0,,
CL0001504,E0001694,P001133,F02,Northstar Advantage,2025-11-14,2025-12-12,18895.69,6971.94,paid,0,,
CL0001505,E0001695,P001334,F04,Evergreen Health Plan,2025-11-09,2025-12-09,121.77,62.94,paid,0,,
CL0001506,E0001696,P000670,F07,Medicare,2025-11-07,2025-11-20,262.65,97.14,paid,0,,
CL0001507,E0001697,P000212,F02,Medicare,2025-11-07,2025-11-30,310.06,112.80,paid,0,,
CL0001508,E0001698,P001378,F04,Northstar Advantage,2025-11-09,2025-12-10,407.25,151.44,paid,0,,
CL0001509,E0001699,P000289,F08,Cascade Mutual,2025-11-09,2025-11-21,213.78,117.28,paid,0,,
CL0001510,E0001700,P000727,F05,Northstar Advantage,2025-11-08,2025-12-13,1128.37,435.43,paid,0,,
CL0001511,E0001702,P001016,F15,Evergreen Health Plan,2025-11-09,2025-11-27,698.32,397.95,paid,0,,
CL0001512,E0001703,P001143,F05,Northstar Advantage,2025-11-10,2025-11-29,220.86,82.44,paid,0,,
CL0001513,E0001704,P000267,F02,Evergreen Health Plan,2025-11-14,2025-11-25,22570.71,12348.97,paid,0,,
CL0001514,E0001705,P001142,F05,Medicare,2025-11-08,2025-12-04,192.65,64.89,paid,0,,
CL0001515,E0001706,P000327,F07,Medicaid,2025-11-08,2025-12-09,261.97,76.26,paid,0,,
CL0001516,E0001707,P000369,F11,Northstar Advantage,2025-11-11,2025-12-07,335.23,125.19,paid,0,,
CL0001517,E0001709,P000616,F04,Medicare,2025-11-09,2025-11-21,233.10,77.50,paid,0,,
CL0001518,E0001710,P000874,F10,Evergreen Health Plan,2025-11-11,2025-12-15,242.83,139.10,paid,0,,
CL0001519,E0001711,P001268,F01,Medicare,2025-11-13,2025-12-11,19630.52,7270.14,paid,0,,
CL0001520,E0001713,P000782,F02,Medicare,2025-11-20,2025-11-30,34427.82,11857.99,paid,0,,
CL0001521,E0001714,P000855,F03,Medicare,2025-11-10,2025-11-21,1997.33,722.29,paid,0,,
CL0001522,E0001716,P000087,F01,Medicaid,2025-11-17,2025-12-18,29591.62,9215.73,paid,0,,
CL0001523,E0001717,P000498,F02,Medicaid,2025-11-11,2025-12-14,2600.00,760.67,paid,0,,
CL0001524,E0001718,P000007,F03,Northstar Advantage,2025-11-18,2025-12-04,18449.20,6974.97,paid,0,,
CL0001525,E0001719,P000147,F07,Cascade Mutual,2025-11-13,2025-12-17,210.11,116.83,paid,0,,
CL0001526,E0001720,P001004,F01,Northstar Advantage,2025-11-11,2025-12-08,136.88,52.37,paid,0,,
CL0001527,E0001721,P000701,F04,Medicaid,2025-11-12,2025-12-08,464.23,145.59,paid,0,,
CL0001528,E0001722,P000358,F04,Medicaid,2025-11-12,2025-12-05,335.69,98.04,paid,0,,
CL0001529,E0001723,P000224,F02,Medicaid,2025-11-17,2025-12-21,13437.94,3852.25,paid,0,,
CL0001530,E0001724,P000899,F03,Northstar Advantage,2025-11-18,2025-12-06,22595.09,8424.21,paid,0,,
CL0001531,E0001726,P001313,F01,Medicaid,2025-11-18,2025-11-30,24230.95,7758.21,paid,0,,
CL0001532,E0001728,P000727,F02,Northstar Advantage,2025-11-19,2025-12-10,21817.37,8837.39,paid,0,,
CL0001533,E0001729,P000095,F01,Cascade Mutual,2025-11-13,2025-12-13,456.56,0.00,denied,1,Timely filing,none
CL0001534,E0001730,P001155,F06,Evergreen Health Plan,2025-11-15,2025-12-10,480.02,277.63,paid,0,,
CL0001535,E0001731,P001260,F09,Medicare,2025-11-13,2025-12-07,303.79,104.76,paid,0,,
CL0001536,E0001732,P000160,F01,Northstar Advantage,2025-11-14,2025-11-28,957.42,386.83,paid,0,,
CL0001537,E0001733,P001066,F09,Cascade Mutual,2025-11-15,2025-11-29,139.22,76.76,paid,0,,
CL0001538,E0001734,P001227,F03,Medicaid,2025-11-12,2025-12-12,1837.41,574.27,paid,0,,
CL0001539,E0001735,P001136,F07,Evergreen Health Plan,2025-11-15,2025-11-28,252.98,0.00,denied,1,Duplicate claim,overturned
CL0001540,E0001736,P001225,F05,Medicaid,2025-11-14,2025-12-12,155.05,48.15,paid,0,,
CL0001541,E0001737,P000862,F01,Evergreen Health Plan,2025-11-13,2025-11-29,368.65,195.05,paid,0,,
CL0001542,E0001738,P000793,F15,Medicare,2025-11-13,2025-12-08,264.75,93.25,paid,0,,
CL0001543,E0001739,P000117,F08,Evergreen Health Plan,2025-11-14,2025-12-19,276.32,160.31,paid,0,,
CL0001544,E0001740,P000499,F02,Evergreen Health Plan,2025-11-13,2025-12-05,2013.96,1115.90,paid,0,,
CL0001545,E0001741,P000741,F01,Medicare,2025-11-25,2025-12-07,48300.60,17580.76,paid,0,,
CL0001546,E0001743,P001128,F07,Medicare,2025-11-13,2025-12-06,162.53,54.83,paid,0,,
CL0001547,E0001744,P000701,F04,Medicaid,2025-11-16,2025-12-01,393.57,112.30,paid,0,,
CL0001548,E0001745,P000455,F01,Evergreen Health Plan,2025-11-22,2025-12-14,22138.54,12605.39,paid,0,,
CL0001549,E0001746,P001394,F08,Medicare,2025-11-16,2025-12-20,220.70,75.02,paid,0,,
CL0001550,E0001747,P000184,F04,Medicaid,2025-11-14,2025-12-09,225.84,0.00,denied,1,Eligibility or coverage lapse,none
CL0001551,E0001748,P001086,F07,Medicaid,2025-11-16,2025-12-20,189.48,56.63,paid,0,,
CL0001552,E0001749,P001003,F04,Self-pay,2025-11-15,2025-11-30,328.68,45.68,paid,0,,
CL0001553,E0001750,P000839,F01,Medicare,2025-11-21,2025-12-06,14806.77,5187.11,paid,0,,
CL0001554,E0001751,P000688,F02,Northstar Advantage,2025-11-27,2025-12-19,30912.26,11913.39,paid,0,,
CL0001555,E0001752,P001133,F07,Northstar Advantage,2025-11-16,2025-11-27,835.15,0.00,denied,1,Eligibility or coverage lapse,overturned
CL0001556,E0001753,P001278,F03,Cascade Mutual,2025-11-17,2025-12-13,329.12,179.27,paid,0,,
CL0001557,E0001754,P000113,F06,Medicare,2025-11-16,2025-12-04,628.92,219.65,paid,0,,
CL0001558,E0001755,P000979,F15,Self-pay,2025-11-17,2025-12-13,298.46,39.29,paid,0,,
CL0001559,E0001756,P000931,F09,Medicaid,2025-11-16,2025-11-30,386.52,0.00,denied,1,Prior authorization missing,upheld
CL0001560,E0001758,P000038,F03,Cascade Mutual,2025-11-27,2025-12-15,28725.69,14303.44,paid,0,,
CL0001561,E0001759,P000769,F03,Medicare,2025-11-26,2025-12-12,29682.52,10513.53,paid,0,,
CL0001562,E0001760,P000964,F08,Northstar Advantage,2025-11-16,2025-12-11,177.68,68.60,paid,0,,
CL0001563,E0001761,P000087,F11,Medicaid,2025-11-17,2025-11-28,322.08,98.29,paid,0,,
CL0001564,E0001762,P000782,F10,Medicare,2025-11-16,2025-12-01,499.37,171.97,paid,0,,
CL0001565,E0001763,P001326,F11,Medicare,2025-11-17,2025-12-05,269.97,99.76,paid,0,,
CL0001566,E0001764,P000562,F06,Evergreen Health Plan,2025-11-17,2025-12-14,200.84,103.67,paid,0,,
CL0001567,E0001765,P001010,F01,Cascade Mutual,2025-11-15,2025-12-02,2429.10,1283.74,paid,0,,
CL0001568,E0001766,P000830,F10,Northstar Advantage,2025-11-16,2025-12-05,399.97,156.97,paid,0,,
CL0001569,E0001767,P000314,F08,Medicare,2025-11-15,2025-11-30,449.01,155.90,paid,0,,
CL0001570,E0001768,P000326,F07,Medicare,2025-11-18,2025-12-11,144.76,50.85,paid,0,,
CL0001571,E0001769,P001369,F04,Northstar Advantage,2025-11-17,2025-11-27,859.41,308.88,paid,0,,
CL0001572,E0001770,P000173,F10,Medicaid,2025-11-18,2025-12-09,202.47,60.18,paid,0,,
CL0001573,E0001771,P001122,F03,Medicare,2025-11-17,2025-12-01,2523.06,921.76,paid,0,,
CL0001574,E0001772,P001165,F03,Medicare,2025-11-19,2025-12-04,1842.09,613.30,paid,0,,
CL0001575,E0001774,P000890,F01,Medicare,2025-11-23,2025-12-06,17803.62,6557.41,paid,0,,
CL0001576,E0001775,P000320,F03,Northstar Advantage,2025-11-26,2025-12-24,39117.84,15266.04,paid,0,,
CL0001577,E0001776,P000698,F01,Evergreen Health Plan,2025-11-20,2025-12-09,1598.93,913.89,paid,0,,
CL0001578,E0001779,P000501,F02,Medicare,2025-11-19,2025-11-29,1369.74,496.31,paid,0,,
CL0001579,E0001780,P000232,F03,Evergreen Health Plan,2025-11-24,2025-12-20,23313.44,13162.27,paid,0,,
CL0001580,E0001781,P000682,F01,Medicaid,2025-11-22,2025-12-16,15337.79,4772.23,paid,0,,
CL0001581,E0001782,P001209,F02,Medicaid,2025-11-19,2025-12-10,1771.61,537.71,paid,0,,
CL0001582,E0001783,P001123,F04,Cascade Mutual,2025-11-19,2025-12-10,163.20,83.01,paid,0,,
CL0001583,E0001784,P000226,F06,Northstar Advantage,2025-11-21,2025-12-22,465.82,184.08,paid,0,,
CL0001584,E0001787,P000604,F02,Northstar Advantage,2025-11-27,2025-12-31,32853.71,0.00,denied,1,Medical necessity,none
CL0001585,E0001788,P000168,F03,Medicare,2025-11-26,2025-12-17,42802.81,15962.64,paid,0,,
CL0001586,E0001789,P000067,F02,Northstar Advantage,2025-11-21,2025-12-04,1687.49,680.93,paid,0,,
CL0001587,E0001790,P001307,F15,Northstar Advantage,2025-11-22,2025-12-19,514.33,196.25,paid,0,,
CL0001588,E0001791,P000527,F15,Northstar Advantage,2025-11-21,2025-12-07,265.41,0.00,denied,1,Prior authorization missing,overturned
CL0001589,E0001792,P000839,F07,Medicare,2025-11-19,2025-12-17,285.63,99.47,paid,0,,
CL0001590,E0001793,P001006,F09,Medicaid,2025-11-22,2025-12-21,1039.59,314.58,paid,0,,
CL0001591,E0001794,P000224,F05,Medicaid,2025-11-20,2025-12-21,471.93,142.86,paid,0,,
CL0001592,E0001795,P001005,F06,Self-pay,2025-11-20,2025-12-24,221.51,32.23,paid,0,,
CL0001593,E0001796,P000832,F03,Evergreen Health Plan,2025-11-30,2025-12-29,46914.01,24833.06,paid,0,,
CL0001594,E0001797,P001195,F02,Medicare,2025-11-23,2025-12-27,1395.01,510.90,paid,0,,
CL0001595,E0001798,P000795,F05,Evergreen Health Plan,2025-11-20,2025-12-09,434.51,238.14,paid,0,,
CL0001596,E0001799,P000531,F06,Evergreen Health Plan,2025-11-22,2025-12-12,360.94,194.45,paid,0,,
CL0001597,E0001800,P000375,F07,Medicaid,2025-11-23,2025-12-04,402.26,119.51,paid,0,,
CL0001598,E0001801,P001230,F05,Evergreen Health Plan,2025-11-22,2025-12-27,76.62,43.91,paid,0,,
CL0001599,E0001802,P001189,F01,Evergreen Health Plan,2025-11-22,2025-12-04,96.24,0.00,denied,1,Coding error,upheld
CL0001600,E0001803,P000757,F02,Northstar Advantage,2025-11-24,2025-12-24,2768.68,1114.35,paid,0,,
CL0001601,E0001805,P001295,F03,Medicare,2025-11-26,2025-12-18,24716.08,8840.78,paid,0,,
CL0001602,E0001806,P000056,F07,Medicaid,2025-11-23,2025-12-28,95.51,29.85,paid,0,,
CL0001603,E0001807,P000937,F05,Cascade Mutual,2025-11-24,2025-12-27,322.75,179.94,paid,0,,
CL0001604,E0001809,P000112,F03,Medicare,2025-11-23,2025-12-20,1131.01,400.97,paid,0,,
CL0001605,E0001810,P001364,F07,Medicaid,2025-11-22,2025-12-07,221.93,65.08,paid,0,,
CL0001606,E0001811,P000085,F01,Cascade Mutual,2025-12-02,2025-12-22,19803.53,10904.95,paid,0,,
CL0001607,E0001812,P000596,F06,Northstar Advantage,2025-11-25,2025-12-17,289.68,108.18,paid,0,,
CL0001608,E0001813,P001337,F07,Medicaid,2025-11-25,2025-12-05,152.80,44.47,paid,0,,
CL0001609,E0001814,P000786,F01,Cascade Mutual,2025-11-23,2025-12-23,221.75,113.04,paid,0,,
CL0001610,E0001815,P000066,F06,Evergreen Health Plan,2025-11-24,2025-12-11,665.20,358.90,paid,0,,
CL0001611,E0001816,P001371,F04,Northstar Advantage,2025-11-24,2025-12-25,1351.00,494.50,paid,0,,
CL0001612,E0001817,P000022,F11,Medicare,2025-11-23,2025-12-12,367.14,122.12,paid,0,,
CL0001613,E0001818,P000590,F01,Cascade Mutual,2025-12-03,2026-01-05,31309.70,0.00,denied,1,Eligibility or coverage lapse,overturned
CL0001614,E0001819,P000240,F02,Northstar Advantage,2025-11-23,2025-12-20,2585.61,1001.66,paid,0,,
CL0001615,E0001820,P001225,F03,Medicaid,2025-12-03,2025-12-30,17217.12,5520.64,paid,0,,
CL0001616,E0001821,P000186,F01,Medicare,2025-11-25,2025-12-22,1801.65,630.53,paid,0,,
CL0001617,E0001823,P000830,F02,Northstar Advantage,2025-11-25,2025-12-06,1661.69,0.00,denied,1,Medical necessity,upheld
CL0001618,E0001824,P000324,F02,Cascade Mutual,2025-11-26,2025-12-17,1941.99,1051.88,paid,0,,
CL0001619,E0001825,P001273,F02,Medicare,2025-12-02,2025-12-26,30813.49,10831.51,paid,0,,
CL0001620,E0001826,P001066,F09,Cascade Mutual,2025-11-25,2025-12-06,195.11,102.23,paid,0,,
CL0001621,E0001827,P000654,F09,Medicare,2025-11-26,2025-12-14,251.12,89.40,paid,0,,
CL0001622,E0001828,P000097,F06,Northstar Advantage,2025-11-25,2025-12-23,513.56,186.03,paid,0,,
CL0001623,E0001829,P000265,F08,Evergreen Health Plan,2025-11-25,2025-12-08,143.96,78.75,paid,0,,
CL0001624,E0001830,P000741,F11,Medicare,2025-11-26,2025-12-27,682.46,238.14,paid,0,,
CL0001625,E0001831,P000475,F08,Northstar Advantage,2025-11-27,2025-12-19,176.69,67.94,paid,0,,
CL0001626,E0001832,P001174,F01,Self-pay,2025-11-25,2025-12-23,254.78,36.60,paid,0,,
CL0001627,E0001833,P000813,F09,Medicare,2025-11-25,2025-12-18,404.03,147.68,paid,0,,
CL0001628,E0001834,P001350,F01,Self-pay,2025-11-28,2025-12-16,1986.08,282.95,paid,0,,
CL0001629,E0001835,P000542,F01,Medicare,2025-11-27,2025-12-27,3060.45,1105.60,paid,0,,
CL0001630,E0001837,P000232,F06,Evergreen Health Plan,2025-11-26,2025-12-11,449.22,255.87,paid,0,,
CL0001631,E0001838,P000316,F09,Medicaid,2025-11-29,2025-12-09,310.09,96.13,paid,0,,
CL0001632,E0001839,P000448,F05,Northstar Advantage,2025-11-26,2025-12-28,145.49,54.46,paid,0,,
CL0001633,E0001841,P000772,F07,Northstar Advantage,2025-11-27,2025-12-26,288.95,107.78,paid,0,,
CL0001634,E0001843,P000894,F09,Medicare,2025-11-26,2025-12-09,639.68,224.03,paid,0,,
CL0001635,E0001844,P000320,F03,Northstar Advantage,2025-12-07,2025-12-18,33809.14,12872.98,paid,0,,
CL0001636,E0001845,P000168,F05,Medicare,2025-11-27,2025-12-07,594.59,218.22,paid,0,,
CL0001637,E0001846,P000975,F11,Medicare,2025-11-28,2025-12-16,245.63,86.33,paid,0,,
CL0001638,E0001847,P000557,F01,Northstar Advantage,2025-12-06,2025-12-18,20299.68,7567.34,paid,0,,
CL0001639,E0001848,P001242,F02,Northstar Advantage,2025-12-02,2025-12-23,24434.45,9693.58,paid,0,,
CL0001640,E0001850,P001229,F08,Evergreen Health Plan,2025-11-28,2026-01-01,264.67,152.34,paid,0,,
CL0001641,E0001852,P001198,F07,Self-pay,2025-11-27,2025-12-22,151.96,21.47,paid,0,,
CL0001642,E0001853,P001295,F08,Medicare,2025-11-29,2025-12-21,687.89,251.96,paid,0,,
CL0001643,E0001854,P001133,F07,Northstar Advantage,2025-11-27,2025-12-16,195.02,72.27,paid,0,,
CL0001644,E0001855,P000245,F02,Evergreen Health Plan,2025-12-09,2026-01-04,41840.73,22526.32,paid,0,,
CL0001645,E0001856,P000015,F06,Evergreen Health Plan,2025-11-29,2025-12-11,162.36,88.70,paid,0,,
CL0001646,E0001857,P000739,F01,Medicare,2025-12-06,2025-12-18,27334.17,0.00,denied,1,Eligibility or coverage lapse,upheld
CL0001647,E0001858,P000058,F02,Northstar Advantage,2025-12-09,2026-01-12,22851.09,9030.75,paid,0,,
CL0001648,E0001859,P001209,F02,Medicaid,2025-12-01,2025-12-20,1894.35,584.47,paid,0,,
CL0001649,E0001860,P000846,F10,Northstar Advantage,2025-12-01,2025-12-29,564.15,211.23,paid,0,,
CL0001650,E0001862,P000974,F03,Cascade Mutual,2025-11-30,2026-01-01,2170.45,1128.81,paid,0,,
CL0001651,E0001864,P000883,F01,Northstar Advantage,2025-12-06,2025-12-17,24363.70,9827.17,paid,0,,
CL0001652,E0001865,P001144,F02,Medicare,2025-12-06,2025-12-24,14310.27,4966.48,paid,0,,
CL0001653,E0001866,P000769,F09,Medicare,2025-11-29,2025-12-12,332.15,118.65,paid,0,,
CL0001654,E0001867,P000503,F05,Cascade Mutual,2025-11-29,2025-12-18,1001.74,509.93,paid,0,,
CL0001655,E0001868,P000671,F07,Northstar Advantage,2025-12-01,2025-12-21,332.20,129.23,paid,0,,
CL0001656,E0001869,P000130,F08,Medicare,2025-11-30,2025-12-24,301.40,106.13,paid,0,,
CL0001657,E0001870,P000419,F03,Northstar Advantage,2025-12-08,2026-01-10,37633.42,0.00,denied,1,Medical necessity,upheld
CL0001658,E0001871,P001185,F11,Self-pay,2025-11-28,2025-12-09,70.31,9.44,paid,0,,
CL0001659,E0001873,P000145,F01,Self-pay,2025-12-05,2025-12-19,24241.48,3135.75,paid,0,,
CL0001660,E0001874,P001268,F01,Medicare,2025-12-01,2025-12-30,4217.36,1488.75,paid,0,,
CL0001661,E0001875,P000076,F01,Cascade Mutual,2025-12-06,2026-01-10,14381.58,0.00,denied,1,Timely filing,overturned
CL0001662,E0001877,P000394,F05,Evergreen Health Plan,2025-11-29,2025-12-28,332.98,181.49,paid,0,,
CL0001663,E0001878,P000116,F02,Medicaid,2025-12-04,2025-12-31,9035.05,0.00,denied,1,Incomplete documentation,overturned
CL0001664,E0001879,P000251,F05,Evergreen Health Plan,2025-12-02,2025-12-15,328.08,0.00,denied,1,Eligibility or coverage lapse,overturned
CL0001665,E0001880,P000762,F09,Evergreen Health Plan,2025-12-02,2025-12-21,878.16,466.31,paid,0,,
CL0001666,E0001881,P000886,F09,Northstar Advantage,2025-11-29,2025-12-23,169.50,68.52,paid,0,,
CL0001667,E0001883,P001225,F05,Medicaid,2025-11-30,2025-12-15,1010.29,293.70,paid,0,,
CL0001668,E0001884,P000952,F04,Medicaid,2025-11-29,2025-12-13,127.27,40.25,paid,0,,
CL0001669,E0001885,P001227,F11,Medicaid,2025-11-29,2025-12-28,260.33,82.13,paid,0,,
CL0001670,E0001886,P000781,F03,Medicare,2025-12-01,2025-12-19,2124.55,715.06,paid,0,,
CL0001671,E0001887,P000466,F01,Medicaid,2025-12-07,2025-12-21,18778.04,5462.04,paid,0,,
CL0001672,E0001888,P000290,F01,Medicare,2025-12-11,2026-01-04,23041.43,8259.59,paid,0,,
CL0001673,E0001889,P000814,F02,Northstar Advantage,2025-11-30,2025-12-31,1852.12,687.55,paid,0,,
CL0001674,E0001890,P001155,F01,Evergreen Health Plan,2025-11-30,2026-01-03,1894.69,1016.77,paid,0,,
CL0001675,E0001891,P001266,F03,Medicare,2025-12-04,2025-12-14,3345.92,1241.91,paid,0,,
CL0001676,E0001893,P001076,F02,Medicare,2025-12-11,2026-01-15,41183.75,14369.29,paid,0,,
CL0001677,E0001894,P000803,F02,Northstar Advantage,2025-12-05,2025-12-30,2515.07,941.20,paid,0,,
CL0001678,E0001895,P001236,F10,Evergreen Health Plan,2025-12-04,2026-01-02,359.11,205.06,paid,0,,
CL0001679,E0001896,P001273,F06,Medicare,2025-12-03,2025-12-19,598.11,210.49,paid,0,,
CL0001680,E0001897,P001247,F10,Medicare,2025-12-04,2026-01-08,188.39,66.08,paid,0,,
CL0001681,E0001898,P001134,F07,Medicaid,2025-12-05,2025-12-28,606.41,195.47,paid,0,,
CL0001682,E0001899,P000735,F07,Medicaid,2025-12-02,2025-12-26,182.29,58.08,paid,0,,
CL0001683,E0001900,P001059,F15,Medicare,2025-12-02,2025-12-16,698.26,247.07,paid,0,,
CL0001684,E0001901,P000682,F10,Medicaid,2025-12-03,2025-12-23,485.20,141.83,paid,0,,
CL0001685,E0001902,P000479,F02,Medicare,2025-12-04,2025-12-18,3342.46,1144.01,paid,0,,
CL0001686,E0001903,P000018,F01,Cascade Mutual,2025-12-03,2025-12-22,307.91,155.59,paid,0,,
CL0001687,E0001904,P000742,F08,Evergreen Health Plan,2025-12-06,2026-01-01,166.12,88.19,paid,0,,
CL0001688,E0001906,P000076,F07,Cascade Mutual,2025-12-05,2026-01-05,298.27,153.93,paid,0,,
CL0001689,E0001907,P000723,F08,Medicare,2025-12-03,2025-12-17,477.14,158.26,paid,0,,
CL0001690,E0001908,P000484,F03,Medicare,2025-12-14,2026-01-06,31716.82,11571.36,paid,0,,
CL0001691,E0001909,P000674,F12,Medicaid,2025-12-05,2026-01-06,252.29,75.07,paid,0,,
CL0001692,E0001910,P000886,F03,Northstar Advantage,2025-12-10,2025-12-31,19384.97,7539.65,paid,0,,
CL0001693,E0001912,P001086,F01,Medicaid,2025-12-17,2026-01-15,35956.06,10776.50,paid,0,,
CL0001694,E0001913,P000481,F02,Medicare,2025-12-15,2026-01-13,30295.52,10168.61,paid,0,,
CL0001695,E0001914,P000036,F04,Medicaid,2025-12-04,2025-12-16,436.43,128.67,paid,0,,
CL0001696,E0001915,P001144,F04,Medicare,2025-12-04,2025-12-28,1470.07,547.24,paid,0,,
CL0001697,E0001916,P000631,F08,Medicare,2025-12-04,2026-01-08,519.98,190.79,paid,0,,
CL0001698,E0001917,P001381,F02,Medicaid,2025-12-07,2025-12-28,359.86,113.11,paid,0,,
CL0001699,E0001918,P001380,F10,Medicare,2025-12-06,2025-12-21,315.90,106.04,paid,0,,
CL0001700,E0001920,P000058,F04,Northstar Advantage,2025-12-05,2025-12-21,646.64,244.12,paid,0,,
CL0001701,E0001921,P000998,F03,Northstar Advantage,2025-12-10,2026-01-08,10299.97,0.00,denied,1,Medical necessity,overturned
CL0001702,E0001922,P000754,F06,Evergreen Health Plan,2025-12-05,2025-12-29,125.64,71.89,paid,0,,
CL0001703,E0001923,P000739,F04,Medicare,2025-12-05,2025-12-25,551.13,182.68,paid,0,,
CL0001704,E0001924,P000320,F05,Northstar Advantage,2025-12-08,2025-12-21,687.80,258.88,paid,0,,
CL0001705,E0001925,P001091,F09,Medicare,2025-12-05,2026-01-09,747.67,264.82,paid,0,,
CL0001706,E0001926,P000016,F06,Medicare,2025-12-07,2025-12-18,436.07,155.36,paid,0,,
CL0001707,E0001927,P001282,F04,Cascade Mutual,2025-12-07,2025-12-17,188.07,102.26,paid,0,,
CL0001708,E0001928,P001278,F09,Cascade Mutual,2025-12-05,2025-12-31,501.88,257.93,paid,0,,
CL0001709,E0001929,P001074,F09,Medicare,2025-12-07,2026-01-07,240.13,88.63,paid,0,,
CL0001710,E0001930,P000145,F04,Self-pay,2025-12-05,2025-12-25,489.14,67.96,paid,0,,
CL0001711,E0001931,P000087,F01,Medicaid,2025-12-08,2025-12-28,1735.32,554.93,paid,0,,
CL0001712,E0001932,P000895,F01,Cascade Mutual,2025-12-08,2026-01-01,2360.97,1278.77,paid,0,,
CL0001713,E0001933,P001396,F09,Evergreen Health Plan,2025-12-06,2026-01-04,308.07,171.83,paid,0,,
CL0001714,E0001934,P000806,F03,Medicaid,2025-12-08,2025-12-25,2162.32,671.47,paid,0,,
CL0001715,E0001935,P000979,F15,Self-pay,2025-12-09,2025-12-20,311.66,43.96,paid,0,,
CL0001716,E0001936,P000306,F02,Medicare,2025-12-14,2026-01-02,29724.39,10589.58,paid,0,,
CL0001717,E0001937,P000931,F09,Medicaid,2025-12-09,2025-12-25,316.42,101.66,paid,0,,
CL0001718,E0001938,P000205,F10,Medicare,2025-12-06,2025-12-26,206.16,75.65,paid,0,,
CL0001719,E0001939,P000212,F09,Medicare,2025-12-06,2026-01-06,190.61,0.00,denied,1,Timely filing,overturned
CL0001720,E0001940,P000066,F05,Evergreen Health Plan,2025-12-06,2025-12-19,130.78,68.59,paid,0,,
CL0001721,E0001943,P000434,F03,Medicare,2025-12-15,2026-01-06,39864.44,14897.07,paid,0,,
CL0001722,E0001944,P000103,F02,Medicare,2025-12-18,2026-01-07,33165.94,12127.43,paid,0,,
CL0001723,E0001946,P000401,F01,Evergreen Health Plan,2025-12-18,2026-01-22,27700.20,15601.52,paid,0,,
CL0001724,E0001947,P000806,F03,Medicaid,2025-12-11,2026-01-03,1561.48,474.92,paid,0,,
CL0001725,E0001949,P000414,F06,Northstar Advantage,2025-12-12,2026-01-06,247.83,98.43,paid,0,,
CL0001726,E0001950,P000624,F03,Medicare,2025-12-17,2026-01-12,21872.37,8067.05,paid,0,,
CL0001727,E0001951,P000205,F10,Medicare,2025-12-09,2026-01-05,849.28,290.48,paid,0,,
CL0001728,E0001952,P000243,F05,Northstar Advantage,2025-12-12,2026-01-11,288.58,115.29,paid,0,,
CL0001729,E0001953,P000463,F04,Evergreen Health Plan,2025-12-11,2026-01-08,217.02,120.87,paid,0,,
CL0001730,E0001954,P000843,F01,Cascade Mutual,2025-12-10,2025-12-24,1958.09,1036.45,paid,0,,
CL0001731,E0001955,P000230,F02,Northstar Advantage,2025-12-17,2025-12-30,25168.92,10192.49,paid,0,,
CL0001732,E0001956,P000830,F10,Northstar Advantage,2025-12-11,2026-01-12,182.74,70.04,paid,0,,
CL0001733,E0001957,P000762,F14,Evergreen Health Plan,2025-12-11,2025-12-25,188.68,103.33,paid,0,,
CL0001734,E0001958,P000691,F06,Medicare,2025-12-10,2025-12-30,234.54,83.84,paid,0,,
CL0001735,E0001959,P000387,F03,Medicare,2025-12-13,2026-01-07,515.13,173.36,paid,0,,
CL0001736,E0001960,P000457,F08,Evergreen Health Plan,2025-12-13,2026-01-12,377.20,201.45,paid,0,,
CL0001737,E0001961,P000245,F15,Evergreen Health Plan,2025-12-14,2026-01-04,359.45,0.00,denied,1,Prior authorization missing,upheld
CL0001738,E0001962,P000076,F07,Cascade Mutual,2025-12-11,2025-12-25,246.36,130.15,paid,0,,
CL0001739,E0001963,P000402,F07,Medicare,2025-12-13,2026-01-16,102.71,38.07,paid,0,,
CL0001740,E0001965,P001065,F03,Medicare,2025-12-20,2026-01-09,29846.55,10546.91,paid,0,,
CL0001741,E0001966,P000796,F01,Northstar Advantage,2025-12-12,2026-01-04,1613.60,637.81,paid,0,,
CL0001742,E0001967,P001120,F02,Northstar Advantage,2025-12-23,2026-01-06,21318.21,7864.13,paid,0,,
CL0001743,E0001968,P001192,F15,Self-pay,2025-12-12,2026-01-08,198.59,25.88,paid,0,,
CL0001744,E0001969,P000076,F07,Cascade Mutual,2025-12-15,2026-01-06,109.21,56.49,paid,0,,
CL0001745,E0001970,P000508,F06,Northstar Advantage,2025-12-13,2025-12-31,297.22,109.57,paid,0,,
CL0001746,E0001971,P000661,F15,Medicare,2025-12-15,2026-01-11,313.29,109.47,paid,0,,
CL0001747,E0001972,P000825,F07,Medicare,2025-12-13,2026-01-08,386.18,128.70,paid,0,,
CL0001748,E0001973,P000901,F01,Self-pay,2025-12-15,2025-12-28,1248.68,167.08,paid,0,,
CL0001749,E0001974,P001129,F04,Medicare,2025-12-14,2026-01-16,136.01,48.04,paid,0,,
CL0001750,E0001975,P000643,F01,Medicare,2025-12-16,2026-01-05,2774.57,1024.66,paid,0,,
CL0001751,E0001976,P000568,F08,Medicare,2025-12-14,2026-01-10,282.34,96.76,paid,0,,
CL0001752,E0001978,P001152,F03,Evergreen Health Plan,2025-12-15,2026-01-12,1693.51,918.15,paid,0,,
CL0001753,E0001979,P000874,F09,Evergreen Health Plan,2025-12-16,2026-01-20,172.91,93.95,paid,0,,
CL0001754,E0001980,P000797,F04,Northstar Advantage,2025-12-16,2026-01-16,125.03,48.70,paid,0,,
CL0001755,E0001981,P001242,F02,Northstar Advantage,2025-12-18,2025-12-29,15897.19,6126.56,paid,0,,
CL0001756,E0001982,P000701,F12,Medicaid,2025-12-16,2026-01-17,151.56,47.34,paid,0,,
CL0001757,E0001983,P000481,F02,Medicare,2025-12-19,2026-01-10,16892.70,5628.24,paid,0,,
CL0001758,E0001984,P000825,F01,Medicare,2025-12-15,2026-01-02,1600.44,556.95,paid,0,,
CL0001759,E0001986,P000162,F01,Medicare,2026-01-01,2026-01-11,57522.44,19251.43,paid,0,,
CL0001760,E0001988,P001270,F02,Medicare,2025-12-15,2026-01-17,3561.86,1270.84,paid,0,,
CL0001761,E0001989,P000979,F01,Self-pay,2025-12-26,2026-01-21,30281.47,3963.49,paid,0,,
CL0001762,E0001990,P001032,F01,Medicare,2025-12-17,2026-01-06,1518.06,0.00,denied,1,Eligibility or coverage lapse,none
CL0001763,E0001991,P000535,F15,Medicaid,2025-12-19,2025-12-31,384.24,115.85,paid,0,,
CL0001764,E0001992,P000481,F09,Medicare,2025-12-19,2026-01-06,380.37,140.16,paid,0,,
CL0001765,E0001993,P000715,F06,Medicare,2025-12-16,2025-12-29,167.60,57.97,paid,0,,
CL0001766,E0001994,P000481,F09,Medicare,2025-12-16,2026-01-02,404.95,147.16,paid,0,,
CL0001767,E0001995,P000028,F09,Medicare,2025-12-18,2026-01-13,179.64,0.00,denied,1,Eligibility or coverage lapse,overturned
CL0001768,E0001996,P000110,F04,Evergreen Health Plan,2025-12-17,2025-12-28,293.56,155.53,paid,0,,
CL0001769,E0001997,P000789,F02,Self-pay,2025-12-19,2026-01-22,2476.94,355.59,paid,0,,
CL0001770,E0001998,P001242,F08,Northstar Advantage,2025-12-17,2026-01-02,507.47,188.37,paid,0,,
CL0001771,E0001999,P000883,F09,Northstar Advantage,2025-12-17,2026-01-08,670.19,253.22,paid,0,,
CL0001772,E0002000,P001154,F07,Northstar Advantage,2025-12-18,2026-01-18,258.13,98.86,paid,0,,
CL0001773,E0002001,P001171,F13,Medicare,2025-12-18,2026-01-10,325.33,115.20,paid,0,,
CL0001774,E0002003,P000655,F10,Medicaid,2025-12-19,2026-01-13,281.02,86.93,paid,0,,
CL0001775,E0002005,P000536,F07,Northstar Advantage,2025-12-20,2026-01-11,323.20,126.21,paid,0,,
CL0001776,E0002006,P001041,F14,Northstar Advantage,2025-12-17,2026-01-18,157.96,0.00,denied,1,Prior authorization missing,none
CL0001777,E0002007,P000103,F11,Medicare,2025-12-18,2026-01-18,337.88,116.70,paid,0,,
CL0001778,E0002008,P001266,F03,Medicare,2025-12-24,2026-01-07,12674.05,4304.60,paid,0,,
CL0001779,E0002009,P001207,F02,Medicare,2025-12-26,2026-01-17,31395.73,11548.70,paid,0,,
CL0001780,E0002010,P000290,F08,Medicare,2025-12-18,2026-01-21,655.02,236.74,paid,0,,
CL0001781,E0002011,P000363,F12,Medicare,2025-12-20,2026-01-02,639.81,235.77,paid,0,,
CL0001782,E0002012,P000192,F07,Evergreen Health Plan,2025-12-19,2026-01-10,395.11,204.55,paid,0,,
CL0001783,E0002014,P000309,F09,Cascade Mutual,2025-12-18,2026-01-06,359.43,188.58,paid,0,,
CL0001784,E0002015,P000428,F03,Cascade Mutual,2025-12-30,2026-02-02,31438.87,15991.64,paid,0,,
CL0001785,E0002016,P001384,F03,Medicare,2025-12-23,2026-01-06,23326.00,8638.52,paid,0,,
CL0001786,E0002017,P000639,F03,Northstar Advantage,2025-12-30,2026-01-27,37368.55,14746.83,paid,0,,
CL0001787,E0002019,P000570,F02,Cascade Mutual,2025-12-19,2025-12-31,198.61,101.25,paid,0,,
CL0001788,E0002020,P000648,F08,Cascade Mutual,2025-12-21,2026-01-13,234.70,129.63,paid,0,,
CL0001789,E0002021,P000333,F06,Medicare,2025-12-21,2026-01-25,137.22,48.75,paid,0,,
CL0001790,E0002022,P001367,F07,Evergreen Health Plan,2025-12-19,2026-01-20,484.53,269.77,paid,0,,
CL0001791,E0002023,P001038,F03,Medicare,2025-12-30,2026-01-26,30504.74,11155.40,paid,0,,
CL0001792,E0002024,P000921,F07,Cascade Mutual,2025-12-21,2026-01-18,465.37,256.95,paid,0,,
CL0001793,E0002025,P000562,F02,Evergreen Health Plan,2025-12-20,2026-01-08,2271.62,1261.05,paid,0,,
CL0001794,E0002027,P001009,F06,Self-pay,2025-12-21,2026-01-03,299.22,41.41,paid,0,,
CL0001795,E0002028,P000311,F01,Medicare,2025-12-20,2026-01-13,2182.24,734.68,paid,0,,
CL0001796,E0002029,P000320,F05,Northstar Advantage,2025-12-19,2026-01-02,454.87,164.35,paid,0,,
CL0001797,E0002030,P001148,F03,Evergreen Health Plan,2025-12-28,2026-01-13,16959.59,8954.14,paid,0,,
CL0001798,E0002031,P000416,F07,Medicare,2025-12-23,2026-01-25,125.09,45.08,paid,0,,
CL0001799,E0002032,P000911,F07,Medicare,2025-12-20,2026-01-09,205.01,73.61,paid,0,,
CL0001800,E0002033,P000557,F11,Northstar Advantage,2025-12-22,2026-01-09,240.31,92.09,paid,0,,
CL0001801,E0002035,P001028,F05,Medicare,2025-12-23,2026-01-25,537.97,179.67,paid,0,,
CL0001802,E0002036,P000466,F05,Medicaid,2025-12-20,2026-01-23,548.95,160.00,paid,0,,
CL0001803,E0002037,P001227,F03,Medicaid,2025-12-27,2026-01-22,10867.51,3327.31,paid,0,,
CL0001804,E0002038,P000964,F01,Northstar Advantage,2025-12-21,2026-01-10,109.02,41.19,paid,0,,
CL0001805,E0002039,P001122,F11,Medicare,2025-12-21,2026-01-09,348.38,122.98,paid,0,,
CL0001806,E0002040,P000607,F15,Cascade Mutual,2025-12-21,2025-12-31,142.69,74.17,paid,0,,
CL0001807,E0002041,P000590,F05,Cascade Mutual,2025-12-23,2026-01-21,301.04,156.31,paid,0,,
CL0001808,E0002044,P000122,F01,Northstar Advantage,2025-12-30,2026-01-12,50886.03,20136.51,paid,0,,
CL0001809,E0002045,P001295,F03,Medicare,2025-12-28,2026-02-01,10545.36,3590.13,paid,0,,
CL0001810,E0002047,P000112,F03,Medicare,2026-01-02,2026-01-25,32512.04,11156.25,paid,0,,
CL0001811,E0002048,P000359,F01,Medicare,2025-12-28,2026-01-25,24235.66,0.00,denied,1,Incomplete documentation,upheld
CL0001812,E0002049,P000443,F03,Northstar Advantage,2026-01-02,2026-01-26,28582.57,0.00,denied,1,Incomplete documentation,none
CL0001813,E0002050,P000655,F03,Medicaid,2025-12-22,2026-01-19,1363.65,402.93,paid,0,,
CL0001814,E0002051,P000848,F03,Evergreen Health Plan,2025-12-26,2026-01-13,2877.41,1548.70,paid,0,,
CL0001815,E0002052,P000020,F06,Self-pay,2025-12-23,2026-01-08,537.09,69.96,paid,0,,
CL0001816,E0002053,P001172,F01,Medicaid,2025-12-23,2026-01-08,163.50,52.61,paid,0,,
CL0001817,E0002054,P001065,F03,Medicare,2025-12-29,2026-01-18,27155.51,9759.54,paid,0,,
CL0001818,E0002055,P001295,F08,Medicare,2025-12-24,2026-01-06,1171.81,435.18,paid,0,,
CL0001819,E0002056,P000230,F11,Northstar Advantage,2025-12-26,2026-01-21,214.00,0.00,denied,1,Timely filing,upheld
CL0001820,E0002057,P000234,F05,Medicare,2025-12-27,2026-01-13,260.31,91.30,paid,0,,
CL0001821,E0002058,P000787,F01,Medicare,2025-12-25,2026-01-21,2163.98,795.15,paid,0,,
CL0001822,E0002059,P001304,F11,Evergreen Health Plan,2025-12-27,2026-01-11,419.77,230.29,paid,0,,
CL0001823,E0002060,P000712,F01,Medicare,2026-01-02,2026-01-24,31190.41,11144.08,paid,0,,
CL0001824,E0002061,P000357,F01,Medicare,2025-12-24,2026-01-20,630.96,0.00,denied,1,Coding error,overturned
CL0001825,E0002062,P001273,F02,Medicare,2025-12-25,2026-01-16,230.62,81.83,paid,0,,
CL0001826,E0002063,P001132,F15,Northstar Advantage,2025-12-28,2026-01-23,553.42,211.52,paid,0,,
CL0001827,E0002064,P001227,F11,Medicaid,2025-12-25,2026-01-14,357.61,107.64,paid,0,,
CL0001828,E0002065,P001287,F09,Northstar Advantage,2025-12-26,2026-01-05,135.71,52.34,paid,0,,
CL0001829,E0002066,P000852,F11,Medicare,2025-12-28,2026-01-21,341.02,121.26,paid,0,,
CL0001830,E0002067,P000998,F07,Northstar Advantage,2025-12-25,2026-01-28,348.15,0.00,denied,1,Prior authorization missing,upheld
CL0001831,E0002068,P000147,F01,Cascade Mutual,2025-12-28,2026-01-28,228.00,117.47,paid,0,,
CL0001832,E0002069,P000939,F03,Self-pay,2025-12-27,2026-01-17,126.00,16.58,paid,0,,
CL0001833,E0002070,P001071,F05,Medicare,2025-12-28,2026-01-31,412.37,145.51,paid,0,,
CL0001834,E0002071,P000584,F07,Northstar Advantage,2025-12-28,2026-01-21,344.23,123.71,paid,0,,
CL0001835,E0002072,P000434,F10,Medicare,2025-12-26,2026-01-21,427.10,0.00,denied,1,Prior authorization missing,none
CL0001836,E0002074,P001252,F03,Cascade Mutual,2026-01-03,2026-02-07,26405.48,14806.60,paid,0,,
CL0001837,E0002075,P001268,F01,Medicare,2026-01-05,2026-02-05,25277.04,8605.37,paid,0,,
CL0001838,E0002078,P000127,F06,Cascade Mutual,2025-12-29,2026-01-26,319.46,0.00,denied,1,Prior authorization missing,upheld
CL0001839,E0002079,P000359,F06,Medicare,2025-12-28,2026-01-07,583.77,0.00,denied,1,Duplicate claim,overturned
CL0001840,E0002080,P001133,F13,Northstar Advantage,2025-12-29,2026-01-18,230.11,92.45,paid,0,,
CL0001841,E0002081,P000467,F07,Medicare,2025-12-29,2026-01-24,321.44,118.82,paid,0,,
CL0001842,E0002082,P000782,F02,Medicare,2026-01-05,2026-01-20,30766.44,10416.66,paid,0,,
CL0001843,E0002083,P000481,F02,Medicare,2025-12-28,2026-02-01,3127.63,1168.53,paid,0,,
CL0001844,E0002084,P000193,F02,Medicare,2026-01-02,2026-02-02,15179.19,5268.94,paid,0,,
CL0001845,E0002085,P000629,F01,Northstar Advantage,2026-01-09,2026-01-28,40987.54,16563.24,paid,0,,
CL0001846,E0002086,P001284,F04,Northstar Advantage,2025-12-28,2026-01-27,445.19,164.13,paid,0,,
CL0001847,E0002087,P000624,F03,Medicare,2025-12-30,2026-01-20,16170.55,5736.26,paid,0,,
CL0001848,E0002088,P000391,F01,Cascade Mutual,2025-12-29,2026-01-10,77.41,42.51,paid,0,,
CL0001849,E0002089,P000825,F07,Medicare,2025-12-29,2026-01-18,432.75,150.01,paid,0,,
CL0001850,E0002090,P000576,F02,Cascade Mutual,2025-12-31,2026-01-13,1446.72,0.00,denied,1,Medical necessity,overturned
CL0001851,E0002092,P000905,F01,Medicare,2026-01-10,2026-01-20,48619.51,17806.83,paid,0,,
CL0001852,E0002094,P000747,F02,Northstar Advantage,2026-01-06,2026-01-26,12081.49,4428.76,paid,0,,
CL0001853,E0002095,P000901,F03,Self-pay,2025-12-31,2026-01-13,265.21,36.33,paid,0,,
CL0001854,E0002096,P000830,F02,Northstar Advantage,2025-12-31,2026-01-12,1020.00,409.14,paid,0,,
CL0001855,E0002097,P000193,F10,Medicare,2026-01-01,2026-01-21,1188.64,411.30,paid,0,,
CL0001856,E0002098,P001171,F06,Medicare,2025-12-30,2026-01-28,429.90,152.03,paid,0,,
CL0001857,E0002099,P000701,F04,Medicaid,2025-12-30,2026-01-31,296.68,92.80,paid,0,,
CL0001858,E0002100,P000223,F03,Medicare,2026-01-13,2026-02-15,46483.61,16772.24,paid,0,,
CL0001859,E0002101,P000782,F10,Medicare,2025-12-31,2026-01-12,1182.75,438.95,paid,0,,
CL0001860,E0002102,P000503,F05,Cascade Mutual,2026-01-02,2026-01-13,269.22,144.12,paid,0,,
CL0001861,E0002103,P001266,F15,Medicare,2026-01-02,2026-01-13,993.70,360.70,paid,0,,
CL0001862,E0002104,P000631,F02,Medicare,2026-01-02,2026-01-25,1565.19,557.02,paid,0,,
CL0001863,E0002105,P000606,F07,Northstar Advantage,2025-12-31,2026-01-22,1256.71,474.93,paid,0,,
CL0001864,E0002106,P000183,F05,Self-pay,2026-01-03,2026-01-15,237.03,33.55,paid,0,,
CL0001865,E0002107,P000481,F09,Medicare,2026-01-02,2026-01-13,365.80,124.47,paid,0,,
CL0001866,E0002108,P000972,F09,Medicare,2026-01-03,2026-01-17,304.13,113.26,paid,0,,
CL0001867,E0002109,P001157,F05,Medicare,2026-01-02,2026-01-26,99.39,36.87,paid,0,,
CL0001868,E0002110,P000116,F12,Medicaid,2025-12-31,2026-01-22,475.92,0.00,denied,1,Eligibility or coverage lapse,none
CL0001869,E0002111,P001149,F07,Evergreen Health Plan,2025-12-31,2026-01-25,228.61,118.07,paid,0,,
CL0001870,E0002112,P000291,F10,Medicaid,2026-01-03,2026-02-03,498.13,145.99,paid,0,,
CL0001871,E0002113,P001207,F08,Medicare,2026-01-04,2026-01-31,312.93,108.13,paid,0,,
CL0001872,E0002114,P000443,F06,Northstar Advantage,2026-01-02,2026-01-21,968.16,359.08,paid,0,,
CL0001873,E0002115,P001254,F10,Evergreen Health Plan,2026-01-04,2026-01-24,464.06,269.58,paid,0,,
CL0001874,E0002116,P000508,F06,Northstar Advantage,2026-01-03,2026-01-29,336.23,136.34,paid,0,,
CL0001875,E0002118,P000162,F06,Medicare,2026-01-02,2026-01-22,160.67,58.44,paid,0,,
CL0001876,E0002119,P000998,F09,Northstar Advantage,2026-01-03,2026-01-25,332.63,132.61,paid,0,,
CL0001877,E0002120,P001074,F09,Medicare,2026-01-02,2026-01-30,222.84,76.60,paid,0,,
CL0001878,E0002121,P001210,F15,Medicare,2026-01-04,2026-01-24,178.46,59.49,paid,0,,
CL0001879,E0002122,P000747,F04,Northstar Advantage,2026-01-05,2026-01-20,591.85,236.95,paid,0,,
CL0001880,E0002124,P001006,F09,Medicaid,2026-01-03,2026-01-24,243.87,77.20,paid,0,,
CL0001881,E0002125,P000479,F04,Medicare,2026-01-05,2026-01-24,215.20,73.96,paid,0,,
CL0001882,E0002126,P001011,F01,Medicare,2026-01-08,2026-01-27,22424.24,8259.29,paid,0,,
CL0001883,E0002127,P000884,F05,Medicare,2026-01-05,2026-02-09,931.58,343.99,paid,0,,
CL0001884,E0002128,P001196,F10,Evergreen Health Plan,2026-01-03,2026-01-14,218.22,125.66,paid,0,,
CL0001885,E0002129,P000101,F03,Northstar Advantage,2026-01-03,2026-01-18,1275.83,514.88,paid,0,,
CL0001886,E0002130,P001067,F08,Medicaid,2026-01-03,2026-01-17,271.46,84.40,paid,0,,
CL0001887,E0002131,P001125,F01,Cascade Mutual,2026-01-04,2026-01-23,1204.32,664.26,paid,0,,
CL0001888,E0002132,P000599,F01,Medicare,2026-01-10,2026-01-20,13810.24,5063.12,paid,0,,
CL0001889,E0002134,P000012,F02,Medicare,2026-01-13,2026-02-13,43701.29,15732.82,paid,0,,
CL0001890,E0002135,P000253,F13,Medicaid,2026-01-05,2026-02-09,282.15,86.13,paid,0,,
CL0001891,E0002136,P000171,F07,Medicare,2026-01-04,2026-02-03,290.75,106.79,paid,0,,
CL0001892,E0002137,P000074,F04,Northstar Advantage,2026-01-06,2026-01-18,316.78,115.74,paid,0,,
CL0001893,E0002138,P000624,F06,Medicare,2026-01-06,2026-01-21,324.07,114.21,paid,0,,
CL0001894,E0002139,P001120,F04,Northstar Advantage,2026-01-04,2026-01-29,298.66,110.26,paid,0,,
CL0001895,E0002140,P000196,F05,Northstar Advantage,2026-01-06,2026-01-20,366.27,146.49,paid,0,,
CL0001896,E0002141,P000260,F01,Cascade Mutual,2026-01-05,2026-02-03,3072.91,1535.04,paid,0,,
CL0001897,E0002143,P000286,F03,Medicare,2026-01-06,2026-01-20,2095.48,696.96,paid,0,,
CL0001898,E0002144,P001391,F02,Medicare,2026-01-12,2026-02-16,22488.95,7994.59,paid,0,,
CL0001899,E0002145,P001243,F01,Medicaid,2026-01-12,2026-02-13,33073.29,9800.91,paid,0,,
CL0001900,E0002146,P001220,F02,Medicare,2026-01-10,2026-01-26,15732.07,5401.91,paid,0,,
CL0001901,E0002147,P000692,F02,Medicaid,2026-01-05,2026-02-09,2235.32,701.30,paid,0,,
CL0001902,E0002148,P001344,F02,Medicaid,2026-01-07,2026-01-28,1594.53,480.89,paid,0,,
CL0001903,E0002149,P000466,F01,Medicaid,2026-01-12,2026-01-22,34484.38,10472.00,paid,0,,
CL0001904,E0002150,P001329,F01,Cascade Mutual,2026-01-07,2026-02-06,2182.30,1101.90,paid,0,,
CL0001905,E0002151,P000655,F03,Medicaid,2026-01-13,2026-02-14,13323.35,3964.11,paid,0,,
CL0001906,E0002152,P000216,F02,Medicare,2026-01-15,2026-02-02,19558.82,6858.01,paid,0,,
CL0001907,E0002154,P000375,F01,Medicaid,2026-01-16,2026-02-04,23096.20,6720.32,paid,0,,
CL0001908,E0002155,P001254,F02,Evergreen Health Plan,2026-01-10,2026-02-05,21401.67,11266.50,paid,0,,
CL0001909,E0002156,P000710,F06,Evergreen Health Plan,2026-01-09,2026-01-22,272.13,154.51,paid,0,,
CL0001910,E0002157,P000157,F04,Medicare,2026-01-06,2026-01-31,218.19,73.33,paid,0,,
CL0001911,E0002158,P000667,F06,Medicare,2026-01-09,2026-02-05,209.38,74.22,paid,0,,
CL0001912,E0002159,P000324,F04,Cascade Mutual,2026-01-09,2026-01-22,209.78,112.10,paid,0,,
CL0001913,E0002160,P001179,F09,Medicare,2026-01-07,2026-01-28,402.04,140.59,paid,0,,
CL0001914,E0002161,P000421,F15,Evergreen Health Plan,2026-01-08,2026-01-30,422.91,223.45,paid,0,,
CL0001915,E0002162,P000629,F08,Northstar Advantage,2026-01-08,2026-02-01,662.21,264.02,paid,0,,
CL0001916,E0002163,P000097,F06,Northstar Advantage,2026-01-10,2026-02-02,382.63,141.71,paid,0,,
CL0001917,E0002164,P000908,F01,Medicare,2026-01-13,2026-01-28,25642.80,9250.42,paid,0,,
CL0001918,E0002165,P000813,F02,Medicare,2026-01-08,2026-02-11,1800.48,641.97,paid,0,,
CL0001919,E0002166,P000725,F14,Evergreen Health Plan,2026-01-10,2026-02-14,1061.93,552.11,paid,0,,
CL0001920,E0002167,P000235,F05,Medicare,2026-01-09,2026-01-28,223.84,81.64,paid,0,,
CL0001921,E0002168,P001220,F09,Medicare,2026-01-09,2026-01-23,268.90,96.26,paid,0,,
CL0001922,E0002169,P000056,F02,Medicaid,2026-01-08,2026-01-20,1201.88,376.23,paid,0,,
CL0001923,E0002170,P001011,F15,Medicare,2026-01-08,2026-02-03,339.68,120.79,paid,0,,
CL0001924,E0002171,P000480,F10,Medicare,2026-01-09,2026-02-02,381.23,129.78,paid,0,,
CL0001925,E0002172,P000872,F09,Medicaid,2026-01-09,2026-01-19,312.43,99.15,paid,0,,
CL0001926,E0002173,P000825,F01,Medicare,2026-01-19,2026-01-31,30708.74,10785.77,paid,0,,
CL0001927,E0002174,P000655,F10,Medicaid,2026-01-11,2026-01-27,497.47,158.71,paid,0,,
CL0001928,E0002175,P000099,F06,Medicare,2026-01-10,2026-01-30,249.32,85.92,paid,0,,
CL0001929,E0002176,P000248,F02,Medicare,2026-01-11,2026-02-13,1998.58,699.97,paid,0,,
CL0001930,E0002177,P000763,F07,Northstar Advantage,2026-01-09,2026-02-09,670.16,256.64,paid,0,,
CL0001931,E0002178,P001210,F15,Medicare,2026-01-09,2026-02-11,232.37,77.44,paid,0,,
CL0001932,E0002179,P001392,F01,Evergreen Health Plan,2026-01-10,2026-02-11,1068.04,0.00,denied,1,Incomplete documentation,upheld
CL0001933,E0002181,P000624,F03,Medicare,2026-01-15,2026-02-16,31984.69,11466.83,paid,0,,
CL0001934,E0002182,P000130,F08,Medicare,2026-01-10,2026-01-31,440.53,156.58,paid,0,,
CL0001935,E0002183,P000223,F10,Medicare,2026-01-10,2026-01-20,385.15,132.04,paid,0,,
CL0001936,E0002184,P001391,F10,Medicare,2026-01-12,2026-02-06,313.51,106.51,paid,0,,
CL0001937,E0002185,P000112,F15,Medicare,2026-01-12,2026-01-30,388.51,136.14,paid,0,,
CL0001938,E0002186,P000677,F08,Medicaid,2026-01-12,2026-02-07,474.88,150.99,paid,0,,
CL0001939,E0002187,P000905,F11,Medicare,2026-01-09,2026-01-25,1152.83,408.53,paid,0,,
CL0001940,E0002188,P001391,F01,Medicare,2026-01-13,2026-01-27,1068.28,367.73,paid,0,,
CL0001941,E0002189,P001234,F01,Medicaid,2026-01-18,2026-02-17,28950.52,8554.15,paid,0,,
CL0001942,E0002190,P000107,F07,Self-pay,2026-01-13,2026-01-25,172.55,24.24,paid,0,,
CL0001943,E0002191,P001091,F08,Medicare,2026-01-12,2026-02-13,234.64,86.84,paid,0,,
CL0001944,E0002192,P000702,F03,Northstar Advantage,2026-01-24,2026-02-26,24783.62,8919.40,paid,0,,
CL0001945,E0002194,P001241,F03,Northstar Advantage,2026-01-18,2026-02-19,42399.29,16823.52,paid,0,,
CL0001946,E0002195,P000038,F02,Cascade Mutual,2026-01-13,2026-02-01,1322.52,734.28,paid,0,,
CL0001947,E0002197,P000280,F02,Medicare,2026-01-20,2026-02-15,37201.97,13072.25,paid,0,,
CL0001948,E0002198,P000707,F03,Northstar Advantage,2026-01-20,2026-02-17,11653.00,4284.56,paid,0,,
CL0001949,E0002200,P000366,F03,Evergreen Health Plan,2026-01-19,2026-02-10,14027.54,7529.21,paid,0,,
CL0001950,E0002201,P000230,F15,Northstar Advantage,2026-01-16,2026-01-30,405.77,155.41,paid,0,,
CL0001951,E0002202,P001254,F02,Evergreen Health Plan,2026-01-24,2026-02-16,62524.15,0.00,denied,1,Coding error,overturned
CL0001952,E0002203,P000466,F05,Medicaid,2026-01-14,2026-02-10,679.58,196.59,paid,0,,
CL0001953,E0002204,P001213,F01,Cascade Mutual,2026-01-15,2026-01-27,3778.88,2089.46,paid,0,,
CL0001954,E0002205,P000520,F02,Medicare,2026-01-17,2026-02-12,13983.26,4843.62,paid,0,,
CL0001955,E0002206,P000966,F05,Medicaid,2026-01-14,2026-02-18,284.49,83.70,paid,0,,
CL0001956,E0002207,P000857,F05,Medicare,2026-01-14,2026-02-11,275.54,93.24,paid,0,,
CL0001957,E0002208,P000152,F02,Cascade Mutual,2026-01-17,2026-02-17,3139.65,1597.59,paid,0,,
CL0001958,E0002209,P000260,F01,Cascade Mutual,2026-01-18,2026-02-19,12463.74,6351.09,paid,0,,
CL0001959,E0002210,P001066,F09,Cascade Mutual,2026-01-15,2026-02-02,143.97,80.77,paid,0,,
CL0001960,E0002211,P001245,F07,Cascade Mutual,2026-01-17,2026-02-03,391.70,202.73,paid,0,,
CL0001961,E0002212,P000491,F01,Medicare,2026-01-16,2026-01-30,1749.86,632.39,paid,0,,
CL0001962,E0002213,P001266,F12,Medicare,2026-01-17,2026-02-16,298.34,104.37,paid,0,,
CL0001963,E0002214,P000550,F02,Evergreen Health Plan,2026-01-16,2026-02-19,5142.51,2853.73,paid,0,,
CL0001964,E0002215,P001078,F07,Medicare,2026-01-15,2026-02-09,123.59,44.30,paid,0,,
CL0001965,E0002216,P001160,F05,Medicaid,2026-01-16,2026-02-04,366.12,106.72,paid,0,,
CL0001966,E0002217,P001162,F07,Self-pay,2026-01-17,2026-01-27,179.82,23.80,paid,0,,
CL0001967,E0002218,P001162,F07,Self-pay,2026-01-18,2026-02-07,374.98,53.46,paid,0,,
CL0001968,E0002219,P001239,F05,Northstar Advantage,2026-01-15,2026-02-07,107.16,39.26,paid,0,,
CL0001969,E0002220,P000030,F11,Medicare,2026-01-17,2026-02-20,280.74,97.22,paid,0,,
CL0001970,E0002222,P001005,F08,Self-pay,2026-01-16,2026-02-08,161.42,22.54,paid,0,,
CL0001971,E0002223,P001225,F03,Medicaid,2026-01-27,2026-02-18,31703.22,9278.01,paid,0,,
CL0001972,E0002224,P000428,F03,Cascade Mutual,2026-01-18,2026-02-17,2048.69,1095.65,paid,0,,
CL0001973,E0002226,P000116,F05,Medicaid,2026-01-16,2026-02-15,339.86,109.07,paid,0,,
CL0001974,E0002227,P000422,F08,Cascade Mutual,2026-01-16,2026-02-20,237.12,120.44,paid,0,,
CL0001975,E0002228,P001046,F15,Medicare,2026-01-17,2026-01-30,399.10,0.00,denied,1,Prior authorization missing,upheld
CL0001976,E0002229,P000432,F01,Medicare,2026-01-26,2026-02-12,36831.55,13291.27,paid,0,,
CL0001977,E0002230,P001063,F09,Medicare,2026-01-18,2026-02-12,313.64,114.68,paid,0,,
CL0001978,E0002231,P000289,F08,Cascade Mutual,2026-01-17,2026-01-31,420.56,230.70,paid,0,,
CL0001979,E0002232,P000116,F05,Medicaid,2026-01-18,2026-02-16,170.24,0.00,denied,1,Prior authorization missing,upheld
CL0001980,E0002233,P000477,F06,Medicare,2026-01-19,2026-02-10,568.83,201.20,paid,0,,
CL0001981,E0002234,P000557,F10,Northstar Advantage,2026-01-16,2026-01-28,508.08,194.96,paid,0,,
CL0001982,E0002235,P000908,F08,Medicare,2026-01-18,2026-02-06,303.13,103.57,paid,0,,
CL0001983,E0002236,P000174,F06,Northstar Advantage,2026-01-17,2026-02-01,137.19,55.38,paid,0,,
CL0001984,E0002237,P000778,F05,Medicare,2026-01-18,2026-02-01,155.61,57.79,paid,0,,
CL0001985,E0002238,P000184,F04,Medicaid,2026-01-19,2026-02-03,176.53,0.00,denied,1,Timely filing,upheld
CL0001986,E0002239,P000179,F06,Evergreen Health Plan,2026-01-19,2026-02-05,416.25,238.36,paid,0,,
CL0001987,E0002240,P001239,F05,Northstar Advantage,2026-01-16,2026-02-15,411.25,153.01,paid,0,,
CL0001988,E0002242,P001232,F03,Medicare,2026-01-24,2026-02-05,19453.87,6753.87,paid,0,,
CL0001989,E0002243,P000324,F02,Cascade Mutual,2026-01-19,2026-02-12,3996.52,2092.67,paid,0,,
CL0001990,E0002244,P001165,F03,Medicare,2026-01-20,2026-02-18,1085.56,377.68,paid,0,,
CL0001991,E0002246,P001227,F11,Medicaid,2026-01-20,2026-01-31,162.87,49.98,paid,0,,
CL0001992,E0002249,P000260,F09,Cascade Mutual,2026-01-18,2026-02-22,206.51,110.41,paid,0,,
CL0001993,E0002250,P000434,F03,Medicare,2026-01-23,2026-02-05,18067.35,6294.24,paid,0,,
CL0001994,E0002252,P000905,F05,Medicare,2026-01-17,2026-02-03,728.17,270.22,paid,0,,
CL0001995,E0002253,P001269,F01,Northstar Advantage,2026-01-23,2026-02-13,22981.39,8615.30,paid,0,,
CL0001996,E0002254,P000044,F01,Medicaid,2026-01-27,2026-03-03,12762.99,3686.14,paid,0,,
CL0001997,E0002255,P001175,F01,Northstar Advantage,2026-01-24,2026-02-22,11548.03,0.00,denied,1,Prior authorization missing,overturned
CL0001998,E0002256,P000541,F02,Evergreen Health Plan,2026-01-19,2026-02-06,1527.53,862.41,paid,0,,
CL0001999,E0002258,P001009,F03,Self-pay,2026-01-21,2026-02-05,13573.46,1835.61,paid,0,,
CL0002000,E0002259,P000240,F02,Northstar Advantage,2026-01-23,2026-02-21,25314.59,0.00,denied,1,Prior authorization missing,overturned
CL0002001,E0002260,P000751,F01,Cascade Mutual,2026-01-19,2026-02-17,1899.31,997.14,paid,0,,
CL0002002,E0002261,P000484,F03,Medicare,2026-01-31,2026-03-03,44424.56,15559.92,paid,0,,
CL0002003,E0002263,P000363,F01,Medicare,2026-01-29,2026-02-22,26330.88,9554.06,paid,0,,
CL0002004,E0002264,P000599,F01,Medicare,2026-01-22,2026-02-26,1421.11,499.71,paid,0,,
CL0002005,E0002265,P000903,F07,Medicare,2026-01-21,2026-02-25,320.17,117.13,paid,0,,
CL0002006,E0002266,P000016,F06,Medicare,2026-01-22,2026-02-08,251.80,89.33,paid,0,,
CL0002007,E0002267,P001190,F04,Medicare,2026-01-20,2026-02-18,788.66,275.62,paid,0,,
CL0002008,E0002268,P000280,F06,Medicare,2026-01-22,2026-02-09,952.76,356.40,paid,0,,
CL0002009,E0002269,P000953,F06,Evergreen Health Plan,2026-01-23,2026-02-12,229.00,127.72,paid,0,,
CL0002010,E0002270,P000575,F09,Medicare,2026-01-20,2026-02-05,198.94,73.07,paid,0,,
CL0002011,E0002272,P001122,F03,Medicare,2026-02-03,2026-02-17,56242.78,20828.83,paid,0,,
CL0002012,E0002274,P000767,F02,Cascade Mutual,2026-01-24,2026-02-08,1467.58,781.41,paid,0,,
CL0002013,E0002275,P000779,F02,Evergreen Health Plan,2026-02-01,2026-02-17,25699.16,13284.84,paid,0,,
CL0002014,E0002276,P001319,F01,Self-pay,2026-01-22,2026-02-26,2563.36,371.33,paid,0,,
CL0002015,E0002277,P000762,F13,Evergreen Health Plan,2026-01-23,2026-02-12,335.74,182.97,paid,0,,
CL0002016,E0002278,P000972,F03,Medicare,2026-01-31,2026-03-02,23827.12,7989.85,paid,0,,
CL0002017,E0002279,P001239,F05,Northstar Advantage,2026-01-21,2026-02-03,270.11,102.81,paid,0,,
CL0002018,E0002280,P000204,F01,Evergreen Health Plan,2026-01-22,2026-02-06,115.60,60.49,paid,0,,
CL0002019,E0002281,P001243,F01,Medicaid,2026-01-31,2026-02-12,32326.61,9685.19,paid,0,,
CL0002020,E0002282,P000306,F06,Medicare,2026-01-23,2026-02-11,190.53,63.45,paid,0,,
CL0002021,E0002283,P000292,F05,Evergreen Health Plan,2026-01-22,2026-02-24,345.43,197.34,paid,0,,
CL0002022,E0002284,P000286,F14,Medicare,2026-01-25,2026-02-10,114.62,39.72,paid,0,,
CL0002023,E0002285,P000482,F07,Medicare,2026-01-25,2026-02-05,271.36,0.00,denied,1,Eligibility or coverage lapse,overturned
CL0002024,E0002286,P000635,F01,Evergreen Health Plan,2026-01-23,2026-02-14,170.18,93.33,paid,0,,
CL0002025,E0002287,P001382,F02,Cascade Mutual,2026-01-30,2026-02-28,34951.72,17950.60,paid,0,,
CL0002026,E0002288,P000292,F04,Evergreen Health Plan,2026-01-23,2026-02-06,99.03,53.11,paid,0,,
CL0002027,E0002289,P001226,F01,Medicaid,2026-01-25,2026-02-14,2586.65,790.15,paid,0,,
CL0002028,E0002290,P001182,F03,Evergreen Health Plan,2026-01-23,2026-02-14,3554.52,1895.22,paid,0,,
CL0002029,E0002291,P000061,F01,Evergreen Health Plan,2026-01-25,2026-02-13,2895.41,1600.10,paid,0,,
CL0002030,E0002292,P000923,F02,Cascade Mutual,2026-01-25,2026-02-23,13429.41,6816.88,paid,0,,
CL0002031,E0002293,P000624,F06,Medicare,2026-01-23,2026-02-23,448.60,162.13,paid,0,,
CL0002032,E0002294,P000183,F04,Self-pay,2026-01-23,2026-02-08,268.20,36.57,paid,0,,
CL0002033,E0002295,P001254,F10,Evergreen Health Plan,2026-01-25,2026-02-04,1339.16,696.92,paid,0,,
CL0002034,E0002296,P000210,F11,Medicare,2026-01-24,2026-02-05,83.02,28.80,paid,0,,
CL0002035,E0002297,P000069,F06,Medicare,2026-01-23,2026-02-12,165.29,61.54,paid,0,,
CL0002036,E0002298,P001232,F15,Medicare,2026-01-24,2026-02-03,524.65,190.97,paid,0,,
CL0002037,E0002299,P000043,F01,Medicare,2026-01-25,2026-02-12,181.51,61.04,paid,0,,
CL0002038,E0002302,P001397,F09,Medicaid,2026-01-23,2026-02-07,211.42,65.88,paid,0,,
CL0002039,E0002303,P000218,F01,Northstar Advantage,2026-01-31,2026-02-11,39673.43,14339.71,paid,0,,
CL0002040,E0002304,P000366,F03,Evergreen Health Plan,2026-02-01,2026-02-15,22176.31,12246.89,paid,0,,
CL0002041,E0002307,P000932,F03,Medicare,2026-01-31,2026-02-10,33253.23,0.00,denied,1,Medical necessity,overturned
CL0002042,E0002309,P000967,F07,Cascade Mutual,2026-01-26,2026-02-07,187.13,0.00,denied,1,Eligibility or coverage lapse,none
CL0002043,E0002311,P000216,F05,Medicare,2026-01-25,2026-02-25,515.03,176.52,paid,0,,
CL0002044,E0002312,P000364,F03,Evergreen Health Plan,2026-02-01,2026-02-19,40764.30,0.00,denied,1,Incomplete documentation,none
CL0002045,E0002313,P001335,F01,Northstar Advantage,2026-01-31,2026-02-12,17763.44,7057.71,paid,0,,
CL0002046,E0002314,P000611,F02,Cascade Mutual,2026-02-04,2026-02-16,26414.20,13563.43,paid,0,,
CL0002047,E0002315,P001225,F05,Medicaid,2026-01-27,2026-02-15,800.50,233.50,paid,0,,
CL0002048,E0002316,P000782,F01,Medicare,2026-02-05,2026-03-06,21489.71,7965.93,paid,0,,
CL0002049,E0002317,P000509,F09,Evergreen Health Plan,2026-01-27,2026-02-25,112.16,59.38,paid,0,,
CL0002050,E0002318,P000384,F03,Northstar Advantage,2026-01-24,2026-02-28,1379.26,538.65,paid,0,,
CL0002051,E0002319,P000217,F05,Northstar Advantage,2026-01-24,2026-02-24,472.75,173.96,paid,0,,
CL0002052,E0002320,P000163,F09,Evergreen Health Plan,2026-01-24,2026-02-28,349.76,182.40,paid,0,,
CL0002053,E0002321,P000875,F02,Medicare,2026-01-26,2026-02-13,1147.08,406.74,paid,0,,
CL0002054,E0002323,P001333,F02,Northstar Advantage,2026-02-01,2026-02-14,29717.61,0.00,denied,1,Incomplete documentation,none
CL0002055,E0002324,P001032,F01,Medicare,2026-02-03,2026-02-18,46063.29,17217.45,paid,0,,
CL0002056,E0002326,P000702,F03,Northstar Advantage,2026-02-04,2026-03-03,27456.26,10977.96,paid,0,,
CL0002057,E0002327,P000448,F01,Northstar Advantage,2026-01-26,2026-02-27,2850.61,1151.18,paid,0,,
CL0002058,E0002328,P001110,F03,Medicare,2026-02-02,2026-03-09,21961.40,7782.23,paid,0,,
CL0002059,E0002329,P000068,F01,Cascade Mutual,2026-01-27,2026-02-19,1293.19,669.59,paid,0,,
CL0002060,E0002331,P000440,F12,Evergreen Health Plan,2026-01-30,2026-02-09,301.60,169.56,paid,0,,
CL0002061,E0002332,P000411,F02,Cascade Mutual,2026-02-05,2026-02-22,22414.19,0.00,denied,1,Coding error,upheld
CL0002062,E0002333,P000043,F08,Medicare,2026-01-28,2026-02-16,686.77,235.33,paid,0,,
CL0002063,E0002334,P000807,F04,Medicare,2026-01-27,2026-02-10,369.11,126.89,paid,0,,
CL0002064,E0002335,P000960,F09,Medicare,2026-01-27,2026-02-20,185.79,68.25,paid,0,,
CL0002065,E0002336,P000015,F06,Evergreen Health Plan,2026-01-30,2026-02-17,215.42,121.10,paid,0,,
CL0002066,E0002337,P000830,F10,Northstar Advantage,2026-01-29,2026-02-24,264.56,96.66,paid,0,,
CL0002067,E0002338,P000360,F05,Northstar Advantage,2026-01-29,2026-02-23,95.85,36.59,paid,0,,
CL0002068,E0002341,P001150,F02,Medicaid,2026-02-07,2026-02-22,40779.36,12342.22,paid,0,,
CL0002069,E0002342,P000793,F01,Medicare,2026-02-05,2026-03-08,23203.50,8609.86,paid,0,,
CL0002070,E0002343,P000555,F01,Evergreen Health Plan,2026-02-01,2026-02-16,113.70,0.00,denied,1,Timely filing,upheld
CL0002071,E0002344,P000594,F11,Self-pay,2026-02-01,2026-02-13,156.66,22.66,paid,0,,
CL0002072,E0002345,P000505,F04,Northstar Advantage,2026-01-29,2026-02-09,522.71,0.00,denied,1,Coding error,none
CL0002073,E0002347,P000847,F07,Medicare,2026-01-31,2026-02-14,611.14,224.16,paid,0,,
CL0002074,E0002349,P000963,F15,Evergreen Health Plan,2026-01-29,2026-02-12,100.71,53.53,paid,0,,
CL0002075,E0002350,P000183,F12,Self-pay,2026-01-29,2026-02-09,210.05,28.80,paid,0,,
CL0002076,E0002351,P001225,F03,Medicaid,2026-02-06,2026-03-01,26043.06,0.00,denied,1,Eligibility or coverage lapse,overturned
CL0002077,E0002352,P001254,F02,Evergreen Health Plan,2026-02-07,2026-03-03,20861.07,10776.06,paid,0,,
CL0002078,E0002353,P001274,F04,Northstar Advantage,2026-02-01,2026-03-02,181.06,71.01,paid,0,,
CL0002079,E0002354,P001122,F11,Medicare,2026-01-30,2026-02-22,945.24,327.89,paid,0,,
CL0002080,E0002356,P000551,F01,Northstar Advantage,2026-02-14,2026-03-02,54474.11,20065.03,paid,0,,
CL0002081,E0002357,P000726,F01,Cascade Mutual,2026-02-05,2026-02-18,15438.21,8256.30,paid,0,,
CL0002082,E0002358,P000194,F08,Evergreen Health Plan,2026-02-03,2026-03-05,157.86,83.31,paid,0,,
CL0002083,E0002359,P000262,F01,Medicare,2026-02-02,2026-02-21,2278.82,784.03,paid,0,,
CL0002084,E0002360,P000156,F09,Northstar Advantage,2026-02-02,2026-02-15,299.55,120.79,paid,0,,
CL0002085,E0002361,P001046,F10,Medicare,2026-02-02,2026-02-20,124.97,46.55,paid,0,,
CL0002086,E0002362,P000432,F01,Medicare,2026-02-03,2026-02-24,292.14,103.29,paid,0,,
CL0002087,E0002363,P000618,F09,Medicaid,2026-02-03,2026-02-24,402.24,116.88,paid,0,,
CL0002088,E0002364,P000520,F15,Medicare,2026-01-31,2026-03-01,901.59,326.04,paid,0,,
CL0002089,E0002365,P000782,F11,Medicare,2026-02-02,2026-02-25,285.42,101.56,paid,0,,
CL0002090,E0002366,P000840,F12,Northstar Advantage,2026-01-31,2026-02-25,230.34,91.85,paid,0,,
CL0002091,E0002367,P000870,F05,Medicare,2026-01-31,2026-02-27,217.35,80.24,paid,0,,
CL0002092,E0002368,P000929,F02,Medicare,2026-02-02,2026-02-12,259.53,0.00,denied,1,Coding error,none
CL0002093,E0002371,P001048,F03,Medicare,2026-02-08,2026-03-12,21398.47,7376.59,paid,0,,
CL0002094,E0002372,P000815,F01,Northstar Advantage,2026-02-10,2026-03-12,42431.33,16410.19,paid,0,,
CL0002095,E0002373,P001232,F03,Medicare,2026-02-08,2026-03-05,25144.54,8859.03,paid,0,,
CL0002096,E0002375,P000782,F02,Medicare,2026-02-12,2026-03-08,15005.46,5581.18,paid,0,,
CL0002097,E0002376,P000083,F01,Evergreen Health Plan,2026-02-13,2026-03-10,25209.65,14096.22,paid,0,,
CL0002098,E0002377,P000911,F02,Medicare,2026-02-02,2026-02-18,2886.70,1017.19,paid,0,,
CL0002099,E0002378,P001159,F01,Medicare,2026-02-03,2026-03-04,182.45,61.34,paid,0,,
CL0002100,E0002379,P000229,F04,Medicare,2026-02-03,2026-03-06,294.96,107.48,paid,0,,
CL0002101,E0002380,P001227,F11,Medicaid,2026-02-06,2026-02-24,166.41,48.64,paid,0,,
CL0002102,E0002381,P000434,F11,Medicare,2026-02-03,2026-03-05,451.15,163.26,paid,0,,
CL0002103,E0002382,P000218,F10,Northstar Advantage,2026-02-06,2026-03-02,746.15,0.00,denied,1,Duplicate claim,none
CL0002104,E0002383,P001135,F04,Medicare,2026-02-04,2026-02-27,170.96,58.77,paid,0,,
CL0002105,E0002384,P000963,F05,Evergreen Health Plan,2026-02-05,2026-03-07,121.24,66.88,paid,0,,
CL0002106,E0002385,P000988,F02,Medicare,2026-02-11,2026-02-28,33332.40,11549.94,paid,0,,
CL0002107,E0002387,P001264,F02,Evergreen Health Plan,2026-02-16,2026-03-16,41692.74,22426.18,paid,0,,
CL0002108,E0002389,P000223,F06,Medicare,2026-02-04,2026-02-26,412.92,145.38,paid,0,,
CL0002109,E0002390,P001071,F05,Medicare,2026-02-07,2026-02-19,235.78,86.75,paid,0,,
CL0002110,E0002391,P000729,F06,Northstar Advantage,2026-02-05,2026-02-19,202.77,73.93,paid,0,,
CL0002111,E0002392,P000366,F09,Evergreen Health Plan,2026-02-05,2026-03-07,534.05,292.87,paid,0,,
CL0002112,E0002393,P000658,F02,Medicare,2026-02-06,2026-02-22,747.96,249.19,paid,0,,
CL0002113,E0002394,P000825,F01,Medicare,2026-02-08,2026-02-25,10679.14,3566.54,paid,0,,
CL0002114,E0002395,P000450,F06,Self-pay,2026-02-06,2026-02-20,681.55,88.25,paid,0,,
CL0002115,E0002397,P000812,F03,Northstar Advantage,2026-02-05,2026-02-18,1650.23,630.17,paid,0,,
CL0002116,E0002398,P000364,F09,Evergreen Health Plan,2026-02-05,2026-03-11,559.65,312.28,paid,0,,
CL0002117,E0002399,P000280,F10,Medicare,2026-02-06,2026-02-16,481.87,164.11,paid,0,,
CL0002118,E0002400,P000171,F03,Medicare,2026-02-15,2026-03-15,27655.17,9428.33,paid,0,,
CL0002119,E0002401,P000266,F01,Evergreen Health Plan,2026-02-04,2026-02-23,2658.46,1517.79,paid,0,,
CL0002120,E0002402,P001121,F04,Cascade Mutual,2026-02-08,2026-03-09,220.78,116.83,paid,0,,
CL0002121,E0002403,P000240,F09,Northstar Advantage,2026-02-06,2026-03-13,234.05,84.00,paid,0,,
CL0002122,E0002404,P000434,F11,Medicare,2026-02-05,2026-02-25,249.79,91.32,paid,0,,
CL0002123,E0002405,P000670,F07,Medicare,2026-02-08,2026-03-02,246.26,91.21,paid,0,,
CL0002124,E0002406,P001015,F06,Medicaid,2026-02-07,2026-02-28,248.79,75.76,paid,0,,
CL0002125,E0002407,P000975,F11,Medicare,2026-02-09,2026-03-12,69.75,23.21,paid,0,,
CL0002126,E0002408,P000411,F11,Cascade Mutual,2026-02-08,2026-02-18,438.12,236.08,paid,0,,
CL0002127,E0002409,P000971,F04,Self-pay,2026-02-06,2026-03-08,275.18,37.06,paid,0,,
CL0002128,E0002410,P001321,F02,Evergreen Health Plan,2026-02-09,2026-03-02,199.07,114.60,paid,0,,
CL0002129,E0002411,P000432,F11,Medicare,2026-02-08,2026-02-28,537.96,0.00,denied,1,Prior authorization missing,upheld
CL0002130,E0002412,P000534,F12,Medicaid,2026-02-06,2026-03-06,233.22,72.21,paid,0,,
CL0002131,E0002413,P000986,F02,Cascade Mutual,2026-02-07,2026-03-08,2180.42,1123.95,paid,0,,
CL0002132,E0002414,P000477,F06,Medicare,2026-02-09,2026-03-14,79.80,26.52,paid,0,,
CL0002133,E0002415,P000639,F01,Northstar Advantage,2026-02-06,2026-03-07,174.32,68.48,paid,0,,
CL0002134,E0002416,P000656,F02,Medicare,2026-02-07,2026-02-20,3085.38,1052.06,paid,0,,
CL0002135,E0002417,P001254,F02,Evergreen Health Plan,2026-02-07,2026-02-21,1227.74,707.52,paid,0,,
CL0002136,E0002418,P000935,F02,Evergreen Health Plan,2026-02-09,2026-03-10,196.23,111.35,paid,0,,
CL0002137,E0002419,P001170,F06,Medicare,2026-02-10,2026-03-01,402.55,140.34,paid,0,,
CL0002138,E0002420,P000019,F06,Medicaid,2026-02-08,2026-03-12,343.29,104.92,paid,0,,
CL0002139,E0002421,P000363,F11,Medicare,2026-02-09,2026-03-09,865.78,319.59,paid,0,,
CL0002140,E0002422,P000522,F07,Medicaid,2026-02-08,2026-02-18,164.00,48.75,paid,0,,
CL0002141,E0002424,P000654,F09,Medicare,2026-02-07,2026-03-14,439.99,156.11,paid,0,,
CL0002142,E0002425,P001056,F08,Medicare,2026-02-09,2026-03-11,522.33,188.58,paid,0,,
CL0002143,E0002426,P000405,F04,Evergreen Health Plan,2026-02-08,2026-02-28,152.43,81.70,paid,0,,
CL0002144,E0002427,P001055,F02,Medicare,2026-02-18,2026-03-21,43507.96,15976.73,paid,0,,
CL0002145,E0002428,P000085,F03,Cascade Mutual,2026-02-08,2026-02-23,2658.06,1411.92,paid,0,,
CL0002146,E0002430,P001363,F03,Evergreen Health Plan,2026-02-17,2026-03-17,16742.58,9134.28,paid,0,,
CL0002147,E0002431,P000489,F02,Medicare,2026-02-12,2026-02-28,2350.80,878.71,paid,0,,
CL0002148,E0002432,P000051,F01,Medicare,2026-02-21,2026-03-28,23192.50,8194.43,paid,0,,
CL0002149,E0002434,P001038,F03,Medicare,2026-02-16,2026-03-18,21151.47,7644.13,paid,0,,
CL0002150,E0002435,P000131,F01,Medicaid,2026-02-18,2026-03-25,27689.91,8704.87,paid,0,,
CL0002151,E0002437,P000198,F06,Medicare,2026-02-10,2026-02-21,200.80,70.57,paid,0,,
CL0002152,E0002438,P001115,F01,Medicare,2026-02-20,2026-03-14,33322.56,12356.00,paid,0,,
CL0002153,E0002439,P000421,F01,Evergreen Health Plan,2026-02-17,2026-03-21,11255.50,6312.40,paid,0,,
CL0002154,E0002440,P000083,F11,Evergreen Health Plan,2026-02-12,2026-03-09,1209.14,689.64,paid,0,,
CL0002155,E0002441,P000862,F08,Evergreen Health Plan,2026-02-12,2026-03-03,216.04,116.71,paid,0,,
CL0002156,E0002442,P000083,F03,Evergreen Health Plan,2026-02-13,2026-03-15,344.57,186.40,paid,0,,
CL0002157,E0002443,P000462,F04,Self-pay,2026-02-10,2026-03-05,260.33,36.35,paid,0,,
CL0002158,E0002444,P000551,F06,Northstar Advantage,2026-02-11,2026-03-06,324.71,129.48,paid,0,,
CL0002159,E0002445,P000690,F02,Medicaid,2026-02-17,2026-03-01,18405.92,5480.18,paid,0,,
CL0002160,E0002446,P001266,F15,Medicare,2026-02-11,2026-03-04,696.65,254.73,paid,0,,
CL0002161,E0002447,P001069,F03,Medicare,2026-02-14,2026-03-07,16942.17,6228.41,paid,0,,
CL0002162,E0002448,P001274,F01,Northstar Advantage,2026-02-14,2026-03-09,2804.26,1040.55,paid,0,,
CL0002163,E0002449,P000143,F07,Medicare,2026-02-11,2026-02-23,223.24,75.11,paid,0,,
CL0002164,E0002451,P000597,F08,Self-pay,2026-02-11,2026-02-26,217.64,30.85,paid,0,,
CL0002165,E0002452,P001254,F10,Evergreen Health Plan,2026-02-11,2026-03-13,257.07,138.08,paid,0,,
CL0002166,E0002453,P000876,F04,Medicare,2026-02-14,2026-03-18,221.66,76.06,paid,0,,
CL0002167,E0002454,P000434,F09,Medicare,2026-02-13,2026-03-19,200.21,72.69,paid,0,,
CL0002168,E0002455,P000467,F09,Medicare,2026-02-14,2026-03-14,324.24,119.65,paid,0,,
CL0002169,E0002456,P000218,F02,Northstar Advantage,2026-02-23,2026-03-11,31247.30,11664.80,paid,0,,
CL0002170,E0002457,P000240,F02,Northstar Advantage,2026-02-11,2026-02-25,2024.73,0.00,denied,1,Eligibility or coverage lapse,overturned
CL0002171,E0002458,P000422,F02,Cascade Mutual,2026-02-12,2026-03-10,1989.77,1038.08,paid,0,,
CL0002172,E0002459,P001213,F01,Cascade Mutual,2026-02-13,2026-02-28,3980.56,2069.92,paid,0,,
CL0002173,E0002460,P000838,F08,Medicaid,2026-02-12,2026-03-19,73.31,22.45,paid,0,,
CL0002174,E0002461,P000262,F01,Medicare,2026-02-12,2026-03-16,1928.21,642.29,paid,0,,
CL0002175,E0002462,P000815,F11,Northstar Advantage,2026-02-14,2026-03-12,525.32,201.56,paid,0,,
CL0002176,E0002463,P000480,F10,Medicare,2026-02-15,2026-03-18,550.01,0.00,denied,1,Incomplete documentation,upheld
CL0002177,E0002464,P001064,F06,Cascade Mutual,2026-02-12,2026-03-13,491.66,261.05,paid,0,,
CL0002178,E0002465,P000475,F08,Northstar Advantage,2026-02-12,2026-02-26,580.22,233.58,paid,0,,
CL0002179,E0002466,P000998,F14,Northstar Advantage,2026-02-13,2026-02-26,400.32,0.00,denied,1,Prior authorization missing,none
CL0002180,E0002467,P000827,F08,Medicaid,2026-02-15,2026-03-10,301.26,89.29,paid,0,,
CL0002181,E0002468,P001225,F05,Medicaid,2026-02-15,2026-03-06,223.94,68.29,paid,0,,
CL0002182,E0002469,P001120,F02,Northstar Advantage,2026-02-13,2026-02-24,2487.71,979.64,paid,0,,
CL0002183,E0002470,P001073,F05,Medicare,2026-02-14,2026-03-07,408.50,151.57,paid,0,,
CL0002184,E0002471,P000598,F06,Medicare,2026-02-14,2026-03-05,298.16,100.41,paid,0,,
CL0002185,E0002472,P001383,F08,Medicare,2026-02-13,2026-02-28,166.02,55.56,paid,0,,
CL0002186,E0002473,P000845,F08,Medicaid,2026-02-14,2026-03-03,436.77,127.84,paid,0,,
CL0002187,E0002474,P001033,F06,Cascade Mutual,2026-02-16,2026-03-06,514.40,284.44,paid,0,,
CL0002188,E0002475,P001321,F12,Evergreen Health Plan,2026-02-16,2026-03-08,194.39,101.82,paid,0,,
CL0002189,E0002476,P001006,F09,Medicaid,2026-02-14,2026-03-10,127.96,37.67,paid,0,,
CL0002190,E0002477,P000879,F14,Evergreen Health Plan,2026-02-14,2026-03-06,256.76,132.77,paid,0,,
CL0002191,E0002479,P001219,F09,Medicaid,2026-02-16,2026-03-22,232.15,72.57,paid,0,,
CL0002192,E0002481,P001176,F09,Evergreen Health Plan,2026-02-15,2026-03-19,287.78,167.41,paid,0,,
CL0002193,E0002482,P000011,F01,Medicare,2026-02-17,2026-03-16,16046.88,5776.92,paid,0,,
CL0002194,E0002483,P001179,F03,Medicare,2026-02-16,2026-03-12,207.73,70.22,paid,0,,
CL0002195,E0002484,P000639,F05,Northstar Advantage,2026-02-16,2026-03-05,330.17,120.62,paid,0,,
CL0002196,E0002485,P000702,F10,Northstar Advantage,2026-02-16,2026-02-27,674.69,253.38,paid,0,,
CL0002197,E0002486,P001166,F01,Medicare,2026-02-18,2026-03-12,18385.59,6090.15,paid,0,,
CL0002198,E0002487,P000188,F03,Medicaid,2026-02-15,2026-03-18,1811.56,517.16,paid,0,,
CL0002199,E0002489,P000347,F08,Medicare,2026-02-15,2026-02-28,134.39,47.09,paid,0,,
CL0002200,E0002490,P000371,F14,Medicare,2026-02-16,2026-03-05,383.93,133.61,paid,0,,
CL0002201,E0002491,P001110,F10,Medicare,2026-02-16,2026-03-11,515.67,176.63,paid,0,,
CL0002202,E0002492,P001232,F03,Medicare,2026-02-26,2026-03-29,47616.30,0.00,denied,1,Prior authorization missing,upheld
CL0002203,E0002493,P000379,F05,Medicare,2026-02-16,2026-03-03,287.53,106.43,paid,0,,
CL0002204,E0002494,P000855,F10,Medicare,2026-02-15,2026-03-09,50.87,17.83,paid,0,,
CL0002205,E0002495,P001266,F15,Medicare,2026-02-15,2026-03-19,998.95,363.47,paid,0,,
CL0002206,E0002496,P000386,F15,Evergreen Health Plan,2026-02-17,2026-03-09,204.50,110.19,paid,0,,
CL0002207,E0002497,P000042,F01,Cascade Mutual,2026-02-17,2026-03-19,1114.90,598.75,paid,0,,
CL0002208,E0002498,P001274,F01,Northstar Advantage,2026-02-18,2026-03-08,1673.11,0.00,denied,1,Duplicate claim,overturned
CL0002209,E0002499,P000223,F01,Medicare,2026-02-22,2026-03-16,11523.90,3858.40,paid,0,,
CL0002210,E0002500,P001380,F03,Medicare,2026-02-23,2026-03-16,22140.51,8136.47,paid,0,,
CL0002211,E0002501,P001128,F01,Medicare,2026-02-18,2026-03-09,1999.81,662.86,paid,0,,
CL0002212,E0002502,P000815,F02,Northstar Advantage,2026-02-18,2026-03-17,2289.37,914.77,paid,0,,
CL0002213,E0002503,P000825,F07,Medicare,2026-02-19,2026-03-18,322.54,113.87,paid,0,,
CL0002214,E0002504,P000464,F10,Evergreen Health Plan,2026-02-19,2026-03-22,351.78,193.98,paid,0,,
CL0002215,E0002505,P001328,F12,Medicare,2026-02-20,2026-03-13,265.02,89.16,paid,0,,
CL0002216,E0002506,P001395,F08,Medicaid,2026-02-19,2026-03-10,195.53,60.04,paid,0,,
CL0002217,E0002507,P001300,F07,Medicare,2026-02-19,2026-03-21,465.39,157.73,paid,0,,
CL0002218,E0002508,P000258,F04,Medicaid,2026-02-20,2026-03-19,99.68,31.89,paid,0,,
CL0002219,E0002509,P000003,F04,Self-pay,2026-02-17,2026-03-07,223.23,29.97,paid,0,,
CL0002220,E0002510,P000830,F02,Northstar Advantage,2026-02-28,2026-03-16,38643.53,14641.76,paid,0,,
CL0002221,E0002511,P000825,F07,Medicare,2026-02-20,2026-03-17,512.58,173.08,paid,0,,
CL0002222,E0002512,P000687,F04,Cascade Mutual,2026-02-19,2026-03-10,355.14,179.97,paid,0,,
CL0002223,E0002513,P001175,F10,Northstar Advantage,2026-02-20,2026-03-06,339.26,0.00,denied,1,Eligibility or coverage lapse,overturned
CL0002224,E0002514,P001264,F11,Evergreen Health Plan,2026-02-17,2026-03-08,266.62,146.38,paid,0,,
CL0002225,E0002515,P000947,F06,Medicare,2026-02-17,2026-03-21,216.23,75.93,paid,0,,
CL0002226,E0002517,P001266,F03,Medicare,2026-02-26,2026-03-10,32344.05,10838.07,paid,0,,
CL0002227,E0002518,P000155,F06,Cascade Mutual,2026-02-21,2026-03-04,221.87,120.47,paid,0,,
CL0002228,E0002519,P000808,F05,Cascade Mutual,2026-02-19,2026-03-11,227.02,120.06,paid,0,,
CL0002229,E0002520,P000440,F09,Evergreen Health Plan,2026-02-21,2026-03-11,408.23,218.91,paid,0,,
CL0002230,E0002521,P000782,F10,Medicare,2026-02-21,2026-03-25,447.46,155.39,paid,0,,
CL0002231,E0002522,P001310,F09,Self-pay,2026-02-19,2026-03-04,220.90,29.97,paid,0,,
CL0002232,E0002523,P000276,F14,Medicaid,2026-02-19,2026-03-09,256.37,80.29,paid,0,,
CL0002233,E0002524,P000575,F03,Medicare,2026-02-21,2026-03-27,181.36,60.55,paid,0,,
CL0002234,E0002525,P001032,F11,Medicare,2026-02-21,2026-03-27,475.07,161.96,paid,0,,
CL0002235,E0002526,P001069,F10,Medicare,2026-02-20,2026-03-17,868.36,288.66,paid,0,,
CL0002236,E0002528,P000941,F01,Northstar Advantage,2026-02-26,2026-04-01,33869.38,13226.36,paid,0,,
CL0002237,E0002529,P001316,F02,Medicaid,2026-02-19,2026-03-16,1145.54,355.37,paid,0,,
CL0002238,E0002530,P000540,F05,Medicare,2026-02-22,2026-03-29,204.54,69.40,paid,0,,
CL0002239,E0002531,P000015,F06,Evergreen Health Plan,2026-02-19,2026-03-25,365.88,204.53,paid,0,,
CL0002240,E0002532,P001110,F07,Medicare,2026-02-21,2026-03-18,157.59,56.17,paid,0,,
CL0002241,E0002533,P000025,F06,Self-pay,2026-02-19,2026-03-05,171.62,24.79,paid,0,,
CL0002242,E0002534,P000410,F02,Medicare,2026-02-22,2026-03-04,335.97,114.47,paid,0,,
CL0002243,E0002535,P001037,F06,Medicaid,2026-02-21,2026-03-11,244.08,73.08,paid,0,,
CL0002244,E0002536,P000320,F03,Northstar Advantage,2026-02-20,2026-03-02,1678.09,619.96,paid,0,,
CL0002245,E0002537,P000782,F02,Medicare,2026-02-21,2026-03-04,3003.30,1091.99,paid,0,,
CL0002246,E0002538,P000478,F07,Northstar Advantage,2026-02-21,2026-03-23,253.41,98.70,paid,0,,
CL0002247,E0002539,P000402,F07,Medicare,2026-02-21,2026-03-20,296.30,101.15,paid,0,,
CL0002248,E0002540,P000627,F06,Evergreen Health Plan,2026-02-23,2026-03-06,543.91,288.84,paid,0,,
CL0002249,E0002541,P000726,F04,Cascade Mutual,2026-02-21,2026-03-04,247.68,128.86,paid,0,,
CL0002250,E0002544,P000931,F09,Medicaid,2026-02-22,2026-03-28,181.29,53.74,paid,0,,
CL0002251,E0002545,P001166,F06,Medicare,2026-02-23,2026-03-08,1018.43,365.44,paid,0,,
CL0002252,E0002546,P000866,F04,Evergreen Health Plan,2026-02-21,2026-03-04,225.30,126.61,paid,0,,
CL0002253,E0002547,P000778,F01,Medicare,2026-02-20,2026-03-16,1673.48,599.26,paid,0,,
CL0002254,E0002548,P000083,F01,Evergreen Health Plan,2026-03-03,2026-04-02,20849.41,11492.63,paid,0,,
CL0002255,E0002550,P001115,F01,Medicare,2026-03-01,2026-03-20,28312.85,10027.07,paid,0,,
CL0002256,E0002551,P000743,F01,Medicaid,2026-03-05,2026-03-16,48201.97,15265.09,paid,0,,
CL0002257,E0002552,P000498,F02,Medicaid,2026-03-04,2026-04-04,29213.88,8633.02,paid,0,,
CL0002258,E0002553,P000383,F03,Cascade Mutual,2026-02-22,2026-03-22,2634.82,0.00,denied,1,Eligibility or coverage lapse,overturned
CL0002259,E0002554,P001175,F01,Northstar Advantage,2026-02-24,2026-03-11,408.84,151.56,paid,0,,
CL0002260,E0002555,P001032,F11,Medicare,2026-02-24,2026-03-30,255.19,92.70,paid,0,,
CL0002261,E0002556,P000174,F06,Northstar Advantage,2026-02-21,2026-03-03,293.12,117.05,paid,0,,
CL0002262,E0002557,P000996,F05,Cascade Mutual,2026-02-22,2026-03-13,334.09,173.87,paid,0,,
CL0002263,E0002558,P000131,F01,Medicaid,2026-02-24,2026-03-21,1381.06,426.20,paid,0,,
CL0002264,E0002559,P001310,F12,Self-pay,2026-02-22,2026-03-17,509.29,70.59,paid,0,,
CL0002265,E0002560,P000027,F05,Medicaid,2026-02-22,2026-03-05,124.55,36.81,paid,0,,
CL0002266,E0002561,P000218,F11,Northstar Advantage,2026-02-22,2026-03-05,251.92,97.17,paid,0,,
CL0002267,E0002562,P000759,F15,Medicare,2026-02-24,2026-03-27,374.82,139.89,paid,0,,
CL0002268,E0002563,P001192,F02,Self-pay,2026-02-27,2026-03-26,28606.69,3793.12,paid,0,,
CL0002269,E0002564,P000988,F08,Medicare,2026-02-21,2026-03-18,372.36,129.45,paid,0,,
CL0002270,E0002565,P000951,F01,Medicaid,2026-02-24,2026-03-20,2142.47,665.04,paid,0,,
CL0002271,E0002567,P000151,F03,Medicare,2026-03-02,2026-03-15,21004.03,7708.31,paid,0,,
CL0002272,E0002568,P001264,F02,Evergreen Health Plan,2026-03-01,2026-03-24,39117.40,20327.24,paid,0,,
CL0002273,E0002571,P000137,F02,Medicare,2026-03-06,2026-03-21,47080.84,17409.38,paid,0,,
CL0002274,E0002573,P001383,F03,Medicare,2026-03-02,2026-03-30,17236.69,6284.98,paid,0,,
CL0002275,E0002574,P000364,F03,Evergreen Health Plan,2026-03-01,2026-03-23,28408.96,15366.23,paid,0,,
CL0002276,E0002575,P000135,F08,Medicaid,2026-02-26,2026-03-16,188.47,56.37,paid,0,,
CL0002277,E0002576,P000683,F06,Northstar Advantage,2026-02-25,2026-03-17,216.86,80.38,paid,0,,
CL0002278,E0002577,P001029,F05,Northstar Advantage,2026-02-25,2026-03-26,425.18,165.48,paid,0,,
CL0002279,E0002578,P000701,F09,Medicaid,2026-02-25,2026-03-24,242.98,69.55,paid,0,,
CL0002280,E0002579,P000846,F10,Northstar Advantage,2026-02-24,2026-03-30,714.92,256.89,paid,0,,
CL0002281,E0002581,P001349,F02,Northstar Advantage,2026-03-08,2026-03-25,38716.20,15106.00,paid,0,,
CL0002282,E0002582,P000570,F04,Cascade Mutual,2026-02-25,2026-03-18,272.29,141.48,paid,0,,
CL0002283,E0002583,P001069,F03,Medicare,2026-03-10,2026-03-22,46491.36,17020.81,paid,0,,
CL0002284,E0002584,P001257,F02,Evergreen Health Plan,2026-02-27,2026-03-16,144.16,75.50,paid,0,,
CL0002285,E0002585,P001399,F08,Evergreen Health Plan,2026-02-27,2026-03-23,316.60,177.20,paid,0,,
CL0002286,E0002586,P000773,F09,Medicare,2026-02-25,2026-03-23,607.20,224.13,paid,0,,
CL0002287,E0002587,P000607,F15,Cascade Mutual,2026-02-27,2026-03-31,309.15,158.21,paid,0,,
CL0002288,E0002588,P001363,F05,Evergreen Health Plan,2026-02-28,2026-03-22,226.76,120.88,paid,0,,
CL0002289,E0002589,P000225,F02,Northstar Advantage,2026-03-03,2026-03-22,14979.65,5834.23,paid,0,,
CL0002290,E0002590,P001018,F03,Medicaid,2026-02-27,2026-03-14,1413.58,410.84,paid,0,,
CL0002291,E0002591,P000879,F07,Evergreen Health Plan,2026-03-01,2026-03-17,421.61,244.92,paid,0,,
CL0002292,E0002592,P001059,F12,Medicare,2026-02-28,2026-03-20,248.00,88.23,paid,0,,
CL0002293,E0002593,P000173,F10,Medicaid,2026-03-01,2026-03-13,265.86,84.11,paid,0,,
CL0002294,E0002594,P000348,F05,Northstar Advantage,2026-03-01,2026-04-05,243.75,90.89,paid,0,,
CL0002295,E0002595,P000592,F07,Medicare,2026-02-26,2026-03-19,158.32,55.83,paid,0,,
CL0002296,E0002596,P000494,F02,Evergreen Health Plan,2026-03-01,2026-03-20,1511.99,789.17,paid,0,,
CL0002297,E0002597,P001184,F02,Northstar Advantage,2026-03-02,2026-03-14,1644.24,0.00,denied,1,Incomplete documentation,upheld
CL0002298,E0002598,P000520,F02,Medicare,2026-03-07,2026-04-08,22473.99,8037.77,paid,0,,
CL0002299,E0002599,P000527,F15,Northstar Advantage,2026-03-02,2026-03-20,425.90,157.05,paid,0,,
CL0002300,E0002600,P000404,F05,Evergreen Health Plan,2026-03-02,2026-03-18,255.29,134.64,paid,0,,
CL0002301,E0002601,P001232,F15,Medicare,2026-03-02,2026-03-13,595.45,202.19,paid,0,,
CL0002302,E0002602,P000758,F06,Evergreen Health Plan,2026-02-27,2026-03-22,332.29,0.00,denied,1,Incomplete documentation,overturned
CL0002303,E0002603,P000820,F04,Cascade Mutual,2026-03-02,2026-03-26,267.36,137.73,paid,0,,
CL0002304,E0002604,P001048,F11,Medicare,2026-02-27,2026-03-22,195.65,72.72,paid,0,,
CL0002305,E0002605,P000013,F05,Northstar Advantage,2026-03-01,2026-03-15,188.79,74.30,paid,0,,
CL0002306,E0002606,P001211,F07,Medicare,2026-03-02,2026-03-26,324.82,110.09,paid,0,,
CL0002307,E0002607,P000997,F04,Evergreen Health Plan,2026-03-02,2026-03-17,358.74,194.61,paid,0,,
CL0002308,E0002608,P000941,F11,Northstar Advantage,2026-03-02,2026-03-23,572.88,210.27,paid,0,,
CL0002309,E0002609,P000169,F07,Evergreen Health Plan,2026-03-02,2026-03-22,675.87,365.24,paid,0,,
CL0002310,E0002611,P000195,F01,Northstar Advantage,2026-02-28,2026-03-13,296.28,110.45,paid,0,,
CL0002311,E0002612,P000364,F09,Evergreen Health Plan,2026-02-28,2026-03-10,1690.60,916.69,paid,0,,
CL0002312,E0002613,P000998,F03,Northstar Advantage,2026-03-13,2026-03-31,30734.50,0.00,denied,1,Medical necessity,upheld
CL0002313,E0002614,P000423,F04,Cascade Mutual,2026-02-28,2026-04-01,354.52,180.63,paid,0,,
CL0002314,E0002616,P000025,F01,Self-pay,2026-02-28,2026-03-18,3493.36,490.71,paid,0,,
CL0002315,E0002617,P000212,F01,Medicare,2026-03-02,2026-03-28,1438.07,494.25,paid,0,,
CL0002316,E0002618,P001179,F05,Medicare,2026-03-03,2026-03-31,228.72,78.46,paid,0,,
CL0002317,E0002619,P000083,F11,Evergreen Health Plan,2026-03-01,2026-04-01,386.81,206.94,paid,0,,
CL0002318,E0002620,P001264,F11,Evergreen Health Plan,2026-03-03,2026-03-26,524.26,0.00,denied,1,Prior authorization missing,none
CL0002319,E0002621,P000464,F10,Evergreen Health Plan,2026-03-01,2026-03-26,316.34,174.70,paid,0,,
CL0002320,E0002622,P000172,F15,Northstar Advantage,2026-03-01,2026-03-21,234.27,89.81,paid,0,,
CL0002321,E0002623,P000763,F07,Northstar Advantage,2026-03-03,2026-03-25,327.84,119.62,paid,0,,
CL0002322,E0002624,P000914,F05,Medicare,2026-03-01,2026-03-27,450.90,150.41,paid,0,,
CL0002323,E0002625,P000685,F15,Medicare,2026-03-02,2026-04-01,134.89,47.31,paid,0,,
CL0002324,E0002626,P000623,F01,Medicare,2026-03-07,2026-04-02,24587.34,9165.50,paid,0,,
CL0002325,E0002627,P000567,F02,Self-pay,2026-03-04,2026-04-06,2707.12,352.59,paid,0,,
CL0002326,E0002628,P000408,F03,Medicaid,2026-03-10,2026-04-11,28398.78,9050.11,paid,0,,
CL0002327,E0002629,P000476,F01,Evergreen Health Plan,2026-03-07,2026-03-18,27117.65,14395.86,paid,0,,
CL0002328,E0002630,P001284,F02,Northstar Advantage,2026-03-10,2026-04-08,21212.67,0.00,denied,1,Medical necessity,none
CL0002329,E0002631,P001266,F03,Medicare,2026-03-12,2026-04-06,21353.82,7507.69,paid,0,,
CL0002330,E0002633,P001021,F10,Medicare,2026-03-06,2026-04-04,270.54,0.00,denied,1,Prior authorization missing,overturned
CL0002331,E0002634,P000003,F03,Self-pay,2026-03-06,2026-04-06,184.80,25.43,paid,0,,
CL0002332,E0002635,P000960,F09,Medicare,2026-03-03,2026-04-05,272.32,98.35,paid,0,,
CL0002333,E0002636,P000782,F02,Medicare,2026-03-10,2026-03-21,20617.62,7690.35,paid,0,,
CL0002334,E0002637,P001170,F05,Medicare,2026-03-03,2026-04-02,584.17,195.84,paid,0,,
CL0002335,E0002638,P001075,F07,Northstar Advantage,2026-03-03,2026-03-18,259.95,103.63,paid,0,,
CL0002336,E0002639,P000777,F07,Medicare,2026-03-06,2026-04-06,104.94,37.23,paid,0,,
CL0002337,E0002640,P000328,F09,Medicare,2026-03-06,2026-04-10,428.84,151.39,paid,0,,
CL0002338,E0002641,P001142,F05,Medicare,2026-03-07,2026-03-20,145.41,52.06,paid,0,,
CL0002339,E0002642,P000514,F03,Cascade Mutual,2026-03-06,2026-03-26,312.68,171.99,paid,0,,
CL0002340,E0002643,P001042,F09,Cascade Mutual,2026-03-04,2026-04-06,149.28,81.22,paid,0,,
CL0002341,E0002644,P000418,F15,Cascade Mutual,2026-03-04,2026-03-14,116.56,64.45,paid,0,,
CL0002342,E0002645,P001171,F06,Medicare,2026-03-07,2026-04-11,120.09,42.41,paid,0,,
CL0002343,E0002647,P000647,F09,Northstar Advantage,2026-03-07,2026-03-29,311.54,124.51,paid,0,,
CL0002344,E0002648,P000315,F11,Cascade Mutual,2026-03-05,2026-03-19,776.47,427.67,paid,0,,
CL0002345,E0002649,P000957,F03,Northstar Advantage,2026-03-13,2026-04-05,13201.11,5051.68,paid,0,,
CL0002346,E0002650,P001029,F05,Northstar Advantage,2026-03-08,2026-03-23,172.25,62.45,paid,0,,
CL0002347,E0002651,P000225,F09,Northstar Advantage,2026-03-05,2026-03-22,276.45,108.25,paid,0,,
CL0002348,E0002652,P000291,F02,Medicaid,2026-03-08,2026-04-02,567.31,165.88,paid,0,,
CL0002349,E0002653,P000919,F03,Evergreen Health Plan,2026-03-08,2026-03-20,501.88,260.49,paid,0,,
CL0002350,E0002654,P001047,F09,Cascade Mutual,2026-03-07,2026-04-04,286.30,0.00,denied,1,Eligibility or coverage lapse,none
CL0002351,E0002655,P000515,F03,Northstar Advantage,2026-03-11,2026-04-07,30974.42,11431.57,paid,0,,
CL0002352,E0002656,P000474,F03,Northstar Advantage,2026-03-13,2026-04-07,13708.25,5366.36,paid,0,,
CL0002353,E0002657,P000514,F04,Cascade Mutual,2026-03-08,2026-03-23,200.17,110.82,paid,0,,
CL0002354,E0002658,P001349,F10,Northstar Advantage,2026-03-06,2026-03-22,345.15,131.17,paid,0,,
CL0002355,E0002659,P001304,F11,Evergreen Health Plan,2026-03-09,2026-04-04,441.75,230.76,paid,0,,
CL0002356,E0002660,P001271,F07,Medicare,2026-03-06,2026-03-31,194.52,68.00,paid,0,,
CL0002357,E0002662,P000686,F01,Evergreen Health Plan,2026-03-10,2026-04-09,17007.63,9235.86,paid,0,,
CL0002358,E0002663,P001035,F05,Northstar Advantage,2026-03-10,2026-04-03,255.02,101.06,paid,0,,
CL0002359,E0002665,P001371,F01,Northstar Advantage,2026-03-13,2026-03-31,24660.66,0.00,denied,1,Medical necessity,overturned
CL0002360,E0002666,P001221,F02,Medicare,2026-03-21,2026-04-17,52036.78,17719.34,paid,0,,
CL0002361,E0002667,P000520,F15,Medicare,2026-03-10,2026-04-14,407.70,143.28,paid,0,,
CL0002362,E0002668,P001383,F08,Medicare,2026-03-07,2026-03-30,471.15,175.37,paid,0,,
CL0002363,E0002669,P001229,F08,Evergreen Health Plan,2026-03-09,2026-03-28,256.32,132.61,paid,0,,
CL0002364,E0002670,P000443,F03,Northstar Advantage,2026-03-15,2026-03-27,20933.44,7688.74,paid,0,,
CL0002365,E0002671,P000074,F03,Northstar Advantage,2026-03-18,2026-04-03,19714.45,0.00,denied,1,Prior authorization missing,upheld
CL0002366,E0002673,P001218,F02,Medicare,2026-03-16,2026-04-17,36776.77,12872.85,paid,0,,
CL0002367,E0002675,P001323,F03,Cascade Mutual,2026-03-17,2026-03-29,15261.02,7990.85,paid,0,,
CL0002368,E0002676,P000137,F02,Medicare,2026-03-20,2026-04-21,23347.56,8111.73,paid,0,,
CL0002369,E0002677,P000645,F01,Medicare,2026-03-12,2026-04-13,1351.93,504.19,paid,0,,
CL0002370,E0002678,P000394,F01,Evergreen Health Plan,2026-03-18,2026-04-15,23492.65,13431.67,paid,0,,
CL0002371,E0002679,P000233,F04,Medicare,2026-03-13,2026-04-15,526.43,177.88,paid,0,,
CL0002372,E0002680,P001213,F05,Cascade Mutual,2026-03-12,2026-04-11,649.33,361.24,paid,0,,
CL0002373,E0002681,P000078,F11,Medicare,2026-03-10,2026-04-11,231.24,82.24,paid,0,,
CL0002374,E0002682,P001266,F10,Medicare,2026-03-12,2026-04-01,221.31,79.14,paid,0,,
CL0002375,E0002683,P000957,F10,Northstar Advantage,2026-03-10,2026-04-13,953.81,378.25,paid,0,,
CL0002376,E0002684,P000961,F15,Medicare,2026-03-12,2026-04-11,881.14,323.00,paid,0,,
CL0002377,E0002685,P000427,F01,Cascade Mutual,2026-03-13,2026-04-17,1635.42,915.87,paid,0,,
CL0002378,E0002686,P001069,F10,Medicare,2026-03-14,2026-04-18,1098.41,0.00,denied,1,Eligibility or coverage lapse,upheld
CL0002379,E0002687,P000696,F09,Medicare,2026-03-14,2026-04-04,413.32,138.26,paid,0,,
CL0002380,E0002688,P000299,F10,Evergreen Health Plan,2026-03-11,2026-04-08,154.85,83.45,paid,0,,
CL0002381,E0002689,P000332,F06,Medicare,2026-03-14,2026-04-09,108.18,36.73,paid,0,,
CL0002382,E0002691,P000821,F01,Cascade Mutual,2026-03-14,2026-04-18,2635.45,1343.18,paid,0,,
CL0002383,E0002693,P000450,F06,Self-pay,2026-03-12,2026-04-15,183.93,23.89,paid,0,,
CL0002384,E0002694,P000748,F08,Medicare,2026-03-14,2026-03-29,777.23,279.85,paid,0,,
CL0002385,E0002695,P000813,F09,Medicare,2026-03-13,2026-04-15,477.68,167.09,paid,0,,
CL0002386,E0002696,P000767,F02,Cascade Mutual,2026-03-17,2026-04-04,32344.13,17793.30,paid,0,,
CL0002387,E0002697,P001266,F03,Medicare,2026-03-24,2026-04-25,22839.86,8434.84,paid,0,,
CL0002388,E0002698,P001368,F01,Cascade Mutual,2026-03-14,2026-03-25,2570.76,1424.26,paid,0,,
CL0002389,E0002700,P000443,F11,Northstar Advantage,2026-03-13,2026-04-12,406.77,160.40,paid,0,,
CL0002390,E0002701,P000845,F08,Medicaid,2026-03-14,2026-04-06,175.46,56.47,paid,0,,
CL0002391,E0002702,P000973,F15,Cascade Mutual,2026-03-15,2026-03-28,258.93,141.80,paid,0,,
CL0002392,E0002703,P000245,F02,Evergreen Health Plan,2026-03-20,2026-04-04,32146.57,17519.60,paid,0,,
CL0002393,E0002704,P000845,F08,Medicaid,2026-03-13,2026-04-07,274.60,78.52,paid,0,,
CL0002394,E0002705,P000058,F04,Northstar Advantage,2026-03-15,2026-04-07,170.96,61.41,paid,0,,
CL0002395,E0002706,P000993,F04,Northstar Advantage,2026-03-14,2026-04-16,109.47,44.36,paid,0,,
CL0002396,E0002708,P001011,F01,Medicare,2026-03-27,2026-04-15,34833.80,11912.06,paid,0,,
CL0002397,E0002709,P000289,F03,Cascade Mutual,2026-03-16,2026-03-31,1344.10,694.56,paid,0,,
CL0002398,E0002710,P000385,F11,Evergreen Health Plan,2026-03-16,2026-03-28,160.29,91.86,paid,0,,
CL0002399,E0002711,P001139,F01,Northstar Advantage,2026-03-16,2026-04-16,177.26,66.59,paid,0,,
CL0002400,E0002712,P000105,F09,Medicare,2026-03-15,2026-04-07,89.16,30.06,paid,0,,
CL0002401,E0002713,P000743,F07,Medicaid,2026-03-16,2026-04-07,404.20,126.14,paid,0,,
CL0002402,E0002714,P000970,F10,Medicare,2026-03-15,2026-04-07,184.55,65.36,paid,0,,
CL0002403,E0002715,P000663,F01,Northstar Advantage,2026-04-01,2026-04-24,68242.10,27463.60,paid,0,,
CL0002404,E0002716,P000623,F01,Medicare,2026-03-18,2026-03-29,22865.06,8408.34,paid,0,,
CL0002405,E0002717,P001354,F11,Self-pay,2026-03-13,2026-04-04,703.74,91.60,paid,0,,
CL0002406,E0002718,P000908,F01,Medicare,2026-03-20,2026-04-22,28887.12,10104.34,paid,0,,
CL0002407,E0002719,P000862,F01,Evergreen Health Plan,2026-03-19,2026-04-09,14545.98,0.00,denied,1,Medical necessity,overturned
CL0002408,E0002721,P000144,F02,Northstar Advantage,2026-03-25,2026-04-09,33845.43,13155.28,paid,0,,
CL0002409,E0002722,P000476,F07,Evergreen Health Plan,2026-03-17,2026-04-13,1048.94,547.72,paid,0,,
CL0002410,E0002723,P000820,F04,Cascade Mutual,2026-03-14,2026-04-14,260.15,129.41,paid,0,,
CL0002411,E0002724,P000212,F07,Medicare,2026-03-14,2026-04-08,274.04,91.13,paid,0,,
CL0002412,E0002725,P000267,F08,Evergreen Health Plan,2026-03-16,2026-04-03,991.17,546.40,paid,0,,
CL0002413,E0002726,P001258,F03,Self-pay,2026-03-15,2026-04-13,1190.61,164.14,paid,0,,
CL0002414,E0002728,P000386,F01,Evergreen Health Plan,2026-03-27,2026-04-17,26774.21,15485.50,paid,0,,
CL0002415,E0002730,P001333,F02,Northstar Advantage,2026-03-31,2026-04-16,51115.77,0.00,denied,1,Eligibility or coverage lapse,none
CL0002416,E0002732,P001383,F03,Medicare,2026-03-24,2026-04-22,40239.48,14790.92,paid,0,,
CL0002417,E0002733,P000173,F03,Medicaid,2026-03-24,2026-04-17,24976.29,7792.29,paid,0,,
CL0002418,E0002735,P001256,F03,Medicare,2026-03-25,2026-04-09,40437.12,14346.25,paid,0,,
CL0002419,E0002736,P001395,F01,Medicaid,2026-03-27,2026-04-24,34611.17,10329.37,paid,0,,
CL0002420,E0002739,P000977,F01,Medicare,2026-03-25,2026-04-12,21422.45,7464.49,paid,0,,
CL0002421,E0002740,P000240,F02,Northstar Advantage,2026-03-27,2026-04-27,17003.23,6355.83,paid,0,,
CL0002422,E0002741,P000686,F15,Evergreen Health Plan,2026-03-19,2026-04-04,420.83,232.21,paid,0,,
CL0002423,E0002742,P000892,F05,Medicare,2026-03-18,2026-04-12,236.32,79.36,paid,0,,
CL0002424,E0002743,P001218,F08,Medicare,2026-03-20,2026-04-08,883.39,324.60,paid,0,,
CL0002425,E0002744,P001221,F09,Medicare,2026-03-17,2026-04-04,335.23,116.42,paid,0,,
CL0002426,E0002745,P000839,F07,Medicare,2026-03-19,2026-04-07,86.93,32.47,paid,0,,
CL0002427,E0002746,P000137,F11,Medicare,2026-03-17,2026-03-28,242.43,90.16,paid,0,,
CL0002428,E0002747,P000171,F07,Medicare,2026-03-17,2026-03-31,128.60,47.30,paid,0,,
CL0002429,E0002748,P000231,F07,Cascade Mutual,2026-03-20,2026-04-04,436.45,244.44,paid,0,,
CL0002430,E0002749,P001397,F09,Medicaid,2026-03-19,2026-04-09,236.27,73.22,paid,0,,
CL0002431,E0002750,P000959,F07,Northstar Advantage,2026-03-19,2026-04-08,435.03,172.58,paid,0,,
CL0002432,E0002751,P000694,F05,Medicaid,2026-03-17,2026-04-11,58.25,17.85,paid,0,,
CL0002433,E0002752,P000804,F09,Evergreen Health Plan,2026-03-17,2026-03-31,609.91,320.61,paid,0,,
CL0002434,E0002753,P000055,F05,Evergreen Health Plan,2026-03-18,2026-04-07,270.71,142.87,paid,0,,
CL0002435,E0002754,P000982,F05,Cascade Mutual,2026-03-19,2026-04-21,139.29,72.32,paid,0,,
CL0002436,E0002755,P000365,F04,Medicare,2026-03-18,2026-04-22,253.72,84.66,paid,0,,
CL0002437,E0002756,P001336,F11,Northstar Advantage,2026-03-20,2026-04-17,225.19,86.72,paid,0,,
CL0002438,E0002757,P000040,F06,Cascade Mutual,2026-03-18,2026-03-30,115.02,57.42,paid,0,,
CL0002439,E0002758,P000124,F07,Self-pay,2026-03-20,2026-04-13,580.85,78.96,paid,0,,
CL0002440,E0002759,P000908,F08,Medicare,2026-03-20,2026-04-03,121.33,44.00,paid,0,,
CL0002441,E0002762,P000915,F01,Medicaid,2026-03-22,2026-04-13,18179.22,5529.04,paid,0,,
CL0002442,E0002763,P001301,F02,Cascade Mutual,2026-03-31,2026-04-25,41099.88,22672.90,paid,0,,
CL0002443,E0002765,P000933,F03,Medicare,2026-03-27,2026-04-29,21416.73,7138.41,paid,0,,
CL0002444,E0002766,P000585,F01,Northstar Advantage,2026-03-20,2026-04-21,146.86,59.38,paid,0,,
CL0002445,E0002767,P000148,F15,Medicare,2026-03-22,2026-04-09,68.04,25.05,paid,0,,
CL0002446,E0002768,P001189,F02,Evergreen Health Plan,2026-03-31,2026-04-30,24321.75,12572.25,paid,0,,
CL0002447,E0002769,P000782,F10,Medicare,2026-03-19,2026-04-12,1372.27,475.86,paid,0,,
CL0002448,E0002770,P000855,F03,Medicare,2026-03-26,2026-04-06,22439.06,7708.34,paid,0,,
CL0002449,E0002771,P000767,F15,Cascade Mutual,2026-03-22,2026-04-06,437.38,0.00,denied,1,Duplicate claim,none
CL0002450,E0002772,P000149,F15,Cascade Mutual,2026-03-21,2026-04-14,475.70,240.75,paid,0,,
CL0002451,E0002773,P000659,F04,Evergreen Health Plan,2026-03-22,2026-04-18,175.48,97.43,paid,0,,
CL0002452,E0002774,P000136,F11,Northstar Advantage,2026-03-22,2026-04-07,192.46,75.87,paid,0,,
CL0002453,E0002776,P000078,F11,Medicare,2026-03-20,2026-04-22,358.13,120.15,paid,0,,
CL0002454,E0002777,P000310,F11,Cascade Mutual,2026-03-23,2026-04-19,316.97,0.00,denied,1,Prior authorization missing,none
CL0002455,E0002778,P001235,F02,Northstar Advantage,2026-03-28,2026-04-16,20133.63,7532.72,paid,0,,
CL0002456,E0002779,P000605,F06,Medicaid,2026-03-23,2026-04-15,511.42,163.18,paid,0,,
CL0002457,E0002780,P001052,F05,Medicaid,2026-03-20,2026-04-19,296.72,92.15,paid,0,,
CL0002458,E0002781,P000152,F07,Cascade Mutual,2026-03-21,2026-04-10,109.52,58.65,paid,0,,
CL0002459,E0002782,P000623,F08,Medicare,2026-03-23,2026-04-20,354.61,130.69,paid,0,,
CL0002460,E0002783,P000394,F05,Evergreen Health Plan,2026-03-23,2026-04-10,510.25,292.02,paid,0,,
CL0002461,E0002784,P001226,F09,Medicaid,2026-03-23,2026-04-22,277.00,84.43,paid,0,,
CL0002462,E0002785,P001113,F12,Medicare,2026-03-20,2026-04-20,891.17,318.46,paid,0,,
CL0002463,E0002786,P001359,F04,Medicare,2026-03-21,2026-04-01,485.21,175.66,paid,0,,
CL0002464,E0002787,P000656,F10,Medicare,2026-03-21,2026-04-19,360.78,129.34,paid,0,,
CL0002465,E0002788,P001063,F09,Medicare,2026-03-22,2026-04-26,268.97,0.00,denied,1,Timely filing,upheld
CL0002466,E0002789,P000998,F07,Northstar Advantage,2026-03-21,2026-04-25,920.32,334.26,paid,0,,
CL0002467,E0002790,P000097,F12,Northstar Advantage,2026-03-24,2026-04-15,201.22,81.25,paid,0,,
CL0002468,E0002791,P000565,F04,Medicare,2026-03-22,2026-04-06,449.61,165.99,paid,0,,
CL0002469,E0002792,P000592,F01,Medicare,2026-03-23,2026-04-02,168.18,59.68,paid,0,,
CL0002470,E0002793,P000957,F14,Northstar Advantage,2026-03-23,2026-04-03,334.13,120.81,paid,0,,
CL0002471,E0002795,P000466,F01,Medicaid,2026-03-28,2026-04-15,32320.86,9758.41,paid,0,,
CL0002472,E0002796,P000632,F02,Medicare,2026-04-02,2026-04-26,34262.83,12032.46,paid,0,,
CL0002473,E0002797,P000830,F02,Northstar Advantage,2026-03-24,2026-04-09,1645.59,629.15,paid,0,,
CL0002474,E0002798,P000443,F03,Northstar Advantage,2026-03-29,2026-04-19,32661.79,0.00,denied,1,Medical necessity,none
CL0002475,E0002799,P001386,F01,Self-pay,2026-03-22,2026-04-08,2655.00,375.35,paid,0,,
CL0002476,E0002801,P000654,F02,Medicare,2026-03-31,2026-04-15,18539.32,6913.84,paid,0,,
CL0002477,E0002803,P001278,F03,Cascade Mutual,2026-03-22,2026-04-14,2018.30,1070.97,paid,0,,
CL0002478,E0002804,P001045,F01,Medicare,2026-03-29,2026-04-14,22971.38,7714.99,paid,0,,
CL0002479,E0002805,P000798,F03,Evergreen Health Plan,2026-03-23,2026-04-24,3346.61,1757.14,paid,0,,
CL0002480,E0002807,P000299,F01,Evergreen Health Plan,2026-03-30,2026-04-28,30944.68,16409.57,paid,0,,
CL0002481,E0002808,P000104,F01,Medicaid,2026-03-26,2026-04-28,1417.64,442.60,paid,0,,
CL0002482,E0002811,P000306,F02,Medicare,2026-03-30,2026-04-19,14261.09,5294.29,paid,0,,
CL0002483,E0002812,P001020,F02,Medicaid,2026-04-02,2026-04-22,25840.36,0.00,denied,1,Coding error,none
CL0002484,E0002813,P001238,F08,Cascade Mutual,2026-03-25,2026-04-14,532.81,277.42,paid,0,,
CL0002485,E0002814,P001296,F11,Medicaid,2026-03-27,2026-04-24,306.22,95.61,paid,0,,
CL0002486,E0002815,P000067,F06,Northstar Advantage,2026-03-25,2026-04-25,221.60,87.75,paid,0,,
CL0002487,E0002817,P000592,F15,Medicare,2026-03-25,2026-04-15,220.06,77.66,paid,0,,
CL0002488,E0002818,P000173,F11,Medicaid,2026-03-26,2026-04-11,549.32,169.83,paid,0,,
CL0002489,E0002819,P000925,F10,Medicaid,2026-03-27,2026-04-20,185.96,58.58,paid,0,,
CL0002490,E0002820,P000205,F01,Medicare,2026-03-25,2026-04-04,1739.53,622.05,paid,0,,
CL0002491,E0002821,P000966,F05,Medicaid,2026-03-26,2026-04-18,405.10,123.48,paid,0,,
CL0002492,E0002822,P001317,F02,Cascade Mutual,2026-04-07,2026-04-26,69761.25,37564.91,paid,0,,
CL0002493,E0002823,P000490,F06,Evergreen Health Plan,2026-03-26,2026-04-07,177.05,97.88,paid,0,,
CL0002494,E0002824,P000639,F05,Northstar Advantage,2026-03-28,2026-04-12,219.66,80.66,paid,0,,
CL0002495,E0002825,P000977,F11,Medicare,2026-03-25,2026-04-22,507.48,180.96,paid,0,,
CL0002496,E0002826,P001175,F04,Northstar Advantage,2026-03-27,2026-04-21,261.69,0.00,denied,1,Duplicate claim,none
CL0002497,E0002827,P001000,F05,Northstar Advantage,2026-03-28,2026-04-25,168.37,64.88,paid,0,,
CL0002498,E0002828,P000666,F06,Cascade Mutual,2026-03-25,2026-04-14,191.61,103.42,paid,0,,
CL0002499,E0002829,P000884,F05,Medicare,2026-03-25,2026-04-27,281.32,101.98,paid,0,,
CL0002500,E0002830,P000951,F06,Medicaid,2026-03-26,2026-04-12,278.08,81.20,paid,0,,
CL0002501,E0002831,P000317,F07,Medicaid,2026-03-26,2026-04-09,229.86,72.54,paid,0,,
CL0002502,E0002832,P000240,F07,Northstar Advantage,2026-03-26,2026-04-30,516.44,186.71,paid,0,,
CL0002503,E0002833,P001395,F08,Medicaid,2026-03-28,2026-04-27,895.80,272.68,paid,0,,
CL0002504,E0002834,P001383,F11,Medicare,2026-03-27,2026-04-28,560.76,201.92,paid,0,,
CL0002505,E0002835,P000428,F12,Cascade Mutual,2026-03-27,2026-04-23,146.66,78.99,paid,0,,
CL0002506,E0002836,P000466,F05,Medicaid,2026-03-26,2026-04-21,429.10,127.57,paid,0,,
CL0002507,E0002837,P000878,F04,Cascade Mutual,2026-03-26,2026-04-20,181.84,97.87,paid,0,,
CL0002508,E0002838,P000623,F01,Medicare,2026-04-10,2026-04-29,34151.80,12111.55,paid,0,,
CL0002509,E0002839,P001333,F07,Northstar Advantage,2026-03-27,2026-04-07,379.45,136.97,paid,0,,
CL0002510,E0002840,P000408,F10,Medicaid,2026-03-28,2026-04-28,807.46,244.21,paid,0,,
CL0002511,E0002841,P000489,F02,Medicare,2026-04-02,2026-05-02,23668.78,8664.30,paid,0,,
CL0002512,E0002842,P000955,F10,Medicare,2026-03-29,2026-04-12,127.25,45.51,paid,0,,
CL0002513,E0002843,P000016,F01,Medicare,2026-03-28,2026-04-24,1797.18,627.69,paid,0,,
CL0002514,E0002844,P000353,F14,Evergreen Health Plan,2026-03-29,2026-04-25,54.62,31.05,paid,0,,
CL0002515,E0002845,P000365,F04,Medicare,2026-03-29,2026-04-23,349.17,0.00,denied,1,Prior authorization missing,none
CL0002516,E0002846,P001295,F08,Medicare,2026-03-29,2026-05-02,189.55,63.56,paid,0,,
CL0002517,E0002847,P000710,F01,Evergreen Health Plan,2026-03-30,2026-04-30,1799.58,0.00,denied,1,Eligibility or coverage lapse,overturned
CL0002518,E0002848,P000445,F05,Cascade Mutual,2026-03-30,2026-04-26,623.05,312.20,paid,0,,
CL0002519,E0002849,P000855,F10,Medicare,2026-03-27,2026-04-21,1001.97,332.39,paid,0,,
CL0002520,E0002850,P000351,F05,Self-pay,2026-03-28,2026-04-20,333.00,46.47,paid,0,,
CL0002521,E0002851,P000761,F07,Medicaid,2026-03-27,2026-04-22,476.27,146.50,paid,0,,
CL0002522,E0002852,P000825,F07,Medicare,2026-03-30,2026-04-19,601.98,210.13,paid,0,,
CL0002523,E0002853,P000474,F11,Northstar Advantage,2026-03-28,2026-04-10,295.10,114.31,paid,0,,
CL0002524,E0002854,P000833,F07,Medicare,2026-03-29,2026-04-21,408.79,139.28,paid,0,,
CL0002525,E0002856,P000530,F06,Medicare,2026-03-30,2026-04-17,205.97,74.52,paid,0,,
CL0002526,E0002857,P000080,F01,Medicare,2026-03-30,2026-04-25,1848.79,651.68,paid,0,,
CL0002527,E0002858,P000409,F04,Medicaid,2026-03-30,2026-04-12,102.39,31.62,paid,0,,
CL0002528,E0002859,P000933,F06,Medicare,2026-03-28,2026-04-20,190.00,69.77,paid,0,,
CL0002529,E0002860,P001219,F02,Medicaid,2026-04-07,2026-05-11,28157.55,8764.41,paid,0,,
CL0002530,E0002861,P001395,F01,Medicaid,2026-03-27,2026-04-19,2853.65,894.21,paid,0,,
CL0002531,E0002862,P000276,F10,Medicaid,2026-03-30,2026-04-13,211.85,60.44,paid,0,,
CL0002532,E0002863,P000632,F11,Medicare,2026-03-30,2026-04-18,474.20,173.66,paid,0,,
CL0002533,E0002864,P001308,F10,Medicare,2026-03-30,2026-04-16,273.27,97.44,paid,0,,
CL0002534,E0002865,P001129,F04,Medicare,2026-03-28,2026-04-15,171.83,61.78,paid,0,,
CL0002535,E0002866,P000177,F04,Medicare,2026-03-31,2026-04-11,415.43,155.16,paid,0,,
CL0002536,E0002869,P000178,F01,Cascade Mutual,2026-04-03,2026-04-28,17190.63,8876.02,paid,0,,
CL0002537,E0002870,P000453,F01,Medicaid,2026-04-08,2026-04-24,30464.23,9304.21,paid,0,,
CL0002538,E0002873,P001110,F03,Medicare,2026-04-10,2026-05-07,32005.35,11805.58,paid,0,,
CL0002539,E0002874,P000929,F02,Medicare,2026-04-08,2026-04-28,52008.06,18185.09,paid,0,,
CL0002540,E0002875,P000855,F03,Medicare,2026-04-07,2026-04-26,30276.57,10213.79,paid,0,,
CL0002541,E0002876,P000655,F03,Medicaid,2026-04-01,2026-04-15,3642.81,1041.21,paid,0,,
CL0002542,E0002877,P001091,F15,Medicare,2026-04-03,2026-04-28,377.76,132.05,paid,0,,
CL0002543,E0002878,P001266,F11,Medicare,2026-04-03,2026-04-20,249.84,87.16,paid,0,,
CL0002544,E0002879,P000931,F09,Medicaid,2026-03-31,2026-04-11,109.00,0.00,denied,1,Prior authorization missing,upheld
CL0002545,E0002880,P000095,F08,Cascade Mutual,2026-04-02,2026-04-20,219.41,0.00,denied,1,Duplicate claim,overturned
CL0002546,E0002881,P000908,F08,Medicare,2026-03-31,2026-05-03,532.88,194.57,paid,0,,
CL0002547,E0002882,P000703,F04,Evergreen Health Plan,2026-04-02,2026-04-22,323.50,177.80,paid,0,,
CL0002548,E0002883,P000663,F07,Northstar Advantage,2026-04-01,2026-04-16,340.32,130.02,paid,0,,
CL0002549,E0002884,P000493,F08,Evergreen Health Plan,2026-03-31,2026-04-16,479.00,0.00,denied,1,Eligibility or coverage lapse,overturned
CL0002550,E0002885,P001301,F05,Cascade Mutual,2026-03-31,2026-04-12,781.85,396.09,paid,0,,
CL0002551,E0002886,P001043,F08,Medicare,2026-04-04,2026-05-03,203.99,69.44,paid,0,,
CL0002552,E0002887,P000951,F06,Medicaid,2026-04-02,2026-05-06,613.12,175.95,paid,0,,
CL0002553,E0002888,P001383,F08,Medicare,2026-04-03,2026-05-01,437.56,157.43,paid,0,,
CL0002554,E0002889,P001251,F07,Northstar Advantage,2026-04-01,2026-04-27,253.57,99.90,paid,0,,
CL0002555,E0002890,P000179,F05,Evergreen Health Plan,2026-04-02,2026-04-28,149.66,82.12,paid,0,,
CL0002556,E0002891,P000930,F14,Evergreen Health Plan,2026-04-01,2026-05-01,270.72,152.34,paid,0,,
CL0002557,E0002892,P001160,F05,Medicaid,2026-04-04,2026-04-25,482.03,139.27,paid,0,,
CL0002558,E0002893,P000027,F03,Medicaid,2026-04-04,2026-04-26,504.05,159.82,paid,0,,
CL0002559,E0002894,P001239,F05,Northstar Advantage,2026-04-03,2026-04-27,406.12,155.48,paid,0,,
CL0002560,E0002895,P000144,F15,Northstar Advantage,2026-04-03,2026-05-02,1575.42,596.77,paid,0,,
CL0002561,E0002896,P000137,F04,Medicare,2026-04-05,2026-04-19,289.11,96.49,paid,0,,
CL0002562,E0002898,P001233,F01,Medicare,2026-04-03,2026-04-26,311.32,105.00,paid,0,,
CL0002563,E0002899,P000731,F05,Medicare,2026-04-03,2026-04-21,251.26,89.17,paid,0,,
CL0002564,E0002900,P000178,F05,Cascade Mutual,2026-04-04,2026-04-19,455.00,232.36,paid,0,,
CL0002565,E0002901,P001099,F01,Medicare,2026-04-06,2026-05-07,331.26,121.63,paid,0,,
CL0002566,E0002902,P000127,F03,Cascade Mutual,2026-04-16,2026-05-04,38858.15,20853.49,paid,0,,
CL0002567,E0002903,P001328,F09,Medicare,2026-04-05,2026-05-10,300.31,112.00,paid,0,,
CL0002568,E0002904,P000624,F03,Medicare,2026-04-05,2026-05-10,205.04,68.60,paid,0,,
CL0002569,E0002906,P001282,F01,Cascade Mutual,2026-04-05,2026-05-01,220.14,110.77,paid,0,,
CL0002570,E0002907,P000901,F01,Self-pay,2026-04-09,2026-04-24,12397.79,1784.42,paid,0,,
CL0002571,E0002908,P000387,F03,Medicare,2026-04-05,2026-05-02,1390.05,475.31,paid,0,,
CL0002572,E0002909,P000800,F06,Evergreen Health Plan,2026-04-06,2026-04-20,254.55,146.97,paid,0,,
CL0002573,E0002910,P000173,F10,Medicaid,2026-04-07,2026-04-18,181.13,52.83,paid,0,,
CL0002574,E0002911,P000478,F02,Northstar Advantage,2026-04-05,2026-05-09,2361.91,873.66,paid,0,,
CL0002575,E0002912,P000489,F11,Medicare,2026-04-04,2026-04-27,502.82,186.33,paid,0,,
CL0002576,E0002913,P000358,F03,Medicaid,2026-04-12,2026-05-03,25085.34,7261.16,paid,0,,
CL0002577,E0002914,P000138,F01,Self-pay,2026-04-05,2026-04-25,946.04,136.83,paid,0,,
CL0002578,E0002915,P000430,F01,Evergreen Health Plan,2026-04-07,2026-04-25,1855.59,1069.72,paid,0,,
CL0002579,E0002917,P000729,F03,Northstar Advantage,2026-04-14,2026-04-28,35841.47,13044.99,paid,0,,
CL0002580,E0002918,P000633,F02,Evergreen Health Plan,2026-04-06,2026-05-03,1359.95,767.50,paid,0,,
CL0002581,E0002920,P001189,F01,Evergreen Health Plan,2026-04-17,2026-05-01,30223.35,16447.83,paid,0,,
CL0002582,E0002921,P000068,F04,Cascade Mutual,2026-04-10,2026-04-28,116.85,64.90,paid,0,,
CL0002583,E0002922,P000437,F10,Medicare,2026-04-08,2026-05-07,378.88,126.04,paid,0,,
CL0002584,E0002923,P000285,F12,Medicare,2026-04-09,2026-04-28,317.36,109.02,paid,0,,
CL0002585,E0002924,P000226,F02,Northstar Advantage,2026-04-08,2026-04-29,278.94,102.93,paid,0,,
CL0002586,E0002925,P001022,F03,Cascade Mutual,2026-04-14,2026-04-30,21668.01,11375.93,paid,0,,
CL0002587,E0002926,P000723,F08,Medicare,2026-04-10,2026-04-22,310.38,109.97,paid,0,,
CL0002588,E0002927,P000268,F05,Medicare,2026-04-10,2026-05-02,317.12,118.49,paid,0,,
CL0002589,E0002928,P001317,F04,Cascade Mutual,2026-04-07,2026-04-28,597.08,329.96,paid,0,,
CL0002590,E0002929,P000457,F08,Evergreen Health Plan,2026-04-07,2026-05-06,281.65,159.09,paid,0,,
CL0002591,E0002930,P000394,F01,Evergreen Health Plan,2026-04-11,2026-05-15,1450.25,816.63,paid,0,,
CL0002592,E0002932,P000178,F01,Cascade Mutual,2026-04-13,2026-05-13,18154.55,9979.02,paid,0,,
CL0002593,E0002933,P000428,F06,Cascade Mutual,2026-04-11,2026-04-21,159.28,79.58,paid,0,,
CL0002594,E0002934,P000684,F04,Northstar Advantage,2026-04-10,2026-04-26,472.01,170.95,paid,0,,
CL0002595,E0002935,P000530,F06,Medicare,2026-04-10,2026-05-13,482.18,164.44,paid,0,,
CL0002596,E0002936,P000051,F01,Medicare,2026-04-10,2026-05-08,141.68,50.66,paid,0,,
CL0002597,E0002937,P001071,F05,Medicare,2026-04-11,2026-04-29,252.04,87.77,paid,0,,
CL0002598,E0002939,P001020,F10,Medicaid,2026-04-08,2026-05-04,773.45,240.26,paid,0,,
CL0002599,E0002941,P001256,F15,Medicare,2026-04-10,2026-04-24,412.10,138.91,paid,0,,
CL0002600,E0002942,P001285,F01,Cascade Mutual,2026-04-17,2026-04-30,32300.60,17915.81,paid,0,,
CL0002601,E0002943,P000193,F02,Medicare,2026-04-21,2026-05-19,41329.67,14760.10,paid,0,,
CL0002602,E0002944,P000113,F07,Medicare,2026-04-09,2026-05-03,325.85,121.76,paid,0,,
CL0002603,E0002945,P000410,F09,Medicare,2026-04-09,2026-05-09,132.32,47.96,paid,0,,
CL0002604,E0002946,P001266,F03,Medicare,2026-04-10,2026-05-12,1486.11,545.85,paid,0,,
CL0002605,E0002947,P001120,F04,Northstar Advantage,2026-04-12,2026-05-05,134.33,53.32,paid,0,,
CL0002606,E0002948,P001226,F06,Medicaid,2026-04-10,2026-05-13,248.95,78.40,paid,0,,
CL0002607,E0002949,P000773,F09,Medicare,2026-04-12,2026-05-04,245.82,90.25,paid,0,,
CL0002608,E0002950,P001213,F05,Cascade Mutual,2026-04-10,2026-05-04,577.72,307.97,paid,0,,
CL0002609,E0002951,P000573,F07,Cascade Mutual,2026-04-09,2026-05-05,336.70,170.43,paid,0,,
CL0002610,E0002952,P000080,F02,Medicare,2026-04-12,2026-05-13,406.28,150.13,paid,0,,
CL0002611,E0002953,P001047,F06,Cascade Mutual,2026-04-09,2026-05-14,136.67,76.52,paid,0,,
CL0002612,E0002954,P000737,F04,Cascade Mutual,2026-04-11,2026-05-13,265.32,148.01,paid,0,,
CL0002613,E0002956,P001304,F09,Evergreen Health Plan,2026-04-11,2026-05-09,340.98,177.01,paid,0,,
CL0002614,E0002957,P001300,F07,Medicare,2026-04-12,2026-05-07,140.10,46.52,paid,0,,
CL0002615,E0002958,P001302,F07,Northstar Advantage,2026-04-13,2026-05-10,610.82,237.07,paid,0,,
CL0002616,E0002959,P000721,F06,Medicaid,2026-04-10,2026-05-13,302.27,91.99,paid,0,,
CL0002617,E0002960,P000363,F01,Medicare,2026-04-18,2026-05-12,42887.47,14284.29,paid,0,,
CL0002618,E0002961,P000164,F08,Medicare,2026-04-11,2026-04-25,135.02,45.05,paid,0,,
CL0002619,E0002962,P000235,F05,Medicare,2026-04-12,2026-05-08,159.74,56.80,paid,0,,
CL0002620,E0002963,P000803,F11,Northstar Advantage,2026-04-13,2026-04-23,320.69,122.77,paid,0,,
CL0002621,E0002964,P000749,F06,Cascade Mutual,2026-04-12,2026-05-13,397.78,220.26,paid,0,,
CL0002622,E0002965,P000505,F04,Northstar Advantage,2026-04-12,2026-05-02,265.96,105.14,paid,0,,
CL0002623,E0002966,P000860,F01,Northstar Advantage,2026-04-17,2026-05-16,16912.83,6613.36,paid,0,,
CL0002624,E0002967,P000839,F01,Medicare,2026-04-11,2026-04-25,3105.16,1101.62,paid,0,,
CL0002625,E0002969,P000941,F01,Northstar Advantage,2026-04-20,2026-05-19,20327.00,7568.35,paid,0,,
CL0002626,E0002970,P001051,F04,Evergreen Health Plan,2026-04-14,2026-04-29,377.86,212.46,paid,0,,
CL0002627,E0002971,P001165,F10,Medicare,2026-04-13,2026-05-10,309.98,111.35,paid,0,,
CL0002628,E0002972,P000727,F02,Northstar Advantage,2026-04-17,2026-05-13,13273.46,5379.90,paid,0,,
CL0002629,E0002973,P000268,F01,Medicare,2026-04-21,2026-05-21,46729.29,16279.86,paid,0,,
CL0002630,E0002974,P001230,F02,Evergreen Health Plan,2026-04-24,2026-05-10,28147.86,14769.06,paid,0,,
CL0002631,E0002975,P000972,F03,Medicare,2026-04-19,2026-04-30,14089.90,5210.43,paid,0,,
CL0002632,E0002976,P001061,F03,Cascade Mutual,2026-04-22,2026-05-16,30918.92,15830.12,paid,0,,
CL0002633,E0002978,P000602,F02,Medicare,2026-04-22,2026-05-17,41916.18,15485.83,paid,0,,
CL0002634,E0002979,P001317,F02,Cascade Mutual,2026-04-20,2026-05-01,23285.88,11637.36,paid,0,,
CL0002635,E0002980,P000717,F01,Medicare,2026-04-14,2026-05-18,832.91,293.66,paid,0,,
CL0002636,E0002981,P001178,F01,Northstar Advantage,2026-04-15,2026-05-18,2884.32,0.00,denied,1,Coding error,none
CL0002637,E0002982,P000542,F09,Medicare,2026-04-17,2026-05-06,76.10,26.61,paid,0,,
CL0002638,E0002983,P001219,F09,Medicaid,2026-04-14,2026-04-24,406.20,130.06,paid,0,,
CL0002639,E0002984,P001011,F15,Medicare,2026-04-15,2026-04-25,330.97,110.30,paid,0,,
CL0002640,E0002985,P000501,F02,Medicare,2026-04-17,2026-05-08,1901.83,669.92,paid,0,,
CL0002641,E0002986,P001151,F04,Medicare,2026-04-14,2026-05-15,215.90,79.83,paid,0,,
CL0002642,E0002987,P000822,F07,Medicare,2026-04-15,2026-05-15,299.07,106.26,paid,0,,
CL0002643,E0002988,P000401,F09,Evergreen Health Plan,2026-04-15,2026-05-06,86.93,0.00,denied,1,Eligibility or coverage lapse,none
CL0002644,E0002989,P001219,F09,Medicaid,2026-04-15,2026-05-19,341.38,99.73,paid,0,,
CL0002645,E0002990,P000993,F02,Northstar Advantage,2026-04-20,2026-05-04,18642.04,7531.10,paid,0,,
CL0002646,E0002991,P000093,F03,Medicare,2026-04-15,2026-05-19,140.85,47.96,paid,0,,
CL0002647,E0002992,P001395,F07,Medicaid,2026-04-15,2026-05-17,321.12,101.73,paid,0,,
CL0002648,E0002993,P000654,F11,Medicare,2026-04-16,2026-04-26,633.62,0.00,denied,1,Incomplete documentation,upheld
CL0002649,E0002994,P001285,F07,Cascade Mutual,2026-04-17,2026-05-04,887.90,469.97,paid,0,,
CL0002650,E0002995,P000481,F02,Medicare,2026-04-23,2026-05-06,18760.46,7015.92,paid,0,,
CL0002651,E0002996,P000564,F06,Northstar Advantage,2026-04-15,2026-05-13,436.25,164.68,paid,0,,
CL0002652,E0002997,P000727,F05,Northstar Advantage,2026-04-16,2026-05-06,156.67,57.06,paid,0,,
CL0002653,E0002998,P000218,F02,Northstar Advantage,2026-04-22,2026-05-22,10579.99,3873.01,paid,0,,
CL0002654,E0002999,P000885,F07,Medicare,2026-04-16,2026-05-15,472.41,172.19,paid,0,,
CL0002655,E0003000,P000774,F04,Northstar Advantage,2026-04-17,2026-05-22,229.59,87.90,paid,0,,
CL0002656,E0003001,P001371,F05,Northstar Advantage,2026-04-16,2026-05-11,411.86,151.46,paid,0,,
CL0002657,E0003002,P001371,F01,Northstar Advantage,2026-04-16,2026-05-04,1418.44,522.41,paid,0,,
CL0002658,E0003003,P001315,F02,Self-pay,2026-04-19,2026-05-18,903.02,121.93,paid,0,,
CL0002659,E0003004,P001300,F07,Medicare,2026-04-17,2026-05-18,262.89,89.53,paid,0,,
CL0002660,E0003006,P000238,F09,Northstar Advantage,2026-04-17,2026-05-04,149.43,57.34,paid,0,,
CL0002661,E0003007,P000223,F03,Medicare,2026-04-17,2026-05-06,1401.50,500.71,paid,0,,
CL0002662,E0003008,P000729,F03,Northstar Advantage,2026-04-25,2026-05-20,25317.47,0.00,denied,1,Medical necessity,none
CL0002663,E0003009,P001185,F07,Self-pay,2026-04-17,2026-05-03,123.65,16.00,paid,0,,
CL0002664,E0003010,P000592,F15,Medicare,2026-04-19,2026-05-10,847.96,309.48,paid,0,,
CL0002665,E0003011,P000786,F04,Cascade Mutual,2026-04-19,2026-05-17,172.35,90.82,paid,0,,
CL0002666,E0003012,P000972,F09,Medicare,2026-04-20,2026-05-09,303.87,107.76,paid,0,,
CL0002667,E0003013,P001002,F08,Medicare,2026-04-19,2026-05-17,179.38,61.06,paid,0,,
CL0002668,E0003015,P000991,F09,Northstar Advantage,2026-04-21,2026-05-14,335.98,121.05,paid,0,,
CL0002669,E0003017,P000656,F10,Medicare,2026-04-19,2026-05-12,180.84,62.35,paid,0,,
CL0002670,E0003018,P001273,F06,Medicare,2026-04-19,2026-05-13,282.53,105.16,paid,0,,
CL0002671,E0003019,P001316,F14,Medicaid,2026-04-19,2026-05-08,422.86,134.09,paid,0,,
CL0002672,E0003020,P001077,F01,Northstar Advantage,2026-04-20,2026-05-05,2048.35,739.08,paid,0,,
CL0002673,E0003021,P001225,F03,Medicaid,2026-04-25,2026-05-15,28126.72,8998.81,paid,0,,
CL0002674,E0003022,P000815,F02,Northstar Advantage,2026-04-25,2026-05-24,14787.33,5961.38,paid,0,,
CL0002675,E0003023,P000941,F10,Northstar Advantage,2026-04-20,2026-05-22,290.27,105.68,paid,0,,
CL0002676,E0003024,P001331,F06,Medicare,2026-04-21,2026-05-24,372.52,135.11,paid,0,,
CL0002677,E0003025,P001105,F09,Northstar Advantage,2026-04-18,2026-05-02,325.71,126.73,paid,0,,
CL0002678,E0003026,P000212,F01,Medicare,2026-04-27,2026-05-10,16479.00,5758.28,paid,0,,
CL0002679,E0003028,P001228,F01,Medicare,2026-04-21,2026-05-14,1085.07,366.91,paid,0,,
CL0002680,E0003029,P001389,F01,Northstar Advantage,2026-04-27,2026-05-21,25840.64,9816.65,paid,0,,
CL0002681,E0003030,P001106,F03,Medicare,2026-04-19,2026-05-09,1351.92,495.37,paid,0,,
CL0002682,E0003032,P000860,F01,Northstar Advantage,2026-05-01,2026-05-15,18999.08,7119.80,paid,0,,
CL0002683,E0003033,P001349,F02,Northstar Advantage,2026-04-20,2026-05-18,3084.52,1239.29,paid,0,,
CL0002684,E0003035,P000064,F07,Medicare,2026-04-21,2026-05-19,312.87,0.00,denied,1,Eligibility or coverage lapse,none
CL0002685,E0003036,P000932,F05,Medicare,2026-04-24,2026-05-07,220.37,77.66,paid,0,,
CL0002686,E0003037,P001111,F08,Cascade Mutual,2026-04-22,2026-05-11,431.34,222.41,paid,0,,
CL0002687,E0003038,P000754,F06,Evergreen Health Plan,2026-04-22,2026-05-13,101.73,55.96,paid,0,,
CL0002688,E0003039,P000723,F01,Medicare,2026-04-29,2026-05-31,18421.48,6350.06,paid,0,,
CL0002689,E0003040,P000069,F07,Medicare,2026-04-21,2026-05-08,154.03,51.71,paid,0,,
CL0002690,E0003041,P001381,F04,Medicaid,2026-04-23,2026-05-07,177.86,0.00,denied,1,Prior authorization missing,none
CL0002691,E0003042,P001053,F04,Cascade Mutual,2026-04-23,2026-05-13,179.23,91.09,paid,0,,
CL0002692,E0003043,P001061,F10,Cascade Mutual,2026-04-23,2026-05-22,544.65,295.16,paid,0,,
CL0002693,E0003044,P001022,F03,Cascade Mutual,2026-04-22,2026-05-22,2918.79,1541.69,paid,0,,
CL0002694,E0003045,P000427,F01,Cascade Mutual,2026-04-24,2026-05-21,2480.45,1253.94,paid,0,,
CL0002695,E0003046,P000075,F02,Medicare,2026-04-23,2026-05-25,1145.62,0.00,denied,1,Medical necessity,upheld
CL0002696,E0003047,P001176,F09,Evergreen Health Plan,2026-04-24,2026-05-19,223.16,121.35,paid,0,,
CL0002697,E0003048,P000202,F07,Medicare,2026-04-24,2026-05-15,132.06,45.03,paid,0,,
CL0002698,E0003049,P000874,F09,Evergreen Health Plan,2026-04-24,2026-05-27,241.10,129.01,paid,0,,
CL0002699,E0003050,P000552,F01,Northstar Advantage,2026-05-02,2026-05-22,22177.04,8351.24,paid,0,,
CL0002700,E0003051,P000434,F03,Medicare,2026-04-23,2026-05-21,205.72,70.60,paid,0,,
CL0002701,E0003052,P001400,F08,Medicaid,2026-04-24,2026-05-12,335.35,100.06,paid,0,,
CL0002702,E0003053,P001105,F12,Northstar Advantage,2026-04-24,2026-05-25,359.24,138.94,paid,0,,
CL0002703,E0003054,P000543,F08,Evergreen Health Plan,2026-04-24,2026-05-18,392.42,226.13,paid,0,,
CL0002704,E0003056,P000447,F07,Self-pay,2026-04-25,2026-05-08,330.46,44.57,paid,0,,
CL0002705,E0003057,P001248,F04,Northstar Advantage,2026-04-23,2026-05-04,221.50,85.36,paid,0,,
CL0002706,E0003058,P000729,F06,Northstar Advantage,2026-04-23,2026-05-17,1142.43,445.11,paid,0,,
CL0002707,E0003059,P000839,F07,Medicare,2026-04-24,2026-05-28,171.24,60.10,paid,0,,
CL0002708,E0003060,P001108,F08,Cascade Mutual,2026-04-23,2026-05-14,189.72,104.11,paid,0,,
CL0002709,E0003061,P000775,F02,Cascade Mutual,2026-05-06,2026-06-09,28180.65,14254.68,paid,0,,
CL0002710,E0003062,P000935,F15,Evergreen Health Plan,2026-04-26,2026-05-24,566.86,314.10,paid,0,,
CL0002711,E0003063,P001028,F05,Medicare,2026-04-24,2026-05-07,113.99,39.15,paid,0,,
CL0002712,E0003064,P000841,F06,Medicaid,2026-04-27,2026-05-11,210.37,60.24,paid,0,,
CL0002713,E0003065,P000942,F07,Evergreen Health Plan,2026-04-26,2026-05-12,174.69,94.41,paid,0,,
CL0002714,E0003067,P001274,F01,Northstar Advantage,2026-05-03,2026-05-22,15366.16,6186.16,paid,0,,
CL0002715,E0003069,P000279,F02,Medicare,2026-05-01,2026-05-31,32721.76,11093.17,paid,0,,
CL0002716,E0003071,P000411,F10,Cascade Mutual,2026-04-26,2026-05-19,139.73,73.76,paid,0,,
CL0002717,E0003072,P000271,F01,Northstar Advantage,2026-05-06,2026-05-27,19613.06,7537.58,paid,0,,
CL0002718,E0003073,P000286,F06,Medicare,2026-04-26,2026-05-09,234.15,81.57,paid,0,,
CL0002719,E0003075,P000990,F07,Medicare,2026-04-26,2026-05-21,372.50,125.23,paid,0,,
CL0002720,E0003076,P001331,F13,Medicare,2026-04-28,2026-05-08,153.38,53.06,paid,0,,
CL0002721,E0003077,P000957,F10,Northstar Advantage,2026-04-27,2026-05-10,482.98,190.60,paid,0,,
CL0002722,E0003078,P000960,F09,Medicare,2026-04-27,2026-05-17,186.97,62.23,paid,0,,
CL0002723,E0003079,P001186,F08,Cascade Mutual,2026-04-25,2026-05-13,691.81,365.14,paid,0,,
CL0002724,E0003080,P000083,F11,Evergreen Health Plan,2026-04-27,2026-05-12,192.91,105.63,paid,0,,
CL0002725,E0003081,P000174,F06,Northstar Advantage,2026-04-27,2026-05-08,199.96,75.15,paid,0,,
CL0002726,E0003082,P000779,F04,Evergreen Health Plan,2026-04-28,2026-05-15,191.80,100.38,paid,0,,
CL0002727,E0003083,P000236,F06,Self-pay,2026-04-28,2026-05-23,410.55,54.63,paid,0,,
CL0002728,E0003084,P001242,F02,Northstar Advantage,2026-05-11,2026-05-25,68343.21,24615.80,paid,0,,
CL0002729,E0003085,P000544,F03,Evergreen Health Plan,2026-04-27,2026-05-13,698.41,385.86,paid,0,,
CL0002730,E0003086,P000158,F01,Cascade Mutual,2026-04-29,2026-05-21,2319.17,1251.90,paid,0,,
CL0002731,E0003087,P000812,F03,Northstar Advantage,2026-05-05,2026-06-02,32674.07,13122.23,paid,0,,
CL0002732,E0003089,P000480,F02,Medicare,2026-05-02,2026-06-03,20395.60,7356.42,paid,0,,
CL0002733,E0003091,P000439,F02,Northstar Advantage,2026-05-06,2026-06-08,31598.86,11543.36,paid,0,,
CL0002734,E0003092,P000193,F10,Medicare,2026-04-30,2026-05-29,324.97,117.66,paid,0,,
CL0002735,E0003093,P000603,F08,Evergreen Health Plan,2026-04-30,2026-06-01,110.02,60.61,paid,0,,
CL0002736,E0003094,P000501,F06,Medicare,2026-04-28,2026-05-10,345.92,122.96,paid,0,,
CL0002737,E0003095,P000303,F15,Medicare,2026-04-29,2026-06-03,211.44,0.00,denied,1,Coding error,overturned
CL0002738,E0003096,P000245,F01,Evergreen Health Plan,2026-04-28,2026-05-13,1127.40,633.74,paid,0,,
CL0002739,E0003097,P001184,F02,Northstar Advantage,2026-04-29,2026-05-29,1636.72,591.65,paid,0,,
CL0002740,E0003098,P000173,F10,Medicaid,2026-04-29,2026-06-02,211.33,60.88,paid,0,,
CL0002741,E0003099,P001175,F04,Northstar Advantage,2026-04-30,2026-05-22,334.39,124.38,paid,0,,
CL0002742,E0003101,P000136,F11,Northstar Advantage,2026-04-30,2026-05-13,247.52,90.62,paid,0,,
CL0002743,E0003102,P000172,F03,Northstar Advantage,2026-05-11,2026-05-23,53544.16,19881.90,paid,0,,
CL0002744,E0003103,P000245,F15,Evergreen Health Plan,2026-04-29,2026-06-02,138.93,76.54,paid,0,,
CL0002745,E0003104,P000742,F15,Evergreen Health Plan,2026-04-30,2026-06-03,350.20,198.92,paid,0,,
CL0002746,E0003105,P000552,F04,Northstar Advantage,2026-04-30,2026-06-02,1045.55,419.02,paid,0,,
CL0002747,E0003106,P000493,F08,Evergreen Health Plan,2026-05-02,2026-05-14,278.32,146.67,paid,0,,
CL0002748,E0003107,P001154,F07,Northstar Advantage,2026-04-30,2026-05-16,275.40,100.57,paid,0,,
CL0002749,E0003108,P001271,F15,Medicare,2026-05-01,2026-05-21,321.34,112.53,paid,0,,
CL0002750,E0003109,P000910,F12,Medicare,2026-05-01,2026-05-13,336.36,124.32,paid,0,,
CL0002751,E0003110,P000675,F04,Evergreen Health Plan,2026-04-29,2026-05-22,777.27,415.88,paid,0,,
CL0002752,E0003111,P000459,F08,Evergreen Health Plan,2026-04-30,2026-05-14,458.77,247.19,paid,0,,
CL0002753,E0003112,P000402,F09,Medicare,2026-05-03,2026-05-28,171.81,59.43,paid,0,,
CL0002754,E0003113,P000897,F09,Cascade Mutual,2026-05-02,2026-05-14,302.50,155.34,paid,0,,
CL0002755,E0003114,P000337,F06,Medicare,2026-05-01,2026-05-17,304.32,0.00,denied,1,Coding error,overturned
CL0002756,E0003115,P000357,F05,Medicare,2026-05-01,2026-05-29,184.81,66.12,paid,0,,
CL0002757,E0003116,P000554,F15,Cascade Mutual,2026-05-03,2026-05-15,237.33,120.21,paid,0,,
CL0002758,E0003117,P000724,F06,Cascade Mutual,2026-05-03,2026-06-03,260.18,137.66,paid,0,,
CL0002759,E0003118,P000140,F09,Cascade Mutual,2026-05-04,2026-06-07,265.32,134.62,paid,0,,
CL0002760,E0003119,P000458,F07,Medicaid,2026-05-03,2026-05-15,146.11,0.00,denied,1,Coding error,upheld
CL0002761,E0003120,P000212,F09,Medicare,2026-05-03,2026-05-13,129.93,43.22,paid,0,,
CL0002762,E0003121,P000857,F15,Medicare,2026-05-01,2026-06-03,428.31,149.32,paid,0,,
CL0002763,E0003122,P001361,F07,Medicaid,2026-05-01,2026-06-01,383.36,120.68,paid,0,,
CL0002764,E0003123,P000411,F01,Cascade Mutual,2026-05-09,2026-06-13,43635.46,0.00,denied,1,Prior authorization missing,overturned
CL0002765,E0003124,P000056,F07,Medicaid,2026-05-05,2026-06-03,144.57,42.43,paid,0,,
CL0002766,E0003125,P000427,F09,Cascade Mutual,2026-05-04,2026-05-28,929.07,500.56,paid,0,,
CL0002767,E0003126,P001209,F07,Medicaid,2026-05-05,2026-05-19,240.70,69.58,paid,0,,
CL0002768,E0003127,P000466,F01,Medicaid,2026-05-05,2026-06-05,220.29,68.43,paid,0,,
CL0002769,E0003128,P001324,F01,Medicare,2026-05-04,2026-05-14,2168.89,0.00,denied,1,Medical necessity,upheld
CL0002770,E0003129,P000450,F02,Self-pay,2026-05-08,2026-06-10,15782.51,2216.28,paid,0,,
CL0002771,E0003131,P000047,F02,Cascade Mutual,2026-05-14,2026-05-26,38608.78,21209.17,paid,0,,
CL0002772,E0003132,P000218,F02,Northstar Advantage,2026-05-11,2026-05-25,23243.69,9120.63,paid,0,,
CL0002773,E0003134,P001071,F01,Medicare,2026-05-07,2026-06-03,2113.01,756.69,paid,0,,
CL0002774,E0003135,P000142,F06,Northstar Advantage,2026-05-08,2026-06-06,412.85,154.59,paid,0,,
CL0002775,E0003136,P000875,F06,Medicare,2026-05-06,2026-05-21,250.72,0.00,denied,1,Coding error,upheld
CL0002776,E0003138,P000975,F02,Medicare,2026-05-08,2026-05-21,16282.83,5958.89,paid,0,,
CL0002777,E0003139,P000051,F01,Medicare,2026-05-15,2026-06-16,48046.14,15951.03,paid,0,,
CL0002778,E0003140,P000595,F06,Self-pay,2026-05-08,2026-05-18,196.12,27.31,paid,0,,
CL0002779,E0003141,P000145,F04,Self-pay,2026-05-06,2026-05-24,303.73,44.22,paid,0,,
CL0002780,E0003142,P000524,F03,Evergreen Health Plan,2026-05-08,2026-06-08,92.16,51.90,paid,0,,
CL0002781,E0003143,P001210,F15,Medicare,2026-05-09,2026-06-10,373.10,136.89,paid,0,,
CL0002782,E0003144,P001230,F04,Evergreen Health Plan,2026-05-09,2026-05-22,379.53,218.17,paid,0,,
CL0002783,E0003145,P000480,F10,Medicare,2026-05-09,2026-05-30,749.39,258.08,paid,0,,
CL0002784,E0003146,P000343,F11,Medicare,2026-05-08,2026-06-01,174.96,65.42,paid,0,,
CL0002785,E0003147,P000299,F10,Evergreen Health Plan,2026-05-09,2026-06-13,339.08,193.19,paid,0,,
CL0002786,E0003149,P001066,F02,Cascade Mutual,2026-05-09,2026-06-12,2101.47,1081.07,paid,0,,
CL0002787,E0003150,P000526,F01,Medicare,2026-05-16,2026-06-14,35967.12,12275.68,paid,0,,
CL0002788,E0003152,P000688,F08,Northstar Advantage,2026-05-10,2026-05-22,276.43,0.00,denied,1,Incomplete documentation,overturned
CL0002789,E0003153,P001304,F02,Evergreen Health Plan,2026-05-12,2026-06-01,15564.29,9044.02,paid,0,,
CL0002790,E0003154,P001180,F07,Cascade Mutual,2026-05-09,2026-06-04,272.11,147.84,paid,0,,
CL0002791,E0003157,P000258,F01,Medicaid,2026-05-11,2026-06-05,21294.27,0.00,denied,1,Duplicate claim,none
CL0002792,E0003158,P000808,F02,Cascade Mutual,2026-05-19,2026-06-14,41566.51,0.00,denied,1,Timely filing,none
CL0002793,E0003159,P000480,F02,Medicare,2026-05-19,2026-06-12,33503.46,11693.11,paid,0,,
CL0002794,E0003160,P001176,F09,Evergreen Health Plan,2026-05-08,2026-05-28,355.75,188.98,paid,0,,
CL0002795,E0003162,P000687,F04,Cascade Mutual,2026-05-11,2026-05-24,208.26,115.11,paid,0,,
CL0002796,E0003163,P000455,F09,Evergreen Health Plan,2026-05-08,2026-05-20,328.77,180.59,paid,0,,
CL0002797,E0003164,P000481,F02,Medicare,2026-05-16,2026-06-06,25592.41,9437.17,paid,0,,
CL0002798,E0003165,P000825,F01,Medicare,2026-05-16,2026-06-09,38823.31,13384.52,paid,0,,
CL0002799,E0003166,P000054,F01,Cascade Mutual,2026-05-11,2026-06-03,215.39,116.35,paid,0,,
CL0002800,E0003167,P001178,F08,Northstar Advantage,2026-05-10,2026-06-03,361.12,132.90,paid,0,,
CL0002801,E0003168,P000237,F07,Evergreen Health Plan,2026-05-11,2026-06-08,252.00,135.42,paid,0,,
CL0002802,E0003169,P001242,F10,Northstar Advantage,2026-05-11,2026-05-31,335.35,131.70,paid,0,,
CL0002803,E0003170,P001273,F02,Medicare,2026-05-11,2026-06-10,267.49,90.66,paid,0,,
CL0002804,E0003171,P000754,F06,Evergreen Health Plan,2026-05-10,2026-06-12,317.12,171.13,paid,0,,
CL0002805,E0003172,P000033,F04,Medicaid,2026-05-10,2026-05-31,1015.26,293.08,paid,0,,
CL0002806,E0003173,P001047,F03,Cascade Mutual,2026-05-09,2026-05-25,2404.24,1321.70,paid,0,,
CL0002807,E0003174,P000420,F01,Medicaid,2026-05-11,2026-05-27,478.13,142.72,paid,0,,
CL0002808,E0003175,P000217,F05,Northstar Advantage,2026-05-12,2026-06-05,158.83,64.18,paid,0,,
CL0002809,E0003177,P000812,F03,Northstar Advantage,2026-05-15,2026-06-07,20529.87,8218.66,paid,0,,
CL0002810,E0003178,P001371,F04,Northstar Advantage,2026-05-13,2026-06-10,126.04,50.67,paid,0,,
CL0002811,E0003179,P000279,F05,Medicare,2026-05-14,2026-06-09,800.86,268.45,paid,0,,
CL0002812,E0003180,P000172,F15,Northstar Advantage,2026-05-12,2026-05-28,422.76,151.86,paid,0,,
CL0002813,E0003181,P000174,F08,Northstar Advantage,2026-05-14,2026-06-07,395.39,152.54,paid,0,,
CL0002814,E0003182,P000775,F05,Cascade Mutual,2026-05-13,2026-06-16,657.37,356.46,paid,0,,
CL0002815,E0003183,P000438,F05,Cascade Mutual,2026-05-12,2026-06-10,294.54,153.88,paid,0,,
CL0002816,E0003184,P000890,F01,Medicare,2026-05-14,2026-06-12,1589.37,563.19,paid,0,,
CL0002817,E0003185,P000699,F14,Self-pay,2026-05-14,2026-05-26,1735.30,244.08,paid,0,,
CL0002818,E0003186,P000778,F05,Medicare,2026-05-15,2026-05-28,273.78,98.67,paid,0,,
CL0002819,E0003187,P001162,F02,Self-pay,2026-05-12,2026-06-09,1140.39,147.82,paid,0,,
CL0002820,E0003188,P000905,F14,Medicare,2026-05-16,2026-06-19,530.03,184.52,paid,0,,
CL0002821,E0003189,P001132,F15,Northstar Advantage,2026-05-13,2026-06-07,129.56,0.00,denied,1,Prior authorization missing,upheld
CL0002822,E0003190,P001072,F08,Cascade Mutual,2026-05-15,2026-06-03,388.53,200.38,paid,0,,
CL0002823,E0003192,P000147,F07,Cascade Mutual,2026-05-16,2026-05-26,561.10,286.75,paid,0,,
CL0002824,E0003193,P000321,F07,Medicare,2026-05-14,2026-06-01,172.69,57.23,paid,0,,
CL0002825,E0003194,P000181,F15,Medicare,2026-05-13,2026-05-31,297.48,109.35,paid,0,,
CL0002826,E0003195,P000299,F01,Evergreen Health Plan,2026-05-18,2026-06-04,17091.77,9441.26,paid,0,,
CL0002827,E0003196,P000722,F08,Medicare,2026-05-15,2026-06-12,215.68,73.28,paid,0,,
CL0002828,E0003198,P000782,F02,Medicare,2026-05-19,2026-06-18,25171.87,8368.11,paid,0,,
CL0002829,E0003199,P001051,F04,Evergreen Health Plan,2026-05-16,2026-06-19,504.13,285.51,paid,0,,
CL0002830,E0003200,P000640,F08,Northstar Advantage,2026-05-17,2026-06-20,294.36,110.20,paid,0,,
CL0002831,E0003201,P000250,F01,Medicaid,2026-05-21,2026-06-21,24625.84,7467.47,paid,0,,
CL0002832,E0003203,P000988,F01,Medicare,2026-05-24,2026-06-14,21353.76,7735.23,paid,0,,
CL0002833,E0003205,P000825,F07,Medicare,2026-05-16,2026-06-09,486.82,162.47,paid,0,,
CL0002834,E0003206,P001294,F06,Medicaid,2026-05-17,2026-05-31,160.18,46.74,paid,0,,
CL0002835,E0003207,P000143,F01,Medicare,2026-05-24,2026-06-18,47712.02,17599.41,paid,0,,
CL0002836,E0003208,P000753,F03,Medicaid,2026-05-15,2026-06-14,568.76,177.45,paid,0,,
CL0002837,E0003209,P000439,F09,Northstar Advantage,2026-05-16,2026-06-09,125.74,50.86,paid,0,,
CL0002838,E0003210,P001210,F15,Medicare,2026-05-16,2026-06-03,372.21,136.52,paid,0,,
CL0002839,E0003211,P000481,F09,Medicare,2026-05-18,2026-06-04,512.02,185.27,paid,0,,
CL0002840,E0003212,P000047,F04,Cascade Mutual,2026-05-16,2026-06-11,1042.61,523.73,paid,0,,
CL0002841,E0003213,P001391,F11,Medicare,2026-05-18,2026-06-18,241.07,87.20,paid,0,,
CL0002842,E0003214,P001331,F14,Medicare,2026-05-19,2026-06-08,173.00,63.38,paid,0,,
CL0002843,E0003215,P000664,F04,Cascade Mutual,2026-05-19,2026-06-15,231.28,116.42,paid,0,,
CL0002844,E0003216,P001256,F15,Medicare,2026-05-17,2026-06-11,210.72,78.24,paid,0,,
CL0002845,E0003217,P001273,F06,Medicare,2026-05-18,2026-06-18,313.27,116.89,paid,0,,
CL0002846,E0003218,P001183,F02,Northstar Advantage,2026-05-18,2026-06-17,226.66,90.88,paid,0,,
CL0002847,E0003219,P000483,F11,Medicare,2026-05-17,2026-06-13,140.89,49.55,paid,0,,
CL0002848,E0003221,P000051,F11,Medicare,2026-05-16,2026-06-04,577.51,191.98,paid,0,,
CL0002849,E0003222,P000440,F06,Evergreen Health Plan,2026-05-17,2026-06-02,372.51,205.74,paid,0,,
CL0002850,E0003223,P000916,F09,Medicare,2026-05-16,2026-06-13,408.85,148.49,paid,0,,
CL0002851,E0003224,P000825,F07,Medicare,2026-05-18,2026-06-22,384.24,136.74,paid,0,,
CL0002852,E0003225,P001253,F01,Medicare,2026-05-19,2026-06-20,849.50,316.29,paid,0,,
CL0002853,E0003226,P000578,F09,Self-pay,2026-05-17,2026-06-13,209.71,28.16,paid,0,,
CL0002854,E0003227,P000808,F10,Cascade Mutual,2026-05-16,2026-06-05,324.39,166.68,paid,0,,
CL0002855,E0003228,P000469,F06,Evergreen Health Plan,2026-05-19,2026-05-30,137.97,73.50,paid,0,,
CL0002856,E0003229,P000268,F05,Medicare,2026-05-18,2026-05-28,120.79,40.96,paid,0,,
CL0002857,E0003230,P000286,F03,Medicare,2026-05-27,2026-06-26,28458.31,9667.91,paid,0,,
CL0002858,E0003232,P000717,F01,Medicare,2026-05-29,2026-07-03,33050.22,11460.91,paid,0,,
CL0002859,E0003233,P000190,F01,Northstar Advantage,2026-05-22,2026-06-10,22684.86,9175.28,paid,0,,
CL0002860,E0003234,P000191,F02,Evergreen Health Plan,2026-05-24,2026-06-18,22000.02,12755.46,paid,0,,
CL0002861,E0003235,P000222,F03,Self-pay,2026-05-18,2026-06-21,3895.25,562.06,paid,0,,
CL0002862,E0003237,P000147,F01,Cascade Mutual,2026-05-19,2026-06-06,2227.35,1222.00,paid,0,,
CL0002863,E0003239,P000095,F01,Cascade Mutual,2026-05-29,2026-06-23,43779.14,21929.68,paid,0,,
CL0002864,E0003241,P000011,F03,Medicare,2026-05-24,2026-06-11,14109.45,4739.28,paid,0,,
CL0002865,E0003242,P000882,F01,Medicaid,2026-05-27,2026-06-26,17609.51,0.00,denied,1,Duplicate claim,overturned
CL0002866,E0003243,P000450,F09,Self-pay,2026-05-22,2026-06-20,1725.50,248.54,paid,0,,
CL0002867,E0003244,P000641,F15,Cascade Mutual,2026-05-20,2026-06-02,156.66,86.97,paid,0,,
CL0002868,E0003245,P001134,F07,Medicaid,2026-05-20,2026-06-09,292.50,83.48,paid,0,,
CL0002869,E0003247,P001037,F06,Medicaid,2026-05-22,2026-06-01,182.09,0.00,denied,1,Prior authorization missing,upheld
CL0002870,E0003248,P000647,F09,Northstar Advantage,2026-05-19,2026-06-01,169.29,62.31,paid,0,,
CL0002871,E0003249,P001348,F01,Northstar Advantage,2026-05-29,2026-06-14,18626.91,7515.31,paid,0,,
CL0002872,E0003250,P001188,F13,Medicare,2026-05-19,2026-06-14,186.69,62.00,paid,0,,
CL0002873,E0003251,P000589,F04,Evergreen Health Plan,2026-05-23,2026-06-10,192.16,107.99,paid,0,,
CL0002874,E0003252,P000782,F10,Medicare,2026-05-22,2026-06-16,590.68,208.82,paid,0,,
CL0002875,E0003253,P000558,F14,Northstar Advantage,2026-05-22,2026-06-15,603.24,230.27,paid,0,,
CL0002876,E0003254,P000606,F07,Northstar Advantage,2026-05-20,2026-06-07,335.39,131.38,paid,0,,
CL0002877,E0003255,P000281,F01,Medicare,2026-05-20,2026-06-13,2039.44,717.18,paid,0,,
CL0002878,E0003257,P000439,F02,Northstar Advantage,2026-05-31,2026-06-11,35550.58,14203.84,paid,0,,
CL0002879,E0003258,P000782,F10,Medicare,2026-05-24,2026-06-10,447.90,165.81,paid,0,,
CL0002880,E0003259,P000187,F07,Medicare,2026-05-24,2026-06-22,152.50,55.25,paid,0,,
CL0002881,E0003260,P001234,F05,Medicaid,2026-05-23,2026-06-22,246.24,74.20,paid,0,,
CL0002882,E0003261,P000488,F04,Medicaid,2026-05-23,2026-06-21,752.03,229.45,paid,0,,
CL0002883,E0003262,P001061,F10,Cascade Mutual,2026-05-24,2026-06-05,178.73,88.88,paid,0,,
CL0002884,E0003263,P000480,F10,Medicare,2026-05-22,2026-06-15,185.95,66.88,paid,0,,
CL0002885,E0003264,P000759,F03,Medicare,2026-05-23,2026-06-26,783.03,261.39,paid,0,,
CL0002886,E0003266,P000656,F02,Medicare,2026-06-01,2026-06-30,29994.81,10397.92,paid,0,,
CL0002887,E0003267,P000183,F05,Self-pay,2026-05-24,2026-06-25,431.22,57.68,paid,0,,
CL0002888,E0003268,P000773,F09,Medicare,2026-05-22,2026-06-17,732.22,253.50,paid,0,,
CL0002889,E0003269,P000807,F04,Medicare,2026-05-24,2026-06-06,116.52,0.00,denied,1,Eligibility or coverage lapse,upheld
CL0002890,E0003270,P000191,F06,Evergreen Health Plan,2026-05-25,2026-06-23,251.16,142.26,paid,0,,
CL0002891,E0003271,P000224,F02,Medicaid,2026-06-01,2026-06-22,18657.58,5828.45,paid,0,,
CL0002892,E0003272,P000885,F05,Medicare,2026-05-24,2026-06-10,486.02,176.53,paid,0,,
CL0002893,E0003273,P000452,F11,Evergreen Health Plan,2026-05-24,2026-06-19,167.98,97.25,paid,0,,
CL0002894,E0003274,P001068,F04,Evergreen Health Plan,2026-05-24,2026-06-04,528.61,0.00,denied,1,Prior authorization missing,upheld
CL0002895,E0003275,P001215,F01,Medicare,2026-05-24,2026-06-16,318.97,117.58,paid,0,,
CL0002896,E0003276,P001210,F15,Medicare,2026-05-23,2026-06-11,247.77,88.04,paid,0,,
CL0002897,E0003277,P000747,F02,Northstar Advantage,2026-05-27,2026-06-28,1537.68,608.58,paid,0,,
CL0002898,E0003278,P001209,F02,Medicaid,2026-05-26,2026-06-12,1294.09,398.18,paid,0,,
CL0002899,E0003279,P001268,F01,Medicare,2026-06-05,2026-07-04,38565.38,13520.07,paid,0,,
CL0002900,E0003280,P000603,F03,Evergreen Health Plan,2026-05-27,2026-06-19,1813.09,957.54,paid,0,,
CL0002901,E0003281,P000440,F08,Evergreen Health Plan,2026-05-28,2026-06-18,210.96,121.78,paid,0,,
CL0002902,E0003282,P000539,F09,Cascade Mutual,2026-05-28,2026-06-17,193.00,99.53,paid,0,,
CL0002903,E0003283,P000250,F08,Medicaid,2026-05-26,2026-06-28,328.35,103.46,paid,0,,
CL0002904,E0003284,P000311,F08,Medicare,2026-05-28,2026-06-25,134.70,47.59,paid,0,,
CL0002905,E0003285,P000994,F04,Medicare,2026-05-26,2026-06-29,146.53,50.83,paid,0,,
CL0002906,E0003286,P001348,F06,Northstar Advantage,2026-05-27,2026-06-16,1612.03,0.00,denied,1,Prior authorization missing,none
CL0002907,E0003287,P000235,F05,Medicare,2026-05-28,2026-06-11,448.83,149.38,paid,0,,
CL0002908,E0003288,P001372,F09,Cascade Mutual,2026-05-27,2026-06-21,164.33,88.87,paid,0,,
CL0002909,E0003290,P000688,F02,Northstar Advantage,2026-06-01,2026-06-15,21152.80,8176.70,paid,0,,
CL0002910,E0003291,P000143,F11,Medicare,2026-05-30,2026-06-25,463.77,162.44,paid,0,,
CL0002911,E0003292,P000240,F07,Northstar Advantage,2026-05-28,2026-06-24,212.04,81.35,paid,0,,
CL0002912,E0003293,P000342,F10,Northstar Advantage,2026-05-28,2026-06-24,259.17,101.42,paid,0,,
CL0002913,E0003295,P001337,F07,Medicaid,2026-05-27,2026-06-29,169.15,49.10,paid,0,,
CL0002914,E0003296,P001366,F03,Medicare,2026-06-08,2026-06-20,45261.72,16602.55,paid,0,,
CL0002915,E0003297,P001047,F02,Cascade Mutual,2026-05-30,2026-06-27,2254.34,1247.32,paid,0,,
CL0002916,E0003298,P000964,F01,Northstar Advantage,2026-06-08,2026-07-08,21875.10,7921.90,paid,0,,
CL0002917,E0003300,P000290,F01,Medicare,2026-05-29,2026-06-18,182.43,67.45,paid,0,,
CL0002918,E0003301,P000899,F05,Northstar Advantage,2026-05-28,2026-06-16,253.30,94.56,paid,0,,
CL0002919,E0003302,P001304,F02,Evergreen Health Plan,2026-06-06,2026-06-26,22751.10,13104.53,paid,0,,
CL0002920,E0003303,P001377,F04,Evergreen Health Plan,2026-05-28,2026-06-25,260.10,139.81,paid,0,,
CL0002921,E0003304,P000428,F03,Cascade Mutual,2026-06-07,2026-06-19,34246.10,17997.36,paid,0,,
CL0002922,E0003306,P000937,F01,Cascade Mutual,2026-06-05,2026-06-20,42315.35,23011.41,paid,0,,
CL0002923,E0003307,P000135,F03,Medicaid,2026-06-03,2026-06-27,17031.77,4892.12,paid,0,,
CL0002924,E0003308,P001109,F03,Evergreen Health Plan,2026-05-29,2026-07-03,2354.85,1272.60,paid,0,,
CL0002925,E0003309,P000234,F05,Medicare,2026-05-29,2026-06-20,122.20,42.87,paid,0,,
CL0002926,E0003310,P000644,F06,Northstar Advantage,2026-06-01,2026-06-23,305.96,119.78,paid,0,,
CL0002927,E0003311,P001213,F05,Cascade Mutual,2026-06-01,2026-06-18,344.09,188.63,paid,0,,
CL0002928,E0003312,P000546,F09,Medicare,2026-05-31,2026-06-24,212.65,73.67,paid,0,,
CL0002929,E0003314,P000230,F02,Northstar Advantage,2026-06-05,2026-06-16,20792.60,0.00,denied,1,Eligibility or coverage lapse,none
CL0002930,E0003315,P000652,F04,Medicaid,2026-06-01,2026-06-30,358.07,112.10,paid,0,,
CL0002931,E0003316,P001329,F05,Cascade Mutual,2026-06-02,2026-06-12,156.10,84.97,paid,0,,
CL0002932,E0003317,P000110,F06,Evergreen Health Plan,2026-06-01,2026-07-04,309.09,173.16,paid,0,,
CL0002933,E0003318,P000723,F08,Medicare,2026-05-31,2026-06-27,158.52,0.00,denied,1,Coding error,none
CL0002934,E0003319,P001149,F07,Evergreen Health Plan,2026-05-31,2026-06-21,301.97,161.43,paid,0,,
CL0002935,E0003320,P000882,F09,Medicaid,2026-06-02,2026-06-19,114.51,35.65,paid,0,,
CL0002936,E0003321,P001155,F06,Evergreen Health Plan,2026-06-01,2026-06-14,140.55,73.73,paid,0,,
CL0002937,E0003322,P000656,F10,Medicare,2026-05-30,2026-06-16,525.32,186.92,paid,0,,
CL0002938,E0003324,P000321,F01,Medicare,2026-06-11,2026-06-22,31887.47,10873.64,paid,0,,
CL0002939,E0003325,P000923,F02,Cascade Mutual,2026-06-07,2026-06-29,13007.54,7146.41,paid,0,,
CL0002940,E0003327,P001048,F02,Medicare,2026-06-07,2026-07-06,24970.69,8335.57,paid,0,,
CL0002941,E0003328,P001370,F01,Evergreen Health Plan,2026-06-13,2026-06-28,32679.61,18752.85,paid,0,,
CL0002942,E0003329,P000606,F07,Northstar Advantage,2026-06-02,2026-06-19,409.14,163.36,paid,0,,
CL0002943,E0003330,P000480,F10,Medicare,2026-06-02,2026-06-19,386.96,131.34,paid,0,,
CL0002944,E0003331,P000280,F15,Medicare,2026-06-02,2026-07-07,376.93,127.01,paid,0,,
CL0002945,E0003332,P000691,F06,Medicare,2026-06-03,2026-06-21,136.55,46.79,paid,0,,
CL0002946,E0003334,P001237,F06,Northstar Advantage,2026-06-05,2026-06-26,197.82,77.42,paid,0,,
CL0002947,E0003335,P001007,F07,Medicare,2026-06-04,2026-06-30,229.24,78.78,paid,0,,
CL0002948,E0003336,P001110,F07,Medicare,2026-06-02,2026-06-26,303.49,109.48,paid,0,,
CL0002949,E0003337,P000396,F03,Medicare,2026-06-05,2026-06-18,11406.97,4225.51,paid,0,,
CL0002950,E0003338,P001014,F05,Northstar Advantage,2026-06-04,2026-06-26,285.04,105.90,paid,0,,
CL0002951,E0003339,P001311,F02,Medicaid,2026-06-07,2026-06-18,20204.09,5848.03,paid,0,,
CL0002952,E0003341,P000957,F03,Northstar Advantage,2026-06-17,2026-07-14,43497.09,15870.86,paid,0,,
CL0002953,E0003342,P000210,F11,Medicare,2026-06-03,2026-06-18,348.14,122.84,paid,0,,
CL0002954,E0003343,P000540,F05,Medicare,2026-06-03,2026-07-01,251.25,84.69,paid,0,,
CL0002955,E0003344,P000973,F01,Cascade Mutual,2026-06-03,2026-06-29,1852.61,937.87,paid,0,,
CL0002956,E0003345,P001141,F08,Medicare,2026-06-04,2026-07-03,358.81,0.00,denied,1,Prior authorization missing,upheld
CL0002957,E0003346,P001355,F01,Evergreen Health Plan,2026-06-05,2026-06-28,2774.59,1583.74,paid,0,,
CL0002958,E0003347,P000326,F07,Medicare,2026-06-06,2026-06-25,205.49,74.47,paid,0,,
CL0002959,E0003348,P000805,F02,Cascade Mutual,2026-06-05,2026-07-10,199.63,107.85,paid,0,,
CL0002960,E0003349,P000760,F01,Cascade Mutual,2026-06-06,2026-06-16,2465.29,1282.34,paid,0,,
CL0002961,E0003350,P000922,F15,Evergreen Health Plan,2026-06-05,2026-06-23,107.96,58.33,paid,0,,
CL0002962,E0003351,P000719,F07,Evergreen Health Plan,2026-06-05,2026-06-22,124.97,67.84,paid,0,,
CL0002963,E0003352,P001299,F10,Northstar Advantage,2026-06-07,2026-06-22,273.67,110.13,paid,0,,
CL0002964,E0003353,P000190,F05,Northstar Advantage,2026-06-06,2026-06-29,163.05,64.79,paid,0,,
CL0002965,E0003354,P000428,F06,Cascade Mutual,2026-06-07,2026-06-23,310.07,168.91,paid,0,,
CL0002966,E0003356,P000931,F02,Medicaid,2026-06-11,2026-06-27,17592.59,5175.83,paid,0,,
CL0002967,E0003357,P000140,F01,Cascade Mutual,2026-06-15,2026-07-08,23645.48,11912.06,paid,0,,
CL0002968,E0003359,P000817,F03,Medicare,2026-06-14,2026-06-26,24430.03,8342.38,paid,0,,
CL0002969,E0003361,P000627,F06,Evergreen Health Plan,2026-06-05,2026-06-28,393.64,205.39,paid,0,,
CL0002970,E0003362,P000099,F06,Medicare,2026-06-08,2026-06-21,292.63,105.90,paid,0,,
CL0002971,E0003363,P000757,F03,Northstar Advantage,2026-06-17,2026-07-02,23825.19,9287.23,paid,0,,
CL0002972,E0003364,P001133,F07,Northstar Advantage,2026-06-05,2026-06-19,132.78,51.23,paid,0,,
CL0002973,E0003365,P000428,F03,Cascade Mutual,2026-06-14,2026-07-07,24308.21,13050.65,paid,0,,
CL0002974,E0003366,P001304,F11,Evergreen Health Plan,2026-06-08,2026-06-28,405.95,227.01,paid,0,,
CL0002975,E0003367,P000643,F01,Medicare,2026-06-07,2026-07-08,904.06,320.83,paid,0,,
CL0002976,E0003369,P000118,F05,Northstar Advantage,2026-06-07,2026-06-27,329.60,121.07,paid,0,,
CL0002977,E0003370,P000011,F08,Medicare,2026-06-06,2026-07-02,547.82,184.89,paid,0,,
CL0002978,E0003371,P001159,F07,Medicare,2026-06-07,2026-07-06,156.66,56.51,paid,0,,
CL0002979,E0003372,P000481,F02,Medicare,2026-06-08,2026-07-10,1695.50,588.50,paid,0,,
CL0002980,E0003373,P001129,F03,Medicare,2026-06-21,2026-07-18,43545.62,16134.69,paid,0,,
CL0002981,E0003374,P000347,F02,Medicare,2026-06-07,2026-07-08,1538.95,517.27,paid,0,,
CL0002982,E0003375,P000633,F04,Evergreen Health Plan,2026-06-08,2026-07-10,274.19,153.55,paid,0,,
CL0002983,E0003377,P000127,F06,Cascade Mutual,2026-06-08,2026-06-24,187.30,100.46,paid,0,,
CL0002984,E0003378,P001268,F01,Medicare,2026-06-15,2026-06-27,21895.10,8189.85,paid,0,,
CL0002985,E0003379,P000923,F02,Cascade Mutual,2026-06-11,2026-06-24,25661.51,13771.70,paid,0,,
CL0002986,E0003381,P000067,F03,Northstar Advantage,2026-06-19,2026-07-04,22197.05,8681.01,paid,0,,
CL0002987,E0003382,P001348,F01,Northstar Advantage,2026-06-09,2026-06-29,904.62,347.12,paid,0,,
CL0002988,E0003383,P000782,F02,Medicare,2026-06-10,2026-06-28,2212.54,749.70,paid,0,,
CL0002989,E0003384,P000885,F01,Medicare,2026-06-10,2026-06-20,1792.12,599.45,paid,0,,
CL0002990,E0003386,P001083,F01,Evergreen Health Plan,2026-06-12,2026-07-04,13092.78,7372.55,paid,0,,
CL0002991,E0003387,P000416,F01,Medicare,2026-06-09,2026-06-19,3141.08,1157.33,paid,0,,
CL0002992,E0003389,P001332,F01,Cascade Mutual,2026-06-19,2026-07-02,34844.04,0.00,denied,1,Medical necessity,filed
CL0002993,E0003391,P000596,F06,Northstar Advantage,2026-06-12,2026-06-23,499.33,202.21,paid,0,,
CL0002994,E0003392,P001254,F02,Evergreen Health Plan,2026-06-17,2026-07-10,24653.96,13369.63,paid,0,,
CL0002995,E0003393,P000445,F14,Cascade Mutual,2026-06-12,2026-07-08,230.23,123.84,paid,0,,
CL0002996,E0003394,P001036,F15,Northstar Advantage,2026-06-10,2026-07-12,271.58,102.36,paid,0,,
CL0002997,E0003395,P000080,F07,Medicare,2026-06-12,2026-06-27,552.97,200.60,paid,0,,
CL0002998,E0003396,P000652,F04,Medicaid,2026-06-11,2026-07-03,375.37,0.00,denied,1,Coding error,none
CL0002999,E0003397,P000946,F06,Medicare,2026-06-11,2026-07-05,418.30,154.30,paid,0,,
CL0003000,E0003398,P001175,F04,Northstar Advantage,2026-06-11,2026-06-24,236.59,85.53,paid,0,,
CL0003001,E0003399,P000661,F15,Medicare,2026-06-12,2026-07-09,217.34,76.05,paid,0,,
CL0003002,E0003400,P000762,F09,Evergreen Health Plan,2026-06-10,2026-07-10,72.37,39.18,paid,0,,
CL0003003,E0003401,P000917,F09,Medicaid,2026-06-11,2026-07-01,661.55,195.09,paid,0,,
CL0003004,E0003402,P000283,F06,Medicaid,2026-06-13,2026-07-04,431.44,125.97,paid,0,,
CL0003005,E0003403,P001176,F09,Evergreen Health Plan,2026-06-12,2026-07-05,475.46,276.39,paid,0,,
CL0003006,E0003405,P000451,F08,Northstar Advantage,2026-06-14,2026-07-09,765.16,292.84,paid,0,,
CL0003007,E0003406,P000326,F02,Medicare,2026-06-12,2026-07-09,1583.29,540.23,paid,0,,
CL0003008,E0003407,P001201,F03,Medicare,2026-06-16,2026-07-14,31030.98,11483.65,paid,0,,
CL0003009,E0003408,P000683,F08,Northstar Advantage,2026-06-13,2026-07-02,192.73,77.46,paid,0,,
CL0003010,E0003409,P001151,F04,Medicare,2026-06-12,2026-07-11,121.47,40.65,paid,0,,
CL0003011,E0003410,P000434,F11,Medicare,2026-06-12,2026-07-08,190.51,66.03,paid,0,,
CL0003012,E0003411,P000011,F08,Medicare,2026-06-11,2026-07-05,157.38,53.34,paid,0,,
CL0003013,E0003412,P000130,F03,Medicare,2026-06-13,2026-07-01,482.22,178.08,paid,0,,
CL0003014,E0003413,P001387,F15,Self-pay,2026-06-14,2026-06-30,187.93,24.91,paid,0,,
CL0003015,E0003414,P000831,F15,Northstar Advantage,2026-06-15,2026-07-18,324.57,124.65,paid,0,,
CL0003016,E0003415,P000439,F11,Northstar Advantage,2026-06-13,2026-07-11,433.67,168.08,paid,0,,
CL0003017,E0003416,P001326,F10,Medicare,2026-06-12,2026-07-06,158.63,58.53,paid,0,,
CL0003018,E0003417,P000388,F09,Cascade Mutual,2026-06-15,2026-07-01,452.08,246.11,paid,0,,
CL0003019,E0003418,P001238,F08,Cascade Mutual,2026-06-15,2026-07-06,373.29,192.49,paid,0,,
CL0003020,E0003419,P000467,F07,Medicare,2026-06-12,2026-07-09,474.53,176.81,paid,0,,
CL0003021,E0003420,P000169,F07,Evergreen Health Plan,2026-06-12,2026-07-08,142.05,75.37,paid,0,,
CL0003022,E0003421,P000551,F06,Northstar Advantage,2026-06-15,2026-07-09,155.68,62.25,paid,0,,
CL0003023,E0003422,P000017,F03,Medicaid,2026-06-14,2026-07-13,2257.26,682.40,paid,0,,
CL0003024,E0003423,P000968,F11,Northstar Advantage,2026-06-12,2026-07-01,292.78,118.50,paid,0,,
CL0003025,E0003424,P000140,F09,Cascade Mutual,2026-06-13,2026-06-27,234.12,119.81,paid,0,,
CL0003026,E0003425,P000428,F06,Cascade Mutual,2026-06-13,2026-07-09,436.89,228.87,paid,0,,
CL0003027,E0003426,P001083,F07,Evergreen Health Plan,2026-06-14,2026-07-06,844.45,482.65,paid,0,,
CL0003028,E0003427,P001247,F10,Medicare,2026-06-15,2026-07-18,508.94,178.50,paid,0,,
CL0003029,E0003428,P001397,F09,Medicaid,2026-06-15,2026-07-10,273.30,78.68,paid,0,,
CL0003030,E0003429,P000774,F04,Northstar Advantage,2026-06-13,2026-07-05,184.82,74.17,paid,0,,
CL0003031,E0003430,P001279,F05,Northstar Advantage,2026-06-16,2026-07-02,193.20,75.39,paid,0,,
CL0003032,E0003431,P001134,F07,Medicaid,2026-06-16,2026-07-01,149.84,0.00,denied,1,Prior authorization missing,upheld
CL0003033,E0003432,P000847,F01,Medicare,2026-06-25,2026-07-26,30824.22,11326.16,paid,0,,
CL0003034,E0003434,P001083,F01,Evergreen Health Plan,2026-06-24,2026-07-25,29299.20,16670.28,paid,0,,
CL0003035,E0003435,P000198,F01,Medicare,2026-06-18,2026-07-20,1395.45,514.99,paid,0,,
CL0003036,E0003437,P000428,F02,Cascade Mutual,2026-06-25,2026-07-28,29186.91,14782.65,paid,0,,
CL0003037,E0003438,P000176,F05,Medicare,2026-06-16,2026-07-07,189.32,0.00,denied,1,Incomplete documentation,none
CL0003038,E0003439,P000947,F06,Medicare,2026-06-19,2026-06-29,205.21,68.30,paid,0,,
CL0003039,E0003440,P001201,F08,Medicare,2026-06-18,2026-07-16,582.12,210.90,paid,0,,
CL0003040,E0003441,P000497,F03,Cascade Mutual,2026-06-18,2026-07-14,1956.05,1045.77,paid,0,,
CL0003041,E0003442,P001331,F02,Medicare,2026-06-16,2026-07-09,1588.47,538.43,paid,0,,
CL0003042,E0003443,P001245,F05,Cascade Mutual,2026-06-16,2026-07-02,254.39,132.78,paid,0,,
CL0003043,E0003444,P001245,F05,Cascade Mutual,2026-06-18,2026-07-05,199.80,103.61,paid,0,,
CL0003044,E0003445,P001332,F07,Cascade Mutual,2026-06-19,2026-07-03,391.84,209.72,paid,0,,
CL0003045,E0003446,P000384,F09,Northstar Advantage,2026-06-17,2026-07-16,254.83,92.38,paid,0,,
CL0003046,E0003447,P000129,F07,Medicare,2026-06-16,2026-06-28,201.79,0.00,denied,1,Prior authorization missing,none
CL0003047,E0003448,P001149,F07,Evergreen Health Plan,2026-06-17,2026-07-21,261.67,148.33,paid,0,,
CL0003048,E0003449,P000874,F03,Evergreen Health Plan,2026-06-26,2026-07-26,22287.97,12072.95,paid,0,,
CL0003049,E0003450,P000715,F15,Medicare,2026-06-17,2026-07-19,353.16,125.85,paid,0,,
CL0003050,E0003451,P001236,F01,Evergreen Health Plan,2026-06-19,2026-06-30,171.66,89.17,paid,0,,
CL0003051,E0003452,P001247,F05,Medicare,2026-06-19,2026-07-16,168.65,55.97,paid,0,,
CL0003052,E0003453,P001179,F05,Medicare,2026-06-17,2026-07-22,108.91,40.37,paid,0,,
CL0003053,E0003454,P000622,F02,Medicare,2026-06-17,2026-07-09,1784.03,616.31,paid,0,,
CL0003054,E0003455,P000362,F07,Northstar Advantage,2026-06-20,2026-07-10,129.42,51.39,paid,0,,
CL0003055,E0003456,P001254,F10,Evergreen Health Plan,2026-06-20,2026-07-02,631.97,363.99,paid,0,,
CL0003056,E0003457,P000767,F15,Cascade Mutual,2026-06-19,2026-07-09,373.26,199.51,paid,0,,
CL0003057,E0003458,P000265,F02,Evergreen Health Plan,2026-06-25,2026-07-11,28958.58,14985.91,paid,0,,
CL0003058,E0003459,P001071,F05,Medicare,2026-06-18,2026-07-12,57.04,21.09,paid,0,,
CL0003059,E0003460,P000396,F03,Medicare,2026-06-27,2026-07-22,12245.63,4583.61,paid,0,,
CL0003060,E0003461,P000185,F05,Medicare,2026-06-21,2026-07-10,284.31,101.81,paid,0,,
CL0003061,E0003462,P000143,F11,Medicare,2026-06-21,2026-07-06,535.82,183.14,paid,0,,
CL0003062,E0003463,P001311,F10,Medicaid,2026-06-21,2026-07-07,297.72,88.01,paid,0,,
CL0003063,E0003464,P000654,F09,Medicare,2026-06-18,2026-07-11,227.32,78.93,paid,0,,
CL0003064,E0003465,P001247,F01,Medicare,2026-06-27,2026-07-21,25314.73,8842.09,paid,0,,
CL0003065,E0003466,P000624,F10,Medicare,2026-06-19,2026-07-02,228.02,77.49,paid,0,,
CL0003066,E0003467,P000656,F10,Medicare,2026-06-19,2026-07-04,198.45,67.53,paid,0,,
CL0003067,E0003468,P001300,F03,Medicare,2026-06-21,2026-07-20,7931.14,2767.84,paid,0,,
CL0003068,E0003470,P000860,F03,Northstar Advantage,2026-06-27,2026-07-21,27436.08,10129.62,paid,0,,
CL0003069,E0003471,P000905,F05,Medicare,2026-06-22,2026-07-11,135.98,48.80,paid,0,,
CL0003070,E0003472,P000592,F01,Medicare,2026-06-20,2026-07-20,148.02,50.29,paid,0,,
CL0003071,E0003473,P000812,F02,Northstar Advantage,2026-06-20,2026-07-02,1716.48,659.96,paid,0,,
CL0003072,E0003474,P000750,F13,Northstar Advantage,2026-06-22,2026-07-02,217.55,81.09,paid,0,,
CL0003073,E0003475,P000318,F02,Cascade Mutual,2026-06-20,2026-07-18,1376.48,740.39,paid,0,,
CL0003074,E0003476,P000321,F04,Medicare,2026-06-21,2026-07-11,536.28,0.00,denied,1,Prior authorization missing,none
CL0003075,E0003477,P000301,F09,Cascade Mutual,2026-06-23,2026-07-19,436.32,234.48,paid,0,,
CL0003076,E0003478,P000437,F04,Medicare,2026-06-20,2026-07-17,276.75,102.96,paid,0,,
CL0003077,E0003479,P000753,F14,Medicaid,2026-06-20,2026-07-22,123.02,35.35,paid,0,,
CL0003078,E0003480,P000964,F08,Northstar Advantage,2026-06-22,2026-07-07,611.39,241.19,paid,0,,
CL0003079,E0003481,P001083,F07,Evergreen Health Plan,2026-06-20,2026-07-13,578.03,331.64,paid,0,,
CL0003080,E0003482,P000386,F01,Evergreen Health Plan,2026-06-24,2026-07-29,1237.93,642.52,paid,0,,
CL0003081,E0003483,P000931,F09,Medicaid,2026-06-24,2026-07-04,703.18,214.34,paid,0,,
CL0003082,E0003484,P000013,F09,Northstar Advantage,2026-06-25,2026-07-19,65.22,25.72,paid,0,,
CL0003083,E0003485,P000681,F09,Medicaid,2026-06-23,2026-07-18,474.17,142.64,paid,0,,
CL0003084,E0003486,P000056,F07,Medicaid,2026-06-26,2026-07-24,118.20,35.10,paid,0,,
CL0003085,E0003487,P000201,F03,Medicare,2026-06-26,2026-07-14,131.85,0.00,denied,1,Coding error,filed
CL0003086,E0003488,P000915,F01,Medicaid,2026-07-05,2026-07-17,35989.41,11279.22,paid,0,,
CL0003087,E0003489,P000683,F08,Northstar Advantage,2026-06-24,2026-07-26,337.55,128.06,paid,0,,
CL0003088,E0003490,P000390,F09,Medicaid,2026-06-23,2026-07-05,164.28,49.33,paid,0,,
CL0003089,E0003491,P000482,F07,Medicare,2026-06-27,2026-07-15,134.53,49.37,paid,0,,
CL0003090,E0003492,P001274,F05,Northstar Advantage,2026-06-24,2026-07-26,300.03,117.19,paid,0,,
CL0003091,E0003493,P000438,F03,Cascade Mutual,2026-07-07,2026-07-25,28755.63,14841.52,paid,0,,
CL0003092,E0003494,P000839,F13,Medicare,2026-06-27,2026-07-10,158.96,53.46,paid,0,,
CL0003093,E0003495,P000818,F09,Medicare,2026-06-25,2026-07-11,85.70,31.08,paid,0,,
CL0003094,E0003496,P000298,F15,Cascade Mutual,2026-06-27,2026-07-07,239.58,121.85,paid,0,,
CL0003095,E0003497,P001233,F01,Medicare,2026-06-27,2026-07-28,2312.34,836.18,paid,0,,
CL0003096,E0003498,P000050,F10,Medicaid,2026-06-25,2026-07-27,267.41,82.83,paid,0,,
CL0003097,E0003499,P000137,F02,Medicare,2026-06-28,2026-07-15,2372.80,885.38,paid,0,,
CL0003098,E0003500,P000730,F02,Medicare,2026-06-25,2026-07-21,239.45,81.46,paid,0,,
CL0003099,E0003501,P001097,F05,Cascade Mutual,2026-06-28,2026-07-23,146.46,72.91,paid,0,,
CL0003100,E0003502,P001127,F01,Northstar Advantage,2026-07-05,2026-07-22,27233.41,11043.72,paid,0,,
CL0003101,E0003503,P000558,F11,Northstar Advantage,2026-06-25,2026-07-21,337.61,125.18,paid,0,,
CL0003102,E0003504,P001370,F04,Evergreen Health Plan,2026-06-25,2026-07-08,615.88,339.89,paid,0,,
CL0003103,E0003505,P000927,F05,Northstar Advantage,2026-06-28,2026-07-19,56.34,21.59,paid,0,,
CL0003104,E0003506,P000871,F02,Evergreen Health Plan,2026-06-28,2026-08-02,292.82,153.55,paid,0,,
CL0003105,E0003507,P000143,F08,Medicare,2026-06-25,2026-07-10,447.14,164.33,paid,0,,
CL0003106,E0003508,P001247,F10,Medicare,2026-06-28,2026-07-10,310.12,109.32,paid,0,,
CL0003107,E0003509,P000094,F08,Cascade Mutual,2026-06-26,2026-07-18,122.93,63.03,paid,0,,
CL0003108,E0003510,P001304,F11,Evergreen Health Plan,2026-06-27,2026-07-18,111.28,63.38,paid,0,,
CL0003109,E0003511,P000456,F09,Medicare,2026-06-27,2026-07-07,217.92,76.14,paid,0,,
CL0003110,E0003512,P000230,F02,Northstar Advantage,2026-07-05,2026-08-02,43256.42,0.00,denied,1,Medical necessity,filed
CL0003111,E0003513,P000481,F02,Medicare,2026-06-28,2026-07-22,3628.54,0.00,denied,1,Eligibility or coverage lapse,overturned
CL0003112,E0003514,P000686,F15,Evergreen Health Plan,2026-06-28,2026-07-27,278.29,149.43,paid,0,,
CL0003113,E0003515,P001272,F08,Northstar Advantage,2026-06-29,2026-07-17,348.58,133.02,paid,0,,
CL0003114,E0003516,P000396,F08,Medicare,2026-06-28,2026-08-02,743.21,265.09,paid,0,,
CL0003115,E0003517,P000155,F13,Cascade Mutual,2026-06-27,2026-07-07,363.31,194.83,paid,0,,
CL0003116,E0003518,P000193,F10,Medicare,2026-06-26,2026-07-20,324.32,113.97,paid,0,,
CL0003117,E0003519,P000099,F06,Medicare,2026-06-26,2026-07-15,408.45,144.13,paid,0,,
CL0003118,E0003520,P000428,F11,Cascade Mutual,2026-06-26,2026-07-31,298.06,0.00,denied,1,Eligibility or coverage lapse,none
CL0003119,E0003521,P000645,F01,Medicare,2026-06-27,2026-07-08,476.34,160.50,paid,0,,
CL0003120,E0003522,P000592,F01,Medicare,2026-07-05,2026-07-26,31926.85,11130.73,paid,0,,
CL0003121,E0003523,P001129,F01,Medicare,2026-07-03,2026-07-21,21836.15,8034.83,paid,0,,
CL0003122,E0003526,P000118,F05,Northstar Advantage,2026-06-29,2026-07-18,235.37,92.44,paid,0,,
CL0003123,E0003527,P000847,F01,Medicare,2026-07-07,2026-07-25,27501.49,9753.74,paid,0,,
CL0003124,E0003529,P000032,F02,Cascade Mutual,2026-07-02,2026-07-29,26968.11,13473.07,paid,0,,
CL0003125,E0003530,P000923,F05,Cascade Mutual,2026-06-27,2026-07-11,242.47,136.15,paid,0,,
CL0003126,E0003531,P001058,F05,Cascade Mutual,2026-06-30,2026-08-04,456.35,229.55,paid,0,,
CL0003127,E0003532,P000620,F01,Northstar Advantage,2026-07-11,2026-07-25,45901.00,0.00,denied,1,Timely filing,filed
CL0003128,E0003533,P001328,F01,Medicare,2026-06-29,2026-07-15,314.49,0.00,denied,1,Prior authorization missing,none
CL0003129,E0003535,P000970,F02,Medicare,2026-07-05,2026-07-28,29739.73,10816.30,paid,0,,
CL0003130,E0003536,P001359,F02,Medicare,2026-07-09,2026-07-29,16591.13,6104.79,paid,0,,
CL0003131,E0003538,P000632,F01,Medicare,2026-07-16,2026-08-01,41806.11,15393.38,paid,0,,
CL0003132,E0003539,P000683,F02,Northstar Advantage,2026-07-02,2026-07-19,615.05,238.89,paid,0,,
CL0003133,E0003540,P000520,F02,Medicare,2026-07-07,2026-07-29,16280.33,5403.84,paid,0,,
CL0003134,E0003541,P000137,F04,Medicare,2026-07-02,2026-08-04,349.03,129.63,paid,0,,
CL0003135,E0003542,P000071,F08,Evergreen Health Plan,2026-07-02,2026-07-23,133.32,75.30,paid,0,,
CL0003136,E0003543,P000757,F05,Northstar Advantage,2026-07-03,2026-08-04,795.92,307.25,paid,0,,
CL0003137,E0003545,P001175,F01,Northstar Advantage,2026-07-03,2026-07-21,882.86,0.00,denied,1,Prior authorization missing,upheld
CL0003138,E0003546,P001217,F01,Medicare,2026-07-11,2026-08-03,27636.24,9265.84,paid,0,,
CL0003139,E0003547,P000312,F08,Medicaid,2026-06-30,2026-08-04,277.51,0.00,denied,1,Timely filing,overturned
CL0003140,E0003548,P000476,F07,Evergreen Health Plan,2026-07-03,2026-08-04,150.77,86.96,paid,0,,
CL0003141,E0003549,P001018,F08,Medicaid,2026-06-30,2026-07-14,294.53,92.62,paid,0,,
CL0003142,E0003550,P000976,F01,Medicare,2026-07-05,2026-07-19,22722.74,7674.15,paid,0,,
CL0003143,E0003551,P000742,F01,Evergreen Health Plan,2026-07-09,2026-08-12,24369.13,13608.26,paid,0,,
CL0003144,E0003552,P000874,F09,Evergreen Health Plan,2026-07-04,2026-08-01,183.88,95.44,paid,0,,
CL0003145,E0003553,P000012,F04,Medicare,2026-07-02,2026-07-14,336.96,114.47,paid,0,,
CL0003146,E0003554,P000083,F11,Evergreen Health Plan,2026-07-01,2026-07-31,218.98,127.43,paid,0,,
CL0003147,E0003555,P001336,F11,Northstar Advantage,2026-07-01,2026-07-14,266.76,107.46,paid,0,,
CL0003148,E0003556,P000367,F06,Cascade Mutual,2026-07-03,2026-07-26,383.85,0.00,denied,1,Eligibility or coverage lapse,none
CL0003149,E0003557,P001062,F08,Cascade Mutual,2026-07-04,2026-07-16,174.35,92.07,paid,0,,
CL0003150,E0003558,P000658,F04,Medicare,2026-07-05,2026-07-29,150.63,53.41,paid,0,,
CL0003151,E0003559,P000876,F04,Medicare,2026-07-03,2026-08-05,185.98,65.28,paid,0,,
CL0003152,E0003560,P000830,F02,Northstar Advantage,2026-07-09,2026-08-09,29076.85,11312.66,paid,0,,
CL0003153,E0003561,P000826,F05,Cascade Mutual,2026-07-05,2026-08-05,378.99,200.94,paid,0,,
CL0003154,E0003562,P000915,F04,Medicaid,2026-07-02,2026-08-06,236.32,0.00,denied,1,Timely filing,none
CL0003155,E0003563,P001150,F05,Medicaid,2026-07-03,2026-07-24,976.71,299.74,paid,0,,
CL0003156,E0003564,P000358,F09,Medicaid,2026-07-05,2026-08-07,85.54,0.00,denied,1,Duplicate claim,filed
CL0003157,E0003565,P001370,F01,Evergreen Health Plan,2026-07-04,2026-07-18,2853.08,1563.42,paid,0,,
CL0003158,E0003566,P000165,F02,Evergreen Health Plan,2026-07-04,2026-08-04,1530.32,881.96,paid,0,,
CL0003159,E0003567,P000749,F06,Cascade Mutual,2026-07-06,2026-07-30,150.96,81.80,paid,0,,
CL0003160,E0003568,P000949,F07,Medicaid,2026-07-06,2026-07-24,236.72,72.41,paid,0,,
CL0003161,E0003569,P000890,F06,Medicare,2026-07-06,2026-07-26,221.42,82.68,paid,0,,
CL0003162,E0003570,P000230,F10,Northstar Advantage,2026-07-03,2026-07-28,970.81,359.30,paid,0,,
CL0003163,E0003571,P000032,F09,Cascade Mutual,2026-07-06,2026-07-19,421.77,224.05,paid,0,,
CL0003164,E0003572,P000847,F07,Medicare,2026-07-04,2026-07-17,445.12,163.71,paid,0,,
CL0003165,E0003573,P000994,F01,Medicare,2026-07-04,2026-07-24,337.71,124.29,paid,0,,
CL0003166,E0003574,P000438,F10,Cascade Mutual,2026-07-06,2026-08-05,672.60,0.00,denied,1,Coding error,overturned
CL0003167,E0003575,P001356,F04,Medicaid,2026-07-05,2026-07-17,260.37,0.00,denied,1,Eligibility or coverage lapse,none
CL0003168,E0003576,P000860,F10,Northstar Advantage,2026-07-05,2026-07-21,209.38,0.00,denied,1,Prior authorization missing,filed
CL0003169,E0003577,P001129,F03,Medicare,2026-07-04,2026-07-31,1826.95,630.91,paid,0,,
CL0003170,E0003578,P000927,F05,Northstar Advantage,2026-07-06,2026-07-30,179.37,65.73,paid,0,,
CL0003171,E0003579,P000282,F09,Medicare,2026-07-04,2026-07-17,212.01,71.38,paid,0,,
CL0003172,E0003580,P000265,F02,Evergreen Health Plan,2026-07-07,2026-07-30,2000.07,1043.91,paid,0,,
CL0003173,E0003581,P001245,F03,Cascade Mutual,2026-07-11,2026-08-04,13368.19,6938.42,paid,0,,
CL0003174,E0003582,P001310,F01,Self-pay,2026-07-13,2026-08-02,22532.00,3245.69,paid,0,,
CL0003175,E0003583,P001006,F12,Medicaid,2026-07-08,2026-08-09,167.19,49.32,paid,0,,
CL0003176,E0003584,P001392,F06,Evergreen Health Plan,2026-07-10,2026-07-22,251.97,137.49,paid,0,,
CL0003177,E0003585,P001175,F04,Northstar Advantage,2026-07-09,2026-08-13,624.94,246.62,paid,0,,
CL0003178,E0003586,P000976,F11,Medicare,2026-07-07,2026-07-30,498.05,170.16,paid,0,,
CL0003179,E0003587,P001129,F04,Medicare,2026-07-10,2026-07-30,628.48,234.95,paid,0,,
CL0003180,E0003588,P000980,F04,Evergreen Health Plan,2026-07-10,2026-08-12,117.10,66.37,paid,0,,
CL0003181,E0003589,P000217,F02,Northstar Advantage,2026-07-14,2026-08-07,18969.73,7223.10,paid,0,,
CL0003182,E0003590,P001300,F07,Medicare,2026-07-09,2026-07-31,360.41,128.03,paid,0,,
CL0003183,E0003591,P001359,F04,Medicare,2026-07-07,2026-07-26,238.86,79.53,paid,0,,
CL0003184,E0003592,P000757,F02,Northstar Advantage,2026-07-19,2026-08-05,24665.93,9755.80,paid,0,,
CL0003185,E0003593,P000289,F08,Cascade Mutual,2026-07-09,2026-07-26,89.83,44.73,paid,0,,
CL0003186,E0003594,P000310,F11,Cascade Mutual,2026-07-09,2026-08-11,292.35,160.80,paid,0,,
CL0003187,E0003595,P001264,F11,Evergreen Health Plan,2026-07-10,2026-07-23,120.49,69.41,paid,0,,
CL0003188,E0003596,P000304,F01,Northstar Advantage,2026-07-16,2026-08-04,16879.96,0.00,denied,1,Prior authorization missing,upheld
CL0003189,E0003597,P000260,F09,Cascade Mutual,2026-07-11,2026-07-29,381.90,0.00,denied,1,Timely filing,none
CL0003190,E0003598,P000620,F06,Northstar Advantage,2026-07-10,2026-07-29,783.38,301.28,paid,0,,
CL0003191,E0003599,P000847,F07,Medicare,2026-07-12,2026-07-31,664.83,0.00,denied,1,Timely filing,none
CL0003192,E0003600,P000520,F15,Medicare,2026-07-12,2026-08-10,328.39,118.35,paid,0,,
CL0003193,E0003601,P001164,F08,Medicaid,2026-07-12,2026-07-26,147.44,43.01,paid,0,,
CL0003194,E0003603,P000643,F06,Medicare,2026-07-11,2026-08-02,258.79,92.60,paid,0,,
CL0003195,E0003604,P000601,F04,Cascade Mutual,2026-07-12,2026-08-08,164.03,87.62,paid,0,,
CL0003196,E0003605,P000345,F13,Northstar Advantage,2026-07-09,2026-08-13,302.15,0.00,denied,1,Eligibility or coverage lapse,overturned
CL0003197,E0003607,P000342,F02,Northstar Advantage,2026-07-14,2026-08-10,16525.28,6468.53,paid,0,,
CL0003198,E0003608,P001287,F01,Northstar Advantage,2026-07-18,2026-08-12,24887.96,9533.37,paid,0,,
CL0003199,E0003609,P000933,F06,Medicare,2026-07-12,2026-08-10,373.68,0.00,denied,1,Prior authorization missing,overturned
CL0003200,E0003610,P000142,F06,Northstar Advantage,2026-07-11,2026-08-04,441.84,178.23,paid,0,,
CL0003201,E0003611,P000933,F03,Medicare,2026-07-11,2026-08-04,409.33,146.61,paid,0,,
CL0003202,E0003612,P000325,F13,Cascade Mutual,2026-07-11,2026-07-23,414.99,222.14,paid,0,,
CL0003203,E0003613,P000332,F03,Medicare,2026-07-11,2026-08-10,140.69,51.59,paid,0,,
CL0003204,E0003614,P000546,F01,Medicare,2026-07-13,2026-08-15,2350.77,877.86,paid,0,,
CL0003205,E0003615,P000634,F04,Evergreen Health Plan,2026-07-10,2026-08-13,248.40,128.70,paid,0,,
CL0003206,E0003616,P000345,F01,Northstar Advantage,2026-07-12,2026-07-27,1466.05,584.39,paid,0,,
CL0003207,E0003617,P000184,F01,Medicaid,2026-07-11,2026-08-01,980.58,280.89,paid,0,,
CL0003208,E0003618,P000299,F11,Evergreen Health Plan,2026-07-14,2026-08-13,303.85,161.25,paid,0,,
CL0003209,E0003619,P000592,F15,Medicare,2026-07-12,2026-07-23,658.08,229.99,paid,0,,
CL0003210,E0003620,P000137,F04,Medicare,2026-07-13,2026-08-16,273.29,96.53,paid,0,,
CL0003211,E0003621,P001394,F02,Medicare,2026-07-14,2026-08-12,264.42,97.10,paid,0,,
CL0003212,E0003622,P000825,F07,Medicare,2026-07-13,2026-07-24,263.50,91.91,paid,0,,
CL0003213,E0003623,P000354,F04,Northstar Advantage,2026-07-13,2026-07-25,387.90,150.65,paid,0,,
CL0003214,E0003624,P000448,F01,Northstar Advantage,2026-07-23,2026-08-23,32491.09,12405.41,paid,0,,
CL0003215,E0003625,P000310,F01,Cascade Mutual,2026-07-21,2026-08-11,15157.71,8279.59,paid,0,,
CL0003216,E0003627,P000655,F03,Medicaid,2026-07-15,2026-07-28,2277.00,658.44,paid,0,,
CL0003217,E0003628,P000217,F02,Northstar Advantage,2026-07-22,2026-08-15,30729.07,11836.70,paid,0,,
CL0003218,E0003630,P000688,F02,Northstar Advantage,2026-07-22,2026-08-04,24350.69,8891.32,paid,0,,
CL0003219,E0003631,P000632,F10,Medicare,2026-07-16,2026-08-12,751.82,266.48,paid,0,,
CL0003220,E0003632,P001053,F04,Cascade Mutual,2026-07-17,2026-08-07,317.97,178.26,paid,0,,
CL0003221,E0003634,P000775,F05,Cascade Mutual,2026-07-16,2026-07-27,345.49,184.80,paid,0,,
CL0003222,E0003635,P000587,F11,Cascade Mutual,2026-07-14,2026-08-14,606.10,302.42,paid,0,,
CL0003223,E0003636,P001372,F05,Cascade Mutual,2026-07-15,2026-08-07,142.50,77.79,paid,0,,
CL0003224,E0003637,P000304,F08,Northstar Advantage,2026-07-15,2026-08-13,625.79,244.67,paid,0,,
CL0003225,E0003638,P000321,F01,Medicare,2026-07-22,2026-08-24,15251.38,5461.09,paid,0,,
CL0003226,E0003640,P000414,F02,Northstar Advantage,2026-07-26,2026-08-23,24754.53,9313.77,paid,0,,
CL0003227,E0003641,P001310,F08,Self-pay,2026-07-17,2026-08-04,290.26,39.83,paid,0,,
CL0003228,E0003642,P000286,F06,Medicare,2026-07-17,2026-08-18,724.44,242.92,paid,0,,
CL0003229,E0003643,P000874,F03,Evergreen Health Plan,2026-07-17,2026-07-30,2517.41,1353.22,paid,0,,
CL0003230,E0003644,P001011,F01,Medicare,2026-07-21,2026-08-15,13329.59,4819.97,paid,0,,
CL0003231,E0003645,P001276,F07,Medicare,2026-07-18,2026-08-14,284.10,102.06,paid,0,,
CL0003232,E0003646,P000602,F11,Medicare,2026-07-18,2026-08-20,378.05,139.64,paid,0,,
CL0003233,E0003647,P000143,F01,Medicare,2026-07-19,2026-08-02,1141.83,415.55,paid,0,,
CL0003234,E0003648,P000276,F10,Medicaid,2026-07-19,2026-08-12,409.71,127.58,paid,0,,
CL0003235,E0003649,P000806,F08,Medicaid,2026-07-16,2026-08-16,174.93,56.13,paid,0,,
CL0003236,E0003650,P001260,F06,Medicare,2026-07-16,2026-08-18,325.31,118.62,paid,0,,
CL0003237,E0003651,P000852,F11,Medicare,2026-07-18,2026-08-02,256.80,86.23,paid,0,,
CL0003238,E0003653,P000946,F02,Medicare,2026-07-25,2026-08-21,18672.04,0.00,denied,1,Eligibility or coverage lapse,overturned
CL0003239,E0003655,P000704,F01,Self-pay,2026-07-19,2026-08-15,789.74,111.36,paid,0,,
CL0003240,E0003656,P001184,F06,Northstar Advantage,2026-07-19,2026-08-07,155.53,0.00,denied,1,Duplicate claim,none
CL0003241,E0003657,P001181,F15,Evergreen Health Plan,2026-07-20,2026-08-21,223.53,115.76,paid,0,,
CL0003242,E0003658,P000501,F02,Medicare,2026-07-23,2026-08-22,16679.34,6045.33,paid,0,,
CL0003243,E0003659,P000902,F08,Evergreen Health Plan,2026-07-19,2026-08-02,270.56,148.30,paid,0,,
CL0003244,E0003660,P001082,F08,Northstar Advantage,2026-07-19,2026-08-07,311.63,0.00,denied,1,Duplicate claim,none
CL0003245,E0003661,P000382,F07,Medicare,2026-07-19,2026-08-22,452.68,154.60,paid,0,,
CL0003246,E0003662,P000188,F05,Medicaid,2026-07-17,2026-08-16,264.84,82.65,paid,0,,
CL0003247,E0003663,P000655,F10,Medicaid,2026-07-19,2026-08-04,729.98,0.00,denied,1,Duplicate claim,none
CL0003248,E0003664,P000919,F07,Evergreen Health Plan,2026-07-17,2026-08-04,165.61,0.00,denied,1,Eligibility or coverage lapse,none
CL0003249,E0003665,P001245,F05,Cascade Mutual,2026-07-17,2026-07-28,424.77,219.02,paid,0,,
CL0003250,E0003667,P000659,F03,Evergreen Health Plan,2026-07-27,2026-08-09,31527.50,17338.55,paid,0,,
CL0003251,E0003668,P000592,F15,Medicare,2026-07-19,2026-07-31,632.24,209.58,paid,0,,
CL0003252,E0003669,P000894,F12,Medicare,2026-07-18,2026-08-07,224.18,75.23,paid,0,,
CL0003253,E0003671,P000719,F01,Evergreen Health Plan,2026-07-28,2026-08-19,37160.94,19658.56,paid,0,,
CL0003254,E0003672,P000892,F05,Medicare,2026-07-20,2026-08-14,199.64,73.81,paid,0,,
CL0003255,E0003674,P001332,F07,Cascade Mutual,2026-07-19,2026-08-20,207.27,103.41,paid,0,,
CL0003256,E0003675,P000310,F10,Cascade Mutual,2026-07-18,2026-08-19,613.70,344.22,paid,0,,
CL0003257,E0003676,P000839,F07,Medicare,2026-07-18,2026-08-03,262.98,88.52,paid,0,,
CL0003258,E0003677,P000880,F12,Evergreen Health Plan,2026-07-20,2026-08-02,261.92,141.77,paid,0,,
CL0003259,E0003678,P000865,F15,Medicaid,2026-07-20,2026-08-15,306.93,90.59,paid,0,,
CL0003260,E0003679,P000970,F10,Medicare,2026-07-19,2026-08-02,445.18,147.85,paid,0,,
CL0003261,E0003680,P001106,F03,Medicare,2026-07-26,2026-08-17,28559.97,10193.58,paid,0,,
CL0003262,E0003681,P000444,F05,Medicare,2026-07-21,2026-08-05,632.79,210.01,paid,0,,
CL0003263,E0003682,P000156,F07,Northstar Advantage,2026-07-18,2026-08-21,548.26,0.00,denied,1,Coding error,none
CL0003264,E0003684,P000161,F01,Northstar Advantage,2026-07-26,2026-08-13,44712.23,17968.32,paid,0,,
CL0003265,E0003686,P000520,F02,Medicare,2026-07-28,2026-08-25,26655.63,9111.88,paid,0,,
CL0003266,E0003687,P001309,F01,Cascade Mutual,2026-07-22,2026-08-26,2578.18,1444.03,paid,0,,
CL0003267,E0003688,P000419,F03,Northstar Advantage,2026-08-01,2026-08-17,20939.56,8054.22,paid,0,,
CL0003268,E0003689,P000152,F02,Cascade Mutual,2026-07-22,2026-08-01,2281.12,1268.56,paid,0,,
CL0003269,E0003691,P000651,F11,Medicare,2026-07-24,2026-08-10,140.46,48.30,paid,0,,
CL0003270,E0003692,P000632,F02,Medicare,2026-08-01,2026-08-16,44084.92,14915.55,paid,0,,
CL0003271,E0003693,P000688,F11,Northstar Advantage,2026-07-22,2026-08-15,796.66,309.19,paid,0,,
CL0003272,E0003694,P000431,F15,Cascade Mutual,2026-07-22,2026-08-18,111.02,59.37,paid,0,,
CL0003273,E0003695,P000580,F04,Self-pay,2026-07-24,2026-08-18,113.70,16.07,paid,0,,
CL0003274,E0003696,P001104,F09,Northstar Advantage,2026-07-21,2026-08-19,459.39,186.08,paid,0,,
CL0003275,E0003697,P000109,F10,Medicare,2026-07-22,2026-08-15,296.79,109.53,paid,0,,
CL0003276,E0003698,P000489,F11,Medicare,2026-07-23,2026-08-22,289.69,105.27,paid,0,,
CL0003277,E0003699,P000443,F04,Northstar Advantage,2026-07-22,2026-08-23,271.99,0.00,denied,1,Prior authorization missing,upheld
CL0003278,E0003700,P000321,F04,Medicare,2026-07-23,2026-08-07,252.84,93.48,paid,0,,
CL0003279,E0003701,P000004,F04,Medicaid,2026-07-21,2026-08-10,118.18,0.00,denied,1,Prior authorization missing,filed
CL0003280,E0003702,P000083,F01,Evergreen Health Plan,2026-07-24,2026-08-20,2099.44,1219.94,paid,0,,
CL0003281,E0003703,P001237,F06,Northstar Advantage,2026-07-21,2026-08-18,107.32,38.58,paid,0,,
CL0003282,E0003704,P000323,F01,Medicare,2026-07-22,2026-08-09,3618.35,1346.09,paid,0,,
CL0003283,E0003705,P000932,F05,Medicare,2026-07-23,2026-08-10,141.47,52.78,paid,0,,
CL0003284,E0003706,P000813,F13,Medicare,2026-07-23,2026-08-15,349.88,126.53,paid,0,,
CL0003285,E0003707,P000821,F01,Cascade Mutual,2026-07-24,2026-08-04,401.16,204.81,paid,0,,
CL0003286,E0003708,P001337,F07,Medicaid,2026-07-22,2026-08-24,312.25,94.49,paid,0,,
CL0003287,E0003709,P000266,F06,Evergreen Health Plan,2026-07-23,2026-08-13,344.71,182.31,paid,0,,
CL0003288,E0003710,P000993,F04,Northstar Advantage,2026-07-22,2026-08-02,334.77,130.45,paid,0,,
CL0003289,E0003711,P000217,F05,Northstar Advantage,2026-07-22,2026-08-12,356.19,130.61,paid,0,,
CL0003290,E0003712,P000810,F01,Evergreen Health Plan,2026-07-25,2026-08-21,5116.67,2804.71,paid,0,,
CL0003291,E0003713,P000707,F14,Northstar Advantage,2026-07-23,2026-08-14,371.51,142.15,paid,0,,
CL0003292,E0003714,P001296,F08,Medicaid,2026-07-26,2026-08-07,143.27,41.49,paid,0,,
CL0003293,E0003715,P000672,F09,Evergreen Health Plan,2026-07-23,2026-08-19,225.50,118.76,paid,0,,
CL0003294,E0003716,P000913,F06,Cascade Mutual,2026-07-25,2026-08-09,239.75,134.36,paid,0,,
CL0003295,E0003717,P000464,F02,Evergreen Health Plan,2026-07-27,2026-08-17,1560.72,868.44,paid,0,,
CL0003296,E0003718,P001266,F03,Medicare,2026-07-27,2026-08-25,3150.80,1120.54,paid,0,,
CL0003297,E0003719,P000838,F01,Medicaid,2026-07-26,2026-08-28,1507.47,454.73,paid,0,,
CL0003298,E0003720,P000050,F01,Medicaid,2026-07-26,2026-08-11,416.57,132.35,paid,0,,
CL0003299,E0003721,P000793,F08,Medicare,2026-07-24,2026-08-23,513.30,185.94,paid,0,,
CL0003300,E0003722,P000891,F05,Northstar Advantage,2026-07-24,2026-08-16,216.89,87.23,paid,0,,
CL0003301,E0003723,P000586,F15,Evergreen Health Plan,2026-07-25,2026-08-20,470.88,266.29,paid,0,,
CL0003302,E0003724,P001105,F03,Northstar Advantage,2026-07-27,2026-08-31,317.62,0.00,denied,1,Prior authorization missing,overturned
CL0003303,E0003725,P001371,F01,Northstar Advantage,2026-07-25,2026-08-27,3924.20,1577.78,paid,0,,
CL0003304,E0003726,P000434,F06,Medicare,2026-07-27,2026-08-07,294.37,98.71,paid,0,,
CL0003305,E0003727,P000299,F10,Evergreen Health Plan,2026-07-25,2026-08-19,527.95,296.91,paid,0,,
CL0003306,E0003728,P001175,F04,Northstar Advantage,2026-07-25,2026-08-12,249.23,0.00,denied,1,Prior authorization missing,overturned
CL0003307,E0003729,P000719,F07,Evergreen Health Plan,2026-07-27,2026-08-21,438.38,227.62,paid,0,,
CL0003308,E0003730,P000054,F01,Cascade Mutual,2026-07-27,2026-08-11,2213.97,1179.30,paid,0,,
CL0003309,E0003731,P000347,F02,Medicare,2026-08-03,2026-09-07,27738.86,10224.85,paid,0,,
CL0003310,E0003733,P000569,F02,Northstar Advantage,2026-08-03,2026-08-16,44596.25,16687.28,paid,0,,
CL0003311,E0003734,P000659,F04,Evergreen Health Plan,2026-07-30,2026-08-23,506.65,290.44,paid,0,,
CL0003312,E0003735,P000161,F09,Northstar Advantage,2026-07-28,2026-08-28,473.84,172.60,paid,0,,
CL0003313,E0003736,P000708,F07,Medicare,2026-07-29,2026-08-20,203.85,73.36,paid,0,,
CL0003314,E0003737,P000084,F08,Medicare,2026-07-30,2026-08-27,141.63,49.64,paid,0,,
CL0003315,E0003738,P001011,F15,Medicare,2026-07-28,2026-08-07,82.08,29.99,paid,0,,
CL0003316,E0003739,P000520,F15,Medicare,2026-07-28,2026-08-21,432.70,157.18,paid,0,,
CL0003317,E0003740,P001011,F04,Medicare,2026-08-01,2026-08-16,243.40,85.17,paid,0,,
CL0003318,E0003741,P000957,F03,Northstar Advantage,2026-07-29,2026-08-11,210.65,84.60,paid,0,,
CL0003319,E0003742,P000695,F08,Medicare,2026-07-29,2026-08-08,193.71,72.41,paid,0,,
CL0003320,E0003743,P001385,F01,Evergreen Health Plan,2026-07-30,2026-08-09,1608.01,0.00,denied,1,Eligibility or coverage lapse,filed
CL0003321,E0003744,P001014,F05,Northstar Advantage,2026-07-31,2026-08-24,216.26,84.72,paid,0,,
CL0003322,E0003745,P001349,F05,Northstar Advantage,2026-08-01,2026-08-21,362.31,143.71,paid,0,,
CL0003323,E0003747,P001221,F02,Medicare,2026-08-02,2026-08-26,8355.41,2774.73,paid,0,,
CL0003324,E0003748,P000173,F10,Medicaid,2026-07-31,2026-08-28,393.17,0.00,denied,1,Prior authorization missing,none
CL0003325,E0003749,P000632,F10,Medicare,2026-08-01,2026-08-14,222.24,79.37,paid,0,,
CL0003326,E0003750,P000149,F03,Cascade Mutual,2026-07-30,2026-08-18,1316.07,716.07,paid,0,,
CL0003327,E0003751,P000006,F06,Northstar Advantage,2026-07-30,2026-08-20,527.03,205.44,paid,0,,
CL0003328,E0003752,P001198,F07,Self-pay,2026-07-30,2026-08-14,437.99,63.28,paid,0,,
CL0003329,E0003753,P000725,F04,Evergreen Health Plan,2026-08-02,2026-08-31,148.63,79.04,paid,0,,
CL0003330,E0003754,P000757,F05,Northstar Advantage,2026-08-02,2026-09-04,659.74,253.19,paid,0,,
CL0003331,E0003756,P000825,F01,Medicare,2026-08-05,2026-08-20,19669.62,7352.52,paid,0,,
CL0003332,E0003758,P001247,F05,Medicare,2026-08-02,2026-08-23,235.67,80.82,paid,0,,
CL0003333,E0003759,P001086,F01,Medicaid,2026-08-05,2026-09-06,21512.05,6167.05,paid,0,,
CL0003334,E0003760,P001059,F02,Medicare,2026-08-01,2026-08-30,2257.36,809.71,paid,0,,
CL0003335,E0003761,P001377,F04,Evergreen Health Plan,2026-08-01,2026-08-24,319.62,175.69,paid,0,,
CL0003336,E0003762,P000262,F06,Medicare,2026-08-03,2026-08-26,212.83,76.20,paid,0,,
CL0003337,E0003763,P000414,F06,Northstar Advantage,2026-07-31,2026-08-23,911.16,327.78,paid,0,,
CL0003338,E0003764,P000602,F11,Medicare,2026-08-01,2026-08-16,622.64,210.08,paid,0,,
CL0003339,E0003765,P001139,F11,Northstar Advantage,2026-08-03,2026-08-25,328.83,124.32,paid,0,,
CL0003340,E0003766,P001207,F08,Medicare,2026-07-31,2026-08-16,152.56,52.13,paid,0,,
CL0003341,E0003767,P000843,F01,Cascade Mutual,2026-08-08,2026-08-31,17013.33,0.00,denied,1,Timely filing,filed
CL0003342,E0003768,P001253,F01,Medicare,2026-08-08,2026-09-08,23998.43,8791.24,paid,0,,
CL0003343,E0003769,P000856,F01,Medicare,2026-08-02,2026-09-05,299.24,101.78,paid,0,,
CL0003344,E0003770,P000778,F05,Medicare,2026-08-01,2026-09-03,404.90,148.65,paid,0,,
CL0003345,E0003771,P001248,F07,Northstar Advantage,2026-08-03,2026-09-01,296.64,118.22,paid,0,,
CL0003346,E0003772,P000784,F04,Evergreen Health Plan,2026-08-04,2026-08-17,84.95,46.60,paid,0,,
CL0003347,E0003773,P000963,F15,Evergreen Health Plan,2026-08-03,2026-08-25,188.47,97.36,paid,0,,
CL0003348,E0003774,P000526,F04,Medicare,2026-08-04,2026-08-19,117.70,0.00,denied,1,Prior authorization missing,none
CL0003349,E0003776,P000299,F01,Evergreen Health Plan,2026-08-14,2026-09-18,52847.66,27947.32,paid,0,,
CL0003350,E0003778,P000385,F02,Evergreen Health Plan,2026-08-14,2026-09-05,36092.61,20301.05,paid,0,,
CL0003351,E0003779,P000741,F01,Medicare,2026-08-10,2026-09-04,18458.97,6186.76,paid,0,,
CL0003352,E0003781,P000946,F06,Medicare,2026-08-06,2026-08-30,730.44,257.58,paid,0,,
CL0003353,E0003782,P000673,F06,Cascade Mutual,2026-08-05,2026-08-15,149.60,83.40,paid,0,,
CL0003354,E0003783,P000630,F06,Medicare,2026-08-06,2026-09-08,389.93,145.59,paid,0,,
CL0003355,E0003784,P001011,F15,Medicare,2026-08-04,2026-08-18,282.05,96.83,paid,0,,
CL0003356,E0003785,P000164,F01,Medicare,2026-08-18,2026-09-21,38106.33,12989.87,paid,0,,
CL0003357,E0003786,P000567,F09,Self-pay,2026-08-06,2026-08-24,153.53,20.75,paid,0,,
CL0003358,E0003788,P001105,F09,Northstar Advantage,2026-08-07,2026-09-01,270.37,103.87,paid,0,,
CL0003359,E0003789,P000569,F04,Northstar Advantage,2026-08-06,2026-09-09,646.55,257.26,paid,0,,
CL0003360,E0003790,P001321,F08,Evergreen Health Plan,2026-08-08,2026-09-02,375.43,210.79,paid,0,,
CL0003361,E0003791,P000174,F06,Northstar Advantage,2026-08-05,2026-08-18,397.28,0.00,denied,1,Eligibility or coverage lapse,none
CL0003362,E0003792,P000501,F06,Medicare,2026-08-05,2026-08-24,335.75,124.67,paid,0,,
CL0003363,E0003793,P001218,F02,Medicare,2026-08-17,2026-08-27,27515.17,9265.47,paid,0,,
CL0003364,E0003794,P000851,F10,Evergreen Health Plan,2026-08-07,2026-08-30,169.10,98.34,paid,0,,
CL0003365,E0003795,P001333,F07,Northstar Advantage,2026-08-05,2026-08-23,210.20,0.00,denied,1,Prior authorization missing,overturned
CL0003366,E0003797,P000623,F01,Medicare,2026-08-07,2026-09-10,1952.14,700.08,paid,0,,
CL0003367,E0003798,P001047,F02,Cascade Mutual,2026-08-10,2026-08-24,13227.07,7263.72,paid,0,,
CL0003368,E0003799,P000475,F08,Northstar Advantage,2026-08-09,2026-09-11,146.35,53.82,paid,0,,
CL0003369,E0003800,P001237,F13,Northstar Advantage,2026-08-07,2026-08-31,170.73,66.33,paid,0,,
CL0003370,E0003801,P000847,F01,Medicare,2026-08-09,2026-08-22,308.11,0.00,denied,1,Coding error,none
CL0003371,E0003802,P001070,F09,Medicaid,2026-08-09,2026-08-25,204.85,61.48,paid,0,,
CL0003372,E0003803,P001287,F10,Northstar Advantage,2026-08-08,2026-09-03,352.37,137.14,paid,0,,
CL0003373,E0003804,P000218,F12,Northstar Advantage,2026-08-08,2026-08-30,170.80,62.37,paid,0,,
CL0003374,E0003805,P000934,F04,Medicare,2026-08-08,2026-08-19,442.84,156.62,paid,0,,
CL0003375,E0003807,P000777,F07,Medicare,2026-08-10,2026-08-23,161.03,55.63,paid,0,,
CL0003376,E0003808,P001266,F15,Medicare,2026-08-10,2026-09-09,336.52,112.76,paid,0,,
CL0003377,E0003809,P000452,F05,Evergreen Health Plan,2026-08-09,2026-08-29,137.19,76.96,paid,0,,
CL0003378,E0003810,P000113,F06,Medicare,2026-08-07,2026-09-03,300.87,111.15,paid,0,,
CL0003379,E0003811,P000574,F13,Medicare,2026-08-10,2026-09-12,170.77,57.06,paid,0,,
CL0003380,E0003812,P001321,F15,Evergreen Health Plan,2026-08-10,2026-09-12,361.52,186.50,paid,0,,
CL0003381,E0003813,P000694,F03,Medicaid,2026-08-18,2026-09-06,28538.77,0.00,denied,1,Coding error,none
CL0003382,E0003814,P000480,F10,Medicare,2026-08-10,2026-08-24,266.79,90.60,paid,0,,
CL0003383,E0003815,P000643,F07,Medicare,2026-08-09,2026-09-02,511.95,177.30,paid,0,,
CL0003384,E0003816,P001371,F01,Northstar Advantage,2026-08-10,2026-08-27,370.15,139.39,paid,0,,
CL0003385,E0003817,P001397,F03,Medicaid,2026-08-09,2026-09-03,1248.77,366.85,paid,0,,
CL0003386,E0003820,P000812,F03,Northstar Advantage,2026-08-17,2026-09-17,10927.67,3934.39,paid,0,,
CL0003387,E0003821,P000759,F03,Medicare,2026-08-19,2026-09-04,19451.95,6973.80,paid,0,,
CL0003388,E0003822,P000368,F02,Northstar Advantage,2026-08-13,2026-09-07,1821.46,0.00,denied,1,Eligibility or coverage lapse,overturned
CL0003389,E0003823,P000782,F10,Medicare,2026-08-13,2026-08-30,520.93,186.95,paid,0,,
CL0003390,E0003824,P000307,F09,Northstar Advantage,2026-08-13,2026-09-03,177.82,68.01,paid,0,,
CL0003391,E0003825,P001056,F01,Medicare,2026-08-20,2026-09-19,17713.85,5881.33,paid,0,,
CL0003392,E0003826,P000555,F01,Evergreen Health Plan,2026-08-14,2026-09-04,510.29,283.92,paid,0,,
CL0003393,E0003827,P000955,F10,Medicare,2026-08-12,2026-09-01,633.55,232.98,paid,0,,
CL0003394,E0003828,P000225,F09,Northstar Advantage,2026-08-12,2026-09-03,383.58,138.27,paid,0,,
CL0003395,E0003829,P000999,F01,Evergreen Health Plan,2026-08-20,2026-09-12,17832.24,9683.88,paid,0,,
CL0003396,E0003831,P000481,F02,Medicare,2026-08-15,2026-08-30,14987.15,0.00,denied,1,Incomplete documentation,none
CL0003397,E0003832,P001201,F08,Medicare,2026-08-14,2026-08-24,459.63,170.90,paid,0,,
CL0003398,E0003833,P000830,F02,Northstar Advantage,2026-08-15,2026-09-06,431.91,158.76,paid,0,,
CL0003399,E0003834,P001086,F01,Medicaid,2026-08-13,2026-08-26,2741.19,852.83,paid,0,,
CL0003400,E0003835,P000176,F01,Medicare,2026-08-13,2026-08-31,1234.61,424.34,paid,0,,
CL0003401,E0003836,P000769,F03,Medicare,2026-08-13,2026-08-31,2937.92,1048.53,paid,0,,
CL0003402,E0003837,P000752,F02,Northstar Advantage,2026-08-13,2026-08-31,1510.03,558.48,paid,0,,
CL0003403,E0003838,P001175,F01,Northstar Advantage,2026-08-14,2026-09-02,1758.87,656.45,paid,0,,
CL0003404,E0003840,P000371,F01,Medicare,2026-08-20,2026-09-07,21807.78,7581.20,paid,0,,
CL0003405,E0003841,P000481,F09,Medicare,2026-08-16,2026-08-29,226.36,78.04,paid,0,,
CL0003406,E0003842,P000208,F01,Medicare,2026-08-13,2026-08-29,2116.82,701.41,paid,0,,
CL0003407,E0003843,P001220,F09,Medicare,2026-08-13,2026-08-31,353.37,130.37,paid,0,,
CL0003408,E0003845,P001274,F04,Northstar Advantage,2026-08-14,2026-08-31,269.54,98.49,paid,0,,
CL0003409,E0003846,P000627,F07,Evergreen Health Plan,2026-08-16,2026-08-28,498.20,281.81,paid,0,,
CL0003410,E0003847,P000419,F14,Northstar Advantage,2026-08-13,2026-08-25,344.59,124.96,paid,0,,
CL0003411,E0003848,P001166,F01,Medicare,2026-08-14,2026-08-29,1153.75,0.00,denied,1,Medical necessity,filed
CL0003412,E0003849,P000812,F05,Northstar Advantage,2026-08-16,2026-08-29,280.01,109.09,paid,0,,
CL0003413,E0003850,P000126,F02,Medicaid,2026-08-22,2026-09-02,27630.50,8690.99,paid,0,,
CL0003414,E0003851,P000299,F10,Evergreen Health Plan,2026-08-16,2026-09-17,892.89,504.23,paid,0,,
CL0003415,E0003852,P000741,F11,Medicare,2026-08-14,2026-09-18,544.08,185.11,paid,0,,
CL0003416,E0003853,P001110,F07,Medicare,2026-08-15,2026-09-15,402.01,148.22,paid,0,,
CL0003417,E0003854,P000367,F05,Cascade Mutual,2026-08-16,2026-09-05,539.74,293.68,paid,0,,
CL0003418,E0003855,P001257,F05,Evergreen Health Plan,2026-08-16,2026-09-05,308.48,175.64,paid,0,,
CL0003419,E0003856,P000659,F03,Evergreen Health Plan,2026-08-15,2026-08-31,1064.68,613.18,paid,0,,
CL0003420,E0003857,P000743,F07,Medicaid,2026-08-17,2026-09-07,606.17,190.84,paid,0,,
CL0003421,E0003858,P000128,F12,Evergreen Health Plan,2026-08-15,2026-09-19,186.79,102.83,paid,0,,
CL0003422,E0003859,P000796,F09,Northstar Advantage,2026-08-18,2026-09-14,272.34,0.00,denied,1,Timely filing,filed
CL0003423,E0003861,P000482,F07,Medicare,2026-08-16,2026-09-10,363.38,0.00,denied,1,Coding error,filed
CL0003424,E0003862,P000265,F08,Evergreen Health Plan,2026-08-15,2026-09-13,185.47,96.15,paid,0,,
CL0003425,E0003863,P000995,F02,Northstar Advantage,2026-08-23,2026-09-10,35208.94,14267.85,paid,0,,
CL0003426,E0003866,P001013,F01,Medicare,2026-08-28,2026-09-22,56124.15,0.00,denied,1,Coding error,none
CL0003427,E0003867,P001149,F01,Evergreen Health Plan,2026-08-25,2026-09-09,37156.35,19407.93,paid,0,,
CL0003428,E0003869,P001105,F03,Northstar Advantage,2026-08-27,2026-09-15,19569.77,0.00,denied,1,Prior authorization missing,filed
CL0003429,E0003870,P000924,F15,Medicare,2026-08-21,2026-09-04,292.27,108.47,paid,0,,
CL0003430,E0003871,P001372,F02,Cascade Mutual,2026-08-19,2026-08-30,1639.65,908.39,paid,0,,
CL0003431,E0003872,P001218,F11,Medicare,2026-08-18,2026-08-30,948.58,340.78,paid,0,,
CL0003432,E0003873,P001336,F11,Northstar Advantage,2026-08-21,2026-09-07,381.23,147.93,paid,0,,
CL0003433,E0003874,P001298,F08,Northstar Advantage,2026-08-20,2026-08-31,277.67,0.00,denied,1,Prior authorization missing,overturned
CL0003434,E0003875,P000839,F01,Medicare,2026-08-21,2026-09-18,173.49,63.86,paid,0,,
CL0003435,E0003877,P001164,F01,Medicaid,2026-08-31,,29043.85,,pending,0,,
CL0003436,E0003878,P000971,F04,Self-pay,2026-08-22,2026-09-05,303.52,41.86,paid,0,,
CL0003437,E0003879,P001126,F10,Medicare,2026-08-21,2026-09-18,192.19,65.07,paid,0,,
CL0003438,E0003880,P001182,F07,Evergreen Health Plan,2026-08-20,2026-09-17,365.84,208.10,paid,0,,
CL0003439,E0003881,P000243,F05,Northstar Advantage,2026-08-22,2026-09-02,341.21,136.69,paid,0,,
CL0003440,E0003883,P000612,F02,Cascade Mutual,2026-08-28,2026-09-18,19807.16,10454.62,paid,0,,
CL0003441,E0003884,P001047,F02,Cascade Mutual,2026-08-27,2026-09-17,29057.87,14932.35,paid,0,,
CL0003442,E0003885,P000610,F08,Cascade Mutual,2026-08-21,2026-09-16,263.95,141.75,paid,0,,
CL0003443,E0003886,P001349,F02,Northstar Advantage,2026-08-21,2026-09-22,303.65,119.08,paid,0,,
CL0003444,E0003887,P001159,F04,Medicare,2026-08-21,2026-09-13,360.54,134.71,paid,0,,
CL0003445,E0003888,P001235,F06,Northstar Advantage,2026-08-21,2026-09-03,598.63,242.23,paid,0,,
CL0003446,E0003889,P000559,F05,Cascade Mutual,2026-08-23,2026-09-12,388.71,0.00,denied,1,Incomplete documentation,filed
CL0003447,E0003890,P001337,F07,Medicaid,2026-08-20,2026-09-01,201.93,60.20,paid,0,,
CL0003448,E0003891,P000631,F08,Medicare,2026-08-22,2026-09-17,141.00,51.42,paid,0,,
CL0003449,E0003892,P000777,F07,Medicare,2026-08-22,2026-09-20,120.02,43.13,paid,0,,
CL0003450,E0003893,P001265,F04,Medicaid,2026-08-22,2026-09-23,261.37,0.00,denied,1,Coding error,none
CL0003451,E0003894,P001086,F07,Medicaid,2026-08-22,2026-09-12,387.95,122.26,paid,0,,
CL0003452,E0003895,P001242,F03,Northstar Advantage,2026-08-20,2026-09-17,2147.72,813.82,paid,0,,
CL0003453,E0003896,P000341,F01,Evergreen Health Plan,2026-08-27,2026-09-16,13500.24,7848.95,paid,0,,
CL0003454,E0003897,P000009,F08,Medicare,2026-08-23,2026-09-06,279.39,95.74,paid,0,,
CL0003455,E0003898,P000674,F09,Medicaid,2026-08-22,2026-09-02,555.78,164.89,paid,0,,
CL0003456,E0003899,P000663,F07,Northstar Advantage,2026-08-21,2026-09-13,421.08,167.59,paid,0,,
CL0003457,E0003900,P000825,F07,Medicare,2026-08-22,2026-09-21,928.38,328.44,paid,0,,
CL0003458,E0003902,P000149,F02,Cascade Mutual,2026-08-31,2026-09-24,21536.43,10999.79,paid,0,,
CL0003459,E0003904,P000392,F07,Medicaid,2026-08-22,2026-09-08,110.51,33.50,paid,0,,
CL0003460,E0003905,P000608,F03,Medicare,2026-08-28,,13473.80,,pending,0,,
CL0003461,E0003907,P000140,F09,Cascade Mutual,2026-08-25,2026-09-09,350.88,182.53,paid,0,,
CL0003462,E0003908,P001102,F06,Cascade Mutual,2026-08-24,2026-09-03,221.36,0.00,denied,1,Eligibility or coverage lapse,filed
CL0003463,E0003909,P001105,F09,Northstar Advantage,2026-08-25,2026-09-29,590.95,215.54,paid,0,,
CL0003464,E0003910,P000426,F03,Evergreen Health Plan,2026-08-23,2026-09-12,1715.96,973.21,paid,0,,
CL0003465,E0003911,P000411,F10,Cascade Mutual,2026-08-23,2026-09-16,315.25,0.00,denied,1,Coding error,none
CL0003466,E0003912,P000912,F08,Medicare,2026-08-25,2026-09-04,266.01,88.77,paid,0,,
CL0003467,E0003913,P000097,F06,Northstar Advantage,2026-08-24,2026-09-20,131.57,47.22,paid,0,,
CL0003468,E0003914,P000759,F03,Medicare,2026-08-28,2026-09-21,21818.27,7855.46,paid,0,,
CL0003469,E0003915,P000486,F03,Evergreen Health Plan,2026-08-30,2026-09-23,27438.64,15533.66,paid,0,,
CL0003470,E0003917,P000007,F03,Northstar Advantage,2026-08-24,2026-09-22,3883.09,1542.71,paid,0,,
CL0003471,E0003918,P000658,F02,Medicare,2026-08-29,2026-09-16,30749.65,11025.81,paid,0,,
CL0003472,E0003919,P001227,F03,Medicaid,2026-08-30,2026-09-10,21602.60,6788.05,paid,0,,
CL0003473,E0003920,P000812,F03,Northstar Advantage,2026-08-24,2026-09-26,1180.58,467.83,paid,0,,
CL0003474,E0003922,P001221,F02,Medicare,2026-09-03,2026-09-26,58710.32,21432.91,paid,0,,
CL0003475,E0003924,P000143,F01,Medicare,2026-09-03,2026-09-13,25383.68,9398.38,paid,0,,
CL0003476,E0003925,P000051,F11,Medicare,2026-08-27,2026-09-21,500.00,176.89,paid,0,,
CL0003477,E0003926,P001004,F04,Northstar Advantage,2026-08-27,2026-09-11,353.88,128.76,paid,0,,
CL0003478,E0003927,P001220,F09,Medicare,2026-08-28,2026-09-24,171.43,63.02,paid,0,,
CL0003479,E0003928,P000688,F11,Northstar Advantage,2026-08-27,2026-09-30,226.35,86.80,paid,0,,
CL0003480,E0003929,P000825,F07,Medicare,2026-08-28,2026-09-11,235.80,85.74,paid,0,,
CL0003481,E0003930,P000425,F06,Medicaid,2026-08-25,2026-09-08,81.38,0.00,denied,1,Duplicate claim,upheld
CL0003482,E0003931,P000837,F15,Evergreen Health Plan,2026-08-27,2026-09-18,261.84,139.65,paid,0,,
CL0003483,E0003932,P000367,F05,Cascade Mutual,2026-08-26,2026-09-18,134.50,73.44,paid,0,,
CL0003484,E0003933,P000995,F04,Northstar Advantage,2026-08-26,2026-09-16,615.25,225.99,paid,0,,
CL0003485,E0003934,P000886,F03,Northstar Advantage,2026-08-28,2026-09-12,2855.68,1045.47,paid,0,,
CL0003486,E0003935,P001013,F10,Medicare,2026-08-27,2026-09-19,793.43,295.82,paid,0,,
CL0003487,E0003936,P000677,F07,Medicaid,2026-08-27,2026-09-22,210.81,66.21,paid,0,,
CL0003488,E0003937,P000875,F02,Medicare,2026-08-27,2026-09-28,371.68,136.95,paid,0,,
CL0003489,E0003938,P001073,F05,Medicare,2026-08-28,2026-09-12,210.36,75.05,paid,0,,
CL0003490,E0003939,P001246,F04,Evergreen Health Plan,2026-08-29,2026-09-14,211.63,111.34,paid,0,,
CL0003491,E0003940,P000612,F07,Cascade Mutual,2026-08-29,2026-09-14,897.86,461.76,paid,0,,
CL0003492,E0003941,P000608,F08,Medicare,2026-08-26,2026-09-10,490.02,172.80,paid,0,,
CL0003493,E0003942,P001149,F10,Evergreen Health Plan,2026-08-26,2026-09-25,549.76,298.64,paid,0,,
CL0003494,E0003943,P000890,F04,Medicare,2026-08-29,2026-09-12,279.95,0.00,denied,1,Incomplete documentation,none
CL0003495,E0003944,P000730,F06,Medicare,2026-08-26,2026-09-21,151.05,51.92,paid,0,,
CL0003496,E0003945,P001397,F08,Medicaid,2026-08-29,2026-09-16,156.43,47.04,paid,0,,
CL0003497,E0003946,P001203,F04,Medicare,2026-08-30,2026-09-18,571.02,200.25,paid,0,,
CL0003498,E0003947,P000468,F06,Medicare,2026-08-27,2026-09-30,176.42,61.18,paid,0,,
CL0003499,E0003948,P000341,F06,Evergreen Health Plan,2026-08-27,2026-09-21,243.81,132.24,paid,0,,
CL0003500,E0003949,P000297,F08,Northstar Advantage,2026-08-28,,134.74,,pending,0,,
CL0003501,E0003950,P001227,F11,Medicaid,2026-08-28,2026-09-29,313.73,100.43,paid,0,,
CL0003502,E0003951,P000085,F15,Cascade Mutual,2026-08-29,2026-09-21,138.10,71.50,paid,0,,
CL0003503,E0003952,P000417,F15,Medicaid,2026-08-29,2026-09-26,255.38,0.00,denied,1,Incomplete documentation,filed
CL0003504,E0003953,P000185,F12,Medicare,2026-08-29,2026-09-16,199.25,69.38,paid,0,,
CL0003505,E0003954,P000677,F07,Medicaid,2026-08-31,2026-09-13,248.91,75.10,paid,0,,
CL0003506,E0003955,P000248,F05,Medicare,2026-08-30,2026-09-19,118.19,40.64,paid,0,,
CL0003507,E0003956,P000986,F10,Cascade Mutual,2026-08-30,,236.26,,pending,0,,
CL0003508,E0003957,P001209,F07,Medicaid,2026-08-28,2026-09-08,341.96,102.63,paid,0,,
CL0003509,E0003959,P001047,F09,Cascade Mutual,2026-08-31,2026-09-23,565.58,286.54,paid,0,,
CL0003510,E0003960,P000923,F02,Cascade Mutual,2026-09-07,,25540.10,,pending,0,,
CL0003511,E0003961,P001300,F07,Medicare,2026-08-31,,164.41,,pending,0,,
CL0003512,E0003962,P000694,F11,Medicaid,2026-08-30,2026-09-29,1001.86,0.00,denied,1,Eligibility or coverage lapse,filed
CL0003513,E0003963,P000917,F04,Medicaid,2026-08-31,,219.04,,pending,0,,
CL0003514,E0003964,P000486,F08,Evergreen Health Plan,2026-09-01,,228.91,,pending,0,,
CL0003515,E0003965,P001164,F08,Medicaid,2026-08-31,2026-09-19,351.43,106.38,paid,0,,
CL0003516,E0003966,P001272,F11,Northstar Advantage,2026-08-30,2026-09-09,82.61,30.94,paid,0,,
CL0003517,E0003967,P000022,F01,Medicare,2026-09-01,,1449.08,,pending,0,,
CL0003518,E0003968,P000658,F02,Medicare,2026-09-07,,30133.92,,pending,0,,
CL0003519,E0003969,P000016,F01,Medicare,2026-09-02,2026-09-25,1879.37,694.36,paid,0,,
CL0003520,E0003970,P000386,F01,Evergreen Health Plan,2026-09-01,,1772.63,,pending,0,,
CL0003521,E0003971,P001109,F03,Evergreen Health Plan,2026-09-01,2026-09-16,2322.94,1265.22,paid,0,,
CL0003522,E0003972,P000045,F07,Cascade Mutual,2026-09-04,2026-09-17,763.95,419.26,paid,0,,
CL0003523,E0003973,P000630,F06,Medicare,2026-09-01,2026-09-28,241.55,86.95,paid,0,,
CL0003524,E0003974,P001254,F10,Evergreen Health Plan,2026-09-04,2026-09-16,270.29,143.30,paid,0,,
CL0003525,E0003975,P000694,F03,Medicaid,2026-09-01,2026-09-17,2536.91,806.33,paid,0,,
CL0003526,E0003976,P001260,F09,Medicare,2026-09-01,,205.71,,pending,0,,
CL0003527,E0003977,P000355,F01,Evergreen Health Plan,2026-09-02,2026-09-25,2413.95,1253.71,paid,0,,
CL0003528,E0003978,P000405,F04,Evergreen Health Plan,2026-09-05,,304.94,,pending,0,,
CL0003529,E0003979,P001370,F04,Evergreen Health Plan,2026-09-03,2026-09-21,126.86,72.66,paid,0,,
CL0003530,E0003980,P000130,F03,Medicare,2026-09-12,2026-09-30,37962.72,12960.11,paid,0,,
CL0003531,E0003981,P000643,F09,Medicare,2026-09-03,2026-09-26,241.50,86.31,paid,0,,
CL0003532,E0003982,P000477,F06,Medicare,2026-09-03,,438.81,,pending,0,,
CL0003533,E0003984,P000570,F04,Cascade Mutual,2026-09-03,2026-09-18,117.22,60.05,paid,0,,
CL0003534,E0003985,P000031,F01,Medicaid,2026-09-10,,23812.31,,pending,0,,
CL0003535,E0003986,P000666,F01,Cascade Mutual,2026-09-09,2026-09-19,30251.74,16881.81,paid,0,,
CL0003536,E0003987,P001216,F04,Medicare,2026-09-06,2026-09-19,81.88,30.45,paid,0,,
CL0003537,E0003988,P000468,F04,Medicare,2026-09-04,2026-09-30,416.42,139.23,paid,0,,
CL0003538,E0003989,P000320,F04,Northstar Advantage,2026-09-06,,261.33,,pending,0,,
CL0003539,E0003990,P000796,F09,Northstar Advantage,2026-09-04,,295.37,,pending,0,,
CL0003540,E0003991,P000233,F10,Medicare,2026-09-03,2026-09-27,177.50,65.26,paid,0,,
CL0003541,E0003992,P000526,F01,Medicare,2026-09-05,,226.68,,pending,0,,
CL0003542,E0003993,P001078,F08,Medicare,2026-09-05,,164.10,,pending,0,,
CL0003543,E0003994,P001056,F08,Medicare,2026-09-06,2026-09-16,501.44,175.31,paid,0,,
CL0003544,E0003995,P000044,F13,Medicaid,2026-09-06,,201.92,,pending,0,,
CL0003545,E0003997,P000149,F15,Cascade Mutual,2026-09-05,2026-09-26,405.40,210.80,paid,0,,
CL0003546,E0003998,P000950,F15,Northstar Advantage,2026-09-06,,474.68,,pending,0,,
CL0003547,E0003999,P001209,F02,Medicaid,2026-09-09,2026-09-27,12646.38,3830.19,paid,0,,
CL0003548,E0004000,P001060,F06,Medicare,2026-09-04,,201.27,,pending,0,,
CL0003549,E0004002,P000338,F06,Cascade Mutual,2026-09-06,,127.38,,pending,0,,
CL0003550,E0004003,P001284,F02,Northstar Advantage,2026-09-16,,25557.59,,pending,0,,
CL0003551,E0004004,P000512,F01,Medicare,2026-09-05,,1504.49,,pending,0,,
CL0003552,E0004005,P000013,F09,Northstar Advantage,2026-09-07,2026-09-23,482.54,175.14,paid,0,,
CL0003553,E0004006,P001157,F05,Medicare,2026-09-05,2026-09-29,302.73,101.95,paid,0,,
CL0003554,E0004007,P000047,F15,Cascade Mutual,2026-09-07,2026-09-18,282.05,154.02,paid,0,,
CL0003555,E0004008,P000143,F11,Medicare,2026-09-07,,383.16,,pending,0,,
CL0003556,E0004009,P001336,F06,Northstar Advantage,2026-09-06,2026-09-26,201.36,77.73,paid,0,,
CL0003557,E0004010,P001311,F12,Medicaid,2026-09-08,,420.28,,pending,0,,
CL0003558,E0004011,P000279,F05,Medicare,2026-09-05,2026-09-24,154.83,53.61,paid,0,,
CL0003559,E0004012,P000542,F01,Medicare,2026-09-08,2026-09-19,415.92,140.29,paid,0,,
CL0003560,E0004014,P000500,F02,Cascade Mutual,2026-09-09,,2350.11,,pending,0,,
CL0003561,E0004015,P000825,F01,Medicare,2026-09-15,,17145.98,,pending,0,,
CL0003562,E0004016,P000180,F01,Medicare,2026-09-19,,35244.80,,pending,0,,
CL0003563,E0004017,P000265,F02,Evergreen Health Plan,2026-09-11,,16937.85,,pending,0,,
CL0003564,E0004018,P000237,F02,Evergreen Health Plan,2026-09-08,2026-09-28,2149.17,1116.09,paid,0,,
CL0003565,E0004020,P000093,F03,Medicare,2026-09-19,,24356.20,,pending,0,,
CL0003566,E0004022,P000655,F03,Medicaid,2026-09-16,,32732.76,,pending,0,,
CL0003567,E0004023,P000267,F02,Evergreen Health Plan,2026-09-09,,3633.43,,pending,0,,
CL0003568,E0004024,P000940,F01,Cascade Mutual,2026-09-10,,1419.34,,pending,0,,
CL0003569,E0004025,P001164,F08,Medicaid,2026-09-08,,149.97,,pending,0,,
CL0003570,E0004026,P000919,F07,Evergreen Health Plan,2026-09-08,,676.05,,pending,0,,
CL0003571,E0004027,P000280,F06,Medicare,2026-09-10,,323.16,,pending,0,,
CL0003572,E0004028,P000666,F06,Cascade Mutual,2026-09-11,2026-09-30,322.64,162.82,paid,0,,
CL0003573,E0004030,P000923,F05,Cascade Mutual,2026-09-10,2026-09-25,216.26,0.00,denied,1,Eligibility or coverage lapse,filed
CL0003574,E0004031,P000946,F02,Medicare,2026-09-17,,17798.02,,pending,0,,
CL0003575,E0004032,P000075,F07,Medicare,2026-09-10,,307.97,,pending,0,,
CL0003576,E0004033,P000435,F05,Cascade Mutual,2026-09-10,2026-09-29,501.02,260.34,paid,0,,
CL0003577,E0004034,P001331,F11,Medicare,2026-09-13,2026-09-29,132.93,45.80,paid,0,,
CL0003578,E0004035,P001105,F09,Northstar Advantage,2026-09-10,2026-09-23,165.47,62.23,paid,0,,
CL0003579,E0004036,P000090,F02,Evergreen Health Plan,2026-09-13,,396.98,,pending,0,,
CL0003580,E0004037,P000689,F05,Medicare,2026-09-12,2026-09-29,369.39,127.78,paid,0,,
CL0003581,E0004038,P000174,F06,Northstar Advantage,2026-09-10,,377.41,,pending,0,,
CL0003582,E0004039,P000031,F07,Medicaid,2026-09-13,,333.40,,pending,0,,
CL0003583,E0004040,P001117,F02,Northstar Advantage,2026-09-10,2026-09-28,230.53,85.78,paid,0,,
CL0003584,E0004041,P000998,F07,Northstar Advantage,2026-09-12,2026-09-25,181.70,69.70,paid,0,,
CL0003585,E0004042,P000990,F07,Medicare,2026-09-11,,473.69,,pending,0,,
CL0003586,E0004043,P000044,F15,Medicaid,2026-09-12,,302.84,,pending,0,,
CL0003587,E0004044,P001207,F08,Medicare,2026-09-13,,135.14,,pending,0,,
CL0003588,E0004045,P001073,F05,Medicare,2026-09-14,2026-09-26,188.14,65.10,paid,0,,
CL0003589,E0004046,P001203,F04,Medicare,2026-09-11,,746.15,,pending,0,,
CL0003590,E0004048,P001383,F03,Medicare,2026-09-25,,32494.36,,pending,0,,
CL0003591,E0004049,P001227,F13,Medicaid,2026-09-12,2026-09-23,143.12,0.00,denied,1,Eligibility or coverage lapse,filed
CL0003592,E0004050,P001277,F09,Evergreen Health Plan,2026-09-12,,254.65,,pending,0,,
CL0003593,E0004051,P000107,F07,Self-pay,2026-09-14,,232.06,,pending,0,,
CL0003594,E0004052,P000136,F11,Northstar Advantage,2026-09-14,,204.54,,pending,0,,
CL0003595,E0004053,P000966,F05,Medicaid,2026-09-15,,322.29,,pending,0,,
CL0003596,E0004054,P000446,F02,Self-pay,2026-09-21,,34191.53,,pending,0,,
CL0003597,E0004055,P000289,F03,Cascade Mutual,2026-09-13,,1804.36,,pending,0,,
CL0003598,E0004056,P000608,F01,Medicare,2026-09-20,,22705.69,,pending,0,,
CL0003599,E0004057,P001128,F01,Medicare,2026-09-16,,2229.59,,pending,0,,
CL0003600,E0004058,P000489,F02,Medicare,2026-09-16,,1952.18,,pending,0,,
CL0003601,E0004060,P000598,F02,Medicare,2026-09-19,2026-09-30,33889.56,12647.42,paid,0,,
CL0003602,E0004062,P001021,F01,Medicare,2026-09-25,,19318.27,,pending,0,,
CL0003603,E0004063,P000218,F02,Northstar Advantage,2026-09-22,,22079.97,,pending,0,,
CL0003604,E0004064,P000276,F10,Medicaid,2026-09-18,,254.55,,pending,0,,
CL0003605,E0004065,P000491,F15,Medicare,2026-09-15,,349.66,,pending,0,,
CL0003606,E0004066,P000394,F05,Evergreen Health Plan,2026-09-17,,410.43,,pending,0,,
CL0003607,E0004067,P000658,F08,Medicare,2026-09-18,,687.90,,pending,0,,
CL0003608,E0004068,P000236,F06,Self-pay,2026-09-16,,165.59,,pending,0,,
CL0003609,E0004069,P000110,F06,Evergreen Health Plan,2026-09-18,,196.66,,pending,0,,
CL0003610,E0004070,P000767,F15,Cascade Mutual,2026-09-19,,191.95,,pending,0,,
CL0003611,E0004071,P001259,F08,Self-pay,2026-09-19,,345.83,,pending,0,,
CL0003612,E0004072,P000527,F01,Northstar Advantage,2026-09-16,,451.01,,pending,0,,
CL0003613,E0004073,P000606,F01,Northstar Advantage,2026-09-18,,210.13,,pending,0,,
CL0003614,E0004074,P000937,F05,Cascade Mutual,2026-09-17,,453.51,,pending,0,,
CL0003615,E0004075,P001129,F04,Medicare,2026-09-17,,306.66,,pending,0,,
CL0003616,E0004076,P000343,F10,Medicare,2026-09-18,,454.56,,pending,0,,
CL0003617,E0004077,P000421,F05,Evergreen Health Plan,2026-09-18,2026-09-29,660.44,379.31,paid,0,,
CL0003618,E0004078,P001190,F04,Medicare,2026-09-19,,202.50,,pending,0,,
CL0003619,E0004079,P000711,F03,Medicaid,2026-09-19,,106.88,,pending,0,,
CL0003620,E0004080,P000996,F10,Cascade Mutual,2026-09-16,,296.95,,pending,0,,
CL0003621,E0004081,P000946,F06,Medicare,2026-09-19,,404.51,,pending,0,,
CL0003622,E0004082,P000625,F06,Evergreen Health Plan,2026-09-19,,527.98,,pending,0,,
CL0003623,E0004083,P000467,F07,Medicare,2026-09-18,,216.54,,pending,0,,
CL0003624,E0004084,P000330,F07,Cascade Mutual,2026-09-17,2026-09-27,274.70,151.34,paid,0,,
CL0003625,E0004085,P000105,F09,Medicare,2026-09-18,,174.99,,pending,0,,
CL0003626,E0004086,P000590,F14,Cascade Mutual,2026-09-20,,322.53,,pending,0,,
CL0003627,E0004087,P000505,F04,Northstar Advantage,2026-09-19,,379.92,,pending,0,,
CL0003628,E0004088,P001186,F08,Cascade Mutual,2026-09-20,,269.12,,pending,0,,
CL0003629,E0004089,P000051,F11,Medicare,2026-09-21,,787.46,,pending,0,,
CL0003630,E0004090,P000307,F14,Northstar Advantage,2026-09-18,,179.65,,pending,0,,
CL0003631,E0004091,P000153,F04,Medicare,2026-09-21,,720.32,,pending,0,,
CL0003632,E0004092,P001211,F01,Medicare,2026-09-22,,21206.08,,pending,0,,
CL0003633,E0004093,P000130,F08,Medicare,2026-09-19,,137.97,,pending,0,,
CL0003634,E0004094,P001213,F05,Cascade Mutual,2026-09-21,,288.29,,pending,0,,
CL0003635,E0004095,P000333,F09,Medicare,2026-09-19,,166.87,,pending,0,,
CL0003636,E0004096,P000662,F09,Northstar Advantage,2026-09-19,,436.88,,pending,0,,
CL0003637,E0004097,P000247,F01,Medicare,2026-09-21,,99.87,,pending,0,,
CL0003638,E0004098,P000955,F01,Medicare,2026-09-22,,2887.18,,pending,0,,
CL0003639,E0004099,P000095,F02,Cascade Mutual,2026-09-22,,2173.21,,pending,0,,
CL0003640,E0004100,P000947,F03,Medicare,2026-09-22,,2925.77,,pending,0,,
CL0003641,E0004101,P000860,F03,Northstar Advantage,2026-09-29,,23453.63,,pending,0,,
CL0003642,E0004102,P000996,F01,Cascade Mutual,2026-09-22,,1185.92,,pending,0,,
CL0003643,E0004104,P001266,F03,Medicare,2026-09-28,,23035.53,,pending,0,,
CL0003644,E0004105,P000414,F02,Northstar Advantage,2026-09-24,,1987.94,,pending,0,,
CL0003645,E0004106,P001023,F01,Cascade Mutual,2026-09-29,,11881.67,,pending,0,,
CL0003646,E0004108,P001106,F03,Medicare,2026-09-28,,15487.18,,pending,0,,
CL0003647,E0004109,P000357,F01,Medicare,2026-09-22,,1322.46,,pending,0,,
CL0003648,E0004110,P000109,F07,Medicare,2026-09-24,,493.36,,pending,0,,
CL0003649,E0004111,P000512,F09,Medicare,2026-09-22,,239.60,,pending,0,,
CL0003650,E0004112,P001215,F05,Medicare,2026-09-22,,190.98,,pending,0,,
CL0003651,E0004113,P001223,F05,Cascade Mutual,2026-09-23,,183.10,,pending,0,,
CL0003652,E0004114,P001349,F02,Northstar Advantage,2026-09-24,,168.65,,pending,0,,
CL0003653,E0004115,P000428,F06,Cascade Mutual,2026-09-25,,951.50,,pending,0,,
CL0003654,E0004116,P000825,F07,Medicare,2026-09-25,,442.16,,pending,0,,
CL0003655,E0004117,P000598,F06,Medicare,2026-09-25,,606.22,,pending,0,,
CL0003656,E0004118,P000602,F11,Medicare,2026-09-23,,348.66,,pending,0,,
CL0003657,E0004120,P000764,F09,Cascade Mutual,2026-09-25,,216.47,,pending,0,,
CL0003658,E0004121,P000392,F07,Medicaid,2026-09-26,,215.80,,pending,0,,
CL0003659,E0004123,P000933,F06,Medicare,2026-09-26,,346.33,,pending,0,,
CL0003660,E0004124,P001021,F01,Medicare,2026-09-27,,1417.25,,pending,0,,
CL0003661,E0004125,P000416,F07,Medicare,2026-09-24,,253.54,,pending,0,,
CL0003662,E0004126,P000069,F06,Medicare,2026-09-25,,179.98,,pending,0,,
CL0003663,E0004127,P001153,F04,Northstar Advantage,2026-09-25,,338.63,,pending,0,,
CL0003664,E0004128,P000074,F04,Northstar Advantage,2026-09-25,,205.64,,pending,0,,
CL0003665,E0004129,P000781,F09,Medicare,2026-09-27,,455.24,,pending,0,,
CL0003666,E0004130,P000888,F03,Medicare,2026-09-24,,161.92,,pending,0,,
CL0003667,E0004131,P000007,F11,Northstar Advantage,2026-09-24,,136.91,,pending,0,,
CL0003668,E0004135,P001311,F02,Medicaid,2026-09-26,,431.25,,pending,0,,
CL0003669,E0004137,P001192,F06,Self-pay,2026-09-25,,79.01,,pending,0,,
CL0003670,E0004138,P000206,F01,Cascade Mutual,2026-09-25,,1637.65,,pending,0,,
CL0003671,E0004139,P000491,F01,Medicare,2026-09-26,,294.41,,pending,0,,
CL0003672,E0004140,P000930,F06,Evergreen Health Plan,2026-09-28,,399.40,,pending,0,,
CL0003673,E0004141,P001106,F07,Medicare,2026-09-28,,438.49,,pending,0,,
CL0003674,E0004143,P001023,F07,Cascade Mutual,2026-09-27,,879.75,,pending,0,,
CL0003675,E0004144,P000526,F01,Medicare,2026-09-28,,1694.82,,pending,0,,
CL0003676,E0004145,P000981,F13,Medicare,2026-09-28,,219.04,,pending,0,,
CL0003677,E0004146,P001353,F04,Evergreen Health Plan,2026-09-26,,161.47,,pending,0,,
CL0003678,E0004148,P001105,F09,Northstar Advantage,2026-09-27,,507.28,,pending,0,,
CL0003679,E0004149,P000333,F09,Medicare,2026-09-27,,364.16,,pending,0,,
CL0003680,E0004150,P000915,F01,Medicaid,2026-09-26,,298.87,,pending,0,,
CL0003681,E0004151,P000018,F01,Cascade Mutual,2026-09-30,,15506.61,,pending,0,,
CL0003682,E0004153,P000803,F02,Northstar Advantage,2026-09-30,,3545.37,,pending,0,,
CL0003683,E0004156,P000625,F03,Evergreen Health Plan,2026-09-29,,247.44,,pending,0,,
CL0003684,E0004157,P000837,F15,Evergreen Health Plan,2026-09-29,,335.04,,pending,0,,
CL0003685,E0004158,P000634,F03,Evergreen Health Plan,2026-09-30,,1903.66,,pending,0,,
CL0003686,E0004159,P000446,F15,Self-pay,2026-09-29,,605.78,,pending,0,,
CL0003687,E0004161,P000436,F04,Medicare,2026-09-29,,222.73,,pending,0,,
CL0003688,E0004164,P001134,F07,Medicaid,2026-09-30,,203.63,,pending,0,,
