diagnosis_id,encounter_id,patient_id,icd10_code,icd10_description,is_primary,diagnosed_date
D0000001,E0000001,P000920,R10.9,Unspecified abdominal pain,1,2025-04-01
D0000002,E0000002,P000162,E11.9,Type 2 diabetes mellitus without complications,1,2025-04-01
D0000003,E0000003,P001011,I10,Essential (primary) hypertension,1,2025-04-01
D0000004,E0000003,P001011,I50.9,"Heart failure, unspecified",0,2025-04-01
D0000005,E0000004,P000782,J44.1,Chronic obstructive pulmonary disease with (acute) exacerbation,1,2025-04-01
D0000006,E0000005,P001298,I10,Essential (primary) hypertension,1,2025-04-01
D0000007,E0000006,P000886,J06.9,"Acute upper respiratory infection, unspecified",1,2025-04-01
D0000008,E0000007,P000752,J44.9,"Chronic obstructive pulmonary disease, unspecified",1,2025-04-01
D0000009,E0000008,P000297,I10,Essential (primary) hypertension,1,2025-04-01
D0000010,E0000009,P000013,R10.9,Unspecified abdominal pain,1,2025-04-02
D0000011,E0000010,P000223,N39.0,"Urinary tract infection, site not specified",1,2025-04-02
D0000012,E0000011,P000634,Z00.00,Encounter for general adult medical examination without abnormal findings,1,2025-04-02
D0000013,E0000012,P000957,Z00.00,Encounter for general adult medical examination without abnormal findings,1,2025-04-02
D0000014,E0000013,P000319,I10,Essential (primary) hypertension,1,2025-04-02
D0000015,E0000014,P000326,J06.9,"Acute upper respiratory infection, unspecified",1,2025-04-02
D0000016,E0000015,P000223,N39.0,"Urinary tract infection, site not specified",1,2025-04-02
D0000017,E0000015,P000223,I50.9,"Heart failure, unspecified",0,2025-04-02
D0000018,E0000015,P000223,N18.9,"Chronic kidney disease, unspecified",0,2025-04-02
D0000019,E0000016,P000434,E78.5,"Hyperlipidemia, unspecified",1,2025-04-02
D0000020,E0000017,P000684,E11.9,Type 2 diabetes mellitus without complications,1,2025-04-02
D0000021,E0000018,P000855,N39.0,"Urinary tract infection, site not specified",1,2025-04-02
D0000022,E0000018,P000855,I50.9,"Heart failure, unspecified",0,2025-04-02
D0000023,E0000018,P000855,E11.9,Type 2 diabetes mellitus without complications,0,2025-04-02
D0000024,E0000019,P000462,T14.90XA,"Injury, unspecified, initial encounter",1,2025-04-02
D0000025,E0000020,P000097,Z00.00,Encounter for general adult medical examination without abnormal findings,1,2025-04-03
D0000026,E0000021,P001292,I10,Essential (primary) hypertension,1,2025-04-03
D0000027,E0000022,P000109,I50.32,Chronic diastolic (congestive) heart failure,1,2025-04-03
D0000028,E0000023,P001322,K92.2,"Gastrointestinal hemorrhage, unspecified",1,2025-04-03
D0000029,E0000023,P001322,J44.9,"Chronic obstructive pulmonary disease, unspecified",0,2025-04-03
D0000030,E0000023,P001322,E78.5,"Hyperlipidemia, unspecified",0,2025-04-03
D0000031,E0000024,P000896,M54.50,"Low back pain, unspecified",1,2025-04-03
D0000032,E0000025,P000558,I50.9,"Heart failure, unspecified",1,2025-04-04
D0000033,E0000025,P000558,E11.9,Type 2 diabetes mellitus without complications,0,2025-04-04
D0000034,E0000026,P000211,J45.909,"Unspecified asthma, uncomplicated",1,2025-04-04
D0000035,E0000027,P000501,J44.9,"Chronic obstructive pulmonary disease, unspecified",1,2025-04-04
D0000036,E0000028,P000197,I10,Essential (primary) hypertension,1,2025-04-04
D0000037,E0000029,P000235,Z00.00,Encounter for general adult medical examination without abnormal findings,1,2025-04-04
D0000038,E0000030,P000292,N39.0,"Urinary tract infection, site not specified",1,2025-04-04
D0000039,E0000031,P000311,J06.9,"Acute upper respiratory infection, unspecified",1,2025-04-04
D0000040,E0000032,P001057,M54.50,"Low back pain, unspecified",1,2025-04-04
D0000041,E0000033,P000477,R10.9,Unspecified abdominal pain,1,2025-04-04
D0000042,E0000034,P001065,I10,Essential (primary) hypertension,1,2025-04-04
D0000043,E0000035,P001308,I50.22,Chronic systolic (congestive) heart failure,1,2025-04-04
D0000044,E0000036,P001308,I50.22,Chronic systolic (congestive) heart failure,1,2025-04-05
D0000045,E0000037,P000792,J18.9,"Pneumonia, unspecified organism",1,2025-04-05
D0000046,E0000038,P000562,N17.9,"Acute kidney failure, unspecified",1,2025-04-05
D0000047,E0000039,P000562,N17.9,"Acute kidney failure, unspecified",1,2025-04-05
D0000048,E0000039,P000562,E78.5,"Hyperlipidemia, unspecified",0,2025-04-05
D0000049,E0000040,P000701,J18.9,"Pneumonia, unspecified organism",1,2025-04-06
D0000050,E0000041,P001220,A41.9,"Sepsis, unspecified organism",1,2025-04-06
D0000051,E0000042,P000701,J18.9,"Pneumonia, unspecified organism",1,2025-04-06
D0000052,E0000042,P000701,E78.5,"Hyperlipidemia, unspecified",0,2025-04-06
D0000053,E0000043,P001220,A41.9,"Sepsis, unspecified organism",1,2025-04-06
D0000054,E0000043,P001220,I10,Essential (primary) hypertension,0,2025-04-06
D0000055,E0000043,P001220,E78.5,"Hyperlipidemia, unspecified",0,2025-04-06
D0000056,E0000044,P001211,R07.9,"Chest pain, unspecified",1,2025-04-06
D0000057,E0000045,P000464,I50.22,Chronic systolic (congestive) heart failure,1,2025-04-07
D0000058,E0000046,P000464,I50.22,Chronic systolic (congestive) heart failure,1,2025-04-07
D0000059,E0000046,P000464,I10,Essential (primary) hypertension,0,2025-04-07
D0000060,E0000047,P001238,R10.9,Unspecified abdominal pain,1,2025-04-07
D0000061,E0000048,P000642,M54.50,"Low back pain, unspecified",1,2025-04-07
D0000062,E0000049,P000106,Z00.00,Encounter for general adult medical examination without abnormal findings,1,2025-04-07
D0000063,E0000050,P000351,M54.50,"Low back pain, unspecified",1,2025-04-08
D0000064,E0000051,P000728,Z00.00,Encounter for general adult medical examination without abnormal findings,1,2025-04-08
D0000065,E0000052,P001386,J45.909,"Unspecified asthma, uncomplicated",1,2025-04-08
D0000066,E0000053,P000164,N39.0,"Urinary tract infection, site not specified",1,2025-04-08
D0000067,E0000054,P001204,Z23,Encounter for immunization,1,2025-04-08
D0000068,E0000055,P001203,Z00.00,Encounter for general adult medical examination without abnormal findings,1,2025-04-08
D0000069,E0000056,P000781,Z23,Encounter for immunization,1,2025-04-08
D0000070,E0000057,P001317,J44.1,Chronic obstructive pulmonary disease with (acute) exacerbation,1,2025-04-08
D0000071,E0000057,P001317,I50.9,"Heart failure, unspecified",0,2025-04-08
D0000072,E0000057,P001317,I10,Essential (primary) hypertension,0,2025-04-08
D0000073,E0000058,P001310,K92.2,"Gastrointestinal hemorrhage, unspecified",1,2025-04-09
D0000074,E0000059,P000148,J06.9,"Acute upper respiratory infection, unspecified",1,2025-04-09
D0000075,E0000060,P000991,E11.9,Type 2 diabetes mellitus without complications,1,2025-04-09
D0000076,E0000061,P001157,Z23,Encounter for immunization,1,2025-04-09
D0000077,E0000062,P001310,K92.2,"Gastrointestinal hemorrhage, unspecified",1,2025-04-09
D0000078,E0000062,P001310,E11.9,Type 2 diabetes mellitus without complications,0,2025-04-09
D0000079,E0000062,P001310,N18.9,"Chronic kidney disease, unspecified",0,2025-04-09
D0000080,E0000063,P001136,E11.9,Type 2 diabetes mellitus without complications,1,2025-04-09
D0000081,E0000064,P000182,Z00.00,Encounter for general adult medical examination without abnormal findings,1,2025-04-09
D0000082,E0000065,P000435,E11.9,Type 2 diabetes mellitus without complications,1,2025-04-10
D0000083,E0000066,P000941,R07.9,"Chest pain, unspecified",1,2025-04-10
D0000084,E0000067,P000214,I10,Essential (primary) hypertension,1,2025-04-10
D0000085,E0000068,P000955,I50.32,Chronic diastolic (congestive) heart failure,1,2025-04-10
D0000086,E0000068,P000955,E11.9,Type 2 diabetes mellitus without complications,0,2025-04-10
D0000087,E0000068,P000955,I10,Essential (primary) hypertension,0,2025-04-10
D0000088,E0000069,P000429,I10,Essential (primary) hypertension,1,2025-04-11
D0000089,E0000070,P000687,J06.9,"Acute upper respiratory infection, unspecified",1,2025-04-11
D0000090,E0000071,P001268,Z00.00,Encounter for general adult medical examination without abnormal findings,1,2025-04-11
D0000091,E0000072,P000543,R10.9,Unspecified abdominal pain,1,2025-04-11
D0000092,E0000073,P000635,Z00.00,Encounter for general adult medical examination without abnormal findings,1,2025-04-11
D0000093,E0000074,P000347,Z00.00,Encounter for general adult medical examination without abnormal findings,1,2025-04-11
D0000094,E0000075,P001203,I10,Essential (primary) hypertension,1,2025-04-11
D0000095,E0000076,P000349,Z00.00,Encounter for general adult medical examination without abnormal findings,1,2025-04-11
D0000096,E0000077,P001234,R07.9,"Chest pain, unspecified",1,2025-04-11
D0000097,E0000078,P000428,I21.4,Non-ST elevation (NSTEMI) myocardial infarction,1,2025-04-11
D0000098,E0000079,P001395,I50.23,Acute on chronic systolic (congestive) heart failure,1,2025-04-11
D0000099,E0000080,P000428,I21.4,Non-ST elevation (NSTEMI) myocardial infarction,1,2025-04-11
D0000100,E0000080,P000428,I50.9,"Heart failure, unspecified",0,2025-04-11
D0000101,E0000080,P000428,N18.9,"Chronic kidney disease, unspecified",0,2025-04-11
D0000102,E0000081,P001395,I50.23,Acute on chronic systolic (congestive) heart failure,1,2025-04-11
D0000103,E0000082,P001216,I48.91,Unspecified atrial fibrillation,1,2025-04-11
D0000104,E0000083,P001216,I48.91,Unspecified atrial fibrillation,1,2025-04-12
D0000105,E0000084,P000489,A41.9,"Sepsis, unspecified organism",1,2025-04-13
D0000106,E0000085,P000489,A41.9,"Sepsis, unspecified organism",1,2025-04-13
D0000107,E0000085,P000489,I50.9,"Heart failure, unspecified",0,2025-04-13
D0000108,E0000085,P000489,I10,Essential (primary) hypertension,0,2025-04-13
D0000109,E0000086,P001060,I50.32,Chronic diastolic (congestive) heart failure,1,2025-04-14
D0000110,E0000087,P000879,Z00.00,Encounter for general adult medical examination without abnormal findings,1,2025-04-14
D0000111,E0000088,P000792,J18.9,"Pneumonia, unspecified organism",1,2025-04-14
D0000112,E0000089,P000324,J44.9,"Chronic obstructive pulmonary disease, unspecified",1,2025-04-14
D0000113,E0000090,P001310,I21.4,Non-ST elevation (NSTEMI) myocardial infarction,1,2025-04-14
D0000114,E0000091,P000809,R55,Syncope and collapse,1,2025-04-14
D0000115,E0000092,P000065,Z00.00,Encounter for general adult medical examination without abnormal findings,1,2025-04-14
D0000116,E0000093,P000434,J06.9,"Acute upper respiratory infection, unspecified",1,2025-04-14
D0000117,E0000094,P001310,I21.4,Non-ST elevation (NSTEMI) myocardial infarction,1,2025-04-14
D0000118,E0000094,P001310,E11.9,Type 2 diabetes mellitus without complications,0,2025-04-14
D0000119,E0000094,P001310,N18.9,"Chronic kidney disease, unspecified",0,2025-04-14
D0000120,E0000095,P000592,A41.9,"Sepsis, unspecified organism",1,2025-04-14
D0000121,E0000095,P000592,J44.9,"Chronic obstructive pulmonary disease, unspecified",0,2025-04-14
D0000122,E0000095,P000592,N18.9,"Chronic kidney disease, unspecified",0,2025-04-14
D0000123,E0000096,P000717,Z23,Encounter for immunization,1,2025-04-15
D0000124,E0000097,P001292,I48.91,Unspecified atrial fibrillation,1,2025-04-15
D0000125,E0000097,P001292,I10,Essential (primary) hypertension,0,2025-04-15
D0000126,E0000098,P000363,N39.0,"Urinary tract infection, site not specified",1,2025-04-15
D0000127,E0000099,P001317,J44.9,"Chronic obstructive pulmonary disease, unspecified",1,2025-04-15
D0000128,E0000100,P000363,N39.0,"Urinary tract infection, site not specified",1,2025-04-15
D0000129,E0000100,P000363,I50.9,"Heart failure, unspecified",0,2025-04-15
D0000130,E0000101,P000451,I10,Essential (primary) hypertension,1,2025-04-15
D0000131,E0000102,P000136,I50.32,Chronic diastolic (congestive) heart failure,1,2025-04-15
D0000132,E0000103,P000752,J44.9,"Chronic obstructive pulmonary disease, unspecified",1,2025-04-16
D0000133,E0000104,P000676,Z00.00,Encounter for general adult medical examination without abnormal findings,1,2025-04-16
D0000134,E0000105,P001158,E11.9,Type 2 diabetes mellitus without complications,1,2025-04-16
D0000135,E0000106,P000276,I50.32,Chronic diastolic (congestive) heart failure,1,2025-04-16
D0000136,E0000107,P001391,I21.4,Non-ST elevation (NSTEMI) myocardial infarction,1,2025-04-16
D0000137,E0000107,P001391,I50.9,"Heart failure, unspecified",0,2025-04-16
D0000138,E0000107,P001391,I10,Essential (primary) hypertension,0,2025-04-16
D0000139,E0000108,P000094,J06.9,"Acute upper respiratory infection, unspecified",1,2025-04-16
D0000140,E0000109,P001288,E11.65,Type 2 diabetes mellitus with hyperglycemia,1,2025-04-16
D0000141,E0000110,P001264,J45.909,"Unspecified asthma, uncomplicated",1,2025-04-16
D0000142,E0000111,P001040,J06.9,"Acute upper respiratory infection, unspecified",1,2025-04-16
D0000143,E0000112,P000276,I50.32,Chronic diastolic (congestive) heart failure,1,2025-04-16
D0000144,E0000112,P000276,E11.9,Type 2 diabetes mellitus without complications,0,2025-04-16
D0000145,E0000112,P000276,N18.9,"Chronic kidney disease, unspecified",0,2025-04-16
D0000146,E0000113,P001288,E11.65,Type 2 diabetes mellitus with hyperglycemia,1,2025-04-16
D0000147,E0000113,P001288,I50.9,"Heart failure, unspecified",0,2025-04-16
D0000148,E0000113,P001288,I10,Essential (primary) hypertension,0,2025-04-16
D0000149,E0000114,P000358,J45.909,"Unspecified asthma, uncomplicated",1,2025-04-16
D0000150,E0000115,P000846,I21.4,Non-ST elevation (NSTEMI) myocardial infarction,1,2025-04-16
D0000151,E0000115,P000846,I50.9,"Heart failure, unspecified",0,2025-04-16
D0000152,E0000115,P000846,I10,Essential (primary) hypertension,0,2025-04-16
D0000153,E0000116,P001063,J18.9,"Pneumonia, unspecified organism",1,2025-04-17
D0000154,E0000117,P001048,I50.9,"Heart failure, unspecified",1,2025-04-17
D0000155,E0000118,P001063,J18.9,"Pneumonia, unspecified organism",1,2025-04-17
D0000156,E0000118,P001063,E78.5,"Hyperlipidemia, unspecified",0,2025-04-17
D0000157,E0000119,P001158,R10.9,Unspecified abdominal pain,1,2025-04-17
D0000158,E0000120,P001099,Z00.00,Encounter for general adult medical examination without abnormal findings,1,2025-04-17
D0000159,E0000121,P001048,I50.9,"Heart failure, unspecified",1,2025-04-17
D0000160,E0000122,P000918,E78.5,"Hyperlipidemia, unspecified",1,2025-04-17
D0000161,E0000123,P000045,Z00.00,Encounter for general adult medical examination without abnormal findings,1,2025-04-17
D0000162,E0000124,P001128,R10.9,Unspecified abdominal pain,1,2025-04-17
D0000163,E0000125,P000497,J18.9,"Pneumonia, unspecified organism",1,2025-04-17
D0000164,E0000126,P001386,T14.90XA,"Injury, unspecified, initial encounter",1,2025-04-17
D0000165,E0000127,P000497,J18.9,"Pneumonia, unspecified organism",1,2025-04-17
D0000166,E0000127,P000497,J44.9,"Chronic obstructive pulmonary disease, unspecified",0,2025-04-17
D0000167,E0000128,P001084,J18.9,"Pneumonia, unspecified organism",1,2025-04-18
D0000168,E0000129,P000813,N18.9,"Chronic kidney disease, unspecified",1,2025-04-18
D0000169,E0000130,P001084,J18.9,"Pneumonia, unspecified organism",1,2025-04-18
D0000170,E0000130,P001084,I10,Essential (primary) hypertension,0,2025-04-18
D0000171,E0000131,P000307,N18.9,"Chronic kidney disease, unspecified",1,2025-04-18
D0000172,E0000132,P000110,I10,Essential (primary) hypertension,1,2025-04-18
D0000173,E0000133,P000324,N17.9,"Acute kidney failure, unspecified",1,2025-04-18
D0000174,E0000134,P000324,N17.9,"Acute kidney failure, unspecified",1,2025-04-18
D0000175,E0000134,P000324,J44.9,"Chronic obstructive pulmonary disease, unspecified",0,2025-04-18
D0000176,E0000134,P000324,E11.9,Type 2 diabetes mellitus without complications,0,2025-04-18
D0000177,E0000135,P000240,N39.0,"Urinary tract infection, site not specified",1,2025-04-18
D0000178,E0000135,P000240,E11.9,Type 2 diabetes mellitus without complications,0,2025-04-18
D0000179,E0000135,P000240,I10,Essential (primary) hypertension,0,2025-04-18
D0000180,E0000136,P001334,A41.9,"Sepsis, unspecified organism",1,2025-04-19
D0000181,E0000137,P001334,A41.9,"Sepsis, unspecified organism",1,2025-04-19
D0000182,E0000137,P001334,N18.9,"Chronic kidney disease, unspecified",0,2025-04-19
D0000183,E0000138,P000453,J44.1,Chronic obstructive pulmonary disease with (acute) exacerbation,1,2025-04-20
D0000184,E0000138,P000453,I10,Essential (primary) hypertension,0,2025-04-20
D0000185,E0000139,P001186,A41.9,"Sepsis, unspecified organism",1,2025-04-20
D0000186,E0000139,P001186,I10,Essential (primary) hypertension,0,2025-04-20
D0000187,E0000140,P000396,Z23,Encounter for immunization,1,2025-04-21
D0000188,E0000141,P001178,M54.50,"Low back pain, unspecified",1,2025-04-21
D0000189,E0000142,P000969,I10,Essential (primary) hypertension,1,2025-04-21
D0000190,E0000143,P000490,Z00.00,Encounter for general adult medical examination without abnormal findings,1,2025-04-21
D0000191,E0000144,P001216,I48.91,Unspecified atrial fibrillation,1,2025-04-21
D0000192,E0000145,P001003,Z00.00,Encounter for general adult medical examination without abnormal findings,1,2025-04-21
D0000193,E0000146,P000426,N18.9,"Chronic kidney disease, unspecified",1,2025-04-21
D0000194,E0000147,P001389,N39.0,"Urinary tract infection, site not specified",1,2025-04-21
D0000195,E0000148,P000868,J18.9,"Pneumonia, unspecified organism",1,2025-04-22
D0000196,E0000149,P001101,Z00.00,Encounter for general adult medical examination without abnormal findings,1,2025-04-22
D0000197,E0000150,P001014,E78.5,"Hyperlipidemia, unspecified",1,2025-04-22
D0000198,E0000151,P000868,J18.9,"Pneumonia, unspecified organism",1,2025-04-22
D0000199,E0000152,P001148,M54.50,"Low back pain, unspecified",1,2025-04-22
D0000200,E0000153,P000888,A41.9,"Sepsis, unspecified organism",1,2025-04-22
D0000201,E0000154,P000440,N39.0,"Urinary tract infection, site not specified",1,2025-04-22
D0000202,E0000155,P000347,J06.9,"Acute upper respiratory infection, unspecified",1,2025-04-22
D0000203,E0000156,P000733,I10,Essential (primary) hypertension,1,2025-04-22
D0000204,E0000157,P000888,A41.9,"Sepsis, unspecified organism",1,2025-04-22
D0000205,E0000157,P000888,E11.9,Type 2 diabetes mellitus without complications,0,2025-04-22
D0000206,E0000157,P000888,N18.9,"Chronic kidney disease, unspecified",0,2025-04-22
D0000207,E0000158,P000148,J44.1,Chronic obstructive pulmonary disease with (acute) exacerbation,1,2025-04-22
D0000208,E0000158,P000148,I50.9,"Heart failure, unspecified",0,2025-04-22
D0000209,E0000158,P000148,N18.9,"Chronic kidney disease, unspecified",0,2025-04-22
D0000210,E0000159,P001284,N39.0,"Urinary tract infection, site not specified",1,2025-04-22
D0000211,E0000160,P001284,N39.0,"Urinary tract infection, site not specified",1,2025-04-23
D0000212,E0000160,P001284,I50.9,"Heart failure, unspecified",0,2025-04-23
D0000213,E0000160,P001284,N18.9,"Chronic kidney disease, unspecified",0,2025-04-23
D0000214,E0000161,P000244,K21.9,Gastro-esophageal reflux disease without esophagitis,1,2025-04-23
D0000215,E0000162,P001383,J18.9,"Pneumonia, unspecified organism",1,2025-04-23
D0000216,E0000162,P001383,I50.9,"Heart failure, unspecified",0,2025-04-23
D0000217,E0000163,P000905,I10,Essential (primary) hypertension,1,2025-04-23
D0000218,E0000164,P000448,I10,Essential (primary) hypertension,1,2025-04-23
D0000219,E0000165,P001067,I10,Essential (primary) hypertension,1,2025-04-23
D0000220,E0000166,P001288,E11.65,Type 2 diabetes mellitus with hyperglycemia,1,2025-04-23
D0000221,E0000167,P000497,J18.9,"Pneumonia, unspecified organism",1,2025-04-23
D0000222,E0000168,P000855,N39.0,"Urinary tract infection, site not specified",1,2025-04-23
D0000223,E0000169,P000276,I50.32,Chronic diastolic (congestive) heart failure,1,2025-04-23
D0000224,E0000170,P001243,I50.23,Acute on chronic systolic (congestive) heart failure,1,2025-04-23
D0000225,E0000171,P001243,I50.23,Acute on chronic systolic (congestive) heart failure,1,2025-04-23
D0000226,E0000171,P001243,N18.9,"Chronic kidney disease, unspecified",0,2025-04-23
D0000227,E0000172,P001308,I50.23,Acute on chronic systolic (congestive) heart failure,1,2025-04-23
D0000228,E0000173,P000830,J44.9,"Chronic obstructive pulmonary disease, unspecified",1,2025-04-24
D0000229,E0000174,P000246,K21.9,Gastro-esophageal reflux disease without esophagitis,1,2025-04-24
D0000230,E0000175,P000029,Z23,Encounter for immunization,1,2025-04-24
D0000231,E0000176,P000957,Z00.00,Encounter for general adult medical examination without abnormal findings,1,2025-04-24
D0000232,E0000177,P001025,Z00.00,Encounter for general adult medical examination without abnormal findings,1,2025-04-24
D0000233,E0000178,P000599,J06.9,"Acute upper respiratory infection, unspecified",1,2025-04-24
D0000234,E0000179,P001241,I50.32,Chronic diastolic (congestive) heart failure,1,2025-04-24
D0000235,E0000179,P001241,E11.9,Type 2 diabetes mellitus without complications,0,2025-04-24
D0000236,E0000180,P000497,M54.50,"Low back pain, unspecified",1,2025-04-25
D0000237,E0000181,P000670,M54.50,"Low back pain, unspecified",1,2025-04-25
D0000238,E0000182,P001391,I21.4,Non-ST elevation (NSTEMI) myocardial infarction,1,2025-04-25
D0000239,E0000183,P000807,M54.50,"Low back pain, unspecified",1,2025-04-25
D0000240,E0000184,P001052,Z23,Encounter for immunization,1,2025-04-25
D0000241,E0000185,P000293,K21.9,Gastro-esophageal reflux disease without esophagitis,1,2025-04-25
D0000242,E0000186,P001056,E11.65,Type 2 diabetes mellitus with hyperglycemia,1,2025-04-25
D0000243,E0000187,P000464,I50.32,Chronic diastolic (congestive) heart failure,1,2025-04-25
D0000244,E0000188,P000276,I50.23,Acute on chronic systolic (congestive) heart failure,1,2025-04-25
D0000245,E0000189,P000265,R10.9,Unspecified abdominal pain,1,2025-04-26
D0000246,E0000190,P000677,A41.9,"Sepsis, unspecified organism",1,2025-04-27
D0000247,E0000191,P000677,A41.9,"Sepsis, unspecified organism",1,2025-04-27
D0000248,E0000192,P000363,J18.9,"Pneumonia, unspecified organism",1,2025-04-27
D0000249,E0000192,P000363,I50.9,"Heart failure, unspecified",0,2025-04-27
D0000250,E0000192,P000363,E78.5,"Hyperlipidemia, unspecified",0,2025-04-27
D0000251,E0000193,P000245,E11.65,Type 2 diabetes mellitus with hyperglycemia,1,2025-04-28
D0000252,E0000194,P000636,Z23,Encounter for immunization,1,2025-04-28
D0000253,E0000195,P000769,J44.9,"Chronic obstructive pulmonary disease, unspecified",1,2025-04-28
D0000254,E0000196,P000751,K92.2,"Gastrointestinal hemorrhage, unspecified",1,2025-04-28
D0000255,E0000197,P001192,E11.9,Type 2 diabetes mellitus without complications,1,2025-04-28
D0000256,E0000198,P000824,I10,Essential (primary) hypertension,1,2025-04-28
D0000257,E0000199,P000751,K92.2,"Gastrointestinal hemorrhage, unspecified",1,2025-04-28
D0000258,E0000200,P000714,Z23,Encounter for immunization,1,2025-04-28
D0000259,E0000201,P001313,J18.9,"Pneumonia, unspecified organism",1,2025-04-28
D0000260,E0000202,P001371,A41.9,"Sepsis, unspecified organism",1,2025-04-28
D0000261,E0000203,P001313,J18.9,"Pneumonia, unspecified organism",1,2025-04-28
D0000262,E0000203,P001313,I10,Essential (primary) hypertension,0,2025-04-28
D0000263,E0000203,P001313,E78.5,"Hyperlipidemia, unspecified",0,2025-04-28
D0000264,E0000204,P001371,A41.9,"Sepsis, unspecified organism",1,2025-04-28
D0000265,E0000204,P001371,I10,Essential (primary) hypertension,0,2025-04-28
D0000266,E0000205,P001129,J06.9,"Acute upper respiratory infection, unspecified",1,2025-04-29
D0000267,E0000206,P000636,Z00.00,Encounter for general adult medical examination without abnormal findings,1,2025-04-29
D0000268,E0000207,P000448,J06.9,"Acute upper respiratory infection, unspecified",1,2025-04-29
D0000269,E0000208,P001394,I10,Essential (primary) hypertension,1,2025-04-29
D0000270,E0000209,P000955,I50.9,"Heart failure, unspecified",1,2025-04-29
D0000271,E0000210,P000451,Z00.00,Encounter for general adult medical examination without abnormal findings,1,2025-04-29
D0000272,E0000211,P000453,J44.9,"Chronic obstructive pulmonary disease, unspecified",1,2025-04-29
D0000273,E0000212,P001222,R07.9,"Chest pain, unspecified",1,2025-04-29
D0000274,E0000213,P001237,I50.32,Chronic diastolic (congestive) heart failure,1,2025-04-29
D0000275,E0000213,P001237,J44.9,"Chronic obstructive pulmonary disease, unspecified",0,2025-04-29
D0000276,E0000214,P000798,Z23,Encounter for immunization,1,2025-04-29
D0000277,E0000215,P001222,R07.9,"Chest pain, unspecified",1,2025-04-29
D0000278,E0000215,P001222,E11.9,Type 2 diabetes mellitus without complications,0,2025-04-29
D0000279,E0000215,P001222,I10,Essential (primary) hypertension,0,2025-04-29
D0000280,E0000216,P000520,J44.9,"Chronic obstructive pulmonary disease, unspecified",1,2025-04-30
D0000281,E0000217,P001310,K92.2,"Gastrointestinal hemorrhage, unspecified",1,2025-04-30
D0000282,E0000218,P001189,N18.9,"Chronic kidney disease, unspecified",1,2025-04-30
D0000283,E0000219,P000148,E78.5,"Hyperlipidemia, unspecified",1,2025-04-30
D0000284,E0000220,P001284,N39.0,"Urinary tract infection, site not specified",1,2025-04-30
D0000285,E0000220,P001284,I50.9,"Heart failure, unspecified",0,2025-04-30
D0000286,E0000220,P001284,N18.9,"Chronic kidney disease, unspecified",0,2025-04-30
D0000287,E0000221,P000437,I10,Essential (primary) hypertension,1,2025-04-30
D0000288,E0000222,P000738,Z00.00,Encounter for general adult medical examination without abnormal findings,1,2025-05-01
D0000289,E0000223,P000868,J18.9,"Pneumonia, unspecified organism",1,2025-05-01
D0000290,E0000224,P001140,Z23,Encounter for immunization,1,2025-05-01
D0000291,E0000225,P000240,N39.0,"Urinary tract infection, site not specified",1,2025-05-01
D0000292,E0000226,P001241,I50.32,Chronic diastolic (congestive) heart failure,1,2025-05-01
D0000293,E0000227,P000698,Z00.00,Encounter for general adult medical examination without abnormal findings,1,2025-05-01
D0000294,E0000228,P001222,R07.9,"Chest pain, unspecified",1,2025-05-01
D0000295,E0000229,P000536,Z00.00,Encounter for general adult medical examination without abnormal findings,1,2025-05-01
D0000296,E0000230,P001182,K21.9,Gastro-esophageal reflux disease without esophagitis,1,2025-05-01
D0000297,E0000231,P000481,I50.32,Chronic diastolic (congestive) heart failure,1,2025-05-02
D0000298,E0000232,P000481,I50.32,Chronic diastolic (congestive) heart failure,1,2025-05-02
D0000299,E0000232,P000481,J44.9,"Chronic obstructive pulmonary disease, unspecified",0,2025-05-02
D0000300,E0000233,P000282,J06.9,"Acute upper respiratory infection, unspecified",1,2025-05-02
D0000301,E0000234,P001273,I50.9,"Heart failure, unspecified",1,2025-05-02
D0000302,E0000234,P001273,J44.9,"Chronic obstructive pulmonary disease, unspecified",0,2025-05-02
D0000303,E0000234,P001273,I10,Essential (primary) hypertension,0,2025-05-02
D0000304,E0000235,P001395,I50.9,"Heart failure, unspecified",1,2025-05-02
D0000305,E0000236,P000763,E78.5,"Hyperlipidemia, unspecified",1,2025-05-02
D0000306,E0000237,P000438,I50.22,Chronic systolic (congestive) heart failure,1,2025-05-02
D0000307,E0000237,P000438,E11.9,Type 2 diabetes mellitus without complications,0,2025-05-02
D0000308,E0000238,P000452,I50.22,Chronic systolic (congestive) heart failure,1,2025-05-02
D0000309,E0000239,P000208,N39.0,"Urinary tract infection, site not specified",1,2025-05-03
D0000310,E0000240,P000208,N39.0,"Urinary tract infection, site not specified",1,2025-05-03
D0000311,E0000240,P000208,E11.9,Type 2 diabetes mellitus without complications,0,2025-05-03
D0000312,E0000240,P000208,I10,Essential (primary) hypertension,0,2025-05-03
D0000313,E0000241,P001013,R07.9,"Chest pain, unspecified",1,2025-05-03
D0000314,E0000242,P000083,I50.9,"Heart failure, unspecified",1,2025-05-03
D0000315,E0000242,P000083,J44.9,"Chronic obstructive pulmonary disease, unspecified",0,2025-05-03
D0000316,E0000242,P000083,I10,Essential (primary) hypertension,0,2025-05-03
D0000317,E0000243,P000830,I21.4,Non-ST elevation (NSTEMI) myocardial infarction,1,2025-05-03
D0000318,E0000244,P000091,T14.90XA,"Injury, unspecified, initial encounter",1,2025-05-04
D0000319,E0000245,P000830,I21.4,Non-ST elevation (NSTEMI) myocardial infarction,1,2025-05-04
D0000320,E0000245,P000830,I50.9,"Heart failure, unspecified",0,2025-05-04
D0000321,E0000245,P000830,I10,Essential (primary) hypertension,0,2025-05-04
D0000322,E0000246,P000766,J45.909,"Unspecified asthma, uncomplicated",1,2025-05-04
D0000323,E0000247,P000981,A41.9,"Sepsis, unspecified organism",1,2025-05-04
D0000324,E0000248,P001129,J44.1,Chronic obstructive pulmonary disease with (acute) exacerbation,1,2025-05-04
D0000325,E0000248,P001129,I50.9,"Heart failure, unspecified",0,2025-05-04
D0000326,E0000248,P001129,E11.9,Type 2 diabetes mellitus without complications,0,2025-05-04
D0000327,E0000249,P000973,M54.50,"Low back pain, unspecified",1,2025-05-05
D0000328,E0000250,P001243,J45.909,"Unspecified asthma, uncomplicated",1,2025-05-05
D0000329,E0000251,P001245,R10.9,Unspecified abdominal pain,1,2025-05-05
D0000330,E0000252,P001084,J18.9,"Pneumonia, unspecified organism",1,2025-05-05
D0000331,E0000253,P000751,K92.2,"Gastrointestinal hemorrhage, unspecified",1,2025-05-05
D0000332,E0000254,P001048,I50.9,"Heart failure, unspecified",1,2025-05-05
D0000333,E0000255,P000425,Z00.00,Encounter for general adult medical examination without abnormal findings,1,2025-05-05
D0000334,E0000256,P001155,I50.9,"Heart failure, unspecified",1,2025-05-05
D0000335,E0000257,P001337,E11.65,Type 2 diabetes mellitus with hyperglycemia,1,2025-05-05
D0000336,E0000258,P000194,Z00.00,Encounter for general adult medical examination without abnormal findings,1,2025-05-05
D0000337,E0000259,P000276,I50.9,"Heart failure, unspecified",1,2025-05-05
D0000338,E0000260,P001105,I50.9,"Heart failure, unspecified",1,2025-05-05
D0000339,E0000260,P001105,I10,Essential (primary) hypertension,0,2025-05-05
D0000340,E0000260,P001105,E78.5,"Hyperlipidemia, unspecified",0,2025-05-05
D0000341,E0000261,P000720,R07.9,"Chest pain, unspecified",1,2025-05-06
D0000342,E0000261,P000720,I10,Essential (primary) hypertension,0,2025-05-06
D0000343,E0000262,P001356,I10,Essential (primary) hypertension,1,2025-05-06
D0000344,E0000263,P001013,R07.9,"Chest pain, unspecified",1,2025-05-06
D0000345,E0000264,P001173,I10,Essential (primary) hypertension,1,2025-05-06
D0000346,E0000265,P000263,M54.50,"Low back pain, unspecified",1,2025-05-06
D0000347,E0000266,P000652,I50.9,"Heart failure, unspecified",1,2025-05-06
D0000348,E0000266,P000652,I10,Essential (primary) hypertension,0,2025-05-06
D0000349,E0000267,P000105,E11.65,Type 2 diabetes mellitus with hyperglycemia,1,2025-05-06
D0000350,E0000268,P000855,J06.9,"Acute upper respiratory infection, unspecified",1,2025-05-06
D0000351,E0000269,P001042,Z23,Encounter for immunization,1,2025-05-06
D0000352,E0000270,P001313,J18.9,"Pneumonia, unspecified organism",1,2025-05-06
D0000353,E0000271,P000164,T14.90XA,"Injury, unspecified, initial encounter",1,2025-05-06
D0000354,E0000272,P000516,I21.4,Non-ST elevation (NSTEMI) myocardial infarction,1,2025-05-06
D0000355,E0000273,P001170,Z00.00,Encounter for general adult medical examination without abnormal findings,1,2025-05-07
D0000356,E0000274,P000684,N18.9,"Chronic kidney disease, unspecified",1,2025-05-07
D0000357,E0000275,P000694,I50.32,Chronic diastolic (congestive) heart failure,1,2025-05-07
D0000358,E0000276,P000966,J45.909,"Unspecified asthma, uncomplicated",1,2025-05-07
D0000359,E0000277,P000103,N18.9,"Chronic kidney disease, unspecified",1,2025-05-07
D0000360,E0000278,P000863,Z23,Encounter for immunization,1,2025-05-07
D0000361,E0000279,P001342,I10,Essential (primary) hypertension,1,2025-05-07
D0000362,E0000280,P000586,R55,Syncope and collapse,1,2025-05-07
D0000363,E0000281,P000959,I48.91,Unspecified atrial fibrillation,1,2025-05-08
D0000364,E0000281,P000959,N18.9,"Chronic kidney disease, unspecified",0,2025-05-08
D0000365,E0000281,P000959,I10,Essential (primary) hypertension,0,2025-05-08
D0000366,E0000282,P001054,N17.9,"Acute kidney failure, unspecified",1,2025-05-08
D0000367,E0000283,P000782,I48.91,Unspecified atrial fibrillation,1,2025-05-08
D0000368,E0000283,P000782,I50.9,"Heart failure, unspecified",0,2025-05-08
D0000369,E0000283,P000782,N18.9,"Chronic kidney disease, unspecified",0,2025-05-08
D0000370,E0000284,P001029,I10,Essential (primary) hypertension,1,2025-05-08
D0000371,E0000285,P001329,J44.9,"Chronic obstructive pulmonary disease, unspecified",1,2025-05-08
D0000372,E0000286,P001300,N39.0,"Urinary tract infection, site not specified",1,2025-05-08
D0000373,E0000287,P001208,M54.50,"Low back pain, unspecified",1,2025-05-08
D0000374,E0000288,P000297,Z23,Encounter for immunization,1,2025-05-08
D0000375,E0000289,P000677,A41.9,"Sepsis, unspecified organism",1,2025-05-08
D0000376,E0000290,P001269,E78.5,"Hyperlipidemia, unspecified",1,2025-05-08
D0000377,E0000291,P001054,N17.9,"Acute kidney failure, unspecified",1,2025-05-08
D0000378,E0000291,P001054,J44.9,"Chronic obstructive pulmonary disease, unspecified",0,2025-05-08
D0000379,E0000292,P000268,M54.50,"Low back pain, unspecified",1,2025-05-08
D0000380,E0000293,P000489,A41.9,"Sepsis, unspecified organism",1,2025-05-08
D0000381,E0000294,P000347,I50.9,"Heart failure, unspecified",1,2025-05-08
D0000382,E0000295,P001374,E78.5,"Hyperlipidemia, unspecified",1,2025-05-08
D0000383,E0000296,P000309,R10.9,Unspecified abdominal pain,1,2025-05-09
D0000384,E0000297,P000505,Z00.00,Encounter for general adult medical examination without abnormal findings,1,2025-05-09
D0000385,E0000298,P001167,Z23,Encounter for immunization,1,2025-05-09
D0000386,E0000299,P000687,N39.0,"Urinary tract infection, site not specified",1,2025-05-09
D0000387,E0000300,P000083,I50.22,Chronic systolic (congestive) heart failure,1,2025-05-09
D0000388,E0000301,P000324,N17.9,"Acute kidney failure, unspecified",1,2025-05-09
D0000389,E0000302,P001040,K21.9,Gastro-esophageal reflux disease without esophagitis,1,2025-05-09
D0000390,E0000303,P000113,E11.9,Type 2 diabetes mellitus without complications,1,2025-05-09
D0000391,E0000304,P000195,N39.0,"Urinary tract infection, site not specified",1,2025-05-09
D0000392,E0000305,P001078,I10,Essential (primary) hypertension,1,2025-05-09
D0000393,E0000306,P001014,R07.9,"Chest pain, unspecified",1,2025-05-09
D0000394,E0000307,P000223,J45.909,"Unspecified asthma, uncomplicated",1,2025-05-11
D0000395,E0000308,P001311,I50.9,"Heart failure, unspecified",1,2025-05-11
D0000396,E0000309,P001311,I50.9,"Heart failure, unspecified",1,2025-05-11
D0000397,E0000310,P001038,I48.91,Unspecified atrial fibrillation,1,2025-05-11
D0000398,E0000311,P000961,J06.9,"Acute upper respiratory infection, unspecified",1,2025-05-11
D0000399,E0000312,P001038,I48.91,Unspecified atrial fibrillation,1,2025-05-11
D0000400,E0000313,P000565,J44.9,"Chronic obstructive pulmonary disease, unspecified",1,2025-05-12
D0000401,E0000314,P000687,Z23,Encounter for immunization,1,2025-05-12
D0000402,E0000315,P000162,I10,Essential (primary) hypertension,1,2025-05-12
D0000403,E0000316,P001129,J44.9,"Chronic obstructive pulmonary disease, unspecified",1,2025-05-12
D0000404,E0000317,P000750,I10,Essential (primary) hypertension,1,2025-05-12
D0000405,E0000318,P000307,I10,Essential (primary) hypertension,1,2025-05-12
D0000406,E0000319,P000741,I10,Essential (primary) hypertension,1,2025-05-13
D0000407,E0000320,P000671,J18.9,"Pneumonia, unspecified organism",1,2025-05-13
D0000408,E0000320,P000671,I10,Essential (primary) hypertension,0,2025-05-13
D0000409,E0000320,P000671,E78.5,"Hyperlipidemia, unspecified",0,2025-05-13
D0000410,E0000321,P000462,I10,Essential (primary) hypertension,1,2025-05-13
D0000411,E0000322,P001284,N39.0,"Urinary tract infection, site not specified",1,2025-05-13
D0000412,E0000323,P000060,I10,Essential (primary) hypertension,1,2025-05-13
D0000413,E0000324,P001209,Z00.00,Encounter for general adult medical examination without abnormal findings,1,2025-05-13
D0000414,E0000325,P000235,N18.9,"Chronic kidney disease, unspecified",1,2025-05-13
D0000415,E0000326,P001323,I10,Essential (primary) hypertension,1,2025-05-13
D0000416,E0000327,P001129,I21.4,Non-ST elevation (NSTEMI) myocardial infarction,1,2025-05-13
D0000417,E0000328,P001129,I21.4,Non-ST elevation (NSTEMI) myocardial infarction,1,2025-05-13
D0000418,E0000328,P001129,J44.9,"Chronic obstructive pulmonary disease, unspecified",0,2025-05-13
D0000419,E0000328,P001129,E11.9,Type 2 diabetes mellitus without complications,0,2025-05-13
D0000420,E0000329,P000109,I50.9,"Heart failure, unspecified",1,2025-05-14
D0000421,E0000330,P000644,J06.9,"Acute upper respiratory infection, unspecified",1,2025-05-14
D0000422,E0000331,P000704,Z00.00,Encounter for general adult medical examination without abnormal findings,1,2025-05-14
D0000423,E0000332,P000313,Z00.00,Encounter for general adult medical examination without abnormal findings,1,2025-05-14
D0000424,E0000333,P000957,N39.0,"Urinary tract infection, site not specified",1,2025-05-14
D0000425,E0000333,P000957,I50.9,"Heart failure, unspecified",0,2025-05-14
D0000426,E0000334,P000624,R07.9,"Chest pain, unspecified",1,2025-05-14
D0000427,E0000334,P000624,J44.9,"Chronic obstructive pulmonary disease, unspecified",0,2025-05-14
D0000428,E0000334,P000624,E11.9,Type 2 diabetes mellitus without complications,0,2025-05-14
D0000429,E0000335,P000235,N17.9,"Acute kidney failure, unspecified",1,2025-05-14
D0000430,E0000335,P000235,J44.9,"Chronic obstructive pulmonary disease, unspecified",0,2025-05-14
D0000431,E0000335,P000235,N18.9,"Chronic kidney disease, unspecified",0,2025-05-14
D0000432,E0000336,P000960,M54.50,"Low back pain, unspecified",1,2025-05-14
D0000433,E0000337,P001053,M54.50,"Low back pain, unspecified",1,2025-05-14
D0000434,E0000337,P001053,E11.9,Type 2 diabetes mellitus without complications,0,2025-05-14
D0000435,E0000338,P000190,R55,Syncope and collapse,1,2025-05-14
D0000436,E0000339,P000190,R55,Syncope and collapse,1,2025-05-14
D0000437,E0000339,P000190,J44.9,"Chronic obstructive pulmonary disease, unspecified",0,2025-05-14
D0000438,E0000339,P000190,I10,Essential (primary) hypertension,0,2025-05-14
D0000439,E0000340,P000905,M54.50,"Low back pain, unspecified",1,2025-05-14
D0000440,E0000340,P000905,E78.5,"Hyperlipidemia, unspecified",0,2025-05-14
D0000441,E0000341,P000839,N39.0,"Urinary tract infection, site not specified",1,2025-05-15
D0000442,E0000342,P000616,I10,Essential (primary) hypertension,1,2025-05-15
D0000443,E0000343,P000687,E11.9,Type 2 diabetes mellitus without complications,1,2025-05-15
D0000444,E0000344,P000419,I50.22,Chronic systolic (congestive) heart failure,1,2025-05-15
D0000445,E0000345,P000921,E11.65,Type 2 diabetes mellitus with hyperglycemia,1,2025-05-15
D0000446,E0000346,P001010,Z23,Encounter for immunization,1,2025-05-15
D0000447,E0000347,P000700,Z00.00,Encounter for general adult medical examination without abnormal findings,1,2025-05-15
D0000448,E0000348,P000167,Z00.00,Encounter for general adult medical examination without abnormal findings,1,2025-05-15
D0000449,E0000349,P000687,E11.9,Type 2 diabetes mellitus without complications,1,2025-05-15
D0000450,E0000350,P000890,N39.0,"Urinary tract infection, site not specified",1,2025-05-15
D0000451,E0000351,P000891,M54.50,"Low back pain, unspecified",1,2025-05-16
D0000452,E0000352,P000344,Z23,Encounter for immunization,1,2025-05-16
D0000453,E0000353,P000782,I48.91,Unspecified atrial fibrillation,1,2025-05-16
D0000454,E0000354,P000657,M54.50,"Low back pain, unspecified",1,2025-05-16
D0000455,E0000355,P001105,K92.2,"Gastrointestinal hemorrhage, unspecified",1,2025-05-18
D0000456,E0000356,P001105,K92.2,"Gastrointestinal hemorrhage, unspecified",1,2025-05-18
D0000457,E0000356,P001105,I50.9,"Heart failure, unspecified",0,2025-05-18
D0000458,E0000356,P001105,I10,Essential (primary) hypertension,0,2025-05-18
D0000459,E0000357,P001284,R10.9,Unspecified abdominal pain,1,2025-05-18
D0000460,E0000358,P000378,Z23,Encounter for immunization,1,2025-05-19
D0000461,E0000359,P001243,I50.9,"Heart failure, unspecified",1,2025-05-19
D0000462,E0000360,P000392,Z23,Encounter for immunization,1,2025-05-19
D0000463,E0000361,P001143,N39.0,"Urinary tract infection, site not specified",1,2025-05-19
D0000464,E0000362,P000658,K21.9,Gastro-esophageal reflux disease without esophagitis,1,2025-05-19
D0000465,E0000363,P001297,E11.65,Type 2 diabetes mellitus with hyperglycemia,1,2025-05-19
D0000466,E0000364,P000710,E78.5,"Hyperlipidemia, unspecified",1,2025-05-19
D0000467,E0000365,P001129,J18.9,"Pneumonia, unspecified organism",1,2025-05-19
D0000468,E0000365,P001129,I50.9,"Heart failure, unspecified",0,2025-05-19
D0000469,E0000365,P001129,J44.9,"Chronic obstructive pulmonary disease, unspecified",0,2025-05-19
D0000470,E0000366,P000679,J06.9,"Acute upper respiratory infection, unspecified",1,2025-05-20
D0000471,E0000367,P000970,I50.9,"Heart failure, unspecified",1,2025-05-20
D0000472,E0000368,P000118,E11.65,Type 2 diabetes mellitus with hyperglycemia,1,2025-05-20
D0000473,E0000369,P000187,N18.9,"Chronic kidney disease, unspecified",1,2025-05-20
D0000474,E0000370,P000573,I10,Essential (primary) hypertension,1,2025-05-20
D0000475,E0000371,P000633,I10,Essential (primary) hypertension,1,2025-05-20
D0000476,E0000372,P000263,J44.1,Chronic obstructive pulmonary disease with (acute) exacerbation,1,2025-05-20
D0000477,E0000373,P000658,Z00.00,Encounter for general adult medical examination without abnormal findings,1,2025-05-20
D0000478,E0000374,P001210,N39.0,"Urinary tract infection, site not specified",1,2025-05-20
D0000479,E0000375,P000263,J44.1,Chronic obstructive pulmonary disease with (acute) exacerbation,1,2025-05-20
D0000480,E0000375,P000263,I10,Essential (primary) hypertension,0,2025-05-20
D0000481,E0000376,P000623,Z00.00,Encounter for general adult medical examination without abnormal findings,1,2025-05-21
D0000482,E0000377,P001185,R07.9,"Chest pain, unspecified",1,2025-05-21
D0000483,E0000378,P000148,N18.9,"Chronic kidney disease, unspecified",1,2025-05-21
D0000484,E0000379,P000379,Z00.00,Encounter for general adult medical examination without abnormal findings,1,2025-05-21
D0000485,E0000380,P000088,I10,Essential (primary) hypertension,1,2025-05-21
D0000486,E0000381,P001049,I10,Essential (primary) hypertension,1,2025-05-21
D0000487,E0000382,P000129,Z00.00,Encounter for general adult medical examination without abnormal findings,1,2025-05-21
D0000488,E0000383,P000313,Z00.00,Encounter for general adult medical examination without abnormal findings,1,2025-05-21
D0000489,E0000384,P001011,I50.9,"Heart failure, unspecified",1,2025-05-21
D0000490,E0000384,P001011,J44.9,"Chronic obstructive pulmonary disease, unspecified",0,2025-05-21
D0000491,E0000384,P001011,I10,Essential (primary) hypertension,0,2025-05-21
D0000492,E0000385,P000455,Z23,Encounter for immunization,1,2025-05-22
D0000493,E0000386,P001060,I50.22,Chronic systolic (congestive) heart failure,1,2025-05-22
D0000494,E0000387,P001038,I48.91,Unspecified atrial fibrillation,1,2025-05-22
D0000495,E0000388,P000616,I50.23,Acute on chronic systolic (congestive) heart failure,1,2025-05-22
D0000496,E0000389,P001254,I50.9,"Heart failure, unspecified",1,2025-05-23
D0000497,E0000390,P000499,J06.9,"Acute upper respiratory infection, unspecified",1,2025-05-23
D0000498,E0000391,P000269,Z23,Encounter for immunization,1,2025-05-23
D0000499,E0000392,P000538,I50.23,Acute on chronic systolic (congestive) heart failure,1,2025-05-23
D0000500,E0000393,P000235,N17.9,"Acute kidney failure, unspecified",1,2025-05-23
D0000501,E0000394,P000538,I50.23,Acute on chronic systolic (congestive) heart failure,1,2025-05-23
D0000502,E0000395,P001227,I50.32,Chronic diastolic (congestive) heart failure,1,2025-05-24
D0000503,E0000396,P001227,I50.32,Chronic diastolic (congestive) heart failure,1,2025-05-24
D0000504,E0000396,P001227,I10,Essential (primary) hypertension,0,2025-05-24
D0000505,E0000397,P000817,J18.9,"Pneumonia, unspecified organism",1,2025-05-24
D0000506,E0000397,P000817,I50.9,"Heart failure, unspecified",0,2025-05-24
D0000507,E0000397,P000817,I10,Essential (primary) hypertension,0,2025-05-24
D0000508,E0000398,P000575,R10.9,Unspecified abdominal pain,1,2025-05-25
D0000509,E0000399,P000501,R55,Syncope and collapse,1,2025-05-25
D0000510,E0000400,P000299,N39.0,"Urinary tract infection, site not specified",1,2025-05-25
D0000511,E0000401,P000886,Z00.00,Encounter for general adult medical examination without abnormal findings,1,2025-05-26
D0000512,E0000402,P001086,J18.9,"Pneumonia, unspecified organism",1,2025-05-26
D0000513,E0000402,P001086,J44.9,"Chronic obstructive pulmonary disease, unspecified",0,2025-05-26
D0000514,E0000402,P001086,I10,Essential (primary) hypertension,0,2025-05-26
D0000515,E0000403,P000342,J06.9,"Acute upper respiratory infection, unspecified",1,2025-05-26
D0000516,E0000404,P001177,Z23,Encounter for immunization,1,2025-05-26
D0000517,E0000405,P000020,Z23,Encounter for immunization,1,2025-05-26
D0000518,E0000406,P000083,J44.9,"Chronic obstructive pulmonary disease, unspecified",1,2025-05-27
D0000519,E0000407,P001038,I48.91,Unspecified atrial fibrillation,1,2025-05-27
D0000520,E0000408,P000670,J06.9,"Acute upper respiratory infection, unspecified",1,2025-05-27
D0000521,E0000409,P000516,I21.4,Non-ST elevation (NSTEMI) myocardial infarction,1,2025-05-27
D0000522,E0000410,P000923,Z00.00,Encounter for general adult medical examination without abnormal findings,1,2025-05-27
D0000523,E0000411,P000443,J44.1,Chronic obstructive pulmonary disease with (acute) exacerbation,1,2025-05-28
D0000524,E0000412,P000443,J44.1,Chronic obstructive pulmonary disease with (acute) exacerbation,1,2025-05-28
D0000525,E0000412,P000443,I50.9,"Heart failure, unspecified",0,2025-05-28
D0000526,E0000413,P001051,I10,Essential (primary) hypertension,1,2025-05-28
D0000527,E0000414,P001054,N17.9,"Acute kidney failure, unspecified",1,2025-05-28
D0000528,E0000415,P000694,I10,Essential (primary) hypertension,1,2025-05-28
D0000529,E0000416,P000197,I10,Essential (primary) hypertension,1,2025-05-28
D0000530,E0000417,P001371,J06.9,"Acute upper respiratory infection, unspecified",1,2025-05-28
D0000531,E0000418,P000093,J44.9,"Chronic obstructive pulmonary disease, unspecified",1,2025-05-29
D0000532,E0000419,P000538,I50.22,Chronic systolic (congestive) heart failure,1,2025-05-29
D0000533,E0000420,P000095,Z00.00,Encounter for general adult medical examination without abnormal findings,1,2025-05-29
D0000534,E0000421,P000164,N18.9,"Chronic kidney disease, unspecified",1,2025-05-29
D0000535,E0000422,P000773,J06.9,"Acute upper respiratory infection, unspecified",1,2025-05-29
D0000536,E0000423,P000920,I50.22,Chronic systolic (congestive) heart failure,1,2025-05-29
D0000537,E0000423,P000920,I10,Essential (primary) hypertension,0,2025-05-29
D0000538,E0000423,P000920,E78.5,"Hyperlipidemia, unspecified",0,2025-05-29
D0000539,E0000424,P000959,I48.91,Unspecified atrial fibrillation,1,2025-05-29
D0000540,E0000425,P000857,I10,Essential (primary) hypertension,1,2025-05-29
D0000541,E0000426,P000812,J44.1,Chronic obstructive pulmonary disease with (acute) exacerbation,1,2025-05-29
D0000542,E0000427,P000297,R10.9,Unspecified abdominal pain,1,2025-05-29
D0000543,E0000428,P000812,J44.1,Chronic obstructive pulmonary disease with (acute) exacerbation,1,2025-05-29
D0000544,E0000428,P000812,I50.9,"Heart failure, unspecified",0,2025-05-29
D0000545,E0000428,P000812,I10,Essential (primary) hypertension,0,2025-05-29
D0000546,E0000429,P000903,I21.4,Non-ST elevation (NSTEMI) myocardial infarction,1,2025-05-30
D0000547,E0000430,P000006,N39.0,"Urinary tract infection, site not specified",1,2025-05-30
D0000548,E0000431,P001038,I48.91,Unspecified atrial fibrillation,1,2025-05-30
D0000549,E0000432,P000289,I10,Essential (primary) hypertension,1,2025-05-30
D0000550,E0000433,P000915,M54.50,"Low back pain, unspecified",1,2025-05-30
D0000551,E0000434,P000263,J44.9,"Chronic obstructive pulmonary disease, unspecified",1,2025-05-30
D0000552,E0000435,P000903,I21.4,Non-ST elevation (NSTEMI) myocardial infarction,1,2025-05-30
D0000553,E0000435,P000903,E11.9,Type 2 diabetes mellitus without complications,0,2025-05-30
D0000554,E0000435,P000903,I10,Essential (primary) hypertension,0,2025-05-30
D0000555,E0000436,P000819,M54.50,"Low back pain, unspecified",1,2025-05-30
D0000556,E0000437,P000286,N18.9,"Chronic kidney disease, unspecified",1,2025-05-30
D0000557,E0000438,P000181,M54.50,"Low back pain, unspecified",1,2025-05-30
D0000558,E0000439,P001298,I10,Essential (primary) hypertension,1,2025-05-30
D0000559,E0000440,P000821,T14.90XA,"Injury, unspecified, initial encounter",1,2025-05-31
D0000560,E0000441,P000135,J44.1,Chronic obstructive pulmonary disease with (acute) exacerbation,1,2025-05-31
D0000561,E0000441,P000135,I10,Essential (primary) hypertension,0,2025-05-31
D0000562,E0000442,P000065,J06.9,"Acute upper respiratory infection, unspecified",1,2025-05-31
D0000563,E0000443,P000419,I50.22,Chronic systolic (congestive) heart failure,1,2025-06-02
D0000564,E0000444,P000593,I10,Essential (primary) hypertension,1,2025-06-02
D0000565,E0000445,P001212,J06.9,"Acute upper respiratory infection, unspecified",1,2025-06-02
D0000566,E0000446,P001363,Z00.00,Encounter for general adult medical examination without abnormal findings,1,2025-06-02
D0000567,E0000447,P000126,M54.50,"Low back pain, unspecified",1,2025-06-02
D0000568,E0000448,P000997,E11.9,Type 2 diabetes mellitus without complications,1,2025-06-02
D0000569,E0000449,P000208,I10,Essential (primary) hypertension,1,2025-06-03
D0000570,E0000450,P001105,I50.9,"Heart failure, unspecified",1,2025-06-03
D0000571,E0000451,P000973,E78.5,"Hyperlipidemia, unspecified",1,2025-06-03
D0000572,E0000452,P000700,E78.5,"Hyperlipidemia, unspecified",1,2025-06-03
D0000573,E0000453,P000666,R10.9,Unspecified abdominal pain,1,2025-06-03
D0000574,E0000454,P001054,J44.9,"Chronic obstructive pulmonary disease, unspecified",1,2025-06-03
D0000575,E0000455,P000347,I50.22,Chronic systolic (congestive) heart failure,1,2025-06-04
D0000576,E0000456,P000443,J44.9,"Chronic obstructive pulmonary disease, unspecified",1,2025-06-04
D0000577,E0000457,P000655,I50.22,Chronic systolic (congestive) heart failure,1,2025-06-04
D0000578,E0000458,P000347,I50.22,Chronic systolic (congestive) heart failure,1,2025-06-04
D0000579,E0000458,P000347,N18.9,"Chronic kidney disease, unspecified",0,2025-06-04
D0000580,E0000459,P000605,Z00.00,Encounter for general adult medical examination without abnormal findings,1,2025-06-04
D0000581,E0000460,P000276,K21.9,Gastro-esophageal reflux disease without esophagitis,1,2025-06-04
D0000582,E0000461,P000568,I50.32,Chronic diastolic (congestive) heart failure,1,2025-06-04
D0000583,E0000462,P000695,R55,Syncope and collapse,1,2025-06-04
D0000584,E0000463,P001011,I50.23,Acute on chronic systolic (congestive) heart failure,1,2025-06-05
D0000585,E0000464,P000344,Z00.00,Encounter for general adult medical examination without abnormal findings,1,2025-06-05
D0000586,E0000465,P001011,I50.23,Acute on chronic systolic (congestive) heart failure,1,2025-06-05
D0000587,E0000465,P001011,J44.9,"Chronic obstructive pulmonary disease, unspecified",0,2025-06-05
D0000588,E0000465,P001011,E11.9,Type 2 diabetes mellitus without complications,0,2025-06-05
D0000589,E0000466,P000127,I10,Essential (primary) hypertension,1,2025-06-05
D0000590,E0000467,P001239,I10,Essential (primary) hypertension,1,2025-06-05
D0000591,E0000468,P000817,J18.9,"Pneumonia, unspecified organism",1,2025-06-05
D0000592,E0000469,P000245,J18.9,"Pneumonia, unspecified organism",1,2025-06-05
D0000593,E0000470,P000920,I50.9,"Heart failure, unspecified",1,2025-06-05
D0000594,E0000471,P001284,I50.9,"Heart failure, unspecified",1,2025-06-05
D0000595,E0000472,P000473,I10,Essential (primary) hypertension,1,2025-06-05
D0000596,E0000473,P000640,Z23,Encounter for immunization,1,2025-06-05
D0000597,E0000474,P000225,M54.50,"Low back pain, unspecified",1,2025-06-05
D0000598,E0000475,P000245,J18.9,"Pneumonia, unspecified organism",1,2025-06-05
D0000599,E0000475,P000245,J44.9,"Chronic obstructive pulmonary disease, unspecified",0,2025-06-05
D0000600,E0000475,P000245,E11.9,Type 2 diabetes mellitus without complications,0,2025-06-05
D0000601,E0000476,P000008,I21.4,Non-ST elevation (NSTEMI) myocardial infarction,1,2025-06-05
D0000602,E0000477,P001383,I50.9,"Heart failure, unspecified",1,2025-06-06
D0000603,E0000478,P001386,Z00.00,Encounter for general adult medical examination without abnormal findings,1,2025-06-06
D0000604,E0000479,P001383,I50.9,"Heart failure, unspecified",1,2025-06-06
D0000605,E0000480,P000135,J44.9,"Chronic obstructive pulmonary disease, unspecified",1,2025-06-06
D0000606,E0000481,P000768,I10,Essential (primary) hypertension,1,2025-06-06
D0000607,E0000482,P000687,I50.32,Chronic diastolic (congestive) heart failure,1,2025-06-06
D0000608,E0000483,P000759,I50.22,Chronic systolic (congestive) heart failure,1,2025-06-06
D0000609,E0000484,P000083,N39.0,"Urinary tract infection, site not specified",1,2025-06-06
D0000610,E0000485,P001268,K21.9,Gastro-esophageal reflux disease without esophagitis,1,2025-06-06
D0000611,E0000486,P000183,J45.909,"Unspecified asthma, uncomplicated",1,2025-06-06
D0000612,E0000487,P000687,I50.32,Chronic diastolic (congestive) heart failure,1,2025-06-06
D0000613,E0000487,P000687,E11.9,Type 2 diabetes mellitus without complications,0,2025-06-06
D0000614,E0000487,P000687,I10,Essential (primary) hypertension,0,2025-06-06
D0000615,E0000488,P000630,J18.9,"Pneumonia, unspecified organism",1,2025-06-08
D0000616,E0000488,P000630,J44.9,"Chronic obstructive pulmonary disease, unspecified",0,2025-06-08
D0000617,E0000488,P000630,I10,Essential (primary) hypertension,0,2025-06-08
D0000618,E0000489,P001245,J18.9,"Pneumonia, unspecified organism",1,2025-06-08
D0000619,E0000490,P001245,J18.9,"Pneumonia, unspecified organism",1,2025-06-08
D0000620,E0000490,P001245,I10,Essential (primary) hypertension,0,2025-06-08
D0000621,E0000491,P000718,I48.91,Unspecified atrial fibrillation,1,2025-06-08
D0000622,E0000491,P000718,I50.9,"Heart failure, unspecified",0,2025-06-08
D0000623,E0000491,P000718,E11.9,Type 2 diabetes mellitus without complications,0,2025-06-08
D0000624,E0000492,P001269,I50.32,Chronic diastolic (congestive) heart failure,1,2025-06-09
D0000625,E0000492,P001269,I10,Essential (primary) hypertension,0,2025-06-09
D0000626,E0000492,P001269,E78.5,"Hyperlipidemia, unspecified",0,2025-06-09
D0000627,E0000493,P000952,Z00.00,Encounter for general adult medical examination without abnormal findings,1,2025-06-09
D0000628,E0000494,P000839,E11.9,Type 2 diabetes mellitus without complications,1,2025-06-09
D0000629,E0000495,P000313,J18.9,"Pneumonia, unspecified organism",1,2025-06-10
D0000630,E0000496,P000801,I50.9,"Heart failure, unspecified",1,2025-06-10
D0000631,E0000497,P000494,J44.9,"Chronic obstructive pulmonary disease, unspecified",1,2025-06-10
D0000632,E0000498,P000364,I10,Essential (primary) hypertension,1,2025-06-10
D0000633,E0000499,P001386,E11.65,Type 2 diabetes mellitus with hyperglycemia,1,2025-06-10
D0000634,E0000499,P001386,I10,Essential (primary) hypertension,0,2025-06-10
D0000635,E0000500,P001164,Z00.00,Encounter for general adult medical examination without abnormal findings,1,2025-06-10
D0000636,E0000501,P000966,M54.50,"Low back pain, unspecified",1,2025-06-10
D0000637,E0000502,P000801,I50.9,"Heart failure, unspecified",1,2025-06-10
D0000638,E0000503,P001303,M54.50,"Low back pain, unspecified",1,2025-06-10
D0000639,E0000504,P000155,E11.9,Type 2 diabetes mellitus without complications,1,2025-06-10
D0000640,E0000505,P001179,J44.9,"Chronic obstructive pulmonary disease, unspecified",1,2025-06-10
D0000641,E0000506,P000040,K92.2,"Gastrointestinal hemorrhage, unspecified",1,2025-06-10
D0000642,E0000507,P001146,Z00.00,Encounter for general adult medical examination without abnormal findings,1,2025-06-10
D0000643,E0000508,P000720,I10,Essential (primary) hypertension,1,2025-06-10
D0000644,E0000509,P000137,J44.1,Chronic obstructive pulmonary disease with (acute) exacerbation,1,2025-06-10
D0000645,E0000510,P000040,K92.2,"Gastrointestinal hemorrhage, unspecified",1,2025-06-10
D0000646,E0000510,P000040,I10,Essential (primary) hypertension,0,2025-06-10
D0000647,E0000511,P000137,J44.1,Chronic obstructive pulmonary disease with (acute) exacerbation,1,2025-06-11
D0000648,E0000511,P000137,I50.9,"Heart failure, unspecified",0,2025-06-11
D0000649,E0000511,P000137,E11.9,Type 2 diabetes mellitus without complications,0,2025-06-11
D0000650,E0000512,P000354,N18.9,"Chronic kidney disease, unspecified",1,2025-06-11
D0000651,E0000513,P001228,Z23,Encounter for immunization,1,2025-06-11
D0000652,E0000514,P000150,Z00.00,Encounter for general adult medical examination without abnormal findings,1,2025-06-11
D0000653,E0000515,P000443,J44.9,"Chronic obstructive pulmonary disease, unspecified",1,2025-06-11
D0000654,E0000516,P000157,Z23,Encounter for immunization,1,2025-06-11
D0000655,E0000517,P000929,I50.9,"Heart failure, unspecified",1,2025-06-11
D0000656,E0000518,P000929,I50.9,"Heart failure, unspecified",1,2025-06-11
D0000657,E0000518,P000929,N18.9,"Chronic kidney disease, unspecified",0,2025-06-11
D0000658,E0000518,P000929,I10,Essential (primary) hypertension,0,2025-06-11
D0000659,E0000519,P000378,T14.90XA,"Injury, unspecified, initial encounter",1,2025-06-11
D0000660,E0000520,P001264,I50.22,Chronic systolic (congestive) heart failure,1,2025-06-12
D0000661,E0000521,P001148,Z23,Encounter for immunization,1,2025-06-12
D0000662,E0000522,P001395,R10.9,Unspecified abdominal pain,1,2025-06-12
D0000663,E0000522,P001395,I50.9,"Heart failure, unspecified",0,2025-06-12
D0000664,E0000523,P001093,J06.9,"Acute upper respiratory infection, unspecified",1,2025-06-12
D0000665,E0000524,P001178,N17.9,"Acute kidney failure, unspecified",1,2025-06-12
D0000666,E0000524,P001178,N18.9,"Chronic kidney disease, unspecified",0,2025-06-12
D0000667,E0000524,P001178,I10,Essential (primary) hypertension,0,2025-06-12
D0000668,E0000525,P000383,Z00.00,Encounter for general adult medical examination without abnormal findings,1,2025-06-12
D0000669,E0000526,P000502,T14.90XA,"Injury, unspecified, initial encounter",1,2025-06-12
D0000670,E0000527,P000782,Z00.00,Encounter for general adult medical examination without abnormal findings,1,2025-06-12
D0000671,E0000528,P001009,Z23,Encounter for immunization,1,2025-06-12
D0000672,E0000529,P000318,Z00.00,Encounter for general adult medical examination without abnormal findings,1,2025-06-12
D0000673,E0000530,P000385,N17.9,"Acute kidney failure, unspecified",1,2025-06-13
D0000674,E0000531,P000656,E11.9,Type 2 diabetes mellitus without complications,1,2025-06-13
D0000675,E0000532,P000385,N17.9,"Acute kidney failure, unspecified",1,2025-06-13
D0000676,E0000532,P000385,I50.9,"Heart failure, unspecified",0,2025-06-13
D0000677,E0000532,P000385,E11.9,Type 2 diabetes mellitus without complications,0,2025-06-13
D0000678,E0000533,P000198,N18.9,"Chronic kidney disease, unspecified",1,2025-06-13
D0000679,E0000534,P000718,I48.91,Unspecified atrial fibrillation,1,2025-06-13
D0000680,E0000535,P001048,R07.9,"Chest pain, unspecified",1,2025-06-13
D0000681,E0000536,P000347,I50.9,"Heart failure, unspecified",1,2025-06-13
D0000682,E0000537,P000180,J06.9,"Acute upper respiratory infection, unspecified",1,2025-06-13
D0000683,E0000538,P001048,R07.9,"Chest pain, unspecified",1,2025-06-13
D0000684,E0000539,P000357,Z00.00,Encounter for general adult medical examination without abnormal findings,1,2025-06-13
D0000685,E0000540,P000559,Z00.00,Encounter for general adult medical examination without abnormal findings,1,2025-06-13
D0000686,E0000541,P001221,I48.91,Unspecified atrial fibrillation,1,2025-06-13
D0000687,E0000541,P001221,I50.9,"Heart failure, unspecified",0,2025-06-13
D0000688,E0000542,P000325,K92.2,"Gastrointestinal hemorrhage, unspecified",1,2025-06-14
D0000689,E0000543,P000686,J06.9,"Acute upper respiratory infection, unspecified",1,2025-06-15
D0000690,E0000544,P001339,I50.23,Acute on chronic systolic (congestive) heart failure,1,2025-06-15
D0000691,E0000544,P001339,E11.9,Type 2 diabetes mellitus without complications,0,2025-06-15
D0000692,E0000545,P000685,Z23,Encounter for immunization,1,2025-06-16
D0000693,E0000546,P001362,E78.5,"Hyperlipidemia, unspecified",1,2025-06-16
D0000694,E0000547,P001378,Z23,Encounter for immunization,1,2025-06-16
D0000695,E0000548,P001379,J44.9,"Chronic obstructive pulmonary disease, unspecified",1,2025-06-16
D0000696,E0000549,P001086,J18.9,"Pneumonia, unspecified organism",1,2025-06-16
D0000697,E0000550,P000218,Z23,Encounter for immunization,1,2025-06-16
D0000698,E0000551,P000971,J06.9,"Acute upper respiratory infection, unspecified",1,2025-06-16
D0000699,E0000552,P000047,I10,Essential (primary) hypertension,1,2025-06-17
D0000700,E0000553,P000807,E11.65,Type 2 diabetes mellitus with hyperglycemia,1,2025-06-17
D0000701,E0000554,P001383,I50.22,Chronic systolic (congestive) heart failure,1,2025-06-17
D0000702,E0000555,P000461,I10,Essential (primary) hypertension,1,2025-06-17
D0000703,E0000556,P000530,I50.9,"Heart failure, unspecified",1,2025-06-17
D0000704,E0000557,P001035,I10,Essential (primary) hypertension,1,2025-06-17
D0000705,E0000558,P000481,I50.22,Chronic systolic (congestive) heart failure,1,2025-06-17
D0000706,E0000559,P000481,I50.22,Chronic systolic (congestive) heart failure,1,2025-06-17
D0000707,E0000559,P000481,J44.9,"Chronic obstructive pulmonary disease, unspecified",0,2025-06-17
D0000708,E0000559,P000481,I10,Essential (primary) hypertension,0,2025-06-17
D0000709,E0000560,P001234,I10,Essential (primary) hypertension,1,2025-06-18
D0000710,E0000561,P000679,J44.9,"Chronic obstructive pulmonary disease, unspecified",1,2025-06-18
D0000711,E0000562,P000325,K92.2,"Gastrointestinal hemorrhage, unspecified",1,2025-06-18
D0000712,E0000563,P001071,I10,Essential (primary) hypertension,1,2025-06-18
D0000713,E0000564,P000846,J06.9,"Acute upper respiratory infection, unspecified",1,2025-06-18
D0000714,E0000565,P000036,M54.50,"Low back pain, unspecified",1,2025-06-18
D0000715,E0000566,P001243,Z00.00,Encounter for general adult medical examination without abnormal findings,1,2025-06-18
D0000716,E0000567,P000428,I48.91,Unspecified atrial fibrillation,1,2025-06-18
D0000717,E0000567,P000428,I50.9,"Heart failure, unspecified",0,2025-06-18
D0000718,E0000567,P000428,I10,Essential (primary) hypertension,0,2025-06-18
D0000719,E0000568,P000398,I10,Essential (primary) hypertension,1,2025-06-18
D0000720,E0000569,P000218,R07.9,"Chest pain, unspecified",1,2025-06-18
D0000721,E0000569,P000218,N18.9,"Chronic kidney disease, unspecified",0,2025-06-18
D0000722,E0000570,P000315,R07.9,"Chest pain, unspecified",1,2025-06-18
D0000723,E0000571,P000217,Z00.00,Encounter for general adult medical examination without abnormal findings,1,2025-06-19
D0000724,E0000572,P001086,J44.9,"Chronic obstructive pulmonary disease, unspecified",1,2025-06-19
D0000725,E0000573,P001221,I48.91,Unspecified atrial fibrillation,1,2025-06-19
D0000726,E0000574,P000051,I50.9,"Heart failure, unspecified",1,2025-06-19
D0000727,E0000575,P001133,Z00.00,Encounter for general adult medical examination without abnormal findings,1,2025-06-19
D0000728,E0000576,P000632,I50.22,Chronic systolic (congestive) heart failure,1,2025-06-19
D0000729,E0000577,P001060,N39.0,"Urinary tract infection, site not specified",1,2025-06-19
D0000730,E0000578,P000915,J45.909,"Unspecified asthma, uncomplicated",1,2025-06-19
D0000731,E0000579,P001060,N39.0,"Urinary tract infection, site not specified",1,2025-06-19
D0000732,E0000579,P001060,I10,Essential (primary) hypertension,0,2025-06-19
D0000733,E0000580,P001302,N39.0,"Urinary tract infection, site not specified",1,2025-06-19
D0000734,E0000581,P000632,I50.22,Chronic systolic (congestive) heart failure,1,2025-06-19
D0000735,E0000582,P001244,R07.9,"Chest pain, unspecified",1,2025-06-19
D0000736,E0000583,P000703,J45.909,"Unspecified asthma, uncomplicated",1,2025-06-19
D0000737,E0000584,P001302,N39.0,"Urinary tract infection, site not specified",1,2025-06-19
D0000738,E0000585,P001120,I21.4,Non-ST elevation (NSTEMI) myocardial infarction,1,2025-06-20
D0000739,E0000586,P000392,E11.9,Type 2 diabetes mellitus without complications,1,2025-06-20
D0000740,E0000587,P000225,Z00.00,Encounter for general adult medical examination without abnormal findings,1,2025-06-20
D0000741,E0000588,P000385,N17.9,"Acute kidney failure, unspecified",1,2025-06-20
D0000742,E0000589,P001069,J45.909,"Unspecified asthma, uncomplicated",1,2025-06-20
D0000743,E0000590,P001228,Z23,Encounter for immunization,1,2025-06-20
D0000744,E0000591,P000137,J44.9,"Chronic obstructive pulmonary disease, unspecified",1,2025-06-20
D0000745,E0000592,P001120,I21.4,Non-ST elevation (NSTEMI) myocardial infarction,1,2025-06-20
D0000746,E0000592,P001120,E11.9,Type 2 diabetes mellitus without complications,0,2025-06-20
D0000747,E0000592,P001120,N18.9,"Chronic kidney disease, unspecified",0,2025-06-20
D0000748,E0000593,P001267,R10.9,Unspecified abdominal pain,1,2025-06-20
D0000749,E0000594,P000832,I50.9,"Heart failure, unspecified",1,2025-06-20
D0000750,E0000595,P000721,R07.9,"Chest pain, unspecified",1,2025-06-20
D0000751,E0000596,P000480,J44.1,Chronic obstructive pulmonary disease with (acute) exacerbation,1,2025-06-21
D0000752,E0000596,P000480,I50.9,"Heart failure, unspecified",0,2025-06-21
D0000753,E0000596,P000480,I10,Essential (primary) hypertension,0,2025-06-21
D0000754,E0000597,P001243,R07.9,"Chest pain, unspecified",1,2025-06-21
D0000755,E0000598,P001243,R07.9,"Chest pain, unspecified",1,2025-06-21
D0000756,E0000598,P001243,I50.9,"Heart failure, unspecified",0,2025-06-21
D0000757,E0000598,P001243,N18.9,"Chronic kidney disease, unspecified",0,2025-06-21
D0000758,E0000599,P001109,M54.50,"Low back pain, unspecified",1,2025-06-21
D0000759,E0000599,P001109,J44.9,"Chronic obstructive pulmonary disease, unspecified",0,2025-06-21
D0000760,E0000600,P000612,J18.9,"Pneumonia, unspecified organism",1,2025-06-22
D0000761,E0000600,P000612,I50.9,"Heart failure, unspecified",0,2025-06-22
D0000762,E0000601,P001099,J06.9,"Acute upper respiratory infection, unspecified",1,2025-06-23
D0000763,E0000602,P000527,Z00.00,Encounter for general adult medical examination without abnormal findings,1,2025-06-23
D0000764,E0000603,P000782,J45.909,"Unspecified asthma, uncomplicated",1,2025-06-23
D0000765,E0000604,P001169,I10,Essential (primary) hypertension,1,2025-06-23
D0000766,E0000605,P000641,E78.5,"Hyperlipidemia, unspecified",1,2025-06-23
D0000767,E0000606,P000135,R10.9,Unspecified abdominal pain,1,2025-06-23
D0000768,E0000607,P000213,I10,Essential (primary) hypertension,1,2025-06-23
D0000769,E0000608,P000410,I10,Essential (primary) hypertension,1,2025-06-23
D0000770,E0000609,P000296,M54.50,"Low back pain, unspecified",1,2025-06-23
D0000771,E0000610,P001004,J44.9,"Chronic obstructive pulmonary disease, unspecified",1,2025-06-23
D0000772,E0000611,P000979,R07.9,"Chest pain, unspecified",1,2025-06-24
D0000773,E0000611,P000979,N18.9,"Chronic kidney disease, unspecified",0,2025-06-24
D0000774,E0000611,P000979,I10,Essential (primary) hypertension,0,2025-06-24
D0000775,E0000612,P000883,J44.9,"Chronic obstructive pulmonary disease, unspecified",1,2025-06-24
D0000776,E0000613,P000644,M54.50,"Low back pain, unspecified",1,2025-06-24
D0000777,E0000614,P000059,N39.0,"Urinary tract infection, site not specified",1,2025-06-24
D0000778,E0000615,P000941,Z23,Encounter for immunization,1,2025-06-24
D0000779,E0000616,P000371,R07.9,"Chest pain, unspecified",1,2025-06-24
D0000780,E0000617,P001082,Z00.00,Encounter for general adult medical examination without abnormal findings,1,2025-06-24
D0000781,E0000618,P001157,J06.9,"Acute upper respiratory infection, unspecified",1,2025-06-24
D0000782,E0000619,P000059,N39.0,"Urinary tract infection, site not specified",1,2025-06-24
D0000783,E0000620,P000946,J18.9,"Pneumonia, unspecified organism",1,2025-06-24
D0000784,E0000620,P000946,N18.9,"Chronic kidney disease, unspecified",0,2025-06-24
D0000785,E0000621,P000738,Z23,Encounter for immunization,1,2025-06-25
D0000786,E0000622,P001102,Z00.00,Encounter for general adult medical examination without abnormal findings,1,2025-06-25
D0000787,E0000623,P000111,Z00.00,Encounter for general adult medical examination without abnormal findings,1,2025-06-25
D0000788,E0000624,P000186,K21.9,Gastro-esophageal reflux disease without esophagitis,1,2025-06-25
D0000789,E0000625,P000245,J18.9,"Pneumonia, unspecified organism",1,2025-06-25
D0000790,E0000626,P000626,J44.9,"Chronic obstructive pulmonary disease, unspecified",1,2025-06-26
D0000791,E0000627,P000632,I50.9,"Heart failure, unspecified",1,2025-06-26
D0000792,E0000628,P000630,J18.9,"Pneumonia, unspecified organism",1,2025-06-26
D0000793,E0000628,P000630,J44.9,"Chronic obstructive pulmonary disease, unspecified",0,2025-06-26
D0000794,E0000628,P000630,I10,Essential (primary) hypertension,0,2025-06-26
D0000795,E0000629,P000929,I50.9,"Heart failure, unspecified",1,2025-06-26
D0000796,E0000630,P000269,J06.9,"Acute upper respiratory infection, unspecified",1,2025-06-26
D0000797,E0000631,P000775,J06.9,"Acute upper respiratory infection, unspecified",1,2025-06-26
D0000798,E0000632,P000508,I10,Essential (primary) hypertension,1,2025-06-26
D0000799,E0000633,P000957,E11.9,Type 2 diabetes mellitus without complications,1,2025-06-26
D0000800,E0000634,P001234,I21.4,Non-ST elevation (NSTEMI) myocardial infarction,1,2025-06-26
D0000801,E0000635,P001234,I21.4,Non-ST elevation (NSTEMI) myocardial infarction,1,2025-06-26
D0000802,E0000635,P001234,I10,Essential (primary) hypertension,0,2025-06-26
D0000803,E0000636,P001212,I10,Essential (primary) hypertension,1,2025-06-27
D0000804,E0000637,P000036,J44.9,"Chronic obstructive pulmonary disease, unspecified",1,2025-06-27
D0000805,E0000638,P000754,J06.9,"Acute upper respiratory infection, unspecified",1,2025-06-27
D0000806,E0000639,P001159,I10,Essential (primary) hypertension,1,2025-06-27
D0000807,E0000640,P000137,J18.9,"Pneumonia, unspecified organism",1,2025-06-27
D0000808,E0000641,P000123,I10,Essential (primary) hypertension,1,2025-06-27
D0000809,E0000642,P000137,J18.9,"Pneumonia, unspecified organism",1,2025-06-27
D0000810,E0000642,P000137,I50.9,"Heart failure, unspecified",0,2025-06-27
D0000811,E0000642,P000137,J44.9,"Chronic obstructive pulmonary disease, unspecified",0,2025-06-27
D0000812,E0000643,P000314,A41.9,"Sepsis, unspecified organism",1,2025-06-27
D0000813,E0000644,P000314,A41.9,"Sepsis, unspecified organism",1,2025-06-28
D0000814,E0000644,P000314,E11.9,Type 2 diabetes mellitus without complications,0,2025-06-28
D0000815,E0000644,P000314,I10,Essential (primary) hypertension,0,2025-06-28
D0000816,E0000645,P000686,T14.90XA,"Injury, unspecified, initial encounter",1,2025-06-28
D0000817,E0000646,P001186,N39.0,"Urinary tract infection, site not specified",1,2025-06-28
D0000818,E0000646,P001186,I10,Essential (primary) hypertension,0,2025-06-28
D0000819,E0000646,P001186,E78.5,"Hyperlipidemia, unspecified",0,2025-06-28
D0000820,E0000647,P001327,R10.9,Unspecified abdominal pain,1,2025-06-28
D0000821,E0000648,P000507,R10.9,Unspecified abdominal pain,1,2025-06-29
D0000822,E0000649,P000834,I50.32,Chronic diastolic (congestive) heart failure,1,2025-06-29
D0000823,E0000650,P000834,I50.32,Chronic diastolic (congestive) heart failure,1,2025-06-29
D0000824,E0000650,P000834,I10,Essential (primary) hypertension,0,2025-06-29
D0000825,E0000651,P001211,E11.9,Type 2 diabetes mellitus without complications,1,2025-06-30
D0000826,E0000651,P001211,I10,Essential (primary) hypertension,0,2025-06-30
D0000827,E0000652,P000766,R07.9,"Chest pain, unspecified",1,2025-06-30
D0000828,E0000653,P000658,I50.23,Acute on chronic systolic (congestive) heart failure,1,2025-07-01
D0000829,E0000653,P000658,N18.9,"Chronic kidney disease, unspecified",0,2025-07-01
D0000830,E0000653,P000658,I10,Essential (primary) hypertension,0,2025-07-01
D0000831,E0000654,P000630,J18.9,"Pneumonia, unspecified organism",1,2025-07-01
D0000832,E0000655,P000088,N39.0,"Urinary tract infection, site not specified",1,2025-07-01
D0000833,E0000656,P000136,I50.9,"Heart failure, unspecified",1,2025-07-01
D0000834,E0000657,P000433,J06.9,"Acute upper respiratory infection, unspecified",1,2025-07-01
D0000835,E0000658,P000541,J44.9,"Chronic obstructive pulmonary disease, unspecified",1,2025-07-01
D0000836,E0000659,P001176,R07.9,"Chest pain, unspecified",1,2025-07-01
D0000837,E0000660,P001176,R07.9,"Chest pain, unspecified",1,2025-07-01
D0000838,E0000660,P001176,I10,Essential (primary) hypertension,0,2025-07-01
D0000839,E0000661,P000184,R07.9,"Chest pain, unspecified",1,2025-07-02
D0000840,E0000662,P000846,Z23,Encounter for immunization,1,2025-07-02
D0000841,E0000663,P000059,N39.0,"Urinary tract infection, site not specified",1,2025-07-02
D0000842,E0000664,P001384,N39.0,"Urinary tract infection, site not specified",1,2025-07-02
D0000843,E0000664,P001384,I10,Essential (primary) hypertension,0,2025-07-02
D0000844,E0000665,P000946,J18.9,"Pneumonia, unspecified organism",1,2025-07-02
D0000845,E0000666,P000731,I10,Essential (primary) hypertension,1,2025-07-02
D0000846,E0000667,P000040,K92.2,"Gastrointestinal hemorrhage, unspecified",1,2025-07-02
D0000847,E0000668,P000881,M54.50,"Low back pain, unspecified",1,2025-07-02
D0000848,E0000669,P000699,Z23,Encounter for immunization,1,2025-07-02
D0000849,E0000670,P000721,R10.9,Unspecified abdominal pain,1,2025-07-03
D0000850,E0000671,P001048,R07.9,"Chest pain, unspecified",1,2025-07-03
D0000851,E0000672,P001020,I50.32,Chronic diastolic (congestive) heart failure,1,2025-07-03
D0000852,E0000673,P001234,Z23,Encounter for immunization,1,2025-07-03
D0000853,E0000674,P000113,M54.50,"Low back pain, unspecified",1,2025-07-03
D0000854,E0000675,P000363,I10,Essential (primary) hypertension,1,2025-07-03
D0000855,E0000676,P001129,J44.9,"Chronic obstructive pulmonary disease, unspecified",1,2025-07-03
D0000856,E0000677,P000230,E78.5,"Hyperlipidemia, unspecified",1,2025-07-03
D0000857,E0000678,P000072,M54.50,"Low back pain, unspecified",1,2025-07-03
D0000858,E0000679,P000779,J06.9,"Acute upper respiratory infection, unspecified",1,2025-07-03
D0000859,E0000680,P001109,N17.9,"Acute kidney failure, unspecified",1,2025-07-03
D0000860,E0000681,P001109,N17.9,"Acute kidney failure, unspecified",1,2025-07-03
D0000861,E0000682,P001234,I21.4,Non-ST elevation (NSTEMI) myocardial infarction,1,2025-07-04
D0000862,E0000683,P001165,I10,Essential (primary) hypertension,1,2025-07-04
D0000863,E0000684,P001002,Z23,Encounter for immunization,1,2025-07-04
D0000864,E0000685,P001243,R07.9,"Chest pain, unspecified",1,2025-07-04
D0000865,E0000686,P000714,I50.23,Acute on chronic systolic (congestive) heart failure,1,2025-07-04
D0000866,E0000687,P001186,N39.0,"Urinary tract infection, site not specified",1,2025-07-04
D0000867,E0000688,P001318,R10.9,Unspecified abdominal pain,1,2025-07-04
D0000868,E0000689,P001157,J44.1,Chronic obstructive pulmonary disease with (acute) exacerbation,1,2025-07-05
D0000869,E0000690,P001157,J44.1,Chronic obstructive pulmonary disease with (acute) exacerbation,1,2025-07-06
D0000870,E0000691,P000297,N39.0,"Urinary tract infection, site not specified",1,2025-07-06
D0000871,E0000691,P000297,I10,Essential (primary) hypertension,0,2025-07-06
D0000872,E0000692,P001050,T14.90XA,"Injury, unspecified, initial encounter",1,2025-07-07
D0000873,E0000693,P001107,I10,Essential (primary) hypertension,1,2025-07-07
D0000874,E0000694,P000688,I10,Essential (primary) hypertension,1,2025-07-07
D0000875,E0000695,P001137,Z23,Encounter for immunization,1,2025-07-07
D0000876,E0000696,P000753,Z00.00,Encounter for general adult medical examination without abnormal findings,1,2025-07-07
D0000877,E0000697,P001278,Z00.00,Encounter for general adult medical examination without abnormal findings,1,2025-07-08
D0000878,E0000698,P001240,Z00.00,Encounter for general adult medical examination without abnormal findings,1,2025-07-08
D0000879,E0000699,P000891,Z23,Encounter for immunization,1,2025-07-08
D0000880,E0000700,P000159,N39.0,"Urinary tract infection, site not specified",1,2025-07-08
D0000881,E0000701,P000643,J44.1,Chronic obstructive pulmonary disease with (acute) exacerbation,1,2025-07-08
D0000882,E0000701,P000643,N18.9,"Chronic kidney disease, unspecified",0,2025-07-08
D0000883,E0000702,P000264,J18.9,"Pneumonia, unspecified organism",1,2025-07-08
D0000884,E0000702,P000264,I50.9,"Heart failure, unspecified",0,2025-07-08
D0000885,E0000702,P000264,E78.5,"Hyperlipidemia, unspecified",0,2025-07-08
D0000886,E0000703,P000325,R10.9,Unspecified abdominal pain,1,2025-07-09
D0000887,E0000704,P000112,E11.65,Type 2 diabetes mellitus with hyperglycemia,1,2025-07-09
D0000888,E0000705,P001178,N17.9,"Acute kidney failure, unspecified",1,2025-07-09
D0000889,E0000706,P000434,I50.9,"Heart failure, unspecified",1,2025-07-09
D0000890,E0000707,P000023,M54.50,"Low back pain, unspecified",1,2025-07-09
D0000891,E0000708,P000575,Z00.00,Encounter for general adult medical examination without abnormal findings,1,2025-07-09
D0000892,E0000709,P000834,I50.22,Chronic systolic (congestive) heart failure,1,2025-07-09
D0000893,E0000710,P000165,N39.0,"Urinary tract infection, site not specified",1,2025-07-09
D0000894,E0000711,P000563,I50.22,Chronic systolic (congestive) heart failure,1,2025-07-09
D0000895,E0000712,P000434,I50.9,"Heart failure, unspecified",1,2025-07-09
D0000896,E0000712,P000434,J44.9,"Chronic obstructive pulmonary disease, unspecified",0,2025-07-09
D0000897,E0000712,P000434,I10,Essential (primary) hypertension,0,2025-07-09
D0000898,E0000713,P000448,Z00.00,Encounter for general adult medical examination without abnormal findings,1,2025-07-10
D0000899,E0000714,P001021,I50.22,Chronic systolic (congestive) heart failure,1,2025-07-10
D0000900,E0000715,P000550,J45.909,"Unspecified asthma, uncomplicated",1,2025-07-10
D0000901,E0000716,P001383,J45.909,"Unspecified asthma, uncomplicated",1,2025-07-10
D0000902,E0000717,P001272,J06.9,"Acute upper respiratory infection, unspecified",1,2025-07-10
D0000903,E0000718,P000022,I50.9,"Heart failure, unspecified",1,2025-07-10
D0000904,E0000719,P000820,M54.50,"Low back pain, unspecified",1,2025-07-11
D0000905,E0000720,P000411,E11.9,Type 2 diabetes mellitus without complications,1,2025-07-11
D0000906,E0000721,P000744,I10,Essential (primary) hypertension,1,2025-07-11
D0000907,E0000722,P000883,J44.9,"Chronic obstructive pulmonary disease, unspecified",1,2025-07-11
D0000908,E0000723,P000784,Z00.00,Encounter for general adult medical examination without abnormal findings,1,2025-07-11
D0000909,E0000724,P000364,Z23,Encounter for immunization,1,2025-07-11
D0000910,E0000725,P000483,M54.50,"Low back pain, unspecified",1,2025-07-11
D0000911,E0000726,P000027,I21.4,Non-ST elevation (NSTEMI) myocardial infarction,1,2025-07-11
D0000912,E0000726,P000027,E11.9,Type 2 diabetes mellitus without complications,0,2025-07-11
D0000913,E0000726,P000027,I10,Essential (primary) hypertension,0,2025-07-11
D0000914,E0000727,P001115,J44.1,Chronic obstructive pulmonary disease with (acute) exacerbation,1,2025-07-11
D0000915,E0000727,P001115,E11.9,Type 2 diabetes mellitus without complications,0,2025-07-11
D0000916,E0000727,P001115,I10,Essential (primary) hypertension,0,2025-07-11
D0000917,E0000728,P000190,J44.1,Chronic obstructive pulmonary disease with (acute) exacerbation,1,2025-07-12
D0000918,E0000729,P000148,I50.22,Chronic systolic (congestive) heart failure,1,2025-07-12
D0000919,E0000729,P000148,N18.9,"Chronic kidney disease, unspecified",0,2025-07-12
D0000920,E0000729,P000148,I10,Essential (primary) hypertension,0,2025-07-12
D0000921,E0000730,P000840,N39.0,"Urinary tract infection, site not specified",1,2025-07-12
D0000922,E0000731,P000568,J44.1,Chronic obstructive pulmonary disease with (acute) exacerbation,1,2025-07-12
D0000923,E0000732,P000836,R55,Syncope and collapse,1,2025-07-13
D0000924,E0000733,P000144,N17.9,"Acute kidney failure, unspecified",1,2025-07-13
D0000925,E0000733,P000144,I10,Essential (primary) hypertension,0,2025-07-13
D0000926,E0000734,P001357,J44.1,Chronic obstructive pulmonary disease with (acute) exacerbation,1,2025-07-13
D0000927,E0000735,P001295,I50.22,Chronic systolic (congestive) heart failure,1,2025-07-14
D0000928,E0000736,P000703,Z23,Encounter for immunization,1,2025-07-14
D0000929,E0000737,P000039,J06.9,"Acute upper respiratory infection, unspecified",1,2025-07-14
D0000930,E0000738,P001116,N39.0,"Urinary tract infection, site not specified",1,2025-07-14
D0000931,E0000739,P001317,J44.9,"Chronic obstructive pulmonary disease, unspecified",1,2025-07-14
D0000932,E0000740,P000564,I10,Essential (primary) hypertension,1,2025-07-14
D0000933,E0000741,P001272,N39.0,"Urinary tract infection, site not specified",1,2025-07-14
D0000934,E0000741,P001272,I10,Essential (primary) hypertension,0,2025-07-14
D0000935,E0000742,P001176,R07.9,"Chest pain, unspecified",1,2025-07-14
D0000936,E0000743,P000314,E11.9,Type 2 diabetes mellitus without complications,1,2025-07-14
D0000937,E0000744,P000112,J18.9,"Pneumonia, unspecified organism",1,2025-07-14
D0000938,E0000744,P000112,I10,Essential (primary) hypertension,0,2025-07-14
D0000939,E0000745,P000240,N39.0,"Urinary tract infection, site not specified",1,2025-07-14
D0000940,E0000746,P000167,Z00.00,Encounter for general adult medical examination without abnormal findings,1,2025-07-15
D0000941,E0000747,P000671,Z00.00,Encounter for general adult medical examination without abnormal findings,1,2025-07-15
D0000942,E0000748,P000462,I10,Essential (primary) hypertension,1,2025-07-15
D0000943,E0000749,P000643,J44.1,Chronic obstructive pulmonary disease with (acute) exacerbation,1,2025-07-15
D0000944,E0000750,P001238,Z00.00,Encounter for general adult medical examination without abnormal findings,1,2025-07-15
D0000945,E0000751,P000480,J44.9,"Chronic obstructive pulmonary disease, unspecified",1,2025-07-15
D0000946,E0000752,P000702,J06.9,"Acute upper respiratory infection, unspecified",1,2025-07-15
D0000947,E0000753,P001007,I10,Essential (primary) hypertension,1,2025-07-15
D0000948,E0000754,P000598,E11.65,Type 2 diabetes mellitus with hyperglycemia,1,2025-07-15
D0000949,E0000755,P000543,M54.50,"Low back pain, unspecified",1,2025-07-15
D0000950,E0000756,P001003,I50.32,Chronic diastolic (congestive) heart failure,1,2025-07-15
D0000951,E0000757,P000998,K21.9,Gastro-esophageal reflux disease without esophagitis,1,2025-07-16
D0000952,E0000758,P001254,I50.22,Chronic systolic (congestive) heart failure,1,2025-07-16
D0000953,E0000759,P001326,J45.909,"Unspecified asthma, uncomplicated",1,2025-07-16
D0000954,E0000760,P001081,I10,Essential (primary) hypertension,1,2025-07-16
D0000955,E0000761,P000844,N18.9,"Chronic kidney disease, unspecified",1,2025-07-16
D0000956,E0000762,P001112,Z00.00,Encounter for general adult medical examination without abnormal findings,1,2025-07-16
D0000957,E0000763,P000630,R55,Syncope and collapse,1,2025-07-17
D0000958,E0000764,P000386,I10,Essential (primary) hypertension,1,2025-07-17
D0000959,E0000765,P001044,E78.5,"Hyperlipidemia, unspecified",1,2025-07-17
D0000960,E0000766,P001349,I50.22,Chronic systolic (congestive) heart failure,1,2025-07-17
D0000961,E0000767,P000714,I50.32,Chronic diastolic (congestive) heart failure,1,2025-07-17
D0000962,E0000768,P000176,E11.9,Type 2 diabetes mellitus without complications,1,2025-07-17
D0000963,E0000769,P001349,I50.22,Chronic systolic (congestive) heart failure,1,2025-07-17
D0000964,E0000769,P001349,E11.9,Type 2 diabetes mellitus without complications,0,2025-07-17
D0000965,E0000769,P001349,I10,Essential (primary) hypertension,0,2025-07-17
D0000966,E0000770,P000435,E11.9,Type 2 diabetes mellitus without complications,1,2025-07-17
D0000967,E0000771,P000020,N18.9,"Chronic kidney disease, unspecified",1,2025-07-17
D0000968,E0000772,P000298,M54.50,"Low back pain, unspecified",1,2025-07-17
D0000969,E0000773,P000347,I50.22,Chronic systolic (congestive) heart failure,1,2025-07-17
D0000970,E0000774,P000714,I50.32,Chronic diastolic (congestive) heart failure,1,2025-07-17
D0000971,E0000775,P000105,N39.0,"Urinary tract infection, site not specified",1,2025-07-17
D0000972,E0000776,P000478,M54.50,"Low back pain, unspecified",1,2025-07-18
D0000973,E0000777,P000561,R10.9,Unspecified abdominal pain,1,2025-07-18
D0000974,E0000778,P000130,I50.22,Chronic systolic (congestive) heart failure,1,2025-07-18
D0000975,E0000779,P000480,M54.50,"Low back pain, unspecified",1,2025-07-18
D0000976,E0000780,P000591,Z23,Encounter for immunization,1,2025-07-18
D0000977,E0000781,P000654,I50.23,Acute on chronic systolic (congestive) heart failure,1,2025-07-18
D0000978,E0000782,P000765,I50.23,Acute on chronic systolic (congestive) heart failure,1,2025-07-19
D0000979,E0000783,P000765,I50.23,Acute on chronic systolic (congestive) heart failure,1,2025-07-19
D0000980,E0000783,P000765,E11.9,Type 2 diabetes mellitus without complications,0,2025-07-19
D0000981,E0000784,P000345,I50.23,Acute on chronic systolic (congestive) heart failure,1,2025-07-19
D0000982,E0000785,P001273,J44.1,Chronic obstructive pulmonary disease with (acute) exacerbation,1,2025-07-19
D0000983,E0000786,P000345,I50.23,Acute on chronic systolic (congestive) heart failure,1,2025-07-19
D0000984,E0000787,P001273,J44.1,Chronic obstructive pulmonary disease with (acute) exacerbation,1,2025-07-19
D0000985,E0000787,P001273,I50.9,"Heart failure, unspecified",0,2025-07-19
D0000986,E0000788,P000481,A41.9,"Sepsis, unspecified organism",1,2025-07-20
D0000987,E0000788,P000481,I50.9,"Heart failure, unspecified",0,2025-07-20
D0000988,E0000788,P000481,E78.5,"Hyperlipidemia, unspecified",0,2025-07-20
D0000989,E0000789,P001021,A41.9,"Sepsis, unspecified organism",1,2025-07-20
D0000990,E0000790,P001021,A41.9,"Sepsis, unspecified organism",1,2025-07-20
D0000991,E0000790,P001021,I50.9,"Heart failure, unspecified",0,2025-07-20
D0000992,E0000791,P001200,N39.0,"Urinary tract infection, site not specified",1,2025-07-21
D0000993,E0000792,P000855,I21.4,Non-ST elevation (NSTEMI) myocardial infarction,1,2025-07-21
D0000994,E0000793,P000234,E11.9,Type 2 diabetes mellitus without complications,1,2025-07-21
D0000995,E0000794,P001300,E11.9,Type 2 diabetes mellitus without complications,1,2025-07-21
D0000996,E0000795,P000855,I21.4,Non-ST elevation (NSTEMI) myocardial infarction,1,2025-07-21
D0000997,E0000795,P000855,I50.9,"Heart failure, unspecified",0,2025-07-21
D0000998,E0000796,P000171,Z00.00,Encounter for general adult medical examination without abnormal findings,1,2025-07-21
D0000999,E0000797,P000655,I10,Essential (primary) hypertension,1,2025-07-21
D0001000,E0000798,P001146,E11.9,Type 2 diabetes mellitus without complications,1,2025-07-21
D0001001,E0000799,P000332,Z00.00,Encounter for general adult medical examination without abnormal findings,1,2025-07-21
D0001002,E0000800,P000444,I50.9,"Heart failure, unspecified",1,2025-07-22
D0001003,E0000801,P000977,I50.9,"Heart failure, unspecified",1,2025-07-22
D0001004,E0000802,P001397,E11.9,Type 2 diabetes mellitus without complications,1,2025-07-22
D0001005,E0000803,P000899,E11.9,Type 2 diabetes mellitus without complications,1,2025-07-22
D0001006,E0000804,P001154,Z23,Encounter for immunization,1,2025-07-22
D0001007,E0000805,P000043,A41.9,"Sepsis, unspecified organism",1,2025-07-22
D0001008,E0000805,P000043,E11.9,Type 2 diabetes mellitus without complications,0,2025-07-22
D0001009,E0000806,P001354,I10,Essential (primary) hypertension,1,2025-07-22
D0001010,E0000807,P000522,I10,Essential (primary) hypertension,1,2025-07-22
D0001011,E0000808,P001337,J18.9,"Pneumonia, unspecified organism",1,2025-07-22
D0001012,E0000808,P001337,E11.9,Type 2 diabetes mellitus without complications,0,2025-07-22
D0001013,E0000809,P000223,N39.0,"Urinary tract infection, site not specified",1,2025-07-22
D0001014,E0000809,P000223,I50.9,"Heart failure, unspecified",0,2025-07-22
D0001015,E0000809,P000223,N18.9,"Chronic kidney disease, unspecified",0,2025-07-22
D0001016,E0000810,P001012,J44.9,"Chronic obstructive pulmonary disease, unspecified",1,2025-07-23
D0001017,E0000811,P000518,M54.50,"Low back pain, unspecified",1,2025-07-23
D0001018,E0000812,P001070,E11.65,Type 2 diabetes mellitus with hyperglycemia,1,2025-07-23
D0001019,E0000813,P001088,Z00.00,Encounter for general adult medical examination without abnormal findings,1,2025-07-23
D0001020,E0000814,P000328,I10,Essential (primary) hypertension,1,2025-07-23
D0001021,E0000815,P001397,Z23,Encounter for immunization,1,2025-07-23
D0001022,E0000816,P000840,M54.50,"Low back pain, unspecified",1,2025-07-23
D0001023,E0000817,P000892,Z00.00,Encounter for general adult medical examination without abnormal findings,1,2025-07-24
D0001024,E0000818,P000390,Z00.00,Encounter for general adult medical examination without abnormal findings,1,2025-07-24
D0001025,E0000819,P001118,J06.9,"Acute upper respiratory infection, unspecified",1,2025-07-24
D0001026,E0000820,P000541,R07.9,"Chest pain, unspecified",1,2025-07-24
D0001027,E0000821,P000598,K92.2,"Gastrointestinal hemorrhage, unspecified",1,2025-07-25
D0001028,E0000822,P000531,N18.9,"Chronic kidney disease, unspecified",1,2025-07-25
D0001029,E0000823,P000598,K92.2,"Gastrointestinal hemorrhage, unspecified",1,2025-07-25
D0001030,E0000823,P000598,I50.9,"Heart failure, unspecified",0,2025-07-25
D0001031,E0000823,P000598,E11.9,Type 2 diabetes mellitus without complications,0,2025-07-25
D0001032,E0000824,P000077,E11.65,Type 2 diabetes mellitus with hyperglycemia,1,2025-07-25
D0001033,E0000825,P000963,J06.9,"Acute upper respiratory infection, unspecified",1,2025-07-25
D0001034,E0000826,P000360,E11.65,Type 2 diabetes mellitus with hyperglycemia,1,2025-07-25
D0001035,E0000827,P000654,I50.9,"Heart failure, unspecified",1,2025-07-25
D0001036,E0000828,P000226,Z23,Encounter for immunization,1,2025-07-25
D0001037,E0000829,P000778,I50.9,"Heart failure, unspecified",1,2025-07-25
D0001038,E0000830,P000651,J06.9,"Acute upper respiratory infection, unspecified",1,2025-07-25
D0001039,E0000831,P000297,R10.9,Unspecified abdominal pain,1,2025-07-25
D0001040,E0000832,P000360,E11.65,Type 2 diabetes mellitus with hyperglycemia,1,2025-07-25
D0001041,E0000833,P000658,I50.9,"Heart failure, unspecified",1,2025-07-25
D0001042,E0000834,P001011,I48.91,Unspecified atrial fibrillation,1,2025-07-26
D0001043,E0000835,P001011,I48.91,Unspecified atrial fibrillation,1,2025-07-26
D0001044,E0000835,P001011,E11.9,Type 2 diabetes mellitus without complications,0,2025-07-26
D0001045,E0000835,P001011,I10,Essential (primary) hypertension,0,2025-07-26
D0001046,E0000836,P000940,R07.9,"Chest pain, unspecified",1,2025-07-26
D0001047,E0000837,P000038,N39.0,"Urinary tract infection, site not specified",1,2025-07-26
D0001048,E0000838,P001282,R10.9,Unspecified abdominal pain,1,2025-07-26
D0001049,E0000839,P001253,E11.65,Type 2 diabetes mellitus with hyperglycemia,1,2025-07-27
D0001050,E0000840,P001253,E11.65,Type 2 diabetes mellitus with hyperglycemia,1,2025-07-27
D0001051,E0000841,P000717,I50.23,Acute on chronic systolic (congestive) heart failure,1,2025-07-27
D0001052,E0000841,P000717,N18.9,"Chronic kidney disease, unspecified",0,2025-07-27
D0001053,E0000841,P000717,I10,Essential (primary) hypertension,0,2025-07-27
D0001054,E0000842,P001182,R07.9,"Chest pain, unspecified",1,2025-07-27
D0001055,E0000843,P001182,R07.9,"Chest pain, unspecified",1,2025-07-27
D0001056,E0000844,P000957,I50.32,Chronic diastolic (congestive) heart failure,1,2025-07-27
D0001057,E0000845,P000071,K92.2,"Gastrointestinal hemorrhage, unspecified",1,2025-07-28
D0001058,E0000845,P000071,I10,Essential (primary) hypertension,0,2025-07-28
D0001059,E0000846,P000957,I50.32,Chronic diastolic (congestive) heart failure,1,2025-07-28
D0001060,E0000846,P000957,E11.9,Type 2 diabetes mellitus without complications,0,2025-07-28
D0001061,E0000847,P000963,J44.1,Chronic obstructive pulmonary disease with (acute) exacerbation,1,2025-07-28
D0001062,E0000848,P000345,I50.9,"Heart failure, unspecified",1,2025-07-28
D0001063,E0000849,P000714,J06.9,"Acute upper respiratory infection, unspecified",1,2025-07-28
D0001064,E0000850,P001047,N39.0,"Urinary tract infection, site not specified",1,2025-07-28
D0001065,E0000851,P000963,J44.1,Chronic obstructive pulmonary disease with (acute) exacerbation,1,2025-07-28
D0001066,E0000852,P000453,J06.9,"Acute upper respiratory infection, unspecified",1,2025-07-28
D0001067,E0000853,P000714,I50.9,"Heart failure, unspecified",1,2025-07-28
D0001068,E0000854,P000297,N39.0,"Urinary tract infection, site not specified",1,2025-07-28
D0001069,E0000855,P000765,I50.32,Chronic diastolic (congestive) heart failure,1,2025-07-28
D0001070,E0000856,P000223,N39.0,"Urinary tract infection, site not specified",1,2025-07-28
D0001071,E0000857,P000239,I50.9,"Heart failure, unspecified",1,2025-07-28
D0001072,E0000858,P000423,I10,Essential (primary) hypertension,1,2025-07-28
D0001073,E0000859,P000837,I21.4,Non-ST elevation (NSTEMI) myocardial infarction,1,2025-07-28
D0001074,E0000859,P000837,I10,Essential (primary) hypertension,0,2025-07-28
D0001075,E0000860,P000342,R07.9,"Chest pain, unspecified",1,2025-07-28
D0001076,E0000861,P000342,R07.9,"Chest pain, unspecified",1,2025-07-28
D0001077,E0000861,P000342,I50.9,"Heart failure, unspecified",0,2025-07-28
D0001078,E0000861,P000342,N18.9,"Chronic kidney disease, unspecified",0,2025-07-28
D0001079,E0000862,P000616,J18.9,"Pneumonia, unspecified organism",1,2025-07-29
D0001080,E0000862,P000616,I50.9,"Heart failure, unspecified",0,2025-07-29
D0001081,E0000862,P000616,J44.9,"Chronic obstructive pulmonary disease, unspecified",0,2025-07-29
D0001082,E0000863,P000027,I21.4,Non-ST elevation (NSTEMI) myocardial infarction,1,2025-07-29
D0001083,E0000864,P000212,J44.1,Chronic obstructive pulmonary disease with (acute) exacerbation,1,2025-07-29
D0001084,E0000864,P000212,E11.9,Type 2 diabetes mellitus without complications,0,2025-07-29
D0001085,E0000864,P000212,N18.9,"Chronic kidney disease, unspecified",0,2025-07-29
D0001086,E0000865,P000630,N17.9,"Acute kidney failure, unspecified",1,2025-07-29
D0001087,E0000866,P000483,I50.9,"Heart failure, unspecified",1,2025-07-29
D0001088,E0000867,P000630,N17.9,"Acute kidney failure, unspecified",1,2025-07-29
D0001089,E0000867,P000630,J44.9,"Chronic obstructive pulmonary disease, unspecified",0,2025-07-29
D0001090,E0000867,P000630,I10,Essential (primary) hypertension,0,2025-07-29
D0001091,E0000868,P000855,I21.4,Non-ST elevation (NSTEMI) myocardial infarction,1,2025-07-29
D0001092,E0000869,P001273,J44.9,"Chronic obstructive pulmonary disease, unspecified",1,2025-07-29
D0001093,E0000870,P001323,J06.9,"Acute upper respiratory infection, unspecified",1,2025-07-29
D0001094,E0000871,P000834,I50.9,"Heart failure, unspecified",1,2025-07-29
D0001095,E0000872,P000929,I50.9,"Heart failure, unspecified",1,2025-07-29
D0001096,E0000872,P000929,N18.9,"Chronic kidney disease, unspecified",0,2025-07-29
D0001097,E0000872,P000929,I10,Essential (primary) hypertension,0,2025-07-29
D0001098,E0000873,P000426,Z00.00,Encounter for general adult medical examination without abnormal findings,1,2025-07-30
D0001099,E0000874,P001337,J18.9,"Pneumonia, unspecified organism",1,2025-07-30
D0001100,E0000875,P000491,Z00.00,Encounter for general adult medical examination without abnormal findings,1,2025-07-30
D0001101,E0000876,P001127,N18.9,"Chronic kidney disease, unspecified",1,2025-07-30
D0001102,E0000877,P001139,I50.9,"Heart failure, unspecified",1,2025-07-30
D0001103,E0000878,P000460,Z23,Encounter for immunization,1,2025-07-30
D0001104,E0000879,P000207,J06.9,"Acute upper respiratory infection, unspecified",1,2025-07-30
D0001105,E0000880,P000466,I50.32,Chronic diastolic (congestive) heart failure,1,2025-07-30
D0001106,E0000881,P000684,E78.5,"Hyperlipidemia, unspecified",1,2025-07-30
D0001107,E0000882,P000135,I10,Essential (primary) hypertension,1,2025-07-30
D0001108,E0000882,P000135,J44.9,"Chronic obstructive pulmonary disease, unspecified",0,2025-07-30
D0001109,E0000883,P000314,E11.65,Type 2 diabetes mellitus with hyperglycemia,1,2025-07-30
D0001110,E0000884,P001189,M54.50,"Low back pain, unspecified",1,2025-07-31
D0001111,E0000885,P001120,Z00.00,Encounter for general adult medical examination without abnormal findings,1,2025-07-31
D0001112,E0000886,P000551,J06.9,"Acute upper respiratory infection, unspecified",1,2025-07-31
D0001113,E0000887,P001201,I50.9,"Heart failure, unspecified",1,2025-07-31
D0001114,E0000888,P001243,N17.9,"Acute kidney failure, unspecified",1,2025-07-31
D0001115,E0000889,P000084,Z23,Encounter for immunization,1,2025-07-31
D0001116,E0000890,P000401,R07.9,"Chest pain, unspecified",1,2025-07-31
D0001117,E0000891,P001214,Z00.00,Encounter for general adult medical examination without abnormal findings,1,2025-07-31
D0001118,E0000892,P001311,I50.9,"Heart failure, unspecified",1,2025-07-31
D0001119,E0000893,P000148,I50.9,"Heart failure, unspecified",1,2025-07-31
D0001120,E0000893,P000148,N18.9,"Chronic kidney disease, unspecified",0,2025-07-31
D0001121,E0000893,P000148,I10,Essential (primary) hypertension,0,2025-07-31
D0001122,E0000894,P001243,N17.9,"Acute kidney failure, unspecified",1,2025-07-31
D0001123,E0000894,P001243,I50.9,"Heart failure, unspecified",0,2025-07-31
D0001124,E0000894,P001243,N18.9,"Chronic kidney disease, unspecified",0,2025-07-31
D0001125,E0000895,P000615,M54.50,"Low back pain, unspecified",1,2025-07-31
D0001126,E0000896,P001232,R10.9,Unspecified abdominal pain,1,2025-08-01
D0001127,E0000897,P000552,N39.0,"Urinary tract infection, site not specified",1,2025-08-01
D0001128,E0000898,P000936,Z00.00,Encounter for general adult medical examination without abnormal findings,1,2025-08-01
D0001129,E0000899,P000771,E11.9,Type 2 diabetes mellitus without complications,1,2025-08-01
D0001130,E0000900,P001309,E78.5,"Hyperlipidemia, unspecified",1,2025-08-01
D0001131,E0000901,P001357,J44.9,"Chronic obstructive pulmonary disease, unspecified",1,2025-08-01
D0001132,E0000902,P000657,I10,Essential (primary) hypertension,1,2025-08-01
D0001133,E0000903,P001093,I10,Essential (primary) hypertension,1,2025-08-01
D0001134,E0000904,P000608,I10,Essential (primary) hypertension,1,2025-08-01
D0001135,E0000905,P000230,I50.9,"Heart failure, unspecified",1,2025-08-01
D0001136,E0000906,P000029,Z00.00,Encounter for general adult medical examination without abnormal findings,1,2025-08-01
D0001137,E0000907,P000428,R07.9,"Chest pain, unspecified",1,2025-08-01
D0001138,E0000907,P000428,N18.9,"Chronic kidney disease, unspecified",0,2025-08-01
D0001139,E0000907,P000428,I10,Essential (primary) hypertension,0,2025-08-01
D0001140,E0000908,P000647,I21.4,Non-ST elevation (NSTEMI) myocardial infarction,1,2025-08-01
D0001141,E0000909,P000598,J06.9,"Acute upper respiratory infection, unspecified",1,2025-08-02
D0001142,E0000910,P000666,J18.9,"Pneumonia, unspecified organism",1,2025-08-02
D0001143,E0000910,P000666,E11.9,Type 2 diabetes mellitus without complications,0,2025-08-02
D0001144,E0000910,P000666,I10,Essential (primary) hypertension,0,2025-08-02
D0001145,E0000911,P000311,E11.65,Type 2 diabetes mellitus with hyperglycemia,1,2025-08-03
D0001146,E0000912,P000717,I50.32,Chronic diastolic (congestive) heart failure,1,2025-08-04
D0001147,E0000913,P001349,I50.9,"Heart failure, unspecified",1,2025-08-04
D0001148,E0000914,P001204,J06.9,"Acute upper respiratory infection, unspecified",1,2025-08-04
D0001149,E0000915,P000589,J44.1,Chronic obstructive pulmonary disease with (acute) exacerbation,1,2025-08-04
D0001150,E0000916,P000300,E78.5,"Hyperlipidemia, unspecified",1,2025-08-04
D0001151,E0000917,P000589,J44.1,Chronic obstructive pulmonary disease with (acute) exacerbation,1,2025-08-04
D0001152,E0000918,P001248,Z00.00,Encounter for general adult medical examination without abnormal findings,1,2025-08-04
D0001153,E0000919,P000002,K21.9,Gastro-esophageal reflux disease without esophagitis,1,2025-08-04
D0001154,E0000920,P000271,I10,Essential (primary) hypertension,1,2025-08-04
D0001155,E0000921,P001109,M54.50,"Low back pain, unspecified",1,2025-08-04
D0001156,E0000922,P000434,I50.9,"Heart failure, unspecified",1,2025-08-04
D0001157,E0000923,P000264,I50.9,"Heart failure, unspecified",1,2025-08-04
D0001158,E0000924,P000264,I50.9,"Heart failure, unspecified",1,2025-08-04
D0001159,E0000925,P001378,I10,Essential (primary) hypertension,1,2025-08-05
D0001160,E0000926,P000620,J18.9,"Pneumonia, unspecified organism",1,2025-08-05
D0001161,E0000927,P001008,I10,Essential (primary) hypertension,1,2025-08-05
D0001162,E0000928,P000087,R07.9,"Chest pain, unspecified",1,2025-08-05
D0001163,E0000929,P000620,J18.9,"Pneumonia, unspecified organism",1,2025-08-05
D0001164,E0000929,P000620,I50.9,"Heart failure, unspecified",0,2025-08-05
D0001165,E0000929,P000620,I10,Essential (primary) hypertension,0,2025-08-05
D0001166,E0000930,P000233,E11.65,Type 2 diabetes mellitus with hyperglycemia,1,2025-08-05
D0001167,E0000931,P000173,M54.50,"Low back pain, unspecified",1,2025-08-05
D0001168,E0000932,P000910,I50.9,"Heart failure, unspecified",1,2025-08-06
D0001169,E0000933,P001336,I50.9,"Heart failure, unspecified",1,2025-08-06
D0001170,E0000934,P001240,N39.0,"Urinary tract infection, site not specified",1,2025-08-06
D0001171,E0000935,P000311,Z00.00,Encounter for general adult medical examination without abnormal findings,1,2025-08-06
D0001172,E0000936,P000029,J06.9,"Acute upper respiratory infection, unspecified",1,2025-08-06
D0001173,E0000937,P001326,M54.50,"Low back pain, unspecified",1,2025-08-06
D0001174,E0000938,P000431,I50.9,"Heart failure, unspecified",1,2025-08-06
D0001175,E0000939,P000667,N18.9,"Chronic kidney disease, unspecified",1,2025-08-06
D0001176,E0000940,P001169,N39.0,"Urinary tract infection, site not specified",1,2025-08-06
D0001177,E0000941,P000071,K92.2,"Gastrointestinal hemorrhage, unspecified",1,2025-08-06
D0001178,E0000942,P001155,I10,Essential (primary) hypertension,1,2025-08-06
D0001179,E0000943,P001240,N39.0,"Urinary tract infection, site not specified",1,2025-08-06
D0001180,E0000944,P000929,I50.32,Chronic diastolic (congestive) heart failure,1,2025-08-07
D0001181,E0000945,P000616,J18.9,"Pneumonia, unspecified organism",1,2025-08-07
D0001182,E0000946,P000462,I10,Essential (primary) hypertension,1,2025-08-07
D0001183,E0000947,P000217,E11.65,Type 2 diabetes mellitus with hyperglycemia,1,2025-08-07
D0001184,E0000948,P000957,I50.9,"Heart failure, unspecified",1,2025-08-07
D0001185,E0000949,P000916,R55,Syncope and collapse,1,2025-08-07
D0001186,E0000950,P000373,E11.9,Type 2 diabetes mellitus without complications,1,2025-08-07
D0001187,E0000951,P000148,I50.9,"Heart failure, unspecified",1,2025-08-07
D0001188,E0000952,P001243,I50.9,"Heart failure, unspecified",1,2025-08-07
D0001189,E0000953,P001243,I50.9,"Heart failure, unspecified",1,2025-08-07
D0001190,E0000953,P001243,N18.9,"Chronic kidney disease, unspecified",0,2025-08-07
D0001191,E0000953,P001243,E78.5,"Hyperlipidemia, unspecified",0,2025-08-07
D0001192,E0000954,P001265,K92.2,"Gastrointestinal hemorrhage, unspecified",1,2025-08-07
D0001193,E0000955,P001265,K92.2,"Gastrointestinal hemorrhage, unspecified",1,2025-08-07
D0001194,E0000955,P001265,I10,Essential (primary) hypertension,0,2025-08-07
D0001195,E0000956,P000400,Z00.00,Encounter for general adult medical examination without abnormal findings,1,2025-08-08
D0001196,E0000957,P000482,E11.9,Type 2 diabetes mellitus without complications,1,2025-08-08
D0001197,E0000958,P000916,I10,Essential (primary) hypertension,1,2025-08-08
D0001198,E0000959,P000223,N18.9,"Chronic kidney disease, unspecified",1,2025-08-08
D0001199,E0000960,P000028,N39.0,"Urinary tract infection, site not specified",1,2025-08-08
D0001200,E0000960,P000028,I10,Essential (primary) hypertension,0,2025-08-08
D0001201,E0000961,P000847,M54.50,"Low back pain, unspecified",1,2025-08-08
D0001202,E0000962,P000311,E11.65,Type 2 diabetes mellitus with hyperglycemia,1,2025-08-08
D0001203,E0000963,P001285,N39.0,"Urinary tract infection, site not specified",1,2025-08-10
D0001204,E0000964,P000354,N39.0,"Urinary tract infection, site not specified",1,2025-08-10
D0001205,E0000965,P001093,E11.9,Type 2 diabetes mellitus without complications,1,2025-08-11
D0001206,E0000966,P000224,Z00.00,Encounter for general adult medical examination without abnormal findings,1,2025-08-11
D0001207,E0000967,P001329,E11.9,Type 2 diabetes mellitus without complications,1,2025-08-11
D0001208,E0000968,P000428,I50.22,Chronic systolic (congestive) heart failure,1,2025-08-11
D0001209,E0000969,P000428,I50.22,Chronic systolic (congestive) heart failure,1,2025-08-11
D0001210,E0000969,P000428,N18.9,"Chronic kidney disease, unspecified",0,2025-08-11
D0001211,E0000969,P000428,I10,Essential (primary) hypertension,0,2025-08-11
D0001212,E0000970,P000127,I10,Essential (primary) hypertension,1,2025-08-12
D0001213,E0000971,P001223,N39.0,"Urinary tract infection, site not specified",1,2025-08-12
D0001214,E0000972,P000229,E11.65,Type 2 diabetes mellitus with hyperglycemia,1,2025-08-12
D0001215,E0000973,P000393,Z23,Encounter for immunization,1,2025-08-12
D0001216,E0000974,P000647,I21.4,Non-ST elevation (NSTEMI) myocardial infarction,1,2025-08-12
D0001217,E0000975,P000977,I50.32,Chronic diastolic (congestive) heart failure,1,2025-08-12
D0001218,E0000976,P001260,I50.22,Chronic systolic (congestive) heart failure,1,2025-08-12
D0001219,E0000977,P000229,E11.65,Type 2 diabetes mellitus with hyperglycemia,1,2025-08-12
D0001220,E0000977,P000229,E78.5,"Hyperlipidemia, unspecified",0,2025-08-12
D0001221,E0000978,P000431,I50.22,Chronic systolic (congestive) heart failure,1,2025-08-13
D0001222,E0000979,P001035,I50.9,"Heart failure, unspecified",1,2025-08-13
D0001223,E0000979,P001035,E78.5,"Hyperlipidemia, unspecified",0,2025-08-13
D0001224,E0000980,P001240,N39.0,"Urinary tract infection, site not specified",1,2025-08-13
D0001225,E0000981,P000278,N39.0,"Urinary tract infection, site not specified",1,2025-08-13
D0001226,E0000982,P001344,Z00.00,Encounter for general adult medical examination without abnormal findings,1,2025-08-13
D0001227,E0000983,P000955,Z23,Encounter for immunization,1,2025-08-13
D0001228,E0000984,P001311,Z00.00,Encounter for general adult medical examination without abnormal findings,1,2025-08-13
D0001229,E0000985,P000137,J44.1,Chronic obstructive pulmonary disease with (acute) exacerbation,1,2025-08-14
D0001230,E0000985,P000137,I50.9,"Heart failure, unspecified",0,2025-08-14
D0001231,E0000985,P000137,E11.9,Type 2 diabetes mellitus without complications,0,2025-08-14
D0001232,E0000986,P001117,Z00.00,Encounter for general adult medical examination without abnormal findings,1,2025-08-14
D0001233,E0000987,P000994,M54.50,"Low back pain, unspecified",1,2025-08-14
D0001234,E0000988,P001343,E78.5,"Hyperlipidemia, unspecified",1,2025-08-14
D0001235,E0000989,P000578,E11.9,Type 2 diabetes mellitus without complications,1,2025-08-14
D0001236,E0000990,P000962,I10,Essential (primary) hypertension,1,2025-08-14
D0001237,E0000991,P001337,E11.9,Type 2 diabetes mellitus without complications,1,2025-08-14
D0001238,E0000992,P000782,J18.9,"Pneumonia, unspecified organism",1,2025-08-14
D0001239,E0000993,P000431,I50.9,"Heart failure, unspecified",1,2025-08-14
D0001240,E0000994,P000598,K92.2,"Gastrointestinal hemorrhage, unspecified",1,2025-08-14
D0001241,E0000995,P000782,J18.9,"Pneumonia, unspecified organism",1,2025-08-14
D0001242,E0000995,P000782,I50.9,"Heart failure, unspecified",0,2025-08-14
D0001243,E0000995,P000782,J44.9,"Chronic obstructive pulmonary disease, unspecified",0,2025-08-14
D0001244,E0000996,P001081,J44.1,Chronic obstructive pulmonary disease with (acute) exacerbation,1,2025-08-14
D0001245,E0000996,P001081,I10,Essential (primary) hypertension,0,2025-08-14
D0001246,E0000996,P001081,E78.5,"Hyperlipidemia, unspecified",0,2025-08-14
D0001247,E0000997,P000652,N39.0,"Urinary tract infection, site not specified",1,2025-08-14
D0001248,E0000997,P000652,I10,Essential (primary) hypertension,0,2025-08-14
D0001249,E0000998,P000029,E11.65,Type 2 diabetes mellitus with hyperglycemia,1,2025-08-14
D0001250,E0000999,P000029,E11.65,Type 2 diabetes mellitus with hyperglycemia,1,2025-08-15
D0001251,E0000999,P000029,J44.9,"Chronic obstructive pulmonary disease, unspecified",0,2025-08-15
D0001252,E0000999,P000029,N18.9,"Chronic kidney disease, unspecified",0,2025-08-15
D0001253,E0001000,P000095,Z00.00,Encounter for general adult medical examination without abnormal findings,1,2025-08-15
D0001254,E0001001,P000654,I50.22,Chronic systolic (congestive) heart failure,1,2025-08-15
D0001255,E0001002,P000828,J06.9,"Acute upper respiratory infection, unspecified",1,2025-08-15
D0001256,E0001003,P000620,J18.9,"Pneumonia, unspecified organism",1,2025-08-15
D0001257,E0001004,P000174,I50.22,Chronic systolic (congestive) heart failure,1,2025-08-15
D0001258,E0001004,P000174,I10,Essential (primary) hypertension,0,2025-08-15
D0001259,E0001005,P000028,E11.9,Type 2 diabetes mellitus without complications,1,2025-08-15
D0001260,E0001006,P001034,A41.9,"Sepsis, unspecified organism",1,2025-08-15
D0001261,E0001007,P001140,R07.9,"Chest pain, unspecified",1,2025-08-15
D0001262,E0001008,P001034,A41.9,"Sepsis, unspecified organism",1,2025-08-15
D0001263,E0001009,P000112,E11.65,Type 2 diabetes mellitus with hyperglycemia,1,2025-08-16
D0001264,E0001010,P000112,E11.65,Type 2 diabetes mellitus with hyperglycemia,1,2025-08-16
D0001265,E0001010,P000112,I10,Essential (primary) hypertension,0,2025-08-16
D0001266,E0001010,P000112,E78.5,"Hyperlipidemia, unspecified",0,2025-08-16
D0001267,E0001011,P000968,I50.32,Chronic diastolic (congestive) heart failure,1,2025-08-17
D0001268,E0001011,P000968,E11.9,Type 2 diabetes mellitus without complications,0,2025-08-17
D0001269,E0001012,P000778,E11.65,Type 2 diabetes mellitus with hyperglycemia,1,2025-08-18
D0001270,E0001013,P000592,M54.50,"Low back pain, unspecified",1,2025-08-18
D0001271,E0001014,P000343,Z00.00,Encounter for general adult medical examination without abnormal findings,1,2025-08-18
D0001272,E0001015,P000778,E11.65,Type 2 diabetes mellitus with hyperglycemia,1,2025-08-18
D0001273,E0001015,P000778,I50.9,"Heart failure, unspecified",0,2025-08-18
D0001274,E0001015,P000778,N18.9,"Chronic kidney disease, unspecified",0,2025-08-18
D0001275,E0001016,P000043,A41.9,"Sepsis, unspecified organism",1,2025-08-18
D0001276,E0001017,P000656,I50.9,"Heart failure, unspecified",1,2025-08-18
D0001277,E0001018,P001011,I48.91,Unspecified atrial fibrillation,1,2025-08-18
D0001278,E0001019,P000491,N39.0,"Urinary tract infection, site not specified",1,2025-08-19
D0001279,E0001020,P000491,N39.0,"Urinary tract infection, site not specified",1,2025-08-19
D0001280,E0001020,P000491,E11.9,Type 2 diabetes mellitus without complications,0,2025-08-19
D0001281,E0001020,P000491,I10,Essential (primary) hypertension,0,2025-08-19
D0001282,E0001021,P000410,J06.9,"Acute upper respiratory infection, unspecified",1,2025-08-19
D0001283,E0001022,P001179,J44.9,"Chronic obstructive pulmonary disease, unspecified",1,2025-08-19
D0001284,E0001023,P000732,Z23,Encounter for immunization,1,2025-08-19
D0001285,E0001024,P000307,N39.0,"Urinary tract infection, site not specified",1,2025-08-19
D0001286,E0001024,P000307,N18.9,"Chronic kidney disease, unspecified",0,2025-08-19
D0001287,E0001024,P000307,I10,Essential (primary) hypertension,0,2025-08-19
D0001288,E0001025,P000202,R10.9,Unspecified abdominal pain,1,2025-08-20
D0001289,E0001026,P000069,I10,Essential (primary) hypertension,1,2025-08-20
D0001290,E0001027,P000184,M54.50,"Low back pain, unspecified",1,2025-08-20
D0001291,E0001028,P000171,A41.9,"Sepsis, unspecified organism",1,2025-08-20
D0001292,E0001029,P000162,I10,Essential (primary) hypertension,1,2025-08-20
D0001293,E0001030,P001170,Z23,Encounter for immunization,1,2025-08-20
D0001294,E0001031,P001140,R07.9,"Chest pain, unspecified",1,2025-08-20
D0001295,E0001032,P000823,J44.9,"Chronic obstructive pulmonary disease, unspecified",1,2025-08-20
D0001296,E0001033,P000426,K21.9,Gastro-esophageal reflux disease without esophagitis,1,2025-08-20
D0001297,E0001034,P000434,I50.9,"Heart failure, unspecified",1,2025-08-20
D0001298,E0001035,P001048,I50.9,"Heart failure, unspecified",1,2025-08-20
D0001299,E0001036,P000137,J44.9,"Chronic obstructive pulmonary disease, unspecified",1,2025-08-20
D0001300,E0001037,P000180,J45.909,"Unspecified asthma, uncomplicated",1,2025-08-20
D0001301,E0001038,P000733,N39.0,"Urinary tract infection, site not specified",1,2025-08-20
D0001302,E0001039,P000171,A41.9,"Sepsis, unspecified organism",1,2025-08-20
D0001303,E0001039,P000171,E11.9,Type 2 diabetes mellitus without complications,0,2025-08-20
D0001304,E0001040,P000034,Z00.00,Encounter for general adult medical examination without abnormal findings,1,2025-08-21
D0001305,E0001041,P001391,R10.9,Unspecified abdominal pain,1,2025-08-21
D0001306,E0001042,P000802,Z00.00,Encounter for general adult medical examination without abnormal findings,1,2025-08-21
D0001307,E0001043,P000314,E11.65,Type 2 diabetes mellitus with hyperglycemia,1,2025-08-21
D0001308,E0001044,P001313,I50.9,"Heart failure, unspecified",1,2025-08-21
D0001309,E0001045,P001126,J44.9,"Chronic obstructive pulmonary disease, unspecified",1,2025-08-21
D0001310,E0001046,P000364,Z00.00,Encounter for general adult medical examination without abnormal findings,1,2025-08-21
D0001311,E0001047,P000548,I10,Essential (primary) hypertension,1,2025-08-21
D0001312,E0001048,P001313,I50.9,"Heart failure, unspecified",1,2025-08-21
D0001313,E0001048,P001313,I10,Essential (primary) hypertension,0,2025-08-21
D0001314,E0001049,P000262,I10,Essential (primary) hypertension,1,2025-08-22
D0001315,E0001050,P000602,J18.9,"Pneumonia, unspecified organism",1,2025-08-22
D0001316,E0001051,P000602,J18.9,"Pneumonia, unspecified organism",1,2025-08-22
D0001317,E0001051,P000602,I50.9,"Heart failure, unspecified",0,2025-08-22
D0001318,E0001051,P000602,E78.5,"Hyperlipidemia, unspecified",0,2025-08-22
D0001319,E0001052,P000736,I10,Essential (primary) hypertension,1,2025-08-22
D0001320,E0001053,P001127,Z00.00,Encounter for general adult medical examination without abnormal findings,1,2025-08-22
D0001321,E0001054,P001243,N18.9,"Chronic kidney disease, unspecified",1,2025-08-22
D0001322,E0001055,P000064,A41.9,"Sepsis, unspecified organism",1,2025-08-22
D0001323,E0001055,P000064,J44.9,"Chronic obstructive pulmonary disease, unspecified",0,2025-08-22
D0001324,E0001055,P000064,N18.9,"Chronic kidney disease, unspecified",0,2025-08-22
D0001325,E0001056,P001093,Z23,Encounter for immunization,1,2025-08-22
D0001326,E0001057,P000477,N39.0,"Urinary tract infection, site not specified",1,2025-08-22
D0001327,E0001058,P000477,N39.0,"Urinary tract infection, site not specified",1,2025-08-22
D0001328,E0001058,P000477,E11.9,Type 2 diabetes mellitus without complications,0,2025-08-22
D0001329,E0001058,P000477,I10,Essential (primary) hypertension,0,2025-08-22
D0001330,E0001059,P000220,J18.9,"Pneumonia, unspecified organism",1,2025-08-22
D0001331,E0001060,P000220,J18.9,"Pneumonia, unspecified organism",1,2025-08-23
D0001332,E0001061,P000667,J06.9,"Acute upper respiratory infection, unspecified",1,2025-08-23
D0001333,E0001062,P000444,I48.91,Unspecified atrial fibrillation,1,2025-08-23
D0001334,E0001062,P000444,I10,Essential (primary) hypertension,0,2025-08-23
D0001335,E0001063,P001084,K92.2,"Gastrointestinal hemorrhage, unspecified",1,2025-08-23
D0001336,E0001063,P001084,I10,Essential (primary) hypertension,0,2025-08-23
D0001337,E0001064,P000963,J44.1,Chronic obstructive pulmonary disease with (acute) exacerbation,1,2025-08-24
D0001338,E0001065,P000963,J44.1,Chronic obstructive pulmonary disease with (acute) exacerbation,1,2025-08-24
D0001339,E0001065,P000963,I10,Essential (primary) hypertension,0,2025-08-24
D0001340,E0001066,P000314,J06.9,"Acute upper respiratory infection, unspecified",1,2025-08-25
D0001341,E0001067,P000759,I10,Essential (primary) hypertension,1,2025-08-25
D0001342,E0001068,P001034,A41.9,"Sepsis, unspecified organism",1,2025-08-25
D0001343,E0001069,P000812,I50.32,Chronic diastolic (congestive) heart failure,1,2025-08-25
D0001344,E0001070,P000654,I50.22,Chronic systolic (congestive) heart failure,1,2025-08-25
D0001345,E0001071,P001354,J44.1,Chronic obstructive pulmonary disease with (acute) exacerbation,1,2025-08-25
D0001346,E0001072,P001309,Z00.00,Encounter for general adult medical examination without abnormal findings,1,2025-08-25
D0001347,E0001073,P000589,J44.9,"Chronic obstructive pulmonary disease, unspecified",1,2025-08-25
D0001348,E0001074,P000148,I50.9,"Heart failure, unspecified",1,2025-08-25
D0001349,E0001075,P000917,I10,Essential (primary) hypertension,1,2025-08-25
D0001350,E0001076,P001354,J44.1,Chronic obstructive pulmonary disease with (acute) exacerbation,1,2025-08-25
D0001351,E0001076,P001354,I10,Essential (primary) hypertension,0,2025-08-25
D0001352,E0001076,P001354,E78.5,"Hyperlipidemia, unspecified",0,2025-08-25
D0001353,E0001077,P000504,Z00.00,Encounter for general adult medical examination without abnormal findings,1,2025-08-25
D0001354,E0001078,P001073,M54.50,"Low back pain, unspecified",1,2025-08-25
D0001355,E0001079,P000650,I10,Essential (primary) hypertension,1,2025-08-25
D0001356,E0001080,P001088,J06.9,"Acute upper respiratory infection, unspecified",1,2025-08-25
D0001357,E0001081,P000245,E11.9,Type 2 diabetes mellitus without complications,1,2025-08-26
D0001358,E0001082,P000658,R10.9,Unspecified abdominal pain,1,2025-08-26
D0001359,E0001083,P000741,Z00.00,Encounter for general adult medical examination without abnormal findings,1,2025-08-26
D0001360,E0001084,P000778,E11.65,Type 2 diabetes mellitus with hyperglycemia,1,2025-08-26
D0001361,E0001085,P000112,T14.90XA,"Injury, unspecified, initial encounter",1,2025-08-26
D0001362,E0001086,P000666,J18.9,"Pneumonia, unspecified organism",1,2025-08-26
D0001363,E0001087,P000145,E11.65,Type 2 diabetes mellitus with hyperglycemia,1,2025-08-26
D0001364,E0001088,P001011,E78.5,"Hyperlipidemia, unspecified",1,2025-08-26
D0001365,E0001089,P000387,Z00.00,Encounter for general adult medical examination without abnormal findings,1,2025-08-26
D0001366,E0001090,P001238,N39.0,"Urinary tract infection, site not specified",1,2025-08-27
D0001367,E0001090,P001238,I10,Essential (primary) hypertension,0,2025-08-27
D0001368,E0001091,P000132,M54.50,"Low back pain, unspecified",1,2025-08-27
D0001369,E0001092,P000088,I10,Essential (primary) hypertension,1,2025-08-27
D0001370,E0001093,P000375,I10,Essential (primary) hypertension,1,2025-08-27
D0001371,E0001094,P000315,Z23,Encounter for immunization,1,2025-08-27
D0001372,E0001095,P000253,J45.909,"Unspecified asthma, uncomplicated",1,2025-08-27
D0001373,E0001096,P001311,I50.9,"Heart failure, unspecified",1,2025-08-27
D0001374,E0001097,P001266,I50.9,"Heart failure, unspecified",1,2025-08-27
D0001375,E0001097,P001266,E11.9,Type 2 diabetes mellitus without complications,0,2025-08-27
D0001376,E0001097,P001266,N18.9,"Chronic kidney disease, unspecified",0,2025-08-27
D0001377,E0001098,P000782,J18.9,"Pneumonia, unspecified organism",1,2025-08-27
D0001378,E0001099,P001073,Z00.00,Encounter for general adult medical examination without abnormal findings,1,2025-08-27
D0001379,E0001100,P001187,Z00.00,Encounter for general adult medical examination without abnormal findings,1,2025-08-27
D0001380,E0001101,P000752,Z00.00,Encounter for general adult medical examination without abnormal findings,1,2025-08-27
D0001381,E0001102,P001016,I10,Essential (primary) hypertension,1,2025-08-28
D0001382,E0001103,P000279,Z23,Encounter for immunization,1,2025-08-28
D0001383,E0001104,P001381,I10,Essential (primary) hypertension,1,2025-08-28
D0001384,E0001105,P000012,I50.23,Acute on chronic systolic (congestive) heart failure,1,2025-08-28
D0001385,E0001106,P000230,I50.9,"Heart failure, unspecified",1,2025-08-28
D0001386,E0001107,P000469,Z23,Encounter for immunization,1,2025-08-28
D0001387,E0001108,P001233,I10,Essential (primary) hypertension,1,2025-08-28
D0001388,E0001109,P000148,I50.32,Chronic diastolic (congestive) heart failure,1,2025-08-28
D0001389,E0001110,P000627,E78.5,"Hyperlipidemia, unspecified",1,2025-08-28
D0001390,E0001111,P001349,I50.22,Chronic systolic (congestive) heart failure,1,2025-08-28
D0001391,E0001112,P000265,I50.22,Chronic systolic (congestive) heart failure,1,2025-08-28
D0001392,E0001113,P000944,I50.22,Chronic systolic (congestive) heart failure,1,2025-08-28
D0001393,E0001114,P000012,I50.23,Acute on chronic systolic (congestive) heart failure,1,2025-08-28
D0001394,E0001114,P000012,E11.9,Type 2 diabetes mellitus without complications,0,2025-08-28
D0001395,E0001114,P000012,N18.9,"Chronic kidney disease, unspecified",0,2025-08-28
D0001396,E0001115,P000796,N18.9,"Chronic kidney disease, unspecified",1,2025-08-28
D0001397,E0001116,P000222,J06.9,"Acute upper respiratory infection, unspecified",1,2025-08-28
D0001398,E0001117,P001003,Z00.00,Encounter for general adult medical examination without abnormal findings,1,2025-08-28
D0001399,E0001118,P001220,M54.50,"Low back pain, unspecified",1,2025-08-28
D0001400,E0001119,P001278,T14.90XA,"Injury, unspecified, initial encounter",1,2025-08-29
D0001401,E0001120,P000823,J44.9,"Chronic obstructive pulmonary disease, unspecified",1,2025-08-29
D0001402,E0001121,P000754,J18.9,"Pneumonia, unspecified organism",1,2025-08-29
D0001403,E0001122,P001208,Z00.00,Encounter for general adult medical examination without abnormal findings,1,2025-08-29
D0001404,E0001123,P000963,J44.9,"Chronic obstructive pulmonary disease, unspecified",1,2025-08-29
D0001405,E0001124,P000754,J18.9,"Pneumonia, unspecified organism",1,2025-08-29
D0001406,E0001124,P000754,N18.9,"Chronic kidney disease, unspecified",0,2025-08-29
D0001407,E0001124,P000754,I10,Essential (primary) hypertension,0,2025-08-29
D0001408,E0001125,P000369,J45.909,"Unspecified asthma, uncomplicated",1,2025-08-29
D0001409,E0001125,P000369,J44.9,"Chronic obstructive pulmonary disease, unspecified",0,2025-08-29
D0001410,E0001126,P000222,K92.2,"Gastrointestinal hemorrhage, unspecified",1,2025-08-29
D0001411,E0001127,P000162,E11.65,Type 2 diabetes mellitus with hyperglycemia,1,2025-08-31
D0001412,E0001128,P000162,E11.65,Type 2 diabetes mellitus with hyperglycemia,1,2025-09-01
D0001413,E0001128,P000162,I10,Essential (primary) hypertension,0,2025-09-01
D0001414,E0001129,P000029,E11.65,Type 2 diabetes mellitus with hyperglycemia,1,2025-09-01
D0001415,E0001130,P000517,Z23,Encounter for immunization,1,2025-09-01
D0001416,E0001131,P001313,I48.91,Unspecified atrial fibrillation,1,2025-09-01
D0001417,E0001132,P000466,Z23,Encounter for immunization,1,2025-09-01
D0001418,E0001133,P000444,I48.91,Unspecified atrial fibrillation,1,2025-09-01
D0001419,E0001134,P001313,I48.91,Unspecified atrial fibrillation,1,2025-09-01
D0001420,E0001134,P001313,I50.9,"Heart failure, unspecified",0,2025-09-01
D0001421,E0001134,P001313,I10,Essential (primary) hypertension,0,2025-09-01
D0001422,E0001135,P001086,N39.0,"Urinary tract infection, site not specified",1,2025-09-01
D0001423,E0001136,P000570,Z23,Encounter for immunization,1,2025-09-01
D0001424,E0001137,P001249,Z00.00,Encounter for general adult medical examination without abnormal findings,1,2025-09-01
D0001425,E0001138,P001086,N39.0,"Urinary tract infection, site not specified",1,2025-09-01
D0001426,E0001138,P001086,J44.9,"Chronic obstructive pulmonary disease, unspecified",0,2025-09-01
D0001427,E0001138,P001086,I10,Essential (primary) hypertension,0,2025-09-01
D0001428,E0001139,P001115,R07.9,"Chest pain, unspecified",1,2025-09-01
D0001429,E0001140,P000852,A41.9,"Sepsis, unspecified organism",1,2025-09-01
D0001430,E0001140,P000852,I50.9,"Heart failure, unspecified",0,2025-09-01
D0001431,E0001140,P000852,I10,Essential (primary) hypertension,0,2025-09-01
D0001432,E0001141,P000847,I50.22,Chronic systolic (congestive) heart failure,1,2025-09-02
D0001433,E0001142,P000012,I50.23,Acute on chronic systolic (congestive) heart failure,1,2025-09-02
D0001434,E0001143,P000229,E11.65,Type 2 diabetes mellitus with hyperglycemia,1,2025-09-02
D0001435,E0001144,P000012,I50.23,Acute on chronic systolic (congestive) heart failure,1,2025-09-02
D0001436,E0001144,P000012,E11.9,Type 2 diabetes mellitus without complications,0,2025-09-02
D0001437,E0001144,P000012,N18.9,"Chronic kidney disease, unspecified",0,2025-09-02
D0001438,E0001145,P001292,I10,Essential (primary) hypertension,1,2025-09-02
D0001439,E0001146,P001049,I10,Essential (primary) hypertension,1,2025-09-02
D0001440,E0001147,P000502,K21.9,Gastro-esophageal reflux disease without esophagitis,1,2025-09-02
D0001441,E0001148,P001266,I50.9,"Heart failure, unspecified",1,2025-09-02
D0001442,E0001149,P000307,N39.0,"Urinary tract infection, site not specified",1,2025-09-03
D0001443,E0001150,P001270,N39.0,"Urinary tract infection, site not specified",1,2025-09-03
D0001444,E0001151,P000345,J06.9,"Acute upper respiratory infection, unspecified",1,2025-09-03
D0001445,E0001152,P000112,E11.65,Type 2 diabetes mellitus with hyperglycemia,1,2025-09-03
D0001446,E0001153,P001211,I10,Essential (primary) hypertension,1,2025-09-03
D0001447,E0001154,P001386,I10,Essential (primary) hypertension,1,2025-09-03
D0001448,E0001155,P000415,N39.0,"Urinary tract infection, site not specified",1,2025-09-03
D0001449,E0001156,P000759,I50.9,"Heart failure, unspecified",1,2025-09-03
D0001450,E0001157,P000467,E11.9,Type 2 diabetes mellitus without complications,1,2025-09-03
D0001451,E0001158,P000191,Z23,Encounter for immunization,1,2025-09-04
D0001452,E0001159,P001034,N39.0,"Urinary tract infection, site not specified",1,2025-09-04
D0001453,E0001160,P001033,E11.65,Type 2 diabetes mellitus with hyperglycemia,1,2025-09-04
D0001454,E0001161,P000222,K92.2,"Gastrointestinal hemorrhage, unspecified",1,2025-09-04
D0001455,E0001162,P001336,I50.9,"Heart failure, unspecified",1,2025-09-04
D0001456,E0001163,P000106,M54.50,"Low back pain, unspecified",1,2025-09-04
D0001457,E0001164,P000733,I10,Essential (primary) hypertension,1,2025-09-05
D0001458,E0001165,P001271,Z23,Encounter for immunization,1,2025-09-05
D0001459,E0001166,P001371,J06.9,"Acute upper respiratory infection, unspecified",1,2025-09-05
D0001460,E0001167,P000209,J06.9,"Acute upper respiratory infection, unspecified",1,2025-09-05
D0001461,E0001168,P000438,I10,Essential (primary) hypertension,1,2025-09-05
D0001462,E0001169,P000217,N17.9,"Acute kidney failure, unspecified",1,2025-09-05
D0001463,E0001170,P000428,I50.23,Acute on chronic systolic (congestive) heart failure,1,2025-09-05
D0001464,E0001171,P000094,Z00.00,Encounter for general adult medical examination without abnormal findings,1,2025-09-05
D0001465,E0001172,P000059,I10,Essential (primary) hypertension,1,2025-09-05
D0001466,E0001173,P000083,I10,Essential (primary) hypertension,1,2025-09-05
D0001467,E0001174,P000931,E11.65,Type 2 diabetes mellitus with hyperglycemia,1,2025-09-05
D0001468,E0001175,P000217,N17.9,"Acute kidney failure, unspecified",1,2025-09-05
D0001469,E0001175,P000217,J44.9,"Chronic obstructive pulmonary disease, unspecified",0,2025-09-05
D0001470,E0001175,P000217,E11.9,Type 2 diabetes mellitus without complications,0,2025-09-05
D0001471,E0001176,P000042,R07.9,"Chest pain, unspecified",1,2025-09-05
D0001472,E0001177,P000208,E11.65,Type 2 diabetes mellitus with hyperglycemia,1,2025-09-05
D0001473,E0001177,P000208,I10,Essential (primary) hypertension,0,2025-09-05
D0001474,E0001178,P000577,T14.90XA,"Injury, unspecified, initial encounter",1,2025-09-05
D0001475,E0001178,P000577,N18.9,"Chronic kidney disease, unspecified",0,2025-09-05
D0001476,E0001179,P000080,I50.22,Chronic systolic (congestive) heart failure,1,2025-09-06
D0001477,E0001180,P000080,I50.22,Chronic systolic (congestive) heart failure,1,2025-09-06
D0001478,E0001180,P000080,E11.9,Type 2 diabetes mellitus without complications,0,2025-09-06
D0001479,E0001181,P001011,J44.1,Chronic obstructive pulmonary disease with (acute) exacerbation,1,2025-09-06
D0001480,E0001181,P001011,E11.9,Type 2 diabetes mellitus without complications,0,2025-09-06
D0001481,E0001181,P001011,I10,Essential (primary) hypertension,0,2025-09-06
D0001482,E0001182,P000711,R07.9,"Chest pain, unspecified",1,2025-09-06
D0001483,E0001182,P000711,J44.9,"Chronic obstructive pulmonary disease, unspecified",0,2025-09-06
D0001484,E0001182,P000711,I10,Essential (primary) hypertension,0,2025-09-06
D0001485,E0001183,P001281,J45.909,"Unspecified asthma, uncomplicated",1,2025-09-07
D0001486,E0001184,P000137,J06.9,"Acute upper respiratory infection, unspecified",1,2025-09-07
D0001487,E0001185,P001103,Z00.00,Encounter for general adult medical examination without abnormal findings,1,2025-09-08
D0001488,E0001186,P000321,E11.65,Type 2 diabetes mellitus with hyperglycemia,1,2025-09-08
D0001489,E0001187,P000337,I10,Essential (primary) hypertension,1,2025-09-08
D0001490,E0001188,P001154,I10,Essential (primary) hypertension,1,2025-09-08
D0001491,E0001189,P001313,I48.91,Unspecified atrial fibrillation,1,2025-09-08
D0001492,E0001190,P000736,J45.909,"Unspecified asthma, uncomplicated",1,2025-09-08
D0001493,E0001191,P000663,N39.0,"Urinary tract infection, site not specified",1,2025-09-09
D0001494,E0001192,P000656,I50.32,Chronic diastolic (congestive) heart failure,1,2025-09-09
D0001495,E0001193,P000607,I10,Essential (primary) hypertension,1,2025-09-09
D0001496,E0001194,P000217,E11.65,Type 2 diabetes mellitus with hyperglycemia,1,2025-09-09
D0001497,E0001195,P000487,M54.50,"Low back pain, unspecified",1,2025-09-09
D0001498,E0001196,P000930,J44.9,"Chronic obstructive pulmonary disease, unspecified",1,2025-09-09
D0001499,E0001197,P000663,N39.0,"Urinary tract infection, site not specified",1,2025-09-09
D0001500,E0001197,P000663,I10,Essential (primary) hypertension,0,2025-09-09
D0001501,E0001197,P000663,E78.5,"Hyperlipidemia, unspecified",0,2025-09-09
D0001502,E0001198,P000843,M54.50,"Low back pain, unspecified",1,2025-09-09
D0001503,E0001199,P001354,Z00.00,Encounter for general adult medical examination without abnormal findings,1,2025-09-09
D0001504,E0001200,P000491,N39.0,"Urinary tract infection, site not specified",1,2025-09-09
D0001505,E0001201,P000608,A41.9,"Sepsis, unspecified organism",1,2025-09-09
D0001506,E0001202,P000608,A41.9,"Sepsis, unspecified organism",1,2025-09-09
D0001507,E0001202,P000608,I10,Essential (primary) hypertension,0,2025-09-09
D0001508,E0001202,P000608,E78.5,"Hyperlipidemia, unspecified",0,2025-09-09
D0001509,E0001203,P000316,E78.5,"Hyperlipidemia, unspecified",1,2025-09-10
D0001510,E0001204,P000247,Z00.00,Encounter for general adult medical examination without abnormal findings,1,2025-09-10
D0001511,E0001205,P000684,N18.9,"Chronic kidney disease, unspecified",1,2025-09-10
D0001512,E0001206,P000330,I10,Essential (primary) hypertension,1,2025-09-10
D0001513,E0001207,P001160,E11.9,Type 2 diabetes mellitus without complications,1,2025-09-10
D0001514,E0001208,P000083,I50.32,Chronic diastolic (congestive) heart failure,1,2025-09-10
D0001515,E0001208,P000083,I10,Essential (primary) hypertension,0,2025-09-10
D0001516,E0001209,P000012,I50.22,Chronic systolic (congestive) heart failure,1,2025-09-10
D0001517,E0001210,P000070,I50.22,Chronic systolic (congestive) heart failure,1,2025-09-10
D0001518,E0001211,P000972,Z23,Encounter for immunization,1,2025-09-10
D0001519,E0001212,P000063,E11.9,Type 2 diabetes mellitus without complications,1,2025-09-10
D0001520,E0001213,P000655,N17.9,"Acute kidney failure, unspecified",1,2025-09-11
D0001521,E0001213,P000655,I50.9,"Heart failure, unspecified",0,2025-09-11
D0001522,E0001213,P000655,I10,Essential (primary) hypertension,0,2025-09-11
D0001523,E0001214,P001364,R55,Syncope and collapse,1,2025-09-11
D0001524,E0001215,P000747,Z00.00,Encounter for general adult medical examination without abnormal findings,1,2025-09-11
D0001525,E0001216,P000982,M54.50,"Low back pain, unspecified",1,2025-09-11
D0001526,E0001217,P000757,Z23,Encounter for immunization,1,2025-09-11
D0001527,E0001218,P001202,Z00.00,Encounter for general adult medical examination without abnormal findings,1,2025-09-11
D0001528,E0001219,P000090,I50.32,Chronic diastolic (congestive) heart failure,1,2025-09-11
D0001529,E0001220,P000291,I10,Essential (primary) hypertension,1,2025-09-11
D0001530,E0001221,P000711,R07.9,"Chest pain, unspecified",1,2025-09-11
D0001531,E0001222,P000551,Z23,Encounter for immunization,1,2025-09-12
D0001532,E0001223,P001159,J06.9,"Acute upper respiratory infection, unspecified",1,2025-09-12
D0001533,E0001224,P000810,E11.65,Type 2 diabetes mellitus with hyperglycemia,1,2025-09-12
D0001534,E0001225,P000008,E11.9,Type 2 diabetes mellitus without complications,1,2025-09-12
D0001535,E0001226,P000222,K21.9,Gastro-esophageal reflux disease without esophagitis,1,2025-09-12
D0001536,E0001227,P000629,Z23,Encounter for immunization,1,2025-09-12
D0001537,E0001228,P000466,E11.9,Type 2 diabetes mellitus without complications,1,2025-09-12
D0001538,E0001229,P001011,J44.9,"Chronic obstructive pulmonary disease, unspecified",1,2025-09-12
D0001539,E0001230,P001013,N39.0,"Urinary tract infection, site not specified",1,2025-09-12
D0001540,E0001231,P001118,K21.9,Gastro-esophageal reflux disease without esophagitis,1,2025-09-12
D0001541,E0001232,P001013,N39.0,"Urinary tract infection, site not specified",1,2025-09-12
D0001542,E0001232,P001013,I50.9,"Heart failure, unspecified",0,2025-09-12
D0001543,E0001233,P000493,A41.9,"Sepsis, unspecified organism",1,2025-09-13
D0001544,E0001234,P000493,A41.9,"Sepsis, unspecified organism",1,2025-09-13
D0001545,E0001234,P000493,I50.9,"Heart failure, unspecified",0,2025-09-13
D0001546,E0001234,P000493,E11.9,Type 2 diabetes mellitus without complications,0,2025-09-13
D0001547,E0001235,P000644,A41.9,"Sepsis, unspecified organism",1,2025-09-13
D0001548,E0001236,P000520,R07.9,"Chest pain, unspecified",1,2025-09-13
D0001549,E0001237,P001081,J18.9,"Pneumonia, unspecified organism",1,2025-09-13
D0001550,E0001237,P001081,J44.9,"Chronic obstructive pulmonary disease, unspecified",0,2025-09-13
D0001551,E0001237,P001081,I10,Essential (primary) hypertension,0,2025-09-13
D0001552,E0001238,P000162,M54.50,"Low back pain, unspecified",1,2025-09-13
D0001553,E0001239,P000520,R07.9,"Chest pain, unspecified",1,2025-09-13
D0001554,E0001239,P000520,J44.9,"Chronic obstructive pulmonary disease, unspecified",0,2025-09-13
D0001555,E0001240,P000996,Z23,Encounter for immunization,1,2025-09-15
D0001556,E0001241,P000290,I10,Essential (primary) hypertension,1,2025-09-15
D0001557,E0001242,P001311,N39.0,"Urinary tract infection, site not specified",1,2025-09-15
D0001558,E0001243,P001071,E11.65,Type 2 diabetes mellitus with hyperglycemia,1,2025-09-15
D0001559,E0001244,P000106,Z00.00,Encounter for general adult medical examination without abnormal findings,1,2025-09-15
D0001560,E0001245,P000475,E11.9,Type 2 diabetes mellitus without complications,1,2025-09-15
D0001561,E0001246,P000489,I10,Essential (primary) hypertension,1,2025-09-15
D0001562,E0001247,P000663,N39.0,"Urinary tract infection, site not specified",1,2025-09-15
D0001563,E0001248,P000620,M54.50,"Low back pain, unspecified",1,2025-09-16
D0001564,E0001249,P000126,I50.9,"Heart failure, unspecified",1,2025-09-16
D0001565,E0001250,P000830,I50.9,"Heart failure, unspecified",1,2025-09-16
D0001566,E0001251,P000510,I10,Essential (primary) hypertension,1,2025-09-16
D0001567,E0001252,P000779,R10.9,Unspecified abdominal pain,1,2025-09-16
D0001568,E0001253,P001012,M54.50,"Low back pain, unspecified",1,2025-09-16
D0001569,E0001254,P000254,Z23,Encounter for immunization,1,2025-09-16
D0001570,E0001255,P000643,J44.9,"Chronic obstructive pulmonary disease, unspecified",1,2025-09-16
D0001571,E0001255,P000643,N18.9,"Chronic kidney disease, unspecified",0,2025-09-16
D0001572,E0001256,P000830,I50.9,"Heart failure, unspecified",1,2025-09-16
D0001573,E0001256,P000830,J44.9,"Chronic obstructive pulmonary disease, unspecified",0,2025-09-16
D0001574,E0001256,P000830,I10,Essential (primary) hypertension,0,2025-09-16
D0001575,E0001257,P000385,I50.23,Acute on chronic systolic (congestive) heart failure,1,2025-09-16
D0001576,E0001257,P000385,E11.9,Type 2 diabetes mellitus without complications,0,2025-09-16
D0001577,E0001257,P000385,N18.9,"Chronic kidney disease, unspecified",0,2025-09-16
D0001578,E0001258,P000449,Z00.00,Encounter for general adult medical examination without abnormal findings,1,2025-09-17
D0001579,E0001259,P001048,J45.909,"Unspecified asthma, uncomplicated",1,2025-09-17
D0001580,E0001260,P001242,I50.22,Chronic systolic (congestive) heart failure,1,2025-09-17
D0001581,E0001261,P000360,I48.91,Unspecified atrial fibrillation,1,2025-09-17
D0001582,E0001261,P000360,E11.9,Type 2 diabetes mellitus without complications,0,2025-09-17
D0001583,E0001261,P000360,I10,Essential (primary) hypertension,0,2025-09-17
D0001584,E0001262,P001242,I50.22,Chronic systolic (congestive) heart failure,1,2025-09-17
D0001585,E0001262,P001242,J44.9,"Chronic obstructive pulmonary disease, unspecified",0,2025-09-17
D0001586,E0001263,P000966,E11.9,Type 2 diabetes mellitus without complications,1,2025-09-17
D0001587,E0001264,P001304,I50.9,"Heart failure, unspecified",1,2025-09-17
D0001588,E0001265,P001177,I10,Essential (primary) hypertension,1,2025-09-17
D0001589,E0001266,P000290,J06.9,"Acute upper respiratory infection, unspecified",1,2025-09-17
D0001590,E0001267,P000886,R10.9,Unspecified abdominal pain,1,2025-09-17
D0001591,E0001268,P000843,I48.91,Unspecified atrial fibrillation,1,2025-09-18
D0001592,E0001269,P000282,E11.65,Type 2 diabetes mellitus with hyperglycemia,1,2025-09-18
D0001593,E0001269,P000282,N18.9,"Chronic kidney disease, unspecified",0,2025-09-18
D0001594,E0001269,P000282,I10,Essential (primary) hypertension,0,2025-09-18
D0001595,E0001270,P000011,I50.9,"Heart failure, unspecified",1,2025-09-18
D0001596,E0001271,P001002,R10.9,Unspecified abdominal pain,1,2025-09-18
D0001597,E0001272,P000205,I10,Essential (primary) hypertension,1,2025-09-18
D0001598,E0001273,P000843,I48.91,Unspecified atrial fibrillation,1,2025-09-18
D0001599,E0001274,P000083,I50.22,Chronic systolic (congestive) heart failure,1,2025-09-18
D0001600,E0001275,P001084,K92.2,"Gastrointestinal hemorrhage, unspecified",1,2025-09-18
D0001601,E0001276,P000066,R10.9,Unspecified abdominal pain,1,2025-09-18
D0001602,E0001277,P000833,Z00.00,Encounter for general adult medical examination without abnormal findings,1,2025-09-18
D0001603,E0001278,P000099,R55,Syncope and collapse,1,2025-09-18
D0001604,E0001279,P000626,J44.9,"Chronic obstructive pulmonary disease, unspecified",1,2025-09-19
D0001605,E0001280,P000957,I50.9,"Heart failure, unspecified",1,2025-09-19
D0001606,E0001280,P000957,E11.9,Type 2 diabetes mellitus without complications,0,2025-09-19
D0001607,E0001281,P000193,I50.22,Chronic systolic (congestive) heart failure,1,2025-09-19
D0001608,E0001282,P000852,A41.9,"Sepsis, unspecified organism",1,2025-09-19
D0001609,E0001283,P001345,R07.9,"Chest pain, unspecified",1,2025-09-19
D0001610,E0001284,P001156,N18.9,"Chronic kidney disease, unspecified",1,2025-09-19
D0001611,E0001285,P000608,A41.9,"Sepsis, unspecified organism",1,2025-09-19
D0001612,E0001286,P001217,I50.9,"Heart failure, unspecified",1,2025-09-19
D0001613,E0001287,P000921,J45.909,"Unspecified asthma, uncomplicated",1,2025-09-19
D0001614,E0001288,P000947,M54.50,"Low back pain, unspecified",1,2025-09-19
D0001615,E0001289,P001190,E11.65,Type 2 diabetes mellitus with hyperglycemia,1,2025-09-19
D0001616,E0001290,P000193,I50.22,Chronic systolic (congestive) heart failure,1,2025-09-19
D0001617,E0001291,P000012,I50.9,"Heart failure, unspecified",1,2025-09-19
D0001618,E0001292,P000012,I50.9,"Heart failure, unspecified",1,2025-09-20
D0001619,E0001292,P000012,E11.9,Type 2 diabetes mellitus without complications,0,2025-09-20
D0001620,E0001292,P000012,N18.9,"Chronic kidney disease, unspecified",0,2025-09-20
D0001621,E0001293,P000363,I50.9,"Heart failure, unspecified",1,2025-09-20
D0001622,E0001294,P000363,I50.9,"Heart failure, unspecified",1,2025-09-20
D0001623,E0001294,P000363,I10,Essential (primary) hypertension,0,2025-09-20
D0001624,E0001295,P001340,T14.90XA,"Injury, unspecified, initial encounter",1,2025-09-20
D0001625,E0001296,P000353,R07.9,"Chest pain, unspecified",1,2025-09-20
D0001626,E0001297,P000353,R07.9,"Chest pain, unspecified",1,2025-09-20
D0001627,E0001298,P000884,I50.23,Acute on chronic systolic (congestive) heart failure,1,2025-09-20
D0001628,E0001299,P001134,E11.65,Type 2 diabetes mellitus with hyperglycemia,1,2025-09-20
D0001629,E0001300,P001134,E11.65,Type 2 diabetes mellitus with hyperglycemia,1,2025-09-20
D0001630,E0001300,P001134,I10,Essential (primary) hypertension,0,2025-09-20
D0001631,E0001301,P001266,I50.9,"Heart failure, unspecified",1,2025-09-22
D0001632,E0001302,P000830,I50.32,Chronic diastolic (congestive) heart failure,1,2025-09-22
D0001633,E0001303,P000959,Z23,Encounter for immunization,1,2025-09-22
D0001634,E0001304,P000611,Z23,Encounter for immunization,1,2025-09-22
D0001635,E0001305,P000280,N18.9,"Chronic kidney disease, unspecified",1,2025-09-22
D0001636,E0001306,P000731,I10,Essential (primary) hypertension,1,2025-09-22
D0001637,E0001307,P001383,I50.9,"Heart failure, unspecified",1,2025-09-22
D0001638,E0001308,P001383,I50.9,"Heart failure, unspecified",1,2025-09-22
D0001639,E0001309,P000412,J18.9,"Pneumonia, unspecified organism",1,2025-09-23
D0001640,E0001309,P000412,E78.5,"Hyperlipidemia, unspecified",0,2025-09-23
D0001641,E0001310,P000855,I50.9,"Heart failure, unspecified",1,2025-09-23
D0001642,E0001310,P000855,E11.9,Type 2 diabetes mellitus without complications,0,2025-09-23
D0001643,E0001311,P001272,I10,Essential (primary) hypertension,1,2025-09-23
D0001644,E0001312,P000481,N39.0,"Urinary tract infection, site not specified",1,2025-09-23
D0001645,E0001313,P001020,I10,Essential (primary) hypertension,1,2025-09-23
D0001646,E0001314,P000903,I10,Essential (primary) hypertension,1,2025-09-23
D0001647,E0001315,P000207,I10,Essential (primary) hypertension,1,2025-09-23
D0001648,E0001316,P000803,I50.9,"Heart failure, unspecified",1,2025-09-23
D0001649,E0001317,P001219,I50.9,"Heart failure, unspecified",1,2025-09-23
D0001650,E0001317,P001219,I10,Essential (primary) hypertension,0,2025-09-23
D0001651,E0001318,P000209,I21.4,Non-ST elevation (NSTEMI) myocardial infarction,1,2025-09-23
D0001652,E0001318,P000209,I10,Essential (primary) hypertension,0,2025-09-23
D0001653,E0001319,P000066,E78.5,"Hyperlipidemia, unspecified",1,2025-09-23
D0001654,E0001320,P000507,J18.9,"Pneumonia, unspecified organism",1,2025-09-23
D0001655,E0001321,P000411,K92.2,"Gastrointestinal hemorrhage, unspecified",1,2025-09-23
D0001656,E0001321,P000411,I50.9,"Heart failure, unspecified",0,2025-09-23
D0001657,E0001321,P000411,E11.9,Type 2 diabetes mellitus without complications,0,2025-09-23
D0001658,E0001322,P000321,T14.90XA,"Injury, unspecified, initial encounter",1,2025-09-23
D0001659,E0001323,P001235,J06.9,"Acute upper respiratory infection, unspecified",1,2025-09-23
D0001660,E0001324,P001242,I50.9,"Heart failure, unspecified",1,2025-09-24
D0001661,E0001325,P000416,J44.9,"Chronic obstructive pulmonary disease, unspecified",1,2025-09-24
D0001662,E0001326,P000218,A41.9,"Sepsis, unspecified organism",1,2025-09-24
D0001663,E0001327,P001242,I50.9,"Heart failure, unspecified",1,2025-09-24
D0001664,E0001327,P001242,J44.9,"Chronic obstructive pulmonary disease, unspecified",0,2025-09-24
D0001665,E0001327,P001242,I10,Essential (primary) hypertension,0,2025-09-24
D0001666,E0001328,P000520,R07.9,"Chest pain, unspecified",1,2025-09-24
D0001667,E0001329,P001236,I50.9,"Heart failure, unspecified",1,2025-09-24
D0001668,E0001330,P000812,I50.9,"Heart failure, unspecified",1,2025-09-24
D0001669,E0001331,P000419,I50.9,"Heart failure, unspecified",1,2025-09-24
D0001670,E0001332,P000218,A41.9,"Sepsis, unspecified organism",1,2025-09-24
D0001671,E0001332,P000218,I50.9,"Heart failure, unspecified",0,2025-09-24
D0001672,E0001332,P000218,E11.9,Type 2 diabetes mellitus without complications,0,2025-09-24
D0001673,E0001333,P000516,K21.9,Gastro-esophageal reflux disease without esophagitis,1,2025-09-25
D0001674,E0001334,P000162,J06.9,"Acute upper respiratory infection, unspecified",1,2025-09-25
D0001675,E0001335,P001273,J44.1,Chronic obstructive pulmonary disease with (acute) exacerbation,1,2025-09-25
D0001676,E0001336,P001273,J44.1,Chronic obstructive pulmonary disease with (acute) exacerbation,1,2025-09-25
D0001677,E0001336,P001273,I50.9,"Heart failure, unspecified",0,2025-09-25
D0001678,E0001336,P001273,I10,Essential (primary) hypertension,0,2025-09-25
D0001679,E0001337,P000855,E11.9,Type 2 diabetes mellitus without complications,1,2025-09-25
D0001680,E0001338,P000585,J45.909,"Unspecified asthma, uncomplicated",1,2025-09-25
D0001681,E0001339,P000830,I50.9,"Heart failure, unspecified",1,2025-09-25
D0001682,E0001340,P000428,I50.23,Acute on chronic systolic (congestive) heart failure,1,2025-09-25
D0001683,E0001341,P000428,I50.23,Acute on chronic systolic (congestive) heart failure,1,2025-09-25
D0001684,E0001341,P000428,N18.9,"Chronic kidney disease, unspecified",0,2025-09-25
D0001685,E0001341,P000428,I10,Essential (primary) hypertension,0,2025-09-25
D0001686,E0001342,P000852,J06.9,"Acute upper respiratory infection, unspecified",1,2025-09-25
D0001687,E0001343,P000295,N39.0,"Urinary tract infection, site not specified",1,2025-09-26
D0001688,E0001344,P000616,R10.9,Unspecified abdominal pain,1,2025-09-26
D0001689,E0001345,P000434,I50.9,"Heart failure, unspecified",1,2025-09-26
D0001690,E0001346,P001178,I10,Essential (primary) hypertension,1,2025-09-26
D0001691,E0001347,P000295,N39.0,"Urinary tract infection, site not specified",1,2025-09-26
D0001692,E0001347,P000295,I50.9,"Heart failure, unspecified",0,2025-09-26
D0001693,E0001347,P000295,I10,Essential (primary) hypertension,0,2025-09-26
D0001694,E0001348,P000207,R07.9,"Chest pain, unspecified",1,2025-09-26
D0001695,E0001349,P000516,N39.0,"Urinary tract infection, site not specified",1,2025-09-26
D0001696,E0001350,P000164,N18.9,"Chronic kidney disease, unspecified",1,2025-09-26
D0001697,E0001351,P000752,J44.9,"Chronic obstructive pulmonary disease, unspecified",1,2025-09-26
D0001698,E0001352,P000363,I50.32,Chronic diastolic (congestive) heart failure,1,2025-09-26
D0001699,E0001353,P000516,N39.0,"Urinary tract infection, site not specified",1,2025-09-26
D0001700,E0001354,P000122,Z23,Encounter for immunization,1,2025-09-26
D0001701,E0001355,P000971,J06.9,"Acute upper respiratory infection, unspecified",1,2025-09-26
D0001702,E0001356,P000643,J44.1,Chronic obstructive pulmonary disease with (acute) exacerbation,1,2025-09-27
D0001703,E0001357,P001088,N39.0,"Urinary tract infection, site not specified",1,2025-09-27
D0001704,E0001358,P000643,J44.1,Chronic obstructive pulmonary disease with (acute) exacerbation,1,2025-09-27
D0001705,E0001358,P000643,N18.9,"Chronic kidney disease, unspecified",0,2025-09-27
D0001706,E0001358,P000643,E78.5,"Hyperlipidemia, unspecified",0,2025-09-27
D0001707,E0001359,P001309,T14.90XA,"Injury, unspecified, initial encounter",1,2025-09-27
D0001708,E0001360,P000677,M54.50,"Low back pain, unspecified",1,2025-09-27
D0001709,E0001361,P000058,R07.9,"Chest pain, unspecified",1,2025-09-27
D0001710,E0001361,P000058,J44.9,"Chronic obstructive pulmonary disease, unspecified",0,2025-09-27
D0001711,E0001361,P000058,I10,Essential (primary) hypertension,0,2025-09-27
D0001712,E0001362,P000357,N17.9,"Acute kidney failure, unspecified",1,2025-09-28
D0001713,E0001362,P000357,N18.9,"Chronic kidney disease, unspecified",0,2025-09-28
D0001714,E0001362,P000357,I10,Essential (primary) hypertension,0,2025-09-28
D0001715,E0001363,P001326,M54.50,"Low back pain, unspecified",1,2025-09-28
D0001716,E0001364,P000015,A41.9,"Sepsis, unspecified organism",1,2025-09-28
D0001717,E0001365,P000015,A41.9,"Sepsis, unspecified organism",1,2025-09-28
D0001718,E0001365,P000015,E11.9,Type 2 diabetes mellitus without complications,0,2025-09-28
D0001719,E0001365,P000015,I10,Essential (primary) hypertension,0,2025-09-28
D0001720,E0001366,P000625,I21.4,Non-ST elevation (NSTEMI) myocardial infarction,1,2025-09-29
D0001721,E0001367,P000051,I50.23,Acute on chronic systolic (congestive) heart failure,1,2025-09-29
D0001722,E0001368,P000625,I21.4,Non-ST elevation (NSTEMI) myocardial infarction,1,2025-09-29
D0001723,E0001369,P000530,I10,Essential (primary) hypertension,1,2025-09-29
D0001724,E0001369,P000530,I50.9,"Heart failure, unspecified",0,2025-09-29
D0001725,E0001370,P000258,R10.9,Unspecified abdominal pain,1,2025-09-29
D0001726,E0001371,P000223,I50.22,Chronic systolic (congestive) heart failure,1,2025-09-29
D0001727,E0001372,P000385,I50.32,Chronic diastolic (congestive) heart failure,1,2025-09-29
D0001728,E0001373,P000644,A41.9,"Sepsis, unspecified organism",1,2025-09-29
D0001729,E0001374,P000957,I50.22,Chronic systolic (congestive) heart failure,1,2025-09-29
D0001730,E0001375,P001025,Z00.00,Encounter for general adult medical examination without abnormal findings,1,2025-09-29
D0001731,E0001376,P000065,J44.1,Chronic obstructive pulmonary disease with (acute) exacerbation,1,2025-09-29
D0001732,E0001377,P001222,I10,Essential (primary) hypertension,1,2025-09-30
D0001733,E0001378,P000548,I10,Essential (primary) hypertension,1,2025-09-30
D0001734,E0001379,P000594,M54.50,"Low back pain, unspecified",1,2025-09-30
D0001735,E0001380,P000367,E11.9,Type 2 diabetes mellitus without complications,1,2025-09-30
D0001736,E0001381,P000217,E11.9,Type 2 diabetes mellitus without complications,1,2025-09-30
D0001737,E0001381,P000217,J44.9,"Chronic obstructive pulmonary disease, unspecified",0,2025-09-30
D0001738,E0001382,P000830,I50.9,"Heart failure, unspecified",1,2025-09-30
D0001739,E0001383,P000337,I10,Essential (primary) hypertension,1,2025-09-30
D0001740,E0001384,P000412,J18.9,"Pneumonia, unspecified organism",1,2025-09-30
D0001741,E0001385,P000830,I50.9,"Heart failure, unspecified",1,2025-09-30
D0001742,E0001385,P000830,I10,Essential (primary) hypertension,0,2025-09-30
D0001743,E0001386,P000749,M54.50,"Low back pain, unspecified",1,2025-10-01
D0001744,E0001387,P001179,J44.9,"Chronic obstructive pulmonary disease, unspecified",1,2025-10-01
D0001745,E0001388,P000815,I50.22,Chronic systolic (congestive) heart failure,1,2025-10-01
D0001746,E0001389,P000085,I50.23,Acute on chronic systolic (congestive) heart failure,1,2025-10-01
D0001747,E0001390,P000516,N39.0,"Urinary tract infection, site not specified",1,2025-10-01
D0001748,E0001391,P001048,I50.22,Chronic systolic (congestive) heart failure,1,2025-10-01
D0001749,E0001392,P000285,J18.9,"Pneumonia, unspecified organism",1,2025-10-01
D0001750,E0001392,P000285,N18.9,"Chronic kidney disease, unspecified",0,2025-10-01
D0001751,E0001393,P000963,I10,Essential (primary) hypertension,1,2025-10-01
D0001752,E0001394,P000507,J18.9,"Pneumonia, unspecified organism",1,2025-10-01
D0001753,E0001395,P000085,I50.23,Acute on chronic systolic (congestive) heart failure,1,2025-10-01
D0001754,E0001395,P000085,I10,Essential (primary) hypertension,0,2025-10-01
D0001755,E0001396,P001164,A41.9,"Sepsis, unspecified organism",1,2025-10-01
D0001756,E0001397,P000152,R55,Syncope and collapse,1,2025-10-01
D0001757,E0001398,P001164,A41.9,"Sepsis, unspecified organism",1,2025-10-01
D0001758,E0001399,P000688,I50.22,Chronic systolic (congestive) heart failure,1,2025-10-01
D0001759,E0001399,P000688,I10,Essential (primary) hypertension,0,2025-10-01
D0001760,E0001400,P001266,M54.50,"Low back pain, unspecified",1,2025-10-02
D0001761,E0001401,P000765,I50.9,"Heart failure, unspecified",1,2025-10-02
D0001762,E0001402,P000943,Z23,Encounter for immunization,1,2025-10-02
D0001763,E0001403,P000979,J45.909,"Unspecified asthma, uncomplicated",1,2025-10-02
D0001764,E0001404,P000582,E78.5,"Hyperlipidemia, unspecified",1,2025-10-02
D0001765,E0001405,P000434,J44.9,"Chronic obstructive pulmonary disease, unspecified",1,2025-10-02
D0001766,E0001406,P001324,I10,Essential (primary) hypertension,1,2025-10-02
D0001767,E0001407,P000289,J44.9,"Chronic obstructive pulmonary disease, unspecified",1,2025-10-02
D0001768,E0001408,P000427,R10.9,Unspecified abdominal pain,1,2025-10-02
D0001769,E0001409,P000837,M54.50,"Low back pain, unspecified",1,2025-10-02
D0001770,E0001409,P000837,I10,Essential (primary) hypertension,0,2025-10-02
D0001771,E0001410,P000885,K92.2,"Gastrointestinal hemorrhage, unspecified",1,2025-10-03
D0001772,E0001411,P000438,N39.0,"Urinary tract infection, site not specified",1,2025-10-03
D0001773,E0001412,P000295,N39.0,"Urinary tract infection, site not specified",1,2025-10-03
D0001774,E0001413,P000885,K92.2,"Gastrointestinal hemorrhage, unspecified",1,2025-10-03
D0001775,E0001413,P000885,I10,Essential (primary) hypertension,0,2025-10-03
D0001776,E0001413,P000885,E78.5,"Hyperlipidemia, unspecified",0,2025-10-03
D0001777,E0001414,P000694,I50.32,Chronic diastolic (congestive) heart failure,1,2025-10-03
D0001778,E0001415,P000810,E11.65,Type 2 diabetes mellitus with hyperglycemia,1,2025-10-03
D0001779,E0001416,P000675,Z00.00,Encounter for general adult medical examination without abnormal findings,1,2025-10-03
D0001780,E0001417,P000438,N39.0,"Urinary tract infection, site not specified",1,2025-10-03
D0001781,E0001417,P000438,I50.9,"Heart failure, unspecified",0,2025-10-03
D0001782,E0001417,P000438,E11.9,Type 2 diabetes mellitus without complications,0,2025-10-03
D0001783,E0001418,P000781,I10,Essential (primary) hypertension,1,2025-10-03
D0001784,E0001419,P001013,N39.0,"Urinary tract infection, site not specified",1,2025-10-03
D0001785,E0001420,P000274,R10.9,Unspecified abdominal pain,1,2025-10-03
D0001786,E0001421,P001029,J45.909,"Unspecified asthma, uncomplicated",1,2025-10-03
D0001787,E0001422,P000640,E78.5,"Hyperlipidemia, unspecified",1,2025-10-03
D0001788,E0001423,P001105,I50.23,Acute on chronic systolic (congestive) heart failure,1,2025-10-04
D0001789,E0001424,P001137,R07.9,"Chest pain, unspecified",1,2025-10-04
D0001790,E0001425,P001378,N17.9,"Acute kidney failure, unspecified",1,2025-10-05
D0001791,E0001426,P001378,N17.9,"Acute kidney failure, unspecified",1,2025-10-05
D0001792,E0001426,P001378,E11.9,Type 2 diabetes mellitus without complications,0,2025-10-05
D0001793,E0001426,P001378,N18.9,"Chronic kidney disease, unspecified",0,2025-10-05
D0001794,E0001427,P001262,I50.23,Acute on chronic systolic (congestive) heart failure,1,2025-10-06
D0001795,E0001428,P000493,I50.9,"Heart failure, unspecified",1,2025-10-06
D0001796,E0001429,P001262,I50.23,Acute on chronic systolic (congestive) heart failure,1,2025-10-06
D0001797,E0001430,P000265,I50.32,Chronic diastolic (congestive) heart failure,1,2025-10-06
D0001798,E0001431,P000347,Z00.00,Encounter for general adult medical examination without abnormal findings,1,2025-10-06
D0001799,E0001432,P001336,Z23,Encounter for immunization,1,2025-10-06
D0001800,E0001433,P001071,E11.9,Type 2 diabetes mellitus without complications,1,2025-10-06
D0001801,E0001434,P000663,J06.9,"Acute upper respiratory infection, unspecified",1,2025-10-06
D0001802,E0001435,P000440,I10,Essential (primary) hypertension,1,2025-10-07
D0001803,E0001436,P000262,Z00.00,Encounter for general adult medical examination without abnormal findings,1,2025-10-07
D0001804,E0001437,P001075,Z23,Encounter for immunization,1,2025-10-07
D0001805,E0001438,P001273,J44.9,"Chronic obstructive pulmonary disease, unspecified",1,2025-10-07
D0001806,E0001439,P000322,N18.9,"Chronic kidney disease, unspecified",1,2025-10-07
D0001807,E0001440,P000267,Z23,Encounter for immunization,1,2025-10-07
D0001808,E0001441,P001092,J44.1,Chronic obstructive pulmonary disease with (acute) exacerbation,1,2025-10-08
D0001809,E0001442,P000971,Z00.00,Encounter for general adult medical examination without abnormal findings,1,2025-10-08
D0001810,E0001443,P001003,I50.32,Chronic diastolic (congestive) heart failure,1,2025-10-08
D0001811,E0001444,P000778,M54.50,"Low back pain, unspecified",1,2025-10-08
D0001812,E0001444,P000778,N18.9,"Chronic kidney disease, unspecified",0,2025-10-08
D0001813,E0001445,P001103,M54.50,"Low back pain, unspecified",1,2025-10-08
D0001814,E0001446,P001092,J44.1,Chronic obstructive pulmonary disease with (acute) exacerbation,1,2025-10-08
D0001815,E0001447,P000011,I50.32,Chronic diastolic (congestive) heart failure,1,2025-10-08
D0001816,E0001448,P000656,R10.9,Unspecified abdominal pain,1,2025-10-08
D0001817,E0001449,P001003,I50.32,Chronic diastolic (congestive) heart failure,1,2025-10-08
D0001818,E0001449,P001003,I10,Essential (primary) hypertension,0,2025-10-08
D0001819,E0001449,P001003,E78.5,"Hyperlipidemia, unspecified",0,2025-10-08
D0001820,E0001450,P000109,J06.9,"Acute upper respiratory infection, unspecified",1,2025-10-08
D0001821,E0001451,P000409,Z00.00,Encounter for general adult medical examination without abnormal findings,1,2025-10-08
D0001822,E0001452,P000772,Z23,Encounter for immunization,1,2025-10-08
D0001823,E0001453,P000085,I50.9,"Heart failure, unspecified",1,2025-10-08
D0001824,E0001454,P000222,I21.4,Non-ST elevation (NSTEMI) myocardial infarction,1,2025-10-08
D0001825,E0001455,P000222,I21.4,Non-ST elevation (NSTEMI) myocardial infarction,1,2025-10-08
D0001826,E0001456,P001006,Z00.00,Encounter for general adult medical examination without abnormal findings,1,2025-10-09
D0001827,E0001457,P001312,J18.9,"Pneumonia, unspecified organism",1,2025-10-09
D0001828,E0001458,P001109,J06.9,"Acute upper respiratory infection, unspecified",1,2025-10-09
D0001829,E0001459,P000152,R55,Syncope and collapse,1,2025-10-09
D0001830,E0001460,P000411,K92.2,"Gastrointestinal hemorrhage, unspecified",1,2025-10-09
D0001831,E0001461,P001271,N39.0,"Urinary tract infection, site not specified",1,2025-10-10
D0001832,E0001462,P001271,N39.0,"Urinary tract infection, site not specified",1,2025-10-10
D0001833,E0001463,P000899,E11.9,Type 2 diabetes mellitus without complications,1,2025-10-10
D0001834,E0001464,P000875,M54.50,"Low back pain, unspecified",1,2025-10-10
D0001835,E0001465,P000959,I48.91,Unspecified atrial fibrillation,1,2025-10-10
D0001836,E0001466,P001105,J06.9,"Acute upper respiratory infection, unspecified",1,2025-10-10
D0001837,E0001467,P000959,I48.91,Unspecified atrial fibrillation,1,2025-10-10
D0001838,E0001467,P000959,N18.9,"Chronic kidney disease, unspecified",0,2025-10-10
D0001839,E0001467,P000959,I10,Essential (primary) hypertension,0,2025-10-10
D0001840,E0001468,P000830,I50.32,Chronic diastolic (congestive) heart failure,1,2025-10-10
D0001841,E0001469,P000722,M54.50,"Low back pain, unspecified",1,2025-10-10
D0001842,E0001470,P001091,I10,Essential (primary) hypertension,1,2025-10-10
D0001843,E0001471,P000438,N39.0,"Urinary tract infection, site not specified",1,2025-10-10
D0001844,E0001472,P001375,I21.4,Non-ST elevation (NSTEMI) myocardial infarction,1,2025-10-10
D0001845,E0001472,P001375,J44.9,"Chronic obstructive pulmonary disease, unspecified",0,2025-10-10
D0001846,E0001472,P001375,I10,Essential (primary) hypertension,0,2025-10-10
D0001847,E0001473,P000797,I21.4,Non-ST elevation (NSTEMI) myocardial infarction,1,2025-10-11
D0001848,E0001474,P001342,J44.1,Chronic obstructive pulmonary disease with (acute) exacerbation,1,2025-10-11
D0001849,E0001475,P001342,J44.1,Chronic obstructive pulmonary disease with (acute) exacerbation,1,2025-10-11
D0001850,E0001476,P000797,I21.4,Non-ST elevation (NSTEMI) myocardial infarction,1,2025-10-11
D0001851,E0001476,P000797,I10,Essential (primary) hypertension,0,2025-10-11
D0001852,E0001477,P000830,I50.22,Chronic systolic (congestive) heart failure,1,2025-10-12
D0001853,E0001478,P000293,T14.90XA,"Injury, unspecified, initial encounter",1,2025-10-12
D0001854,E0001479,P000830,I50.22,Chronic systolic (congestive) heart failure,1,2025-10-12
D0001855,E0001479,P000830,J44.9,"Chronic obstructive pulmonary disease, unspecified",0,2025-10-12
D0001856,E0001479,P000830,I10,Essential (primary) hypertension,0,2025-10-12
D0001857,E0001480,P000114,Z23,Encounter for immunization,1,2025-10-13
D0001858,E0001481,P000622,I10,Essential (primary) hypertension,1,2025-10-13
D0001859,E0001482,P001048,J06.9,"Acute upper respiratory infection, unspecified",1,2025-10-13
D0001860,E0001483,P000885,K92.2,"Gastrointestinal hemorrhage, unspecified",1,2025-10-13
D0001861,E0001484,P001387,E11.9,Type 2 diabetes mellitus without complications,1,2025-10-13
D0001862,E0001485,P000688,I50.22,Chronic systolic (congestive) heart failure,1,2025-10-13
D0001863,E0001486,P000968,J45.909,"Unspecified asthma, uncomplicated",1,2025-10-13
D0001864,E0001487,P001337,R10.9,Unspecified abdominal pain,1,2025-10-13
D0001865,E0001488,P000246,E11.9,Type 2 diabetes mellitus without complications,1,2025-10-13
D0001866,E0001488,P000246,I50.9,"Heart failure, unspecified",0,2025-10-13
D0001867,E0001489,P000749,J18.9,"Pneumonia, unspecified organism",1,2025-10-14
D0001868,E0001489,P000749,E11.9,Type 2 diabetes mellitus without complications,0,2025-10-14
D0001869,E0001489,P000749,I10,Essential (primary) hypertension,0,2025-10-14
D0001870,E0001490,P000814,J18.9,"Pneumonia, unspecified organism",1,2025-10-14
D0001871,E0001491,P001110,Z00.00,Encounter for general adult medical examination without abnormal findings,1,2025-10-14
D0001872,E0001492,P001002,Z23,Encounter for immunization,1,2025-10-14
D0001873,E0001493,P000860,R10.9,Unspecified abdominal pain,1,2025-10-14
D0001874,E0001494,P000814,J18.9,"Pneumonia, unspecified organism",1,2025-10-14
D0001875,E0001494,P000814,E78.5,"Hyperlipidemia, unspecified",0,2025-10-14
D0001876,E0001495,P001029,I10,Essential (primary) hypertension,1,2025-10-14
D0001877,E0001496,P001127,M54.50,"Low back pain, unspecified",1,2025-10-14
D0001878,E0001497,P000478,Z00.00,Encounter for general adult medical examination without abnormal findings,1,2025-10-14
D0001879,E0001498,P001378,N17.9,"Acute kidney failure, unspecified",1,2025-10-14
D0001880,E0001499,P000896,I50.23,Acute on chronic systolic (congestive) heart failure,1,2025-10-14
D0001881,E0001500,P000688,J06.9,"Acute upper respiratory infection, unspecified",1,2025-10-14
D0001882,E0001501,P000819,R55,Syncope and collapse,1,2025-10-14
D0001883,E0001502,P000896,I50.23,Acute on chronic systolic (congestive) heart failure,1,2025-10-14
D0001884,E0001503,P000251,J18.9,"Pneumonia, unspecified organism",1,2025-10-15
D0001885,E0001504,P000251,J18.9,"Pneumonia, unspecified organism",1,2025-10-15
D0001886,E0001504,P000251,J44.9,"Chronic obstructive pulmonary disease, unspecified",0,2025-10-15
D0001887,E0001504,P000251,E78.5,"Hyperlipidemia, unspecified",0,2025-10-15
D0001888,E0001505,P000670,J06.9,"Acute upper respiratory infection, unspecified",1,2025-10-15
D0001889,E0001506,P001375,I21.4,Non-ST elevation (NSTEMI) myocardial infarction,1,2025-10-15
D0001890,E0001507,P001191,R10.9,Unspecified abdominal pain,1,2025-10-15
D0001891,E0001508,P000959,I48.91,Unspecified atrial fibrillation,1,2025-10-15
D0001892,E0001509,P000963,I10,Essential (primary) hypertension,1,2025-10-15
D0001893,E0001510,P000462,T14.90XA,"Injury, unspecified, initial encounter",1,2025-10-15
D0001894,E0001511,P000754,Z00.00,Encounter for general adult medical examination without abnormal findings,1,2025-10-15
D0001895,E0001512,P000929,J06.9,"Acute upper respiratory infection, unspecified",1,2025-10-15
D0001896,E0001513,P000563,J06.9,"Acute upper respiratory infection, unspecified",1,2025-10-15
D0001897,E0001514,P001004,I10,Essential (primary) hypertension,1,2025-10-15
D0001898,E0001515,P001345,M54.50,"Low back pain, unspecified",1,2025-10-15
D0001899,E0001516,P000684,J06.9,"Acute upper respiratory infection, unspecified",1,2025-10-15
D0001900,E0001517,P000757,T14.90XA,"Injury, unspecified, initial encounter",1,2025-10-15
D0001901,E0001518,P000127,Z00.00,Encounter for general adult medical examination without abnormal findings,1,2025-10-16
D0001902,E0001519,P000547,Z00.00,Encounter for general adult medical examination without abnormal findings,1,2025-10-16
D0001903,E0001520,P000209,I21.4,Non-ST elevation (NSTEMI) myocardial infarction,1,2025-10-16
D0001904,E0001521,P000708,R07.9,"Chest pain, unspecified",1,2025-10-16
D0001905,E0001522,P000386,Z00.00,Encounter for general adult medical examination without abnormal findings,1,2025-10-16
D0001906,E0001523,P001003,I50.22,Chronic systolic (congestive) heart failure,1,2025-10-16
D0001907,E0001524,P000498,Z00.00,Encounter for general adult medical examination without abnormal findings,1,2025-10-16
D0001908,E0001525,P000127,I10,Essential (primary) hypertension,1,2025-10-16
D0001909,E0001526,P000428,I50.22,Chronic systolic (congestive) heart failure,1,2025-10-16
D0001910,E0001527,P000201,J06.9,"Acute upper respiratory infection, unspecified",1,2025-10-17
D0001911,E0001528,P000796,I10,Essential (primary) hypertension,1,2025-10-17
D0001912,E0001529,P001271,N39.0,"Urinary tract infection, site not specified",1,2025-10-17
D0001913,E0001530,P001164,A41.9,"Sepsis, unspecified organism",1,2025-10-17
D0001914,E0001531,P001074,I10,Essential (primary) hypertension,1,2025-10-17
D0001915,E0001532,P000886,E11.9,Type 2 diabetes mellitus without complications,1,2025-10-17
D0001916,E0001533,P000184,I50.22,Chronic systolic (congestive) heart failure,1,2025-10-17
D0001917,E0001533,P000184,I10,Essential (primary) hypertension,0,2025-10-17
D0001918,E0001534,P000620,I50.9,"Heart failure, unspecified",1,2025-10-17
D0001919,E0001534,P000620,I10,Essential (primary) hypertension,0,2025-10-17
D0001920,E0001535,P001337,R07.9,"Chest pain, unspecified",1,2025-10-18
D0001921,E0001536,P000147,N39.0,"Urinary tract infection, site not specified",1,2025-10-18
D0001922,E0001537,P000147,N39.0,"Urinary tract infection, site not specified",1,2025-10-18
D0001923,E0001538,P000083,I50.9,"Heart failure, unspecified",1,2025-10-18
D0001924,E0001538,P000083,J44.9,"Chronic obstructive pulmonary disease, unspecified",0,2025-10-18
D0001925,E0001538,P000083,I10,Essential (primary) hypertension,0,2025-10-18
D0001926,E0001539,P001273,J44.1,Chronic obstructive pulmonary disease with (acute) exacerbation,1,2025-10-18
D0001927,E0001539,P001273,I10,Essential (primary) hypertension,0,2025-10-18
D0001928,E0001540,P000416,J44.1,Chronic obstructive pulmonary disease with (acute) exacerbation,1,2025-10-18
D0001929,E0001541,P000759,J18.9,"Pneumonia, unspecified organism",1,2025-10-19
D0001930,E0001541,P000759,I50.9,"Heart failure, unspecified",0,2025-10-19
D0001931,E0001541,P000759,E11.9,Type 2 diabetes mellitus without complications,0,2025-10-19
D0001932,E0001542,P000450,J18.9,"Pneumonia, unspecified organism",1,2025-10-19
D0001933,E0001542,P000450,E78.5,"Hyperlipidemia, unspecified",0,2025-10-19
D0001934,E0001543,P001237,J44.9,"Chronic obstructive pulmonary disease, unspecified",1,2025-10-20
D0001935,E0001544,P000666,A41.9,"Sepsis, unspecified organism",1,2025-10-20
D0001936,E0001545,P000702,R07.9,"Chest pain, unspecified",1,2025-10-20
D0001937,E0001546,P000295,J18.9,"Pneumonia, unspecified organism",1,2025-10-20
D0001938,E0001547,P000682,Z00.00,Encounter for general adult medical examination without abnormal findings,1,2025-10-20
D0001939,E0001548,P001003,I50.9,"Heart failure, unspecified",1,2025-10-20
D0001940,E0001548,P001003,E11.9,Type 2 diabetes mellitus without complications,0,2025-10-20
D0001941,E0001549,P001218,I50.9,"Heart failure, unspecified",1,2025-10-20
D0001942,E0001550,P000051,I50.32,Chronic diastolic (congestive) heart failure,1,2025-10-20
D0001943,E0001551,P000702,R07.9,"Chest pain, unspecified",1,2025-10-20
D0001944,E0001551,P000702,I10,Essential (primary) hypertension,0,2025-10-20
D0001945,E0001552,P000677,R07.9,"Chest pain, unspecified",1,2025-10-20
D0001946,E0001553,P000666,A41.9,"Sepsis, unspecified organism",1,2025-10-20
D0001947,E0001553,P000666,E11.9,Type 2 diabetes mellitus without complications,0,2025-10-20
D0001948,E0001553,P000666,I10,Essential (primary) hypertension,0,2025-10-20
D0001949,E0001554,P000295,J18.9,"Pneumonia, unspecified organism",1,2025-10-20
D0001950,E0001555,P000959,J18.9,"Pneumonia, unspecified organism",1,2025-10-21
D0001951,E0001556,P000498,M54.50,"Low back pain, unspecified",1,2025-10-21
D0001952,E0001557,P001146,I10,Essential (primary) hypertension,1,2025-10-21
D0001953,E0001558,P000959,J18.9,"Pneumonia, unspecified organism",1,2025-10-21
D0001954,E0001558,P000959,N18.9,"Chronic kidney disease, unspecified",0,2025-10-21
D0001955,E0001558,P000959,I10,Essential (primary) hypertension,0,2025-10-21
D0001956,E0001559,P000285,N18.9,"Chronic kidney disease, unspecified",1,2025-10-21
D0001957,E0001560,P000814,J18.9,"Pneumonia, unspecified organism",1,2025-10-21
D0001958,E0001561,P000803,I50.9,"Heart failure, unspecified",1,2025-10-21
D0001959,E0001562,P000381,E11.65,Type 2 diabetes mellitus with hyperglycemia,1,2025-10-21
D0001960,E0001563,P001369,A41.9,"Sepsis, unspecified organism",1,2025-10-21
D0001961,E0001563,P001369,I10,Essential (primary) hypertension,0,2025-10-21
D0001962,E0001563,P001369,E78.5,"Hyperlipidemia, unspecified",0,2025-10-21
D0001963,E0001564,P000816,Z00.00,Encounter for general adult medical examination without abnormal findings,1,2025-10-22
D0001964,E0001565,P000698,A41.9,"Sepsis, unspecified organism",1,2025-10-22
D0001965,E0001566,P001342,J44.9,"Chronic obstructive pulmonary disease, unspecified",1,2025-10-22
D0001966,E0001567,P000187,N17.9,"Acute kidney failure, unspecified",1,2025-10-22
D0001967,E0001568,P001239,I10,Essential (primary) hypertension,1,2025-10-22
D0001968,E0001569,P001061,E11.9,Type 2 diabetes mellitus without complications,1,2025-10-22
D0001969,E0001570,P001153,I10,Essential (primary) hypertension,1,2025-10-22
D0001970,E0001571,P000874,I50.9,"Heart failure, unspecified",1,2025-10-22
D0001971,E0001572,P000187,N17.9,"Acute kidney failure, unspecified",1,2025-10-22
D0001972,E0001572,P000187,I50.9,"Heart failure, unspecified",0,2025-10-22
D0001973,E0001572,P000187,N18.9,"Chronic kidney disease, unspecified",0,2025-10-22
D0001974,E0001573,P000874,I50.9,"Heart failure, unspecified",1,2025-10-22
D0001975,E0001573,P000874,N18.9,"Chronic kidney disease, unspecified",0,2025-10-22
D0001976,E0001573,P000874,I10,Essential (primary) hypertension,0,2025-10-22
D0001977,E0001574,P000738,N39.0,"Urinary tract infection, site not specified",1,2025-10-22
D0001978,E0001575,P000738,N39.0,"Urinary tract infection, site not specified",1,2025-10-23
D0001979,E0001576,P000226,J18.9,"Pneumonia, unspecified organism",1,2025-10-23
D0001980,E0001577,P001078,I10,Essential (primary) hypertension,1,2025-10-23
D0001981,E0001578,P000262,J18.9,"Pneumonia, unspecified organism",1,2025-10-23
D0001982,E0001579,P001171,N18.9,"Chronic kidney disease, unspecified",1,2025-10-23
D0001983,E0001580,P000226,J18.9,"Pneumonia, unspecified organism",1,2025-10-23
D0001984,E0001580,P000226,I10,Essential (primary) hypertension,0,2025-10-23
D0001985,E0001581,P000285,J18.9,"Pneumonia, unspecified organism",1,2025-10-23
D0001986,E0001582,P000896,I50.9,"Heart failure, unspecified",1,2025-10-23
D0001987,E0001583,P000057,E11.65,Type 2 diabetes mellitus with hyperglycemia,1,2025-10-23
D0001988,E0001584,P000894,J06.9,"Acute upper respiratory infection, unspecified",1,2025-10-23
D0001989,E0001585,P000262,J18.9,"Pneumonia, unspecified organism",1,2025-10-23
D0001990,E0001585,P000262,I10,Essential (primary) hypertension,0,2025-10-23
D0001991,E0001585,P000262,E78.5,"Hyperlipidemia, unspecified",0,2025-10-23
D0001992,E0001586,P000057,E11.65,Type 2 diabetes mellitus with hyperglycemia,1,2025-10-23
D0001993,E0001587,P000501,J44.9,"Chronic obstructive pulmonary disease, unspecified",1,2025-10-24
D0001994,E0001588,P001076,Z23,Encounter for immunization,1,2025-10-24
D0001995,E0001589,P000688,I50.9,"Heart failure, unspecified",1,2025-10-24
D0001996,E0001590,P001207,A41.9,"Sepsis, unspecified organism",1,2025-10-24
D0001997,E0001591,P000839,E11.65,Type 2 diabetes mellitus with hyperglycemia,1,2025-10-24
D0001998,E0001592,P001207,A41.9,"Sepsis, unspecified organism",1,2025-10-24
D0001999,E0001592,P001207,I10,Essential (primary) hypertension,0,2025-10-24
D0002000,E0001593,P000480,I48.91,Unspecified atrial fibrillation,1,2025-10-24
D0002001,E0001594,P001146,A41.9,"Sepsis, unspecified organism",1,2025-10-24
D0002002,E0001595,P000839,E11.65,Type 2 diabetes mellitus with hyperglycemia,1,2025-10-24
D0002003,E0001596,P000480,I48.91,Unspecified atrial fibrillation,1,2025-10-24
D0002004,E0001596,P000480,I50.9,"Heart failure, unspecified",0,2025-10-24
D0002005,E0001596,P000480,I10,Essential (primary) hypertension,0,2025-10-24
D0002006,E0001597,P001146,A41.9,"Sepsis, unspecified organism",1,2025-10-25
D0002007,E0001597,P001146,E11.9,Type 2 diabetes mellitus without complications,0,2025-10-25
D0002008,E0001597,P001146,N18.9,"Chronic kidney disease, unspecified",0,2025-10-25
D0002009,E0001598,P001046,J06.9,"Acute upper respiratory infection, unspecified",1,2025-10-25
D0002010,E0001599,P000087,I50.23,Acute on chronic systolic (congestive) heart failure,1,2025-10-25
D0002011,E0001599,P000087,E11.9,Type 2 diabetes mellitus without complications,0,2025-10-25
D0002012,E0001600,P000434,R07.9,"Chest pain, unspecified",1,2025-10-25
D0002013,E0001601,P000022,A41.9,"Sepsis, unspecified organism",1,2025-10-26
D0002014,E0001601,P000022,I50.9,"Heart failure, unspecified",0,2025-10-26
D0002015,E0001601,P000022,I10,Essential (primary) hypertension,0,2025-10-26
D0002016,E0001602,P000727,R07.9,"Chest pain, unspecified",1,2025-10-26
D0002017,E0001603,P000428,I50.23,Acute on chronic systolic (congestive) heart failure,1,2025-10-26
D0002018,E0001604,P000428,I50.23,Acute on chronic systolic (congestive) heart failure,1,2025-10-26
D0002019,E0001604,P000428,N18.9,"Chronic kidney disease, unspecified",0,2025-10-26
D0002020,E0001604,P000428,I10,Essential (primary) hypertension,0,2025-10-26
D0002021,E0001605,P000782,I48.91,Unspecified atrial fibrillation,1,2025-10-26
D0002022,E0001605,P000782,I50.9,"Heart failure, unspecified",0,2025-10-26
D0002023,E0001605,P000782,J44.9,"Chronic obstructive pulmonary disease, unspecified",0,2025-10-26
D0002024,E0001606,P000445,N18.9,"Chronic kidney disease, unspecified",1,2025-10-27
D0002025,E0001607,P000396,I21.4,Non-ST elevation (NSTEMI) myocardial infarction,1,2025-10-27
D0002026,E0001608,P000749,J18.9,"Pneumonia, unspecified organism",1,2025-10-27
D0002027,E0001609,P001187,R07.9,"Chest pain, unspecified",1,2025-10-27
D0002028,E0001609,P001187,I10,Essential (primary) hypertension,0,2025-10-27
D0002029,E0001610,P001184,J44.9,"Chronic obstructive pulmonary disease, unspecified",1,2025-10-27
D0002030,E0001611,P000063,Z00.00,Encounter for general adult medical examination without abnormal findings,1,2025-10-27
D0002031,E0001612,P000643,J44.1,Chronic obstructive pulmonary disease with (acute) exacerbation,1,2025-10-27
D0002032,E0001613,P000359,I10,Essential (primary) hypertension,1,2025-10-27
D0002033,E0001614,P000396,I21.4,Non-ST elevation (NSTEMI) myocardial infarction,1,2025-10-27
D0002034,E0001615,P000088,I10,Essential (primary) hypertension,1,2025-10-27
D0002035,E0001616,P000759,J18.9,"Pneumonia, unspecified organism",1,2025-10-27
D0002036,E0001617,P000083,I50.9,"Heart failure, unspecified",1,2025-10-27
D0002037,E0001618,P000450,J18.9,"Pneumonia, unspecified organism",1,2025-10-27
D0002038,E0001619,P000643,J44.1,Chronic obstructive pulmonary disease with (acute) exacerbation,1,2025-10-27
D0002039,E0001620,P000394,J06.9,"Acute upper respiratory infection, unspecified",1,2025-10-27
D0002040,E0001620,P000394,E78.5,"Hyperlipidemia, unspecified",0,2025-10-27
D0002041,E0001621,P000061,N39.0,"Urinary tract infection, site not specified",1,2025-10-28
D0002042,E0001622,P000031,E11.9,Type 2 diabetes mellitus without complications,1,2025-10-28
D0002043,E0001623,P000295,J18.9,"Pneumonia, unspecified organism",1,2025-10-28
D0002044,E0001624,P000061,N39.0,"Urinary tract infection, site not specified",1,2025-10-28
D0002045,E0001625,P001217,K21.9,Gastro-esophageal reflux disease without esophagitis,1,2025-10-28
D0002046,E0001626,P001378,N17.9,"Acute kidney failure, unspecified",1,2025-10-28
D0002047,E0001627,P000972,T14.90XA,"Injury, unspecified, initial encounter",1,2025-10-28
D0002048,E0001628,P001378,N17.9,"Acute kidney failure, unspecified",1,2025-10-29
D0002049,E0001628,P001378,E11.9,Type 2 diabetes mellitus without complications,0,2025-10-29
D0002050,E0001628,P001378,N18.9,"Chronic kidney disease, unspecified",0,2025-10-29
D0002051,E0001629,P000222,I21.4,Non-ST elevation (NSTEMI) myocardial infarction,1,2025-10-29
D0002052,E0001630,P000437,R10.9,Unspecified abdominal pain,1,2025-10-29
D0002053,E0001631,P000525,R55,Syncope and collapse,1,2025-10-29
D0002054,E0001632,P000187,N17.9,"Acute kidney failure, unspecified",1,2025-10-29
D0002055,E0001633,P000004,E11.9,Type 2 diabetes mellitus without complications,1,2025-10-29
D0002056,E0001634,P000315,T14.90XA,"Injury, unspecified, initial encounter",1,2025-10-29
D0002057,E0001635,P000809,M54.50,"Low back pain, unspecified",1,2025-10-29
D0002058,E0001636,P000206,Z00.00,Encounter for general adult medical examination without abnormal findings,1,2025-10-30
D0002059,E0001637,P001187,R07.9,"Chest pain, unspecified",1,2025-10-30
D0002060,E0001638,P000727,R07.9,"Chest pain, unspecified",1,2025-10-30
D0002061,E0001639,P001342,Z23,Encounter for immunization,1,2025-10-30
D0002062,E0001640,P000370,Z00.00,Encounter for general adult medical examination without abnormal findings,1,2025-10-30
D0002063,E0001641,P000586,I50.32,Chronic diastolic (congestive) heart failure,1,2025-10-30
D0002064,E0001642,P000085,I50.9,"Heart failure, unspecified",1,2025-10-30
D0002065,E0001643,P001313,I50.9,"Heart failure, unspecified",1,2025-10-30
D0002066,E0001643,P001313,I10,Essential (primary) hypertension,0,2025-10-30
D0002067,E0001643,P001313,E78.5,"Hyperlipidemia, unspecified",0,2025-10-30
D0002068,E0001644,P000727,R07.9,"Chest pain, unspecified",1,2025-10-30
D0002069,E0001644,P000727,E78.5,"Hyperlipidemia, unspecified",0,2025-10-30
D0002070,E0001645,P000289,J44.1,Chronic obstructive pulmonary disease with (acute) exacerbation,1,2025-10-30
D0002071,E0001646,P000289,J44.1,Chronic obstructive pulmonary disease with (acute) exacerbation,1,2025-10-30
D0002072,E0001646,P000289,I10,Essential (primary) hypertension,0,2025-10-30
D0002073,E0001646,P000289,E78.5,"Hyperlipidemia, unspecified",0,2025-10-30
D0002074,E0001647,P000266,J44.1,Chronic obstructive pulmonary disease with (acute) exacerbation,1,2025-10-31
D0002075,E0001648,P000266,J44.1,Chronic obstructive pulmonary disease with (acute) exacerbation,1,2025-10-31
D0002076,E0001649,P000094,Z00.00,Encounter for general adult medical examination without abnormal findings,1,2025-10-31
D0002077,E0001650,P000797,I21.4,Non-ST elevation (NSTEMI) myocardial infarction,1,2025-10-31
D0002078,E0001651,P000208,E11.9,Type 2 diabetes mellitus without complications,1,2025-10-31
D0002079,E0001652,P000320,K92.2,"Gastrointestinal hemorrhage, unspecified",1,2025-10-31
D0002080,E0001653,P000262,J18.9,"Pneumonia, unspecified organism",1,2025-10-31
D0002081,E0001654,P000426,J06.9,"Acute upper respiratory infection, unspecified",1,2025-10-31
D0002082,E0001655,P000607,N39.0,"Urinary tract infection, site not specified",1,2025-10-31
D0002083,E0001656,P001006,I48.91,Unspecified atrial fibrillation,1,2025-10-31
D0002084,E0001657,P000698,A41.9,"Sepsis, unspecified organism",1,2025-10-31
D0002085,E0001658,P000320,K92.2,"Gastrointestinal hemorrhage, unspecified",1,2025-10-31
D0002086,E0001658,P000320,I10,Essential (primary) hypertension,0,2025-10-31
D0002087,E0001659,P001006,I48.91,Unspecified atrial fibrillation,1,2025-10-31
D0002088,E0001659,P001006,I10,Essential (primary) hypertension,0,2025-10-31
D0002089,E0001659,P001006,E78.5,"Hyperlipidemia, unspecified",0,2025-10-31
D0002090,E0001660,P001273,J44.1,Chronic obstructive pulmonary disease with (acute) exacerbation,1,2025-11-01
D0002091,E0001661,P000521,I50.9,"Heart failure, unspecified",1,2025-11-01
D0002092,E0001661,P000521,I10,Essential (primary) hypertension,0,2025-11-01
D0002093,E0001662,P000782,I50.23,Acute on chronic systolic (congestive) heart failure,1,2025-11-01
D0002094,E0001663,P000782,I50.23,Acute on chronic systolic (congestive) heart failure,1,2025-11-01
D0002095,E0001663,P000782,J44.9,"Chronic obstructive pulmonary disease, unspecified",0,2025-11-01
D0002096,E0001663,P000782,N18.9,"Chronic kidney disease, unspecified",0,2025-11-01
D0002097,E0001664,P000527,J44.1,Chronic obstructive pulmonary disease with (acute) exacerbation,1,2025-11-02
D0002098,E0001665,P000803,I50.32,Chronic diastolic (congestive) heart failure,1,2025-11-02
D0002099,E0001666,P000527,J44.1,Chronic obstructive pulmonary disease with (acute) exacerbation,1,2025-11-02
D0002100,E0001666,P000527,I10,Essential (primary) hypertension,0,2025-11-02
D0002101,E0001667,P000830,I21.4,Non-ST elevation (NSTEMI) myocardial infarction,1,2025-11-02
D0002102,E0001668,P000830,I21.4,Non-ST elevation (NSTEMI) myocardial infarction,1,2025-11-02
D0002103,E0001668,P000830,I50.9,"Heart failure, unspecified",0,2025-11-02
D0002104,E0001668,P000830,J44.9,"Chronic obstructive pulmonary disease, unspecified",0,2025-11-02
D0002105,E0001669,P000803,I50.32,Chronic diastolic (congestive) heart failure,1,2025-11-02
D0002106,E0001670,P000016,I10,Essential (primary) hypertension,1,2025-11-03
D0002107,E0001671,P000870,I50.22,Chronic systolic (congestive) heart failure,1,2025-11-03
D0002108,E0001672,P001273,J06.9,"Acute upper respiratory infection, unspecified",1,2025-11-03
D0002109,E0001673,P001155,I50.32,Chronic diastolic (congestive) heart failure,1,2025-11-03
D0002110,E0001673,P001155,E78.5,"Hyperlipidemia, unspecified",0,2025-11-03
D0002111,E0001674,P000870,I50.22,Chronic systolic (congestive) heart failure,1,2025-11-03
D0002112,E0001675,P000623,Z23,Encounter for immunization,1,2025-11-03
D0002113,E0001676,P000268,I50.32,Chronic diastolic (congestive) heart failure,1,2025-11-04
D0002114,E0001677,P001369,Z23,Encounter for immunization,1,2025-11-04
D0002115,E0001678,P001266,I50.9,"Heart failure, unspecified",1,2025-11-04
D0002116,E0001678,P001266,E11.9,Type 2 diabetes mellitus without complications,0,2025-11-04
D0002117,E0001678,P001266,N18.9,"Chronic kidney disease, unspecified",0,2025-11-04
D0002118,E0001679,P000655,J06.9,"Acute upper respiratory infection, unspecified",1,2025-11-04
D0002119,E0001680,P000959,J18.9,"Pneumonia, unspecified organism",1,2025-11-04
D0002120,E0001681,P000503,J18.9,"Pneumonia, unspecified organism",1,2025-11-04
D0002121,E0001682,P000503,J18.9,"Pneumonia, unspecified organism",1,2025-11-04
D0002122,E0001683,P000677,Z00.00,Encounter for general adult medical examination without abnormal findings,1,2025-11-05
D0002123,E0001684,P001062,I50.9,"Heart failure, unspecified",1,2025-11-05
D0002124,E0001685,P000258,M54.50,"Low back pain, unspecified",1,2025-11-05
D0002125,E0001686,P000066,R07.9,"Chest pain, unspecified",1,2025-11-05
D0002126,E0001687,P000246,E11.9,Type 2 diabetes mellitus without complications,1,2025-11-05
D0002127,E0001688,P000666,A41.9,"Sepsis, unspecified organism",1,2025-11-05
D0002128,E0001689,P001003,E11.65,Type 2 diabetes mellitus with hyperglycemia,1,2025-11-05
D0002129,E0001690,P000155,E11.9,Type 2 diabetes mellitus without complications,1,2025-11-06
D0002130,E0001691,P001133,N39.0,"Urinary tract infection, site not specified",1,2025-11-06
D0002131,E0001692,P000450,R07.9,"Chest pain, unspecified",1,2025-11-06
D0002132,E0001693,P000320,K92.2,"Gastrointestinal hemorrhage, unspecified",1,2025-11-06
D0002133,E0001694,P001133,N39.0,"Urinary tract infection, site not specified",1,2025-11-06
D0002134,E0001694,P001133,I10,Essential (primary) hypertension,0,2025-11-06
D0002135,E0001695,P001334,N18.9,"Chronic kidney disease, unspecified",1,2025-11-06
D0002136,E0001696,P000670,E11.9,Type 2 diabetes mellitus without complications,1,2025-11-06
D0002137,E0001697,P000212,E11.65,Type 2 diabetes mellitus with hyperglycemia,1,2025-11-06
D0002138,E0001698,P001378,N17.9,"Acute kidney failure, unspecified",1,2025-11-06
D0002139,E0001699,P000289,J44.9,"Chronic obstructive pulmonary disease, unspecified",1,2025-11-06
D0002140,E0001700,P000727,R07.9,"Chest pain, unspecified",1,2025-11-06
D0002141,E0001701,P000267,E11.65,Type 2 diabetes mellitus with hyperglycemia,1,2025-11-07
D0002142,E0001702,P001016,I10,Essential (primary) hypertension,1,2025-11-07
D0002143,E0001703,P001143,Z00.00,Encounter for general adult medical examination without abnormal findings,1,2025-11-07
D0002144,E0001704,P000267,E11.65,Type 2 diabetes mellitus with hyperglycemia,1,2025-11-07
D0002145,E0001705,P001142,I10,Essential (primary) hypertension,1,2025-11-07
D0002146,E0001706,P000327,N18.9,"Chronic kidney disease, unspecified",1,2025-11-07
D0002147,E0001707,P000369,N18.9,"Chronic kidney disease, unspecified",1,2025-11-07
D0002148,E0001708,P001268,I21.4,Non-ST elevation (NSTEMI) myocardial infarction,1,2025-11-07
D0002149,E0001709,P000616,I50.9,"Heart failure, unspecified",1,2025-11-07
D0002150,E0001709,P000616,I10,Essential (primary) hypertension,0,2025-11-07
D0002151,E0001710,P000874,I50.32,Chronic diastolic (congestive) heart failure,1,2025-11-07
D0002152,E0001711,P001268,I21.4,Non-ST elevation (NSTEMI) myocardial infarction,1,2025-11-07
D0002153,E0001711,P001268,I50.9,"Heart failure, unspecified",0,2025-11-07
D0002154,E0001711,P001268,I10,Essential (primary) hypertension,0,2025-11-07
D0002155,E0001712,P000782,J18.9,"Pneumonia, unspecified organism",1,2025-11-08
D0002156,E0001713,P000782,J18.9,"Pneumonia, unspecified organism",1,2025-11-08
D0002157,E0001713,P000782,I50.9,"Heart failure, unspecified",0,2025-11-08
D0002158,E0001713,P000782,J44.9,"Chronic obstructive pulmonary disease, unspecified",0,2025-11-08
D0002159,E0001714,P000855,I50.9,"Heart failure, unspecified",1,2025-11-08
D0002160,E0001714,P000855,E11.9,Type 2 diabetes mellitus without complications,0,2025-11-08
D0002161,E0001715,P000087,I50.23,Acute on chronic systolic (congestive) heart failure,1,2025-11-08
D0002162,E0001716,P000087,I50.23,Acute on chronic systolic (congestive) heart failure,1,2025-11-08
D0002163,E0001716,P000087,E11.9,Type 2 diabetes mellitus without complications,0,2025-11-08
D0002164,E0001717,P000498,J06.9,"Acute upper respiratory infection, unspecified",1,2025-11-09
D0002165,E0001718,P000007,I50.9,"Heart failure, unspecified",1,2025-11-09
D0002166,E0001719,P000147,N39.0,"Urinary tract infection, site not specified",1,2025-11-10
D0002167,E0001720,P001004,Z00.00,Encounter for general adult medical examination without abnormal findings,1,2025-11-10
D0002168,E0001721,P000701,E78.5,"Hyperlipidemia, unspecified",1,2025-11-10
D0002169,E0001722,P000358,Z23,Encounter for immunization,1,2025-11-10
D0002170,E0001723,P000224,K92.2,"Gastrointestinal hemorrhage, unspecified",1,2025-11-10
D0002171,E0001723,P000224,I10,Essential (primary) hypertension,0,2025-11-10
D0002172,E0001724,P000899,E11.65,Type 2 diabetes mellitus with hyperglycemia,1,2025-11-11
D0002173,E0001724,P000899,I10,Essential (primary) hypertension,0,2025-11-11
D0002174,E0001724,P000899,E78.5,"Hyperlipidemia, unspecified",0,2025-11-11
D0002175,E0001725,P001313,I50.32,Chronic diastolic (congestive) heart failure,1,2025-11-11
D0002176,E0001726,P001313,I50.32,Chronic diastolic (congestive) heart failure,1,2025-11-11
D0002177,E0001726,P001313,I10,Essential (primary) hypertension,0,2025-11-11
D0002178,E0001727,P000727,R07.9,"Chest pain, unspecified",1,2025-11-11
D0002179,E0001728,P000727,R07.9,"Chest pain, unspecified",1,2025-11-11
D0002180,E0001729,P000095,Z23,Encounter for immunization,1,2025-11-11
D0002181,E0001730,P001155,I50.9,"Heart failure, unspecified",1,2025-11-11
D0002182,E0001731,P001260,N39.0,"Urinary tract infection, site not specified",1,2025-11-11
D0002183,E0001732,P000160,R10.9,Unspecified abdominal pain,1,2025-11-11
D0002184,E0001733,P001066,J45.909,"Unspecified asthma, uncomplicated",1,2025-11-11
D0002185,E0001734,P001227,R07.9,"Chest pain, unspecified",1,2025-11-11
D0002186,E0001735,P001136,Z00.00,Encounter for general adult medical examination without abnormal findings,1,2025-11-11
D0002187,E0001736,P001225,E11.9,Type 2 diabetes mellitus without complications,1,2025-11-11
D0002188,E0001737,P000862,I10,Essential (primary) hypertension,1,2025-11-11
D0002189,E0001738,P000793,M54.50,"Low back pain, unspecified",1,2025-11-11
D0002190,E0001739,P000117,J06.9,"Acute upper respiratory infection, unspecified",1,2025-11-11
D0002191,E0001740,P000499,R07.9,"Chest pain, unspecified",1,2025-11-11
D0002192,E0001741,P000741,I50.23,Acute on chronic systolic (congestive) heart failure,1,2025-11-11
D0002193,E0001741,P000741,I10,Essential (primary) hypertension,0,2025-11-11
D0002194,E0001741,P000741,E78.5,"Hyperlipidemia, unspecified",0,2025-11-11
D0002195,E0001742,P000455,J18.9,"Pneumonia, unspecified organism",1,2025-11-12
D0002196,E0001743,P001128,I10,Essential (primary) hypertension,1,2025-11-12
D0002197,E0001743,P001128,N18.9,"Chronic kidney disease, unspecified",0,2025-11-12
D0002198,E0001744,P000701,I10,Essential (primary) hypertension,1,2025-11-12
D0002199,E0001745,P000455,J18.9,"Pneumonia, unspecified organism",1,2025-11-12
D0002200,E0001746,P001394,N18.9,"Chronic kidney disease, unspecified",1,2025-11-12
D0002201,E0001747,P000184,J06.9,"Acute upper respiratory infection, unspecified",1,2025-11-12
D0002202,E0001748,P001086,Z23,Encounter for immunization,1,2025-11-12
D0002203,E0001749,P001003,J06.9,"Acute upper respiratory infection, unspecified",1,2025-11-13
D0002204,E0001750,P000839,N39.0,"Urinary tract infection, site not specified",1,2025-11-13
D0002205,E0001750,P000839,E11.9,Type 2 diabetes mellitus without complications,0,2025-11-13
D0002206,E0001751,P000688,I50.9,"Heart failure, unspecified",1,2025-11-13
D0002207,E0001752,P001133,N39.0,"Urinary tract infection, site not specified",1,2025-11-13
D0002208,E0001753,P001278,Z00.00,Encounter for general adult medical examination without abnormal findings,1,2025-11-13
D0002209,E0001754,P000113,J06.9,"Acute upper respiratory infection, unspecified",1,2025-11-13
D0002210,E0001755,P000979,I50.9,"Heart failure, unspecified",1,2025-11-13
D0002211,E0001756,P000931,M54.50,"Low back pain, unspecified",1,2025-11-13
D0002212,E0001757,P000038,N39.0,"Urinary tract infection, site not specified",1,2025-11-13
D0002213,E0001758,P000038,N39.0,"Urinary tract infection, site not specified",1,2025-11-13
D0002214,E0001759,P000769,J18.9,"Pneumonia, unspecified organism",1,2025-11-13
D0002215,E0001759,P000769,J44.9,"Chronic obstructive pulmonary disease, unspecified",0,2025-11-13
D0002216,E0001759,P000769,E78.5,"Hyperlipidemia, unspecified",0,2025-11-13
D0002217,E0001760,P000964,N18.9,"Chronic kidney disease, unspecified",1,2025-11-14
D0002218,E0001761,P000087,I50.22,Chronic systolic (congestive) heart failure,1,2025-11-14
D0002219,E0001762,P000782,I50.9,"Heart failure, unspecified",1,2025-11-14
D0002220,E0001763,P001326,I50.32,Chronic diastolic (congestive) heart failure,1,2025-11-14
D0002221,E0001764,P000562,M54.50,"Low back pain, unspecified",1,2025-11-14
D0002222,E0001765,P001010,T14.90XA,"Injury, unspecified, initial encounter",1,2025-11-14
D0002223,E0001765,P001010,E78.5,"Hyperlipidemia, unspecified",0,2025-11-14
D0002224,E0001766,P000830,I21.4,Non-ST elevation (NSTEMI) myocardial infarction,1,2025-11-14
D0002225,E0001767,P000314,K21.9,Gastro-esophageal reflux disease without esophagitis,1,2025-11-14
D0002226,E0001768,P000326,I10,Essential (primary) hypertension,1,2025-11-14
D0002227,E0001769,P001369,A41.9,"Sepsis, unspecified organism",1,2025-11-14
D0002228,E0001770,P000173,Z23,Encounter for immunization,1,2025-11-14
D0002229,E0001771,P001122,N39.0,"Urinary tract infection, site not specified",1,2025-11-15
D0002230,E0001772,P001165,R07.9,"Chest pain, unspecified",1,2025-11-15
D0002231,E0001773,P000890,J18.9,"Pneumonia, unspecified organism",1,2025-11-15
D0002232,E0001774,P000890,J18.9,"Pneumonia, unspecified organism",1,2025-11-15
D0002233,E0001774,P000890,I10,Essential (primary) hypertension,0,2025-11-15
D0002234,E0001774,P000890,E78.5,"Hyperlipidemia, unspecified",0,2025-11-15
D0002235,E0001775,P000320,J18.9,"Pneumonia, unspecified organism",1,2025-11-15
D0002236,E0001775,P000320,I10,Essential (primary) hypertension,0,2025-11-15
D0002237,E0001775,P000320,E78.5,"Hyperlipidemia, unspecified",0,2025-11-15
D0002238,E0001776,P000698,J06.9,"Acute upper respiratory infection, unspecified",1,2025-11-15
D0002239,E0001777,P000232,N39.0,"Urinary tract infection, site not specified",1,2025-11-16
D0002240,E0001778,P000682,I50.22,Chronic systolic (congestive) heart failure,1,2025-11-16
D0002241,E0001779,P000501,R55,Syncope and collapse,1,2025-11-16
D0002242,E0001780,P000232,N39.0,"Urinary tract infection, site not specified",1,2025-11-16
D0002243,E0001781,P000682,I50.22,Chronic systolic (congestive) heart failure,1,2025-11-16
D0002244,E0001782,P001209,J44.1,Chronic obstructive pulmonary disease with (acute) exacerbation,1,2025-11-16
D0002245,E0001783,P001123,I10,Essential (primary) hypertension,1,2025-11-17
D0002246,E0001784,P000226,J18.9,"Pneumonia, unspecified organism",1,2025-11-17
D0002247,E0001785,P000604,J18.9,"Pneumonia, unspecified organism",1,2025-11-17
D0002248,E0001786,P000168,A41.9,"Sepsis, unspecified organism",1,2025-11-17
D0002249,E0001787,P000604,J18.9,"Pneumonia, unspecified organism",1,2025-11-17
D0002250,E0001788,P000168,A41.9,"Sepsis, unspecified organism",1,2025-11-17
D0002251,E0001788,P000168,E78.5,"Hyperlipidemia, unspecified",0,2025-11-17
D0002252,E0001789,P000067,R07.9,"Chest pain, unspecified",1,2025-11-17
D0002253,E0001790,P001307,Z00.00,Encounter for general adult medical examination without abnormal findings,1,2025-11-18
D0002254,E0001791,P000527,J06.9,"Acute upper respiratory infection, unspecified",1,2025-11-18
D0002255,E0001792,P000839,N39.0,"Urinary tract infection, site not specified",1,2025-11-18
D0002256,E0001793,P001006,I48.91,Unspecified atrial fibrillation,1,2025-11-18
D0002257,E0001794,P000224,K92.2,"Gastrointestinal hemorrhage, unspecified",1,2025-11-18
D0002258,E0001795,P001005,Z00.00,Encounter for general adult medical examination without abnormal findings,1,2025-11-18
D0002259,E0001796,P000832,I50.32,Chronic diastolic (congestive) heart failure,1,2025-11-18
D0002260,E0001797,P001195,J45.909,"Unspecified asthma, uncomplicated",1,2025-11-19
D0002261,E0001797,P001195,I10,Essential (primary) hypertension,0,2025-11-19
D0002262,E0001798,P000795,I10,Essential (primary) hypertension,1,2025-11-19
D0002263,E0001799,P000531,N18.9,"Chronic kidney disease, unspecified",1,2025-11-19
D0002264,E0001800,P000375,Z00.00,Encounter for general adult medical examination without abnormal findings,1,2025-11-19
D0002265,E0001801,P001230,I10,Essential (primary) hypertension,1,2025-11-19
D0002266,E0001802,P001189,E11.65,Type 2 diabetes mellitus with hyperglycemia,1,2025-11-19
D0002267,E0001802,P001189,I10,Essential (primary) hypertension,0,2025-11-19
D0002268,E0001803,P000757,J45.909,"Unspecified asthma, uncomplicated",1,2025-11-19
D0002269,E0001804,P001295,I48.91,Unspecified atrial fibrillation,1,2025-11-20
D0002270,E0001805,P001295,I48.91,Unspecified atrial fibrillation,1,2025-11-20
D0002271,E0001805,P001295,I50.9,"Heart failure, unspecified",0,2025-11-20
D0002272,E0001806,P000056,M54.50,"Low back pain, unspecified",1,2025-11-20
D0002273,E0001807,P000937,I50.32,Chronic diastolic (congestive) heart failure,1,2025-11-20
D0002274,E0001808,P000085,I48.91,Unspecified atrial fibrillation,1,2025-11-20
D0002275,E0001809,P000112,N39.0,"Urinary tract infection, site not specified",1,2025-11-20
D0002276,E0001810,P001364,K21.9,Gastro-esophageal reflux disease without esophagitis,1,2025-11-20
D0002277,E0001811,P000085,I48.91,Unspecified atrial fibrillation,1,2025-11-20
D0002278,E0001811,P000085,I50.9,"Heart failure, unspecified",0,2025-11-20
D0002279,E0001811,P000085,I10,Essential (primary) hypertension,0,2025-11-20
D0002280,E0001812,P000596,Z00.00,Encounter for general adult medical examination without abnormal findings,1,2025-11-21
D0002281,E0001813,P001337,Z23,Encounter for immunization,1,2025-11-21
D0002282,E0001814,P000786,I10,Essential (primary) hypertension,1,2025-11-21
D0002283,E0001815,P000066,I10,Essential (primary) hypertension,1,2025-11-21
D0002284,E0001816,P001371,N39.0,"Urinary tract infection, site not specified",1,2025-11-21
D0002285,E0001817,P000022,A41.9,"Sepsis, unspecified organism",1,2025-11-21
D0002286,E0001818,P000590,J18.9,"Pneumonia, unspecified organism",1,2025-11-21
D0002287,E0001819,P000240,J45.909,"Unspecified asthma, uncomplicated",1,2025-11-21
D0002288,E0001819,P000240,E11.9,Type 2 diabetes mellitus without complications,0,2025-11-21
D0002289,E0001820,P001225,J44.1,Chronic obstructive pulmonary disease with (acute) exacerbation,1,2025-11-22
D0002290,E0001820,P001225,E11.9,Type 2 diabetes mellitus without complications,0,2025-11-22
D0002291,E0001821,P000186,J06.9,"Acute upper respiratory infection, unspecified",1,2025-11-23
D0002292,E0001822,P001273,J44.1,Chronic obstructive pulmonary disease with (acute) exacerbation,1,2025-11-23
D0002293,E0001823,P000830,R10.9,Unspecified abdominal pain,1,2025-11-23
D0002294,E0001823,P000830,I50.9,"Heart failure, unspecified",0,2025-11-23
D0002295,E0001824,P000324,J45.909,"Unspecified asthma, uncomplicated",1,2025-11-23
D0002296,E0001824,P000324,E11.9,Type 2 diabetes mellitus without complications,0,2025-11-23
D0002297,E0001825,P001273,J44.1,Chronic obstructive pulmonary disease with (acute) exacerbation,1,2025-11-23
D0002298,E0001825,P001273,I50.9,"Heart failure, unspecified",0,2025-11-23
D0002299,E0001826,P001066,E11.9,Type 2 diabetes mellitus without complications,1,2025-11-24
D0002300,E0001827,P000654,I50.32,Chronic diastolic (congestive) heart failure,1,2025-11-24
D0002301,E0001828,P000097,E11.9,Type 2 diabetes mellitus without complications,1,2025-11-24
D0002302,E0001829,P000265,I50.9,"Heart failure, unspecified",1,2025-11-24
D0002303,E0001830,P000741,I50.9,"Heart failure, unspecified",1,2025-11-24
D0002304,E0001831,P000475,K21.9,Gastro-esophageal reflux disease without esophagitis,1,2025-11-24
D0002305,E0001832,P001174,I10,Essential (primary) hypertension,1,2025-11-24
D0002306,E0001833,P000813,E11.9,Type 2 diabetes mellitus without complications,1,2025-11-24
D0002307,E0001834,P001350,R10.9,Unspecified abdominal pain,1,2025-11-24
D0002308,E0001835,P000542,R07.9,"Chest pain, unspecified",1,2025-11-25
D0002309,E0001836,P000320,J18.9,"Pneumonia, unspecified organism",1,2025-11-25
D0002310,E0001837,P000232,N39.0,"Urinary tract infection, site not specified",1,2025-11-25
D0002311,E0001838,P000316,I10,Essential (primary) hypertension,1,2025-11-25
D0002312,E0001839,P000448,I10,Essential (primary) hypertension,1,2025-11-25
D0002313,E0001840,P000557,E11.65,Type 2 diabetes mellitus with hyperglycemia,1,2025-11-25
D0002314,E0001841,P000772,R10.9,Unspecified abdominal pain,1,2025-11-25
D0002315,E0001842,P001242,N39.0,"Urinary tract infection, site not specified",1,2025-11-25
D0002316,E0001843,P000894,J44.9,"Chronic obstructive pulmonary disease, unspecified",1,2025-11-25
D0002317,E0001844,P000320,J18.9,"Pneumonia, unspecified organism",1,2025-11-25
D0002318,E0001844,P000320,I10,Essential (primary) hypertension,0,2025-11-25
D0002319,E0001845,P000168,A41.9,"Sepsis, unspecified organism",1,2025-11-25
D0002320,E0001846,P000975,I50.32,Chronic diastolic (congestive) heart failure,1,2025-11-25
D0002321,E0001847,P000557,E11.65,Type 2 diabetes mellitus with hyperglycemia,1,2025-11-25
D0002322,E0001847,P000557,I50.9,"Heart failure, unspecified",0,2025-11-25
D0002323,E0001847,P000557,I10,Essential (primary) hypertension,0,2025-11-25
D0002324,E0001848,P001242,N39.0,"Urinary tract infection, site not specified",1,2025-11-25
D0002325,E0001848,P001242,I50.9,"Heart failure, unspecified",0,2025-11-25
D0002326,E0001848,P001242,J44.9,"Chronic obstructive pulmonary disease, unspecified",0,2025-11-25
D0002327,E0001849,P000739,I21.4,Non-ST elevation (NSTEMI) myocardial infarction,1,2025-11-26
D0002328,E0001850,P001229,I10,Essential (primary) hypertension,1,2025-11-26
D0002329,E0001851,P000245,J18.9,"Pneumonia, unspecified organism",1,2025-11-26
D0002330,E0001852,P001198,E11.9,Type 2 diabetes mellitus without complications,1,2025-11-26
D0002331,E0001853,P001295,I48.91,Unspecified atrial fibrillation,1,2025-11-26
D0002332,E0001854,P001133,I10,Essential (primary) hypertension,1,2025-11-26
D0002333,E0001855,P000245,J18.9,"Pneumonia, unspecified organism",1,2025-11-26
D0002334,E0001855,P000245,J44.9,"Chronic obstructive pulmonary disease, unspecified",0,2025-11-26
D0002335,E0001855,P000245,E11.9,Type 2 diabetes mellitus without complications,0,2025-11-26
D0002336,E0001856,P000015,I10,Essential (primary) hypertension,1,2025-11-26
D0002337,E0001857,P000739,I21.4,Non-ST elevation (NSTEMI) myocardial infarction,1,2025-11-26
D0002338,E0001857,P000739,I10,Essential (primary) hypertension,0,2025-11-26
D0002339,E0001858,P000058,J18.9,"Pneumonia, unspecified organism",1,2025-11-26
D0002340,E0001858,P000058,J44.9,"Chronic obstructive pulmonary disease, unspecified",0,2025-11-26
D0002341,E0001858,P000058,I10,Essential (primary) hypertension,0,2025-11-26
D0002342,E0001859,P001209,J45.909,"Unspecified asthma, uncomplicated",1,2025-11-27
D0002343,E0001860,P000846,I50.32,Chronic diastolic (congestive) heart failure,1,2025-11-27
D0002344,E0001861,P000883,J44.1,Chronic obstructive pulmonary disease with (acute) exacerbation,1,2025-11-27
D0002345,E0001862,P000974,R07.9,"Chest pain, unspecified",1,2025-11-27
D0002346,E0001863,P000419,I50.22,Chronic systolic (congestive) heart failure,1,2025-11-27
D0002347,E0001864,P000883,J44.1,Chronic obstructive pulmonary disease with (acute) exacerbation,1,2025-11-27
D0002348,E0001865,P001144,E11.65,Type 2 diabetes mellitus with hyperglycemia,1,2025-11-27
D0002349,E0001866,P000769,J18.9,"Pneumonia, unspecified organism",1,2025-11-27
D0002350,E0001867,P000503,J18.9,"Pneumonia, unspecified organism",1,2025-11-27
D0002351,E0001868,P000671,Z00.00,Encounter for general adult medical examination without abnormal findings,1,2025-11-27
D0002352,E0001869,P000130,E11.9,Type 2 diabetes mellitus without complications,1,2025-11-27
D0002353,E0001870,P000419,I50.22,Chronic systolic (congestive) heart failure,1,2025-11-27
D0002354,E0001871,P001185,I50.9,"Heart failure, unspecified",1,2025-11-27
D0002355,E0001872,P000076,R55,Syncope and collapse,1,2025-11-27
D0002356,E0001873,P000145,E11.65,Type 2 diabetes mellitus with hyperglycemia,1,2025-11-27
D0002357,E0001873,P000145,E78.5,"Hyperlipidemia, unspecified",0,2025-11-27
D0002358,E0001874,P001268,T14.90XA,"Injury, unspecified, initial encounter",1,2025-11-27
D0002359,E0001875,P000076,R55,Syncope and collapse,1,2025-11-27
D0002360,E0001875,P000076,J44.9,"Chronic obstructive pulmonary disease, unspecified",0,2025-11-27
D0002361,E0001876,P000116,N39.0,"Urinary tract infection, site not specified",1,2025-11-28
D0002362,E0001877,P000394,Z00.00,Encounter for general adult medical examination without abnormal findings,1,2025-11-28
D0002363,E0001878,P000116,N39.0,"Urinary tract infection, site not specified",1,2025-11-28
D0002364,E0001878,P000116,I10,Essential (primary) hypertension,0,2025-11-28
D0002365,E0001879,P000251,J44.9,"Chronic obstructive pulmonary disease, unspecified",1,2025-11-28
D0002366,E0001880,P000762,I10,Essential (primary) hypertension,1,2025-11-28
D0002367,E0001881,P000886,E11.65,Type 2 diabetes mellitus with hyperglycemia,1,2025-11-28
D0002368,E0001882,P000466,R07.9,"Chest pain, unspecified",1,2025-11-28
D0002369,E0001883,P001225,J44.9,"Chronic obstructive pulmonary disease, unspecified",1,2025-11-28
D0002370,E0001884,P000952,M54.50,"Low back pain, unspecified",1,2025-11-28
D0002371,E0001885,P001227,I10,Essential (primary) hypertension,1,2025-11-28
D0002372,E0001886,P000781,J45.909,"Unspecified asthma, uncomplicated",1,2025-11-28
D0002373,E0001887,P000466,R07.9,"Chest pain, unspecified",1,2025-11-28
D0002374,E0001887,P000466,I50.9,"Heart failure, unspecified",0,2025-11-28
D0002375,E0001887,P000466,E11.9,Type 2 diabetes mellitus without complications,0,2025-11-28
D0002376,E0001888,P000290,N39.0,"Urinary tract infection, site not specified",1,2025-11-28
D0002377,E0001888,P000290,I10,Essential (primary) hypertension,0,2025-11-28
D0002378,E0001889,P000814,R55,Syncope and collapse,1,2025-11-29
D0002379,E0001890,P001155,I50.23,Acute on chronic systolic (congestive) heart failure,1,2025-11-29
D0002380,E0001891,P001266,I50.9,"Heart failure, unspecified",1,2025-11-30
D0002381,E0001892,P001076,N17.9,"Acute kidney failure, unspecified",1,2025-11-30
D0002382,E0001893,P001076,N17.9,"Acute kidney failure, unspecified",1,2025-11-30
D0002383,E0001893,P001076,N18.9,"Chronic kidney disease, unspecified",0,2025-11-30
D0002384,E0001893,P001076,I10,Essential (primary) hypertension,0,2025-11-30
D0002385,E0001894,P000803,I50.23,Acute on chronic systolic (congestive) heart failure,1,2025-11-30
D0002386,E0001895,P001236,M54.50,"Low back pain, unspecified",1,2025-12-01
D0002387,E0001896,P001273,J44.9,"Chronic obstructive pulmonary disease, unspecified",1,2025-12-01
D0002388,E0001897,P001247,I50.22,Chronic systolic (congestive) heart failure,1,2025-12-01
D0002389,E0001898,P001134,E11.9,Type 2 diabetes mellitus without complications,1,2025-12-01
D0002390,E0001899,P000735,Z23,Encounter for immunization,1,2025-12-01
D0002391,E0001900,P001059,N18.9,"Chronic kidney disease, unspecified",1,2025-12-01
D0002392,E0001901,P000682,I50.32,Chronic diastolic (congestive) heart failure,1,2025-12-01
D0002393,E0001902,P000479,J06.9,"Acute upper respiratory infection, unspecified",1,2025-12-02
D0002394,E0001903,P000018,E11.9,Type 2 diabetes mellitus without complications,1,2025-12-02
D0002395,E0001904,P000742,Z00.00,Encounter for general adult medical examination without abnormal findings,1,2025-12-02
D0002396,E0001905,P000886,N17.9,"Acute kidney failure, unspecified",1,2025-12-02
D0002397,E0001906,P000076,R55,Syncope and collapse,1,2025-12-02
D0002398,E0001907,P000723,I50.22,Chronic systolic (congestive) heart failure,1,2025-12-02
D0002399,E0001908,P000484,N17.9,"Acute kidney failure, unspecified",1,2025-12-02
D0002400,E0001908,P000484,N18.9,"Chronic kidney disease, unspecified",0,2025-12-02
D0002401,E0001909,P000674,I10,Essential (primary) hypertension,1,2025-12-02
D0002402,E0001910,P000886,N17.9,"Acute kidney failure, unspecified",1,2025-12-02
D0002403,E0001910,P000886,E11.9,Type 2 diabetes mellitus without complications,0,2025-12-02
D0002404,E0001910,P000886,I10,Essential (primary) hypertension,0,2025-12-02
D0002405,E0001911,P000481,J44.1,Chronic obstructive pulmonary disease with (acute) exacerbation,1,2025-12-03
D0002406,E0001912,P001086,J44.1,Chronic obstructive pulmonary disease with (acute) exacerbation,1,2025-12-03
D0002407,E0001912,P001086,I10,Essential (primary) hypertension,0,2025-12-03
D0002408,E0001912,P001086,E78.5,"Hyperlipidemia, unspecified",0,2025-12-03
D0002409,E0001913,P000481,J44.1,Chronic obstructive pulmonary disease with (acute) exacerbation,1,2025-12-03
D0002410,E0001913,P000481,I50.9,"Heart failure, unspecified",0,2025-12-03
D0002411,E0001913,P000481,I10,Essential (primary) hypertension,0,2025-12-03
D0002412,E0001914,P000036,I10,Essential (primary) hypertension,1,2025-12-03
D0002413,E0001915,P001144,E11.65,Type 2 diabetes mellitus with hyperglycemia,1,2025-12-03
D0002414,E0001916,P000631,Z23,Encounter for immunization,1,2025-12-03
D0002415,E0001917,P001381,Z00.00,Encounter for general adult medical examination without abnormal findings,1,2025-12-03
D0002416,E0001918,P001380,Z00.00,Encounter for general adult medical examination without abnormal findings,1,2025-12-03
D0002417,E0001919,P000998,R07.9,"Chest pain, unspecified",1,2025-12-03
D0002418,E0001920,P000058,J18.9,"Pneumonia, unspecified organism",1,2025-12-03
D0002419,E0001921,P000998,R07.9,"Chest pain, unspecified",1,2025-12-03
D0002420,E0001921,P000998,E11.9,Type 2 diabetes mellitus without complications,0,2025-12-03
D0002421,E0001921,P000998,N18.9,"Chronic kidney disease, unspecified",0,2025-12-03
D0002422,E0001922,P000754,I10,Essential (primary) hypertension,1,2025-12-04
D0002423,E0001923,P000739,I21.4,Non-ST elevation (NSTEMI) myocardial infarction,1,2025-12-04
D0002424,E0001924,P000320,J18.9,"Pneumonia, unspecified organism",1,2025-12-04
D0002425,E0001925,P001091,Z23,Encounter for immunization,1,2025-12-04
D0002426,E0001926,P000016,I10,Essential (primary) hypertension,1,2025-12-04
D0002427,E0001927,P001282,Z00.00,Encounter for general adult medical examination without abnormal findings,1,2025-12-04
D0002428,E0001928,P001278,Z23,Encounter for immunization,1,2025-12-04
D0002429,E0001929,P001074,I10,Essential (primary) hypertension,1,2025-12-04
D0002430,E0001930,P000145,E11.65,Type 2 diabetes mellitus with hyperglycemia,1,2025-12-04
D0002431,E0001931,P000087,I50.9,"Heart failure, unspecified",1,2025-12-04
D0002432,E0001931,P000087,E11.9,Type 2 diabetes mellitus without complications,0,2025-12-04
D0002433,E0001932,P000895,T14.90XA,"Injury, unspecified, initial encounter",1,2025-12-05
D0002434,E0001933,P001396,Z00.00,Encounter for general adult medical examination without abnormal findings,1,2025-12-05
D0002435,E0001934,P000806,T14.90XA,"Injury, unspecified, initial encounter",1,2025-12-05
D0002436,E0001934,P000806,E11.9,Type 2 diabetes mellitus without complications,0,2025-12-05
D0002437,E0001935,P000979,I10,Essential (primary) hypertension,1,2025-12-05
D0002438,E0001936,P000306,R07.9,"Chest pain, unspecified",1,2025-12-05
D0002439,E0001936,P000306,I10,Essential (primary) hypertension,0,2025-12-05
D0002440,E0001937,P000931,E11.9,Type 2 diabetes mellitus without complications,1,2025-12-05
D0002441,E0001938,P000205,I50.9,"Heart failure, unspecified",1,2025-12-05
D0002442,E0001939,P000212,E11.65,Type 2 diabetes mellitus with hyperglycemia,1,2025-12-05
D0002443,E0001940,P000066,I10,Essential (primary) hypertension,1,2025-12-05
D0002444,E0001941,P000434,I50.9,"Heart failure, unspecified",1,2025-12-06
D0002445,E0001942,P000103,I50.23,Acute on chronic systolic (congestive) heart failure,1,2025-12-06
D0002446,E0001943,P000434,I50.9,"Heart failure, unspecified",1,2025-12-06
D0002447,E0001943,P000434,J44.9,"Chronic obstructive pulmonary disease, unspecified",0,2025-12-06
D0002448,E0001943,P000434,E11.9,Type 2 diabetes mellitus without complications,0,2025-12-06
D0002449,E0001944,P000103,I50.23,Acute on chronic systolic (congestive) heart failure,1,2025-12-06
D0002450,E0001944,P000103,N18.9,"Chronic kidney disease, unspecified",0,2025-12-06
D0002451,E0001945,P000401,I50.9,"Heart failure, unspecified",1,2025-12-07
D0002452,E0001946,P000401,I50.9,"Heart failure, unspecified",1,2025-12-07
D0002453,E0001946,P000401,E78.5,"Hyperlipidemia, unspecified",0,2025-12-07
D0002454,E0001947,P000806,T14.90XA,"Injury, unspecified, initial encounter",1,2025-12-07
D0002455,E0001948,P000624,J44.1,Chronic obstructive pulmonary disease with (acute) exacerbation,1,2025-12-08
D0002456,E0001949,P000414,I10,Essential (primary) hypertension,1,2025-12-08
D0002457,E0001950,P000624,J44.1,Chronic obstructive pulmonary disease with (acute) exacerbation,1,2025-12-08
D0002458,E0001950,P000624,E11.9,Type 2 diabetes mellitus without complications,0,2025-12-08
D0002459,E0001951,P000205,Z23,Encounter for immunization,1,2025-12-08
D0002460,E0001952,P000243,Z00.00,Encounter for general adult medical examination without abnormal findings,1,2025-12-08
D0002461,E0001953,P000463,E78.5,"Hyperlipidemia, unspecified",1,2025-12-08
D0002462,E0001954,P000843,R07.9,"Chest pain, unspecified",1,2025-12-08
D0002463,E0001955,P000230,I50.9,"Heart failure, unspecified",1,2025-12-09
D0002464,E0001955,P000230,I10,Essential (primary) hypertension,0,2025-12-09
D0002465,E0001956,P000830,J44.9,"Chronic obstructive pulmonary disease, unspecified",1,2025-12-09
D0002466,E0001957,P000762,I10,Essential (primary) hypertension,1,2025-12-09
D0002467,E0001958,P000691,R10.9,Unspecified abdominal pain,1,2025-12-09
D0002468,E0001959,P000387,J44.9,"Chronic obstructive pulmonary disease, unspecified",1,2025-12-09
D0002469,E0001960,P000457,Z00.00,Encounter for general adult medical examination without abnormal findings,1,2025-12-10
D0002470,E0001961,P000245,J18.9,"Pneumonia, unspecified organism",1,2025-12-10
D0002471,E0001962,P000076,Z00.00,Encounter for general adult medical examination without abnormal findings,1,2025-12-10
D0002472,E0001963,P000402,Z00.00,Encounter for general adult medical examination without abnormal findings,1,2025-12-10
D0002473,E0001964,P001120,N39.0,"Urinary tract infection, site not specified",1,2025-12-10
D0002474,E0001965,P001065,I21.4,Non-ST elevation (NSTEMI) myocardial infarction,1,2025-12-10
D0002475,E0001965,P001065,I10,Essential (primary) hypertension,0,2025-12-10
D0002476,E0001966,P000796,R55,Syncope and collapse,1,2025-12-10
D0002477,E0001967,P001120,N39.0,"Urinary tract infection, site not specified",1,2025-12-10
D0002478,E0001967,P001120,E11.9,Type 2 diabetes mellitus without complications,0,2025-12-10
D0002479,E0001967,P001120,N18.9,"Chronic kidney disease, unspecified",0,2025-12-10
D0002480,E0001968,P001192,E11.65,Type 2 diabetes mellitus with hyperglycemia,1,2025-12-11
D0002481,E0001969,P000076,J06.9,"Acute upper respiratory infection, unspecified",1,2025-12-11
D0002482,E0001970,P000508,I10,Essential (primary) hypertension,1,2025-12-11
D0002483,E0001971,P000661,I10,Essential (primary) hypertension,1,2025-12-11
D0002484,E0001972,P000825,E11.9,Type 2 diabetes mellitus without complications,1,2025-12-11
D0002485,E0001973,P000901,R10.9,Unspecified abdominal pain,1,2025-12-11
D0002486,E0001974,P001129,N18.9,"Chronic kidney disease, unspecified",1,2025-12-12
D0002487,E0001975,P000643,R07.9,"Chest pain, unspecified",1,2025-12-12
D0002488,E0001975,P000643,N18.9,"Chronic kidney disease, unspecified",0,2025-12-12
D0002489,E0001976,P000568,I10,Essential (primary) hypertension,1,2025-12-12
D0002490,E0001977,P001242,I48.91,Unspecified atrial fibrillation,1,2025-12-12
D0002491,E0001978,P001152,M54.50,"Low back pain, unspecified",1,2025-12-12
D0002492,E0001979,P000874,Z00.00,Encounter for general adult medical examination without abnormal findings,1,2025-12-12
D0002493,E0001980,P000797,I10,Essential (primary) hypertension,1,2025-12-12
D0002494,E0001981,P001242,I48.91,Unspecified atrial fibrillation,1,2025-12-12
D0002495,E0001981,P001242,I50.9,"Heart failure, unspecified",0,2025-12-12
D0002496,E0001981,P001242,I10,Essential (primary) hypertension,0,2025-12-12
D0002497,E0001982,P000701,Z00.00,Encounter for general adult medical examination without abnormal findings,1,2025-12-12
D0002498,E0001983,P000481,J44.1,Chronic obstructive pulmonary disease with (acute) exacerbation,1,2025-12-12
D0002499,E0001983,P000481,I50.9,"Heart failure, unspecified",0,2025-12-12
D0002500,E0001983,P000481,I10,Essential (primary) hypertension,0,2025-12-12
D0002501,E0001984,P000825,R10.9,Unspecified abdominal pain,1,2025-12-12
D0002502,E0001985,P000162,A41.9,"Sepsis, unspecified organism",1,2025-12-14
D0002503,E0001986,P000162,A41.9,"Sepsis, unspecified organism",1,2025-12-14
D0002504,E0001986,P000162,E11.9,Type 2 diabetes mellitus without complications,0,2025-12-14
D0002505,E0001986,P000162,I10,Essential (primary) hypertension,0,2025-12-14
D0002506,E0001987,P000979,I50.23,Acute on chronic systolic (congestive) heart failure,1,2025-12-14
D0002507,E0001988,P001270,R10.9,Unspecified abdominal pain,1,2025-12-14
D0002508,E0001988,P001270,I10,Essential (primary) hypertension,0,2025-12-14
D0002509,E0001989,P000979,I50.23,Acute on chronic systolic (congestive) heart failure,1,2025-12-14
D0002510,E0001989,P000979,N18.9,"Chronic kidney disease, unspecified",0,2025-12-14
D0002511,E0001989,P000979,I10,Essential (primary) hypertension,0,2025-12-14
D0002512,E0001990,P001032,R10.9,Unspecified abdominal pain,1,2025-12-14
D0002513,E0001991,P000535,I10,Essential (primary) hypertension,1,2025-12-15
D0002514,E0001992,P000481,J44.9,"Chronic obstructive pulmonary disease, unspecified",1,2025-12-15
D0002515,E0001993,P000715,M54.50,"Low back pain, unspecified",1,2025-12-15
D0002516,E0001994,P000481,J44.9,"Chronic obstructive pulmonary disease, unspecified",1,2025-12-15
D0002517,E0001995,P000028,Z00.00,Encounter for general adult medical examination without abnormal findings,1,2025-12-15
D0002518,E0001996,P000110,I10,Essential (primary) hypertension,1,2025-12-15
D0002519,E0001997,P000789,R07.9,"Chest pain, unspecified",1,2025-12-15
D0002520,E0001998,P001242,I48.91,Unspecified atrial fibrillation,1,2025-12-16
D0002521,E0001999,P000883,J44.9,"Chronic obstructive pulmonary disease, unspecified",1,2025-12-16
D0002522,E0002000,P001154,E11.65,Type 2 diabetes mellitus with hyperglycemia,1,2025-12-16
D0002523,E0002001,P001171,E11.9,Type 2 diabetes mellitus without complications,1,2025-12-16
D0002524,E0002002,P001266,R55,Syncope and collapse,1,2025-12-16
D0002525,E0002003,P000655,I50.9,"Heart failure, unspecified",1,2025-12-16
D0002526,E0002004,P001207,J18.9,"Pneumonia, unspecified organism",1,2025-12-16
D0002527,E0002005,P000536,Z00.00,Encounter for general adult medical examination without abnormal findings,1,2025-12-16
D0002528,E0002006,P001041,Z00.00,Encounter for general adult medical examination without abnormal findings,1,2025-12-16
D0002529,E0002007,P000103,I50.22,Chronic systolic (congestive) heart failure,1,2025-12-16
D0002530,E0002008,P001266,R55,Syncope and collapse,1,2025-12-16
D0002531,E0002008,P001266,I50.9,"Heart failure, unspecified",0,2025-12-16
D0002532,E0002008,P001266,E11.9,Type 2 diabetes mellitus without complications,0,2025-12-16
D0002533,E0002009,P001207,J18.9,"Pneumonia, unspecified organism",1,2025-12-16
D0002534,E0002009,P001207,E11.9,Type 2 diabetes mellitus without complications,0,2025-12-16
D0002535,E0002010,P000290,N39.0,"Urinary tract infection, site not specified",1,2025-12-17
D0002536,E0002011,P000363,I10,Essential (primary) hypertension,1,2025-12-17
D0002537,E0002012,P000192,I10,Essential (primary) hypertension,1,2025-12-17
D0002538,E0002013,P001384,I21.4,Non-ST elevation (NSTEMI) myocardial infarction,1,2025-12-17
D0002539,E0002014,P000309,M54.50,"Low back pain, unspecified",1,2025-12-17
D0002540,E0002015,P000428,I50.23,Acute on chronic systolic (congestive) heart failure,1,2025-12-17
D0002541,E0002015,P000428,N18.9,"Chronic kidney disease, unspecified",0,2025-12-17
D0002542,E0002015,P000428,I10,Essential (primary) hypertension,0,2025-12-17
D0002543,E0002016,P001384,I21.4,Non-ST elevation (NSTEMI) myocardial infarction,1,2025-12-17
D0002544,E0002016,P001384,I10,Essential (primary) hypertension,0,2025-12-17
D0002545,E0002017,P000639,J44.1,Chronic obstructive pulmonary disease with (acute) exacerbation,1,2025-12-17
D0002546,E0002017,P000639,I10,Essential (primary) hypertension,0,2025-12-17
D0002547,E0002018,P001038,I21.4,Non-ST elevation (NSTEMI) myocardial infarction,1,2025-12-18
D0002548,E0002019,P000570,Z00.00,Encounter for general adult medical examination without abnormal findings,1,2025-12-18
D0002549,E0002020,P000648,I10,Essential (primary) hypertension,1,2025-12-18
D0002550,E0002021,P000333,Z00.00,Encounter for general adult medical examination without abnormal findings,1,2025-12-18
D0002551,E0002022,P001367,Z00.00,Encounter for general adult medical examination without abnormal findings,1,2025-12-18
D0002552,E0002023,P001038,I21.4,Non-ST elevation (NSTEMI) myocardial infarction,1,2025-12-18
D0002553,E0002024,P000921,E11.9,Type 2 diabetes mellitus without complications,1,2025-12-18
D0002554,E0002025,P000562,R07.9,"Chest pain, unspecified",1,2025-12-18
D0002555,E0002026,P001148,N39.0,"Urinary tract infection, site not specified",1,2025-12-18
D0002556,E0002027,P001009,Z23,Encounter for immunization,1,2025-12-18
D0002557,E0002028,P000311,R07.9,"Chest pain, unspecified",1,2025-12-18
D0002558,E0002029,P000320,J18.9,"Pneumonia, unspecified organism",1,2025-12-18
D0002559,E0002030,P001148,N39.0,"Urinary tract infection, site not specified",1,2025-12-18
D0002560,E0002030,P001148,I10,Essential (primary) hypertension,0,2025-12-18
D0002561,E0002031,P000416,J44.9,"Chronic obstructive pulmonary disease, unspecified",1,2025-12-19
D0002562,E0002032,P000911,Z00.00,Encounter for general adult medical examination without abnormal findings,1,2025-12-19
D0002563,E0002033,P000557,E11.65,Type 2 diabetes mellitus with hyperglycemia,1,2025-12-19
D0002564,E0002034,P001227,I21.4,Non-ST elevation (NSTEMI) myocardial infarction,1,2025-12-19
D0002565,E0002035,P001028,Z00.00,Encounter for general adult medical examination without abnormal findings,1,2025-12-19
D0002566,E0002036,P000466,R07.9,"Chest pain, unspecified",1,2025-12-19
D0002567,E0002037,P001227,I21.4,Non-ST elevation (NSTEMI) myocardial infarction,1,2025-12-19
D0002568,E0002037,P001227,I50.9,"Heart failure, unspecified",0,2025-12-19
D0002569,E0002037,P001227,I10,Essential (primary) hypertension,0,2025-12-19
D0002570,E0002038,P000964,N18.9,"Chronic kidney disease, unspecified",1,2025-12-19
D0002571,E0002038,P000964,I10,Essential (primary) hypertension,0,2025-12-19
D0002572,E0002039,P001122,J44.9,"Chronic obstructive pulmonary disease, unspecified",1,2025-12-19
D0002573,E0002040,P000607,Z00.00,Encounter for general adult medical examination without abnormal findings,1,2025-12-19
D0002574,E0002041,P000590,Z23,Encounter for immunization,1,2025-12-19
D0002575,E0002042,P001295,I48.91,Unspecified atrial fibrillation,1,2025-12-19
D0002576,E0002043,P000122,A41.9,"Sepsis, unspecified organism",1,2025-12-19
D0002577,E0002044,P000122,A41.9,"Sepsis, unspecified organism",1,2025-12-19
D0002578,E0002045,P001295,I48.91,Unspecified atrial fibrillation,1,2025-12-19
D0002579,E0002045,P001295,I50.9,"Heart failure, unspecified",0,2025-12-19
D0002580,E0002046,P000359,K92.2,"Gastrointestinal hemorrhage, unspecified",1,2025-12-20
D0002581,E0002047,P000112,J18.9,"Pneumonia, unspecified organism",1,2025-12-20
D0002582,E0002047,P000112,E11.9,Type 2 diabetes mellitus without complications,0,2025-12-20
D0002583,E0002047,P000112,I10,Essential (primary) hypertension,0,2025-12-20
D0002584,E0002048,P000359,K92.2,"Gastrointestinal hemorrhage, unspecified",1,2025-12-20
D0002585,E0002048,P000359,I10,Essential (primary) hypertension,0,2025-12-20
D0002586,E0002049,P000443,R55,Syncope and collapse,1,2025-12-21
D0002587,E0002049,P000443,I50.9,"Heart failure, unspecified",0,2025-12-21
D0002588,E0002049,P000443,J44.9,"Chronic obstructive pulmonary disease, unspecified",0,2025-12-21
D0002589,E0002050,P000655,R07.9,"Chest pain, unspecified",1,2025-12-21
D0002590,E0002051,P000848,T14.90XA,"Injury, unspecified, initial encounter",1,2025-12-22
D0002591,E0002052,P000020,E78.5,"Hyperlipidemia, unspecified",1,2025-12-22
D0002592,E0002053,P001172,N18.9,"Chronic kidney disease, unspecified",1,2025-12-22
D0002593,E0002054,P001065,I48.91,Unspecified atrial fibrillation,1,2025-12-22
D0002594,E0002054,P001065,I10,Essential (primary) hypertension,0,2025-12-22
D0002595,E0002055,P001295,I48.91,Unspecified atrial fibrillation,1,2025-12-22
D0002596,E0002056,P000230,I50.9,"Heart failure, unspecified",1,2025-12-22
D0002597,E0002057,P000234,J06.9,"Acute upper respiratory infection, unspecified",1,2025-12-23
D0002598,E0002058,P000787,R07.9,"Chest pain, unspecified",1,2025-12-23
D0002599,E0002059,P001304,I50.22,Chronic systolic (congestive) heart failure,1,2025-12-23
D0002600,E0002060,P000712,I50.23,Acute on chronic systolic (congestive) heart failure,1,2025-12-23
D0002601,E0002060,P000712,N18.9,"Chronic kidney disease, unspecified",0,2025-12-23
D0002602,E0002061,P000357,N18.9,"Chronic kidney disease, unspecified",1,2025-12-23
D0002603,E0002062,P001273,I50.22,Chronic systolic (congestive) heart failure,1,2025-12-23
D0002604,E0002063,P001132,Z23,Encounter for immunization,1,2025-12-24
D0002605,E0002064,P001227,I21.4,Non-ST elevation (NSTEMI) myocardial infarction,1,2025-12-24
D0002606,E0002065,P001287,N18.9,"Chronic kidney disease, unspecified",1,2025-12-24
D0002607,E0002066,P000852,I50.32,Chronic diastolic (congestive) heart failure,1,2025-12-24
D0002608,E0002067,P000998,R07.9,"Chest pain, unspecified",1,2025-12-24
D0002609,E0002068,P000147,Z23,Encounter for immunization,1,2025-12-24
D0002610,E0002069,P000939,Z23,Encounter for immunization,1,2025-12-24
D0002611,E0002070,P001071,E11.9,Type 2 diabetes mellitus without complications,1,2025-12-24
D0002612,E0002071,P000584,I10,Essential (primary) hypertension,1,2025-12-24
D0002613,E0002072,P000434,I50.22,Chronic systolic (congestive) heart failure,1,2025-12-24
D0002614,E0002073,P001268,N39.0,"Urinary tract infection, site not specified",1,2025-12-25
D0002615,E0002074,P001252,J18.9,"Pneumonia, unspecified organism",1,2025-12-25
D0002616,E0002075,P001268,N39.0,"Urinary tract infection, site not specified",1,2025-12-25
D0002617,E0002075,P001268,I50.9,"Heart failure, unspecified",0,2025-12-25
D0002618,E0002075,P001268,E78.5,"Hyperlipidemia, unspecified",0,2025-12-25
D0002619,E0002076,P000193,I48.91,Unspecified atrial fibrillation,1,2025-12-25
D0002620,E0002077,P000782,I50.9,"Heart failure, unspecified",1,2025-12-25
D0002621,E0002078,P000127,J06.9,"Acute upper respiratory infection, unspecified",1,2025-12-25
D0002622,E0002079,P000359,K92.2,"Gastrointestinal hemorrhage, unspecified",1,2025-12-25
D0002623,E0002080,P001133,N39.0,"Urinary tract infection, site not specified",1,2025-12-25
D0002624,E0002081,P000467,E11.65,Type 2 diabetes mellitus with hyperglycemia,1,2025-12-25
D0002625,E0002082,P000782,I50.9,"Heart failure, unspecified",1,2025-12-25
D0002626,E0002082,P000782,J44.9,"Chronic obstructive pulmonary disease, unspecified",0,2025-12-25
D0002627,E0002082,P000782,N18.9,"Chronic kidney disease, unspecified",0,2025-12-25
D0002628,E0002083,P000481,J44.1,Chronic obstructive pulmonary disease with (acute) exacerbation,1,2025-12-25
D0002629,E0002084,P000193,I48.91,Unspecified atrial fibrillation,1,2025-12-25
D0002630,E0002084,P000193,I50.9,"Heart failure, unspecified",0,2025-12-25
D0002631,E0002085,P000629,A41.9,"Sepsis, unspecified organism",1,2025-12-26
D0002632,E0002085,P000629,N18.9,"Chronic kidney disease, unspecified",0,2025-12-26
D0002633,E0002086,P001284,Z00.00,Encounter for general adult medical examination without abnormal findings,1,2025-12-26
D0002634,E0002087,P000624,N39.0,"Urinary tract infection, site not specified",1,2025-12-26
D0002635,E0002087,P000624,E11.9,Type 2 diabetes mellitus without complications,0,2025-12-26
D0002636,E0002087,P000624,I10,Essential (primary) hypertension,0,2025-12-26
D0002637,E0002088,P000391,Z00.00,Encounter for general adult medical examination without abnormal findings,1,2025-12-26
D0002638,E0002089,P000825,Z23,Encounter for immunization,1,2025-12-26
D0002639,E0002090,P000576,R10.9,Unspecified abdominal pain,1,2025-12-26
D0002640,E0002091,P000905,N39.0,"Urinary tract infection, site not specified",1,2025-12-27
D0002641,E0002092,P000905,N39.0,"Urinary tract infection, site not specified",1,2025-12-27
D0002642,E0002092,P000905,I10,Essential (primary) hypertension,0,2025-12-27
D0002643,E0002093,P000747,N39.0,"Urinary tract infection, site not specified",1,2025-12-28
D0002644,E0002094,P000747,N39.0,"Urinary tract infection, site not specified",1,2025-12-28
D0002645,E0002095,P000901,Z00.00,Encounter for general adult medical examination without abnormal findings,1,2025-12-29
D0002646,E0002096,P000830,I50.23,Acute on chronic systolic (congestive) heart failure,1,2025-12-29
D0002647,E0002096,P000830,I10,Essential (primary) hypertension,0,2025-12-29
D0002648,E0002097,P000193,I48.91,Unspecified atrial fibrillation,1,2025-12-29
D0002649,E0002098,P001171,J06.9,"Acute upper respiratory infection, unspecified",1,2025-12-29
D0002650,E0002099,P000701,I10,Essential (primary) hypertension,1,2025-12-29
D0002651,E0002100,P000223,I50.9,"Heart failure, unspecified",1,2025-12-29
D0002652,E0002100,P000223,N18.9,"Chronic kidney disease, unspecified",0,2025-12-29
D0002653,E0002100,P000223,I10,Essential (primary) hypertension,0,2025-12-29
D0002654,E0002101,P000782,I50.9,"Heart failure, unspecified",1,2025-12-29
D0002655,E0002102,P000503,N18.9,"Chronic kidney disease, unspecified",1,2025-12-29
D0002656,E0002102,P000503,E78.5,"Hyperlipidemia, unspecified",0,2025-12-29
D0002657,E0002103,P001266,R55,Syncope and collapse,1,2025-12-29
D0002658,E0002104,P000631,T14.90XA,"Injury, unspecified, initial encounter",1,2025-12-29
D0002659,E0002105,P000606,R10.9,Unspecified abdominal pain,1,2025-12-30
D0002660,E0002106,P000183,E11.65,Type 2 diabetes mellitus with hyperglycemia,1,2025-12-30
D0002661,E0002107,P000481,E78.5,"Hyperlipidemia, unspecified",1,2025-12-30
D0002662,E0002108,P000972,Z00.00,Encounter for general adult medical examination without abnormal findings,1,2025-12-30
D0002663,E0002109,P001157,I10,Essential (primary) hypertension,1,2025-12-30
D0002664,E0002110,P000116,I10,Essential (primary) hypertension,1,2025-12-30
D0002665,E0002110,P000116,N18.9,"Chronic kidney disease, unspecified",0,2025-12-30
D0002666,E0002111,P001149,J06.9,"Acute upper respiratory infection, unspecified",1,2025-12-30
D0002667,E0002112,P000291,R10.9,Unspecified abdominal pain,1,2025-12-31
D0002668,E0002113,P001207,J18.9,"Pneumonia, unspecified organism",1,2025-12-31
D0002669,E0002114,P000443,R55,Syncope and collapse,1,2025-12-31
D0002670,E0002115,P001254,N18.9,"Chronic kidney disease, unspecified",1,2025-12-31
D0002671,E0002116,P000508,I10,Essential (primary) hypertension,1,2025-12-31
D0002672,E0002117,P001011,J44.1,Chronic obstructive pulmonary disease with (acute) exacerbation,1,2026-01-01
D0002673,E0002118,P000162,Z23,Encounter for immunization,1,2026-01-01
D0002674,E0002119,P000998,E11.9,Type 2 diabetes mellitus without complications,1,2026-01-01
D0002675,E0002120,P001074,I10,Essential (primary) hypertension,1,2026-01-01
D0002676,E0002121,P001210,E11.9,Type 2 diabetes mellitus without complications,1,2026-01-01
D0002677,E0002122,P000747,N39.0,"Urinary tract infection, site not specified",1,2026-01-01
D0002678,E0002123,P000599,N39.0,"Urinary tract infection, site not specified",1,2026-01-01
D0002679,E0002124,P001006,I10,Essential (primary) hypertension,1,2026-01-01
D0002680,E0002125,P000479,N39.0,"Urinary tract infection, site not specified",1,2026-01-01
D0002681,E0002126,P001011,J44.1,Chronic obstructive pulmonary disease with (acute) exacerbation,1,2026-01-01
D0002682,E0002126,P001011,I50.9,"Heart failure, unspecified",0,2026-01-01
D0002683,E0002126,P001011,E11.9,Type 2 diabetes mellitus without complications,0,2026-01-01
D0002684,E0002127,P000884,Z00.00,Encounter for general adult medical examination without abnormal findings,1,2026-01-01
D0002685,E0002128,P001196,Z23,Encounter for immunization,1,2026-01-01
D0002686,E0002129,P000101,R07.9,"Chest pain, unspecified",1,2026-01-01
D0002687,E0002130,P001067,I10,Essential (primary) hypertension,1,2026-01-01
D0002688,E0002131,P001125,R10.9,Unspecified abdominal pain,1,2026-01-01
D0002689,E0002132,P000599,N39.0,"Urinary tract infection, site not specified",1,2026-01-01
D0002690,E0002133,P000012,N39.0,"Urinary tract infection, site not specified",1,2026-01-02
D0002691,E0002134,P000012,N39.0,"Urinary tract infection, site not specified",1,2026-01-02
D0002692,E0002134,P000012,I50.9,"Heart failure, unspecified",0,2026-01-02
D0002693,E0002134,P000012,N18.9,"Chronic kidney disease, unspecified",0,2026-01-02
D0002694,E0002135,P000253,E78.5,"Hyperlipidemia, unspecified",1,2026-01-02
D0002695,E0002136,P000171,E11.9,Type 2 diabetes mellitus without complications,1,2026-01-02
D0002696,E0002137,P000074,J06.9,"Acute upper respiratory infection, unspecified",1,2026-01-02
D0002697,E0002138,P000624,N39.0,"Urinary tract infection, site not specified",1,2026-01-02
D0002698,E0002139,P001120,N39.0,"Urinary tract infection, site not specified",1,2026-01-02
D0002699,E0002140,P000196,Z23,Encounter for immunization,1,2026-01-02
D0002700,E0002141,P000260,T14.90XA,"Injury, unspecified, initial encounter",1,2026-01-02
D0002701,E0002141,P000260,I10,Essential (primary) hypertension,0,2026-01-02
D0002702,E0002142,P001391,I50.23,Acute on chronic systolic (congestive) heart failure,1,2026-01-03
D0002703,E0002143,P000286,J06.9,"Acute upper respiratory infection, unspecified",1,2026-01-03
D0002704,E0002144,P001391,I50.23,Acute on chronic systolic (congestive) heart failure,1,2026-01-03
D0002705,E0002144,P001391,I10,Essential (primary) hypertension,0,2026-01-03
D0002706,E0002145,P001243,I50.9,"Heart failure, unspecified",1,2026-01-03
D0002707,E0002145,P001243,N18.9,"Chronic kidney disease, unspecified",0,2026-01-03
D0002708,E0002146,P001220,R55,Syncope and collapse,1,2026-01-03
D0002709,E0002146,P001220,I10,Essential (primary) hypertension,0,2026-01-03
D0002710,E0002147,P000692,J06.9,"Acute upper respiratory infection, unspecified",1,2026-01-04
D0002711,E0002148,P001344,T14.90XA,"Injury, unspecified, initial encounter",1,2026-01-04
D0002712,E0002149,P000466,J18.9,"Pneumonia, unspecified organism",1,2026-01-04
D0002713,E0002149,P000466,I50.9,"Heart failure, unspecified",0,2026-01-04
D0002714,E0002149,P000466,E11.9,Type 2 diabetes mellitus without complications,0,2026-01-04
D0002715,E0002150,P001329,J06.9,"Acute upper respiratory infection, unspecified",1,2026-01-04
D0002716,E0002151,P000655,R55,Syncope and collapse,1,2026-01-04
D0002717,E0002151,P000655,I50.9,"Heart failure, unspecified",0,2026-01-04
D0002718,E0002151,P000655,I10,Essential (primary) hypertension,0,2026-01-04
D0002719,E0002152,P000216,R55,Syncope and collapse,1,2026-01-05
D0002720,E0002152,P000216,I10,Essential (primary) hypertension,0,2026-01-05
D0002721,E0002153,P001254,I50.9,"Heart failure, unspecified",1,2026-01-05
D0002722,E0002154,P000375,J18.9,"Pneumonia, unspecified organism",1,2026-01-05
D0002723,E0002154,P000375,E11.9,Type 2 diabetes mellitus without complications,0,2026-01-05
D0002724,E0002154,P000375,I10,Essential (primary) hypertension,0,2026-01-05
D0002725,E0002155,P001254,I50.9,"Heart failure, unspecified",1,2026-01-05
D0002726,E0002155,P001254,N18.9,"Chronic kidney disease, unspecified",0,2026-01-05
D0002727,E0002155,P001254,E78.5,"Hyperlipidemia, unspecified",0,2026-01-05
D0002728,E0002156,P000710,Z00.00,Encounter for general adult medical examination without abnormal findings,1,2026-01-05
D0002729,E0002157,P000157,I10,Essential (primary) hypertension,1,2026-01-05
D0002730,E0002158,P000667,Z23,Encounter for immunization,1,2026-01-05
D0002731,E0002159,P000324,Z00.00,Encounter for general adult medical examination without abnormal findings,1,2026-01-05
D0002732,E0002160,P001179,I10,Essential (primary) hypertension,1,2026-01-05
D0002733,E0002161,P000421,I10,Essential (primary) hypertension,1,2026-01-06
D0002734,E0002162,P000629,A41.9,"Sepsis, unspecified organism",1,2026-01-06
D0002735,E0002163,P000097,E11.9,Type 2 diabetes mellitus without complications,1,2026-01-06
D0002736,E0002164,P000908,N39.0,"Urinary tract infection, site not specified",1,2026-01-06
D0002737,E0002164,P000908,I10,Essential (primary) hypertension,0,2026-01-06
D0002738,E0002165,P000813,R07.9,"Chest pain, unspecified",1,2026-01-06
D0002739,E0002166,P000725,I10,Essential (primary) hypertension,1,2026-01-06
D0002740,E0002167,P000235,J44.9,"Chronic obstructive pulmonary disease, unspecified",1,2026-01-06
D0002741,E0002168,P001220,R55,Syncope and collapse,1,2026-01-06
D0002742,E0002169,P000056,T14.90XA,"Injury, unspecified, initial encounter",1,2026-01-07
D0002743,E0002170,P001011,J44.9,"Chronic obstructive pulmonary disease, unspecified",1,2026-01-07
D0002744,E0002171,P000480,N39.0,"Urinary tract infection, site not specified",1,2026-01-07
D0002745,E0002172,P000872,N39.0,"Urinary tract infection, site not specified",1,2026-01-07
D0002746,E0002173,P000825,J18.9,"Pneumonia, unspecified organism",1,2026-01-07
D0002747,E0002173,P000825,E11.9,Type 2 diabetes mellitus without complications,0,2026-01-07
D0002748,E0002174,P000655,R55,Syncope and collapse,1,2026-01-07
D0002749,E0002175,P000099,Z23,Encounter for immunization,1,2026-01-07
D0002750,E0002176,P000248,J06.9,"Acute upper respiratory infection, unspecified",1,2026-01-07
D0002751,E0002177,P000763,E78.5,"Hyperlipidemia, unspecified",1,2026-01-07
D0002752,E0002178,P001210,E11.9,Type 2 diabetes mellitus without complications,1,2026-01-07
D0002753,E0002179,P001392,R07.9,"Chest pain, unspecified",1,2026-01-07
D0002754,E0002180,P000624,N39.0,"Urinary tract infection, site not specified",1,2026-01-07
D0002755,E0002181,P000624,N39.0,"Urinary tract infection, site not specified",1,2026-01-07
D0002756,E0002181,P000624,J44.9,"Chronic obstructive pulmonary disease, unspecified",0,2026-01-07
D0002757,E0002181,P000624,E11.9,Type 2 diabetes mellitus without complications,0,2026-01-07
D0002758,E0002182,P000130,K21.9,Gastro-esophageal reflux disease without esophagitis,1,2026-01-08
D0002759,E0002183,P000223,I50.9,"Heart failure, unspecified",1,2026-01-08
D0002760,E0002184,P001391,I50.9,"Heart failure, unspecified",1,2026-01-08
D0002761,E0002185,P000112,J18.9,"Pneumonia, unspecified organism",1,2026-01-08
D0002762,E0002186,P000677,R10.9,Unspecified abdominal pain,1,2026-01-08
D0002763,E0002187,P000905,J06.9,"Acute upper respiratory infection, unspecified",1,2026-01-08
D0002764,E0002188,P001391,J06.9,"Acute upper respiratory infection, unspecified",1,2026-01-08
D0002765,E0002189,P001234,J18.9,"Pneumonia, unspecified organism",1,2026-01-08
D0002766,E0002189,P001234,I10,Essential (primary) hypertension,0,2026-01-08
D0002767,E0002190,P000107,M54.50,"Low back pain, unspecified",1,2026-01-09
D0002768,E0002191,P001091,I10,Essential (primary) hypertension,1,2026-01-09
D0002769,E0002192,P000702,K92.2,"Gastrointestinal hemorrhage, unspecified",1,2026-01-10
D0002770,E0002192,P000702,I50.9,"Heart failure, unspecified",0,2026-01-10
D0002771,E0002192,P000702,I10,Essential (primary) hypertension,0,2026-01-10
D0002772,E0002193,P001241,N17.9,"Acute kidney failure, unspecified",1,2026-01-10
D0002773,E0002194,P001241,N17.9,"Acute kidney failure, unspecified",1,2026-01-10
D0002774,E0002194,P001241,I50.9,"Heart failure, unspecified",0,2026-01-10
D0002775,E0002194,P001241,E11.9,Type 2 diabetes mellitus without complications,0,2026-01-10
D0002776,E0002195,P000038,J06.9,"Acute upper respiratory infection, unspecified",1,2026-01-11
D0002777,E0002196,P000280,N17.9,"Acute kidney failure, unspecified",1,2026-01-11
D0002778,E0002197,P000280,N17.9,"Acute kidney failure, unspecified",1,2026-01-11
D0002779,E0002197,P000280,N18.9,"Chronic kidney disease, unspecified",0,2026-01-11
D0002780,E0002197,P000280,I10,Essential (primary) hypertension,0,2026-01-11
D0002781,E0002198,P000707,R55,Syncope and collapse,1,2026-01-11
D0002782,E0002199,P001254,I50.32,Chronic diastolic (congestive) heart failure,1,2026-01-12
D0002783,E0002200,P000366,R07.9,"Chest pain, unspecified",1,2026-01-12
D0002784,E0002201,P000230,I50.9,"Heart failure, unspecified",1,2026-01-12
D0002785,E0002202,P001254,I50.32,Chronic diastolic (congestive) heart failure,1,2026-01-12
D0002786,E0002202,P001254,N18.9,"Chronic kidney disease, unspecified",0,2026-01-12
D0002787,E0002203,P000466,J18.9,"Pneumonia, unspecified organism",1,2026-01-12
D0002788,E0002204,P001213,R07.9,"Chest pain, unspecified",1,2026-01-12
D0002789,E0002205,P000520,N39.0,"Urinary tract infection, site not specified",1,2026-01-12
D0002790,E0002206,P000966,E11.9,Type 2 diabetes mellitus without complications,1,2026-01-12
D0002791,E0002207,P000857,E11.9,Type 2 diabetes mellitus without complications,1,2026-01-12
D0002792,E0002208,P000152,R07.9,"Chest pain, unspecified",1,2026-01-12
D0002793,E0002209,P000260,N39.0,"Urinary tract infection, site not specified",1,2026-01-13
D0002794,E0002209,P000260,I10,Essential (primary) hypertension,0,2026-01-13
D0002795,E0002210,P001066,E11.65,Type 2 diabetes mellitus with hyperglycemia,1,2026-01-13
D0002796,E0002210,P001066,J44.9,"Chronic obstructive pulmonary disease, unspecified",0,2026-01-13
D0002797,E0002211,P001245,Z00.00,Encounter for general adult medical examination without abnormal findings,1,2026-01-13
D0002798,E0002212,P000491,T14.90XA,"Injury, unspecified, initial encounter",1,2026-01-13
D0002799,E0002213,P001266,M54.50,"Low back pain, unspecified",1,2026-01-13
D0002800,E0002214,P000550,T14.90XA,"Injury, unspecified, initial encounter",1,2026-01-13
D0002801,E0002215,P001078,M54.50,"Low back pain, unspecified",1,2026-01-14
D0002802,E0002216,P001160,Z23,Encounter for immunization,1,2026-01-14
D0002803,E0002217,P001162,Z00.00,Encounter for general adult medical examination without abnormal findings,1,2026-01-14
D0002804,E0002218,P001162,Z23,Encounter for immunization,1,2026-01-14
D0002805,E0002219,P001239,Z23,Encounter for immunization,1,2026-01-14
D0002806,E0002220,P000030,J06.9,"Acute upper respiratory infection, unspecified",1,2026-01-14
D0002807,E0002221,P001225,I21.4,Non-ST elevation (NSTEMI) myocardial infarction,1,2026-01-14
D0002808,E0002222,P001005,Z00.00,Encounter for general adult medical examination without abnormal findings,1,2026-01-14
D0002809,E0002223,P001225,I21.4,Non-ST elevation (NSTEMI) myocardial infarction,1,2026-01-14
D0002810,E0002223,P001225,J44.9,"Chronic obstructive pulmonary disease, unspecified",0,2026-01-14
D0002811,E0002223,P001225,E11.9,Type 2 diabetes mellitus without complications,0,2026-01-14
D0002812,E0002224,P000428,I50.9,"Heart failure, unspecified",1,2026-01-15
D0002813,E0002225,P000432,I50.9,"Heart failure, unspecified",1,2026-01-15
D0002814,E0002226,P000116,R10.9,Unspecified abdominal pain,1,2026-01-15
D0002815,E0002227,P000422,Z00.00,Encounter for general adult medical examination without abnormal findings,1,2026-01-15
D0002816,E0002228,P001046,I10,Essential (primary) hypertension,1,2026-01-15
D0002817,E0002229,P000432,I50.9,"Heart failure, unspecified",1,2026-01-15
D0002818,E0002229,P000432,I10,Essential (primary) hypertension,0,2026-01-15
D0002819,E0002229,P000432,E78.5,"Hyperlipidemia, unspecified",0,2026-01-15
D0002820,E0002230,P001063,I10,Essential (primary) hypertension,1,2026-01-15
D0002821,E0002231,P000289,Z00.00,Encounter for general adult medical examination without abnormal findings,1,2026-01-15
D0002822,E0002232,P000116,I10,Essential (primary) hypertension,1,2026-01-15
D0002823,E0002233,P000477,I10,Essential (primary) hypertension,1,2026-01-15
D0002824,E0002234,P000557,J06.9,"Acute upper respiratory infection, unspecified",1,2026-01-15
D0002825,E0002235,P000908,N39.0,"Urinary tract infection, site not specified",1,2026-01-15
D0002826,E0002236,P000174,Z00.00,Encounter for general adult medical examination without abnormal findings,1,2026-01-15
D0002827,E0002237,P000778,I50.9,"Heart failure, unspecified",1,2026-01-15
D0002828,E0002237,P000778,N18.9,"Chronic kidney disease, unspecified",0,2026-01-15
D0002829,E0002238,P000184,I50.9,"Heart failure, unspecified",1,2026-01-15
D0002830,E0002238,P000184,I10,Essential (primary) hypertension,0,2026-01-15
D0002831,E0002239,P000179,M54.50,"Low back pain, unspecified",1,2026-01-15
D0002832,E0002240,P001239,I10,Essential (primary) hypertension,1,2026-01-15
D0002833,E0002241,P001232,N39.0,"Urinary tract infection, site not specified",1,2026-01-15
D0002834,E0002242,P001232,N39.0,"Urinary tract infection, site not specified",1,2026-01-15
D0002835,E0002243,P000324,T14.90XA,"Injury, unspecified, initial encounter",1,2026-01-15
D0002836,E0002243,P000324,J44.9,"Chronic obstructive pulmonary disease, unspecified",0,2026-01-15
D0002837,E0002244,P001165,R07.9,"Chest pain, unspecified",1,2026-01-16
D0002838,E0002245,P000434,N39.0,"Urinary tract infection, site not specified",1,2026-01-16
D0002839,E0002246,P001227,I10,Essential (primary) hypertension,1,2026-01-16
D0002840,E0002246,P001227,I50.9,"Heart failure, unspecified",0,2026-01-16
D0002841,E0002247,P000044,E11.65,Type 2 diabetes mellitus with hyperglycemia,1,2026-01-16
D0002842,E0002248,P001269,I50.9,"Heart failure, unspecified",1,2026-01-16
D0002843,E0002249,P000260,N39.0,"Urinary tract infection, site not specified",1,2026-01-16
D0002844,E0002250,P000434,N39.0,"Urinary tract infection, site not specified",1,2026-01-16
D0002845,E0002250,P000434,I50.9,"Heart failure, unspecified",0,2026-01-16
D0002846,E0002250,P000434,J44.9,"Chronic obstructive pulmonary disease, unspecified",0,2026-01-16
D0002847,E0002251,P001175,J18.9,"Pneumonia, unspecified organism",1,2026-01-16
D0002848,E0002252,P000905,N39.0,"Urinary tract infection, site not specified",1,2026-01-16
D0002849,E0002253,P001269,I50.9,"Heart failure, unspecified",1,2026-01-16
D0002850,E0002253,P001269,I10,Essential (primary) hypertension,0,2026-01-16
D0002851,E0002254,P000044,E11.65,Type 2 diabetes mellitus with hyperglycemia,1,2026-01-16
D0002852,E0002254,P000044,I10,Essential (primary) hypertension,0,2026-01-16
D0002853,E0002255,P001175,J18.9,"Pneumonia, unspecified organism",1,2026-01-16
D0002854,E0002255,P001175,I50.9,"Heart failure, unspecified",0,2026-01-16
D0002855,E0002255,P001175,I10,Essential (primary) hypertension,0,2026-01-16
D0002856,E0002256,P000541,M54.50,"Low back pain, unspecified",1,2026-01-16
D0002857,E0002257,P001009,N39.0,"Urinary tract infection, site not specified",1,2026-01-16
D0002858,E0002258,P001009,N39.0,"Urinary tract infection, site not specified",1,2026-01-17
D0002859,E0002258,P001009,I10,Essential (primary) hypertension,0,2026-01-17
D0002860,E0002259,P000240,E11.65,Type 2 diabetes mellitus with hyperglycemia,1,2026-01-17
D0002861,E0002259,P000240,I10,Essential (primary) hypertension,0,2026-01-17
D0002862,E0002260,P000751,J06.9,"Acute upper respiratory infection, unspecified",1,2026-01-17
D0002863,E0002261,P000484,A41.9,"Sepsis, unspecified organism",1,2026-01-17
D0002864,E0002261,P000484,N18.9,"Chronic kidney disease, unspecified",0,2026-01-17
D0002865,E0002262,P000363,I50.23,Acute on chronic systolic (congestive) heart failure,1,2026-01-18
D0002866,E0002263,P000363,I50.23,Acute on chronic systolic (congestive) heart failure,1,2026-01-18
D0002867,E0002263,P000363,I10,Essential (primary) hypertension,0,2026-01-18
D0002868,E0002264,P000599,R10.9,Unspecified abdominal pain,1,2026-01-19
D0002869,E0002265,P000903,Z00.00,Encounter for general adult medical examination without abnormal findings,1,2026-01-19
D0002870,E0002266,P000016,N39.0,"Urinary tract infection, site not specified",1,2026-01-19
D0002871,E0002267,P001190,J06.9,"Acute upper respiratory infection, unspecified",1,2026-01-19
D0002872,E0002268,P000280,N17.9,"Acute kidney failure, unspecified",1,2026-01-19
D0002873,E0002269,P000953,I10,Essential (primary) hypertension,1,2026-01-19
D0002874,E0002270,P000575,Z00.00,Encounter for general adult medical examination without abnormal findings,1,2026-01-19
D0002875,E0002271,P001122,J18.9,"Pneumonia, unspecified organism",1,2026-01-19
D0002876,E0002272,P001122,J18.9,"Pneumonia, unspecified organism",1,2026-01-19
D0002877,E0002272,P001122,I50.9,"Heart failure, unspecified",0,2026-01-19
D0002878,E0002272,P001122,J44.9,"Chronic obstructive pulmonary disease, unspecified",0,2026-01-19
D0002879,E0002273,P000779,E11.65,Type 2 diabetes mellitus with hyperglycemia,1,2026-01-19
D0002880,E0002274,P000767,J06.9,"Acute upper respiratory infection, unspecified",1,2026-01-20
D0002881,E0002275,P000779,E11.65,Type 2 diabetes mellitus with hyperglycemia,1,2026-01-20
D0002882,E0002276,P001319,T14.90XA,"Injury, unspecified, initial encounter",1,2026-01-20
D0002883,E0002277,P000762,I10,Essential (primary) hypertension,1,2026-01-20
D0002884,E0002278,P000972,N39.0,"Urinary tract infection, site not specified",1,2026-01-20
D0002885,E0002279,P001239,I10,Essential (primary) hypertension,1,2026-01-20
D0002886,E0002280,P000204,Z00.00,Encounter for general adult medical examination without abnormal findings,1,2026-01-20
D0002887,E0002281,P001243,I50.23,Acute on chronic systolic (congestive) heart failure,1,2026-01-21
D0002888,E0002281,P001243,N18.9,"Chronic kidney disease, unspecified",0,2026-01-21
D0002889,E0002282,P000306,I10,Essential (primary) hypertension,1,2026-01-21
D0002890,E0002283,P000292,Z00.00,Encounter for general adult medical examination without abnormal findings,1,2026-01-21
D0002891,E0002284,P000286,N18.9,"Chronic kidney disease, unspecified",1,2026-01-21
D0002892,E0002285,P000482,Z23,Encounter for immunization,1,2026-01-21
D0002893,E0002286,P000635,Z23,Encounter for immunization,1,2026-01-21
D0002894,E0002287,P001382,E11.65,Type 2 diabetes mellitus with hyperglycemia,1,2026-01-21
D0002895,E0002288,P000292,E11.9,Type 2 diabetes mellitus without complications,1,2026-01-21
D0002896,E0002289,P001226,J06.9,"Acute upper respiratory infection, unspecified",1,2026-01-21
D0002897,E0002290,P001182,M54.50,"Low back pain, unspecified",1,2026-01-21
D0002898,E0002291,P000061,J06.9,"Acute upper respiratory infection, unspecified",1,2026-01-21
D0002899,E0002292,P000923,E11.65,Type 2 diabetes mellitus with hyperglycemia,1,2026-01-21
D0002900,E0002293,P000624,N39.0,"Urinary tract infection, site not specified",1,2026-01-22
D0002901,E0002294,P000183,Z00.00,Encounter for general adult medical examination without abnormal findings,1,2026-01-22
D0002902,E0002295,P001254,I50.22,Chronic systolic (congestive) heart failure,1,2026-01-22
D0002903,E0002296,P000210,J06.9,"Acute upper respiratory infection, unspecified",1,2026-01-22
D0002904,E0002297,P000069,I50.9,"Heart failure, unspecified",1,2026-01-22
D0002905,E0002298,P001232,N39.0,"Urinary tract infection, site not specified",1,2026-01-22
D0002906,E0002299,P000043,E11.65,Type 2 diabetes mellitus with hyperglycemia,1,2026-01-22
D0002907,E0002300,P000366,I48.91,Unspecified atrial fibrillation,1,2026-01-22
D0002908,E0002301,P000218,I50.22,Chronic systolic (congestive) heart failure,1,2026-01-22
D0002909,E0002302,P001397,E11.9,Type 2 diabetes mellitus without complications,1,2026-01-22
D0002910,E0002303,P000218,I50.22,Chronic systolic (congestive) heart failure,1,2026-01-22
D0002911,E0002303,P000218,E11.9,Type 2 diabetes mellitus without complications,0,2026-01-22
D0002912,E0002303,P000218,N18.9,"Chronic kidney disease, unspecified",0,2026-01-22
D0002913,E0002304,P000366,I48.91,Unspecified atrial fibrillation,1,2026-01-22
D0002914,E0002304,P000366,E78.5,"Hyperlipidemia, unspecified",0,2026-01-22
D0002915,E0002305,P000932,A41.9,"Sepsis, unspecified organism",1,2026-01-23
D0002916,E0002306,P000611,A41.9,"Sepsis, unspecified organism",1,2026-01-23
D0002917,E0002307,P000932,A41.9,"Sepsis, unspecified organism",1,2026-01-23
D0002918,E0002308,P001335,I21.4,Non-ST elevation (NSTEMI) myocardial infarction,1,2026-01-23
D0002919,E0002309,P000967,N39.0,"Urinary tract infection, site not specified",1,2026-01-23
D0002920,E0002310,P000364,J18.9,"Pneumonia, unspecified organism",1,2026-01-23
D0002921,E0002311,P000216,I10,Essential (primary) hypertension,1,2026-01-23
D0002922,E0002312,P000364,J18.9,"Pneumonia, unspecified organism",1,2026-01-23
D0002923,E0002312,P000364,E78.5,"Hyperlipidemia, unspecified",0,2026-01-23
D0002924,E0002313,P001335,I21.4,Non-ST elevation (NSTEMI) myocardial infarction,1,2026-01-23
D0002925,E0002314,P000611,A41.9,"Sepsis, unspecified organism",1,2026-01-23
D0002926,E0002315,P001225,I21.4,Non-ST elevation (NSTEMI) myocardial infarction,1,2026-01-23
D0002927,E0002316,P000782,I50.22,Chronic systolic (congestive) heart failure,1,2026-01-23
D0002928,E0002316,P000782,N18.9,"Chronic kidney disease, unspecified",0,2026-01-23
D0002929,E0002316,P000782,I10,Essential (primary) hypertension,0,2026-01-23
D0002930,E0002317,P000509,Z23,Encounter for immunization,1,2026-01-23
D0002931,E0002318,P000384,M54.50,"Low back pain, unspecified",1,2026-01-23
D0002932,E0002319,P000217,J45.909,"Unspecified asthma, uncomplicated",1,2026-01-23
D0002933,E0002320,P000163,Z00.00,Encounter for general adult medical examination without abnormal findings,1,2026-01-23
D0002934,E0002321,P000875,M54.50,"Low back pain, unspecified",1,2026-01-23
D0002935,E0002322,P001333,N39.0,"Urinary tract infection, site not specified",1,2026-01-23
D0002936,E0002323,P001333,N39.0,"Urinary tract infection, site not specified",1,2026-01-23
D0002937,E0002323,P001333,I10,Essential (primary) hypertension,0,2026-01-23
D0002938,E0002324,P001032,K92.2,"Gastrointestinal hemorrhage, unspecified",1,2026-01-24
D0002939,E0002324,P001032,I50.9,"Heart failure, unspecified",0,2026-01-24
D0002940,E0002324,P001032,E78.5,"Hyperlipidemia, unspecified",0,2026-01-24
D0002941,E0002325,P000702,I21.4,Non-ST elevation (NSTEMI) myocardial infarction,1,2026-01-24
D0002942,E0002326,P000702,I21.4,Non-ST elevation (NSTEMI) myocardial infarction,1,2026-01-24
D0002943,E0002326,P000702,I50.9,"Heart failure, unspecified",0,2026-01-24
D0002944,E0002326,P000702,I10,Essential (primary) hypertension,0,2026-01-24
D0002945,E0002327,P000448,T14.90XA,"Injury, unspecified, initial encounter",1,2026-01-25
D0002946,E0002328,P001110,I50.23,Acute on chronic systolic (congestive) heart failure,1,2026-01-25
D0002947,E0002328,P001110,I10,Essential (primary) hypertension,0,2026-01-25
D0002948,E0002329,P000068,R10.9,Unspecified abdominal pain,1,2026-01-25
D0002949,E0002330,P000411,I50.23,Acute on chronic systolic (congestive) heart failure,1,2026-01-26
D0002950,E0002331,P000440,I10,Essential (primary) hypertension,1,2026-01-26
D0002951,E0002332,P000411,I50.23,Acute on chronic systolic (congestive) heart failure,1,2026-01-26
D0002952,E0002332,P000411,E11.9,Type 2 diabetes mellitus without complications,0,2026-01-26
D0002953,E0002333,P000043,E11.9,Type 2 diabetes mellitus without complications,1,2026-01-26
D0002954,E0002334,P000807,M54.50,"Low back pain, unspecified",1,2026-01-26
D0002955,E0002335,P000960,I50.32,Chronic diastolic (congestive) heart failure,1,2026-01-26
D0002956,E0002336,P000015,M54.50,"Low back pain, unspecified",1,2026-01-27
D0002957,E0002337,P000830,Z00.00,Encounter for general adult medical examination without abnormal findings,1,2026-01-27
D0002958,E0002338,P000360,E11.65,Type 2 diabetes mellitus with hyperglycemia,1,2026-01-27
D0002959,E0002339,P001150,J18.9,"Pneumonia, unspecified organism",1,2026-01-27
D0002960,E0002340,P000793,J18.9,"Pneumonia, unspecified organism",1,2026-01-27
D0002961,E0002341,P001150,J18.9,"Pneumonia, unspecified organism",1,2026-01-27
D0002962,E0002341,P001150,I10,Essential (primary) hypertension,0,2026-01-27
D0002963,E0002342,P000793,J18.9,"Pneumonia, unspecified organism",1,2026-01-27
D0002964,E0002342,P000793,I10,Essential (primary) hypertension,0,2026-01-27
D0002965,E0002343,P000555,I50.22,Chronic systolic (congestive) heart failure,1,2026-01-28
D0002966,E0002343,P000555,I10,Essential (primary) hypertension,0,2026-01-28
D0002967,E0002344,P000594,Z23,Encounter for immunization,1,2026-01-28
D0002968,E0002345,P000505,E11.9,Type 2 diabetes mellitus without complications,1,2026-01-28
D0002969,E0002346,P001225,I21.4,Non-ST elevation (NSTEMI) myocardial infarction,1,2026-01-28
D0002970,E0002347,P000847,K21.9,Gastro-esophageal reflux disease without esophagitis,1,2026-01-28
D0002971,E0002348,P001254,I50.9,"Heart failure, unspecified",1,2026-01-28
D0002972,E0002349,P000963,K21.9,Gastro-esophageal reflux disease without esophagitis,1,2026-01-28
D0002973,E0002350,P000183,E11.65,Type 2 diabetes mellitus with hyperglycemia,1,2026-01-28
D0002974,E0002351,P001225,I21.4,Non-ST elevation (NSTEMI) myocardial infarction,1,2026-01-28
D0002975,E0002351,P001225,J44.9,"Chronic obstructive pulmonary disease, unspecified",0,2026-01-28
D0002976,E0002351,P001225,E11.9,Type 2 diabetes mellitus without complications,0,2026-01-28
D0002977,E0002352,P001254,I50.9,"Heart failure, unspecified",1,2026-01-28
D0002978,E0002352,P001254,N18.9,"Chronic kidney disease, unspecified",0,2026-01-28
D0002979,E0002353,P001274,J44.9,"Chronic obstructive pulmonary disease, unspecified",1,2026-01-29
D0002980,E0002354,P001122,J18.9,"Pneumonia, unspecified organism",1,2026-01-29
D0002981,E0002355,P000726,N39.0,"Urinary tract infection, site not specified",1,2026-01-29
D0002982,E0002356,P000551,J18.9,"Pneumonia, unspecified organism",1,2026-01-29
D0002983,E0002356,P000551,I10,Essential (primary) hypertension,0,2026-01-29
D0002984,E0002357,P000726,N39.0,"Urinary tract infection, site not specified",1,2026-01-29
D0002985,E0002358,P000194,Z23,Encounter for immunization,1,2026-01-30
D0002986,E0002359,P000262,N39.0,"Urinary tract infection, site not specified",1,2026-01-30
D0002987,E0002360,P000156,E11.9,Type 2 diabetes mellitus without complications,1,2026-01-30
D0002988,E0002361,P001046,M54.50,"Low back pain, unspecified",1,2026-01-30
D0002989,E0002362,P000432,I10,Essential (primary) hypertension,1,2026-01-30
D0002990,E0002363,P000618,I10,Essential (primary) hypertension,1,2026-01-30
D0002991,E0002364,P000520,N39.0,"Urinary tract infection, site not specified",1,2026-01-30
D0002992,E0002365,P000782,I50.9,"Heart failure, unspecified",1,2026-01-30
D0002993,E0002366,P000840,I10,Essential (primary) hypertension,1,2026-01-30
D0002994,E0002367,P000870,Z00.00,Encounter for general adult medical examination without abnormal findings,1,2026-01-30
D0002995,E0002368,P000929,I10,Essential (primary) hypertension,1,2026-01-30
D0002996,E0002369,P001048,I50.23,Acute on chronic systolic (congestive) heart failure,1,2026-01-30
D0002997,E0002370,P000815,I50.9,"Heart failure, unspecified",1,2026-01-30
D0002998,E0002371,P001048,I50.23,Acute on chronic systolic (congestive) heart failure,1,2026-01-30
D0002999,E0002372,P000815,I50.9,"Heart failure, unspecified",1,2026-01-30
D0003000,E0002373,P001232,J18.9,"Pneumonia, unspecified organism",1,2026-01-31
D0003001,E0002373,P001232,N18.9,"Chronic kidney disease, unspecified",0,2026-01-31
D0003002,E0002374,P000083,I48.91,Unspecified atrial fibrillation,1,2026-02-01
D0003003,E0002375,P000782,R07.9,"Chest pain, unspecified",1,2026-02-01
D0003004,E0002375,P000782,I50.9,"Heart failure, unspecified",0,2026-02-01
D0003005,E0002375,P000782,J44.9,"Chronic obstructive pulmonary disease, unspecified",0,2026-02-01
D0003006,E0002376,P000083,I48.91,Unspecified atrial fibrillation,1,2026-02-01
D0003007,E0002376,P000083,J44.9,"Chronic obstructive pulmonary disease, unspecified",0,2026-02-01
D0003008,E0002376,P000083,E78.5,"Hyperlipidemia, unspecified",0,2026-02-01
D0003009,E0002377,P000911,J06.9,"Acute upper respiratory infection, unspecified",1,2026-02-01
D0003010,E0002378,P001159,J06.9,"Acute upper respiratory infection, unspecified",1,2026-02-02
D0003011,E0002379,P000229,Z00.00,Encounter for general adult medical examination without abnormal findings,1,2026-02-02
D0003012,E0002380,P001227,I50.9,"Heart failure, unspecified",1,2026-02-02
D0003013,E0002381,P000434,N39.0,"Urinary tract infection, site not specified",1,2026-02-02
D0003014,E0002382,P000218,I50.9,"Heart failure, unspecified",1,2026-02-02
D0003015,E0002383,P001135,J44.9,"Chronic obstructive pulmonary disease, unspecified",1,2026-02-02
D0003016,E0002384,P000963,M54.50,"Low back pain, unspecified",1,2026-02-02
D0003017,E0002385,P000988,N17.9,"Acute kidney failure, unspecified",1,2026-02-02
D0003018,E0002385,P000988,J44.9,"Chronic obstructive pulmonary disease, unspecified",0,2026-02-02
D0003019,E0002385,P000988,N18.9,"Chronic kidney disease, unspecified",0,2026-02-02
D0003020,E0002386,P001264,A41.9,"Sepsis, unspecified organism",1,2026-02-02
D0003021,E0002387,P001264,A41.9,"Sepsis, unspecified organism",1,2026-02-03
D0003022,E0002387,P001264,I50.9,"Heart failure, unspecified",0,2026-02-03
D0003023,E0002387,P001264,I10,Essential (primary) hypertension,0,2026-02-03
D0003024,E0002388,P000825,E11.65,Type 2 diabetes mellitus with hyperglycemia,1,2026-02-03
D0003025,E0002389,P000223,I50.9,"Heart failure, unspecified",1,2026-02-03
D0003026,E0002390,P001071,E11.9,Type 2 diabetes mellitus without complications,1,2026-02-03
D0003027,E0002391,P000729,Z00.00,Encounter for general adult medical examination without abnormal findings,1,2026-02-03
D0003028,E0002392,P000366,Z00.00,Encounter for general adult medical examination without abnormal findings,1,2026-02-03
D0003029,E0002393,P000658,I50.9,"Heart failure, unspecified",1,2026-02-03
D0003030,E0002394,P000825,E11.65,Type 2 diabetes mellitus with hyperglycemia,1,2026-02-03
D0003031,E0002394,P000825,I10,Essential (primary) hypertension,0,2026-02-03
D0003032,E0002395,P000450,I10,Essential (primary) hypertension,1,2026-02-03
D0003033,E0002396,P000171,J18.9,"Pneumonia, unspecified organism",1,2026-02-03
D0003034,E0002397,P000812,R07.9,"Chest pain, unspecified",1,2026-02-03
D0003035,E0002398,P000364,J18.9,"Pneumonia, unspecified organism",1,2026-02-03
D0003036,E0002399,P000280,I10,Essential (primary) hypertension,1,2026-02-03
D0003037,E0002400,P000171,J18.9,"Pneumonia, unspecified organism",1,2026-02-03
D0003038,E0002400,P000171,E11.9,Type 2 diabetes mellitus without complications,0,2026-02-03
D0003039,E0002400,P000171,I10,Essential (primary) hypertension,0,2026-02-03
D0003040,E0002401,P000266,T14.90XA,"Injury, unspecified, initial encounter",1,2026-02-03
D0003041,E0002402,P001121,E78.5,"Hyperlipidemia, unspecified",1,2026-02-04
D0003042,E0002403,P000240,J45.909,"Unspecified asthma, uncomplicated",1,2026-02-04
D0003043,E0002404,P000434,Z00.00,Encounter for general adult medical examination without abnormal findings,1,2026-02-04
D0003044,E0002405,P000670,E11.9,Type 2 diabetes mellitus without complications,1,2026-02-04
D0003045,E0002406,P001015,Z23,Encounter for immunization,1,2026-02-04
D0003046,E0002407,P000975,E11.9,Type 2 diabetes mellitus without complications,1,2026-02-05
D0003047,E0002408,P000411,I50.9,"Heart failure, unspecified",1,2026-02-05
D0003048,E0002409,P000971,Z23,Encounter for immunization,1,2026-02-05
D0003049,E0002410,P001321,J44.9,"Chronic obstructive pulmonary disease, unspecified",1,2026-02-05
D0003050,E0002411,P000432,I50.9,"Heart failure, unspecified",1,2026-02-05
D0003051,E0002412,P000534,I50.9,"Heart failure, unspecified",1,2026-02-05
D0003052,E0002413,P000986,I50.23,Acute on chronic systolic (congestive) heart failure,1,2026-02-05
D0003053,E0002414,P000477,E78.5,"Hyperlipidemia, unspecified",1,2026-02-05
D0003054,E0002415,P000639,I10,Essential (primary) hypertension,1,2026-02-05
D0003055,E0002416,P000656,J06.9,"Acute upper respiratory infection, unspecified",1,2026-02-05
D0003056,E0002416,P000656,I50.9,"Heart failure, unspecified",0,2026-02-05
D0003057,E0002417,P001254,I50.23,Acute on chronic systolic (congestive) heart failure,1,2026-02-05
D0003058,E0002418,P000935,E11.9,Type 2 diabetes mellitus without complications,1,2026-02-06
D0003059,E0002419,P001170,Z23,Encounter for immunization,1,2026-02-06
D0003060,E0002420,P000019,I10,Essential (primary) hypertension,1,2026-02-06
D0003061,E0002421,P000363,I50.32,Chronic diastolic (congestive) heart failure,1,2026-02-06
D0003062,E0002422,P000522,E11.9,Type 2 diabetes mellitus without complications,1,2026-02-06
D0003063,E0002423,P001055,J18.9,"Pneumonia, unspecified organism",1,2026-02-06
D0003064,E0002424,P000654,Z00.00,Encounter for general adult medical examination without abnormal findings,1,2026-02-06
D0003065,E0002425,P001056,M54.50,"Low back pain, unspecified",1,2026-02-06
D0003066,E0002426,P000405,E11.9,Type 2 diabetes mellitus without complications,1,2026-02-06
D0003067,E0002427,P001055,J18.9,"Pneumonia, unspecified organism",1,2026-02-06
D0003068,E0002427,P001055,E11.9,Type 2 diabetes mellitus without complications,0,2026-02-06
D0003069,E0002428,P000085,J06.9,"Acute upper respiratory infection, unspecified",1,2026-02-07
D0003070,E0002429,P001363,N17.9,"Acute kidney failure, unspecified",1,2026-02-07
D0003071,E0002430,P001363,N17.9,"Acute kidney failure, unspecified",1,2026-02-07
D0003072,E0002430,P001363,I10,Essential (primary) hypertension,0,2026-02-07
D0003073,E0002431,P000489,R10.9,Unspecified abdominal pain,1,2026-02-07
D0003074,E0002431,P000489,I50.9,"Heart failure, unspecified",0,2026-02-07
D0003075,E0002432,P000051,I50.23,Acute on chronic systolic (congestive) heart failure,1,2026-02-08
D0003076,E0002432,P000051,E11.9,Type 2 diabetes mellitus without complications,0,2026-02-08
D0003077,E0002433,P001038,A41.9,"Sepsis, unspecified organism",1,2026-02-08
D0003078,E0002434,P001038,A41.9,"Sepsis, unspecified organism",1,2026-02-08
D0003079,E0002435,P000131,K92.2,"Gastrointestinal hemorrhage, unspecified",1,2026-02-08
D0003080,E0002436,P001115,J44.1,Chronic obstructive pulmonary disease with (acute) exacerbation,1,2026-02-09
D0003081,E0002437,P000198,N18.9,"Chronic kidney disease, unspecified",1,2026-02-09
D0003082,E0002438,P001115,J44.1,Chronic obstructive pulmonary disease with (acute) exacerbation,1,2026-02-09
D0003083,E0002438,P001115,E11.9,Type 2 diabetes mellitus without complications,0,2026-02-09
D0003084,E0002438,P001115,I10,Essential (primary) hypertension,0,2026-02-09
D0003085,E0002439,P000421,R07.9,"Chest pain, unspecified",1,2026-02-09
D0003086,E0002439,P000421,I10,Essential (primary) hypertension,0,2026-02-09
D0003087,E0002440,P000083,I48.91,Unspecified atrial fibrillation,1,2026-02-09
D0003088,E0002441,P000862,I10,Essential (primary) hypertension,1,2026-02-09
D0003089,E0002442,P000083,Z00.00,Encounter for general adult medical examination without abnormal findings,1,2026-02-09
D0003090,E0002443,P000462,I10,Essential (primary) hypertension,1,2026-02-09
D0003091,E0002444,P000551,J18.9,"Pneumonia, unspecified organism",1,2026-02-09
D0003092,E0002445,P000690,R07.9,"Chest pain, unspecified",1,2026-02-09
D0003093,E0002446,P001266,E11.9,Type 2 diabetes mellitus without complications,1,2026-02-09
D0003094,E0002447,P001069,I50.9,"Heart failure, unspecified",1,2026-02-09
D0003095,E0002447,P001069,E11.9,Type 2 diabetes mellitus without complications,0,2026-02-09
D0003096,E0002447,P001069,I10,Essential (primary) hypertension,0,2026-02-09
D0003097,E0002448,P001274,J06.9,"Acute upper respiratory infection, unspecified",1,2026-02-09
D0003098,E0002448,P001274,J44.9,"Chronic obstructive pulmonary disease, unspecified",0,2026-02-09
D0003099,E0002449,P000143,Z00.00,Encounter for general adult medical examination without abnormal findings,1,2026-02-10
D0003100,E0002450,P000218,I50.23,Acute on chronic systolic (congestive) heart failure,1,2026-02-10
D0003101,E0002451,P000597,I10,Essential (primary) hypertension,1,2026-02-10
D0003102,E0002452,P001254,I50.32,Chronic diastolic (congestive) heart failure,1,2026-02-10
D0003103,E0002453,P000876,N18.9,"Chronic kidney disease, unspecified",1,2026-02-10
D0003104,E0002454,P000434,Z00.00,Encounter for general adult medical examination without abnormal findings,1,2026-02-10
D0003105,E0002455,P000467,J06.9,"Acute upper respiratory infection, unspecified",1,2026-02-10
D0003106,E0002456,P000218,I50.23,Acute on chronic systolic (congestive) heart failure,1,2026-02-10
D0003107,E0002456,P000218,E11.9,Type 2 diabetes mellitus without complications,0,2026-02-10
D0003108,E0002456,P000218,N18.9,"Chronic kidney disease, unspecified",0,2026-02-10
D0003109,E0002457,P000240,J06.9,"Acute upper respiratory infection, unspecified",1,2026-02-10
D0003110,E0002457,P000240,I10,Essential (primary) hypertension,0,2026-02-10
D0003111,E0002458,P000422,J06.9,"Acute upper respiratory infection, unspecified",1,2026-02-10
D0003112,E0002459,P001213,J06.9,"Acute upper respiratory infection, unspecified",1,2026-02-10
D0003113,E0002459,P001213,N18.9,"Chronic kidney disease, unspecified",0,2026-02-10
D0003114,E0002460,P000838,N39.0,"Urinary tract infection, site not specified",1,2026-02-10
D0003115,E0002461,P000262,R07.9,"Chest pain, unspecified",1,2026-02-10
D0003116,E0002462,P000815,I50.9,"Heart failure, unspecified",1,2026-02-11
D0003117,E0002463,P000480,J44.9,"Chronic obstructive pulmonary disease, unspecified",1,2026-02-11
D0003118,E0002464,P001064,Z00.00,Encounter for general adult medical examination without abnormal findings,1,2026-02-11
D0003119,E0002465,P000475,J06.9,"Acute upper respiratory infection, unspecified",1,2026-02-11
D0003120,E0002466,P000998,E11.65,Type 2 diabetes mellitus with hyperglycemia,1,2026-02-11
D0003121,E0002467,P000827,I10,Essential (primary) hypertension,1,2026-02-11
D0003122,E0002467,P000827,E78.5,"Hyperlipidemia, unspecified",0,2026-02-11
D0003123,E0002468,P001225,Z00.00,Encounter for general adult medical examination without abnormal findings,1,2026-02-11
D0003124,E0002469,P001120,R07.9,"Chest pain, unspecified",1,2026-02-11
D0003125,E0002470,P001073,I10,Essential (primary) hypertension,1,2026-02-12
D0003126,E0002471,P000598,I50.22,Chronic systolic (congestive) heart failure,1,2026-02-12
D0003127,E0002472,P001383,Z00.00,Encounter for general adult medical examination without abnormal findings,1,2026-02-12
D0003128,E0002473,P000845,Z23,Encounter for immunization,1,2026-02-12
D0003129,E0002474,P001033,E11.9,Type 2 diabetes mellitus without complications,1,2026-02-12
D0003130,E0002475,P001321,I10,Essential (primary) hypertension,1,2026-02-12
D0003131,E0002476,P001006,I10,Essential (primary) hypertension,1,2026-02-12
D0003132,E0002476,P001006,E78.5,"Hyperlipidemia, unspecified",0,2026-02-12
D0003133,E0002477,P000879,Z23,Encounter for immunization,1,2026-02-12
D0003134,E0002478,P000011,K92.2,"Gastrointestinal hemorrhage, unspecified",1,2026-02-12
D0003135,E0002479,P001219,I50.9,"Heart failure, unspecified",1,2026-02-12
D0003136,E0002480,P001166,I48.91,Unspecified atrial fibrillation,1,2026-02-12
D0003137,E0002481,P001176,R10.9,Unspecified abdominal pain,1,2026-02-12
D0003138,E0002482,P000011,K92.2,"Gastrointestinal hemorrhage, unspecified",1,2026-02-12
D0003139,E0002483,P001179,J44.9,"Chronic obstructive pulmonary disease, unspecified",1,2026-02-12
D0003140,E0002484,P000639,J06.9,"Acute upper respiratory infection, unspecified",1,2026-02-12
D0003141,E0002485,P000702,I21.4,Non-ST elevation (NSTEMI) myocardial infarction,1,2026-02-12
D0003142,E0002486,P001166,I48.91,Unspecified atrial fibrillation,1,2026-02-12
D0003143,E0002486,P001166,I10,Essential (primary) hypertension,0,2026-02-12
D0003144,E0002487,P000188,T14.90XA,"Injury, unspecified, initial encounter",1,2026-02-12
D0003145,E0002487,P000188,I10,Essential (primary) hypertension,0,2026-02-12
D0003146,E0002488,P001232,A41.9,"Sepsis, unspecified organism",1,2026-02-13
D0003147,E0002489,P000347,N39.0,"Urinary tract infection, site not specified",1,2026-02-13
D0003148,E0002490,P000371,I50.9,"Heart failure, unspecified",1,2026-02-13
D0003149,E0002491,P001110,I50.32,Chronic diastolic (congestive) heart failure,1,2026-02-13
D0003150,E0002492,P001232,A41.9,"Sepsis, unspecified organism",1,2026-02-13
D0003151,E0002492,P001232,E11.9,Type 2 diabetes mellitus without complications,0,2026-02-13
D0003152,E0002492,P001232,N18.9,"Chronic kidney disease, unspecified",0,2026-02-13
D0003153,E0002493,P000379,Z23,Encounter for immunization,1,2026-02-13
D0003154,E0002494,P000855,I50.22,Chronic systolic (congestive) heart failure,1,2026-02-13
D0003155,E0002495,P001266,N39.0,"Urinary tract infection, site not specified",1,2026-02-13
D0003156,E0002496,P000386,N39.0,"Urinary tract infection, site not specified",1,2026-02-13
D0003157,E0002497,P000042,R55,Syncope and collapse,1,2026-02-13
D0003158,E0002498,P001274,R07.9,"Chest pain, unspecified",1,2026-02-14
D0003159,E0002499,P000223,I48.91,Unspecified atrial fibrillation,1,2026-02-15
D0003160,E0002499,P000223,N18.9,"Chronic kidney disease, unspecified",0,2026-02-15
D0003161,E0002499,P000223,I10,Essential (primary) hypertension,0,2026-02-15
D0003162,E0002500,P001380,N39.0,"Urinary tract infection, site not specified",1,2026-02-15
D0003163,E0002500,P001380,I10,Essential (primary) hypertension,0,2026-02-15
D0003164,E0002501,P001128,R10.9,Unspecified abdominal pain,1,2026-02-15
D0003165,E0002502,P000815,R10.9,Unspecified abdominal pain,1,2026-02-16
D0003166,E0002503,P000825,M54.50,"Low back pain, unspecified",1,2026-02-16
D0003167,E0002504,P000464,R10.9,Unspecified abdominal pain,1,2026-02-16
D0003168,E0002505,P001328,R10.9,Unspecified abdominal pain,1,2026-02-16
D0003169,E0002506,P001395,Z00.00,Encounter for general adult medical examination without abnormal findings,1,2026-02-16
D0003170,E0002507,P001300,Z00.00,Encounter for general adult medical examination without abnormal findings,1,2026-02-16
D0003171,E0002508,P000258,E11.65,Type 2 diabetes mellitus with hyperglycemia,1,2026-02-16
D0003172,E0002509,P000003,I10,Essential (primary) hypertension,1,2026-02-16
D0003173,E0002509,P000003,J44.9,"Chronic obstructive pulmonary disease, unspecified",0,2026-02-16
D0003174,E0002510,P000830,J44.1,Chronic obstructive pulmonary disease with (acute) exacerbation,1,2026-02-16
D0003175,E0002510,P000830,I50.9,"Heart failure, unspecified",0,2026-02-16
D0003176,E0002510,P000830,I10,Essential (primary) hypertension,0,2026-02-16
D0003177,E0002511,P000825,E11.65,Type 2 diabetes mellitus with hyperglycemia,1,2026-02-16
D0003178,E0002512,P000687,J45.909,"Unspecified asthma, uncomplicated",1,2026-02-16
D0003179,E0002513,P001175,Z23,Encounter for immunization,1,2026-02-16
D0003180,E0002514,P001264,A41.9,"Sepsis, unspecified organism",1,2026-02-16
D0003181,E0002515,P000947,E11.9,Type 2 diabetes mellitus without complications,1,2026-02-16
D0003182,E0002516,P001266,I50.23,Acute on chronic systolic (congestive) heart failure,1,2026-02-16
D0003183,E0002517,P001266,I50.23,Acute on chronic systolic (congestive) heart failure,1,2026-02-16
D0003184,E0002517,P001266,E11.9,Type 2 diabetes mellitus without complications,0,2026-02-16
D0003185,E0002517,P001266,N18.9,"Chronic kidney disease, unspecified",0,2026-02-16
D0003186,E0002518,P000155,J06.9,"Acute upper respiratory infection, unspecified",1,2026-02-17
D0003187,E0002519,P000808,M54.50,"Low back pain, unspecified",1,2026-02-17
D0003188,E0002520,P000440,Z00.00,Encounter for general adult medical examination without abnormal findings,1,2026-02-17
D0003189,E0002521,P000782,R07.9,"Chest pain, unspecified",1,2026-02-17
D0003190,E0002522,P001310,E11.9,Type 2 diabetes mellitus without complications,1,2026-02-17
D0003191,E0002523,P000276,M54.50,"Low back pain, unspecified",1,2026-02-17
D0003192,E0002524,P000575,K21.9,Gastro-esophageal reflux disease without esophagitis,1,2026-02-17
D0003193,E0002525,P001032,I50.9,"Heart failure, unspecified",1,2026-02-17
D0003194,E0002526,P001069,I50.22,Chronic systolic (congestive) heart failure,1,2026-02-17
D0003195,E0002527,P000941,I50.9,"Heart failure, unspecified",1,2026-02-18
D0003196,E0002528,P000941,I50.9,"Heart failure, unspecified",1,2026-02-18
D0003197,E0002528,P000941,I10,Essential (primary) hypertension,0,2026-02-18
D0003198,E0002529,P001316,J45.909,"Unspecified asthma, uncomplicated",1,2026-02-18
D0003199,E0002530,P000540,Z00.00,Encounter for general adult medical examination without abnormal findings,1,2026-02-18
D0003200,E0002531,P000015,I10,Essential (primary) hypertension,1,2026-02-18
D0003201,E0002532,P001110,I10,Essential (primary) hypertension,1,2026-02-18
D0003202,E0002533,P000025,Z00.00,Encounter for general adult medical examination without abnormal findings,1,2026-02-18
D0003203,E0002534,P000410,I10,Essential (primary) hypertension,1,2026-02-18
D0003204,E0002535,P001037,Z00.00,Encounter for general adult medical examination without abnormal findings,1,2026-02-18
D0003205,E0002536,P000320,J06.9,"Acute upper respiratory infection, unspecified",1,2026-02-18
D0003206,E0002537,P000782,J06.9,"Acute upper respiratory infection, unspecified",1,2026-02-18
D0003207,E0002537,P000782,J44.9,"Chronic obstructive pulmonary disease, unspecified",0,2026-02-18
D0003208,E0002538,P000478,J44.9,"Chronic obstructive pulmonary disease, unspecified",1,2026-02-19
D0003209,E0002539,P000402,I10,Essential (primary) hypertension,1,2026-02-19
D0003210,E0002540,P000627,Z00.00,Encounter for general adult medical examination without abnormal findings,1,2026-02-19
D0003211,E0002541,P000726,Z00.00,Encounter for general adult medical examination without abnormal findings,1,2026-02-19
D0003212,E0002542,P000083,J18.9,"Pneumonia, unspecified organism",1,2026-02-19
D0003213,E0002543,P001115,J44.1,Chronic obstructive pulmonary disease with (acute) exacerbation,1,2026-02-19
D0003214,E0002544,P000931,Z00.00,Encounter for general adult medical examination without abnormal findings,1,2026-02-19
D0003215,E0002545,P001166,I48.91,Unspecified atrial fibrillation,1,2026-02-19
D0003216,E0002546,P000866,Z00.00,Encounter for general adult medical examination without abnormal findings,1,2026-02-19
D0003217,E0002547,P000778,R55,Syncope and collapse,1,2026-02-19
D0003218,E0002547,P000778,I10,Essential (primary) hypertension,0,2026-02-19
D0003219,E0002548,P000083,J18.9,"Pneumonia, unspecified organism",1,2026-02-19
D0003220,E0002548,P000083,I50.9,"Heart failure, unspecified",0,2026-02-19
D0003221,E0002548,P000083,I10,Essential (primary) hypertension,0,2026-02-19
D0003222,E0002549,P000498,J18.9,"Pneumonia, unspecified organism",1,2026-02-19
D0003223,E0002550,P001115,J44.1,Chronic obstructive pulmonary disease with (acute) exacerbation,1,2026-02-19
D0003224,E0002550,P001115,E11.9,Type 2 diabetes mellitus without complications,0,2026-02-19
D0003225,E0002550,P001115,I10,Essential (primary) hypertension,0,2026-02-19
D0003226,E0002551,P000743,J18.9,"Pneumonia, unspecified organism",1,2026-02-19
D0003227,E0002551,P000743,E78.5,"Hyperlipidemia, unspecified",0,2026-02-19
D0003228,E0002552,P000498,J18.9,"Pneumonia, unspecified organism",1,2026-02-19
D0003229,E0002553,P000383,T14.90XA,"Injury, unspecified, initial encounter",1,2026-02-20
D0003230,E0002554,P001175,Z00.00,Encounter for general adult medical examination without abnormal findings,1,2026-02-20
D0003231,E0002555,P001032,K92.2,"Gastrointestinal hemorrhage, unspecified",1,2026-02-20
D0003232,E0002556,P000174,N39.0,"Urinary tract infection, site not specified",1,2026-02-20
D0003233,E0002557,P000996,J06.9,"Acute upper respiratory infection, unspecified",1,2026-02-20
D0003234,E0002558,P000131,R10.9,Unspecified abdominal pain,1,2026-02-20
D0003235,E0002559,P001310,J06.9,"Acute upper respiratory infection, unspecified",1,2026-02-20
D0003236,E0002560,P000027,R10.9,Unspecified abdominal pain,1,2026-02-20
D0003237,E0002561,P000218,I50.9,"Heart failure, unspecified",1,2026-02-20
D0003238,E0002562,P000759,E11.65,Type 2 diabetes mellitus with hyperglycemia,1,2026-02-20
D0003239,E0002563,P001192,J44.1,Chronic obstructive pulmonary disease with (acute) exacerbation,1,2026-02-20
D0003240,E0002563,P001192,E11.9,Type 2 diabetes mellitus without complications,0,2026-02-20
D0003241,E0002563,P001192,E78.5,"Hyperlipidemia, unspecified",0,2026-02-20
D0003242,E0002564,P000988,N17.9,"Acute kidney failure, unspecified",1,2026-02-20
D0003243,E0002565,P000951,J06.9,"Acute upper respiratory infection, unspecified",1,2026-02-20
D0003244,E0002566,P000151,E11.65,Type 2 diabetes mellitus with hyperglycemia,1,2026-02-21
D0003245,E0002567,P000151,E11.65,Type 2 diabetes mellitus with hyperglycemia,1,2026-02-21
D0003246,E0002567,P000151,I10,Essential (primary) hypertension,0,2026-02-21
D0003247,E0002568,P001264,I50.9,"Heart failure, unspecified",1,2026-02-21
D0003248,E0002569,P000137,I50.9,"Heart failure, unspecified",1,2026-02-22
D0003249,E0002570,P000364,I48.91,Unspecified atrial fibrillation,1,2026-02-22
D0003250,E0002571,P000137,I50.9,"Heart failure, unspecified",1,2026-02-22
D0003251,E0002571,P000137,E11.9,Type 2 diabetes mellitus without complications,0,2026-02-22
D0003252,E0002571,P000137,I10,Essential (primary) hypertension,0,2026-02-22
D0003253,E0002572,P001383,I50.9,"Heart failure, unspecified",1,2026-02-22
D0003254,E0002573,P001383,I50.9,"Heart failure, unspecified",1,2026-02-22
D0003255,E0002574,P000364,I48.91,Unspecified atrial fibrillation,1,2026-02-22
D0003256,E0002574,P000364,I10,Essential (primary) hypertension,0,2026-02-22
D0003257,E0002575,P000135,Z23,Encounter for immunization,1,2026-02-23
D0003258,E0002576,P000683,I10,Essential (primary) hypertension,1,2026-02-23
D0003259,E0002577,P001029,Z00.00,Encounter for general adult medical examination without abnormal findings,1,2026-02-23
D0003260,E0002578,P000701,I10,Essential (primary) hypertension,1,2026-02-23
D0003261,E0002579,P000846,M54.50,"Low back pain, unspecified",1,2026-02-23
D0003262,E0002580,P001349,I50.23,Acute on chronic systolic (congestive) heart failure,1,2026-02-23
D0003263,E0002581,P001349,I50.23,Acute on chronic systolic (congestive) heart failure,1,2026-02-24
D0003264,E0002581,P001349,E11.9,Type 2 diabetes mellitus without complications,0,2026-02-24
D0003265,E0002581,P001349,I10,Essential (primary) hypertension,0,2026-02-24
D0003266,E0002582,P000570,J44.9,"Chronic obstructive pulmonary disease, unspecified",1,2026-02-24
D0003267,E0002583,P001069,I50.9,"Heart failure, unspecified",1,2026-02-24
D0003268,E0002583,P001069,E11.9,Type 2 diabetes mellitus without complications,0,2026-02-24
D0003269,E0002583,P001069,I10,Essential (primary) hypertension,0,2026-02-24
D0003270,E0002584,P001257,M54.50,"Low back pain, unspecified",1,2026-02-24
D0003271,E0002585,P001399,M54.50,"Low back pain, unspecified",1,2026-02-24
D0003272,E0002586,P000773,Z00.00,Encounter for general adult medical examination without abnormal findings,1,2026-02-24
D0003273,E0002587,P000607,I10,Essential (primary) hypertension,1,2026-02-24
D0003274,E0002588,P001363,N17.9,"Acute kidney failure, unspecified",1,2026-02-24
D0003275,E0002589,P000225,R07.9,"Chest pain, unspecified",1,2026-02-24
D0003276,E0002590,P001018,J06.9,"Acute upper respiratory infection, unspecified",1,2026-02-25
D0003277,E0002591,P000879,J45.909,"Unspecified asthma, uncomplicated",1,2026-02-25
D0003278,E0002592,P001059,N39.0,"Urinary tract infection, site not specified",1,2026-02-25
D0003279,E0002593,P000173,I50.22,Chronic systolic (congestive) heart failure,1,2026-02-25
D0003280,E0002594,P000348,I10,Essential (primary) hypertension,1,2026-02-25
D0003281,E0002595,P000592,J44.9,"Chronic obstructive pulmonary disease, unspecified",1,2026-02-25
D0003282,E0002595,P000592,N18.9,"Chronic kidney disease, unspecified",0,2026-02-25
D0003283,E0002596,P000494,T14.90XA,"Injury, unspecified, initial encounter",1,2026-02-25
D0003284,E0002596,P000494,J44.9,"Chronic obstructive pulmonary disease, unspecified",0,2026-02-25
D0003285,E0002597,P001184,R07.9,"Chest pain, unspecified",1,2026-02-25
D0003286,E0002598,P000520,J44.1,Chronic obstructive pulmonary disease with (acute) exacerbation,1,2026-02-26
D0003287,E0002599,P000527,J44.9,"Chronic obstructive pulmonary disease, unspecified",1,2026-02-26
D0003288,E0002600,P000404,M54.50,"Low back pain, unspecified",1,2026-02-26
D0003289,E0002601,P001232,A41.9,"Sepsis, unspecified organism",1,2026-02-26
D0003290,E0002602,P000758,M54.50,"Low back pain, unspecified",1,2026-02-26
D0003291,E0002603,P000820,Z23,Encounter for immunization,1,2026-02-26
D0003292,E0002604,P001048,Z00.00,Encounter for general adult medical examination without abnormal findings,1,2026-02-26
D0003293,E0002605,P000013,N18.9,"Chronic kidney disease, unspecified",1,2026-02-26
D0003294,E0002606,P001211,I10,Essential (primary) hypertension,1,2026-02-26
D0003295,E0002607,P000997,E11.9,Type 2 diabetes mellitus without complications,1,2026-02-26
D0003296,E0002608,P000941,I50.22,Chronic systolic (congestive) heart failure,1,2026-02-26
D0003297,E0002609,P000169,I10,Essential (primary) hypertension,1,2026-02-26
D0003298,E0002610,P000998,N17.9,"Acute kidney failure, unspecified",1,2026-02-27
D0003299,E0002611,P000195,R10.9,Unspecified abdominal pain,1,2026-02-27
D0003300,E0002612,P000364,I48.91,Unspecified atrial fibrillation,1,2026-02-27
D0003301,E0002613,P000998,N17.9,"Acute kidney failure, unspecified",1,2026-02-27
D0003302,E0002613,P000998,E11.9,Type 2 diabetes mellitus without complications,0,2026-02-27
D0003303,E0002613,P000998,N18.9,"Chronic kidney disease, unspecified",0,2026-02-27
D0003304,E0002614,P000423,R10.9,Unspecified abdominal pain,1,2026-02-27
D0003305,E0002615,P000623,J44.1,Chronic obstructive pulmonary disease with (acute) exacerbation,1,2026-02-27
D0003306,E0002616,P000025,M54.50,"Low back pain, unspecified",1,2026-02-27
D0003307,E0002617,P000212,R10.9,Unspecified abdominal pain,1,2026-02-27
D0003308,E0002617,P000212,J44.9,"Chronic obstructive pulmonary disease, unspecified",0,2026-02-27
D0003309,E0002618,P001179,Z00.00,Encounter for general adult medical examination without abnormal findings,1,2026-02-27
D0003310,E0002619,P000083,J18.9,"Pneumonia, unspecified organism",1,2026-02-27
D0003311,E0002620,P001264,I50.9,"Heart failure, unspecified",1,2026-02-27
D0003312,E0002621,P000464,J06.9,"Acute upper respiratory infection, unspecified",1,2026-02-27
D0003313,E0002622,P000172,K21.9,Gastro-esophageal reflux disease without esophagitis,1,2026-02-27
D0003314,E0002623,P000763,Z23,Encounter for immunization,1,2026-02-27
D0003315,E0002624,P000914,Z00.00,Encounter for general adult medical examination without abnormal findings,1,2026-02-27
D0003316,E0002625,P000685,Z00.00,Encounter for general adult medical examination without abnormal findings,1,2026-02-27
D0003317,E0002626,P000623,J44.1,Chronic obstructive pulmonary disease with (acute) exacerbation,1,2026-02-27
D0003318,E0002627,P000567,R10.9,Unspecified abdominal pain,1,2026-02-27
D0003319,E0002628,P000408,I50.9,"Heart failure, unspecified",1,2026-02-28
D0003320,E0002628,P000408,N18.9,"Chronic kidney disease, unspecified",0,2026-02-28
D0003321,E0002629,P000476,N39.0,"Urinary tract infection, site not specified",1,2026-02-28
D0003322,E0002630,P001284,I50.23,Acute on chronic systolic (congestive) heart failure,1,2026-03-01
D0003323,E0002631,P001266,I50.9,"Heart failure, unspecified",1,2026-03-01
D0003324,E0002631,P001266,E11.9,Type 2 diabetes mellitus without complications,0,2026-03-01
D0003325,E0002631,P001266,N18.9,"Chronic kidney disease, unspecified",0,2026-03-01
D0003326,E0002632,P000782,J44.1,Chronic obstructive pulmonary disease with (acute) exacerbation,1,2026-03-02
D0003327,E0002633,P001021,Z23,Encounter for immunization,1,2026-03-02
D0003328,E0002634,P000003,R10.9,Unspecified abdominal pain,1,2026-03-02
D0003329,E0002635,P000960,J06.9,"Acute upper respiratory infection, unspecified",1,2026-03-02
D0003330,E0002636,P000782,J44.1,Chronic obstructive pulmonary disease with (acute) exacerbation,1,2026-03-02
D0003331,E0002636,P000782,I50.9,"Heart failure, unspecified",0,2026-03-02
D0003332,E0002637,P001170,M54.50,"Low back pain, unspecified",1,2026-03-02
D0003333,E0002638,P001075,I10,Essential (primary) hypertension,1,2026-03-02
D0003334,E0002639,P000777,N39.0,"Urinary tract infection, site not specified",1,2026-03-02
D0003335,E0002640,P000328,K21.9,Gastro-esophageal reflux disease without esophagitis,1,2026-03-03
D0003336,E0002641,P001142,I10,Essential (primary) hypertension,1,2026-03-03
D0003337,E0002642,P000514,M54.50,"Low back pain, unspecified",1,2026-03-03
D0003338,E0002643,P001042,Z00.00,Encounter for general adult medical examination without abnormal findings,1,2026-03-03
D0003339,E0002644,P000418,Z00.00,Encounter for general adult medical examination without abnormal findings,1,2026-03-03
D0003340,E0002645,P001171,Z23,Encounter for immunization,1,2026-03-03
D0003341,E0002646,P000957,I50.23,Acute on chronic systolic (congestive) heart failure,1,2026-03-04
D0003342,E0002647,P000647,Z00.00,Encounter for general adult medical examination without abnormal findings,1,2026-03-04
D0003343,E0002648,P000315,Z23,Encounter for immunization,1,2026-03-04
D0003344,E0002649,P000957,I50.23,Acute on chronic systolic (congestive) heart failure,1,2026-03-04
D0003345,E0002649,P000957,E78.5,"Hyperlipidemia, unspecified",0,2026-03-04
D0003346,E0002650,P001029,Z00.00,Encounter for general adult medical examination without abnormal findings,1,2026-03-04
D0003347,E0002651,P000225,R07.9,"Chest pain, unspecified",1,2026-03-04
D0003348,E0002652,P000291,I50.9,"Heart failure, unspecified",1,2026-03-04
D0003349,E0002653,P000919,J44.9,"Chronic obstructive pulmonary disease, unspecified",1,2026-03-04
D0003350,E0002654,P001047,N39.0,"Urinary tract infection, site not specified",1,2026-03-04
D0003351,E0002655,P000515,I48.91,Unspecified atrial fibrillation,1,2026-03-04
D0003352,E0002655,P000515,I10,Essential (primary) hypertension,0,2026-03-04
D0003353,E0002656,P000474,R07.9,"Chest pain, unspecified",1,2026-03-04
D0003354,E0002656,P000474,I50.9,"Heart failure, unspecified",0,2026-03-04
D0003355,E0002656,P000474,N18.9,"Chronic kidney disease, unspecified",0,2026-03-04
D0003356,E0002657,P000514,E11.9,Type 2 diabetes mellitus without complications,1,2026-03-05
D0003357,E0002658,P001349,I50.32,Chronic diastolic (congestive) heart failure,1,2026-03-05
D0003358,E0002659,P001304,I50.9,"Heart failure, unspecified",1,2026-03-05
D0003359,E0002660,P001271,Z23,Encounter for immunization,1,2026-03-05
D0003360,E0002661,P000686,N39.0,"Urinary tract infection, site not specified",1,2026-03-06
D0003361,E0002662,P000686,N39.0,"Urinary tract infection, site not specified",1,2026-03-06
D0003362,E0002662,P000686,N18.9,"Chronic kidney disease, unspecified",0,2026-03-06
D0003363,E0002663,P001035,I50.9,"Heart failure, unspecified",1,2026-03-06
D0003364,E0002663,P001035,E78.5,"Hyperlipidemia, unspecified",0,2026-03-06
D0003365,E0002664,P000074,J44.1,Chronic obstructive pulmonary disease with (acute) exacerbation,1,2026-03-06
D0003366,E0002665,P001371,K92.2,"Gastrointestinal hemorrhage, unspecified",1,2026-03-06
D0003367,E0002665,P001371,I10,Essential (primary) hypertension,0,2026-03-06
D0003368,E0002666,P001221,A41.9,"Sepsis, unspecified organism",1,2026-03-06
D0003369,E0002666,P001221,I50.9,"Heart failure, unspecified",0,2026-03-06
D0003370,E0002666,P001221,I10,Essential (primary) hypertension,0,2026-03-06
D0003371,E0002667,P000520,J44.9,"Chronic obstructive pulmonary disease, unspecified",1,2026-03-06
D0003372,E0002668,P001383,I50.22,Chronic systolic (congestive) heart failure,1,2026-03-06
D0003373,E0002669,P001229,Z23,Encounter for immunization,1,2026-03-06
D0003374,E0002670,P000443,I50.32,Chronic diastolic (congestive) heart failure,1,2026-03-06
D0003375,E0002670,P000443,J44.9,"Chronic obstructive pulmonary disease, unspecified",0,2026-03-06
D0003376,E0002671,P000074,J44.1,Chronic obstructive pulmonary disease with (acute) exacerbation,1,2026-03-06
D0003377,E0002671,P000074,E78.5,"Hyperlipidemia, unspecified",0,2026-03-06
D0003378,E0002672,P001323,N39.0,"Urinary tract infection, site not specified",1,2026-03-07
D0003379,E0002673,P001218,I50.9,"Heart failure, unspecified",1,2026-03-07
D0003380,E0002673,P001218,I10,Essential (primary) hypertension,0,2026-03-07
D0003381,E0002674,P000137,I50.9,"Heart failure, unspecified",1,2026-03-07
D0003382,E0002675,P001323,N39.0,"Urinary tract infection, site not specified",1,2026-03-07
D0003383,E0002675,P001323,E78.5,"Hyperlipidemia, unspecified",0,2026-03-07
D0003384,E0002676,P000137,I50.9,"Heart failure, unspecified",1,2026-03-08
D0003385,E0002676,P000137,I10,Essential (primary) hypertension,0,2026-03-08
D0003386,E0002677,P000645,J06.9,"Acute upper respiratory infection, unspecified",1,2026-03-08
D0003387,E0002678,P000394,J18.9,"Pneumonia, unspecified organism",1,2026-03-08
D0003388,E0002679,P000233,E11.9,Type 2 diabetes mellitus without complications,1,2026-03-09
D0003389,E0002680,P001213,K21.9,Gastro-esophageal reflux disease without esophagitis,1,2026-03-09
D0003390,E0002681,P000078,I50.32,Chronic diastolic (congestive) heart failure,1,2026-03-09
D0003391,E0002681,P000078,J44.9,"Chronic obstructive pulmonary disease, unspecified",0,2026-03-09
D0003392,E0002682,P001266,I50.9,"Heart failure, unspecified",1,2026-03-09
D0003393,E0002683,P000957,I50.9,"Heart failure, unspecified",1,2026-03-09
D0003394,E0002684,P000961,N18.9,"Chronic kidney disease, unspecified",1,2026-03-09
D0003395,E0002685,P000427,E11.65,Type 2 diabetes mellitus with hyperglycemia,1,2026-03-09
D0003396,E0002685,P000427,I10,Essential (primary) hypertension,0,2026-03-09
D0003397,E0002686,P001069,I50.9,"Heart failure, unspecified",1,2026-03-10
D0003398,E0002687,P000696,N18.9,"Chronic kidney disease, unspecified",1,2026-03-10
D0003399,E0002688,P000299,M54.50,"Low back pain, unspecified",1,2026-03-10
D0003400,E0002689,P000332,J06.9,"Acute upper respiratory infection, unspecified",1,2026-03-10
D0003401,E0002690,P001266,I50.9,"Heart failure, unspecified",1,2026-03-10
D0003402,E0002691,P000821,R07.9,"Chest pain, unspecified",1,2026-03-10
D0003403,E0002692,P000767,I21.4,Non-ST elevation (NSTEMI) myocardial infarction,1,2026-03-10
D0003404,E0002693,P000450,I10,Essential (primary) hypertension,1,2026-03-10
D0003405,E0002694,P000748,E78.5,"Hyperlipidemia, unspecified",1,2026-03-10
D0003406,E0002695,P000813,I10,Essential (primary) hypertension,1,2026-03-10
D0003407,E0002696,P000767,I21.4,Non-ST elevation (NSTEMI) myocardial infarction,1,2026-03-10
D0003408,E0002697,P001266,I50.9,"Heart failure, unspecified",1,2026-03-10
D0003409,E0002697,P001266,E11.9,Type 2 diabetes mellitus without complications,0,2026-03-10
D0003410,E0002697,P001266,N18.9,"Chronic kidney disease, unspecified",0,2026-03-10
D0003411,E0002698,P001368,R07.9,"Chest pain, unspecified",1,2026-03-10
D0003412,E0002699,P000245,J44.1,Chronic obstructive pulmonary disease with (acute) exacerbation,1,2026-03-11
D0003413,E0002700,P000443,I50.9,"Heart failure, unspecified",1,2026-03-11
D0003414,E0002701,P000845,Z00.00,Encounter for general adult medical examination without abnormal findings,1,2026-03-11
D0003415,E0002702,P000973,I10,Essential (primary) hypertension,1,2026-03-11
D0003416,E0002703,P000245,J44.1,Chronic obstructive pulmonary disease with (acute) exacerbation,1,2026-03-11
D0003417,E0002703,P000245,E11.9,Type 2 diabetes mellitus without complications,0,2026-03-11
D0003418,E0002704,P000845,N39.0,"Urinary tract infection, site not specified",1,2026-03-11
D0003419,E0002705,P000058,I10,Essential (primary) hypertension,1,2026-03-11
D0003420,E0002705,P000058,J44.9,"Chronic obstructive pulmonary disease, unspecified",0,2026-03-11
D0003421,E0002706,P000993,J06.9,"Acute upper respiratory infection, unspecified",1,2026-03-11
D0003422,E0002707,P001011,I50.9,"Heart failure, unspecified",1,2026-03-12
D0003423,E0002708,P001011,I50.9,"Heart failure, unspecified",1,2026-03-12
D0003424,E0002708,P001011,J44.9,"Chronic obstructive pulmonary disease, unspecified",0,2026-03-12
D0003425,E0002708,P001011,E11.9,Type 2 diabetes mellitus without complications,0,2026-03-12
D0003426,E0002709,P000289,R55,Syncope and collapse,1,2026-03-12
D0003427,E0002710,P000385,I50.9,"Heart failure, unspecified",1,2026-03-12
D0003428,E0002711,P001139,I50.9,"Heart failure, unspecified",1,2026-03-12
D0003429,E0002712,P000105,E11.9,Type 2 diabetes mellitus without complications,1,2026-03-12
D0003430,E0002713,P000743,J18.9,"Pneumonia, unspecified organism",1,2026-03-12
D0003431,E0002714,P000970,M54.50,"Low back pain, unspecified",1,2026-03-12
D0003432,E0002715,P000663,A41.9,"Sepsis, unspecified organism",1,2026-03-12
D0003433,E0002716,P000623,J44.1,Chronic obstructive pulmonary disease with (acute) exacerbation,1,2026-03-12
D0003434,E0002717,P001354,J06.9,"Acute upper respiratory infection, unspecified",1,2026-03-12
D0003435,E0002718,P000908,R07.9,"Chest pain, unspecified",1,2026-03-12
D0003436,E0002718,P000908,N18.9,"Chronic kidney disease, unspecified",0,2026-03-12
D0003437,E0002718,P000908,I10,Essential (primary) hypertension,0,2026-03-12
D0003438,E0002719,P000862,I48.91,Unspecified atrial fibrillation,1,2026-03-13
D0003439,E0002719,P000862,I10,Essential (primary) hypertension,0,2026-03-13
D0003440,E0002720,P000144,N39.0,"Urinary tract infection, site not specified",1,2026-03-13
D0003441,E0002721,P000144,N39.0,"Urinary tract infection, site not specified",1,2026-03-13
D0003442,E0002721,P000144,I10,Essential (primary) hypertension,0,2026-03-13
D0003443,E0002722,P000476,N39.0,"Urinary tract infection, site not specified",1,2026-03-13
D0003444,E0002723,P000820,I10,Essential (primary) hypertension,1,2026-03-13
D0003445,E0002724,P000212,N18.9,"Chronic kidney disease, unspecified",1,2026-03-13
D0003446,E0002725,P000267,Z23,Encounter for immunization,1,2026-03-13
D0003447,E0002726,P001258,J06.9,"Acute upper respiratory infection, unspecified",1,2026-03-13
D0003448,E0002727,P000386,J18.9,"Pneumonia, unspecified organism",1,2026-03-13
D0003449,E0002728,P000386,J18.9,"Pneumonia, unspecified organism",1,2026-03-13
D0003450,E0002728,P000386,I10,Essential (primary) hypertension,0,2026-03-13
D0003451,E0002729,P001333,J18.9,"Pneumonia, unspecified organism",1,2026-03-14
D0003452,E0002730,P001333,J18.9,"Pneumonia, unspecified organism",1,2026-03-14
D0003453,E0002730,P001333,E78.5,"Hyperlipidemia, unspecified",0,2026-03-14
D0003454,E0002731,P000173,I50.23,Acute on chronic systolic (congestive) heart failure,1,2026-03-14
D0003455,E0002732,P001383,I50.9,"Heart failure, unspecified",1,2026-03-14
D0003456,E0002733,P000173,I50.23,Acute on chronic systolic (congestive) heart failure,1,2026-03-14
D0003457,E0002733,P000173,I10,Essential (primary) hypertension,0,2026-03-14
D0003458,E0002734,P001395,I50.9,"Heart failure, unspecified",1,2026-03-15
D0003459,E0002735,P001256,N17.9,"Acute kidney failure, unspecified",1,2026-03-15
D0003460,E0002735,P001256,N18.9,"Chronic kidney disease, unspecified",0,2026-03-15
D0003461,E0002735,P001256,I10,Essential (primary) hypertension,0,2026-03-15
D0003462,E0002736,P001395,I50.9,"Heart failure, unspecified",1,2026-03-15
D0003463,E0002737,P000977,I50.9,"Heart failure, unspecified",1,2026-03-15
D0003464,E0002738,P000240,I21.4,Non-ST elevation (NSTEMI) myocardial infarction,1,2026-03-15
D0003465,E0002739,P000977,I50.9,"Heart failure, unspecified",1,2026-03-15
D0003466,E0002739,P000977,E78.5,"Hyperlipidemia, unspecified",0,2026-03-15
D0003467,E0002740,P000240,I21.4,Non-ST elevation (NSTEMI) myocardial infarction,1,2026-03-16
D0003468,E0002740,P000240,E11.9,Type 2 diabetes mellitus without complications,0,2026-03-16
D0003469,E0002740,P000240,I10,Essential (primary) hypertension,0,2026-03-16
D0003470,E0002741,P000686,N39.0,"Urinary tract infection, site not specified",1,2026-03-16
D0003471,E0002742,P000892,E11.65,Type 2 diabetes mellitus with hyperglycemia,1,2026-03-16
D0003472,E0002743,P001218,I50.9,"Heart failure, unspecified",1,2026-03-16
D0003473,E0002744,P001221,A41.9,"Sepsis, unspecified organism",1,2026-03-16
D0003474,E0002745,P000839,E11.65,Type 2 diabetes mellitus with hyperglycemia,1,2026-03-16
D0003475,E0002746,P000137,I50.9,"Heart failure, unspecified",1,2026-03-16
D0003476,E0002747,P000171,Z23,Encounter for immunization,1,2026-03-16
D0003477,E0002748,P000231,Z00.00,Encounter for general adult medical examination without abnormal findings,1,2026-03-16
D0003478,E0002749,P001397,E11.9,Type 2 diabetes mellitus without complications,1,2026-03-16
D0003479,E0002750,P000959,Z23,Encounter for immunization,1,2026-03-16
D0003480,E0002751,P000694,I10,Essential (primary) hypertension,1,2026-03-16
D0003481,E0002752,P000804,Z00.00,Encounter for general adult medical examination without abnormal findings,1,2026-03-16
D0003482,E0002753,P000055,E11.9,Type 2 diabetes mellitus without complications,1,2026-03-16
D0003483,E0002754,P000982,K21.9,Gastro-esophageal reflux disease without esophagitis,1,2026-03-17
D0003484,E0002755,P000365,I10,Essential (primary) hypertension,1,2026-03-17
D0003485,E0002756,P001336,I50.9,"Heart failure, unspecified",1,2026-03-17
D0003486,E0002757,P000040,Z23,Encounter for immunization,1,2026-03-17
D0003487,E0002758,P000124,Z00.00,Encounter for general adult medical examination without abnormal findings,1,2026-03-17
D0003488,E0002759,P000908,N18.9,"Chronic kidney disease, unspecified",1,2026-03-17
D0003489,E0002760,P000915,E11.65,Type 2 diabetes mellitus with hyperglycemia,1,2026-03-17
D0003490,E0002761,P001301,A41.9,"Sepsis, unspecified organism",1,2026-03-17
D0003491,E0002762,P000915,E11.65,Type 2 diabetes mellitus with hyperglycemia,1,2026-03-17
D0003492,E0002762,P000915,E78.5,"Hyperlipidemia, unspecified",0,2026-03-17
D0003493,E0002763,P001301,A41.9,"Sepsis, unspecified organism",1,2026-03-18
D0003494,E0002763,P001301,I10,Essential (primary) hypertension,0,2026-03-18
D0003495,E0002764,P000933,J44.1,Chronic obstructive pulmonary disease with (acute) exacerbation,1,2026-03-18
D0003496,E0002765,P000933,J44.1,Chronic obstructive pulmonary disease with (acute) exacerbation,1,2026-03-18
D0003497,E0002765,P000933,I10,Essential (primary) hypertension,0,2026-03-18
D0003498,E0002766,P000585,Z23,Encounter for immunization,1,2026-03-18
D0003499,E0002767,P000148,Z23,Encounter for immunization,1,2026-03-18
D0003500,E0002768,P001189,I21.4,Non-ST elevation (NSTEMI) myocardial infarction,1,2026-03-18
D0003501,E0002768,P001189,E11.9,Type 2 diabetes mellitus without complications,0,2026-03-18
D0003502,E0002768,P001189,N18.9,"Chronic kidney disease, unspecified",0,2026-03-18
D0003503,E0002769,P000782,J44.9,"Chronic obstructive pulmonary disease, unspecified",1,2026-03-18
D0003504,E0002770,P000855,I50.9,"Heart failure, unspecified",1,2026-03-18
D0003505,E0002770,P000855,E11.9,Type 2 diabetes mellitus without complications,0,2026-03-18
D0003506,E0002771,P000767,I21.4,Non-ST elevation (NSTEMI) myocardial infarction,1,2026-03-18
D0003507,E0002772,P000149,I10,Essential (primary) hypertension,1,2026-03-18
D0003508,E0002773,P000659,E11.9,Type 2 diabetes mellitus without complications,1,2026-03-18
D0003509,E0002774,P000136,I50.22,Chronic systolic (congestive) heart failure,1,2026-03-18
D0003510,E0002774,P000136,N18.9,"Chronic kidney disease, unspecified",0,2026-03-18
D0003511,E0002775,P001235,N39.0,"Urinary tract infection, site not specified",1,2026-03-19
D0003512,E0002776,P000078,I50.9,"Heart failure, unspecified",1,2026-03-19
D0003513,E0002777,P000310,Z00.00,Encounter for general adult medical examination without abnormal findings,1,2026-03-19
D0003514,E0002778,P001235,N39.0,"Urinary tract infection, site not specified",1,2026-03-19
D0003515,E0002779,P000605,M54.50,"Low back pain, unspecified",1,2026-03-19
D0003516,E0002780,P001052,Z23,Encounter for immunization,1,2026-03-19
D0003517,E0002781,P000152,Z00.00,Encounter for general adult medical examination without abnormal findings,1,2026-03-19
D0003518,E0002782,P000623,J44.9,"Chronic obstructive pulmonary disease, unspecified",1,2026-03-19
D0003519,E0002783,P000394,J18.9,"Pneumonia, unspecified organism",1,2026-03-19
D0003520,E0002784,P001226,Z00.00,Encounter for general adult medical examination without abnormal findings,1,2026-03-19
D0003521,E0002785,P001113,R10.9,Unspecified abdominal pain,1,2026-03-19
D0003522,E0002786,P001359,I50.9,"Heart failure, unspecified",1,2026-03-19
D0003523,E0002787,P000656,E11.9,Type 2 diabetes mellitus without complications,1,2026-03-19
D0003524,E0002788,P001063,I10,Essential (primary) hypertension,1,2026-03-19
D0003525,E0002789,P000998,I10,Essential (primary) hypertension,1,2026-03-20
D0003526,E0002789,P000998,E11.9,Type 2 diabetes mellitus without complications,0,2026-03-20
D0003527,E0002790,P000097,Z00.00,Encounter for general adult medical examination without abnormal findings,1,2026-03-20
D0003528,E0002791,P000565,Z00.00,Encounter for general adult medical examination without abnormal findings,1,2026-03-20
D0003529,E0002792,P000592,J44.9,"Chronic obstructive pulmonary disease, unspecified",1,2026-03-20
D0003530,E0002792,P000592,N18.9,"Chronic kidney disease, unspecified",0,2026-03-20
D0003531,E0002793,P000957,M54.50,"Low back pain, unspecified",1,2026-03-20
D0003532,E0002794,P000443,J44.1,Chronic obstructive pulmonary disease with (acute) exacerbation,1,2026-03-20
D0003533,E0002795,P000466,I50.23,Acute on chronic systolic (congestive) heart failure,1,2026-03-20
D0003534,E0002795,P000466,E11.9,Type 2 diabetes mellitus without complications,0,2026-03-20
D0003535,E0002796,P000632,I21.4,Non-ST elevation (NSTEMI) myocardial infarction,1,2026-03-20
D0003536,E0002796,P000632,I50.9,"Heart failure, unspecified",0,2026-03-20
D0003537,E0002797,P000830,J06.9,"Acute upper respiratory infection, unspecified",1,2026-03-20
D0003538,E0002798,P000443,J44.1,Chronic obstructive pulmonary disease with (acute) exacerbation,1,2026-03-20
D0003539,E0002798,P000443,I50.9,"Heart failure, unspecified",0,2026-03-20
D0003540,E0002799,P001386,T14.90XA,"Injury, unspecified, initial encounter",1,2026-03-21
D0003541,E0002799,P001386,E11.9,Type 2 diabetes mellitus without complications,0,2026-03-21
D0003542,E0002800,P000654,I50.9,"Heart failure, unspecified",1,2026-03-21
D0003543,E0002801,P000654,I50.9,"Heart failure, unspecified",1,2026-03-21
D0003544,E0002802,P001045,I50.22,Chronic systolic (congestive) heart failure,1,2026-03-21
D0003545,E0002803,P001278,R07.9,"Chest pain, unspecified",1,2026-03-21
D0003546,E0002804,P001045,I50.22,Chronic systolic (congestive) heart failure,1,2026-03-21
D0003547,E0002805,P000798,J06.9,"Acute upper respiratory infection, unspecified",1,2026-03-21
D0003548,E0002805,P000798,I10,Essential (primary) hypertension,0,2026-03-21
D0003549,E0002806,P000299,I50.9,"Heart failure, unspecified",1,2026-03-21
D0003550,E0002807,P000299,I50.9,"Heart failure, unspecified",1,2026-03-22
D0003551,E0002807,P000299,I10,Essential (primary) hypertension,0,2026-03-22
D0003552,E0002807,P000299,E78.5,"Hyperlipidemia, unspecified",0,2026-03-22
D0003553,E0002808,P000104,R07.9,"Chest pain, unspecified",1,2026-03-22
D0003554,E0002809,P000306,R07.9,"Chest pain, unspecified",1,2026-03-22
D0003555,E0002810,P001020,I50.9,"Heart failure, unspecified",1,2026-03-22
D0003556,E0002811,P000306,R07.9,"Chest pain, unspecified",1,2026-03-22
D0003557,E0002811,P000306,I10,Essential (primary) hypertension,0,2026-03-22
D0003558,E0002812,P001020,I50.9,"Heart failure, unspecified",1,2026-03-23
D0003559,E0002812,P001020,I10,Essential (primary) hypertension,0,2026-03-23
D0003560,E0002813,P001238,I10,Essential (primary) hypertension,1,2026-03-23
D0003561,E0002814,P001296,N39.0,"Urinary tract infection, site not specified",1,2026-03-23
D0003562,E0002815,P000067,E11.9,Type 2 diabetes mellitus without complications,1,2026-03-23
D0003563,E0002816,P001317,J44.1,Chronic obstructive pulmonary disease with (acute) exacerbation,1,2026-03-23
D0003564,E0002817,P000592,Z23,Encounter for immunization,1,2026-03-23
D0003565,E0002818,P000173,I50.32,Chronic diastolic (congestive) heart failure,1,2026-03-23
D0003566,E0002819,P000925,J06.9,"Acute upper respiratory infection, unspecified",1,2026-03-23
D0003567,E0002820,P000205,J45.909,"Unspecified asthma, uncomplicated",1,2026-03-23
D0003568,E0002821,P000966,J06.9,"Acute upper respiratory infection, unspecified",1,2026-03-23
D0003569,E0002822,P001317,J44.1,Chronic obstructive pulmonary disease with (acute) exacerbation,1,2026-03-23
D0003570,E0002822,P001317,I50.9,"Heart failure, unspecified",0,2026-03-23
D0003571,E0002823,P000490,K21.9,Gastro-esophageal reflux disease without esophagitis,1,2026-03-24
D0003572,E0002824,P000639,I10,Essential (primary) hypertension,1,2026-03-24
D0003573,E0002825,P000977,I50.9,"Heart failure, unspecified",1,2026-03-24
D0003574,E0002826,P001175,I50.9,"Heart failure, unspecified",1,2026-03-24
D0003575,E0002827,P001000,Z00.00,Encounter for general adult medical examination without abnormal findings,1,2026-03-24
D0003576,E0002828,P000666,E11.9,Type 2 diabetes mellitus without complications,1,2026-03-24
D0003577,E0002829,P000884,M54.50,"Low back pain, unspecified",1,2026-03-24
D0003578,E0002830,P000951,Z00.00,Encounter for general adult medical examination without abnormal findings,1,2026-03-24
D0003579,E0002831,P000317,M54.50,"Low back pain, unspecified",1,2026-03-24
D0003580,E0002832,P000240,I21.4,Non-ST elevation (NSTEMI) myocardial infarction,1,2026-03-24
D0003581,E0002833,P001395,I50.9,"Heart failure, unspecified",1,2026-03-24
D0003582,E0002834,P001383,I50.32,Chronic diastolic (congestive) heart failure,1,2026-03-25
D0003583,E0002835,P000428,Z00.00,Encounter for general adult medical examination without abnormal findings,1,2026-03-25
D0003584,E0002836,P000466,I50.32,Chronic diastolic (congestive) heart failure,1,2026-03-25
D0003585,E0002837,P000878,Z23,Encounter for immunization,1,2026-03-25
D0003586,E0002838,P000623,J44.1,Chronic obstructive pulmonary disease with (acute) exacerbation,1,2026-03-25
D0003587,E0002839,P001333,J18.9,"Pneumonia, unspecified organism",1,2026-03-25
D0003588,E0002840,P000408,I50.32,Chronic diastolic (congestive) heart failure,1,2026-03-25
D0003589,E0002841,P000489,J44.1,Chronic obstructive pulmonary disease with (acute) exacerbation,1,2026-03-25
D0003590,E0002841,P000489,I50.9,"Heart failure, unspecified",0,2026-03-25
D0003591,E0002841,P000489,I10,Essential (primary) hypertension,0,2026-03-25
D0003592,E0002842,P000955,E11.9,Type 2 diabetes mellitus without complications,1,2026-03-25
D0003593,E0002843,P000016,R07.9,"Chest pain, unspecified",1,2026-03-25
D0003594,E0002844,P000353,J06.9,"Acute upper respiratory infection, unspecified",1,2026-03-25
D0003595,E0002845,P000365,Z00.00,Encounter for general adult medical examination without abnormal findings,1,2026-03-25
D0003596,E0002846,P001295,I50.32,Chronic diastolic (congestive) heart failure,1,2026-03-25
D0003597,E0002846,P001295,E78.5,"Hyperlipidemia, unspecified",0,2026-03-25
D0003598,E0002847,P000710,R07.9,"Chest pain, unspecified",1,2026-03-25
D0003599,E0002848,P000445,M54.50,"Low back pain, unspecified",1,2026-03-26
D0003600,E0002849,P000855,I50.22,Chronic systolic (congestive) heart failure,1,2026-03-26
D0003601,E0002850,P000351,Z00.00,Encounter for general adult medical examination without abnormal findings,1,2026-03-26
D0003602,E0002851,P000761,J45.909,"Unspecified asthma, uncomplicated",1,2026-03-26
D0003603,E0002852,P000825,E78.5,"Hyperlipidemia, unspecified",1,2026-03-26
D0003604,E0002853,P000474,R07.9,"Chest pain, unspecified",1,2026-03-26
D0003605,E0002854,P000833,Z23,Encounter for immunization,1,2026-03-26
D0003606,E0002855,P001219,J44.1,Chronic obstructive pulmonary disease with (acute) exacerbation,1,2026-03-26
D0003607,E0002856,P000530,Z00.00,Encounter for general adult medical examination without abnormal findings,1,2026-03-26
D0003608,E0002857,P000080,T14.90XA,"Injury, unspecified, initial encounter",1,2026-03-26
D0003609,E0002858,P000409,Z00.00,Encounter for general adult medical examination without abnormal findings,1,2026-03-26
D0003610,E0002859,P000933,J44.9,"Chronic obstructive pulmonary disease, unspecified",1,2026-03-26
D0003611,E0002860,P001219,J44.1,Chronic obstructive pulmonary disease with (acute) exacerbation,1,2026-03-26
D0003612,E0002860,P001219,I10,Essential (primary) hypertension,0,2026-03-26
D0003613,E0002861,P001395,I50.9,"Heart failure, unspecified",1,2026-03-26
D0003614,E0002862,P000276,I50.22,Chronic systolic (congestive) heart failure,1,2026-03-27
D0003615,E0002863,P000632,I21.4,Non-ST elevation (NSTEMI) myocardial infarction,1,2026-03-27
D0003616,E0002864,P001308,Z23,Encounter for immunization,1,2026-03-27
D0003617,E0002865,P001129,Z23,Encounter for immunization,1,2026-03-27
D0003618,E0002866,P000177,N18.9,"Chronic kidney disease, unspecified",1,2026-03-27
D0003619,E0002867,P000453,J44.1,Chronic obstructive pulmonary disease with (acute) exacerbation,1,2026-03-28
D0003620,E0002868,P000178,J44.1,Chronic obstructive pulmonary disease with (acute) exacerbation,1,2026-03-28
D0003621,E0002869,P000178,J44.1,Chronic obstructive pulmonary disease with (acute) exacerbation,1,2026-03-28
D0003622,E0002870,P000453,J44.1,Chronic obstructive pulmonary disease with (acute) exacerbation,1,2026-03-28
D0003623,E0002870,P000453,I10,Essential (primary) hypertension,0,2026-03-28
D0003624,E0002871,P000929,N17.9,"Acute kidney failure, unspecified",1,2026-03-28
D0003625,E0002872,P000855,I50.22,Chronic systolic (congestive) heart failure,1,2026-03-28
D0003626,E0002873,P001110,J18.9,"Pneumonia, unspecified organism",1,2026-03-28
D0003627,E0002873,P001110,I50.9,"Heart failure, unspecified",0,2026-03-28
D0003628,E0002873,P001110,E78.5,"Hyperlipidemia, unspecified",0,2026-03-28
D0003629,E0002874,P000929,N17.9,"Acute kidney failure, unspecified",1,2026-03-28
D0003630,E0002874,P000929,N18.9,"Chronic kidney disease, unspecified",0,2026-03-28
D0003631,E0002874,P000929,I10,Essential (primary) hypertension,0,2026-03-28
D0003632,E0002875,P000855,I50.22,Chronic systolic (congestive) heart failure,1,2026-03-28
D0003633,E0002876,P000655,I50.23,Acute on chronic systolic (congestive) heart failure,1,2026-03-29
D0003634,E0002877,P001091,J45.909,"Unspecified asthma, uncomplicated",1,2026-03-30
D0003635,E0002878,P001266,I50.32,Chronic diastolic (congestive) heart failure,1,2026-03-30
D0003636,E0002879,P000931,M54.50,"Low back pain, unspecified",1,2026-03-30
D0003637,E0002880,P000095,Z23,Encounter for immunization,1,2026-03-30
D0003638,E0002881,P000908,R07.9,"Chest pain, unspecified",1,2026-03-30
D0003639,E0002882,P000703,J06.9,"Acute upper respiratory infection, unspecified",1,2026-03-30
D0003640,E0002883,P000663,A41.9,"Sepsis, unspecified organism",1,2026-03-30
D0003641,E0002884,P000493,I10,Essential (primary) hypertension,1,2026-03-30
D0003642,E0002885,P001301,A41.9,"Sepsis, unspecified organism",1,2026-03-30
D0003643,E0002886,P001043,I10,Essential (primary) hypertension,1,2026-03-31
D0003644,E0002887,P000951,Z00.00,Encounter for general adult medical examination without abnormal findings,1,2026-03-31
D0003645,E0002888,P001383,I50.9,"Heart failure, unspecified",1,2026-03-31
D0003646,E0002889,P001251,E78.5,"Hyperlipidemia, unspecified",1,2026-03-31
D0003647,E0002890,P000179,I10,Essential (primary) hypertension,1,2026-03-31
D0003648,E0002891,P000930,J44.9,"Chronic obstructive pulmonary disease, unspecified",1,2026-03-31
D0003649,E0002892,P001160,I10,Essential (primary) hypertension,1,2026-03-31
D0003650,E0002893,P000027,I10,Essential (primary) hypertension,1,2026-04-01
D0003651,E0002893,P000027,E11.9,Type 2 diabetes mellitus without complications,0,2026-04-01
D0003652,E0002894,P001239,I10,Essential (primary) hypertension,1,2026-04-01
D0003653,E0002895,P000144,N39.0,"Urinary tract infection, site not specified",1,2026-04-01
D0003654,E0002896,P000137,I50.32,Chronic diastolic (congestive) heart failure,1,2026-04-01
D0003655,E0002897,P000127,I21.4,Non-ST elevation (NSTEMI) myocardial infarction,1,2026-04-02
D0003656,E0002898,P001233,I10,Essential (primary) hypertension,1,2026-04-02
D0003657,E0002899,P000731,I10,Essential (primary) hypertension,1,2026-04-02
D0003658,E0002900,P000178,J44.9,"Chronic obstructive pulmonary disease, unspecified",1,2026-04-02
D0003659,E0002901,P001099,Z00.00,Encounter for general adult medical examination without abnormal findings,1,2026-04-02
D0003660,E0002902,P000127,I21.4,Non-ST elevation (NSTEMI) myocardial infarction,1,2026-04-02
D0003661,E0002903,P001328,E11.9,Type 2 diabetes mellitus without complications,1,2026-04-02
D0003662,E0002904,P000624,I10,Essential (primary) hypertension,1,2026-04-02
D0003663,E0002904,P000624,J44.9,"Chronic obstructive pulmonary disease, unspecified",0,2026-04-02
D0003664,E0002905,P000901,E11.65,Type 2 diabetes mellitus with hyperglycemia,1,2026-04-02
D0003665,E0002906,P001282,Z00.00,Encounter for general adult medical examination without abnormal findings,1,2026-04-02
D0003666,E0002907,P000901,E11.65,Type 2 diabetes mellitus with hyperglycemia,1,2026-04-02
D0003667,E0002907,P000901,I10,Essential (primary) hypertension,0,2026-04-02
D0003668,E0002908,P000387,R07.9,"Chest pain, unspecified",1,2026-04-02
D0003669,E0002909,P000800,M54.50,"Low back pain, unspecified",1,2026-04-03
D0003670,E0002910,P000173,Z00.00,Encounter for general adult medical examination without abnormal findings,1,2026-04-03
D0003671,E0002911,P000478,J44.1,Chronic obstructive pulmonary disease with (acute) exacerbation,1,2026-04-03
D0003672,E0002912,P000489,J44.9,"Chronic obstructive pulmonary disease, unspecified",1,2026-04-03
D0003673,E0002913,P000358,K92.2,"Gastrointestinal hemorrhage, unspecified",1,2026-04-03
D0003674,E0002914,P000138,N39.0,"Urinary tract infection, site not specified",1,2026-04-03
D0003675,E0002915,P000430,R07.9,"Chest pain, unspecified",1,2026-04-03
D0003676,E0002916,P000729,I50.22,Chronic systolic (congestive) heart failure,1,2026-04-04
D0003677,E0002917,P000729,I50.22,Chronic systolic (congestive) heart failure,1,2026-04-04
D0003678,E0002918,P000633,T14.90XA,"Injury, unspecified, initial encounter",1,2026-04-04
D0003679,E0002919,P001189,N17.9,"Acute kidney failure, unspecified",1,2026-04-05
D0003680,E0002920,P001189,N17.9,"Acute kidney failure, unspecified",1,2026-04-05
D0003681,E0002920,P001189,I10,Essential (primary) hypertension,0,2026-04-05
D0003682,E0002920,P001189,E78.5,"Hyperlipidemia, unspecified",0,2026-04-05
D0003683,E0002921,P000068,R10.9,Unspecified abdominal pain,1,2026-04-06
D0003684,E0002922,P000437,R10.9,Unspecified abdominal pain,1,2026-04-06
D0003685,E0002923,P000285,Z00.00,Encounter for general adult medical examination without abnormal findings,1,2026-04-06
D0003686,E0002924,P000226,Z00.00,Encounter for general adult medical examination without abnormal findings,1,2026-04-06
D0003687,E0002925,P001022,I21.4,Non-ST elevation (NSTEMI) myocardial infarction,1,2026-04-06
D0003688,E0002926,P000723,I50.9,"Heart failure, unspecified",1,2026-04-06
D0003689,E0002927,P000268,J06.9,"Acute upper respiratory infection, unspecified",1,2026-04-06
D0003690,E0002928,P001317,J44.9,"Chronic obstructive pulmonary disease, unspecified",1,2026-04-06
D0003691,E0002929,P000457,I10,Essential (primary) hypertension,1,2026-04-06
D0003692,E0002930,P000394,J45.909,"Unspecified asthma, uncomplicated",1,2026-04-06
D0003693,E0002931,P000178,R07.9,"Chest pain, unspecified",1,2026-04-07
D0003694,E0002932,P000178,R07.9,"Chest pain, unspecified",1,2026-04-07
D0003695,E0002932,P000178,E78.5,"Hyperlipidemia, unspecified",0,2026-04-07
D0003696,E0002933,P000428,N18.9,"Chronic kidney disease, unspecified",1,2026-04-07
D0003697,E0002934,P000684,E11.9,Type 2 diabetes mellitus without complications,1,2026-04-07
D0003698,E0002935,P000530,I50.9,"Heart failure, unspecified",1,2026-04-07
D0003699,E0002936,P000051,K21.9,Gastro-esophageal reflux disease without esophagitis,1,2026-04-07
D0003700,E0002937,P001071,E11.9,Type 2 diabetes mellitus without complications,1,2026-04-07
D0003701,E0002938,P000193,A41.9,"Sepsis, unspecified organism",1,2026-04-07
D0003702,E0002939,P001020,I50.9,"Heart failure, unspecified",1,2026-04-07
D0003703,E0002940,P001285,R55,Syncope and collapse,1,2026-04-07
D0003704,E0002941,P001256,N17.9,"Acute kidney failure, unspecified",1,2026-04-07
D0003705,E0002942,P001285,R55,Syncope and collapse,1,2026-04-07
D0003706,E0002942,P001285,E78.5,"Hyperlipidemia, unspecified",0,2026-04-07
D0003707,E0002943,P000193,A41.9,"Sepsis, unspecified organism",1,2026-04-07
D0003708,E0002943,P000193,I50.9,"Heart failure, unspecified",0,2026-04-07
D0003709,E0002944,P000113,E11.9,Type 2 diabetes mellitus without complications,1,2026-04-08
D0003710,E0002945,P000410,I10,Essential (primary) hypertension,1,2026-04-08
D0003711,E0002946,P001266,I50.23,Acute on chronic systolic (congestive) heart failure,1,2026-04-08
D0003712,E0002946,P001266,N18.9,"Chronic kidney disease, unspecified",0,2026-04-08
D0003713,E0002947,P001120,E11.9,Type 2 diabetes mellitus without complications,1,2026-04-08
D0003714,E0002948,P001226,J45.909,"Unspecified asthma, uncomplicated",1,2026-04-08
D0003715,E0002949,P000773,Z00.00,Encounter for general adult medical examination without abnormal findings,1,2026-04-08
D0003716,E0002950,P001213,M54.50,"Low back pain, unspecified",1,2026-04-08
D0003717,E0002951,P000573,I10,Essential (primary) hypertension,1,2026-04-08
D0003718,E0002952,P000080,I50.9,"Heart failure, unspecified",1,2026-04-08
D0003719,E0002953,P001047,I10,Essential (primary) hypertension,1,2026-04-08
D0003720,E0002954,P000737,Z00.00,Encounter for general adult medical examination without abnormal findings,1,2026-04-09
D0003721,E0002955,P000363,I50.23,Acute on chronic systolic (congestive) heart failure,1,2026-04-09
D0003722,E0002956,P001304,I50.9,"Heart failure, unspecified",1,2026-04-09
D0003723,E0002957,P001300,E11.65,Type 2 diabetes mellitus with hyperglycemia,1,2026-04-09
D0003724,E0002958,P001302,R10.9,Unspecified abdominal pain,1,2026-04-09
D0003725,E0002959,P000721,Z00.00,Encounter for general adult medical examination without abnormal findings,1,2026-04-09
D0003726,E0002960,P000363,I50.23,Acute on chronic systolic (congestive) heart failure,1,2026-04-09
D0003727,E0002960,P000363,I10,Essential (primary) hypertension,0,2026-04-09
D0003728,E0002961,P000164,N18.9,"Chronic kidney disease, unspecified",1,2026-04-09
D0003729,E0002962,P000235,J44.9,"Chronic obstructive pulmonary disease, unspecified",1,2026-04-09
D0003730,E0002963,P000803,Z23,Encounter for immunization,1,2026-04-09
D0003731,E0002964,P000749,I10,Essential (primary) hypertension,1,2026-04-09
D0003732,E0002965,P000505,E11.65,Type 2 diabetes mellitus with hyperglycemia,1,2026-04-09
D0003733,E0002966,P000860,N39.0,"Urinary tract infection, site not specified",1,2026-04-09
D0003734,E0002966,P000860,I50.9,"Heart failure, unspecified",0,2026-04-09
D0003735,E0002966,P000860,E78.5,"Hyperlipidemia, unspecified",0,2026-04-09
D0003736,E0002967,P000839,E11.65,Type 2 diabetes mellitus with hyperglycemia,1,2026-04-09
D0003737,E0002968,P000941,I50.9,"Heart failure, unspecified",1,2026-04-10
D0003738,E0002969,P000941,I50.9,"Heart failure, unspecified",1,2026-04-10
D0003739,E0002969,P000941,I10,Essential (primary) hypertension,0,2026-04-10
D0003740,E0002970,P001051,Z23,Encounter for immunization,1,2026-04-10
D0003741,E0002971,P001165,R10.9,Unspecified abdominal pain,1,2026-04-10
D0003742,E0002972,P000727,I21.4,Non-ST elevation (NSTEMI) myocardial infarction,1,2026-04-10
D0003743,E0002973,P000268,I50.32,Chronic diastolic (congestive) heart failure,1,2026-04-10
D0003744,E0002973,P000268,I10,Essential (primary) hypertension,0,2026-04-10
D0003745,E0002974,P001230,J18.9,"Pneumonia, unspecified organism",1,2026-04-11
D0003746,E0002974,P001230,I10,Essential (primary) hypertension,0,2026-04-11
D0003747,E0002975,P000972,N39.0,"Urinary tract infection, site not specified",1,2026-04-11
D0003748,E0002975,P000972,E78.5,"Hyperlipidemia, unspecified",0,2026-04-11
D0003749,E0002976,P001061,J18.9,"Pneumonia, unspecified organism",1,2026-04-11
D0003750,E0002976,P001061,I50.9,"Heart failure, unspecified",0,2026-04-11
D0003751,E0002976,P001061,E11.9,Type 2 diabetes mellitus without complications,0,2026-04-11
D0003752,E0002977,P000602,I50.22,Chronic systolic (congestive) heart failure,1,2026-04-12
D0003753,E0002978,P000602,I50.22,Chronic systolic (congestive) heart failure,1,2026-04-12
D0003754,E0002979,P001317,J44.1,Chronic obstructive pulmonary disease with (acute) exacerbation,1,2026-04-12
D0003755,E0002979,P001317,I50.9,"Heart failure, unspecified",0,2026-04-12
D0003756,E0002979,P001317,I10,Essential (primary) hypertension,0,2026-04-12
D0003757,E0002980,P000717,I50.23,Acute on chronic systolic (congestive) heart failure,1,2026-04-12
D0003758,E0002981,P001178,T14.90XA,"Injury, unspecified, initial encounter",1,2026-04-12
D0003759,E0002982,P000542,Z00.00,Encounter for general adult medical examination without abnormal findings,1,2026-04-13
D0003760,E0002983,P001219,I50.9,"Heart failure, unspecified",1,2026-04-13
D0003761,E0002984,P001011,R10.9,Unspecified abdominal pain,1,2026-04-13
D0003762,E0002985,P000501,J45.909,"Unspecified asthma, uncomplicated",1,2026-04-13
D0003763,E0002985,P000501,J44.9,"Chronic obstructive pulmonary disease, unspecified",0,2026-04-13
D0003764,E0002986,P001151,N18.9,"Chronic kidney disease, unspecified",1,2026-04-13
D0003765,E0002987,P000822,N39.0,"Urinary tract infection, site not specified",1,2026-04-13
D0003766,E0002988,P000401,I50.22,Chronic systolic (congestive) heart failure,1,2026-04-14
D0003767,E0002989,P001219,J06.9,"Acute upper respiratory infection, unspecified",1,2026-04-14
D0003768,E0002990,P000993,E11.65,Type 2 diabetes mellitus with hyperglycemia,1,2026-04-14
D0003769,E0002990,P000993,I10,Essential (primary) hypertension,0,2026-04-14
D0003770,E0002991,P000093,N39.0,"Urinary tract infection, site not specified",1,2026-04-14
D0003771,E0002992,P001395,N39.0,"Urinary tract infection, site not specified",1,2026-04-14
D0003772,E0002993,P000654,I50.9,"Heart failure, unspecified",1,2026-04-14
D0003773,E0002994,P001285,R55,Syncope and collapse,1,2026-04-14
D0003774,E0002995,P000481,I48.91,Unspecified atrial fibrillation,1,2026-04-14
D0003775,E0002995,P000481,I10,Essential (primary) hypertension,0,2026-04-14
D0003776,E0002996,P000564,Z00.00,Encounter for general adult medical examination without abnormal findings,1,2026-04-14
D0003777,E0002997,P000727,I21.4,Non-ST elevation (NSTEMI) myocardial infarction,1,2026-04-14
D0003778,E0002998,P000218,E11.65,Type 2 diabetes mellitus with hyperglycemia,1,2026-04-14
D0003779,E0002998,P000218,I50.9,"Heart failure, unspecified",0,2026-04-14
D0003780,E0002998,P000218,N18.9,"Chronic kidney disease, unspecified",0,2026-04-14
D0003781,E0002999,P000885,I10,Essential (primary) hypertension,1,2026-04-15
D0003782,E0003000,P000774,N18.9,"Chronic kidney disease, unspecified",1,2026-04-15
D0003783,E0003001,P001371,Z00.00,Encounter for general adult medical examination without abnormal findings,1,2026-04-15
D0003784,E0003002,P001371,T14.90XA,"Injury, unspecified, initial encounter",1,2026-04-15
D0003785,E0003003,P001315,J45.909,"Unspecified asthma, uncomplicated",1,2026-04-15
D0003786,E0003004,P001300,E11.65,Type 2 diabetes mellitus with hyperglycemia,1,2026-04-15
D0003787,E0003005,P000729,J18.9,"Pneumonia, unspecified organism",1,2026-04-15
D0003788,E0003006,P000238,R10.9,Unspecified abdominal pain,1,2026-04-15
D0003789,E0003007,P000223,R55,Syncope and collapse,1,2026-04-15
D0003790,E0003008,P000729,J18.9,"Pneumonia, unspecified organism",1,2026-04-15
D0003791,E0003009,P001185,N39.0,"Urinary tract infection, site not specified",1,2026-04-16
D0003792,E0003010,P000592,N18.9,"Chronic kidney disease, unspecified",1,2026-04-16
D0003793,E0003011,P000786,I10,Essential (primary) hypertension,1,2026-04-16
D0003794,E0003012,P000972,N39.0,"Urinary tract infection, site not specified",1,2026-04-16
D0003795,E0003013,P001002,E11.65,Type 2 diabetes mellitus with hyperglycemia,1,2026-04-16
D0003796,E0003014,P000815,E11.65,Type 2 diabetes mellitus with hyperglycemia,1,2026-04-17
D0003797,E0003015,P000991,E11.65,Type 2 diabetes mellitus with hyperglycemia,1,2026-04-17
D0003798,E0003016,P001225,J44.1,Chronic obstructive pulmonary disease with (acute) exacerbation,1,2026-04-17
D0003799,E0003017,P000656,M54.50,"Low back pain, unspecified",1,2026-04-17
D0003800,E0003018,P001273,I50.9,"Heart failure, unspecified",1,2026-04-17
D0003801,E0003018,P001273,J44.9,"Chronic obstructive pulmonary disease, unspecified",0,2026-04-17
D0003802,E0003019,P001316,J44.9,"Chronic obstructive pulmonary disease, unspecified",1,2026-04-17
D0003803,E0003020,P001077,N39.0,"Urinary tract infection, site not specified",1,2026-04-17
D0003804,E0003021,P001225,J44.1,Chronic obstructive pulmonary disease with (acute) exacerbation,1,2026-04-17
D0003805,E0003021,P001225,E11.9,Type 2 diabetes mellitus without complications,0,2026-04-17
D0003806,E0003022,P000815,E11.65,Type 2 diabetes mellitus with hyperglycemia,1,2026-04-17
D0003807,E0003022,P000815,I50.9,"Heart failure, unspecified",0,2026-04-17
D0003808,E0003023,P000941,I50.22,Chronic systolic (congestive) heart failure,1,2026-04-17
D0003809,E0003024,P001331,Z23,Encounter for immunization,1,2026-04-17
D0003810,E0003025,P001105,I50.9,"Heart failure, unspecified",1,2026-04-17
D0003811,E0003026,P000212,E11.65,Type 2 diabetes mellitus with hyperglycemia,1,2026-04-17
D0003812,E0003026,P000212,J44.9,"Chronic obstructive pulmonary disease, unspecified",0,2026-04-17
D0003813,E0003026,P000212,N18.9,"Chronic kidney disease, unspecified",0,2026-04-17
D0003814,E0003027,P001389,R55,Syncope and collapse,1,2026-04-17
D0003815,E0003028,P001228,R07.9,"Chest pain, unspecified",1,2026-04-17
D0003816,E0003028,P001228,E78.5,"Hyperlipidemia, unspecified",0,2026-04-17
D0003817,E0003029,P001389,R55,Syncope and collapse,1,2026-04-17
D0003818,E0003030,P001106,R07.9,"Chest pain, unspecified",1,2026-04-18
D0003819,E0003031,P000860,I50.32,Chronic diastolic (congestive) heart failure,1,2026-04-19
D0003820,E0003032,P000860,I50.32,Chronic diastolic (congestive) heart failure,1,2026-04-19
D0003821,E0003033,P001349,R10.9,Unspecified abdominal pain,1,2026-04-19
D0003822,E0003034,P000723,J18.9,"Pneumonia, unspecified organism",1,2026-04-20
D0003823,E0003035,P000064,J44.9,"Chronic obstructive pulmonary disease, unspecified",1,2026-04-20
D0003824,E0003036,P000932,I10,Essential (primary) hypertension,1,2026-04-20
D0003825,E0003037,P001111,Z00.00,Encounter for general adult medical examination without abnormal findings,1,2026-04-20
D0003826,E0003038,P000754,R10.9,Unspecified abdominal pain,1,2026-04-20
D0003827,E0003039,P000723,J18.9,"Pneumonia, unspecified organism",1,2026-04-20
D0003828,E0003039,P000723,I50.9,"Heart failure, unspecified",0,2026-04-20
D0003829,E0003040,P000069,Z00.00,Encounter for general adult medical examination without abnormal findings,1,2026-04-20
D0003830,E0003041,P001381,I10,Essential (primary) hypertension,1,2026-04-20
D0003831,E0003042,P001053,E11.65,Type 2 diabetes mellitus with hyperglycemia,1,2026-04-20
D0003832,E0003043,P001061,J18.9,"Pneumonia, unspecified organism",1,2026-04-20
D0003833,E0003044,P001022,R55,Syncope and collapse,1,2026-04-20
D0003834,E0003045,P000427,J06.9,"Acute upper respiratory infection, unspecified",1,2026-04-20
D0003835,E0003045,P000427,E11.9,Type 2 diabetes mellitus without complications,0,2026-04-20
D0003836,E0003046,P000075,J06.9,"Acute upper respiratory infection, unspecified",1,2026-04-21
D0003837,E0003047,P001176,Z00.00,Encounter for general adult medical examination without abnormal findings,1,2026-04-21
D0003838,E0003048,P000202,N18.9,"Chronic kidney disease, unspecified",1,2026-04-21
D0003839,E0003049,P000874,N39.0,"Urinary tract infection, site not specified",1,2026-04-21
D0003840,E0003050,P000552,N39.0,"Urinary tract infection, site not specified",1,2026-04-21
D0003841,E0003050,P000552,I10,Essential (primary) hypertension,0,2026-04-21
D0003842,E0003050,P000552,E78.5,"Hyperlipidemia, unspecified",0,2026-04-21
D0003843,E0003051,P000434,J44.9,"Chronic obstructive pulmonary disease, unspecified",1,2026-04-22
D0003844,E0003052,P001400,E11.9,Type 2 diabetes mellitus without complications,1,2026-04-22
D0003845,E0003053,P001105,J06.9,"Acute upper respiratory infection, unspecified",1,2026-04-22
D0003846,E0003054,P000543,Z23,Encounter for immunization,1,2026-04-22
D0003847,E0003055,P000775,K92.2,"Gastrointestinal hemorrhage, unspecified",1,2026-04-22
D0003848,E0003056,P000447,Z00.00,Encounter for general adult medical examination without abnormal findings,1,2026-04-22
D0003849,E0003057,P001248,J06.9,"Acute upper respiratory infection, unspecified",1,2026-04-22
D0003850,E0003058,P000729,J18.9,"Pneumonia, unspecified organism",1,2026-04-22
D0003851,E0003059,P000839,R10.9,Unspecified abdominal pain,1,2026-04-22
D0003852,E0003060,P001108,N18.9,"Chronic kidney disease, unspecified",1,2026-04-22
D0003853,E0003061,P000775,K92.2,"Gastrointestinal hemorrhage, unspecified",1,2026-04-22
D0003854,E0003061,P000775,I10,Essential (primary) hypertension,0,2026-04-22
D0003855,E0003062,P000935,I10,Essential (primary) hypertension,1,2026-04-23
D0003856,E0003063,P001028,I10,Essential (primary) hypertension,1,2026-04-23
D0003857,E0003064,P000841,J45.909,"Unspecified asthma, uncomplicated",1,2026-04-23
D0003858,E0003065,P000942,I10,Essential (primary) hypertension,1,2026-04-23
D0003859,E0003066,P001274,J44.1,Chronic obstructive pulmonary disease with (acute) exacerbation,1,2026-04-23
D0003860,E0003067,P001274,J44.1,Chronic obstructive pulmonary disease with (acute) exacerbation,1,2026-04-23
D0003861,E0003067,P001274,I10,Essential (primary) hypertension,0,2026-04-23
D0003862,E0003068,P000279,J18.9,"Pneumonia, unspecified organism",1,2026-04-23
D0003863,E0003069,P000279,J18.9,"Pneumonia, unspecified organism",1,2026-04-23
D0003864,E0003070,P000271,J18.9,"Pneumonia, unspecified organism",1,2026-04-24
D0003865,E0003071,P000411,I50.9,"Heart failure, unspecified",1,2026-04-24
D0003866,E0003072,P000271,J18.9,"Pneumonia, unspecified organism",1,2026-04-24
D0003867,E0003072,P000271,I10,Essential (primary) hypertension,0,2026-04-24
D0003868,E0003072,P000271,E78.5,"Hyperlipidemia, unspecified",0,2026-04-24
D0003869,E0003073,P000286,Z23,Encounter for immunization,1,2026-04-24
D0003870,E0003074,P001242,I50.9,"Heart failure, unspecified",1,2026-04-24
D0003871,E0003075,P000990,Z23,Encounter for immunization,1,2026-04-24
D0003872,E0003076,P001331,N39.0,"Urinary tract infection, site not specified",1,2026-04-24
D0003873,E0003077,P000957,E11.9,Type 2 diabetes mellitus without complications,1,2026-04-24
D0003874,E0003078,P000960,I50.9,"Heart failure, unspecified",1,2026-04-24
D0003875,E0003079,P001186,I10,Essential (primary) hypertension,1,2026-04-24
D0003876,E0003080,P000083,N39.0,"Urinary tract infection, site not specified",1,2026-04-24
D0003877,E0003081,P000174,I50.9,"Heart failure, unspecified",1,2026-04-24
D0003878,E0003082,P000779,J06.9,"Acute upper respiratory infection, unspecified",1,2026-04-24
D0003879,E0003083,P000236,Z00.00,Encounter for general adult medical examination without abnormal findings,1,2026-04-24
D0003880,E0003084,P001242,I50.9,"Heart failure, unspecified",1,2026-04-24
D0003881,E0003084,P001242,J44.9,"Chronic obstructive pulmonary disease, unspecified",0,2026-04-24
D0003882,E0003084,P001242,I10,Essential (primary) hypertension,0,2026-04-24
D0003883,E0003085,P000544,Z00.00,Encounter for general adult medical examination without abnormal findings,1,2026-04-24
D0003884,E0003086,P000158,R10.9,Unspecified abdominal pain,1,2026-04-24
D0003885,E0003087,P000812,I50.9,"Heart failure, unspecified",1,2026-04-25
D0003886,E0003087,P000812,J44.9,"Chronic obstructive pulmonary disease, unspecified",0,2026-04-25
D0003887,E0003087,P000812,I10,Essential (primary) hypertension,0,2026-04-25
D0003888,E0003088,P000480,J44.1,Chronic obstructive pulmonary disease with (acute) exacerbation,1,2026-04-25
D0003889,E0003089,P000480,J44.1,Chronic obstructive pulmonary disease with (acute) exacerbation,1,2026-04-25
D0003890,E0003089,P000480,I50.9,"Heart failure, unspecified",0,2026-04-25
D0003891,E0003089,P000480,I10,Essential (primary) hypertension,0,2026-04-25
D0003892,E0003090,P000439,I50.9,"Heart failure, unspecified",1,2026-04-26
D0003893,E0003091,P000439,I50.9,"Heart failure, unspecified",1,2026-04-26
D0003894,E0003091,P000439,I10,Essential (primary) hypertension,0,2026-04-26
D0003895,E0003092,P000193,I50.32,Chronic diastolic (congestive) heart failure,1,2026-04-27
D0003896,E0003093,P000603,Z00.00,Encounter for general adult medical examination without abnormal findings,1,2026-04-27
D0003897,E0003094,P000501,Z00.00,Encounter for general adult medical examination without abnormal findings,1,2026-04-27
D0003898,E0003095,P000303,Z23,Encounter for immunization,1,2026-04-27
D0003899,E0003096,P000245,R10.9,Unspecified abdominal pain,1,2026-04-27
D0003900,E0003097,P001184,J44.1,Chronic obstructive pulmonary disease with (acute) exacerbation,1,2026-04-27
D0003901,E0003098,P000173,I50.9,"Heart failure, unspecified",1,2026-04-27
D0003902,E0003099,P001175,R10.9,Unspecified abdominal pain,1,2026-04-27
D0003903,E0003100,P000172,J18.9,"Pneumonia, unspecified organism",1,2026-04-28
D0003904,E0003101,P000136,Z23,Encounter for immunization,1,2026-04-28
D0003905,E0003102,P000172,J18.9,"Pneumonia, unspecified organism",1,2026-04-28
D0003906,E0003103,P000245,E11.9,Type 2 diabetes mellitus without complications,1,2026-04-28
D0003907,E0003104,P000742,Z00.00,Encounter for general adult medical examination without abnormal findings,1,2026-04-28
D0003908,E0003105,P000552,N39.0,"Urinary tract infection, site not specified",1,2026-04-28
D0003909,E0003106,P000493,I50.9,"Heart failure, unspecified",1,2026-04-28
D0003910,E0003107,P001154,E11.9,Type 2 diabetes mellitus without complications,1,2026-04-28
D0003911,E0003108,P001271,Z00.00,Encounter for general adult medical examination without abnormal findings,1,2026-04-28
D0003912,E0003109,P000910,J06.9,"Acute upper respiratory infection, unspecified",1,2026-04-28
D0003913,E0003110,P000675,Z00.00,Encounter for general adult medical examination without abnormal findings,1,2026-04-28
D0003914,E0003111,P000459,Z23,Encounter for immunization,1,2026-04-29
D0003915,E0003112,P000402,I10,Essential (primary) hypertension,1,2026-04-29
D0003916,E0003113,P000897,Z23,Encounter for immunization,1,2026-04-29
D0003917,E0003114,P000337,I10,Essential (primary) hypertension,1,2026-04-29
D0003918,E0003115,P000357,E78.5,"Hyperlipidemia, unspecified",1,2026-04-29
D0003919,E0003116,P000554,R10.9,Unspecified abdominal pain,1,2026-04-29
D0003920,E0003117,P000724,Z00.00,Encounter for general adult medical examination without abnormal findings,1,2026-04-29
D0003921,E0003118,P000140,I10,Essential (primary) hypertension,1,2026-04-30
D0003922,E0003119,P000458,I50.9,"Heart failure, unspecified",1,2026-04-30
D0003923,E0003120,P000212,Z23,Encounter for immunization,1,2026-04-30
D0003924,E0003121,P000857,E11.65,Type 2 diabetes mellitus with hyperglycemia,1,2026-04-30
D0003925,E0003121,P000857,I10,Essential (primary) hypertension,0,2026-04-30
D0003926,E0003122,P001361,Z00.00,Encounter for general adult medical examination without abnormal findings,1,2026-04-30
D0003927,E0003123,P000411,I50.23,Acute on chronic systolic (congestive) heart failure,1,2026-04-30
D0003928,E0003123,P000411,E11.9,Type 2 diabetes mellitus without complications,0,2026-04-30
D0003929,E0003124,P000056,Z23,Encounter for immunization,1,2026-05-01
D0003930,E0003125,P000427,J06.9,"Acute upper respiratory infection, unspecified",1,2026-05-01
D0003931,E0003126,P001209,M54.50,"Low back pain, unspecified",1,2026-05-01
D0003932,E0003127,P000466,I50.9,"Heart failure, unspecified",1,2026-05-01
D0003933,E0003128,P001324,R10.9,Unspecified abdominal pain,1,2026-05-02
D0003934,E0003129,P000450,I48.91,Unspecified atrial fibrillation,1,2026-05-02
D0003935,E0003129,P000450,I10,Essential (primary) hypertension,0,2026-05-02
D0003936,E0003129,P000450,E78.5,"Hyperlipidemia, unspecified",0,2026-05-02
D0003937,E0003130,P000047,N17.9,"Acute kidney failure, unspecified",1,2026-05-02
D0003938,E0003131,P000047,N17.9,"Acute kidney failure, unspecified",1,2026-05-03
D0003939,E0003132,P000218,E11.65,Type 2 diabetes mellitus with hyperglycemia,1,2026-05-03
D0003940,E0003132,P000218,N18.9,"Chronic kidney disease, unspecified",0,2026-05-03
D0003941,E0003133,P000051,I50.23,Acute on chronic systolic (congestive) heart failure,1,2026-05-04
D0003942,E0003134,P001071,R07.9,"Chest pain, unspecified",1,2026-05-04
D0003943,E0003135,P000142,K21.9,Gastro-esophageal reflux disease without esophagitis,1,2026-05-04
D0003944,E0003136,P000875,K21.9,Gastro-esophageal reflux disease without esophagitis,1,2026-05-04
D0003945,E0003137,P000975,J18.9,"Pneumonia, unspecified organism",1,2026-05-04
D0003946,E0003138,P000975,J18.9,"Pneumonia, unspecified organism",1,2026-05-04
D0003947,E0003138,P000975,I50.9,"Heart failure, unspecified",0,2026-05-04
D0003948,E0003138,P000975,E11.9,Type 2 diabetes mellitus without complications,0,2026-05-04
D0003949,E0003139,P000051,I50.23,Acute on chronic systolic (congestive) heart failure,1,2026-05-04
D0003950,E0003139,P000051,E11.9,Type 2 diabetes mellitus without complications,0,2026-05-04
D0003951,E0003140,P000595,I50.32,Chronic diastolic (congestive) heart failure,1,2026-05-05
D0003952,E0003141,P000145,E11.9,Type 2 diabetes mellitus without complications,1,2026-05-05
D0003953,E0003142,P000524,I10,Essential (primary) hypertension,1,2026-05-05
D0003954,E0003143,P001210,E11.9,Type 2 diabetes mellitus without complications,1,2026-05-05
D0003955,E0003144,P001230,J18.9,"Pneumonia, unspecified organism",1,2026-05-05
D0003956,E0003145,P000480,J44.9,"Chronic obstructive pulmonary disease, unspecified",1,2026-05-05
D0003957,E0003146,P000343,J45.909,"Unspecified asthma, uncomplicated",1,2026-05-05
D0003958,E0003147,P000299,Z00.00,Encounter for general adult medical examination without abnormal findings,1,2026-05-05
D0003959,E0003148,P000526,J18.9,"Pneumonia, unspecified organism",1,2026-05-05
D0003960,E0003149,P001066,J44.1,Chronic obstructive pulmonary disease with (acute) exacerbation,1,2026-05-05
D0003961,E0003150,P000526,J18.9,"Pneumonia, unspecified organism",1,2026-05-06
D0003962,E0003150,P000526,E11.9,Type 2 diabetes mellitus without complications,0,2026-05-06
D0003963,E0003150,P000526,I10,Essential (primary) hypertension,0,2026-05-06
D0003964,E0003151,P001304,R07.9,"Chest pain, unspecified",1,2026-05-06
D0003965,E0003152,P000688,I50.9,"Heart failure, unspecified",1,2026-05-06
D0003966,E0003153,P001304,R07.9,"Chest pain, unspecified",1,2026-05-06
D0003967,E0003153,P001304,I50.9,"Heart failure, unspecified",0,2026-05-06
D0003968,E0003154,P001180,I10,Essential (primary) hypertension,1,2026-05-06
D0003969,E0003155,P000258,K92.2,"Gastrointestinal hemorrhage, unspecified",1,2026-05-06
D0003970,E0003156,P000480,J44.1,Chronic obstructive pulmonary disease with (acute) exacerbation,1,2026-05-06
D0003971,E0003157,P000258,K92.2,"Gastrointestinal hemorrhage, unspecified",1,2026-05-06
D0003972,E0003157,P000258,E11.9,Type 2 diabetes mellitus without complications,0,2026-05-06
D0003973,E0003158,P000808,I50.23,Acute on chronic systolic (congestive) heart failure,1,2026-05-06
D0003974,E0003159,P000480,J44.1,Chronic obstructive pulmonary disease with (acute) exacerbation,1,2026-05-06
D0003975,E0003159,P000480,I50.9,"Heart failure, unspecified",0,2026-05-06
D0003976,E0003159,P000480,I10,Essential (primary) hypertension,0,2026-05-06
D0003977,E0003160,P001176,M54.50,"Low back pain, unspecified",1,2026-05-07
D0003978,E0003161,P000481,I50.23,Acute on chronic systolic (congestive) heart failure,1,2026-05-07
D0003979,E0003162,P000687,I50.22,Chronic systolic (congestive) heart failure,1,2026-05-07
D0003980,E0003163,P000455,Z00.00,Encounter for general adult medical examination without abnormal findings,1,2026-05-07
D0003981,E0003164,P000481,I50.23,Acute on chronic systolic (congestive) heart failure,1,2026-05-07
D0003982,E0003164,P000481,J44.9,"Chronic obstructive pulmonary disease, unspecified",0,2026-05-07
D0003983,E0003164,P000481,E78.5,"Hyperlipidemia, unspecified",0,2026-05-07
D0003984,E0003165,P000825,J18.9,"Pneumonia, unspecified organism",1,2026-05-07
D0003985,E0003165,P000825,E11.9,Type 2 diabetes mellitus without complications,0,2026-05-07
D0003986,E0003165,P000825,I10,Essential (primary) hypertension,0,2026-05-07
D0003987,E0003166,P000054,J45.909,"Unspecified asthma, uncomplicated",1,2026-05-08
D0003988,E0003167,P001178,N18.9,"Chronic kidney disease, unspecified",1,2026-05-08
D0003989,E0003168,P000237,I10,Essential (primary) hypertension,1,2026-05-08
D0003990,E0003169,P001242,I50.9,"Heart failure, unspecified",1,2026-05-08
D0003991,E0003170,P001273,I50.9,"Heart failure, unspecified",1,2026-05-08
D0003992,E0003171,P000754,J06.9,"Acute upper respiratory infection, unspecified",1,2026-05-08
D0003993,E0003172,P000033,E11.9,Type 2 diabetes mellitus without complications,1,2026-05-08
D0003994,E0003173,P001047,M54.50,"Low back pain, unspecified",1,2026-05-08
D0003995,E0003174,P000420,Z00.00,Encounter for general adult medical examination without abnormal findings,1,2026-05-08
D0003996,E0003175,P000217,M54.50,"Low back pain, unspecified",1,2026-05-08
D0003997,E0003176,P000812,J44.1,Chronic obstructive pulmonary disease with (acute) exacerbation,1,2026-05-08
D0003998,E0003177,P000812,J44.1,Chronic obstructive pulmonary disease with (acute) exacerbation,1,2026-05-09
D0003999,E0003177,P000812,I10,Essential (primary) hypertension,0,2026-05-09
D0004000,E0003178,P001371,I10,Essential (primary) hypertension,1,2026-05-11
D0004001,E0003179,P000279,J18.9,"Pneumonia, unspecified organism",1,2026-05-11
D0004002,E0003180,P000172,J18.9,"Pneumonia, unspecified organism",1,2026-05-11
D0004003,E0003181,P000174,I50.32,Chronic diastolic (congestive) heart failure,1,2026-05-11
D0004004,E0003182,P000775,K92.2,"Gastrointestinal hemorrhage, unspecified",1,2026-05-11
D0004005,E0003183,P000438,E11.9,Type 2 diabetes mellitus without complications,1,2026-05-11
D0004006,E0003184,P000890,R07.9,"Chest pain, unspecified",1,2026-05-11
D0004007,E0003185,P000699,Z00.00,Encounter for general adult medical examination without abnormal findings,1,2026-05-11
D0004008,E0003186,P000778,Z00.00,Encounter for general adult medical examination without abnormal findings,1,2026-05-11
D0004009,E0003187,P001162,M54.50,"Low back pain, unspecified",1,2026-05-11
D0004010,E0003188,P000905,I10,Essential (primary) hypertension,1,2026-05-12
D0004011,E0003189,P001132,E78.5,"Hyperlipidemia, unspecified",1,2026-05-12
D0004012,E0003190,P001072,Z00.00,Encounter for general adult medical examination without abnormal findings,1,2026-05-12
D0004013,E0003191,P000299,I50.23,Acute on chronic systolic (congestive) heart failure,1,2026-05-12
D0004014,E0003192,P000147,E78.5,"Hyperlipidemia, unspecified",1,2026-05-12
D0004015,E0003193,P000321,J45.909,"Unspecified asthma, uncomplicated",1,2026-05-12
D0004016,E0003194,P000181,K21.9,Gastro-esophageal reflux disease without esophagitis,1,2026-05-12
D0004017,E0003195,P000299,I50.23,Acute on chronic systolic (congestive) heart failure,1,2026-05-12
D0004018,E0003195,P000299,I10,Essential (primary) hypertension,0,2026-05-12
D0004019,E0003196,P000722,N39.0,"Urinary tract infection, site not specified",1,2026-05-13
D0004020,E0003197,P000250,J18.9,"Pneumonia, unspecified organism",1,2026-05-13
D0004021,E0003198,P000782,I50.32,Chronic diastolic (congestive) heart failure,1,2026-05-13
D0004022,E0003198,P000782,J44.9,"Chronic obstructive pulmonary disease, unspecified",0,2026-05-13
D0004023,E0003198,P000782,N18.9,"Chronic kidney disease, unspecified",0,2026-05-13
D0004024,E0003199,P001051,R10.9,Unspecified abdominal pain,1,2026-05-13
D0004025,E0003200,P000640,R10.9,Unspecified abdominal pain,1,2026-05-13
D0004026,E0003201,P000250,J18.9,"Pneumonia, unspecified organism",1,2026-05-13
D0004027,E0003201,P000250,I10,Essential (primary) hypertension,0,2026-05-13
D0004028,E0003202,P000988,J44.1,Chronic obstructive pulmonary disease with (acute) exacerbation,1,2026-05-13
D0004029,E0003203,P000988,J44.1,Chronic obstructive pulmonary disease with (acute) exacerbation,1,2026-05-14
D0004030,E0003203,P000988,N18.9,"Chronic kidney disease, unspecified",0,2026-05-14
D0004031,E0003203,P000988,I10,Essential (primary) hypertension,0,2026-05-14
D0004032,E0003204,P000143,I21.4,Non-ST elevation (NSTEMI) myocardial infarction,1,2026-05-14
D0004033,E0003205,P000825,E78.5,"Hyperlipidemia, unspecified",1,2026-05-14
D0004034,E0003206,P001294,Z00.00,Encounter for general adult medical examination without abnormal findings,1,2026-05-14
D0004035,E0003207,P000143,I21.4,Non-ST elevation (NSTEMI) myocardial infarction,1,2026-05-14
D0004036,E0003207,P000143,I50.9,"Heart failure, unspecified",0,2026-05-14
D0004037,E0003207,P000143,E78.5,"Hyperlipidemia, unspecified",0,2026-05-14
D0004038,E0003208,P000753,I10,Essential (primary) hypertension,1,2026-05-14
D0004039,E0003209,P000439,I50.32,Chronic diastolic (congestive) heart failure,1,2026-05-14
D0004040,E0003210,P001210,Z00.00,Encounter for general adult medical examination without abnormal findings,1,2026-05-14
D0004041,E0003211,P000481,I50.32,Chronic diastolic (congestive) heart failure,1,2026-05-14
D0004042,E0003212,P000047,N17.9,"Acute kidney failure, unspecified",1,2026-05-14
D0004043,E0003213,P001391,I10,Essential (primary) hypertension,1,2026-05-14
D0004044,E0003214,P001331,Z23,Encounter for immunization,1,2026-05-15
D0004045,E0003215,P000664,Z00.00,Encounter for general adult medical examination without abnormal findings,1,2026-05-15
D0004046,E0003216,P001256,M54.50,"Low back pain, unspecified",1,2026-05-15
D0004047,E0003217,P001273,I10,Essential (primary) hypertension,1,2026-05-15
D0004048,E0003218,P001183,E78.5,"Hyperlipidemia, unspecified",1,2026-05-15
D0004049,E0003219,P000483,Z00.00,Encounter for general adult medical examination without abnormal findings,1,2026-05-15
D0004050,E0003220,P000286,A41.9,"Sepsis, unspecified organism",1,2026-05-15
D0004051,E0003221,P000051,I50.32,Chronic diastolic (congestive) heart failure,1,2026-05-15
D0004052,E0003222,P000440,J06.9,"Acute upper respiratory infection, unspecified",1,2026-05-15
D0004053,E0003223,P000916,I10,Essential (primary) hypertension,1,2026-05-15
D0004054,E0003224,P000825,J18.9,"Pneumonia, unspecified organism",1,2026-05-15
D0004055,E0003225,P001253,Z23,Encounter for immunization,1,2026-05-15
D0004056,E0003226,P000578,J06.9,"Acute upper respiratory infection, unspecified",1,2026-05-15
D0004057,E0003227,P000808,I50.22,Chronic systolic (congestive) heart failure,1,2026-05-15
D0004058,E0003228,P000469,N39.0,"Urinary tract infection, site not specified",1,2026-05-15
D0004059,E0003229,P000268,N18.9,"Chronic kidney disease, unspecified",1,2026-05-15
D0004060,E0003230,P000286,A41.9,"Sepsis, unspecified organism",1,2026-05-15
D0004061,E0003231,P000717,I50.9,"Heart failure, unspecified",1,2026-05-16
D0004062,E0003232,P000717,I50.9,"Heart failure, unspecified",1,2026-05-16
D0004063,E0003232,P000717,I10,Essential (primary) hypertension,0,2026-05-16
D0004064,E0003232,P000717,E78.5,"Hyperlipidemia, unspecified",0,2026-05-16
D0004065,E0003233,P000190,J44.1,Chronic obstructive pulmonary disease with (acute) exacerbation,1,2026-05-16
D0004066,E0003233,P000190,I10,Essential (primary) hypertension,0,2026-05-16
D0004067,E0003234,P000191,J18.9,"Pneumonia, unspecified organism",1,2026-05-16
D0004068,E0003235,P000222,T14.90XA,"Injury, unspecified, initial encounter",1,2026-05-16
D0004069,E0003235,P000222,E78.5,"Hyperlipidemia, unspecified",0,2026-05-16
D0004070,E0003236,P000095,J18.9,"Pneumonia, unspecified organism",1,2026-05-17
D0004071,E0003237,P000147,T14.90XA,"Injury, unspecified, initial encounter",1,2026-05-18
D0004072,E0003238,P000011,R07.9,"Chest pain, unspecified",1,2026-05-18
D0004073,E0003239,P000095,J18.9,"Pneumonia, unspecified organism",1,2026-05-18
D0004074,E0003239,P000095,E11.9,Type 2 diabetes mellitus without complications,0,2026-05-18
D0004075,E0003240,P000882,E11.65,Type 2 diabetes mellitus with hyperglycemia,1,2026-05-18
D0004076,E0003241,P000011,R07.9,"Chest pain, unspecified",1,2026-05-18
D0004077,E0003242,P000882,E11.65,Type 2 diabetes mellitus with hyperglycemia,1,2026-05-18
D0004078,E0003242,P000882,J44.9,"Chronic obstructive pulmonary disease, unspecified",0,2026-05-18
D0004079,E0003243,P000450,I48.91,Unspecified atrial fibrillation,1,2026-05-18
D0004080,E0003244,P000641,Z23,Encounter for immunization,1,2026-05-18
D0004081,E0003245,P001134,J06.9,"Acute upper respiratory infection, unspecified",1,2026-05-18
D0004082,E0003246,P001348,I21.4,Non-ST elevation (NSTEMI) myocardial infarction,1,2026-05-18
D0004083,E0003247,P001037,Z00.00,Encounter for general adult medical examination without abnormal findings,1,2026-05-18
D0004084,E0003248,P000647,J06.9,"Acute upper respiratory infection, unspecified",1,2026-05-18
D0004085,E0003249,P001348,I21.4,Non-ST elevation (NSTEMI) myocardial infarction,1,2026-05-18
D0004086,E0003249,P001348,E11.9,Type 2 diabetes mellitus without complications,0,2026-05-18
D0004087,E0003249,P001348,I10,Essential (primary) hypertension,0,2026-05-18
D0004088,E0003250,P001188,Z00.00,Encounter for general adult medical examination without abnormal findings,1,2026-05-18
D0004089,E0003251,P000589,Z00.00,Encounter for general adult medical examination without abnormal findings,1,2026-05-19
D0004090,E0003252,P000782,J06.9,"Acute upper respiratory infection, unspecified",1,2026-05-19
D0004091,E0003253,P000558,E11.65,Type 2 diabetes mellitus with hyperglycemia,1,2026-05-19
D0004092,E0003254,P000606,J06.9,"Acute upper respiratory infection, unspecified",1,2026-05-19
D0004093,E0003255,P000281,N39.0,"Urinary tract infection, site not specified",1,2026-05-19
D0004094,E0003255,P000281,E78.5,"Hyperlipidemia, unspecified",0,2026-05-19
D0004095,E0003256,P000439,I50.9,"Heart failure, unspecified",1,2026-05-19
D0004096,E0003257,P000439,I50.9,"Heart failure, unspecified",1,2026-05-20
D0004097,E0003257,P000439,I10,Essential (primary) hypertension,0,2026-05-20
D0004098,E0003258,P000782,I50.9,"Heart failure, unspecified",1,2026-05-20
D0004099,E0003259,P000187,I10,Essential (primary) hypertension,1,2026-05-20
D0004100,E0003260,P001234,I10,Essential (primary) hypertension,1,2026-05-20
D0004101,E0003261,P000488,M54.50,"Low back pain, unspecified",1,2026-05-20
D0004102,E0003262,P001061,I50.22,Chronic systolic (congestive) heart failure,1,2026-05-20
D0004103,E0003263,P000480,M54.50,"Low back pain, unspecified",1,2026-05-20
D0004104,E0003264,P000759,E11.9,Type 2 diabetes mellitus without complications,1,2026-05-20
D0004105,E0003265,P000656,I50.22,Chronic systolic (congestive) heart failure,1,2026-05-20
D0004106,E0003266,P000656,I50.22,Chronic systolic (congestive) heart failure,1,2026-05-20
D0004107,E0003266,P000656,E11.9,Type 2 diabetes mellitus without complications,0,2026-05-20
D0004108,E0003267,P000183,E78.5,"Hyperlipidemia, unspecified",1,2026-05-21
D0004109,E0003268,P000773,J06.9,"Acute upper respiratory infection, unspecified",1,2026-05-21
D0004110,E0003269,P000807,E11.65,Type 2 diabetes mellitus with hyperglycemia,1,2026-05-21
D0004111,E0003270,P000191,J18.9,"Pneumonia, unspecified organism",1,2026-05-21
D0004112,E0003271,P000224,J18.9,"Pneumonia, unspecified organism",1,2026-05-21
D0004113,E0003272,P000885,Z23,Encounter for immunization,1,2026-05-21
D0004114,E0003273,P000452,Z00.00,Encounter for general adult medical examination without abnormal findings,1,2026-05-21
D0004115,E0003274,P001068,Z00.00,Encounter for general adult medical examination without abnormal findings,1,2026-05-22
D0004116,E0003275,P001215,I10,Essential (primary) hypertension,1,2026-05-22
D0004117,E0003276,P001210,E11.9,Type 2 diabetes mellitus without complications,1,2026-05-22
D0004118,E0003277,P000747,R07.9,"Chest pain, unspecified",1,2026-05-22
D0004119,E0003278,P001209,J45.909,"Unspecified asthma, uncomplicated",1,2026-05-23
D0004120,E0003279,P001268,J18.9,"Pneumonia, unspecified organism",1,2026-05-23
D0004121,E0003279,P001268,I50.9,"Heart failure, unspecified",0,2026-05-23
D0004122,E0003280,P000603,R10.9,Unspecified abdominal pain,1,2026-05-23
D0004123,E0003281,P000440,Z00.00,Encounter for general adult medical examination without abnormal findings,1,2026-05-25
D0004124,E0003282,P000539,J06.9,"Acute upper respiratory infection, unspecified",1,2026-05-25
D0004125,E0003283,P000250,J18.9,"Pneumonia, unspecified organism",1,2026-05-25
D0004126,E0003284,P000311,Z00.00,Encounter for general adult medical examination without abnormal findings,1,2026-05-25
D0004127,E0003285,P000994,I10,Essential (primary) hypertension,1,2026-05-25
D0004128,E0003286,P001348,I21.4,Non-ST elevation (NSTEMI) myocardial infarction,1,2026-05-25
D0004129,E0003287,P000235,N18.9,"Chronic kidney disease, unspecified",1,2026-05-25
D0004130,E0003288,P001372,Z23,Encounter for immunization,1,2026-05-25
D0004131,E0003289,P000688,J18.9,"Pneumonia, unspecified organism",1,2026-05-26
D0004132,E0003290,P000688,J18.9,"Pneumonia, unspecified organism",1,2026-05-26
D0004133,E0003290,P000688,I10,Essential (primary) hypertension,0,2026-05-26
D0004134,E0003291,P000143,I21.4,Non-ST elevation (NSTEMI) myocardial infarction,1,2026-05-26
D0004135,E0003292,P000240,Z00.00,Encounter for general adult medical examination without abnormal findings,1,2026-05-26
D0004136,E0003293,P000342,J06.9,"Acute upper respiratory infection, unspecified",1,2026-05-26
D0004137,E0003294,P001366,I50.9,"Heart failure, unspecified",1,2026-05-26
D0004138,E0003295,P001337,E11.9,Type 2 diabetes mellitus without complications,1,2026-05-26
D0004139,E0003296,P001366,I50.9,"Heart failure, unspecified",1,2026-05-26
D0004140,E0003297,P001047,J06.9,"Acute upper respiratory infection, unspecified",1,2026-05-27
D0004141,E0003298,P000964,N17.9,"Acute kidney failure, unspecified",1,2026-05-27
D0004142,E0003298,P000964,N18.9,"Chronic kidney disease, unspecified",0,2026-05-27
D0004143,E0003298,P000964,I10,Essential (primary) hypertension,0,2026-05-27
D0004144,E0003299,P000428,N39.0,"Urinary tract infection, site not specified",1,2026-05-27
D0004145,E0003300,P000290,Z23,Encounter for immunization,1,2026-05-27
D0004146,E0003301,P000899,I10,Essential (primary) hypertension,1,2026-05-27
D0004147,E0003301,P000899,E11.9,Type 2 diabetes mellitus without complications,0,2026-05-27
D0004148,E0003302,P001304,I50.23,Acute on chronic systolic (congestive) heart failure,1,2026-05-27
D0004149,E0003303,P001377,I10,Essential (primary) hypertension,1,2026-05-27
D0004150,E0003304,P000428,N39.0,"Urinary tract infection, site not specified",1,2026-05-27
D0004151,E0003304,P000428,I50.9,"Heart failure, unspecified",0,2026-05-27
D0004152,E0003304,P000428,N18.9,"Chronic kidney disease, unspecified",0,2026-05-27
D0004153,E0003305,P000135,I21.4,Non-ST elevation (NSTEMI) myocardial infarction,1,2026-05-27
D0004154,E0003306,P000937,I50.22,Chronic systolic (congestive) heart failure,1,2026-05-27
D0004155,E0003307,P000135,I21.4,Non-ST elevation (NSTEMI) myocardial infarction,1,2026-05-28
D0004156,E0003307,P000135,J44.9,"Chronic obstructive pulmonary disease, unspecified",0,2026-05-28
D0004157,E0003307,P000135,I10,Essential (primary) hypertension,0,2026-05-28
D0004158,E0003308,P001109,R07.9,"Chest pain, unspecified",1,2026-05-28
D0004159,E0003309,P000234,E11.9,Type 2 diabetes mellitus without complications,1,2026-05-28
D0004160,E0003310,P000644,Z00.00,Encounter for general adult medical examination without abnormal findings,1,2026-05-28
D0004161,E0003311,P001213,K21.9,Gastro-esophageal reflux disease without esophagitis,1,2026-05-28
D0004162,E0003312,P000546,I10,Essential (primary) hypertension,1,2026-05-28
D0004163,E0003313,P000230,I50.22,Chronic systolic (congestive) heart failure,1,2026-05-28
D0004164,E0003314,P000230,I50.22,Chronic systolic (congestive) heart failure,1,2026-05-28
D0004165,E0003315,P000652,J06.9,"Acute upper respiratory infection, unspecified",1,2026-05-29
D0004166,E0003316,P001329,Z23,Encounter for immunization,1,2026-05-29
D0004167,E0003317,P000110,R10.9,Unspecified abdominal pain,1,2026-05-29
D0004168,E0003318,P000723,J06.9,"Acute upper respiratory infection, unspecified",1,2026-05-29
D0004169,E0003319,P001149,M54.50,"Low back pain, unspecified",1,2026-05-29
D0004170,E0003320,P000882,M54.50,"Low back pain, unspecified",1,2026-05-29
D0004171,E0003321,P001155,I10,Essential (primary) hypertension,1,2026-05-29
D0004172,E0003322,P000656,I50.32,Chronic diastolic (congestive) heart failure,1,2026-05-29
D0004173,E0003323,P000321,E11.65,Type 2 diabetes mellitus with hyperglycemia,1,2026-05-30
D0004174,E0003324,P000321,E11.65,Type 2 diabetes mellitus with hyperglycemia,1,2026-05-30
D0004175,E0003325,P000923,E11.65,Type 2 diabetes mellitus with hyperglycemia,1,2026-05-30
D0004176,E0003326,P001048,N39.0,"Urinary tract infection, site not specified",1,2026-05-31
D0004177,E0003327,P001048,N39.0,"Urinary tract infection, site not specified",1,2026-05-31
D0004178,E0003327,P001048,I50.9,"Heart failure, unspecified",0,2026-05-31
D0004179,E0003328,P001370,A41.9,"Sepsis, unspecified organism",1,2026-05-31
D0004180,E0003329,P000606,M54.50,"Low back pain, unspecified",1,2026-06-01
D0004181,E0003330,P000480,J44.9,"Chronic obstructive pulmonary disease, unspecified",1,2026-06-01
D0004182,E0003331,P000280,Z00.00,Encounter for general adult medical examination without abnormal findings,1,2026-06-01
D0004183,E0003332,P000691,Z00.00,Encounter for general adult medical examination without abnormal findings,1,2026-06-01
D0004184,E0003333,P000396,K92.2,"Gastrointestinal hemorrhage, unspecified",1,2026-06-01
D0004185,E0003334,P001237,I50.9,"Heart failure, unspecified",1,2026-06-01
D0004186,E0003335,P001007,N39.0,"Urinary tract infection, site not specified",1,2026-06-01
D0004187,E0003336,P001110,I10,Essential (primary) hypertension,1,2026-06-01
D0004188,E0003337,P000396,K92.2,"Gastrointestinal hemorrhage, unspecified",1,2026-06-01
D0004189,E0003337,P000396,E78.5,"Hyperlipidemia, unspecified",0,2026-06-01
D0004190,E0003338,P001014,R10.9,Unspecified abdominal pain,1,2026-06-01
D0004191,E0003339,P001311,I50.32,Chronic diastolic (congestive) heart failure,1,2026-06-01
D0004192,E0003340,P000957,E11.65,Type 2 diabetes mellitus with hyperglycemia,1,2026-06-01
D0004193,E0003341,P000957,E11.65,Type 2 diabetes mellitus with hyperglycemia,1,2026-06-01
D0004194,E0003341,P000957,I50.9,"Heart failure, unspecified",0,2026-06-01
D0004195,E0003342,P000210,K21.9,Gastro-esophageal reflux disease without esophagitis,1,2026-06-02
D0004196,E0003343,P000540,I10,Essential (primary) hypertension,1,2026-06-02
D0004197,E0003344,P000973,R07.9,"Chest pain, unspecified",1,2026-06-02
D0004198,E0003345,P001141,I10,Essential (primary) hypertension,1,2026-06-02
D0004199,E0003346,P001355,T14.90XA,"Injury, unspecified, initial encounter",1,2026-06-02
D0004200,E0003347,P000326,N18.9,"Chronic kidney disease, unspecified",1,2026-06-02
D0004201,E0003347,P000326,J44.9,"Chronic obstructive pulmonary disease, unspecified",0,2026-06-02
D0004202,E0003348,P000805,Z00.00,Encounter for general adult medical examination without abnormal findings,1,2026-06-02
D0004203,E0003349,P000760,R10.9,Unspecified abdominal pain,1,2026-06-02
D0004204,E0003350,P000922,E11.65,Type 2 diabetes mellitus with hyperglycemia,1,2026-06-03
D0004205,E0003351,P000719,J44.9,"Chronic obstructive pulmonary disease, unspecified",1,2026-06-03
D0004206,E0003352,P001299,Z23,Encounter for immunization,1,2026-06-03
D0004207,E0003353,P000190,J06.9,"Acute upper respiratory infection, unspecified",1,2026-06-03
D0004208,E0003354,P000428,N39.0,"Urinary tract infection, site not specified",1,2026-06-03
D0004209,E0003355,P000931,I21.4,Non-ST elevation (NSTEMI) myocardial infarction,1,2026-06-03
D0004210,E0003356,P000931,I21.4,Non-ST elevation (NSTEMI) myocardial infarction,1,2026-06-03
D0004211,E0003356,P000931,E78.5,"Hyperlipidemia, unspecified",0,2026-06-03
D0004212,E0003357,P000140,J18.9,"Pneumonia, unspecified organism",1,2026-06-03
D0004213,E0003357,P000140,I10,Essential (primary) hypertension,0,2026-06-03
D0004214,E0003358,P000817,I50.22,Chronic systolic (congestive) heart failure,1,2026-06-04
D0004215,E0003359,P000817,I50.22,Chronic systolic (congestive) heart failure,1,2026-06-04
D0004216,E0003359,P000817,I10,Essential (primary) hypertension,0,2026-06-04
D0004217,E0003360,P000757,N17.9,"Acute kidney failure, unspecified",1,2026-06-04
D0004218,E0003361,P000627,J06.9,"Acute upper respiratory infection, unspecified",1,2026-06-04
D0004219,E0003362,P000099,I10,Essential (primary) hypertension,1,2026-06-04
D0004220,E0003363,P000757,N17.9,"Acute kidney failure, unspecified",1,2026-06-04
D0004221,E0003363,P000757,N18.9,"Chronic kidney disease, unspecified",0,2026-06-04
D0004222,E0003364,P001133,Z00.00,Encounter for general adult medical examination without abnormal findings,1,2026-06-04
D0004223,E0003365,P000428,N39.0,"Urinary tract infection, site not specified",1,2026-06-04
D0004224,E0003365,P000428,I50.9,"Heart failure, unspecified",0,2026-06-04
D0004225,E0003365,P000428,N18.9,"Chronic kidney disease, unspecified",0,2026-06-04
D0004226,E0003366,P001304,I50.9,"Heart failure, unspecified",1,2026-06-04
D0004227,E0003367,P000643,J45.909,"Unspecified asthma, uncomplicated",1,2026-06-04
D0004228,E0003368,P001129,J44.1,Chronic obstructive pulmonary disease with (acute) exacerbation,1,2026-06-05
D0004229,E0003369,P000118,Z23,Encounter for immunization,1,2026-06-05
D0004230,E0003370,P000011,R07.9,"Chest pain, unspecified",1,2026-06-05
D0004231,E0003371,P001159,I10,Essential (primary) hypertension,1,2026-06-05
D0004232,E0003372,P000481,I50.9,"Heart failure, unspecified",1,2026-06-05
D0004233,E0003373,P001129,J44.1,Chronic obstructive pulmonary disease with (acute) exacerbation,1,2026-06-05
D0004234,E0003373,P001129,N18.9,"Chronic kidney disease, unspecified",0,2026-06-05
D0004235,E0003373,P001129,I10,Essential (primary) hypertension,0,2026-06-05
D0004236,E0003374,P000347,M54.50,"Low back pain, unspecified",1,2026-06-05
D0004237,E0003375,P000633,E78.5,"Hyperlipidemia, unspecified",1,2026-06-05
D0004238,E0003376,P000923,N39.0,"Urinary tract infection, site not specified",1,2026-06-05
D0004239,E0003377,P000127,Z00.00,Encounter for general adult medical examination without abnormal findings,1,2026-06-05
D0004240,E0003378,P001268,I50.9,"Heart failure, unspecified",1,2026-06-05
D0004241,E0003378,P001268,I10,Essential (primary) hypertension,0,2026-06-05
D0004242,E0003379,P000923,N39.0,"Urinary tract infection, site not specified",1,2026-06-05
D0004243,E0003380,P000067,K92.2,"Gastrointestinal hemorrhage, unspecified",1,2026-06-06
D0004244,E0003381,P000067,K92.2,"Gastrointestinal hemorrhage, unspecified",1,2026-06-06
D0004245,E0003381,P000067,E11.9,Type 2 diabetes mellitus without complications,0,2026-06-06
D0004246,E0003381,P000067,E78.5,"Hyperlipidemia, unspecified",0,2026-06-06
D0004247,E0003382,P001348,J06.9,"Acute upper respiratory infection, unspecified",1,2026-06-06
D0004248,E0003383,P000782,I50.23,Acute on chronic systolic (congestive) heart failure,1,2026-06-06
D0004249,E0003384,P000885,R07.9,"Chest pain, unspecified",1,2026-06-06
D0004250,E0003385,P001083,N39.0,"Urinary tract infection, site not specified",1,2026-06-06
D0004251,E0003386,P001083,N39.0,"Urinary tract infection, site not specified",1,2026-06-06
D0004252,E0003387,P000416,J45.909,"Unspecified asthma, uncomplicated",1,2026-06-07
D0004253,E0003387,P000416,J44.9,"Chronic obstructive pulmonary disease, unspecified",0,2026-06-07
D0004254,E0003388,P001332,I21.4,Non-ST elevation (NSTEMI) myocardial infarction,1,2026-06-07
D0004255,E0003389,P001332,I21.4,Non-ST elevation (NSTEMI) myocardial infarction,1,2026-06-07
D0004256,E0003390,P001254,I50.22,Chronic systolic (congestive) heart failure,1,2026-06-08
D0004257,E0003391,P000596,J06.9,"Acute upper respiratory infection, unspecified",1,2026-06-08
D0004258,E0003392,P001254,I50.22,Chronic systolic (congestive) heart failure,1,2026-06-08
D0004259,E0003393,P000445,N18.9,"Chronic kidney disease, unspecified",1,2026-06-08
D0004260,E0003394,P001036,E78.5,"Hyperlipidemia, unspecified",1,2026-06-08
D0004261,E0003395,P000080,E78.5,"Hyperlipidemia, unspecified",1,2026-06-08
D0004262,E0003396,P000652,Z23,Encounter for immunization,1,2026-06-08
D0004263,E0003397,P000946,I10,Essential (primary) hypertension,1,2026-06-08
D0004264,E0003397,P000946,J44.9,"Chronic obstructive pulmonary disease, unspecified",0,2026-06-08
D0004265,E0003398,P001175,I50.9,"Heart failure, unspecified",1,2026-06-08
D0004266,E0003399,P000661,I10,Essential (primary) hypertension,1,2026-06-08
D0004267,E0003400,P000762,I10,Essential (primary) hypertension,1,2026-06-09
D0004268,E0003401,P000917,I10,Essential (primary) hypertension,1,2026-06-09
D0004269,E0003402,P000283,Z00.00,Encounter for general adult medical examination without abnormal findings,1,2026-06-09
D0004270,E0003403,P001176,Z00.00,Encounter for general adult medical examination without abnormal findings,1,2026-06-09
D0004271,E0003404,P001201,E11.65,Type 2 diabetes mellitus with hyperglycemia,1,2026-06-10
D0004272,E0003405,P000451,I10,Essential (primary) hypertension,1,2026-06-10
D0004273,E0003406,P000326,N39.0,"Urinary tract infection, site not specified",1,2026-06-10
D0004274,E0003407,P001201,E11.65,Type 2 diabetes mellitus with hyperglycemia,1,2026-06-10
D0004275,E0003407,P001201,I50.9,"Heart failure, unspecified",0,2026-06-10
D0004276,E0003408,P000683,I10,Essential (primary) hypertension,1,2026-06-10
D0004277,E0003409,P001151,J45.909,"Unspecified asthma, uncomplicated",1,2026-06-10
D0004278,E0003410,P000434,J44.9,"Chronic obstructive pulmonary disease, unspecified",1,2026-06-10
D0004279,E0003411,P000011,I50.9,"Heart failure, unspecified",1,2026-06-10
D0004280,E0003412,P000130,R10.9,Unspecified abdominal pain,1,2026-06-10
D0004281,E0003413,P001387,Z23,Encounter for immunization,1,2026-06-10
D0004282,E0003414,P000831,M54.50,"Low back pain, unspecified",1,2026-06-11
D0004283,E0003415,P000439,I50.22,Chronic systolic (congestive) heart failure,1,2026-06-11
D0004284,E0003416,P001326,I50.22,Chronic systolic (congestive) heart failure,1,2026-06-11
D0004285,E0003417,P000388,Z23,Encounter for immunization,1,2026-06-11
D0004286,E0003418,P001238,Z00.00,Encounter for general adult medical examination without abnormal findings,1,2026-06-11
D0004287,E0003419,P000467,M54.50,"Low back pain, unspecified",1,2026-06-11
D0004288,E0003420,P000169,I10,Essential (primary) hypertension,1,2026-06-11
D0004289,E0003421,P000551,I10,Essential (primary) hypertension,1,2026-06-11
D0004290,E0003422,P000017,J06.9,"Acute upper respiratory infection, unspecified",1,2026-06-11
D0004291,E0003423,P000968,E11.65,Type 2 diabetes mellitus with hyperglycemia,1,2026-06-11
D0004292,E0003424,P000140,J18.9,"Pneumonia, unspecified organism",1,2026-06-12
D0004293,E0003425,P000428,N18.9,"Chronic kidney disease, unspecified",1,2026-06-12
D0004294,E0003425,P000428,I10,Essential (primary) hypertension,0,2026-06-12
D0004295,E0003426,P001083,N39.0,"Urinary tract infection, site not specified",1,2026-06-12
D0004296,E0003427,P001247,I10,Essential (primary) hypertension,1,2026-06-12
D0004297,E0003428,P001397,Z00.00,Encounter for general adult medical examination without abnormal findings,1,2026-06-12
D0004298,E0003429,P000774,M54.50,"Low back pain, unspecified",1,2026-06-12
D0004299,E0003430,P001279,E11.65,Type 2 diabetes mellitus with hyperglycemia,1,2026-06-12
D0004300,E0003431,P001134,I10,Essential (primary) hypertension,1,2026-06-12
D0004301,E0003432,P000847,I50.32,Chronic diastolic (congestive) heart failure,1,2026-06-13
D0004302,E0003432,P000847,N18.9,"Chronic kidney disease, unspecified",0,2026-06-13
D0004303,E0003432,P000847,I10,Essential (primary) hypertension,0,2026-06-13
D0004304,E0003433,P001083,N39.0,"Urinary tract infection, site not specified",1,2026-06-14
D0004305,E0003434,P001083,N39.0,"Urinary tract infection, site not specified",1,2026-06-14
D0004306,E0003435,P000198,R10.9,Unspecified abdominal pain,1,2026-06-14
D0004307,E0003436,P000428,I50.22,Chronic systolic (congestive) heart failure,1,2026-06-15
D0004308,E0003437,P000428,I50.22,Chronic systolic (congestive) heart failure,1,2026-06-15
D0004309,E0003437,P000428,N18.9,"Chronic kidney disease, unspecified",0,2026-06-15
D0004310,E0003438,P000176,Z00.00,Encounter for general adult medical examination without abnormal findings,1,2026-06-15
D0004311,E0003439,P000947,M54.50,"Low back pain, unspecified",1,2026-06-15
D0004312,E0003440,P001201,E11.65,Type 2 diabetes mellitus with hyperglycemia,1,2026-06-15
D0004313,E0003441,P000497,N39.0,"Urinary tract infection, site not specified",1,2026-06-15
D0004314,E0003442,P001331,R07.9,"Chest pain, unspecified",1,2026-06-15
D0004315,E0003443,P001245,J45.909,"Unspecified asthma, uncomplicated",1,2026-06-15
D0004316,E0003444,P001245,Z00.00,Encounter for general adult medical examination without abnormal findings,1,2026-06-15
D0004317,E0003445,P001332,I21.4,Non-ST elevation (NSTEMI) myocardial infarction,1,2026-06-15
D0004318,E0003446,P000384,I10,Essential (primary) hypertension,1,2026-06-15
D0004319,E0003447,P000129,I10,Essential (primary) hypertension,1,2026-06-15
D0004320,E0003448,P001149,N39.0,"Urinary tract infection, site not specified",1,2026-06-15
D0004321,E0003449,P000874,A41.9,"Sepsis, unspecified organism",1,2026-06-15
D0004322,E0003449,P000874,I50.9,"Heart failure, unspecified",0,2026-06-15
D0004323,E0003449,P000874,N18.9,"Chronic kidney disease, unspecified",0,2026-06-15
D0004324,E0003450,P000715,I10,Essential (primary) hypertension,1,2026-06-16
D0004325,E0003451,P001236,I50.9,"Heart failure, unspecified",1,2026-06-16
D0004326,E0003452,P001247,Z00.00,Encounter for general adult medical examination without abnormal findings,1,2026-06-16
D0004327,E0003453,P001179,I10,Essential (primary) hypertension,1,2026-06-16
D0004328,E0003454,P000622,T14.90XA,"Injury, unspecified, initial encounter",1,2026-06-16
D0004329,E0003455,P000362,E11.9,Type 2 diabetes mellitus without complications,1,2026-06-16
D0004330,E0003456,P001254,I50.32,Chronic diastolic (congestive) heart failure,1,2026-06-16
D0004331,E0003457,P000767,Z23,Encounter for immunization,1,2026-06-16
D0004332,E0003458,P000265,I50.9,"Heart failure, unspecified",1,2026-06-16
D0004333,E0003459,P001071,Z23,Encounter for immunization,1,2026-06-17
D0004334,E0003460,P000396,K92.2,"Gastrointestinal hemorrhage, unspecified",1,2026-06-17
D0004335,E0003461,P000185,J44.9,"Chronic obstructive pulmonary disease, unspecified",1,2026-06-17
D0004336,E0003462,P000143,E11.65,Type 2 diabetes mellitus with hyperglycemia,1,2026-06-17
D0004337,E0003463,P001311,I50.22,Chronic systolic (congestive) heart failure,1,2026-06-17
D0004338,E0003464,P000654,I10,Essential (primary) hypertension,1,2026-06-17
D0004339,E0003465,P001247,N39.0,"Urinary tract infection, site not specified",1,2026-06-17
D0004340,E0003465,P001247,I50.9,"Heart failure, unspecified",0,2026-06-17
D0004341,E0003465,P001247,N18.9,"Chronic kidney disease, unspecified",0,2026-06-17
D0004342,E0003466,P000624,J06.9,"Acute upper respiratory infection, unspecified",1,2026-06-17
D0004343,E0003467,P000656,E11.65,Type 2 diabetes mellitus with hyperglycemia,1,2026-06-17
D0004344,E0003467,P000656,I50.9,"Heart failure, unspecified",0,2026-06-17
D0004345,E0003468,P001300,N17.9,"Acute kidney failure, unspecified",1,2026-06-17
D0004346,E0003468,P001300,E11.9,Type 2 diabetes mellitus without complications,0,2026-06-17
D0004347,E0003469,P000860,N39.0,"Urinary tract infection, site not specified",1,2026-06-17
D0004348,E0003470,P000860,N39.0,"Urinary tract infection, site not specified",1,2026-06-18
D0004349,E0003470,P000860,E78.5,"Hyperlipidemia, unspecified",0,2026-06-18
D0004350,E0003471,P000905,I10,Essential (primary) hypertension,1,2026-06-18
D0004351,E0003472,P000592,N18.9,"Chronic kidney disease, unspecified",1,2026-06-18
D0004352,E0003473,P000812,T14.90XA,"Injury, unspecified, initial encounter",1,2026-06-18
D0004353,E0003474,P000750,I10,Essential (primary) hypertension,1,2026-06-19
D0004354,E0003475,P000318,R10.9,Unspecified abdominal pain,1,2026-06-19
D0004355,E0003476,P000321,E11.65,Type 2 diabetes mellitus with hyperglycemia,1,2026-06-19
D0004356,E0003477,P000301,J45.909,"Unspecified asthma, uncomplicated",1,2026-06-19
D0004357,E0003478,P000437,N18.9,"Chronic kidney disease, unspecified",1,2026-06-19
D0004358,E0003479,P000753,N39.0,"Urinary tract infection, site not specified",1,2026-06-19
D0004359,E0003480,P000964,N17.9,"Acute kidney failure, unspecified",1,2026-06-19
D0004360,E0003481,P001083,N39.0,"Urinary tract infection, site not specified",1,2026-06-19
D0004361,E0003482,P000386,N39.0,"Urinary tract infection, site not specified",1,2026-06-20
D0004362,E0003482,P000386,I10,Essential (primary) hypertension,0,2026-06-20
D0004363,E0003483,P000931,I21.4,Non-ST elevation (NSTEMI) myocardial infarction,1,2026-06-22
D0004364,E0003484,P000013,Z00.00,Encounter for general adult medical examination without abnormal findings,1,2026-06-22
D0004365,E0003485,P000681,Z00.00,Encounter for general adult medical examination without abnormal findings,1,2026-06-22
D0004366,E0003486,P000056,Z00.00,Encounter for general adult medical examination without abnormal findings,1,2026-06-22
D0004367,E0003487,P000201,N18.9,"Chronic kidney disease, unspecified",1,2026-06-22
D0004368,E0003488,P000915,J18.9,"Pneumonia, unspecified organism",1,2026-06-22
D0004369,E0003488,P000915,E11.9,Type 2 diabetes mellitus without complications,0,2026-06-22
D0004370,E0003489,P000683,Z00.00,Encounter for general adult medical examination without abnormal findings,1,2026-06-22
D0004371,E0003490,P000390,Z23,Encounter for immunization,1,2026-06-22
D0004372,E0003491,P000482,E78.5,"Hyperlipidemia, unspecified",1,2026-06-23
D0004373,E0003492,P001274,Z00.00,Encounter for general adult medical examination without abnormal findings,1,2026-06-23
D0004374,E0003493,P000438,I50.23,Acute on chronic systolic (congestive) heart failure,1,2026-06-23
D0004375,E0003493,P000438,E11.9,Type 2 diabetes mellitus without complications,0,2026-06-23
D0004376,E0003493,P000438,I10,Essential (primary) hypertension,0,2026-06-23
D0004377,E0003494,P000839,J06.9,"Acute upper respiratory infection, unspecified",1,2026-06-23
D0004378,E0003495,P000818,I10,Essential (primary) hypertension,1,2026-06-23
D0004379,E0003496,P000298,Z00.00,Encounter for general adult medical examination without abnormal findings,1,2026-06-23
D0004380,E0003497,P001233,J06.9,"Acute upper respiratory infection, unspecified",1,2026-06-23
D0004381,E0003498,P000050,N39.0,"Urinary tract infection, site not specified",1,2026-06-24
D0004382,E0003499,P000137,I50.9,"Heart failure, unspecified",1,2026-06-24
D0004383,E0003499,P000137,J44.9,"Chronic obstructive pulmonary disease, unspecified",0,2026-06-24
D0004384,E0003500,P000730,R10.9,Unspecified abdominal pain,1,2026-06-24
D0004385,E0003501,P001097,E78.5,"Hyperlipidemia, unspecified",1,2026-06-24
D0004386,E0003502,P001127,N17.9,"Acute kidney failure, unspecified",1,2026-06-24
D0004387,E0003502,P001127,N18.9,"Chronic kidney disease, unspecified",0,2026-06-24
D0004388,E0003503,P000558,I50.32,Chronic diastolic (congestive) heart failure,1,2026-06-24
D0004389,E0003503,P000558,E11.9,Type 2 diabetes mellitus without complications,0,2026-06-24
D0004390,E0003504,P001370,N18.9,"Chronic kidney disease, unspecified",1,2026-06-24
D0004391,E0003505,P000927,J44.9,"Chronic obstructive pulmonary disease, unspecified",1,2026-06-24
D0004392,E0003506,P000871,Z00.00,Encounter for general adult medical examination without abnormal findings,1,2026-06-24
D0004393,E0003507,P000143,J06.9,"Acute upper respiratory infection, unspecified",1,2026-06-24
D0004394,E0003508,P001247,N39.0,"Urinary tract infection, site not specified",1,2026-06-24
D0004395,E0003509,P000094,Z00.00,Encounter for general adult medical examination without abnormal findings,1,2026-06-24
D0004396,E0003510,P001304,I50.32,Chronic diastolic (congestive) heart failure,1,2026-06-24
D0004397,E0003511,P000456,Z23,Encounter for immunization,1,2026-06-24
D0004398,E0003512,P000230,I50.22,Chronic systolic (congestive) heart failure,1,2026-06-24
D0004399,E0003512,P000230,I10,Essential (primary) hypertension,0,2026-06-24
D0004400,E0003513,P000481,J44.1,Chronic obstructive pulmonary disease with (acute) exacerbation,1,2026-06-24
D0004401,E0003514,P000686,Z23,Encounter for immunization,1,2026-06-25
D0004402,E0003515,P001272,I10,Essential (primary) hypertension,1,2026-06-25
D0004403,E0003516,P000396,K92.2,"Gastrointestinal hemorrhage, unspecified",1,2026-06-25
D0004404,E0003517,P000155,E11.9,Type 2 diabetes mellitus without complications,1,2026-06-25
D0004405,E0003518,P000193,N39.0,"Urinary tract infection, site not specified",1,2026-06-25
D0004406,E0003519,P000099,Z00.00,Encounter for general adult medical examination without abnormal findings,1,2026-06-25
D0004407,E0003520,P000428,I50.9,"Heart failure, unspecified",1,2026-06-25
D0004408,E0003521,P000645,Z00.00,Encounter for general adult medical examination without abnormal findings,1,2026-06-25
D0004409,E0003522,P000592,J44.1,Chronic obstructive pulmonary disease with (acute) exacerbation,1,2026-06-25
D0004410,E0003522,P000592,N18.9,"Chronic kidney disease, unspecified",0,2026-06-25
D0004411,E0003522,P000592,E78.5,"Hyperlipidemia, unspecified",0,2026-06-25
D0004412,E0003523,P001129,R07.9,"Chest pain, unspecified",1,2026-06-25
D0004413,E0003523,P001129,J44.9,"Chronic obstructive pulmonary disease, unspecified",0,2026-06-25
D0004414,E0003523,P001129,E11.9,Type 2 diabetes mellitus without complications,0,2026-06-25
D0004415,E0003524,P000032,N39.0,"Urinary tract infection, site not specified",1,2026-06-26
D0004416,E0003525,P000847,I21.4,Non-ST elevation (NSTEMI) myocardial infarction,1,2026-06-26
D0004417,E0003526,P000118,N39.0,"Urinary tract infection, site not specified",1,2026-06-26
D0004418,E0003527,P000847,I21.4,Non-ST elevation (NSTEMI) myocardial infarction,1,2026-06-26
D0004419,E0003527,P000847,I50.9,"Heart failure, unspecified",0,2026-06-26
D0004420,E0003527,P000847,N18.9,"Chronic kidney disease, unspecified",0,2026-06-26
D0004421,E0003528,P000620,A41.9,"Sepsis, unspecified organism",1,2026-06-26
D0004422,E0003529,P000032,N39.0,"Urinary tract infection, site not specified",1,2026-06-26
D0004423,E0003529,P000032,E78.5,"Hyperlipidemia, unspecified",0,2026-06-26
D0004424,E0003530,P000923,N39.0,"Urinary tract infection, site not specified",1,2026-06-26
D0004425,E0003531,P001058,Z23,Encounter for immunization,1,2026-06-26
D0004426,E0003532,P000620,A41.9,"Sepsis, unspecified organism",1,2026-06-26
D0004427,E0003533,P001328,Z00.00,Encounter for general adult medical examination without abnormal findings,1,2026-06-26
D0004428,E0003534,P000970,J18.9,"Pneumonia, unspecified organism",1,2026-06-27
D0004429,E0003535,P000970,J18.9,"Pneumonia, unspecified organism",1,2026-06-27
D0004430,E0003535,P000970,I50.9,"Heart failure, unspecified",0,2026-06-27
D0004431,E0003535,P000970,N18.9,"Chronic kidney disease, unspecified",0,2026-06-27
D0004432,E0003536,P001359,I50.9,"Heart failure, unspecified",1,2026-06-28
D0004433,E0003537,P000520,J44.1,Chronic obstructive pulmonary disease with (acute) exacerbation,1,2026-06-29
D0004434,E0003538,P000632,I50.22,Chronic systolic (congestive) heart failure,1,2026-06-29
D0004435,E0003539,P000683,I10,Essential (primary) hypertension,1,2026-06-29
D0004436,E0003540,P000520,J44.1,Chronic obstructive pulmonary disease with (acute) exacerbation,1,2026-06-29
D0004437,E0003541,P000137,J44.9,"Chronic obstructive pulmonary disease, unspecified",1,2026-06-29
D0004438,E0003541,P000137,I10,Essential (primary) hypertension,0,2026-06-29
D0004439,E0003542,P000071,Z23,Encounter for immunization,1,2026-06-29
D0004440,E0003543,P000757,N17.9,"Acute kidney failure, unspecified",1,2026-06-29
D0004441,E0003544,P001217,I50.9,"Heart failure, unspecified",1,2026-06-29
D0004442,E0003545,P001175,I50.9,"Heart failure, unspecified",1,2026-06-29
D0004443,E0003546,P001217,I50.9,"Heart failure, unspecified",1,2026-06-29
D0004444,E0003546,P001217,I10,Essential (primary) hypertension,0,2026-06-29
D0004445,E0003547,P000312,J06.9,"Acute upper respiratory infection, unspecified",1,2026-06-29
D0004446,E0003548,P000476,Z23,Encounter for immunization,1,2026-06-29
D0004447,E0003549,P001018,J06.9,"Acute upper respiratory infection, unspecified",1,2026-06-29
D0004448,E0003550,P000976,I50.9,"Heart failure, unspecified",1,2026-06-29
D0004449,E0003551,P000742,I21.4,Non-ST elevation (NSTEMI) myocardial infarction,1,2026-06-30
D0004450,E0003552,P000874,A41.9,"Sepsis, unspecified organism",1,2026-06-30
D0004451,E0003553,P000012,E78.5,"Hyperlipidemia, unspecified",1,2026-06-30
D0004452,E0003554,P000083,I50.9,"Heart failure, unspecified",1,2026-06-30
D0004453,E0003555,P001336,E11.9,Type 2 diabetes mellitus without complications,1,2026-06-30
D0004454,E0003556,P000367,E11.9,Type 2 diabetes mellitus without complications,1,2026-06-30
D0004455,E0003557,P001062,Z00.00,Encounter for general adult medical examination without abnormal findings,1,2026-07-01
D0004456,E0003558,P000658,J06.9,"Acute upper respiratory infection, unspecified",1,2026-07-01
D0004457,E0003559,P000876,M54.50,"Low back pain, unspecified",1,2026-07-01
D0004458,E0003560,P000830,I50.9,"Heart failure, unspecified",1,2026-07-01
D0004459,E0003560,P000830,J44.9,"Chronic obstructive pulmonary disease, unspecified",0,2026-07-01
D0004460,E0003560,P000830,I10,Essential (primary) hypertension,0,2026-07-01
D0004461,E0003561,P000826,Z00.00,Encounter for general adult medical examination without abnormal findings,1,2026-07-01
D0004462,E0003562,P000915,J18.9,"Pneumonia, unspecified organism",1,2026-07-01
D0004463,E0003563,P001150,I10,Essential (primary) hypertension,1,2026-07-01
D0004464,E0003564,P000358,Z00.00,Encounter for general adult medical examination without abnormal findings,1,2026-07-01
D0004465,E0003565,P001370,T14.90XA,"Injury, unspecified, initial encounter",1,2026-07-01
D0004466,E0003566,P000165,R10.9,Unspecified abdominal pain,1,2026-07-01
D0004467,E0003567,P000749,Z00.00,Encounter for general adult medical examination without abnormal findings,1,2026-07-02
D0004468,E0003568,P000949,I50.9,"Heart failure, unspecified",1,2026-07-02
D0004469,E0003569,P000890,I10,Essential (primary) hypertension,1,2026-07-02
D0004470,E0003570,P000230,I50.22,Chronic systolic (congestive) heart failure,1,2026-07-02
D0004471,E0003571,P000032,N39.0,"Urinary tract infection, site not specified",1,2026-07-02
D0004472,E0003572,P000847,I50.9,"Heart failure, unspecified",1,2026-07-02
D0004473,E0003573,P000994,M54.50,"Low back pain, unspecified",1,2026-07-03
D0004474,E0003574,P000438,I50.22,Chronic systolic (congestive) heart failure,1,2026-07-03
D0004475,E0003575,P001356,Z00.00,Encounter for general adult medical examination without abnormal findings,1,2026-07-03
D0004476,E0003576,P000860,N39.0,"Urinary tract infection, site not specified",1,2026-07-03
D0004477,E0003577,P001129,J44.1,Chronic obstructive pulmonary disease with (acute) exacerbation,1,2026-07-03
D0004478,E0003578,P000927,J44.9,"Chronic obstructive pulmonary disease, unspecified",1,2026-07-03
D0004479,E0003579,P000282,Z00.00,Encounter for general adult medical examination without abnormal findings,1,2026-07-03
D0004480,E0003580,P000265,I50.23,Acute on chronic systolic (congestive) heart failure,1,2026-07-04
D0004481,E0003581,P001245,I21.4,Non-ST elevation (NSTEMI) myocardial infarction,1,2026-07-05
D0004482,E0003581,P001245,I10,Essential (primary) hypertension,0,2026-07-05
D0004483,E0003582,P001310,J18.9,"Pneumonia, unspecified organism",1,2026-07-05
D0004484,E0003582,P001310,E11.9,Type 2 diabetes mellitus without complications,0,2026-07-05
D0004485,E0003582,P001310,N18.9,"Chronic kidney disease, unspecified",0,2026-07-05
D0004486,E0003583,P001006,Z00.00,Encounter for general adult medical examination without abnormal findings,1,2026-07-06
D0004487,E0003584,P001392,N39.0,"Urinary tract infection, site not specified",1,2026-07-06
D0004488,E0003585,P001175,I10,Essential (primary) hypertension,1,2026-07-06
D0004489,E0003586,P000976,I50.9,"Heart failure, unspecified",1,2026-07-06
D0004490,E0003587,P001129,R07.9,"Chest pain, unspecified",1,2026-07-06
D0004491,E0003588,P000980,Z23,Encounter for immunization,1,2026-07-06
D0004492,E0003589,P000217,J44.1,Chronic obstructive pulmonary disease with (acute) exacerbation,1,2026-07-06
D0004493,E0003590,P001300,N17.9,"Acute kidney failure, unspecified",1,2026-07-06
D0004494,E0003591,P001359,I50.32,Chronic diastolic (congestive) heart failure,1,2026-07-06
D0004495,E0003592,P000757,J18.9,"Pneumonia, unspecified organism",1,2026-07-06
D0004496,E0003592,P000757,N18.9,"Chronic kidney disease, unspecified",0,2026-07-06
D0004497,E0003593,P000289,M54.50,"Low back pain, unspecified",1,2026-07-07
D0004498,E0003594,P000310,I50.22,Chronic systolic (congestive) heart failure,1,2026-07-07
D0004499,E0003595,P001264,I10,Essential (primary) hypertension,1,2026-07-07
D0004500,E0003596,P000304,R55,Syncope and collapse,1,2026-07-08
D0004501,E0003597,P000260,I10,Essential (primary) hypertension,1,2026-07-08
D0004502,E0003598,P000620,A41.9,"Sepsis, unspecified organism",1,2026-07-08
D0004503,E0003599,P000847,I21.4,Non-ST elevation (NSTEMI) myocardial infarction,1,2026-07-08
D0004504,E0003600,P000520,J44.9,"Chronic obstructive pulmonary disease, unspecified",1,2026-07-08
D0004505,E0003601,P001164,E78.5,"Hyperlipidemia, unspecified",1,2026-07-08
D0004506,E0003602,P000342,J18.9,"Pneumonia, unspecified organism",1,2026-07-08
D0004507,E0003603,P000643,J44.9,"Chronic obstructive pulmonary disease, unspecified",1,2026-07-08
D0004508,E0003604,P000601,Z23,Encounter for immunization,1,2026-07-08
D0004509,E0003605,P000345,I50.9,"Heart failure, unspecified",1,2026-07-08
D0004510,E0003606,P001287,N39.0,"Urinary tract infection, site not specified",1,2026-07-08
D0004511,E0003607,P000342,J18.9,"Pneumonia, unspecified organism",1,2026-07-08
D0004512,E0003607,P000342,I50.9,"Heart failure, unspecified",0,2026-07-08
D0004513,E0003607,P000342,N18.9,"Chronic kidney disease, unspecified",0,2026-07-08
D0004514,E0003608,P001287,N39.0,"Urinary tract infection, site not specified",1,2026-07-08
D0004515,E0003608,P001287,N18.9,"Chronic kidney disease, unspecified",0,2026-07-08
D0004516,E0003608,P001287,I10,Essential (primary) hypertension,0,2026-07-08
D0004517,E0003609,P000933,I10,Essential (primary) hypertension,1,2026-07-09
D0004518,E0003610,P000142,Z23,Encounter for immunization,1,2026-07-09
D0004519,E0003611,P000933,I10,Essential (primary) hypertension,1,2026-07-09
D0004520,E0003612,P000325,M54.50,"Low back pain, unspecified",1,2026-07-09
D0004521,E0003613,P000332,I10,Essential (primary) hypertension,1,2026-07-09
D0004522,E0003614,P000546,M54.50,"Low back pain, unspecified",1,2026-07-09
D0004523,E0003615,P000634,Z00.00,Encounter for general adult medical examination without abnormal findings,1,2026-07-09
D0004524,E0003616,P000345,J06.9,"Acute upper respiratory infection, unspecified",1,2026-07-09
D0004525,E0003617,P000184,N39.0,"Urinary tract infection, site not specified",1,2026-07-10
D0004526,E0003618,P000299,Z00.00,Encounter for general adult medical examination without abnormal findings,1,2026-07-10
D0004527,E0003619,P000592,J44.9,"Chronic obstructive pulmonary disease, unspecified",1,2026-07-10
D0004528,E0003620,P000137,J45.909,"Unspecified asthma, uncomplicated",1,2026-07-10
D0004529,E0003621,P001394,J06.9,"Acute upper respiratory infection, unspecified",1,2026-07-10
D0004530,E0003622,P000825,I10,Essential (primary) hypertension,1,2026-07-10
D0004531,E0003623,P000354,N18.9,"Chronic kidney disease, unspecified",1,2026-07-10
D0004532,E0003624,P000448,K92.2,"Gastrointestinal hemorrhage, unspecified",1,2026-07-10
D0004533,E0003624,P000448,E11.9,Type 2 diabetes mellitus without complications,0,2026-07-10
D0004534,E0003624,P000448,N18.9,"Chronic kidney disease, unspecified",0,2026-07-10
D0004535,E0003625,P000310,I50.23,Acute on chronic systolic (congestive) heart failure,1,2026-07-12
D0004536,E0003626,P000217,J18.9,"Pneumonia, unspecified organism",1,2026-07-12
D0004537,E0003627,P000655,T14.90XA,"Injury, unspecified, initial encounter",1,2026-07-12
D0004538,E0003628,P000217,J18.9,"Pneumonia, unspecified organism",1,2026-07-12
D0004539,E0003628,P000217,J44.9,"Chronic obstructive pulmonary disease, unspecified",0,2026-07-12
D0004540,E0003628,P000217,E11.9,Type 2 diabetes mellitus without complications,0,2026-07-12
D0004541,E0003629,P000688,I50.23,Acute on chronic systolic (congestive) heart failure,1,2026-07-13
D0004542,E0003630,P000688,I50.23,Acute on chronic systolic (congestive) heart failure,1,2026-07-13
D0004543,E0003630,P000688,I10,Essential (primary) hypertension,0,2026-07-13
D0004544,E0003631,P000632,I50.9,"Heart failure, unspecified",1,2026-07-13
D0004545,E0003632,P001053,E11.65,Type 2 diabetes mellitus with hyperglycemia,1,2026-07-13
D0004546,E0003633,P000321,E11.65,Type 2 diabetes mellitus with hyperglycemia,1,2026-07-13
D0004547,E0003634,P000775,M54.50,"Low back pain, unspecified",1,2026-07-13
D0004548,E0003635,P000587,I50.32,Chronic diastolic (congestive) heart failure,1,2026-07-13
D0004549,E0003636,P001372,Z00.00,Encounter for general adult medical examination without abnormal findings,1,2026-07-13
D0004550,E0003637,P000304,R55,Syncope and collapse,1,2026-07-13
D0004551,E0003638,P000321,E11.65,Type 2 diabetes mellitus with hyperglycemia,1,2026-07-13
D0004552,E0003639,P000414,A41.9,"Sepsis, unspecified organism",1,2026-07-14
D0004553,E0003640,P000414,A41.9,"Sepsis, unspecified organism",1,2026-07-14
D0004554,E0003640,P000414,I10,Essential (primary) hypertension,0,2026-07-14
D0004555,E0003641,P001310,J18.9,"Pneumonia, unspecified organism",1,2026-07-14
D0004556,E0003642,P000286,N18.9,"Chronic kidney disease, unspecified",1,2026-07-14
D0004557,E0003642,P000286,I10,Essential (primary) hypertension,0,2026-07-14
D0004558,E0003643,P000874,R10.9,Unspecified abdominal pain,1,2026-07-14
D0004559,E0003644,P001011,I48.91,Unspecified atrial fibrillation,1,2026-07-14
D0004560,E0003644,P001011,I50.9,"Heart failure, unspecified",0,2026-07-14
D0004561,E0003644,P001011,J44.9,"Chronic obstructive pulmonary disease, unspecified",0,2026-07-14
D0004562,E0003645,P001276,I50.32,Chronic diastolic (congestive) heart failure,1,2026-07-15
D0004563,E0003646,P000602,I50.9,"Heart failure, unspecified",1,2026-07-15
D0004564,E0003646,P000602,I10,Essential (primary) hypertension,0,2026-07-15
D0004565,E0003647,P000143,R07.9,"Chest pain, unspecified",1,2026-07-15
D0004566,E0003648,P000276,N18.9,"Chronic kidney disease, unspecified",1,2026-07-15
D0004567,E0003649,P000806,E11.9,Type 2 diabetes mellitus without complications,1,2026-07-15
D0004568,E0003650,P001260,I10,Essential (primary) hypertension,1,2026-07-15
D0004569,E0003651,P000852,E78.5,"Hyperlipidemia, unspecified",1,2026-07-15
D0004570,E0003652,P000946,N39.0,"Urinary tract infection, site not specified",1,2026-07-15
D0004571,E0003653,P000946,N39.0,"Urinary tract infection, site not specified",1,2026-07-15
D0004572,E0003653,P000946,J44.9,"Chronic obstructive pulmonary disease, unspecified",0,2026-07-15
D0004573,E0003653,P000946,I10,Essential (primary) hypertension,0,2026-07-15
D0004574,E0003654,P000501,R07.9,"Chest pain, unspecified",1,2026-07-16
D0004575,E0003655,P000704,Z23,Encounter for immunization,1,2026-07-16
D0004576,E0003656,P001184,J44.9,"Chronic obstructive pulmonary disease, unspecified",1,2026-07-16
D0004577,E0003657,P001181,Z23,Encounter for immunization,1,2026-07-16
D0004578,E0003658,P000501,R07.9,"Chest pain, unspecified",1,2026-07-16
D0004579,E0003658,P000501,J44.9,"Chronic obstructive pulmonary disease, unspecified",0,2026-07-16
D0004580,E0003659,P000902,N39.0,"Urinary tract infection, site not specified",1,2026-07-16
D0004581,E0003660,P001082,M54.50,"Low back pain, unspecified",1,2026-07-16
D0004582,E0003661,P000382,I10,Essential (primary) hypertension,1,2026-07-16
D0004583,E0003662,P000188,M54.50,"Low back pain, unspecified",1,2026-07-16
D0004584,E0003663,P000655,I50.32,Chronic diastolic (congestive) heart failure,1,2026-07-16
D0004585,E0003664,P000919,Z00.00,Encounter for general adult medical examination without abnormal findings,1,2026-07-16
D0004586,E0003665,P001245,I21.4,Non-ST elevation (NSTEMI) myocardial infarction,1,2026-07-16
D0004587,E0003666,P000659,R55,Syncope and collapse,1,2026-07-16
D0004588,E0003667,P000659,R55,Syncope and collapse,1,2026-07-16
D0004589,E0003667,P000659,E11.9,Type 2 diabetes mellitus without complications,0,2026-07-16
D0004590,E0003668,P000592,R10.9,Unspecified abdominal pain,1,2026-07-16
D0004591,E0003669,P000894,J44.9,"Chronic obstructive pulmonary disease, unspecified",1,2026-07-16
D0004592,E0003670,P000719,J44.1,Chronic obstructive pulmonary disease with (acute) exacerbation,1,2026-07-17
D0004593,E0003671,P000719,J44.1,Chronic obstructive pulmonary disease with (acute) exacerbation,1,2026-07-17
D0004594,E0003671,P000719,I10,Essential (primary) hypertension,0,2026-07-17
D0004595,E0003671,P000719,E78.5,"Hyperlipidemia, unspecified",0,2026-07-17
D0004596,E0003672,P000892,E11.9,Type 2 diabetes mellitus without complications,1,2026-07-17
D0004597,E0003673,P001106,J18.9,"Pneumonia, unspecified organism",1,2026-07-17
D0004598,E0003674,P001332,Z00.00,Encounter for general adult medical examination without abnormal findings,1,2026-07-17
D0004599,E0003675,P000310,I50.9,"Heart failure, unspecified",1,2026-07-17
D0004600,E0003676,P000839,K21.9,Gastro-esophageal reflux disease without esophagitis,1,2026-07-17
D0004601,E0003677,P000880,I10,Essential (primary) hypertension,1,2026-07-17
D0004602,E0003678,P000865,Z23,Encounter for immunization,1,2026-07-17
D0004603,E0003679,P000970,J18.9,"Pneumonia, unspecified organism",1,2026-07-17
D0004604,E0003680,P001106,J18.9,"Pneumonia, unspecified organism",1,2026-07-17
D0004605,E0003681,P000444,I10,Essential (primary) hypertension,1,2026-07-17
D0004606,E0003682,P000156,E11.9,Type 2 diabetes mellitus without complications,1,2026-07-17
D0004607,E0003683,P000161,A41.9,"Sepsis, unspecified organism",1,2026-07-17
D0004608,E0003684,P000161,A41.9,"Sepsis, unspecified organism",1,2026-07-17
D0004609,E0003685,P000520,J44.1,Chronic obstructive pulmonary disease with (acute) exacerbation,1,2026-07-18
D0004610,E0003686,P000520,J44.1,Chronic obstructive pulmonary disease with (acute) exacerbation,1,2026-07-18
D0004611,E0003687,P001309,J06.9,"Acute upper respiratory infection, unspecified",1,2026-07-19
D0004612,E0003688,P000419,I50.9,"Heart failure, unspecified",1,2026-07-19
D0004613,E0003689,P000152,J45.909,"Unspecified asthma, uncomplicated",1,2026-07-19
D0004614,E0003690,P000632,I50.32,Chronic diastolic (congestive) heart failure,1,2026-07-20
D0004615,E0003691,P000651,E11.9,Type 2 diabetes mellitus without complications,1,2026-07-20
D0004616,E0003692,P000632,I50.32,Chronic diastolic (congestive) heart failure,1,2026-07-20
D0004617,E0003693,P000688,I50.32,Chronic diastolic (congestive) heart failure,1,2026-07-20
D0004618,E0003694,P000431,Z00.00,Encounter for general adult medical examination without abnormal findings,1,2026-07-20
D0004619,E0003695,P000580,Z00.00,Encounter for general adult medical examination without abnormal findings,1,2026-07-20
D0004620,E0003696,P001104,N18.9,"Chronic kidney disease, unspecified",1,2026-07-20
D0004621,E0003697,P000109,Z00.00,Encounter for general adult medical examination without abnormal findings,1,2026-07-20
D0004622,E0003698,P000489,I50.9,"Heart failure, unspecified",1,2026-07-20
D0004623,E0003699,P000443,J44.9,"Chronic obstructive pulmonary disease, unspecified",1,2026-07-20
D0004624,E0003700,P000321,E11.65,Type 2 diabetes mellitus with hyperglycemia,1,2026-07-20
D0004625,E0003701,P000004,N39.0,"Urinary tract infection, site not specified",1,2026-07-20
D0004626,E0003702,P000083,J44.1,Chronic obstructive pulmonary disease with (acute) exacerbation,1,2026-07-20
D0004627,E0003703,P001237,J44.9,"Chronic obstructive pulmonary disease, unspecified",1,2026-07-20
D0004628,E0003704,P000323,N39.0,"Urinary tract infection, site not specified",1,2026-07-20
D0004629,E0003705,P000932,I10,Essential (primary) hypertension,1,2026-07-21
D0004630,E0003706,P000813,N18.9,"Chronic kidney disease, unspecified",1,2026-07-21
D0004631,E0003707,P000821,E11.9,Type 2 diabetes mellitus without complications,1,2026-07-21
D0004632,E0003708,P001337,E11.9,Type 2 diabetes mellitus without complications,1,2026-07-21
D0004633,E0003709,P000266,M54.50,"Low back pain, unspecified",1,2026-07-21
D0004634,E0003710,P000993,I10,Essential (primary) hypertension,1,2026-07-21
D0004635,E0003711,P000217,J18.9,"Pneumonia, unspecified organism",1,2026-07-21
D0004636,E0003712,P000810,R07.9,"Chest pain, unspecified",1,2026-07-21
D0004637,E0003713,P000707,E78.5,"Hyperlipidemia, unspecified",1,2026-07-22
D0004638,E0003714,P001296,N39.0,"Urinary tract infection, site not specified",1,2026-07-22
D0004639,E0003715,P000672,I10,Essential (primary) hypertension,1,2026-07-22
D0004640,E0003716,P000913,E78.5,"Hyperlipidemia, unspecified",1,2026-07-22
D0004641,E0003717,P000464,R10.9,Unspecified abdominal pain,1,2026-07-22
D0004642,E0003717,P000464,I50.9,"Heart failure, unspecified",0,2026-07-22
D0004643,E0003718,P001266,R07.9,"Chest pain, unspecified",1,2026-07-23
D0004644,E0003719,P000838,R10.9,Unspecified abdominal pain,1,2026-07-23
D0004645,E0003720,P000050,M54.50,"Low back pain, unspecified",1,2026-07-23
D0004646,E0003721,P000793,I10,Essential (primary) hypertension,1,2026-07-23
D0004647,E0003722,P000891,Z00.00,Encounter for general adult medical examination without abnormal findings,1,2026-07-23
D0004648,E0003723,P000586,I10,Essential (primary) hypertension,1,2026-07-23
D0004649,E0003724,P001105,I50.9,"Heart failure, unspecified",1,2026-07-23
D0004650,E0003725,P001371,R10.9,Unspecified abdominal pain,1,2026-07-24
D0004651,E0003726,P000434,M54.50,"Low back pain, unspecified",1,2026-07-24
D0004652,E0003727,P000299,I50.22,Chronic systolic (congestive) heart failure,1,2026-07-24
D0004653,E0003728,P001175,E78.5,"Hyperlipidemia, unspecified",1,2026-07-24
D0004654,E0003729,P000719,J44.9,"Chronic obstructive pulmonary disease, unspecified",1,2026-07-24
D0004655,E0003730,P000054,M54.50,"Low back pain, unspecified",1,2026-07-25
D0004656,E0003731,P000347,I50.32,Chronic diastolic (congestive) heart failure,1,2026-07-26
D0004657,E0003731,P000347,I10,Essential (primary) hypertension,0,2026-07-26
D0004658,E0003732,P000569,N39.0,"Urinary tract infection, site not specified",1,2026-07-26
D0004659,E0003733,P000569,N39.0,"Urinary tract infection, site not specified",1,2026-07-26
D0004660,E0003733,P000569,I10,Essential (primary) hypertension,0,2026-07-26
D0004661,E0003734,P000659,R55,Syncope and collapse,1,2026-07-27
D0004662,E0003735,P000161,A41.9,"Sepsis, unspecified organism",1,2026-07-27
D0004663,E0003736,P000708,I10,Essential (primary) hypertension,1,2026-07-27
D0004664,E0003737,P000084,I10,Essential (primary) hypertension,1,2026-07-27
D0004665,E0003738,P001011,I50.32,Chronic diastolic (congestive) heart failure,1,2026-07-27
D0004666,E0003739,P000520,J44.9,"Chronic obstructive pulmonary disease, unspecified",1,2026-07-27
D0004667,E0003740,P001011,Z00.00,Encounter for general adult medical examination without abnormal findings,1,2026-07-28
D0004668,E0003741,P000957,Z23,Encounter for immunization,1,2026-07-28
D0004669,E0003742,P000695,E78.5,"Hyperlipidemia, unspecified",1,2026-07-28
D0004670,E0003743,P001385,J45.909,"Unspecified asthma, uncomplicated",1,2026-07-28
D0004671,E0003744,P001014,Z23,Encounter for immunization,1,2026-07-28
D0004672,E0003745,P001349,J45.909,"Unspecified asthma, uncomplicated",1,2026-07-28
D0004673,E0003746,P001221,I50.9,"Heart failure, unspecified",1,2026-07-28
D0004674,E0003747,P001221,I50.9,"Heart failure, unspecified",1,2026-07-28
D0004675,E0003747,P001221,I10,Essential (primary) hypertension,0,2026-07-28
D0004676,E0003747,P001221,E78.5,"Hyperlipidemia, unspecified",0,2026-07-28
D0004677,E0003748,P000173,I50.9,"Heart failure, unspecified",1,2026-07-29
D0004678,E0003749,P000632,I50.9,"Heart failure, unspecified",1,2026-07-29
D0004679,E0003750,P000149,R10.9,Unspecified abdominal pain,1,2026-07-29
D0004680,E0003751,P000006,I10,Essential (primary) hypertension,1,2026-07-29
D0004681,E0003752,P001198,E11.9,Type 2 diabetes mellitus without complications,1,2026-07-29
D0004682,E0003753,P000725,I10,Essential (primary) hypertension,1,2026-07-29
D0004683,E0003754,P000757,J18.9,"Pneumonia, unspecified organism",1,2026-07-29
D0004684,E0003755,P000825,E11.65,Type 2 diabetes mellitus with hyperglycemia,1,2026-07-29
D0004685,E0003756,P000825,E11.65,Type 2 diabetes mellitus with hyperglycemia,1,2026-07-29
D0004686,E0003756,P000825,I10,Essential (primary) hypertension,0,2026-07-29
D0004687,E0003756,P000825,E78.5,"Hyperlipidemia, unspecified",0,2026-07-29
D0004688,E0003757,P001086,J44.1,Chronic obstructive pulmonary disease with (acute) exacerbation,1,2026-07-30
D0004689,E0003758,P001247,I50.32,Chronic diastolic (congestive) heart failure,1,2026-07-30
D0004690,E0003759,P001086,J44.1,Chronic obstructive pulmonary disease with (acute) exacerbation,1,2026-07-30
D0004691,E0003759,P001086,I10,Essential (primary) hypertension,0,2026-07-30
D0004692,E0003759,P001086,E78.5,"Hyperlipidemia, unspecified",0,2026-07-30
D0004693,E0003760,P001059,M54.50,"Low back pain, unspecified",1,2026-07-30
D0004694,E0003761,P001377,I10,Essential (primary) hypertension,1,2026-07-30
D0004695,E0003762,P000262,Z23,Encounter for immunization,1,2026-07-30
D0004696,E0003763,P000414,A41.9,"Sepsis, unspecified organism",1,2026-07-30
D0004697,E0003764,P000602,J45.909,"Unspecified asthma, uncomplicated",1,2026-07-30
D0004698,E0003765,P001139,I50.9,"Heart failure, unspecified",1,2026-07-30
D0004699,E0003766,P001207,Z23,Encounter for immunization,1,2026-07-30
D0004700,E0003767,P000843,R55,Syncope and collapse,1,2026-07-30
D0004701,E0003767,P000843,E78.5,"Hyperlipidemia, unspecified",0,2026-07-30
D0004702,E0003768,P001253,E11.65,Type 2 diabetes mellitus with hyperglycemia,1,2026-07-31
D0004703,E0003769,P000856,Z00.00,Encounter for general adult medical examination without abnormal findings,1,2026-07-31
D0004704,E0003770,P000778,J45.909,"Unspecified asthma, uncomplicated",1,2026-07-31
D0004705,E0003771,P001248,Z00.00,Encounter for general adult medical examination without abnormal findings,1,2026-07-31
D0004706,E0003772,P000784,Z00.00,Encounter for general adult medical examination without abnormal findings,1,2026-07-31
D0004707,E0003773,P000963,I10,Essential (primary) hypertension,1,2026-07-31
D0004708,E0003774,P000526,Z00.00,Encounter for general adult medical examination without abnormal findings,1,2026-07-31
D0004709,E0003775,P000299,I50.23,Acute on chronic systolic (congestive) heart failure,1,2026-07-31
D0004710,E0003776,P000299,I50.23,Acute on chronic systolic (congestive) heart failure,1,2026-07-31
D0004711,E0003776,P000299,I10,Essential (primary) hypertension,0,2026-07-31
D0004712,E0003777,P000741,I50.23,Acute on chronic systolic (congestive) heart failure,1,2026-08-02
D0004713,E0003778,P000385,I21.4,Non-ST elevation (NSTEMI) myocardial infarction,1,2026-08-02
D0004714,E0003778,P000385,I50.9,"Heart failure, unspecified",0,2026-08-02
D0004715,E0003778,P000385,E11.9,Type 2 diabetes mellitus without complications,0,2026-08-02
D0004716,E0003779,P000741,I50.23,Acute on chronic systolic (congestive) heart failure,1,2026-08-02
D0004717,E0003779,P000741,I10,Essential (primary) hypertension,0,2026-08-02
D0004718,E0003780,P000164,A41.9,"Sepsis, unspecified organism",1,2026-08-03
D0004719,E0003781,P000946,N39.0,"Urinary tract infection, site not specified",1,2026-08-03
D0004720,E0003782,P000673,Z00.00,Encounter for general adult medical examination without abnormal findings,1,2026-08-03
D0004721,E0003783,P000630,M54.50,"Low back pain, unspecified",1,2026-08-03
D0004722,E0003784,P001011,I48.91,Unspecified atrial fibrillation,1,2026-08-03
D0004723,E0003785,P000164,A41.9,"Sepsis, unspecified organism",1,2026-08-03
D0004724,E0003785,P000164,I10,Essential (primary) hypertension,0,2026-08-03
D0004725,E0003786,P000567,Z00.00,Encounter for general adult medical examination without abnormal findings,1,2026-08-03
D0004726,E0003787,P001218,I50.32,Chronic diastolic (congestive) heart failure,1,2026-08-04
D0004727,E0003788,P001105,I50.9,"Heart failure, unspecified",1,2026-08-04
D0004728,E0003788,P001105,I10,Essential (primary) hypertension,0,2026-08-04
D0004729,E0003789,P000569,N39.0,"Urinary tract infection, site not specified",1,2026-08-04
D0004730,E0003790,P001321,I10,Essential (primary) hypertension,1,2026-08-04
D0004731,E0003791,P000174,Z00.00,Encounter for general adult medical examination without abnormal findings,1,2026-08-04
D0004732,E0003792,P000501,R07.9,"Chest pain, unspecified",1,2026-08-04
D0004733,E0003793,P001218,I50.32,Chronic diastolic (congestive) heart failure,1,2026-08-04
D0004734,E0003793,P001218,I10,Essential (primary) hypertension,0,2026-08-04
D0004735,E0003793,P001218,E78.5,"Hyperlipidemia, unspecified",0,2026-08-04
D0004736,E0003794,P000851,E78.5,"Hyperlipidemia, unspecified",1,2026-08-04
D0004737,E0003795,P001333,J45.909,"Unspecified asthma, uncomplicated",1,2026-08-04
D0004738,E0003796,P001047,I48.91,Unspecified atrial fibrillation,1,2026-08-04
D0004739,E0003797,P000623,R10.9,Unspecified abdominal pain,1,2026-08-04
D0004740,E0003798,P001047,I48.91,Unspecified atrial fibrillation,1,2026-08-05
D0004741,E0003798,P001047,I50.9,"Heart failure, unspecified",0,2026-08-05
D0004742,E0003798,P001047,J44.9,"Chronic obstructive pulmonary disease, unspecified",0,2026-08-05
D0004743,E0003799,P000475,M54.50,"Low back pain, unspecified",1,2026-08-05
D0004744,E0003800,P001237,J06.9,"Acute upper respiratory infection, unspecified",1,2026-08-05
D0004745,E0003801,P000847,J06.9,"Acute upper respiratory infection, unspecified",1,2026-08-05
D0004746,E0003802,P001070,M54.50,"Low back pain, unspecified",1,2026-08-05
D0004747,E0003803,P001287,J06.9,"Acute upper respiratory infection, unspecified",1,2026-08-06
D0004748,E0003804,P000218,N18.9,"Chronic kidney disease, unspecified",1,2026-08-06
D0004749,E0003805,P000934,I10,Essential (primary) hypertension,1,2026-08-06
D0004750,E0003806,P000694,I50.23,Acute on chronic systolic (congestive) heart failure,1,2026-08-06
D0004751,E0003807,P000777,N18.9,"Chronic kidney disease, unspecified",1,2026-08-06
D0004752,E0003808,P001266,I50.9,"Heart failure, unspecified",1,2026-08-06
D0004753,E0003809,P000452,I50.32,Chronic diastolic (congestive) heart failure,1,2026-08-06
D0004754,E0003810,P000113,E11.65,Type 2 diabetes mellitus with hyperglycemia,1,2026-08-06
D0004755,E0003811,P000574,J44.9,"Chronic obstructive pulmonary disease, unspecified",1,2026-08-06
D0004756,E0003812,P001321,Z23,Encounter for immunization,1,2026-08-06
D0004757,E0003813,P000694,I50.23,Acute on chronic systolic (congestive) heart failure,1,2026-08-06
D0004758,E0003813,P000694,I10,Essential (primary) hypertension,0,2026-08-06
D0004759,E0003814,P000480,I50.32,Chronic diastolic (congestive) heart failure,1,2026-08-07
D0004760,E0003815,P000643,Z00.00,Encounter for general adult medical examination without abnormal findings,1,2026-08-07
D0004761,E0003816,P001371,Z00.00,Encounter for general adult medical examination without abnormal findings,1,2026-08-07
D0004762,E0003817,P001397,M54.50,"Low back pain, unspecified",1,2026-08-07
D0004763,E0003818,P000812,J44.1,Chronic obstructive pulmonary disease with (acute) exacerbation,1,2026-08-08
D0004764,E0003819,P000759,I50.32,Chronic diastolic (congestive) heart failure,1,2026-08-08
D0004765,E0003820,P000812,J44.1,Chronic obstructive pulmonary disease with (acute) exacerbation,1,2026-08-08
D0004766,E0003820,P000812,I50.9,"Heart failure, unspecified",0,2026-08-08
D0004767,E0003820,P000812,I10,Essential (primary) hypertension,0,2026-08-08
D0004768,E0003821,P000759,I50.32,Chronic diastolic (congestive) heart failure,1,2026-08-08
D0004769,E0003821,P000759,E11.9,Type 2 diabetes mellitus without complications,0,2026-08-08
D0004770,E0003821,P000759,N18.9,"Chronic kidney disease, unspecified",0,2026-08-08
D0004771,E0003822,P000368,R10.9,Unspecified abdominal pain,1,2026-08-09
D0004772,E0003823,P000782,J06.9,"Acute upper respiratory infection, unspecified",1,2026-08-10
D0004773,E0003824,P000307,N18.9,"Chronic kidney disease, unspecified",1,2026-08-10
D0004774,E0003825,P001056,E11.65,Type 2 diabetes mellitus with hyperglycemia,1,2026-08-10
D0004775,E0003825,P001056,I10,Essential (primary) hypertension,0,2026-08-10
D0004776,E0003826,P000555,I50.9,"Heart failure, unspecified",1,2026-08-10
D0004777,E0003827,P000955,M54.50,"Low back pain, unspecified",1,2026-08-10
D0004778,E0003828,P000225,R10.9,Unspecified abdominal pain,1,2026-08-10
D0004779,E0003829,P000999,N39.0,"Urinary tract infection, site not specified",1,2026-08-10
D0004780,E0003829,P000999,I10,Essential (primary) hypertension,0,2026-08-10
D0004781,E0003830,P000481,R55,Syncope and collapse,1,2026-08-10
D0004782,E0003831,P000481,R55,Syncope and collapse,1,2026-08-10
D0004783,E0003831,P000481,I50.9,"Heart failure, unspecified",0,2026-08-10
D0004784,E0003831,P000481,J44.9,"Chronic obstructive pulmonary disease, unspecified",0,2026-08-10
D0004785,E0003832,P001201,I50.32,Chronic diastolic (congestive) heart failure,1,2026-08-11
D0004786,E0003833,P000830,I10,Essential (primary) hypertension,1,2026-08-11
D0004787,E0003834,P001086,J44.1,Chronic obstructive pulmonary disease with (acute) exacerbation,1,2026-08-11
D0004788,E0003835,P000176,J06.9,"Acute upper respiratory infection, unspecified",1,2026-08-11
D0004789,E0003836,P000769,R07.9,"Chest pain, unspecified",1,2026-08-11
D0004790,E0003837,P000752,J45.909,"Unspecified asthma, uncomplicated",1,2026-08-11
D0004791,E0003838,P001175,R07.9,"Chest pain, unspecified",1,2026-08-11
D0004792,E0003839,P000371,I50.22,Chronic systolic (congestive) heart failure,1,2026-08-12
D0004793,E0003840,P000371,I50.22,Chronic systolic (congestive) heart failure,1,2026-08-12
D0004794,E0003840,P000371,I10,Essential (primary) hypertension,0,2026-08-12
D0004795,E0003841,P000481,I50.32,Chronic diastolic (congestive) heart failure,1,2026-08-12
D0004796,E0003842,P000208,N39.0,"Urinary tract infection, site not specified",1,2026-08-12
D0004797,E0003843,P001220,I10,Essential (primary) hypertension,1,2026-08-12
D0004798,E0003844,P000126,I50.23,Acute on chronic systolic (congestive) heart failure,1,2026-08-12
D0004799,E0003845,P001274,I10,Essential (primary) hypertension,1,2026-08-12
D0004800,E0003846,P000627,Z23,Encounter for immunization,1,2026-08-12
D0004801,E0003847,P000419,I10,Essential (primary) hypertension,1,2026-08-12
D0004802,E0003848,P001166,N39.0,"Urinary tract infection, site not specified",1,2026-08-12
D0004803,E0003849,P000812,J44.9,"Chronic obstructive pulmonary disease, unspecified",1,2026-08-12
D0004804,E0003850,P000126,I50.23,Acute on chronic systolic (congestive) heart failure,1,2026-08-12
D0004805,E0003850,P000126,I10,Essential (primary) hypertension,0,2026-08-12
D0004806,E0003851,P000299,I50.9,"Heart failure, unspecified",1,2026-08-13
D0004807,E0003852,P000741,I50.32,Chronic diastolic (congestive) heart failure,1,2026-08-13
D0004808,E0003853,P001110,I10,Essential (primary) hypertension,1,2026-08-13
D0004809,E0003854,P000367,R10.9,Unspecified abdominal pain,1,2026-08-13
D0004810,E0003855,P001257,Z00.00,Encounter for general adult medical examination without abnormal findings,1,2026-08-13
D0004811,E0003856,P000659,N39.0,"Urinary tract infection, site not specified",1,2026-08-13
D0004812,E0003857,P000743,Z23,Encounter for immunization,1,2026-08-14
D0004813,E0003858,P000128,Z23,Encounter for immunization,1,2026-08-14
D0004814,E0003859,P000796,I10,Essential (primary) hypertension,1,2026-08-14
D0004815,E0003859,P000796,J44.9,"Chronic obstructive pulmonary disease, unspecified",0,2026-08-14
D0004816,E0003860,P000995,J44.1,Chronic obstructive pulmonary disease with (acute) exacerbation,1,2026-08-14
D0004817,E0003861,P000482,E11.9,Type 2 diabetes mellitus without complications,1,2026-08-14
D0004818,E0003862,P000265,I50.32,Chronic diastolic (congestive) heart failure,1,2026-08-14
D0004819,E0003863,P000995,J44.1,Chronic obstructive pulmonary disease with (acute) exacerbation,1,2026-08-14
D0004820,E0003863,P000995,E78.5,"Hyperlipidemia, unspecified",0,2026-08-14
D0004821,E0003864,P001149,I50.23,Acute on chronic systolic (congestive) heart failure,1,2026-08-15
D0004822,E0003865,P001013,I50.9,"Heart failure, unspecified",1,2026-08-15
D0004823,E0003866,P001013,I50.9,"Heart failure, unspecified",1,2026-08-15
D0004824,E0003867,P001149,I50.23,Acute on chronic systolic (congestive) heart failure,1,2026-08-15
D0004825,E0003867,P001149,N18.9,"Chronic kidney disease, unspecified",0,2026-08-15
D0004826,E0003867,P001149,I10,Essential (primary) hypertension,0,2026-08-15
D0004827,E0003868,P001105,I21.4,Non-ST elevation (NSTEMI) myocardial infarction,1,2026-08-16
D0004828,E0003869,P001105,I21.4,Non-ST elevation (NSTEMI) myocardial infarction,1,2026-08-16
D0004829,E0003869,P001105,I50.9,"Heart failure, unspecified",0,2026-08-16
D0004830,E0003869,P001105,I10,Essential (primary) hypertension,0,2026-08-16
D0004831,E0003870,P000924,I10,Essential (primary) hypertension,1,2026-08-17
D0004832,E0003871,P001372,I50.23,Acute on chronic systolic (congestive) heart failure,1,2026-08-17
D0004833,E0003872,P001218,I50.9,"Heart failure, unspecified",1,2026-08-17
D0004834,E0003873,P001336,Z00.00,Encounter for general adult medical examination without abnormal findings,1,2026-08-17
D0004835,E0003874,P001298,I10,Essential (primary) hypertension,1,2026-08-17
D0004836,E0003875,P000839,E11.9,Type 2 diabetes mellitus without complications,1,2026-08-17
D0004837,E0003876,P001164,J18.9,"Pneumonia, unspecified organism",1,2026-08-17
D0004838,E0003877,P001164,J18.9,"Pneumonia, unspecified organism",1,2026-08-17
D0004839,E0003878,P000971,E11.9,Type 2 diabetes mellitus without complications,1,2026-08-18
D0004840,E0003879,P001126,I10,Essential (primary) hypertension,1,2026-08-18
D0004841,E0003880,P001182,Z00.00,Encounter for general adult medical examination without abnormal findings,1,2026-08-18
D0004842,E0003881,P000243,J06.9,"Acute upper respiratory infection, unspecified",1,2026-08-18
D0004843,E0003882,P001047,I50.32,Chronic diastolic (congestive) heart failure,1,2026-08-18
D0004844,E0003883,P000612,I21.4,Non-ST elevation (NSTEMI) myocardial infarction,1,2026-08-18
D0004845,E0003883,P000612,I50.9,"Heart failure, unspecified",0,2026-08-18
D0004846,E0003884,P001047,I50.32,Chronic diastolic (congestive) heart failure,1,2026-08-18
D0004847,E0003884,P001047,J44.9,"Chronic obstructive pulmonary disease, unspecified",0,2026-08-18
D0004848,E0003884,P001047,I10,Essential (primary) hypertension,0,2026-08-18
D0004849,E0003885,P000610,Z00.00,Encounter for general adult medical examination without abnormal findings,1,2026-08-19
D0004850,E0003886,P001349,E78.5,"Hyperlipidemia, unspecified",1,2026-08-19
D0004851,E0003887,P001159,Z00.00,Encounter for general adult medical examination without abnormal findings,1,2026-08-19
D0004852,E0003888,P001235,M54.50,"Low back pain, unspecified",1,2026-08-19
D0004853,E0003889,P000559,J06.9,"Acute upper respiratory infection, unspecified",1,2026-08-19
D0004854,E0003890,P001337,E11.9,Type 2 diabetes mellitus without complications,1,2026-08-19
D0004855,E0003891,P000631,Z00.00,Encounter for general adult medical examination without abnormal findings,1,2026-08-19
D0004856,E0003892,P000777,N18.9,"Chronic kidney disease, unspecified",1,2026-08-19
D0004857,E0003893,P001265,Z23,Encounter for immunization,1,2026-08-19
D0004858,E0003894,P001086,J44.9,"Chronic obstructive pulmonary disease, unspecified",1,2026-08-19
D0004859,E0003895,P001242,J06.9,"Acute upper respiratory infection, unspecified",1,2026-08-19
D0004860,E0003896,P000341,E11.65,Type 2 diabetes mellitus with hyperglycemia,1,2026-08-19
D0004861,E0003897,P000009,K21.9,Gastro-esophageal reflux disease without esophagitis,1,2026-08-20
D0004862,E0003898,P000674,J45.909,"Unspecified asthma, uncomplicated",1,2026-08-20
D0004863,E0003899,P000663,I10,Essential (primary) hypertension,1,2026-08-20
D0004864,E0003900,P000825,E11.65,Type 2 diabetes mellitus with hyperglycemia,1,2026-08-20
D0004865,E0003901,P000149,K92.2,"Gastrointestinal hemorrhage, unspecified",1,2026-08-21
D0004866,E0003902,P000149,K92.2,"Gastrointestinal hemorrhage, unspecified",1,2026-08-21
D0004867,E0003902,P000149,I10,Essential (primary) hypertension,0,2026-08-21
D0004868,E0003903,P000608,R55,Syncope and collapse,1,2026-08-21
D0004869,E0003904,P000392,N39.0,"Urinary tract infection, site not specified",1,2026-08-21
D0004870,E0003905,P000608,R55,Syncope and collapse,1,2026-08-21
D0004871,E0003905,P000608,E78.5,"Hyperlipidemia, unspecified",0,2026-08-21
D0004872,E0003906,P000759,I50.22,Chronic systolic (congestive) heart failure,1,2026-08-21
D0004873,E0003907,P000140,I10,Essential (primary) hypertension,1,2026-08-21
D0004874,E0003908,P001102,Z23,Encounter for immunization,1,2026-08-21
D0004875,E0003909,P001105,I21.4,Non-ST elevation (NSTEMI) myocardial infarction,1,2026-08-21
D0004876,E0003910,P000426,M54.50,"Low back pain, unspecified",1,2026-08-21
D0004877,E0003911,P000411,I50.32,Chronic diastolic (congestive) heart failure,1,2026-08-21
D0004878,E0003912,P000912,I10,Essential (primary) hypertension,1,2026-08-21
D0004879,E0003913,P000097,Z23,Encounter for immunization,1,2026-08-21
D0004880,E0003914,P000759,I50.22,Chronic systolic (congestive) heart failure,1,2026-08-21
D0004881,E0003914,P000759,N18.9,"Chronic kidney disease, unspecified",0,2026-08-21
D0004882,E0003914,P000759,I10,Essential (primary) hypertension,0,2026-08-21
D0004883,E0003915,P000486,J18.9,"Pneumonia, unspecified organism",1,2026-08-21
D0004884,E0003915,P000486,E78.5,"Hyperlipidemia, unspecified",0,2026-08-21
D0004885,E0003916,P000658,I50.32,Chronic diastolic (congestive) heart failure,1,2026-08-22
D0004886,E0003917,P000007,M54.50,"Low back pain, unspecified",1,2026-08-22
D0004887,E0003918,P000658,I50.32,Chronic diastolic (congestive) heart failure,1,2026-08-22
D0004888,E0003918,P000658,N18.9,"Chronic kidney disease, unspecified",0,2026-08-22
D0004889,E0003919,P001227,R07.9,"Chest pain, unspecified",1,2026-08-22
D0004890,E0003919,P001227,I50.9,"Heart failure, unspecified",0,2026-08-22
D0004891,E0003919,P001227,I10,Essential (primary) hypertension,0,2026-08-22
D0004892,E0003920,P000812,J44.1,Chronic obstructive pulmonary disease with (acute) exacerbation,1,2026-08-22
D0004893,E0003921,P001221,I50.9,"Heart failure, unspecified",1,2026-08-23
D0004894,E0003922,P001221,I50.9,"Heart failure, unspecified",1,2026-08-23
D0004895,E0003922,P001221,I10,Essential (primary) hypertension,0,2026-08-23
D0004896,E0003922,P001221,E78.5,"Hyperlipidemia, unspecified",0,2026-08-23
D0004897,E0003923,P000143,I21.4,Non-ST elevation (NSTEMI) myocardial infarction,1,2026-08-23
D0004898,E0003924,P000143,I21.4,Non-ST elevation (NSTEMI) myocardial infarction,1,2026-08-23
D0004899,E0003924,P000143,I10,Essential (primary) hypertension,0,2026-08-23
D0004900,E0003925,P000051,I50.9,"Heart failure, unspecified",1,2026-08-24
D0004901,E0003926,P001004,Z00.00,Encounter for general adult medical examination without abnormal findings,1,2026-08-24
D0004902,E0003927,P001220,K21.9,Gastro-esophageal reflux disease without esophagitis,1,2026-08-24
D0004903,E0003928,P000688,I50.9,"Heart failure, unspecified",1,2026-08-24
D0004904,E0003928,P000688,I10,Essential (primary) hypertension,0,2026-08-24
D0004905,E0003929,P000825,I10,Essential (primary) hypertension,1,2026-08-24
D0004906,E0003930,P000425,I10,Essential (primary) hypertension,1,2026-08-24
D0004907,E0003931,P000837,M54.50,"Low back pain, unspecified",1,2026-08-24
D0004908,E0003932,P000367,Z00.00,Encounter for general adult medical examination without abnormal findings,1,2026-08-24
D0004909,E0003933,P000995,J44.9,"Chronic obstructive pulmonary disease, unspecified",1,2026-08-24
D0004910,E0003934,P000886,J06.9,"Acute upper respiratory infection, unspecified",1,2026-08-24
D0004911,E0003935,P001013,I50.9,"Heart failure, unspecified",1,2026-08-25
D0004912,E0003936,P000677,Z00.00,Encounter for general adult medical examination without abnormal findings,1,2026-08-25
D0004913,E0003937,P000875,J06.9,"Acute upper respiratory infection, unspecified",1,2026-08-25
D0004914,E0003938,P001073,I10,Essential (primary) hypertension,1,2026-08-25
D0004915,E0003939,P001246,Z00.00,Encounter for general adult medical examination without abnormal findings,1,2026-08-25
D0004916,E0003940,P000612,I21.4,Non-ST elevation (NSTEMI) myocardial infarction,1,2026-08-25
D0004917,E0003941,P000608,R55,Syncope and collapse,1,2026-08-25
D0004918,E0003942,P001149,I50.22,Chronic systolic (congestive) heart failure,1,2026-08-25
D0004919,E0003943,P000890,N39.0,"Urinary tract infection, site not specified",1,2026-08-25
D0004920,E0003944,P000730,Z00.00,Encounter for general adult medical examination without abnormal findings,1,2026-08-25
D0004921,E0003945,P001397,E11.9,Type 2 diabetes mellitus without complications,1,2026-08-25
D0004922,E0003946,P001203,I10,Essential (primary) hypertension,1,2026-08-26
D0004923,E0003946,P001203,E78.5,"Hyperlipidemia, unspecified",0,2026-08-26
D0004924,E0003947,P000468,J45.909,"Unspecified asthma, uncomplicated",1,2026-08-26
D0004925,E0003948,P000341,E11.65,Type 2 diabetes mellitus with hyperglycemia,1,2026-08-26
D0004926,E0003949,P000297,J06.9,"Acute upper respiratory infection, unspecified",1,2026-08-27
D0004927,E0003950,P001227,R07.9,"Chest pain, unspecified",1,2026-08-27
D0004928,E0003951,P000085,M54.50,"Low back pain, unspecified",1,2026-08-27
D0004929,E0003952,P000417,I10,Essential (primary) hypertension,1,2026-08-27
D0004930,E0003953,P000185,Z00.00,Encounter for general adult medical examination without abnormal findings,1,2026-08-27
D0004931,E0003954,P000677,Z00.00,Encounter for general adult medical examination without abnormal findings,1,2026-08-27
D0004932,E0003955,P000248,J06.9,"Acute upper respiratory infection, unspecified",1,2026-08-27
D0004933,E0003956,P000986,I50.9,"Heart failure, unspecified",1,2026-08-27
D0004934,E0003957,P001209,Z23,Encounter for immunization,1,2026-08-27
D0004935,E0003958,P000923,J18.9,"Pneumonia, unspecified organism",1,2026-08-28
D0004936,E0003959,P001047,I50.32,Chronic diastolic (congestive) heart failure,1,2026-08-28
D0004937,E0003960,P000923,J18.9,"Pneumonia, unspecified organism",1,2026-08-28
D0004938,E0003961,P001300,Z00.00,Encounter for general adult medical examination without abnormal findings,1,2026-08-28
D0004939,E0003962,P000694,I50.22,Chronic systolic (congestive) heart failure,1,2026-08-28
D0004940,E0003963,P000917,Z23,Encounter for immunization,1,2026-08-28
D0004941,E0003964,P000486,J18.9,"Pneumonia, unspecified organism",1,2026-08-28
D0004942,E0003965,P001164,J18.9,"Pneumonia, unspecified organism",1,2026-08-28
D0004943,E0003966,P001272,Z00.00,Encounter for general adult medical examination without abnormal findings,1,2026-08-28
D0004944,E0003967,P000022,T14.90XA,"Injury, unspecified, initial encounter",1,2026-08-29
D0004945,E0003967,P000022,I10,Essential (primary) hypertension,0,2026-08-29
D0004946,E0003968,P000658,K92.2,"Gastrointestinal hemorrhage, unspecified",1,2026-08-29
D0004947,E0003968,P000658,I50.9,"Heart failure, unspecified",0,2026-08-29
D0004948,E0003968,P000658,N18.9,"Chronic kidney disease, unspecified",0,2026-08-29
D0004949,E0003969,P000016,J06.9,"Acute upper respiratory infection, unspecified",1,2026-08-30
D0004950,E0003970,P000386,R10.9,Unspecified abdominal pain,1,2026-08-30
D0004951,E0003971,P001109,J06.9,"Acute upper respiratory infection, unspecified",1,2026-08-31
D0004952,E0003972,P000045,I10,Essential (primary) hypertension,1,2026-08-31
D0004953,E0003973,P000630,Z00.00,Encounter for general adult medical examination without abnormal findings,1,2026-08-31
D0004954,E0003974,P001254,I50.9,"Heart failure, unspecified",1,2026-08-31
D0004955,E0003975,P000694,I50.9,"Heart failure, unspecified",1,2026-08-31
D0004956,E0003975,P000694,I10,Essential (primary) hypertension,0,2026-08-31
D0004957,E0003976,P001260,I50.9,"Heart failure, unspecified",1,2026-08-31
D0004958,E0003976,P001260,I10,Essential (primary) hypertension,0,2026-08-31
D0004959,E0003977,P000355,J06.9,"Acute upper respiratory infection, unspecified",1,2026-09-01
D0004960,E0003978,P000405,E11.9,Type 2 diabetes mellitus without complications,1,2026-09-01
D0004961,E0003979,P001370,N18.9,"Chronic kidney disease, unspecified",1,2026-09-01
D0004962,E0003980,P000130,I50.23,Acute on chronic systolic (congestive) heart failure,1,2026-09-01
D0004963,E0003980,P000130,E11.9,Type 2 diabetes mellitus without complications,0,2026-09-01
D0004964,E0003980,P000130,I10,Essential (primary) hypertension,0,2026-09-01
D0004965,E0003981,P000643,J44.9,"Chronic obstructive pulmonary disease, unspecified",1,2026-09-01
D0004966,E0003982,P000477,E11.9,Type 2 diabetes mellitus without complications,1,2026-09-01
D0004967,E0003983,P000031,J18.9,"Pneumonia, unspecified organism",1,2026-09-01
D0004968,E0003984,P000570,Z00.00,Encounter for general adult medical examination without abnormal findings,1,2026-09-01
D0004969,E0003985,P000031,J18.9,"Pneumonia, unspecified organism",1,2026-09-01
D0004970,E0003985,P000031,E11.9,Type 2 diabetes mellitus without complications,0,2026-09-01
D0004971,E0003985,P000031,I10,Essential (primary) hypertension,0,2026-09-01
D0004972,E0003986,P000666,J18.9,"Pneumonia, unspecified organism",1,2026-09-01
D0004973,E0003986,P000666,E11.9,Type 2 diabetes mellitus without complications,0,2026-09-01
D0004974,E0003986,P000666,I10,Essential (primary) hypertension,0,2026-09-01
D0004975,E0003987,P001216,Z00.00,Encounter for general adult medical examination without abnormal findings,1,2026-09-02
D0004976,E0003988,P000468,I50.32,Chronic diastolic (congestive) heart failure,1,2026-09-02
D0004977,E0003989,P000320,I10,Essential (primary) hypertension,1,2026-09-02
D0004978,E0003990,P000796,Z00.00,Encounter for general adult medical examination without abnormal findings,1,2026-09-02
D0004979,E0003991,P000233,E11.9,Type 2 diabetes mellitus without complications,1,2026-09-02
D0004980,E0003992,P000526,E11.9,Type 2 diabetes mellitus without complications,1,2026-09-02
D0004981,E0003993,P001078,I10,Essential (primary) hypertension,1,2026-09-02
D0004982,E0003994,P001056,E11.65,Type 2 diabetes mellitus with hyperglycemia,1,2026-09-02
D0004983,E0003995,P000044,E11.9,Type 2 diabetes mellitus without complications,1,2026-09-03
D0004984,E0003996,P001209,J44.1,Chronic obstructive pulmonary disease with (acute) exacerbation,1,2026-09-03
D0004985,E0003997,P000149,K92.2,"Gastrointestinal hemorrhage, unspecified",1,2026-09-03
D0004986,E0003998,P000950,J45.909,"Unspecified asthma, uncomplicated",1,2026-09-03
D0004987,E0003999,P001209,J44.1,Chronic obstructive pulmonary disease with (acute) exacerbation,1,2026-09-03
D0004988,E0004000,P001060,J06.9,"Acute upper respiratory infection, unspecified",1,2026-09-03
D0004989,E0004001,P001284,I50.9,"Heart failure, unspecified",1,2026-09-03
D0004990,E0004002,P000338,I10,Essential (primary) hypertension,1,2026-09-03
D0004991,E0004003,P001284,I50.9,"Heart failure, unspecified",1,2026-09-03
D0004992,E0004003,P001284,N18.9,"Chronic kidney disease, unspecified",0,2026-09-03
D0004993,E0004003,P001284,I10,Essential (primary) hypertension,0,2026-09-03
D0004994,E0004004,P000512,T14.90XA,"Injury, unspecified, initial encounter",1,2026-09-04
D0004995,E0004004,P000512,I50.9,"Heart failure, unspecified",0,2026-09-04
D0004996,E0004005,P000013,N18.9,"Chronic kidney disease, unspecified",1,2026-09-04
D0004997,E0004006,P001157,Z00.00,Encounter for general adult medical examination without abnormal findings,1,2026-09-04
D0004998,E0004007,P000047,M54.50,"Low back pain, unspecified",1,2026-09-04
D0004999,E0004008,P000143,I21.4,Non-ST elevation (NSTEMI) myocardial infarction,1,2026-09-04
D0005000,E0004009,P001336,Z00.00,Encounter for general adult medical examination without abnormal findings,1,2026-09-04
D0005001,E0004010,P001311,M54.50,"Low back pain, unspecified",1,2026-09-04
D0005002,E0004011,P000279,R10.9,Unspecified abdominal pain,1,2026-09-04
D0005003,E0004012,P000542,I10,Essential (primary) hypertension,1,2026-09-04
D0005004,E0004013,P000825,N39.0,"Urinary tract infection, site not specified",1,2026-09-05
D0005005,E0004014,P000500,R10.9,Unspecified abdominal pain,1,2026-09-05
D0005006,E0004015,P000825,N39.0,"Urinary tract infection, site not specified",1,2026-09-05
D0005007,E0004015,P000825,E11.9,Type 2 diabetes mellitus without complications,0,2026-09-05
D0005008,E0004015,P000825,I10,Essential (primary) hypertension,0,2026-09-05
D0005009,E0004016,P000180,A41.9,"Sepsis, unspecified organism",1,2026-09-05
D0005010,E0004016,P000180,E78.5,"Hyperlipidemia, unspecified",0,2026-09-05
D0005011,E0004017,P000265,E11.65,Type 2 diabetes mellitus with hyperglycemia,1,2026-09-05
D0005012,E0004018,P000237,M54.50,"Low back pain, unspecified",1,2026-09-06
D0005013,E0004019,P000093,J18.9,"Pneumonia, unspecified organism",1,2026-09-06
D0005014,E0004020,P000093,J18.9,"Pneumonia, unspecified organism",1,2026-09-06
D0005015,E0004020,P000093,I50.9,"Heart failure, unspecified",0,2026-09-06
D0005016,E0004020,P000093,J44.9,"Chronic obstructive pulmonary disease, unspecified",0,2026-09-06
D0005017,E0004021,P000655,I50.23,Acute on chronic systolic (congestive) heart failure,1,2026-09-06
D0005018,E0004022,P000655,I50.23,Acute on chronic systolic (congestive) heart failure,1,2026-09-06
D0005019,E0004022,P000655,I10,Essential (primary) hypertension,0,2026-09-06
D0005020,E0004023,P000267,T14.90XA,"Injury, unspecified, initial encounter",1,2026-09-06
D0005021,E0004024,P000940,M54.50,"Low back pain, unspecified",1,2026-09-07
D0005022,E0004025,P001164,Z00.00,Encounter for general adult medical examination without abnormal findings,1,2026-09-07
D0005023,E0004026,P000919,M54.50,"Low back pain, unspecified",1,2026-09-07
D0005024,E0004027,P000280,N18.9,"Chronic kidney disease, unspecified",1,2026-09-07
D0005025,E0004028,P000666,J18.9,"Pneumonia, unspecified organism",1,2026-09-08
D0005026,E0004029,P000946,J44.1,Chronic obstructive pulmonary disease with (acute) exacerbation,1,2026-09-08
D0005027,E0004030,P000923,Z00.00,Encounter for general adult medical examination without abnormal findings,1,2026-09-08
D0005028,E0004031,P000946,J44.1,Chronic obstructive pulmonary disease with (acute) exacerbation,1,2026-09-08
D0005029,E0004031,P000946,I10,Essential (primary) hypertension,0,2026-09-08
D0005030,E0004032,P000075,J06.9,"Acute upper respiratory infection, unspecified",1,2026-09-09
D0005031,E0004033,P000435,Z23,Encounter for immunization,1,2026-09-09
D0005032,E0004034,P001331,Z00.00,Encounter for general adult medical examination without abnormal findings,1,2026-09-09
D0005033,E0004035,P001105,I50.9,"Heart failure, unspecified",1,2026-09-09
D0005034,E0004036,P000090,I50.9,"Heart failure, unspecified",1,2026-09-09
D0005035,E0004037,P000689,I10,Essential (primary) hypertension,1,2026-09-09
D0005036,E0004038,P000174,I50.9,"Heart failure, unspecified",1,2026-09-09
D0005037,E0004039,P000031,J18.9,"Pneumonia, unspecified organism",1,2026-09-09
D0005038,E0004040,P001117,Z23,Encounter for immunization,1,2026-09-09
D0005039,E0004041,P000998,Z00.00,Encounter for general adult medical examination without abnormal findings,1,2026-09-09
D0005040,E0004042,P000990,Z23,Encounter for immunization,1,2026-09-10
D0005041,E0004043,P000044,N39.0,"Urinary tract infection, site not specified",1,2026-09-10
D0005042,E0004044,P001207,I10,Essential (primary) hypertension,1,2026-09-10
D0005043,E0004045,P001073,I10,Essential (primary) hypertension,1,2026-09-10
D0005044,E0004046,P001203,Z00.00,Encounter for general adult medical examination without abnormal findings,1,2026-09-10
D0005045,E0004047,P001383,I50.23,Acute on chronic systolic (congestive) heart failure,1,2026-09-10
D0005046,E0004048,P001383,I50.23,Acute on chronic systolic (congestive) heart failure,1,2026-09-11
D0005047,E0004049,P001227,K21.9,Gastro-esophageal reflux disease without esophagitis,1,2026-09-11
D0005048,E0004050,P001277,Z00.00,Encounter for general adult medical examination without abnormal findings,1,2026-09-11
D0005049,E0004051,P000107,Z00.00,Encounter for general adult medical examination without abnormal findings,1,2026-09-11
D0005050,E0004052,P000136,I50.9,"Heart failure, unspecified",1,2026-09-11
D0005051,E0004053,P000966,Z00.00,Encounter for general adult medical examination without abnormal findings,1,2026-09-11
D0005052,E0004054,P000446,J44.1,Chronic obstructive pulmonary disease with (acute) exacerbation,1,2026-09-11
D0005053,E0004054,P000446,E78.5,"Hyperlipidemia, unspecified",0,2026-09-11
D0005054,E0004055,P000289,T14.90XA,"Injury, unspecified, initial encounter",1,2026-09-11
D0005055,E0004056,P000608,R55,Syncope and collapse,1,2026-09-12
D0005056,E0004057,P001128,R10.9,Unspecified abdominal pain,1,2026-09-12
D0005057,E0004058,P000489,J44.1,Chronic obstructive pulmonary disease with (acute) exacerbation,1,2026-09-12
D0005058,E0004059,P000598,R55,Syncope and collapse,1,2026-09-12
D0005059,E0004060,P000598,R55,Syncope and collapse,1,2026-09-12
D0005060,E0004060,P000598,E11.9,Type 2 diabetes mellitus without complications,0,2026-09-12
D0005061,E0004061,P001021,I50.22,Chronic systolic (congestive) heart failure,1,2026-09-13
D0005062,E0004062,P001021,I50.22,Chronic systolic (congestive) heart failure,1,2026-09-13
D0005063,E0004063,P000218,I50.32,Chronic diastolic (congestive) heart failure,1,2026-09-13
D0005064,E0004063,P000218,E11.9,Type 2 diabetes mellitus without complications,0,2026-09-13
D0005065,E0004063,P000218,N18.9,"Chronic kidney disease, unspecified",0,2026-09-13
D0005066,E0004064,P000276,Z00.00,Encounter for general adult medical examination without abnormal findings,1,2026-09-14
D0005067,E0004065,P000491,M54.50,"Low back pain, unspecified",1,2026-09-14
D0005068,E0004066,P000394,Z00.00,Encounter for general adult medical examination without abnormal findings,1,2026-09-14
D0005069,E0004067,P000658,K92.2,"Gastrointestinal hemorrhage, unspecified",1,2026-09-14
D0005070,E0004068,P000236,E11.9,Type 2 diabetes mellitus without complications,1,2026-09-14
D0005071,E0004069,P000110,I10,Essential (primary) hypertension,1,2026-09-14
D0005072,E0004070,P000767,Z00.00,Encounter for general adult medical examination without abnormal findings,1,2026-09-15
D0005073,E0004071,P001259,R10.9,Unspecified abdominal pain,1,2026-09-15
D0005074,E0004072,P000527,Z23,Encounter for immunization,1,2026-09-15
D0005075,E0004073,P000606,I10,Essential (primary) hypertension,1,2026-09-15
D0005076,E0004074,P000937,Z00.00,Encounter for general adult medical examination without abnormal findings,1,2026-09-15
D0005077,E0004075,P001129,E11.9,Type 2 diabetes mellitus without complications,1,2026-09-15
D0005078,E0004076,P000343,J44.9,"Chronic obstructive pulmonary disease, unspecified",1,2026-09-15
D0005079,E0004077,P000421,Z23,Encounter for immunization,1,2026-09-15
D0005080,E0004078,P001190,I10,Essential (primary) hypertension,1,2026-09-15
D0005081,E0004079,P000711,Z00.00,Encounter for general adult medical examination without abnormal findings,1,2026-09-15
D0005082,E0004080,P000996,E11.9,Type 2 diabetes mellitus without complications,1,2026-09-15
D0005083,E0004081,P000946,J44.9,"Chronic obstructive pulmonary disease, unspecified",1,2026-09-15
D0005084,E0004082,P000625,M54.50,"Low back pain, unspecified",1,2026-09-16
D0005085,E0004083,P000467,J06.9,"Acute upper respiratory infection, unspecified",1,2026-09-16
D0005086,E0004084,P000330,J06.9,"Acute upper respiratory infection, unspecified",1,2026-09-16
D0005087,E0004085,P000105,Z00.00,Encounter for general adult medical examination without abnormal findings,1,2026-09-16
D0005088,E0004086,P000590,E78.5,"Hyperlipidemia, unspecified",1,2026-09-16
D0005089,E0004087,P000505,E11.9,Type 2 diabetes mellitus without complications,1,2026-09-17
D0005090,E0004088,P001186,J06.9,"Acute upper respiratory infection, unspecified",1,2026-09-17
D0005091,E0004089,P000051,J06.9,"Acute upper respiratory infection, unspecified",1,2026-09-17
D0005092,E0004090,P000307,Z00.00,Encounter for general adult medical examination without abnormal findings,1,2026-09-17
D0005093,E0004091,P000153,Z00.00,Encounter for general adult medical examination without abnormal findings,1,2026-09-17
D0005094,E0004092,P001211,R07.9,"Chest pain, unspecified",1,2026-09-17
D0005095,E0004092,P001211,I10,Essential (primary) hypertension,0,2026-09-17
D0005096,E0004093,P000130,Z00.00,Encounter for general adult medical examination without abnormal findings,1,2026-09-18
D0005097,E0004094,P001213,N18.9,"Chronic kidney disease, unspecified",1,2026-09-18
D0005098,E0004095,P000333,E11.9,Type 2 diabetes mellitus without complications,1,2026-09-18
D0005099,E0004096,P000662,E78.5,"Hyperlipidemia, unspecified",1,2026-09-18
D0005100,E0004097,P000247,R10.9,Unspecified abdominal pain,1,2026-09-18
D0005101,E0004098,P000955,T14.90XA,"Injury, unspecified, initial encounter",1,2026-09-18
D0005102,E0004098,P000955,I50.9,"Heart failure, unspecified",0,2026-09-18
D0005103,E0004099,P000095,R55,Syncope and collapse,1,2026-09-18
D0005104,E0004099,P000095,E11.9,Type 2 diabetes mellitus without complications,0,2026-09-18
D0005105,E0004100,P000947,N39.0,"Urinary tract infection, site not specified",1,2026-09-19
D0005106,E0004101,P000860,I48.91,Unspecified atrial fibrillation,1,2026-09-19
D0005107,E0004101,P000860,I50.9,"Heart failure, unspecified",0,2026-09-19
D0005108,E0004102,P000996,R10.9,Unspecified abdominal pain,1,2026-09-19
D0005109,E0004103,P001266,I21.4,Non-ST elevation (NSTEMI) myocardial infarction,1,2026-09-19
D0005110,E0004104,P001266,I21.4,Non-ST elevation (NSTEMI) myocardial infarction,1,2026-09-20
D0005111,E0004104,P001266,E11.9,Type 2 diabetes mellitus without complications,0,2026-09-20
D0005112,E0004104,P001266,N18.9,"Chronic kidney disease, unspecified",0,2026-09-20
D0005113,E0004105,P000414,J45.909,"Unspecified asthma, uncomplicated",1,2026-09-20
D0005114,E0004106,P001023,N39.0,"Urinary tract infection, site not specified",1,2026-09-20
D0005115,E0004106,P001023,I10,Essential (primary) hypertension,0,2026-09-20
D0005116,E0004107,P001106,R07.9,"Chest pain, unspecified",1,2026-09-20
D0005117,E0004108,P001106,R07.9,"Chest pain, unspecified",1,2026-09-20
D0005118,E0004109,P000357,J06.9,"Acute upper respiratory infection, unspecified",1,2026-09-21
D0005119,E0004110,P000109,I10,Essential (primary) hypertension,1,2026-09-21
D0005120,E0004111,P000512,I50.32,Chronic diastolic (congestive) heart failure,1,2026-09-21
D0005121,E0004112,P001215,E11.9,Type 2 diabetes mellitus without complications,1,2026-09-21
D0005122,E0004113,P001223,Z23,Encounter for immunization,1,2026-09-21
D0005123,E0004114,P001349,Z00.00,Encounter for general adult medical examination without abnormal findings,1,2026-09-21
D0005124,E0004115,P000428,N18.9,"Chronic kidney disease, unspecified",1,2026-09-21
D0005125,E0004116,P000825,I10,Essential (primary) hypertension,1,2026-09-21
D0005126,E0004117,P000598,R55,Syncope and collapse,1,2026-09-21
D0005127,E0004118,P000602,I10,Essential (primary) hypertension,1,2026-09-21
D0005128,E0004119,P000494,J44.1,Chronic obstructive pulmonary disease with (acute) exacerbation,1,2026-09-21
D0005129,E0004119,P000494,E11.9,Type 2 diabetes mellitus without complications,0,2026-09-21
D0005130,E0004119,P000494,I10,Essential (primary) hypertension,0,2026-09-21
D0005131,E0004120,P000764,I10,Essential (primary) hypertension,1,2026-09-22
D0005132,E0004121,P000392,J44.9,"Chronic obstructive pulmonary disease, unspecified",1,2026-09-22
D0005133,E0004122,P001269,I50.23,Acute on chronic systolic (congestive) heart failure,1,2026-09-22
D0005134,E0004122,P001269,I10,Essential (primary) hypertension,0,2026-09-22
D0005135,E0004123,P000933,I10,Essential (primary) hypertension,1,2026-09-23
D0005136,E0004124,P001021,I50.9,"Heart failure, unspecified",1,2026-09-23
D0005137,E0004124,P001021,E78.5,"Hyperlipidemia, unspecified",0,2026-09-23
D0005138,E0004125,P000416,J44.9,"Chronic obstructive pulmonary disease, unspecified",1,2026-09-23
D0005139,E0004126,P000069,I50.9,"Heart failure, unspecified",1,2026-09-23
D0005140,E0004127,P001153,I10,Essential (primary) hypertension,1,2026-09-23
D0005141,E0004128,P000074,N39.0,"Urinary tract infection, site not specified",1,2026-09-23
D0005142,E0004129,P000781,K21.9,Gastro-esophageal reflux disease without esophagitis,1,2026-09-23
D0005143,E0004130,P000888,R10.9,Unspecified abdominal pain,1,2026-09-23
D0005144,E0004131,P000007,I50.22,Chronic systolic (congestive) heart failure,1,2026-09-23
D0005145,E0004132,P000425,E11.65,Type 2 diabetes mellitus with hyperglycemia,1,2026-09-23
D0005146,E0004132,P000425,I10,Essential (primary) hypertension,0,2026-09-23
D0005147,E0004132,P000425,E78.5,"Hyperlipidemia, unspecified",0,2026-09-23
D0005148,E0004133,P000957,I50.22,Chronic systolic (congestive) heart failure,1,2026-09-23
D0005149,E0004134,P000957,I50.22,Chronic systolic (congestive) heart failure,1,2026-09-23
D0005150,E0004134,P000957,E11.9,Type 2 diabetes mellitus without complications,0,2026-09-23
D0005151,E0004135,P001311,J06.9,"Acute upper respiratory infection, unspecified",1,2026-09-24
D0005152,E0004136,P000979,I21.4,Non-ST elevation (NSTEMI) myocardial infarction,1,2026-09-24
D0005153,E0004137,P001192,J44.9,"Chronic obstructive pulmonary disease, unspecified",1,2026-09-24
D0005154,E0004138,P000206,J45.909,"Unspecified asthma, uncomplicated",1,2026-09-24
D0005155,E0004138,P000206,I10,Essential (primary) hypertension,0,2026-09-24
D0005156,E0004139,P000491,Z00.00,Encounter for general adult medical examination without abnormal findings,1,2026-09-24
D0005157,E0004140,P000930,J44.9,"Chronic obstructive pulmonary disease, unspecified",1,2026-09-24
D0005158,E0004141,P001106,R07.9,"Chest pain, unspecified",1,2026-09-24
D0005159,E0004142,P000979,I21.4,Non-ST elevation (NSTEMI) myocardial infarction,1,2026-09-24
D0005160,E0004142,P000979,I50.9,"Heart failure, unspecified",0,2026-09-24
D0005161,E0004142,P000979,N18.9,"Chronic kidney disease, unspecified",0,2026-09-24
D0005162,E0004143,P001023,N39.0,"Urinary tract infection, site not specified",1,2026-09-24
D0005163,E0004144,P000526,J06.9,"Acute upper respiratory infection, unspecified",1,2026-09-24
D0005164,E0004145,P000981,Z23,Encounter for immunization,1,2026-09-25
D0005165,E0004146,P001353,Z00.00,Encounter for general adult medical examination without abnormal findings,1,2026-09-25
D0005166,E0004147,P000018,I48.91,Unspecified atrial fibrillation,1,2026-09-25
D0005167,E0004148,P001105,I50.32,Chronic diastolic (congestive) heart failure,1,2026-09-25
D0005168,E0004149,P000333,Z00.00,Encounter for general adult medical examination without abnormal findings,1,2026-09-25
D0005169,E0004150,P000915,E11.9,Type 2 diabetes mellitus without complications,1,2026-09-25
D0005170,E0004151,P000018,I48.91,Unspecified atrial fibrillation,1,2026-09-25
D0005171,E0004151,P000018,E11.9,Type 2 diabetes mellitus without complications,0,2026-09-25
D0005172,E0004151,P000018,E78.5,"Hyperlipidemia, unspecified",0,2026-09-25
D0005173,E0004152,P000201,K92.2,"Gastrointestinal hemorrhage, unspecified",1,2026-09-25
D0005174,E0004152,P000201,N18.9,"Chronic kidney disease, unspecified",0,2026-09-25
D0005175,E0004152,P000201,I10,Essential (primary) hypertension,0,2026-09-25
D0005176,E0004153,P000803,R07.9,"Chest pain, unspecified",1,2026-09-26
D0005177,E0004154,P000036,J45.909,"Unspecified asthma, uncomplicated",1,2026-09-26
D0005178,E0004154,P000036,J44.9,"Chronic obstructive pulmonary disease, unspecified",0,2026-09-26
D0005179,E0004155,P000722,I50.9,"Heart failure, unspecified",1,2026-09-28
D0005180,E0004156,P000625,Z00.00,Encounter for general adult medical examination without abnormal findings,1,2026-09-28
D0005181,E0004157,P000837,M54.50,"Low back pain, unspecified",1,2026-09-28
D0005182,E0004158,P000634,M54.50,"Low back pain, unspecified",1,2026-09-28
D0005183,E0004159,P000446,J44.9,"Chronic obstructive pulmonary disease, unspecified",1,2026-09-28
D0005184,E0004160,P000345,E78.5,"Hyperlipidemia, unspecified",1,2026-09-28
D0005185,E0004161,P000436,Z00.00,Encounter for general adult medical examination without abnormal findings,1,2026-09-28
D0005186,E0004162,P000309,Z23,Encounter for immunization,1,2026-09-29
D0005187,E0004163,P000733,I10,Essential (primary) hypertension,1,2026-09-29
D0005188,E0004164,P001134,N39.0,"Urinary tract infection, site not specified",1,2026-09-29
D0005189,E0004165,P000192,R10.9,Unspecified abdominal pain,1,2026-09-29
D0005190,E0004166,P001258,Z00.00,Encounter for general adult medical examination without abnormal findings,1,2026-09-29
D0005191,E0004167,P000690,E11.9,Type 2 diabetes mellitus without complications,1,2026-09-29
D0005192,E0004168,P001011,I10,Essential (primary) hypertension,1,2026-09-29
D0005193,E0004169,P000193,I50.9,"Heart failure, unspecified",1,2026-09-29
D0005194,E0004170,P000239,I50.9,"Heart failure, unspecified",1,2026-09-30
