encounter_id,patient_id,facility_id,provider_id,encounter_type,visit_reason,admit_ts,discharge_ts,length_of_stay_days,discharge_disposition
E0000001,P000920,F12,PR0088,outpatient,acute_episode,2025-04-01 08:15:00,2025-04-01 08:58:00,0,home
E0000002,P000162,F06,PR0065,outpatient,chronic_management,2025-04-01 08:30:00,2025-04-01 08:59:00,0,home
E0000003,P001011,F15,PR0097,outpatient,chronic_management,2025-04-01 10:15:00,2025-04-01 10:41:00,0,home
E0000004,P000782,F03,PR0051,ED,emergency,2025-04-01 11:22:00,2025-04-01 15:16:00,0,home
E0000005,P001298,F08,PR0071,outpatient,chronic_management,2025-04-01 12:00:00,2025-04-01 12:55:00,0,home
E0000006,P000886,F09,PR0076,outpatient,acute_episode,2025-04-01 12:30:00,2025-04-01 12:50:00,0,home
E0000007,P000752,F09,PR0075,outpatient,chronic_management,2025-04-01 13:15:00,2025-04-01 13:38:00,0,home
E0000008,P000297,F08,PR0074,outpatient,chronic_management,2025-04-01 14:15:00,2025-04-01 15:24:00,0,home
E0000009,P000013,F09,PR0075,outpatient,acute_episode,2025-04-02 08:00:00,2025-04-02 08:40:00,0,home
E0000010,P000223,F03,PR0050,ED,emergency,2025-04-02 09:33:00,2025-04-02 13:33:00,0,admitted
E0000011,P000634,F04,PR0057,outpatient,preventive,2025-04-02 11:15:00,2025-04-02 12:18:00,0,home
E0000012,P000957,F11,PR0085,outpatient,preventive,2025-04-02 11:45:00,2025-04-02 12:31:00,0,home
E0000013,P000319,F06,PR0064,outpatient,chronic_management,2025-04-02 12:30:00,2025-04-02 12:57:00,0,home
E0000014,P000326,F07,PR0070,outpatient,acute_episode,2025-04-02 12:45:00,2025-04-02 13:43:00,0,home
E0000015,P000223,F03,PR0037,inpatient,emergency_admission,2025-04-02 13:33:00,2025-04-05 16:50:00,3,home
E0000016,P000434,F08,PR0073,outpatient,preventive,2025-04-02 14:00:00,2025-04-02 15:11:00,0,home
E0000017,P000684,F08,PR0072,outpatient,chronic_management,2025-04-02 15:45:00,2025-04-02 16:35:00,0,home
E0000018,P000855,F03,PR0043,inpatient,direct_admission,2025-04-02 16:44:00,2025-04-04 10:33:00,2,home
E0000019,P000462,F01,PR0014,ED,emergency,2025-04-02 20:55:00,2025-04-03 01:51:00,0,home
E0000020,P000097,F03,PR0042,outpatient,preventive,2025-04-03 09:00:00,2025-04-03 09:22:00,0,home
E0000021,P001292,F09,PR0077,outpatient,chronic_management,2025-04-03 13:30:00,2025-04-03 13:58:00,0,home
E0000022,P000109,F10,PR0080,outpatient,chronic_management,2025-04-03 15:00:00,2025-04-03 15:24:00,0,home
E0000023,P001322,F02,PR0019,inpatient,direct_admission,2025-04-03 18:51:00,2025-04-08 17:32:00,5,expired
E0000024,P000896,F03,PR0052,ED,emergency,2025-04-03 19:15:00,2025-04-04 01:11:00,0,home
E0000025,P000558,F01,PR0004,inpatient,elective_admission,2025-04-04 07:20:00,2025-04-08 12:36:00,4,ama
E0000026,P000211,F05,PR0062,outpatient,acute_episode,2025-04-04 08:00:00,2025-04-04 08:29:00,0,home
E0000027,P000501,F09,PR0078,outpatient,chronic_management,2025-04-04 08:45:00,2025-04-04 09:53:00,0,home
E0000028,P000197,F01,PR0011,outpatient,chronic_management,2025-04-04 09:15:00,2025-04-04 09:35:00,0,home
E0000029,P000235,F05,PR0059,outpatient,preventive,2025-04-04 10:00:00,2025-04-04 10:54:00,0,home
E0000030,P000292,F06,PR0065,outpatient,acute_episode,2025-04-04 10:00:00,2025-04-04 10:50:00,0,home
E0000031,P000311,F08,PR0072,outpatient,acute_episode,2025-04-04 11:30:00,2025-04-04 12:27:00,0,home
E0000032,P001057,F01,PR0017,ED,emergency,2025-04-04 12:08:00,2025-04-04 20:24:00,0,home
E0000033,P000477,F06,PR0064,outpatient,acute_episode,2025-04-04 15:30:00,2025-04-04 16:02:00,0,home
E0000034,P001065,F07,PR0068,outpatient,chronic_management,2025-04-04 16:45:00,2025-04-04 17:37:00,0,home
E0000035,P001308,F03,PR0052,ED,emergency,2025-04-04 21:28:00,2025-04-05 02:28:00,0,admitted
E0000036,P001308,F03,PR0037,inpatient,emergency_admission,2025-04-05 02:28:00,2025-04-12 11:36:00,7,snf
E0000037,P000792,F03,PR0039,inpatient,direct_admission,2025-04-05 07:10:00,2025-04-11 10:05:00,6,home
E0000038,P000562,F02,PR0032,ED,emergency,2025-04-05 09:17:00,2025-04-05 16:17:00,0,admitted
E0000039,P000562,F02,PR0021,inpatient,emergency_admission,2025-04-05 16:17:00,2025-04-08 11:33:00,3,home
E0000040,P000701,F03,PR0050,ED,emergency,2025-04-06 11:50:00,2025-04-06 13:50:00,0,admitted
E0000041,P001220,F01,PR0013,ED,emergency,2025-04-06 11:56:00,2025-04-06 13:56:00,0,admitted
E0000042,P000701,F03,PR0042,inpatient,emergency_admission,2025-04-06 13:50:00,2025-04-10 16:26:00,4,home
E0000043,P001220,F01,PR0005,inpatient,emergency_admission,2025-04-06 13:56:00,2025-04-14 16:27:00,8,home
E0000044,P001211,F01,PR0013,ED,emergency,2025-04-06 17:01:00,2025-04-07 00:03:00,0,home
E0000045,P000464,F02,PR0035,ED,emergency,2025-04-07 01:13:00,2025-04-07 08:13:00,0,admitted
E0000046,P000464,F02,PR0021,inpatient,emergency_admission,2025-04-07 08:13:00,2025-04-11 11:04:00,4,home
E0000047,P001238,F08,PR0072,outpatient,acute_episode,2025-04-07 10:00:00,2025-04-07 11:02:00,0,home
E0000048,P000642,F01,PR0016,ED,emergency,2025-04-07 11:50:00,2025-04-07 18:54:00,0,home
E0000049,P000106,F15,PR0099,outpatient,preventive,2025-04-07 12:45:00,2025-04-07 13:52:00,0,home
E0000050,P000351,F05,PR0061,outpatient,acute_episode,2025-04-08 09:00:00,2025-04-08 10:00:00,0,home
E0000051,P000728,F09,PR0076,outpatient,preventive,2025-04-08 09:00:00,2025-04-08 10:06:00,0,home
E0000052,P001386,F08,PR0071,outpatient,acute_episode,2025-04-08 09:45:00,2025-04-08 10:49:00,0,home
E0000053,P000164,F08,PR0074,outpatient,acute_episode,2025-04-08 10:45:00,2025-04-08 11:21:00,0,home
E0000054,P001204,F13,PR0092,outpatient,preventive,2025-04-08 11:30:00,2025-04-08 12:40:00,0,home
E0000055,P001203,F04,PR0056,outpatient,preventive,2025-04-08 13:15:00,2025-04-08 13:39:00,0,home
E0000056,P000781,F03,PR0038,outpatient,preventive,2025-04-08 15:00:00,2025-04-08 15:54:00,0,home
E0000057,P001317,F01,PR0007,inpatient,elective_admission,2025-04-08 19:38:00,2025-04-13 12:23:00,5,home
E0000058,P001310,F01,PR0014,ED,emergency,2025-04-09 08:50:00,2025-04-09 14:50:00,0,admitted
E0000059,P000148,F15,PR0097,outpatient,acute_episode,2025-04-09 09:30:00,2025-04-09 10:03:00,0,home
E0000060,P000991,F08,PR0073,outpatient,chronic_management,2025-04-09 09:30:00,2025-04-09 10:31:00,0,home
E0000061,P001157,F05,PR0059,outpatient,preventive,2025-04-09 12:00:00,2025-04-09 13:08:00,0,home
E0000062,P001310,F01,PR0001,inpatient,emergency_admission,2025-04-09 14:50:00,2025-04-13 17:44:00,4,home
E0000063,P001136,F07,PR0069,outpatient,chronic_management,2025-04-09 15:15:00,2025-04-09 16:00:00,0,home
E0000064,P000182,F05,PR0059,outpatient,preventive,2025-04-09 16:45:00,2025-04-09 17:24:00,0,home
E0000065,P000435,F09,PR0078,outpatient,chronic_management,2025-04-10 08:30:00,2025-04-10 09:23:00,0,home
E0000066,P000941,F03,PR0054,ED,emergency,2025-04-10 11:48:00,2025-04-10 16:48:00,0,home
E0000067,P000214,F09,PR0075,outpatient,chronic_management,2025-04-10 13:00:00,2025-04-10 13:25:00,0,home
E0000068,P000955,F01,PR0009,inpatient,direct_admission,2025-04-10 19:41:00,2025-04-16 16:59:00,6,home_health
E0000069,P000429,F09,PR0076,outpatient,chronic_management,2025-04-11 08:30:00,2025-04-11 09:42:00,0,home
E0000070,P000687,F04,PR0057,outpatient,acute_episode,2025-04-11 09:00:00,2025-04-11 10:04:00,0,home
E0000071,P001268,F07,PR0070,outpatient,preventive,2025-04-11 09:45:00,2025-04-11 10:10:00,0,home
E0000072,P000543,F15,PR0097,outpatient,acute_episode,2025-04-11 11:15:00,2025-04-11 12:24:00,0,home
E0000073,P000635,F05,PR0061,outpatient,preventive,2025-04-11 11:45:00,2025-04-11 12:19:00,0,home
E0000074,P000347,F11,PR0085,outpatient,preventive,2025-04-11 12:00:00,2025-04-11 12:39:00,0,home
E0000075,P001203,F04,PR0056,outpatient,chronic_management,2025-04-11 12:15:00,2025-04-11 13:14:00,0,home
E0000076,P000349,F09,PR0077,outpatient,preventive,2025-04-11 13:15:00,2025-04-11 14:12:00,0,home
E0000077,P001234,F01,PR0016,ED,emergency,2025-04-11 14:18:00,2025-04-11 22:40:00,0,home
E0000078,P000428,F03,PR0054,ED,emergency,2025-04-11 14:40:00,2025-04-11 17:40:00,0,admitted
E0000079,P001395,F01,PR0015,ED,emergency,2025-04-11 17:33:00,2025-04-11 19:33:00,0,admitted
E0000080,P000428,F03,PR0040,inpatient,emergency_admission,2025-04-11 17:40:00,2025-04-17 14:25:00,6,rehab
E0000081,P001395,F01,PR0004,inpatient,emergency_admission,2025-04-11 19:33:00,2025-04-13 13:26:00,2,home
E0000082,P001216,F01,PR0015,ED,emergency,2025-04-11 20:31:00,2025-04-12 00:31:00,0,admitted
E0000083,P001216,F01,PR0001,inpatient,emergency_admission,2025-04-12 00:31:00,2025-04-15 11:31:00,3,home
E0000084,P000489,F03,PR0051,ED,emergency,2025-04-13 12:49:00,2025-04-13 16:49:00,0,admitted
E0000085,P000489,F03,PR0037,inpatient,emergency_admission,2025-04-13 16:49:00,2025-04-21 16:49:00,8,home_health
E0000086,P001060,F06,PR0064,outpatient,chronic_management,2025-04-14 08:00:00,2025-04-14 08:48:00,0,home
E0000087,P000879,F07,PR0069,outpatient,preventive,2025-04-14 08:15:00,2025-04-14 08:56:00,0,home
E0000088,P000792,F04,PR0058,outpatient,post_discharge_followup,2025-04-14 10:00:00,2025-04-14 10:20:00,0,home
E0000089,P000324,F04,PR0057,outpatient,chronic_management,2025-04-14 12:30:00,2025-04-14 13:00:00,0,home
E0000090,P001310,F01,PR0013,ED,emergency,2025-04-14 14:06:00,2025-04-14 19:06:00,0,admitted
E0000091,P000809,F02,PR0033,ED,emergency,2025-04-14 14:17:00,2025-04-14 22:37:00,0,home
E0000092,P000065,F04,PR0055,outpatient,preventive,2025-04-14 16:00:00,2025-04-14 16:32:00,0,home
E0000093,P000434,F03,PR0050,ED,emergency,2025-04-14 16:04:00,2025-04-14 17:47:00,0,home
E0000094,P001310,F01,PR0008,inpatient,emergency_admission,2025-04-14 19:06:00,2025-04-19 10:13:00,5,home_health
E0000095,P000592,F01,PR0002,inpatient,direct_admission,2025-04-14 20:05:00,2025-04-20 16:55:00,6,snf
E0000096,P000717,F12,PR0089,outpatient,preventive,2025-04-15 09:00:00,2025-04-15 10:03:00,0,home
E0000097,P001292,F02,PR0021,inpatient,direct_admission,2025-04-15 09:45:00,2025-04-18 11:43:00,3,rehab
E0000098,P000363,F01,PR0015,ED,emergency,2025-04-15 10:00:00,2025-04-15 15:00:00,0,admitted
E0000099,P001317,F04,PR0056,outpatient,post_discharge_followup,2025-04-15 10:30:00,2025-04-15 10:56:00,0,home
E0000100,P000363,F01,PR0003,inpatient,emergency_admission,2025-04-15 15:00:00,2025-04-18 16:36:00,3,home
E0000101,P000451,F08,PR0072,outpatient,chronic_management,2025-04-15 15:30:00,2025-04-15 16:09:00,0,home
E0000102,P000136,F11,PR0085,outpatient,chronic_management,2025-04-15 16:15:00,2025-04-15 17:25:00,0,home
E0000103,P000752,F09,PR0076,outpatient,chronic_management,2025-04-16 09:30:00,2025-04-16 10:06:00,0,home
E0000104,P000676,F07,PR0069,outpatient,preventive,2025-04-16 10:00:00,2025-04-16 10:48:00,0,home
E0000105,P001158,F08,PR0072,outpatient,chronic_management,2025-04-16 11:30:00,2025-04-16 12:03:00,0,home
E0000106,P000276,F01,PR0013,ED,emergency,2025-04-16 12:15:00,2025-04-16 18:15:00,0,admitted
E0000107,P001391,F01,PR0003,inpatient,elective_admission,2025-04-16 12:28:00,2025-04-21 12:40:00,5,home_health
E0000108,P000094,F08,PR0071,outpatient,acute_episode,2025-04-16 13:15:00,2025-04-16 13:41:00,0,home
E0000109,P001288,F01,PR0018,ED,emergency,2025-04-16 14:39:00,2025-04-16 18:39:00,0,admitted
E0000110,P001264,F11,PR0083,outpatient,acute_episode,2025-04-16 16:15:00,2025-04-16 16:50:00,0,home
E0000111,P001040,F02,PR0033,ED,emergency,2025-04-16 17:43:00,2025-04-16 22:32:00,0,home
E0000112,P000276,F01,PR0007,inpatient,emergency_admission,2025-04-16 18:15:00,2025-04-19 14:12:00,3,home
E0000113,P001288,F01,PR0003,inpatient,emergency_admission,2025-04-16 18:39:00,2025-04-19 14:09:00,3,home_health
E0000114,P000358,F03,PR0053,ED,emergency,2025-04-16 20:47:00,2025-04-17 02:39:00,0,home
E0000115,P000846,F01,PR0001,inpatient,elective_admission,2025-04-16 23:31:00,2025-04-17 11:48:00,1,snf
E0000116,P001063,F01,PR0016,ED,emergency,2025-04-17 06:41:00,2025-04-17 08:41:00,0,admitted
E0000117,P001048,F02,PR0034,ED,emergency,2025-04-17 07:52:00,2025-04-17 10:52:00,0,admitted
E0000118,P001063,F01,PR0007,inpatient,emergency_admission,2025-04-17 08:41:00,2025-04-20 11:32:00,3,home
E0000119,P001158,F01,PR0014,ED,emergency,2025-04-17 08:58:00,2025-04-17 17:23:00,0,home
E0000120,P001099,F04,PR0056,outpatient,preventive,2025-04-17 10:45:00,2025-04-17 11:39:00,0,home
E0000121,P001048,F02,PR0021,inpatient,emergency_admission,2025-04-17 10:52:00,2025-04-25 10:03:00,8,home
E0000122,P000918,F14,PR0095,outpatient,preventive,2025-04-17 13:30:00,2025-04-17 13:55:00,0,home
E0000123,P000045,F07,PR0068,outpatient,preventive,2025-04-17 15:15:00,2025-04-17 15:54:00,0,home
E0000124,P001128,F07,PR0068,outpatient,acute_episode,2025-04-17 15:45:00,2025-04-17 16:32:00,0,home
E0000125,P000497,F03,PR0049,ED,emergency,2025-04-17 19:04:00,2025-04-17 23:04:00,0,admitted
E0000126,P001386,F01,PR0016,ED,emergency,2025-04-17 20:52:00,2025-04-18 01:01:00,0,home
E0000127,P000497,F03,PR0039,inpatient,emergency_admission,2025-04-17 23:04:00,2025-04-21 17:13:00,4,home
E0000128,P001084,F03,PR0049,ED,emergency,2025-04-18 07:57:00,2025-04-18 12:57:00,0,admitted
E0000129,P000813,F09,PR0076,outpatient,chronic_management,2025-04-18 09:00:00,2025-04-18 09:28:00,0,home
E0000130,P001084,F03,PR0043,inpatient,emergency_admission,2025-04-18 12:57:00,2025-04-23 17:47:00,5,home
E0000131,P000307,F07,PR0068,outpatient,chronic_management,2025-04-18 13:00:00,2025-04-18 13:28:00,0,home
E0000132,P000110,F06,PR0066,outpatient,chronic_management,2025-04-18 14:15:00,2025-04-18 15:03:00,0,home
E0000133,P000324,F02,PR0036,ED,emergency,2025-04-18 14:20:00,2025-04-18 18:20:00,0,admitted
E0000134,P000324,F02,PR0020,inpatient,emergency_admission,2025-04-18 18:20:00,2025-04-22 14:47:00,4,home
E0000135,P000240,F02,PR0023,inpatient,direct_admission,2025-04-18 23:24:00,2025-04-20 14:37:00,2,home
E0000136,P001334,F01,PR0018,ED,emergency,2025-04-19 05:01:00,2025-04-19 07:01:00,0,admitted
E0000137,P001334,F01,PR0004,inpatient,emergency_admission,2025-04-19 07:01:00,2025-04-28 13:08:00,9,home_health
E0000138,P000453,F01,PR0005,inpatient,elective_admission,2025-04-20 16:07:00,2025-04-23 11:49:00,3,home
E0000139,P001186,F01,PR0001,inpatient,elective_admission,2025-04-20 18:23:00,2025-04-26 12:39:00,6,snf
E0000140,P000396,F08,PR0074,outpatient,preventive,2025-04-21 09:30:00,2025-04-21 09:53:00,0,home
E0000141,P001178,F08,PR0071,outpatient,acute_episode,2025-04-21 09:30:00,2025-04-21 10:38:00,0,home
E0000142,P000969,F05,PR0060,outpatient,chronic_management,2025-04-21 09:45:00,2025-04-21 10:19:00,0,home
E0000143,P000490,F06,PR0063,outpatient,preventive,2025-04-21 11:00:00,2025-04-21 11:45:00,0,home
E0000144,P001216,F15,PR0099,outpatient,post_discharge_followup,2025-04-21 12:30:00,2025-04-21 13:24:00,0,home
E0000145,P001003,F04,PR0058,outpatient,preventive,2025-04-21 12:45:00,2025-04-21 13:19:00,0,home
E0000146,P000426,F03,PR0037,outpatient,chronic_management,2025-04-21 13:15:00,2025-04-21 14:07:00,0,home
E0000147,P001389,F01,PR0007,inpatient,elective_admission,2025-04-21 14:23:00,2025-04-26 14:07:00,5,home
E0000148,P000868,F01,PR0016,ED,emergency,2025-04-22 02:45:00,2025-04-22 09:45:00,0,admitted
E0000149,P001101,F06,PR0065,outpatient,preventive,2025-04-22 08:00:00,2025-04-22 08:34:00,0,home
E0000150,P001014,F05,PR0059,outpatient,preventive,2025-04-22 09:15:00,2025-04-22 09:44:00,0,home
E0000151,P000868,F01,PR0005,inpatient,emergency_admission,2025-04-22 09:45:00,2025-04-26 10:08:00,4,home
E0000152,P001148,F13,PR0091,outpatient,acute_episode,2025-04-22 09:45:00,2025-04-22 10:33:00,0,home
E0000153,P000888,F03,PR0051,ED,emergency,2025-04-22 11:37:00,2025-04-22 16:37:00,0,admitted
E0000154,P000440,F08,PR0074,outpatient,acute_episode,2025-04-22 13:30:00,2025-04-22 14:35:00,0,home
E0000155,P000347,F08,PR0072,outpatient,acute_episode,2025-04-22 14:45:00,2025-04-22 15:52:00,0,home
E0000156,P000733,F15,PR0099,outpatient,chronic_management,2025-04-22 14:45:00,2025-04-22 15:29:00,0,home
E0000157,P000888,F03,PR0039,inpatient,emergency_admission,2025-04-22 16:37:00,2025-05-02 17:28:00,10,home
E0000158,P000148,F03,PR0047,inpatient,direct_admission,2025-04-22 19:12:00,2025-04-27 10:12:00,5,hospice
E0000159,P001284,F02,PR0034,ED,emergency,2025-04-22 19:12:00,2025-04-23 00:12:00,0,admitted
E0000160,P001284,F02,PR0023,inpatient,emergency_admission,2025-04-23 00:12:00,2025-04-26 11:24:00,3,rehab
E0000161,P000244,F07,PR0068,outpatient,acute_episode,2025-04-23 09:15:00,2025-04-23 09:50:00,0,home
E0000162,P001383,F03,PR0042,inpatient,direct_admission,2025-04-23 09:48:00,2025-05-02 12:39:00,9,home_health
E0000163,P000905,F05,PR0062,outpatient,chronic_management,2025-04-23 10:00:00,2025-04-23 10:51:00,0,home
E0000164,P000448,F05,PR0061,outpatient,chronic_management,2025-04-23 10:30:00,2025-04-23 10:53:00,0,home
E0000165,P001067,F03,PR0041,outpatient,chronic_management,2025-04-23 10:30:00,2025-04-23 11:28:00,0,home
E0000166,P001288,F07,PR0068,outpatient,post_discharge_followup,2025-04-23 11:15:00,2025-04-23 11:48:00,0,home
E0000167,P000497,F07,PR0067,outpatient,post_discharge_followup,2025-04-23 12:30:00,2025-04-23 13:35:00,0,home
E0000168,P000855,F10,PR0079,outpatient,post_discharge_followup,2025-04-23 13:00:00,2025-04-23 13:23:00,0,home
E0000169,P000276,F10,PR0082,outpatient,post_discharge_followup,2025-04-23 14:45:00,2025-04-23 15:43:00,0,home
E0000170,P001243,F01,PR0015,ED,emergency,2025-04-23 14:56:00,2025-04-23 19:56:00,0,admitted
E0000171,P001243,F01,PR0007,inpatient,emergency_admission,2025-04-23 19:56:00,2025-04-30 17:39:00,7,home
E0000172,P001308,F03,PR0054,ED,emergency,2025-04-23 19:58:00,2025-04-23 22:43:00,0,home
E0000173,P000830,F10,PR0082,outpatient,chronic_management,2025-04-24 08:00:00,2025-04-24 08:47:00,0,home
E0000174,P000246,F01,PR0005,outpatient,acute_episode,2025-04-24 09:45:00,2025-04-24 10:12:00,0,home
E0000175,P000029,F05,PR0062,outpatient,preventive,2025-04-24 10:15:00,2025-04-24 11:20:00,0,home
E0000176,P000957,F10,PR0079,outpatient,preventive,2025-04-24 10:15:00,2025-04-24 10:40:00,0,home
E0000177,P001025,F15,PR0097,outpatient,preventive,2025-04-24 12:30:00,2025-04-24 12:53:00,0,home
E0000178,P000599,F01,PR0018,ED,emergency,2025-04-24 13:54:00,2025-04-24 20:12:00,0,home
E0000179,P001241,F01,PR0004,inpatient,elective_admission,2025-04-24 20:55:00,2025-04-29 12:14:00,5,home
E0000180,P000497,F07,PR0068,outpatient,acute_episode,2025-04-25 08:15:00,2025-04-25 08:51:00,0,home
E0000181,P000670,F07,PR0070,outpatient,acute_episode,2025-04-25 08:15:00,2025-04-25 08:56:00,0,home
E0000182,P001391,F11,PR0084,outpatient,post_discharge_followup,2025-04-25 09:00:00,2025-04-25 09:24:00,0,home
E0000183,P000807,F05,PR0061,outpatient,acute_episode,2025-04-25 13:15:00,2025-04-25 13:44:00,0,home
E0000184,P001052,F06,PR0066,outpatient,preventive,2025-04-25 13:15:00,2025-04-25 14:02:00,0,home
E0000185,P000293,F03,PR0040,outpatient,acute_episode,2025-04-25 13:45:00,2025-04-25 14:47:00,0,home
E0000186,P001056,F08,PR0072,outpatient,chronic_management,2025-04-25 14:00:00,2025-04-25 15:14:00,0,home
E0000187,P000464,F10,PR0081,outpatient,post_discharge_followup,2025-04-25 15:00:00,2025-04-25 15:24:00,0,home
E0000188,P000276,F01,PR0017,ED,emergency,2025-04-25 17:20:00,2025-04-25 21:04:00,0,home
E0000189,P000265,F02,PR0035,ED,emergency,2025-04-26 11:02:00,2025-04-26 15:09:00,0,home
E0000190,P000677,F03,PR0051,ED,emergency,2025-04-27 12:09:00,2025-04-27 15:09:00,0,admitted
E0000191,P000677,F03,PR0041,inpatient,emergency_admission,2025-04-27 15:09:00,2025-05-07 12:49:00,10,home
E0000192,P000363,F01,PR0006,inpatient,direct_admission,2025-04-27 17:12:00,2025-05-01 17:30:00,4,snf
E0000193,P000245,F15,PR0097,outpatient,chronic_management,2025-04-28 08:00:00,2025-04-28 08:29:00,0,home
E0000194,P000636,F09,PR0076,outpatient,preventive,2025-04-28 08:45:00,2025-04-28 09:15:00,0,home
E0000195,P000769,F09,PR0076,outpatient,chronic_management,2025-04-28 09:45:00,2025-04-28 10:49:00,0,home
E0000196,P000751,F01,PR0015,ED,emergency,2025-04-28 10:41:00,2025-04-28 15:41:00,0,admitted
E0000197,P001192,F06,PR0063,outpatient,chronic_management,2025-04-28 11:30:00,2025-04-28 12:30:00,0,home
E0000198,P000824,F04,PR0058,outpatient,chronic_management,2025-04-28 13:30:00,2025-04-28 13:50:00,0,home
E0000199,P000751,F01,PR0004,inpatient,emergency_admission,2025-04-28 15:41:00,2025-05-01 13:59:00,3,home
E0000200,P000714,F07,PR0070,outpatient,preventive,2025-04-28 16:00:00,2025-04-28 16:28:00,0,home
E0000201,P001313,F02,PR0035,ED,emergency,2025-04-28 16:41:00,2025-04-28 20:41:00,0,admitted
E0000202,P001371,F01,PR0013,ED,emergency,2025-04-28 17:06:00,2025-04-28 22:06:00,0,admitted
E0000203,P001313,F02,PR0022,inpatient,emergency_admission,2025-04-28 20:41:00,2025-05-05 14:04:00,7,home
E0000204,P001371,F01,PR0001,inpatient,emergency_admission,2025-04-28 22:06:00,2025-05-05 14:58:00,7,home
E0000205,P001129,F09,PR0075,outpatient,acute_episode,2025-04-29 09:15:00,2025-04-29 10:02:00,0,home
E0000206,P000636,F09,PR0078,outpatient,preventive,2025-04-29 10:00:00,2025-04-29 10:22:00,0,home
E0000207,P000448,F05,PR0060,outpatient,acute_episode,2025-04-29 11:00:00,2025-04-29 12:06:00,0,home
E0000208,P001394,F08,PR0074,outpatient,chronic_management,2025-04-29 11:00:00,2025-04-29 12:10:00,0,home
E0000209,P000955,F10,PR0080,outpatient,post_discharge_followup,2025-04-29 11:15:00,2025-04-29 11:57:00,0,home
E0000210,P000451,F01,PR0004,outpatient,preventive,2025-04-29 11:30:00,2025-04-29 12:02:00,0,home
E0000211,P000453,F04,PR0056,outpatient,post_discharge_followup,2025-04-29 13:15:00,2025-04-29 14:19:00,0,home
E0000212,P001222,F02,PR0035,ED,emergency,2025-04-29 13:55:00,2025-04-29 18:55:00,0,admitted
E0000213,P001237,F02,PR0024,outpatient,chronic_management,2025-04-29 14:30:00,2025-04-29 15:36:00,0,home
E0000214,P000798,F05,PR0060,outpatient,preventive,2025-04-29 15:15:00,2025-04-29 16:00:00,0,home
E0000215,P001222,F02,PR0024,inpatient,emergency_admission,2025-04-29 18:55:00,2025-04-30 13:57:00,1,home
E0000216,P000520,F15,PR0099,outpatient,chronic_management,2025-04-30 08:15:00,2025-04-30 08:45:00,0,home
E0000217,P001310,F08,PR0071,outpatient,post_discharge_followup,2025-04-30 09:15:00,2025-04-30 10:12:00,0,home
E0000218,P001189,F08,PR0071,outpatient,chronic_management,2025-04-30 09:45:00,2025-04-30 10:20:00,0,home
E0000219,P000148,F15,PR0097,outpatient,preventive,2025-04-30 10:15:00,2025-04-30 11:28:00,0,home
E0000220,P001284,F03,PR0038,inpatient,direct_admission,2025-04-30 11:15:00,2025-05-08 14:07:00,8,home_health
E0000221,P000437,F11,PR0086,outpatient,chronic_management,2025-04-30 15:00:00,2025-04-30 15:38:00,0,home
E0000222,P000738,F07,PR0068,outpatient,preventive,2025-05-01 08:00:00,2025-05-01 08:53:00,0,home
E0000223,P000868,F06,PR0065,outpatient,post_discharge_followup,2025-05-01 08:45:00,2025-05-01 09:51:00,0,home
E0000224,P001140,F07,PR0068,outpatient,preventive,2025-05-01 09:30:00,2025-05-01 10:36:00,0,home
E0000225,P000240,F07,PR0069,outpatient,post_discharge_followup,2025-05-01 10:30:00,2025-05-01 11:07:00,0,home
E0000226,P001241,F11,PR0083,outpatient,post_discharge_followup,2025-05-01 12:45:00,2025-05-01 13:06:00,0,home
E0000227,P000698,F04,PR0055,outpatient,preventive,2025-05-01 13:15:00,2025-05-01 14:15:00,0,home
E0000228,P001222,F10,PR0079,outpatient,post_discharge_followup,2025-05-01 13:45:00,2025-05-01 14:59:00,0,home
E0000229,P000536,F07,PR0069,outpatient,preventive,2025-05-01 15:00:00,2025-05-01 15:35:00,0,home
E0000230,P001182,F07,PR0068,outpatient,acute_episode,2025-05-01 16:00:00,2025-05-01 16:44:00,0,home
E0000231,P000481,F02,PR0034,ED,emergency,2025-05-02 00:31:00,2025-05-02 07:31:00,0,admitted
E0000232,P000481,F02,PR0027,inpatient,emergency_admission,2025-05-02 07:31:00,2025-05-12 14:09:00,10,snf
E0000233,P000282,F07,PR0068,outpatient,acute_episode,2025-05-02 08:15:00,2025-05-02 09:07:00,0,home
E0000234,P001273,F01,PR0005,inpatient,elective_admission,2025-05-02 10:54:00,2025-05-07 12:06:00,5,home
E0000235,P001395,F08,PR0073,outpatient,post_discharge_followup,2025-05-02 14:15:00,2025-05-02 15:28:00,0,home
E0000236,P000763,F11,PR0084,outpatient,preventive,2025-05-02 14:30:00,2025-05-02 15:12:00,0,home
E0000237,P000438,F10,PR0082,outpatient,chronic_management,2025-05-02 14:45:00,2025-05-02 15:45:00,0,home
E0000238,P000452,F05,PR0061,outpatient,chronic_management,2025-05-02 16:00:00,2025-05-02 16:24:00,0,home
E0000239,P000208,F01,PR0016,ED,emergency,2025-05-03 04:30:00,2025-05-03 10:30:00,0,admitted
E0000240,P000208,F01,PR0007,inpatient,emergency_admission,2025-05-03 10:30:00,2025-05-05 11:15:00,2,home
E0000241,P001013,F01,PR0002,inpatient,direct_admission,2025-05-03 14:26:00,2025-05-05 17:02:00,2,home_health
E0000242,P000083,F01,PR0007,inpatient,elective_admission,2025-05-03 17:08:00,2025-05-06 17:36:00,3,home
E0000243,P000830,F02,PR0036,ED,emergency,2025-05-03 23:56:00,2025-05-04 04:56:00,0,admitted
E0000244,P000091,F03,PR0051,ED,emergency,2025-05-04 04:51:00,2025-05-04 11:22:00,0,home
E0000245,P000830,F02,PR0028,inpatient,emergency_admission,2025-05-04 04:56:00,2025-05-07 15:24:00,3,snf
E0000246,P000766,F01,PR0018,ED,emergency,2025-05-04 07:47:00,2025-05-04 13:21:00,0,home
E0000247,P000981,F03,PR0037,inpatient,elective_admission,2025-05-04 17:10:00,2025-05-09 12:31:00,5,home_health
E0000248,P001129,F01,PR0003,inpatient,direct_admission,2025-05-04 22:06:00,2025-05-09 10:54:00,5,home
E0000249,P000973,F09,PR0078,outpatient,acute_episode,2025-05-05 08:15:00,2025-05-05 09:25:00,0,home
E0000250,P001243,F08,PR0071,outpatient,acute_episode,2025-05-05 09:30:00,2025-05-05 10:43:00,0,home
E0000251,P001245,F05,PR0061,outpatient,acute_episode,2025-05-05 10:00:00,2025-05-05 10:45:00,0,home
E0000252,P001084,F05,PR0061,outpatient,post_discharge_followup,2025-05-05 10:30:00,2025-05-05 11:44:00,0,home
E0000253,P000751,F04,PR0055,outpatient,post_discharge_followup,2025-05-05 11:30:00,2025-05-05 12:28:00,0,home
E0000254,P001048,F11,PR0086,outpatient,post_discharge_followup,2025-05-05 11:45:00,2025-05-05 12:06:00,0,home
E0000255,P000425,F06,PR0064,outpatient,preventive,2025-05-05 12:45:00,2025-05-05 13:59:00,0,home
E0000256,P001155,F06,PR0066,outpatient,chronic_management,2025-05-05 13:30:00,2025-05-05 14:10:00,0,home
E0000257,P001337,F07,PR0067,outpatient,chronic_management,2025-05-05 14:45:00,2025-05-05 15:36:00,0,home
E0000258,P000194,F09,PR0076,outpatient,preventive,2025-05-05 15:45:00,2025-05-05 16:33:00,0,home
E0000259,P000276,F12,PR0087,outpatient,chronic_management,2025-05-05 16:15:00,2025-05-05 17:20:00,0,home
E0000260,P001105,F03,PR0038,inpatient,direct_admission,2025-05-05 23:17:00,2025-05-10 10:04:00,5,snf
E0000261,P000720,F01,PR0014,ED,emergency,2025-05-06 09:16:00,2025-05-06 16:01:00,0,home
E0000262,P001356,F04,PR0056,outpatient,chronic_management,2025-05-06 09:45:00,2025-05-06 10:19:00,0,home
E0000263,P001013,F11,PR0085,outpatient,post_discharge_followup,2025-05-06 10:15:00,2025-05-06 10:48:00,0,home
E0000264,P001173,F09,PR0076,outpatient,chronic_management,2025-05-06 10:30:00,2025-05-06 11:43:00,0,home
E0000265,P000263,F05,PR0060,outpatient,acute_episode,2025-05-06 11:30:00,2025-05-06 12:28:00,0,home
E0000266,P000652,F04,PR0055,outpatient,chronic_management,2025-05-06 11:45:00,2025-05-06 12:14:00,0,home
E0000267,P000105,F09,PR0077,outpatient,chronic_management,2025-05-06 12:00:00,2025-05-06 13:13:00,0,home
E0000268,P000855,F13,PR0091,outpatient,acute_episode,2025-05-06 12:45:00,2025-05-06 13:35:00,0,home
E0000269,P001042,F09,PR0076,outpatient,preventive,2025-05-06 15:30:00,2025-05-06 16:37:00,0,home
E0000270,P001313,F11,PR0084,outpatient,post_discharge_followup,2025-05-06 15:30:00,2025-05-06 16:07:00,0,home
E0000271,P000164,F01,PR0016,ED,emergency,2025-05-06 18:12:00,2025-05-07 00:58:00,0,home
E0000272,P000516,F03,PR0043,inpatient,elective_admission,2025-05-06 23:26:00,2025-05-08 11:21:00,2,home
E0000273,P001170,F05,PR0059,outpatient,preventive,2025-05-07 11:15:00,2025-05-07 11:37:00,0,home
E0000274,P000684,F02,PR0024,outpatient,chronic_management,2025-05-07 12:00:00,2025-05-07 13:09:00,0,home
E0000275,P000694,F05,PR0060,outpatient,chronic_management,2025-05-07 12:45:00,2025-05-07 13:16:00,0,home
E0000276,P000966,F02,PR0032,ED,emergency,2025-05-07 13:18:00,2025-05-07 21:55:00,0,home
E0000277,P000103,F11,PR0084,outpatient,chronic_management,2025-05-07 14:15:00,2025-05-07 15:29:00,0,home
E0000278,P000863,F01,PR0004,outpatient,preventive,2025-05-07 15:15:00,2025-05-07 15:47:00,0,home
E0000279,P001342,F07,PR0070,outpatient,chronic_management,2025-05-07 16:00:00,2025-05-07 17:04:00,0,home
E0000280,P000586,F03,PR0054,ED,emergency,2025-05-07 17:55:00,2025-05-07 20:55:00,0,home
E0000281,P000959,F02,PR0027,inpatient,direct_admission,2025-05-08 01:04:00,2025-05-10 13:14:00,2,home
E0000282,P001054,F02,PR0036,ED,emergency,2025-05-08 05:48:00,2025-05-08 11:48:00,0,admitted
E0000283,P000782,F02,PR0024,inpatient,elective_admission,2025-05-08 06:58:00,2025-05-10 17:20:00,2,home_health
E0000284,P001029,F05,PR0059,outpatient,chronic_management,2025-05-08 10:00:00,2025-05-08 11:03:00,0,home
E0000285,P001329,F05,PR0062,outpatient,chronic_management,2025-05-08 10:15:00,2025-05-08 11:23:00,0,home
E0000286,P001300,F11,PR0086,outpatient,acute_episode,2025-05-08 10:30:00,2025-05-08 11:41:00,0,home
E0000287,P001208,F08,PR0071,outpatient,acute_episode,2025-05-08 10:45:00,2025-05-08 11:42:00,0,home
E0000288,P000297,F08,PR0073,outpatient,preventive,2025-05-08 11:15:00,2025-05-08 11:50:00,0,home
E0000289,P000677,F07,PR0068,outpatient,post_discharge_followup,2025-05-08 11:30:00,2025-05-08 11:53:00,0,home
E0000290,P001269,F01,PR0008,outpatient,preventive,2025-05-08 11:30:00,2025-05-08 12:26:00,0,home
E0000291,P001054,F02,PR0019,inpatient,emergency_admission,2025-05-08 11:48:00,2025-05-14 14:58:00,6,home_health
E0000292,P000268,F12,PR0088,outpatient,acute_episode,2025-05-08 12:45:00,2025-05-08 13:12:00,0,home
E0000293,P000489,F11,PR0085,outpatient,post_discharge_followup,2025-05-08 14:45:00,2025-05-08 15:20:00,0,home
E0000294,P000347,F07,PR0070,outpatient,chronic_management,2025-05-08 16:15:00,2025-05-08 16:59:00,0,home
E0000295,P001374,F06,PR0066,outpatient,preventive,2025-05-08 16:15:00,2025-05-08 16:45:00,0,home
E0000296,P000309,F02,PR0027,outpatient,acute_episode,2025-05-09 08:15:00,2025-05-09 08:52:00,0,home
E0000297,P000505,F04,PR0055,outpatient,preventive,2025-05-09 08:45:00,2025-05-09 09:55:00,0,home
E0000298,P001167,F15,PR0097,outpatient,preventive,2025-05-09 09:45:00,2025-05-09 10:18:00,0,home
E0000299,P000687,F04,PR0055,outpatient,acute_episode,2025-05-09 11:00:00,2025-05-09 11:24:00,0,home
E0000300,P000083,F10,PR0081,outpatient,post_discharge_followup,2025-05-09 12:15:00,2025-05-09 13:23:00,0,home
E0000301,P000324,F04,PR0057,outpatient,post_discharge_followup,2025-05-09 12:30:00,2025-05-09 13:21:00,0,home
E0000302,P001040,F06,PR0065,outpatient,acute_episode,2025-05-09 13:00:00,2025-05-09 13:34:00,0,home
E0000303,P000113,F12,PR0089,outpatient,chronic_management,2025-05-09 14:30:00,2025-05-09 15:08:00,0,home
E0000304,P000195,F04,PR0055,outpatient,acute_episode,2025-05-09 15:00:00,2025-05-09 15:56:00,0,home
E0000305,P001078,F07,PR0068,outpatient,chronic_management,2025-05-09 16:00:00,2025-05-09 16:30:00,0,home
E0000306,P001014,F02,PR0036,ED,emergency,2025-05-09 21:42:00,2025-05-10 03:00:00,0,home
E0000307,P000223,F03,PR0052,ED,emergency,2025-05-11 04:26:00,2025-05-11 06:46:00,0,home
E0000308,P001311,F02,PR0035,ED,emergency,2025-05-11 04:45:00,2025-05-11 08:45:00,0,admitted
E0000309,P001311,F02,PR0019,inpatient,emergency_admission,2025-05-11 08:45:00,2025-05-14 15:42:00,3,home
E0000310,P001038,F03,PR0049,ED,emergency,2025-05-11 12:32:00,2025-05-11 15:32:00,0,admitted
E0000311,P000961,F01,PR0018,ED,emergency,2025-05-11 14:10:00,2025-05-11 21:10:00,0,home
E0000312,P001038,F03,PR0043,inpatient,emergency_admission,2025-05-11 15:32:00,2025-05-14 16:35:00,3,home
E0000313,P000565,F04,PR0055,outpatient,chronic_management,2025-05-12 08:30:00,2025-05-12 09:08:00,0,home
E0000314,P000687,F03,PR0046,outpatient,preventive,2025-05-12 09:30:00,2025-05-12 10:05:00,0,home
E0000315,P000162,F01,PR0006,outpatient,chronic_management,2025-05-12 11:45:00,2025-05-12 12:38:00,0,home
E0000316,P001129,F04,PR0057,outpatient,post_discharge_followup,2025-05-12 12:00:00,2025-05-12 12:48:00,0,home
E0000317,P000750,F08,PR0072,outpatient,chronic_management,2025-05-12 15:45:00,2025-05-12 16:56:00,0,home
E0000318,P000307,F07,PR0069,outpatient,chronic_management,2025-05-12 16:00:00,2025-05-12 17:13:00,0,home
E0000319,P000741,F11,PR0085,outpatient,chronic_management,2025-05-13 08:30:00,2025-05-13 08:54:00,0,home
E0000320,P000671,F01,PR0001,inpatient,elective_admission,2025-05-13 09:08:00,2025-05-19 12:32:00,6,home
E0000321,P000462,F04,PR0058,outpatient,chronic_management,2025-05-13 09:30:00,2025-05-13 09:56:00,0,home
E0000322,P001284,F04,PR0058,outpatient,post_discharge_followup,2025-05-13 09:30:00,2025-05-13 10:25:00,0,home
E0000323,P000060,F15,PR0097,outpatient,chronic_management,2025-05-13 09:45:00,2025-05-13 10:39:00,0,home
E0000324,P001209,F07,PR0067,outpatient,preventive,2025-05-13 10:15:00,2025-05-13 11:00:00,0,home
E0000325,P000235,F05,PR0061,outpatient,chronic_management,2025-05-13 12:15:00,2025-05-13 12:52:00,0,home
E0000326,P001323,F05,PR0061,outpatient,chronic_management,2025-05-13 12:30:00,2025-05-13 13:32:00,0,home
E0000327,P001129,F01,PR0015,ED,emergency,2025-05-13 15:29:00,2025-05-13 18:29:00,0,admitted
E0000328,P001129,F01,PR0010,inpatient,emergency_admission,2025-05-13 18:29:00,2025-05-17 17:26:00,4,snf
E0000329,P000109,F10,PR0080,outpatient,chronic_management,2025-05-14 09:00:00,2025-05-14 09:58:00,0,home
E0000330,P000644,F07,PR0067,outpatient,acute_episode,2025-05-14 09:00:00,2025-05-14 09:32:00,0,home
E0000331,P000704,F04,PR0058,outpatient,preventive,2025-05-14 10:00:00,2025-05-14 11:00:00,0,home
E0000332,P000313,F15,PR0098,outpatient,preventive,2025-05-14 10:30:00,2025-05-14 10:50:00,0,home
E0000333,P000957,F03,PR0041,inpatient,elective_admission,2025-05-14 11:42:00,2025-05-18 10:09:00,4,snf
E0000334,P000624,F03,PR0042,inpatient,direct_admission,2025-05-14 12:33:00,2025-05-16 14:24:00,2,snf
E0000335,P000235,F02,PR0019,inpatient,elective_admission,2025-05-14 15:07:00,2025-05-17 15:14:00,3,home
E0000336,P000960,F09,PR0077,outpatient,acute_episode,2025-05-14 16:00:00,2025-05-14 17:11:00,0,home
E0000337,P001053,F01,PR0015,ED,emergency,2025-05-14 16:29:00,2025-05-14 18:31:00,0,home
E0000338,P000190,F01,PR0018,ED,emergency,2025-05-14 20:45:00,2025-05-14 22:45:00,0,admitted
E0000339,P000190,F01,PR0004,inpatient,emergency_admission,2025-05-14 22:45:00,2025-05-15 14:18:00,1,home
E0000340,P000905,F01,PR0018,ED,emergency,2025-05-14 22:48:00,2025-05-15 01:51:00,0,home
E0000341,P000839,F01,PR0002,outpatient,acute_episode,2025-05-15 10:45:00,2025-05-15 11:06:00,0,home
E0000342,P000616,F04,PR0057,outpatient,chronic_management,2025-05-15 12:30:00,2025-05-15 12:55:00,0,home
E0000343,P000687,F04,PR0057,outpatient,chronic_management,2025-05-15 12:30:00,2025-05-15 13:25:00,0,home
E0000344,P000419,F03,PR0039,inpatient,direct_admission,2025-05-15 13:25:00,2025-05-20 16:29:00,5,home
E0000345,P000921,F02,PR0032,ED,emergency,2025-05-15 13:51:00,2025-05-15 18:00:00,0,home
E0000346,P001010,F14,PR0096,outpatient,preventive,2025-05-15 14:00:00,2025-05-15 14:51:00,0,home
E0000347,P000700,F09,PR0075,outpatient,preventive,2025-05-15 14:15:00,2025-05-15 15:25:00,0,home
E0000348,P000167,F15,PR0098,outpatient,preventive,2025-05-15 15:30:00,2025-05-15 15:57:00,0,home
E0000349,P000687,F04,PR0055,outpatient,chronic_management,2025-05-15 16:00:00,2025-05-15 16:40:00,0,home
E0000350,P000890,F01,PR0016,ED,emergency,2025-05-15 16:59:00,2025-05-15 21:30:00,0,home
E0000351,P000891,F05,PR0060,outpatient,acute_episode,2025-05-16 08:45:00,2025-05-16 09:58:00,0,home
E0000352,P000344,F09,PR0075,outpatient,preventive,2025-05-16 09:00:00,2025-05-16 09:40:00,0,home
E0000353,P000782,F10,PR0081,outpatient,post_discharge_followup,2025-05-16 12:00:00,2025-05-16 12:53:00,0,home
E0000354,P000657,F09,PR0078,outpatient,acute_episode,2025-05-16 13:45:00,2025-05-16 14:34:00,0,home
E0000355,P001105,F03,PR0053,ED,emergency,2025-05-18 07:29:00,2025-05-18 14:29:00,0,admitted
E0000356,P001105,F03,PR0039,inpatient,emergency_admission,2025-05-18 14:29:00,2025-05-21 16:20:00,3,snf
E0000357,P001284,F02,PR0036,ED,emergency,2025-05-18 21:31:00,2025-05-19 02:26:00,0,home
E0000358,P000378,F15,PR0097,outpatient,preventive,2025-05-19 08:00:00,2025-05-19 08:30:00,0,home
E0000359,P001243,F08,PR0072,outpatient,post_discharge_followup,2025-05-19 08:00:00,2025-05-19 09:06:00,0,home
E0000360,P000392,F07,PR0068,outpatient,preventive,2025-05-19 10:00:00,2025-05-19 10:46:00,0,home
E0000361,P001143,F03,PR0043,inpatient,direct_admission,2025-05-19 10:26:00,2025-05-21 12:28:00,2,rehab
E0000362,P000658,F08,PR0071,outpatient,acute_episode,2025-05-19 13:00:00,2025-05-19 13:21:00,0,home
E0000363,P001297,F07,PR0068,outpatient,chronic_management,2025-05-19 13:00:00,2025-05-19 13:49:00,0,home
E0000364,P000710,F05,PR0060,outpatient,preventive,2025-05-19 13:45:00,2025-05-19 14:18:00,0,home
E0000365,P001129,F01,PR0007,inpatient,direct_admission,2025-05-19 16:10:00,2025-05-23 17:17:00,4,snf
E0000366,P000679,F09,PR0077,outpatient,acute_episode,2025-05-20 08:00:00,2025-05-20 08:42:00,0,home
E0000367,P000970,F10,PR0080,outpatient,chronic_management,2025-05-20 09:45:00,2025-05-20 10:45:00,0,home
E0000368,P000118,F05,PR0059,outpatient,chronic_management,2025-05-20 10:00:00,2025-05-20 10:59:00,0,home
E0000369,P000187,F07,PR0070,outpatient,chronic_management,2025-05-20 12:30:00,2025-05-20 13:31:00,0,home
E0000370,P000573,F01,PR0010,outpatient,chronic_management,2025-05-20 12:45:00,2025-05-20 13:43:00,0,home
E0000371,P000633,F04,PR0057,outpatient,chronic_management,2025-05-20 14:45:00,2025-05-20 15:06:00,0,home
E0000372,P000263,F03,PR0054,ED,emergency,2025-05-20 15:15:00,2025-05-20 22:15:00,0,admitted
E0000373,P000658,F08,PR0073,outpatient,preventive,2025-05-20 15:45:00,2025-05-20 16:14:00,0,home
E0000374,P001210,F02,PR0032,ED,emergency,2025-05-20 21:16:00,2025-05-21 03:47:00,0,home
E0000375,P000263,F03,PR0040,inpatient,emergency_admission,2025-05-20 22:15:00,2025-05-25 15:52:00,5,home_health
E0000376,P000623,F08,PR0074,outpatient,preventive,2025-05-21 09:00:00,2025-05-21 09:28:00,0,home
E0000377,P001185,F01,PR0016,ED,emergency,2025-05-21 12:26:00,2025-05-21 18:16:00,0,home
E0000378,P000148,F15,PR0097,outpatient,chronic_management,2025-05-21 13:00:00,2025-05-21 14:12:00,0,home
E0000379,P000379,F02,PR0021,outpatient,preventive,2025-05-21 13:30:00,2025-05-21 14:40:00,0,home
E0000380,P000088,F10,PR0079,outpatient,chronic_management,2025-05-21 14:00:00,2025-05-21 14:53:00,0,home
E0000381,P001049,F06,PR0066,outpatient,chronic_management,2025-05-21 14:15:00,2025-05-21 15:28:00,0,home
E0000382,P000129,F07,PR0067,outpatient,preventive,2025-05-21 15:45:00,2025-05-21 16:11:00,0,home
E0000383,P000313,F15,PR0099,outpatient,preventive,2025-05-21 16:00:00,2025-05-21 17:03:00,0,home
E0000384,P001011,F01,PR0003,inpatient,direct_admission,2025-05-21 22:55:00,2025-05-27 10:17:00,6,home
E0000385,P000455,F09,PR0075,outpatient,preventive,2025-05-22 08:45:00,2025-05-22 09:19:00,0,home
E0000386,P001060,F06,PR0066,outpatient,chronic_management,2025-05-22 16:45:00,2025-05-22 17:42:00,0,home
E0000387,P001038,F03,PR0040,inpatient,direct_admission,2025-05-22 19:27:00,2025-05-25 14:51:00,3,home
E0000388,P000616,F03,PR0052,ED,emergency,2025-05-22 20:51:00,2025-05-23 03:47:00,0,home
E0000389,P001254,F10,PR0079,outpatient,chronic_management,2025-05-23 09:00:00,2025-05-23 09:46:00,0,home
E0000390,P000499,F06,PR0063,outpatient,acute_episode,2025-05-23 10:15:00,2025-05-23 11:13:00,0,home
E0000391,P000269,F08,PR0072,outpatient,preventive,2025-05-23 10:30:00,2025-05-23 11:40:00,0,home
E0000392,P000538,F02,PR0035,ED,emergency,2025-05-23 11:36:00,2025-05-23 16:36:00,0,admitted
E0000393,P000235,F05,PR0061,outpatient,post_discharge_followup,2025-05-23 12:15:00,2025-05-23 12:48:00,0,home
E0000394,P000538,F02,PR0025,inpatient,emergency_admission,2025-05-23 16:36:00,2025-05-27 16:18:00,4,home
E0000395,P001227,F03,PR0049,ED,emergency,2025-05-24 06:36:00,2025-05-24 12:36:00,0,admitted
E0000396,P001227,F03,PR0045,inpatient,emergency_admission,2025-05-24 12:36:00,2025-05-30 13:17:00,6,hospice
E0000397,P000817,F01,PR0005,inpatient,elective_admission,2025-05-24 20:02:00,2025-06-01 10:24:00,8,home
E0000398,P000575,F03,PR0054,ED,emergency,2025-05-25 01:23:00,2025-05-25 05:23:00,0,home
E0000399,P000501,F02,PR0036,ED,emergency,2025-05-25 15:28:00,2025-05-25 21:29:00,0,home
E0000400,P000299,F01,PR0015,ED,emergency,2025-05-25 21:27:00,2025-05-25 23:23:00,0,home
E0000401,P000886,F09,PR0077,outpatient,preventive,2025-05-26 09:30:00,2025-05-26 10:09:00,0,home
E0000402,P001086,F01,PR0005,inpatient,direct_admission,2025-05-26 11:45:00,2025-05-27 13:56:00,1,home
E0000403,P000342,F10,PR0080,outpatient,acute_episode,2025-05-26 13:30:00,2025-05-26 14:07:00,0,home
E0000404,P001177,F09,PR0075,outpatient,preventive,2025-05-26 14:15:00,2025-05-26 14:51:00,0,home
E0000405,P000020,F06,PR0065,outpatient,preventive,2025-05-26 16:45:00,2025-05-26 17:09:00,0,home
E0000406,P000083,F11,PR0084,outpatient,chronic_management,2025-05-27 08:15:00,2025-05-27 08:57:00,0,home
E0000407,P001038,F06,PR0065,outpatient,post_discharge_followup,2025-05-27 13:45:00,2025-05-27 14:25:00,0,home
E0000408,P000670,F03,PR0046,outpatient,acute_episode,2025-05-27 15:15:00,2025-05-27 16:17:00,0,home
E0000409,P000516,F04,PR0057,outpatient,post_discharge_followup,2025-05-27 15:45:00,2025-05-27 16:47:00,0,home
E0000410,P000923,F02,PR0028,outpatient,preventive,2025-05-27 16:00:00,2025-05-27 16:25:00,0,home
E0000411,P000443,F03,PR0054,ED,emergency,2025-05-28 00:36:00,2025-05-28 02:36:00,0,admitted
E0000412,P000443,F03,PR0038,inpatient,emergency_admission,2025-05-28 02:36:00,2025-05-30 13:34:00,2,home_health
E0000413,P001051,F04,PR0058,outpatient,chronic_management,2025-05-28 11:30:00,2025-05-28 12:17:00,0,home
E0000414,P001054,F05,PR0061,outpatient,post_discharge_followup,2025-05-28 12:45:00,2025-05-28 13:31:00,0,home
E0000415,P000694,F08,PR0071,outpatient,chronic_management,2025-05-28 13:45:00,2025-05-28 14:23:00,0,home
E0000416,P000197,F05,PR0060,outpatient,chronic_management,2025-05-28 14:30:00,2025-05-28 15:21:00,0,home
E0000417,P001371,F01,PR0017,ED,emergency,2025-05-28 18:19:00,2025-05-28 20:59:00,0,home
E0000418,P000093,F10,PR0082,outpatient,chronic_management,2025-05-29 08:30:00,2025-05-29 08:52:00,0,home
E0000419,P000538,F11,PR0086,outpatient,post_discharge_followup,2025-05-29 09:45:00,2025-05-29 10:56:00,0,home
E0000420,P000095,F08,PR0071,outpatient,preventive,2025-05-29 10:45:00,2025-05-29 11:24:00,0,home
E0000421,P000164,F08,PR0073,outpatient,chronic_management,2025-05-29 12:00:00,2025-05-29 13:05:00,0,home
E0000422,P000773,F09,PR0078,outpatient,acute_episode,2025-05-29 12:00:00,2025-05-29 12:37:00,0,home
E0000423,P000920,F01,PR0001,inpatient,elective_admission,2025-05-29 13:41:00,2025-06-01 12:41:00,3,home
E0000424,P000959,F07,PR0070,outpatient,post_discharge_followup,2025-05-29 13:45:00,2025-05-29 14:25:00,0,home
E0000425,P000857,F05,PR0060,outpatient,chronic_management,2025-05-29 14:00:00,2025-05-29 14:34:00,0,home
E0000426,P000812,F03,PR0053,ED,emergency,2025-05-29 14:08:00,2025-05-29 17:08:00,0,admitted
E0000427,P000297,F08,PR0073,outpatient,acute_episode,2025-05-29 14:30:00,2025-05-29 14:57:00,0,home
E0000428,P000812,F03,PR0037,inpatient,emergency_admission,2025-05-29 17:08:00,2025-06-04 10:54:00,6,home
E0000429,P000903,F01,PR0016,ED,emergency,2025-05-30 08:50:00,2025-05-30 14:50:00,0,admitted
E0000430,P000006,F01,PR0002,inpatient,direct_admission,2025-05-30 09:26:00,2025-06-02 13:26:00,3,home
E0000431,P001038,F06,PR0066,outpatient,post_discharge_followup,2025-05-30 11:30:00,2025-05-30 12:40:00,0,home
E0000432,P000289,F13,PR0090,outpatient,chronic_management,2025-05-30 12:30:00,2025-05-30 13:41:00,0,home
E0000433,P000915,F04,PR0058,outpatient,acute_episode,2025-05-30 12:30:00,2025-05-30 13:07:00,0,home
E0000434,P000263,F05,PR0062,outpatient,post_discharge_followup,2025-05-30 13:00:00,2025-05-30 13:53:00,0,home
E0000435,P000903,F01,PR0001,inpatient,emergency_admission,2025-05-30 14:50:00,2025-05-31 17:12:00,1,snf
E0000436,P000819,F01,PR0014,ED,emergency,2025-05-30 15:00:00,2025-05-30 19:14:00,0,ama
E0000437,P000286,F03,PR0037,outpatient,chronic_management,2025-05-30 15:15:00,2025-05-30 16:03:00,0,home
E0000438,P000181,F07,PR0067,outpatient,acute_episode,2025-05-30 15:30:00,2025-05-30 15:58:00,0,home
E0000439,P001298,F08,PR0072,outpatient,chronic_management,2025-05-30 16:45:00,2025-05-30 17:33:00,0,home
E0000440,P000821,F01,PR0016,ED,emergency,2025-05-31 00:07:00,2025-05-31 08:36:00,0,home
E0000441,P000135,F03,PR0040,inpatient,direct_admission,2025-05-31 06:24:00,2025-06-03 12:47:00,3,home
E0000442,P000065,F01,PR0018,ED,emergency,2025-05-31 20:06:00,2025-06-01 01:36:00,0,home
E0000443,P000419,F11,PR0084,outpatient,post_discharge_followup,2025-06-02 08:30:00,2025-06-02 08:57:00,0,home
E0000444,P000593,F15,PR0097,outpatient,chronic_management,2025-06-02 09:30:00,2025-06-02 10:14:00,0,home
E0000445,P001212,F03,PR0039,outpatient,acute_episode,2025-06-02 10:00:00,2025-06-02 10:20:00,0,home
E0000446,P001363,F15,PR0097,outpatient,preventive,2025-06-02 11:45:00,2025-06-02 12:25:00,0,home
E0000447,P000126,F06,PR0066,outpatient,acute_episode,2025-06-02 15:00:00,2025-06-02 15:33:00,0,home
E0000448,P000997,F08,PR0072,outpatient,chronic_management,2025-06-02 15:00:00,2025-06-02 15:38:00,0,home
E0000449,P000208,F06,PR0063,outpatient,chronic_management,2025-06-03 08:45:00,2025-06-03 09:44:00,0,home
E0000450,P001105,F09,PR0076,outpatient,chronic_management,2025-06-03 09:15:00,2025-06-03 10:29:00,0,home
E0000451,P000973,F09,PR0076,outpatient,preventive,2025-06-03 11:30:00,2025-06-03 12:17:00,0,home
E0000452,P000700,F15,PR0098,outpatient,preventive,2025-06-03 11:45:00,2025-06-03 12:56:00,0,home
E0000453,P000666,F14,PR0094,outpatient,acute_episode,2025-06-03 12:30:00,2025-06-03 12:54:00,0,home
E0000454,P001054,F05,PR0061,outpatient,chronic_management,2025-06-03 13:30:00,2025-06-03 14:32:00,0,home
E0000455,P000347,F02,PR0032,ED,emergency,2025-06-04 06:40:00,2025-06-04 10:40:00,0,admitted
E0000456,P000443,F06,PR0064,outpatient,post_discharge_followup,2025-06-04 08:45:00,2025-06-04 09:05:00,0,home
E0000457,P000655,F10,PR0082,outpatient,chronic_management,2025-06-04 08:45:00,2025-06-04 09:41:00,0,home
E0000458,P000347,F02,PR0022,inpatient,emergency_admission,2025-06-04 10:40:00,2025-06-10 10:06:00,6,home
E0000459,P000605,F06,PR0065,outpatient,preventive,2025-06-04 12:30:00,2025-06-04 12:57:00,0,home
E0000460,P000276,F10,PR0082,outpatient,acute_episode,2025-06-04 13:15:00,2025-06-04 13:56:00,0,home
E0000461,P000568,F10,PR0080,outpatient,chronic_management,2025-06-04 13:45:00,2025-06-04 14:09:00,0,home
E0000462,P000695,F01,PR0015,ED,emergency,2025-06-04 21:51:00,2025-06-05 04:38:00,0,home
E0000463,P001011,F01,PR0014,ED,emergency,2025-06-05 07:29:00,2025-06-05 09:29:00,0,admitted
E0000464,P000344,F06,PR0064,outpatient,preventive,2025-06-05 08:00:00,2025-06-05 09:09:00,0,home
E0000465,P001011,F01,PR0002,inpatient,emergency_admission,2025-06-05 09:29:00,2025-06-08 16:14:00,3,snf
E0000466,P000127,F06,PR0064,outpatient,chronic_management,2025-06-05 10:00:00,2025-06-05 10:38:00,0,home
E0000467,P001239,F10,PR0079,outpatient,chronic_management,2025-06-05 10:00:00,2025-06-05 11:03:00,0,home
E0000468,P000817,F06,PR0066,outpatient,post_discharge_followup,2025-06-05 10:45:00,2025-06-05 11:40:00,0,home
E0000469,P000245,F02,PR0036,ED,emergency,2025-06-05 11:49:00,2025-06-05 15:49:00,0,admitted
E0000470,P000920,F10,PR0079,outpatient,post_discharge_followup,2025-06-05 12:00:00,2025-06-05 12:49:00,0,home
E0000471,P001284,F04,PR0057,outpatient,chronic_management,2025-06-05 13:45:00,2025-06-05 14:58:00,0,home
E0000472,P000473,F15,PR0097,outpatient,chronic_management,2025-06-05 14:00:00,2025-06-05 14:55:00,0,home
E0000473,P000640,F04,PR0058,outpatient,preventive,2025-06-05 14:45:00,2025-06-05 15:40:00,0,home
E0000474,P000225,F09,PR0077,outpatient,acute_episode,2025-06-05 15:15:00,2025-06-05 16:20:00,0,home
E0000475,P000245,F02,PR0025,inpatient,emergency_admission,2025-06-05 15:49:00,2025-06-11 12:00:00,6,home
E0000476,P000008,F03,PR0040,inpatient,elective_admission,2025-06-05 19:43:00,2025-06-06 13:40:00,1,home_health
E0000477,P001383,F03,PR0051,ED,emergency,2025-06-06 03:32:00,2025-06-06 08:32:00,0,admitted
E0000478,P001386,F08,PR0072,outpatient,preventive,2025-06-06 08:00:00,2025-06-06 08:38:00,0,home
E0000479,P001383,F03,PR0046,inpatient,emergency_admission,2025-06-06 08:32:00,2025-06-15 11:27:00,9,home
E0000480,P000135,F08,PR0072,outpatient,post_discharge_followup,2025-06-06 09:00:00,2025-06-06 09:46:00,0,home
E0000481,P000768,F12,PR0088,outpatient,chronic_management,2025-06-06 12:45:00,2025-06-06 13:23:00,0,home
E0000482,P000687,F03,PR0051,ED,emergency,2025-06-06 14:38:00,2025-06-06 21:38:00,0,admitted
E0000483,P000759,F10,PR0081,outpatient,chronic_management,2025-06-06 16:00:00,2025-06-06 16:44:00,0,home
E0000484,P000083,F11,PR0083,outpatient,acute_episode,2025-06-06 16:30:00,2025-06-06 17:10:00,0,home
E0000485,P001268,F10,PR0081,outpatient,acute_episode,2025-06-06 16:45:00,2025-06-06 17:34:00,0,home
E0000486,P000183,F01,PR0018,ED,emergency,2025-06-06 21:16:00,2025-06-07 03:37:00,0,home
E0000487,P000687,F03,PR0038,inpatient,emergency_admission,2025-06-06 21:38:00,2025-06-12 10:12:00,6,home
E0000488,P000630,F02,PR0022,inpatient,elective_admission,2025-06-08 12:17:00,2025-06-14 12:34:00,6,home_health
E0000489,P001245,F03,PR0050,ED,emergency,2025-06-08 13:11:00,2025-06-08 18:11:00,0,admitted
E0000490,P001245,F03,PR0040,inpatient,emergency_admission,2025-06-08 18:11:00,2025-06-12 17:45:00,4,home
E0000491,P000718,F03,PR0039,inpatient,direct_admission,2025-06-08 22:44:00,2025-06-11 14:34:00,3,home
E0000492,P001269,F01,PR0006,inpatient,elective_admission,2025-06-09 10:48:00,2025-06-15 14:44:00,6,snf
E0000493,P000952,F09,PR0075,outpatient,preventive,2025-06-09 13:00:00,2025-06-09 13:50:00,0,home
E0000494,P000839,F07,PR0067,outpatient,chronic_management,2025-06-09 13:15:00,2025-06-09 13:55:00,0,home
E0000495,P000313,F03,PR0038,inpatient,elective_admission,2025-06-10 01:19:00,2025-06-16 15:48:00,6,hospice
E0000496,P000801,F01,PR0018,ED,emergency,2025-06-10 06:15:00,2025-06-10 13:15:00,0,admitted
E0000497,P000494,F07,PR0070,outpatient,chronic_management,2025-06-10 09:15:00,2025-06-10 10:23:00,0,home
E0000498,P000364,F07,PR0068,outpatient,chronic_management,2025-06-10 09:45:00,2025-06-10 10:34:00,0,home
E0000499,P001386,F04,PR0055,outpatient,chronic_management,2025-06-10 10:45:00,2025-06-10 11:34:00,0,home
E0000500,P001164,F12,PR0087,outpatient,preventive,2025-06-10 12:00:00,2025-06-10 12:23:00,0,home
E0000501,P000966,F05,PR0061,outpatient,acute_episode,2025-06-10 12:30:00,2025-06-10 12:58:00,0,home
E0000502,P000801,F01,PR0004,inpatient,emergency_admission,2025-06-10 13:15:00,2025-06-17 13:00:00,7,home
E0000503,P001303,F04,PR0057,outpatient,acute_episode,2025-06-10 13:30:00,2025-06-10 14:30:00,0,home
E0000504,P000155,F09,PR0076,outpatient,chronic_management,2025-06-10 14:00:00,2025-06-10 14:33:00,0,home
E0000505,P001179,F04,PR0056,outpatient,chronic_management,2025-06-10 14:00:00,2025-06-10 14:58:00,0,home
E0000506,P000040,F02,PR0033,ED,emergency,2025-06-10 14:35:00,2025-06-10 20:35:00,0,admitted
E0000507,P001146,F04,PR0056,outpatient,preventive,2025-06-10 15:00:00,2025-06-10 15:31:00,0,home
E0000508,P000720,F01,PR0002,outpatient,chronic_management,2025-06-10 15:15:00,2025-06-10 16:23:00,0,home
E0000509,P000137,F02,PR0033,ED,emergency,2025-06-10 19:22:00,2025-06-11 00:22:00,0,admitted
E0000510,P000040,F02,PR0025,inpatient,emergency_admission,2025-06-10 20:35:00,2025-06-13 16:26:00,3,home
E0000511,P000137,F02,PR0029,inpatient,emergency_admission,2025-06-11 00:22:00,2025-06-14 10:26:00,3,home
E0000512,P000354,F01,PR0002,outpatient,chronic_management,2025-06-11 08:45:00,2025-06-11 09:50:00,0,home
E0000513,P001228,F01,PR0010,outpatient,preventive,2025-06-11 09:45:00,2025-06-11 10:09:00,0,home
E0000514,P000150,F03,PR0040,outpatient,preventive,2025-06-11 10:30:00,2025-06-11 11:13:00,0,home
E0000515,P000443,F06,PR0066,outpatient,chronic_management,2025-06-11 11:00:00,2025-06-11 11:34:00,0,home
E0000516,P000157,F04,PR0058,outpatient,preventive,2025-06-11 11:45:00,2025-06-11 12:46:00,0,home
E0000517,P000929,F02,PR0036,ED,emergency,2025-06-11 15:01:00,2025-06-11 19:01:00,0,admitted
E0000518,P000929,F02,PR0022,inpatient,emergency_admission,2025-06-11 19:01:00,2025-06-22 12:37:00,11,home
E0000519,P000378,F03,PR0054,ED,emergency,2025-06-11 20:27:00,2025-06-12 04:52:00,0,home
E0000520,P001264,F02,PR0020,outpatient,chronic_management,2025-06-12 09:00:00,2025-06-12 09:33:00,0,home
E0000521,P001148,F05,PR0061,outpatient,preventive,2025-06-12 10:30:00,2025-06-12 11:31:00,0,home
E0000522,P001395,F01,PR0016,ED,emergency,2025-06-12 10:49:00,2025-06-12 14:36:00,0,home
E0000523,P001093,F02,PR0032,ED,emergency,2025-06-12 11:25:00,2025-06-12 14:39:00,0,home
E0000524,P001178,F02,PR0024,inpatient,direct_admission,2025-06-12 13:23:00,2025-06-19 13:36:00,7,home_health
E0000525,P000383,F08,PR0072,outpatient,preventive,2025-06-12 13:30:00,2025-06-12 14:34:00,0,home
E0000526,P000502,F01,PR0014,ED,emergency,2025-06-12 14:30:00,2025-06-12 18:18:00,0,home
E0000527,P000782,F10,PR0081,outpatient,preventive,2025-06-12 15:30:00,2025-06-12 16:20:00,0,home
E0000528,P001009,F06,PR0064,outpatient,preventive,2025-06-12 16:15:00,2025-06-12 17:19:00,0,home
E0000529,P000318,F05,PR0061,outpatient,preventive,2025-06-12 16:30:00,2025-06-12 16:56:00,0,home
E0000530,P000385,F02,PR0033,ED,emergency,2025-06-13 01:30:00,2025-06-13 08:30:00,0,admitted
E0000531,P000656,F09,PR0075,outpatient,chronic_management,2025-06-13 08:00:00,2025-06-13 08:39:00,0,home
E0000532,P000385,F02,PR0025,inpatient,emergency_admission,2025-06-13 08:30:00,2025-06-16 17:31:00,3,home
E0000533,P000198,F14,PR0093,outpatient,chronic_management,2025-06-13 11:00:00,2025-06-13 11:32:00,0,home
E0000534,P000718,F06,PR0066,outpatient,post_discharge_followup,2025-06-13 12:15:00,2025-06-13 13:05:00,0,home
E0000535,P001048,F02,PR0032,ED,emergency,2025-06-13 12:20:00,2025-06-13 14:20:00,0,admitted
E0000536,P000347,F10,PR0079,outpatient,post_discharge_followup,2025-06-13 13:15:00,2025-06-13 14:06:00,0,home
E0000537,P000180,F10,PR0081,outpatient,acute_episode,2025-06-13 14:15:00,2025-06-13 14:57:00,0,home
E0000538,P001048,F02,PR0023,inpatient,emergency_admission,2025-06-13 14:20:00,2025-06-14 10:20:00,1,home
E0000539,P000357,F06,PR0063,outpatient,preventive,2025-06-13 15:15:00,2025-06-13 16:28:00,0,home
E0000540,P000559,F10,PR0081,outpatient,preventive,2025-06-13 15:45:00,2025-06-13 16:12:00,0,home
E0000541,P001221,F02,PR0025,inpatient,direct_admission,2025-06-13 17:58:00,2025-06-16 12:00:00,3,home
E0000542,P000325,F02,PR0021,inpatient,direct_admission,2025-06-14 04:04:00,2025-06-16 16:53:00,2,home
E0000543,P000686,F01,PR0016,ED,emergency,2025-06-15 04:20:00,2025-06-15 08:33:00,0,home
E0000544,P001339,F02,PR0024,inpatient,elective_admission,2025-06-15 10:54:00,2025-06-20 11:24:00,5,expired
E0000545,P000685,F15,PR0099,outpatient,preventive,2025-06-16 09:00:00,2025-06-16 09:49:00,0,home
E0000546,P001362,F10,PR0082,outpatient,preventive,2025-06-16 10:15:00,2025-06-16 10:55:00,0,home
E0000547,P001378,F04,PR0056,outpatient,preventive,2025-06-16 11:30:00,2025-06-16 12:42:00,0,home
E0000548,P001379,F05,PR0062,outpatient,chronic_management,2025-06-16 12:15:00,2025-06-16 12:41:00,0,home
E0000549,P001086,F07,PR0069,outpatient,post_discharge_followup,2025-06-16 12:45:00,2025-06-16 13:17:00,0,home
E0000550,P000218,F11,PR0083,outpatient,preventive,2025-06-16 13:00:00,2025-06-16 13:31:00,0,home
E0000551,P000971,F03,PR0052,ED,emergency,2025-06-16 18:13:00,2025-06-16 20:57:00,0,home
E0000552,P000047,F04,PR0056,outpatient,chronic_management,2025-06-17 08:45:00,2025-06-17 09:57:00,0,home
E0000553,P000807,F04,PR0055,outpatient,chronic_management,2025-06-17 09:30:00,2025-06-17 10:22:00,0,home
E0000554,P001383,F08,PR0074,outpatient,post_discharge_followup,2025-06-17 13:00:00,2025-06-17 13:26:00,0,home
E0000555,P000461,F08,PR0071,outpatient,chronic_management,2025-06-17 14:15:00,2025-06-17 14:54:00,0,home
E0000556,P000530,F06,PR0065,outpatient,chronic_management,2025-06-17 14:30:00,2025-06-17 15:32:00,0,home
E0000557,P001035,F13,PR0092,outpatient,chronic_management,2025-06-17 14:30:00,2025-06-17 15:18:00,0,home
E0000558,P000481,F02,PR0035,ED,emergency,2025-06-17 18:31:00,2025-06-17 23:31:00,0,admitted
E0000559,P000481,F02,PR0028,inpatient,emergency_admission,2025-06-17 23:31:00,2025-06-22 13:38:00,5,ama
E0000560,P001234,F05,PR0060,outpatient,chronic_management,2025-06-18 08:30:00,2025-06-18 09:12:00,0,home
E0000561,P000679,F09,PR0076,outpatient,chronic_management,2025-06-18 09:00:00,2025-06-18 10:08:00,0,home
E0000562,P000325,F05,PR0062,outpatient,post_discharge_followup,2025-06-18 13:00:00,2025-06-18 13:21:00,0,home
E0000563,P001071,F05,PR0062,outpatient,chronic_management,2025-06-18 13:15:00,2025-06-18 13:58:00,0,home
E0000564,P000846,F01,PR0018,ED,emergency,2025-06-18 14:36:00,2025-06-18 18:03:00,0,home
E0000565,P000036,F04,PR0057,outpatient,acute_episode,2025-06-18 14:45:00,2025-06-18 15:51:00,0,home
E0000566,P001243,F08,PR0071,outpatient,preventive,2025-06-18 15:30:00,2025-06-18 16:22:00,0,home
E0000567,P000428,F03,PR0045,inpatient,direct_admission,2025-06-18 15:44:00,2025-06-19 14:08:00,1,home_health
E0000568,P000398,F05,PR0060,outpatient,chronic_management,2025-06-18 16:15:00,2025-06-18 16:35:00,0,home
E0000569,P000218,F03,PR0053,ED,emergency,2025-06-18 16:57:00,2025-06-18 23:49:00,0,home
E0000570,P000315,F03,PR0053,ED,emergency,2025-06-18 21:02:00,2025-06-18 23:12:00,0,home
E0000571,P000217,F05,PR0062,outpatient,preventive,2025-06-19 08:00:00,2025-06-19 08:28:00,0,home
E0000572,P001086,F07,PR0067,outpatient,chronic_management,2025-06-19 08:15:00,2025-06-19 08:45:00,0,home
E0000573,P001221,F09,PR0075,outpatient,post_discharge_followup,2025-06-19 10:00:00,2025-06-19 10:24:00,0,home
E0000574,P000051,F11,PR0086,outpatient,chronic_management,2025-06-19 11:45:00,2025-06-19 12:50:00,0,home
E0000575,P001133,F07,PR0068,outpatient,preventive,2025-06-19 12:45:00,2025-06-19 13:25:00,0,home
E0000576,P000632,F02,PR0035,ED,emergency,2025-06-19 13:42:00,2025-06-19 19:42:00,0,admitted
E0000577,P001060,F03,PR0052,ED,emergency,2025-06-19 13:55:00,2025-06-19 16:55:00,0,admitted
E0000578,P000915,F04,PR0056,outpatient,acute_episode,2025-06-19 16:30:00,2025-06-19 16:59:00,0,home
E0000579,P001060,F03,PR0043,inpatient,emergency_admission,2025-06-19 16:55:00,2025-06-22 12:51:00,3,home
E0000580,P001302,F01,PR0016,ED,emergency,2025-06-19 18:08:00,2025-06-19 22:08:00,0,admitted
E0000581,P000632,F02,PR0021,inpatient,emergency_admission,2025-06-19 19:42:00,2025-06-24 12:22:00,5,home
E0000582,P001244,F03,PR0052,ED,emergency,2025-06-19 20:21:00,2025-06-20 02:35:00,0,home
E0000583,P000703,F01,PR0016,ED,emergency,2025-06-19 20:30:00,2025-06-20 00:38:00,0,ama
E0000584,P001302,F01,PR0004,inpatient,emergency_admission,2025-06-19 22:08:00,2025-06-23 14:05:00,4,home
E0000585,P001120,F03,PR0051,ED,emergency,2025-06-20 05:51:00,2025-06-20 12:51:00,0,admitted
E0000586,P000392,F07,PR0067,outpatient,chronic_management,2025-06-20 08:30:00,2025-06-20 09:19:00,0,home
E0000587,P000225,F09,PR0075,outpatient,preventive,2025-06-20 09:00:00,2025-06-20 10:10:00,0,home
E0000588,P000385,F11,PR0084,outpatient,post_discharge_followup,2025-06-20 09:15:00,2025-06-20 10:24:00,0,home
E0000589,P001069,F10,PR0079,outpatient,acute_episode,2025-06-20 09:15:00,2025-06-20 09:39:00,0,home
E0000590,P001228,F01,PR0011,outpatient,preventive,2025-06-20 09:15:00,2025-06-20 10:00:00,0,home
E0000591,P000137,F04,PR0057,outpatient,post_discharge_followup,2025-06-20 10:45:00,2025-06-20 11:17:00,0,home
E0000592,P001120,F03,PR0046,inpatient,emergency_admission,2025-06-20 12:51:00,2025-06-21 13:06:00,1,snf
E0000593,P001267,F03,PR0039,outpatient,acute_episode,2025-06-20 15:30:00,2025-06-20 15:56:00,0,home
E0000594,P000832,F10,PR0081,outpatient,chronic_management,2025-06-20 16:45:00,2025-06-20 17:21:00,0,home
E0000595,P000721,F01,PR0018,ED,emergency,2025-06-20 18:06:00,2025-06-21 02:32:00,0,home
E0000596,P000480,F02,PR0022,inpatient,elective_admission,2025-06-21 16:08:00,2025-06-25 16:11:00,4,home
E0000597,P001243,F01,PR0016,ED,emergency,2025-06-21 17:58:00,2025-06-21 21:58:00,0,admitted
E0000598,P001243,F01,PR0004,inpatient,emergency_admission,2025-06-21 21:58:00,2025-06-22 15:19:00,1,home
E0000599,P001109,F03,PR0050,ED,emergency,2025-06-21 23:01:00,2025-06-22 01:53:00,0,home
E0000600,P000612,F02,PR0019,inpatient,direct_admission,2025-06-22 17:15:00,2025-06-29 15:27:00,7,home_health
E0000601,P001099,F01,PR0012,outpatient,acute_episode,2025-06-23 08:00:00,2025-06-23 08:50:00,0,home
E0000602,P000527,F02,PR0025,outpatient,preventive,2025-06-23 08:30:00,2025-06-23 09:04:00,0,home
E0000603,P000782,F10,PR0082,outpatient,acute_episode,2025-06-23 08:30:00,2025-06-23 09:42:00,0,home
E0000604,P001169,F09,PR0077,outpatient,chronic_management,2025-06-23 08:45:00,2025-06-23 09:19:00,0,home
E0000605,P000641,F15,PR0098,outpatient,preventive,2025-06-23 09:15:00,2025-06-23 09:35:00,0,home
E0000606,P000135,F08,PR0073,outpatient,acute_episode,2025-06-23 10:15:00,2025-06-23 11:27:00,0,home
E0000607,P000213,F09,PR0078,outpatient,chronic_management,2025-06-23 10:30:00,2025-06-23 11:13:00,0,home
E0000608,P000410,F05,PR0059,outpatient,chronic_management,2025-06-23 13:30:00,2025-06-23 14:01:00,0,home
E0000609,P000296,F07,PR0069,outpatient,acute_episode,2025-06-23 15:45:00,2025-06-23 16:32:00,0,home
E0000610,P001004,F10,PR0081,outpatient,chronic_management,2025-06-23 16:30:00,2025-06-23 17:13:00,0,home
E0000611,P000979,F01,PR0006,inpatient,elective_admission,2025-06-24 00:59:00,2025-06-25 11:59:00,1,home
E0000612,P000883,F01,PR0007,outpatient,chronic_management,2025-06-24 08:15:00,2025-06-24 09:09:00,0,home
E0000613,P000644,F03,PR0049,ED,emergency,2025-06-24 10:18:00,2025-06-24 16:02:00,0,home
E0000614,P000059,F01,PR0018,ED,emergency,2025-06-24 14:40:00,2025-06-24 16:40:00,0,admitted
E0000615,P000941,F11,PR0083,outpatient,preventive,2025-06-24 15:00:00,2025-06-24 15:26:00,0,home
E0000616,P000371,F01,PR0013,ED,emergency,2025-06-24 16:04:00,2025-06-24 19:05:00,0,home
E0000617,P001082,F12,PR0088,outpatient,preventive,2025-06-24 16:30:00,2025-06-24 17:16:00,0,home
E0000618,P001157,F05,PR0060,outpatient,acute_episode,2025-06-24 16:30:00,2025-06-24 17:04:00,0,home
E0000619,P000059,F01,PR0007,inpatient,emergency_admission,2025-06-24 16:40:00,2025-06-29 12:10:00,5,home
E0000620,P000946,F02,PR0023,inpatient,elective_admission,2025-06-24 17:07:00,2025-06-28 13:24:00,4,home
E0000621,P000738,F07,PR0068,outpatient,preventive,2025-06-25 09:15:00,2025-06-25 09:53:00,0,home
E0000622,P001102,F06,PR0064,outpatient,preventive,2025-06-25 09:15:00,2025-06-25 10:15:00,0,home
E0000623,P000111,F09,PR0076,outpatient,preventive,2025-06-25 12:15:00,2025-06-25 13:09:00,0,home
E0000624,P000186,F06,PR0066,outpatient,acute_episode,2025-06-25 13:30:00,2025-06-25 14:24:00,0,home
E0000625,P000245,F15,PR0097,outpatient,post_discharge_followup,2025-06-25 14:15:00,2025-06-25 15:12:00,0,home
E0000626,P000626,F08,PR0071,outpatient,chronic_management,2025-06-26 09:45:00,2025-06-26 10:17:00,0,home
E0000627,P000632,F11,PR0085,outpatient,post_discharge_followup,2025-06-26 10:45:00,2025-06-26 11:35:00,0,home
E0000628,P000630,F02,PR0020,inpatient,direct_admission,2025-06-26 12:21:00,2025-06-29 15:02:00,3,hospice
E0000629,P000929,F15,PR0097,outpatient,post_discharge_followup,2025-06-26 12:30:00,2025-06-26 13:41:00,0,home
E0000630,P000269,F04,PR0056,outpatient,acute_episode,2025-06-26 13:00:00,2025-06-26 13:52:00,0,home
E0000631,P000775,F05,PR0061,outpatient,acute_episode,2025-06-26 14:45:00,2025-06-26 15:43:00,0,home
E0000632,P000508,F06,PR0064,outpatient,chronic_management,2025-06-26 16:15:00,2025-06-26 16:40:00,0,home
E0000633,P000957,F10,PR0081,outpatient,chronic_management,2025-06-26 16:30:00,2025-06-26 17:18:00,0,home
E0000634,P001234,F01,PR0014,ED,emergency,2025-06-26 19:15:00,2025-06-26 21:15:00,0,admitted
E0000635,P001234,F01,PR0010,inpatient,emergency_admission,2025-06-26 21:15:00,2025-06-29 16:48:00,3,home
E0000636,P001212,F09,PR0076,outpatient,chronic_management,2025-06-27 09:45:00,2025-06-27 10:42:00,0,home
E0000637,P000036,F04,PR0055,outpatient,chronic_management,2025-06-27 11:00:00,2025-06-27 11:30:00,0,home
E0000638,P000754,F06,PR0063,outpatient,acute_episode,2025-06-27 12:00:00,2025-06-27 12:25:00,0,home
E0000639,P001159,F01,PR0005,outpatient,chronic_management,2025-06-27 12:30:00,2025-06-27 12:59:00,0,home
E0000640,P000137,F02,PR0036,ED,emergency,2025-06-27 13:04:00,2025-06-27 16:04:00,0,admitted
E0000641,P000123,F09,PR0076,outpatient,chronic_management,2025-06-27 13:45:00,2025-06-27 14:46:00,0,home
E0000642,P000137,F02,PR0022,inpatient,emergency_admission,2025-06-27 16:04:00,2025-07-02 12:27:00,5,home
E0000643,P000314,F01,PR0017,ED,emergency,2025-06-27 23:26:00,2025-06-28 04:26:00,0,admitted
E0000644,P000314,F01,PR0002,inpatient,emergency_admission,2025-06-28 04:26:00,2025-07-09 13:42:00,11,home
E0000645,P000686,F01,PR0014,ED,emergency,2025-06-28 14:01:00,2025-06-28 20:49:00,0,home
E0000646,P001186,F01,PR0005,inpatient,elective_admission,2025-06-28 18:33:00,2025-07-02 16:29:00,4,home
E0000647,P001327,F01,PR0017,ED,emergency,2025-06-28 22:11:00,2025-06-29 01:43:00,0,home
E0000648,P000507,F02,PR0031,ED,emergency,2025-06-29 01:19:00,2025-06-29 09:19:00,0,home
E0000649,P000834,F02,PR0034,ED,emergency,2025-06-29 11:52:00,2025-06-29 13:52:00,0,admitted
E0000650,P000834,F02,PR0026,inpatient,emergency_admission,2025-06-29 13:52:00,2025-07-04 17:26:00,5,home
E0000651,P001211,F07,PR0068,outpatient,chronic_management,2025-06-30 11:15:00,2025-06-30 12:20:00,0,home
E0000652,P000766,F01,PR0017,ED,emergency,2025-06-30 15:13:00,2025-06-30 16:52:00,0,transfer
E0000653,P000658,F02,PR0021,inpatient,direct_admission,2025-07-01 02:04:00,2025-07-05 11:24:00,4,ama
E0000654,P000630,F06,PR0063,outpatient,post_discharge_followup,2025-07-01 08:00:00,2025-07-01 08:59:00,0,home
E0000655,P000088,F08,PR0073,outpatient,acute_episode,2025-07-01 10:15:00,2025-07-01 11:25:00,0,home
E0000656,P000136,F11,PR0083,outpatient,chronic_management,2025-07-01 12:15:00,2025-07-01 13:02:00,0,home
E0000657,P000433,F05,PR0061,outpatient,acute_episode,2025-07-01 12:15:00,2025-07-01 13:27:00,0,home
E0000658,P000541,F08,PR0074,outpatient,chronic_management,2025-07-01 13:15:00,2025-07-01 14:29:00,0,home
E0000659,P001176,F01,PR0013,ED,emergency,2025-07-01 19:47:00,2025-07-01 21:47:00,0,admitted
E0000660,P001176,F01,PR0003,inpatient,emergency_admission,2025-07-01 21:47:00,2025-07-04 10:20:00,3,home
E0000661,P000184,F01,PR0014,ED,emergency,2025-07-02 06:49:00,2025-07-02 09:49:00,0,home
E0000662,P000846,F10,PR0079,outpatient,preventive,2025-07-02 09:30:00,2025-07-02 10:39:00,0,home
E0000663,P000059,F07,PR0069,outpatient,post_discharge_followup,2025-07-02 11:15:00,2025-07-02 11:45:00,0,home
E0000664,P001384,F03,PR0039,inpatient,direct_admission,2025-07-02 14:02:00,2025-07-06 17:17:00,4,snf
E0000665,P000946,F06,PR0064,outpatient,post_discharge_followup,2025-07-02 14:45:00,2025-07-02 15:15:00,0,home
E0000666,P000731,F05,PR0060,outpatient,chronic_management,2025-07-02 15:00:00,2025-07-02 15:56:00,0,home
E0000667,P000040,F06,PR0066,outpatient,post_discharge_followup,2025-07-02 15:30:00,2025-07-02 16:13:00,0,home
E0000668,P000881,F09,PR0078,outpatient,acute_episode,2025-07-02 16:15:00,2025-07-02 17:26:00,0,home
E0000669,P000699,F07,PR0068,outpatient,preventive,2025-07-02 16:45:00,2025-07-02 17:55:00,0,home
E0000670,P000721,F01,PR0014,ED,emergency,2025-07-03 01:00:00,2025-07-03 07:53:00,0,home
E0000671,P001048,F11,PR0085,outpatient,post_discharge_followup,2025-07-03 10:00:00,2025-07-03 10:50:00,0,home
E0000672,P001020,F11,PR0086,outpatient,chronic_management,2025-07-03 11:00:00,2025-07-03 12:04:00,0,home
E0000673,P001234,F05,PR0060,outpatient,preventive,2025-07-03 11:15:00,2025-07-03 12:08:00,0,home
E0000674,P000113,F14,PR0094,outpatient,acute_episode,2025-07-03 12:15:00,2025-07-03 12:49:00,0,home
E0000675,P000363,F10,PR0082,outpatient,chronic_management,2025-07-03 13:30:00,2025-07-03 14:28:00,0,home
E0000676,P001129,F04,PR0056,outpatient,chronic_management,2025-07-03 14:00:00,2025-07-03 14:45:00,0,home
E0000677,P000230,F15,PR0097,outpatient,preventive,2025-07-03 14:15:00,2025-07-03 14:39:00,0,home
E0000678,P000072,F06,PR0064,outpatient,acute_episode,2025-07-03 14:45:00,2025-07-03 15:24:00,0,home
E0000679,P000779,F04,PR0057,outpatient,acute_episode,2025-07-03 15:00:00,2025-07-03 16:05:00,0,home
E0000680,P001109,F01,PR0018,ED,emergency,2025-07-03 21:28:00,2025-07-03 23:28:00,0,admitted
E0000681,P001109,F01,PR0001,inpatient,emergency_admission,2025-07-03 23:28:00,2025-07-07 10:45:00,4,rehab
E0000682,P001234,F05,PR0061,outpatient,post_discharge_followup,2025-07-04 08:45:00,2025-07-04 09:43:00,0,home
E0000683,P001165,F10,PR0081,outpatient,chronic_management,2025-07-04 09:45:00,2025-07-04 10:27:00,0,home
E0000684,P001002,F04,PR0057,outpatient,preventive,2025-07-04 11:00:00,2025-07-04 11:27:00,0,home
E0000685,P001243,F08,PR0073,outpatient,post_discharge_followup,2025-07-04 12:30:00,2025-07-04 13:14:00,0,home
E0000686,P000714,F02,PR0020,inpatient,direct_admission,2025-07-04 13:17:00,2025-07-08 14:02:00,4,home
E0000687,P001186,F08,PR0074,outpatient,post_discharge_followup,2025-07-04 15:30:00,2025-07-04 16:37:00,0,home
E0000688,P001318,F03,PR0051,ED,emergency,2025-07-04 20:17:00,2025-07-05 01:19:00,0,home
E0000689,P001157,F01,PR0014,ED,emergency,2025-07-05 19:23:00,2025-07-06 01:23:00,0,admitted
E0000690,P001157,F01,PR0002,inpatient,emergency_admission,2025-07-06 01:23:00,2025-07-08 12:55:00,2,snf
E0000691,P000297,F01,PR0005,inpatient,elective_admission,2025-07-06 10:52:00,2025-07-11 10:09:00,5,home_health
E0000692,P001050,F01,PR0016,ED,emergency,2025-07-07 07:34:00,2025-07-07 14:58:00,0,home
E0000693,P001107,F01,PR0002,outpatient,chronic_management,2025-07-07 12:15:00,2025-07-07 12:49:00,0,home
E0000694,P000688,F11,PR0085,outpatient,chronic_management,2025-07-07 13:30:00,2025-07-07 14:20:00,0,home
E0000695,P001137,F04,PR0058,outpatient,preventive,2025-07-07 14:30:00,2025-07-07 15:44:00,0,home
E0000696,P000753,F05,PR0059,outpatient,preventive,2025-07-07 16:00:00,2025-07-07 17:13:00,0,home
E0000697,P001278,F09,PR0075,outpatient,preventive,2025-07-08 09:15:00,2025-07-08 09:35:00,0,home
E0000698,P001240,F04,PR0056,outpatient,preventive,2025-07-08 10:45:00,2025-07-08 11:46:00,0,home
E0000699,P000891,F05,PR0061,outpatient,preventive,2025-07-08 14:00:00,2025-07-08 14:56:00,0,home
E0000700,P000159,F03,PR0042,inpatient,elective_admission,2025-07-08 14:27:00,2025-07-10 13:12:00,2,hospice
E0000701,P000643,F01,PR0003,inpatient,elective_admission,2025-07-08 16:06:00,2025-07-12 10:03:00,4,home
E0000702,P000264,F01,PR0002,inpatient,elective_admission,2025-07-08 17:34:00,2025-07-15 11:40:00,7,ama
E0000703,P000325,F02,PR0033,ED,emergency,2025-07-09 02:45:00,2025-07-09 10:49:00,0,ama
E0000704,P000112,F15,PR0097,outpatient,chronic_management,2025-07-09 09:00:00,2025-07-09 09:58:00,0,home
E0000705,P001178,F08,PR0072,outpatient,post_discharge_followup,2025-07-09 11:45:00,2025-07-09 12:43:00,0,home
E0000706,P000434,F02,PR0034,ED,emergency,2025-07-09 12:08:00,2025-07-09 18:08:00,0,admitted
E0000707,P000023,F06,PR0064,outpatient,acute_episode,2025-07-09 12:30:00,2025-07-09 12:55:00,0,home
E0000708,P000575,F09,PR0076,outpatient,preventive,2025-07-09 12:45:00,2025-07-09 13:06:00,0,home
E0000709,P000834,F10,PR0082,outpatient,post_discharge_followup,2025-07-09 14:30:00,2025-07-09 15:31:00,0,home
E0000710,P000165,F04,PR0056,outpatient,acute_episode,2025-07-09 15:15:00,2025-07-09 15:44:00,0,home
E0000711,P000563,F11,PR0085,outpatient,chronic_management,2025-07-09 15:15:00,2025-07-09 15:39:00,0,home
E0000712,P000434,F02,PR0020,inpatient,emergency_admission,2025-07-09 18:08:00,2025-07-14 13:32:00,5,home
E0000713,P000448,F01,PR0012,outpatient,preventive,2025-07-10 09:00:00,2025-07-10 09:43:00,0,home
E0000714,P001021,F01,PR0010,inpatient,direct_admission,2025-07-10 09:34:00,2025-07-15 12:28:00,5,snf
E0000715,P000550,F07,PR0068,outpatient,acute_episode,2025-07-10 11:00:00,2025-07-10 12:13:00,0,home
E0000716,P001383,F08,PR0071,outpatient,acute_episode,2025-07-10 12:30:00,2025-07-10 13:40:00,0,home
E0000717,P001272,F01,PR0009,outpatient,acute_episode,2025-07-10 13:00:00,2025-07-10 13:22:00,0,home
E0000718,P000022,F01,PR0018,ED,emergency,2025-07-10 15:27:00,2025-07-10 23:43:00,0,home
E0000719,P000820,F03,PR0054,ED,emergency,2025-07-11 08:13:00,2025-07-11 15:58:00,0,home
E0000720,P000411,F10,PR0080,outpatient,chronic_management,2025-07-11 10:45:00,2025-07-11 11:47:00,0,home
E0000721,P000744,F04,PR0058,outpatient,chronic_management,2025-07-11 13:00:00,2025-07-11 13:56:00,0,home
E0000722,P000883,F09,PR0075,outpatient,chronic_management,2025-07-11 13:00:00,2025-07-11 13:32:00,0,home
E0000723,P000784,F04,PR0056,outpatient,preventive,2025-07-11 13:15:00,2025-07-11 13:48:00,0,home
E0000724,P000364,F03,PR0044,outpatient,preventive,2025-07-11 15:00:00,2025-07-11 15:49:00,0,home
E0000725,P000483,F06,PR0066,outpatient,acute_episode,2025-07-11 15:15:00,2025-07-11 15:36:00,0,home
E0000726,P000027,F03,PR0040,inpatient,elective_admission,2025-07-11 15:58:00,2025-07-12 16:35:00,1,home
E0000727,P001115,F03,PR0037,inpatient,elective_admission,2025-07-11 17:24:00,2025-07-16 13:20:00,5,snf
E0000728,P000190,F01,PR0018,ED,emergency,2025-07-12 00:25:00,2025-07-12 08:06:00,0,home
E0000729,P000148,F03,PR0045,inpatient,direct_admission,2025-07-12 08:02:00,2025-07-17 11:20:00,5,home
E0000730,P000840,F01,PR0017,ED,emergency,2025-07-12 21:03:00,2025-07-13 04:35:00,0,home
E0000731,P000568,F01,PR0018,ED,emergency,2025-07-12 21:51:00,2025-07-13 01:24:00,0,home
E0000732,P000836,F02,PR0036,ED,emergency,2025-07-13 04:49:00,2025-07-13 11:52:00,0,home
E0000733,P000144,F02,PR0023,inpatient,elective_admission,2025-07-13 11:08:00,2025-07-15 11:16:00,2,home
E0000734,P001357,F02,PR0025,inpatient,elective_admission,2025-07-13 13:22:00,2025-07-15 11:10:00,2,home
E0000735,P001295,F08,PR0073,outpatient,chronic_management,2025-07-14 09:45:00,2025-07-14 10:26:00,0,home
E0000736,P000703,F09,PR0078,outpatient,preventive,2025-07-14 10:00:00,2025-07-14 11:05:00,0,home
E0000737,P000039,F05,PR0061,outpatient,acute_episode,2025-07-14 10:15:00,2025-07-14 10:37:00,0,home
E0000738,P001116,F05,PR0060,outpatient,acute_episode,2025-07-14 11:30:00,2025-07-14 11:57:00,0,home
E0000739,P001317,F04,PR0058,outpatient,chronic_management,2025-07-14 11:30:00,2025-07-14 12:32:00,0,home
E0000740,P000564,F05,PR0059,outpatient,chronic_management,2025-07-14 12:00:00,2025-07-14 12:47:00,0,home
E0000741,P001272,F01,PR0003,inpatient,direct_admission,2025-07-14 14:37:00,2025-07-19 10:50:00,5,ama
E0000742,P001176,F09,PR0077,outpatient,post_discharge_followup,2025-07-14 15:00:00,2025-07-14 15:24:00,0,home
E0000743,P000314,F08,PR0071,outpatient,chronic_management,2025-07-14 15:45:00,2025-07-14 16:58:00,0,home
E0000744,P000112,F03,PR0042,inpatient,direct_admission,2025-07-14 16:00:00,2025-07-18 17:40:00,4,home
E0000745,P000240,F02,PR0033,ED,emergency,2025-07-14 17:18:00,2025-07-14 21:43:00,0,home
E0000746,P000167,F15,PR0097,outpatient,preventive,2025-07-15 08:15:00,2025-07-15 09:13:00,0,home
E0000747,P000671,F07,PR0070,outpatient,preventive,2025-07-15 08:30:00,2025-07-15 09:04:00,0,home
E0000748,P000462,F12,PR0087,outpatient,chronic_management,2025-07-15 08:45:00,2025-07-15 09:13:00,0,home
E0000749,P000643,F01,PR0014,ED,emergency,2025-07-15 09:37:00,2025-07-15 12:01:00,0,home
E0000750,P001238,F03,PR0042,outpatient,preventive,2025-07-15 09:45:00,2025-07-15 10:25:00,0,home
E0000751,P000480,F10,PR0081,outpatient,post_discharge_followup,2025-07-15 11:00:00,2025-07-15 12:00:00,0,home
E0000752,P000702,F05,PR0061,outpatient,acute_episode,2025-07-15 11:00:00,2025-07-15 11:21:00,0,home
E0000753,P001007,F07,PR0068,outpatient,chronic_management,2025-07-15 13:15:00,2025-07-15 13:37:00,0,home
E0000754,P000598,F06,PR0066,outpatient,chronic_management,2025-07-15 13:45:00,2025-07-15 14:13:00,0,home
E0000755,P000543,F14,PR0094,outpatient,acute_episode,2025-07-15 16:00:00,2025-07-15 16:20:00,0,home
E0000756,P001003,F04,PR0057,outpatient,chronic_management,2025-07-15 16:30:00,2025-07-15 17:09:00,0,home
E0000757,P000998,F07,PR0070,outpatient,acute_episode,2025-07-16 08:30:00,2025-07-16 08:56:00,0,home
E0000758,P001254,F05,PR0060,outpatient,chronic_management,2025-07-16 09:30:00,2025-07-16 10:17:00,0,home
E0000759,P001326,F11,PR0083,outpatient,acute_episode,2025-07-16 12:30:00,2025-07-16 13:09:00,0,home
E0000760,P001081,F06,PR0063,outpatient,chronic_management,2025-07-16 13:00:00,2025-07-16 13:28:00,0,home
E0000761,P000844,F07,PR0070,outpatient,chronic_management,2025-07-16 16:00:00,2025-07-16 17:04:00,0,home
E0000762,P001112,F09,PR0078,outpatient,preventive,2025-07-16 16:30:00,2025-07-16 17:12:00,0,home
E0000763,P000630,F02,PR0020,inpatient,elective_admission,2025-07-17 01:37:00,2025-07-19 13:15:00,2,home_health
E0000764,P000386,F12,PR0088,outpatient,chronic_management,2025-07-17 09:15:00,2025-07-17 10:21:00,0,home
E0000765,P001044,F07,PR0069,outpatient,preventive,2025-07-17 09:15:00,2025-07-17 09:43:00,0,home
E0000766,P001349,F02,PR0033,ED,emergency,2025-07-17 10:39:00,2025-07-17 13:39:00,0,admitted
E0000767,P000714,F02,PR0031,ED,emergency,2025-07-17 12:05:00,2025-07-17 16:05:00,0,admitted
E0000768,P000176,F05,PR0059,outpatient,chronic_management,2025-07-17 13:00:00,2025-07-17 14:06:00,0,home
E0000769,P001349,F02,PR0023,inpatient,emergency_admission,2025-07-17 13:39:00,2025-07-26 16:04:00,9,home_health
E0000770,P000435,F09,PR0076,outpatient,chronic_management,2025-07-17 14:45:00,2025-07-17 15:46:00,0,home
E0000771,P000020,F06,PR0065,outpatient,chronic_management,2025-07-17 15:00:00,2025-07-17 15:59:00,0,home
E0000772,P000298,F15,PR0098,outpatient,acute_episode,2025-07-17 15:45:00,2025-07-17 16:12:00,0,home
E0000773,P000347,F08,PR0074,outpatient,chronic_management,2025-07-17 16:00:00,2025-07-17 17:08:00,0,home
E0000774,P000714,F02,PR0019,inpatient,emergency_admission,2025-07-17 16:05:00,2025-07-24 11:31:00,7,home
E0000775,P000105,F01,PR0018,ED,emergency,2025-07-17 20:28:00,2025-07-17 23:31:00,0,home
E0000776,P000478,F07,PR0069,outpatient,acute_episode,2025-07-18 08:45:00,2025-07-18 09:50:00,0,home
E0000777,P000561,F15,PR0097,outpatient,acute_episode,2025-07-18 09:15:00,2025-07-18 09:39:00,0,home
E0000778,P000130,F08,PR0072,outpatient,chronic_management,2025-07-18 10:30:00,2025-07-18 11:16:00,0,home
E0000779,P000480,F10,PR0082,outpatient,acute_episode,2025-07-18 11:15:00,2025-07-18 12:16:00,0,home
E0000780,P000591,F08,PR0074,outpatient,preventive,2025-07-18 16:30:00,2025-07-18 17:08:00,0,home
E0000781,P000654,F02,PR0022,inpatient,elective_admission,2025-07-18 23:45:00,2025-07-23 17:46:00,5,home
E0000782,P000765,F03,PR0049,ED,emergency,2025-07-19 10:17:00,2025-07-19 16:17:00,0,admitted
E0000783,P000765,F03,PR0041,inpatient,emergency_admission,2025-07-19 16:17:00,2025-07-27 11:44:00,8,home_health
E0000784,P000345,F01,PR0014,ED,emergency,2025-07-19 16:27:00,2025-07-19 19:27:00,0,admitted
E0000785,P001273,F02,PR0034,ED,emergency,2025-07-19 16:34:00,2025-07-19 23:34:00,0,admitted
E0000786,P000345,F01,PR0004,inpatient,emergency_admission,2025-07-19 19:27:00,2025-07-24 10:34:00,5,home
E0000787,P001273,F02,PR0019,inpatient,emergency_admission,2025-07-19 23:34:00,2025-07-24 13:49:00,5,home
E0000788,P000481,F02,PR0021,inpatient,elective_admission,2025-07-20 10:19:00,2025-07-29 11:18:00,9,home
E0000789,P001021,F01,PR0014,ED,emergency,2025-07-20 15:21:00,2025-07-20 20:21:00,0,admitted
E0000790,P001021,F01,PR0001,inpatient,emergency_admission,2025-07-20 20:21:00,2025-07-27 10:46:00,7,home
E0000791,P001200,F01,PR0017,ED,emergency,2025-07-21 01:25:00,2025-07-21 06:11:00,0,home
E0000792,P000855,F03,PR0049,ED,emergency,2025-07-21 06:17:00,2025-07-21 11:17:00,0,admitted
E0000793,P000234,F05,PR0059,outpatient,chronic_management,2025-07-21 08:45:00,2025-07-21 09:53:00,0,home
E0000794,P001300,F07,PR0067,outpatient,chronic_management,2025-07-21 11:15:00,2025-07-21 12:03:00,0,home
E0000795,P000855,F03,PR0037,inpatient,emergency_admission,2025-07-21 11:17:00,2025-07-25 17:17:00,4,home
E0000796,P000171,F07,PR0067,outpatient,preventive,2025-07-21 11:30:00,2025-07-21 12:34:00,0,home
E0000797,P000655,F10,PR0080,outpatient,chronic_management,2025-07-21 12:30:00,2025-07-21 13:13:00,0,home
E0000798,P001146,F04,PR0057,outpatient,chronic_management,2025-07-21 13:30:00,2025-07-21 14:40:00,0,home
E0000799,P000332,F06,PR0063,outpatient,preventive,2025-07-21 16:15:00,2025-07-21 17:21:00,0,home
E0000800,P000444,F05,PR0059,outpatient,chronic_management,2025-07-22 08:30:00,2025-07-22 09:15:00,0,home
E0000801,P000977,F01,PR0002,inpatient,elective_admission,2025-07-22 10:01:00,2025-07-28 17:48:00,6,home
E0000802,P001397,F09,PR0078,outpatient,chronic_management,2025-07-22 10:30:00,2025-07-22 11:03:00,0,home
E0000803,P000899,F08,PR0071,outpatient,chronic_management,2025-07-22 11:15:00,2025-07-22 11:48:00,0,home
E0000804,P001154,F01,PR0010,outpatient,preventive,2025-07-22 13:15:00,2025-07-22 14:29:00,0,home
E0000805,P000043,F01,PR0004,inpatient,direct_admission,2025-07-22 13:45:00,2025-08-02 15:10:00,11,home
E0000806,P001354,F11,PR0086,outpatient,chronic_management,2025-07-22 15:15:00,2025-07-22 15:58:00,0,home
E0000807,P000522,F08,PR0072,outpatient,chronic_management,2025-07-22 16:30:00,2025-07-22 17:13:00,0,home
E0000808,P001337,F03,PR0038,inpatient,elective_admission,2025-07-22 19:19:00,2025-07-26 12:50:00,4,home
E0000809,P000223,F03,PR0040,inpatient,elective_admission,2025-07-22 23:34:00,2025-07-23 13:09:00,1,home
E0000810,P001012,F04,PR0057,outpatient,chronic_management,2025-07-23 08:45:00,2025-07-23 09:49:00,0,home
E0000811,P000518,F01,PR0006,outpatient,acute_episode,2025-07-23 10:00:00,2025-07-23 10:32:00,0,home
E0000812,P001070,F09,PR0076,outpatient,chronic_management,2025-07-23 10:15:00,2025-07-23 10:54:00,0,home
E0000813,P001088,F08,PR0073,outpatient,preventive,2025-07-23 10:45:00,2025-07-23 11:13:00,0,home
E0000814,P000328,F09,PR0076,outpatient,chronic_management,2025-07-23 14:30:00,2025-07-23 15:20:00,0,home
E0000815,P001397,F10,PR0079,outpatient,preventive,2025-07-23 14:30:00,2025-07-23 15:29:00,0,home
E0000816,P000840,F08,PR0071,outpatient,acute_episode,2025-07-23 15:30:00,2025-07-23 16:40:00,0,home
E0000817,P000892,F05,PR0060,outpatient,preventive,2025-07-24 11:00:00,2025-07-24 12:02:00,0,home
E0000818,P000390,F09,PR0076,outpatient,preventive,2025-07-24 11:45:00,2025-07-24 12:55:00,0,home
E0000819,P001118,F01,PR0017,ED,emergency,2025-07-24 12:55:00,2025-07-24 16:09:00,0,home
E0000820,P000541,F02,PR0035,ED,emergency,2025-07-24 16:24:00,2025-07-24 18:02:00,0,ama
E0000821,P000598,F02,PR0031,ED,emergency,2025-07-25 08:15:00,2025-07-25 10:15:00,0,admitted
E0000822,P000531,F04,PR0056,outpatient,chronic_management,2025-07-25 08:30:00,2025-07-25 08:54:00,0,home
E0000823,P000598,F02,PR0022,inpatient,emergency_admission,2025-07-25 10:15:00,2025-07-27 10:25:00,2,home_health
E0000824,P000077,F03,PR0051,ED,emergency,2025-07-25 11:31:00,2025-07-25 16:46:00,0,home
E0000825,P000963,F05,PR0060,outpatient,acute_episode,2025-07-25 11:45:00,2025-07-25 12:25:00,0,home
E0000826,P000360,F01,PR0018,ED,emergency,2025-07-25 11:59:00,2025-07-25 16:38:00,0,home
E0000827,P000654,F09,PR0077,outpatient,post_discharge_followup,2025-07-25 12:45:00,2025-07-25 13:29:00,0,home
E0000828,P000226,F02,PR0024,outpatient,preventive,2025-07-25 13:00:00,2025-07-25 13:27:00,0,home
E0000829,P000778,F12,PR0087,outpatient,chronic_management,2025-07-25 13:00:00,2025-07-25 13:59:00,0,home
E0000830,P000651,F05,PR0062,outpatient,acute_episode,2025-07-25 13:15:00,2025-07-25 14:27:00,0,home
E0000831,P000297,F01,PR0013,ED,emergency,2025-07-25 13:50:00,2025-07-25 20:36:00,0,home
E0000832,P000360,F15,PR0098,outpatient,chronic_management,2025-07-25 15:30:00,2025-07-25 15:52:00,0,home
E0000833,P000658,F02,PR0032,ED,emergency,2025-07-25 23:41:00,2025-07-26 07:20:00,0,home
E0000834,P001011,F01,PR0013,ED,emergency,2025-07-26 09:39:00,2025-07-26 13:39:00,0,admitted
E0000835,P001011,F01,PR0001,inpatient,emergency_admission,2025-07-26 13:39:00,2025-07-30 11:12:00,4,home
E0000836,P000940,F01,PR0016,ED,emergency,2025-07-26 15:44:00,2025-07-26 17:24:00,0,home
E0000837,P000038,F02,PR0034,ED,emergency,2025-07-26 18:03:00,2025-07-27 02:00:00,0,home
E0000838,P001282,F01,PR0015,ED,emergency,2025-07-26 20:14:00,2025-07-27 02:04:00,0,home
E0000839,P001253,F01,PR0018,ED,emergency,2025-07-27 06:05:00,2025-07-27 09:05:00,0,admitted
E0000840,P001253,F01,PR0001,inpatient,emergency_admission,2025-07-27 09:05:00,2025-07-29 10:07:00,2,home_health
E0000841,P000717,F01,PR0005,inpatient,elective_admission,2025-07-27 13:39:00,2025-08-01 15:12:00,5,home
E0000842,P001182,F03,PR0050,ED,emergency,2025-07-27 15:02:00,2025-07-27 18:02:00,0,admitted
E0000843,P001182,F03,PR0038,inpatient,emergency_admission,2025-07-27 18:02:00,2025-07-28 17:43:00,1,hospice
E0000844,P000957,F03,PR0051,ED,emergency,2025-07-27 23:53:00,2025-07-28 02:53:00,0,admitted
E0000845,P000071,F03,PR0041,inpatient,elective_admission,2025-07-28 02:14:00,2025-07-31 12:01:00,3,home
E0000846,P000957,F03,PR0045,inpatient,emergency_admission,2025-07-28 02:53:00,2025-08-02 13:12:00,5,home
E0000847,P000963,F01,PR0017,ED,emergency,2025-07-28 05:16:00,2025-07-28 12:16:00,0,admitted
E0000848,P000345,F04,PR0056,outpatient,post_discharge_followup,2025-07-28 08:30:00,2025-07-28 09:44:00,0,home
E0000849,P000714,F02,PR0036,ED,emergency,2025-07-28 09:16:00,2025-07-28 12:13:00,0,home
E0000850,P001047,F04,PR0058,outpatient,acute_episode,2025-07-28 12:00:00,2025-07-28 12:56:00,0,home
E0000851,P000963,F01,PR0006,inpatient,emergency_admission,2025-07-28 12:16:00,2025-07-29 10:52:00,1,home
E0000852,P000453,F04,PR0055,outpatient,acute_episode,2025-07-28 12:30:00,2025-07-28 12:58:00,0,home
E0000853,P000714,F07,PR0068,outpatient,post_discharge_followup,2025-07-28 12:30:00,2025-07-28 12:56:00,0,home
E0000854,P000297,F08,PR0072,outpatient,post_discharge_followup,2025-07-28 13:00:00,2025-07-28 13:34:00,0,home
E0000855,P000765,F15,PR0099,outpatient,post_discharge_followup,2025-07-28 13:00:00,2025-07-28 13:39:00,0,home
E0000856,P000223,F06,PR0063,outpatient,post_discharge_followup,2025-07-28 14:15:00,2025-07-28 15:04:00,0,home
E0000857,P000239,F10,PR0082,outpatient,chronic_management,2025-07-28 14:15:00,2025-07-28 15:28:00,0,home
E0000858,P000423,F06,PR0065,outpatient,chronic_management,2025-07-28 14:45:00,2025-07-28 15:28:00,0,home
E0000859,P000837,F03,PR0038,inpatient,direct_admission,2025-07-28 17:35:00,2025-08-01 14:27:00,4,home_health
E0000860,P000342,F02,PR0032,ED,emergency,2025-07-28 20:55:00,2025-07-28 23:55:00,0,admitted
E0000861,P000342,F02,PR0020,inpatient,emergency_admission,2025-07-28 23:55:00,2025-07-29 11:42:00,1,home_health
E0000862,P000616,F03,PR0041,inpatient,direct_admission,2025-07-29 01:37:00,2025-08-01 10:19:00,3,home
E0000863,P000027,F05,PR0062,outpatient,post_discharge_followup,2025-07-29 08:15:00,2025-07-29 09:24:00,0,home
E0000864,P000212,F01,PR0002,inpatient,elective_admission,2025-07-29 08:48:00,2025-08-01 17:36:00,3,home
E0000865,P000630,F02,PR0031,ED,emergency,2025-07-29 08:48:00,2025-07-29 10:48:00,0,admitted
E0000866,P000483,F11,PR0086,outpatient,chronic_management,2025-07-29 09:45:00,2025-07-29 10:09:00,0,home
E0000867,P000630,F02,PR0024,inpatient,emergency_admission,2025-07-29 10:48:00,2025-08-04 12:34:00,6,snf
E0000868,P000855,F10,PR0079,outpatient,post_discharge_followup,2025-07-29 13:15:00,2025-07-29 13:55:00,0,home
E0000869,P001273,F06,PR0064,outpatient,post_discharge_followup,2025-07-29 13:45:00,2025-07-29 14:52:00,0,home
E0000870,P001323,F03,PR0043,outpatient,acute_episode,2025-07-29 13:45:00,2025-07-29 14:41:00,0,home
E0000871,P000834,F02,PR0033,ED,emergency,2025-07-29 19:20:00,2025-07-29 23:50:00,0,home
E0000872,P000929,F02,PR0024,inpatient,elective_admission,2025-07-29 20:51:00,2025-08-04 16:26:00,6,home_health
E0000873,P000426,F08,PR0074,outpatient,preventive,2025-07-30 08:00:00,2025-07-30 09:03:00,0,home
E0000874,P001337,F07,PR0069,outpatient,post_discharge_followup,2025-07-30 09:00:00,2025-07-30 09:58:00,0,home
E0000875,P000491,F01,PR0002,outpatient,preventive,2025-07-30 10:15:00,2025-07-30 10:43:00,0,home
E0000876,P001127,F06,PR0064,outpatient,chronic_management,2025-07-30 10:15:00,2025-07-30 11:00:00,0,home
E0000877,P001139,F15,PR0098,outpatient,chronic_management,2025-07-30 14:00:00,2025-07-30 14:45:00,0,home
E0000878,P000460,F15,PR0097,outpatient,preventive,2025-07-30 14:15:00,2025-07-30 15:21:00,0,home
E0000879,P000207,F10,PR0079,outpatient,acute_episode,2025-07-30 14:30:00,2025-07-30 15:24:00,0,home
E0000880,P000466,F05,PR0060,outpatient,chronic_management,2025-07-30 15:15:00,2025-07-30 16:16:00,0,home
E0000881,P000684,F08,PR0074,outpatient,preventive,2025-07-30 16:00:00,2025-07-30 16:26:00,0,home
E0000882,P000135,F08,PR0074,outpatient,chronic_management,2025-07-30 16:15:00,2025-07-30 17:08:00,0,home
E0000883,P000314,F01,PR0003,inpatient,direct_admission,2025-07-30 19:53:00,2025-08-03 12:21:00,4,home
E0000884,P001189,F08,PR0074,outpatient,acute_episode,2025-07-31 10:15:00,2025-07-31 10:48:00,0,home
E0000885,P001120,F04,PR0058,outpatient,preventive,2025-07-31 11:00:00,2025-07-31 11:44:00,0,home
E0000886,P000551,F06,PR0065,outpatient,acute_episode,2025-07-31 11:15:00,2025-07-31 11:49:00,0,home
E0000887,P001201,F12,PR0089,outpatient,chronic_management,2025-07-31 11:30:00,2025-07-31 12:24:00,0,home
E0000888,P001243,F01,PR0014,ED,emergency,2025-07-31 13:10:00,2025-07-31 17:10:00,0,admitted
E0000889,P000084,F04,PR0055,outpatient,preventive,2025-07-31 13:45:00,2025-07-31 14:37:00,0,home
E0000890,P000401,F02,PR0032,ED,emergency,2025-07-31 15:32:00,2025-07-31 20:51:00,0,home
E0000891,P001214,F05,PR0062,outpatient,preventive,2025-07-31 16:30:00,2025-07-31 17:14:00,0,home
E0000892,P001311,F07,PR0068,outpatient,chronic_management,2025-07-31 16:30:00,2025-07-31 16:53:00,0,home
E0000893,P000148,F03,PR0038,inpatient,direct_admission,2025-07-31 16:47:00,2025-08-03 13:44:00,3,home
E0000894,P001243,F01,PR0004,inpatient,emergency_admission,2025-07-31 17:10:00,2025-08-02 10:40:00,2,home
E0000895,P000615,F03,PR0053,ED,emergency,2025-07-31 20:55:00,2025-07-31 22:55:00,0,home
E0000896,P001232,F03,PR0050,ED,emergency,2025-08-01 07:37:00,2025-08-01 16:07:00,0,home
E0000897,P000552,F04,PR0056,outpatient,acute_episode,2025-08-01 10:30:00,2025-08-01 11:29:00,0,home
E0000898,P000936,F09,PR0077,outpatient,preventive,2025-08-01 10:45:00,2025-08-01 11:39:00,0,home
E0000899,P000771,F15,PR0099,outpatient,chronic_management,2025-08-01 12:15:00,2025-08-01 13:26:00,0,home
E0000900,P001309,F10,PR0079,outpatient,preventive,2025-08-01 13:15:00,2025-08-01 13:53:00,0,home
E0000901,P001357,F07,PR0067,outpatient,post_discharge_followup,2025-08-01 13:15:00,2025-08-01 14:23:00,0,home
E0000902,P000657,F02,PR0029,outpatient,chronic_management,2025-08-01 13:30:00,2025-08-01 14:19:00,0,home
E0000903,P001093,F04,PR0057,outpatient,chronic_management,2025-08-01 13:30:00,2025-08-01 14:35:00,0,home
E0000904,P000608,F08,PR0074,outpatient,chronic_management,2025-08-01 14:15:00,2025-08-01 15:19:00,0,home
E0000905,P000230,F04,PR0055,outpatient,chronic_management,2025-08-01 15:45:00,2025-08-01 16:45:00,0,home
E0000906,P000029,F04,PR0055,outpatient,preventive,2025-08-01 16:45:00,2025-08-01 17:21:00,0,home
E0000907,P000428,F03,PR0042,inpatient,direct_admission,2025-08-01 19:02:00,2025-08-02 11:49:00,1,home
E0000908,P000647,F02,PR0023,inpatient,elective_admission,2025-08-01 23:59:00,2025-08-06 15:10:00,5,home
E0000909,P000598,F02,PR0033,ED,emergency,2025-08-02 07:15:00,2025-08-02 09:03:00,0,home
E0000910,P000666,F01,PR0005,inpatient,direct_admission,2025-08-02 14:36:00,2025-08-05 16:30:00,3,home
E0000911,P000311,F02,PR0024,inpatient,elective_admission,2025-08-03 13:22:00,2025-08-04 13:05:00,1,home
E0000912,P000717,F10,PR0081,outpatient,post_discharge_followup,2025-08-04 08:15:00,2025-08-04 09:21:00,0,home
E0000913,P001349,F05,PR0062,outpatient,post_discharge_followup,2025-08-04 08:30:00,2025-08-04 09:41:00,0,home
E0000914,P001204,F03,PR0051,ED,emergency,2025-08-04 09:19:00,2025-08-04 17:24:00,0,home
E0000915,P000589,F01,PR0017,ED,emergency,2025-08-04 09:39:00,2025-08-04 11:39:00,0,admitted
E0000916,P000300,F04,PR0055,outpatient,preventive,2025-08-04 10:30:00,2025-08-04 10:54:00,0,home
E0000917,P000589,F01,PR0001,inpatient,emergency_admission,2025-08-04 11:39:00,2025-08-06 12:54:00,2,home
E0000918,P001248,F04,PR0058,outpatient,preventive,2025-08-04 13:15:00,2025-08-04 14:17:00,0,home
E0000919,P000002,F07,PR0070,outpatient,acute_episode,2025-08-04 13:45:00,2025-08-04 14:34:00,0,home
E0000920,P000271,F06,PR0066,outpatient,chronic_management,2025-08-04 13:45:00,2025-08-04 14:56:00,0,home
E0000921,P001109,F09,PR0078,outpatient,acute_episode,2025-08-04 13:45:00,2025-08-04 14:39:00,0,home
E0000922,P000434,F11,PR0083,outpatient,post_discharge_followup,2025-08-04 14:45:00,2025-08-04 15:49:00,0,home
E0000923,P000264,F01,PR0015,ED,emergency,2025-08-04 17:27:00,2025-08-04 22:27:00,0,admitted
E0000924,P000264,F01,PR0004,inpatient,emergency_admission,2025-08-04 22:27:00,2025-08-07 11:36:00,3,expired
E0000925,P001378,F04,PR0058,outpatient,chronic_management,2025-08-05 08:30:00,2025-08-05 09:08:00,0,home
E0000926,P000620,F01,PR0014,ED,emergency,2025-08-05 10:10:00,2025-08-05 14:10:00,0,admitted
E0000927,P001008,F05,PR0062,outpatient,chronic_management,2025-08-05 11:00:00,2025-08-05 11:40:00,0,home
E0000928,P000087,F01,PR0017,ED,emergency,2025-08-05 13:35:00,2025-08-05 19:36:00,0,home
E0000929,P000620,F01,PR0003,inpatient,emergency_admission,2025-08-05 14:10:00,2025-08-09 14:38:00,4,home
E0000930,P000233,F04,PR0056,outpatient,chronic_management,2025-08-05 15:15:00,2025-08-05 16:07:00,0,home
E0000931,P000173,F03,PR0049,ED,emergency,2025-08-05 19:49:00,2025-08-06 00:20:00,0,home
E0000932,P000910,F10,PR0082,outpatient,chronic_management,2025-08-06 08:15:00,2025-08-06 08:49:00,0,home
E0000933,P001336,F11,PR0084,outpatient,chronic_management,2025-08-06 12:00:00,2025-08-06 12:44:00,0,home
E0000934,P001240,F03,PR0051,ED,emergency,2025-08-06 12:07:00,2025-08-06 19:07:00,0,admitted
E0000935,P000311,F14,PR0094,outpatient,preventive,2025-08-06 12:30:00,2025-08-06 13:05:00,0,home
E0000936,P000029,F04,PR0056,outpatient,acute_episode,2025-08-06 13:00:00,2025-08-06 13:39:00,0,home
E0000937,P001326,F11,PR0083,outpatient,acute_episode,2025-08-06 13:15:00,2025-08-06 13:35:00,0,home
E0000938,P000431,F02,PR0022,inpatient,direct_admission,2025-08-06 14:41:00,2025-08-10 13:45:00,4,home
E0000939,P000667,F05,PR0061,outpatient,chronic_management,2025-08-06 15:30:00,2025-08-06 16:00:00,0,home
E0000940,P001169,F09,PR0077,outpatient,acute_episode,2025-08-06 15:45:00,2025-08-06 16:30:00,0,home
E0000941,P000071,F08,PR0073,outpatient,post_discharge_followup,2025-08-06 16:30:00,2025-08-06 17:24:00,0,home
E0000942,P001155,F06,PR0064,outpatient,chronic_management,2025-08-06 16:45:00,2025-08-06 17:35:00,0,home
E0000943,P001240,F03,PR0042,inpatient,emergency_admission,2025-08-06 19:07:00,2025-08-08 12:47:00,2,home
E0000944,P000929,F15,PR0097,outpatient,post_discharge_followup,2025-08-07 08:15:00,2025-08-07 08:37:00,0,home
E0000945,P000616,F04,PR0058,outpatient,post_discharge_followup,2025-08-07 08:45:00,2025-08-07 09:30:00,0,home
E0000946,P000462,F04,PR0058,outpatient,chronic_management,2025-08-07 09:00:00,2025-08-07 09:33:00,0,home
E0000947,P000217,F05,PR0059,outpatient,chronic_management,2025-08-07 10:00:00,2025-08-07 10:55:00,0,home
E0000948,P000957,F03,PR0051,ED,emergency,2025-08-07 10:26:00,2025-08-07 15:48:00,0,home
E0000949,P000916,F02,PR0036,ED,emergency,2025-08-07 11:05:00,2025-08-07 13:06:00,0,home
E0000950,P000373,F08,PR0071,outpatient,chronic_management,2025-08-07 12:00:00,2025-08-07 13:08:00,0,home
E0000951,P000148,F15,PR0099,outpatient,post_discharge_followup,2025-08-07 12:30:00,2025-08-07 13:39:00,0,home
E0000952,P001243,F01,PR0016,ED,emergency,2025-08-07 15:51:00,2025-08-07 18:51:00,0,admitted
E0000953,P001243,F01,PR0001,inpatient,emergency_admission,2025-08-07 18:51:00,2025-08-20 15:26:00,13,home
E0000954,P001265,F01,PR0017,ED,emergency,2025-08-07 19:10:00,2025-08-07 23:10:00,0,admitted
E0000955,P001265,F01,PR0003,inpatient,emergency_admission,2025-08-07 23:10:00,2025-08-13 14:57:00,6,home_health
E0000956,P000400,F10,PR0082,outpatient,preventive,2025-08-08 08:00:00,2025-08-08 08:30:00,0,home
E0000957,P000482,F02,PR0019,outpatient,chronic_management,2025-08-08 11:00:00,2025-08-08 12:05:00,0,home
E0000958,P000916,F09,PR0075,outpatient,chronic_management,2025-08-08 14:30:00,2025-08-08 15:33:00,0,home
E0000959,P000223,F10,PR0080,outpatient,chronic_management,2025-08-08 15:00:00,2025-08-08 15:42:00,0,home
E0000960,P000028,F03,PR0054,ED,emergency,2025-08-08 15:23:00,2025-08-08 21:45:00,0,home
E0000961,P000847,F07,PR0070,outpatient,acute_episode,2025-08-08 15:30:00,2025-08-08 16:30:00,0,home
E0000962,P000311,F08,PR0074,outpatient,post_discharge_followup,2025-08-08 16:15:00,2025-08-08 17:17:00,0,home
E0000963,P001285,F01,PR0018,ED,emergency,2025-08-10 07:08:00,2025-08-10 12:41:00,0,home
E0000964,P000354,F01,PR0018,ED,emergency,2025-08-10 13:17:00,2025-08-10 21:24:00,0,home
E0000965,P001093,F04,PR0058,outpatient,chronic_management,2025-08-11 09:00:00,2025-08-11 09:54:00,0,home
E0000966,P000224,F05,PR0061,outpatient,preventive,2025-08-11 10:15:00,2025-08-11 11:04:00,0,home
E0000967,P001329,F05,PR0061,outpatient,chronic_management,2025-08-11 13:00:00,2025-08-11 14:00:00,0,home
E0000968,P000428,F03,PR0052,ED,emergency,2025-08-11 15:43:00,2025-08-11 20:43:00,0,admitted
E0000969,P000428,F03,PR0038,inpatient,emergency_admission,2025-08-11 20:43:00,2025-08-14 15:15:00,3,home
E0000970,P000127,F03,PR0046,outpatient,chronic_management,2025-08-12 10:00:00,2025-08-12 10:33:00,0,home
E0000971,P001223,F05,PR0062,outpatient,acute_episode,2025-08-12 10:00:00,2025-08-12 10:28:00,0,home
E0000972,P000229,F02,PR0031,ED,emergency,2025-08-12 10:32:00,2025-08-12 16:32:00,0,admitted
E0000973,P000393,F05,PR0059,outpatient,preventive,2025-08-12 12:15:00,2025-08-12 13:28:00,0,home
E0000974,P000647,F09,PR0078,outpatient,post_discharge_followup,2025-08-12 12:45:00,2025-08-12 13:57:00,0,home
E0000975,P000977,F05,PR0059,outpatient,post_discharge_followup,2025-08-12 12:45:00,2025-08-12 13:36:00,0,home
E0000976,P001260,F09,PR0076,outpatient,chronic_management,2025-08-12 13:30:00,2025-08-12 14:09:00,0,home
E0000977,P000229,F02,PR0019,inpatient,emergency_admission,2025-08-12 16:32:00,2025-08-14 15:41:00,2,home
E0000978,P000431,F11,PR0086,outpatient,post_discharge_followup,2025-08-13 08:00:00,2025-08-13 08:28:00,0,home
E0000979,P001035,F05,PR0062,outpatient,chronic_management,2025-08-13 10:15:00,2025-08-13 10:48:00,0,home
E0000980,P001240,F04,PR0055,outpatient,post_discharge_followup,2025-08-13 11:30:00,2025-08-13 11:50:00,0,home
E0000981,P000278,F07,PR0067,outpatient,acute_episode,2025-08-13 11:45:00,2025-08-13 12:43:00,0,home
E0000982,P001344,F07,PR0069,outpatient,preventive,2025-08-13 12:45:00,2025-08-13 13:11:00,0,home
E0000983,P000955,F10,PR0080,outpatient,preventive,2025-08-13 13:30:00,2025-08-13 14:31:00,0,home
E0000984,P001311,F07,PR0069,outpatient,preventive,2025-08-13 15:15:00,2025-08-13 15:39:00,0,home
E0000985,P000137,F03,PR0040,inpatient,elective_admission,2025-08-14 04:50:00,2025-08-19 15:25:00,5,home
E0000986,P001117,F07,PR0067,outpatient,preventive,2025-08-14 08:30:00,2025-08-14 09:24:00,0,home
E0000987,P000994,F15,PR0099,outpatient,acute_episode,2025-08-14 10:30:00,2025-08-14 10:52:00,0,home
E0000988,P001343,F06,PR0063,outpatient,preventive,2025-08-14 10:30:00,2025-08-14 11:23:00,0,home
E0000989,P000578,F09,PR0077,outpatient,chronic_management,2025-08-14 10:45:00,2025-08-14 11:59:00,0,home
E0000990,P000962,F04,PR0057,outpatient,chronic_management,2025-08-14 12:45:00,2025-08-14 13:50:00,0,home
E0000991,P001337,F07,PR0068,outpatient,chronic_management,2025-08-14 13:30:00,2025-08-14 14:17:00,0,home
E0000992,P000782,F02,PR0033,ED,emergency,2025-08-14 15:23:00,2025-08-14 17:23:00,0,admitted
E0000993,P000431,F02,PR0034,ED,emergency,2025-08-14 15:42:00,2025-08-14 22:20:00,0,home
E0000994,P000598,F06,PR0066,outpatient,post_discharge_followup,2025-08-14 16:45:00,2025-08-14 17:58:00,0,home
E0000995,P000782,F02,PR0020,inpatient,emergency_admission,2025-08-14 17:23:00,2025-08-16 14:59:00,2,home
E0000996,P001081,F02,PR0025,inpatient,elective_admission,2025-08-14 18:26:00,2025-08-16 12:22:00,2,snf
E0000997,P000652,F03,PR0040,inpatient,elective_admission,2025-08-14 19:44:00,2025-08-17 11:46:00,3,home
E0000998,P000029,F02,PR0033,ED,emergency,2025-08-14 21:13:00,2025-08-15 04:13:00,0,admitted
E0000999,P000029,F02,PR0021,inpatient,emergency_admission,2025-08-15 04:13:00,2025-08-20 16:14:00,5,home
E0001000,P000095,F14,PR0093,outpatient,preventive,2025-08-15 10:00:00,2025-08-15 10:48:00,0,home
E0001001,P000654,F02,PR0021,inpatient,direct_admission,2025-08-15 10:23:00,2025-08-20 10:57:00,5,home
E0001002,P000828,F06,PR0063,outpatient,acute_episode,2025-08-15 11:45:00,2025-08-15 12:42:00,0,home
E0001003,P000620,F06,PR0064,outpatient,post_discharge_followup,2025-08-15 13:45:00,2025-08-15 14:15:00,0,home
E0001004,P000174,F15,PR0099,outpatient,chronic_management,2025-08-15 14:00:00,2025-08-15 14:38:00,0,home
E0001005,P000028,F06,PR0064,outpatient,chronic_management,2025-08-15 16:30:00,2025-08-15 16:51:00,0,home
E0001006,P001034,F02,PR0031,ED,emergency,2025-08-15 18:38:00,2025-08-15 21:38:00,0,admitted
E0001007,P001140,F01,PR0006,inpatient,direct_admission,2025-08-15 20:09:00,2025-08-16 10:04:00,1,home_health
E0001008,P001034,F02,PR0019,inpatient,emergency_admission,2025-08-15 21:38:00,2025-08-21 13:00:00,6,home
E0001009,P000112,F03,PR0054,ED,emergency,2025-08-16 16:33:00,2025-08-16 19:33:00,0,admitted
E0001010,P000112,F03,PR0041,inpatient,emergency_admission,2025-08-16 19:33:00,2025-08-20 10:59:00,4,home_health
E0001011,P000968,F02,PR0028,inpatient,elective_admission,2025-08-17 00:21:00,2025-08-22 15:44:00,5,home
E0001012,P000778,F01,PR0015,ED,emergency,2025-08-18 06:36:00,2025-08-18 12:36:00,0,admitted
E0001013,P000592,F15,PR0098,outpatient,acute_episode,2025-08-18 09:45:00,2025-08-18 10:16:00,0,home
E0001014,P000343,F03,PR0040,outpatient,preventive,2025-08-18 11:45:00,2025-08-18 12:48:00,0,home
E0001015,P000778,F01,PR0003,inpatient,emergency_admission,2025-08-18 12:36:00,2025-08-22 10:15:00,4,home
E0001016,P000043,F06,PR0064,outpatient,post_discharge_followup,2025-08-18 13:15:00,2025-08-18 14:00:00,0,home
E0001017,P000656,F10,PR0080,outpatient,chronic_management,2025-08-18 13:45:00,2025-08-18 14:34:00,0,home
E0001018,P001011,F15,PR0098,outpatient,post_discharge_followup,2025-08-18 14:30:00,2025-08-18 15:08:00,0,home
E0001019,P000491,F03,PR0051,ED,emergency,2025-08-19 02:51:00,2025-08-19 09:51:00,0,admitted
E0001020,P000491,F03,PR0040,inpatient,emergency_admission,2025-08-19 09:51:00,2025-08-23 16:46:00,4,home_health
E0001021,P000410,F09,PR0077,outpatient,acute_episode,2025-08-19 10:15:00,2025-08-19 11:00:00,0,home
E0001022,P001179,F05,PR0061,outpatient,chronic_management,2025-08-19 11:00:00,2025-08-19 11:34:00,0,home
E0001023,P000732,F09,PR0076,outpatient,preventive,2025-08-19 13:45:00,2025-08-19 14:53:00,0,home
E0001024,P000307,F02,PR0024,inpatient,elective_admission,2025-08-19 16:26:00,2025-08-21 13:41:00,2,home
E0001025,P000202,F15,PR0098,outpatient,acute_episode,2025-08-20 09:00:00,2025-08-20 09:48:00,0,home
E0001026,P000069,F06,PR0066,outpatient,chronic_management,2025-08-20 09:30:00,2025-08-20 10:14:00,0,home
E0001027,P000184,F04,PR0057,outpatient,acute_episode,2025-08-20 09:30:00,2025-08-20 09:51:00,0,home
E0001028,P000171,F01,PR0014,ED,emergency,2025-08-20 10:27:00,2025-08-20 17:27:00,0,admitted
E0001029,P000162,F06,PR0063,outpatient,chronic_management,2025-08-20 10:30:00,2025-08-20 11:02:00,0,home
E0001030,P001170,F10,PR0080,outpatient,preventive,2025-08-20 10:45:00,2025-08-20 11:32:00,0,home
E0001031,P001140,F07,PR0069,outpatient,post_discharge_followup,2025-08-20 11:15:00,2025-08-20 11:52:00,0,home
E0001032,P000823,F08,PR0071,outpatient,chronic_management,2025-08-20 11:30:00,2025-08-20 12:34:00,0,home
E0001033,P000426,F08,PR0073,outpatient,acute_episode,2025-08-20 13:15:00,2025-08-20 13:40:00,0,home
E0001034,P000434,F03,PR0039,outpatient,chronic_management,2025-08-20 14:30:00,2025-08-20 15:19:00,0,home
E0001035,P001048,F11,PR0086,outpatient,chronic_management,2025-08-20 15:00:00,2025-08-20 15:27:00,0,home
E0001036,P000137,F04,PR0055,outpatient,post_discharge_followup,2025-08-20 15:45:00,2025-08-20 16:22:00,0,home
E0001037,P000180,F08,PR0074,outpatient,acute_episode,2025-08-20 16:15:00,2025-08-20 16:58:00,0,home
E0001038,P000733,F15,PR0098,outpatient,acute_episode,2025-08-20 16:45:00,2025-08-20 17:32:00,0,home
E0001039,P000171,F01,PR0001,inpatient,emergency_admission,2025-08-20 17:27:00,2025-08-24 10:23:00,4,snf
E0001040,P000034,F14,PR0094,outpatient,preventive,2025-08-21 08:15:00,2025-08-21 08:57:00,0,home
E0001041,P001391,F01,PR0016,ED,emergency,2025-08-21 10:26:00,2025-08-21 13:32:00,0,home
E0001042,P000802,F09,PR0076,outpatient,preventive,2025-08-21 11:15:00,2025-08-21 12:26:00,0,home
E0001043,P000314,F08,PR0071,outpatient,post_discharge_followup,2025-08-21 11:30:00,2025-08-21 11:53:00,0,home
E0001044,P001313,F02,PR0034,ED,emergency,2025-08-21 12:15:00,2025-08-21 18:15:00,0,admitted
E0001045,P001126,F04,PR0057,outpatient,chronic_management,2025-08-21 13:15:00,2025-08-21 14:03:00,0,home
E0001046,P000364,F11,PR0086,outpatient,preventive,2025-08-21 15:45:00,2025-08-21 16:56:00,0,home
E0001047,P000548,F04,PR0058,outpatient,chronic_management,2025-08-21 15:45:00,2025-08-21 16:21:00,0,home
E0001048,P001313,F02,PR0021,inpatient,emergency_admission,2025-08-21 18:15:00,2025-08-25 15:44:00,4,home
E0001049,P000262,F06,PR0065,outpatient,chronic_management,2025-08-22 08:00:00,2025-08-22 08:24:00,0,home
E0001050,P000602,F03,PR0049,ED,emergency,2025-08-22 08:26:00,2025-08-22 10:26:00,0,admitted
E0001051,P000602,F03,PR0041,inpatient,emergency_admission,2025-08-22 10:26:00,2025-08-29 10:36:00,7,home
E0001052,P000736,F03,PR0047,outpatient,chronic_management,2025-08-22 11:30:00,2025-08-22 11:51:00,0,home
E0001053,P001127,F01,PR0006,outpatient,preventive,2025-08-22 12:30:00,2025-08-22 13:26:00,0,home
E0001054,P001243,F08,PR0072,outpatient,chronic_management,2025-08-22 13:30:00,2025-08-22 14:17:00,0,home
E0001055,P000064,F02,PR0023,inpatient,elective_admission,2025-08-22 14:59:00,2025-08-31 11:41:00,9,snf
E0001056,P001093,F04,PR0058,outpatient,preventive,2025-08-22 16:30:00,2025-08-22 16:53:00,0,home
E0001057,P000477,F01,PR0013,ED,emergency,2025-08-22 17:39:00,2025-08-22 19:39:00,0,admitted
E0001058,P000477,F01,PR0006,inpatient,emergency_admission,2025-08-22 19:39:00,2025-08-23 11:32:00,1,home
E0001059,P000220,F01,PR0014,ED,emergency,2025-08-22 22:34:00,2025-08-23 01:34:00,0,admitted
E0001060,P000220,F01,PR0007,inpatient,emergency_admission,2025-08-23 01:34:00,2025-09-01 16:08:00,9,home
E0001061,P000667,F02,PR0031,ED,emergency,2025-08-23 09:14:00,2025-08-23 12:19:00,0,home
E0001062,P000444,F01,PR0002,inpatient,direct_admission,2025-08-23 13:21:00,2025-08-26 15:59:00,3,home
E0001063,P001084,F03,PR0040,inpatient,elective_admission,2025-08-23 16:28:00,2025-08-30 10:57:00,7,home
E0001064,P000963,F01,PR0015,ED,emergency,2025-08-24 03:32:00,2025-08-24 08:32:00,0,admitted
E0001065,P000963,F01,PR0005,inpatient,emergency_admission,2025-08-24 08:32:00,2025-08-26 17:35:00,2,home
E0001066,P000314,F01,PR0011,outpatient,acute_episode,2025-08-25 08:00:00,2025-08-25 09:05:00,0,home
E0001067,P000759,F11,PR0086,outpatient,chronic_management,2025-08-25 09:00:00,2025-08-25 09:20:00,0,home
E0001068,P001034,F04,PR0056,outpatient,post_discharge_followup,2025-08-25 09:30:00,2025-08-25 10:27:00,0,home
E0001069,P000812,F05,PR0062,outpatient,chronic_management,2025-08-25 10:15:00,2025-08-25 10:46:00,0,home
E0001070,P000654,F11,PR0083,outpatient,post_discharge_followup,2025-08-25 10:45:00,2025-08-25 11:15:00,0,home
E0001071,P001354,F01,PR0017,ED,emergency,2025-08-25 10:52:00,2025-08-25 14:52:00,0,admitted
E0001072,P001309,F04,PR0058,outpatient,preventive,2025-08-25 11:30:00,2025-08-25 12:41:00,0,home
E0001073,P000589,F04,PR0056,outpatient,post_discharge_followup,2025-08-25 14:00:00,2025-08-25 14:53:00,0,home
E0001074,P000148,F15,PR0098,outpatient,chronic_management,2025-08-25 14:30:00,2025-08-25 14:51:00,0,home
E0001075,P000917,F04,PR0057,outpatient,chronic_management,2025-08-25 14:45:00,2025-08-25 15:15:00,0,home
E0001076,P001354,F01,PR0012,inpatient,emergency_admission,2025-08-25 14:52:00,2025-08-29 17:27:00,4,home
E0001077,P000504,F04,PR0058,outpatient,preventive,2025-08-25 15:00:00,2025-08-25 15:30:00,0,home
E0001078,P001073,F01,PR0007,outpatient,acute_episode,2025-08-25 15:15:00,2025-08-25 16:22:00,0,home
E0001079,P000650,F12,PR0087,outpatient,chronic_management,2025-08-25 15:30:00,2025-08-25 16:07:00,0,home
E0001080,P001088,F01,PR0016,ED,emergency,2025-08-25 23:06:00,2025-08-26 02:15:00,0,home
E0001081,P000245,F15,PR0099,outpatient,chronic_management,2025-08-26 08:00:00,2025-08-26 08:21:00,0,home
E0001082,P000658,F02,PR0036,ED,emergency,2025-08-26 08:27:00,2025-08-26 14:35:00,0,home
E0001083,P000741,F11,PR0086,outpatient,preventive,2025-08-26 09:00:00,2025-08-26 09:40:00,0,home
E0001084,P000778,F05,PR0059,outpatient,post_discharge_followup,2025-08-26 10:45:00,2025-08-26 11:37:00,0,home
E0001085,P000112,F03,PR0051,ED,emergency,2025-08-26 11:55:00,2025-08-26 13:41:00,0,home
E0001086,P000666,F06,PR0065,outpatient,post_discharge_followup,2025-08-26 13:00:00,2025-08-26 14:07:00,0,home
E0001087,P000145,F12,PR0087,outpatient,chronic_management,2025-08-26 14:15:00,2025-08-26 15:09:00,0,home
E0001088,P001011,F05,PR0059,outpatient,preventive,2025-08-26 14:45:00,2025-08-26 15:23:00,0,home
E0001089,P000387,F03,PR0042,outpatient,preventive,2025-08-26 16:00:00,2025-08-26 16:20:00,0,home
E0001090,P001238,F03,PR0039,inpatient,direct_admission,2025-08-27 03:17:00,2025-08-31 10:31:00,4,home
E0001091,P000132,F03,PR0052,ED,emergency,2025-08-27 04:00:00,2025-08-27 07:02:00,0,home
E0001092,P000088,F10,PR0082,outpatient,chronic_management,2025-08-27 09:15:00,2025-08-27 10:11:00,0,home
E0001093,P000375,F07,PR0068,outpatient,chronic_management,2025-08-27 09:30:00,2025-08-27 10:36:00,0,home
E0001094,P000315,F08,PR0074,outpatient,preventive,2025-08-27 09:45:00,2025-08-27 10:25:00,0,home
E0001095,P000253,F08,PR0073,outpatient,acute_episode,2025-08-27 10:15:00,2025-08-27 11:21:00,0,home
E0001096,P001311,F07,PR0067,outpatient,chronic_management,2025-08-27 10:15:00,2025-08-27 10:44:00,0,home
E0001097,P001266,F03,PR0040,inpatient,direct_admission,2025-08-27 11:59:00,2025-08-30 13:15:00,3,home
E0001098,P000782,F10,PR0080,outpatient,post_discharge_followup,2025-08-27 14:30:00,2025-08-27 15:02:00,0,home
E0001099,P001073,F05,PR0060,outpatient,preventive,2025-08-27 14:30:00,2025-08-27 15:24:00,0,home
E0001100,P001187,F10,PR0079,outpatient,preventive,2025-08-27 15:30:00,2025-08-27 15:52:00,0,home
E0001101,P000752,F09,PR0076,outpatient,preventive,2025-08-27 15:45:00,2025-08-27 16:11:00,0,home
E0001102,P001016,F15,PR0099,outpatient,chronic_management,2025-08-28 08:00:00,2025-08-28 08:21:00,0,home
E0001103,P000279,F02,PR0029,outpatient,preventive,2025-08-28 09:00:00,2025-08-28 09:43:00,0,home
E0001104,P001381,F04,PR0055,outpatient,chronic_management,2025-08-28 09:45:00,2025-08-28 10:28:00,0,home
E0001105,P000012,F02,PR0033,ED,emergency,2025-08-28 09:50:00,2025-08-28 14:50:00,0,admitted
E0001106,P000230,F15,PR0098,outpatient,chronic_management,2025-08-28 11:00:00,2025-08-28 11:53:00,0,home
E0001107,P000469,F12,PR0089,outpatient,preventive,2025-08-28 11:15:00,2025-08-28 12:21:00,0,home
E0001108,P001233,F07,PR0069,outpatient,chronic_management,2025-08-28 12:00:00,2025-08-28 13:12:00,0,home
E0001109,P000148,F15,PR0099,outpatient,chronic_management,2025-08-28 12:45:00,2025-08-28 13:36:00,0,home
E0001110,P000627,F06,PR0065,outpatient,preventive,2025-08-28 12:45:00,2025-08-28 13:22:00,0,home
E0001111,P001349,F05,PR0059,outpatient,chronic_management,2025-08-28 13:00:00,2025-08-28 13:51:00,0,home
E0001112,P000265,F08,PR0072,outpatient,chronic_management,2025-08-28 13:30:00,2025-08-28 14:16:00,0,home
E0001113,P000944,F09,PR0076,outpatient,chronic_management,2025-08-28 14:00:00,2025-08-28 14:37:00,0,home
E0001114,P000012,F02,PR0022,inpatient,emergency_admission,2025-08-28 14:50:00,2025-08-30 11:24:00,2,home
E0001115,P000796,F04,PR0055,outpatient,chronic_management,2025-08-28 15:00:00,2025-08-28 15:29:00,0,home
E0001116,P000222,F06,PR0063,outpatient,acute_episode,2025-08-28 15:15:00,2025-08-28 16:26:00,0,home
E0001117,P001003,F12,PR0087,outpatient,preventive,2025-08-28 15:45:00,2025-08-28 16:30:00,0,home
E0001118,P001220,F09,PR0077,outpatient,acute_episode,2025-08-28 16:45:00,2025-08-28 17:23:00,0,home
E0001119,P001278,F03,PR0054,ED,emergency,2025-08-29 02:02:00,2025-08-29 06:33:00,0,home
E0001120,P000823,F08,PR0072,outpatient,chronic_management,2025-08-29 12:45:00,2025-08-29 13:42:00,0,home
E0001121,P000754,F03,PR0053,ED,emergency,2025-08-29 13:04:00,2025-08-29 15:04:00,0,admitted
E0001122,P001208,F07,PR0069,outpatient,preventive,2025-08-29 14:00:00,2025-08-29 14:31:00,0,home
E0001123,P000963,F15,PR0098,outpatient,post_discharge_followup,2025-08-29 14:15:00,2025-08-29 14:36:00,0,home
E0001124,P000754,F03,PR0043,inpatient,emergency_admission,2025-08-29 15:04:00,2025-09-11 12:19:00,13,home
E0001125,P000369,F02,PR0034,ED,emergency,2025-08-29 17:36:00,2025-08-29 22:35:00,0,home
E0001126,P000222,F03,PR0039,inpatient,direct_admission,2025-08-29 17:51:00,2025-09-03 14:51:00,5,home
E0001127,P000162,F01,PR0014,ED,emergency,2025-08-31 21:02:00,2025-09-01 04:02:00,0,admitted
E0001128,P000162,F01,PR0001,inpatient,emergency_admission,2025-09-01 04:02:00,2025-09-04 13:41:00,3,home
E0001129,P000029,F04,PR0057,outpatient,post_discharge_followup,2025-09-01 08:15:00,2025-09-01 09:11:00,0,home
E0001130,P000517,F03,PR0048,outpatient,preventive,2025-09-01 08:30:00,2025-09-01 08:51:00,0,home
E0001131,P001313,F02,PR0035,ED,emergency,2025-09-01 09:11:00,2025-09-01 12:11:00,0,admitted
E0001132,P000466,F05,PR0061,outpatient,preventive,2025-09-01 09:15:00,2025-09-01 09:48:00,0,home
E0001133,P000444,F05,PR0060,outpatient,post_discharge_followup,2025-09-01 10:45:00,2025-09-01 11:17:00,0,home
E0001134,P001313,F02,PR0020,inpatient,emergency_admission,2025-09-01 12:11:00,2025-09-04 11:50:00,3,home
E0001135,P001086,F01,PR0016,ED,emergency,2025-09-01 12:33:00,2025-09-01 16:33:00,0,admitted
E0001136,P000570,F14,PR0093,outpatient,preventive,2025-09-01 14:15:00,2025-09-01 15:21:00,0,home
E0001137,P001249,F07,PR0069,outpatient,preventive,2025-09-01 16:15:00,2025-09-01 16:36:00,0,home
E0001138,P001086,F01,PR0002,inpatient,emergency_admission,2025-09-01 16:33:00,2025-09-02 16:48:00,1,home
E0001139,P001115,F02,PR0036,ED,emergency,2025-09-01 20:48:00,2025-09-02 04:40:00,0,home
E0001140,P000852,F01,PR0005,inpatient,elective_admission,2025-09-01 21:44:00,2025-09-08 11:35:00,7,home_health
E0001141,P000847,F08,PR0071,outpatient,chronic_management,2025-09-02 09:30:00,2025-09-02 10:09:00,0,home
E0001142,P000012,F02,PR0031,ED,emergency,2025-09-02 10:31:00,2025-09-02 14:31:00,0,admitted
E0001143,P000229,F04,PR0058,outpatient,post_discharge_followup,2025-09-02 12:45:00,2025-09-02 13:26:00,0,home
E0001144,P000012,F02,PR0019,inpatient,emergency_admission,2025-09-02 14:31:00,2025-09-06 10:13:00,4,home
E0001145,P001292,F15,PR0099,outpatient,chronic_management,2025-09-02 15:00:00,2025-09-02 15:38:00,0,home
E0001146,P001049,F06,PR0063,outpatient,chronic_management,2025-09-02 16:15:00,2025-09-02 17:17:00,0,home
E0001147,P000502,F08,PR0072,outpatient,acute_episode,2025-09-02 16:30:00,2025-09-02 17:00:00,0,home
E0001148,P001266,F15,PR0098,outpatient,post_discharge_followup,2025-09-02 16:30:00,2025-09-02 17:39:00,0,home
E0001149,P000307,F07,PR0068,outpatient,post_discharge_followup,2025-09-03 08:30:00,2025-09-03 08:52:00,0,home
E0001150,P001270,F08,PR0073,outpatient,acute_episode,2025-09-03 10:15:00,2025-09-03 11:23:00,0,home
E0001151,P000345,F04,PR0058,outpatient,acute_episode,2025-09-03 11:30:00,2025-09-03 12:39:00,0,home
E0001152,P000112,F15,PR0098,outpatient,post_discharge_followup,2025-09-03 11:45:00,2025-09-03 12:36:00,0,home
E0001153,P001211,F05,PR0059,outpatient,chronic_management,2025-09-03 12:00:00,2025-09-03 12:27:00,0,home
E0001154,P001386,F08,PR0074,outpatient,chronic_management,2025-09-03 12:00:00,2025-09-03 13:07:00,0,home
E0001155,P000415,F06,PR0066,outpatient,acute_episode,2025-09-03 13:00:00,2025-09-03 13:32:00,0,home
E0001156,P000759,F15,PR0099,outpatient,chronic_management,2025-09-03 14:15:00,2025-09-03 14:56:00,0,home
E0001157,P000467,F07,PR0068,outpatient,chronic_management,2025-09-03 15:45:00,2025-09-03 16:15:00,0,home
E0001158,P000191,F02,PR0028,outpatient,preventive,2025-09-04 08:15:00,2025-09-04 09:09:00,0,home
E0001159,P001034,F02,PR0033,ED,emergency,2025-09-04 10:23:00,2025-09-04 12:13:00,0,home
E0001160,P001033,F06,PR0065,outpatient,chronic_management,2025-09-04 12:15:00,2025-09-04 13:22:00,0,home
E0001161,P000222,F06,PR0064,outpatient,post_discharge_followup,2025-09-04 14:00:00,2025-09-04 14:36:00,0,home
E0001162,P001336,F11,PR0083,outpatient,chronic_management,2025-09-04 14:30:00,2025-09-04 15:20:00,0,home
E0001163,P000106,F02,PR0033,ED,emergency,2025-09-04 19:34:00,2025-09-05 01:18:00,0,home
E0001164,P000733,F01,PR0004,outpatient,chronic_management,2025-09-05 09:30:00,2025-09-05 09:54:00,0,home
E0001165,P001271,F15,PR0098,outpatient,preventive,2025-09-05 09:45:00,2025-09-05 10:08:00,0,home
E0001166,P001371,F04,PR0056,outpatient,acute_episode,2025-09-05 10:45:00,2025-09-05 11:46:00,0,home
E0001167,P000209,F05,PR0061,outpatient,acute_episode,2025-09-05 11:00:00,2025-09-05 11:28:00,0,home
E0001168,P000438,F05,PR0060,outpatient,chronic_management,2025-09-05 11:15:00,2025-09-05 11:53:00,0,home
E0001169,P000217,F02,PR0032,ED,emergency,2025-09-05 12:39:00,2025-09-05 16:39:00,0,admitted
E0001170,P000428,F03,PR0051,ED,emergency,2025-09-05 12:44:00,2025-09-05 19:00:00,0,home
E0001171,P000094,F08,PR0073,outpatient,preventive,2025-09-05 13:15:00,2025-09-05 14:00:00,0,home
E0001172,P000059,F11,PR0086,outpatient,chronic_management,2025-09-05 14:45:00,2025-09-05 15:54:00,0,home
E0001173,P000083,F11,PR0086,outpatient,chronic_management,2025-09-05 15:00:00,2025-09-05 15:32:00,0,home
E0001174,P000931,F09,PR0078,outpatient,chronic_management,2025-09-05 16:30:00,2025-09-05 17:25:00,0,home
E0001175,P000217,F02,PR0020,inpatient,emergency_admission,2025-09-05 16:39:00,2025-09-08 16:05:00,3,home
E0001176,P000042,F01,PR0015,ED,emergency,2025-09-05 18:39:00,2025-09-06 03:09:00,0,home
E0001177,P000208,F01,PR0006,inpatient,direct_admission,2025-09-05 22:47:00,2025-09-08 11:02:00,3,snf
E0001178,P000577,F02,PR0035,ED,emergency,2025-09-05 23:02:00,2025-09-06 07:36:00,0,home
E0001179,P000080,F01,PR0013,ED,emergency,2025-09-06 11:21:00,2025-09-06 14:21:00,0,admitted
E0001180,P000080,F01,PR0002,inpatient,emergency_admission,2025-09-06 14:21:00,2025-09-12 16:53:00,6,home
E0001181,P001011,F01,PR0002,inpatient,elective_admission,2025-09-06 18:58:00,2025-09-07 16:21:00,1,home_health
E0001182,P000711,F01,PR0005,inpatient,elective_admission,2025-09-06 23:48:00,2025-09-07 10:32:00,1,home_health
E0001183,P001281,F03,PR0052,ED,emergency,2025-09-07 04:32:00,2025-09-07 12:58:00,0,home
E0001184,P000137,F02,PR0034,ED,emergency,2025-09-07 12:52:00,2025-09-07 16:47:00,0,home
E0001185,P001103,F08,PR0073,outpatient,preventive,2025-09-08 08:15:00,2025-09-08 09:16:00,0,home
E0001186,P000321,F01,PR0007,outpatient,chronic_management,2025-09-08 09:30:00,2025-09-08 10:01:00,0,home
E0001187,P000337,F06,PR0065,outpatient,chronic_management,2025-09-08 10:00:00,2025-09-08 10:43:00,0,home
E0001188,P001154,F07,PR0067,outpatient,chronic_management,2025-09-08 15:45:00,2025-09-08 16:44:00,0,home
E0001189,P001313,F11,PR0083,outpatient,post_discharge_followup,2025-09-08 16:00:00,2025-09-08 17:03:00,0,home
E0001190,P000736,F08,PR0073,outpatient,acute_episode,2025-09-08 16:45:00,2025-09-08 17:50:00,0,home
E0001191,P000663,F01,PR0014,ED,emergency,2025-09-09 07:28:00,2025-09-09 12:28:00,0,admitted
E0001192,P000656,F10,PR0079,outpatient,chronic_management,2025-09-09 08:00:00,2025-09-09 08:52:00,0,home
E0001193,P000607,F15,PR0098,outpatient,chronic_management,2025-09-09 08:15:00,2025-09-09 08:39:00,0,home
E0001194,P000217,F05,PR0062,outpatient,chronic_management,2025-09-09 09:30:00,2025-09-09 10:11:00,0,home
E0001195,P000487,F06,PR0065,outpatient,acute_episode,2025-09-09 11:30:00,2025-09-09 12:30:00,0,home
E0001196,P000930,F06,PR0065,outpatient,chronic_management,2025-09-09 12:00:00,2025-09-09 12:22:00,0,home
E0001197,P000663,F01,PR0003,inpatient,emergency_admission,2025-09-09 12:28:00,2025-09-13 16:25:00,4,home
E0001198,P000843,F01,PR0013,ED,emergency,2025-09-09 12:44:00,2025-09-09 14:48:00,0,home
E0001199,P001354,F11,PR0085,outpatient,preventive,2025-09-09 14:45:00,2025-09-09 15:35:00,0,home
E0001200,P000491,F15,PR0097,outpatient,post_discharge_followup,2025-09-09 15:15:00,2025-09-09 16:22:00,0,home
E0001201,P000608,F03,PR0051,ED,emergency,2025-09-09 16:03:00,2025-09-09 18:03:00,0,admitted
E0001202,P000608,F03,PR0043,inpatient,emergency_admission,2025-09-09 18:03:00,2025-09-16 11:08:00,7,home
E0001203,P000316,F09,PR0077,outpatient,preventive,2025-09-10 11:00:00,2025-09-10 11:37:00,0,home
E0001204,P000247,F07,PR0068,outpatient,preventive,2025-09-10 12:15:00,2025-09-10 13:01:00,0,home
E0001205,P000684,F08,PR0073,outpatient,chronic_management,2025-09-10 12:15:00,2025-09-10 13:19:00,0,home
E0001206,P000330,F13,PR0092,outpatient,chronic_management,2025-09-10 13:15:00,2025-09-10 13:49:00,0,home
E0001207,P001160,F05,PR0060,outpatient,chronic_management,2025-09-10 13:15:00,2025-09-10 14:03:00,0,home
E0001208,P000083,F01,PR0007,inpatient,elective_admission,2025-09-10 14:06:00,2025-09-15 12:38:00,5,home_health
E0001209,P000012,F04,PR0055,outpatient,chronic_management,2025-09-10 15:00:00,2025-09-10 16:00:00,0,home
E0001210,P000070,F06,PR0063,outpatient,chronic_management,2025-09-10 15:00:00,2025-09-10 16:08:00,0,home
E0001211,P000972,F05,PR0062,outpatient,preventive,2025-09-10 16:30:00,2025-09-10 16:56:00,0,home
E0001212,P000063,F05,PR0061,outpatient,chronic_management,2025-09-10 16:45:00,2025-09-10 17:48:00,0,home
E0001213,P000655,F03,PR0039,inpatient,elective_admission,2025-09-11 09:06:00,2025-09-16 12:48:00,5,home
E0001214,P001364,F03,PR0053,ED,emergency,2025-09-11 10:59:00,2025-09-11 15:38:00,0,home
E0001215,P000747,F04,PR0055,outpatient,preventive,2025-09-11 11:30:00,2025-09-11 12:07:00,0,home
E0001216,P000982,F05,PR0061,outpatient,acute_episode,2025-09-11 11:30:00,2025-09-11 12:01:00,0,home
E0001217,P000757,F05,PR0062,outpatient,preventive,2025-09-11 12:30:00,2025-09-11 13:38:00,0,home
E0001218,P001202,F01,PR0011,outpatient,preventive,2025-09-11 15:30:00,2025-09-11 16:44:00,0,home
E0001219,P000090,F04,PR0058,outpatient,chronic_management,2025-09-11 16:15:00,2025-09-11 17:15:00,0,home
E0001220,P000291,F10,PR0081,outpatient,chronic_management,2025-09-11 16:45:00,2025-09-11 17:36:00,0,home
E0001221,P000711,F09,PR0075,outpatient,post_discharge_followup,2025-09-11 16:45:00,2025-09-11 17:50:00,0,home
E0001222,P000551,F06,PR0064,outpatient,preventive,2025-09-12 08:00:00,2025-09-12 08:49:00,0,home
E0001223,P001159,F15,PR0097,outpatient,acute_episode,2025-09-12 08:15:00,2025-09-12 08:38:00,0,home
E0001224,P000810,F01,PR0007,inpatient,direct_admission,2025-09-12 08:48:00,2025-09-16 14:31:00,4,home
E0001225,P000008,F09,PR0077,outpatient,chronic_management,2025-09-12 09:00:00,2025-09-12 10:02:00,0,home
E0001226,P000222,F06,PR0066,outpatient,acute_episode,2025-09-12 12:00:00,2025-09-12 12:29:00,0,home
E0001227,P000629,F08,PR0071,outpatient,preventive,2025-09-12 13:45:00,2025-09-12 14:42:00,0,home
E0001228,P000466,F05,PR0062,outpatient,chronic_management,2025-09-12 14:15:00,2025-09-12 14:49:00,0,home
E0001229,P001011,F15,PR0099,outpatient,post_discharge_followup,2025-09-12 14:15:00,2025-09-12 15:04:00,0,home
E0001230,P001013,F01,PR0018,ED,emergency,2025-09-12 15:03:00,2025-09-12 19:03:00,0,admitted
E0001231,P001118,F09,PR0077,outpatient,acute_episode,2025-09-12 15:30:00,2025-09-12 16:24:00,0,home
E0001232,P001013,F01,PR0002,inpatient,emergency_admission,2025-09-12 19:03:00,2025-09-15 17:57:00,3,home
E0001233,P000493,F02,PR0032,ED,emergency,2025-09-13 05:16:00,2025-09-13 08:16:00,0,admitted
E0001234,P000493,F02,PR0021,inpatient,emergency_admission,2025-09-13 08:16:00,2025-09-16 12:39:00,3,home
E0001235,P000644,F02,PR0022,inpatient,elective_admission,2025-09-13 13:03:00,2025-09-24 16:32:00,11,home_health
E0001236,P000520,F02,PR0031,ED,emergency,2025-09-13 16:51:00,2025-09-13 19:51:00,0,admitted
E0001237,P001081,F02,PR0025,inpatient,elective_admission,2025-09-13 19:42:00,2025-09-19 10:12:00,6,home
E0001238,P000162,F01,PR0015,ED,emergency,2025-09-13 19:48:00,2025-09-14 03:43:00,0,home
E0001239,P000520,F02,PR0025,inpatient,emergency_admission,2025-09-13 19:51:00,2025-09-15 14:28:00,2,home
E0001240,P000996,F03,PR0040,outpatient,preventive,2025-09-15 08:30:00,2025-09-15 09:20:00,0,home
E0001241,P000290,F08,PR0074,outpatient,chronic_management,2025-09-15 12:30:00,2025-09-15 13:06:00,0,home
E0001242,P001311,F08,PR0073,outpatient,acute_episode,2025-09-15 14:15:00,2025-09-15 14:55:00,0,home
E0001243,P001071,F05,PR0061,outpatient,chronic_management,2025-09-15 15:30:00,2025-09-15 15:56:00,0,home
E0001244,P000106,F15,PR0099,outpatient,preventive,2025-09-15 16:00:00,2025-09-15 17:07:00,0,home
E0001245,P000475,F08,PR0074,outpatient,chronic_management,2025-09-15 16:15:00,2025-09-15 17:01:00,0,home
E0001246,P000489,F11,PR0085,outpatient,chronic_management,2025-09-15 16:15:00,2025-09-15 17:12:00,0,home
E0001247,P000663,F07,PR0069,outpatient,post_discharge_followup,2025-09-15 16:30:00,2025-09-15 17:12:00,0,home
E0001248,P000620,F01,PR0015,ED,emergency,2025-09-16 10:35:00,2025-09-16 16:28:00,0,home
E0001249,P000126,F06,PR0063,outpatient,chronic_management,2025-09-16 10:45:00,2025-09-16 11:50:00,0,home
E0001250,P000830,F02,PR0034,ED,emergency,2025-09-16 11:24:00,2025-09-16 18:24:00,0,admitted
E0001251,P000510,F07,PR0070,outpatient,chronic_management,2025-09-16 11:30:00,2025-09-16 12:38:00,0,home
E0001252,P000779,F02,PR0032,ED,emergency,2025-09-16 12:01:00,2025-09-16 14:38:00,0,home
E0001253,P001012,F05,PR0062,outpatient,acute_episode,2025-09-16 13:30:00,2025-09-16 14:43:00,0,home
E0001254,P000254,F05,PR0060,outpatient,preventive,2025-09-16 15:15:00,2025-09-16 16:16:00,0,home
E0001255,P000643,F06,PR0065,outpatient,chronic_management,2025-09-16 16:30:00,2025-09-16 17:35:00,0,home
E0001256,P000830,F02,PR0022,inpatient,emergency_admission,2025-09-16 18:24:00,2025-09-19 14:44:00,3,home_health
E0001257,P000385,F02,PR0024,inpatient,direct_admission,2025-09-16 22:04:00,2025-09-24 17:58:00,8,home
E0001258,P000449,F04,PR0058,outpatient,preventive,2025-09-17 08:00:00,2025-09-17 09:13:00,0,home
E0001259,P001048,F09,PR0078,outpatient,acute_episode,2025-09-17 09:00:00,2025-09-17 09:42:00,0,home
E0001260,P001242,F02,PR0035,ED,emergency,2025-09-17 11:06:00,2025-09-17 13:06:00,0,admitted
E0001261,P000360,F01,PR0010,inpatient,direct_admission,2025-09-17 12:52:00,2025-09-21 13:32:00,4,home
E0001262,P001242,F02,PR0027,inpatient,emergency_admission,2025-09-17 13:06:00,2025-09-20 11:15:00,3,home
E0001263,P000966,F05,PR0059,outpatient,chronic_management,2025-09-17 13:30:00,2025-09-17 14:43:00,0,home
E0001264,P001304,F11,PR0085,outpatient,chronic_management,2025-09-17 14:45:00,2025-09-17 15:56:00,0,home
E0001265,P001177,F09,PR0076,outpatient,chronic_management,2025-09-17 15:00:00,2025-09-17 15:40:00,0,home
E0001266,P000290,F01,PR0006,outpatient,acute_episode,2025-09-17 16:00:00,2025-09-17 16:28:00,0,home
E0001267,P000886,F03,PR0054,ED,emergency,2025-09-17 19:12:00,2025-09-18 01:42:00,0,home
E0001268,P000843,F01,PR0018,ED,emergency,2025-09-18 04:18:00,2025-09-18 10:18:00,0,admitted
E0001269,P000282,F02,PR0020,inpatient,elective_admission,2025-09-18 07:10:00,2025-09-22 15:17:00,4,snf
E0001270,P000011,F08,PR0071,outpatient,chronic_management,2025-09-18 08:30:00,2025-09-18 09:06:00,0,home
E0001271,P001002,F04,PR0056,outpatient,acute_episode,2025-09-18 08:45:00,2025-09-18 09:29:00,0,home
E0001272,P000205,F10,PR0079,outpatient,chronic_management,2025-09-18 10:15:00,2025-09-18 11:03:00,0,home
E0001273,P000843,F01,PR0010,inpatient,emergency_admission,2025-09-18 10:18:00,2025-09-19 13:20:00,1,home
E0001274,P000083,F11,PR0086,outpatient,post_discharge_followup,2025-09-18 10:30:00,2025-09-18 11:30:00,0,home
E0001275,P001084,F05,PR0061,outpatient,post_discharge_followup,2025-09-18 11:15:00,2025-09-18 11:36:00,0,home
E0001276,P000066,F04,PR0055,outpatient,acute_episode,2025-09-18 14:00:00,2025-09-18 15:00:00,0,home
E0001277,P000833,F01,PR0002,outpatient,preventive,2025-09-18 15:45:00,2025-09-18 16:26:00,0,home
E0001278,P000099,F02,PR0035,ED,emergency,2025-09-18 21:02:00,2025-09-19 03:20:00,0,home
E0001279,P000626,F08,PR0071,outpatient,chronic_management,2025-09-19 08:00:00,2025-09-19 08:43:00,0,home
E0001280,P000957,F03,PR0038,inpatient,direct_admission,2025-09-19 08:18:00,2025-09-25 14:47:00,6,home
E0001281,P000193,F02,PR0033,ED,emergency,2025-09-19 09:42:00,2025-09-19 15:42:00,0,admitted
E0001282,P000852,F11,PR0083,outpatient,post_discharge_followup,2025-09-19 10:45:00,2025-09-19 11:13:00,0,home
E0001283,P001345,F01,PR0014,ED,emergency,2025-09-19 11:15:00,2025-09-19 17:08:00,0,home
E0001284,P001156,F06,PR0064,outpatient,chronic_management,2025-09-19 11:45:00,2025-09-19 12:56:00,0,home
E0001285,P000608,F08,PR0073,outpatient,post_discharge_followup,2025-09-19 12:15:00,2025-09-19 13:11:00,0,home
E0001286,P001217,F03,PR0041,outpatient,chronic_management,2025-09-19 12:15:00,2025-09-19 12:55:00,0,home
E0001287,P000921,F04,PR0056,outpatient,acute_episode,2025-09-19 13:00:00,2025-09-19 14:14:00,0,home
E0001288,P000947,F06,PR0063,outpatient,acute_episode,2025-09-19 14:00:00,2025-09-19 14:41:00,0,home
E0001289,P001190,F04,PR0058,outpatient,chronic_management,2025-09-19 14:00:00,2025-09-19 15:08:00,0,home
E0001290,P000193,F02,PR0020,inpatient,emergency_admission,2025-09-19 15:42:00,2025-09-27 10:56:00,8,home
E0001291,P000012,F02,PR0036,ED,emergency,2025-09-19 20:03:00,2025-09-20 01:03:00,0,admitted
E0001292,P000012,F02,PR0019,inpatient,emergency_admission,2025-09-20 01:03:00,2025-09-26 12:18:00,6,rehab
E0001293,P000363,F01,PR0016,ED,emergency,2025-09-20 06:14:00,2025-09-20 08:14:00,0,admitted
E0001294,P000363,F01,PR0005,inpatient,emergency_admission,2025-09-20 08:14:00,2025-09-22 15:44:00,2,home
E0001295,P001340,F01,PR0016,ED,emergency,2025-09-20 09:07:00,2025-09-20 13:52:00,0,home
E0001296,P000353,F03,PR0053,ED,emergency,2025-09-20 10:51:00,2025-09-20 14:51:00,0,admitted
E0001297,P000353,F03,PR0039,inpatient,emergency_admission,2025-09-20 14:51:00,2025-09-22 16:49:00,2,home
E0001298,P000884,F03,PR0038,inpatient,elective_admission,2025-09-20 16:21:00,2025-09-23 17:19:00,3,snf
E0001299,P001134,F03,PR0053,ED,emergency,2025-09-20 18:08:00,2025-09-20 22:08:00,0,admitted
E0001300,P001134,F03,PR0037,inpatient,emergency_admission,2025-09-20 22:08:00,2025-09-22 16:17:00,2,home
E0001301,P001266,F03,PR0051,ED,emergency,2025-09-22 08:58:00,2025-09-22 11:31:00,0,transfer
E0001302,P000830,F10,PR0080,outpatient,post_discharge_followup,2025-09-22 10:30:00,2025-09-22 11:10:00,0,home
E0001303,P000959,F07,PR0069,outpatient,preventive,2025-09-22 10:30:00,2025-09-22 11:01:00,0,home
E0001304,P000611,F07,PR0067,outpatient,preventive,2025-09-22 11:00:00,2025-09-22 11:48:00,0,home
E0001305,P000280,F09,PR0076,outpatient,chronic_management,2025-09-22 12:15:00,2025-09-22 13:16:00,0,home
E0001306,P000731,F05,PR0061,outpatient,chronic_management,2025-09-22 14:00:00,2025-09-22 14:29:00,0,home
E0001307,P001383,F03,PR0050,ED,emergency,2025-09-22 16:43:00,2025-09-22 22:43:00,0,admitted
E0001308,P001383,F03,PR0037,inpatient,emergency_admission,2025-09-22 22:43:00,2025-09-28 13:32:00,6,rehab
E0001309,P000412,F01,PR0003,inpatient,direct_admission,2025-09-23 07:13:00,2025-09-29 10:32:00,6,home
E0001310,P000855,F10,PR0080,outpatient,chronic_management,2025-09-23 08:45:00,2025-09-23 09:38:00,0,home
E0001311,P001272,F11,PR0083,outpatient,chronic_management,2025-09-23 09:00:00,2025-09-23 10:02:00,0,home
E0001312,P000481,F02,PR0031,ED,emergency,2025-09-23 09:35:00,2025-09-23 16:34:00,0,home
E0001313,P001020,F11,PR0083,outpatient,chronic_management,2025-09-23 10:15:00,2025-09-23 10:55:00,0,home
E0001314,P000903,F07,PR0067,outpatient,chronic_management,2025-09-23 11:45:00,2025-09-23 12:05:00,0,home
E0001315,P000207,F07,PR0067,outpatient,chronic_management,2025-09-23 12:30:00,2025-09-23 13:03:00,0,home
E0001316,P000803,F11,PR0085,outpatient,chronic_management,2025-09-23 14:00:00,2025-09-23 14:42:00,0,home
E0001317,P001219,F10,PR0080,outpatient,chronic_management,2025-09-23 15:30:00,2025-09-23 16:32:00,0,home
E0001318,P000209,F01,PR0006,inpatient,elective_admission,2025-09-23 16:36:00,2025-10-01 13:46:00,8,home
E0001319,P000066,F07,PR0069,outpatient,preventive,2025-09-23 16:45:00,2025-09-23 17:38:00,0,home
E0001320,P000507,F02,PR0023,inpatient,direct_admission,2025-09-23 18:22:00,2025-09-30 15:31:00,7,home_health
E0001321,P000411,F01,PR0002,inpatient,direct_admission,2025-09-23 21:42:00,2025-10-05 16:37:00,12,home
E0001322,P000321,F01,PR0014,ED,emergency,2025-09-23 22:23:00,2025-09-24 05:47:00,0,home
E0001323,P001235,F02,PR0032,ED,emergency,2025-09-23 22:26:00,2025-09-24 02:38:00,0,ama
E0001324,P001242,F02,PR0033,ED,emergency,2025-09-24 02:23:00,2025-09-24 09:23:00,0,admitted
E0001325,P000416,F04,PR0058,outpatient,chronic_management,2025-09-24 08:45:00,2025-09-24 09:13:00,0,home
E0001326,P000218,F03,PR0054,ED,emergency,2025-09-24 08:47:00,2025-09-24 14:47:00,0,admitted
E0001327,P001242,F02,PR0021,inpatient,emergency_admission,2025-09-24 09:23:00,2025-09-30 16:15:00,6,home
E0001328,P000520,F15,PR0098,outpatient,post_discharge_followup,2025-09-24 10:30:00,2025-09-24 11:19:00,0,home
E0001329,P001236,F10,PR0081,outpatient,chronic_management,2025-09-24 11:45:00,2025-09-24 12:29:00,0,home
E0001330,P000812,F05,PR0059,outpatient,chronic_management,2025-09-24 12:00:00,2025-09-24 12:55:00,0,home
E0001331,P000419,F04,PR0058,outpatient,chronic_management,2025-09-24 12:30:00,2025-09-24 12:59:00,0,home
E0001332,P000218,F03,PR0040,inpatient,emergency_admission,2025-09-24 14:47:00,2025-09-29 12:03:00,5,rehab
E0001333,P000516,F04,PR0057,outpatient,acute_episode,2025-09-25 09:15:00,2025-09-25 09:53:00,0,home
E0001334,P000162,F06,PR0063,outpatient,acute_episode,2025-09-25 09:45:00,2025-09-25 10:08:00,0,home
E0001335,P001273,F02,PR0034,ED,emergency,2025-09-25 11:08:00,2025-09-25 13:08:00,0,admitted
E0001336,P001273,F02,PR0023,inpatient,emergency_admission,2025-09-25 13:08:00,2025-10-03 10:24:00,8,home
E0001337,P000855,F10,PR0080,outpatient,chronic_management,2025-09-25 15:30:00,2025-09-25 16:25:00,0,home
E0001338,P000585,F05,PR0062,outpatient,acute_episode,2025-09-25 15:45:00,2025-09-25 16:45:00,0,home
E0001339,P000830,F10,PR0079,outpatient,chronic_management,2025-09-25 16:30:00,2025-09-25 17:42:00,0,home
E0001340,P000428,F03,PR0053,ED,emergency,2025-09-25 16:35:00,2025-09-25 22:35:00,0,admitted
E0001341,P000428,F03,PR0038,inpatient,emergency_admission,2025-09-25 22:35:00,2025-09-30 17:15:00,5,home
E0001342,P000852,F01,PR0014,ED,emergency,2025-09-25 22:57:00,2025-09-26 00:52:00,0,home
E0001343,P000295,F01,PR0017,ED,emergency,2025-09-26 08:04:00,2025-09-26 12:04:00,0,admitted
E0001344,P000616,F13,PR0092,outpatient,acute_episode,2025-09-26 08:45:00,2025-09-26 09:55:00,0,home
E0001345,P000434,F11,PR0086,outpatient,chronic_management,2025-09-26 09:15:00,2025-09-26 09:40:00,0,home
E0001346,P001178,F08,PR0074,outpatient,chronic_management,2025-09-26 09:45:00,2025-09-26 10:13:00,0,home
E0001347,P000295,F01,PR0007,inpatient,emergency_admission,2025-09-26 12:04:00,2025-09-30 14:16:00,4,home_health
E0001348,P000207,F02,PR0036,ED,emergency,2025-09-26 12:18:00,2025-09-26 16:01:00,0,home
E0001349,P000516,F01,PR0013,ED,emergency,2025-09-26 13:50:00,2025-09-26 15:50:00,0,admitted
E0001350,P000164,F08,PR0074,outpatient,chronic_management,2025-09-26 14:00:00,2025-09-26 14:24:00,0,home
E0001351,P000752,F09,PR0077,outpatient,chronic_management,2025-09-26 15:30:00,2025-09-26 15:59:00,0,home
E0001352,P000363,F11,PR0084,outpatient,post_discharge_followup,2025-09-26 15:45:00,2025-09-26 16:08:00,0,home
E0001353,P000516,F01,PR0005,inpatient,emergency_admission,2025-09-26 15:50:00,2025-09-29 10:38:00,3,home
E0001354,P000122,F08,PR0073,outpatient,preventive,2025-09-26 16:15:00,2025-09-26 17:21:00,0,home
E0001355,P000971,F04,PR0056,outpatient,acute_episode,2025-09-26 16:30:00,2025-09-26 16:54:00,0,home
E0001356,P000643,F01,PR0016,ED,emergency,2025-09-27 02:56:00,2025-09-27 08:56:00,0,admitted
E0001357,P001088,F01,PR0003,inpatient,direct_admission,2025-09-27 08:29:00,2025-09-28 12:51:00,1,expired
E0001358,P000643,F01,PR0005,inpatient,emergency_admission,2025-09-27 08:56:00,2025-09-30 17:25:00,3,snf
E0001359,P001309,F01,PR0018,ED,emergency,2025-09-27 15:05:00,2025-09-27 23:43:00,0,home
E0001360,P000677,F03,PR0052,ED,emergency,2025-09-27 15:06:00,2025-09-27 19:55:00,0,home
E0001361,P000058,F01,PR0003,inpatient,elective_admission,2025-09-27 17:41:00,2025-09-28 13:25:00,1,home
E0001362,P000357,F01,PR0003,inpatient,elective_admission,2025-09-28 11:11:00,2025-10-04 16:01:00,6,home_health
E0001363,P001326,F01,PR0017,ED,emergency,2025-09-28 14:03:00,2025-09-28 16:39:00,0,home
E0001364,P000015,F03,PR0052,ED,emergency,2025-09-28 14:19:00,2025-09-28 21:19:00,0,admitted
E0001365,P000015,F03,PR0038,inpatient,emergency_admission,2025-09-28 21:19:00,2025-10-05 10:54:00,7,ama
E0001366,P000625,F03,PR0054,ED,emergency,2025-09-29 01:33:00,2025-09-29 08:33:00,0,admitted
E0001367,P000051,F01,PR0010,inpatient,direct_admission,2025-09-29 02:19:00,2025-10-03 13:59:00,4,home
E0001368,P000625,F03,PR0037,inpatient,emergency_admission,2025-09-29 08:33:00,2025-10-03 13:21:00,4,snf
E0001369,P000530,F06,PR0064,outpatient,chronic_management,2025-09-29 13:00:00,2025-09-29 14:00:00,0,home
E0001370,P000258,F03,PR0049,ED,emergency,2025-09-29 13:35:00,2025-09-29 19:20:00,0,home
E0001371,P000223,F06,PR0064,outpatient,chronic_management,2025-09-29 14:45:00,2025-09-29 15:53:00,0,home
E0001372,P000385,F11,PR0084,outpatient,post_discharge_followup,2025-09-29 15:15:00,2025-09-29 15:56:00,0,home
E0001373,P000644,F07,PR0067,outpatient,post_discharge_followup,2025-09-29 15:30:00,2025-09-29 16:10:00,0,home
E0001374,P000957,F10,PR0081,outpatient,post_discharge_followup,2025-09-29 15:45:00,2025-09-29 16:09:00,0,home
E0001375,P001025,F07,PR0070,outpatient,preventive,2025-09-29 16:30:00,2025-09-29 17:44:00,0,home
E0001376,P000065,F02,PR0035,ED,emergency,2025-09-29 20:12:00,2025-09-30 01:18:00,0,ama
E0001377,P001222,F10,PR0080,outpatient,chronic_management,2025-09-30 08:15:00,2025-09-30 08:55:00,0,home
E0001378,P000548,F04,PR0057,outpatient,chronic_management,2025-09-30 08:45:00,2025-09-30 09:11:00,0,home
E0001379,P000594,F05,PR0062,outpatient,acute_episode,2025-09-30 09:30:00,2025-09-30 10:41:00,0,home
E0001380,P000367,F05,PR0062,outpatient,chronic_management,2025-09-30 13:15:00,2025-09-30 14:24:00,0,home
E0001381,P000217,F09,PR0078,outpatient,chronic_management,2025-09-30 13:45:00,2025-09-30 14:46:00,0,home
E0001382,P000830,F03,PR0053,ED,emergency,2025-09-30 13:57:00,2025-09-30 18:57:00,0,admitted
E0001383,P000337,F06,PR0066,outpatient,chronic_management,2025-09-30 14:00:00,2025-09-30 14:48:00,0,home
E0001384,P000412,F05,PR0062,outpatient,post_discharge_followup,2025-09-30 16:45:00,2025-09-30 17:44:00,0,home
E0001385,P000830,F03,PR0037,inpatient,emergency_admission,2025-09-30 18:57:00,2025-10-07 12:39:00,7,home
E0001386,P000749,F06,PR0064,outpatient,acute_episode,2025-10-01 09:15:00,2025-10-01 10:04:00,0,home
E0001387,P001179,F05,PR0062,outpatient,chronic_management,2025-10-01 10:30:00,2025-10-01 11:10:00,0,home
E0001388,P000815,F06,PR0066,outpatient,chronic_management,2025-10-01 10:45:00,2025-10-01 11:27:00,0,home
E0001389,P000085,F03,PR0051,ED,emergency,2025-10-01 11:02:00,2025-10-01 18:02:00,0,admitted
E0001390,P000516,F04,PR0058,outpatient,post_discharge_followup,2025-10-01 11:15:00,2025-10-01 12:17:00,0,home
E0001391,P001048,F13,PR0092,outpatient,chronic_management,2025-10-01 11:45:00,2025-10-01 12:10:00,0,home
E0001392,P000285,F01,PR0001,inpatient,elective_admission,2025-10-01 12:56:00,2025-10-06 10:55:00,5,home
E0001393,P000963,F15,PR0099,outpatient,chronic_management,2025-10-01 14:45:00,2025-10-01 15:10:00,0,home
E0001394,P000507,F15,PR0097,outpatient,post_discharge_followup,2025-10-01 16:15:00,2025-10-01 16:52:00,0,home
E0001395,P000085,F03,PR0046,inpatient,emergency_admission,2025-10-01 18:02:00,2025-10-05 14:53:00,4,home
E0001396,P001164,F01,PR0013,ED,emergency,2025-10-01 18:53:00,2025-10-01 21:53:00,0,admitted
E0001397,P000152,F02,PR0023,inpatient,elective_admission,2025-10-01 19:09:00,2025-10-03 15:26:00,2,home
E0001398,P001164,F01,PR0004,inpatient,emergency_admission,2025-10-01 21:53:00,2025-10-06 15:51:00,5,home
E0001399,P000688,F02,PR0028,inpatient,direct_admission,2025-10-01 22:57:00,2025-10-10 10:10:00,9,home
E0001400,P001266,F15,PR0098,outpatient,acute_episode,2025-10-02 08:00:00,2025-10-02 09:08:00,0,home
E0001401,P000765,F15,PR0098,outpatient,chronic_management,2025-10-02 10:45:00,2025-10-02 11:09:00,0,home
E0001402,P000943,F06,PR0064,outpatient,preventive,2025-10-02 11:00:00,2025-10-02 11:25:00,0,home
E0001403,P000979,F15,PR0099,outpatient,acute_episode,2025-10-02 11:00:00,2025-10-02 11:54:00,0,home
E0001404,P000582,F10,PR0079,outpatient,preventive,2025-10-02 11:15:00,2025-10-02 12:23:00,0,home
E0001405,P000434,F14,PR0093,outpatient,chronic_management,2025-10-02 14:15:00,2025-10-02 15:02:00,0,home
E0001406,P001324,F09,PR0075,outpatient,chronic_management,2025-10-02 14:15:00,2025-10-02 14:56:00,0,home
E0001407,P000289,F08,PR0072,outpatient,chronic_management,2025-10-02 15:15:00,2025-10-02 16:23:00,0,home
E0001408,P000427,F09,PR0077,outpatient,acute_episode,2025-10-02 16:15:00,2025-10-02 16:59:00,0,home
E0001409,P000837,F03,PR0049,ED,emergency,2025-10-02 20:04:00,2025-10-02 23:27:00,0,home
E0001410,P000885,F03,PR0050,ED,emergency,2025-10-03 09:17:00,2025-10-03 11:17:00,0,admitted
E0001411,P000438,F03,PR0052,ED,emergency,2025-10-03 10:19:00,2025-10-03 14:19:00,0,admitted
E0001412,P000295,F11,PR0086,outpatient,post_discharge_followup,2025-10-03 11:00:00,2025-10-03 11:54:00,0,home
E0001413,P000885,F03,PR0042,inpatient,emergency_admission,2025-10-03 11:17:00,2025-10-09 12:33:00,6,home
E0001414,P000694,F05,PR0059,outpatient,chronic_management,2025-10-03 11:30:00,2025-10-03 12:24:00,0,home
E0001415,P000810,F06,PR0065,outpatient,post_discharge_followup,2025-10-03 12:30:00,2025-10-03 13:29:00,0,home
E0001416,P000675,F04,PR0058,outpatient,preventive,2025-10-03 13:30:00,2025-10-03 14:03:00,0,home
E0001417,P000438,F03,PR0041,inpatient,emergency_admission,2025-10-03 14:19:00,2025-10-07 17:13:00,4,home
E0001418,P000781,F14,PR0094,outpatient,chronic_management,2025-10-03 14:45:00,2025-10-03 15:53:00,0,home
E0001419,P001013,F11,PR0086,outpatient,post_discharge_followup,2025-10-03 14:45:00,2025-10-03 15:27:00,0,home
E0001420,P000274,F06,PR0063,outpatient,acute_episode,2025-10-03 15:00:00,2025-10-03 15:25:00,0,home
E0001421,P001029,F05,PR0061,outpatient,acute_episode,2025-10-03 15:30:00,2025-10-03 16:17:00,0,home
E0001422,P000640,F01,PR0009,outpatient,preventive,2025-10-03 16:00:00,2025-10-03 16:38:00,0,home
E0001423,P001105,F03,PR0054,ED,emergency,2025-10-04 15:47:00,2025-10-04 19:12:00,0,home
E0001424,P001137,F01,PR0007,inpatient,elective_admission,2025-10-04 22:25:00,2025-10-05 17:20:00,1,expired
E0001425,P001378,F01,PR0017,ED,emergency,2025-10-05 12:53:00,2025-10-05 14:53:00,0,admitted
E0001426,P001378,F01,PR0003,inpatient,emergency_admission,2025-10-05 14:53:00,2025-10-09 16:15:00,4,home
E0001427,P001262,F01,PR0017,ED,emergency,2025-10-06 05:35:00,2025-10-06 07:35:00,0,admitted
E0001428,P000493,F02,PR0035,ED,emergency,2025-10-06 07:27:00,2025-10-06 11:01:00,0,home
E0001429,P001262,F01,PR0005,inpatient,emergency_admission,2025-10-06 07:35:00,2025-10-10 13:49:00,4,snf
E0001430,P000265,F08,PR0073,outpatient,chronic_management,2025-10-06 09:30:00,2025-10-06 10:07:00,0,home
E0001431,P000347,F10,PR0081,outpatient,preventive,2025-10-06 10:15:00,2025-10-06 11:06:00,0,home
E0001432,P001336,F11,PR0083,outpatient,preventive,2025-10-06 10:30:00,2025-10-06 11:09:00,0,home
E0001433,P001071,F05,PR0061,outpatient,chronic_management,2025-10-06 11:45:00,2025-10-06 12:21:00,0,home
E0001434,P000663,F07,PR0070,outpatient,acute_episode,2025-10-06 12:45:00,2025-10-06 13:16:00,0,home
E0001435,P000440,F08,PR0073,outpatient,chronic_management,2025-10-07 09:15:00,2025-10-07 09:35:00,0,home
E0001436,P000262,F06,PR0064,outpatient,preventive,2025-10-07 09:30:00,2025-10-07 10:30:00,0,home
E0001437,P001075,F07,PR0068,outpatient,preventive,2025-10-07 10:30:00,2025-10-07 11:27:00,0,home
E0001438,P001273,F06,PR0065,outpatient,post_discharge_followup,2025-10-07 11:30:00,2025-10-07 12:19:00,0,home
E0001439,P000322,F04,PR0055,outpatient,chronic_management,2025-10-07 12:00:00,2025-10-07 12:39:00,0,home
E0001440,P000267,F02,PR0021,outpatient,preventive,2025-10-07 13:00:00,2025-10-07 14:14:00,0,home
E0001441,P001092,F02,PR0036,ED,emergency,2025-10-08 06:58:00,2025-10-08 11:58:00,0,admitted
E0001442,P000971,F04,PR0058,outpatient,preventive,2025-10-08 08:30:00,2025-10-08 09:24:00,0,home
E0001443,P001003,F02,PR0034,ED,emergency,2025-10-08 08:45:00,2025-10-08 12:45:00,0,admitted
E0001444,P000778,F01,PR0013,ED,emergency,2025-10-08 10:40:00,2025-10-08 18:02:00,0,home
E0001445,P001103,F08,PR0071,outpatient,acute_episode,2025-10-08 11:45:00,2025-10-08 12:05:00,0,home
E0001446,P001092,F02,PR0021,inpatient,emergency_admission,2025-10-08 11:58:00,2025-10-14 17:23:00,6,home
E0001447,P000011,F03,PR0038,outpatient,chronic_management,2025-10-08 12:00:00,2025-10-08 12:37:00,0,home
E0001448,P000656,F10,PR0081,outpatient,acute_episode,2025-10-08 12:30:00,2025-10-08 13:09:00,0,home
E0001449,P001003,F02,PR0019,inpatient,emergency_admission,2025-10-08 12:45:00,2025-10-14 11:29:00,6,home
E0001450,P000109,F10,PR0081,outpatient,acute_episode,2025-10-08 13:15:00,2025-10-08 14:00:00,0,home
E0001451,P000409,F04,PR0058,outpatient,preventive,2025-10-08 15:30:00,2025-10-08 16:08:00,0,home
E0001452,P000772,F09,PR0077,outpatient,preventive,2025-10-08 15:30:00,2025-10-08 16:36:00,0,home
E0001453,P000085,F03,PR0054,ED,emergency,2025-10-08 18:31:00,2025-10-09 02:02:00,0,home
E0001454,P000222,F03,PR0051,ED,emergency,2025-10-08 19:21:00,2025-10-08 23:21:00,0,admitted
E0001455,P000222,F03,PR0046,inpatient,emergency_admission,2025-10-08 23:21:00,2025-10-13 10:03:00,5,home_health
E0001456,P001006,F03,PR0043,outpatient,preventive,2025-10-09 09:15:00,2025-10-09 10:10:00,0,home
E0001457,P001312,F01,PR0005,inpatient,direct_admission,2025-10-09 09:15:00,2025-10-12 16:22:00,3,expired
E0001458,P001109,F09,PR0075,outpatient,acute_episode,2025-10-09 09:45:00,2025-10-09 10:15:00,0,home
E0001459,P000152,F07,PR0068,outpatient,post_discharge_followup,2025-10-09 11:00:00,2025-10-09 12:14:00,0,home
E0001460,P000411,F10,PR0080,outpatient,post_discharge_followup,2025-10-09 11:15:00,2025-10-09 12:20:00,0,home
E0001461,P001271,F03,PR0050,ED,emergency,2025-10-10 01:48:00,2025-10-10 07:48:00,0,admitted
E0001462,P001271,F03,PR0042,inpatient,emergency_admission,2025-10-10 07:48:00,2025-10-15 17:16:00,5,home_health
E0001463,P000899,F05,PR0062,outpatient,chronic_management,2025-10-10 09:15:00,2025-10-10 10:04:00,0,home
E0001464,P000875,F02,PR0031,ED,emergency,2025-10-10 10:13:00,2025-10-10 15:43:00,0,home
E0001465,P000959,F03,PR0049,ED,emergency,2025-10-10 10:20:00,2025-10-10 12:20:00,0,admitted
E0001466,P001105,F09,PR0078,outpatient,acute_episode,2025-10-10 12:15:00,2025-10-10 12:59:00,0,home
E0001467,P000959,F03,PR0044,inpatient,emergency_admission,2025-10-10 12:20:00,2025-10-11 15:04:00,1,home_health
E0001468,P000830,F11,PR0085,outpatient,post_discharge_followup,2025-10-10 12:30:00,2025-10-10 13:14:00,0,home
E0001469,P000722,F08,PR0074,outpatient,acute_episode,2025-10-10 14:00:00,2025-10-10 15:13:00,0,home
E0001470,P001091,F09,PR0076,outpatient,chronic_management,2025-10-10 15:45:00,2025-10-10 16:49:00,0,home
E0001471,P000438,F05,PR0060,outpatient,post_discharge_followup,2025-10-10 16:30:00,2025-10-10 17:24:00,0,home
E0001472,P001375,F01,PR0007,inpatient,direct_admission,2025-10-10 18:09:00,2025-10-14 13:26:00,4,home
E0001473,P000797,F03,PR0054,ED,emergency,2025-10-11 11:51:00,2025-10-11 15:51:00,0,admitted
E0001474,P001342,F02,PR0031,ED,emergency,2025-10-11 12:03:00,2025-10-11 14:03:00,0,admitted
E0001475,P001342,F02,PR0021,inpatient,emergency_admission,2025-10-11 14:03:00,2025-10-16 14:02:00,5,home_health
E0001476,P000797,F03,PR0039,inpatient,emergency_admission,2025-10-11 15:51:00,2025-10-16 13:48:00,5,home
E0001477,P000830,F02,PR0032,ED,emergency,2025-10-12 07:53:00,2025-10-12 10:53:00,0,admitted
E0001478,P000293,F02,PR0035,ED,emergency,2025-10-12 08:22:00,2025-10-12 14:54:00,0,home
E0001479,P000830,F02,PR0023,inpatient,emergency_admission,2025-10-12 10:53:00,2025-10-19 15:01:00,7,home
E0001480,P000114,F15,PR0098,outpatient,preventive,2025-10-13 08:00:00,2025-10-13 09:12:00,0,home
E0001481,P000622,F07,PR0067,outpatient,chronic_management,2025-10-13 08:30:00,2025-10-13 09:17:00,0,home
E0001482,P001048,F11,PR0084,outpatient,acute_episode,2025-10-13 10:15:00,2025-10-13 11:00:00,0,home
E0001483,P000885,F05,PR0062,outpatient,post_discharge_followup,2025-10-13 10:45:00,2025-10-13 11:28:00,0,home
E0001484,P001387,F03,PR0047,outpatient,chronic_management,2025-10-13 11:00:00,2025-10-13 11:55:00,0,home
E0001485,P000688,F11,PR0084,outpatient,post_discharge_followup,2025-10-13 13:00:00,2025-10-13 13:20:00,0,home
E0001486,P000968,F11,PR0086,outpatient,acute_episode,2025-10-13 14:00:00,2025-10-13 14:42:00,0,home
E0001487,P001337,F07,PR0067,outpatient,acute_episode,2025-10-13 14:15:00,2025-10-13 15:15:00,0,home
E0001488,P000246,F10,PR0079,outpatient,chronic_management,2025-10-13 16:30:00,2025-10-13 17:31:00,0,home
E0001489,P000749,F02,PR0022,inpatient,elective_admission,2025-10-14 02:52:00,2025-10-18 16:57:00,4,home
E0001490,P000814,F02,PR0031,ED,emergency,2025-10-14 09:05:00,2025-10-14 12:05:00,0,admitted
E0001491,P001110,F07,PR0069,outpatient,preventive,2025-10-14 10:15:00,2025-10-14 11:29:00,0,home
E0001492,P001002,F04,PR0058,outpatient,preventive,2025-10-14 11:15:00,2025-10-14 11:42:00,0,home
E0001493,P000860,F01,PR0017,ED,emergency,2025-10-14 11:34:00,2025-10-14 16:28:00,0,home
E0001494,P000814,F02,PR0019,inpatient,emergency_admission,2025-10-14 12:05:00,2025-10-17 11:17:00,3,home
E0001495,P001029,F05,PR0062,outpatient,chronic_management,2025-10-14 12:15:00,2025-10-14 13:12:00,0,home
E0001496,P001127,F08,PR0071,outpatient,acute_episode,2025-10-14 12:45:00,2025-10-14 13:21:00,0,home
E0001497,P000478,F07,PR0070,outpatient,preventive,2025-10-14 15:15:00,2025-10-14 16:11:00,0,home
E0001498,P001378,F04,PR0055,outpatient,post_discharge_followup,2025-10-14 15:15:00,2025-10-14 16:14:00,0,home
E0001499,P000896,F03,PR0049,ED,emergency,2025-10-14 15:52:00,2025-10-14 18:52:00,0,admitted
E0001500,P000688,F11,PR0086,outpatient,acute_episode,2025-10-14 16:00:00,2025-10-14 17:11:00,0,home
E0001501,P000819,F01,PR0014,ED,emergency,2025-10-14 16:13:00,2025-10-14 19:59:00,0,transfer
E0001502,P000896,F03,PR0041,inpatient,emergency_admission,2025-10-14 18:52:00,2025-10-21 17:45:00,7,home
E0001503,P000251,F03,PR0049,ED,emergency,2025-10-15 01:28:00,2025-10-15 04:28:00,0,admitted
E0001504,P000251,F03,PR0040,inpatient,emergency_admission,2025-10-15 04:28:00,2025-10-18 15:39:00,3,snf
E0001505,P000670,F03,PR0052,ED,emergency,2025-10-15 06:23:00,2025-10-15 13:09:00,0,home
E0001506,P001375,F06,PR0063,outpatient,post_discharge_followup,2025-10-15 09:30:00,2025-10-15 10:06:00,0,home
E0001507,P001191,F08,PR0073,outpatient,acute_episode,2025-10-15 10:00:00,2025-10-15 10:28:00,0,home
E0001508,P000959,F07,PR0068,outpatient,post_discharge_followup,2025-10-15 11:15:00,2025-10-15 11:42:00,0,home
E0001509,P000963,F01,PR0012,outpatient,chronic_management,2025-10-15 11:30:00,2025-10-15 12:30:00,0,home
E0001510,P000462,F01,PR0016,ED,emergency,2025-10-15 11:34:00,2025-10-15 13:11:00,0,home
E0001511,P000754,F06,PR0066,outpatient,preventive,2025-10-15 12:00:00,2025-10-15 12:44:00,0,home
E0001512,P000929,F15,PR0098,outpatient,acute_episode,2025-10-15 13:00:00,2025-10-15 13:57:00,0,home
E0001513,P000563,F11,PR0085,outpatient,acute_episode,2025-10-15 14:00:00,2025-10-15 14:55:00,0,home
E0001514,P001004,F04,PR0055,outpatient,chronic_management,2025-10-15 14:45:00,2025-10-15 15:10:00,0,home
E0001515,P001345,F08,PR0072,outpatient,acute_episode,2025-10-15 14:45:00,2025-10-15 15:25:00,0,home
E0001516,P000684,F08,PR0074,outpatient,acute_episode,2025-10-15 15:00:00,2025-10-15 15:52:00,0,home
E0001517,P000757,F02,PR0035,ED,emergency,2025-10-15 18:15:00,2025-10-16 01:00:00,0,home
E0001518,P000127,F06,PR0066,outpatient,preventive,2025-10-16 09:45:00,2025-10-16 10:25:00,0,home
E0001519,P000547,F07,PR0068,outpatient,preventive,2025-10-16 09:45:00,2025-10-16 10:57:00,0,home
E0001520,P000209,F05,PR0059,outpatient,post_discharge_followup,2025-10-16 10:30:00,2025-10-16 11:30:00,0,home
E0001521,P000708,F03,PR0053,ED,emergency,2025-10-16 11:37:00,2025-10-16 15:47:00,0,home
E0001522,P000386,F15,PR0099,outpatient,preventive,2025-10-16 12:45:00,2025-10-16 13:20:00,0,home
E0001523,P001003,F10,PR0079,outpatient,post_discharge_followup,2025-10-16 12:45:00,2025-10-16 13:48:00,0,home
E0001524,P000498,F15,PR0098,outpatient,preventive,2025-10-16 14:45:00,2025-10-16 15:08:00,0,home
E0001525,P000127,F03,PR0037,outpatient,chronic_management,2025-10-16 15:30:00,2025-10-16 16:43:00,0,home
E0001526,P000428,F06,PR0065,outpatient,post_discharge_followup,2025-10-16 16:45:00,2025-10-16 17:41:00,0,home
E0001527,P000201,F04,PR0058,outpatient,acute_episode,2025-10-17 08:30:00,2025-10-17 09:32:00,0,home
E0001528,P000796,F09,PR0075,outpatient,chronic_management,2025-10-17 08:30:00,2025-10-17 09:16:00,0,home
E0001529,P001271,F15,PR0098,outpatient,post_discharge_followup,2025-10-17 11:00:00,2025-10-17 11:23:00,0,home
E0001530,P001164,F08,PR0074,outpatient,post_discharge_followup,2025-10-17 11:30:00,2025-10-17 11:51:00,0,home
E0001531,P001074,F09,PR0078,outpatient,chronic_management,2025-10-17 14:45:00,2025-10-17 15:10:00,0,home
E0001532,P000886,F09,PR0076,outpatient,chronic_management,2025-10-17 15:45:00,2025-10-17 16:56:00,0,home
E0001533,P000184,F01,PR0006,inpatient,direct_admission,2025-10-17 16:30:00,2025-10-21 11:34:00,4,home
E0001534,P000620,F01,PR0009,inpatient,direct_admission,2025-10-17 19:54:00,2025-10-22 16:29:00,5,snf
E0001535,P001337,F03,PR0050,ED,emergency,2025-10-18 06:16:00,2025-10-18 11:58:00,0,home
E0001536,P000147,F01,PR0018,ED,emergency,2025-10-18 08:24:00,2025-10-18 11:24:00,0,admitted
E0001537,P000147,F01,PR0001,inpatient,emergency_admission,2025-10-18 11:24:00,2025-10-24 10:44:00,6,home
E0001538,P000083,F02,PR0023,inpatient,direct_admission,2025-10-18 13:27:00,2025-10-21 12:26:00,3,home
E0001539,P001273,F02,PR0021,inpatient,direct_admission,2025-10-18 13:30:00,2025-10-20 16:06:00,2,home
E0001540,P000416,F01,PR0017,ED,emergency,2025-10-18 22:26:00,2025-10-19 01:21:00,0,home
E0001541,P000759,F03,PR0039,inpatient,elective_admission,2025-10-19 13:25:00,2025-10-23 16:42:00,4,home
E0001542,P000450,F02,PR0020,inpatient,elective_admission,2025-10-19 22:25:00,2025-10-22 14:30:00,3,home
E0001543,P001237,F06,PR0065,outpatient,chronic_management,2025-10-20 08:15:00,2025-10-20 09:07:00,0,home
E0001544,P000666,F01,PR0015,ED,emergency,2025-10-20 10:36:00,2025-10-20 17:36:00,0,admitted
E0001545,P000702,F03,PR0054,ED,emergency,2025-10-20 10:54:00,2025-10-20 16:54:00,0,admitted
E0001546,P000295,F01,PR0018,ED,emergency,2025-10-20 12:37:00,2025-10-20 17:37:00,0,admitted
E0001547,P000682,F06,PR0066,outpatient,preventive,2025-10-20 13:45:00,2025-10-20 14:25:00,0,home
E0001548,P001003,F02,PR0033,ED,emergency,2025-10-20 14:27:00,2025-10-20 19:26:00,0,home
E0001549,P001218,F08,PR0071,outpatient,chronic_management,2025-10-20 15:15:00,2025-10-20 15:58:00,0,home
E0001550,P000051,F10,PR0080,outpatient,post_discharge_followup,2025-10-20 15:45:00,2025-10-20 16:53:00,0,home
E0001551,P000702,F03,PR0042,inpatient,emergency_admission,2025-10-20 16:54:00,2025-10-21 17:42:00,1,snf
E0001552,P000677,F03,PR0051,ED,emergency,2025-10-20 17:16:00,2025-10-20 19:06:00,0,home
E0001553,P000666,F01,PR0002,inpatient,emergency_admission,2025-10-20 17:36:00,2025-10-30 17:42:00,10,home
E0001554,P000295,F01,PR0001,inpatient,emergency_admission,2025-10-20 17:37:00,2025-10-25 14:48:00,5,home
E0001555,P000959,F03,PR0050,ED,emergency,2025-10-21 05:29:00,2025-10-21 10:29:00,0,admitted
E0001556,P000498,F02,PR0031,ED,emergency,2025-10-21 07:19:00,2025-10-21 09:16:00,0,home
E0001557,P001146,F04,PR0056,outpatient,chronic_management,2025-10-21 09:30:00,2025-10-21 10:06:00,0,home
E0001558,P000959,F03,PR0041,inpatient,emergency_admission,2025-10-21 10:29:00,2025-10-29 16:54:00,8,home_health
E0001559,P000285,F04,PR0057,outpatient,chronic_management,2025-10-21 11:15:00,2025-10-21 11:42:00,0,home
E0001560,P000814,F07,PR0069,outpatient,post_discharge_followup,2025-10-21 12:15:00,2025-10-21 12:41:00,0,home
E0001561,P000803,F11,PR0084,outpatient,chronic_management,2025-10-21 15:00:00,2025-10-21 15:26:00,0,home
E0001562,P000381,F11,PR0086,outpatient,chronic_management,2025-10-21 16:15:00,2025-10-21 17:16:00,0,home
E0001563,P001369,F01,PR0006,inpatient,elective_admission,2025-10-21 19:50:00,2025-10-25 16:23:00,4,home
E0001564,P000816,F01,PR0008,outpatient,preventive,2025-10-22 09:15:00,2025-10-22 10:26:00,0,home
E0001565,P000698,F01,PR0005,inpatient,direct_admission,2025-10-22 13:04:00,2025-10-27 15:17:00,5,home
E0001566,P001342,F07,PR0067,outpatient,post_discharge_followup,2025-10-22 13:15:00,2025-10-22 13:50:00,0,home
E0001567,P000187,F03,PR0051,ED,emergency,2025-10-22 15:03:00,2025-10-22 18:03:00,0,admitted
E0001568,P001239,F05,PR0060,outpatient,chronic_management,2025-10-22 15:15:00,2025-10-22 16:10:00,0,home
E0001569,P001061,F10,PR0080,outpatient,chronic_management,2025-10-22 15:30:00,2025-10-22 15:58:00,0,home
E0001570,P001153,F11,PR0086,outpatient,chronic_management,2025-10-22 15:45:00,2025-10-22 16:22:00,0,home
E0001571,P000874,F03,PR0053,ED,emergency,2025-10-22 16:59:00,2025-10-22 18:59:00,0,admitted
E0001572,P000187,F03,PR0043,inpatient,emergency_admission,2025-10-22 18:03:00,2025-10-28 17:58:00,6,home_health
E0001573,P000874,F03,PR0037,inpatient,emergency_admission,2025-10-22 18:59:00,2025-10-25 14:56:00,3,home
E0001574,P000738,F03,PR0050,ED,emergency,2025-10-22 20:07:00,2025-10-23 03:07:00,0,admitted
E0001575,P000738,F03,PR0042,inpatient,emergency_admission,2025-10-23 03:07:00,2025-10-26 10:06:00,3,expired
E0001576,P000226,F02,PR0036,ED,emergency,2025-10-23 09:17:00,2025-10-23 13:17:00,0,admitted
E0001577,P001078,F07,PR0070,outpatient,chronic_management,2025-10-23 09:45:00,2025-10-23 10:56:00,0,home
E0001578,P000262,F01,PR0018,ED,emergency,2025-10-23 09:51:00,2025-10-23 16:51:00,0,admitted
E0001579,P001171,F13,PR0091,outpatient,chronic_management,2025-10-23 13:00:00,2025-10-23 14:06:00,0,home
E0001580,P000226,F02,PR0024,inpatient,emergency_admission,2025-10-23 13:17:00,2025-10-27 15:59:00,4,home
E0001581,P000285,F04,PR0057,outpatient,post_discharge_followup,2025-10-23 13:30:00,2025-10-23 14:30:00,0,home
E0001582,P000896,F10,PR0079,outpatient,post_discharge_followup,2025-10-23 13:45:00,2025-10-23 14:31:00,0,home
E0001583,P000057,F01,PR0016,ED,emergency,2025-10-23 13:59:00,2025-10-23 19:59:00,0,admitted
E0001584,P000894,F04,PR0056,outpatient,acute_episode,2025-10-23 15:45:00,2025-10-23 16:18:00,0,home
E0001585,P000262,F01,PR0003,inpatient,emergency_admission,2025-10-23 16:51:00,2025-10-28 10:38:00,5,home
E0001586,P000057,F01,PR0007,inpatient,emergency_admission,2025-10-23 19:59:00,2025-10-25 10:15:00,2,home
E0001587,P000501,F02,PR0028,outpatient,chronic_management,2025-10-24 08:30:00,2025-10-24 09:29:00,0,home
E0001588,P001076,F04,PR0058,outpatient,preventive,2025-10-24 10:00:00,2025-10-24 10:57:00,0,home
E0001589,P000688,F02,PR0036,ED,emergency,2025-10-24 13:01:00,2025-10-24 19:10:00,0,home
E0001590,P001207,F01,PR0015,ED,emergency,2025-10-24 15:34:00,2025-10-24 17:34:00,0,admitted
E0001591,P000839,F01,PR0017,ED,emergency,2025-10-24 17:26:00,2025-10-24 20:26:00,0,admitted
E0001592,P001207,F01,PR0002,inpatient,emergency_admission,2025-10-24 17:34:00,2025-11-07 13:48:00,14,home
E0001593,P000480,F02,PR0031,ED,emergency,2025-10-24 18:34:00,2025-10-24 20:34:00,0,admitted
E0001594,P001146,F03,PR0051,ED,emergency,2025-10-24 18:39:00,2025-10-25 00:39:00,0,admitted
E0001595,P000839,F01,PR0003,inpatient,emergency_admission,2025-10-24 20:26:00,2025-10-27 14:05:00,3,home
E0001596,P000480,F02,PR0022,inpatient,emergency_admission,2025-10-24 20:34:00,2025-10-28 13:45:00,4,home
E0001597,P001146,F03,PR0039,inpatient,emergency_admission,2025-10-25 00:39:00,2025-11-03 17:02:00,9,expired
E0001598,P001046,F03,PR0054,ED,emergency,2025-10-25 16:57:00,2025-10-25 22:57:00,0,home
E0001599,P000087,F01,PR0001,inpatient,elective_admission,2025-10-25 20:36:00,2025-10-28 10:45:00,3,home
E0001600,P000434,F03,PR0053,ED,emergency,2025-10-25 20:45:00,2025-10-26 01:58:00,0,home
E0001601,P000022,F01,PR0007,inpatient,elective_admission,2025-10-26 10:13:00,2025-11-05 12:32:00,10,home
E0001602,P000727,F02,PR0020,inpatient,elective_admission,2025-10-26 12:54:00,2025-10-27 11:35:00,1,home
E0001603,P000428,F03,PR0050,ED,emergency,2025-10-26 13:47:00,2025-10-26 18:47:00,0,admitted
E0001604,P000428,F03,PR0038,inpatient,emergency_admission,2025-10-26 18:47:00,2025-11-02 12:51:00,7,home
E0001605,P000782,F02,PR0028,inpatient,direct_admission,2025-10-26 19:14:00,2025-10-27 15:24:00,1,home
E0001606,P000445,F05,PR0060,outpatient,chronic_management,2025-10-27 10:45:00,2025-10-27 11:49:00,0,home
E0001607,P000396,F03,PR0054,ED,emergency,2025-10-27 10:48:00,2025-10-27 14:48:00,0,admitted
E0001608,P000749,F06,PR0066,outpatient,post_discharge_followup,2025-10-27 11:00:00,2025-10-27 12:07:00,0,home
E0001609,P001187,F03,PR0041,inpatient,elective_admission,2025-10-27 11:32:00,2025-10-29 10:25:00,2,home
E0001610,P001184,F06,PR0065,outpatient,chronic_management,2025-10-27 13:00:00,2025-10-27 13:54:00,0,home
E0001611,P000063,F05,PR0062,outpatient,preventive,2025-10-27 13:30:00,2025-10-27 14:16:00,0,home
E0001612,P000643,F01,PR0017,ED,emergency,2025-10-27 13:37:00,2025-10-27 16:37:00,0,admitted
E0001613,P000359,F06,PR0066,outpatient,chronic_management,2025-10-27 14:30:00,2025-10-27 15:01:00,0,home
E0001614,P000396,F03,PR0039,inpatient,emergency_admission,2025-10-27 14:48:00,2025-10-29 12:26:00,2,home
E0001615,P000088,F10,PR0079,outpatient,chronic_management,2025-10-27 15:15:00,2025-10-27 16:16:00,0,home
E0001616,P000759,F15,PR0099,outpatient,post_discharge_followup,2025-10-27 15:15:00,2025-10-27 15:36:00,0,home
E0001617,P000083,F11,PR0083,outpatient,post_discharge_followup,2025-10-27 16:00:00,2025-10-27 16:28:00,0,home
E0001618,P000450,F09,PR0076,outpatient,post_discharge_followup,2025-10-27 16:00:00,2025-10-27 16:58:00,0,home
E0001619,P000643,F01,PR0003,inpatient,emergency_admission,2025-10-27 16:37:00,2025-11-01 12:30:00,5,home
E0001620,P000394,F01,PR0017,ED,emergency,2025-10-27 18:50:00,2025-10-28 03:27:00,0,home
E0001621,P000061,F01,PR0018,ED,emergency,2025-10-28 06:41:00,2025-10-28 13:41:00,0,admitted
E0001622,P000031,F07,PR0068,outpatient,chronic_management,2025-10-28 09:30:00,2025-10-28 10:24:00,0,home
E0001623,P000295,F11,PR0086,outpatient,post_discharge_followup,2025-10-28 13:30:00,2025-10-28 13:53:00,0,home
E0001624,P000061,F01,PR0003,inpatient,emergency_admission,2025-10-28 13:41:00,2025-10-30 11:52:00,2,home_health
E0001625,P001217,F08,PR0071,outpatient,acute_episode,2025-10-28 15:30:00,2025-10-28 16:30:00,0,home
E0001626,P001378,F01,PR0017,ED,emergency,2025-10-28 22:19:00,2025-10-29 01:19:00,0,admitted
E0001627,P000972,F02,PR0033,ED,emergency,2025-10-28 22:45:00,2025-10-29 07:17:00,0,home
E0001628,P001378,F01,PR0001,inpatient,emergency_admission,2025-10-29 01:19:00,2025-11-03 17:53:00,5,home
E0001629,P000222,F06,PR0064,outpatient,post_discharge_followup,2025-10-29 08:30:00,2025-10-29 08:53:00,0,home
E0001630,P000437,F04,PR0057,outpatient,acute_episode,2025-10-29 09:30:00,2025-10-29 10:23:00,0,home
E0001631,P000525,F01,PR0015,ED,emergency,2025-10-29 10:27:00,2025-10-29 14:23:00,0,home
E0001632,P000187,F07,PR0067,outpatient,post_discharge_followup,2025-10-29 10:45:00,2025-10-29 11:12:00,0,home
E0001633,P000004,F06,PR0066,outpatient,chronic_management,2025-10-29 13:45:00,2025-10-29 14:20:00,0,home
E0001634,P000315,F03,PR0052,ED,emergency,2025-10-29 16:57:00,2025-10-30 01:30:00,0,home
E0001635,P000809,F02,PR0032,ED,emergency,2025-10-29 18:00:00,2025-10-29 19:35:00,0,home
E0001636,P000206,F04,PR0057,outpatient,preventive,2025-10-30 09:15:00,2025-10-30 10:20:00,0,home
E0001637,P001187,F10,PR0080,outpatient,post_discharge_followup,2025-10-30 09:30:00,2025-10-30 09:59:00,0,home
E0001638,P000727,F02,PR0032,ED,emergency,2025-10-30 09:38:00,2025-10-30 16:38:00,0,admitted
E0001639,P001342,F02,PR0024,outpatient,preventive,2025-10-30 10:00:00,2025-10-30 10:35:00,0,home
E0001640,P000370,F06,PR0064,outpatient,preventive,2025-10-30 13:15:00,2025-10-30 14:02:00,0,home
E0001641,P000586,F15,PR0098,outpatient,chronic_management,2025-10-30 14:30:00,2025-10-30 15:23:00,0,home
E0001642,P000085,F15,PR0097,outpatient,chronic_management,2025-10-30 15:00:00,2025-10-30 16:09:00,0,home
E0001643,P001313,F02,PR0019,inpatient,elective_admission,2025-10-30 16:08:00,2025-11-05 15:46:00,6,home
E0001644,P000727,F02,PR0019,inpatient,emergency_admission,2025-10-30 16:38:00,2025-10-31 12:47:00,1,home_health
E0001645,P000289,F03,PR0050,ED,emergency,2025-10-30 20:07:00,2025-10-30 22:07:00,0,admitted
E0001646,P000289,F03,PR0047,inpatient,emergency_admission,2025-10-30 22:07:00,2025-11-03 15:46:00,4,home
E0001647,P000266,F01,PR0014,ED,emergency,2025-10-31 00:36:00,2025-10-31 03:36:00,0,admitted
E0001648,P000266,F01,PR0005,inpatient,emergency_admission,2025-10-31 03:36:00,2025-11-03 16:00:00,3,home
E0001649,P000094,F08,PR0073,outpatient,preventive,2025-10-31 08:30:00,2025-10-31 09:31:00,0,home
E0001650,P000797,F04,PR0058,outpatient,post_discharge_followup,2025-10-31 09:15:00,2025-10-31 10:10:00,0,home
E0001651,P000208,F06,PR0066,outpatient,chronic_management,2025-10-31 12:45:00,2025-10-31 13:07:00,0,home
E0001652,P000320,F03,PR0050,ED,emergency,2025-10-31 14:11:00,2025-10-31 17:11:00,0,admitted
E0001653,P000262,F06,PR0063,outpatient,post_discharge_followup,2025-10-31 14:45:00,2025-10-31 15:50:00,0,home
E0001654,P000426,F08,PR0073,outpatient,acute_episode,2025-10-31 15:00:00,2025-10-31 15:25:00,0,home
E0001655,P000607,F15,PR0098,outpatient,acute_episode,2025-10-31 15:30:00,2025-10-31 16:04:00,0,home
E0001656,P001006,F03,PR0049,ED,emergency,2025-10-31 16:09:00,2025-10-31 18:09:00,0,admitted
E0001657,P000698,F04,PR0058,outpatient,post_discharge_followup,2025-10-31 16:15:00,2025-10-31 16:35:00,0,home
E0001658,P000320,F03,PR0041,inpatient,emergency_admission,2025-10-31 17:11:00,2025-11-04 16:25:00,4,home
E0001659,P001006,F03,PR0038,inpatient,emergency_admission,2025-10-31 18:09:00,2025-11-01 16:09:00,1,home
E0001660,P001273,F02,PR0035,ED,emergency,2025-11-01 08:23:00,2025-11-01 13:34:00,0,home
E0001661,P000521,F03,PR0038,inpatient,elective_admission,2025-11-01 11:33:00,2025-11-05 13:49:00,4,rehab
E0001662,P000782,F02,PR0033,ED,emergency,2025-11-01 13:05:00,2025-11-01 19:05:00,0,admitted
E0001663,P000782,F02,PR0025,inpatient,emergency_admission,2025-11-01 19:05:00,2025-11-05 12:16:00,4,home
E0001664,P000527,F02,PR0033,ED,emergency,2025-11-02 16:47:00,2025-11-02 18:47:00,0,admitted
E0001665,P000803,F02,PR0031,ED,emergency,2025-11-02 16:59:00,2025-11-02 22:59:00,0,admitted
E0001666,P000527,F02,PR0023,inpatient,emergency_admission,2025-11-02 18:47:00,2025-11-04 16:16:00,2,home_health
E0001667,P000830,F02,PR0033,ED,emergency,2025-11-02 20:40:00,2025-11-02 22:40:00,0,admitted
E0001668,P000830,F02,PR0022,inpatient,emergency_admission,2025-11-02 22:40:00,2025-11-09 17:22:00,7,home
E0001669,P000803,F02,PR0022,inpatient,emergency_admission,2025-11-02 22:59:00,2025-11-06 15:20:00,4,home
E0001670,P000016,F06,PR0066,outpatient,chronic_management,2025-11-03 09:00:00,2025-11-03 09:44:00,0,home
E0001671,P000870,F02,PR0034,ED,emergency,2025-11-03 09:07:00,2025-11-03 13:07:00,0,admitted
E0001672,P001273,F06,PR0064,outpatient,acute_episode,2025-11-03 09:30:00,2025-11-03 10:39:00,0,home
E0001673,P001155,F01,PR0007,inpatient,elective_admission,2025-11-03 10:06:00,2025-11-08 14:49:00,5,home
E0001674,P000870,F02,PR0020,inpatient,emergency_admission,2025-11-03 13:07:00,2025-11-10 11:26:00,7,snf
E0001675,P000623,F08,PR0071,outpatient,preventive,2025-11-03 16:15:00,2025-11-03 17:02:00,0,home
E0001676,P000268,F01,PR0006,outpatient,chronic_management,2025-11-04 08:45:00,2025-11-04 09:35:00,0,home
E0001677,P001369,F04,PR0055,outpatient,preventive,2025-11-04 10:45:00,2025-11-04 11:58:00,0,home
E0001678,P001266,F03,PR0039,inpatient,elective_admission,2025-11-04 11:24:00,2025-11-12 12:34:00,8,snf
E0001679,P000655,F10,PR0081,outpatient,acute_episode,2025-11-04 14:00:00,2025-11-04 15:11:00,0,home
E0001680,P000959,F07,PR0068,outpatient,post_discharge_followup,2025-11-04 14:30:00,2025-11-04 14:54:00,0,home
E0001681,P000503,F02,PR0031,ED,emergency,2025-11-04 19:36:00,2025-11-04 23:36:00,0,admitted
E0001682,P000503,F02,PR0023,inpatient,emergency_admission,2025-11-04 23:36:00,2025-11-09 16:50:00,5,home
E0001683,P000677,F07,PR0068,outpatient,preventive,2025-11-05 10:15:00,2025-11-05 11:11:00,0,home
E0001684,P001062,F11,PR0085,outpatient,chronic_management,2025-11-05 10:30:00,2025-11-05 11:16:00,0,home
E0001685,P000258,F03,PR0048,outpatient,acute_episode,2025-11-05 13:00:00,2025-11-05 13:27:00,0,home
E0001686,P000066,F02,PR0034,ED,emergency,2025-11-05 13:14:00,2025-11-05 16:16:00,0,home
E0001687,P000246,F10,PR0080,outpatient,chronic_management,2025-11-05 13:15:00,2025-11-05 13:55:00,0,home
E0001688,P000666,F06,PR0066,outpatient,post_discharge_followup,2025-11-05 13:45:00,2025-11-05 14:56:00,0,home
E0001689,P001003,F04,PR0056,outpatient,chronic_management,2025-11-05 15:45:00,2025-11-05 16:20:00,0,home
E0001690,P000155,F06,PR0064,outpatient,chronic_management,2025-11-06 08:00:00,2025-11-06 08:21:00,0,home
E0001691,P001133,F02,PR0031,ED,emergency,2025-11-06 08:16:00,2025-11-06 11:16:00,0,admitted
E0001692,P000450,F02,PR0033,ED,emergency,2025-11-06 08:39:00,2025-11-06 13:37:00,0,home
E0001693,P000320,F05,PR0059,outpatient,post_discharge_followup,2025-11-06 08:45:00,2025-11-06 09:10:00,0,home
E0001694,P001133,F02,PR0021,inpatient,emergency_admission,2025-11-06 11:16:00,2025-11-08 12:55:00,2,home_health
E0001695,P001334,F04,PR0055,outpatient,chronic_management,2025-11-06 11:30:00,2025-11-06 12:21:00,0,home
E0001696,P000670,F07,PR0070,outpatient,chronic_management,2025-11-06 12:30:00,2025-11-06 13:34:00,0,home
E0001697,P000212,F02,PR0024,outpatient,chronic_management,2025-11-06 13:30:00,2025-11-06 14:20:00,0,home
E0001698,P001378,F04,PR0056,outpatient,post_discharge_followup,2025-11-06 13:30:00,2025-11-06 14:35:00,0,home
E0001699,P000289,F08,PR0073,outpatient,post_discharge_followup,2025-11-06 15:30:00,2025-11-06 16:07:00,0,home
E0001700,P000727,F05,PR0059,outpatient,post_discharge_followup,2025-11-06 16:00:00,2025-11-06 17:11:00,0,home
E0001701,P000267,F02,PR0031,ED,emergency,2025-11-07 08:13:00,2025-11-07 11:13:00,0,admitted
E0001702,P001016,F15,PR0097,outpatient,chronic_management,2025-11-07 10:00:00,2025-11-07 10:56:00,0,home
E0001703,P001143,F05,PR0062,outpatient,preventive,2025-11-07 10:30:00,2025-11-07 11:40:00,0,home
E0001704,P000267,F02,PR0021,inpatient,emergency_admission,2025-11-07 11:13:00,2025-11-10 14:12:00,3,home
E0001705,P001142,F05,PR0061,outpatient,chronic_management,2025-11-07 11:15:00,2025-11-07 12:28:00,0,home
E0001706,P000327,F07,PR0069,outpatient,chronic_management,2025-11-07 11:45:00,2025-11-07 12:25:00,0,home
E0001707,P000369,F11,PR0084,outpatient,chronic_management,2025-11-07 15:15:00,2025-11-07 15:39:00,0,home
E0001708,P001268,F01,PR0016,ED,emergency,2025-11-07 15:21:00,2025-11-07 18:21:00,0,admitted
E0001709,P000616,F04,PR0057,outpatient,chronic_management,2025-11-07 16:45:00,2025-11-07 17:59:00,0,home
E0001710,P000874,F10,PR0082,outpatient,post_discharge_followup,2025-11-07 16:45:00,2025-11-07 17:53:00,0,home
E0001711,P001268,F01,PR0010,inpatient,emergency_admission,2025-11-07 18:21:00,2025-11-08 11:50:00,1,home_health
E0001712,P000782,F02,PR0036,ED,emergency,2025-11-08 08:44:00,2025-11-08 12:44:00,0,admitted
E0001713,P000782,F02,PR0023,inpatient,emergency_admission,2025-11-08 12:44:00,2025-11-13 17:37:00,5,snf
E0001714,P000855,F03,PR0054,ED,emergency,2025-11-08 13:23:00,2025-11-08 19:15:00,0,home
E0001715,P000087,F01,PR0015,ED,emergency,2025-11-08 13:59:00,2025-11-08 19:59:00,0,admitted
E0001716,P000087,F01,PR0006,inpatient,emergency_admission,2025-11-08 19:59:00,2025-11-13 15:35:00,5,home_health
E0001717,P000498,F02,PR0034,ED,emergency,2025-11-09 09:13:00,2025-11-09 14:34:00,0,home
E0001718,P000007,F03,PR0040,inpatient,direct_admission,2025-11-09 14:10:00,2025-11-13 17:52:00,4,snf
E0001719,P000147,F07,PR0069,outpatient,post_discharge_followup,2025-11-10 08:00:00,2025-11-10 08:55:00,0,home
E0001720,P001004,F01,PR0003,outpatient,preventive,2025-11-10 09:45:00,2025-11-10 10:45:00,0,home
E0001721,P000701,F04,PR0057,outpatient,preventive,2025-11-10 10:15:00,2025-11-10 11:24:00,0,home
E0001722,P000358,F04,PR0057,outpatient,preventive,2025-11-10 11:45:00,2025-11-10 12:58:00,0,home
E0001723,P000224,F02,PR0021,inpatient,direct_admission,2025-11-10 12:57:00,2025-11-12 16:14:00,2,home_health
E0001724,P000899,F03,PR0042,inpatient,direct_admission,2025-11-11 00:40:00,2025-11-15 10:16:00,4,snf
E0001725,P001313,F01,PR0016,ED,emergency,2025-11-11 01:24:00,2025-11-11 03:24:00,0,admitted
E0001726,P001313,F01,PR0010,inpatient,emergency_admission,2025-11-11 03:24:00,2025-11-13 13:18:00,2,expired
E0001727,P000727,F02,PR0032,ED,emergency,2025-11-11 04:55:00,2025-11-11 06:55:00,0,admitted
E0001728,P000727,F02,PR0025,inpatient,emergency_admission,2025-11-11 06:55:00,2025-11-13 16:50:00,2,home
E0001729,P000095,F01,PR0011,outpatient,preventive,2025-11-11 08:30:00,2025-11-11 09:38:00,0,home
E0001730,P001155,F06,PR0064,outpatient,post_discharge_followup,2025-11-11 09:30:00,2025-11-11 10:39:00,0,home
E0001731,P001260,F09,PR0076,outpatient,acute_episode,2025-11-11 09:30:00,2025-11-11 10:33:00,0,home
E0001732,P000160,F01,PR0014,ED,emergency,2025-11-11 10:57:00,2025-11-11 17:18:00,0,home
E0001733,P001066,F09,PR0078,outpatient,acute_episode,2025-11-11 11:45:00,2025-11-11 12:46:00,0,home
E0001734,P001227,F03,PR0051,ED,emergency,2025-11-11 13:29:00,2025-11-11 19:36:00,0,home
E0001735,P001136,F07,PR0068,outpatient,preventive,2025-11-11 14:15:00,2025-11-11 14:37:00,0,home
E0001736,P001225,F05,PR0059,outpatient,chronic_management,2025-11-11 14:30:00,2025-11-11 15:34:00,0,home
E0001737,P000862,F01,PR0001,outpatient,chronic_management,2025-11-11 15:00:00,2025-11-11 15:52:00,0,home
E0001738,P000793,F15,PR0097,outpatient,acute_episode,2025-11-11 15:30:00,2025-11-11 16:04:00,0,home
E0001739,P000117,F08,PR0072,outpatient,acute_episode,2025-11-11 16:15:00,2025-11-11 17:01:00,0,home
E0001740,P000499,F02,PR0031,ED,emergency,2025-11-11 17:16:00,2025-11-11 18:46:00,0,home
E0001741,P000741,F01,PR0004,inpatient,elective_admission,2025-11-11 23:38:00,2025-11-19 12:27:00,8,home
E0001742,P000455,F01,PR0015,ED,emergency,2025-11-12 08:26:00,2025-11-12 10:26:00,0,admitted
E0001743,P001128,F07,PR0070,outpatient,chronic_management,2025-11-12 08:30:00,2025-11-12 09:09:00,0,home
E0001744,P000701,F04,PR0056,outpatient,chronic_management,2025-11-12 09:00:00,2025-11-12 09:58:00,0,home
E0001745,P000455,F01,PR0007,inpatient,emergency_admission,2025-11-12 10:26:00,2025-11-17 14:46:00,5,home
E0001746,P001394,F08,PR0072,outpatient,chronic_management,2025-11-12 11:30:00,2025-11-12 12:23:00,0,home
E0001747,P000184,F04,PR0057,outpatient,acute_episode,2025-11-12 11:45:00,2025-11-12 12:32:00,0,home
E0001748,P001086,F07,PR0070,outpatient,preventive,2025-11-12 12:30:00,2025-11-12 12:56:00,0,home
E0001749,P001003,F04,PR0055,outpatient,acute_episode,2025-11-13 08:00:00,2025-11-13 09:09:00,0,home
E0001750,P000839,F01,PR0007,inpatient,elective_admission,2025-11-13 09:16:00,2025-11-14 11:31:00,1,home_health
E0001751,P000688,F02,PR0020,inpatient,elective_admission,2025-11-13 09:32:00,2025-11-19 16:15:00,6,hospice
E0001752,P001133,F07,PR0070,outpatient,post_discharge_followup,2025-11-13 11:45:00,2025-11-13 12:29:00,0,home
E0001753,P001278,F03,PR0040,outpatient,preventive,2025-11-13 13:15:00,2025-11-13 14:29:00,0,home
E0001754,P000113,F06,PR0064,outpatient,acute_episode,2025-11-13 15:00:00,2025-11-13 15:56:00,0,home
E0001755,P000979,F15,PR0099,outpatient,chronic_management,2025-11-13 16:15:00,2025-11-13 17:20:00,0,home
E0001756,P000931,F09,PR0078,outpatient,acute_episode,2025-11-13 16:45:00,2025-11-13 17:24:00,0,home
E0001757,P000038,F03,PR0052,ED,emergency,2025-11-13 18:12:00,2025-11-13 20:12:00,0,admitted
E0001758,P000038,F03,PR0039,inpatient,emergency_admission,2025-11-13 20:12:00,2025-11-19 10:58:00,6,rehab
E0001759,P000769,F03,PR0041,inpatient,elective_admission,2025-11-13 20:37:00,2025-11-22 15:33:00,9,home
E0001760,P000964,F08,PR0072,outpatient,chronic_management,2025-11-14 09:00:00,2025-11-14 09:24:00,0,home
E0001761,P000087,F11,PR0086,outpatient,post_discharge_followup,2025-11-14 10:00:00,2025-11-14 11:14:00,0,home
E0001762,P000782,F10,PR0080,outpatient,post_discharge_followup,2025-11-14 10:00:00,2025-11-14 11:11:00,0,home
E0001763,P001326,F11,PR0085,outpatient,chronic_management,2025-11-14 10:15:00,2025-11-14 11:25:00,0,home
E0001764,P000562,F06,PR0063,outpatient,acute_episode,2025-11-14 11:45:00,2025-11-14 12:35:00,0,home
E0001765,P001010,F01,PR0016,ED,emergency,2025-11-14 11:49:00,2025-11-14 14:43:00,0,home
E0001766,P000830,F10,PR0080,outpatient,post_discharge_followup,2025-11-14 14:00:00,2025-11-14 14:36:00,0,home
E0001767,P000314,F08,PR0073,outpatient,acute_episode,2025-11-14 14:30:00,2025-11-14 15:09:00,0,home
E0001768,P000326,F07,PR0068,outpatient,chronic_management,2025-11-14 15:00:00,2025-11-14 16:09:00,0,home
E0001769,P001369,F04,PR0055,outpatient,post_discharge_followup,2025-11-14 15:15:00,2025-11-14 16:27:00,0,home
E0001770,P000173,F10,PR0081,outpatient,preventive,2025-11-14 16:45:00,2025-11-14 17:09:00,0,home
E0001771,P001122,F03,PR0054,ED,emergency,2025-11-15 09:50:00,2025-11-15 12:49:00,0,ama
E0001772,P001165,F03,PR0051,ED,emergency,2025-11-15 11:32:00,2025-11-15 15:08:00,0,home
E0001773,P000890,F01,PR0018,ED,emergency,2025-11-15 12:32:00,2025-11-15 14:32:00,0,admitted
E0001774,P000890,F01,PR0002,inpatient,emergency_admission,2025-11-15 14:32:00,2025-11-18 15:53:00,3,home
E0001775,P000320,F03,PR0043,inpatient,direct_admission,2025-11-15 16:41:00,2025-11-21 10:03:00,6,home_health
E0001776,P000698,F01,PR0013,ED,emergency,2025-11-15 22:09:00,2025-11-16 05:16:00,0,home
E0001777,P000232,F03,PR0052,ED,emergency,2025-11-16 11:04:00,2025-11-16 16:04:00,0,admitted
E0001778,P000682,F01,PR0014,ED,emergency,2025-11-16 14:48:00,2025-11-16 17:48:00,0,admitted
E0001779,P000501,F02,PR0036,ED,emergency,2025-11-16 15:02:00,2025-11-16 19:31:00,0,home
E0001780,P000232,F03,PR0037,inpatient,emergency_admission,2025-11-16 16:04:00,2025-11-19 11:07:00,3,home
E0001781,P000682,F01,PR0007,inpatient,emergency_admission,2025-11-16 17:48:00,2025-11-19 15:50:00,3,home_health
E0001782,P001209,F02,PR0031,ED,emergency,2025-11-16 19:51:00,2025-11-16 23:52:00,0,home
E0001783,P001123,F04,PR0058,outpatient,chronic_management,2025-11-17 08:00:00,2025-11-17 08:48:00,0,home
E0001784,P000226,F06,PR0065,outpatient,post_discharge_followup,2025-11-17 11:15:00,2025-11-17 11:59:00,0,home
E0001785,P000604,F02,PR0034,ED,emergency,2025-11-17 11:43:00,2025-11-17 14:43:00,0,admitted
E0001786,P000168,F03,PR0052,ED,emergency,2025-11-17 13:51:00,2025-11-17 17:51:00,0,admitted
E0001787,P000604,F02,PR0020,inpatient,emergency_admission,2025-11-17 14:43:00,2025-11-21 12:11:00,4,home
E0001788,P000168,F03,PR0040,inpatient,emergency_admission,2025-11-17 17:51:00,2025-11-20 13:54:00,3,home
E0001789,P000067,F02,PR0032,ED,emergency,2025-11-17 19:12:00,2025-11-17 23:18:00,0,home
E0001790,P001307,F15,PR0099,outpatient,preventive,2025-11-18 11:15:00,2025-11-18 11:43:00,0,home
E0001791,P000527,F15,PR0097,outpatient,acute_episode,2025-11-18 11:30:00,2025-11-18 12:36:00,0,home
E0001792,P000839,F07,PR0070,outpatient,post_discharge_followup,2025-11-18 13:45:00,2025-11-18 14:41:00,0,home
E0001793,P001006,F09,PR0076,outpatient,post_discharge_followup,2025-11-18 14:30:00,2025-11-18 15:43:00,0,home
E0001794,P000224,F05,PR0062,outpatient,post_discharge_followup,2025-11-18 15:30:00,2025-11-18 15:54:00,0,home
E0001795,P001005,F06,PR0066,outpatient,preventive,2025-11-18 16:00:00,2025-11-18 16:43:00,0,home
E0001796,P000832,F03,PR0044,inpatient,elective_admission,2025-11-18 20:16:00,2025-11-26 11:44:00,8,home
E0001797,P001195,F02,PR0035,ED,emergency,2025-11-19 09:54:00,2025-11-19 16:35:00,0,home
E0001798,P000795,F05,PR0059,outpatient,chronic_management,2025-11-19 10:15:00,2025-11-19 10:45:00,0,home
E0001799,P000531,F06,PR0065,outpatient,chronic_management,2025-11-19 13:15:00,2025-11-19 14:05:00,0,home
E0001800,P000375,F07,PR0070,outpatient,preventive,2025-11-19 13:30:00,2025-11-19 14:10:00,0,home
E0001801,P001230,F05,PR0062,outpatient,chronic_management,2025-11-19 15:00:00,2025-11-19 15:25:00,0,home
E0001802,P001189,F01,PR0007,outpatient,chronic_management,2025-11-19 16:30:00,2025-11-19 17:25:00,0,home
E0001803,P000757,F02,PR0031,ED,emergency,2025-11-19 21:17:00,2025-11-20 05:15:00,0,home
E0001804,P001295,F03,PR0051,ED,emergency,2025-11-20 09:05:00,2025-11-20 12:05:00,0,admitted
E0001805,P001295,F03,PR0046,inpatient,emergency_admission,2025-11-20 12:05:00,2025-11-22 17:09:00,2,home
E0001806,P000056,F07,PR0068,outpatient,acute_episode,2025-11-20 13:30:00,2025-11-20 14:16:00,0,home
E0001807,P000937,F05,PR0061,outpatient,chronic_management,2025-11-20 14:45:00,2025-11-20 15:20:00,0,home
E0001808,P000085,F01,PR0015,ED,emergency,2025-11-20 15:33:00,2025-11-20 20:33:00,0,admitted
E0001809,P000112,F03,PR0049,ED,emergency,2025-11-20 16:32:00,2025-11-21 00:21:00,0,home
E0001810,P001364,F07,PR0070,outpatient,acute_episode,2025-11-20 16:45:00,2025-11-20 17:25:00,0,home
E0001811,P000085,F01,PR0004,inpatient,emergency_admission,2025-11-20 20:33:00,2025-11-25 17:59:00,5,home
E0001812,P000596,F06,PR0066,outpatient,preventive,2025-11-21 11:30:00,2025-11-21 11:53:00,0,home
E0001813,P001337,F07,PR0068,outpatient,preventive,2025-11-21 12:00:00,2025-11-21 12:27:00,0,home
E0001814,P000786,F01,PR0009,outpatient,chronic_management,2025-11-21 12:30:00,2025-11-21 13:44:00,0,home
E0001815,P000066,F06,PR0066,outpatient,chronic_management,2025-11-21 14:30:00,2025-11-21 15:25:00,0,home
E0001816,P001371,F04,PR0056,outpatient,acute_episode,2025-11-21 15:30:00,2025-11-21 15:57:00,0,home
E0001817,P000022,F11,PR0085,outpatient,post_discharge_followup,2025-11-21 16:15:00,2025-11-21 17:00:00,0,home
E0001818,P000590,F01,PR0005,inpatient,direct_admission,2025-11-21 17:10:00,2025-11-25 15:01:00,4,home
E0001819,P000240,F02,PR0031,ED,emergency,2025-11-21 21:38:00,2025-11-22 02:00:00,0,home
E0001820,P001225,F03,PR0048,inpatient,direct_admission,2025-11-22 12:37:00,2025-11-26 14:19:00,4,home_health
E0001821,P000186,F01,PR0017,ED,emergency,2025-11-23 09:50:00,2025-11-23 17:27:00,0,home
E0001822,P001273,F02,PR0035,ED,emergency,2025-11-23 16:16:00,2025-11-23 19:16:00,0,admitted
E0001823,P000830,F02,PR0035,ED,emergency,2025-11-23 17:46:00,2025-11-23 21:45:00,0,home
E0001824,P000324,F02,PR0036,ED,emergency,2025-11-23 18:29:00,2025-11-24 01:29:00,0,home
E0001825,P001273,F02,PR0022,inpatient,emergency_admission,2025-11-23 19:16:00,2025-11-27 14:03:00,4,home
E0001826,P001066,F09,PR0077,outpatient,chronic_management,2025-11-24 10:15:00,2025-11-24 10:52:00,0,home
E0001827,P000654,F09,PR0075,outpatient,chronic_management,2025-11-24 12:30:00,2025-11-24 13:15:00,0,home
E0001828,P000097,F06,PR0066,outpatient,chronic_management,2025-11-24 13:00:00,2025-11-24 13:30:00,0,home
E0001829,P000265,F08,PR0071,outpatient,chronic_management,2025-11-24 13:00:00,2025-11-24 13:54:00,0,home
E0001830,P000741,F11,PR0084,outpatient,post_discharge_followup,2025-11-24 13:00:00,2025-11-24 13:23:00,0,home
E0001831,P000475,F08,PR0074,outpatient,acute_episode,2025-11-24 13:15:00,2025-11-24 13:36:00,0,home
E0001832,P001174,F01,PR0010,outpatient,chronic_management,2025-11-24 13:45:00,2025-11-24 14:24:00,0,home
E0001833,P000813,F09,PR0075,outpatient,chronic_management,2025-11-24 16:45:00,2025-11-24 17:46:00,0,home
E0001834,P001350,F01,PR0015,ED,emergency,2025-11-24 21:13:00,2025-11-25 00:20:00,0,home
E0001835,P000542,F01,PR0015,ED,emergency,2025-11-25 00:04:00,2025-11-25 07:26:00,0,home
E0001836,P000320,F03,PR0049,ED,emergency,2025-11-25 07:53:00,2025-11-25 14:53:00,0,admitted
E0001837,P000232,F06,PR0063,outpatient,post_discharge_followup,2025-11-25 08:15:00,2025-11-25 09:01:00,0,home
E0001838,P000316,F09,PR0076,outpatient,chronic_management,2025-11-25 08:15:00,2025-11-25 08:54:00,0,home
E0001839,P000448,F05,PR0059,outpatient,chronic_management,2025-11-25 10:45:00,2025-11-25 11:48:00,0,home
E0001840,P000557,F01,PR0014,ED,emergency,2025-11-25 11:58:00,2025-11-25 17:58:00,0,admitted
E0001841,P000772,F07,PR0067,outpatient,acute_episode,2025-11-25 12:00:00,2025-11-25 12:23:00,0,home
E0001842,P001242,F02,PR0032,ED,emergency,2025-11-25 12:06:00,2025-11-25 19:06:00,0,admitted
E0001843,P000894,F09,PR0075,outpatient,chronic_management,2025-11-25 12:45:00,2025-11-25 13:55:00,0,home
E0001844,P000320,F03,PR0041,inpatient,emergency_admission,2025-11-25 14:53:00,2025-12-03 13:48:00,8,home
E0001845,P000168,F05,PR0062,outpatient,post_discharge_followup,2025-11-25 16:00:00,2025-11-25 17:03:00,0,home
E0001846,P000975,F11,PR0083,outpatient,chronic_management,2025-11-25 16:45:00,2025-11-25 17:35:00,0,home
E0001847,P000557,F01,PR0007,inpatient,emergency_admission,2025-11-25 17:58:00,2025-11-28 16:54:00,3,home
E0001848,P001242,F02,PR0023,inpatient,emergency_admission,2025-11-25 19:06:00,2025-11-29 15:39:00,4,home
E0001849,P000739,F01,PR0015,ED,emergency,2025-11-26 07:40:00,2025-11-26 13:40:00,0,admitted
E0001850,P001229,F08,PR0071,outpatient,chronic_management,2025-11-26 08:15:00,2025-11-26 09:16:00,0,home
E0001851,P000245,F02,PR0033,ED,emergency,2025-11-26 08:33:00,2025-11-26 12:33:00,0,admitted
E0001852,P001198,F07,PR0068,outpatient,chronic_management,2025-11-26 10:30:00,2025-11-26 10:50:00,0,home
E0001853,P001295,F08,PR0074,outpatient,post_discharge_followup,2025-11-26 12:00:00,2025-11-26 13:00:00,0,home
E0001854,P001133,F07,PR0069,outpatient,chronic_management,2025-11-26 12:15:00,2025-11-26 13:17:00,0,home
E0001855,P000245,F02,PR0025,inpatient,emergency_admission,2025-11-26 12:33:00,2025-12-01 10:12:00,5,home
E0001856,P000015,F06,PR0063,outpatient,chronic_management,2025-11-26 12:45:00,2025-11-26 13:17:00,0,home
E0001857,P000739,F01,PR0004,inpatient,emergency_admission,2025-11-26 13:40:00,2025-11-30 13:15:00,4,home
E0001858,P000058,F02,PR0024,inpatient,direct_admission,2025-11-26 21:38:00,2025-12-01 15:14:00,5,home
E0001859,P001209,F02,PR0032,ED,emergency,2025-11-27 07:19:00,2025-11-27 09:28:00,0,home
E0001860,P000846,F10,PR0081,outpatient,chronic_management,2025-11-27 08:00:00,2025-11-27 08:37:00,0,home
E0001861,P000883,F01,PR0015,ED,emergency,2025-11-27 08:08:00,2025-11-27 11:08:00,0,admitted
E0001862,P000974,F03,PR0052,ED,emergency,2025-11-27 10:14:00,2025-11-27 18:37:00,0,ama
E0001863,P000419,F03,PR0054,ED,emergency,2025-11-27 10:45:00,2025-11-27 15:45:00,0,admitted
E0001864,P000883,F01,PR0006,inpatient,emergency_admission,2025-11-27 11:08:00,2025-12-02 13:18:00,5,home_health
E0001865,P001144,F02,PR0024,inpatient,elective_admission,2025-11-27 12:09:00,2025-11-28 15:03:00,1,home
E0001866,P000769,F09,PR0077,outpatient,post_discharge_followup,2025-11-27 12:30:00,2025-11-27 13:23:00,0,home
E0001867,P000503,F05,PR0059,outpatient,post_discharge_followup,2025-11-27 13:00:00,2025-11-27 13:35:00,0,home
E0001868,P000671,F07,PR0068,outpatient,preventive,2025-11-27 14:30:00,2025-11-27 15:01:00,0,home
E0001869,P000130,F08,PR0073,outpatient,chronic_management,2025-11-27 15:00:00,2025-11-27 16:05:00,0,home
E0001870,P000419,F03,PR0038,inpatient,emergency_admission,2025-11-27 15:45:00,2025-12-03 17:50:00,6,home
E0001871,P001185,F11,PR0085,outpatient,chronic_management,2025-11-27 16:15:00,2025-11-27 16:56:00,0,home
E0001872,P000076,F01,PR0018,ED,emergency,2025-11-27 20:27:00,2025-11-27 23:27:00,0,admitted
E0001873,P000145,F01,PR0004,inpatient,direct_admission,2025-11-27 22:27:00,2025-12-02 15:35:00,5,home
E0001874,P001268,F01,PR0018,ED,emergency,2025-11-27 22:34:00,2025-11-28 06:24:00,0,home
E0001875,P000076,F01,PR0003,inpatient,emergency_admission,2025-11-27 23:27:00,2025-11-28 10:16:00,1,home
E0001876,P000116,F02,PR0033,ED,emergency,2025-11-28 04:22:00,2025-11-28 08:22:00,0,admitted
E0001877,P000394,F05,PR0060,outpatient,preventive,2025-11-28 08:15:00,2025-11-28 09:13:00,0,home
E0001878,P000116,F02,PR0025,inpatient,emergency_admission,2025-11-28 08:22:00,2025-11-29 17:28:00,1,snf
E0001879,P000251,F05,PR0060,outpatient,chronic_management,2025-11-28 09:45:00,2025-11-28 10:05:00,0,home
E0001880,P000762,F09,PR0077,outpatient,chronic_management,2025-11-28 10:00:00,2025-11-28 10:47:00,0,home
E0001881,P000886,F09,PR0078,outpatient,chronic_management,2025-11-28 10:45:00,2025-11-28 11:48:00,0,home
E0001882,P000466,F01,PR0017,ED,emergency,2025-11-28 10:46:00,2025-11-28 16:46:00,0,admitted
E0001883,P001225,F05,PR0062,outpatient,post_discharge_followup,2025-11-28 13:30:00,2025-11-28 14:44:00,0,home
E0001884,P000952,F04,PR0055,outpatient,acute_episode,2025-11-28 14:00:00,2025-11-28 15:13:00,0,home
E0001885,P001227,F11,PR0085,outpatient,chronic_management,2025-11-28 15:00:00,2025-11-28 15:43:00,0,home
E0001886,P000781,F03,PR0054,ED,emergency,2025-11-28 16:36:00,2025-11-28 23:19:00,0,home
E0001887,P000466,F01,PR0004,inpatient,emergency_admission,2025-11-28 16:46:00,2025-12-01 11:55:00,3,home
E0001888,P000290,F01,PR0005,inpatient,direct_admission,2025-11-28 21:23:00,2025-12-03 16:23:00,5,home
E0001889,P000814,F02,PR0035,ED,emergency,2025-11-29 13:17:00,2025-11-29 20:02:00,0,home
E0001890,P001155,F01,PR0017,ED,emergency,2025-11-29 15:32:00,2025-11-29 17:17:00,0,home
E0001891,P001266,F03,PR0054,ED,emergency,2025-11-30 07:02:00,2025-11-30 09:35:00,0,home
E0001892,P001076,F02,PR0033,ED,emergency,2025-11-30 12:45:00,2025-11-30 19:45:00,0,admitted
E0001893,P001076,F02,PR0019,inpatient,emergency_admission,2025-11-30 19:45:00,2025-12-05 10:41:00,5,home
E0001894,P000803,F02,PR0032,ED,emergency,2025-11-30 21:28:00,2025-12-01 02:00:00,0,home
E0001895,P001236,F10,PR0079,outpatient,acute_episode,2025-12-01 08:00:00,2025-12-01 09:12:00,0,home
E0001896,P001273,F06,PR0065,outpatient,post_discharge_followup,2025-12-01 08:30:00,2025-12-01 09:36:00,0,home
E0001897,P001247,F10,PR0082,outpatient,chronic_management,2025-12-01 09:00:00,2025-12-01 09:54:00,0,home
E0001898,P001134,F07,PR0070,outpatient,chronic_management,2025-12-01 09:30:00,2025-12-01 09:55:00,0,home
E0001899,P000735,F07,PR0069,outpatient,preventive,2025-12-01 10:00:00,2025-12-01 11:04:00,0,home
E0001900,P001059,F15,PR0098,outpatient,chronic_management,2025-12-01 13:15:00,2025-12-01 14:05:00,0,home
E0001901,P000682,F10,PR0079,outpatient,post_discharge_followup,2025-12-01 16:15:00,2025-12-01 16:38:00,0,home
E0001902,P000479,F02,PR0032,ED,emergency,2025-12-02 00:50:00,2025-12-02 02:46:00,0,home
E0001903,P000018,F01,PR0001,outpatient,chronic_management,2025-12-02 10:00:00,2025-12-02 10:29:00,0,home
E0001904,P000742,F08,PR0074,outpatient,preventive,2025-12-02 10:15:00,2025-12-02 11:05:00,0,home
E0001905,P000886,F03,PR0049,ED,emergency,2025-12-02 12:25:00,2025-12-02 18:25:00,0,admitted
E0001906,P000076,F07,PR0070,outpatient,post_discharge_followup,2025-12-02 13:15:00,2025-12-02 13:50:00,0,home
E0001907,P000723,F08,PR0073,outpatient,chronic_management,2025-12-02 13:15:00,2025-12-02 14:01:00,0,home
E0001908,P000484,F03,PR0043,inpatient,elective_admission,2025-12-02 13:52:00,2025-12-07 12:13:00,5,home
E0001909,P000674,F12,PR0088,outpatient,chronic_management,2025-12-02 14:45:00,2025-12-02 15:24:00,0,home
E0001910,P000886,F03,PR0038,inpatient,emergency_admission,2025-12-02 18:25:00,2025-12-05 11:30:00,3,snf
E0001911,P000481,F02,PR0032,ED,emergency,2025-12-03 05:20:00,2025-12-03 08:20:00,0,admitted
E0001912,P001086,F01,PR0002,inpatient,direct_admission,2025-12-03 07:38:00,2025-12-09 12:01:00,6,home
E0001913,P000481,F02,PR0025,inpatient,emergency_admission,2025-12-03 08:20:00,2025-12-10 13:48:00,7,home_health
E0001914,P000036,F04,PR0056,outpatient,chronic_management,2025-12-03 08:45:00,2025-12-03 09:40:00,0,home
E0001915,P001144,F04,PR0057,outpatient,post_discharge_followup,2025-12-03 08:45:00,2025-12-03 09:14:00,0,home
E0001916,P000631,F08,PR0074,outpatient,preventive,2025-12-03 09:15:00,2025-12-03 09:59:00,0,home
E0001917,P001381,F02,PR0030,outpatient,preventive,2025-12-03 10:45:00,2025-12-03 11:46:00,0,home
E0001918,P001380,F10,PR0079,outpatient,preventive,2025-12-03 12:30:00,2025-12-03 13:21:00,0,home
E0001919,P000998,F03,PR0049,ED,emergency,2025-12-03 12:44:00,2025-12-03 19:44:00,0,admitted
E0001920,P000058,F04,PR0056,outpatient,post_discharge_followup,2025-12-03 16:15:00,2025-12-03 17:08:00,0,home
E0001921,P000998,F03,PR0037,inpatient,emergency_admission,2025-12-03 19:44:00,2025-12-04 15:10:00,1,home
E0001922,P000754,F06,PR0063,outpatient,chronic_management,2025-12-04 08:00:00,2025-12-04 08:29:00,0,home
E0001923,P000739,F04,PR0058,outpatient,post_discharge_followup,2025-12-04 10:30:00,2025-12-04 11:29:00,0,home
E0001924,P000320,F05,PR0062,outpatient,post_discharge_followup,2025-12-04 11:15:00,2025-12-04 12:05:00,0,home
E0001925,P001091,F09,PR0077,outpatient,preventive,2025-12-04 13:45:00,2025-12-04 14:54:00,0,home
E0001926,P000016,F06,PR0064,outpatient,chronic_management,2025-12-04 14:30:00,2025-12-04 14:50:00,0,home
E0001927,P001282,F04,PR0056,outpatient,preventive,2025-12-04 14:30:00,2025-12-04 15:22:00,0,home
E0001928,P001278,F09,PR0076,outpatient,preventive,2025-12-04 15:30:00,2025-12-04 16:38:00,0,home
E0001929,P001074,F09,PR0077,outpatient,chronic_management,2025-12-04 16:00:00,2025-12-04 16:41:00,0,home
E0001930,P000145,F04,PR0056,outpatient,post_discharge_followup,2025-12-04 16:15:00,2025-12-04 17:09:00,0,home
E0001931,P000087,F01,PR0016,ED,emergency,2025-12-04 18:57:00,2025-12-04 20:59:00,0,home
E0001932,P000895,F01,PR0015,ED,emergency,2025-12-05 03:36:00,2025-12-05 08:37:00,0,home
E0001933,P001396,F09,PR0076,outpatient,preventive,2025-12-05 08:00:00,2025-12-05 08:29:00,0,home
E0001934,P000806,F03,PR0052,ED,emergency,2025-12-05 08:38:00,2025-12-05 15:12:00,0,home
E0001935,P000979,F15,PR0097,outpatient,chronic_management,2025-12-05 12:00:00,2025-12-05 13:11:00,0,home
E0001936,P000306,F02,PR0022,inpatient,elective_admission,2025-12-05 12:03:00,2025-12-09 16:44:00,4,snf
E0001937,P000931,F09,PR0077,outpatient,chronic_management,2025-12-05 12:45:00,2025-12-05 13:32:00,0,home
E0001938,P000205,F10,PR0080,outpatient,chronic_management,2025-12-05 15:30:00,2025-12-05 16:17:00,0,home
E0001939,P000212,F09,PR0077,outpatient,chronic_management,2025-12-05 16:15:00,2025-12-05 16:50:00,0,home
E0001940,P000066,F05,PR0061,outpatient,chronic_management,2025-12-05 16:30:00,2025-12-05 17:01:00,0,home
E0001941,P000434,F03,PR0054,ED,emergency,2025-12-06 07:31:00,2025-12-06 12:31:00,0,admitted
E0001942,P000103,F02,PR0036,ED,emergency,2025-12-06 11:54:00,2025-12-06 14:54:00,0,admitted
E0001943,P000434,F03,PR0039,inpatient,emergency_admission,2025-12-06 12:31:00,2025-12-11 14:01:00,5,home
E0001944,P000103,F02,PR0026,inpatient,emergency_admission,2025-12-06 14:54:00,2025-12-11 16:25:00,5,home
E0001945,P000401,F01,PR0014,ED,emergency,2025-12-07 12:32:00,2025-12-07 19:32:00,0,admitted
E0001946,P000401,F01,PR0003,inpatient,emergency_admission,2025-12-07 19:32:00,2025-12-12 16:17:00,5,ama
E0001947,P000806,F03,PR0052,ED,emergency,2025-12-07 19:57:00,2025-12-08 04:21:00,0,home
E0001948,P000624,F03,PR0051,ED,emergency,2025-12-08 07:38:00,2025-12-08 10:38:00,0,admitted
E0001949,P000414,F06,PR0065,outpatient,chronic_management,2025-12-08 09:15:00,2025-12-08 10:14:00,0,home
E0001950,P000624,F03,PR0048,inpatient,emergency_admission,2025-12-08 10:38:00,2025-12-10 11:21:00,2,home
E0001951,P000205,F10,PR0079,outpatient,preventive,2025-12-08 11:00:00,2025-12-08 11:20:00,0,home
E0001952,P000243,F05,PR0062,outpatient,preventive,2025-12-08 11:00:00,2025-12-08 11:25:00,0,home
E0001953,P000463,F04,PR0058,outpatient,preventive,2025-12-08 12:00:00,2025-12-08 12:53:00,0,home
E0001954,P000843,F01,PR0017,ED,emergency,2025-12-08 17:18:00,2025-12-08 20:14:00,0,home
E0001955,P000230,F02,PR0022,inpatient,elective_admission,2025-12-09 01:41:00,2025-12-13 11:25:00,4,home
E0001956,P000830,F10,PR0080,outpatient,chronic_management,2025-12-09 09:30:00,2025-12-09 10:08:00,0,home
E0001957,P000762,F14,PR0094,outpatient,chronic_management,2025-12-09 10:00:00,2025-12-09 10:33:00,0,home
E0001958,P000691,F06,PR0066,outpatient,acute_episode,2025-12-09 15:15:00,2025-12-09 16:24:00,0,home
E0001959,P000387,F03,PR0038,outpatient,chronic_management,2025-12-09 15:45:00,2025-12-09 16:41:00,0,home
E0001960,P000457,F08,PR0074,outpatient,preventive,2025-12-10 12:15:00,2025-12-10 13:21:00,0,home
E0001961,P000245,F15,PR0099,outpatient,post_discharge_followup,2025-12-10 15:30:00,2025-12-10 16:07:00,0,home
E0001962,P000076,F07,PR0068,outpatient,preventive,2025-12-10 16:30:00,2025-12-10 16:51:00,0,home
E0001963,P000402,F07,PR0070,outpatient,preventive,2025-12-10 16:45:00,2025-12-10 17:19:00,0,home
E0001964,P001120,F02,PR0033,ED,emergency,2025-12-10 16:45:00,2025-12-10 19:45:00,0,admitted
E0001965,P001065,F03,PR0046,inpatient,direct_admission,2025-12-10 17:18:00,2025-12-14 14:13:00,4,home
E0001966,P000796,F01,PR0013,ED,emergency,2025-12-10 17:43:00,2025-12-10 23:32:00,0,home
E0001967,P001120,F02,PR0019,inpatient,emergency_admission,2025-12-10 19:45:00,2025-12-15 11:22:00,5,home_health
E0001968,P001192,F15,PR0099,outpatient,chronic_management,2025-12-11 08:15:00,2025-12-11 08:36:00,0,home
E0001969,P000076,F07,PR0069,outpatient,acute_episode,2025-12-11 11:15:00,2025-12-11 11:58:00,0,home
E0001970,P000508,F06,PR0064,outpatient,chronic_management,2025-12-11 11:45:00,2025-12-11 12:15:00,0,home
E0001971,P000661,F15,PR0099,outpatient,chronic_management,2025-12-11 11:45:00,2025-12-11 12:13:00,0,home
E0001972,P000825,F07,PR0067,outpatient,chronic_management,2025-12-11 14:45:00,2025-12-11 15:44:00,0,home
E0001973,P000901,F01,PR0015,ED,emergency,2025-12-11 18:56:00,2025-12-12 00:13:00,0,home
E0001974,P001129,F04,PR0056,outpatient,chronic_management,2025-12-12 09:30:00,2025-12-12 10:24:00,0,home
E0001975,P000643,F01,PR0018,ED,emergency,2025-12-12 10:08:00,2025-12-12 12:09:00,0,home
E0001976,P000568,F08,PR0074,outpatient,chronic_management,2025-12-12 11:00:00,2025-12-12 11:31:00,0,home
E0001977,P001242,F02,PR0036,ED,emergency,2025-12-12 11:50:00,2025-12-12 15:50:00,0,admitted
E0001978,P001152,F03,PR0050,ED,emergency,2025-12-12 12:06:00,2025-12-12 15:52:00,0,home
E0001979,P000874,F09,PR0076,outpatient,preventive,2025-12-12 13:00:00,2025-12-12 13:20:00,0,home
E0001980,P000797,F04,PR0058,outpatient,chronic_management,2025-12-12 13:45:00,2025-12-12 14:20:00,0,home
E0001981,P001242,F02,PR0019,inpatient,emergency_admission,2025-12-12 15:50:00,2025-12-13 12:02:00,1,home_health
E0001982,P000701,F12,PR0087,outpatient,preventive,2025-12-12 16:30:00,2025-12-12 17:01:00,0,home
E0001983,P000481,F02,PR0030,inpatient,direct_admission,2025-12-12 22:00:00,2025-12-13 15:57:00,1,home
E0001984,P000825,F01,PR0013,ED,emergency,2025-12-12 23:36:00,2025-12-13 03:50:00,0,home
E0001985,P000162,F01,PR0013,ED,emergency,2025-12-14 03:46:00,2025-12-14 10:46:00,0,admitted
E0001986,P000162,F01,PR0004,inpatient,emergency_admission,2025-12-14 10:46:00,2025-12-26 17:20:00,12,snf
E0001987,P000979,F01,PR0017,ED,emergency,2025-12-14 13:24:00,2025-12-14 15:24:00,0,admitted
E0001988,P001270,F02,PR0033,ED,emergency,2025-12-14 14:32:00,2025-12-14 17:34:00,0,home
E0001989,P000979,F01,PR0006,inpatient,emergency_admission,2025-12-14 15:24:00,2025-12-20 16:18:00,6,snf
E0001990,P001032,F01,PR0017,ED,emergency,2025-12-14 15:50:00,2025-12-14 23:08:00,0,home
E0001991,P000535,F15,PR0098,outpatient,chronic_management,2025-12-15 08:00:00,2025-12-15 08:38:00,0,home
E0001992,P000481,F09,PR0076,outpatient,post_discharge_followup,2025-12-15 10:15:00,2025-12-15 11:17:00,0,home
E0001993,P000715,F06,PR0065,outpatient,acute_episode,2025-12-15 11:30:00,2025-12-15 12:23:00,0,home
E0001994,P000481,F09,PR0076,outpatient,post_discharge_followup,2025-12-15 12:15:00,2025-12-15 12:40:00,0,home
E0001995,P000028,F09,PR0075,outpatient,preventive,2025-12-15 12:45:00,2025-12-15 13:59:00,0,home
E0001996,P000110,F04,PR0056,outpatient,chronic_management,2025-12-15 14:45:00,2025-12-15 15:47:00,0,home
E0001997,P000789,F02,PR0031,ED,emergency,2025-12-15 21:11:00,2025-12-15 23:58:00,0,home
E0001998,P001242,F08,PR0071,outpatient,post_discharge_followup,2025-12-16 08:30:00,2025-12-16 09:29:00,0,home
E0001999,P000883,F09,PR0076,outpatient,post_discharge_followup,2025-12-16 09:45:00,2025-12-16 10:50:00,0,home
E0002000,P001154,F07,PR0069,outpatient,chronic_management,2025-12-16 09:45:00,2025-12-16 10:30:00,0,home
E0002001,P001171,F13,PR0090,outpatient,chronic_management,2025-12-16 11:00:00,2025-12-16 11:52:00,0,home
E0002002,P001266,F03,PR0049,ED,emergency,2025-12-16 11:47:00,2025-12-16 18:47:00,0,admitted
E0002003,P000655,F10,PR0080,outpatient,chronic_management,2025-12-16 12:30:00,2025-12-16 12:50:00,0,home
E0002004,P001207,F02,PR0036,ED,emergency,2025-12-16 13:59:00,2025-12-16 20:59:00,0,admitted
E0002005,P000536,F07,PR0067,outpatient,preventive,2025-12-16 16:00:00,2025-12-16 17:01:00,0,home
E0002006,P001041,F14,PR0093,outpatient,preventive,2025-12-16 16:00:00,2025-12-16 17:09:00,0,home
E0002007,P000103,F11,PR0084,outpatient,post_discharge_followup,2025-12-16 16:45:00,2025-12-16 17:37:00,0,home
E0002008,P001266,F03,PR0042,inpatient,emergency_admission,2025-12-16 18:47:00,2025-12-18 13:19:00,2,home
E0002009,P001207,F02,PR0020,inpatient,emergency_admission,2025-12-16 20:59:00,2025-12-20 16:04:00,4,home
E0002010,P000290,F08,PR0074,outpatient,post_discharge_followup,2025-12-17 09:30:00,2025-12-17 09:54:00,0,home
E0002011,P000363,F12,PR0089,outpatient,chronic_management,2025-12-17 10:30:00,2025-12-17 11:31:00,0,home
E0002012,P000192,F07,PR0069,outpatient,chronic_management,2025-12-17 11:30:00,2025-12-17 12:41:00,0,home
E0002013,P001384,F03,PR0054,ED,emergency,2025-12-17 13:47:00,2025-12-17 16:47:00,0,admitted
E0002014,P000309,F09,PR0078,outpatient,acute_episode,2025-12-17 16:30:00,2025-12-17 17:27:00,0,home
E0002015,P000428,F03,PR0042,inpatient,elective_admission,2025-12-17 16:36:00,2025-12-23 13:51:00,6,snf
E0002016,P001384,F03,PR0037,inpatient,emergency_admission,2025-12-17 16:47:00,2025-12-20 10:35:00,3,home
E0002017,P000639,F03,PR0043,inpatient,direct_admission,2025-12-17 17:21:00,2025-12-23 14:55:00,6,home_health
E0002018,P001038,F03,PR0053,ED,emergency,2025-12-18 05:47:00,2025-12-18 10:47:00,0,admitted
E0002019,P000570,F02,PR0028,outpatient,preventive,2025-12-18 08:15:00,2025-12-18 09:04:00,0,home
E0002020,P000648,F08,PR0072,outpatient,chronic_management,2025-12-18 08:45:00,2025-12-18 09:20:00,0,home
E0002021,P000333,F06,PR0065,outpatient,preventive,2025-12-18 09:30:00,2025-12-18 10:18:00,0,home
E0002022,P001367,F07,PR0067,outpatient,preventive,2025-12-18 09:45:00,2025-12-18 10:35:00,0,home
E0002023,P001038,F03,PR0043,inpatient,emergency_admission,2025-12-18 10:47:00,2025-12-23 17:43:00,5,home
E0002024,P000921,F07,PR0070,outpatient,chronic_management,2025-12-18 11:00:00,2025-12-18 11:38:00,0,home
E0002025,P000562,F02,PR0033,ED,emergency,2025-12-18 13:01:00,2025-12-18 18:40:00,0,home
E0002026,P001148,F03,PR0053,ED,emergency,2025-12-18 14:58:00,2025-12-18 20:58:00,0,admitted
E0002027,P001009,F06,PR0065,outpatient,preventive,2025-12-18 15:15:00,2025-12-18 15:57:00,0,home
E0002028,P000311,F01,PR0014,ED,emergency,2025-12-18 15:27:00,2025-12-18 23:10:00,0,home
E0002029,P000320,F05,PR0061,outpatient,post_discharge_followup,2025-12-18 16:30:00,2025-12-18 17:19:00,0,home
E0002030,P001148,F03,PR0040,inpatient,emergency_admission,2025-12-18 20:58:00,2025-12-20 11:28:00,2,rehab
E0002031,P000416,F07,PR0067,outpatient,chronic_management,2025-12-19 08:30:00,2025-12-19 09:35:00,0,home
E0002032,P000911,F07,PR0067,outpatient,preventive,2025-12-19 08:30:00,2025-12-19 08:59:00,0,home
E0002033,P000557,F11,PR0084,outpatient,post_discharge_followup,2025-12-19 09:45:00,2025-12-19 10:26:00,0,home
E0002034,P001227,F03,PR0051,ED,emergency,2025-12-19 09:56:00,2025-12-19 11:56:00,0,admitted
E0002035,P001028,F05,PR0061,outpatient,preventive,2025-12-19 10:45:00,2025-12-19 11:14:00,0,home
E0002036,P000466,F05,PR0061,outpatient,post_discharge_followup,2025-12-19 11:00:00,2025-12-19 11:23:00,0,home
E0002037,P001227,F03,PR0042,inpatient,emergency_admission,2025-12-19 11:56:00,2025-12-20 15:12:00,1,home_health
E0002038,P000964,F01,PR0003,outpatient,chronic_management,2025-12-19 12:45:00,2025-12-19 13:05:00,0,home
E0002039,P001122,F11,PR0083,outpatient,chronic_management,2025-12-19 13:15:00,2025-12-19 14:06:00,0,home
E0002040,P000607,F15,PR0099,outpatient,preventive,2025-12-19 13:45:00,2025-12-19 14:59:00,0,home
E0002041,P000590,F05,PR0061,outpatient,preventive,2025-12-19 16:45:00,2025-12-19 17:06:00,0,home
E0002042,P001295,F03,PR0053,ED,emergency,2025-12-19 17:07:00,2025-12-19 21:07:00,0,admitted
E0002043,P000122,F01,PR0014,ED,emergency,2025-12-19 17:11:00,2025-12-19 19:11:00,0,admitted
E0002044,P000122,F01,PR0004,inpatient,emergency_admission,2025-12-19 19:11:00,2025-12-27 12:16:00,8,expired
E0002045,P001295,F03,PR0040,inpatient,emergency_admission,2025-12-19 21:07:00,2025-12-21 14:23:00,2,home_health
E0002046,P000359,F01,PR0015,ED,emergency,2025-12-20 15:38:00,2025-12-20 21:38:00,0,admitted
E0002047,P000112,F03,PR0043,inpatient,elective_admission,2025-12-20 17:22:00,2025-12-26 14:33:00,6,home
E0002048,P000359,F01,PR0005,inpatient,emergency_admission,2025-12-20 21:38:00,2025-12-22 10:59:00,2,home
E0002049,P000443,F03,PR0043,inpatient,direct_admission,2025-12-21 01:19:00,2025-12-25 15:24:00,4,home_health
E0002050,P000655,F03,PR0054,ED,emergency,2025-12-21 15:47:00,2025-12-21 20:45:00,0,home
E0002051,P000848,F03,PR0052,ED,emergency,2025-12-22 00:15:00,2025-12-22 06:28:00,0,home
E0002052,P000020,F06,PR0066,outpatient,preventive,2025-12-22 09:15:00,2025-12-22 10:29:00,0,home
E0002053,P001172,F01,PR0006,outpatient,chronic_management,2025-12-22 12:45:00,2025-12-22 13:23:00,0,home
E0002054,P001065,F03,PR0045,inpatient,direct_admission,2025-12-22 14:09:00,2025-12-25 17:48:00,3,snf
E0002055,P001295,F08,PR0072,outpatient,post_discharge_followup,2025-12-22 15:00:00,2025-12-22 16:07:00,0,home
E0002056,P000230,F11,PR0083,outpatient,post_discharge_followup,2025-12-22 16:15:00,2025-12-22 16:35:00,0,home
E0002057,P000234,F05,PR0060,outpatient,acute_episode,2025-12-23 12:45:00,2025-12-23 13:35:00,0,home
E0002058,P000787,F01,PR0013,ED,emergency,2025-12-23 13:13:00,2025-12-23 17:33:00,0,home
E0002059,P001304,F11,PR0086,outpatient,chronic_management,2025-12-23 15:00:00,2025-12-23 16:05:00,0,home
E0002060,P000712,F01,PR0007,inpatient,elective_admission,2025-12-23 16:11:00,2025-12-27 17:45:00,4,expired
E0002061,P000357,F01,PR0009,outpatient,chronic_management,2025-12-23 16:45:00,2025-12-23 17:09:00,0,home
E0002062,P001273,F02,PR0030,outpatient,chronic_management,2025-12-23 16:45:00,2025-12-23 17:21:00,0,home
E0002063,P001132,F15,PR0099,outpatient,preventive,2025-12-24 08:15:00,2025-12-24 09:11:00,0,home
E0002064,P001227,F11,PR0086,outpatient,post_discharge_followup,2025-12-24 08:30:00,2025-12-24 09:13:00,0,home
E0002065,P001287,F09,PR0078,outpatient,chronic_management,2025-12-24 09:15:00,2025-12-24 09:51:00,0,home
E0002066,P000852,F11,PR0086,outpatient,chronic_management,2025-12-24 09:45:00,2025-12-24 10:26:00,0,home
E0002067,P000998,F07,PR0067,outpatient,post_discharge_followup,2025-12-24 09:45:00,2025-12-24 10:37:00,0,home
E0002068,P000147,F01,PR0012,outpatient,preventive,2025-12-24 12:30:00,2025-12-24 13:11:00,0,home
E0002069,P000939,F03,PR0041,outpatient,preventive,2025-12-24 15:00:00,2025-12-24 15:48:00,0,home
E0002070,P001071,F05,PR0059,outpatient,chronic_management,2025-12-24 15:00:00,2025-12-24 15:29:00,0,home
E0002071,P000584,F07,PR0069,outpatient,chronic_management,2025-12-24 15:30:00,2025-12-24 16:39:00,0,home
E0002072,P000434,F10,PR0082,outpatient,post_discharge_followup,2025-12-24 16:45:00,2025-12-24 17:52:00,0,home
E0002073,P001268,F01,PR0017,ED,emergency,2025-12-25 01:13:00,2025-12-25 04:13:00,0,admitted
E0002074,P001252,F03,PR0041,inpatient,direct_admission,2025-12-25 02:58:00,2025-12-28 16:32:00,3,expired
E0002075,P001268,F01,PR0003,inpatient,emergency_admission,2025-12-25 04:13:00,2025-12-29 17:01:00,4,snf
E0002076,P000193,F02,PR0031,ED,emergency,2025-12-25 08:04:00,2025-12-25 15:04:00,0,admitted
E0002077,P000782,F02,PR0033,ED,emergency,2025-12-25 08:42:00,2025-12-25 14:42:00,0,admitted
E0002078,P000127,F06,PR0063,outpatient,acute_episode,2025-12-25 09:00:00,2025-12-25 09:33:00,0,home
E0002079,P000359,F06,PR0066,outpatient,post_discharge_followup,2025-12-25 10:30:00,2025-12-25 10:54:00,0,home
E0002080,P001133,F13,PR0092,outpatient,acute_episode,2025-12-25 10:45:00,2025-12-25 11:16:00,0,home
E0002081,P000467,F07,PR0069,outpatient,chronic_management,2025-12-25 12:45:00,2025-12-25 13:13:00,0,home
E0002082,P000782,F02,PR0025,inpatient,emergency_admission,2025-12-25 14:42:00,2025-12-28 14:44:00,3,home_health
E0002083,P000481,F02,PR0034,ED,emergency,2025-12-25 14:45:00,2025-12-25 21:26:00,0,home
E0002084,P000193,F02,PR0019,inpatient,emergency_admission,2025-12-25 15:04:00,2025-12-27 11:47:00,2,home_health
E0002085,P000629,F01,PR0004,inpatient,elective_admission,2025-12-26 10:09:00,2026-01-03 17:02:00,8,home
E0002086,P001284,F04,PR0055,outpatient,preventive,2025-12-26 11:15:00,2025-12-26 12:05:00,0,home
E0002087,P000624,F03,PR0037,inpatient,direct_admission,2025-12-26 12:33:00,2025-12-27 10:09:00,1,home
E0002088,P000391,F01,PR0005,outpatient,preventive,2025-12-26 14:30:00,2025-12-26 15:10:00,0,home
E0002089,P000825,F07,PR0068,outpatient,preventive,2025-12-26 15:15:00,2025-12-26 16:01:00,0,home
E0002090,P000576,F02,PR0031,ED,emergency,2025-12-26 17:20:00,2025-12-27 00:11:00,0,home
E0002091,P000905,F01,PR0016,ED,emergency,2025-12-27 15:21:00,2025-12-27 20:21:00,0,admitted
E0002092,P000905,F01,PR0003,inpatient,emergency_admission,2025-12-27 20:21:00,2026-01-03 12:28:00,7,home
E0002093,P000747,F02,PR0034,ED,emergency,2025-12-28 00:15:00,2025-12-28 03:15:00,0,admitted
E0002094,P000747,F02,PR0021,inpatient,emergency_admission,2025-12-28 03:15:00,2025-12-30 15:35:00,2,home_health
E0002095,P000901,F03,PR0045,outpatient,preventive,2025-12-29 08:30:00,2025-12-29 09:03:00,0,home
E0002096,P000830,F02,PR0036,ED,emergency,2025-12-29 09:05:00,2025-12-29 13:33:00,0,home
E0002097,P000193,F10,PR0080,outpatient,post_discharge_followup,2025-12-29 10:15:00,2025-12-29 11:29:00,0,home
E0002098,P001171,F06,PR0065,outpatient,acute_episode,2025-12-29 11:30:00,2025-12-29 12:14:00,0,home
E0002099,P000701,F04,PR0056,outpatient,chronic_management,2025-12-29 12:30:00,2025-12-29 12:53:00,0,home
E0002100,P000223,F03,PR0043,inpatient,direct_admission,2025-12-29 13:03:00,2026-01-05 16:59:00,7,home
E0002101,P000782,F10,PR0080,outpatient,post_discharge_followup,2025-12-29 13:15:00,2025-12-29 14:10:00,0,home
E0002102,P000503,F05,PR0062,outpatient,chronic_management,2025-12-29 14:30:00,2025-12-29 14:55:00,0,home
E0002103,P001266,F15,PR0098,outpatient,post_discharge_followup,2025-12-29 14:30:00,2025-12-29 15:38:00,0,home
E0002104,P000631,F02,PR0035,ED,emergency,2025-12-29 20:30:00,2025-12-29 23:56:00,0,home
E0002105,P000606,F07,PR0069,outpatient,acute_episode,2025-12-30 08:15:00,2025-12-30 08:57:00,0,home
E0002106,P000183,F05,PR0059,outpatient,chronic_management,2025-12-30 09:30:00,2025-12-30 10:07:00,0,home
E0002107,P000481,F09,PR0078,outpatient,preventive,2025-12-30 09:30:00,2025-12-30 10:17:00,0,home
E0002108,P000972,F09,PR0078,outpatient,preventive,2025-12-30 12:00:00,2025-12-30 12:57:00,0,home
E0002109,P001157,F05,PR0062,outpatient,chronic_management,2025-12-30 12:45:00,2025-12-30 13:58:00,0,home
E0002110,P000116,F12,PR0087,outpatient,chronic_management,2025-12-30 14:30:00,2025-12-30 15:26:00,0,home
E0002111,P001149,F07,PR0067,outpatient,acute_episode,2025-12-30 15:15:00,2025-12-30 15:59:00,0,home
E0002112,P000291,F10,PR0082,outpatient,acute_episode,2025-12-31 11:00:00,2025-12-31 11:40:00,0,home
E0002113,P001207,F08,PR0074,outpatient,post_discharge_followup,2025-12-31 11:15:00,2025-12-31 12:16:00,0,home
E0002114,P000443,F06,PR0063,outpatient,post_discharge_followup,2025-12-31 11:30:00,2025-12-31 12:02:00,0,home
E0002115,P001254,F10,PR0080,outpatient,chronic_management,2025-12-31 12:45:00,2025-12-31 13:57:00,0,home
E0002116,P000508,F06,PR0064,outpatient,chronic_management,2025-12-31 16:15:00,2025-12-31 16:59:00,0,home
E0002117,P001011,F01,PR0017,ED,emergency,2026-01-01 07:55:00,2026-01-01 11:55:00,0,admitted
E0002118,P000162,F06,PR0065,outpatient,preventive,2026-01-01 09:00:00,2026-01-01 09:39:00,0,home
E0002119,P000998,F09,PR0076,outpatient,chronic_management,2026-01-01 09:00:00,2026-01-01 09:35:00,0,home
E0002120,P001074,F09,PR0077,outpatient,chronic_management,2026-01-01 09:00:00,2026-01-01 09:42:00,0,home
E0002121,P001210,F15,PR0098,outpatient,chronic_management,2026-01-01 09:00:00,2026-01-01 09:38:00,0,home
E0002122,P000747,F04,PR0058,outpatient,post_discharge_followup,2026-01-01 09:30:00,2026-01-01 10:16:00,0,home
E0002123,P000599,F01,PR0014,ED,emergency,2026-01-01 10:16:00,2026-01-01 17:16:00,0,admitted
E0002124,P001006,F09,PR0077,outpatient,chronic_management,2026-01-01 10:45:00,2026-01-01 11:16:00,0,home
E0002125,P000479,F04,PR0056,outpatient,acute_episode,2026-01-01 11:15:00,2026-01-01 11:57:00,0,home
E0002126,P001011,F01,PR0012,inpatient,emergency_admission,2026-01-01 11:55:00,2026-01-05 13:10:00,4,home
E0002127,P000884,F05,PR0059,outpatient,preventive,2026-01-01 14:00:00,2026-01-01 15:13:00,0,home
E0002128,P001196,F10,PR0079,outpatient,preventive,2026-01-01 14:15:00,2026-01-01 15:17:00,0,home
E0002129,P000101,F03,PR0054,ED,emergency,2026-01-01 14:43:00,2026-01-01 21:14:00,0,home
E0002130,P001067,F08,PR0073,outpatient,chronic_management,2026-01-01 15:00:00,2026-01-01 16:03:00,0,home
E0002131,P001125,F01,PR0015,ED,emergency,2026-01-01 17:04:00,2026-01-02 00:38:00,0,home
E0002132,P000599,F01,PR0004,inpatient,emergency_admission,2026-01-01 17:16:00,2026-01-05 13:07:00,4,home
E0002133,P000012,F02,PR0034,ED,emergency,2026-01-02 00:01:00,2026-01-02 02:01:00,0,admitted
E0002134,P000012,F02,PR0022,inpatient,emergency_admission,2026-01-02 02:01:00,2026-01-06 10:31:00,4,home_health
E0002135,P000253,F13,PR0092,outpatient,preventive,2026-01-02 08:30:00,2026-01-02 09:23:00,0,home
E0002136,P000171,F07,PR0070,outpatient,chronic_management,2026-01-02 09:45:00,2026-01-02 10:54:00,0,home
E0002137,P000074,F04,PR0058,outpatient,acute_episode,2026-01-02 10:00:00,2026-01-02 11:09:00,0,home
E0002138,P000624,F06,PR0064,outpatient,post_discharge_followup,2026-01-02 11:00:00,2026-01-02 11:22:00,0,home
E0002139,P001120,F04,PR0057,outpatient,post_discharge_followup,2026-01-02 12:00:00,2026-01-02 12:57:00,0,home
E0002140,P000196,F05,PR0060,outpatient,preventive,2026-01-02 13:15:00,2026-01-02 14:15:00,0,home
E0002141,P000260,F01,PR0015,ED,emergency,2026-01-02 20:58:00,2026-01-03 05:17:00,0,transfer
E0002142,P001391,F02,PR0031,ED,emergency,2026-01-03 09:21:00,2026-01-03 13:21:00,0,admitted
E0002143,P000286,F03,PR0052,ED,emergency,2026-01-03 10:21:00,2026-01-03 12:17:00,0,home
E0002144,P001391,F02,PR0021,inpatient,emergency_admission,2026-01-03 13:21:00,2026-01-06 17:03:00,3,home_health
E0002145,P001243,F01,PR0003,inpatient,direct_admission,2026-01-03 14:30:00,2026-01-07 14:28:00,4,home
E0002146,P001220,F02,PR0024,inpatient,direct_admission,2026-01-03 14:35:00,2026-01-04 17:40:00,1,home_health
E0002147,P000692,F02,PR0031,ED,emergency,2026-01-04 12:31:00,2026-01-04 20:25:00,0,home
E0002148,P001344,F02,PR0035,ED,emergency,2026-01-04 15:28:00,2026-01-04 21:23:00,0,home
E0002149,P000466,F01,PR0006,inpatient,direct_admission,2026-01-04 15:32:00,2026-01-08 16:46:00,4,home
E0002150,P001329,F01,PR0014,ED,emergency,2026-01-04 19:03:00,2026-01-04 20:50:00,0,home
E0002151,P000655,F03,PR0041,inpatient,direct_admission,2026-01-04 19:08:00,2026-01-06 16:03:00,2,home
E0002152,P000216,F02,PR0019,inpatient,elective_admission,2026-01-05 07:36:00,2026-01-09 10:40:00,4,home
E0002153,P001254,F02,PR0035,ED,emergency,2026-01-05 09:43:00,2026-01-05 11:43:00,0,admitted
E0002154,P000375,F01,PR0005,inpatient,elective_admission,2026-01-05 11:06:00,2026-01-08 12:47:00,3,rehab
E0002155,P001254,F02,PR0026,inpatient,emergency_admission,2026-01-05 11:43:00,2026-01-07 15:17:00,2,home_health
E0002156,P000710,F06,PR0066,outpatient,preventive,2026-01-05 11:45:00,2026-01-05 12:09:00,0,home
E0002157,P000157,F04,PR0055,outpatient,chronic_management,2026-01-05 15:00:00,2026-01-05 15:32:00,0,home
E0002158,P000667,F06,PR0066,outpatient,preventive,2026-01-05 15:15:00,2026-01-05 15:57:00,0,home
E0002159,P000324,F04,PR0058,outpatient,preventive,2026-01-05 16:30:00,2026-01-05 17:37:00,0,home
E0002160,P001179,F09,PR0077,outpatient,chronic_management,2026-01-05 16:30:00,2026-01-05 17:02:00,0,home
E0002161,P000421,F15,PR0099,outpatient,chronic_management,2026-01-06 08:15:00,2026-01-06 08:55:00,0,home
E0002162,P000629,F08,PR0074,outpatient,post_discharge_followup,2026-01-06 09:30:00,2026-01-06 10:17:00,0,home
E0002163,P000097,F06,PR0064,outpatient,chronic_management,2026-01-06 10:15:00,2026-01-06 10:41:00,0,home
E0002164,P000908,F01,PR0003,inpatient,direct_admission,2026-01-06 10:45:00,2026-01-09 10:10:00,3,home
E0002165,P000813,F02,PR0033,ED,emergency,2026-01-06 10:57:00,2026-01-06 18:59:00,0,home
E0002166,P000725,F14,PR0096,outpatient,chronic_management,2026-01-06 12:00:00,2026-01-06 12:20:00,0,home
E0002167,P000235,F05,PR0060,outpatient,chronic_management,2026-01-06 12:15:00,2026-01-06 12:41:00,0,home
E0002168,P001220,F09,PR0078,outpatient,post_discharge_followup,2026-01-06 16:00:00,2026-01-06 16:53:00,0,home
E0002169,P000056,F02,PR0031,ED,emergency,2026-01-07 08:36:00,2026-01-07 10:55:00,0,home
E0002170,P001011,F15,PR0099,outpatient,post_discharge_followup,2026-01-07 11:30:00,2026-01-07 12:02:00,0,home
E0002171,P000480,F10,PR0080,outpatient,acute_episode,2026-01-07 12:45:00,2026-01-07 13:17:00,0,home
E0002172,P000872,F09,PR0076,outpatient,acute_episode,2026-01-07 12:45:00,2026-01-07 13:21:00,0,home
E0002173,P000825,F01,PR0007,inpatient,elective_admission,2026-01-07 12:47:00,2026-01-13 11:56:00,6,home
E0002174,P000655,F10,PR0082,outpatient,post_discharge_followup,2026-01-07 13:00:00,2026-01-07 14:14:00,0,home
E0002175,P000099,F06,PR0065,outpatient,preventive,2026-01-07 14:00:00,2026-01-07 14:48:00,0,home
E0002176,P000248,F02,PR0033,ED,emergency,2026-01-07 15:05:00,2026-01-07 16:48:00,0,home
E0002177,P000763,F07,PR0069,outpatient,preventive,2026-01-07 15:30:00,2026-01-07 16:29:00,0,home
E0002178,P001210,F15,PR0099,outpatient,chronic_management,2026-01-07 15:30:00,2026-01-07 16:31:00,0,home
E0002179,P001392,F01,PR0018,ED,emergency,2026-01-07 17:09:00,2026-01-07 23:06:00,0,home
E0002180,P000624,F03,PR0051,ED,emergency,2026-01-07 17:20:00,2026-01-07 22:20:00,0,admitted
E0002181,P000624,F03,PR0041,inpatient,emergency_admission,2026-01-07 22:20:00,2026-01-11 13:27:00,4,home
E0002182,P000130,F08,PR0074,outpatient,acute_episode,2026-01-08 09:15:00,2026-01-08 09:57:00,0,home
E0002183,P000223,F10,PR0080,outpatient,post_discharge_followup,2026-01-08 11:00:00,2026-01-08 11:22:00,0,home
E0002184,P001391,F10,PR0082,outpatient,post_discharge_followup,2026-01-08 11:15:00,2026-01-08 11:37:00,0,home
E0002185,P000112,F15,PR0097,outpatient,post_discharge_followup,2026-01-08 12:30:00,2026-01-08 13:26:00,0,home
E0002186,P000677,F08,PR0073,outpatient,acute_episode,2026-01-08 14:00:00,2026-01-08 14:46:00,0,home
E0002187,P000905,F11,PR0085,outpatient,acute_episode,2026-01-08 15:15:00,2026-01-08 16:08:00,0,home
E0002188,P001391,F01,PR0017,ED,emergency,2026-01-08 18:44:00,2026-01-09 00:28:00,0,home
E0002189,P001234,F01,PR0001,inpatient,elective_admission,2026-01-08 19:36:00,2026-01-13 13:57:00,5,home
E0002190,P000107,F07,PR0067,outpatient,acute_episode,2026-01-09 08:15:00,2026-01-09 08:44:00,0,home
E0002191,P001091,F08,PR0074,outpatient,chronic_management,2026-01-09 13:00:00,2026-01-09 13:47:00,0,home
E0002192,P000702,F03,PR0041,inpatient,elective_admission,2026-01-10 14:26:00,2026-01-17 15:11:00,7,rehab
E0002193,P001241,F03,PR0051,ED,emergency,2026-01-10 18:30:00,2026-01-10 23:30:00,0,admitted
E0002194,P001241,F03,PR0043,inpatient,emergency_admission,2026-01-10 23:30:00,2026-01-14 12:20:00,4,home
E0002195,P000038,F02,PR0036,ED,emergency,2026-01-11 09:51:00,2026-01-11 15:19:00,0,home
E0002196,P000280,F02,PR0033,ED,emergency,2026-01-11 11:01:00,2026-01-11 14:01:00,0,admitted
E0002197,P000280,F02,PR0025,inpatient,emergency_admission,2026-01-11 14:01:00,2026-01-17 15:56:00,6,home
E0002198,P000707,F03,PR0041,inpatient,direct_admission,2026-01-11 15:05:00,2026-01-13 16:04:00,2,home
E0002199,P001254,F02,PR0036,ED,emergency,2026-01-12 03:21:00,2026-01-12 09:21:00,0,admitted
E0002200,P000366,F03,PR0039,inpatient,direct_admission,2026-01-12 04:52:00,2026-01-14 15:18:00,2,home
E0002201,P000230,F15,PR0098,outpatient,chronic_management,2026-01-12 08:45:00,2026-01-12 09:10:00,0,home
E0002202,P001254,F02,PR0020,inpatient,emergency_admission,2026-01-12 09:21:00,2026-01-21 14:33:00,9,home
E0002203,P000466,F05,PR0062,outpatient,post_discharge_followup,2026-01-12 11:00:00,2026-01-12 11:27:00,0,home
E0002204,P001213,F01,PR0016,ED,emergency,2026-01-12 11:29:00,2026-01-12 17:59:00,0,home
E0002205,P000520,F02,PR0023,inpatient,direct_admission,2026-01-12 12:37:00,2026-01-14 16:53:00,2,home
E0002206,P000966,F05,PR0061,outpatient,chronic_management,2026-01-12 12:45:00,2026-01-12 13:10:00,0,home
E0002207,P000857,F05,PR0060,outpatient,chronic_management,2026-01-12 14:15:00,2026-01-12 14:40:00,0,home
E0002208,P000152,F02,PR0034,ED,emergency,2026-01-12 23:19:00,2026-01-13 06:02:00,0,home
E0002209,P000260,F01,PR0006,inpatient,elective_admission,2026-01-13 10:07:00,2026-01-15 16:33:00,2,home
E0002210,P001066,F09,PR0076,outpatient,chronic_management,2026-01-13 11:45:00,2026-01-13 12:13:00,0,home
E0002211,P001245,F07,PR0067,outpatient,preventive,2026-01-13 15:30:00,2026-01-13 16:37:00,0,home
E0002212,P000491,F01,PR0013,ED,emergency,2026-01-13 16:10:00,2026-01-13 18:11:00,0,home
E0002213,P001266,F12,PR0087,outpatient,acute_episode,2026-01-13 16:15:00,2026-01-13 17:29:00,0,home
E0002214,P000550,F02,PR0033,ED,emergency,2026-01-13 22:31:00,2026-01-14 06:29:00,0,home
E0002215,P001078,F07,PR0067,outpatient,acute_episode,2026-01-14 08:00:00,2026-01-14 09:13:00,0,home
E0002216,P001160,F05,PR0060,outpatient,preventive,2026-01-14 09:45:00,2026-01-14 10:39:00,0,home
E0002217,P001162,F07,PR0068,outpatient,preventive,2026-01-14 12:15:00,2026-01-14 13:27:00,0,home
E0002218,P001162,F07,PR0068,outpatient,preventive,2026-01-14 13:30:00,2026-01-14 14:32:00,0,home
E0002219,P001239,F05,PR0060,outpatient,preventive,2026-01-14 14:15:00,2026-01-14 14:59:00,0,home
E0002220,P000030,F11,PR0084,outpatient,acute_episode,2026-01-14 15:30:00,2026-01-14 16:31:00,0,home
E0002221,P001225,F03,PR0050,ED,emergency,2026-01-14 16:15:00,2026-01-14 20:15:00,0,admitted
E0002222,P001005,F08,PR0071,outpatient,preventive,2026-01-14 16:30:00,2026-01-14 17:25:00,0,home
E0002223,P001225,F03,PR0040,inpatient,emergency_admission,2026-01-14 20:15:00,2026-01-20 13:03:00,6,home
E0002224,P000428,F03,PR0054,ED,emergency,2026-01-15 00:27:00,2026-01-15 05:12:00,0,home
E0002225,P000432,F01,PR0016,ED,emergency,2026-01-15 09:08:00,2026-01-15 11:08:00,0,admitted
E0002226,P000116,F05,PR0059,outpatient,acute_episode,2026-01-15 10:00:00,2026-01-15 10:54:00,0,home
E0002227,P000422,F08,PR0071,outpatient,preventive,2026-01-15 10:30:00,2026-01-15 10:56:00,0,home
E0002228,P001046,F15,PR0097,outpatient,chronic_management,2026-01-15 10:45:00,2026-01-15 11:45:00,0,home
E0002229,P000432,F01,PR0004,inpatient,emergency_admission,2026-01-15 11:08:00,2026-01-20 14:26:00,5,home
E0002230,P001063,F09,PR0075,outpatient,chronic_management,2026-01-15 11:45:00,2026-01-15 12:58:00,0,home
E0002231,P000289,F08,PR0071,outpatient,preventive,2026-01-15 12:00:00,2026-01-15 12:32:00,0,home
E0002232,P000116,F05,PR0060,outpatient,chronic_management,2026-01-15 12:15:00,2026-01-15 12:50:00,0,home
E0002233,P000477,F06,PR0064,outpatient,chronic_management,2026-01-15 12:30:00,2026-01-15 13:30:00,0,home
E0002234,P000557,F10,PR0079,outpatient,acute_episode,2026-01-15 12:30:00,2026-01-15 13:19:00,0,home
E0002235,P000908,F08,PR0073,outpatient,post_discharge_followup,2026-01-15 12:45:00,2026-01-15 13:23:00,0,home
E0002236,P000174,F06,PR0066,outpatient,preventive,2026-01-15 13:45:00,2026-01-15 14:54:00,0,home
E0002237,P000778,F05,PR0060,outpatient,chronic_management,2026-01-15 14:00:00,2026-01-15 15:10:00,0,home
E0002238,P000184,F04,PR0055,outpatient,chronic_management,2026-01-15 14:30:00,2026-01-15 15:12:00,0,home
E0002239,P000179,F06,PR0063,outpatient,acute_episode,2026-01-15 15:00:00,2026-01-15 15:53:00,0,home
E0002240,P001239,F05,PR0059,outpatient,chronic_management,2026-01-15 15:00:00,2026-01-15 15:59:00,0,home
E0002241,P001232,F03,PR0054,ED,emergency,2026-01-15 17:50:00,2026-01-15 20:50:00,0,admitted
E0002242,P001232,F03,PR0041,inpatient,emergency_admission,2026-01-15 20:50:00,2026-01-19 15:07:00,4,home_health
E0002243,P000324,F02,PR0031,ED,emergency,2026-01-15 23:41:00,2026-01-16 07:36:00,0,home
E0002244,P001165,F03,PR0054,ED,emergency,2026-01-16 04:38:00,2026-01-16 10:26:00,0,home
E0002245,P000434,F03,PR0052,ED,emergency,2026-01-16 09:41:00,2026-01-16 14:41:00,0,admitted
E0002246,P001227,F11,PR0083,outpatient,chronic_management,2026-01-16 10:15:00,2026-01-16 11:04:00,0,home
E0002247,P000044,F01,PR0015,ED,emergency,2026-01-16 12:26:00,2026-01-16 17:26:00,0,admitted
E0002248,P001269,F01,PR0016,ED,emergency,2026-01-16 13:37:00,2026-01-16 16:37:00,0,admitted
E0002249,P000260,F09,PR0076,outpatient,post_discharge_followup,2026-01-16 14:00:00,2026-01-16 14:26:00,0,home
E0002250,P000434,F03,PR0040,inpatient,emergency_admission,2026-01-16 14:41:00,2026-01-19 17:27:00,3,home
E0002251,P001175,F01,PR0016,ED,emergency,2026-01-16 15:58:00,2026-01-16 17:58:00,0,admitted
E0002252,P000905,F05,PR0060,outpatient,post_discharge_followup,2026-01-16 16:30:00,2026-01-16 17:39:00,0,home
E0002253,P001269,F01,PR0005,inpatient,emergency_admission,2026-01-16 16:37:00,2026-01-20 14:28:00,4,home
E0002254,P000044,F01,PR0003,inpatient,emergency_admission,2026-01-16 17:26:00,2026-01-19 13:19:00,3,home
E0002255,P001175,F01,PR0002,inpatient,emergency_admission,2026-01-16 17:58:00,2026-01-19 10:35:00,3,hospice
E0002256,P000541,F02,PR0034,ED,emergency,2026-01-16 18:14:00,2026-01-17 02:27:00,0,home
E0002257,P001009,F03,PR0054,ED,emergency,2026-01-16 22:23:00,2026-01-17 00:23:00,0,admitted
E0002258,P001009,F03,PR0041,inpatient,emergency_admission,2026-01-17 00:23:00,2026-01-18 12:19:00,1,home
E0002259,P000240,F02,PR0025,inpatient,direct_admission,2026-01-17 01:12:00,2026-01-20 15:17:00,3,snf
E0002260,P000751,F01,PR0015,ED,emergency,2026-01-17 12:46:00,2026-01-17 20:22:00,0,home
E0002261,P000484,F03,PR0038,inpatient,elective_admission,2026-01-17 16:15:00,2026-01-26 10:33:00,9,snf
E0002262,P000363,F01,PR0013,ED,emergency,2026-01-18 08:17:00,2026-01-18 13:17:00,0,admitted
E0002263,P000363,F01,PR0004,inpatient,emergency_admission,2026-01-18 13:17:00,2026-01-23 16:57:00,5,home
E0002264,P000599,F01,PR0017,ED,emergency,2026-01-19 06:43:00,2026-01-19 15:07:00,0,home
E0002265,P000903,F07,PR0067,outpatient,preventive,2026-01-19 10:00:00,2026-01-19 10:28:00,0,home
E0002266,P000016,F06,PR0066,outpatient,acute_episode,2026-01-19 11:15:00,2026-01-19 11:51:00,0,home
E0002267,P001190,F04,PR0058,outpatient,acute_episode,2026-01-19 13:00:00,2026-01-19 13:34:00,0,home
E0002268,P000280,F06,PR0065,outpatient,post_discharge_followup,2026-01-19 13:30:00,2026-01-19 13:51:00,0,home
E0002269,P000953,F06,PR0064,outpatient,chronic_management,2026-01-19 14:45:00,2026-01-19 15:48:00,0,home
E0002270,P000575,F09,PR0078,outpatient,preventive,2026-01-19 16:15:00,2026-01-19 17:05:00,0,home
E0002271,P001122,F03,PR0049,ED,emergency,2026-01-19 18:00:00,2026-01-19 20:00:00,0,admitted
E0002272,P001122,F03,PR0039,inpatient,emergency_admission,2026-01-19 20:00:00,2026-01-27 14:05:00,8,home
E0002273,P000779,F02,PR0035,ED,emergency,2026-01-19 22:42:00,2026-01-20 02:42:00,0,admitted
E0002274,P000767,F02,PR0032,ED,emergency,2026-01-20 02:18:00,2026-01-20 04:10:00,0,home
E0002275,P000779,F02,PR0023,inpatient,emergency_admission,2026-01-20 02:42:00,2026-01-25 16:23:00,5,ama
E0002276,P001319,F01,PR0017,ED,emergency,2026-01-20 10:38:00,2026-01-20 14:22:00,0,home
E0002277,P000762,F13,PR0092,outpatient,chronic_management,2026-01-20 12:00:00,2026-01-20 12:41:00,0,home
E0002278,P000972,F03,PR0042,inpatient,elective_admission,2026-01-20 14:08:00,2026-01-25 16:36:00,5,snf
E0002279,P001239,F05,PR0061,outpatient,chronic_management,2026-01-20 16:00:00,2026-01-20 16:57:00,0,home
E0002280,P000204,F01,PR0005,outpatient,preventive,2026-01-20 16:45:00,2026-01-20 17:54:00,0,home
E0002281,P001243,F01,PR0006,inpatient,direct_admission,2026-01-21 07:45:00,2026-01-27 16:04:00,6,expired
E0002282,P000306,F06,PR0066,outpatient,chronic_management,2026-01-21 08:45:00,2026-01-21 09:47:00,0,home
E0002283,P000292,F05,PR0060,outpatient,preventive,2026-01-21 11:00:00,2026-01-21 12:06:00,0,home
E0002284,P000286,F14,PR0093,outpatient,chronic_management,2026-01-21 12:30:00,2026-01-21 13:16:00,0,home
E0002285,P000482,F07,PR0070,outpatient,preventive,2026-01-21 12:30:00,2026-01-21 13:09:00,0,home
E0002286,P000635,F01,PR0011,outpatient,preventive,2026-01-21 13:15:00,2026-01-21 14:09:00,0,home
E0002287,P001382,F02,PR0020,inpatient,direct_admission,2026-01-21 14:50:00,2026-01-26 14:53:00,5,home
E0002288,P000292,F04,PR0056,outpatient,chronic_management,2026-01-21 16:30:00,2026-01-21 17:16:00,0,home
E0002289,P001226,F01,PR0016,ED,emergency,2026-01-21 18:55:00,2026-01-21 22:52:00,0,home
E0002290,P001182,F03,PR0049,ED,emergency,2026-01-21 19:39:00,2026-01-22 03:21:00,0,home
E0002291,P000061,F01,PR0016,ED,emergency,2026-01-21 20:12:00,2026-01-21 22:58:00,0,home
E0002292,P000923,F02,PR0022,inpatient,direct_admission,2026-01-21 20:57:00,2026-01-22 12:50:00,1,home
E0002293,P000624,F06,PR0065,outpatient,post_discharge_followup,2026-01-22 08:15:00,2026-01-22 08:53:00,0,home
E0002294,P000183,F04,PR0058,outpatient,preventive,2026-01-22 09:00:00,2026-01-22 09:54:00,0,home
E0002295,P001254,F10,PR0082,outpatient,post_discharge_followup,2026-01-22 09:15:00,2026-01-22 10:28:00,0,home
E0002296,P000210,F11,PR0083,outpatient,acute_episode,2026-01-22 10:00:00,2026-01-22 11:11:00,0,home
E0002297,P000069,F06,PR0064,outpatient,chronic_management,2026-01-22 10:45:00,2026-01-22 11:47:00,0,home
E0002298,P001232,F15,PR0099,outpatient,post_discharge_followup,2026-01-22 11:30:00,2026-01-22 12:25:00,0,home
E0002299,P000043,F01,PR0008,outpatient,chronic_management,2026-01-22 12:30:00,2026-01-22 13:11:00,0,home
E0002300,P000366,F03,PR0052,ED,emergency,2026-01-22 12:37:00,2026-01-22 19:37:00,0,admitted
E0002301,P000218,F01,PR0015,ED,emergency,2026-01-22 13:08:00,2026-01-22 16:08:00,0,admitted
E0002302,P001397,F09,PR0076,outpatient,chronic_management,2026-01-22 14:00:00,2026-01-22 14:27:00,0,home
E0002303,P000218,F01,PR0003,inpatient,emergency_admission,2026-01-22 16:08:00,2026-01-27 14:47:00,5,home
E0002304,P000366,F03,PR0039,inpatient,emergency_admission,2026-01-22 19:37:00,2026-01-25 13:49:00,3,home
E0002305,P000932,F03,PR0053,ED,emergency,2026-01-23 00:42:00,2026-01-23 07:42:00,0,admitted
E0002306,P000611,F02,PR0035,ED,emergency,2026-01-23 06:36:00,2026-01-23 11:36:00,0,admitted
E0002307,P000932,F03,PR0038,inpatient,emergency_admission,2026-01-23 07:42:00,2026-01-27 12:33:00,4,snf
E0002308,P001335,F01,PR0013,ED,emergency,2026-01-23 08:01:00,2026-01-23 11:01:00,0,admitted
E0002309,P000967,F07,PR0068,outpatient,acute_episode,2026-01-23 08:15:00,2026-01-23 09:00:00,0,home
E0002310,P000364,F03,PR0053,ED,emergency,2026-01-23 08:47:00,2026-01-23 10:47:00,0,admitted
E0002311,P000216,F05,PR0059,outpatient,chronic_management,2026-01-23 10:00:00,2026-01-23 10:25:00,0,home
E0002312,P000364,F03,PR0037,inpatient,emergency_admission,2026-01-23 10:47:00,2026-01-29 16:59:00,6,home
E0002313,P001335,F01,PR0006,inpatient,emergency_admission,2026-01-23 11:01:00,2026-01-25 12:41:00,2,home
E0002314,P000611,F02,PR0020,inpatient,emergency_admission,2026-01-23 11:36:00,2026-01-29 10:04:00,6,rehab
E0002315,P001225,F05,PR0061,outpatient,post_discharge_followup,2026-01-23 13:00:00,2026-01-23 14:08:00,0,home
E0002316,P000782,F01,PR0008,inpatient,direct_admission,2026-01-23 13:21:00,2026-01-28 12:29:00,5,home_health
E0002317,P000509,F09,PR0075,outpatient,preventive,2026-01-23 13:45:00,2026-01-23 14:51:00,0,home
E0002318,P000384,F03,PR0054,ED,emergency,2026-01-23 14:52:00,2026-01-23 17:36:00,0,home
E0002319,P000217,F05,PR0062,outpatient,acute_episode,2026-01-23 15:15:00,2026-01-23 15:56:00,0,home
E0002320,P000163,F09,PR0076,outpatient,preventive,2026-01-23 16:30:00,2026-01-23 17:33:00,0,home
E0002321,P000875,F02,PR0036,ED,emergency,2026-01-23 17:25:00,2026-01-23 20:12:00,0,home
E0002322,P001333,F02,PR0031,ED,emergency,2026-01-23 18:58:00,2026-01-23 23:58:00,0,admitted
E0002323,P001333,F02,PR0020,inpatient,emergency_admission,2026-01-23 23:58:00,2026-01-27 17:02:00,4,snf
E0002324,P001032,F01,PR0006,inpatient,direct_admission,2026-01-24 11:36:00,2026-01-30 13:09:00,6,home
E0002325,P000702,F03,PR0049,ED,emergency,2026-01-24 17:28:00,2026-01-24 19:28:00,0,admitted
E0002326,P000702,F03,PR0045,inpatient,emergency_admission,2026-01-24 19:28:00,2026-01-27 13:31:00,3,home
E0002327,P000448,F01,PR0018,ED,emergency,2026-01-25 02:30:00,2026-01-25 05:59:00,0,home
E0002328,P001110,F03,PR0040,inpatient,elective_admission,2026-01-25 09:16:00,2026-01-29 13:40:00,4,home_health
E0002329,P000068,F01,PR0013,ED,emergency,2026-01-25 18:50:00,2026-01-25 21:02:00,0,home
E0002330,P000411,F02,PR0032,ED,emergency,2026-01-26 05:26:00,2026-01-26 12:26:00,0,admitted
E0002331,P000440,F12,PR0087,outpatient,chronic_management,2026-01-26 09:15:00,2026-01-26 10:08:00,0,home
E0002332,P000411,F02,PR0028,inpatient,emergency_admission,2026-01-26 12:26:00,2026-01-31 14:10:00,5,home_health
E0002333,P000043,F08,PR0073,outpatient,chronic_management,2026-01-26 14:30:00,2026-01-26 15:34:00,0,home
E0002334,P000807,F04,PR0058,outpatient,acute_episode,2026-01-26 15:15:00,2026-01-26 16:15:00,0,home
E0002335,P000960,F09,PR0078,outpatient,chronic_management,2026-01-26 15:30:00,2026-01-26 16:10:00,0,home
E0002336,P000015,F06,PR0065,outpatient,acute_episode,2026-01-27 11:30:00,2026-01-27 12:30:00,0,home
E0002337,P000830,F10,PR0079,outpatient,preventive,2026-01-27 12:30:00,2026-01-27 13:11:00,0,home
E0002338,P000360,F05,PR0060,outpatient,chronic_management,2026-01-27 16:00:00,2026-01-27 16:43:00,0,home
E0002339,P001150,F02,PR0034,ED,emergency,2026-01-27 16:02:00,2026-01-27 23:02:00,0,admitted
E0002340,P000793,F01,PR0015,ED,emergency,2026-01-27 17:38:00,2026-01-27 23:38:00,0,admitted
E0002341,P001150,F02,PR0022,inpatient,emergency_admission,2026-01-27 23:02:00,2026-02-01 14:42:00,5,snf
E0002342,P000793,F01,PR0005,inpatient,emergency_admission,2026-01-27 23:38:00,2026-01-30 13:39:00,3,home
E0002343,P000555,F01,PR0009,outpatient,chronic_management,2026-01-28 09:00:00,2026-01-28 09:54:00,0,home
E0002344,P000594,F11,PR0086,outpatient,preventive,2026-01-28 10:45:00,2026-01-28 11:51:00,0,home
E0002345,P000505,F04,PR0058,outpatient,chronic_management,2026-01-28 11:00:00,2026-01-28 12:04:00,0,home
E0002346,P001225,F03,PR0052,ED,emergency,2026-01-28 11:41:00,2026-01-28 17:41:00,0,admitted
E0002347,P000847,F07,PR0070,outpatient,acute_episode,2026-01-28 14:00:00,2026-01-28 15:01:00,0,home
E0002348,P001254,F02,PR0034,ED,emergency,2026-01-28 14:39:00,2026-01-28 18:39:00,0,admitted
E0002349,P000963,F15,PR0099,outpatient,acute_episode,2026-01-28 15:45:00,2026-01-28 16:11:00,0,home
E0002350,P000183,F12,PR0089,outpatient,chronic_management,2026-01-28 16:00:00,2026-01-28 16:28:00,0,home
E0002351,P001225,F03,PR0046,inpatient,emergency_admission,2026-01-28 17:41:00,2026-02-01 10:59:00,4,snf
E0002352,P001254,F02,PR0024,inpatient,emergency_admission,2026-01-28 18:39:00,2026-02-01 14:38:00,4,home
E0002353,P001274,F04,PR0055,outpatient,chronic_management,2026-01-29 08:00:00,2026-01-29 09:02:00,0,home
E0002354,P001122,F11,PR0086,outpatient,post_discharge_followup,2026-01-29 08:15:00,2026-01-29 09:20:00,0,home
E0002355,P000726,F01,PR0016,ED,emergency,2026-01-29 14:09:00,2026-01-29 21:09:00,0,admitted
E0002356,P000551,F01,PR0007,inpatient,direct_admission,2026-01-29 15:12:00,2026-02-07 10:53:00,9,home
E0002357,P000726,F01,PR0003,inpatient,emergency_admission,2026-01-29 21:09:00,2026-01-30 15:53:00,1,home
E0002358,P000194,F08,PR0071,outpatient,preventive,2026-01-30 09:00:00,2026-01-30 10:08:00,0,home
E0002359,P000262,F01,PR0015,ED,emergency,2026-01-30 09:57:00,2026-01-30 12:14:00,0,home
E0002360,P000156,F09,PR0078,outpatient,chronic_management,2026-01-30 11:45:00,2026-01-30 12:56:00,0,home
E0002361,P001046,F10,PR0082,outpatient,acute_episode,2026-01-30 12:00:00,2026-01-30 12:31:00,0,home
E0002362,P000432,F01,PR0001,outpatient,chronic_management,2026-01-30 12:30:00,2026-01-30 13:00:00,0,home
E0002363,P000618,F09,PR0077,outpatient,chronic_management,2026-01-30 12:45:00,2026-01-30 13:39:00,0,home
E0002364,P000520,F15,PR0098,outpatient,post_discharge_followup,2026-01-30 14:00:00,2026-01-30 15:08:00,0,home
E0002365,P000782,F11,PR0083,outpatient,post_discharge_followup,2026-01-30 15:00:00,2026-01-30 15:46:00,0,home
E0002366,P000840,F12,PR0088,outpatient,chronic_management,2026-01-30 15:15:00,2026-01-30 16:25:00,0,home
E0002367,P000870,F05,PR0060,outpatient,preventive,2026-01-30 16:15:00,2026-01-30 16:53:00,0,home
E0002368,P000929,F02,PR0023,outpatient,chronic_management,2026-01-30 16:30:00,2026-01-30 17:38:00,0,home
E0002369,P001048,F03,PR0051,ED,emergency,2026-01-30 17:12:00,2026-01-30 21:12:00,0,admitted
E0002370,P000815,F01,PR0014,ED,emergency,2026-01-30 19:33:00,2026-01-30 22:33:00,0,admitted
E0002371,P001048,F03,PR0042,inpatient,emergency_admission,2026-01-30 21:12:00,2026-02-04 10:12:00,5,home
E0002372,P000815,F01,PR0006,inpatient,emergency_admission,2026-01-30 22:33:00,2026-02-06 13:41:00,7,home
E0002373,P001232,F03,PR0037,inpatient,direct_admission,2026-01-31 22:33:00,2026-02-03 12:23:00,3,home_health
E0002374,P000083,F01,PR0016,ED,emergency,2026-02-01 00:14:00,2026-02-01 06:14:00,0,admitted
E0002375,P000782,F02,PR0023,inpatient,elective_admission,2026-02-01 03:52:00,2026-02-04 11:15:00,3,home
E0002376,P000083,F01,PR0004,inpatient,emergency_admission,2026-02-01 06:14:00,2026-02-06 12:40:00,5,home
E0002377,P000911,F02,PR0034,ED,emergency,2026-02-01 11:53:00,2026-02-01 16:03:00,0,home
E0002378,P001159,F01,PR0008,outpatient,acute_episode,2026-02-02 08:30:00,2026-02-02 09:08:00,0,home
E0002379,P000229,F04,PR0057,outpatient,preventive,2026-02-02 09:00:00,2026-02-02 09:27:00,0,home
E0002380,P001227,F11,PR0084,outpatient,chronic_management,2026-02-02 10:15:00,2026-02-02 11:28:00,0,home
E0002381,P000434,F11,PR0086,outpatient,post_discharge_followup,2026-02-02 10:45:00,2026-02-02 11:29:00,0,home
E0002382,P000218,F10,PR0081,outpatient,post_discharge_followup,2026-02-02 11:30:00,2026-02-02 12:39:00,0,home
E0002383,P001135,F04,PR0058,outpatient,chronic_management,2026-02-02 12:15:00,2026-02-02 12:57:00,0,home
E0002384,P000963,F05,PR0061,outpatient,acute_episode,2026-02-02 13:45:00,2026-02-02 14:52:00,0,home
E0002385,P000988,F02,PR0022,inpatient,elective_admission,2026-02-02 15:20:00,2026-02-08 10:48:00,6,home
E0002386,P001264,F02,PR0036,ED,emergency,2026-02-02 22:56:00,2026-02-03 04:56:00,0,admitted
E0002387,P001264,F02,PR0022,inpatient,emergency_admission,2026-02-03 04:56:00,2026-02-11 11:01:00,8,home
E0002388,P000825,F01,PR0014,ED,emergency,2026-02-03 09:41:00,2026-02-03 12:41:00,0,admitted
E0002389,P000223,F06,PR0065,outpatient,chronic_management,2026-02-03 10:00:00,2026-02-03 10:56:00,0,home
E0002390,P001071,F05,PR0062,outpatient,chronic_management,2026-02-03 10:15:00,2026-02-03 10:46:00,0,home
E0002391,P000729,F06,PR0065,outpatient,preventive,2026-02-03 10:30:00,2026-02-03 11:05:00,0,home
E0002392,P000366,F09,PR0075,outpatient,preventive,2026-02-03 12:00:00,2026-02-03 13:10:00,0,home
E0002393,P000658,F02,PR0026,outpatient,chronic_management,2026-02-03 12:00:00,2026-02-03 12:34:00,0,home
E0002394,P000825,F01,PR0007,inpatient,emergency_admission,2026-02-03 12:41:00,2026-02-04 13:28:00,1,home
E0002395,P000450,F06,PR0065,outpatient,chronic_management,2026-02-03 13:30:00,2026-02-03 14:26:00,0,home
E0002396,P000171,F03,PR0050,ED,emergency,2026-02-03 14:48:00,2026-02-03 20:48:00,0,admitted
E0002397,P000812,F03,PR0053,ED,emergency,2026-02-03 15:03:00,2026-02-03 17:48:00,0,home
E0002398,P000364,F09,PR0077,outpatient,post_discharge_followup,2026-02-03 15:45:00,2026-02-03 16:23:00,0,home
E0002399,P000280,F10,PR0079,outpatient,chronic_management,2026-02-03 16:45:00,2026-02-03 17:44:00,0,home
E0002400,P000171,F03,PR0042,inpatient,emergency_admission,2026-02-03 20:48:00,2026-02-10 10:06:00,7,home
E0002401,P000266,F01,PR0013,ED,emergency,2026-02-03 21:53:00,2026-02-03 23:45:00,0,home
E0002402,P001121,F04,PR0058,outpatient,preventive,2026-02-04 10:30:00,2026-02-04 10:57:00,0,home
E0002403,P000240,F09,PR0077,outpatient,acute_episode,2026-02-04 12:30:00,2026-02-04 13:30:00,0,home
E0002404,P000434,F11,PR0084,outpatient,preventive,2026-02-04 15:00:00,2026-02-04 15:34:00,0,home
E0002405,P000670,F07,PR0067,outpatient,chronic_management,2026-02-04 16:15:00,2026-02-04 17:05:00,0,home
E0002406,P001015,F06,PR0066,outpatient,preventive,2026-02-04 16:15:00,2026-02-04 16:53:00,0,home
E0002407,P000975,F11,PR0083,outpatient,chronic_management,2026-02-05 08:45:00,2026-02-05 09:45:00,0,home
E0002408,P000411,F11,PR0085,outpatient,post_discharge_followup,2026-02-05 09:45:00,2026-02-05 10:09:00,0,home
E0002409,P000971,F04,PR0056,outpatient,preventive,2026-02-05 10:00:00,2026-02-05 11:05:00,0,home
E0002410,P001321,F02,PR0028,outpatient,chronic_management,2026-02-05 10:30:00,2026-02-05 11:08:00,0,home
E0002411,P000432,F11,PR0086,outpatient,post_discharge_followup,2026-02-05 11:00:00,2026-02-05 12:12:00,0,home
E0002412,P000534,F12,PR0089,outpatient,chronic_management,2026-02-05 11:00:00,2026-02-05 11:49:00,0,home
E0002413,P000986,F02,PR0036,ED,emergency,2026-02-05 12:10:00,2026-02-05 14:01:00,0,home
E0002414,P000477,F06,PR0066,outpatient,preventive,2026-02-05 12:30:00,2026-02-05 12:58:00,0,home
E0002415,P000639,F01,PR0003,outpatient,chronic_management,2026-02-05 13:30:00,2026-02-05 14:18:00,0,home
E0002416,P000656,F02,PR0033,ED,emergency,2026-02-05 15:44:00,2026-02-05 19:47:00,0,home
E0002417,P001254,F02,PR0033,ED,emergency,2026-02-05 23:50:00,2026-02-06 07:12:00,0,home
E0002418,P000935,F02,PR0021,outpatient,chronic_management,2026-02-06 08:15:00,2026-02-06 09:12:00,0,home
E0002419,P001170,F06,PR0064,outpatient,preventive,2026-02-06 09:15:00,2026-02-06 09:43:00,0,home
E0002420,P000019,F06,PR0063,outpatient,chronic_management,2026-02-06 10:00:00,2026-02-06 10:30:00,0,home
E0002421,P000363,F11,PR0083,outpatient,post_discharge_followup,2026-02-06 12:45:00,2026-02-06 13:31:00,0,home
E0002422,P000522,F07,PR0070,outpatient,chronic_management,2026-02-06 13:15:00,2026-02-06 13:47:00,0,home
E0002423,P001055,F02,PR0036,ED,emergency,2026-02-06 14:38:00,2026-02-06 19:38:00,0,admitted
E0002424,P000654,F09,PR0076,outpatient,preventive,2026-02-06 15:15:00,2026-02-06 16:08:00,0,home
E0002425,P001056,F08,PR0071,outpatient,acute_episode,2026-02-06 15:15:00,2026-02-06 16:28:00,0,home
E0002426,P000405,F04,PR0055,outpatient,chronic_management,2026-02-06 16:45:00,2026-02-06 17:14:00,0,home
E0002427,P001055,F02,PR0025,inpatient,emergency_admission,2026-02-06 19:38:00,2026-02-15 10:42:00,9,hospice
E0002428,P000085,F03,PR0050,ED,emergency,2026-02-07 11:38:00,2026-02-07 14:24:00,0,transfer
E0002429,P001363,F03,PR0054,ED,emergency,2026-02-07 14:47:00,2026-02-07 16:47:00,0,admitted
E0002430,P001363,F03,PR0040,inpatient,emergency_admission,2026-02-07 16:47:00,2026-02-11 15:43:00,4,home
E0002431,P000489,F02,PR0032,ED,emergency,2026-02-07 19:34:00,2026-02-08 02:27:00,0,home
E0002432,P000051,F01,PR0004,inpatient,elective_admission,2026-02-08 05:11:00,2026-02-14 16:00:00,6,hospice
E0002433,P001038,F03,PR0052,ED,emergency,2026-02-08 09:57:00,2026-02-08 12:57:00,0,admitted
E0002434,P001038,F03,PR0042,inpatient,emergency_admission,2026-02-08 12:57:00,2026-02-13 14:58:00,5,expired
E0002435,P000131,F01,PR0004,inpatient,direct_admission,2026-02-08 19:04:00,2026-02-11 17:31:00,3,home
E0002436,P001115,F01,PR0017,ED,emergency,2026-02-09 05:02:00,2026-02-09 10:02:00,0,admitted
E0002437,P000198,F06,PR0066,outpatient,chronic_management,2026-02-09 08:30:00,2026-02-09 09:08:00,0,home
E0002438,P001115,F01,PR0005,inpatient,emergency_admission,2026-02-09 10:02:00,2026-02-13 10:40:00,4,rehab
E0002439,P000421,F01,PR0003,inpatient,elective_admission,2026-02-09 11:49:00,2026-02-10 10:34:00,1,home
E0002440,P000083,F11,PR0085,outpatient,post_discharge_followup,2026-02-09 12:00:00,2026-02-09 12:55:00,0,home
E0002441,P000862,F08,PR0072,outpatient,chronic_management,2026-02-09 12:15:00,2026-02-09 12:58:00,0,home
E0002442,P000083,F03,PR0039,outpatient,preventive,2026-02-09 12:45:00,2026-02-09 13:30:00,0,home
E0002443,P000462,F04,PR0058,outpatient,chronic_management,2026-02-09 12:45:00,2026-02-09 13:25:00,0,home
E0002444,P000551,F06,PR0065,outpatient,post_discharge_followup,2026-02-09 12:45:00,2026-02-09 13:58:00,0,home
E0002445,P000690,F02,PR0019,inpatient,direct_admission,2026-02-09 12:45:00,2026-02-11 14:00:00,2,hospice
E0002446,P001266,F15,PR0098,outpatient,chronic_management,2026-02-09 13:45:00,2026-02-09 14:18:00,0,home
E0002447,P001069,F03,PR0040,inpatient,direct_admission,2026-02-09 19:03:00,2026-02-11 13:03:00,2,home
E0002448,P001274,F01,PR0014,ED,emergency,2026-02-09 23:45:00,2026-02-10 04:33:00,0,home
E0002449,P000143,F07,PR0067,outpatient,preventive,2026-02-10 08:15:00,2026-02-10 08:54:00,0,home
E0002450,P000218,F02,PR0036,ED,emergency,2026-02-10 09:35:00,2026-02-10 14:35:00,0,admitted
E0002451,P000597,F08,PR0072,outpatient,chronic_management,2026-02-10 10:00:00,2026-02-10 11:03:00,0,home
E0002452,P001254,F10,PR0079,outpatient,post_discharge_followup,2026-02-10 10:45:00,2026-02-10 11:58:00,0,home
E0002453,P000876,F04,PR0055,outpatient,chronic_management,2026-02-10 12:15:00,2026-02-10 12:44:00,0,home
E0002454,P000434,F09,PR0076,outpatient,preventive,2026-02-10 12:45:00,2026-02-10 13:13:00,0,home
E0002455,P000467,F09,PR0076,outpatient,acute_episode,2026-02-10 14:15:00,2026-02-10 15:18:00,0,home
E0002456,P000218,F02,PR0021,inpatient,emergency_admission,2026-02-10 14:35:00,2026-02-15 15:21:00,5,home
E0002457,P000240,F02,PR0036,ED,emergency,2026-02-10 15:44:00,2026-02-10 19:23:00,0,home
E0002458,P000422,F02,PR0032,ED,emergency,2026-02-10 15:57:00,2026-02-10 22:18:00,0,home
E0002459,P001213,F01,PR0018,ED,emergency,2026-02-10 16:11:00,2026-02-10 20:39:00,0,transfer
E0002460,P000838,F08,PR0074,outpatient,acute_episode,2026-02-10 16:30:00,2026-02-10 17:07:00,0,home
E0002461,P000262,F01,PR0018,ED,emergency,2026-02-10 22:47:00,2026-02-11 02:54:00,0,home
E0002462,P000815,F11,PR0086,outpatient,post_discharge_followup,2026-02-11 10:15:00,2026-02-11 10:36:00,0,home
E0002463,P000480,F10,PR0079,outpatient,chronic_management,2026-02-11 10:45:00,2026-02-11 11:40:00,0,home
E0002464,P001064,F06,PR0066,outpatient,preventive,2026-02-11 11:15:00,2026-02-11 12:07:00,0,home
E0002465,P000475,F08,PR0073,outpatient,acute_episode,2026-02-11 12:45:00,2026-02-11 13:29:00,0,home
E0002466,P000998,F14,PR0093,outpatient,chronic_management,2026-02-11 12:45:00,2026-02-11 13:07:00,0,home
E0002467,P000827,F08,PR0071,outpatient,chronic_management,2026-02-11 14:30:00,2026-02-11 14:51:00,0,home
E0002468,P001225,F05,PR0061,outpatient,preventive,2026-02-11 16:00:00,2026-02-11 16:24:00,0,home
E0002469,P001120,F02,PR0034,ED,emergency,2026-02-11 21:19:00,2026-02-11 23:02:00,0,home
E0002470,P001073,F05,PR0061,outpatient,chronic_management,2026-02-12 08:00:00,2026-02-12 09:14:00,0,home
E0002471,P000598,F06,PR0066,outpatient,chronic_management,2026-02-12 08:15:00,2026-02-12 08:40:00,0,home
E0002472,P001383,F08,PR0074,outpatient,preventive,2026-02-12 08:30:00,2026-02-12 09:15:00,0,home
E0002473,P000845,F08,PR0074,outpatient,preventive,2026-02-12 09:15:00,2026-02-12 09:36:00,0,home
E0002474,P001033,F06,PR0065,outpatient,chronic_management,2026-02-12 09:45:00,2026-02-12 10:49:00,0,home
E0002475,P001321,F12,PR0088,outpatient,chronic_management,2026-02-12 10:00:00,2026-02-12 10:45:00,0,home
E0002476,P001006,F09,PR0076,outpatient,chronic_management,2026-02-12 12:00:00,2026-02-12 12:42:00,0,home
E0002477,P000879,F14,PR0093,outpatient,preventive,2026-02-12 12:45:00,2026-02-12 13:07:00,0,home
E0002478,P000011,F01,PR0014,ED,emergency,2026-02-12 12:57:00,2026-02-12 14:57:00,0,admitted
E0002479,P001219,F09,PR0078,outpatient,chronic_management,2026-02-12 13:00:00,2026-02-12 13:39:00,0,home
E0002480,P001166,F01,PR0015,ED,emergency,2026-02-12 13:40:00,2026-02-12 16:40:00,0,admitted
E0002481,P001176,F09,PR0078,outpatient,acute_episode,2026-02-12 14:15:00,2026-02-12 15:22:00,0,home
E0002482,P000011,F01,PR0004,inpatient,emergency_admission,2026-02-12 14:57:00,2026-02-14 11:49:00,2,hospice
E0002483,P001179,F03,PR0047,outpatient,chronic_management,2026-02-12 15:45:00,2026-02-12 16:16:00,0,home
E0002484,P000639,F05,PR0060,outpatient,acute_episode,2026-02-12 16:00:00,2026-02-12 17:06:00,0,home
E0002485,P000702,F10,PR0082,outpatient,post_discharge_followup,2026-02-12 16:00:00,2026-02-12 16:45:00,0,home
E0002486,P001166,F01,PR0008,inpatient,emergency_admission,2026-02-12 16:40:00,2026-02-14 12:56:00,2,home
E0002487,P000188,F03,PR0054,ED,emergency,2026-02-12 17:23:00,2026-02-12 23:38:00,0,home
E0002488,P001232,F03,PR0053,ED,emergency,2026-02-13 05:36:00,2026-02-13 09:36:00,0,admitted
E0002489,P000347,F08,PR0074,outpatient,acute_episode,2026-02-13 08:15:00,2026-02-13 09:28:00,0,home
E0002490,P000371,F14,PR0095,outpatient,chronic_management,2026-02-13 08:45:00,2026-02-13 09:55:00,0,home
E0002491,P001110,F10,PR0080,outpatient,post_discharge_followup,2026-02-13 09:15:00,2026-02-13 10:29:00,0,home
E0002492,P001232,F03,PR0043,inpatient,emergency_admission,2026-02-13 09:36:00,2026-02-20 11:01:00,7,home_health
E0002493,P000379,F05,PR0060,outpatient,preventive,2026-02-13 09:45:00,2026-02-13 10:37:00,0,home
E0002494,P000855,F10,PR0079,outpatient,chronic_management,2026-02-13 12:30:00,2026-02-13 12:57:00,0,home
E0002495,P001266,F15,PR0098,outpatient,acute_episode,2026-02-13 13:15:00,2026-02-13 13:55:00,0,home
E0002496,P000386,F15,PR0097,outpatient,acute_episode,2026-02-13 14:30:00,2026-02-13 15:03:00,0,home
E0002497,P000042,F01,PR0016,ED,emergency,2026-02-13 22:47:00,2026-02-14 04:17:00,0,home
E0002498,P001274,F01,PR0017,ED,emergency,2026-02-14 12:38:00,2026-02-14 17:27:00,0,home
E0002499,P000223,F01,PR0005,inpatient,elective_admission,2026-02-15 06:47:00,2026-02-17 12:39:00,2,snf
E0002500,P001380,F03,PR0041,inpatient,direct_admission,2026-02-15 08:11:00,2026-02-19 17:15:00,4,rehab
E0002501,P001128,F01,PR0014,ED,emergency,2026-02-15 23:42:00,2026-02-16 03:58:00,0,home
E0002502,P000815,F02,PR0036,ED,emergency,2026-02-16 01:51:00,2026-02-16 05:08:00,0,home
E0002503,P000825,F07,PR0067,outpatient,acute_episode,2026-02-16 08:30:00,2026-02-16 09:22:00,0,home
E0002504,P000464,F10,PR0080,outpatient,acute_episode,2026-02-16 09:15:00,2026-02-16 10:19:00,0,home
E0002505,P001328,F12,PR0089,outpatient,acute_episode,2026-02-16 09:30:00,2026-02-16 09:51:00,0,home
E0002506,P001395,F08,PR0071,outpatient,preventive,2026-02-16 09:45:00,2026-02-16 10:10:00,0,home
E0002507,P001300,F07,PR0069,outpatient,preventive,2026-02-16 10:30:00,2026-02-16 10:56:00,0,home
E0002508,P000258,F04,PR0055,outpatient,chronic_management,2026-02-16 10:45:00,2026-02-16 11:51:00,0,home
E0002509,P000003,F04,PR0057,outpatient,chronic_management,2026-02-16 11:15:00,2026-02-16 12:27:00,0,home
E0002510,P000830,F02,PR0021,inpatient,elective_admission,2026-02-16 11:16:00,2026-02-23 12:08:00,7,rehab
E0002511,P000825,F07,PR0067,outpatient,post_discharge_followup,2026-02-16 12:00:00,2026-02-16 13:11:00,0,home
E0002512,P000687,F04,PR0057,outpatient,acute_episode,2026-02-16 12:45:00,2026-02-16 13:40:00,0,home
E0002513,P001175,F10,PR0082,outpatient,preventive,2026-02-16 14:15:00,2026-02-16 14:57:00,0,home
E0002514,P001264,F11,PR0085,outpatient,post_discharge_followup,2026-02-16 16:15:00,2026-02-16 17:07:00,0,home
E0002515,P000947,F06,PR0064,outpatient,chronic_management,2026-02-16 16:30:00,2026-02-16 17:13:00,0,home
E0002516,P001266,F03,PR0054,ED,emergency,2026-02-16 18:27:00,2026-02-16 22:27:00,0,admitted
E0002517,P001266,F03,PR0037,inpatient,emergency_admission,2026-02-16 22:27:00,2026-02-20 16:27:00,4,snf
E0002518,P000155,F06,PR0063,outpatient,acute_episode,2026-02-17 08:00:00,2026-02-17 09:07:00,0,home
E0002519,P000808,F05,PR0059,outpatient,acute_episode,2026-02-17 10:30:00,2026-02-17 11:12:00,0,home
E0002520,P000440,F09,PR0076,outpatient,preventive,2026-02-17 10:45:00,2026-02-17 11:17:00,0,home
E0002521,P000782,F10,PR0082,outpatient,post_discharge_followup,2026-02-17 10:45:00,2026-02-17 11:30:00,0,home
E0002522,P001310,F09,PR0078,outpatient,chronic_management,2026-02-17 10:45:00,2026-02-17 11:40:00,0,home
E0002523,P000276,F14,PR0096,outpatient,acute_episode,2026-02-17 14:00:00,2026-02-17 14:38:00,0,home
E0002524,P000575,F03,PR0048,outpatient,acute_episode,2026-02-17 14:00:00,2026-02-17 14:52:00,0,home
E0002525,P001032,F11,PR0084,outpatient,chronic_management,2026-02-17 14:15:00,2026-02-17 15:22:00,0,home
E0002526,P001069,F10,PR0081,outpatient,post_discharge_followup,2026-02-17 16:30:00,2026-02-17 17:24:00,0,home
E0002527,P000941,F01,PR0016,ED,emergency,2026-02-18 03:03:00,2026-02-18 07:03:00,0,admitted
E0002528,P000941,F01,PR0001,inpatient,emergency_admission,2026-02-18 07:03:00,2026-02-23 10:12:00,5,home_health
E0002529,P001316,F02,PR0031,ED,emergency,2026-02-18 07:54:00,2026-02-18 14:54:00,0,home
E0002530,P000540,F05,PR0061,outpatient,preventive,2026-02-18 09:15:00,2026-02-18 10:05:00,0,home
E0002531,P000015,F06,PR0064,outpatient,chronic_management,2026-02-18 10:15:00,2026-02-18 10:54:00,0,home
E0002532,P001110,F07,PR0069,outpatient,chronic_management,2026-02-18 10:15:00,2026-02-18 10:51:00,0,home
E0002533,P000025,F06,PR0066,outpatient,preventive,2026-02-18 11:30:00,2026-02-18 12:28:00,0,home
E0002534,P000410,F02,PR0023,outpatient,chronic_management,2026-02-18 13:30:00,2026-02-18 14:29:00,0,home
E0002535,P001037,F06,PR0065,outpatient,preventive,2026-02-18 15:15:00,2026-02-18 16:19:00,0,home
E0002536,P000320,F03,PR0051,ED,emergency,2026-02-18 15:21:00,2026-02-18 23:52:00,0,home
E0002537,P000782,F02,PR0034,ED,emergency,2026-02-18 22:06:00,2026-02-19 05:47:00,0,ama
E0002538,P000478,F07,PR0070,outpatient,chronic_management,2026-02-19 08:00:00,2026-02-19 09:13:00,0,home
E0002539,P000402,F07,PR0068,outpatient,chronic_management,2026-02-19 12:30:00,2026-02-19 13:29:00,0,home
E0002540,P000627,F06,PR0063,outpatient,preventive,2026-02-19 13:15:00,2026-02-19 14:19:00,0,home
E0002541,P000726,F04,PR0058,outpatient,preventive,2026-02-19 13:15:00,2026-02-19 13:56:00,0,home
E0002542,P000083,F01,PR0014,ED,emergency,2026-02-19 14:18:00,2026-02-19 18:18:00,0,admitted
E0002543,P001115,F01,PR0017,ED,emergency,2026-02-19 15:04:00,2026-02-19 19:04:00,0,admitted
E0002544,P000931,F09,PR0078,outpatient,preventive,2026-02-19 15:45:00,2026-02-19 16:45:00,0,home
E0002545,P001166,F06,PR0065,outpatient,post_discharge_followup,2026-02-19 15:45:00,2026-02-19 16:43:00,0,home
E0002546,P000866,F04,PR0056,outpatient,preventive,2026-02-19 16:15:00,2026-02-19 16:36:00,0,home
E0002547,P000778,F01,PR0017,ED,emergency,2026-02-19 18:03:00,2026-02-19 20:01:00,0,home
E0002548,P000083,F01,PR0003,inpatient,emergency_admission,2026-02-19 18:18:00,2026-02-25 14:32:00,6,home
E0002549,P000498,F02,PR0034,ED,emergency,2026-02-19 18:54:00,2026-02-19 20:54:00,0,admitted
E0002550,P001115,F01,PR0006,inpatient,emergency_admission,2026-02-19 19:04:00,2026-02-25 12:08:00,6,home
E0002551,P000743,F01,PR0006,inpatient,direct_admission,2026-02-19 19:47:00,2026-02-26 15:23:00,7,home
E0002552,P000498,F02,PR0020,inpatient,emergency_admission,2026-02-19 20:54:00,2026-02-24 12:34:00,5,home
E0002553,P000383,F03,PR0050,ED,emergency,2026-02-20 06:07:00,2026-02-20 13:12:00,0,home
E0002554,P001175,F01,PR0011,outpatient,preventive,2026-02-20 08:00:00,2026-02-20 08:53:00,0,home
E0002555,P001032,F11,PR0084,outpatient,post_discharge_followup,2026-02-20 09:15:00,2026-02-20 09:35:00,0,home
E0002556,P000174,F06,PR0063,outpatient,acute_episode,2026-02-20 10:15:00,2026-02-20 11:14:00,0,home
E0002557,P000996,F05,PR0060,outpatient,acute_episode,2026-02-20 12:30:00,2026-02-20 13:31:00,0,home
E0002558,P000131,F01,PR0017,ED,emergency,2026-02-20 12:32:00,2026-02-20 15:26:00,0,home
E0002559,P001310,F12,PR0087,outpatient,acute_episode,2026-02-20 12:45:00,2026-02-20 13:55:00,0,home
E0002560,P000027,F05,PR0060,outpatient,acute_episode,2026-02-20 13:45:00,2026-02-20 14:43:00,0,home
E0002561,P000218,F11,PR0084,outpatient,post_discharge_followup,2026-02-20 13:45:00,2026-02-20 14:33:00,0,home
E0002562,P000759,F15,PR0098,outpatient,chronic_management,2026-02-20 13:45:00,2026-02-20 14:17:00,0,home
E0002563,P001192,F02,PR0024,inpatient,direct_admission,2026-02-20 14:47:00,2026-02-24 12:11:00,4,snf
E0002564,P000988,F08,PR0071,outpatient,post_discharge_followup,2026-02-20 15:00:00,2026-02-20 15:49:00,0,home
E0002565,P000951,F01,PR0014,ED,emergency,2026-02-20 19:55:00,2026-02-21 04:20:00,0,home
E0002566,P000151,F03,PR0049,ED,emergency,2026-02-21 16:05:00,2026-02-21 22:05:00,0,admitted
E0002567,P000151,F03,PR0039,inpatient,emergency_admission,2026-02-21 22:05:00,2026-02-24 14:01:00,3,home
E0002568,P001264,F02,PR0023,inpatient,direct_admission,2026-02-21 22:38:00,2026-02-24 16:31:00,3,home
E0002569,P000137,F02,PR0035,ED,emergency,2026-02-22 07:31:00,2026-02-22 12:31:00,0,admitted
E0002570,P000364,F03,PR0051,ED,emergency,2026-02-22 11:08:00,2026-02-22 16:08:00,0,admitted
E0002571,P000137,F02,PR0028,inpatient,emergency_admission,2026-02-22 12:31:00,2026-03-03 17:12:00,9,home
E0002572,P001383,F03,PR0049,ED,emergency,2026-02-22 12:48:00,2026-02-22 14:48:00,0,admitted
E0002573,P001383,F03,PR0042,inpatient,emergency_admission,2026-02-22 14:48:00,2026-02-24 15:54:00,2,home
E0002574,P000364,F03,PR0039,inpatient,emergency_admission,2026-02-22 16:08:00,2026-02-26 16:33:00,4,home
E0002575,P000135,F08,PR0071,outpatient,preventive,2026-02-23 09:30:00,2026-02-23 10:32:00,0,home
E0002576,P000683,F06,PR0065,outpatient,chronic_management,2026-02-23 09:30:00,2026-02-23 10:35:00,0,home
E0002577,P001029,F05,PR0061,outpatient,preventive,2026-02-23 09:30:00,2026-02-23 10:25:00,0,home
E0002578,P000701,F09,PR0077,outpatient,chronic_management,2026-02-23 11:15:00,2026-02-23 11:39:00,0,home
E0002579,P000846,F10,PR0080,outpatient,acute_episode,2026-02-23 14:45:00,2026-02-23 15:12:00,0,home
E0002580,P001349,F02,PR0035,ED,emergency,2026-02-23 22:10:00,2026-02-24 00:10:00,0,admitted
E0002581,P001349,F02,PR0020,inpatient,emergency_admission,2026-02-24 00:10:00,2026-03-01 12:08:00,5,home
E0002582,P000570,F04,PR0056,outpatient,chronic_management,2026-02-24 09:15:00,2026-02-24 10:04:00,0,home
E0002583,P001069,F03,PR0044,inpatient,direct_admission,2026-02-24 10:10:00,2026-03-05 15:59:00,9,home
E0002584,P001257,F02,PR0021,outpatient,acute_episode,2026-02-24 10:30:00,2026-02-24 11:37:00,0,home
E0002585,P001399,F08,PR0072,outpatient,acute_episode,2026-02-24 14:30:00,2026-02-24 15:44:00,0,home
E0002586,P000773,F09,PR0075,outpatient,preventive,2026-02-24 15:30:00,2026-02-24 16:11:00,0,home
E0002587,P000607,F15,PR0098,outpatient,chronic_management,2026-02-24 16:00:00,2026-02-24 16:23:00,0,home
E0002588,P001363,F05,PR0059,outpatient,post_discharge_followup,2026-02-24 16:45:00,2026-02-24 17:41:00,0,home
E0002589,P000225,F02,PR0021,inpatient,direct_admission,2026-02-24 18:48:00,2026-02-26 10:08:00,2,home
E0002590,P001018,F03,PR0051,ED,emergency,2026-02-25 04:30:00,2026-02-25 11:13:00,0,home
E0002591,P000879,F07,PR0070,outpatient,acute_episode,2026-02-25 08:45:00,2026-02-25 09:49:00,0,home
E0002592,P001059,F12,PR0089,outpatient,acute_episode,2026-02-25 12:15:00,2026-02-25 13:12:00,0,home
E0002593,P000173,F10,PR0079,outpatient,chronic_management,2026-02-25 13:30:00,2026-02-25 13:50:00,0,home
E0002594,P000348,F05,PR0060,outpatient,chronic_management,2026-02-25 14:15:00,2026-02-25 15:28:00,0,home
E0002595,P000592,F07,PR0070,outpatient,chronic_management,2026-02-25 15:30:00,2026-02-25 16:35:00,0,home
E0002596,P000494,F02,PR0033,ED,emergency,2026-02-25 15:46:00,2026-02-25 23:16:00,0,home
E0002597,P001184,F02,PR0036,ED,emergency,2026-02-25 19:17:00,2026-02-26 00:46:00,0,ama
E0002598,P000520,F02,PR0024,inpatient,elective_admission,2026-02-26 00:20:00,2026-03-01 14:29:00,3,home
E0002599,P000527,F15,PR0097,outpatient,chronic_management,2026-02-26 08:30:00,2026-02-26 09:44:00,0,home
E0002600,P000404,F05,PR0060,outpatient,acute_episode,2026-02-26 09:00:00,2026-02-26 10:02:00,0,home
E0002601,P001232,F15,PR0099,outpatient,post_discharge_followup,2026-02-26 09:45:00,2026-02-26 10:47:00,0,home
E0002602,P000758,F06,PR0065,outpatient,acute_episode,2026-02-26 10:45:00,2026-02-26 11:13:00,0,home
E0002603,P000820,F04,PR0055,outpatient,preventive,2026-02-26 13:15:00,2026-02-26 13:36:00,0,home
E0002604,P001048,F11,PR0084,outpatient,preventive,2026-02-26 13:15:00,2026-02-26 13:38:00,0,home
E0002605,P000013,F05,PR0061,outpatient,chronic_management,2026-02-26 15:00:00,2026-02-26 15:59:00,0,home
E0002606,P001211,F07,PR0070,outpatient,chronic_management,2026-02-26 15:00:00,2026-02-26 15:35:00,0,home
E0002607,P000997,F04,PR0058,outpatient,chronic_management,2026-02-26 15:30:00,2026-02-26 16:25:00,0,home
E0002608,P000941,F11,PR0086,outpatient,post_discharge_followup,2026-02-26 16:00:00,2026-02-26 16:39:00,0,home
E0002609,P000169,F07,PR0067,outpatient,chronic_management,2026-02-26 16:45:00,2026-02-26 17:59:00,0,home
E0002610,P000998,F03,PR0052,ED,emergency,2026-02-27 02:08:00,2026-02-27 09:08:00,0,admitted
E0002611,P000195,F01,PR0002,outpatient,acute_episode,2026-02-27 08:00:00,2026-02-27 08:33:00,0,home
E0002612,P000364,F09,PR0078,outpatient,post_discharge_followup,2026-02-27 08:30:00,2026-02-27 09:08:00,0,home
E0002613,P000998,F03,PR0040,inpatient,emergency_admission,2026-02-27 09:08:00,2026-03-06 16:38:00,7,ama
E0002614,P000423,F04,PR0055,outpatient,acute_episode,2026-02-27 09:15:00,2026-02-27 10:17:00,0,home
E0002615,P000623,F01,PR0013,ED,emergency,2026-02-27 09:59:00,2026-02-27 16:59:00,0,admitted
E0002616,P000025,F01,PR0016,ED,emergency,2026-02-27 10:09:00,2026-02-27 16:08:00,0,home
E0002617,P000212,F01,PR0018,ED,emergency,2026-02-27 10:37:00,2026-02-27 17:19:00,0,home
E0002618,P001179,F05,PR0060,outpatient,preventive,2026-02-27 10:45:00,2026-02-27 11:56:00,0,home
E0002619,P000083,F11,PR0086,outpatient,post_discharge_followup,2026-02-27 11:00:00,2026-02-27 12:05:00,0,home
E0002620,P001264,F11,PR0085,outpatient,post_discharge_followup,2026-02-27 11:30:00,2026-02-27 12:43:00,0,home
E0002621,P000464,F10,PR0080,outpatient,acute_episode,2026-02-27 12:15:00,2026-02-27 12:40:00,0,home
E0002622,P000172,F15,PR0099,outpatient,acute_episode,2026-02-27 14:30:00,2026-02-27 15:01:00,0,home
E0002623,P000763,F07,PR0069,outpatient,preventive,2026-02-27 15:15:00,2026-02-27 16:09:00,0,home
E0002624,P000914,F05,PR0059,outpatient,preventive,2026-02-27 15:45:00,2026-02-27 16:42:00,0,home
E0002625,P000685,F15,PR0098,outpatient,preventive,2026-02-27 16:45:00,2026-02-27 17:45:00,0,home
E0002626,P000623,F01,PR0006,inpatient,emergency_admission,2026-02-27 16:59:00,2026-03-03 14:19:00,4,snf
E0002627,P000567,F02,PR0033,ED,emergency,2026-02-27 19:55:00,2026-02-28 02:39:00,0,home
E0002628,P000408,F03,PR0041,inpatient,direct_admission,2026-02-28 11:43:00,2026-03-05 15:51:00,5,home
E0002629,P000476,F01,PR0005,inpatient,direct_admission,2026-02-28 12:50:00,2026-03-04 17:43:00,4,home
E0002630,P001284,F02,PR0027,inpatient,elective_admission,2026-03-01 12:07:00,2026-03-06 10:53:00,5,rehab
E0002631,P001266,F03,PR0040,inpatient,direct_admission,2026-03-01 17:28:00,2026-03-05 13:55:00,4,home_health
E0002632,P000782,F02,PR0034,ED,emergency,2026-03-02 07:17:00,2026-03-02 13:17:00,0,admitted
E0002633,P001021,F10,PR0079,outpatient,preventive,2026-03-02 10:15:00,2026-03-02 11:11:00,0,home
E0002634,P000003,F03,PR0038,outpatient,acute_episode,2026-03-02 11:00:00,2026-03-02 11:57:00,0,home
E0002635,P000960,F09,PR0078,outpatient,acute_episode,2026-03-02 11:15:00,2026-03-02 11:50:00,0,home
E0002636,P000782,F02,PR0022,inpatient,emergency_admission,2026-03-02 13:17:00,2026-03-06 14:56:00,4,home
E0002637,P001170,F05,PR0059,outpatient,acute_episode,2026-03-02 14:15:00,2026-03-02 15:22:00,0,home
E0002638,P001075,F07,PR0068,outpatient,chronic_management,2026-03-02 15:15:00,2026-03-02 16:11:00,0,home
E0002639,P000777,F07,PR0068,outpatient,acute_episode,2026-03-02 15:45:00,2026-03-02 16:20:00,0,home
E0002640,P000328,F09,PR0075,outpatient,acute_episode,2026-03-03 10:45:00,2026-03-03 11:43:00,0,home
E0002641,P001142,F05,PR0060,outpatient,chronic_management,2026-03-03 11:00:00,2026-03-03 11:36:00,0,home
E0002642,P000514,F03,PR0043,outpatient,acute_episode,2026-03-03 13:15:00,2026-03-03 14:29:00,0,home
E0002643,P001042,F09,PR0076,outpatient,preventive,2026-03-03 13:15:00,2026-03-03 13:50:00,0,home
E0002644,P000418,F15,PR0097,outpatient,preventive,2026-03-03 14:45:00,2026-03-03 15:16:00,0,home
E0002645,P001171,F06,PR0065,outpatient,preventive,2026-03-03 15:00:00,2026-03-03 16:12:00,0,home
E0002646,P000957,F03,PR0049,ED,emergency,2026-03-04 07:10:00,2026-03-04 11:10:00,0,admitted
E0002647,P000647,F09,PR0076,outpatient,preventive,2026-03-04 10:45:00,2026-03-04 11:31:00,0,home
E0002648,P000315,F11,PR0085,outpatient,preventive,2026-03-04 11:00:00,2026-03-04 12:13:00,0,home
E0002649,P000957,F03,PR0042,inpatient,emergency_admission,2026-03-04 11:10:00,2026-03-06 15:29:00,2,home_health
E0002650,P001029,F05,PR0062,outpatient,preventive,2026-03-04 12:30:00,2026-03-04 13:00:00,0,home
E0002651,P000225,F09,PR0077,outpatient,post_discharge_followup,2026-03-04 13:15:00,2026-03-04 13:43:00,0,home
E0002652,P000291,F02,PR0024,outpatient,chronic_management,2026-03-04 14:30:00,2026-03-04 15:29:00,0,home
E0002653,P000919,F03,PR0048,outpatient,chronic_management,2026-03-04 14:45:00,2026-03-04 15:08:00,0,home
E0002654,P001047,F09,PR0076,outpatient,acute_episode,2026-03-04 16:00:00,2026-03-04 17:11:00,0,home
E0002655,P000515,F03,PR0039,inpatient,elective_admission,2026-03-04 16:29:00,2026-03-07 16:23:00,3,expired
E0002656,P000474,F03,PR0042,inpatient,direct_admission,2026-03-04 18:15:00,2026-03-06 16:44:00,2,home
E0002657,P000514,F04,PR0057,outpatient,chronic_management,2026-03-05 10:30:00,2026-03-05 11:17:00,0,home
E0002658,P001349,F10,PR0082,outpatient,post_discharge_followup,2026-03-05 11:00:00,2026-03-05 11:46:00,0,home
E0002659,P001304,F11,PR0086,outpatient,chronic_management,2026-03-05 14:00:00,2026-03-05 14:34:00,0,home
E0002660,P001271,F07,PR0067,outpatient,preventive,2026-03-05 15:15:00,2026-03-05 15:40:00,0,home
E0002661,P000686,F01,PR0013,ED,emergency,2026-03-06 05:19:00,2026-03-06 09:19:00,0,admitted
E0002662,P000686,F01,PR0002,inpatient,emergency_admission,2026-03-06 09:19:00,2026-03-07 13:10:00,1,home
E0002663,P001035,F05,PR0061,outpatient,chronic_management,2026-03-06 10:00:00,2026-03-06 11:12:00,0,home
E0002664,P000074,F03,PR0054,ED,emergency,2026-03-06 13:48:00,2026-03-06 19:48:00,0,admitted
E0002665,P001371,F01,PR0006,inpatient,elective_admission,2026-03-06 14:10:00,2026-03-10 13:47:00,4,home_health
E0002666,P001221,F02,PR0019,inpatient,direct_admission,2026-03-06 15:18:00,2026-03-13 13:01:00,7,home_health
E0002667,P000520,F15,PR0098,outpatient,post_discharge_followup,2026-03-06 15:45:00,2026-03-06 16:43:00,0,home
E0002668,P001383,F08,PR0074,outpatient,post_discharge_followup,2026-03-06 15:45:00,2026-03-06 16:18:00,0,home
E0002669,P001229,F08,PR0074,outpatient,preventive,2026-03-06 16:00:00,2026-03-06 16:41:00,0,home
E0002670,P000443,F03,PR0042,inpatient,direct_admission,2026-03-06 18:19:00,2026-03-09 17:57:00,3,home_health
E0002671,P000074,F03,PR0048,inpatient,emergency_admission,2026-03-06 19:48:00,2026-03-10 13:14:00,4,hospice
E0002672,P001323,F03,PR0051,ED,emergency,2026-03-07 13:14:00,2026-03-07 20:14:00,0,admitted
E0002673,P001218,F02,PR0019,inpatient,direct_admission,2026-03-07 16:10:00,2026-03-12 11:22:00,5,home
E0002674,P000137,F02,PR0032,ED,emergency,2026-03-07 20:01:00,2026-03-08 01:01:00,0,admitted
E0002675,P001323,F03,PR0043,inpatient,emergency_admission,2026-03-07 20:14:00,2026-03-09 15:39:00,2,home
E0002676,P000137,F02,PR0019,inpatient,emergency_admission,2026-03-08 01:01:00,2026-03-12 10:51:00,4,home
E0002677,P000645,F01,PR0017,ED,emergency,2026-03-08 03:33:00,2026-03-08 08:19:00,0,home
E0002678,P000394,F01,PR0004,inpatient,direct_admission,2026-03-08 09:03:00,2026-03-13 13:23:00,5,home
E0002679,P000233,F04,PR0057,outpatient,chronic_management,2026-03-09 08:45:00,2026-03-09 09:08:00,0,home
E0002680,P001213,F05,PR0059,outpatient,acute_episode,2026-03-09 10:15:00,2026-03-09 10:49:00,0,home
E0002681,P000078,F11,PR0084,outpatient,chronic_management,2026-03-09 11:30:00,2026-03-09 12:22:00,0,home
E0002682,P001266,F10,PR0080,outpatient,post_discharge_followup,2026-03-09 12:45:00,2026-03-09 13:24:00,0,home
E0002683,P000957,F10,PR0081,outpatient,post_discharge_followup,2026-03-09 14:00:00,2026-03-09 14:26:00,0,home
E0002684,P000961,F15,PR0099,outpatient,chronic_management,2026-03-09 15:45:00,2026-03-09 16:32:00,0,home
E0002685,P000427,F01,PR0015,ED,emergency,2026-03-09 16:57:00,2026-03-10 00:22:00,0,home
E0002686,P001069,F10,PR0081,outpatient,post_discharge_followup,2026-03-10 08:30:00,2026-03-10 09:06:00,0,home
E0002687,P000696,F09,PR0075,outpatient,chronic_management,2026-03-10 09:15:00,2026-03-10 09:45:00,0,home
E0002688,P000299,F10,PR0079,outpatient,acute_episode,2026-03-10 12:45:00,2026-03-10 13:48:00,0,home
E0002689,P000332,F06,PR0065,outpatient,acute_episode,2026-03-10 13:45:00,2026-03-10 14:39:00,0,home
E0002690,P001266,F03,PR0049,ED,emergency,2026-03-10 14:03:00,2026-03-10 21:03:00,0,admitted
E0002691,P000821,F01,PR0016,ED,emergency,2026-03-10 14:07:00,2026-03-10 17:46:00,0,home
E0002692,P000767,F02,PR0033,ED,emergency,2026-03-10 15:46:00,2026-03-10 17:46:00,0,admitted
E0002693,P000450,F06,PR0066,outpatient,chronic_management,2026-03-10 16:15:00,2026-03-10 17:07:00,0,home
E0002694,P000748,F08,PR0071,outpatient,preventive,2026-03-10 16:15:00,2026-03-10 16:44:00,0,home
E0002695,P000813,F09,PR0075,outpatient,chronic_management,2026-03-10 16:45:00,2026-03-10 17:10:00,0,home
E0002696,P000767,F02,PR0026,inpatient,emergency_admission,2026-03-10 17:46:00,2026-03-14 17:59:00,4,home
E0002697,P001266,F03,PR0041,inpatient,emergency_admission,2026-03-10 21:03:00,2026-03-18 13:44:00,8,home
E0002698,P001368,F01,PR0016,ED,emergency,2026-03-10 21:55:00,2026-03-10 23:25:00,0,home
E0002699,P000245,F02,PR0033,ED,emergency,2026-03-11 07:00:00,2026-03-11 14:00:00,0,admitted
E0002700,P000443,F11,PR0083,outpatient,post_discharge_followup,2026-03-11 08:00:00,2026-03-11 09:10:00,0,home
E0002701,P000845,F08,PR0072,outpatient,preventive,2026-03-11 10:00:00,2026-03-11 10:36:00,0,home
E0002702,P000973,F15,PR0098,outpatient,chronic_management,2026-03-11 10:15:00,2026-03-11 11:27:00,0,home
E0002703,P000245,F02,PR0029,inpatient,emergency_admission,2026-03-11 14:00:00,2026-03-17 16:05:00,6,home
E0002704,P000845,F08,PR0072,outpatient,acute_episode,2026-03-11 14:00:00,2026-03-11 14:26:00,0,home
E0002705,P000058,F04,PR0056,outpatient,chronic_management,2026-03-11 15:15:00,2026-03-11 16:08:00,0,home
E0002706,P000993,F04,PR0055,outpatient,acute_episode,2026-03-11 15:15:00,2026-03-11 16:07:00,0,home
E0002707,P001011,F01,PR0013,ED,emergency,2026-03-12 00:35:00,2026-03-12 07:35:00,0,admitted
E0002708,P001011,F01,PR0002,inpatient,emergency_admission,2026-03-12 07:35:00,2026-03-19 10:08:00,7,rehab
E0002709,P000289,F03,PR0051,ED,emergency,2026-03-12 07:48:00,2026-03-12 09:58:00,0,home
E0002710,P000385,F11,PR0086,outpatient,chronic_management,2026-03-12 11:00:00,2026-03-12 11:58:00,0,home
E0002711,P001139,F01,PR0010,outpatient,chronic_management,2026-03-12 11:15:00,2026-03-12 11:58:00,0,home
E0002712,P000105,F09,PR0077,outpatient,chronic_management,2026-03-12 14:45:00,2026-03-12 15:17:00,0,home
E0002713,P000743,F07,PR0069,outpatient,post_discharge_followup,2026-03-12 15:00:00,2026-03-12 15:31:00,0,home
E0002714,P000970,F10,PR0079,outpatient,acute_episode,2026-03-12 15:15:00,2026-03-12 15:41:00,0,home
E0002715,P000663,F01,PR0001,inpatient,direct_admission,2026-03-12 15:17:00,2026-03-27 13:34:00,15,home
E0002716,P000623,F01,PR0002,inpatient,direct_admission,2026-03-12 15:46:00,2026-03-14 12:04:00,2,home
E0002717,P001354,F11,PR0084,outpatient,acute_episode,2026-03-12 16:45:00,2026-03-12 17:29:00,0,home
E0002718,P000908,F01,PR0004,inpatient,direct_admission,2026-03-12 23:24:00,2026-03-15 16:42:00,3,home
E0002719,P000862,F01,PR0003,inpatient,elective_admission,2026-03-13 00:55:00,2026-03-16 10:17:00,3,rehab
E0002720,P000144,F02,PR0035,ED,emergency,2026-03-13 06:09:00,2026-03-13 10:09:00,0,admitted
E0002721,P000144,F02,PR0021,inpatient,emergency_admission,2026-03-13 10:09:00,2026-03-18 13:04:00,5,home
E0002722,P000476,F07,PR0069,outpatient,post_discharge_followup,2026-03-13 15:15:00,2026-03-13 16:23:00,0,home
E0002723,P000820,F04,PR0055,outpatient,chronic_management,2026-03-13 15:45:00,2026-03-13 16:31:00,0,home
E0002724,P000212,F07,PR0070,outpatient,chronic_management,2026-03-13 16:15:00,2026-03-13 17:05:00,0,home
E0002725,P000267,F08,PR0071,outpatient,preventive,2026-03-13 16:30:00,2026-03-13 17:28:00,0,home
E0002726,P001258,F03,PR0051,ED,emergency,2026-03-13 16:30:00,2026-03-13 20:32:00,0,home
E0002727,P000386,F01,PR0013,ED,emergency,2026-03-13 19:49:00,2026-03-13 23:49:00,0,admitted
E0002728,P000386,F01,PR0004,inpatient,emergency_admission,2026-03-13 23:49:00,2026-03-19 10:57:00,6,hospice
E0002729,P001333,F02,PR0032,ED,emergency,2026-03-14 05:03:00,2026-03-14 07:03:00,0,admitted
E0002730,P001333,F02,PR0023,inpatient,emergency_admission,2026-03-14 07:03:00,2026-03-23 10:37:00,9,home_health
E0002731,P000173,F03,PR0049,ED,emergency,2026-03-14 08:43:00,2026-03-14 15:43:00,0,admitted
E0002732,P001383,F03,PR0037,inpatient,direct_admission,2026-03-14 13:17:00,2026-03-20 10:26:00,6,home
E0002733,P000173,F03,PR0037,inpatient,emergency_admission,2026-03-14 15:43:00,2026-03-20 10:19:00,6,home
E0002734,P001395,F01,PR0016,ED,emergency,2026-03-15 14:13:00,2026-03-15 20:13:00,0,admitted
E0002735,P001256,F03,PR0039,inpatient,elective_admission,2026-03-15 17:10:00,2026-03-21 12:46:00,6,home
E0002736,P001395,F01,PR0005,inpatient,emergency_admission,2026-03-15 20:13:00,2026-03-20 17:33:00,5,home_health
E0002737,P000977,F01,PR0017,ED,emergency,2026-03-15 20:27:00,2026-03-15 23:27:00,0,admitted
E0002738,P000240,F02,PR0033,ED,emergency,2026-03-15 23:19:00,2026-03-16 06:19:00,0,admitted
E0002739,P000977,F01,PR0003,inpatient,emergency_admission,2026-03-15 23:27:00,2026-03-20 16:06:00,5,home_health
E0002740,P000240,F02,PR0021,inpatient,emergency_admission,2026-03-16 06:19:00,2026-03-20 12:12:00,4,home
E0002741,P000686,F15,PR0099,outpatient,post_discharge_followup,2026-03-16 08:45:00,2026-03-16 09:57:00,0,home
E0002742,P000892,F05,PR0060,outpatient,chronic_management,2026-03-16 08:45:00,2026-03-16 09:32:00,0,home
E0002743,P001218,F08,PR0072,outpatient,post_discharge_followup,2026-03-16 08:45:00,2026-03-16 09:55:00,0,home
E0002744,P001221,F09,PR0078,outpatient,post_discharge_followup,2026-03-16 09:15:00,2026-03-16 10:14:00,0,home
E0002745,P000839,F07,PR0070,outpatient,chronic_management,2026-03-16 09:30:00,2026-03-16 10:16:00,0,home
E0002746,P000137,F11,PR0084,outpatient,post_discharge_followup,2026-03-16 10:45:00,2026-03-16 11:36:00,0,home
E0002747,P000171,F07,PR0068,outpatient,preventive,2026-03-16 11:15:00,2026-03-16 11:51:00,0,home
E0002748,P000231,F07,PR0070,outpatient,preventive,2026-03-16 11:45:00,2026-03-16 12:07:00,0,home
E0002749,P001397,F09,PR0078,outpatient,chronic_management,2026-03-16 13:45:00,2026-03-16 14:17:00,0,home
E0002750,P000959,F07,PR0069,outpatient,preventive,2026-03-16 14:15:00,2026-03-16 15:19:00,0,home
E0002751,P000694,F05,PR0061,outpatient,chronic_management,2026-03-16 16:00:00,2026-03-16 16:45:00,0,home
E0002752,P000804,F09,PR0075,outpatient,preventive,2026-03-16 16:00:00,2026-03-16 16:36:00,0,home
E0002753,P000055,F05,PR0061,outpatient,chronic_management,2026-03-16 16:45:00,2026-03-16 17:49:00,0,home
E0002754,P000982,F05,PR0060,outpatient,acute_episode,2026-03-17 08:30:00,2026-03-17 09:02:00,0,home
E0002755,P000365,F04,PR0055,outpatient,chronic_management,2026-03-17 08:45:00,2026-03-17 09:22:00,0,home
E0002756,P001336,F11,PR0084,outpatient,chronic_management,2026-03-17 09:30:00,2026-03-17 10:42:00,0,home
E0002757,P000040,F06,PR0066,outpatient,preventive,2026-03-17 10:45:00,2026-03-17 11:41:00,0,home
E0002758,P000124,F07,PR0070,outpatient,preventive,2026-03-17 11:30:00,2026-03-17 12:06:00,0,home
E0002759,P000908,F08,PR0071,outpatient,chronic_management,2026-03-17 12:30:00,2026-03-17 13:15:00,0,home
E0002760,P000915,F01,PR0018,ED,emergency,2026-03-17 18:57:00,2026-03-17 20:57:00,0,admitted
E0002761,P001301,F02,PR0036,ED,emergency,2026-03-17 20:50:00,2026-03-18 02:50:00,0,admitted
E0002762,P000915,F01,PR0006,inpatient,emergency_admission,2026-03-17 20:57:00,2026-03-19 16:29:00,2,home
E0002763,P001301,F02,PR0019,inpatient,emergency_admission,2026-03-18 02:50:00,2026-03-25 11:28:00,7,home_health
E0002764,P000933,F03,PR0050,ED,emergency,2026-03-18 04:38:00,2026-03-18 07:38:00,0,admitted
E0002765,P000933,F03,PR0040,inpatient,emergency_admission,2026-03-18 07:38:00,2026-03-23 17:55:00,5,home
E0002766,P000585,F01,PR0007,outpatient,preventive,2026-03-18 09:15:00,2026-03-18 10:23:00,0,home
E0002767,P000148,F15,PR0099,outpatient,preventive,2026-03-18 09:30:00,2026-03-18 09:59:00,0,home
E0002768,P001189,F02,PR0025,inpatient,direct_admission,2026-03-18 10:37:00,2026-03-23 10:25:00,5,home
E0002769,P000782,F10,PR0081,outpatient,post_discharge_followup,2026-03-18 12:00:00,2026-03-18 12:25:00,0,home
E0002770,P000855,F03,PR0038,inpatient,direct_admission,2026-03-18 12:05:00,2026-03-23 11:00:00,5,home
E0002771,P000767,F15,PR0098,outpatient,post_discharge_followup,2026-03-18 13:45:00,2026-03-18 14:29:00,0,home
E0002772,P000149,F15,PR0098,outpatient,chronic_management,2026-03-18 14:00:00,2026-03-18 14:29:00,0,home
E0002773,P000659,F04,PR0058,outpatient,chronic_management,2026-03-18 15:15:00,2026-03-18 15:42:00,0,home
E0002774,P000136,F11,PR0086,outpatient,chronic_management,2026-03-18 16:00:00,2026-03-18 16:46:00,0,home
E0002775,P001235,F02,PR0034,ED,emergency,2026-03-19 04:42:00,2026-03-19 10:42:00,0,admitted
E0002776,P000078,F11,PR0083,outpatient,chronic_management,2026-03-19 08:15:00,2026-03-19 08:58:00,0,home
E0002777,P000310,F11,PR0086,outpatient,preventive,2026-03-19 09:30:00,2026-03-19 10:06:00,0,home
E0002778,P001235,F02,PR0021,inpatient,emergency_admission,2026-03-19 10:42:00,2026-03-21 14:36:00,2,rehab
E0002779,P000605,F06,PR0063,outpatient,acute_episode,2026-03-19 10:45:00,2026-03-19 11:42:00,0,home
E0002780,P001052,F05,PR0060,outpatient,preventive,2026-03-19 11:30:00,2026-03-19 12:42:00,0,home
E0002781,P000152,F07,PR0068,outpatient,preventive,2026-03-19 11:45:00,2026-03-19 12:45:00,0,home
E0002782,P000623,F08,PR0074,outpatient,post_discharge_followup,2026-03-19 12:15:00,2026-03-19 12:57:00,0,home
E0002783,P000394,F05,PR0061,outpatient,post_discharge_followup,2026-03-19 13:00:00,2026-03-19 13:42:00,0,home
E0002784,P001226,F09,PR0076,outpatient,preventive,2026-03-19 13:30:00,2026-03-19 14:11:00,0,home
E0002785,P001113,F12,PR0087,outpatient,acute_episode,2026-03-19 14:00:00,2026-03-19 14:34:00,0,home
E0002786,P001359,F04,PR0057,outpatient,chronic_management,2026-03-19 14:00:00,2026-03-19 14:53:00,0,home
E0002787,P000656,F10,PR0079,outpatient,chronic_management,2026-03-19 14:30:00,2026-03-19 15:38:00,0,home
E0002788,P001063,F09,PR0077,outpatient,chronic_management,2026-03-19 16:45:00,2026-03-19 17:20:00,0,home
E0002789,P000998,F07,PR0070,outpatient,chronic_management,2026-03-20 08:30:00,2026-03-20 09:22:00,0,home
E0002790,P000097,F12,PR0089,outpatient,preventive,2026-03-20 09:45:00,2026-03-20 10:15:00,0,home
E0002791,P000565,F04,PR0057,outpatient,preventive,2026-03-20 10:30:00,2026-03-20 10:55:00,0,home
E0002792,P000592,F01,PR0002,outpatient,chronic_management,2026-03-20 14:00:00,2026-03-20 15:03:00,0,home
E0002793,P000957,F14,PR0093,outpatient,acute_episode,2026-03-20 14:30:00,2026-03-20 15:13:00,0,home
E0002794,P000443,F03,PR0049,ED,emergency,2026-03-20 16:29:00,2026-03-20 21:29:00,0,admitted
E0002795,P000466,F01,PR0009,inpatient,direct_admission,2026-03-20 19:45:00,2026-03-24 16:26:00,4,home
E0002796,P000632,F02,PR0020,inpatient,elective_admission,2026-03-20 19:52:00,2026-03-25 11:36:00,5,home
E0002797,P000830,F02,PR0035,ED,emergency,2026-03-20 21:22:00,2026-03-21 01:05:00,0,home
E0002798,P000443,F03,PR0041,inpatient,emergency_admission,2026-03-20 21:29:00,2026-03-25 13:09:00,5,snf
E0002799,P001386,F01,PR0014,ED,emergency,2026-03-21 00:55:00,2026-03-21 04:45:00,0,home
E0002800,P000654,F02,PR0033,ED,emergency,2026-03-21 03:54:00,2026-03-21 10:54:00,0,admitted
E0002801,P000654,F02,PR0023,inpatient,emergency_admission,2026-03-21 10:54:00,2026-03-24 10:20:00,3,home_health
E0002802,P001045,F01,PR0018,ED,emergency,2026-03-21 10:56:00,2026-03-21 15:56:00,0,admitted
E0002803,P001278,F03,PR0049,ED,emergency,2026-03-21 12:53:00,2026-03-21 20:46:00,0,home
E0002804,P001045,F01,PR0004,inpatient,emergency_admission,2026-03-21 15:56:00,2026-03-25 15:21:00,4,home
E0002805,P000798,F03,PR0053,ED,emergency,2026-03-21 19:51:00,2026-03-21 23:10:00,0,ama
E0002806,P000299,F01,PR0016,ED,emergency,2026-03-21 21:16:00,2026-03-22 01:16:00,0,admitted
E0002807,P000299,F01,PR0006,inpatient,emergency_admission,2026-03-22 01:16:00,2026-03-27 14:48:00,5,snf
E0002808,P000104,F01,PR0016,ED,emergency,2026-03-22 09:49:00,2026-03-22 18:13:00,0,home
E0002809,P000306,F02,PR0032,ED,emergency,2026-03-22 18:00:00,2026-03-22 21:00:00,0,admitted
E0002810,P001020,F02,PR0032,ED,emergency,2026-03-22 18:08:00,2026-03-23 00:08:00,0,admitted
E0002811,P000306,F02,PR0024,inpatient,emergency_admission,2026-03-22 21:00:00,2026-03-24 13:51:00,2,home
E0002812,P001020,F02,PR0020,inpatient,emergency_admission,2026-03-23 00:08:00,2026-03-27 12:46:00,4,home
E0002813,P001238,F08,PR0071,outpatient,chronic_management,2026-03-23 08:45:00,2026-03-23 09:51:00,0,home
E0002814,P001296,F11,PR0085,outpatient,acute_episode,2026-03-23 09:00:00,2026-03-23 10:12:00,0,home
E0002815,P000067,F06,PR0066,outpatient,chronic_management,2026-03-23 11:00:00,2026-03-23 11:22:00,0,home
E0002816,P001317,F02,PR0036,ED,emergency,2026-03-23 11:26:00,2026-03-23 17:26:00,0,admitted
E0002817,P000592,F15,PR0099,outpatient,preventive,2026-03-23 11:45:00,2026-03-23 12:43:00,0,home
E0002818,P000173,F11,PR0086,outpatient,post_discharge_followup,2026-03-23 12:15:00,2026-03-23 13:01:00,0,home
E0002819,P000925,F10,PR0080,outpatient,acute_episode,2026-03-23 12:45:00,2026-03-23 13:43:00,0,home
E0002820,P000205,F01,PR0018,ED,emergency,2026-03-23 13:41:00,2026-03-23 17:31:00,0,home
E0002821,P000966,F05,PR0060,outpatient,acute_episode,2026-03-23 13:45:00,2026-03-23 14:16:00,0,home
E0002822,P001317,F02,PR0024,inpatient,emergency_admission,2026-03-23 17:26:00,2026-04-02 16:29:00,10,home
E0002823,P000490,F06,PR0063,outpatient,acute_episode,2026-03-24 08:45:00,2026-03-24 09:42:00,0,home
E0002824,P000639,F05,PR0060,outpatient,chronic_management,2026-03-24 10:15:00,2026-03-24 10:56:00,0,home
E0002825,P000977,F11,PR0084,outpatient,post_discharge_followup,2026-03-24 10:15:00,2026-03-24 10:57:00,0,home
E0002826,P001175,F04,PR0058,outpatient,chronic_management,2026-03-24 10:15:00,2026-03-24 11:26:00,0,home
E0002827,P001000,F05,PR0061,outpatient,preventive,2026-03-24 11:15:00,2026-03-24 12:14:00,0,home
E0002828,P000666,F06,PR0063,outpatient,chronic_management,2026-03-24 13:15:00,2026-03-24 14:29:00,0,home
E0002829,P000884,F05,PR0060,outpatient,acute_episode,2026-03-24 13:30:00,2026-03-24 14:07:00,0,home
E0002830,P000951,F06,PR0064,outpatient,preventive,2026-03-24 14:30:00,2026-03-24 15:34:00,0,home
E0002831,P000317,F07,PR0069,outpatient,acute_episode,2026-03-24 15:45:00,2026-03-24 16:29:00,0,home
E0002832,P000240,F07,PR0069,outpatient,post_discharge_followup,2026-03-24 16:15:00,2026-03-24 17:13:00,0,home
E0002833,P001395,F08,PR0073,outpatient,post_discharge_followup,2026-03-24 16:45:00,2026-03-24 17:14:00,0,home
E0002834,P001383,F11,PR0083,outpatient,post_discharge_followup,2026-03-25 08:15:00,2026-03-25 09:11:00,0,home
E0002835,P000428,F12,PR0089,outpatient,preventive,2026-03-25 08:45:00,2026-03-25 09:49:00,0,home
E0002836,P000466,F05,PR0062,outpatient,post_discharge_followup,2026-03-25 09:00:00,2026-03-25 09:27:00,0,home
E0002837,P000878,F04,PR0058,outpatient,preventive,2026-03-25 10:00:00,2026-03-25 10:59:00,0,home
E0002838,P000623,F01,PR0006,inpatient,direct_admission,2026-03-25 12:22:00,2026-04-02 12:24:00,8,home
E0002839,P001333,F07,PR0070,outpatient,post_discharge_followup,2026-03-25 12:45:00,2026-03-25 13:15:00,0,home
E0002840,P000408,F10,PR0082,outpatient,post_discharge_followup,2026-03-25 13:00:00,2026-03-25 14:13:00,0,home
E0002841,P000489,F02,PR0024,inpatient,direct_admission,2026-03-25 13:13:00,2026-03-30 14:39:00,5,home
E0002842,P000955,F10,PR0082,outpatient,chronic_management,2026-03-25 13:45:00,2026-03-25 14:33:00,0,home
E0002843,P000016,F01,PR0018,ED,emergency,2026-03-25 13:57:00,2026-03-25 18:26:00,0,home
E0002844,P000353,F14,PR0095,outpatient,acute_episode,2026-03-25 14:45:00,2026-03-25 15:48:00,0,home
E0002845,P000365,F04,PR0057,outpatient,preventive,2026-03-25 15:45:00,2026-03-25 16:31:00,0,home
E0002846,P001295,F08,PR0073,outpatient,chronic_management,2026-03-25 16:15:00,2026-03-25 16:50:00,0,home
E0002847,P000710,F01,PR0014,ED,emergency,2026-03-25 21:50:00,2026-03-26 01:50:00,0,home
E0002848,P000445,F05,PR0062,outpatient,acute_episode,2026-03-26 08:30:00,2026-03-26 08:53:00,0,home
E0002849,P000855,F10,PR0080,outpatient,post_discharge_followup,2026-03-26 09:30:00,2026-03-26 10:22:00,0,home
E0002850,P000351,F05,PR0059,outpatient,preventive,2026-03-26 10:30:00,2026-03-26 10:53:00,0,home
E0002851,P000761,F07,PR0067,outpatient,acute_episode,2026-03-26 10:30:00,2026-03-26 11:29:00,0,home
E0002852,P000825,F07,PR0067,outpatient,preventive,2026-03-26 10:45:00,2026-03-26 11:52:00,0,home
E0002853,P000474,F11,PR0085,outpatient,post_discharge_followup,2026-03-26 11:15:00,2026-03-26 12:12:00,0,home
E0002854,P000833,F07,PR0070,outpatient,preventive,2026-03-26 11:30:00,2026-03-26 12:12:00,0,home
E0002855,P001219,F02,PR0034,ED,emergency,2026-03-26 12:01:00,2026-03-26 17:01:00,0,admitted
E0002856,P000530,F06,PR0064,outpatient,preventive,2026-03-26 12:15:00,2026-03-26 13:23:00,0,home
E0002857,P000080,F01,PR0016,ED,emergency,2026-03-26 14:48:00,2026-03-26 17:12:00,0,home
E0002858,P000409,F04,PR0058,outpatient,preventive,2026-03-26 15:30:00,2026-03-26 16:19:00,0,home
E0002859,P000933,F06,PR0066,outpatient,post_discharge_followup,2026-03-26 16:30:00,2026-03-26 16:50:00,0,home
E0002860,P001219,F02,PR0019,inpatient,emergency_admission,2026-03-26 17:01:00,2026-03-30 14:05:00,4,hospice
E0002861,P001395,F01,PR0017,ED,emergency,2026-03-26 18:46:00,2026-03-26 20:52:00,0,home
E0002862,P000276,F10,PR0082,outpatient,chronic_management,2026-03-27 08:45:00,2026-03-27 09:26:00,0,home
E0002863,P000632,F11,PR0085,outpatient,post_discharge_followup,2026-03-27 09:00:00,2026-03-27 09:21:00,0,home
E0002864,P001308,F10,PR0079,outpatient,preventive,2026-03-27 14:45:00,2026-03-27 15:22:00,0,home
E0002865,P001129,F04,PR0058,outpatient,preventive,2026-03-27 15:30:00,2026-03-27 15:58:00,0,home
E0002866,P000177,F04,PR0057,outpatient,chronic_management,2026-03-27 16:15:00,2026-03-27 16:38:00,0,home
E0002867,P000453,F01,PR0013,ED,emergency,2026-03-28 02:21:00,2026-03-28 06:21:00,0,admitted
E0002868,P000178,F01,PR0013,ED,emergency,2026-03-28 02:37:00,2026-03-28 05:37:00,0,admitted
E0002869,P000178,F01,PR0006,inpatient,emergency_admission,2026-03-28 05:37:00,2026-03-30 10:34:00,2,home
E0002870,P000453,F01,PR0006,inpatient,emergency_admission,2026-03-28 06:21:00,2026-04-01 10:02:00,4,home
E0002871,P000929,F02,PR0034,ED,emergency,2026-03-28 08:28:00,2026-03-28 14:28:00,0,admitted
E0002872,P000855,F03,PR0049,ED,emergency,2026-03-28 08:47:00,2026-03-28 15:47:00,0,admitted
E0002873,P001110,F03,PR0039,inpatient,elective_admission,2026-03-28 10:42:00,2026-04-03 17:32:00,6,snf
E0002874,P000929,F02,PR0022,inpatient,emergency_admission,2026-03-28 14:28:00,2026-04-03 14:27:00,6,expired
E0002875,P000855,F03,PR0038,inpatient,emergency_admission,2026-03-28 15:47:00,2026-04-04 11:42:00,7,expired
E0002876,P000655,F03,PR0050,ED,emergency,2026-03-29 17:29:00,2026-03-30 00:22:00,0,home
E0002877,P001091,F15,PR0099,outpatient,acute_episode,2026-03-30 09:00:00,2026-03-30 09:45:00,0,home
E0002878,P001266,F11,PR0086,outpatient,post_discharge_followup,2026-03-30 10:00:00,2026-03-30 10:54:00,0,home
E0002879,P000931,F09,PR0078,outpatient,acute_episode,2026-03-30 10:15:00,2026-03-30 11:10:00,0,home
E0002880,P000095,F08,PR0072,outpatient,preventive,2026-03-30 10:30:00,2026-03-30 11:35:00,0,home
E0002881,P000908,F08,PR0072,outpatient,post_discharge_followup,2026-03-30 10:30:00,2026-03-30 11:05:00,0,home
E0002882,P000703,F04,PR0055,outpatient,acute_episode,2026-03-30 12:00:00,2026-03-30 13:08:00,0,home
E0002883,P000663,F07,PR0067,outpatient,post_discharge_followup,2026-03-30 15:15:00,2026-03-30 16:12:00,0,home
E0002884,P000493,F08,PR0073,outpatient,chronic_management,2026-03-30 16:00:00,2026-03-30 16:59:00,0,home
E0002885,P001301,F05,PR0062,outpatient,post_discharge_followup,2026-03-30 16:00:00,2026-03-30 16:43:00,0,home
E0002886,P001043,F08,PR0071,outpatient,chronic_management,2026-03-31 12:45:00,2026-03-31 13:17:00,0,home
E0002887,P000951,F06,PR0063,outpatient,preventive,2026-03-31 13:30:00,2026-03-31 14:21:00,0,home
E0002888,P001383,F08,PR0071,outpatient,chronic_management,2026-03-31 13:30:00,2026-03-31 14:44:00,0,home
E0002889,P001251,F07,PR0070,outpatient,preventive,2026-03-31 14:00:00,2026-03-31 15:12:00,0,home
E0002890,P000179,F05,PR0059,outpatient,chronic_management,2026-03-31 14:30:00,2026-03-31 15:37:00,0,home
E0002891,P000930,F14,PR0095,outpatient,chronic_management,2026-03-31 16:00:00,2026-03-31 16:35:00,0,home
E0002892,P001160,F05,PR0059,outpatient,chronic_management,2026-03-31 16:00:00,2026-03-31 16:43:00,0,home
E0002893,P000027,F03,PR0047,outpatient,chronic_management,2026-04-01 11:00:00,2026-04-01 11:30:00,0,home
E0002894,P001239,F05,PR0059,outpatient,chronic_management,2026-04-01 11:15:00,2026-04-01 11:53:00,0,home
E0002895,P000144,F15,PR0099,outpatient,post_discharge_followup,2026-04-01 14:15:00,2026-04-01 15:22:00,0,home
E0002896,P000137,F04,PR0056,outpatient,post_discharge_followup,2026-04-01 14:45:00,2026-04-01 15:26:00,0,home
E0002897,P000127,F03,PR0050,ED,emergency,2026-04-02 06:04:00,2026-04-02 13:04:00,0,admitted
E0002898,P001233,F01,PR0006,outpatient,chronic_management,2026-04-02 09:30:00,2026-04-02 10:05:00,0,home
E0002899,P000731,F05,PR0060,outpatient,chronic_management,2026-04-02 11:00:00,2026-04-02 11:31:00,0,home
E0002900,P000178,F05,PR0061,outpatient,post_discharge_followup,2026-04-02 11:30:00,2026-04-02 12:10:00,0,home
E0002901,P001099,F01,PR0012,outpatient,preventive,2026-04-02 11:45:00,2026-04-02 12:06:00,0,home
E0002902,P000127,F03,PR0043,inpatient,emergency_admission,2026-04-02 13:04:00,2026-04-11 10:30:00,9,home
E0002903,P001328,F09,PR0078,outpatient,chronic_management,2026-04-02 13:45:00,2026-04-02 14:50:00,0,home
E0002904,P000624,F03,PR0040,outpatient,chronic_management,2026-04-02 15:30:00,2026-04-02 16:07:00,0,home
E0002905,P000901,F01,PR0015,ED,emergency,2026-04-02 16:06:00,2026-04-02 18:06:00,0,admitted
E0002906,P001282,F01,PR0001,outpatient,preventive,2026-04-02 16:45:00,2026-04-02 17:25:00,0,home
E0002907,P000901,F01,PR0004,inpatient,emergency_admission,2026-04-02 18:06:00,2026-04-05 11:50:00,3,ama
E0002908,P000387,F03,PR0050,ED,emergency,2026-04-02 20:19:00,2026-04-02 23:21:00,0,home
E0002909,P000800,F06,PR0064,outpatient,acute_episode,2026-04-03 08:15:00,2026-04-03 08:36:00,0,home
E0002910,P000173,F10,PR0081,outpatient,preventive,2026-04-03 10:45:00,2026-04-03 11:39:00,0,home
E0002911,P000478,F02,PR0035,ED,emergency,2026-04-03 13:48:00,2026-04-03 15:47:00,0,home
E0002912,P000489,F11,PR0083,outpatient,post_discharge_followup,2026-04-03 16:45:00,2026-04-03 17:20:00,0,home
E0002913,P000358,F03,PR0043,inpatient,direct_admission,2026-04-03 20:44:00,2026-04-07 13:38:00,4,home_health
E0002914,P000138,F01,PR0017,ED,emergency,2026-04-03 22:16:00,2026-04-04 04:21:00,0,home
E0002915,P000430,F01,PR0018,ED,emergency,2026-04-03 23:45:00,2026-04-04 02:38:00,0,home
E0002916,P000729,F03,PR0053,ED,emergency,2026-04-04 00:59:00,2026-04-04 06:59:00,0,admitted
E0002917,P000729,F03,PR0044,inpatient,emergency_admission,2026-04-04 06:59:00,2026-04-10 12:10:00,6,snf
E0002918,P000633,F02,PR0032,ED,emergency,2026-04-04 13:36:00,2026-04-04 22:03:00,0,home
E0002919,P001189,F01,PR0018,ED,emergency,2026-04-05 07:47:00,2026-04-05 11:47:00,0,admitted
E0002920,P001189,F01,PR0002,inpatient,emergency_admission,2026-04-05 11:47:00,2026-04-11 13:15:00,6,home
E0002921,P000068,F04,PR0055,outpatient,acute_episode,2026-04-06 08:00:00,2026-04-06 08:34:00,0,home
E0002922,P000437,F10,PR0080,outpatient,acute_episode,2026-04-06 08:30:00,2026-04-06 08:58:00,0,home
E0002923,P000285,F12,PR0089,outpatient,preventive,2026-04-06 08:45:00,2026-04-06 09:26:00,0,home
E0002924,P000226,F02,PR0024,outpatient,preventive,2026-04-06 09:00:00,2026-04-06 10:04:00,0,home
E0002925,P001022,F03,PR0040,inpatient,elective_admission,2026-04-06 11:12:00,2026-04-11 17:19:00,5,snf
E0002926,P000723,F08,PR0072,outpatient,chronic_management,2026-04-06 11:15:00,2026-04-06 12:08:00,0,home
E0002927,P000268,F05,PR0060,outpatient,acute_episode,2026-04-06 13:30:00,2026-04-06 14:13:00,0,home
E0002928,P001317,F04,PR0058,outpatient,post_discharge_followup,2026-04-06 15:00:00,2026-04-06 15:25:00,0,home
E0002929,P000457,F08,PR0074,outpatient,chronic_management,2026-04-06 15:45:00,2026-04-06 16:54:00,0,home
E0002930,P000394,F01,PR0015,ED,emergency,2026-04-06 20:25:00,2026-04-07 02:11:00,0,home
E0002931,P000178,F01,PR0013,ED,emergency,2026-04-07 01:06:00,2026-04-07 07:06:00,0,admitted
E0002932,P000178,F01,PR0007,inpatient,emergency_admission,2026-04-07 07:06:00,2026-04-08 13:12:00,1,rehab
E0002933,P000428,F06,PR0063,outpatient,chronic_management,2026-04-07 09:45:00,2026-04-07 10:10:00,0,home
E0002934,P000684,F04,PR0056,outpatient,chronic_management,2026-04-07 10:00:00,2026-04-07 11:01:00,0,home
E0002935,P000530,F06,PR0064,outpatient,chronic_management,2026-04-07 11:00:00,2026-04-07 12:11:00,0,home
E0002936,P000051,F01,PR0010,outpatient,acute_episode,2026-04-07 11:45:00,2026-04-07 12:59:00,0,home
E0002937,P001071,F05,PR0061,outpatient,chronic_management,2026-04-07 11:45:00,2026-04-07 12:36:00,0,home
E0002938,P000193,F02,PR0031,ED,emergency,2026-04-07 13:26:00,2026-04-07 17:26:00,0,admitted
E0002939,P001020,F10,PR0082,outpatient,post_discharge_followup,2026-04-07 13:30:00,2026-04-07 14:10:00,0,home
E0002940,P001285,F01,PR0014,ED,emergency,2026-04-07 13:43:00,2026-04-07 15:43:00,0,admitted
E0002941,P001256,F15,PR0097,outpatient,post_discharge_followup,2026-04-07 14:45:00,2026-04-07 15:28:00,0,home
E0002942,P001285,F01,PR0003,inpatient,emergency_admission,2026-04-07 15:43:00,2026-04-10 12:53:00,3,home
E0002943,P000193,F02,PR0023,inpatient,emergency_admission,2026-04-07 17:26:00,2026-04-13 10:35:00,6,ama
E0002944,P000113,F07,PR0069,outpatient,chronic_management,2026-04-08 08:00:00,2026-04-08 08:56:00,0,home
E0002945,P000410,F09,PR0076,outpatient,chronic_management,2026-04-08 09:30:00,2026-04-08 10:35:00,0,home
E0002946,P001266,F03,PR0053,ED,emergency,2026-04-08 09:58:00,2026-04-08 17:12:00,0,home
E0002947,P001120,F04,PR0057,outpatient,chronic_management,2026-04-08 11:00:00,2026-04-08 11:49:00,0,home
E0002948,P001226,F06,PR0064,outpatient,acute_episode,2026-04-08 11:30:00,2026-04-08 12:05:00,0,home
E0002949,P000773,F09,PR0076,outpatient,preventive,2026-04-08 12:30:00,2026-04-08 13:03:00,0,home
E0002950,P001213,F05,PR0061,outpatient,acute_episode,2026-04-08 12:30:00,2026-04-08 13:30:00,0,home
E0002951,P000573,F07,PR0068,outpatient,chronic_management,2026-04-08 14:15:00,2026-04-08 14:48:00,0,home
E0002952,P000080,F02,PR0024,outpatient,chronic_management,2026-04-08 15:15:00,2026-04-08 15:47:00,0,home
E0002953,P001047,F06,PR0066,outpatient,chronic_management,2026-04-08 15:45:00,2026-04-08 16:28:00,0,home
E0002954,P000737,F04,PR0056,outpatient,preventive,2026-04-09 08:45:00,2026-04-09 09:36:00,0,home
E0002955,P000363,F01,PR0018,ED,emergency,2026-04-09 09:07:00,2026-04-09 12:07:00,0,admitted
E0002956,P001304,F09,PR0078,outpatient,chronic_management,2026-04-09 09:30:00,2026-04-09 10:28:00,0,home
E0002957,P001300,F07,PR0068,outpatient,chronic_management,2026-04-09 10:15:00,2026-04-09 10:44:00,0,home
E0002958,P001302,F07,PR0067,outpatient,acute_episode,2026-04-09 10:45:00,2026-04-09 11:49:00,0,home
E0002959,P000721,F06,PR0063,outpatient,preventive,2026-04-09 11:45:00,2026-04-09 12:58:00,0,home
E0002960,P000363,F01,PR0001,inpatient,emergency_admission,2026-04-09 12:07:00,2026-04-15 15:39:00,6,expired
E0002961,P000164,F08,PR0073,outpatient,chronic_management,2026-04-09 12:30:00,2026-04-09 13:20:00,0,home
E0002962,P000235,F05,PR0059,outpatient,chronic_management,2026-04-09 15:15:00,2026-04-09 16:26:00,0,home
E0002963,P000803,F11,PR0085,outpatient,preventive,2026-04-09 15:15:00,2026-04-09 15:43:00,0,home
E0002964,P000749,F06,PR0064,outpatient,chronic_management,2026-04-09 15:30:00,2026-04-09 16:44:00,0,home
E0002965,P000505,F04,PR0057,outpatient,chronic_management,2026-04-09 16:30:00,2026-04-09 17:23:00,0,home
E0002966,P000860,F01,PR0003,inpatient,direct_admission,2026-04-09 18:07:00,2026-04-12 13:19:00,3,home
E0002967,P000839,F01,PR0017,ED,emergency,2026-04-09 22:54:00,2026-04-10 03:28:00,0,home
E0002968,P000941,F01,PR0014,ED,emergency,2026-04-10 06:28:00,2026-04-10 09:28:00,0,admitted
E0002969,P000941,F01,PR0008,inpatient,emergency_admission,2026-04-10 09:28:00,2026-04-12 14:08:00,2,home
E0002970,P001051,F04,PR0057,outpatient,preventive,2026-04-10 12:30:00,2026-04-10 13:36:00,0,home
E0002971,P001165,F10,PR0080,outpatient,acute_episode,2026-04-10 14:30:00,2026-04-10 15:13:00,0,home
E0002972,P000727,F02,PR0028,inpatient,direct_admission,2026-04-10 18:41:00,2026-04-12 11:56:00,2,home
E0002973,P000268,F01,PR0005,inpatient,direct_admission,2026-04-10 22:04:00,2026-04-17 15:52:00,7,snf
E0002974,P001230,F02,PR0025,inpatient,elective_admission,2026-04-11 13:02:00,2026-04-19 15:50:00,8,home
E0002975,P000972,F03,PR0039,inpatient,elective_admission,2026-04-11 21:41:00,2026-04-14 16:21:00,3,home_health
E0002976,P001061,F03,PR0042,inpatient,direct_admission,2026-04-11 23:13:00,2026-04-17 10:08:00,6,home_health
E0002977,P000602,F02,PR0035,ED,emergency,2026-04-12 05:23:00,2026-04-12 11:23:00,0,admitted
E0002978,P000602,F02,PR0021,inpatient,emergency_admission,2026-04-12 11:23:00,2026-04-16 16:24:00,4,snf
E0002979,P001317,F02,PR0030,inpatient,elective_admission,2026-04-12 14:13:00,2026-04-14 15:04:00,2,snf
E0002980,P000717,F01,PR0018,ED,emergency,2026-04-12 14:46:00,2026-04-12 20:33:00,0,home
E0002981,P001178,F01,PR0014,ED,emergency,2026-04-12 16:25:00,2026-04-12 20:05:00,0,home
E0002982,P000542,F09,PR0077,outpatient,preventive,2026-04-13 08:30:00,2026-04-13 09:13:00,0,home
E0002983,P001219,F09,PR0075,outpatient,chronic_management,2026-04-13 09:15:00,2026-04-13 09:38:00,0,home
E0002984,P001011,F15,PR0097,outpatient,acute_episode,2026-04-13 12:00:00,2026-04-13 13:11:00,0,home
E0002985,P000501,F02,PR0031,ED,emergency,2026-04-13 12:26:00,2026-04-13 18:19:00,0,home
E0002986,P001151,F04,PR0057,outpatient,chronic_management,2026-04-13 14:45:00,2026-04-13 15:30:00,0,home
E0002987,P000822,F07,PR0067,outpatient,acute_episode,2026-04-13 16:30:00,2026-04-13 17:31:00,0,home
E0002988,P000401,F09,PR0078,outpatient,chronic_management,2026-04-14 08:15:00,2026-04-14 08:39:00,0,home
E0002989,P001219,F09,PR0075,outpatient,acute_episode,2026-04-14 09:00:00,2026-04-14 10:10:00,0,home
E0002990,P000993,F02,PR0023,inpatient,elective_admission,2026-04-14 09:14:00,2026-04-16 13:31:00,2,home_health
E0002991,P000093,F03,PR0047,outpatient,acute_episode,2026-04-14 10:15:00,2026-04-14 10:59:00,0,home
E0002992,P001395,F07,PR0067,outpatient,acute_episode,2026-04-14 10:45:00,2026-04-14 11:25:00,0,home
E0002993,P000654,F11,PR0084,outpatient,post_discharge_followup,2026-04-14 12:30:00,2026-04-14 13:14:00,0,home
E0002994,P001285,F07,PR0070,outpatient,post_discharge_followup,2026-04-14 12:45:00,2026-04-14 13:56:00,0,home
E0002995,P000481,F02,PR0021,inpatient,direct_admission,2026-04-14 14:24:00,2026-04-16 16:11:00,2,home_health
E0002996,P000564,F06,PR0066,outpatient,preventive,2026-04-14 14:45:00,2026-04-14 15:20:00,0,home
E0002997,P000727,F05,PR0060,outpatient,post_discharge_followup,2026-04-14 16:30:00,2026-04-14 17:28:00,0,home
E0002998,P000218,F02,PR0019,inpatient,elective_admission,2026-04-14 17:16:00,2026-04-15 10:03:00,1,snf
E0002999,P000885,F07,PR0070,outpatient,chronic_management,2026-04-15 08:15:00,2026-04-15 09:11:00,0,home
E0003000,P000774,F04,PR0058,outpatient,chronic_management,2026-04-15 08:45:00,2026-04-15 09:56:00,0,home
E0003001,P001371,F05,PR0062,outpatient,preventive,2026-04-15 10:45:00,2026-04-15 11:51:00,0,home
E0003002,P001371,F01,PR0014,ED,emergency,2026-04-15 10:50:00,2026-04-15 12:25:00,0,home
E0003003,P001315,F02,PR0031,ED,emergency,2026-04-15 12:46:00,2026-04-15 16:26:00,0,home
E0003004,P001300,F07,PR0067,outpatient,chronic_management,2026-04-15 15:15:00,2026-04-15 16:27:00,0,home
E0003005,P000729,F03,PR0050,ED,emergency,2026-04-15 15:54:00,2026-04-15 20:54:00,0,admitted
E0003006,P000238,F09,PR0078,outpatient,acute_episode,2026-04-15 16:30:00,2026-04-15 17:26:00,0,home
E0003007,P000223,F03,PR0050,ED,emergency,2026-04-15 17:58:00,2026-04-16 00:39:00,0,home
E0003008,P000729,F03,PR0040,inpatient,emergency_admission,2026-04-15 20:54:00,2026-04-19 10:37:00,4,home
E0003009,P001185,F07,PR0070,outpatient,acute_episode,2026-04-16 08:00:00,2026-04-16 09:03:00,0,home
E0003010,P000592,F15,PR0097,outpatient,chronic_management,2026-04-16 10:15:00,2026-04-16 10:58:00,0,home
E0003011,P000786,F04,PR0058,outpatient,chronic_management,2026-04-16 14:15:00,2026-04-16 14:42:00,0,home
E0003012,P000972,F09,PR0078,outpatient,post_discharge_followup,2026-04-16 16:30:00,2026-04-16 17:33:00,0,home
E0003013,P001002,F08,PR0074,outpatient,chronic_management,2026-04-16 16:30:00,2026-04-16 16:55:00,0,home
E0003014,P000815,F02,PR0033,ED,emergency,2026-04-17 08:07:00,2026-04-17 13:07:00,0,admitted
E0003015,P000991,F09,PR0078,outpatient,chronic_management,2026-04-17 08:30:00,2026-04-17 09:42:00,0,home
E0003016,P001225,F03,PR0051,ED,emergency,2026-04-17 08:47:00,2026-04-17 12:47:00,0,admitted
E0003017,P000656,F10,PR0081,outpatient,acute_episode,2026-04-17 09:15:00,2026-04-17 09:39:00,0,home
E0003018,P001273,F06,PR0066,outpatient,chronic_management,2026-04-17 10:00:00,2026-04-17 10:52:00,0,home
E0003019,P001316,F14,PR0095,outpatient,chronic_management,2026-04-17 10:15:00,2026-04-17 11:07:00,0,home
E0003020,P001077,F01,PR0013,ED,emergency,2026-04-17 10:54:00,2026-04-17 15:57:00,0,home
E0003021,P001225,F03,PR0038,inpatient,emergency_admission,2026-04-17 12:47:00,2026-04-21 10:38:00,4,expired
E0003022,P000815,F02,PR0022,inpatient,emergency_admission,2026-04-17 13:07:00,2026-04-19 11:34:00,2,home_health
E0003023,P000941,F10,PR0082,outpatient,post_discharge_followup,2026-04-17 14:15:00,2026-04-17 15:20:00,0,home
E0003024,P001331,F06,PR0065,outpatient,preventive,2026-04-17 14:45:00,2026-04-17 15:36:00,0,home
E0003025,P001105,F09,PR0077,outpatient,chronic_management,2026-04-17 15:30:00,2026-04-17 16:23:00,0,home
E0003026,P000212,F01,PR0002,inpatient,elective_admission,2026-04-17 15:45:00,2026-04-19 12:55:00,2,home_health
E0003027,P001389,F01,PR0014,ED,emergency,2026-04-17 16:32:00,2026-04-17 22:32:00,0,admitted
E0003028,P001228,F01,PR0018,ED,emergency,2026-04-17 19:15:00,2026-04-18 00:25:00,0,home
E0003029,P001389,F01,PR0006,inpatient,emergency_admission,2026-04-17 22:32:00,2026-04-19 16:56:00,2,rehab
E0003030,P001106,F03,PR0049,ED,emergency,2026-04-18 14:11:00,2026-04-18 19:50:00,0,home
E0003031,P000860,F01,PR0018,ED,emergency,2026-04-19 05:16:00,2026-04-19 07:16:00,0,admitted
E0003032,P000860,F01,PR0004,inpatient,emergency_admission,2026-04-19 07:16:00,2026-04-24 12:50:00,5,snf
E0003033,P001349,F02,PR0035,ED,emergency,2026-04-19 08:35:00,2026-04-19 10:35:00,0,home
E0003034,P000723,F01,PR0013,ED,emergency,2026-04-20 06:44:00,2026-04-20 12:44:00,0,admitted
E0003035,P000064,F07,PR0070,outpatient,chronic_management,2026-04-20 09:00:00,2026-04-20 09:29:00,0,home
E0003036,P000932,F05,PR0061,outpatient,chronic_management,2026-04-20 09:00:00,2026-04-20 10:11:00,0,home
E0003037,P001111,F08,PR0072,outpatient,preventive,2026-04-20 10:30:00,2026-04-20 11:10:00,0,home
E0003038,P000754,F06,PR0063,outpatient,acute_episode,2026-04-20 10:45:00,2026-04-20 11:49:00,0,home
E0003039,P000723,F01,PR0007,inpatient,emergency_admission,2026-04-20 12:44:00,2026-04-25 11:54:00,5,snf
E0003040,P000069,F07,PR0068,outpatient,preventive,2026-04-20 13:15:00,2026-04-20 13:39:00,0,home
E0003041,P001381,F04,PR0056,outpatient,chronic_management,2026-04-20 14:00:00,2026-04-20 14:29:00,0,home
E0003042,P001053,F04,PR0056,outpatient,chronic_management,2026-04-20 14:45:00,2026-04-20 15:45:00,0,home
E0003043,P001061,F10,PR0080,outpatient,post_discharge_followup,2026-04-20 16:30:00,2026-04-20 17:07:00,0,home
E0003044,P001022,F03,PR0050,ED,emergency,2026-04-20 17:01:00,2026-04-20 22:38:00,0,home
E0003045,P000427,F01,PR0014,ED,emergency,2026-04-20 20:55:00,2026-04-21 00:14:00,0,home
E0003046,P000075,F02,PR0035,ED,emergency,2026-04-21 07:55:00,2026-04-21 15:03:00,0,home
E0003047,P001176,F09,PR0076,outpatient,preventive,2026-04-21 09:15:00,2026-04-21 10:04:00,0,home
E0003048,P000202,F07,PR0069,outpatient,chronic_management,2026-04-21 12:30:00,2026-04-21 12:57:00,0,home
E0003049,P000874,F09,PR0076,outpatient,acute_episode,2026-04-21 15:30:00,2026-04-21 16:30:00,0,home
E0003050,P000552,F01,PR0001,inpatient,direct_admission,2026-04-21 20:04:00,2026-04-25 14:53:00,4,home
E0003051,P000434,F03,PR0047,outpatient,chronic_management,2026-04-22 08:00:00,2026-04-22 08:46:00,0,home
E0003052,P001400,F08,PR0073,outpatient,chronic_management,2026-04-22 09:15:00,2026-04-22 09:54:00,0,home
E0003053,P001105,F12,PR0088,outpatient,acute_episode,2026-04-22 10:30:00,2026-04-22 10:58:00,0,home
E0003054,P000543,F08,PR0074,outpatient,preventive,2026-04-22 11:45:00,2026-04-22 12:17:00,0,home
E0003055,P000775,F02,PR0035,ED,emergency,2026-04-22 12:12:00,2026-04-22 18:12:00,0,admitted
E0003056,P000447,F07,PR0070,outpatient,preventive,2026-04-22 13:00:00,2026-04-22 14:02:00,0,home
E0003057,P001248,F04,PR0058,outpatient,acute_episode,2026-04-22 13:45:00,2026-04-22 14:38:00,0,home
E0003058,P000729,F06,PR0064,outpatient,post_discharge_followup,2026-04-22 14:15:00,2026-04-22 14:43:00,0,home
E0003059,P000839,F07,PR0067,outpatient,acute_episode,2026-04-22 14:45:00,2026-04-22 15:38:00,0,home
E0003060,P001108,F08,PR0072,outpatient,chronic_management,2026-04-22 15:15:00,2026-04-22 15:48:00,0,home
E0003061,P000775,F02,PR0023,inpatient,emergency_admission,2026-04-22 18:12:00,2026-04-28 12:33:00,6,home
E0003062,P000935,F15,PR0097,outpatient,chronic_management,2026-04-23 08:00:00,2026-04-23 08:53:00,0,home
E0003063,P001028,F05,PR0060,outpatient,chronic_management,2026-04-23 09:45:00,2026-04-23 10:53:00,0,home
E0003064,P000841,F06,PR0066,outpatient,acute_episode,2026-04-23 12:45:00,2026-04-23 13:59:00,0,home
E0003065,P000942,F07,PR0070,outpatient,chronic_management,2026-04-23 13:15:00,2026-04-23 14:15:00,0,home
E0003066,P001274,F01,PR0017,ED,emergency,2026-04-23 13:54:00,2026-04-23 20:54:00,0,admitted
E0003067,P001274,F01,PR0002,inpatient,emergency_admission,2026-04-23 20:54:00,2026-04-26 16:29:00,3,rehab
E0003068,P000279,F02,PR0033,ED,emergency,2026-04-23 21:15:00,2026-04-23 23:15:00,0,admitted
E0003069,P000279,F02,PR0023,inpatient,emergency_admission,2026-04-23 23:15:00,2026-04-27 12:31:00,4,home
E0003070,P000271,F01,PR0017,ED,emergency,2026-04-24 05:17:00,2026-04-24 08:17:00,0,admitted
E0003071,P000411,F10,PR0080,outpatient,chronic_management,2026-04-24 08:00:00,2026-04-24 09:05:00,0,home
E0003072,P000271,F01,PR0001,inpatient,emergency_admission,2026-04-24 08:17:00,2026-04-28 11:18:00,4,home
E0003073,P000286,F06,PR0064,outpatient,preventive,2026-04-24 08:30:00,2026-04-24 09:15:00,0,home
E0003074,P001242,F02,PR0036,ED,emergency,2026-04-24 08:59:00,2026-04-24 15:59:00,0,admitted
E0003075,P000990,F07,PR0067,outpatient,preventive,2026-04-24 09:00:00,2026-04-24 09:42:00,0,home
E0003076,P001331,F13,PR0092,outpatient,acute_episode,2026-04-24 09:15:00,2026-04-24 09:35:00,0,home
E0003077,P000957,F10,PR0082,outpatient,chronic_management,2026-04-24 09:30:00,2026-04-24 10:33:00,0,home
E0003078,P000960,F09,PR0077,outpatient,chronic_management,2026-04-24 10:30:00,2026-04-24 11:19:00,0,home
E0003079,P001186,F08,PR0073,outpatient,chronic_management,2026-04-24 10:30:00,2026-04-24 11:31:00,0,home
E0003080,P000083,F11,PR0083,outpatient,acute_episode,2026-04-24 12:15:00,2026-04-24 12:42:00,0,home
E0003081,P000174,F06,PR0066,outpatient,chronic_management,2026-04-24 13:00:00,2026-04-24 13:48:00,0,home
E0003082,P000779,F04,PR0055,outpatient,acute_episode,2026-04-24 14:45:00,2026-04-24 15:14:00,0,home
E0003083,P000236,F06,PR0063,outpatient,preventive,2026-04-24 15:30:00,2026-04-24 16:09:00,0,home
E0003084,P001242,F02,PR0027,inpatient,emergency_admission,2026-04-24 15:59:00,2026-05-04 15:03:00,10,home
E0003085,P000544,F03,PR0048,outpatient,preventive,2026-04-24 16:15:00,2026-04-24 16:57:00,0,home
E0003086,P000158,F01,PR0018,ED,emergency,2026-04-24 19:25:00,2026-04-25 00:42:00,0,ama
E0003087,P000812,F03,PR0041,inpatient,elective_admission,2026-04-25 00:42:00,2026-04-29 15:15:00,4,home
E0003088,P000480,F02,PR0035,ED,emergency,2026-04-25 08:11:00,2026-04-25 14:11:00,0,admitted
E0003089,P000480,F02,PR0023,inpatient,emergency_admission,2026-04-25 14:11:00,2026-04-29 15:10:00,4,home
E0003090,P000439,F02,PR0031,ED,emergency,2026-04-26 04:05:00,2026-04-26 11:05:00,0,admitted
E0003091,P000439,F02,PR0026,inpatient,emergency_admission,2026-04-26 11:05:00,2026-05-03 14:37:00,7,ama
E0003092,P000193,F10,PR0080,outpatient,chronic_management,2026-04-27 08:15:00,2026-04-27 08:45:00,0,home
E0003093,P000603,F08,PR0072,outpatient,preventive,2026-04-27 08:15:00,2026-04-27 09:09:00,0,home
E0003094,P000501,F06,PR0065,outpatient,preventive,2026-04-27 09:15:00,2026-04-27 09:49:00,0,home
E0003095,P000303,F15,PR0097,outpatient,preventive,2026-04-27 10:45:00,2026-04-27 11:40:00,0,home
E0003096,P000245,F01,PR0013,ED,emergency,2026-04-27 11:06:00,2026-04-27 15:22:00,0,home
E0003097,P001184,F02,PR0034,ED,emergency,2026-04-27 12:27:00,2026-04-27 16:39:00,0,home
E0003098,P000173,F10,PR0081,outpatient,chronic_management,2026-04-27 13:15:00,2026-04-27 14:18:00,0,home
E0003099,P001175,F04,PR0058,outpatient,acute_episode,2026-04-27 14:00:00,2026-04-27 14:24:00,0,home
E0003100,P000172,F03,PR0051,ED,emergency,2026-04-28 06:42:00,2026-04-28 08:42:00,0,admitted
E0003101,P000136,F11,PR0083,outpatient,preventive,2026-04-28 08:30:00,2026-04-28 09:24:00,0,home
E0003102,P000172,F03,PR0039,inpatient,emergency_admission,2026-04-28 08:42:00,2026-05-07 14:29:00,9,home
E0003103,P000245,F15,PR0097,outpatient,chronic_management,2026-04-28 08:45:00,2026-04-28 09:20:00,0,home
E0003104,P000742,F15,PR0098,outpatient,preventive,2026-04-28 09:15:00,2026-04-28 09:45:00,0,home
E0003105,P000552,F04,PR0057,outpatient,post_discharge_followup,2026-04-28 11:45:00,2026-04-28 12:34:00,0,home
E0003106,P000493,F08,PR0072,outpatient,chronic_management,2026-04-28 12:30:00,2026-04-28 13:37:00,0,home
E0003107,P001154,F07,PR0070,outpatient,chronic_management,2026-04-28 13:15:00,2026-04-28 14:07:00,0,home
E0003108,P001271,F15,PR0098,outpatient,preventive,2026-04-28 13:30:00,2026-04-28 13:56:00,0,home
E0003109,P000910,F12,PR0088,outpatient,acute_episode,2026-04-28 13:45:00,2026-04-28 14:49:00,0,home
E0003110,P000675,F04,PR0058,outpatient,preventive,2026-04-28 15:15:00,2026-04-28 15:48:00,0,home
E0003111,P000459,F08,PR0073,outpatient,preventive,2026-04-29 11:00:00,2026-04-29 11:49:00,0,home
E0003112,P000402,F09,PR0078,outpatient,chronic_management,2026-04-29 12:30:00,2026-04-29 13:43:00,0,home
E0003113,P000897,F09,PR0078,outpatient,preventive,2026-04-29 13:45:00,2026-04-29 14:17:00,0,home
E0003114,P000337,F06,PR0063,outpatient,chronic_management,2026-04-29 14:45:00,2026-04-29 15:31:00,0,home
E0003115,P000357,F05,PR0060,outpatient,preventive,2026-04-29 15:00:00,2026-04-29 15:40:00,0,home
E0003116,P000554,F15,PR0097,outpatient,acute_episode,2026-04-29 15:15:00,2026-04-29 15:52:00,0,home
E0003117,P000724,F06,PR0063,outpatient,preventive,2026-04-29 15:30:00,2026-04-29 16:40:00,0,home
E0003118,P000140,F09,PR0076,outpatient,chronic_management,2026-04-30 08:00:00,2026-04-30 08:28:00,0,home
E0003119,P000458,F07,PR0069,outpatient,chronic_management,2026-04-30 10:15:00,2026-04-30 10:57:00,0,home
E0003120,P000212,F09,PR0078,outpatient,preventive,2026-04-30 12:00:00,2026-04-30 12:21:00,0,home
E0003121,P000857,F15,PR0098,outpatient,chronic_management,2026-04-30 13:00:00,2026-04-30 13:59:00,0,home
E0003122,P001361,F07,PR0070,outpatient,preventive,2026-04-30 14:45:00,2026-04-30 15:30:00,0,home
E0003123,P000411,F01,PR0002,inpatient,elective_admission,2026-04-30 18:01:00,2026-05-06 10:24:00,6,rehab
E0003124,P000056,F07,PR0070,outpatient,preventive,2026-05-01 10:00:00,2026-05-01 10:47:00,0,home
E0003125,P000427,F09,PR0075,outpatient,acute_episode,2026-05-01 10:00:00,2026-05-01 10:22:00,0,home
E0003126,P001209,F07,PR0070,outpatient,acute_episode,2026-05-01 12:45:00,2026-05-01 13:26:00,0,home
E0003127,P000466,F01,PR0010,outpatient,chronic_management,2026-05-01 13:45:00,2026-05-01 14:14:00,0,home
E0003128,P001324,F01,PR0013,ED,emergency,2026-05-02 13:28:00,2026-05-02 18:14:00,0,home
E0003129,P000450,F02,PR0025,inpatient,elective_admission,2026-05-02 15:26:00,2026-05-05 12:16:00,3,home
E0003130,P000047,F02,PR0032,ED,emergency,2026-05-02 21:29:00,2026-05-03 00:29:00,0,admitted
E0003131,P000047,F02,PR0024,inpatient,emergency_admission,2026-05-03 00:29:00,2026-05-10 14:14:00,7,home_health
E0003132,P000218,F02,PR0021,inpatient,elective_admission,2026-05-03 21:33:00,2026-05-06 14:34:00,3,hospice
E0003133,P000051,F01,PR0016,ED,emergency,2026-05-04 11:57:00,2026-05-04 18:57:00,0,admitted
E0003134,P001071,F01,PR0018,ED,emergency,2026-05-04 12:23:00,2026-05-04 18:09:00,0,home
E0003135,P000142,F06,PR0066,outpatient,acute_episode,2026-05-04 12:30:00,2026-05-04 12:51:00,0,home
E0003136,P000875,F06,PR0064,outpatient,acute_episode,2026-05-04 12:30:00,2026-05-04 13:41:00,0,home
E0003137,P000975,F02,PR0033,ED,emergency,2026-05-04 13:14:00,2026-05-04 17:14:00,0,admitted
E0003138,P000975,F02,PR0022,inpatient,emergency_admission,2026-05-04 17:14:00,2026-05-05 10:55:00,1,home
E0003139,P000051,F01,PR0003,inpatient,emergency_admission,2026-05-04 18:57:00,2026-05-11 15:35:00,7,home_health
E0003140,P000595,F06,PR0064,outpatient,chronic_management,2026-05-05 08:15:00,2026-05-05 09:17:00,0,home
E0003141,P000145,F04,PR0057,outpatient,chronic_management,2026-05-05 09:45:00,2026-05-05 10:43:00,0,home
E0003142,P000524,F03,PR0048,outpatient,chronic_management,2026-05-05 11:00:00,2026-05-05 12:12:00,0,home
E0003143,P001210,F15,PR0098,outpatient,chronic_management,2026-05-05 11:15:00,2026-05-05 12:28:00,0,home
E0003144,P001230,F04,PR0057,outpatient,post_discharge_followup,2026-05-05 11:45:00,2026-05-05 12:34:00,0,home
E0003145,P000480,F10,PR0079,outpatient,post_discharge_followup,2026-05-05 13:00:00,2026-05-05 13:32:00,0,home
E0003146,P000343,F11,PR0083,outpatient,acute_episode,2026-05-05 14:45:00,2026-05-05 15:45:00,0,home
E0003147,P000299,F10,PR0080,outpatient,preventive,2026-05-05 16:30:00,2026-05-05 17:04:00,0,home
E0003148,P000526,F01,PR0018,ED,emergency,2026-05-05 22:17:00,2026-05-06 01:17:00,0,admitted
E0003149,P001066,F02,PR0036,ED,emergency,2026-05-05 23:37:00,2026-05-06 03:42:00,0,home
E0003150,P000526,F01,PR0007,inpatient,emergency_admission,2026-05-06 01:17:00,2026-05-11 16:52:00,5,home
E0003151,P001304,F02,PR0031,ED,emergency,2026-05-06 09:40:00,2026-05-06 11:40:00,0,admitted
E0003152,P000688,F08,PR0072,outpatient,chronic_management,2026-05-06 10:30:00,2026-05-06 11:11:00,0,home
E0003153,P001304,F02,PR0020,inpatient,emergency_admission,2026-05-06 11:40:00,2026-05-08 14:55:00,2,home
E0003154,P001180,F07,PR0068,outpatient,chronic_management,2026-05-06 15:30:00,2026-05-06 16:33:00,0,home
E0003155,P000258,F01,PR0018,ED,emergency,2026-05-06 15:53:00,2026-05-06 17:53:00,0,admitted
E0003156,P000480,F02,PR0033,ED,emergency,2026-05-06 17:12:00,2026-05-06 20:12:00,0,admitted
E0003157,P000258,F01,PR0001,inpatient,emergency_admission,2026-05-06 17:53:00,2026-05-08 10:58:00,2,home
E0003158,P000808,F02,PR0022,inpatient,direct_admission,2026-05-06 19:50:00,2026-05-13 10:30:00,7,home
E0003159,P000480,F02,PR0022,inpatient,emergency_admission,2026-05-06 20:12:00,2026-05-11 12:07:00,5,home
E0003160,P001176,F09,PR0075,outpatient,acute_episode,2026-05-07 08:15:00,2026-05-07 09:04:00,0,home
E0003161,P000481,F02,PR0033,ED,emergency,2026-05-07 09:39:00,2026-05-07 12:39:00,0,admitted
E0003162,P000687,F04,PR0058,outpatient,chronic_management,2026-05-07 10:00:00,2026-05-07 10:42:00,0,home
E0003163,P000455,F09,PR0077,outpatient,preventive,2026-05-07 11:15:00,2026-05-07 12:29:00,0,home
E0003164,P000481,F02,PR0019,inpatient,emergency_admission,2026-05-07 12:39:00,2026-05-11 12:47:00,4,home
E0003165,P000825,F01,PR0006,inpatient,elective_admission,2026-05-07 14:25:00,2026-05-13 16:42:00,6,home
E0003166,P000054,F01,PR0004,outpatient,acute_episode,2026-05-08 08:15:00,2026-05-08 09:12:00,0,home
E0003167,P001178,F08,PR0073,outpatient,chronic_management,2026-05-08 10:00:00,2026-05-08 11:07:00,0,home
E0003168,P000237,F07,PR0070,outpatient,chronic_management,2026-05-08 12:15:00,2026-05-08 13:22:00,0,home
E0003169,P001242,F10,PR0080,outpatient,post_discharge_followup,2026-05-08 12:30:00,2026-05-08 12:53:00,0,home
E0003170,P001273,F02,PR0020,outpatient,chronic_management,2026-05-08 12:45:00,2026-05-08 13:32:00,0,home
E0003171,P000754,F06,PR0066,outpatient,acute_episode,2026-05-08 14:00:00,2026-05-08 14:47:00,0,home
E0003172,P000033,F04,PR0058,outpatient,chronic_management,2026-05-08 14:45:00,2026-05-08 15:22:00,0,home
E0003173,P001047,F03,PR0049,ED,emergency,2026-05-08 14:59:00,2026-05-08 21:23:00,0,home
E0003174,P000420,F01,PR0006,outpatient,preventive,2026-05-08 15:45:00,2026-05-08 16:49:00,0,home
E0003175,P000217,F05,PR0062,outpatient,acute_episode,2026-05-08 16:30:00,2026-05-08 17:12:00,0,home
E0003176,P000812,F03,PR0051,ED,emergency,2026-05-08 22:41:00,2026-05-09 00:41:00,0,admitted
E0003177,P000812,F03,PR0040,inpatient,emergency_admission,2026-05-09 00:41:00,2026-05-11 16:55:00,2,hospice
E0003178,P001371,F04,PR0055,outpatient,chronic_management,2026-05-11 08:00:00,2026-05-11 09:08:00,0,home
E0003179,P000279,F05,PR0061,outpatient,post_discharge_followup,2026-05-11 10:00:00,2026-05-11 10:41:00,0,home
E0003180,P000172,F15,PR0097,outpatient,post_discharge_followup,2026-05-11 10:15:00,2026-05-11 10:51:00,0,home
E0003181,P000174,F08,PR0074,outpatient,chronic_management,2026-05-11 10:30:00,2026-05-11 11:33:00,0,home
E0003182,P000775,F05,PR0062,outpatient,post_discharge_followup,2026-05-11 11:30:00,2026-05-11 12:37:00,0,home
E0003183,P000438,F05,PR0059,outpatient,chronic_management,2026-05-11 11:45:00,2026-05-11 12:11:00,0,home
E0003184,P000890,F01,PR0018,ED,emergency,2026-05-11 12:18:00,2026-05-11 18:29:00,0,home
E0003185,P000699,F14,PR0094,outpatient,preventive,2026-05-11 12:45:00,2026-05-11 13:07:00,0,home
E0003186,P000778,F05,PR0061,outpatient,preventive,2026-05-11 14:00:00,2026-05-11 14:50:00,0,home
E0003187,P001162,F02,PR0031,ED,emergency,2026-05-11 14:14:00,2026-05-11 20:27:00,0,home
E0003188,P000905,F14,PR0093,outpatient,chronic_management,2026-05-12 08:45:00,2026-05-12 09:21:00,0,home
E0003189,P001132,F15,PR0099,outpatient,preventive,2026-05-12 09:00:00,2026-05-12 09:24:00,0,home
E0003190,P001072,F08,PR0074,outpatient,preventive,2026-05-12 10:15:00,2026-05-12 10:36:00,0,home
E0003191,P000299,F01,PR0017,ED,emergency,2026-05-12 13:00:00,2026-05-12 19:00:00,0,admitted
E0003192,P000147,F07,PR0068,outpatient,preventive,2026-05-12 13:45:00,2026-05-12 14:10:00,0,home
E0003193,P000321,F07,PR0068,outpatient,acute_episode,2026-05-12 15:30:00,2026-05-12 16:35:00,0,home
E0003194,P000181,F15,PR0099,outpatient,acute_episode,2026-05-12 15:45:00,2026-05-12 16:58:00,0,home
E0003195,P000299,F01,PR0007,inpatient,emergency_admission,2026-05-12 19:00:00,2026-05-14 16:21:00,2,hospice
E0003196,P000722,F08,PR0071,outpatient,acute_episode,2026-05-13 09:00:00,2026-05-13 09:27:00,0,home
E0003197,P000250,F01,PR0014,ED,emergency,2026-05-13 09:53:00,2026-05-13 15:53:00,0,admitted
E0003198,P000782,F02,PR0025,inpatient,elective_admission,2026-05-13 10:44:00,2026-05-16 13:53:00,3,home
E0003199,P001051,F04,PR0057,outpatient,acute_episode,2026-05-13 13:00:00,2026-05-13 14:07:00,0,home
E0003200,P000640,F08,PR0071,outpatient,acute_episode,2026-05-13 15:45:00,2026-05-13 16:18:00,0,home
E0003201,P000250,F01,PR0006,inpatient,emergency_admission,2026-05-13 15:53:00,2026-05-16 11:29:00,3,home_health
E0003202,P000988,F01,PR0013,ED,emergency,2026-05-13 23:56:00,2026-05-14 03:56:00,0,admitted
E0003203,P000988,F01,PR0005,inpatient,emergency_admission,2026-05-14 03:56:00,2026-05-18 10:17:00,4,rehab
E0003204,P000143,F01,PR0016,ED,emergency,2026-05-14 07:00:00,2026-05-14 10:00:00,0,admitted
E0003205,P000825,F07,PR0067,outpatient,preventive,2026-05-14 08:45:00,2026-05-14 09:58:00,0,home
E0003206,P001294,F06,PR0066,outpatient,preventive,2026-05-14 09:30:00,2026-05-14 09:57:00,0,home
E0003207,P000143,F01,PR0005,inpatient,emergency_admission,2026-05-14 10:00:00,2026-05-21 11:23:00,7,home
E0003208,P000753,F03,PR0038,outpatient,chronic_management,2026-05-14 10:15:00,2026-05-14 10:39:00,0,home
E0003209,P000439,F09,PR0075,outpatient,chronic_management,2026-05-14 10:30:00,2026-05-14 11:07:00,0,home
E0003210,P001210,F15,PR0097,outpatient,preventive,2026-05-14 10:45:00,2026-05-14 11:07:00,0,home
E0003211,P000481,F09,PR0078,outpatient,post_discharge_followup,2026-05-14 12:30:00,2026-05-14 13:33:00,0,home
E0003212,P000047,F04,PR0056,outpatient,post_discharge_followup,2026-05-14 15:45:00,2026-05-14 16:47:00,0,home
E0003213,P001391,F11,PR0084,outpatient,chronic_management,2026-05-14 16:00:00,2026-05-14 17:09:00,0,home
E0003214,P001331,F14,PR0096,outpatient,preventive,2026-05-15 09:30:00,2026-05-15 10:31:00,0,home
E0003215,P000664,F04,PR0056,outpatient,preventive,2026-05-15 10:00:00,2026-05-15 10:40:00,0,home
E0003216,P001256,F15,PR0097,outpatient,acute_episode,2026-05-15 10:00:00,2026-05-15 10:59:00,0,home
E0003217,P001273,F06,PR0064,outpatient,chronic_management,2026-05-15 10:45:00,2026-05-15 11:45:00,0,home
E0003218,P001183,F02,PR0023,outpatient,preventive,2026-05-15 11:30:00,2026-05-15 12:38:00,0,home
E0003219,P000483,F11,PR0085,outpatient,preventive,2026-05-15 11:45:00,2026-05-15 12:43:00,0,home
E0003220,P000286,F03,PR0054,ED,emergency,2026-05-15 11:47:00,2026-05-15 18:47:00,0,admitted
E0003221,P000051,F11,PR0085,outpatient,post_discharge_followup,2026-05-15 13:15:00,2026-05-15 14:29:00,0,home
E0003222,P000440,F06,PR0065,outpatient,acute_episode,2026-05-15 13:30:00,2026-05-15 13:54:00,0,home
E0003223,P000916,F09,PR0076,outpatient,chronic_management,2026-05-15 14:00:00,2026-05-15 15:02:00,0,home
E0003224,P000825,F07,PR0070,outpatient,post_discharge_followup,2026-05-15 14:15:00,2026-05-15 15:29:00,0,home
E0003225,P001253,F01,PR0009,outpatient,preventive,2026-05-15 14:45:00,2026-05-15 15:51:00,0,home
E0003226,P000578,F09,PR0075,outpatient,acute_episode,2026-05-15 15:00:00,2026-05-15 15:59:00,0,home
E0003227,P000808,F10,PR0080,outpatient,post_discharge_followup,2026-05-15 15:15:00,2026-05-15 16:27:00,0,home
E0003228,P000469,F06,PR0066,outpatient,acute_episode,2026-05-15 16:15:00,2026-05-15 17:11:00,0,home
E0003229,P000268,F05,PR0059,outpatient,chronic_management,2026-05-15 16:45:00,2026-05-15 17:07:00,0,home
E0003230,P000286,F03,PR0043,inpatient,emergency_admission,2026-05-15 18:47:00,2026-05-21 10:40:00,6,home
E0003231,P000717,F01,PR0013,ED,emergency,2026-05-16 03:20:00,2026-05-16 10:20:00,0,admitted
E0003232,P000717,F01,PR0010,inpatient,emergency_admission,2026-05-16 10:20:00,2026-05-21 17:04:00,5,hospice
E0003233,P000190,F01,PR0005,inpatient,elective_admission,2026-05-16 10:37:00,2026-05-19 12:15:00,3,snf
E0003234,P000191,F02,PR0020,inpatient,elective_admission,2026-05-16 15:05:00,2026-05-20 10:56:00,4,home
E0003235,P000222,F03,PR0054,ED,emergency,2026-05-16 22:27:00,2026-05-17 04:55:00,0,home
E0003236,P000095,F01,PR0015,ED,emergency,2026-05-17 22:22:00,2026-05-18 04:22:00,0,admitted
E0003237,P000147,F01,PR0013,ED,emergency,2026-05-18 01:25:00,2026-05-18 08:44:00,0,home
E0003238,P000011,F03,PR0052,ED,emergency,2026-05-18 02:02:00,2026-05-18 09:02:00,0,admitted
E0003239,P000095,F01,PR0001,inpatient,emergency_admission,2026-05-18 04:22:00,2026-05-25 16:39:00,7,snf
E0003240,P000882,F01,PR0015,ED,emergency,2026-05-18 05:47:00,2026-05-18 09:47:00,0,admitted
E0003241,P000011,F03,PR0038,inpatient,emergency_admission,2026-05-18 09:02:00,2026-05-20 15:28:00,2,home
E0003242,P000882,F01,PR0007,inpatient,emergency_admission,2026-05-18 09:47:00,2026-05-20 12:06:00,2,snf
E0003243,P000450,F09,PR0077,outpatient,post_discharge_followup,2026-05-18 10:15:00,2026-05-18 11:16:00,0,home
E0003244,P000641,F15,PR0097,outpatient,preventive,2026-05-18 11:00:00,2026-05-18 11:50:00,0,home
E0003245,P001134,F07,PR0068,outpatient,acute_episode,2026-05-18 11:30:00,2026-05-18 11:50:00,0,home
E0003246,P001348,F01,PR0016,ED,emergency,2026-05-18 12:15:00,2026-05-18 16:15:00,0,admitted
E0003247,P001037,F06,PR0066,outpatient,preventive,2026-05-18 15:15:00,2026-05-18 16:25:00,0,home
E0003248,P000647,F09,PR0075,outpatient,acute_episode,2026-05-18 16:15:00,2026-05-18 16:56:00,0,home
E0003249,P001348,F01,PR0004,inpatient,emergency_admission,2026-05-18 16:15:00,2026-05-21 13:19:00,3,home
E0003250,P001188,F13,PR0090,outpatient,preventive,2026-05-18 16:45:00,2026-05-18 17:54:00,0,home
E0003251,P000589,F04,PR0055,outpatient,preventive,2026-05-19 08:15:00,2026-05-19 08:38:00,0,home
E0003252,P000782,F10,PR0081,outpatient,acute_episode,2026-05-19 09:15:00,2026-05-19 10:03:00,0,home
E0003253,P000558,F14,PR0095,outpatient,chronic_management,2026-05-19 13:15:00,2026-05-19 14:19:00,0,home
E0003254,P000606,F07,PR0069,outpatient,acute_episode,2026-05-19 15:00:00,2026-05-19 16:09:00,0,home
E0003255,P000281,F01,PR0017,ED,emergency,2026-05-19 18:56:00,2026-05-19 23:30:00,0,home
E0003256,P000439,F02,PR0034,ED,emergency,2026-05-19 19:32:00,2026-05-20 01:32:00,0,admitted
E0003257,P000439,F02,PR0021,inpatient,emergency_admission,2026-05-20 01:32:00,2026-05-26 14:54:00,6,home
E0003258,P000782,F10,PR0080,outpatient,post_discharge_followup,2026-05-20 10:30:00,2026-05-20 11:16:00,0,home
E0003259,P000187,F07,PR0067,outpatient,chronic_management,2026-05-20 10:45:00,2026-05-20 11:51:00,0,home
E0003260,P001234,F05,PR0062,outpatient,chronic_management,2026-05-20 10:45:00,2026-05-20 11:45:00,0,home
E0003261,P000488,F04,PR0056,outpatient,acute_episode,2026-05-20 11:15:00,2026-05-20 11:44:00,0,home
E0003262,P001061,F10,PR0079,outpatient,chronic_management,2026-05-20 11:15:00,2026-05-20 12:00:00,0,home
E0003263,P000480,F10,PR0081,outpatient,acute_episode,2026-05-20 11:30:00,2026-05-20 11:58:00,0,home
E0003264,P000759,F03,PR0042,outpatient,chronic_management,2026-05-20 16:15:00,2026-05-20 16:50:00,0,home
E0003265,P000656,F02,PR0036,ED,emergency,2026-05-20 16:59:00,2026-05-20 20:59:00,0,admitted
E0003266,P000656,F02,PR0024,inpatient,emergency_admission,2026-05-20 20:59:00,2026-05-26 17:21:00,6,home
E0003267,P000183,F05,PR0060,outpatient,preventive,2026-05-21 08:30:00,2026-05-21 08:51:00,0,home
E0003268,P000773,F09,PR0078,outpatient,acute_episode,2026-05-21 08:30:00,2026-05-21 09:43:00,0,home
E0003269,P000807,F04,PR0055,outpatient,chronic_management,2026-05-21 08:30:00,2026-05-21 09:02:00,0,home
E0003270,P000191,F06,PR0065,outpatient,post_discharge_followup,2026-05-21 14:00:00,2026-05-21 14:42:00,0,home
E0003271,P000224,F02,PR0021,inpatient,direct_admission,2026-05-21 15:06:00,2026-05-24 11:14:00,3,home
E0003272,P000885,F05,PR0061,outpatient,preventive,2026-05-21 15:15:00,2026-05-21 15:53:00,0,home
E0003273,P000452,F11,PR0085,outpatient,preventive,2026-05-21 16:15:00,2026-05-21 17:16:00,0,home
E0003274,P001068,F04,PR0057,outpatient,preventive,2026-05-22 10:00:00,2026-05-22 10:53:00,0,home
E0003275,P001215,F01,PR0010,outpatient,chronic_management,2026-05-22 10:30:00,2026-05-22 11:30:00,0,home
E0003276,P001210,F15,PR0098,outpatient,chronic_management,2026-05-22 15:15:00,2026-05-22 15:43:00,0,home
E0003277,P000747,F02,PR0033,ED,emergency,2026-05-22 19:45:00,2026-05-23 04:15:00,0,home
E0003278,P001209,F02,PR0032,ED,emergency,2026-05-23 06:28:00,2026-05-23 13:57:00,0,home
E0003279,P001268,F01,PR0002,inpatient,direct_admission,2026-05-23 13:19:00,2026-05-28 11:09:00,5,ama
E0003280,P000603,F03,PR0051,ED,emergency,2026-05-23 16:55:00,2026-05-23 19:47:00,0,home
E0003281,P000440,F08,PR0074,outpatient,preventive,2026-05-25 08:30:00,2026-05-25 09:40:00,0,home
E0003282,P000539,F09,PR0077,outpatient,acute_episode,2026-05-25 09:15:00,2026-05-25 10:04:00,0,home
E0003283,P000250,F08,PR0071,outpatient,post_discharge_followup,2026-05-25 09:30:00,2026-05-25 10:40:00,0,home
E0003284,P000311,F08,PR0071,outpatient,preventive,2026-05-25 10:30:00,2026-05-25 11:33:00,0,home
E0003285,P000994,F04,PR0056,outpatient,chronic_management,2026-05-25 11:15:00,2026-05-25 11:59:00,0,home
E0003286,P001348,F06,PR0065,outpatient,post_discharge_followup,2026-05-25 12:45:00,2026-05-25 13:16:00,0,home
E0003287,P000235,F05,PR0060,outpatient,chronic_management,2026-05-25 13:15:00,2026-05-25 13:43:00,0,home
E0003288,P001372,F09,PR0078,outpatient,preventive,2026-05-25 16:15:00,2026-05-25 16:44:00,0,home
E0003289,P000688,F02,PR0035,ED,emergency,2026-05-26 04:12:00,2026-05-26 07:12:00,0,admitted
E0003290,P000688,F02,PR0023,inpatient,emergency_admission,2026-05-26 07:12:00,2026-05-29 12:54:00,3,home
E0003291,P000143,F11,PR0086,outpatient,post_discharge_followup,2026-05-26 08:45:00,2026-05-26 09:48:00,0,home
E0003292,P000240,F07,PR0068,outpatient,preventive,2026-05-26 14:30:00,2026-05-26 14:54:00,0,home
E0003293,P000342,F10,PR0081,outpatient,acute_episode,2026-05-26 15:00:00,2026-05-26 16:09:00,0,home
E0003294,P001366,F03,PR0052,ED,emergency,2026-05-26 15:15:00,2026-05-26 21:15:00,0,admitted
E0003295,P001337,F07,PR0070,outpatient,chronic_management,2026-05-26 16:45:00,2026-05-26 17:22:00,0,home
E0003296,P001366,F03,PR0044,inpatient,emergency_admission,2026-05-26 21:15:00,2026-06-03 13:30:00,8,home
E0003297,P001047,F02,PR0033,ED,emergency,2026-05-27 10:17:00,2026-05-27 18:39:00,0,home
E0003298,P000964,F01,PR0005,inpatient,direct_admission,2026-05-27 10:35:00,2026-06-01 17:27:00,5,home
E0003299,P000428,F03,PR0050,ED,emergency,2026-05-27 11:17:00,2026-05-27 16:17:00,0,admitted
E0003300,P000290,F01,PR0004,outpatient,preventive,2026-05-27 12:15:00,2026-05-27 12:39:00,0,home
E0003301,P000899,F05,PR0061,outpatient,chronic_management,2026-05-27 13:15:00,2026-05-27 13:54:00,0,home
E0003302,P001304,F02,PR0028,inpatient,direct_admission,2026-05-27 13:53:00,2026-06-01 10:52:00,5,home
E0003303,P001377,F04,PR0055,outpatient,chronic_management,2026-05-27 14:30:00,2026-05-27 15:22:00,0,home
E0003304,P000428,F03,PR0041,inpatient,emergency_admission,2026-05-27 16:17:00,2026-05-31 14:17:00,4,home
E0003305,P000135,F03,PR0050,ED,emergency,2026-05-27 21:19:00,2026-05-28 00:19:00,0,admitted
E0003306,P000937,F01,PR0003,inpatient,direct_admission,2026-05-27 21:58:00,2026-06-01 12:54:00,5,hospice
E0003307,P000135,F03,PR0037,inpatient,emergency_admission,2026-05-28 00:19:00,2026-05-30 14:43:00,2,snf
E0003308,P001109,F03,PR0054,ED,emergency,2026-05-28 08:41:00,2026-05-28 11:26:00,0,home
E0003309,P000234,F05,PR0059,outpatient,chronic_management,2026-05-28 11:15:00,2026-05-28 12:21:00,0,home
E0003310,P000644,F06,PR0064,outpatient,preventive,2026-05-28 13:45:00,2026-05-28 14:09:00,0,home
E0003311,P001213,F05,PR0059,outpatient,acute_episode,2026-05-28 13:45:00,2026-05-28 14:51:00,0,home
E0003312,P000546,F09,PR0076,outpatient,chronic_management,2026-05-28 14:15:00,2026-05-28 14:47:00,0,home
E0003313,P000230,F02,PR0034,ED,emergency,2026-05-28 16:29:00,2026-05-28 22:29:00,0,admitted
E0003314,P000230,F02,PR0022,inpatient,emergency_admission,2026-05-28 22:29:00,2026-06-02 17:53:00,5,rehab
E0003315,P000652,F04,PR0055,outpatient,acute_episode,2026-05-29 08:00:00,2026-05-29 08:35:00,0,home
E0003316,P001329,F05,PR0059,outpatient,preventive,2026-05-29 08:00:00,2026-05-29 09:03:00,0,home
E0003317,P000110,F06,PR0064,outpatient,acute_episode,2026-05-29 10:00:00,2026-05-29 10:32:00,0,home
E0003318,P000723,F08,PR0073,outpatient,acute_episode,2026-05-29 12:00:00,2026-05-29 13:08:00,0,home
E0003319,P001149,F07,PR0070,outpatient,acute_episode,2026-05-29 12:15:00,2026-05-29 13:09:00,0,home
E0003320,P000882,F09,PR0078,outpatient,acute_episode,2026-05-29 14:15:00,2026-05-29 14:43:00,0,home
E0003321,P001155,F06,PR0065,outpatient,chronic_management,2026-05-29 14:15:00,2026-05-29 15:08:00,0,home
E0003322,P000656,F10,PR0082,outpatient,post_discharge_followup,2026-05-29 16:00:00,2026-05-29 17:08:00,0,home
E0003323,P000321,F01,PR0015,ED,emergency,2026-05-30 13:52:00,2026-05-30 15:52:00,0,admitted
E0003324,P000321,F01,PR0007,inpatient,emergency_admission,2026-05-30 15:52:00,2026-06-06 17:10:00,7,home
E0003325,P000923,F02,PR0023,inpatient,direct_admission,2026-05-30 20:19:00,2026-06-01 12:21:00,2,ama
E0003326,P001048,F02,PR0033,ED,emergency,2026-05-31 08:32:00,2026-05-31 10:32:00,0,admitted
E0003327,P001048,F02,PR0022,inpatient,emergency_admission,2026-05-31 10:32:00,2026-06-03 12:21:00,3,home
E0003328,P001370,F01,PR0003,inpatient,direct_admission,2026-05-31 11:09:00,2026-06-08 17:25:00,8,home
E0003329,P000606,F07,PR0069,outpatient,acute_episode,2026-06-01 09:00:00,2026-06-01 09:52:00,0,home
E0003330,P000480,F10,PR0081,outpatient,post_discharge_followup,2026-06-01 09:15:00,2026-06-01 09:44:00,0,home
E0003331,P000280,F15,PR0097,outpatient,preventive,2026-06-01 09:30:00,2026-06-01 10:35:00,0,home
E0003332,P000691,F06,PR0064,outpatient,preventive,2026-06-01 09:30:00,2026-06-01 10:21:00,0,home
E0003333,P000396,F03,PR0052,ED,emergency,2026-06-01 10:31:00,2026-06-01 13:31:00,0,admitted
E0003334,P001237,F06,PR0064,outpatient,chronic_management,2026-06-01 11:45:00,2026-06-01 12:28:00,0,home
E0003335,P001007,F07,PR0070,outpatient,acute_episode,2026-06-01 12:30:00,2026-06-01 12:52:00,0,home
E0003336,P001110,F07,PR0068,outpatient,chronic_management,2026-06-01 12:45:00,2026-06-01 13:31:00,0,home
E0003337,P000396,F03,PR0042,inpatient,emergency_admission,2026-06-01 13:31:00,2026-06-02 15:02:00,1,snf
E0003338,P001014,F05,PR0061,outpatient,acute_episode,2026-06-01 16:45:00,2026-06-01 17:52:00,0,home
E0003339,P001311,F02,PR0021,inpatient,elective_admission,2026-06-01 19:49:00,2026-06-04 16:10:00,3,home_health
E0003340,P000957,F03,PR0053,ED,emergency,2026-06-01 20:44:00,2026-06-01 22:44:00,0,admitted
E0003341,P000957,F03,PR0037,inpatient,emergency_admission,2026-06-01 22:44:00,2026-06-09 14:32:00,8,home
E0003342,P000210,F11,PR0084,outpatient,acute_episode,2026-06-02 11:15:00,2026-06-02 12:21:00,0,home
E0003343,P000540,F05,PR0061,outpatient,chronic_management,2026-06-02 11:15:00,2026-06-02 11:39:00,0,home
E0003344,P000973,F01,PR0014,ED,emergency,2026-06-02 14:09:00,2026-06-02 22:23:00,0,home
E0003345,P001141,F08,PR0073,outpatient,chronic_management,2026-06-02 14:30:00,2026-06-02 15:31:00,0,home
E0003346,P001355,F01,PR0014,ED,emergency,2026-06-02 16:12:00,2026-06-02 19:47:00,0,home
E0003347,P000326,F07,PR0068,outpatient,chronic_management,2026-06-02 16:30:00,2026-06-02 17:13:00,0,home
E0003348,P000805,F02,PR0023,outpatient,preventive,2026-06-02 16:45:00,2026-06-02 17:44:00,0,home
E0003349,P000760,F01,PR0013,ED,emergency,2026-06-02 17:36:00,2026-06-02 20:26:00,0,home
E0003350,P000922,F15,PR0097,outpatient,chronic_management,2026-06-03 09:15:00,2026-06-03 10:02:00,0,home
E0003351,P000719,F07,PR0067,outpatient,chronic_management,2026-06-03 09:30:00,2026-06-03 10:42:00,0,home
E0003352,P001299,F10,PR0082,outpatient,preventive,2026-06-03 10:30:00,2026-06-03 11:34:00,0,home
E0003353,P000190,F05,PR0061,outpatient,acute_episode,2026-06-03 13:30:00,2026-06-03 14:02:00,0,home
E0003354,P000428,F06,PR0064,outpatient,post_discharge_followup,2026-06-03 13:45:00,2026-06-03 14:34:00,0,home
E0003355,P000931,F02,PR0031,ED,emergency,2026-06-03 15:08:00,2026-06-03 18:08:00,0,admitted
E0003356,P000931,F02,PR0019,inpatient,emergency_admission,2026-06-03 18:08:00,2026-06-07 12:08:00,4,home
E0003357,P000140,F01,PR0001,inpatient,elective_admission,2026-06-03 20:22:00,2026-06-08 13:25:00,5,home
E0003358,P000817,F03,PR0051,ED,emergency,2026-06-04 04:44:00,2026-06-04 06:44:00,0,admitted
E0003359,P000817,F03,PR0044,inpatient,emergency_admission,2026-06-04 06:44:00,2026-06-07 17:47:00,3,expired
E0003360,P000757,F03,PR0049,ED,emergency,2026-06-04 08:16:00,2026-06-04 12:16:00,0,admitted
E0003361,P000627,F06,PR0066,outpatient,acute_episode,2026-06-04 08:30:00,2026-06-04 09:04:00,0,home
E0003362,P000099,F06,PR0063,outpatient,chronic_management,2026-06-04 10:45:00,2026-06-04 11:28:00,0,home
E0003363,P000757,F03,PR0043,inpatient,emergency_admission,2026-06-04 12:16:00,2026-06-10 11:13:00,6,home_health
E0003364,P001133,F07,PR0069,outpatient,preventive,2026-06-04 13:15:00,2026-06-04 13:55:00,0,home
E0003365,P000428,F03,PR0043,inpatient,direct_admission,2026-06-04 13:19:00,2026-06-07 15:17:00,3,snf
E0003366,P001304,F11,PR0085,outpatient,post_discharge_followup,2026-06-04 15:00:00,2026-06-04 15:44:00,0,home
E0003367,P000643,F01,PR0013,ED,emergency,2026-06-04 18:59:00,2026-06-05 00:00:00,0,home
E0003368,P001129,F03,PR0052,ED,emergency,2026-06-05 08:23:00,2026-06-05 14:23:00,0,admitted
E0003369,P000118,F05,PR0061,outpatient,preventive,2026-06-05 08:45:00,2026-06-05 09:10:00,0,home
E0003370,P000011,F08,PR0071,outpatient,post_discharge_followup,2026-06-05 10:45:00,2026-06-05 11:54:00,0,home
E0003371,P001159,F07,PR0069,outpatient,chronic_management,2026-06-05 11:30:00,2026-06-05 12:17:00,0,home
E0003372,P000481,F02,PR0036,ED,emergency,2026-06-05 13:05:00,2026-06-05 18:51:00,0,home
E0003373,P001129,F03,PR0039,inpatient,emergency_admission,2026-06-05 14:23:00,2026-06-13 16:53:00,8,home
E0003374,P000347,F02,PR0032,ED,emergency,2026-06-05 15:03:00,2026-06-05 23:01:00,0,home
E0003375,P000633,F04,PR0055,outpatient,preventive,2026-06-05 15:15:00,2026-06-05 16:02:00,0,home
E0003376,P000923,F02,PR0031,ED,emergency,2026-06-05 15:33:00,2026-06-05 22:33:00,0,admitted
E0003377,P000127,F06,PR0063,outpatient,preventive,2026-06-05 16:00:00,2026-06-05 16:45:00,0,home
E0003378,P001268,F01,PR0009,inpatient,direct_admission,2026-06-05 20:31:00,2026-06-11 16:24:00,6,expired
E0003379,P000923,F02,PR0023,inpatient,emergency_admission,2026-06-05 22:33:00,2026-06-08 13:41:00,3,home
E0003380,P000067,F03,PR0051,ED,emergency,2026-06-06 00:42:00,2026-06-06 05:42:00,0,admitted
E0003381,P000067,F03,PR0041,inpatient,emergency_admission,2026-06-06 05:42:00,2026-06-11 13:20:00,5,rehab
E0003382,P001348,F01,PR0015,ED,emergency,2026-06-06 09:27:00,2026-06-06 11:45:00,0,home
E0003383,P000782,F02,PR0035,ED,emergency,2026-06-06 15:12:00,2026-06-06 22:50:00,0,home
E0003384,P000885,F01,PR0013,ED,emergency,2026-06-06 15:43:00,2026-06-06 22:52:00,0,transfer
E0003385,P001083,F01,PR0015,ED,emergency,2026-06-06 17:57:00,2026-06-06 20:57:00,0,admitted
E0003386,P001083,F01,PR0003,inpatient,emergency_admission,2026-06-06 20:57:00,2026-06-09 17:42:00,3,home
E0003387,P000416,F01,PR0013,ED,emergency,2026-06-07 00:34:00,2026-06-07 05:00:00,0,home
E0003388,P001332,F01,PR0018,ED,emergency,2026-06-07 17:43:00,2026-06-07 21:43:00,0,admitted
E0003389,P001332,F01,PR0004,inpatient,emergency_admission,2026-06-07 21:43:00,2026-06-12 13:33:00,5,home
E0003390,P001254,F02,PR0032,ED,emergency,2026-06-08 06:30:00,2026-06-08 10:30:00,0,admitted
E0003391,P000596,F06,PR0066,outpatient,acute_episode,2026-06-08 09:15:00,2026-06-08 10:22:00,0,home
E0003392,P001254,F02,PR0024,inpatient,emergency_admission,2026-06-08 10:30:00,2026-06-12 15:46:00,4,home
E0003393,P000445,F14,PR0093,outpatient,chronic_management,2026-06-08 10:45:00,2026-06-08 11:17:00,0,home
E0003394,P001036,F15,PR0098,outpatient,preventive,2026-06-08 11:45:00,2026-06-08 12:21:00,0,home
E0003395,P000080,F07,PR0069,outpatient,preventive,2026-06-08 13:15:00,2026-06-08 13:36:00,0,home
E0003396,P000652,F04,PR0057,outpatient,preventive,2026-06-08 13:15:00,2026-06-08 13:40:00,0,home
E0003397,P000946,F06,PR0066,outpatient,chronic_management,2026-06-08 13:30:00,2026-06-08 13:55:00,0,home
E0003398,P001175,F04,PR0056,outpatient,chronic_management,2026-06-08 13:45:00,2026-06-08 14:39:00,0,home
E0003399,P000661,F15,PR0099,outpatient,chronic_management,2026-06-08 16:15:00,2026-06-08 16:37:00,0,home
E0003400,P000762,F09,PR0075,outpatient,chronic_management,2026-06-09 09:45:00,2026-06-09 10:07:00,0,home
E0003401,P000917,F09,PR0075,outpatient,chronic_management,2026-06-09 12:45:00,2026-06-09 13:21:00,0,home
E0003402,P000283,F06,PR0066,outpatient,preventive,2026-06-09 14:15:00,2026-06-09 15:26:00,0,home
E0003403,P001176,F09,PR0078,outpatient,preventive,2026-06-09 15:45:00,2026-06-09 16:44:00,0,home
E0003404,P001201,F03,PR0053,ED,emergency,2026-06-10 05:30:00,2026-06-10 10:30:00,0,admitted
E0003405,P000451,F08,PR0071,outpatient,chronic_management,2026-06-10 08:15:00,2026-06-10 08:52:00,0,home
E0003406,P000326,F02,PR0032,ED,emergency,2026-06-10 09:26:00,2026-06-10 12:13:00,0,home
E0003407,P001201,F03,PR0042,inpatient,emergency_admission,2026-06-10 10:30:00,2026-06-11 15:34:00,1,home
E0003408,P000683,F08,PR0073,outpatient,chronic_management,2026-06-10 11:00:00,2026-06-10 12:12:00,0,home
E0003409,P001151,F04,PR0057,outpatient,acute_episode,2026-06-10 13:00:00,2026-06-10 13:31:00,0,home
E0003410,P000434,F11,PR0084,outpatient,chronic_management,2026-06-10 14:00:00,2026-06-10 15:03:00,0,home
E0003411,P000011,F08,PR0074,outpatient,chronic_management,2026-06-10 14:30:00,2026-06-10 14:54:00,0,home
E0003412,P000130,F03,PR0045,outpatient,acute_episode,2026-06-10 15:30:00,2026-06-10 16:14:00,0,home
E0003413,P001387,F15,PR0098,outpatient,preventive,2026-06-10 16:15:00,2026-06-10 16:51:00,0,home
E0003414,P000831,F15,PR0098,outpatient,acute_episode,2026-06-11 08:30:00,2026-06-11 08:53:00,0,home
E0003415,P000439,F11,PR0085,outpatient,post_discharge_followup,2026-06-11 10:00:00,2026-06-11 10:47:00,0,home
E0003416,P001326,F10,PR0081,outpatient,chronic_management,2026-06-11 10:00:00,2026-06-11 10:56:00,0,home
E0003417,P000388,F09,PR0075,outpatient,preventive,2026-06-11 10:30:00,2026-06-11 11:30:00,0,home
E0003418,P001238,F08,PR0074,outpatient,preventive,2026-06-11 10:30:00,2026-06-11 10:52:00,0,home
E0003419,P000467,F07,PR0067,outpatient,acute_episode,2026-06-11 11:00:00,2026-06-11 11:49:00,0,home
E0003420,P000169,F07,PR0069,outpatient,chronic_management,2026-06-11 11:30:00,2026-06-11 12:41:00,0,home
E0003421,P000551,F06,PR0065,outpatient,chronic_management,2026-06-11 11:45:00,2026-06-11 12:44:00,0,home
E0003422,P000017,F03,PR0052,ED,emergency,2026-06-11 12:28:00,2026-06-11 20:46:00,0,home
E0003423,P000968,F11,PR0084,outpatient,chronic_management,2026-06-11 15:30:00,2026-06-11 16:07:00,0,home
E0003424,P000140,F09,PR0078,outpatient,post_discharge_followup,2026-06-12 08:15:00,2026-06-12 08:41:00,0,home
E0003425,P000428,F06,PR0064,outpatient,chronic_management,2026-06-12 09:45:00,2026-06-12 10:57:00,0,home
E0003426,P001083,F07,PR0068,outpatient,post_discharge_followup,2026-06-12 12:30:00,2026-06-12 13:19:00,0,home
E0003427,P001247,F10,PR0080,outpatient,chronic_management,2026-06-12 13:45:00,2026-06-12 14:10:00,0,home
E0003428,P001397,F09,PR0078,outpatient,preventive,2026-06-12 15:15:00,2026-06-12 16:15:00,0,home
E0003429,P000774,F04,PR0057,outpatient,acute_episode,2026-06-12 16:00:00,2026-06-12 17:14:00,0,home
E0003430,P001279,F05,PR0062,outpatient,chronic_management,2026-06-12 16:30:00,2026-06-12 17:12:00,0,home
E0003431,P001134,F07,PR0070,outpatient,chronic_management,2026-06-12 16:45:00,2026-06-12 17:48:00,0,home
E0003432,P000847,F01,PR0003,inpatient,direct_admission,2026-06-13 08:29:00,2026-06-19 14:03:00,6,home_health
E0003433,P001083,F01,PR0017,ED,emergency,2026-06-14 04:07:00,2026-06-14 10:07:00,0,admitted
E0003434,P001083,F01,PR0006,inpatient,emergency_admission,2026-06-14 10:07:00,2026-06-17 12:42:00,3,home
E0003435,P000198,F01,PR0013,ED,emergency,2026-06-14 11:34:00,2026-06-14 17:19:00,0,home
E0003436,P000428,F02,PR0031,ED,emergency,2026-06-15 04:51:00,2026-06-15 07:51:00,0,admitted
E0003437,P000428,F02,PR0022,inpatient,emergency_admission,2026-06-15 07:51:00,2026-06-22 15:51:00,7,home
E0003438,P000176,F05,PR0061,outpatient,preventive,2026-06-15 08:15:00,2026-06-15 08:55:00,0,home
E0003439,P000947,F06,PR0063,outpatient,acute_episode,2026-06-15 09:00:00,2026-06-15 09:33:00,0,home
E0003440,P001201,F08,PR0072,outpatient,post_discharge_followup,2026-06-15 11:15:00,2026-06-15 11:53:00,0,home
E0003441,P000497,F03,PR0049,ED,emergency,2026-06-15 11:45:00,2026-06-15 14:35:00,0,home
E0003442,P001331,F02,PR0034,ED,emergency,2026-06-15 11:46:00,2026-06-15 18:10:00,0,home
E0003443,P001245,F05,PR0062,outpatient,acute_episode,2026-06-15 13:15:00,2026-06-15 13:44:00,0,home
E0003444,P001245,F05,PR0059,outpatient,preventive,2026-06-15 14:30:00,2026-06-15 15:20:00,0,home
E0003445,P001332,F07,PR0067,outpatient,post_discharge_followup,2026-06-15 14:30:00,2026-06-15 14:56:00,0,home
E0003446,P000384,F09,PR0077,outpatient,chronic_management,2026-06-15 14:45:00,2026-06-15 15:10:00,0,home
E0003447,P000129,F07,PR0069,outpatient,chronic_management,2026-06-15 15:00:00,2026-06-15 15:38:00,0,home
E0003448,P001149,F07,PR0069,outpatient,acute_episode,2026-06-15 15:00:00,2026-06-15 16:06:00,0,home
E0003449,P000874,F03,PR0041,inpatient,direct_admission,2026-06-15 20:52:00,2026-06-21 11:13:00,6,home
E0003450,P000715,F15,PR0099,outpatient,chronic_management,2026-06-16 08:15:00,2026-06-16 09:05:00,0,home
E0003451,P001236,F01,PR0005,outpatient,chronic_management,2026-06-16 09:00:00,2026-06-16 10:10:00,0,home
E0003452,P001247,F05,PR0059,outpatient,preventive,2026-06-16 11:15:00,2026-06-16 11:46:00,0,home
E0003453,P001179,F05,PR0059,outpatient,chronic_management,2026-06-16 12:30:00,2026-06-16 13:06:00,0,home
E0003454,P000622,F02,PR0033,ED,emergency,2026-06-16 13:26:00,2026-06-16 19:36:00,0,home
E0003455,P000362,F07,PR0068,outpatient,chronic_management,2026-06-16 13:30:00,2026-06-16 14:06:00,0,home
E0003456,P001254,F10,PR0081,outpatient,post_discharge_followup,2026-06-16 14:00:00,2026-06-16 14:42:00,0,home
E0003457,P000767,F15,PR0098,outpatient,preventive,2026-06-16 14:30:00,2026-06-16 15:44:00,0,home
E0003458,P000265,F02,PR0021,inpatient,direct_admission,2026-06-16 23:51:00,2026-06-21 11:48:00,5,snf
E0003459,P001071,F05,PR0061,outpatient,preventive,2026-06-17 09:15:00,2026-06-17 10:00:00,0,home
E0003460,P000396,F03,PR0043,inpatient,direct_admission,2026-06-17 10:57:00,2026-06-19 12:29:00,2,home
E0003461,P000185,F05,PR0061,outpatient,chronic_management,2026-06-17 11:15:00,2026-06-17 11:55:00,0,home
E0003462,P000143,F11,PR0085,outpatient,chronic_management,2026-06-17 12:15:00,2026-06-17 12:52:00,0,home
E0003463,P001311,F10,PR0079,outpatient,post_discharge_followup,2026-06-17 12:15:00,2026-06-17 12:35:00,0,home
E0003464,P000654,F09,PR0077,outpatient,chronic_management,2026-06-17 13:15:00,2026-06-17 14:26:00,0,home
E0003465,P001247,F01,PR0003,inpatient,elective_admission,2026-06-17 13:15:00,2026-06-21 17:59:00,4,home
E0003466,P000624,F10,PR0079,outpatient,acute_episode,2026-06-17 13:45:00,2026-06-17 14:54:00,0,home
E0003467,P000656,F10,PR0081,outpatient,chronic_management,2026-06-17 16:30:00,2026-06-17 17:21:00,0,home
E0003468,P001300,F03,PR0042,inpatient,elective_admission,2026-06-17 19:00:00,2026-06-18 12:14:00,1,home
E0003469,P000860,F03,PR0054,ED,emergency,2026-06-17 21:32:00,2026-06-18 03:32:00,0,admitted
E0003470,P000860,F03,PR0041,inpatient,emergency_admission,2026-06-18 03:32:00,2026-06-23 11:08:00,5,home
E0003471,P000905,F05,PR0060,outpatient,chronic_management,2026-06-18 09:00:00,2026-06-18 09:39:00,0,home
E0003472,P000592,F01,PR0011,outpatient,chronic_management,2026-06-18 12:15:00,2026-06-18 13:18:00,0,home
E0003473,P000812,F02,PR0032,ED,emergency,2026-06-18 15:16:00,2026-06-18 20:14:00,0,home
E0003474,P000750,F13,PR0090,outpatient,chronic_management,2026-06-19 09:30:00,2026-06-19 10:27:00,0,home
E0003475,P000318,F02,PR0034,ED,emergency,2026-06-19 11:52:00,2026-06-19 14:46:00,0,home
E0003476,P000321,F04,PR0058,outpatient,post_discharge_followup,2026-06-19 12:15:00,2026-06-19 12:35:00,0,home
E0003477,P000301,F09,PR0078,outpatient,acute_episode,2026-06-19 12:45:00,2026-06-19 13:22:00,0,home
E0003478,P000437,F04,PR0057,outpatient,chronic_management,2026-06-19 14:45:00,2026-06-19 15:48:00,0,home
E0003479,P000753,F14,PR0093,outpatient,acute_episode,2026-06-19 15:30:00,2026-06-19 16:15:00,0,home
E0003480,P000964,F08,PR0073,outpatient,post_discharge_followup,2026-06-19 16:00:00,2026-06-19 16:40:00,0,home
E0003481,P001083,F07,PR0068,outpatient,post_discharge_followup,2026-06-19 16:30:00,2026-06-19 17:44:00,0,home
E0003482,P000386,F01,PR0016,ED,emergency,2026-06-20 00:42:00,2026-06-20 07:23:00,0,home
E0003483,P000931,F09,PR0078,outpatient,post_discharge_followup,2026-06-22 08:00:00,2026-06-22 09:03:00,0,home
E0003484,P000013,F09,PR0078,outpatient,preventive,2026-06-22 08:45:00,2026-06-22 09:15:00,0,home
E0003485,P000681,F09,PR0077,outpatient,preventive,2026-06-22 09:30:00,2026-06-22 10:35:00,0,home
E0003486,P000056,F07,PR0069,outpatient,preventive,2026-06-22 09:45:00,2026-06-22 10:34:00,0,home
E0003487,P000201,F03,PR0037,outpatient,chronic_management,2026-06-22 11:45:00,2026-06-22 12:05:00,0,home
E0003488,P000915,F01,PR0004,inpatient,direct_admission,2026-06-22 12:13:00,2026-06-28 13:08:00,6,home_health
E0003489,P000683,F08,PR0074,outpatient,preventive,2026-06-22 12:45:00,2026-06-22 13:57:00,0,home
E0003490,P000390,F09,PR0077,outpatient,preventive,2026-06-22 14:15:00,2026-06-22 15:27:00,0,home
E0003491,P000482,F07,PR0069,outpatient,preventive,2026-06-23 12:00:00,2026-06-23 12:34:00,0,home
E0003492,P001274,F05,PR0062,outpatient,preventive,2026-06-23 13:30:00,2026-06-23 14:42:00,0,home
E0003493,P000438,F03,PR0041,inpatient,elective_admission,2026-06-23 13:45:00,2026-06-29 15:27:00,6,home_health
E0003494,P000839,F13,PR0092,outpatient,acute_episode,2026-06-23 14:00:00,2026-06-23 14:59:00,0,home
E0003495,P000818,F09,PR0077,outpatient,chronic_management,2026-06-23 15:45:00,2026-06-23 16:57:00,0,home
E0003496,P000298,F15,PR0098,outpatient,preventive,2026-06-23 16:30:00,2026-06-23 17:08:00,0,home
E0003497,P001233,F01,PR0015,ED,emergency,2026-06-23 17:08:00,2026-06-24 00:37:00,0,home
E0003498,P000050,F10,PR0082,outpatient,acute_episode,2026-06-24 08:30:00,2026-06-24 09:02:00,0,home
E0003499,P000137,F02,PR0035,ED,emergency,2026-06-24 09:54:00,2026-06-24 12:56:00,0,home
E0003500,P000730,F02,PR0026,outpatient,acute_episode,2026-06-24 10:45:00,2026-06-24 11:22:00,0,home
E0003501,P001097,F05,PR0060,outpatient,preventive,2026-06-24 11:30:00,2026-06-24 12:25:00,0,home
E0003502,P001127,F01,PR0003,inpatient,direct_admission,2026-06-24 11:51:00,2026-07-01 14:48:00,7,snf
E0003503,P000558,F11,PR0086,outpatient,chronic_management,2026-06-24 12:00:00,2026-06-24 12:44:00,0,home
E0003504,P001370,F04,PR0057,outpatient,chronic_management,2026-06-24 12:15:00,2026-06-24 12:43:00,0,home
E0003505,P000927,F05,PR0060,outpatient,chronic_management,2026-06-24 13:00:00,2026-06-24 14:09:00,0,home
E0003506,P000871,F02,PR0026,outpatient,preventive,2026-06-24 14:00:00,2026-06-24 14:30:00,0,home
E0003507,P000143,F08,PR0072,outpatient,acute_episode,2026-06-24 14:15:00,2026-06-24 14:43:00,0,home
E0003508,P001247,F10,PR0080,outpatient,post_discharge_followup,2026-06-24 14:15:00,2026-06-24 14:58:00,0,home
E0003509,P000094,F08,PR0074,outpatient,preventive,2026-06-24 15:15:00,2026-06-24 16:00:00,0,home
E0003510,P001304,F11,PR0085,outpatient,chronic_management,2026-06-24 15:45:00,2026-06-24 16:20:00,0,home
E0003511,P000456,F09,PR0078,outpatient,preventive,2026-06-24 16:30:00,2026-06-24 17:43:00,0,home
E0003512,P000230,F02,PR0026,inpatient,direct_admission,2026-06-24 17:18:00,2026-06-30 11:39:00,6,home
E0003513,P000481,F02,PR0033,ED,emergency,2026-06-24 17:45:00,2026-06-25 02:00:00,0,transfer
E0003514,P000686,F15,PR0099,outpatient,preventive,2026-06-25 09:30:00,2026-06-25 10:35:00,0,home
E0003515,P001272,F08,PR0073,outpatient,chronic_management,2026-06-25 10:45:00,2026-06-25 11:50:00,0,home
E0003516,P000396,F08,PR0074,outpatient,post_discharge_followup,2026-06-25 11:30:00,2026-06-25 12:25:00,0,home
E0003517,P000155,F13,PR0091,outpatient,chronic_management,2026-06-25 14:15:00,2026-06-25 15:22:00,0,home
E0003518,P000193,F10,PR0079,outpatient,acute_episode,2026-06-25 14:15:00,2026-06-25 14:59:00,0,home
E0003519,P000099,F06,PR0064,outpatient,preventive,2026-06-25 15:15:00,2026-06-25 15:42:00,0,home
E0003520,P000428,F11,PR0084,outpatient,post_discharge_followup,2026-06-25 15:15:00,2026-06-25 16:23:00,0,home
E0003521,P000645,F01,PR0004,outpatient,preventive,2026-06-25 15:30:00,2026-06-25 16:13:00,0,home
E0003522,P000592,F01,PR0002,inpatient,direct_admission,2026-06-25 16:07:00,2026-06-28 14:47:00,3,home
E0003523,P001129,F01,PR0007,inpatient,elective_admission,2026-06-25 21:16:00,2026-06-27 13:53:00,2,home
E0003524,P000032,F02,PR0036,ED,emergency,2026-06-26 02:52:00,2026-06-26 09:52:00,0,admitted
E0003525,P000847,F01,PR0018,ED,emergency,2026-06-26 05:42:00,2026-06-26 08:42:00,0,admitted
E0003526,P000118,F05,PR0062,outpatient,acute_episode,2026-06-26 08:15:00,2026-06-26 09:05:00,0,home
E0003527,P000847,F01,PR0010,inpatient,emergency_admission,2026-06-26 08:42:00,2026-06-29 13:02:00,3,home
E0003528,P000620,F01,PR0017,ED,emergency,2026-06-26 09:20:00,2026-06-26 14:20:00,0,admitted
E0003529,P000032,F02,PR0023,inpatient,emergency_admission,2026-06-26 09:52:00,2026-06-29 10:33:00,3,home
E0003530,P000923,F05,PR0060,outpatient,post_discharge_followup,2026-06-26 12:00:00,2026-06-26 12:33:00,0,home
E0003531,P001058,F05,PR0061,outpatient,preventive,2026-06-26 13:15:00,2026-06-26 13:57:00,0,home
E0003532,P000620,F01,PR0007,inpatient,emergency_admission,2026-06-26 14:20:00,2026-07-04 12:57:00,8,home
E0003533,P001328,F01,PR0002,outpatient,preventive,2026-06-26 14:30:00,2026-06-26 15:03:00,0,home
E0003534,P000970,F02,PR0031,ED,emergency,2026-06-27 04:06:00,2026-06-27 10:06:00,0,admitted
E0003535,P000970,F02,PR0022,inpatient,emergency_admission,2026-06-27 10:06:00,2026-07-02 16:22:00,5,home
E0003536,P001359,F02,PR0021,inpatient,direct_admission,2026-06-28 19:39:00,2026-07-01 17:31:00,3,home_health
E0003537,P000520,F02,PR0036,ED,emergency,2026-06-29 05:56:00,2026-06-29 08:56:00,0,admitted
E0003538,P000632,F01,PR0007,inpatient,direct_admission,2026-06-29 08:02:00,2026-07-08 14:13:00,9,home
E0003539,P000683,F02,PR0021,outpatient,chronic_management,2026-06-29 08:45:00,2026-06-29 09:05:00,0,home
E0003540,P000520,F02,PR0021,inpatient,emergency_admission,2026-06-29 08:56:00,2026-07-03 14:42:00,4,home
E0003541,P000137,F04,PR0056,outpatient,chronic_management,2026-06-29 09:15:00,2026-06-29 10:17:00,0,home
E0003542,P000071,F08,PR0073,outpatient,preventive,2026-06-29 09:45:00,2026-06-29 10:54:00,0,home
E0003543,P000757,F05,PR0061,outpatient,post_discharge_followup,2026-06-29 10:15:00,2026-06-29 11:25:00,0,home
E0003544,P001217,F01,PR0018,ED,emergency,2026-06-29 10:25:00,2026-06-29 14:25:00,0,admitted
E0003545,P001175,F01,PR0012,outpatient,chronic_management,2026-06-29 11:00:00,2026-06-29 11:54:00,0,home
E0003546,P001217,F01,PR0006,inpatient,emergency_admission,2026-06-29 14:25:00,2026-07-05 17:49:00,6,home
E0003547,P000312,F08,PR0074,outpatient,acute_episode,2026-06-29 14:30:00,2026-06-29 15:08:00,0,home
E0003548,P000476,F07,PR0067,outpatient,preventive,2026-06-29 16:15:00,2026-06-29 16:51:00,0,home
E0003549,P001018,F08,PR0071,outpatient,acute_episode,2026-06-29 16:15:00,2026-06-29 16:56:00,0,home
E0003550,P000976,F01,PR0003,inpatient,elective_admission,2026-06-29 18:34:00,2026-07-01 16:24:00,2,home
E0003551,P000742,F01,PR0008,inpatient,elective_admission,2026-06-30 07:19:00,2026-07-04 12:41:00,4,home
E0003552,P000874,F09,PR0076,outpatient,post_discharge_followup,2026-06-30 08:45:00,2026-06-30 09:41:00,0,home
E0003553,P000012,F04,PR0055,outpatient,preventive,2026-06-30 09:30:00,2026-06-30 10:37:00,0,home
E0003554,P000083,F11,PR0084,outpatient,chronic_management,2026-06-30 09:30:00,2026-06-30 10:14:00,0,home
E0003555,P001336,F11,PR0083,outpatient,chronic_management,2026-06-30 11:15:00,2026-06-30 12:19:00,0,home
E0003556,P000367,F06,PR0063,outpatient,chronic_management,2026-06-30 12:00:00,2026-06-30 13:02:00,0,home
E0003557,P001062,F08,PR0072,outpatient,preventive,2026-07-01 09:45:00,2026-07-01 10:41:00,0,home
E0003558,P000658,F04,PR0055,outpatient,acute_episode,2026-07-01 10:00:00,2026-07-01 10:45:00,0,home
E0003559,P000876,F04,PR0057,outpatient,acute_episode,2026-07-01 10:00:00,2026-07-01 10:37:00,0,home
E0003560,P000830,F02,PR0028,inpatient,direct_admission,2026-07-01 10:37:00,2026-07-06 13:39:00,5,snf
E0003561,P000826,F05,PR0061,outpatient,preventive,2026-07-01 11:15:00,2026-07-01 12:05:00,0,home
E0003562,P000915,F04,PR0058,outpatient,post_discharge_followup,2026-07-01 11:45:00,2026-07-01 12:46:00,0,home
E0003563,P001150,F05,PR0059,outpatient,chronic_management,2026-07-01 12:15:00,2026-07-01 13:20:00,0,home
E0003564,P000358,F09,PR0076,outpatient,preventive,2026-07-01 15:15:00,2026-07-01 16:17:00,0,home
E0003565,P001370,F01,PR0015,ED,emergency,2026-07-01 15:26:00,2026-07-01 17:48:00,0,home
E0003566,P000165,F02,PR0033,ED,emergency,2026-07-01 19:04:00,2026-07-01 20:51:00,0,home
E0003567,P000749,F06,PR0065,outpatient,preventive,2026-07-02 11:00:00,2026-07-02 12:13:00,0,home
E0003568,P000949,F07,PR0070,outpatient,chronic_management,2026-07-02 11:15:00,2026-07-02 11:56:00,0,home
E0003569,P000890,F06,PR0063,outpatient,chronic_management,2026-07-02 12:45:00,2026-07-02 13:25:00,0,home
E0003570,P000230,F10,PR0080,outpatient,post_discharge_followup,2026-07-02 13:00:00,2026-07-02 13:28:00,0,home
E0003571,P000032,F09,PR0076,outpatient,post_discharge_followup,2026-07-02 16:45:00,2026-07-02 17:56:00,0,home
E0003572,P000847,F07,PR0069,outpatient,post_discharge_followup,2026-07-02 16:45:00,2026-07-02 17:19:00,0,home
E0003573,P000994,F01,PR0005,outpatient,acute_episode,2026-07-03 10:30:00,2026-07-03 11:41:00,0,home
E0003574,P000438,F10,PR0080,outpatient,post_discharge_followup,2026-07-03 11:30:00,2026-07-03 12:38:00,0,home
E0003575,P001356,F04,PR0055,outpatient,preventive,2026-07-03 11:45:00,2026-07-03 12:15:00,0,home
E0003576,P000860,F10,PR0079,outpatient,post_discharge_followup,2026-07-03 14:00:00,2026-07-03 14:29:00,0,home
E0003577,P001129,F03,PR0053,ED,emergency,2026-07-03 14:39:00,2026-07-03 16:57:00,0,home
E0003578,P000927,F05,PR0061,outpatient,chronic_management,2026-07-03 14:45:00,2026-07-03 15:42:00,0,home
E0003579,P000282,F09,PR0075,outpatient,preventive,2026-07-03 16:45:00,2026-07-03 17:38:00,0,home
E0003580,P000265,F02,PR0032,ED,emergency,2026-07-04 03:13:00,2026-07-04 09:16:00,0,ama
E0003581,P001245,F03,PR0042,inpatient,direct_admission,2026-07-05 08:30:00,2026-07-06 16:51:00,1,home
E0003582,P001310,F01,PR0006,inpatient,elective_admission,2026-07-05 13:37:00,2026-07-09 13:49:00,4,home_health
E0003583,P001006,F12,PR0088,outpatient,preventive,2026-07-06 08:15:00,2026-07-06 08:40:00,0,home
E0003584,P001392,F06,PR0065,outpatient,acute_episode,2026-07-06 08:15:00,2026-07-06 08:56:00,0,home
E0003585,P001175,F04,PR0057,outpatient,chronic_management,2026-07-06 08:45:00,2026-07-06 09:10:00,0,home
E0003586,P000976,F11,PR0086,outpatient,post_discharge_followup,2026-07-06 10:00:00,2026-07-06 11:04:00,0,home
E0003587,P001129,F04,PR0057,outpatient,post_discharge_followup,2026-07-06 10:30:00,2026-07-06 11:17:00,0,home
E0003588,P000980,F04,PR0056,outpatient,preventive,2026-07-06 12:00:00,2026-07-06 12:36:00,0,home
E0003589,P000217,F02,PR0021,inpatient,direct_admission,2026-07-06 15:44:00,2026-07-08 15:32:00,2,home_health
E0003590,P001300,F07,PR0068,outpatient,post_discharge_followup,2026-07-06 16:15:00,2026-07-06 17:00:00,0,home
E0003591,P001359,F04,PR0056,outpatient,post_discharge_followup,2026-07-06 16:30:00,2026-07-06 17:31:00,0,home
E0003592,P000757,F02,PR0020,inpatient,elective_admission,2026-07-06 17:41:00,2026-07-14 12:55:00,8,home
E0003593,P000289,F08,PR0074,outpatient,acute_episode,2026-07-07 09:30:00,2026-07-07 10:18:00,0,home
E0003594,P000310,F11,PR0086,outpatient,chronic_management,2026-07-07 14:15:00,2026-07-07 14:45:00,0,home
E0003595,P001264,F11,PR0086,outpatient,chronic_management,2026-07-07 16:15:00,2026-07-07 16:57:00,0,home
E0003596,P000304,F01,PR0005,inpatient,direct_admission,2026-07-08 07:43:00,2026-07-10 11:58:00,2,home
E0003597,P000260,F09,PR0076,outpatient,chronic_management,2026-07-08 08:00:00,2026-07-08 08:52:00,0,home
E0003598,P000620,F06,PR0066,outpatient,post_discharge_followup,2026-07-08 09:15:00,2026-07-08 09:47:00,0,home
E0003599,P000847,F07,PR0067,outpatient,post_discharge_followup,2026-07-08 10:00:00,2026-07-08 11:01:00,0,home
E0003600,P000520,F15,PR0097,outpatient,post_discharge_followup,2026-07-08 10:15:00,2026-07-08 11:16:00,0,home
E0003601,P001164,F08,PR0074,outpatient,preventive,2026-07-08 11:00:00,2026-07-08 11:32:00,0,home
E0003602,P000342,F02,PR0034,ED,emergency,2026-07-08 12:33:00,2026-07-08 19:33:00,0,admitted
E0003603,P000643,F06,PR0064,outpatient,chronic_management,2026-07-08 13:00:00,2026-07-08 14:03:00,0,home
E0003604,P000601,F04,PR0056,outpatient,preventive,2026-07-08 13:45:00,2026-07-08 14:46:00,0,home
E0003605,P000345,F13,PR0090,outpatient,chronic_management,2026-07-08 15:15:00,2026-07-08 15:35:00,0,home
E0003606,P001287,F01,PR0018,ED,emergency,2026-07-08 18:40:00,2026-07-08 20:40:00,0,admitted
E0003607,P000342,F02,PR0025,inpatient,emergency_admission,2026-07-08 19:33:00,2026-07-11 17:46:00,3,hospice
E0003608,P001287,F01,PR0007,inpatient,emergency_admission,2026-07-08 20:40:00,2026-07-11 14:48:00,3,home
E0003609,P000933,F06,PR0064,outpatient,chronic_management,2026-07-09 08:45:00,2026-07-09 09:17:00,0,home
E0003610,P000142,F06,PR0063,outpatient,preventive,2026-07-09 12:00:00,2026-07-09 12:55:00,0,home
E0003611,P000933,F03,PR0040,outpatient,chronic_management,2026-07-09 12:45:00,2026-07-09 13:56:00,0,home
E0003612,P000325,F13,PR0090,outpatient,acute_episode,2026-07-09 14:00:00,2026-07-09 14:23:00,0,home
E0003613,P000332,F03,PR0040,outpatient,chronic_management,2026-07-09 15:00:00,2026-07-09 16:09:00,0,home
E0003614,P000546,F01,PR0016,ED,emergency,2026-07-09 15:36:00,2026-07-10 00:09:00,0,home
E0003615,P000634,F04,PR0058,outpatient,preventive,2026-07-09 15:45:00,2026-07-09 16:34:00,0,home
E0003616,P000345,F01,PR0016,ED,emergency,2026-07-09 18:07:00,2026-07-09 20:53:00,0,home
E0003617,P000184,F01,PR0014,ED,emergency,2026-07-10 04:13:00,2026-07-10 08:21:00,0,home
E0003618,P000299,F11,PR0085,outpatient,preventive,2026-07-10 09:30:00,2026-07-10 10:18:00,0,home
E0003619,P000592,F15,PR0099,outpatient,chronic_management,2026-07-10 09:30:00,2026-07-10 10:38:00,0,home
E0003620,P000137,F04,PR0055,outpatient,acute_episode,2026-07-10 11:15:00,2026-07-10 11:50:00,0,home
E0003621,P001394,F02,PR0020,outpatient,acute_episode,2026-07-10 12:30:00,2026-07-10 13:40:00,0,home
E0003622,P000825,F07,PR0069,outpatient,chronic_management,2026-07-10 15:45:00,2026-07-10 16:14:00,0,home
E0003623,P000354,F04,PR0056,outpatient,chronic_management,2026-07-10 16:45:00,2026-07-10 17:07:00,0,home
E0003624,P000448,F01,PR0003,inpatient,elective_admission,2026-07-10 17:39:00,2026-07-18 13:14:00,8,ama
E0003625,P000310,F01,PR0001,inpatient,direct_admission,2026-07-12 11:43:00,2026-07-14 12:54:00,2,home
E0003626,P000217,F02,PR0036,ED,emergency,2026-07-12 19:25:00,2026-07-12 22:25:00,0,admitted
E0003627,P000655,F03,PR0053,ED,emergency,2026-07-12 20:51:00,2026-07-13 01:14:00,0,home
E0003628,P000217,F02,PR0021,inpatient,emergency_admission,2026-07-12 22:25:00,2026-07-16 10:16:00,4,home
E0003629,P000688,F02,PR0031,ED,emergency,2026-07-13 01:53:00,2026-07-13 06:53:00,0,admitted
E0003630,P000688,F02,PR0027,inpatient,emergency_admission,2026-07-13 06:53:00,2026-07-16 16:01:00,3,home
E0003631,P000632,F10,PR0081,outpatient,post_discharge_followup,2026-07-13 08:15:00,2026-07-13 09:15:00,0,home
E0003632,P001053,F04,PR0058,outpatient,chronic_management,2026-07-13 09:15:00,2026-07-13 09:48:00,0,home
E0003633,P000321,F01,PR0014,ED,emergency,2026-07-13 11:20:00,2026-07-13 16:20:00,0,admitted
E0003634,P000775,F05,PR0059,outpatient,acute_episode,2026-07-13 11:30:00,2026-07-13 11:50:00,0,home
E0003635,P000587,F11,PR0084,outpatient,chronic_management,2026-07-13 13:45:00,2026-07-13 14:46:00,0,home
E0003636,P001372,F05,PR0059,outpatient,preventive,2026-07-13 15:00:00,2026-07-13 15:41:00,0,home
E0003637,P000304,F08,PR0073,outpatient,post_discharge_followup,2026-07-13 16:00:00,2026-07-13 16:55:00,0,home
E0003638,P000321,F01,PR0007,inpatient,emergency_admission,2026-07-13 16:20:00,2026-07-16 13:07:00,3,home
E0003639,P000414,F02,PR0032,ED,emergency,2026-07-14 06:22:00,2026-07-14 10:22:00,0,admitted
E0003640,P000414,F02,PR0024,inpatient,emergency_admission,2026-07-14 10:22:00,2026-07-21 10:03:00,7,home
E0003641,P001310,F08,PR0074,outpatient,post_discharge_followup,2026-07-14 10:30:00,2026-07-14 11:00:00,0,home
E0003642,P000286,F06,PR0065,outpatient,chronic_management,2026-07-14 12:30:00,2026-07-14 13:15:00,0,home
E0003643,P000874,F03,PR0054,ED,emergency,2026-07-14 17:23:00,2026-07-14 19:54:00,0,home
E0003644,P001011,F01,PR0010,inpatient,direct_admission,2026-07-14 19:08:00,2026-07-15 14:34:00,1,home
E0003645,P001276,F07,PR0070,outpatient,chronic_management,2026-07-15 08:15:00,2026-07-15 09:23:00,0,home
E0003646,P000602,F11,PR0086,outpatient,chronic_management,2026-07-15 09:15:00,2026-07-15 09:43:00,0,home
E0003647,P000143,F01,PR0013,ED,emergency,2026-07-15 09:56:00,2026-07-15 17:04:00,0,home
E0003648,P000276,F10,PR0080,outpatient,chronic_management,2026-07-15 10:30:00,2026-07-15 10:50:00,0,home
E0003649,P000806,F08,PR0071,outpatient,chronic_management,2026-07-15 13:30:00,2026-07-15 13:57:00,0,home
E0003650,P001260,F06,PR0064,outpatient,chronic_management,2026-07-15 13:30:00,2026-07-15 14:32:00,0,home
E0003651,P000852,F11,PR0084,outpatient,preventive,2026-07-15 14:00:00,2026-07-15 15:09:00,0,home
E0003652,P000946,F02,PR0033,ED,emergency,2026-07-15 16:04:00,2026-07-15 20:04:00,0,admitted
E0003653,P000946,F02,PR0019,inpatient,emergency_admission,2026-07-15 20:04:00,2026-07-19 10:38:00,4,home
E0003654,P000501,F02,PR0032,ED,emergency,2026-07-16 03:51:00,2026-07-16 09:51:00,0,admitted
E0003655,P000704,F01,PR0011,outpatient,preventive,2026-07-16 08:00:00,2026-07-16 08:26:00,0,home
E0003656,P001184,F06,PR0065,outpatient,chronic_management,2026-07-16 08:00:00,2026-07-16 08:35:00,0,home
E0003657,P001181,F15,PR0098,outpatient,preventive,2026-07-16 08:45:00,2026-07-16 09:05:00,0,home
E0003658,P000501,F02,PR0021,inpatient,emergency_admission,2026-07-16 09:51:00,2026-07-18 10:35:00,2,home
E0003659,P000902,F08,PR0074,outpatient,acute_episode,2026-07-16 10:30:00,2026-07-16 11:17:00,0,home
E0003660,P001082,F08,PR0074,outpatient,acute_episode,2026-07-16 12:00:00,2026-07-16 12:43:00,0,home
E0003661,P000382,F07,PR0069,outpatient,chronic_management,2026-07-16 12:15:00,2026-07-16 13:21:00,0,home
E0003662,P000188,F05,PR0061,outpatient,acute_episode,2026-07-16 12:45:00,2026-07-16 13:16:00,0,home
E0003663,P000655,F10,PR0079,outpatient,chronic_management,2026-07-16 12:45:00,2026-07-16 13:46:00,0,home
E0003664,P000919,F07,PR0067,outpatient,preventive,2026-07-16 12:45:00,2026-07-16 13:19:00,0,home
E0003665,P001245,F05,PR0059,outpatient,post_discharge_followup,2026-07-16 12:45:00,2026-07-16 13:52:00,0,home
E0003666,P000659,F03,PR0053,ED,emergency,2026-07-16 12:59:00,2026-07-16 14:59:00,0,admitted
E0003667,P000659,F03,PR0043,inpatient,emergency_admission,2026-07-16 14:59:00,2026-07-22 15:29:00,6,home
E0003668,P000592,F15,PR0097,outpatient,acute_episode,2026-07-16 16:30:00,2026-07-16 17:24:00,0,home
E0003669,P000894,F12,PR0088,outpatient,chronic_management,2026-07-16 16:30:00,2026-07-16 17:31:00,0,home
E0003670,P000719,F01,PR0013,ED,emergency,2026-07-17 05:53:00,2026-07-17 07:53:00,0,admitted
E0003671,P000719,F01,PR0011,inpatient,emergency_admission,2026-07-17 07:53:00,2026-07-22 16:13:00,5,home
E0003672,P000892,F05,PR0062,outpatient,chronic_management,2026-07-17 08:15:00,2026-07-17 08:53:00,0,home
E0003673,P001106,F03,PR0050,ED,emergency,2026-07-17 08:55:00,2026-07-17 15:55:00,0,admitted
E0003674,P001332,F07,PR0069,outpatient,preventive,2026-07-17 12:15:00,2026-07-17 12:51:00,0,home
E0003675,P000310,F10,PR0080,outpatient,post_discharge_followup,2026-07-17 13:00:00,2026-07-17 13:59:00,0,home
E0003676,P000839,F07,PR0069,outpatient,acute_episode,2026-07-17 13:15:00,2026-07-17 13:42:00,0,home
E0003677,P000880,F12,PR0088,outpatient,chronic_management,2026-07-17 14:30:00,2026-07-17 15:09:00,0,home
E0003678,P000865,F15,PR0097,outpatient,preventive,2026-07-17 15:30:00,2026-07-17 16:05:00,0,home
E0003679,P000970,F10,PR0080,outpatient,post_discharge_followup,2026-07-17 15:30:00,2026-07-17 16:30:00,0,home
E0003680,P001106,F03,PR0041,inpatient,emergency_admission,2026-07-17 15:55:00,2026-07-22 17:59:00,5,ama
E0003681,P000444,F05,PR0061,outpatient,chronic_management,2026-07-17 16:00:00,2026-07-17 16:45:00,0,home
E0003682,P000156,F07,PR0069,outpatient,chronic_management,2026-07-17 16:30:00,2026-07-17 16:53:00,0,home
E0003683,P000161,F01,PR0014,ED,emergency,2026-07-17 18:22:00,2026-07-17 23:22:00,0,admitted
E0003684,P000161,F01,PR0006,inpatient,emergency_admission,2026-07-17 23:22:00,2026-07-23 14:08:00,6,home_health
E0003685,P000520,F02,PR0034,ED,emergency,2026-07-18 05:57:00,2026-07-18 07:57:00,0,admitted
E0003686,P000520,F02,PR0022,inpatient,emergency_admission,2026-07-18 07:57:00,2026-07-23 11:51:00,5,home
E0003687,P001309,F01,PR0015,ED,emergency,2026-07-19 13:13:00,2026-07-19 16:09:00,0,home
E0003688,P000419,F03,PR0038,inpatient,direct_admission,2026-07-19 15:20:00,2026-07-25 16:18:00,6,home
E0003689,P000152,F02,PR0036,ED,emergency,2026-07-19 20:30:00,2026-07-20 03:53:00,0,home
E0003690,P000632,F02,PR0031,ED,emergency,2026-07-20 05:06:00,2026-07-20 09:06:00,0,admitted
E0003691,P000651,F11,PR0085,outpatient,chronic_management,2026-07-20 08:30:00,2026-07-20 09:18:00,0,home
E0003692,P000632,F02,PR0026,inpatient,emergency_admission,2026-07-20 09:06:00,2026-07-27 17:13:00,7,home_health
E0003693,P000688,F11,PR0084,outpatient,post_discharge_followup,2026-07-20 09:15:00,2026-07-20 09:52:00,0,home
E0003694,P000431,F15,PR0098,outpatient,preventive,2026-07-20 09:30:00,2026-07-20 10:26:00,0,home
E0003695,P000580,F04,PR0058,outpatient,preventive,2026-07-20 10:30:00,2026-07-20 10:54:00,0,home
E0003696,P001104,F09,PR0078,outpatient,chronic_management,2026-07-20 11:45:00,2026-07-20 12:23:00,0,home
E0003697,P000109,F10,PR0082,outpatient,preventive,2026-07-20 12:45:00,2026-07-20 13:28:00,0,home
E0003698,P000489,F11,PR0084,outpatient,chronic_management,2026-07-20 13:00:00,2026-07-20 14:04:00,0,home
E0003699,P000443,F04,PR0055,outpatient,chronic_management,2026-07-20 13:15:00,2026-07-20 13:48:00,0,home
E0003700,P000321,F04,PR0057,outpatient,post_discharge_followup,2026-07-20 15:45:00,2026-07-20 16:19:00,0,home
E0003701,P000004,F04,PR0057,outpatient,acute_episode,2026-07-20 16:15:00,2026-07-20 17:23:00,0,home
E0003702,P000083,F01,PR0013,ED,emergency,2026-07-20 16:25:00,2026-07-21 00:45:00,0,home
E0003703,P001237,F06,PR0063,outpatient,chronic_management,2026-07-20 16:45:00,2026-07-20 17:44:00,0,home
E0003704,P000323,F01,PR0015,ED,emergency,2026-07-20 17:30:00,2026-07-21 01:35:00,0,home
E0003705,P000932,F05,PR0062,outpatient,chronic_management,2026-07-21 10:15:00,2026-07-21 10:59:00,0,home
E0003706,P000813,F13,PR0092,outpatient,chronic_management,2026-07-21 10:30:00,2026-07-21 10:53:00,0,home
E0003707,P000821,F01,PR0008,outpatient,chronic_management,2026-07-21 11:00:00,2026-07-21 11:57:00,0,home
E0003708,P001337,F07,PR0070,outpatient,chronic_management,2026-07-21 13:00:00,2026-07-21 13:55:00,0,home
E0003709,P000266,F06,PR0064,outpatient,acute_episode,2026-07-21 14:45:00,2026-07-21 15:07:00,0,home
E0003710,P000993,F04,PR0058,outpatient,chronic_management,2026-07-21 15:15:00,2026-07-21 16:09:00,0,home
E0003711,P000217,F05,PR0061,outpatient,post_discharge_followup,2026-07-21 15:30:00,2026-07-21 16:09:00,0,home
E0003712,P000810,F01,PR0014,ED,emergency,2026-07-21 21:02:00,2026-07-22 05:37:00,0,home
E0003713,P000707,F14,PR0093,outpatient,preventive,2026-07-22 11:15:00,2026-07-22 12:07:00,0,home
E0003714,P001296,F08,PR0072,outpatient,acute_episode,2026-07-22 12:30:00,2026-07-22 13:25:00,0,home
E0003715,P000672,F09,PR0078,outpatient,chronic_management,2026-07-22 13:00:00,2026-07-22 13:58:00,0,home
E0003716,P000913,F06,PR0063,outpatient,preventive,2026-07-22 13:00:00,2026-07-22 14:06:00,0,home
E0003717,P000464,F02,PR0032,ED,emergency,2026-07-22 22:50:00,2026-07-23 00:56:00,0,home
E0003718,P001266,F03,PR0053,ED,emergency,2026-07-23 00:06:00,2026-07-23 08:22:00,0,home
E0003719,P000838,F01,PR0017,ED,emergency,2026-07-23 01:09:00,2026-07-23 03:48:00,0,home
E0003720,P000050,F01,PR0007,outpatient,acute_episode,2026-07-23 11:30:00,2026-07-23 12:24:00,0,home
E0003721,P000793,F08,PR0073,outpatient,chronic_management,2026-07-23 11:30:00,2026-07-23 12:10:00,0,home
E0003722,P000891,F05,PR0060,outpatient,preventive,2026-07-23 13:30:00,2026-07-23 13:53:00,0,home
E0003723,P000586,F15,PR0097,outpatient,chronic_management,2026-07-23 14:15:00,2026-07-23 14:37:00,0,home
E0003724,P001105,F03,PR0040,outpatient,chronic_management,2026-07-23 15:00:00,2026-07-23 15:34:00,0,home
E0003725,P001371,F01,PR0018,ED,emergency,2026-07-24 07:01:00,2026-07-24 12:42:00,0,home
E0003726,P000434,F06,PR0064,outpatient,acute_episode,2026-07-24 12:00:00,2026-07-24 12:41:00,0,home
E0003727,P000299,F10,PR0082,outpatient,chronic_management,2026-07-24 13:15:00,2026-07-24 13:57:00,0,home
E0003728,P001175,F04,PR0055,outpatient,preventive,2026-07-24 15:15:00,2026-07-24 16:10:00,0,home
E0003729,P000719,F07,PR0068,outpatient,post_discharge_followup,2026-07-24 15:30:00,2026-07-24 15:59:00,0,home
E0003730,P000054,F01,PR0014,ED,emergency,2026-07-25 11:52:00,2026-07-25 20:04:00,0,home
E0003731,P000347,F02,PR0022,inpatient,direct_admission,2026-07-26 04:32:00,2026-07-29 10:07:00,3,home
E0003732,P000569,F02,PR0034,ED,emergency,2026-07-26 12:29:00,2026-07-26 17:29:00,0,admitted
E0003733,P000569,F02,PR0024,inpatient,emergency_admission,2026-07-26 17:29:00,2026-07-30 13:54:00,4,home
E0003734,P000659,F04,PR0057,outpatient,post_discharge_followup,2026-07-27 09:30:00,2026-07-27 09:53:00,0,home
E0003735,P000161,F09,PR0075,outpatient,post_discharge_followup,2026-07-27 10:15:00,2026-07-27 11:26:00,0,home
E0003736,P000708,F07,PR0068,outpatient,chronic_management,2026-07-27 10:45:00,2026-07-27 11:40:00,0,home
E0003737,P000084,F08,PR0071,outpatient,chronic_management,2026-07-27 13:00:00,2026-07-27 14:10:00,0,home
E0003738,P001011,F15,PR0098,outpatient,chronic_management,2026-07-27 16:15:00,2026-07-27 17:11:00,0,home
E0003739,P000520,F15,PR0099,outpatient,post_discharge_followup,2026-07-27 16:45:00,2026-07-27 17:44:00,0,home
E0003740,P001011,F04,PR0058,outpatient,preventive,2026-07-28 08:15:00,2026-07-28 08:35:00,0,home
E0003741,P000957,F03,PR0043,outpatient,preventive,2026-07-28 09:45:00,2026-07-28 10:21:00,0,home
E0003742,P000695,F08,PR0071,outpatient,preventive,2026-07-28 11:00:00,2026-07-28 11:21:00,0,home
E0003743,P001385,F01,PR0013,ED,emergency,2026-07-28 12:03:00,2026-07-28 16:58:00,0,home
E0003744,P001014,F05,PR0062,outpatient,preventive,2026-07-28 14:15:00,2026-07-28 14:58:00,0,home
E0003745,P001349,F05,PR0061,outpatient,acute_episode,2026-07-28 15:00:00,2026-07-28 16:06:00,0,home
E0003746,P001221,F02,PR0035,ED,emergency,2026-07-28 16:56:00,2026-07-28 19:56:00,0,admitted
E0003747,P001221,F02,PR0024,inpatient,emergency_admission,2026-07-28 19:56:00,2026-07-30 13:32:00,2,rehab
E0003748,P000173,F10,PR0079,outpatient,chronic_management,2026-07-29 10:00:00,2026-07-29 11:01:00,0,home
E0003749,P000632,F10,PR0081,outpatient,post_discharge_followup,2026-07-29 10:00:00,2026-07-29 11:09:00,0,home
E0003750,P000149,F03,PR0053,ED,emergency,2026-07-29 11:19:00,2026-07-29 17:24:00,0,home
E0003751,P000006,F06,PR0064,outpatient,chronic_management,2026-07-29 12:15:00,2026-07-29 13:19:00,0,home
E0003752,P001198,F07,PR0068,outpatient,chronic_management,2026-07-29 13:45:00,2026-07-29 14:09:00,0,home
E0003753,P000725,F04,PR0056,outpatient,chronic_management,2026-07-29 15:45:00,2026-07-29 16:06:00,0,home
E0003754,P000757,F05,PR0061,outpatient,post_discharge_followup,2026-07-29 16:15:00,2026-07-29 17:09:00,0,home
E0003755,P000825,F01,PR0017,ED,emergency,2026-07-29 16:17:00,2026-07-29 18:17:00,0,admitted
E0003756,P000825,F01,PR0003,inpatient,emergency_admission,2026-07-29 18:17:00,2026-08-02 16:48:00,4,home_health
E0003757,P001086,F01,PR0016,ED,emergency,2026-07-30 05:07:00,2026-07-30 11:07:00,0,admitted
E0003758,P001247,F05,PR0062,outpatient,chronic_management,2026-07-30 10:45:00,2026-07-30 11:13:00,0,home
E0003759,P001086,F01,PR0007,inpatient,emergency_admission,2026-07-30 11:07:00,2026-08-01 16:17:00,2,home
E0003760,P001059,F02,PR0032,ED,emergency,2026-07-30 11:57:00,2026-07-30 20:09:00,0,home
E0003761,P001377,F04,PR0055,outpatient,chronic_management,2026-07-30 12:15:00,2026-07-30 13:00:00,0,home
E0003762,P000262,F06,PR0063,outpatient,preventive,2026-07-30 12:30:00,2026-07-30 13:08:00,0,home
E0003763,P000414,F06,PR0063,outpatient,post_discharge_followup,2026-07-30 13:15:00,2026-07-30 13:40:00,0,home
E0003764,P000602,F11,PR0084,outpatient,acute_episode,2026-07-30 13:45:00,2026-07-30 14:11:00,0,home
E0003765,P001139,F11,PR0086,outpatient,chronic_management,2026-07-30 14:30:00,2026-07-30 15:20:00,0,home
E0003766,P001207,F08,PR0074,outpatient,preventive,2026-07-30 16:00:00,2026-07-30 17:06:00,0,home
E0003767,P000843,F01,PR0005,inpatient,elective_admission,2026-07-30 16:08:00,2026-07-31 17:13:00,1,home
E0003768,P001253,F01,PR0004,inpatient,elective_admission,2026-07-31 04:47:00,2026-08-03 16:32:00,3,home_health
E0003769,P000856,F01,PR0010,outpatient,preventive,2026-07-31 12:00:00,2026-07-31 12:24:00,0,home
E0003770,P000778,F05,PR0062,outpatient,acute_episode,2026-07-31 12:15:00,2026-07-31 13:22:00,0,home
E0003771,P001248,F07,PR0067,outpatient,preventive,2026-07-31 12:15:00,2026-07-31 13:29:00,0,home
E0003772,P000784,F04,PR0056,outpatient,preventive,2026-07-31 13:00:00,2026-07-31 13:56:00,0,home
E0003773,P000963,F15,PR0097,outpatient,chronic_management,2026-07-31 14:30:00,2026-07-31 15:10:00,0,home
E0003774,P000526,F04,PR0058,outpatient,preventive,2026-07-31 15:30:00,2026-07-31 15:51:00,0,home
E0003775,P000299,F01,PR0013,ED,emergency,2026-07-31 16:11:00,2026-07-31 21:11:00,0,admitted
E0003776,P000299,F01,PR0009,inpatient,emergency_admission,2026-07-31 21:11:00,2026-08-07 12:10:00,7,home
E0003777,P000741,F01,PR0018,ED,emergency,2026-08-02 16:50:00,2026-08-02 19:50:00,0,admitted
E0003778,P000385,F02,PR0021,inpatient,direct_admission,2026-08-02 17:18:00,2026-08-07 12:34:00,5,rehab
E0003779,P000741,F01,PR0003,inpatient,emergency_admission,2026-08-02 19:50:00,2026-08-07 16:39:00,5,home
E0003780,P000164,F01,PR0018,ED,emergency,2026-08-03 07:33:00,2026-08-03 13:33:00,0,admitted
E0003781,P000946,F06,PR0066,outpatient,post_discharge_followup,2026-08-03 09:45:00,2026-08-03 10:07:00,0,home
E0003782,P000673,F06,PR0065,outpatient,preventive,2026-08-03 11:30:00,2026-08-03 12:06:00,0,home
E0003783,P000630,F06,PR0065,outpatient,acute_episode,2026-08-03 12:30:00,2026-08-03 13:25:00,0,home
E0003784,P001011,F15,PR0098,outpatient,post_discharge_followup,2026-08-03 12:30:00,2026-08-03 12:51:00,0,home
E0003785,P000164,F01,PR0002,inpatient,emergency_admission,2026-08-03 13:33:00,2026-08-12 12:16:00,9,hospice
E0003786,P000567,F09,PR0077,outpatient,preventive,2026-08-03 14:30:00,2026-08-03 15:23:00,0,home
E0003787,P001218,F02,PR0033,ED,emergency,2026-08-04 08:13:00,2026-08-04 12:13:00,0,admitted
E0003788,P001105,F09,PR0078,outpatient,chronic_management,2026-08-04 08:15:00,2026-08-04 08:48:00,0,home
E0003789,P000569,F04,PR0057,outpatient,post_discharge_followup,2026-08-04 08:30:00,2026-08-04 09:24:00,0,home
E0003790,P001321,F08,PR0071,outpatient,chronic_management,2026-08-04 09:30:00,2026-08-04 10:26:00,0,home
E0003791,P000174,F06,PR0065,outpatient,preventive,2026-08-04 10:45:00,2026-08-04 11:42:00,0,home
E0003792,P000501,F06,PR0065,outpatient,post_discharge_followup,2026-08-04 12:00:00,2026-08-04 12:47:00,0,home
E0003793,P001218,F02,PR0025,inpatient,emergency_admission,2026-08-04 12:13:00,2026-08-11 10:23:00,7,home
E0003794,P000851,F10,PR0079,outpatient,preventive,2026-08-04 14:15:00,2026-08-04 14:58:00,0,home
E0003795,P001333,F07,PR0069,outpatient,acute_episode,2026-08-04 15:45:00,2026-08-04 16:05:00,0,home
E0003796,P001047,F02,PR0033,ED,emergency,2026-08-04 19:07:00,2026-08-05 02:07:00,0,admitted
E0003797,P000623,F01,PR0015,ED,emergency,2026-08-04 19:32:00,2026-08-05 01:21:00,0,home
E0003798,P001047,F02,PR0024,inpatient,emergency_admission,2026-08-05 02:07:00,2026-08-06 16:31:00,1,snf
E0003799,P000475,F08,PR0073,outpatient,acute_episode,2026-08-05 10:00:00,2026-08-05 10:54:00,0,home
E0003800,P001237,F13,PR0090,outpatient,acute_episode,2026-08-05 11:00:00,2026-08-05 12:09:00,0,home
E0003801,P000847,F01,PR0006,outpatient,acute_episode,2026-08-05 12:30:00,2026-08-05 13:40:00,0,home
E0003802,P001070,F09,PR0075,outpatient,acute_episode,2026-08-05 13:15:00,2026-08-05 13:42:00,0,home
E0003803,P001287,F10,PR0082,outpatient,acute_episode,2026-08-06 08:45:00,2026-08-06 09:48:00,0,home
E0003804,P000218,F12,PR0088,outpatient,chronic_management,2026-08-06 09:30:00,2026-08-06 10:18:00,0,home
E0003805,P000934,F04,PR0058,outpatient,chronic_management,2026-08-06 09:45:00,2026-08-06 10:45:00,0,home
E0003806,P000694,F03,PR0051,ED,emergency,2026-08-06 10:29:00,2026-08-06 16:29:00,0,admitted
E0003807,P000777,F07,PR0069,outpatient,chronic_management,2026-08-06 12:45:00,2026-08-06 13:28:00,0,home
E0003808,P001266,F15,PR0097,outpatient,chronic_management,2026-08-06 13:00:00,2026-08-06 14:10:00,0,home
E0003809,P000452,F05,PR0061,outpatient,chronic_management,2026-08-06 14:15:00,2026-08-06 15:12:00,0,home
E0003810,P000113,F06,PR0066,outpatient,chronic_management,2026-08-06 15:30:00,2026-08-06 16:06:00,0,home
E0003811,P000574,F13,PR0092,outpatient,chronic_management,2026-08-06 15:30:00,2026-08-06 15:59:00,0,home
E0003812,P001321,F15,PR0099,outpatient,preventive,2026-08-06 15:45:00,2026-08-06 16:24:00,0,home
E0003813,P000694,F03,PR0041,inpatient,emergency_admission,2026-08-06 16:29:00,2026-08-12 11:03:00,6,home
E0003814,P000480,F10,PR0080,outpatient,chronic_management,2026-08-07 08:30:00,2026-08-07 09:39:00,0,home
E0003815,P000643,F07,PR0068,outpatient,preventive,2026-08-07 11:00:00,2026-08-07 12:10:00,0,home
E0003816,P001371,F01,PR0009,outpatient,preventive,2026-08-07 12:30:00,2026-08-07 13:08:00,0,home
E0003817,P001397,F03,PR0054,ED,emergency,2026-08-07 20:38:00,2026-08-07 22:48:00,0,home
E0003818,P000812,F03,PR0051,ED,emergency,2026-08-08 07:48:00,2026-08-08 10:48:00,0,admitted
E0003819,P000759,F03,PR0054,ED,emergency,2026-08-08 08:11:00,2026-08-08 11:11:00,0,admitted
E0003820,P000812,F03,PR0041,inpatient,emergency_admission,2026-08-08 10:48:00,2026-08-09 16:39:00,1,home
E0003821,P000759,F03,PR0042,inpatient,emergency_admission,2026-08-08 11:11:00,2026-08-11 13:18:00,3,home
E0003822,P000368,F02,PR0035,ED,emergency,2026-08-09 00:05:00,2026-08-09 08:28:00,0,home
E0003823,P000782,F10,PR0079,outpatient,acute_episode,2026-08-10 09:45:00,2026-08-10 10:36:00,0,home
E0003824,P000307,F09,PR0075,outpatient,chronic_management,2026-08-10 10:00:00,2026-08-10 10:52:00,0,home
E0003825,P001056,F01,PR0005,inpatient,direct_admission,2026-08-10 10:17:00,2026-08-13 10:36:00,3,home
E0003826,P000555,F01,PR0003,outpatient,chronic_management,2026-08-10 11:45:00,2026-08-10 12:48:00,0,home
E0003827,P000955,F10,PR0079,outpatient,acute_episode,2026-08-10 13:30:00,2026-08-10 14:38:00,0,home
E0003828,P000225,F09,PR0078,outpatient,acute_episode,2026-08-10 15:30:00,2026-08-10 16:35:00,0,home
E0003829,P000999,F01,PR0007,inpatient,elective_admission,2026-08-10 16:10:00,2026-08-12 12:32:00,2,home
E0003830,P000481,F02,PR0031,ED,emergency,2026-08-10 16:52:00,2026-08-10 18:52:00,0,admitted
E0003831,P000481,F02,PR0022,inpatient,emergency_admission,2026-08-10 18:52:00,2026-08-11 16:58:00,1,home
E0003832,P001201,F08,PR0071,outpatient,chronic_management,2026-08-11 11:45:00,2026-08-11 12:23:00,0,home
E0003833,P000830,F02,PR0029,outpatient,chronic_management,2026-08-11 13:00:00,2026-08-11 14:08:00,0,home
E0003834,P001086,F01,PR0016,ED,emergency,2026-08-11 13:23:00,2026-08-11 20:40:00,0,home
E0003835,P000176,F01,PR0018,ED,emergency,2026-08-11 17:49:00,2026-08-12 01:58:00,0,home
E0003836,P000769,F03,PR0050,ED,emergency,2026-08-11 19:11:00,2026-08-12 03:16:00,0,home
E0003837,P000752,F02,PR0034,ED,emergency,2026-08-11 22:47:00,2026-08-12 03:05:00,0,home
E0003838,P001175,F01,PR0018,ED,emergency,2026-08-11 23:39:00,2026-08-12 04:29:00,0,home
E0003839,P000371,F01,PR0015,ED,emergency,2026-08-12 02:08:00,2026-08-12 06:08:00,0,admitted
E0003840,P000371,F01,PR0001,inpatient,emergency_admission,2026-08-12 06:08:00,2026-08-16 15:21:00,4,snf
E0003841,P000481,F09,PR0078,outpatient,chronic_management,2026-08-12 09:30:00,2026-08-12 09:58:00,0,home
E0003842,P000208,F01,PR0016,ED,emergency,2026-08-12 09:43:00,2026-08-12 15:33:00,0,home
E0003843,P001220,F09,PR0078,outpatient,chronic_management,2026-08-12 10:15:00,2026-08-12 10:48:00,0,home
E0003844,P000126,F02,PR0033,ED,emergency,2026-08-12 10:20:00,2026-08-12 17:20:00,0,admitted
E0003845,P001274,F04,PR0057,outpatient,chronic_management,2026-08-12 10:45:00,2026-08-12 11:39:00,0,home
E0003846,P000627,F07,PR0067,outpatient,preventive,2026-08-12 13:00:00,2026-08-12 14:08:00,0,home
E0003847,P000419,F14,PR0095,outpatient,chronic_management,2026-08-12 13:45:00,2026-08-12 14:27:00,0,home
E0003848,P001166,F01,PR0018,ED,emergency,2026-08-12 14:39:00,2026-08-12 21:37:00,0,home
E0003849,P000812,F05,PR0061,outpatient,post_discharge_followup,2026-08-12 15:00:00,2026-08-12 15:45:00,0,home
E0003850,P000126,F02,PR0025,inpatient,emergency_admission,2026-08-12 17:20:00,2026-08-17 16:43:00,5,home
E0003851,P000299,F10,PR0080,outpatient,post_discharge_followup,2026-08-13 08:30:00,2026-08-13 09:30:00,0,home
E0003852,P000741,F11,PR0085,outpatient,post_discharge_followup,2026-08-13 09:15:00,2026-08-13 10:17:00,0,home
E0003853,P001110,F07,PR0069,outpatient,chronic_management,2026-08-13 11:00:00,2026-08-13 11:20:00,0,home
E0003854,P000367,F05,PR0062,outpatient,acute_episode,2026-08-13 16:15:00,2026-08-13 17:15:00,0,home
E0003855,P001257,F05,PR0062,outpatient,preventive,2026-08-13 16:30:00,2026-08-13 17:13:00,0,home
E0003856,P000659,F03,PR0054,ED,emergency,2026-08-13 18:53:00,2026-08-14 03:17:00,0,home
E0003857,P000743,F07,PR0070,outpatient,preventive,2026-08-14 08:15:00,2026-08-14 09:04:00,0,home
E0003858,P000128,F12,PR0088,outpatient,preventive,2026-08-14 09:00:00,2026-08-14 09:30:00,0,home
E0003859,P000796,F09,PR0076,outpatient,chronic_management,2026-08-14 09:45:00,2026-08-14 10:14:00,0,home
E0003860,P000995,F02,PR0031,ED,emergency,2026-08-14 11:39:00,2026-08-14 18:39:00,0,admitted
E0003861,P000482,F07,PR0069,outpatient,chronic_management,2026-08-14 11:45:00,2026-08-14 12:47:00,0,home
E0003862,P000265,F08,PR0074,outpatient,chronic_management,2026-08-14 12:00:00,2026-08-14 13:06:00,0,home
E0003863,P000995,F02,PR0019,inpatient,emergency_admission,2026-08-14 18:39:00,2026-08-19 17:41:00,5,home
E0003864,P001149,F01,PR0016,ED,emergency,2026-08-15 16:28:00,2026-08-15 23:28:00,0,admitted
E0003865,P001013,F01,PR0015,ED,emergency,2026-08-15 17:28:00,2026-08-15 20:28:00,0,admitted
E0003866,P001013,F01,PR0005,inpatient,emergency_admission,2026-08-15 20:28:00,2026-08-20 15:08:00,5,home
E0003867,P001149,F01,PR0007,inpatient,emergency_admission,2026-08-15 23:28:00,2026-08-22 15:32:00,7,home
E0003868,P001105,F03,PR0054,ED,emergency,2026-08-16 05:52:00,2026-08-16 10:52:00,0,admitted
E0003869,P001105,F03,PR0043,inpatient,emergency_admission,2026-08-16 10:52:00,2026-08-19 17:01:00,3,home
E0003870,P000924,F15,PR0098,outpatient,chronic_management,2026-08-17 08:15:00,2026-08-17 08:51:00,0,home
E0003871,P001372,F02,PR0036,ED,emergency,2026-08-17 08:37:00,2026-08-17 15:19:00,0,home
E0003872,P001218,F11,PR0084,outpatient,post_discharge_followup,2026-08-17 08:45:00,2026-08-17 09:53:00,0,home
E0003873,P001336,F11,PR0085,outpatient,preventive,2026-08-17 08:45:00,2026-08-17 09:17:00,0,home
E0003874,P001298,F08,PR0072,outpatient,chronic_management,2026-08-17 10:45:00,2026-08-17 11:59:00,0,home
E0003875,P000839,F01,PR0005,outpatient,chronic_management,2026-08-17 12:30:00,2026-08-17 12:59:00,0,home
E0003876,P001164,F01,PR0015,ED,emergency,2026-08-17 12:48:00,2026-08-17 15:48:00,0,admitted
E0003877,P001164,F01,PR0002,inpatient,emergency_admission,2026-08-17 15:48:00,2026-08-23 13:08:00,6,home_health
E0003878,P000971,F04,PR0055,outpatient,chronic_management,2026-08-18 08:30:00,2026-08-18 09:35:00,0,home
E0003879,P001126,F10,PR0082,outpatient,chronic_management,2026-08-18 09:00:00,2026-08-18 09:25:00,0,home
E0003880,P001182,F07,PR0070,outpatient,preventive,2026-08-18 11:30:00,2026-08-18 12:05:00,0,home
E0003881,P000243,F05,PR0062,outpatient,acute_episode,2026-08-18 12:45:00,2026-08-18 13:33:00,0,home
E0003882,P001047,F02,PR0032,ED,emergency,2026-08-18 18:29:00,2026-08-18 20:29:00,0,admitted
E0003883,P000612,F02,PR0026,inpatient,direct_admission,2026-08-18 19:18:00,2026-08-20 13:52:00,2,home
E0003884,P001047,F02,PR0022,inpatient,emergency_admission,2026-08-18 20:29:00,2026-08-23 13:40:00,5,home
E0003885,P000610,F08,PR0071,outpatient,preventive,2026-08-19 08:45:00,2026-08-19 09:58:00,0,home
E0003886,P001349,F02,PR0025,outpatient,preventive,2026-08-19 09:15:00,2026-08-19 09:51:00,0,home
E0003887,P001159,F04,PR0057,outpatient,preventive,2026-08-19 11:00:00,2026-08-19 12:06:00,0,home
E0003888,P001235,F06,PR0063,outpatient,acute_episode,2026-08-19 11:45:00,2026-08-19 12:42:00,0,home
E0003889,P000559,F05,PR0062,outpatient,acute_episode,2026-08-19 13:30:00,2026-08-19 14:28:00,0,home
E0003890,P001337,F07,PR0070,outpatient,chronic_management,2026-08-19 13:30:00,2026-08-19 14:06:00,0,home
E0003891,P000631,F08,PR0073,outpatient,preventive,2026-08-19 15:00:00,2026-08-19 15:28:00,0,home
E0003892,P000777,F07,PR0067,outpatient,chronic_management,2026-08-19 15:00:00,2026-08-19 15:39:00,0,home
E0003893,P001265,F04,PR0055,outpatient,preventive,2026-08-19 15:00:00,2026-08-19 15:29:00,0,home
E0003894,P001086,F07,PR0070,outpatient,post_discharge_followup,2026-08-19 15:45:00,2026-08-19 16:42:00,0,home
E0003895,P001242,F03,PR0053,ED,emergency,2026-08-19 21:14:00,2026-08-19 22:56:00,0,home
E0003896,P000341,F01,PR0002,inpatient,direct_admission,2026-08-19 22:50:00,2026-08-21 10:40:00,2,home
E0003897,P000009,F08,PR0073,outpatient,acute_episode,2026-08-20 11:15:00,2026-08-20 12:02:00,0,home
E0003898,P000674,F09,PR0078,outpatient,acute_episode,2026-08-20 13:15:00,2026-08-20 13:57:00,0,home
E0003899,P000663,F07,PR0068,outpatient,chronic_management,2026-08-20 15:00:00,2026-08-20 16:11:00,0,home
E0003900,P000825,F07,PR0070,outpatient,post_discharge_followup,2026-08-20 15:30:00,2026-08-20 16:21:00,0,home
E0003901,P000149,F02,PR0032,ED,emergency,2026-08-21 01:55:00,2026-08-21 07:55:00,0,admitted
E0003902,P000149,F02,PR0019,inpatient,emergency_admission,2026-08-21 07:55:00,2026-08-24 14:27:00,3,home
E0003903,P000608,F03,PR0054,ED,emergency,2026-08-21 08:06:00,2026-08-21 11:06:00,0,admitted
E0003904,P000392,F07,PR0069,outpatient,acute_episode,2026-08-21 09:15:00,2026-08-21 10:09:00,0,home
E0003905,P000608,F03,PR0042,inpatient,emergency_admission,2026-08-21 11:06:00,2026-08-22 12:20:00,1,home
E0003906,P000759,F03,PR0050,ED,emergency,2026-08-21 12:42:00,2026-08-21 19:42:00,0,admitted
E0003907,P000140,F09,PR0077,outpatient,chronic_management,2026-08-21 12:45:00,2026-08-21 13:30:00,0,home
E0003908,P001102,F06,PR0066,outpatient,preventive,2026-08-21 14:15:00,2026-08-21 14:52:00,0,home
E0003909,P001105,F09,PR0078,outpatient,post_discharge_followup,2026-08-21 15:00:00,2026-08-21 15:35:00,0,home
E0003910,P000426,F03,PR0049,ED,emergency,2026-08-21 15:24:00,2026-08-21 17:48:00,0,home
E0003911,P000411,F10,PR0082,outpatient,chronic_management,2026-08-21 15:45:00,2026-08-21 16:08:00,0,home
E0003912,P000912,F08,PR0073,outpatient,chronic_management,2026-08-21 16:15:00,2026-08-21 16:42:00,0,home
E0003913,P000097,F06,PR0063,outpatient,preventive,2026-08-21 16:45:00,2026-08-21 17:21:00,0,home
E0003914,P000759,F03,PR0043,inpatient,emergency_admission,2026-08-21 19:42:00,2026-08-25 15:30:00,4,home_health
E0003915,P000486,F03,PR0042,inpatient,direct_admission,2026-08-21 20:07:00,2026-08-25 14:38:00,4,home
E0003916,P000658,F02,PR0036,ED,emergency,2026-08-22 15:03:00,2026-08-22 17:03:00,0,admitted
E0003917,P000007,F03,PR0049,ED,emergency,2026-08-22 15:26:00,2026-08-22 22:01:00,0,home
E0003918,P000658,F02,PR0024,inpatient,emergency_admission,2026-08-22 17:03:00,2026-08-26 11:16:00,4,home_health
E0003919,P001227,F03,PR0038,inpatient,elective_admission,2026-08-22 18:35:00,2026-08-25 14:20:00,3,home
E0003920,P000812,F03,PR0051,ED,emergency,2026-08-22 19:59:00,2026-08-23 03:13:00,0,home
E0003921,P001221,F02,PR0036,ED,emergency,2026-08-23 00:27:00,2026-08-23 06:27:00,0,admitted
E0003922,P001221,F02,PR0024,inpatient,emergency_admission,2026-08-23 06:27:00,2026-08-30 14:56:00,7,home_health
E0003923,P000143,F01,PR0016,ED,emergency,2026-08-23 07:27:00,2026-08-23 11:27:00,0,admitted
E0003924,P000143,F01,PR0008,inpatient,emergency_admission,2026-08-23 11:27:00,2026-08-30 14:23:00,7,home
E0003925,P000051,F11,PR0086,outpatient,chronic_management,2026-08-24 08:15:00,2026-08-24 08:41:00,0,home
E0003926,P001004,F04,PR0058,outpatient,preventive,2026-08-24 08:30:00,2026-08-24 08:53:00,0,home
E0003927,P001220,F09,PR0076,outpatient,acute_episode,2026-08-24 08:30:00,2026-08-24 08:54:00,0,home
E0003928,P000688,F11,PR0086,outpatient,chronic_management,2026-08-24 08:45:00,2026-08-24 09:58:00,0,home
E0003929,P000825,F07,PR0068,outpatient,chronic_management,2026-08-24 10:30:00,2026-08-24 10:58:00,0,home
E0003930,P000425,F06,PR0064,outpatient,chronic_management,2026-08-24 12:00:00,2026-08-24 13:04:00,0,home
E0003931,P000837,F15,PR0099,outpatient,acute_episode,2026-08-24 13:00:00,2026-08-24 13:32:00,0,home
E0003932,P000367,F05,PR0062,outpatient,preventive,2026-08-24 15:30:00,2026-08-24 16:09:00,0,home
E0003933,P000995,F04,PR0058,outpatient,post_discharge_followup,2026-08-24 15:30:00,2026-08-24 16:21:00,0,home
E0003934,P000886,F03,PR0049,ED,emergency,2026-08-24 20:49:00,2026-08-24 23:51:00,0,home
E0003935,P001013,F10,PR0082,outpatient,post_discharge_followup,2026-08-25 08:30:00,2026-08-25 09:21:00,0,home
E0003936,P000677,F07,PR0067,outpatient,preventive,2026-08-25 08:45:00,2026-08-25 09:15:00,0,home
E0003937,P000875,F02,PR0021,outpatient,acute_episode,2026-08-25 08:45:00,2026-08-25 09:42:00,0,home
E0003938,P001073,F05,PR0060,outpatient,chronic_management,2026-08-25 09:30:00,2026-08-25 09:55:00,0,home
E0003939,P001246,F04,PR0058,outpatient,preventive,2026-08-25 11:00:00,2026-08-25 11:54:00,0,home
E0003940,P000612,F07,PR0067,outpatient,post_discharge_followup,2026-08-25 11:15:00,2026-08-25 12:21:00,0,home
E0003941,P000608,F08,PR0073,outpatient,post_discharge_followup,2026-08-25 12:15:00,2026-08-25 13:25:00,0,home
E0003942,P001149,F10,PR0081,outpatient,post_discharge_followup,2026-08-25 12:30:00,2026-08-25 13:03:00,0,home
E0003943,P000890,F04,PR0058,outpatient,acute_episode,2026-08-25 13:30:00,2026-08-25 13:55:00,0,home
E0003944,P000730,F06,PR0064,outpatient,preventive,2026-08-25 14:00:00,2026-08-25 14:27:00,0,home
E0003945,P001397,F08,PR0072,outpatient,chronic_management,2026-08-25 15:15:00,2026-08-25 16:04:00,0,home
E0003946,P001203,F04,PR0058,outpatient,chronic_management,2026-08-26 09:00:00,2026-08-26 09:49:00,0,home
E0003947,P000468,F06,PR0064,outpatient,acute_episode,2026-08-26 15:00:00,2026-08-26 15:29:00,0,home
E0003948,P000341,F06,PR0063,outpatient,post_discharge_followup,2026-08-26 16:30:00,2026-08-26 16:51:00,0,home
E0003949,P000297,F08,PR0072,outpatient,acute_episode,2026-08-27 08:15:00,2026-08-27 09:15:00,0,home
E0003950,P001227,F11,PR0085,outpatient,post_discharge_followup,2026-08-27 09:00:00,2026-08-27 10:00:00,0,home
E0003951,P000085,F15,PR0099,outpatient,acute_episode,2026-08-27 09:30:00,2026-08-27 10:18:00,0,home
E0003952,P000417,F15,PR0098,outpatient,chronic_management,2026-08-27 10:00:00,2026-08-27 10:32:00,0,home
E0003953,P000185,F12,PR0088,outpatient,preventive,2026-08-27 10:45:00,2026-08-27 11:25:00,0,home
E0003954,P000677,F07,PR0070,outpatient,preventive,2026-08-27 12:00:00,2026-08-27 12:50:00,0,home
E0003955,P000248,F05,PR0060,outpatient,acute_episode,2026-08-27 13:15:00,2026-08-27 14:05:00,0,home
E0003956,P000986,F10,PR0079,outpatient,chronic_management,2026-08-27 14:00:00,2026-08-27 14:25:00,0,home
E0003957,P001209,F07,PR0069,outpatient,preventive,2026-08-27 14:15:00,2026-08-27 15:04:00,0,home
E0003958,P000923,F02,PR0032,ED,emergency,2026-08-28 08:20:00,2026-08-28 10:20:00,0,admitted
E0003959,P001047,F09,PR0078,outpatient,post_discharge_followup,2026-08-28 09:45:00,2026-08-28 10:45:00,0,home
E0003960,P000923,F02,PR0024,inpatient,emergency_admission,2026-08-28 10:20:00,2026-09-02 16:32:00,5,home_health
E0003961,P001300,F07,PR0068,outpatient,preventive,2026-08-28 12:15:00,2026-08-28 13:29:00,0,home
E0003962,P000694,F11,PR0086,outpatient,post_discharge_followup,2026-08-28 13:00:00,2026-08-28 13:21:00,0,home
E0003963,P000917,F04,PR0058,outpatient,preventive,2026-08-28 13:45:00,2026-08-28 14:43:00,0,home
E0003964,P000486,F08,PR0071,outpatient,post_discharge_followup,2026-08-28 14:15:00,2026-08-28 15:08:00,0,home
E0003965,P001164,F08,PR0072,outpatient,post_discharge_followup,2026-08-28 14:30:00,2026-08-28 15:15:00,0,home
E0003966,P001272,F11,PR0085,outpatient,preventive,2026-08-28 16:15:00,2026-08-28 17:16:00,0,home
E0003967,P000022,F01,PR0015,ED,emergency,2026-08-29 13:33:00,2026-08-29 16:08:00,0,home
E0003968,P000658,F02,PR0019,inpatient,direct_admission,2026-08-29 20:37:00,2026-09-02 15:18:00,4,home_health
E0003969,P000016,F01,PR0013,ED,emergency,2026-08-30 09:09:00,2026-08-30 14:00:00,0,home
E0003970,P000386,F01,PR0018,ED,emergency,2026-08-30 22:07:00,2026-08-31 03:52:00,0,home
E0003971,P001109,F03,PR0053,ED,emergency,2026-08-31 09:23:00,2026-08-31 16:23:00,0,home
E0003972,P000045,F07,PR0068,outpatient,chronic_management,2026-08-31 10:00:00,2026-08-31 11:11:00,0,home
E0003973,P000630,F06,PR0063,outpatient,preventive,2026-08-31 12:30:00,2026-08-31 13:02:00,0,home
E0003974,P001254,F10,PR0082,outpatient,chronic_management,2026-08-31 14:45:00,2026-08-31 15:32:00,0,home
E0003975,P000694,F03,PR0053,ED,emergency,2026-08-31 15:22:00,2026-08-31 21:04:00,0,home
E0003976,P001260,F09,PR0076,outpatient,chronic_management,2026-08-31 16:00:00,2026-08-31 16:41:00,0,home
E0003977,P000355,F01,PR0017,ED,emergency,2026-09-01 00:52:00,2026-09-01 03:50:00,0,home
E0003978,P000405,F04,PR0058,outpatient,chronic_management,2026-09-01 08:00:00,2026-09-01 08:50:00,0,home
E0003979,P001370,F04,PR0056,outpatient,chronic_management,2026-09-01 08:15:00,2026-09-01 09:01:00,0,home
E0003980,P000130,F03,PR0041,inpatient,elective_admission,2026-09-01 08:57:00,2026-09-07 10:26:00,6,snf
E0003981,P000643,F09,PR0078,outpatient,chronic_management,2026-09-01 09:45:00,2026-09-01 10:11:00,0,home
E0003982,P000477,F06,PR0064,outpatient,chronic_management,2026-09-01 11:00:00,2026-09-01 11:43:00,0,home
E0003983,P000031,F01,PR0018,ED,emergency,2026-09-01 15:09:00,2026-09-01 21:09:00,0,admitted
E0003984,P000570,F04,PR0056,outpatient,preventive,2026-09-01 15:45:00,2026-09-01 16:31:00,0,home
E0003985,P000031,F01,PR0006,inpatient,emergency_admission,2026-09-01 21:09:00,2026-09-05 17:12:00,4,home
E0003986,P000666,F01,PR0005,inpatient,direct_admission,2026-09-01 21:49:00,2026-09-06 14:01:00,5,home
E0003987,P001216,F04,PR0058,outpatient,preventive,2026-09-02 09:00:00,2026-09-02 09:31:00,0,home
E0003988,P000468,F04,PR0058,outpatient,chronic_management,2026-09-02 10:30:00,2026-09-02 10:58:00,0,home
E0003989,P000320,F04,PR0058,outpatient,chronic_management,2026-09-02 10:45:00,2026-09-02 11:12:00,0,home
E0003990,P000796,F09,PR0075,outpatient,preventive,2026-09-02 11:15:00,2026-09-02 11:54:00,0,home
E0003991,P000233,F10,PR0079,outpatient,chronic_management,2026-09-02 11:45:00,2026-09-02 12:46:00,0,home
E0003992,P000526,F01,PR0008,outpatient,chronic_management,2026-09-02 14:45:00,2026-09-02 15:26:00,0,home
E0003993,P001078,F08,PR0074,outpatient,chronic_management,2026-09-02 15:30:00,2026-09-02 16:28:00,0,home
E0003994,P001056,F08,PR0071,outpatient,post_discharge_followup,2026-09-02 16:15:00,2026-09-02 16:57:00,0,home
E0003995,P000044,F13,PR0090,outpatient,chronic_management,2026-09-03 10:15:00,2026-09-03 10:56:00,0,home
E0003996,P001209,F02,PR0032,ED,emergency,2026-09-03 11:26:00,2026-09-03 14:26:00,0,admitted
E0003997,P000149,F15,PR0098,outpatient,post_discharge_followup,2026-09-03 12:15:00,2026-09-03 13:02:00,0,home
E0003998,P000950,F15,PR0097,outpatient,acute_episode,2026-09-03 12:15:00,2026-09-03 12:53:00,0,home
E0003999,P001209,F02,PR0024,inpatient,emergency_admission,2026-09-03 14:26:00,2026-09-04 11:47:00,1,snf
E0004000,P001060,F06,PR0066,outpatient,acute_episode,2026-09-03 15:30:00,2026-09-03 16:07:00,0,home
E0004001,P001284,F02,PR0036,ED,emergency,2026-09-03 16:41:00,2026-09-03 22:41:00,0,admitted
E0004002,P000338,F06,PR0065,outpatient,chronic_management,2026-09-03 16:45:00,2026-09-03 17:07:00,0,home
E0004003,P001284,F02,PR0028,inpatient,emergency_admission,2026-09-03 22:41:00,2026-09-08 17:01:00,5,expired
E0004004,P000512,F01,PR0016,ED,emergency,2026-09-04 08:31:00,2026-09-04 12:25:00,0,home
E0004005,P000013,F09,PR0076,outpatient,chronic_management,2026-09-04 09:45:00,2026-09-04 10:27:00,0,home
E0004006,P001157,F05,PR0059,outpatient,preventive,2026-09-04 10:15:00,2026-09-04 11:01:00,0,home
E0004007,P000047,F15,PR0097,outpatient,acute_episode,2026-09-04 11:15:00,2026-09-04 11:39:00,0,home
E0004008,P000143,F11,PR0085,outpatient,post_discharge_followup,2026-09-04 11:30:00,2026-09-04 12:37:00,0,home
E0004009,P001336,F06,PR0064,outpatient,preventive,2026-09-04 13:30:00,2026-09-04 14:43:00,0,home
E0004010,P001311,F12,PR0089,outpatient,acute_episode,2026-09-04 14:00:00,2026-09-04 15:07:00,0,home
E0004011,P000279,F05,PR0062,outpatient,acute_episode,2026-09-04 16:15:00,2026-09-04 16:43:00,0,home
E0004012,P000542,F01,PR0001,outpatient,chronic_management,2026-09-04 16:15:00,2026-09-04 17:09:00,0,home
E0004013,P000825,F01,PR0015,ED,emergency,2026-09-05 10:16:00,2026-09-05 13:16:00,0,admitted
E0004014,P000500,F02,PR0035,ED,emergency,2026-09-05 11:34:00,2026-09-05 14:56:00,0,home
E0004015,P000825,F01,PR0004,inpatient,emergency_admission,2026-09-05 13:16:00,2026-09-08 14:10:00,3,snf
E0004016,P000180,F01,PR0002,inpatient,elective_admission,2026-09-05 16:16:00,2026-09-13 11:29:00,8,snf
E0004017,P000265,F02,PR0021,inpatient,elective_admission,2026-09-05 23:45:00,2026-09-08 12:20:00,3,home_health
E0004018,P000237,F02,PR0031,ED,emergency,2026-09-06 06:16:00,2026-09-06 08:09:00,0,home
E0004019,P000093,F03,PR0052,ED,emergency,2026-09-06 08:18:00,2026-09-06 10:18:00,0,admitted
E0004020,P000093,F03,PR0040,inpatient,emergency_admission,2026-09-06 10:18:00,2026-09-12 11:21:00,6,home
E0004021,P000655,F03,PR0051,ED,emergency,2026-09-06 11:45:00,2026-09-06 18:45:00,0,admitted
E0004022,P000655,F03,PR0043,inpatient,emergency_admission,2026-09-06 18:45:00,2026-09-12 17:50:00,6,snf
E0004023,P000267,F02,PR0036,ED,emergency,2026-09-06 20:50:00,2026-09-07 02:22:00,0,home
E0004024,P000940,F01,PR0017,ED,emergency,2026-09-07 14:06:00,2026-09-07 20:20:00,0,home
E0004025,P001164,F08,PR0072,outpatient,preventive,2026-09-07 15:15:00,2026-09-07 15:41:00,0,home
E0004026,P000919,F07,PR0068,outpatient,acute_episode,2026-09-07 16:30:00,2026-09-07 17:01:00,0,home
E0004027,P000280,F06,PR0065,outpatient,chronic_management,2026-09-07 16:45:00,2026-09-07 17:53:00,0,home
E0004028,P000666,F06,PR0065,outpatient,post_discharge_followup,2026-09-08 08:45:00,2026-09-08 09:32:00,0,home
E0004029,P000946,F02,PR0032,ED,emergency,2026-09-08 09:55:00,2026-09-08 16:55:00,0,admitted
E0004030,P000923,F05,PR0062,outpatient,preventive,2026-09-08 10:15:00,2026-09-08 11:06:00,0,home
E0004031,P000946,F02,PR0029,inpatient,emergency_admission,2026-09-08 16:55:00,2026-09-12 15:36:00,4,home
E0004032,P000075,F07,PR0070,outpatient,acute_episode,2026-09-09 08:45:00,2026-09-09 09:05:00,0,home
E0004033,P000435,F05,PR0061,outpatient,preventive,2026-09-09 09:00:00,2026-09-09 09:28:00,0,home
E0004034,P001331,F11,PR0086,outpatient,preventive,2026-09-09 12:45:00,2026-09-09 13:08:00,0,home
E0004035,P001105,F09,PR0075,outpatient,chronic_management,2026-09-09 13:00:00,2026-09-09 13:38:00,0,home
E0004036,P000090,F02,PR0021,outpatient,chronic_management,2026-09-09 13:15:00,2026-09-09 13:49:00,0,home
E0004037,P000689,F05,PR0060,outpatient,chronic_management,2026-09-09 14:15:00,2026-09-09 15:00:00,0,home
E0004038,P000174,F06,PR0063,outpatient,chronic_management,2026-09-09 14:45:00,2026-09-09 15:27:00,0,home
E0004039,P000031,F07,PR0070,outpatient,post_discharge_followup,2026-09-09 15:15:00,2026-09-09 16:22:00,0,home
E0004040,P001117,F02,PR0023,outpatient,preventive,2026-09-09 15:30:00,2026-09-09 16:38:00,0,home
E0004041,P000998,F07,PR0069,outpatient,preventive,2026-09-09 16:00:00,2026-09-09 17:06:00,0,home
E0004042,P000990,F07,PR0067,outpatient,preventive,2026-09-10 10:15:00,2026-09-10 10:38:00,0,home
E0004043,P000044,F15,PR0097,outpatient,acute_episode,2026-09-10 11:30:00,2026-09-10 12:03:00,0,home
E0004044,P001207,F08,PR0071,outpatient,chronic_management,2026-09-10 11:30:00,2026-09-10 12:39:00,0,home
E0004045,P001073,F05,PR0060,outpatient,chronic_management,2026-09-10 16:00:00,2026-09-10 16:27:00,0,home
E0004046,P001203,F04,PR0056,outpatient,preventive,2026-09-10 16:00:00,2026-09-10 16:34:00,0,home
E0004047,P001383,F03,PR0049,ED,emergency,2026-09-10 21:38:00,2026-09-11 03:38:00,0,admitted
E0004048,P001383,F03,PR0042,inpatient,emergency_admission,2026-09-11 03:38:00,2026-09-20 16:13:00,9,home
E0004049,P001227,F13,PR0092,outpatient,acute_episode,2026-09-11 08:30:00,2026-09-11 09:22:00,0,home
E0004050,P001277,F09,PR0076,outpatient,preventive,2026-09-11 09:15:00,2026-09-11 10:27:00,0,home
E0004051,P000107,F07,PR0070,outpatient,preventive,2026-09-11 10:30:00,2026-09-11 11:40:00,0,home
E0004052,P000136,F11,PR0086,outpatient,chronic_management,2026-09-11 11:45:00,2026-09-11 12:53:00,0,home
E0004053,P000966,F05,PR0061,outpatient,preventive,2026-09-11 13:00:00,2026-09-11 13:37:00,0,home
E0004054,P000446,F02,PR0023,inpatient,elective_admission,2026-09-11 13:24:00,2026-09-16 10:00:00,5,home
E0004055,P000289,F03,PR0050,ED,emergency,2026-09-11 17:42:00,2026-09-11 23:06:00,0,home
E0004056,P000608,F01,PR0006,inpatient,direct_admission,2026-09-12 06:10:00,2026-09-17 14:28:00,5,snf
E0004057,P001128,F01,PR0016,ED,emergency,2026-09-12 06:53:00,2026-09-12 11:53:00,0,home
E0004058,P000489,F02,PR0033,ED,emergency,2026-09-12 15:33:00,2026-09-12 23:44:00,0,home
E0004059,P000598,F02,PR0032,ED,emergency,2026-09-12 16:24:00,2026-09-12 21:24:00,0,admitted
E0004060,P000598,F02,PR0021,inpatient,emergency_admission,2026-09-12 21:24:00,2026-09-15 11:17:00,3,home_health
E0004061,P001021,F01,PR0017,ED,emergency,2026-09-13 13:15:00,2026-09-13 18:15:00,0,admitted
E0004062,P001021,F01,PR0007,inpatient,emergency_admission,2026-09-13 18:15:00,2026-09-18 10:53:00,5,rehab
E0004063,P000218,F02,PR0027,inpatient,direct_admission,2026-09-13 20:19:00,2026-09-17 15:52:00,4,home_health
E0004064,P000276,F10,PR0082,outpatient,preventive,2026-09-14 08:15:00,2026-09-14 08:51:00,0,home
E0004065,P000491,F15,PR0098,outpatient,acute_episode,2026-09-14 08:45:00,2026-09-14 09:58:00,0,home
E0004066,P000394,F05,PR0060,outpatient,preventive,2026-09-14 09:30:00,2026-09-14 10:20:00,0,home
E0004067,P000658,F08,PR0074,outpatient,post_discharge_followup,2026-09-14 10:15:00,2026-09-14 11:21:00,0,home
E0004068,P000236,F06,PR0063,outpatient,chronic_management,2026-09-14 11:30:00,2026-09-14 12:15:00,0,home
E0004069,P000110,F06,PR0063,outpatient,chronic_management,2026-09-14 13:45:00,2026-09-14 14:48:00,0,home
E0004070,P000767,F15,PR0097,outpatient,preventive,2026-09-15 08:00:00,2026-09-15 08:27:00,0,home
E0004071,P001259,F08,PR0073,outpatient,acute_episode,2026-09-15 09:45:00,2026-09-15 10:24:00,0,home
E0004072,P000527,F01,PR0009,outpatient,preventive,2026-09-15 10:00:00,2026-09-15 10:47:00,0,home
E0004073,P000606,F01,PR0001,outpatient,chronic_management,2026-09-15 10:30:00,2026-09-15 11:24:00,0,home
E0004074,P000937,F05,PR0059,outpatient,preventive,2026-09-15 10:45:00,2026-09-15 11:18:00,0,home
E0004075,P001129,F04,PR0055,outpatient,chronic_management,2026-09-15 11:45:00,2026-09-15 12:39:00,0,home
E0004076,P000343,F10,PR0081,outpatient,chronic_management,2026-09-15 12:30:00,2026-09-15 13:38:00,0,home
E0004077,P000421,F05,PR0061,outpatient,preventive,2026-09-15 13:15:00,2026-09-15 14:26:00,0,home
E0004078,P001190,F04,PR0058,outpatient,chronic_management,2026-09-15 14:15:00,2026-09-15 14:51:00,0,home
E0004079,P000711,F03,PR0042,outpatient,preventive,2026-09-15 15:00:00,2026-09-15 15:41:00,0,home
E0004080,P000996,F10,PR0080,outpatient,chronic_management,2026-09-15 16:00:00,2026-09-15 17:06:00,0,home
E0004081,P000946,F06,PR0066,outpatient,post_discharge_followup,2026-09-15 16:30:00,2026-09-15 17:30:00,0,home
E0004082,P000625,F06,PR0065,outpatient,acute_episode,2026-09-16 10:15:00,2026-09-16 11:09:00,0,home
E0004083,P000467,F07,PR0070,outpatient,acute_episode,2026-09-16 11:45:00,2026-09-16 12:41:00,0,home
E0004084,P000330,F07,PR0067,outpatient,acute_episode,2026-09-16 13:00:00,2026-09-16 13:41:00,0,home
E0004085,P000105,F09,PR0078,outpatient,preventive,2026-09-16 13:30:00,2026-09-16 14:03:00,0,home
E0004086,P000590,F14,PR0094,outpatient,preventive,2026-09-16 14:30:00,2026-09-16 15:19:00,0,home
E0004087,P000505,F04,PR0056,outpatient,chronic_management,2026-09-17 13:30:00,2026-09-17 14:23:00,0,home
E0004088,P001186,F08,PR0071,outpatient,acute_episode,2026-09-17 13:45:00,2026-09-17 14:43:00,0,home
E0004089,P000051,F11,PR0083,outpatient,acute_episode,2026-09-17 16:00:00,2026-09-17 17:09:00,0,home
E0004090,P000307,F14,PR0095,outpatient,preventive,2026-09-17 16:15:00,2026-09-17 16:57:00,0,home
E0004091,P000153,F04,PR0056,outpatient,preventive,2026-09-17 16:45:00,2026-09-17 17:51:00,0,home
E0004092,P001211,F01,PR0003,inpatient,elective_admission,2026-09-17 17:12:00,2026-09-19 11:23:00,2,home
E0004093,P000130,F08,PR0071,outpatient,preventive,2026-09-18 08:15:00,2026-09-18 09:02:00,0,home
E0004094,P001213,F05,PR0059,outpatient,chronic_management,2026-09-18 08:30:00,2026-09-18 08:58:00,0,home
E0004095,P000333,F09,PR0077,outpatient,chronic_management,2026-09-18 08:45:00,2026-09-18 09:40:00,0,home
E0004096,P000662,F09,PR0077,outpatient,preventive,2026-09-18 09:00:00,2026-09-18 09:39:00,0,home
E0004097,P000247,F01,PR0012,outpatient,acute_episode,2026-09-18 12:00:00,2026-09-18 12:37:00,0,home
E0004098,P000955,F01,PR0018,ED,emergency,2026-09-18 14:06:00,2026-09-18 21:35:00,0,home
E0004099,P000095,F02,PR0036,ED,emergency,2026-09-18 17:32:00,2026-09-19 00:55:00,0,home
E0004100,P000947,F03,PR0051,ED,emergency,2026-09-19 09:38:00,2026-09-19 13:59:00,0,home
E0004101,P000860,F03,PR0037,inpatient,elective_admission,2026-09-19 17:15:00,2026-09-23 15:43:00,4,home
E0004102,P000996,F01,PR0013,ED,emergency,2026-09-19 18:24:00,2026-09-19 20:20:00,0,home
E0004103,P001266,F03,PR0049,ED,emergency,2026-09-19 21:27:00,2026-09-20 01:27:00,0,admitted
E0004104,P001266,F03,PR0039,inpatient,emergency_admission,2026-09-20 01:27:00,2026-09-23 15:32:00,3,home_health
E0004105,P000414,F02,PR0032,ED,emergency,2026-09-20 09:54:00,2026-09-20 15:30:00,0,home
E0004106,P001023,F01,PR0005,inpatient,direct_admission,2026-09-20 10:15:00,2026-09-21 17:10:00,1,home
E0004107,P001106,F03,PR0053,ED,emergency,2026-09-20 12:43:00,2026-09-20 15:43:00,0,admitted
E0004108,P001106,F03,PR0039,inpatient,emergency_admission,2026-09-20 15:43:00,2026-09-22 12:02:00,2,home
E0004109,P000357,F01,PR0013,ED,emergency,2026-09-21 04:22:00,2026-09-21 09:30:00,0,home
E0004110,P000109,F07,PR0068,outpatient,chronic_management,2026-09-21 09:15:00,2026-09-21 09:38:00,0,home
E0004111,P000512,F09,PR0075,outpatient,chronic_management,2026-09-21 12:00:00,2026-09-21 12:27:00,0,home
E0004112,P001215,F05,PR0060,outpatient,chronic_management,2026-09-21 13:45:00,2026-09-21 14:27:00,0,home
E0004113,P001223,F05,PR0061,outpatient,preventive,2026-09-21 14:30:00,2026-09-21 15:17:00,0,home
E0004114,P001349,F02,PR0030,outpatient,preventive,2026-09-21 15:15:00,2026-09-21 16:19:00,0,home
E0004115,P000428,F06,PR0063,outpatient,chronic_management,2026-09-21 15:45:00,2026-09-21 16:15:00,0,home
E0004116,P000825,F07,PR0067,outpatient,chronic_management,2026-09-21 15:45:00,2026-09-21 16:31:00,0,home
E0004117,P000598,F06,PR0063,outpatient,post_discharge_followup,2026-09-21 16:15:00,2026-09-21 16:50:00,0,home
E0004118,P000602,F11,PR0085,outpatient,chronic_management,2026-09-21 16:45:00,2026-09-21 17:45:00,0,home
E0004119,P000494,F02,PR0023,inpatient,elective_admission,2026-09-21 19:34:00,2026-09-27 15:02:00,6,home
E0004120,P000764,F09,PR0077,outpatient,chronic_management,2026-09-22 08:00:00,2026-09-22 09:11:00,0,home
E0004121,P000392,F07,PR0068,outpatient,chronic_management,2026-09-22 13:45:00,2026-09-22 14:47:00,0,home
E0004122,P001269,F01,PR0006,inpatient,elective_admission,2026-09-22 15:33:00,2026-09-28 15:41:00,6,home
E0004123,P000933,F06,PR0064,outpatient,chronic_management,2026-09-23 08:30:00,2026-09-23 09:29:00,0,home
E0004124,P001021,F01,PR0017,ED,emergency,2026-09-23 09:20:00,2026-09-23 17:49:00,0,home
E0004125,P000416,F07,PR0067,outpatient,chronic_management,2026-09-23 12:15:00,2026-09-23 13:20:00,0,home
E0004126,P000069,F06,PR0063,outpatient,chronic_management,2026-09-23 13:30:00,2026-09-23 14:39:00,0,home
E0004127,P001153,F04,PR0058,outpatient,chronic_management,2026-09-23 13:30:00,2026-09-23 13:50:00,0,home
E0004128,P000074,F04,PR0056,outpatient,acute_episode,2026-09-23 15:00:00,2026-09-23 15:30:00,0,home
E0004129,P000781,F09,PR0077,outpatient,acute_episode,2026-09-23 15:45:00,2026-09-23 16:21:00,0,home
E0004130,P000888,F03,PR0042,outpatient,acute_episode,2026-09-23 15:45:00,2026-09-23 16:39:00,0,home
E0004131,P000007,F11,PR0083,outpatient,chronic_management,2026-09-23 16:00:00,2026-09-23 16:43:00,0,home
E0004132,P000425,F01,PR0004,inpatient,elective_admission,2026-09-23 18:14:00,2026-09-25 12:27:00,2,home_health
E0004133,P000957,F03,PR0051,ED,emergency,2026-09-23 18:42:00,2026-09-23 22:42:00,0,admitted
E0004134,P000957,F03,PR0039,inpatient,emergency_admission,2026-09-23 22:42:00,2026-09-28 10:53:00,5,home
E0004135,P001311,F02,PR0020,outpatient,acute_episode,2026-09-24 08:30:00,2026-09-24 09:18:00,0,home
E0004136,P000979,F01,PR0014,ED,emergency,2026-09-24 10:24:00,2026-09-24 16:24:00,0,admitted
E0004137,P001192,F06,PR0064,outpatient,chronic_management,2026-09-24 11:00:00,2026-09-24 11:57:00,0,home
E0004138,P000206,F01,PR0018,ED,emergency,2026-09-24 12:59:00,2026-09-24 18:23:00,0,home
E0004139,P000491,F01,PR0004,outpatient,preventive,2026-09-24 13:00:00,2026-09-24 13:30:00,0,home
E0004140,P000930,F06,PR0063,outpatient,chronic_management,2026-09-24 14:00:00,2026-09-24 14:49:00,0,home
E0004141,P001106,F07,PR0067,outpatient,post_discharge_followup,2026-09-24 14:45:00,2026-09-24 15:45:00,0,home
E0004142,P000979,F01,PR0001,inpatient,emergency_admission,2026-09-24 16:24:00,2026-09-29 11:23:00,5,home_health
E0004143,P001023,F07,PR0070,outpatient,post_discharge_followup,2026-09-24 16:30:00,2026-09-24 17:02:00,0,home
E0004144,P000526,F01,PR0018,ED,emergency,2026-09-24 18:43:00,2026-09-25 01:07:00,0,home
E0004145,P000981,F13,PR0090,outpatient,preventive,2026-09-25 10:45:00,2026-09-25 11:35:00,0,home
E0004146,P001353,F04,PR0057,outpatient,preventive,2026-09-25 11:45:00,2026-09-25 12:50:00,0,home
E0004147,P000018,F01,PR0014,ED,emergency,2026-09-25 12:08:00,2026-09-25 17:08:00,0,admitted
E0004148,P001105,F09,PR0077,outpatient,chronic_management,2026-09-25 14:15:00,2026-09-25 14:38:00,0,home
E0004149,P000333,F09,PR0076,outpatient,preventive,2026-09-25 14:30:00,2026-09-25 15:34:00,0,home
E0004150,P000915,F01,PR0009,outpatient,chronic_management,2026-09-25 15:00:00,2026-09-25 15:24:00,0,home
E0004151,P000018,F01,PR0006,inpatient,emergency_admission,2026-09-25 17:08:00,2026-09-27 13:48:00,2,home
E0004152,P000201,F03,PR0043,inpatient,direct_admission,2026-09-25 20:18:00,2026-09-30 11:57:00,5,home
E0004153,P000803,F02,PR0033,ED,emergency,2026-09-26 12:31:00,2026-09-26 16:41:00,0,home
E0004154,P000036,F02,PR0034,ED,emergency,2026-09-26 18:47:00,2026-09-27 01:21:00,0,ama
E0004155,P000722,F08,PR0071,outpatient,chronic_management,2026-09-28 08:30:00,2026-09-28 09:40:00,0,home
E0004156,P000625,F03,PR0037,outpatient,preventive,2026-09-28 10:30:00,2026-09-28 10:55:00,0,home
E0004157,P000837,F15,PR0098,outpatient,acute_episode,2026-09-28 10:30:00,2026-09-28 11:34:00,0,home
E0004158,P000634,F03,PR0054,ED,emergency,2026-09-28 12:57:00,2026-09-28 19:32:00,0,home
E0004159,P000446,F15,PR0097,outpatient,post_discharge_followup,2026-09-28 14:15:00,2026-09-28 14:49:00,0,home
E0004160,P000345,F04,PR0056,outpatient,preventive,2026-09-28 14:45:00,2026-09-28 15:11:00,0,home
E0004161,P000436,F04,PR0058,outpatient,preventive,2026-09-28 15:45:00,2026-09-28 16:15:00,0,home
E0004162,P000309,F05,PR0059,outpatient,preventive,2026-09-29 09:15:00,2026-09-29 09:51:00,0,home
E0004163,P000733,F15,PR0099,outpatient,chronic_management,2026-09-29 09:15:00,2026-09-29 10:12:00,0,home
E0004164,P001134,F07,PR0067,outpatient,acute_episode,2026-09-29 11:45:00,2026-09-29 12:18:00,0,home
E0004165,P000192,F07,PR0067,outpatient,acute_episode,2026-09-29 12:15:00,2026-09-29 12:51:00,0,home
E0004166,P001258,F11,PR0083,outpatient,preventive,2026-09-29 12:45:00,2026-09-29 13:46:00,0,home
E0004167,P000690,F05,PR0059,outpatient,chronic_management,2026-09-29 14:45:00,2026-09-29 15:48:00,0,home
E0004168,P001011,F15,PR0098,outpatient,chronic_management,2026-09-29 15:15:00,2026-09-29 15:53:00,0,home
E0004169,P000193,F10,PR0079,outpatient,chronic_management,2026-09-29 15:45:00,2026-09-29 16:16:00,0,home
E0004170,P000239,F10,PR0080,outpatient,chronic_management,2026-09-30 16:30:00,2026-09-30 17:17:00,0,home
