order_id,customer_id,store_id,ordered_at,channel,promo_id,item_count,gross_amount,discount_amount,net_amount
O000001,C00196,S03,2025-04-01 10:06:06,in_store,,2,185.98,0.0,185.98
O000002,C00656,WEB,2025-04-01 11:11:44,online,,1,19.99,0.0,19.99
O000003,C00376,S07,2025-04-01 12:36:27,in_store,,1,19.99,0.0,19.99
O000004,C00887,S13,2025-04-01 12:38:35,in_store,,1,449.99,0.0,449.99
O000005,C00495,S01,2025-04-01 14:18:59,in_store,,5,712.95,0.0,712.95
O000006,C00235,S21,2025-04-01 15:17:24,in_store,,1,79.99,0.0,79.99
O000007,C00074,S07,2025-04-01 15:39:48,in_store,,3,149.97,0.0,149.97
O000008,C00442,WEB,2025-04-01 15:43:18,online,,1,19.99,0.0,19.99
O000009,C00185,S03,2025-04-01 16:34:04,in_store,,1,19.99,0.0,19.99
O000010,C00997,S07,2025-04-01 17:11:27,in_store,,2,279.98,0.0,279.98
O000011,C00568,WEB,2025-04-01 18:49:27,online,,1,39.99,0.0,39.99
O000012,C00360,S08,2025-04-01 18:56:11,in_store,,2,155.98,0.0,155.98
O000013,C01021,S01,2025-04-01 19:13:59,in_store,,1,89.99,0.0,89.99
O000014,C00833,S01,2025-04-01 19:19:10,in_store,,1,349.99,0.0,349.99
O000015,C00236,WEB,2025-04-01 19:32:38,online,,1,24.99,0.0,24.99
O000016,C00995,WEB,2025-04-01 22:20:47,online,,3,139.97,0.0,139.97
O000017,C00542,WEB,2025-04-01 23:58:31,online,,2,439.98,0.0,439.98
O000018,C00905,S02,2025-04-02 09:41:09,in_store,,1,19.99,0.0,19.99
O000019,C00430,S01,2025-04-02 11:25:18,in_store,,4,919.96,0.0,919.96
O000020,C00744,S20,2025-04-02 12:57:54,in_store,,1,349.99,0.0,349.99
O000021,C00005,S14,2025-04-02 14:33:55,in_store,,1,349.99,0.0,349.99
O000022,C00958,S21,2025-04-02 14:37:15,in_store,,3,219.97,0.0,219.97
O000023,C00778,S23,2025-04-02 17:36:33,in_store,,1,79.99,0.0,79.99
O000024,C00656,WEB,2025-04-02 18:37:37,online,,2,109.98,0.0,109.98
O000025,C00030,S19,2025-04-02 19:04:15,in_store,,1,29.99,0.0,29.99
O000026,C00255,S14,2025-04-02 20:55:53,in_store,,2,209.98,0.0,209.98
O000027,C01009,WEB,2025-04-02 21:51:21,online,,4,299.96,0.0,299.96
O000028,C00034,WEB,2025-04-03 12:56:16,online,,1,19.99,0.0,19.99
O000029,C00775,WEB,2025-04-03 13:03:26,online,,3,329.97,0.0,329.97
O000030,C00729,S02,2025-04-03 13:21:38,in_store,,1,59.99,0.0,59.99
O000031,C00735,S21,2025-04-03 16:04:44,in_store,,2,489.98,0.0,489.98
O000032,C00461,S21,2025-04-03 16:06:47,in_store,,1,449.99,0.0,449.99
O000033,C00563,S15,2025-04-03 17:45:29,in_store,,2,117.98,0.0,117.98
O000034,C00186,S17,2025-04-03 18:41:34,in_store,,1,149.99,0.0,149.99
O000035,C00794,S07,2025-04-03 19:27:17,in_store,,3,349.97,0.0,349.97
O000036,C00856,S07,2025-04-04 11:43:49,in_store,,1,899.99,0.0,899.99
O000037,C00708,S13,2025-04-04 13:45:31,in_store,,4,299.96,0.0,299.96
O000038,C00436,S03,2025-04-04 14:51:21,in_store,,1,179.99,0.0,179.99
O000039,C00577,S03,2025-04-04 16:04:23,in_store,,3,179.97,0.0,179.97
O000040,C00321,S07,2025-04-04 16:05:46,in_store,,2,79.98,0.0,79.98
O000041,C00811,S20,2025-04-04 17:12:35,in_store,,1,129.99,0.0,129.99
O000042,C00137,S21,2025-04-04 18:44:23,in_store,,1,79.99,0.0,79.99
O000043,C00193,WEB,2025-04-04 23:33:13,online,,2,229.98,0.0,229.98
O000044,C00009,WEB,2025-04-05 08:03:34,online,,2,479.98,0.0,479.98
O000045,C00658,S02,2025-04-05 13:35:24,in_store,,2,99.98,0.0,99.98
O000046,C00939,S13,2025-04-05 19:46:06,in_store,,2,233.98,0.0,233.98
O000047,C00274,WEB,2025-04-06 01:42:12,online,,2,419.98,0.0,419.98
O000048,C00509,S13,2025-04-06 11:36:09,in_store,,1,449.99,0.0,449.99
O000049,C00742,S15,2025-04-06 12:11:43,in_store,,1,84.99,0.0,84.99
O000050,C00999,S21,2025-04-06 12:30:46,in_store,,2,389.98,0.0,389.98
O000051,C00485,WEB,2025-04-06 14:48:09,online,,1,24.99,0.0,24.99
O000052,C00594,S07,2025-04-06 15:19:56,in_store,,1,149.99,0.0,149.99
O000053,C00411,WEB,2025-04-06 15:46:40,online,,1,99.99,0.0,99.99
O000054,C00880,WEB,2025-04-06 17:35:05,online,,2,117.98,0.0,117.98
O000055,C00213,WEB,2025-04-06 20:57:39,online,,3,269.97,0.0,269.97
O000056,C00557,S22,2025-04-07 09:47:26,in_store,,2,49.98,0.0,49.98
O000057,C00886,S07,2025-04-07 13:50:21,in_store,,1,79.99,0.0,79.99
O000058,C00483,WEB,2025-04-07 14:03:55,online,,1,49.99,0.0,49.99
O000059,C00270,S01,2025-04-07 15:47:20,in_store,,1,229.99,0.0,229.99
O000060,C00409,S12,2025-04-07 16:40:08,in_store,,3,509.97,0.0,509.97
O000061,C00251,S19,2025-04-07 18:19:40,in_store,,1,19.99,0.0,19.99
O000062,C00373,WEB,2025-04-07 19:29:15,online,,1,59.99,0.0,59.99
O000063,C00054,S20,2025-04-07 19:43:19,in_store,,1,69.99,0.0,69.99
O000064,C00268,WEB,2025-04-08 08:36:04,online,,3,289.97,0.0,289.97
O000065,C00846,S08,2025-04-08 09:32:53,in_store,,4,313.96,0.0,313.96
O000066,C00505,S11,2025-04-08 11:06:55,in_store,,1,49.99,0.0,49.99
O000067,C00280,S22,2025-04-08 11:50:38,in_store,,3,149.97,0.0,149.97
O000068,C00561,S07,2025-04-08 12:10:54,in_store,,1,149.99,0.0,149.99
O000069,C00073,S07,2025-04-08 13:34:09,in_store,,2,44.98,0.0,44.98
O000070,C00804,S21,2025-04-08 14:43:39,in_store,,1,19.99,0.0,19.99
O000071,C00530,WEB,2025-04-08 14:53:42,online,,1,39.99,0.0,39.99
O000072,C00373,WEB,2025-04-08 17:03:53,online,,1,399.99,0.0,399.99
O000073,C00435,WEB,2025-04-08 17:59:11,online,,2,118.98,0.0,118.98
O000074,C00215,S21,2025-04-08 19:27:35,in_store,,1,99.99,0.0,99.99
O000075,C00893,S23,2025-04-08 19:32:37,in_store,,3,279.97,0.0,279.97
O000076,C00961,S13,2025-04-08 20:30:19,in_store,,1,139.99,0.0,139.99
O000077,C00008,WEB,2025-04-08 20:50:24,online,,1,89.99,0.0,89.99
O000078,C00343,S10,2025-04-09 10:23:54,in_store,,1,649.99,0.0,649.99
O000079,C00113,S13,2025-04-09 11:30:16,in_store,,1,55.99,0.0,55.99
O000080,C00373,S17,2025-04-09 11:45:45,in_store,,2,99.98,0.0,99.98
O000081,C00727,S17,2025-04-09 11:55:58,in_store,,1,349.99,0.0,349.99
O000082,C00848,S05,2025-04-09 12:03:28,in_store,,3,249.97,0.0,249.97
O000083,C01035,S11,2025-04-09 12:42:31,in_store,,1,29.99,0.0,29.99
O000084,C00582,WEB,2025-04-09 13:26:12,online,,2,99.98,0.0,99.98
O000085,C00188,S13,2025-04-09 13:45:24,in_store,,1,139.99,0.0,139.99
O000086,C00643,S02,2025-04-09 13:48:30,in_store,,3,269.97,0.0,269.97
O000087,C00062,S21,2025-04-09 14:47:48,in_store,,3,154.97,0.0,154.97
O000088,C00962,S21,2025-04-09 15:09:33,in_store,,1,299.99,0.0,299.99
O000089,C00516,S06,2025-04-09 15:40:06,in_store,,1,49.99,0.0,49.99
O000090,C00250,S21,2025-04-09 16:41:46,in_store,,2,439.98,0.0,439.98
O000091,C00034,WEB,2025-04-09 19:34:18,online,,1,19.99,0.0,19.99
O000092,C00255,S14,2025-04-09 20:00:52,in_store,,1,349.99,0.0,349.99
O000093,C00903,S06,2025-04-10 11:14:52,in_store,PR-2025-01,1,199.99,30.0,169.99
O000094,C00693,S05,2025-04-10 12:03:09,in_store,,1,89.99,0.0,89.99
O000095,C00404,S22,2025-04-10 12:13:27,in_store,,3,448.97,0.0,448.97
O000096,C00478,S12,2025-04-10 12:22:58,in_store,,1,69.99,0.0,69.99
O000097,C00932,S09,2025-04-10 12:38:58,in_store,,1,229.99,0.0,229.99
O000098,C00284,S10,2025-04-10 13:58:35,in_store,PR-2025-01,4,239.96,6.0,233.96
O000099,C00248,WEB,2025-04-10 17:36:21,online,,2,119.98,0.0,119.98
O000100,C00727,S13,2025-04-10 17:55:44,in_store,,1,89.99,0.0,89.99
O000101,C00772,S19,2025-04-10 18:31:04,in_store,,3,259.97,0.0,259.97
O000102,C00936,S03,2025-04-10 19:16:39,in_store,,1,59.99,0.0,59.99
O000103,C00083,WEB,2025-04-10 19:30:46,online,,1,39.99,0.0,39.99
O000104,C00679,S05,2025-04-11 15:07:42,in_store,,1,449.99,0.0,449.99
O000105,C00958,S21,2025-04-11 17:31:45,in_store,,1,49.99,0.0,49.99
O000106,C00258,S02,2025-04-11 17:43:56,in_store,PR-2025-01,1,14.99,2.25,12.74
O000107,C00076,S21,2025-04-11 17:48:30,in_store,,4,249.96,0.0,249.96
O000108,C00433,S22,2025-04-11 21:55:26,in_store,PR-2025-01,3,209.97,13.5,196.47
O000109,C00457,S22,2025-04-12 09:04:04,in_store,,1,49.99,0.0,49.99
O000110,C00140,S21,2025-04-12 10:16:27,in_store,,3,244.97,0.0,244.97
O000111,C00937,S18,2025-04-12 13:56:28,in_store,PR-2025-01,1,39.99,6.0,33.99
O000112,C00787,S21,2025-04-12 13:59:15,in_store,,2,409.98,0.0,409.98
O000113,C00444,S16,2025-04-12 17:17:50,in_store,,1,79.99,0.0,79.99
O000114,C00606,S12,2025-04-12 17:30:40,in_store,,4,369.96,0.0,369.96
O000115,C00228,S13,2025-04-12 19:16:30,in_store,,1,89.99,0.0,89.99
O000116,C00926,S11,2025-04-13 11:18:18,in_store,,4,429.96,0.0,429.96
O000117,C00948,S20,2025-04-13 11:50:48,in_store,,1,89.99,0.0,89.99
O000118,C00612,S14,2025-04-13 12:23:06,in_store,,1,349.99,0.0,349.99
O000119,C01024,S07,2025-04-13 12:39:08,in_store,,1,99.99,0.0,99.99
O000120,C00907,S13,2025-04-13 13:19:41,in_store,,3,209.97,0.0,209.97
O000121,C00837,S03,2025-04-13 14:09:37,in_store,,1,999.99,0.0,999.99
O000122,C00231,S19,2025-04-13 14:48:46,in_store,,1,59.99,0.0,59.99
O000123,C00285,S03,2025-04-13 15:26:54,in_store,,1,19.99,0.0,19.99
O000124,C00311,S10,2025-04-13 15:29:15,in_store,,1,129.99,0.0,129.99
O000125,C00167,WEB,2025-04-13 16:12:38,online,,1,89.99,0.0,89.99
O000126,C00696,WEB,2025-04-13 16:12:41,online,,1,19.99,0.0,19.99
O000127,C00704,S13,2025-04-13 16:28:35,in_store,,5,239.95,0.0,239.95
O000128,C00033,S07,2025-04-13 18:05:12,in_store,,1,139.99,0.0,139.99
O000129,C00844,S20,2025-04-13 18:08:45,in_store,,1,89.99,0.0,89.99
O000130,C01020,WEB,2025-04-13 18:15:23,online,PR-2025-01,1,24.99,3.75,21.24
O000131,C00352,WEB,2025-04-13 18:39:40,online,,1,49.99,0.0,49.99
O000132,C00190,S08,2025-04-13 19:05:33,in_store,,1,219.99,0.0,219.99
O000133,C00416,S21,2025-04-13 19:09:53,in_store,,1,89.99,0.0,89.99
O000134,C00712,WEB,2025-04-14 09:29:33,online,,1,49.99,0.0,49.99
O000135,C00865,S10,2025-04-14 11:28:13,in_store,,2,134.98,0.0,134.98
O000136,C00374,S21,2025-04-14 11:51:40,in_store,,1,59.99,0.0,59.99
O000137,C00833,S04,2025-04-14 13:57:38,in_store,,1,89.99,0.0,89.99
O000138,C00847,S07,2025-04-14 16:37:34,in_store,,1,189.99,0.0,189.99
O000139,C00517,WEB,2025-04-14 16:48:42,online,,1,49.99,0.0,49.99
O000140,C00682,WEB,2025-04-14 17:08:18,online,,1,19.99,0.0,19.99
O000141,C00717,S21,2025-04-14 17:08:57,in_store,,1,128.99,0.0,128.99
O000142,C00247,S17,2025-04-14 18:38:50,in_store,,2,699.98,0.0,699.98
O000143,C00480,S21,2025-04-14 19:03:21,in_store,,1,69.99,0.0,69.99
O000144,C00765,S03,2025-04-15 11:28:16,in_store,,1,29.99,0.0,29.99
O000145,C00899,S09,2025-04-15 11:40:48,in_store,,1,449.99,0.0,449.99
O000146,C00672,S01,2025-04-15 11:43:45,in_store,,1,14.99,0.0,14.99
O000147,C00315,S16,2025-04-15 11:55:17,in_store,,2,99.98,0.0,99.98
O000148,C00170,S01,2025-04-15 12:40:06,in_store,,4,489.96,0.0,489.96
O000149,C00568,WEB,2025-04-15 14:18:39,online,,1,79.99,0.0,79.99
O000150,C00466,S01,2025-04-15 16:04:29,in_store,,3,499.97,0.0,499.97
O000151,C00215,WEB,2025-04-15 17:19:54,online,,1,89.99,0.0,89.99
O000152,C00013,S01,2025-04-15 17:57:48,in_store,,4,589.96,0.0,589.96
O000153,C00544,WEB,2025-04-15 19:13:22,online,,1,599.99,0.0,599.99
O000154,C00071,S21,2025-04-15 19:50:48,in_store,,2,199.98,0.0,199.98
O000155,C00435,WEB,2025-04-15 19:59:46,online,,1,49.99,0.0,49.99
O000156,C00616,S13,2025-04-15 20:00:06,in_store,PR-2025-01,3,429.97,4.5,425.47
O000157,C00659,S23,2025-04-15 20:57:54,in_store,,2,119.98,0.0,119.98
O000158,C00087,WEB,2025-04-15 23:04:16,online,,3,159.97,0.0,159.97
O000159,C00691,WEB,2025-04-16 06:15:02,online,,1,219.99,0.0,219.99
O000160,C00928,WEB,2025-04-16 10:21:25,online,PR-2025-01,1,24.99,3.75,21.24
O000161,C00468,S09,2025-04-16 12:16:52,in_store,,1,79.99,0.0,79.99
O000162,C01003,S03,2025-04-16 13:03:35,in_store,,6,245.94,0.0,245.94
O000163,C00720,S01,2025-04-16 13:15:41,in_store,,2,119.98,0.0,119.98
O000164,C00936,S03,2025-04-16 14:06:22,in_store,,1,129.99,0.0,129.99
O000165,C00747,S11,2025-04-16 15:05:56,in_store,,1,199.99,0.0,199.99
O000166,C00851,S22,2025-04-16 16:35:28,in_store,PR-2025-01,2,129.98,13.5,116.48
O000167,C00784,S14,2025-04-16 17:29:56,in_store,,2,119.98,0.0,119.98
O000168,C00738,S10,2025-04-16 19:00:15,in_store,,1,139.99,0.0,139.99
O000169,C00886,S07,2025-04-16 19:12:42,in_store,,5,379.95,0.0,379.95
O000170,C01015,WEB,2025-04-16 20:36:32,online,PR-2025-01,4,339.96,15.0,324.96
O000171,C00361,S13,2025-04-17 10:52:00,in_store,,1,799.99,0.0,799.99
O000172,C00523,S12,2025-04-17 11:08:32,in_store,,1,54.99,0.0,54.99
O000173,C00808,S13,2025-04-17 12:35:15,in_store,,2,369.98,0.0,369.98
O000174,C00849,S13,2025-04-17 14:15:05,in_store,,2,139.98,0.0,139.98
O000175,C00297,WEB,2025-04-17 14:32:07,online,,1,299.99,0.0,299.99
O000176,C00216,S21,2025-04-17 16:04:54,in_store,,3,99.97,0.0,99.97
O000177,C00347,WEB,2025-04-17 16:39:29,online,,3,177.97,0.0,177.97
O000178,C00087,WEB,2025-04-17 18:18:01,online,PR-2025-01,2,114.98,14.25,100.73
O000179,C00079,WEB,2025-04-17 19:00:17,online,,1,24.99,0.0,24.99
O000180,C00903,WEB,2025-04-17 20:13:03,online,,1,179.99,0.0,179.99
O000181,C00211,WEB,2025-04-17 20:25:10,online,,1,79.99,0.0,79.99
O000182,C00724,WEB,2025-04-17 22:45:32,online,,1,49.99,0.0,49.99
O000183,C00394,WEB,2025-04-18 09:00:22,online,,1,34.99,0.0,34.99
O000184,C00870,S21,2025-04-18 10:54:16,in_store,,1,199.99,0.0,199.99
O000185,C00305,S07,2025-04-18 12:31:56,in_store,,1,19.99,0.0,19.99
O000186,C00411,S05,2025-04-18 13:55:16,in_store,,1,99.99,0.0,99.99
O000187,C00813,S21,2025-04-18 14:42:08,in_store,,2,939.98,0.0,939.98
O000188,C00643,S03,2025-04-18 15:15:35,in_store,,1,59.99,0.0,59.99
O000189,C00145,S15,2025-04-18 15:29:55,in_store,,3,149.97,0.0,149.97
O000190,C01024,S07,2025-04-18 17:04:37,in_store,,4,429.96,0.0,429.96
O000191,C00805,S14,2025-04-18 17:57:28,in_store,,1,79.99,0.0,79.99
O000192,C00591,WEB,2025-04-18 18:15:43,online,,1,89.99,0.0,89.99
O000193,C00080,S19,2025-04-18 19:03:10,in_store,PR-2025-01,3,289.97,10.5,279.47
O000194,C00263,S06,2025-04-18 19:13:41,in_store,,2,189.98,0.0,189.98
O000195,C00329,S03,2025-04-18 19:24:12,in_store,,1,149.99,0.0,149.99
O000196,C00665,S04,2025-04-18 20:03:00,in_store,,3,1049.97,0.0,1049.97
O000197,C00349,WEB,2025-04-18 21:13:20,online,PR-2025-01,4,318.96,14.85,304.11
O000198,C00340,WEB,2025-04-19 12:14:33,online,,2,209.98,0.0,209.98
O000199,C00647,S06,2025-04-19 14:11:18,in_store,,1,19.99,0.0,19.99
O000200,C00802,S22,2025-04-19 14:44:00,in_store,,2,99.98,0.0,99.98
O000201,C00042,S13,2025-04-19 15:46:42,in_store,,3,59.97,0.0,59.97
O000202,C00145,S15,2025-04-19 16:02:42,in_store,,3,169.97,0.0,169.97
O000203,C00232,S07,2025-04-19 16:13:40,in_store,PR-2025-01,1,14.99,2.25,12.74
O000204,C00442,S13,2025-04-19 16:59:41,in_store,,1,79.99,0.0,79.99
O000205,C00701,S13,2025-04-19 17:27:23,in_store,,1,39.99,0.0,39.99
O000206,C00435,WEB,2025-04-19 18:06:45,online,,2,279.98,0.0,279.98
O000207,C00008,WEB,2025-04-19 20:04:45,online,,1,38.99,0.0,38.99
O000208,C00723,S07,2025-04-20 10:07:06,in_store,,1,139.99,0.0,139.99
O000209,C00369,S07,2025-04-20 10:48:02,in_store,PR-2025-01,1,38.99,5.85,33.14
O000210,C00124,S01,2025-04-20 12:07:35,in_store,,3,104.97,0.0,104.97
O000211,C00005,S14,2025-04-20 12:45:13,in_store,,1,49.99,0.0,49.99
O000212,C00180,S22,2025-04-20 13:32:06,in_store,,2,89.98,0.0,89.98
O000213,C00435,WEB,2025-04-20 14:24:10,online,,2,249.98,0.0,249.98
O000214,C00313,S06,2025-04-20 16:04:49,in_store,PR-2025-01,1,99.99,15.0,84.99
O000215,C00416,S21,2025-04-20 16:29:50,in_store,,2,699.98,0.0,699.98
O000216,C00651,S07,2025-04-20 16:57:42,in_store,,1,69.99,0.0,69.99
O000217,C01000,WEB,2025-04-20 18:57:59,online,,1,79.99,0.0,79.99
O000218,C00836,S21,2025-04-20 19:42:23,in_store,PR-2025-01,3,289.97,13.5,276.47
O000219,C00582,WEB,2025-04-20 19:43:18,online,PR-2025-01,2,109.98,7.5,102.48
O000220,C00465,WEB,2025-04-21 10:27:21,online,PR-2025-01,3,89.97,4.5,85.47
O000221,C00828,WEB,2025-04-21 12:28:51,online,,4,619.96,0.0,619.96
O000222,C00572,S20,2025-04-21 13:06:58,in_store,,2,109.98,0.0,109.98
O000223,C00062,S21,2025-04-21 14:40:15,in_store,,2,229.98,0.0,229.98
O000224,C00056,S22,2025-04-21 15:01:06,in_store,,1,229.99,0.0,229.99
O000225,C00959,S13,2025-04-21 15:17:42,in_store,,1,129.99,0.0,129.99
O000226,C00267,S06,2025-04-21 15:22:15,in_store,PR-2025-01,2,219.98,13.5,206.48
O000227,C00534,S01,2025-04-21 15:34:56,in_store,,1,89.99,0.0,89.99
O000228,C00937,S18,2025-04-21 16:02:12,in_store,,2,359.98,0.0,359.98
O000229,C00145,S16,2025-04-21 17:27:04,in_store,,1,199.99,0.0,199.99
O000230,C00259,WEB,2025-04-21 17:31:38,online,,2,139.98,0.0,139.98
O000231,C00434,WEB,2025-04-21 19:05:42,online,,1,19.99,0.0,19.99
O000232,C01000,WEB,2025-04-21 20:00:38,online,,1,39.99,0.0,39.99
O000233,C00844,S20,2025-04-22 10:48:40,in_store,,2,115.98,0.0,115.98
O000234,C00849,S13,2025-04-22 11:22:58,in_store,,3,379.97,0.0,379.97
O000235,C00234,S22,2025-04-22 11:46:20,in_store,,1,599.99,0.0,599.99
O000236,C00531,S03,2025-04-22 12:15:57,in_store,,2,224.98,0.0,224.98
O000237,C00987,S03,2025-04-22 13:25:07,in_store,,2,103.98,0.0,103.98
O000238,C00667,S02,2025-04-22 13:30:29,in_store,,1,179.99,0.0,179.99
O000239,C00521,WEB,2025-04-22 13:42:09,online,,1,19.99,0.0,19.99
O000240,C00997,S10,2025-04-22 14:01:49,in_store,,1,49.99,0.0,49.99
O000241,C00088,S19,2025-04-22 14:56:00,in_store,PR-2025-01,1,49.99,7.5,42.49
O000242,C00952,S12,2025-04-22 16:18:03,in_store,,1,349.99,0.0,349.99
O000243,C00942,S03,2025-04-22 17:30:12,in_store,,1,24.99,0.0,24.99
O000244,C00059,S01,2025-04-22 19:06:55,in_store,,2,257.98,0.0,257.98
O000245,C00456,WEB,2025-04-22 21:06:28,online,PR-2025-01,1,14.99,2.25,12.74
O000246,C00069,S15,2025-04-22 21:53:25,in_store,,1,349.99,0.0,349.99
O000247,C00659,S21,2025-04-23 10:20:25,in_store,PR-2025-01,2,139.98,21.0,118.98
O000248,C00115,S23,2025-04-23 13:18:04,in_store,,1,129.99,0.0,129.99
O000249,C00377,S21,2025-04-23 14:09:21,in_store,,2,1049.98,0.0,1049.98
O000250,C00434,S13,2025-04-23 14:26:23,in_store,,1,79.99,0.0,79.99
O000251,C00687,S10,2025-04-23 15:52:33,in_store,,1,79.99,0.0,79.99
O000252,C00597,S22,2025-04-23 16:10:10,in_store,,3,119.97,0.0,119.97
O000253,C00861,S10,2025-04-23 17:57:17,in_store,,1,24.99,0.0,24.99
O000254,C00674,WEB,2025-04-23 20:13:00,online,,1,19.99,0.0,19.99
O000255,C00945,WEB,2025-04-24 08:01:20,online,,1,49.99,0.0,49.99
O000256,C01032,S20,2025-04-24 10:27:02,in_store,,2,149.98,0.0,149.98
O000257,C00775,WEB,2025-04-24 11:36:14,online,,1,25.99,0.0,25.99
O000258,C00444,S16,2025-04-24 13:02:59,in_store,,1,449.99,0.0,449.99
O000259,C00110,S05,2025-04-24 13:05:41,in_store,,1,79.99,0.0,79.99
O000260,C00228,S13,2025-04-24 13:30:04,in_store,,4,799.96,0.0,799.96
O000261,C00454,S21,2025-04-24 13:42:48,in_store,,1,69.99,0.0,69.99
O000262,C00987,S03,2025-04-24 13:46:53,in_store,,1,89.99,0.0,89.99
O000263,C00589,S01,2025-04-24 17:18:40,in_store,,3,251.97,0.0,251.97
O000264,C00235,S21,2025-04-24 18:23:38,in_store,,1,39.99,0.0,39.99
O000265,C00586,S17,2025-04-24 19:41:18,in_store,,1,189.99,0.0,189.99
O000266,C00345,S08,2025-04-24 19:52:54,in_store,,1,99.99,0.0,99.99
O000267,C00659,S23,2025-04-25 10:32:36,in_store,,1,299.99,0.0,299.99
O000268,C00126,S16,2025-04-25 11:04:54,in_store,PR-2025-01,1,38.99,5.85,33.14
O000269,C00901,S15,2025-04-25 13:02:30,in_store,,1,999.99,0.0,999.99
O000270,C00779,S19,2025-04-25 13:15:40,in_store,PR-2025-01,3,164.97,21.0,143.97
O000271,C00540,WEB,2025-04-25 15:20:00,online,,1,1299.99,0.0,1299.99
O000272,C00619,S21,2025-04-25 15:44:36,in_store,PR-2025-01,1,199.99,30.0,169.99
O000273,C00330,S03,2025-04-25 17:14:26,in_store,,3,359.97,0.0,359.97
O000274,C00121,S02,2025-04-25 17:38:33,in_store,PR-2025-01,1,199.99,30.0,169.99
O000275,C00297,S09,2025-04-25 19:43:37,in_store,,2,39.98,0.0,39.98
O000276,C00893,S22,2025-04-25 20:47:47,in_store,,1,229.99,0.0,229.99
O000277,C00976,S21,2025-04-26 10:42:09,in_store,,3,203.97,0.0,203.97
O000278,C00184,S20,2025-04-26 11:00:56,in_store,PR-2025-01,2,179.98,27.0,152.98
O000279,C00963,WEB,2025-04-26 14:52:04,online,,1,59.99,0.0,59.99
O000280,C00857,S01,2025-04-26 14:54:29,in_store,,1,19.99,0.0,19.99
O000281,C00565,S09,2025-04-26 15:01:17,in_store,,1,79.99,0.0,79.99
O000282,C00231,S22,2025-04-26 15:45:27,in_store,,1,79.99,0.0,79.99
O000283,C00192,S01,2025-04-26 19:07:16,in_store,,1,449.99,0.0,449.99
O000284,C00406,S01,2025-04-27 12:20:19,in_store,,1,229.99,0.0,229.99
O000285,C00791,S19,2025-04-27 12:25:04,in_store,,1,24.99,0.0,24.99
O000286,C00004,S22,2025-04-27 12:32:39,in_store,,1,89.99,0.0,89.99
O000287,C00175,S06,2025-04-27 12:55:47,in_store,,4,309.96,0.0,309.96
O000288,C00506,S13,2025-04-27 14:59:45,in_store,,3,469.97,0.0,469.97
O000289,C00257,WEB,2025-04-27 17:31:31,online,,1,49.99,0.0,49.99
O000290,C00530,WEB,2025-04-27 17:54:04,online,,2,439.98,0.0,439.98
O000291,C00789,WEB,2025-04-27 18:02:13,online,PR-2025-01,1,49.99,7.5,42.49
O000292,C00184,S20,2025-04-27 18:33:41,in_store,,1,229.99,0.0,229.99
O000293,C00452,WEB,2025-04-28 07:12:56,online,,1,79.99,0.0,79.99
O000294,C00773,WEB,2025-04-28 08:56:39,online,,1,39.99,0.0,39.99
O000295,C00120,S21,2025-04-28 11:05:03,in_store,,1,49.99,0.0,49.99
O000296,C00119,S21,2025-04-28 11:31:42,in_store,,1,55.99,0.0,55.99
O000297,C00725,S03,2025-04-28 13:23:29,in_store,,1,19.99,0.0,19.99
O000298,C00189,S01,2025-04-28 15:47:41,in_store,,1,14.99,0.0,14.99
O000299,C00237,S08,2025-04-28 17:45:02,in_store,,2,369.98,0.0,369.98
O000300,C00970,WEB,2025-04-28 22:00:44,online,,2,168.98,0.0,168.98
O000301,C00324,WEB,2025-04-29 00:01:59,online,,2,179.98,0.0,179.98
O000302,C00297,S09,2025-04-29 09:54:49,in_store,,1,59.99,0.0,59.99
O000303,C00809,S07,2025-04-29 10:44:18,in_store,,1,89.99,0.0,89.99
O000304,C00456,WEB,2025-04-29 10:52:57,online,,1,79.99,0.0,79.99
O000305,C00296,WEB,2025-04-29 11:12:07,online,,2,89.98,0.0,89.98
O000306,C00539,S12,2025-04-29 11:16:06,in_store,,1,59.99,0.0,59.99
O000307,C00784,S14,2025-04-29 14:29:32,in_store,,1,699.99,0.0,699.99
O000308,C00673,S07,2025-04-29 14:43:19,in_store,,1,139.99,0.0,139.99
O000309,C00014,S20,2025-04-29 15:35:58,in_store,,1,24.99,0.0,24.99
O000310,C00227,WEB,2025-04-29 17:09:03,online,,2,129.98,0.0,129.98
O000311,C00876,S22,2025-04-29 18:01:39,in_store,,3,329.97,0.0,329.97
O000312,C01020,WEB,2025-04-29 18:38:25,online,,1,49.99,0.0,49.99
O000313,C00589,S01,2025-04-29 19:04:03,in_store,,1,229.99,0.0,229.99
O000314,C00696,WEB,2025-04-29 19:49:03,online,,2,257.98,0.0,257.98
O000315,C00720,S03,2025-04-29 20:26:54,in_store,,2,219.98,0.0,219.98
O000316,C00483,WEB,2025-04-29 22:53:24,online,,5,1029.95,0.0,1029.95
O000317,C00079,WEB,2025-04-30 08:17:46,online,,2,159.98,0.0,159.98
O000318,C00347,S12,2025-04-30 10:12:13,in_store,,2,549.98,0.0,549.98
O000319,C00497,S23,2025-04-30 11:59:15,in_store,,1,199.99,0.0,199.99
O000320,C00419,S21,2025-04-30 14:01:57,in_store,,1,129.99,0.0,129.99
O000321,C00697,S08,2025-04-30 17:23:50,in_store,,1,119.99,0.0,119.99
O000322,C00220,WEB,2025-04-30 19:17:07,online,,2,69.98,0.0,69.98
O000323,C00889,WEB,2025-04-30 19:25:51,online,,1,449.99,0.0,449.99
O000324,C00269,WEB,2025-04-30 19:48:58,online,,4,229.96,0.0,229.96
O000325,C00002,WEB,2025-04-30 19:51:06,online,,1,199.99,0.0,199.99
O000326,C00277,S19,2025-04-30 20:39:19,in_store,,1,59.99,0.0,59.99
O000327,C00117,S02,2025-05-01 09:59:16,in_store,,1,349.99,0.0,349.99
O000328,C00237,S08,2025-05-01 10:46:04,in_store,,3,59.97,0.0,59.97
O000329,C00028,S13,2025-05-01 12:20:09,in_store,,6,479.94,0.0,479.94
O000330,C00096,WEB,2025-05-01 12:45:36,online,,1,34.99,0.0,34.99
O000331,C00962,S19,2025-05-01 13:25:56,in_store,,1,89.99,0.0,89.99
O000332,C00073,S07,2025-05-01 17:35:09,in_store,,3,579.97,0.0,579.97
O000333,C00767,S10,2025-05-01 18:31:06,in_store,,2,179.98,0.0,179.98
O000334,C00755,S04,2025-05-01 18:53:23,in_store,,1,29.99,0.0,29.99
O000335,C00371,S03,2025-05-01 19:19:50,in_store,,1,29.99,0.0,29.99
O000336,C00182,WEB,2025-05-02 08:44:34,online,PR-2025-02,2,179.98,6.0,173.98
O000337,C00707,S07,2025-05-02 10:58:36,in_store,,1,99.99,0.0,99.99
O000338,C00953,S18,2025-05-02 11:01:19,in_store,,1,59.99,0.0,59.99
O000339,C00984,S07,2025-05-02 11:37:36,in_store,PR-2025-02,3,549.97,2.4,547.57
O000340,C00599,S01,2025-05-02 12:09:16,in_store,PR-2025-02,2,99.98,2.4,97.58
O000341,C00770,WEB,2025-05-02 12:42:29,online,,1,49.99,0.0,49.99
O000342,C00887,S13,2025-05-02 14:07:49,in_store,,1,299.99,0.0,299.99
O000343,C00731,S20,2025-05-02 14:55:28,in_store,,3,229.97,0.0,229.97
O000344,C00534,S01,2025-05-02 16:15:05,in_store,,1,19.99,0.0,19.99
O000345,C00944,WEB,2025-05-02 17:15:06,online,PR-2025-02,5,599.95,4.8,595.15
O000346,C00880,WEB,2025-05-02 17:22:39,online,,3,274.97,0.0,274.97
O000347,C00464,S03,2025-05-02 18:12:35,in_store,,2,149.98,0.0,149.98
O000348,C00132,S02,2025-05-02 18:33:19,in_store,,1,169.99,0.0,169.99
O000349,C00330,WEB,2025-05-02 20:24:11,online,,1,94.99,0.0,94.99
O000350,C00962,S19,2025-05-02 20:54:39,in_store,,3,164.97,0.0,164.97
O000351,C00764,S17,2025-05-03 09:55:42,in_store,,4,604.96,0.0,604.96
O000352,C00285,S03,2025-05-03 11:32:17,in_store,,1,38.99,0.0,38.99
O000353,C00536,WEB,2025-05-03 12:04:20,online,,1,59.99,0.0,59.99
O000354,C00127,WEB,2025-05-03 13:54:32,online,,1,79.99,0.0,79.99
O000355,C00548,S22,2025-05-03 15:23:57,in_store,,1,149.99,0.0,149.99
O000356,C01006,WEB,2025-05-03 16:55:08,online,,1,109.99,0.0,109.99
O000357,C00606,S12,2025-05-03 18:35:17,in_store,,1,19.99,0.0,19.99
O000358,C00931,S14,2025-05-03 19:58:10,in_store,,2,99.98,0.0,99.98
O000359,C00642,WEB,2025-05-04 07:48:07,online,,1,399.99,0.0,399.99
O000360,C00431,S10,2025-05-04 09:21:11,in_store,,2,739.98,0.0,739.98
O000361,C00366,S15,2025-05-04 10:05:51,in_store,,1,19.99,0.0,19.99
O000362,C00239,S03,2025-05-04 11:51:22,in_store,,1,59.99,0.0,59.99
O000363,C00531,S03,2025-05-04 13:44:57,in_store,,1,39.99,0.0,39.99
O000364,C00221,S06,2025-05-04 14:24:51,in_store,,2,455.98,0.0,455.98
O000365,C00689,WEB,2025-05-04 15:27:14,online,,1,149.99,0.0,149.99
O000366,C00407,S14,2025-05-04 15:43:13,in_store,,3,669.97,0.0,669.97
O000367,C00970,WEB,2025-05-04 16:44:37,online,,1,24.99,0.0,24.99
O000368,C00078,S07,2025-05-04 17:43:00,in_store,,2,1049.98,0.0,1049.98
O000369,C00805,S15,2025-05-04 18:22:08,in_store,,1,89.99,0.0,89.99
O000370,C00377,S21,2025-05-04 18:25:51,in_store,PR-2025-02,3,499.97,44.4,455.57
O000371,C00097,S13,2025-05-04 18:55:56,in_store,,3,209.97,0.0,209.97
O000372,C00419,S21,2025-05-04 19:26:57,in_store,,1,24.99,0.0,24.99
O000373,C00405,S03,2025-05-04 19:27:29,in_store,,3,469.97,0.0,469.97
O000374,C00350,S22,2025-05-05 10:53:56,in_store,,1,79.99,0.0,79.99
O000375,C00392,S07,2025-05-05 11:13:44,in_store,,1,189.99,0.0,189.99
O000376,C00784,S14,2025-05-05 11:24:46,in_store,,1,24.99,0.0,24.99
O000377,C00407,S14,2025-05-05 11:56:34,in_store,,2,54.98,0.0,54.98
O000378,C00723,S07,2025-05-05 12:42:37,in_store,,1,299.99,0.0,299.99
O000379,C00444,S16,2025-05-05 14:11:39,in_store,,1,89.99,0.0,89.99
O000380,C00677,S07,2025-05-05 15:05:14,in_store,,1,49.99,0.0,49.99
O000381,C00575,S21,2025-05-05 15:49:08,in_store,,1,89.99,0.0,89.99
O000382,C00318,S04,2025-05-05 17:13:50,in_store,PR-2025-02,1,199.99,24.0,175.99
O000383,C00013,WEB,2025-05-05 17:47:33,online,,1,299.99,0.0,299.99
O000384,C00616,WEB,2025-05-05 18:05:56,online,PR-2025-02,1,199.99,24.0,175.99
O000385,C00153,WEB,2025-05-05 18:17:12,online,,1,19.99,0.0,19.99
O000386,C00393,S20,2025-05-05 19:04:25,in_store,,1,59.99,0.0,59.99
O000387,C00852,WEB,2025-05-05 19:17:00,online,,3,59.97,0.0,59.97
O000388,C00377,WEB,2025-05-05 22:53:00,online,,1,39.99,0.0,39.99
O000389,C00422,S10,2025-05-06 09:33:56,in_store,,1,449.99,0.0,449.99
O000390,C00922,S04,2025-05-06 11:36:28,in_store,,1,69.99,0.0,69.99
O000391,C00633,S20,2025-05-06 12:34:33,in_store,,1,89.99,0.0,89.99
O000392,C00750,S13,2025-05-06 16:04:29,in_store,PR-2025-02,6,759.94,15.6,744.34
O000393,C00003,WEB,2025-05-06 16:38:21,online,,1,139.99,0.0,139.99
O000394,C00431,S10,2025-05-06 16:51:55,in_store,,1,229.99,0.0,229.99
O000395,C00072,WEB,2025-05-06 17:06:50,online,PR-2025-02,4,319.96,9.6,310.36
O000396,C00817,S07,2025-05-06 17:48:57,in_store,,1,139.99,0.0,139.99
O000397,C00441,S07,2025-05-06 19:29:27,in_store,,2,219.98,0.0,219.98
O000398,C00275,S15,2025-05-06 20:03:28,in_store,,3,173.97,0.0,173.97
O000399,C00249,S04,2025-05-06 21:24:33,in_store,,1,199.99,0.0,199.99
O000400,C00614,WEB,2025-05-06 23:35:42,online,PR-2025-02,1,59.99,7.2,52.79
O000401,C00447,S23,2025-05-07 10:38:31,in_store,,2,104.98,0.0,104.98
O000402,C00517,WEB,2025-05-07 10:48:39,online,,2,49.98,0.0,49.98
O000403,C00858,S21,2025-05-07 11:05:23,in_store,,1,49.99,0.0,49.99
O000404,C00638,S13,2025-05-07 11:14:06,in_store,,2,519.98,0.0,519.98
O000405,C00772,S19,2025-05-07 11:19:51,in_store,,2,119.98,0.0,119.98
O000406,C00169,S13,2025-05-07 14:01:33,in_store,,2,399.98,0.0,399.98
O000407,C01008,S22,2025-05-07 15:06:17,in_store,,1,89.99,0.0,89.99
O000408,C00313,S06,2025-05-07 17:08:24,in_store,,1,49.99,0.0,49.99
O000409,C00873,S07,2025-05-07 19:17:31,in_store,,2,229.98,0.0,229.98
O000410,C00398,S06,2025-05-07 19:20:13,in_store,,1,349.99,0.0,349.99
O000411,C00331,S08,2025-05-08 11:46:37,in_store,,3,229.97,0.0,229.97
O000412,C00786,S01,2025-05-08 13:03:37,in_store,PR-2025-02,4,409.96,15.6,394.36
O000413,C00742,S13,2025-05-08 15:04:19,in_store,,1,449.99,0.0,449.99
O000414,C00149,S19,2025-05-08 18:47:05,in_store,,1,79.99,0.0,79.99
O000415,C00914,S06,2025-05-08 19:13:37,in_store,,1,219.99,0.0,219.99
O000416,C00588,S07,2025-05-09 12:51:15,in_store,,3,268.97,0.0,268.97
O000417,C00418,S21,2025-05-09 15:27:59,in_store,,1,329.99,0.0,329.99
O000418,C00847,S07,2025-05-09 16:18:29,in_store,,1,24.99,0.0,24.99
O000419,C00570,S20,2025-05-09 16:51:43,in_store,,2,939.98,0.0,939.98
O000420,C00861,S10,2025-05-10 12:12:00,in_store,,1,449.99,0.0,449.99
O000421,C00285,S01,2025-05-10 13:33:01,in_store,,1,59.99,0.0,59.99
O000422,C00977,S20,2025-05-10 14:07:01,in_store,PR-2025-02,1,199.99,24.0,175.99
O000423,C00445,WEB,2025-05-10 14:25:00,online,,3,489.97,0.0,489.97
O000424,C00387,S15,2025-05-10 16:23:56,in_store,,2,89.98,0.0,89.98
O000425,C00215,S21,2025-05-10 17:59:09,in_store,,1,58.99,0.0,58.99
O000426,C00956,S07,2025-05-10 18:19:53,in_store,,2,129.98,0.0,129.98
O000427,C00469,WEB,2025-05-10 18:41:47,online,,4,385.96,0.0,385.96
O000428,C00963,WEB,2025-05-10 19:21:01,online,,2,79.98,0.0,79.98
O000429,C00321,S07,2025-05-10 19:37:06,in_store,,1,39.99,0.0,39.99
O000430,C00987,S03,2025-05-11 09:57:58,in_store,,4,349.96,0.0,349.96
O000431,C00535,WEB,2025-05-11 12:02:12,online,,2,179.98,0.0,179.98
O000432,C00228,S13,2025-05-11 13:06:14,in_store,,1,129.99,0.0,129.99
O000433,C00596,WEB,2025-05-11 14:43:29,online,,2,529.98,0.0,529.98
O000434,C00886,S09,2025-05-11 16:16:48,in_store,,1,49.99,0.0,49.99
O000435,C01020,S16,2025-05-11 16:33:03,in_store,,1,29.99,0.0,29.99
O000436,C00599,S01,2025-05-11 16:57:20,in_store,PR-2025-02,4,1005.96,8.4,997.56
O000437,C00969,S21,2025-05-11 17:56:53,in_store,,1,99.99,0.0,99.99
O000438,C00321,S07,2025-05-12 10:04:29,in_store,,1,89.99,0.0,89.99
O000439,C00948,S20,2025-05-12 12:39:39,in_store,,2,105.98,0.0,105.98
O000440,C00919,S21,2025-05-12 14:21:39,in_store,,1,79.99,0.0,79.99
O000441,C00186,S17,2025-05-12 18:14:48,in_store,,1,39.99,0.0,39.99
O000442,C00286,S15,2025-05-12 18:56:56,in_store,,2,209.98,0.0,209.98
O000443,C00596,S13,2025-05-12 20:41:32,in_store,,1,89.99,0.0,89.99
O000444,C00423,S07,2025-05-13 10:33:56,in_store,,3,289.97,0.0,289.97
O000445,C00642,S09,2025-05-13 10:48:31,in_store,,2,159.98,0.0,159.98
O000446,C00963,WEB,2025-05-13 13:21:19,online,,1,199.99,0.0,199.99
O000447,C00779,WEB,2025-05-13 15:14:46,online,,1,449.99,0.0,449.99
O000448,C00926,S11,2025-05-13 15:48:52,in_store,,2,229.98,0.0,229.98
O000449,C00373,WEB,2025-05-13 15:57:26,online,,4,775.96,0.0,775.96
O000450,C00283,WEB,2025-05-13 17:36:51,online,,3,809.97,0.0,809.97
O000451,C00620,WEB,2025-05-13 17:59:05,online,,2,214.98,0.0,214.98
O000452,C00980,S12,2025-05-13 18:48:18,in_store,,1,89.99,0.0,89.99
O000453,C00249,S04,2025-05-13 19:41:18,in_store,,2,189.98,0.0,189.98
O000454,C00322,S09,2025-05-13 20:44:17,in_store,,1,349.99,0.0,349.99
O000455,C00180,S22,2025-05-13 21:46:30,in_store,,1,19.99,0.0,19.99
O000456,C00748,S23,2025-05-14 12:26:14,in_store,,1,39.99,0.0,39.99
O000457,C00245,S09,2025-05-14 12:44:33,in_store,,1,349.99,0.0,349.99
O000458,C00720,S03,2025-05-14 14:35:10,in_store,,3,254.97,0.0,254.97
O000459,C01018,S22,2025-05-14 14:41:24,in_store,,1,189.99,0.0,189.99
O000460,C00877,S21,2025-05-14 16:02:31,in_store,,1,58.99,0.0,58.99
O000461,C00202,S09,2025-05-14 16:28:14,in_store,,2,99.98,0.0,99.98
O000462,C00172,S23,2025-05-14 16:42:09,in_store,,3,449.97,0.0,449.97
O000463,C00035,S14,2025-05-14 16:55:47,in_store,,1,299.99,0.0,299.99
O000464,C00772,S23,2025-05-14 18:56:44,in_store,,1,39.99,0.0,39.99
O000465,C00435,WEB,2025-05-15 08:09:57,online,,1,128.99,0.0,128.99
O000466,C00649,WEB,2025-05-15 09:46:52,online,,1,129.99,0.0,129.99
O000467,C00312,S10,2025-05-15 11:31:47,in_store,,3,455.97,0.0,455.97
O000468,C00471,S21,2025-05-15 12:21:12,in_store,,1,89.99,0.0,89.99
O000469,C00951,WEB,2025-05-15 16:34:53,online,,1,99.99,0.0,99.99
O000470,C00106,S13,2025-05-15 17:31:02,in_store,,4,649.96,0.0,649.96
O000471,C00325,WEB,2025-05-15 20:32:18,online,,4,254.96,0.0,254.96
O000472,C00581,WEB,2025-05-16 10:20:13,online,,2,429.98,0.0,429.98
O000473,C00387,S15,2025-05-16 12:40:55,in_store,,1,39.99,0.0,39.99
O000474,C00454,S21,2025-05-16 13:43:18,in_store,,3,249.97,0.0,249.97
O000475,C00909,S21,2025-05-16 13:58:31,in_store,,1,79.99,0.0,79.99
O000476,C00249,S05,2025-05-16 14:43:28,in_store,,1,149.99,0.0,149.99
O000477,C00741,S21,2025-05-16 15:58:48,in_store,,3,599.97,0.0,599.97
O000478,C00480,S21,2025-05-16 16:30:43,in_store,,1,79.99,0.0,79.99
O000479,C00642,S09,2025-05-16 17:29:12,in_store,,1,59.99,0.0,59.99
O000480,C00591,S11,2025-05-16 17:51:06,in_store,,2,44.98,0.0,44.98
O000481,C00857,S04,2025-05-16 18:06:00,in_store,,1,89.99,0.0,89.99
O000482,C00008,WEB,2025-05-16 18:22:04,online,,1,89.99,0.0,89.99
O000483,C00186,S17,2025-05-17 09:48:43,in_store,,4,909.96,0.0,909.96
O000484,C00924,S05,2025-05-17 11:25:32,in_store,,1,179.99,0.0,179.99
O000485,C00911,S07,2025-05-17 11:33:08,in_store,,1,649.99,0.0,649.99
O000486,C00100,S18,2025-05-17 14:55:48,in_store,,1,19.99,0.0,19.99
O000487,C00175,S06,2025-05-17 15:24:28,in_store,,2,34.98,0.0,34.98
O000488,C00189,S01,2025-05-17 15:29:53,in_store,,3,889.97,0.0,889.97
O000489,C00545,S13,2025-05-17 19:39:09,in_store,,3,299.97,0.0,299.97
O000490,C00984,WEB,2025-05-17 20:51:20,online,,1,89.99,0.0,89.99
O000491,C00040,WEB,2025-05-17 23:11:08,online,,2,98.98,0.0,98.98
O000492,C00285,S02,2025-05-18 11:12:33,in_store,,4,779.96,0.0,779.96
O000493,C00237,S08,2025-05-18 12:08:44,in_store,,3,209.97,0.0,209.97
O000494,C00577,S03,2025-05-18 12:10:06,in_store,,2,219.98,0.0,219.98
O000495,C00114,S09,2025-05-18 12:54:19,in_store,,2,208.98,0.0,208.98
O000496,C00137,S07,2025-05-18 13:14:02,in_store,,1,49.99,0.0,49.99
O000497,C00061,S21,2025-05-18 13:54:30,in_store,,3,159.97,0.0,159.97
O000498,C00877,S21,2025-05-18 14:33:52,in_store,,2,369.98,0.0,369.98
O000499,C00444,S16,2025-05-18 14:38:26,in_store,,1,34.99,0.0,34.99
O000500,C00011,S07,2025-05-18 14:49:02,in_store,,1,29.99,0.0,29.99
O000501,C00836,S21,2025-05-18 18:17:10,in_store,,1,59.99,0.0,59.99
O000502,C00903,S06,2025-05-18 19:46:15,in_store,,1,19.99,0.0,19.99
O000503,C00204,WEB,2025-05-18 22:54:05,online,,2,70.98,0.0,70.98
O000504,C00517,WEB,2025-05-19 13:07:27,online,,1,119.99,0.0,119.99
O000505,C00871,S01,2025-05-19 14:01:10,in_store,,1,34.99,0.0,34.99
O000506,C00723,S07,2025-05-19 14:17:09,in_store,,1,999.99,0.0,999.99
O000507,C00252,S01,2025-05-19 14:37:59,in_store,,1,139.99,0.0,139.99
O000508,C00209,S03,2025-05-19 15:20:29,in_store,,1,349.99,0.0,349.99
O000509,C00545,S13,2025-05-19 16:02:21,in_store,,4,389.96,0.0,389.96
O000510,C00492,S01,2025-05-19 16:15:04,in_store,,2,509.98,0.0,509.98
O000511,C00523,S07,2025-05-19 17:07:01,in_store,,1,49.99,0.0,49.99
O000512,C01011,S08,2025-05-19 19:05:14,in_store,,2,134.98,0.0,134.98
O000513,C00908,WEB,2025-05-19 21:05:40,online,,3,249.97,0.0,249.97
O000514,C00764,S17,2025-05-20 10:15:16,in_store,,1,59.99,0.0,59.99
O000515,C00388,S19,2025-05-20 10:26:54,in_store,,1,449.99,0.0,449.99
O000516,C00487,S17,2025-05-20 12:55:13,in_store,,1,24.99,0.0,24.99
O000517,C00284,S10,2025-05-20 13:16:10,in_store,,1,89.99,0.0,89.99
O000518,C00120,S21,2025-05-20 14:18:30,in_store,,2,369.98,0.0,369.98
O000519,C00811,S22,2025-05-20 16:54:35,in_store,,1,49.99,0.0,49.99
O000520,C00624,S21,2025-05-20 17:46:08,in_store,,3,189.97,0.0,189.97
O000521,C00514,S13,2025-05-20 17:51:01,in_store,,2,69.98,0.0,69.98
O000522,C00386,S08,2025-05-20 18:46:25,in_store,,1,199.99,0.0,199.99
O000523,C00274,WEB,2025-05-21 06:56:25,online,,1,129.99,0.0,129.99
O000524,C00087,WEB,2025-05-21 08:40:19,online,,3,529.97,0.0,529.97
O000525,C00418,S21,2025-05-21 10:47:42,in_store,,1,19.99,0.0,19.99
O000526,C00775,WEB,2025-05-21 12:14:02,online,,1,129.99,0.0,129.99
O000527,C00786,S01,2025-05-21 12:27:18,in_store,,1,199.99,0.0,199.99
O000528,C00433,S22,2025-05-21 12:54:38,in_store,,1,219.99,0.0,219.99
O000529,C00927,S21,2025-05-21 13:04:12,in_store,,1,349.99,0.0,349.99
O000530,C00852,S21,2025-05-21 13:38:49,in_store,,2,259.98,0.0,259.98
O000531,C00544,WEB,2025-05-21 14:03:09,online,,4,569.96,0.0,569.96
O000532,C00309,S05,2025-05-21 15:35:51,in_store,,1,59.99,0.0,59.99
O000533,C00951,S19,2025-05-21 16:52:37,in_store,,1,79.99,0.0,79.99
O000534,C00469,WEB,2025-05-21 16:54:13,online,,1,39.99,0.0,39.99
O000535,C00871,S02,2025-05-21 17:03:37,in_store,,1,59.99,0.0,59.99
O000536,C00285,S03,2025-05-21 18:09:57,in_store,,3,259.97,0.0,259.97
O000537,C00881,S12,2025-05-21 18:46:28,in_store,,3,129.97,0.0,129.97
O000538,C00904,S02,2025-05-21 20:58:31,in_store,,2,159.98,0.0,159.98
O000539,C00452,S23,2025-05-22 09:01:46,in_store,PR-2025-03,2,159.98,32.0,127.98
O000540,C00805,S14,2025-05-22 10:08:49,in_store,PR-2025-03,1,83.99,16.8,67.19
O000541,C00069,S15,2025-05-22 10:11:21,in_store,PR-2025-03,1,29.99,6.0,23.99
O000542,C00296,S18,2025-05-22 11:27:14,in_store,,4,479.96,0.0,479.96
O000543,C00010,S07,2025-05-22 11:42:30,in_store,PR-2025-03,1,24.99,5.0,19.99
O000544,C00085,S17,2025-05-22 12:07:45,in_store,PR-2025-03,1,219.99,44.0,175.99
O000545,C00889,WEB,2025-05-22 15:21:25,online,PR-2025-03,1,19.99,4.0,15.99
O000546,C00386,S08,2025-05-22 16:10:27,in_store,PR-2025-03,2,44.98,9.0,35.98
O000547,C00927,S21,2025-05-22 16:27:58,in_store,PR-2025-03,1,79.99,16.0,63.99
O000548,C00144,S10,2025-05-22 17:01:16,in_store,PR-2025-03,1,99.99,20.0,79.99
O000549,C00581,S09,2025-05-22 17:20:40,in_store,PR-2025-03,1,19.99,4.0,15.99
O000550,C00289,S01,2025-05-22 20:02:23,in_store,,1,29.99,0.0,29.99
O000551,C00831,S22,2025-05-22 20:11:00,in_store,PR-2025-03,2,269.98,54.0,215.98
O000552,C00013,WEB,2025-05-22 23:02:26,online,PR-2025-03,1,79.99,16.0,63.99
O000553,C00589,S01,2025-05-23 09:25:24,in_store,PR-2025-03,2,115.98,23.2,92.78
O000554,C00662,S01,2025-05-23 15:38:30,in_store,PR-2025-03,1,149.99,30.0,119.99
O000555,C00538,WEB,2025-05-23 16:42:22,online,PR-2025-03,4,519.96,104.0,415.96
O000556,C00097,S13,2025-05-23 17:22:05,in_store,PR-2025-03,1,49.99,10.0,39.99
O000557,C01020,WEB,2025-05-23 20:46:04,online,PR-2025-03,1,89.99,18.0,71.99
O000558,C00431,S10,2025-05-23 20:53:59,in_store,PR-2025-03,1,59.99,12.0,47.99
O000559,C00237,S08,2025-05-24 09:58:49,in_store,,2,149.98,0.0,149.98
O000560,C00988,S09,2025-05-24 11:21:40,in_store,PR-2025-03,1,29.99,6.0,23.99
O000561,C00347,S09,2025-05-24 11:44:15,in_store,PR-2025-03,1,59.99,12.0,47.99
O000562,C00273,S23,2025-05-24 13:41:51,in_store,PR-2025-03,1,449.99,90.0,359.99
O000563,C00811,S22,2025-05-24 13:49:03,in_store,PR-2025-03,1,49.99,10.0,39.99
O000564,C00435,S19,2025-05-24 15:07:20,in_store,PR-2025-03,1,79.99,16.0,63.99
O000565,C00352,S15,2025-05-24 15:20:47,in_store,,4,305.96,0.0,305.96
O000566,C00025,S13,2025-05-24 15:21:16,in_store,,2,259.98,0.0,259.98
O000567,C00286,S15,2025-05-24 15:59:41,in_store,PR-2025-03,1,99.99,20.0,79.99
O000568,C00299,S20,2025-05-24 16:28:58,in_store,,2,699.98,0.0,699.98
O000569,C00864,S21,2025-05-24 17:44:28,in_store,,1,99.99,0.0,99.99
O000570,C00099,S22,2025-05-24 18:03:45,in_store,PR-2025-03,1,349.99,70.0,279.99
O000571,C00963,WEB,2025-05-24 21:22:59,online,,1,38.99,0.0,38.99
O000572,C00255,S17,2025-05-25 12:11:21,in_store,,1,199.99,0.0,199.99
O000573,C00457,S22,2025-05-25 12:33:24,in_store,,1,49.99,0.0,49.99
O000574,C00082,WEB,2025-05-25 12:56:32,online,,1,39.99,0.0,39.99
O000575,C00751,WEB,2025-05-25 13:11:05,online,,2,95.98,0.0,95.98
O000576,C00972,S17,2025-05-25 13:43:52,in_store,,1,89.99,0.0,89.99
O000577,C00378,S18,2025-05-25 13:47:10,in_store,,2,189.98,0.0,189.98
O000578,C00363,S20,2025-05-25 14:20:35,in_store,,3,239.97,0.0,239.97
O000579,C00357,S20,2025-05-25 14:51:30,in_store,PR-2025-03,1,55.99,11.2,44.79
O000580,C00590,WEB,2025-05-25 16:03:37,online,PR-2025-03,2,149.98,30.0,119.98
O000581,C00273,S22,2025-05-25 16:54:51,in_store,PR-2025-03,1,55.99,11.2,44.79
O000582,C00013,WEB,2025-05-25 17:54:08,online,PR-2025-03,1,99.99,20.0,79.99
O000583,C00836,S21,2025-05-25 18:04:24,in_store,PR-2025-03,1,99.99,20.0,79.99
O000584,C00930,WEB,2025-05-25 18:40:52,online,,1,24.99,0.0,24.99
O000585,C00137,WEB,2025-05-25 19:04:32,online,,1,89.99,0.0,89.99
O000586,C01013,S13,2025-05-25 19:13:22,in_store,PR-2025-03,1,99.99,20.0,79.99
O000587,C01008,S22,2025-05-25 19:35:28,in_store,PR-2025-03,1,59.99,12.0,47.99
O000588,C00052,S01,2025-05-25 20:11:21,in_store,PR-2025-03,4,523.96,104.8,419.16
O000589,C00163,WEB,2025-05-25 21:59:05,online,,2,98.98,0.0,98.98
O000590,C00706,WEB,2025-05-26 10:06:46,online,,2,143.98,0.0,143.98
O000591,C00720,S03,2025-05-26 10:30:22,in_store,,3,929.97,0.0,929.97
O000592,C00008,S17,2025-05-26 11:53:57,in_store,PR-2025-03,2,124.98,25.0,99.98
O000593,C00492,S01,2025-05-26 16:58:21,in_store,PR-2025-03,1,199.99,40.0,159.99
O000594,C00336,S18,2025-05-26 17:24:53,in_store,,1,229.99,0.0,229.99
O000595,C00087,WEB,2025-05-26 17:35:44,online,PR-2025-03,1,59.99,12.0,47.99
O000596,C00565,S09,2025-05-26 17:51:59,in_store,PR-2025-03,2,205.98,41.2,164.78
O000597,C00641,WEB,2025-05-26 18:08:24,online,PR-2025-03,2,34.98,7.0,27.98
O000598,C00312,WEB,2025-05-26 21:22:02,online,,1,79.99,0.0,79.99
O000599,C00114,WEB,2025-05-26 23:30:14,online,PR-2025-03,1,99.99,20.0,79.99
O000600,C00272,S17,2025-05-27 09:41:31,in_store,,3,234.97,0.0,234.97
O000601,C00606,WEB,2025-05-27 11:07:07,online,,1,79.99,0.0,79.99
O000602,C00727,S17,2025-05-27 11:18:21,in_store,,1,89.99,0.0,89.99
O000603,C00411,WEB,2025-05-27 12:38:47,online,,1,49.99,0.0,49.99
O000604,C00068,S21,2025-05-27 13:03:44,in_store,,1,69.99,0.0,69.99
O000605,C00988,S09,2025-05-27 13:09:24,in_store,,2,59.98,0.0,59.98
O000606,C00652,S21,2025-05-27 16:53:09,in_store,,1,399.99,0.0,399.99
O000607,C00749,S07,2025-05-27 17:23:16,in_store,,2,179.98,0.0,179.98
O000608,C00689,S18,2025-05-27 18:54:20,in_store,,3,229.97,0.0,229.97
O000609,C00254,S21,2025-05-27 19:01:17,in_store,,1,179.99,0.0,179.99
O000610,C00647,S06,2025-05-27 21:16:57,in_store,,1,39.99,0.0,39.99
O000611,C00373,WEB,2025-05-28 00:29:48,online,,1,49.99,0.0,49.99
O000612,C00342,WEB,2025-05-28 11:23:50,online,,1,399.99,0.0,399.99
O000613,C00758,S03,2025-05-28 13:37:50,in_store,,1,59.99,0.0,59.99
O000614,C00142,S22,2025-05-28 13:54:53,in_store,,1,219.99,0.0,219.99
O000615,C00471,S21,2025-05-28 15:37:32,in_store,,1,89.99,0.0,89.99
O000616,C00765,S02,2025-05-28 16:26:22,in_store,,1,14.99,0.0,14.99
O000617,C00435,WEB,2025-05-28 18:12:49,online,,3,659.97,0.0,659.97
O000618,C00669,S20,2025-05-28 18:13:54,in_store,,1,79.99,0.0,79.99
O000619,C00905,S02,2025-05-28 18:37:53,in_store,,1,14.99,0.0,14.99
O000620,C00508,S10,2025-05-28 18:54:23,in_store,,1,14.99,0.0,14.99
O000621,C00772,S19,2025-05-28 20:47:50,in_store,,1,59.99,0.0,59.99
O000622,C00259,S13,2025-05-29 10:27:06,in_store,,2,179.98,0.0,179.98
O000623,C00398,S06,2025-05-29 13:11:32,in_store,,1,349.99,0.0,349.99
O000624,C00597,S22,2025-05-29 15:08:32,in_store,,1,89.99,0.0,89.99
O000625,C00924,S05,2025-05-29 15:28:18,in_store,,1,55.99,0.0,55.99
O000626,C00640,S08,2025-05-29 15:59:36,in_store,,2,99.98,0.0,99.98
O000627,C00719,S21,2025-05-29 16:43:25,in_store,,2,699.98,0.0,699.98
O000628,C00296,WEB,2025-05-29 16:50:08,online,,2,249.98,0.0,249.98
O000629,C00891,S07,2025-05-29 21:46:46,in_store,,2,259.98,0.0,259.98
O000630,C00293,WEB,2025-05-29 22:43:40,online,,1,249.99,0.0,249.99
O000631,C00849,S13,2025-05-30 10:06:57,in_store,,1,79.99,0.0,79.99
O000632,C00806,S20,2025-05-30 13:13:08,in_store,,2,159.98,0.0,159.98
O000633,C00347,S09,2025-05-30 13:23:21,in_store,,1,29.99,0.0,29.99
O000634,C01011,S08,2025-05-30 14:25:33,in_store,,1,449.99,0.0,449.99
O000635,C01031,S05,2025-05-30 14:30:51,in_store,,1,109.99,0.0,109.99
O000636,C00262,S07,2025-05-30 14:49:01,in_store,,4,124.96,0.0,124.96
O000637,C00823,S23,2025-05-30 15:13:21,in_store,,1,1299.99,0.0,1299.99
O000638,C00186,S17,2025-05-30 16:01:15,in_store,,1,49.99,0.0,49.99
O000639,C00825,WEB,2025-05-30 17:26:17,online,,2,209.98,0.0,209.98
O000640,C00045,S14,2025-05-30 18:22:21,in_store,,1,89.99,0.0,89.99
O000641,C00791,S19,2025-05-30 19:34:11,in_store,,2,69.98,0.0,69.98
O000642,C00026,S17,2025-05-30 19:36:30,in_store,,1,49.99,0.0,49.99
O000643,C00597,S22,2025-05-30 20:36:11,in_store,,1,79.99,0.0,79.99
O000644,C00731,WEB,2025-05-30 21:53:39,online,,2,364.98,0.0,364.98
O000645,C00060,S07,2025-05-31 11:40:03,in_store,,1,79.99,0.0,79.99
O000646,C00723,S07,2025-05-31 13:09:21,in_store,,1,49.99,0.0,49.99
O000647,C00643,S02,2025-05-31 15:01:00,in_store,,1,189.99,0.0,189.99
O000648,C00813,S21,2025-05-31 16:10:25,in_store,,1,69.99,0.0,69.99
O000649,C00368,WEB,2025-05-31 18:48:01,online,,2,109.98,0.0,109.98
O000650,C00226,S18,2025-05-31 18:48:39,in_store,,1,49.99,0.0,49.99
O000651,C00687,WEB,2025-05-31 19:50:44,online,,2,119.98,0.0,119.98
O000652,C00659,S21,2025-05-31 20:39:03,in_store,,2,339.98,0.0,339.98
O000653,C00008,WEB,2025-05-31 22:16:11,online,,2,118.98,0.0,118.98
O000654,C00652,WEB,2025-05-31 22:45:12,online,,4,69.96,0.0,69.96
O000655,C00343,WEB,2025-06-01 08:40:47,online,,1,99.99,0.0,99.99
O000656,C00998,S01,2025-06-01 09:25:00,in_store,,1,129.99,0.0,129.99
O000657,C00733,S07,2025-06-01 10:17:44,in_store,,1,349.99,0.0,349.99
O000658,C00760,S11,2025-06-01 12:38:42,in_store,,2,104.98,0.0,104.98
O000659,C01040,S03,2025-06-01 13:17:01,in_store,,3,129.97,0.0,129.97
O000660,C00959,S13,2025-06-01 13:33:18,in_store,,2,229.98,0.0,229.98
O000661,C00211,WEB,2025-06-01 16:07:52,online,,3,239.97,0.0,239.97
O000662,C00192,S01,2025-06-01 16:26:19,in_store,,2,159.98,0.0,159.98
O000663,C00003,S07,2025-06-01 16:44:08,in_store,,1,59.99,0.0,59.99
O000664,C00227,WEB,2025-06-01 16:50:37,online,,3,189.97,0.0,189.97
O000665,C00001,WEB,2025-06-01 17:11:31,online,,2,379.98,0.0,379.98
O000666,C00699,S21,2025-06-01 18:47:33,in_store,,1,58.99,0.0,58.99
O000667,C00610,S16,2025-06-01 19:12:51,in_store,,1,149.99,0.0,149.99
O000668,C00568,WEB,2025-06-01 19:56:58,online,,1,29.99,0.0,29.99
O000669,C00883,S06,2025-06-01 20:27:00,in_store,,1,199.99,0.0,199.99
O000670,C01030,S01,2025-06-02 10:03:27,in_store,,1,79.99,0.0,79.99
O000671,C00903,S02,2025-06-02 12:48:45,in_store,,1,79.99,0.0,79.99
O000672,C00462,S11,2025-06-02 16:28:52,in_store,,1,199.99,0.0,199.99
O000673,C01008,S22,2025-06-02 17:26:16,in_store,,1,59.99,0.0,59.99
O000674,C00438,S08,2025-06-02 17:45:45,in_store,,4,94.96,0.0,94.96
O000675,C00263,S06,2025-06-02 18:11:17,in_store,,4,809.96,0.0,809.96
O000676,C00091,S06,2025-06-02 18:53:36,in_store,,2,104.98,0.0,104.98
O000677,C00765,S03,2025-06-02 20:02:45,in_store,,1,59.99,0.0,59.99
O000678,C00217,S20,2025-06-03 11:26:21,in_store,,1,229.99,0.0,229.99
O000679,C00911,S09,2025-06-03 11:26:34,in_store,,2,29.98,0.0,29.98
O000680,C00277,S19,2025-06-03 11:43:13,in_store,,1,149.99,0.0,149.99
O000681,C00255,S14,2025-06-03 12:14:16,in_store,,1,54.99,0.0,54.99
O000682,C00398,S06,2025-06-03 17:43:25,in_store,,1,799.99,0.0,799.99
O000683,C00303,S07,2025-06-03 18:51:04,in_store,,2,69.98,0.0,69.98
O000684,C00469,WEB,2025-06-03 18:58:55,online,,1,199.99,0.0,199.99
O000685,C00936,S03,2025-06-03 19:34:26,in_store,,3,269.97,0.0,269.97
O000686,C00819,WEB,2025-06-03 22:04:41,online,,1,299.99,0.0,299.99
O000687,C00399,S07,2025-06-04 13:28:53,in_store,,4,659.96,0.0,659.96
O000688,C00668,S09,2025-06-04 14:14:46,in_store,,4,214.96,0.0,214.96
O000689,C00586,S17,2025-06-04 14:17:40,in_store,,1,19.99,0.0,19.99
O000690,C00667,S02,2025-06-04 14:43:49,in_store,,5,639.95,0.0,639.95
O000691,C00453,S13,2025-06-04 15:03:10,in_store,,1,129.99,0.0,129.99
O000692,C00228,S13,2025-06-04 17:24:32,in_store,,1,449.99,0.0,449.99
O000693,C00414,WEB,2025-06-04 19:14:45,online,,3,479.97,0.0,479.97
O000694,C00044,S10,2025-06-04 19:54:58,in_store,,1,129.99,0.0,129.99
O000695,C00285,S03,2025-06-04 19:59:54,in_store,,1,349.99,0.0,349.99
O000696,C00475,S17,2025-06-05 10:40:45,in_store,,2,239.98,0.0,239.98
O000697,C00406,S01,2025-06-05 13:24:12,in_store,,4,239.96,0.0,239.96
O000698,C00581,S09,2025-06-05 15:40:17,in_store,,1,79.99,0.0,79.99
O000699,C00398,S03,2025-06-05 16:57:26,in_store,PR-2025-04,3,769.97,90.0,679.97
O000700,C00310,S19,2025-06-05 17:39:59,in_store,PR-2025-04,1,29.99,6.0,23.99
O000701,C00814,S21,2025-06-05 17:42:57,in_store,PR-2025-04,5,999.95,16.0,983.95
O000702,C00399,S07,2025-06-05 17:54:48,in_store,,3,197.97,0.0,197.97
O000703,C00590,WEB,2025-06-05 19:28:28,online,,1,99.99,0.0,99.99
O000704,C00918,WEB,2025-06-05 19:51:49,online,PR-2025-04,1,49.99,10.0,39.99
O000705,C00190,S08,2025-06-05 20:12:27,in_store,,1,449.99,0.0,449.99
O000706,C00268,WEB,2025-06-05 20:20:34,online,,2,119.98,0.0,119.98
O000707,C00215,S21,2025-06-06 10:22:19,in_store,,1,139.99,0.0,139.99
O000708,C00391,S21,2025-06-06 11:11:21,in_store,,1,29.99,0.0,29.99
O000709,C00498,S20,2025-06-06 11:55:00,in_store,,2,59.98,0.0,59.98
O000710,C00468,S09,2025-06-06 12:04:13,in_store,,2,1049.98,0.0,1049.98
O000711,C00214,S17,2025-06-06 12:54:20,in_store,,2,449.98,0.0,449.98
O000712,C00887,S13,2025-06-06 13:19:12,in_store,,5,219.95,0.0,219.95
O000713,C00120,S21,2025-06-06 16:31:57,in_store,,2,529.98,0.0,529.98
O000714,C00521,S05,2025-06-06 17:16:10,in_store,,1,59.99,0.0,59.99
O000715,C00793,S13,2025-06-06 17:23:20,in_store,PR-2025-04,1,129.99,26.0,103.99
O000716,C00274,WEB,2025-06-06 18:41:51,online,,1,79.99,0.0,79.99
O000717,C00924,WEB,2025-06-06 19:10:27,online,,2,49.98,0.0,49.98
O000718,C00590,WEB,2025-06-06 21:53:15,online,,2,249.98,0.0,249.98
O000719,C00590,WEB,2025-06-07 11:22:32,online,,1,599.99,0.0,599.99
O000720,C00621,S21,2025-06-07 12:03:56,in_store,,1,199.99,0.0,199.99
O000721,C00781,S19,2025-06-07 12:44:53,in_store,PR-2025-04,1,79.99,16.0,63.99
O000722,C00050,S01,2025-06-07 13:43:01,in_store,,1,139.99,0.0,139.99
O000723,C00877,S21,2025-06-07 13:47:53,in_store,,1,24.99,0.0,24.99
O000724,C00228,S13,2025-06-07 16:31:36,in_store,,1,59.99,0.0,59.99
O000725,C00006,S15,2025-06-07 17:03:26,in_store,,2,439.98,0.0,439.98
O000726,C00320,S08,2025-06-07 17:09:48,in_store,,1,79.99,0.0,79.99
O000727,C00984,S07,2025-06-07 18:01:02,in_store,,1,58.99,0.0,58.99
O000728,C00343,S10,2025-06-07 18:35:02,in_store,,2,199.98,0.0,199.98
O000729,C00799,S19,2025-06-07 19:01:20,in_store,,3,149.97,0.0,149.97
O000730,C00232,S07,2025-06-07 19:01:21,in_store,,1,79.99,0.0,79.99
O000731,C00760,S12,2025-06-07 19:07:03,in_store,PR-2025-04,1,349.99,70.0,279.99
O000732,C00132,S02,2025-06-07 19:11:06,in_store,,1,399.99,0.0,399.99
O000733,C01020,WEB,2025-06-07 19:36:35,online,PR-2025-04,3,559.97,80.0,479.97
O000734,C00213,WEB,2025-06-08 00:07:54,online,,2,414.98,0.0,414.98
O000735,C00291,S10,2025-06-08 09:31:54,in_store,,1,29.99,0.0,29.99
O000736,C00792,WEB,2025-06-08 09:38:56,online,,1,449.99,0.0,449.99
O000737,C00590,WEB,2025-06-08 10:11:26,online,,1,69.99,0.0,69.99
O000738,C00852,WEB,2025-06-08 11:17:35,online,,1,199.99,0.0,199.99
O000739,C00910,S03,2025-06-08 11:29:56,in_store,,3,1149.97,0.0,1149.97
O000740,C00581,S09,2025-06-08 13:12:25,in_store,,1,19.99,0.0,19.99
O000741,C00851,S22,2025-06-08 14:29:35,in_store,,1,49.99,0.0,49.99
O000742,C00355,S22,2025-06-08 14:45:19,in_store,,1,19.99,0.0,19.99
O000743,C00285,S03,2025-06-08 17:47:33,in_store,,3,159.97,0.0,159.97
O000744,C00467,S13,2025-06-08 20:07:00,in_store,,2,279.98,0.0,279.98
O000745,C00333,S14,2025-06-09 16:20:42,in_store,,1,129.99,0.0,129.99
O000746,C00273,S21,2025-06-09 16:43:33,in_store,PR-2025-04,1,79.99,16.0,63.99
O000747,C00908,WEB,2025-06-09 17:09:45,online,,4,238.96,0.0,238.96
O000748,C00315,S16,2025-06-09 17:18:22,in_store,,3,299.97,0.0,299.97
O000749,C00488,S23,2025-06-09 18:33:03,in_store,,3,289.97,0.0,289.97
O000750,C00813,S21,2025-06-09 19:28:21,in_store,,1,39.99,0.0,39.99
O000751,C00034,WEB,2025-06-09 19:45:59,online,,1,89.99,0.0,89.99
O000752,C00599,WEB,2025-06-10 07:01:56,online,PR-2025-04,5,269.95,16.0,253.95
O000753,C00342,WEB,2025-06-10 09:11:16,online,,1,59.99,0.0,59.99
O000754,C00745,S07,2025-06-10 10:37:20,in_store,,2,439.98,0.0,439.98
O000755,C00242,WEB,2025-06-10 11:41:46,online,,1,49.99,0.0,49.99
O000756,C00852,WEB,2025-06-10 12:44:45,online,PR-2025-04,2,118.98,16.0,102.98
O000757,C01002,S03,2025-06-10 16:05:44,in_store,,1,69.99,0.0,69.99
O000758,C00728,S21,2025-06-10 16:53:23,in_store,,4,299.96,0.0,299.96
O000759,C00297,S09,2025-06-10 19:54:30,in_store,,1,129.99,0.0,129.99
O000760,C00854,WEB,2025-06-10 20:36:35,online,PR-2025-04,2,129.98,18.0,111.98
O000761,C00227,S12,2025-06-11 11:01:34,in_store,,1,39.99,0.0,39.99
O000762,C00899,S09,2025-06-11 11:11:57,in_store,PR-2025-04,1,29.99,6.0,23.99
O000763,C00508,S10,2025-06-11 12:22:06,in_store,,1,89.99,0.0,89.99
O000764,C00926,S11,2025-06-11 12:24:18,in_store,,1,699.99,0.0,699.99
O000765,C00608,WEB,2025-06-11 13:06:10,online,,1,49.99,0.0,49.99
O000766,C00521,S05,2025-06-11 15:04:41,in_store,,1,89.99,0.0,89.99
O000767,C00550,S21,2025-06-11 17:32:43,in_store,,2,269.98,0.0,269.98
O000768,C00111,WEB,2025-06-11 18:29:45,online,,1,19.99,0.0,19.99
O000769,C00492,S01,2025-06-11 18:59:38,in_store,,1,79.99,0.0,79.99
O000770,C00168,S02,2025-06-11 19:52:29,in_store,,1,59.99,0.0,59.99
O000771,C01002,S03,2025-06-12 11:06:00,in_store,,1,79.99,0.0,79.99
O000772,C00607,S08,2025-06-12 15:04:50,in_store,,1,199.99,0.0,199.99
O000773,C00416,S21,2025-06-12 15:22:11,in_store,PR-2025-04,2,129.98,16.0,113.98
O000774,C01044,S21,2025-06-12 16:16:07,in_store,,2,408.98,0.0,408.98
O000775,C00414,S21,2025-06-12 16:33:36,in_store,,2,119.98,0.0,119.98
O000776,C00313,S06,2025-06-12 17:38:51,in_store,PR-2025-04,2,289.98,12.0,277.98
O000777,C00796,S15,2025-06-12 18:22:01,in_store,,1,139.99,0.0,139.99
O000778,C00445,WEB,2025-06-12 18:35:10,online,,1,99.99,0.0,99.99
O000779,C00085,S13,2025-06-12 18:44:43,in_store,,1,49.99,0.0,49.99
O000780,C00539,S12,2025-06-13 14:10:22,in_store,,1,58.99,0.0,58.99
O000781,C00479,S19,2025-06-13 14:31:38,in_store,,1,49.99,0.0,49.99
O000782,C00342,S21,2025-06-13 15:41:42,in_store,,1,399.99,0.0,399.99
O000783,C00074,S10,2025-06-13 16:30:11,in_store,PR-2025-04,1,149.99,30.0,119.99
O000784,C00254,S21,2025-06-13 19:18:39,in_store,,1,199.99,0.0,199.99
O000785,C00545,S13,2025-06-13 20:44:44,in_store,,1,24.99,0.0,24.99
O000786,C00213,WEB,2025-06-14 11:40:23,online,,2,219.98,0.0,219.98
O000787,C00963,S03,2025-06-14 14:00:39,in_store,,4,419.96,0.0,419.96
O000788,C00445,WEB,2025-06-14 14:05:04,online,,4,419.96,0.0,419.96
O000789,C00017,S06,2025-06-14 14:37:40,in_store,,2,209.98,0.0,209.98
O000790,C00677,S07,2025-06-14 15:48:24,in_store,PR-2025-04,2,75.98,11.2,64.78
O000791,C00044,S07,2025-06-14 16:38:43,in_store,,1,49.99,0.0,49.99
O000792,C00231,S19,2025-06-14 17:36:20,in_store,,5,549.95,0.0,549.95
O000793,C00275,WEB,2025-06-14 19:46:51,online,,1,129.99,0.0,129.99
O000794,C01007,WEB,2025-06-14 21:00:24,online,,4,328.96,0.0,328.96
O000795,C00705,WEB,2025-06-14 21:23:31,online,,2,529.98,0.0,529.98
O000796,C00788,WEB,2025-06-15 09:22:26,online,,1,58.99,0.0,58.99
O000797,C00880,WEB,2025-06-15 10:09:07,online,PR-2025-04,1,59.99,12.0,47.99
O000798,C00853,S13,2025-06-15 10:18:38,in_store,,2,159.98,0.0,159.98
O000799,C00956,S07,2025-06-15 10:20:12,in_store,,2,79.98,0.0,79.98
O000800,C00778,S21,2025-06-15 10:25:20,in_store,,1,199.99,0.0,199.99
O000801,C00438,S08,2025-06-15 10:49:47,in_store,,3,348.97,0.0,348.97
O000802,C00750,S13,2025-06-15 11:50:57,in_store,,3,519.97,0.0,519.97
O000803,C00638,S13,2025-06-15 11:58:31,in_store,,2,139.98,0.0,139.98
O000804,C00849,S13,2025-06-15 14:35:58,in_store,,3,113.97,0.0,113.97
O000805,C00583,S20,2025-06-15 14:50:01,in_store,,3,329.97,0.0,329.97
O000806,C00861,S10,2025-06-15 16:15:03,in_store,,2,419.98,0.0,419.98
O000807,C00431,S07,2025-06-15 18:03:41,in_store,,2,79.98,0.0,79.98
O000808,C00506,S18,2025-06-15 18:39:55,in_store,,3,213.97,0.0,213.97
O000809,C00341,S07,2025-06-15 19:48:29,in_store,PR-2025-04,1,79.99,16.0,63.99
O000810,C00789,WEB,2025-06-15 20:54:44,online,,1,99.99,0.0,99.99
O000811,C00441,S08,2025-06-16 11:12:33,in_store,,1,449.99,0.0,449.99
O000812,C00008,WEB,2025-06-16 11:39:37,online,,4,219.96,0.0,219.96
O000813,C00852,WEB,2025-06-16 12:21:18,online,,1,49.99,0.0,49.99
O000814,C00881,S12,2025-06-16 13:53:26,in_store,,1,99.99,0.0,99.99
O000815,C00573,S19,2025-06-16 14:04:47,in_store,,1,349.99,0.0,349.99
O000816,C00846,S07,2025-06-16 14:10:27,in_store,PR-2025-04,3,679.97,106.0,573.97
O000817,C00531,S03,2025-06-16 15:39:28,in_store,,1,19.99,0.0,19.99
O000818,C00123,S19,2025-06-16 15:48:15,in_store,,1,49.99,0.0,49.99
O000819,C00354,S21,2025-06-16 16:30:39,in_store,PR-2025-04,1,79.99,16.0,63.99
O000820,C00102,S17,2025-06-16 19:30:04,in_store,,3,119.97,0.0,119.97
O000821,C00463,WEB,2025-06-16 21:20:10,online,PR-2025-04,1,449.99,90.0,359.99
O000822,C00257,S05,2025-06-17 14:45:47,in_store,,2,144.98,0.0,144.98
O000823,C00467,S13,2025-06-17 15:14:41,in_store,,2,257.98,0.0,257.98
O000824,C00352,WEB,2025-06-17 16:06:33,online,PR-2025-04,1,79.99,16.0,63.99
O000825,C00548,S22,2025-06-17 16:08:04,in_store,,1,49.99,0.0,49.99
O000826,C00169,S13,2025-06-17 18:33:21,in_store,,1,349.99,0.0,349.99
O000827,C00714,WEB,2025-06-17 18:42:02,online,PR-2025-04,2,429.98,16.0,413.98
O000828,C00055,WEB,2025-06-17 20:19:11,online,,1,128.99,0.0,128.99
O000829,C00852,WEB,2025-06-17 20:29:42,online,,1,49.99,0.0,49.99
O000830,C00877,WEB,2025-06-17 20:36:39,online,,1,59.99,0.0,59.99
O000831,C00259,S13,2025-06-17 21:50:46,in_store,,2,259.98,0.0,259.98
O000832,C00658,S01,2025-06-18 10:21:52,in_store,,1,599.99,0.0,599.99
O000833,C00510,S06,2025-06-18 12:18:29,in_store,,1,19.99,0.0,19.99
O000834,C00665,S04,2025-06-18 14:37:37,in_store,PR-2025-04,2,979.98,180.0,799.98
O000835,C00312,S22,2025-06-18 16:17:11,in_store,PR-2025-04,2,399.98,70.0,329.98
O000836,C00204,WEB,2025-06-18 16:54:14,online,,1,199.99,0.0,199.99
O000837,C00662,WEB,2025-06-18 17:21:01,online,,3,179.97,0.0,179.97
O000838,C00069,S15,2025-06-18 17:22:25,in_store,,1,89.99,0.0,89.99
O000839,C00485,S10,2025-06-18 17:22:35,in_store,,1,49.99,0.0,49.99
O000840,C00167,WEB,2025-06-18 17:59:41,online,PR-2025-04,1,349.99,70.0,279.99
O000841,C00871,S01,2025-06-18 19:02:29,in_store,,1,49.99,0.0,49.99
O000842,C00221,S05,2025-06-18 19:34:16,in_store,,1,59.99,0.0,59.99
O000843,C00878,WEB,2025-06-18 19:48:40,online,,1,79.99,0.0,79.99
O000844,C00046,S12,2025-06-18 20:51:47,in_store,,2,379.98,0.0,379.98
O000845,C00367,WEB,2025-06-19 01:07:00,online,,1,399.99,0.0,399.99
O000846,C00416,S21,2025-06-19 09:00:35,in_store,,2,104.98,0.0,104.98
O000847,C00297,S09,2025-06-19 12:14:58,in_store,PR-2025-04,3,139.97,20.0,119.97
O000848,C00340,WEB,2025-06-19 12:51:58,online,,2,99.98,0.0,99.98
O000849,C00920,S10,2025-06-19 13:20:31,in_store,,1,89.99,0.0,89.99
O000850,C01028,S02,2025-06-19 14:36:02,in_store,,1,43.99,0.0,43.99
O000851,C00943,WEB,2025-06-19 14:42:31,online,,1,129.99,0.0,129.99
O000852,C00802,S22,2025-06-19 15:14:31,in_store,,2,119.98,0.0,119.98
O000853,C00240,S12,2025-06-19 15:54:00,in_store,,3,279.97,0.0,279.97
O000854,C00222,S16,2025-06-19 16:45:47,in_store,,1,99.99,0.0,99.99
O000855,C00427,S19,2025-06-19 17:18:48,in_store,,1,139.99,0.0,139.99
O000856,C00180,S22,2025-06-19 17:37:32,in_store,,1,199.99,0.0,199.99
O000857,C00034,WEB,2025-06-19 19:13:21,online,,1,99.99,0.0,99.99
O000858,C00903,S01,2025-06-19 20:03:31,in_store,,1,139.99,0.0,139.99
O000859,C00469,WEB,2025-06-19 21:39:32,online,,5,1109.95,0.0,1109.95
O000860,C00926,WEB,2025-06-19 23:25:02,online,,1,14.99,0.0,14.99
O000861,C00182,WEB,2025-06-20 00:17:42,online,,4,94.96,0.0,94.96
O000862,C00158,S10,2025-06-20 10:33:41,in_store,,2,109.98,0.0,109.98
O000863,C00084,S02,2025-06-20 11:20:55,in_store,,1,179.99,0.0,179.99
O000864,C00441,WEB,2025-06-20 12:14:07,online,,1,99.99,0.0,99.99
O000865,C00404,S22,2025-06-20 12:43:10,in_store,,1,99.99,0.0,99.99
O000866,C00655,S03,2025-06-20 13:05:44,in_store,,2,119.98,0.0,119.98
O000867,C01003,S03,2025-06-20 14:13:27,in_store,,1,14.99,0.0,14.99
O000868,C00863,S12,2025-06-20 15:00:08,in_store,,1,39.99,0.0,39.99
O000869,C00558,S23,2025-06-20 15:46:43,in_store,PR-2025-04,1,349.99,70.0,279.99
O000870,C00189,S01,2025-06-20 16:00:26,in_store,,1,149.99,0.0,149.99
O000871,C00610,S16,2025-06-20 16:39:12,in_store,,2,159.98,0.0,159.98
O000872,C00877,S21,2025-06-20 17:41:34,in_store,,1,29.99,0.0,29.99
O000873,C00228,S13,2025-06-20 18:34:03,in_store,,2,49.98,0.0,49.98
O000874,C00790,WEB,2025-06-20 18:39:22,online,PR-2025-04,1,79.99,16.0,63.99
O000875,C00477,WEB,2025-06-20 19:05:09,online,PR-2025-04,1,55.99,11.2,44.79
O000876,C00903,S05,2025-06-20 19:22:25,in_store,,1,29.99,0.0,29.99
O000877,C00563,S15,2025-06-20 21:05:34,in_store,,1,39.99,0.0,39.99
O000878,C00028,S13,2025-06-21 09:42:16,in_store,,1,34.99,0.0,34.99
O000879,C00482,S18,2025-06-21 12:16:20,in_store,,3,219.97,0.0,219.97
O000880,C00750,S13,2025-06-21 13:03:31,in_store,,1,199.99,0.0,199.99
O000881,C00433,S19,2025-06-21 14:07:03,in_store,,2,399.98,0.0,399.98
O000882,C00548,S22,2025-06-21 14:47:30,in_store,PR-2025-04,3,189.97,16.0,173.97
O000883,C00172,S23,2025-06-21 15:08:46,in_store,,2,29.98,0.0,29.98
O000884,C00531,S01,2025-06-21 15:46:35,in_store,,1,24.99,0.0,24.99
O000885,C00296,WEB,2025-06-21 16:32:45,online,,1,49.99,0.0,49.99
O000886,C00044,S10,2025-06-21 16:36:42,in_store,,1,24.99,0.0,24.99
O000887,C00373,WEB,2025-06-21 17:33:19,online,,5,719.95,0.0,719.95
O000888,C00886,S07,2025-06-21 18:39:58,in_store,,1,49.99,0.0,49.99
O000889,C00597,S22,2025-06-21 19:58:49,in_store,,1,79.99,0.0,79.99
O000890,C00908,WEB,2025-06-21 22:01:21,online,,2,399.98,0.0,399.98
O000891,C00136,WEB,2025-06-22 09:01:23,online,,4,191.96,0.0,191.96
O000892,C00695,S09,2025-06-22 09:13:44,in_store,,1,349.99,0.0,349.99
O000893,C00799,S19,2025-06-22 10:20:22,in_store,,1,349.99,0.0,349.99
O000894,C00135,S07,2025-06-22 15:06:03,in_store,PR-2025-04,1,899.99,180.0,719.99
O000895,C00303,S07,2025-06-22 16:17:59,in_store,,1,199.99,0.0,199.99
O000896,C00659,S23,2025-06-22 16:51:50,in_store,PR-2025-04,3,247.97,16.0,231.97
O000897,C00184,S21,2025-06-22 18:50:15,in_store,,1,449.99,0.0,449.99
O000898,C00450,WEB,2025-06-22 19:55:12,online,,2,399.98,0.0,399.98
O000899,C00257,WEB,2025-06-22 20:21:29,online,PR-2025-04,1,79.99,16.0,63.99
O000900,C00288,WEB,2025-06-22 22:26:43,online,,1,39.99,0.0,39.99
O000901,C00832,S10,2025-06-23 09:25:35,in_store,,1,59.99,0.0,59.99
O000902,C00285,S03,2025-06-23 10:16:33,in_store,,2,119.98,0.0,119.98
O000903,C00684,S17,2025-06-23 10:37:30,in_store,,1,79.99,0.0,79.99
O000904,C00959,S13,2025-06-23 11:15:30,in_store,,1,149.99,0.0,149.99
O000905,C00841,S01,2025-06-23 12:30:21,in_store,,2,178.98,0.0,178.98
O000906,C00731,S20,2025-06-23 13:57:21,in_store,,1,399.99,0.0,399.99
O000907,C00464,S03,2025-06-23 14:30:45,in_store,,1,89.99,0.0,89.99
O000908,C00838,WEB,2025-06-23 15:09:42,online,,1,199.99,0.0,199.99
O000909,C00213,WEB,2025-06-23 23:00:44,online,,1,79.99,0.0,79.99
O000910,C00311,WEB,2025-06-24 06:29:04,online,,1,19.99,0.0,19.99
O000911,C00872,S01,2025-06-24 12:29:39,in_store,,1,59.99,0.0,59.99
O000912,C00970,S01,2025-06-24 13:50:10,in_store,,1,129.99,0.0,129.99
O000913,C00345,S08,2025-06-24 14:44:41,in_store,,4,679.96,0.0,679.96
O000914,C00590,WEB,2025-06-24 19:03:23,online,,1,99.99,0.0,99.99
O000915,C01003,S03,2025-06-24 19:14:49,in_store,,1,89.99,0.0,89.99
O000916,C00411,WEB,2025-06-25 08:57:21,online,,2,189.98,0.0,189.98
O000917,C01036,S22,2025-06-25 10:10:18,in_store,,4,189.96,0.0,189.96
O000918,C00905,S02,2025-06-25 11:32:15,in_store,,4,499.96,0.0,499.96
O000919,C00453,S13,2025-06-25 12:45:08,in_store,,2,405.98,0.0,405.98
O000920,C00019,S20,2025-06-25 13:54:49,in_store,,2,39.98,0.0,39.98
O000921,C00478,S12,2025-06-25 15:42:57,in_store,,1,29.99,0.0,29.99
O000922,C00767,S10,2025-06-25 16:39:15,in_store,,1,299.99,0.0,299.99
O000923,C00109,S01,2025-06-25 19:30:45,in_store,,1,179.99,0.0,179.99
O000924,C00805,S15,2025-06-25 19:44:37,in_store,,1,229.99,0.0,229.99
O000925,C00111,WEB,2025-06-25 23:04:47,online,,3,203.97,0.0,203.97
O000926,C00189,S01,2025-06-26 11:06:01,in_store,,2,109.98,0.0,109.98
O000927,C00065,S21,2025-06-26 12:46:49,in_store,,3,279.97,0.0,279.97
O000928,C00087,WEB,2025-06-26 13:37:27,online,,2,769.98,0.0,769.98
O000929,C00409,S07,2025-06-26 14:14:26,in_store,,2,269.98,0.0,269.98
O000930,C00267,S06,2025-06-26 14:18:03,in_store,,4,539.96,0.0,539.96
O000931,C00129,S05,2025-06-26 14:23:51,in_store,,2,314.98,0.0,314.98
O000932,C00453,S13,2025-06-26 14:58:48,in_store,,1,49.99,0.0,49.99
O000933,C00444,S16,2025-06-26 17:36:03,in_store,,1,39.99,0.0,39.99
O000934,C00106,S13,2025-06-26 17:53:00,in_store,,1,24.99,0.0,24.99
O000935,C00783,S09,2025-06-26 19:06:21,in_store,,1,29.99,0.0,29.99
O000936,C00283,WEB,2025-06-26 20:54:05,online,,1,1299.99,0.0,1299.99
O000937,C00254,S21,2025-06-27 11:30:50,in_store,,2,309.98,0.0,309.98
O000938,C00749,S10,2025-06-27 11:55:29,in_store,,1,149.99,0.0,149.99
O000939,C00153,S02,2025-06-27 12:06:35,in_store,,2,399.98,0.0,399.98
O000940,C00880,WEB,2025-06-27 16:49:58,online,,1,29.99,0.0,29.99
O000941,C00448,S04,2025-06-27 17:30:20,in_store,,1,39.99,0.0,39.99
O000942,C00444,S16,2025-06-27 18:10:01,in_store,,3,1379.97,0.0,1379.97
O000943,C00399,S07,2025-06-27 18:39:09,in_store,,2,104.98,0.0,104.98
O000944,C00500,WEB,2025-06-27 19:16:36,online,,1,69.99,0.0,69.99
O000945,C00897,S07,2025-06-27 19:25:14,in_store,,3,299.97,0.0,299.97
O000946,C00765,S03,2025-06-28 09:27:46,in_store,,1,199.99,0.0,199.99
O000947,C00221,S06,2025-06-28 13:00:08,in_store,,1,199.99,0.0,199.99
O000948,C00670,S05,2025-06-28 13:17:05,in_store,,2,139.98,0.0,139.98
O000949,C00931,S14,2025-06-28 13:52:13,in_store,,2,114.98,0.0,114.98
O000950,C00044,S10,2025-06-28 15:06:25,in_store,,2,349.98,0.0,349.98
O000951,C00455,S23,2025-06-28 16:04:12,in_store,,1,38.99,0.0,38.99
O000952,C00055,S06,2025-06-28 16:16:08,in_store,,3,178.97,0.0,178.97
O000953,C00987,S03,2025-06-28 16:24:39,in_store,,2,139.98,0.0,139.98
O000954,C00321,S07,2025-06-28 16:30:39,in_store,,4,144.96,0.0,144.96
O000955,C00456,WEB,2025-06-28 17:46:59,online,,2,54.98,0.0,54.98
O000956,C00463,WEB,2025-06-28 20:31:07,online,,1,19.99,0.0,19.99
O000957,C00435,WEB,2025-06-28 20:45:50,online,,1,39.99,0.0,39.99
O000958,C00018,WEB,2025-06-28 22:16:51,online,,1,129.99,0.0,129.99
O000959,C00770,S22,2025-06-29 10:11:39,in_store,,1,59.99,0.0,59.99
O000960,C00998,S01,2025-06-29 10:17:56,in_store,,1,49.99,0.0,49.99
O000961,C00724,WEB,2025-06-29 12:11:40,online,,1,59.99,0.0,59.99
O000962,C00516,S02,2025-06-29 14:08:42,in_store,,1,94.99,0.0,94.99
O000963,C01001,WEB,2025-06-29 21:46:16,online,,1,89.99,0.0,89.99
O000964,C00784,S14,2025-06-30 11:06:30,in_store,,1,79.99,0.0,79.99
O000965,C00961,S13,2025-06-30 11:28:14,in_store,,1,189.99,0.0,189.99
O000966,C01042,S04,2025-06-30 12:57:44,in_store,,1,79.99,0.0,79.99
O000967,C00706,WEB,2025-06-30 13:32:17,online,,2,59.98,0.0,59.98
O000968,C00332,S13,2025-06-30 13:35:55,in_store,,2,209.98,0.0,209.98
O000969,C00423,S07,2025-06-30 13:59:31,in_store,,1,19.99,0.0,19.99
O000970,C00720,S03,2025-06-30 15:02:37,in_store,,3,529.97,0.0,529.97
O000971,C00380,S03,2025-06-30 15:52:56,in_store,,1,59.99,0.0,59.99
O000972,C00670,S06,2025-06-30 15:55:26,in_store,,2,129.98,0.0,129.98
O000973,C00388,S19,2025-06-30 17:04:49,in_store,,1,24.99,0.0,24.99
O000974,C00945,WEB,2025-06-30 17:52:05,online,,3,54.97,0.0,54.97
O000975,C00230,S12,2025-06-30 19:15:13,in_store,,1,19.99,0.0,19.99
O000976,C00837,WEB,2025-06-30 20:35:01,online,,3,309.97,0.0,309.97
O000977,C00842,WEB,2025-06-30 21:32:40,online,,1,79.99,0.0,79.99
O000978,C00137,WEB,2025-07-01 09:26:28,online,,1,29.99,0.0,29.99
O000979,C00249,S04,2025-07-01 11:43:10,in_store,,1,89.99,0.0,89.99
O000980,C00442,S14,2025-07-01 12:37:43,in_store,,4,1249.96,0.0,1249.96
O000981,C00354,S21,2025-07-01 14:27:04,in_store,,2,94.98,0.0,94.98
O000982,C00362,S04,2025-07-01 16:27:58,in_store,,2,109.98,0.0,109.98
O000983,C00065,S21,2025-07-01 16:46:57,in_store,,1,349.99,0.0,349.99
O000984,C00030,S19,2025-07-01 19:42:59,in_store,,3,409.97,0.0,409.97
O000985,C00444,S16,2025-07-02 13:12:14,in_store,,1,24.99,0.0,24.99
O000986,C00395,S13,2025-07-02 13:53:04,in_store,,1,449.99,0.0,449.99
O000987,C00222,S16,2025-07-02 14:22:52,in_store,,1,19.99,0.0,19.99
O000988,C00573,S19,2025-07-02 14:38:18,in_store,,2,399.98,0.0,399.98
O000989,C00805,S13,2025-07-02 15:35:56,in_store,,1,39.99,0.0,39.99
O000990,C01049,S15,2025-07-02 16:18:21,in_store,,1,79.99,0.0,79.99
O000991,C00838,WEB,2025-07-02 16:50:10,online,,2,899.98,0.0,899.98
O000992,C00281,S06,2025-07-02 19:38:53,in_store,,4,449.96,0.0,449.96
O000993,C00274,WEB,2025-07-02 20:25:22,online,,3,139.97,0.0,139.97
O000994,C00920,S11,2025-07-03 10:16:31,in_store,,4,219.96,0.0,219.96
O000995,C00789,S09,2025-07-03 10:52:37,in_store,,1,79.99,0.0,79.99
O000996,C00699,S21,2025-07-03 14:16:30,in_store,,1,349.99,0.0,349.99
O000997,C00586,S17,2025-07-03 15:45:30,in_store,,1,349.99,0.0,349.99
O000998,C00623,S06,2025-07-03 16:03:09,in_store,,2,459.98,0.0,459.98
O000999,C00267,S06,2025-07-03 16:26:16,in_store,,1,59.99,0.0,59.99
O001000,C00087,S21,2025-07-03 16:29:59,in_store,,2,239.98,0.0,239.98
O001001,C00883,S06,2025-07-03 16:35:41,in_store,,2,1329.98,0.0,1329.98
O001002,C00903,S06,2025-07-03 16:43:28,in_store,,2,59.98,0.0,59.98
O001003,C01050,S15,2025-07-03 17:23:21,in_store,,4,203.96,0.0,203.96
O001004,C00153,WEB,2025-07-03 20:07:36,online,,1,129.99,0.0,129.99
O001005,C00545,S13,2025-07-03 20:09:57,in_store,,1,79.99,0.0,79.99
O001006,C00114,WEB,2025-07-03 22:03:06,online,,1,79.99,0.0,79.99
O001007,C01020,WEB,2025-07-04 00:44:27,online,,1,59.99,0.0,59.99
O001008,C00526,S21,2025-07-04 10:21:54,in_store,,2,219.98,0.0,219.98
O001009,C00237,S08,2025-07-04 12:22:13,in_store,,2,49.98,0.0,49.98
O001010,C00165,S02,2025-07-04 12:51:22,in_store,,1,449.99,0.0,449.99
O001011,C00670,S04,2025-07-04 13:17:50,in_store,,1,49.99,0.0,49.99
O001012,C00603,S21,2025-07-04 14:55:52,in_store,,1,29.99,0.0,29.99
O001013,C01051,S06,2025-07-04 15:09:06,in_store,,1,49.99,0.0,49.99
O001014,C00292,S10,2025-07-04 18:06:12,in_store,,5,318.95,0.0,318.95
O001015,C00930,WEB,2025-07-04 19:36:37,online,,1,79.99,0.0,79.99
O001016,C00396,WEB,2025-07-04 20:57:39,online,,1,14.99,0.0,14.99
O001017,C00362,S06,2025-07-05 10:23:16,in_store,,1,14.99,0.0,14.99
O001018,C01011,S08,2025-07-05 10:24:08,in_store,,1,189.99,0.0,189.99
O001019,C00984,S07,2025-07-05 10:39:28,in_store,,2,679.98,0.0,679.98
O001020,C00469,WEB,2025-07-05 16:17:52,online,,2,139.98,0.0,139.98
O001021,C00521,S05,2025-07-06 10:24:14,in_store,,2,199.98,0.0,199.98
O001022,C00923,S14,2025-07-06 11:13:41,in_store,,1,349.99,0.0,349.99
O001023,C00003,WEB,2025-07-06 12:24:29,online,,1,139.99,0.0,139.99
O001024,C00566,S22,2025-07-06 12:32:53,in_store,,1,399.99,0.0,399.99
O001025,C00244,WEB,2025-07-06 12:43:10,online,,2,39.98,0.0,39.98
O001026,C00963,WEB,2025-07-06 14:54:42,online,,5,609.95,0.0,609.95
O001027,C00773,WEB,2025-07-06 15:29:08,online,,1,199.99,0.0,199.99
O001028,C00879,S08,2025-07-06 16:18:06,in_store,,1,49.99,0.0,49.99
O001029,C00837,WEB,2025-07-06 16:19:30,online,,4,589.96,0.0,589.96
O001030,C00699,S21,2025-07-06 16:28:39,in_store,,1,59.99,0.0,59.99
O001031,C00162,S03,2025-07-06 18:53:50,in_store,,1,199.99,0.0,199.99
O001032,C00728,S21,2025-07-06 19:50:42,in_store,,2,109.98,0.0,109.98
O001033,C00120,S21,2025-07-06 20:36:51,in_store,,1,29.99,0.0,29.99
O001034,C00198,S15,2025-07-06 21:12:56,in_store,,1,99.99,0.0,99.99
O001035,C00917,S01,2025-07-07 10:32:24,in_store,,1,89.99,0.0,89.99
O001036,C00961,S13,2025-07-07 12:54:24,in_store,,1,139.99,0.0,139.99
O001037,C00237,S08,2025-07-07 12:59:53,in_store,,1,29.99,0.0,29.99
O001038,C00044,S10,2025-07-07 15:38:15,in_store,,1,29.99,0.0,29.99
O001039,C01020,WEB,2025-07-07 17:40:58,online,,1,14.99,0.0,14.99
O001040,C00479,S19,2025-07-07 18:04:35,in_store,,2,149.98,0.0,149.98
O001041,C00579,S18,2025-07-07 18:06:30,in_store,,2,99.98,0.0,99.98
O001042,C00978,S07,2025-07-07 18:11:23,in_store,,4,309.96,0.0,309.96
O001043,C00297,S09,2025-07-07 18:37:11,in_store,,1,59.99,0.0,59.99
O001044,C00772,S19,2025-07-07 19:24:41,in_store,,1,49.99,0.0,49.99
O001045,C00004,WEB,2025-07-08 06:02:56,online,,1,199.99,0.0,199.99
O001046,C01005,S01,2025-07-08 12:59:00,in_store,PR-2025-05,3,499.97,57.0,442.97
O001047,C00467,S13,2025-07-08 13:45:14,in_store,,2,179.98,0.0,179.98
O001048,C00240,WEB,2025-07-08 18:21:09,online,,2,149.98,0.0,149.98
O001049,C00464,S01,2025-07-08 18:34:33,in_store,,1,449.99,0.0,449.99
O001050,C00908,WEB,2025-07-08 20:52:28,online,,1,139.99,0.0,139.99
O001051,C00590,WEB,2025-07-08 21:54:05,online,,1,59.99,0.0,59.99
O001052,C00152,WEB,2025-07-09 12:33:40,online,,2,199.98,0.0,199.98
O001053,C00728,S22,2025-07-09 12:35:21,in_store,,1,179.99,0.0,179.99
O001054,C00310,S19,2025-07-09 13:06:09,in_store,,1,39.99,0.0,39.99
O001055,C00495,S01,2025-07-09 14:41:58,in_store,PR-2025-05,4,999.96,30.0,969.96
O001056,C00225,WEB,2025-07-09 17:11:49,online,,1,24.99,0.0,24.99
O001057,C00551,S07,2025-07-09 17:25:02,in_store,,1,94.99,0.0,94.99
O001058,C00987,S03,2025-07-09 18:37:49,in_store,,1,219.99,0.0,219.99
O001059,C00472,WEB,2025-07-09 19:00:09,online,PR-2025-05,2,329.98,49.5,280.48
O001060,C00459,S22,2025-07-09 19:20:16,in_store,,1,29.99,0.0,29.99
O001061,C00482,S18,2025-07-09 19:24:38,in_store,,1,69.99,0.0,69.99
O001062,C00727,S17,2025-07-09 19:36:53,in_store,,1,89.99,0.0,89.99
O001063,C00115,S23,2025-07-10 10:16:47,in_store,,1,299.99,0.0,299.99
O001064,C00877,S21,2025-07-10 11:34:04,in_store,PR-2025-05,1,149.99,22.5,127.49
O001065,C00285,S03,2025-07-10 12:52:08,in_store,,3,579.97,0.0,579.97
O001066,C00363,S20,2025-07-10 13:03:59,in_store,,4,129.96,0.0,129.96
O001067,C00418,S21,2025-07-10 13:05:15,in_store,,2,659.98,0.0,659.98
O001068,C00289,S05,2025-07-10 13:08:16,in_store,,1,29.99,0.0,29.99
O001069,C00672,S05,2025-07-10 13:31:56,in_store,,2,239.98,0.0,239.98
O001070,C00770,S22,2025-07-10 13:34:23,in_store,,1,59.99,0.0,59.99
O001071,C00959,S13,2025-07-10 15:37:42,in_store,,1,99.99,0.0,99.99
O001072,C00142,WEB,2025-07-10 16:43:15,online,,4,703.96,0.0,703.96
O001073,C00930,WEB,2025-07-10 18:33:21,online,PR-2025-05,1,599.99,90.0,509.99
O001074,C00184,S19,2025-07-10 18:42:54,in_store,,1,89.99,0.0,89.99
O001075,C00368,WEB,2025-07-10 19:08:56,online,,1,399.99,0.0,399.99
O001076,C00239,S03,2025-07-10 19:23:22,in_store,,1,79.99,0.0,79.99
O001077,C00775,WEB,2025-07-10 20:43:02,online,,2,629.98,0.0,629.98
O001078,C00931,S14,2025-07-11 09:06:18,in_store,,1,24.99,0.0,24.99
O001079,C00903,S06,2025-07-11 09:32:28,in_store,,5,577.95,0.0,577.95
O001080,C00135,S07,2025-07-11 12:14:12,in_store,,1,599.99,0.0,599.99
O001081,C00742,S13,2025-07-11 15:52:21,in_store,,3,609.97,0.0,609.97
O001082,C01001,WEB,2025-07-11 16:36:47,online,,1,29.99,0.0,29.99
O001083,C00435,S18,2025-07-11 18:35:46,in_store,,1,58.99,0.0,58.99
O001084,C00977,S23,2025-07-12 10:42:26,in_store,,1,139.99,0.0,139.99
O001085,C00964,S07,2025-07-12 12:24:52,in_store,PR-2025-05,1,129.99,19.5,110.49
O001086,C00760,S12,2025-07-12 13:51:04,in_store,,2,599.98,0.0,599.98
O001087,C01052,S21,2025-07-12 16:34:16,in_store,,1,189.99,0.0,189.99
O001088,C00184,S20,2025-07-12 16:49:41,in_store,,1,38.99,0.0,38.99
O001089,C00783,S09,2025-07-12 17:18:29,in_store,,1,59.99,0.0,59.99
O001090,C00880,WEB,2025-07-12 17:30:46,online,PR-2025-05,1,599.99,90.0,509.99
O001091,C01053,S23,2025-07-12 17:59:42,in_store,,2,219.98,0.0,219.98
O001092,C00533,WEB,2025-07-12 20:08:48,online,,1,49.99,0.0,49.99
O001093,C01032,S20,2025-07-13 10:04:39,in_store,,1,29.99,0.0,29.99
O001094,C00269,S16,2025-07-13 10:36:04,in_store,,1,119.99,0.0,119.99
O001095,C00444,S17,2025-07-13 12:12:33,in_store,PR-2025-05,1,129.99,19.5,110.49
O001096,C00606,S12,2025-07-13 12:34:32,in_store,,3,989.97,0.0,989.97
O001097,C00713,S10,2025-07-13 13:26:24,in_store,,2,299.98,0.0,299.98
O001098,C00764,S17,2025-07-13 14:31:19,in_store,,1,89.99,0.0,89.99
O001099,C00786,S01,2025-07-13 15:04:15,in_store,,1,19.99,0.0,19.99
O001100,C00178,S02,2025-07-13 16:14:25,in_store,,1,59.99,0.0,59.99
O001101,C00951,S20,2025-07-13 16:40:49,in_store,,1,299.99,0.0,299.99
O001102,C00841,S01,2025-07-13 18:08:25,in_store,,2,319.98,0.0,319.98
O001103,C00044,WEB,2025-07-13 19:47:50,online,PR-2025-05,2,114.98,12.0,102.98
O001104,C00465,WEB,2025-07-13 22:44:47,online,,2,239.98,0.0,239.98
O001105,C00536,WEB,2025-07-14 01:13:23,online,,4,217.96,0.0,217.96
O001106,C00658,S01,2025-07-14 12:51:32,in_store,PR-2025-05,1,299.99,45.0,254.99
O001107,C00924,S05,2025-07-14 12:52:05,in_store,,1,58.99,0.0,58.99
O001108,C00091,S06,2025-07-14 13:13:54,in_store,,1,38.99,0.0,38.99
O001109,C00789,S09,2025-07-14 13:33:17,in_store,,2,194.98,0.0,194.98
O001110,C00778,S20,2025-07-14 13:51:39,in_store,PR-2025-05,1,129.99,19.5,110.49
O001111,C00809,S07,2025-07-14 15:30:59,in_store,,3,309.97,0.0,309.97
O001112,C00904,S02,2025-07-14 19:52:07,in_store,,1,349.99,0.0,349.99
O001113,C00760,WEB,2025-07-14 20:22:25,online,,1,39.99,0.0,39.99
O001114,C00687,WEB,2025-07-15 11:43:36,online,,1,79.99,0.0,79.99
O001115,C00420,S05,2025-07-15 11:46:51,in_store,,1,58.99,0.0,58.99
O001116,C00864,S19,2025-07-15 12:51:21,in_store,PR-2025-05,1,149.99,22.5,127.49
O001117,C00658,S01,2025-07-15 14:59:59,in_store,PR-2025-05,4,209.96,13.5,196.46
O001118,C00184,S20,2025-07-15 15:04:10,in_store,,1,128.99,0.0,128.99
O001119,C00468,S09,2025-07-15 15:25:23,in_store,,2,899.98,0.0,899.98
O001120,C00215,S21,2025-07-15 16:58:13,in_store,PR-2025-05,1,199.99,30.0,169.99
O001121,C00798,S16,2025-07-15 17:07:43,in_store,,1,49.99,0.0,49.99
O001122,C00905,S02,2025-07-15 19:42:06,in_store,,1,84.99,0.0,84.99
O001123,C00670,WEB,2025-07-15 20:08:27,online,,1,89.99,0.0,89.99
O001124,C01051,WEB,2025-07-16 15:43:50,online,,2,129.98,0.0,129.98
O001125,C00520,S21,2025-07-16 16:30:30,in_store,,1,129.99,0.0,129.99
O001126,C00447,S23,2025-07-16 16:56:38,in_store,,1,19.99,0.0,19.99
O001127,C01054,S22,2025-07-16 17:20:50,in_store,,1,58.99,0.0,58.99
O001128,C00662,S02,2025-07-16 17:23:00,in_store,PR-2025-05,3,359.97,19.5,340.47
O001129,C00767,S10,2025-07-16 18:55:17,in_store,PR-2025-05,2,599.98,30.0,569.98
O001130,C00442,S13,2025-07-16 19:20:19,in_store,,2,179.98,0.0,179.98
O001131,C00827,S07,2025-07-16 19:25:28,in_store,,1,99.99,0.0,99.99
O001132,C00928,WEB,2025-07-16 21:31:58,online,PR-2025-05,1,199.99,30.0,169.99
O001133,C00842,WEB,2025-07-16 22:42:48,online,,1,84.99,0.0,84.99
O001134,C00573,S19,2025-07-17 10:17:52,in_store,,1,89.99,0.0,89.99
O001135,C00747,S18,2025-07-17 12:15:20,in_store,,1,79.99,0.0,79.99
O001136,C00329,S03,2025-07-17 13:04:58,in_store,,1,79.99,0.0,79.99
O001137,C00795,S03,2025-07-17 15:19:54,in_store,,1,29.99,0.0,29.99
O001138,C00442,WEB,2025-07-17 16:10:32,online,,1,189.99,0.0,189.99
O001139,C00375,S14,2025-07-17 17:20:10,in_store,,2,119.98,0.0,119.98
O001140,C00057,S13,2025-07-17 17:53:41,in_store,,1,29.99,0.0,29.99
O001141,C00984,S07,2025-07-17 18:17:32,in_store,,1,149.99,0.0,149.99
O001142,C00652,WEB,2025-07-17 18:34:18,online,PR-2025-05,2,339.98,51.0,288.98
O001143,C00830,S07,2025-07-17 19:47:11,in_store,PR-2025-05,2,599.98,30.0,569.98
O001144,C00355,S22,2025-07-18 09:13:21,in_store,,1,149.99,0.0,149.99
O001145,C00841,S01,2025-07-18 10:16:05,in_store,,1,14.99,0.0,14.99
O001146,C00344,WEB,2025-07-18 12:53:29,online,,2,77.98,0.0,77.98
O001147,C00734,S04,2025-07-18 16:10:52,in_store,,1,89.99,0.0,89.99
O001148,C00852,WEB,2025-07-18 16:50:28,online,,1,189.99,0.0,189.99
O001149,C00226,S18,2025-07-18 17:04:47,in_store,,2,249.98,0.0,249.98
O001150,C00513,S05,2025-07-18 18:20:24,in_store,,1,89.99,0.0,89.99
O001151,C00534,S01,2025-07-18 19:45:11,in_store,PR-2025-05,3,619.97,30.0,589.97
O001152,C00582,WEB,2025-07-19 09:32:59,online,,1,99.99,0.0,99.99
O001153,C00991,S06,2025-07-19 09:51:53,in_store,PR-2025-05,1,79.99,12.0,67.99
O001154,C00071,S21,2025-07-19 10:39:53,in_store,PR-2025-05,3,494.97,60.0,434.97
O001155,C00962,S21,2025-07-19 10:59:54,in_store,,2,94.98,0.0,94.98
O001156,C00184,S20,2025-07-19 11:06:06,in_store,,1,59.99,0.0,59.99
O001157,C00841,S01,2025-07-19 12:12:13,in_store,,1,79.99,0.0,79.99
O001158,C00034,WEB,2025-07-19 12:26:30,online,,1,59.99,0.0,59.99
O001159,C00268,WEB,2025-07-19 15:23:44,online,,2,159.98,0.0,159.98
O001160,C00132,S02,2025-07-19 16:39:39,in_store,,4,374.96,0.0,374.96
O001161,C01055,S11,2025-07-19 16:39:47,in_store,,3,228.97,0.0,228.97
O001162,C00402,S09,2025-07-19 17:25:50,in_store,,1,79.99,0.0,79.99
O001163,C00922,S04,2025-07-19 17:39:48,in_store,,3,209.97,0.0,209.97
O001164,C00227,WEB,2025-07-19 21:52:49,online,,1,19.99,0.0,19.99
O001165,C00087,WEB,2025-07-19 23:25:49,online,,2,115.98,0.0,115.98
O001166,C00762,WEB,2025-07-20 10:48:04,online,,1,58.99,0.0,58.99
O001167,C00295,S13,2025-07-20 11:10:37,in_store,,3,169.97,0.0,169.97
O001168,C00249,S04,2025-07-20 11:59:22,in_store,,2,115.98,0.0,115.98
O001169,C00389,S19,2025-07-20 12:15:09,in_store,,2,1249.98,0.0,1249.98
O001170,C00849,WEB,2025-07-20 12:33:02,online,,1,129.99,0.0,129.99
O001171,C00591,S11,2025-07-20 12:47:08,in_store,,1,99.99,0.0,99.99
O001172,C00058,S02,2025-07-20 13:02:26,in_store,,1,49.99,0.0,49.99
O001173,C00433,S22,2025-07-20 13:14:27,in_store,,1,54.99,0.0,54.99
O001174,C00460,S12,2025-07-20 13:42:04,in_store,,1,129.99,0.0,129.99
O001175,C00959,S13,2025-07-20 17:15:11,in_store,PR-2025-05,1,69.99,10.5,59.49
O001176,C00688,S05,2025-07-20 18:48:30,in_store,,2,929.98,0.0,929.98
O001177,C00079,WEB,2025-07-20 22:23:01,online,,1,49.99,0.0,49.99
O001178,C00659,S21,2025-07-21 11:18:05,in_store,,2,89.98,0.0,89.98
O001179,C00029,S09,2025-07-21 11:43:35,in_store,,4,579.96,0.0,579.96
O001180,C00119,S21,2025-07-21 12:08:22,in_store,,1,89.99,0.0,89.99
O001181,C00624,S23,2025-07-21 12:35:34,in_store,,1,169.99,0.0,169.99
O001182,C00775,WEB,2025-07-21 12:45:12,online,,1,39.99,0.0,39.99
O001183,C00335,S16,2025-07-21 13:05:50,in_store,,1,79.99,0.0,79.99
O001184,C01008,S22,2025-07-21 13:12:38,in_store,,2,439.98,0.0,439.98
O001185,C00830,S07,2025-07-21 13:35:17,in_store,,2,179.98,0.0,179.98
O001186,C00264,S13,2025-07-21 16:17:05,in_store,,1,49.99,0.0,49.99
O001187,C00527,S16,2025-07-21 16:25:32,in_store,,3,159.97,0.0,159.97
O001188,C00788,WEB,2025-07-21 17:53:56,online,,1,299.99,0.0,299.99
O001189,C00237,S08,2025-07-21 18:30:23,in_store,,6,208.94,0.0,208.94
O001190,C00680,S07,2025-07-21 19:06:15,in_store,,2,129.98,0.0,129.98
O001191,C00106,S13,2025-07-21 20:07:00,in_store,,1,1299.99,0.0,1299.99
O001192,C00450,WEB,2025-07-21 20:07:24,online,,7,313.93,0.0,313.93
O001193,C00720,WEB,2025-07-21 22:06:32,online,,1,349.99,0.0,349.99
O001194,C00582,WEB,2025-07-21 22:38:16,online,,2,159.98,0.0,159.98
O001195,C00153,WEB,2025-07-22 09:34:06,online,,1,189.99,0.0,189.99
O001196,C00982,S18,2025-07-22 10:26:49,in_store,,2,229.98,0.0,229.98
O001197,C00742,WEB,2025-07-22 11:35:50,online,,1,449.99,0.0,449.99
O001198,C00369,S07,2025-07-22 11:57:30,in_store,,2,79.98,0.0,79.98
O001199,C00794,S07,2025-07-22 12:44:20,in_store,,1,379.99,0.0,379.99
O001200,C01033,S20,2025-07-22 13:53:36,in_store,,3,167.97,0.0,167.97
O001201,C00728,S22,2025-07-22 17:04:49,in_store,,1,49.99,0.0,49.99
O001202,C00237,S08,2025-07-22 18:00:00,in_store,,2,225.98,0.0,225.98
O001203,C00331,S07,2025-07-22 18:58:49,in_store,,4,235.96,0.0,235.96
O001204,C00137,WEB,2025-07-22 21:05:24,online,,1,89.99,0.0,89.99
O001205,C00687,WEB,2025-07-22 23:29:52,online,,1,14.99,0.0,14.99
O001206,C00069,WEB,2025-07-23 09:41:15,online,,1,399.99,0.0,399.99
O001207,C00475,S15,2025-07-23 11:11:09,in_store,,3,659.97,0.0,659.97
O001208,C00131,S19,2025-07-23 11:13:33,in_store,,1,199.99,0.0,199.99
O001209,C00030,S19,2025-07-23 12:08:12,in_store,,1,29.99,0.0,29.99
O001210,C00320,S07,2025-07-23 12:21:24,in_store,,1,54.99,0.0,54.99
O001211,C00101,S02,2025-07-23 15:32:33,in_store,,3,599.97,0.0,599.97
O001212,C00193,S19,2025-07-23 16:25:08,in_store,,1,69.99,0.0,69.99
O001213,C00950,S19,2025-07-23 17:11:42,in_store,,2,439.98,0.0,439.98
O001214,C00328,WEB,2025-07-23 18:23:40,online,,1,149.99,0.0,149.99
O001215,C00328,WEB,2025-07-24 08:10:48,online,,1,649.99,0.0,649.99
O001216,C00880,WEB,2025-07-24 09:51:18,online,,1,19.99,0.0,19.99
O001217,C00300,S21,2025-07-24 11:09:25,in_store,,1,99.99,0.0,99.99
O001218,C00731,S20,2025-07-24 12:28:39,in_store,,1,129.99,0.0,129.99
O001219,C00826,S07,2025-07-24 12:38:20,in_store,,2,949.98,0.0,949.98
O001220,C00578,WEB,2025-07-24 12:51:48,online,,1,38.99,0.0,38.99
O001221,C01057,WEB,2025-07-24 13:25:05,online,,1,19.99,0.0,19.99
O001222,C00953,S15,2025-07-24 13:59:50,in_store,,1,79.99,0.0,79.99
O001223,C00741,S21,2025-07-24 14:55:58,in_store,,1,39.99,0.0,39.99
O001224,C00610,S16,2025-07-24 15:12:20,in_store,,1,129.99,0.0,129.99
O001225,C00937,S18,2025-07-24 16:14:29,in_store,,1,59.99,0.0,59.99
O001226,C00255,S14,2025-07-24 16:44:00,in_store,,1,299.99,0.0,299.99
O001227,C01051,S06,2025-07-24 19:16:27,in_store,,1,79.99,0.0,79.99
O001228,C00272,WEB,2025-07-24 22:10:21,online,,1,19.99,0.0,19.99
O001229,C00928,WEB,2025-07-25 11:07:03,online,,1,49.99,0.0,49.99
O001230,C00717,S21,2025-07-25 12:00:11,in_store,,1,39.99,0.0,39.99
O001231,C00831,S22,2025-07-25 12:46:31,in_store,,1,24.99,0.0,24.99
O001232,C00268,WEB,2025-07-25 13:19:20,online,,5,739.95,0.0,739.95
O001233,C00267,S06,2025-07-25 13:28:28,in_store,,3,409.97,0.0,409.97
O001234,C00137,WEB,2025-07-25 13:56:39,online,,1,49.99,0.0,49.99
O001235,C00276,S20,2025-07-25 14:35:04,in_store,,3,144.97,0.0,144.97
O001236,C00089,S11,2025-07-25 14:55:28,in_store,,4,148.96,0.0,148.96
O001237,C00789,S09,2025-07-25 15:29:43,in_store,,1,79.99,0.0,79.99
O001238,C01020,WEB,2025-07-25 15:48:14,online,,2,98.98,0.0,98.98
O001239,C00497,S23,2025-07-25 17:00:42,in_store,,3,509.97,0.0,509.97
O001240,C00452,S21,2025-07-25 17:59:27,in_store,,1,79.99,0.0,79.99
O001241,C00469,WEB,2025-07-26 09:28:06,online,,1,69.99,0.0,69.99
O001242,C00132,S02,2025-07-26 12:06:22,in_store,,3,499.97,0.0,499.97
O001243,C00057,S13,2025-07-26 13:07:56,in_store,,1,49.99,0.0,49.99
O001244,C00784,S14,2025-07-26 13:26:16,in_store,,1,89.99,0.0,89.99
O001245,C00219,S22,2025-07-26 17:26:01,in_store,,4,979.96,0.0,979.96
O001246,C00368,WEB,2025-07-26 17:36:31,online,,1,19.99,0.0,19.99
O001247,C00728,S21,2025-07-26 18:06:21,in_store,,1,199.99,0.0,199.99
O001248,C00377,S21,2025-07-26 18:12:22,in_store,,1,59.99,0.0,59.99
O001249,C00961,S13,2025-07-26 18:20:32,in_store,,1,59.99,0.0,59.99
O001250,C00811,S22,2025-07-26 18:38:31,in_store,,1,39.99,0.0,39.99
O001251,C00254,S21,2025-07-26 19:46:37,in_store,,2,199.98,0.0,199.98
O001252,C00533,WEB,2025-07-27 07:38:19,online,,1,29.99,0.0,29.99
O001253,C00452,S23,2025-07-27 10:57:28,in_store,,1,79.99,0.0,79.99
O001254,C00232,S07,2025-07-27 12:52:37,in_store,,1,349.99,0.0,349.99
O001255,C00651,S07,2025-07-27 14:25:50,in_store,,2,239.98,0.0,239.98
O001256,C00738,S10,2025-07-27 15:17:06,in_store,,1,14.99,0.0,14.99
O001257,C00293,S17,2025-07-27 17:07:25,in_store,,1,49.99,0.0,49.99
O001258,C00435,S13,2025-07-27 18:48:12,in_store,,2,179.98,0.0,179.98
O001259,C00893,S22,2025-07-27 19:51:07,in_store,,2,449.98,0.0,449.98
O001260,C00268,WEB,2025-07-27 23:53:38,online,,1,349.99,0.0,349.99
O001261,C00309,S05,2025-07-28 12:05:38,in_store,,1,19.99,0.0,19.99
O001262,C00422,S09,2025-07-28 15:24:31,in_store,,1,14.99,0.0,14.99
O001263,C00110,S06,2025-07-28 17:03:39,in_store,,1,299.99,0.0,299.99
O001264,C00849,S16,2025-07-28 19:05:16,in_store,,1,249.99,0.0,249.99
O001265,C00677,S07,2025-07-28 20:22:40,in_store,,1,39.99,0.0,39.99
O001266,C00696,WEB,2025-07-28 21:59:48,online,,3,688.97,0.0,688.97
O001267,C00887,S13,2025-07-29 11:39:17,in_store,,2,169.98,0.0,169.98
O001268,C00087,WEB,2025-07-29 12:50:12,online,,1,49.99,0.0,49.99
O001269,C00749,S10,2025-07-29 15:32:02,in_store,,1,29.99,0.0,29.99
O001270,C00076,S20,2025-07-29 16:21:02,in_store,,3,199.97,0.0,199.97
O001271,C00735,S21,2025-07-29 16:50:36,in_store,,1,139.99,0.0,139.99
O001272,C00007,S13,2025-07-29 16:52:53,in_store,,4,269.96,0.0,269.96
O001273,C00020,S20,2025-07-29 17:01:00,in_store,,2,279.98,0.0,279.98
O001274,C00877,S21,2025-07-29 17:39:30,in_store,,2,379.98,0.0,379.98
O001275,C01047,S12,2025-07-29 17:42:05,in_store,,1,14.99,0.0,14.99
O001276,C00376,S07,2025-07-29 17:58:41,in_store,,1,19.99,0.0,19.99
O001277,C00928,WEB,2025-07-29 18:04:07,online,,1,349.99,0.0,349.99
O001278,C00770,S22,2025-07-29 18:17:06,in_store,,1,55.99,0.0,55.99
O001279,C00882,S19,2025-07-29 18:34:26,in_store,,1,99.99,0.0,99.99
O001280,C00469,WEB,2025-07-29 19:50:41,online,,1,349.99,0.0,349.99
O001281,C00485,S10,2025-07-29 20:06:33,in_store,,1,199.99,0.0,199.99
O001282,C00034,WEB,2025-07-29 21:29:06,online,,3,259.97,0.0,259.97
O001283,C00765,WEB,2025-07-30 07:34:57,online,,3,349.97,0.0,349.97
O001284,C00062,S21,2025-07-30 11:48:52,in_store,,1,19.99,0.0,19.99
O001285,C00579,S18,2025-07-30 12:34:40,in_store,,1,19.99,0.0,19.99
O001286,C00374,S21,2025-07-30 13:23:23,in_store,,1,129.99,0.0,129.99
O001287,C00497,S23,2025-07-30 14:55:48,in_store,,1,128.99,0.0,128.99
O001288,C00680,S07,2025-07-30 15:09:03,in_store,,1,24.99,0.0,24.99
O001289,C00240,S12,2025-07-30 16:03:26,in_store,,2,239.98,0.0,239.98
O001290,C01057,WEB,2025-07-30 16:41:31,online,,1,169.99,0.0,169.99
O001291,C00770,S21,2025-07-30 16:56:08,in_store,,6,1229.94,0.0,1229.94
O001292,C00687,WEB,2025-07-30 18:08:32,online,,4,195.96,0.0,195.96
O001293,C00813,S21,2025-07-30 18:56:52,in_store,,3,799.97,0.0,799.97
O001294,C00296,WEB,2025-07-30 20:08:08,online,,1,399.99,0.0,399.99
O001295,C00025,S13,2025-07-31 12:03:12,in_store,,1,129.99,0.0,129.99
O001296,C00767,S10,2025-07-31 14:14:04,in_store,,3,1409.97,0.0,1409.97
O001297,C00809,S07,2025-07-31 14:15:50,in_store,,3,269.97,0.0,269.97
O001298,C00387,S15,2025-07-31 15:33:04,in_store,,1,24.99,0.0,24.99
O001299,C00615,S14,2025-07-31 16:18:03,in_store,,1,43.99,0.0,43.99
O001300,C00438,S08,2025-07-31 17:20:18,in_store,,3,239.97,0.0,239.97
O001301,C00362,S06,2025-07-31 17:55:54,in_store,,1,54.99,0.0,54.99
O001302,C00479,S19,2025-07-31 20:55:38,in_store,,1,89.99,0.0,89.99
O001303,C00352,WEB,2025-08-01 09:35:36,online,,1,49.99,0.0,49.99
O001304,C00680,S07,2025-08-01 11:03:30,in_store,,1,55.99,0.0,55.99
O001305,C00767,WEB,2025-08-01 15:57:49,online,,2,359.98,0.0,359.98
O001306,C00387,S17,2025-08-01 18:07:32,in_store,,1,999.99,0.0,999.99
O001307,C00096,WEB,2025-08-01 19:12:55,online,,1,79.99,0.0,79.99
O001308,C00880,WEB,2025-08-01 19:41:08,online,,2,258.98,0.0,258.98
O001309,C00825,WEB,2025-08-02 06:28:30,online,,2,94.98,0.0,94.98
O001310,C01019,WEB,2025-08-02 06:43:37,online,,1,34.99,0.0,34.99
O001311,C00962,S19,2025-08-02 10:16:21,in_store,,1,19.99,0.0,19.99
O001312,C00289,WEB,2025-08-02 10:42:42,online,PR-2025-06,3,879.97,12.0,867.97
O001313,C00456,WEB,2025-08-02 12:09:22,online,,2,389.98,0.0,389.98
O001314,C00274,WEB,2025-08-02 12:22:05,online,,1,449.99,0.0,449.99
O001315,C00497,S23,2025-08-02 13:03:48,in_store,,1,129.99,0.0,129.99
O001316,C00403,S13,2025-08-02 13:19:30,in_store,PR-2025-06,1,128.99,19.35,109.64
O001317,C00766,S20,2025-08-02 14:10:18,in_store,,2,499.98,0.0,499.98
O001318,C00425,S13,2025-08-02 14:34:38,in_store,,2,399.98,0.0,399.98
O001319,C00640,S08,2025-08-02 15:58:08,in_store,,2,529.98,0.0,529.98
O001320,C01059,S19,2025-08-02 16:23:56,in_store,,1,449.99,0.0,449.99
O001321,C00575,WEB,2025-08-02 17:34:31,online,,1,19.99,0.0,19.99
O001322,C00643,S02,2025-08-02 19:04:29,in_store,,1,49.99,0.0,49.99
O001323,C00582,WEB,2025-08-02 20:26:07,online,,1,49.99,0.0,49.99
O001324,C00877,S21,2025-08-02 20:43:56,in_store,,1,449.99,0.0,449.99
O001325,C00119,WEB,2025-08-02 21:19:41,online,,1,199.99,0.0,199.99
O001326,C00666,WEB,2025-08-02 22:48:16,online,,2,89.98,0.0,89.98
O001327,C00204,WEB,2025-08-02 23:35:46,online,,1,79.99,0.0,79.99
O001328,C00881,S08,2025-08-03 09:12:05,in_store,,1,49.99,0.0,49.99
O001329,C00846,S07,2025-08-03 12:26:25,in_store,,1,149.99,0.0,149.99
O001330,C00402,S09,2025-08-03 13:01:20,in_store,PR-2025-06,3,119.97,18.0,101.97
O001331,C00237,S08,2025-08-03 13:22:14,in_store,,1,149.99,0.0,149.99
O001332,C00435,WEB,2025-08-03 14:06:21,online,,1,39.99,0.0,39.99
O001333,C00264,S15,2025-08-03 14:08:35,in_store,,1,179.99,0.0,179.99
O001334,C00355,S22,2025-08-03 16:10:26,in_store,,1,199.99,0.0,199.99
O001335,C00044,S10,2025-08-03 16:52:19,in_store,,1,79.99,0.0,79.99
O001336,C00449,S17,2025-08-03 17:17:24,in_store,PR-2025-06,2,219.98,19.5,200.48
O001337,C00283,WEB,2025-08-03 19:45:26,online,,1,38.99,0.0,38.99
O001338,C00376,S07,2025-08-03 20:07:41,in_store,,1,39.99,0.0,39.99
O001339,C00506,S13,2025-08-03 20:20:39,in_store,PR-2025-06,5,699.95,18.0,681.95
O001340,C00289,S01,2025-08-03 21:17:27,in_store,,1,129.99,0.0,129.99
O001341,C01051,S01,2025-08-04 13:12:56,in_store,,1,49.99,0.0,49.99
O001342,C00579,S18,2025-08-04 15:33:53,in_store,,1,119.99,0.0,119.99
O001343,C00029,S07,2025-08-04 15:57:13,in_store,,1,29.99,0.0,29.99
O001344,C00811,WEB,2025-08-04 17:31:56,online,,1,399.99,0.0,399.99
O001345,C01003,S03,2025-08-04 17:52:02,in_store,,1,399.99,0.0,399.99
O001346,C00596,WEB,2025-08-04 19:36:22,online,,3,119.97,0.0,119.97
O001347,C00833,WEB,2025-08-04 20:33:11,online,,3,269.97,0.0,269.97
O001348,C00477,WEB,2025-08-04 21:17:47,online,,1,59.99,0.0,59.99
O001349,C00022,WEB,2025-08-04 21:43:13,online,,1,89.99,0.0,89.99
O001350,C00434,S13,2025-08-05 12:46:12,in_store,,1,89.99,0.0,89.99
O001351,C00875,WEB,2025-08-05 13:28:54,online,,2,364.98,0.0,364.98
O001352,C00467,S13,2025-08-05 14:29:31,in_store,,1,899.99,0.0,899.99
O001353,C00942,S03,2025-08-05 14:38:14,in_store,,2,257.98,0.0,257.98
O001354,C00550,S21,2025-08-05 14:55:24,in_store,,1,19.99,0.0,19.99
O001355,C00415,S17,2025-08-05 15:25:39,in_store,,4,289.96,0.0,289.96
O001356,C00538,WEB,2025-08-05 17:32:02,online,,1,899.99,0.0,899.99
O001357,C00458,S12,2025-08-05 18:19:50,in_store,,1,59.99,0.0,59.99
O001358,C00805,S15,2025-08-05 21:02:14,in_store,,3,239.97,0.0,239.97
O001359,C00045,WEB,2025-08-05 22:11:01,online,,1,59.99,0.0,59.99
O001360,C00805,S15,2025-08-06 12:52:32,in_store,PR-2025-06,1,59.99,9.0,50.99
O001361,C00311,S10,2025-08-06 14:42:22,in_store,,1,229.99,0.0,229.99
O001362,C00159,S13,2025-08-06 15:09:50,in_store,,1,79.99,0.0,79.99
O001363,C00839,S13,2025-08-06 15:15:52,in_store,,4,869.96,0.0,869.96
O001364,C00903,S04,2025-08-06 16:08:13,in_store,,1,299.99,0.0,299.99
O001365,C00618,WEB,2025-08-06 16:09:31,online,PR-2025-06,2,179.98,27.0,152.98
O001366,C01020,WEB,2025-08-06 17:31:06,online,,2,549.98,0.0,549.98
O001367,C00890,S05,2025-08-06 17:51:15,in_store,,1,14.99,0.0,14.99
O001368,C00469,WEB,2025-08-06 18:09:49,online,,1,79.99,0.0,79.99
O001369,C00811,S22,2025-08-06 19:18:58,in_store,PR-2025-06,1,89.99,13.5,76.49
O001370,C00590,S12,2025-08-06 19:26:36,in_store,PR-2025-06,1,29.99,4.5,25.49
O001371,C00020,WEB,2025-08-06 22:59:08,online,,1,49.99,0.0,49.99
O001372,C00937,S16,2025-08-07 10:18:36,in_store,PR-2025-06,3,234.97,22.5,212.47
O001373,C00788,S21,2025-08-07 11:14:07,in_store,,1,129.99,0.0,129.99
O001374,C00723,WEB,2025-08-07 11:33:19,online,,1,449.99,0.0,449.99
O001375,C01060,S01,2025-08-07 12:06:36,in_store,,1,19.99,0.0,19.99
O001376,C00497,S23,2025-08-07 14:31:49,in_store,,1,59.99,0.0,59.99
O001377,C01032,S20,2025-08-07 14:39:17,in_store,PR-2025-06,2,379.98,4.5,375.48
O001378,C00954,S17,2025-08-07 16:00:09,in_store,,1,54.99,0.0,54.99
O001379,C00942,S01,2025-08-07 16:26:12,in_store,,2,99.98,0.0,99.98
O001380,C00195,S06,2025-08-07 16:34:03,in_store,,1,69.99,0.0,69.99
O001381,C00581,S09,2025-08-07 17:11:28,in_store,PR-2025-06,1,219.99,33.0,186.99
O001382,C00135,S07,2025-08-07 18:46:04,in_store,,4,124.96,0.0,124.96
O001383,C00724,WEB,2025-08-07 19:08:42,online,,1,69.99,0.0,69.99
O001384,C00186,S17,2025-08-07 19:27:28,in_store,,1,79.99,0.0,79.99
O001385,C00764,S17,2025-08-07 19:31:33,in_store,PR-2025-06,1,69.99,10.5,59.49
O001386,C00076,WEB,2025-08-07 22:43:31,online,,4,368.96,0.0,368.96
O001387,C00534,S05,2025-08-08 10:12:51,in_store,,2,164.98,0.0,164.98
O001388,C01020,WEB,2025-08-08 10:52:33,online,,1,14.99,0.0,14.99
O001389,C00961,S13,2025-08-08 12:14:08,in_store,,3,589.97,0.0,589.97
O001390,C00870,S21,2025-08-08 12:59:38,in_store,,1,49.99,0.0,49.99
O001391,C00029,S07,2025-08-08 14:38:39,in_store,,3,59.97,0.0,59.97
O001392,C00597,S22,2025-08-08 14:55:54,in_store,,1,14.99,0.0,14.99
O001393,C00738,S10,2025-08-08 16:11:40,in_store,,1,179.99,0.0,179.99
O001394,C00677,S07,2025-08-08 16:44:49,in_store,,1,79.99,0.0,79.99
O001395,C00444,S16,2025-08-08 17:24:21,in_store,PR-2025-06,1,89.99,13.5,76.49
O001396,C00191,WEB,2025-08-08 21:07:08,online,,1,89.99,0.0,89.99
O001397,C00137,WEB,2025-08-09 08:58:15,online,,3,259.97,0.0,259.97
O001398,C00649,WEB,2025-08-09 09:22:01,online,,1,24.99,0.0,24.99
O001399,C01064,S16,2025-08-09 09:39:11,in_store,,1,83.99,0.0,83.99
O001400,C00628,S07,2025-08-09 11:09:26,in_store,,3,299.97,0.0,299.97
O001401,C00550,S21,2025-08-09 11:10:59,in_store,,1,169.99,0.0,169.99
O001402,C00569,WEB,2025-08-09 12:35:57,online,,1,139.99,0.0,139.99
O001403,C00089,S11,2025-08-09 13:53:01,in_store,,1,449.99,0.0,449.99
O001404,C00128,S21,2025-08-09 14:15:29,in_store,,1,59.99,0.0,59.99
O001405,C00368,S05,2025-08-09 14:47:11,in_store,,4,879.96,0.0,879.96
O001406,C00315,S16,2025-08-09 14:48:43,in_store,,1,229.99,0.0,229.99
O001407,C00427,S21,2025-08-09 15:27:57,in_store,,3,199.97,0.0,199.97
O001408,C00142,S22,2025-08-09 17:03:07,in_store,,1,59.99,0.0,59.99
O001409,C00727,S13,2025-08-09 17:10:09,in_store,,1,59.99,0.0,59.99
O001410,C00255,S14,2025-08-09 20:37:30,in_store,,1,89.99,0.0,89.99
O001411,C00788,WEB,2025-08-09 21:35:55,online,,1,379.99,0.0,379.99
O001412,C00552,WEB,2025-08-10 00:06:32,online,,2,209.98,0.0,209.98
O001413,C00645,S17,2025-08-10 10:16:01,in_store,,2,399.98,0.0,399.98
O001414,C00443,S01,2025-08-10 11:54:18,in_store,,4,1755.96,0.0,1755.96
O001415,C00903,S06,2025-08-10 12:37:12,in_store,,1,59.99,0.0,59.99
O001416,C00236,S19,2025-08-10 13:06:28,in_store,PR-2025-06,2,79.98,7.5,72.48
O001417,C00221,S06,2025-08-10 15:18:21,in_store,,1,149.99,0.0,149.99
O001418,C00772,S19,2025-08-10 15:38:06,in_store,,1,19.99,0.0,19.99
O001419,C01056,S08,2025-08-10 17:05:15,in_store,,1,19.99,0.0,19.99
O001420,C00603,S20,2025-08-10 17:31:40,in_store,,1,19.99,0.0,19.99
O001421,C01065,S10,2025-08-10 17:44:20,in_store,,2,799.98,0.0,799.98
O001422,C00227,WEB,2025-08-10 18:15:49,online,,2,259.98,0.0,259.98
O001423,C00272,S17,2025-08-10 21:59:46,in_store,,4,264.96,0.0,264.96
O001424,C00007,WEB,2025-08-10 22:32:30,online,,1,349.99,0.0,349.99
O001425,C00438,S08,2025-08-11 10:15:54,in_store,,1,399.99,0.0,399.99
O001426,C00926,S11,2025-08-11 12:28:48,in_store,PR-2025-06,1,49.99,7.5,42.49
O001427,C01020,WEB,2025-08-11 15:16:26,online,,1,79.99,0.0,79.99
O001428,C00738,S10,2025-08-11 16:47:43,in_store,,1,59.99,0.0,59.99
O001429,C00462,S11,2025-08-11 17:20:04,in_store,,1,59.99,0.0,59.99
O001430,C00065,S21,2025-08-11 18:47:16,in_store,,2,139.98,0.0,139.98
O001431,C01067,S14,2025-08-11 19:15:09,in_store,,1,349.99,0.0,349.99
O001432,C00184,S20,2025-08-11 20:13:07,in_store,,1,39.99,0.0,39.99
O001433,C00568,WEB,2025-08-11 20:42:20,online,,1,139.99,0.0,139.99
O001434,C00274,WEB,2025-08-11 21:19:22,online,,1,19.99,0.0,19.99
O001435,C00610,S16,2025-08-11 21:51:31,in_store,PR-2025-06,3,449.97,67.5,382.47
O001436,C01013,S13,2025-08-12 10:03:54,in_store,,1,24.99,0.0,24.99
O001437,C01068,S13,2025-08-12 10:39:01,in_store,,5,499.95,0.0,499.95
O001438,C00802,S21,2025-08-12 11:51:09,in_store,PR-2025-06,4,549.96,13.5,536.46
O001439,C00628,S07,2025-08-12 12:51:54,in_store,,2,239.98,0.0,239.98
O001440,C00970,WEB,2025-08-12 14:34:15,online,PR-2025-06,2,264.98,12.75,252.23
O001441,C00708,S13,2025-08-12 14:54:37,in_store,,1,59.99,0.0,59.99
O001442,C00070,S15,2025-08-12 15:41:36,in_store,,1,24.99,0.0,24.99
O001443,C00558,S22,2025-08-12 15:52:08,in_store,PR-2025-06,3,195.97,12.0,183.97
O001444,C00852,WEB,2025-08-12 17:20:38,online,PR-2025-06,1,84.99,12.75,72.24
O001445,C00617,S21,2025-08-12 18:25:59,in_store,,1,58.99,0.0,58.99
O001446,C00981,WEB,2025-08-12 20:34:01,online,PR-2025-06,1,59.99,9.0,50.99
O001447,C00525,WEB,2025-08-12 22:11:47,online,PR-2025-06,3,379.97,19.5,360.47
O001448,C00950,S19,2025-08-13 10:03:54,in_store,,1,14.99,0.0,14.99
O001449,C00291,WEB,2025-08-13 13:22:55,online,PR-2025-06,1,14.99,2.25,12.74
O001450,C00333,S15,2025-08-13 13:46:34,in_store,,2,159.98,0.0,159.98
O001451,C00567,S16,2025-08-13 18:30:29,in_store,PR-2025-06,3,219.97,13.5,206.47
O001452,C00381,WEB,2025-08-13 18:59:28,online,,1,299.99,0.0,299.99
O001453,C00122,S21,2025-08-13 19:09:38,in_store,,1,39.99,0.0,39.99
O001454,C01062,S13,2025-08-13 20:48:52,in_store,,1,69.99,0.0,69.99
O001455,C01004,WEB,2025-08-13 21:34:41,online,,1,149.99,0.0,149.99
O001456,C01015,WEB,2025-08-13 22:42:31,online,,1,129.99,0.0,129.99
O001457,C00078,S11,2025-08-14 11:26:42,in_store,,3,529.97,0.0,529.97
O001458,C00247,S13,2025-08-14 12:46:52,in_store,,1,89.99,0.0,89.99
O001459,C00373,WEB,2025-08-14 13:22:13,online,,1,349.99,0.0,349.99
O001460,C00919,S21,2025-08-14 16:06:31,in_store,,1,299.99,0.0,299.99
O001461,C00335,S16,2025-08-14 16:09:23,in_store,PR-2025-06,1,89.99,13.5,76.49
O001462,C00809,S08,2025-08-14 18:33:03,in_store,,1,19.99,0.0,19.99
O001463,C00596,WEB,2025-08-14 18:43:30,online,,5,209.95,0.0,209.95
O001464,C00527,S17,2025-08-14 18:57:58,in_store,,1,229.99,0.0,229.99
O001465,C00567,S16,2025-08-14 18:58:30,in_store,,3,1049.97,0.0,1049.97
O001466,C00274,WEB,2025-08-14 19:59:53,online,,1,129.99,0.0,129.99
O001467,C00882,WEB,2025-08-14 20:37:14,online,,1,79.99,0.0,79.99
O001468,C00838,WEB,2025-08-14 23:32:59,online,PR-2025-06,2,209.98,22.5,187.48
O001469,C00641,WEB,2025-08-15 00:11:25,online,,1,39.99,0.0,39.99
O001470,C00939,S17,2025-08-15 10:34:13,in_store,,1,179.99,0.0,179.99
O001471,C00519,S16,2025-08-15 13:36:20,in_store,PR-2025-06,4,238.96,19.5,219.46
O001472,C00422,S11,2025-08-15 13:41:24,in_store,,1,49.99,0.0,49.99
O001473,C00488,S23,2025-08-15 14:06:20,in_store,,1,129.99,0.0,129.99
O001474,C00662,S01,2025-08-15 15:10:20,in_store,,1,129.99,0.0,129.99
O001475,C00755,S04,2025-08-15 15:34:28,in_store,,1,19.99,0.0,19.99
O001476,C00566,S22,2025-08-15 16:38:05,in_store,,2,138.98,0.0,138.98
O001477,C00366,S15,2025-08-15 19:22:58,in_store,,1,54.99,0.0,54.99
O001478,C00201,WEB,2025-08-15 21:12:05,online,PR-2025-06,5,604.95,21.0,583.95
O001479,C00019,WEB,2025-08-15 21:45:12,online,PR-2025-06,1,89.99,13.5,76.49
O001480,C00852,WEB,2025-08-15 23:57:20,online,,2,129.98,0.0,129.98
O001481,C00087,WEB,2025-08-16 08:17:47,online,,2,39.98,0.0,39.98
O001482,C00120,WEB,2025-08-16 08:27:34,online,,4,484.96,0.0,484.96
O001483,C00128,S19,2025-08-16 09:16:54,in_store,,1,24.99,0.0,24.99
O001484,C01058,S23,2025-08-16 12:39:26,in_store,,2,119.98,0.0,119.98
O001485,C00545,S13,2025-08-16 12:47:52,in_store,,1,139.99,0.0,139.99
O001486,C00637,S07,2025-08-16 15:40:45,in_store,,1,38.99,0.0,38.99
O001487,C00227,WEB,2025-08-16 16:28:54,online,,2,439.98,0.0,439.98
O001488,C01014,S03,2025-08-16 17:26:37,in_store,,1,29.99,0.0,29.99
O001489,C00135,S07,2025-08-16 17:45:53,in_store,,1,83.99,0.0,83.99
O001490,C00616,S13,2025-08-16 18:44:29,in_store,,1,19.99,0.0,19.99
O001491,C00454,S21,2025-08-16 20:16:37,in_store,,1,29.99,0.0,29.99
O001492,C00838,WEB,2025-08-16 20:48:24,online,,3,154.97,0.0,154.97
O001493,C00392,S07,2025-08-17 12:19:25,in_store,,2,149.98,0.0,149.98
O001494,C01005,S03,2025-08-17 12:47:01,in_store,,3,1049.97,0.0,1049.97
O001495,C00657,S01,2025-08-17 13:41:00,in_store,,2,255.98,0.0,255.98
O001496,C00089,S11,2025-08-17 14:04:22,in_store,,1,79.99,0.0,79.99
O001497,C00283,WEB,2025-08-17 14:38:11,online,,1,399.99,0.0,399.99
O001498,C00715,S20,2025-08-17 15:47:01,in_store,,4,1099.96,0.0,1099.96
O001499,C00795,S03,2025-08-17 18:54:12,in_store,,4,335.96,0.0,335.96
O001500,C00045,S14,2025-08-17 19:25:43,in_store,,1,329.99,0.0,329.99
O001501,C00981,WEB,2025-08-17 21:14:42,online,,2,219.98,0.0,219.98
O001502,C00435,WEB,2025-08-18 07:31:36,online,PR-2025-06,4,579.96,21.0,558.96
O001503,C01026,S14,2025-08-18 09:51:54,in_store,PR-2025-06,2,209.98,22.5,187.48
O001504,C00204,WEB,2025-08-18 10:56:24,online,,1,99.99,0.0,99.99
O001505,C00377,S21,2025-08-18 11:19:41,in_store,,1,49.99,0.0,49.99
O001506,C01069,S01,2025-08-18 11:22:18,in_store,,2,148.98,0.0,148.98
O001507,C00014,S20,2025-08-18 11:24:17,in_store,,1,179.99,0.0,179.99
O001508,C00864,S19,2025-08-18 11:48:47,in_store,PR-2025-06,3,233.97,26.25,207.72
O001509,C00177,S09,2025-08-18 12:10:53,in_store,,3,229.97,0.0,229.97
O001510,C00329,S01,2025-08-18 13:44:30,in_store,,1,109.99,0.0,109.99
O001511,C00953,S18,2025-08-18 14:05:26,in_store,,2,205.98,0.0,205.98
O001512,C00976,S21,2025-08-18 14:07:13,in_store,PR-2025-06,3,354.97,45.0,309.97
O001513,C00810,S01,2025-08-18 15:45:32,in_store,,1,99.99,0.0,99.99
O001514,C00011,S07,2025-08-18 16:27:31,in_store,,2,219.98,0.0,219.98
O001515,C00937,S13,2025-08-18 16:42:14,in_store,,2,109.98,0.0,109.98
O001516,C00588,S12,2025-08-18 16:43:17,in_store,,3,188.97,0.0,188.97
O001517,C00495,S01,2025-08-18 18:55:43,in_store,PR-2025-06,2,149.98,13.5,136.48
O001518,C00550,S21,2025-08-19 09:07:55,in_store,,1,59.99,0.0,59.99
O001519,C00594,S08,2025-08-19 13:30:23,in_store,PR-2025-06,4,469.96,67.5,402.46
O001520,C00638,S18,2025-08-19 14:03:43,in_store,,1,79.99,0.0,79.99
O001521,C00488,S23,2025-08-19 14:06:17,in_store,,1,59.99,0.0,59.99
O001522,C00178,S02,2025-08-19 14:14:35,in_store,PR-2025-06,2,39.98,3.75,36.23
O001523,C00764,S17,2025-08-19 14:35:19,in_store,PR-2025-06,1,14.99,2.25,12.74
O001524,C00402,S09,2025-08-19 16:31:59,in_store,,3,389.97,0.0,389.97
O001525,C00699,S21,2025-08-19 17:37:38,in_store,,1,79.99,0.0,79.99
O001526,C00911,S07,2025-08-19 19:31:02,in_store,,1,24.99,0.0,24.99
O001527,C00627,WEB,2025-08-19 21:05:34,online,PR-2025-06,3,229.97,13.5,216.47
O001528,C00146,WEB,2025-08-20 07:51:18,online,,3,189.97,0.0,189.97
O001529,C00071,S21,2025-08-20 10:52:53,in_store,,1,149.99,0.0,149.99
O001530,C00098,S06,2025-08-20 11:21:24,in_store,PR-2025-06,2,178.98,26.85,152.13
O001531,C00709,S13,2025-08-20 11:56:20,in_store,,2,79.98,0.0,79.98
O001532,C00320,S12,2025-08-20 12:28:45,in_store,,1,24.99,0.0,24.99
O001533,C00252,S05,2025-08-20 13:28:57,in_store,PR-2025-06,3,94.97,12.0,82.97
O001534,C00720,S04,2025-08-20 14:58:25,in_store,,1,149.99,0.0,149.99
O001535,C01034,S09,2025-08-20 16:22:17,in_store,,1,49.99,0.0,49.99
O001536,C00770,S22,2025-08-20 19:03:52,in_store,,1,19.99,0.0,19.99
O001537,C00189,S01,2025-08-20 20:35:15,in_store,,2,439.98,0.0,439.98
O001538,C00603,S21,2025-08-20 20:37:28,in_store,,1,189.99,0.0,189.99
O001539,C00590,WEB,2025-08-20 21:13:08,online,,3,254.97,0.0,254.97
O001540,C00610,S16,2025-08-21 09:29:15,in_store,,1,29.99,0.0,29.99
O001541,C00714,WEB,2025-08-21 10:31:36,online,,1,79.99,0.0,79.99
O001542,C00098,S06,2025-08-21 11:17:52,in_store,,1,29.99,0.0,29.99
O001543,C00810,S01,2025-08-21 11:18:37,in_store,,3,144.97,0.0,144.97
O001544,C00784,S16,2025-08-21 11:42:45,in_store,,1,79.99,0.0,79.99
O001545,C00586,S17,2025-08-21 11:55:42,in_store,,2,508.98,0.0,508.98
O001546,C00185,S02,2025-08-21 12:22:40,in_store,,1,19.99,0.0,19.99
O001547,C00802,S22,2025-08-21 13:36:33,in_store,,2,179.98,0.0,179.98
O001548,C00958,S21,2025-08-21 15:42:24,in_store,,1,55.99,0.0,55.99
O001549,C00977,S20,2025-08-21 15:54:01,in_store,,2,329.98,0.0,329.98
O001550,C01070,S14,2025-08-21 16:34:57,in_store,PR-2025-06,1,59.99,9.0,50.99
O001551,C00029,S07,2025-08-21 16:35:28,in_store,,1,139.99,0.0,139.99
O001552,C00186,S17,2025-08-21 16:36:48,in_store,,1,79.99,0.0,79.99
O001553,C00914,S06,2025-08-21 16:39:55,in_store,,1,399.99,0.0,399.99
O001554,C00870,S21,2025-08-21 18:02:54,in_store,,2,109.98,0.0,109.98
O001555,C00158,S10,2025-08-21 20:05:39,in_store,,3,549.97,0.0,549.97
O001556,C00337,S21,2025-08-21 20:23:44,in_store,PR-2025-06,1,19.99,3.0,16.99
O001557,C00079,WEB,2025-08-21 20:49:19,online,,1,89.99,0.0,89.99
O001558,C00850,WEB,2025-08-21 20:55:53,online,,1,19.99,0.0,19.99
O001559,C00837,WEB,2025-08-21 21:35:23,online,,1,69.99,0.0,69.99
O001560,C00903,WEB,2025-08-21 21:51:08,online,,1,38.99,0.0,38.99
O001561,C00889,WEB,2025-08-22 10:03:27,online,,1,59.99,0.0,59.99
O001562,C00919,S19,2025-08-22 10:30:41,in_store,,3,1299.97,0.0,1299.97
O001563,C00603,S21,2025-08-22 12:28:34,in_store,,3,419.97,0.0,419.97
O001564,C00539,S12,2025-08-22 14:34:19,in_store,PR-2025-06,2,158.98,15.0,143.98
O001565,C01071,S01,2025-08-22 16:43:19,in_store,,2,249.98,0.0,249.98
O001566,C00286,S15,2025-08-22 19:07:01,in_store,,1,129.99,0.0,129.99
O001567,C00642,S09,2025-08-22 19:55:02,in_store,,1,649.99,0.0,649.99
O001568,C00590,WEB,2025-08-23 10:27:14,online,,1,189.99,0.0,189.99
O001569,C00267,S06,2025-08-23 10:46:41,in_store,,1,19.99,0.0,19.99
O001570,C01061,WEB,2025-08-23 12:09:41,online,,1,179.99,0.0,179.99
O001571,C00735,S21,2025-08-23 13:11:05,in_store,,5,654.95,0.0,654.95
O001572,C00610,S16,2025-08-23 17:53:30,in_store,,3,239.97,0.0,239.97
O001573,C00812,WEB,2025-08-24 08:22:49,online,,4,239.96,0.0,239.96
O001574,C01051,S06,2025-08-24 09:07:44,in_store,PR-2025-06,1,99.99,15.0,84.99
O001575,C01055,S11,2025-08-24 11:04:54,in_store,,1,129.99,0.0,129.99
O001576,C00844,S20,2025-08-24 11:35:47,in_store,PR-2025-06,3,149.97,4.5,145.47
O001577,C00362,S06,2025-08-24 11:41:50,in_store,,2,399.98,0.0,399.98
O001578,C00738,WEB,2025-08-24 12:03:41,online,,1,49.99,0.0,49.99
O001579,C00876,S19,2025-08-24 12:24:29,in_store,,3,429.97,0.0,429.97
O001580,C01003,S03,2025-08-24 12:25:58,in_store,PR-2025-06,1,29.99,4.5,25.49
O001581,C00256,S04,2025-08-24 12:33:18,in_store,,4,669.96,0.0,669.96
O001582,C00227,S09,2025-08-24 14:24:41,in_store,,1,89.99,0.0,89.99
O001583,C00130,S02,2025-08-24 17:18:13,in_store,,1,19.99,0.0,19.99
O001584,C00427,S19,2025-08-24 17:42:27,in_store,,1,129.99,0.0,129.99
O001585,C00509,WEB,2025-08-24 17:48:37,online,,1,79.99,0.0,79.99
O001586,C00849,S13,2025-08-24 18:08:11,in_store,,2,339.98,0.0,339.98
O001587,C00228,S13,2025-08-24 21:35:26,in_store,,1,89.99,0.0,89.99
O001588,C00880,WEB,2025-08-25 08:29:08,online,,4,264.96,0.0,264.96
O001589,C00365,S05,2025-08-25 09:19:31,in_store,,1,149.99,0.0,149.99
O001590,C00416,S21,2025-08-25 10:58:18,in_store,PR-2025-06,4,409.96,39.0,370.96
O001591,C00209,S03,2025-08-25 11:39:55,in_store,,3,349.97,0.0,349.97
O001592,C00903,S06,2025-08-25 12:13:29,in_store,,1,89.99,0.0,89.99
O001593,C00237,S08,2025-08-25 12:49:20,in_store,,1,99.99,0.0,99.99
O001594,C00228,S13,2025-08-25 14:00:30,in_store,,4,309.96,0.0,309.96
O001595,C00069,S15,2025-08-25 15:01:26,in_store,,1,14.99,0.0,14.99
O001596,C00140,S21,2025-08-25 15:13:38,in_store,,1,649.99,0.0,649.99
O001597,C00566,S22,2025-08-25 15:30:59,in_store,,1,14.99,0.0,14.99
O001598,C00597,S22,2025-08-25 15:51:55,in_store,,1,19.99,0.0,19.99
O001599,C01018,S22,2025-08-25 16:24:30,in_store,,5,329.95,0.0,329.95
O001600,C00017,S06,2025-08-25 18:42:56,in_store,,5,709.95,0.0,709.95
O001601,C01015,WEB,2025-08-25 19:21:14,online,,1,399.99,0.0,399.99
O001602,C00258,WEB,2025-08-25 19:29:24,online,,1,299.99,0.0,299.99
O001603,C00679,S05,2025-08-25 20:18:05,in_store,,1,49.99,0.0,49.99
O001604,C00044,S10,2025-08-26 12:06:36,in_store,,2,399.98,0.0,399.98
O001605,C00509,S13,2025-08-26 13:50:55,in_store,,1,69.99,0.0,69.99
O001606,C00914,S06,2025-08-26 17:25:33,in_store,,2,99.98,0.0,99.98
O001607,C00581,S09,2025-08-26 17:38:34,in_store,,1,249.99,0.0,249.99
O001608,C00195,S06,2025-08-26 17:40:14,in_store,,3,219.97,0.0,219.97
O001609,C00346,S05,2025-08-26 19:35:16,in_store,,2,99.98,0.0,99.98
O001610,C00547,S15,2025-08-27 09:39:02,in_store,,1,19.99,0.0,19.99
O001611,C00834,S13,2025-08-27 10:41:51,in_store,,1,449.99,0.0,449.99
O001612,C00573,S19,2025-08-27 11:08:41,in_store,,4,109.96,0.0,109.96
O001613,C00341,S12,2025-08-27 11:36:24,in_store,,1,109.99,0.0,109.99
O001614,C01064,S17,2025-08-27 13:12:05,in_store,,1,19.99,0.0,19.99
O001615,C00268,S21,2025-08-27 15:36:44,in_store,,1,29.99,0.0,29.99
O001616,C00581,S09,2025-08-27 15:38:08,in_store,,1,79.99,0.0,79.99
O001617,C00178,S02,2025-08-27 17:19:44,in_store,,1,39.99,0.0,39.99
O001618,C00838,WEB,2025-08-27 18:24:54,online,,1,349.99,0.0,349.99
O001619,C00762,WEB,2025-08-27 21:24:59,online,,1,59.99,0.0,59.99
O001620,C00682,WEB,2025-08-28 01:24:34,online,,2,118.98,0.0,118.98
O001621,C00908,WEB,2025-08-28 08:49:33,online,,1,799.99,0.0,799.99
O001622,C00548,S22,2025-08-28 09:53:42,in_store,,1,59.99,0.0,59.99
O001623,C00863,S07,2025-08-28 10:16:14,in_store,,2,429.98,0.0,429.98
O001624,C00878,WEB,2025-08-28 10:55:08,online,,3,388.97,0.0,388.97
O001625,C00781,S19,2025-08-28 11:35:25,in_store,,1,24.99,0.0,24.99
O001626,C00527,S16,2025-08-28 12:32:29,in_store,,1,79.99,0.0,79.99
O001627,C00030,S19,2025-08-28 14:37:52,in_store,,1,79.99,0.0,79.99
O001628,C00833,S01,2025-08-28 15:37:38,in_store,,1,139.99,0.0,139.99
O001629,C00772,S19,2025-08-28 15:39:55,in_store,,1,49.99,0.0,49.99
O001630,C00317,S11,2025-08-28 16:40:49,in_store,,2,119.98,0.0,119.98
O001631,C00597,WEB,2025-08-28 18:17:05,online,,1,89.99,0.0,89.99
O001632,C00742,S15,2025-08-28 19:19:08,in_store,,3,250.97,0.0,250.97
O001633,C00252,S05,2025-08-28 19:32:05,in_store,,3,119.97,0.0,119.97
O001634,C00775,WEB,2025-08-28 22:05:35,online,,1,29.99,0.0,29.99
O001635,C00429,S09,2025-08-29 09:24:36,in_store,PR-2025-07,1,199.99,40.0,159.99
O001636,C00540,WEB,2025-08-29 10:38:37,online,PR-2025-07,1,229.99,46.0,183.99
O001637,C00033,S07,2025-08-29 16:00:58,in_store,,2,244.98,0.0,244.98
O001638,C00293,S16,2025-08-29 16:24:28,in_store,PR-2025-07,1,19.99,4.0,15.99
O001639,C00727,S17,2025-08-29 16:45:26,in_store,,1,59.99,0.0,59.99
O001640,C00448,S04,2025-08-29 17:17:48,in_store,,1,59.99,0.0,59.99
O001641,C00531,S03,2025-08-29 17:30:36,in_store,PR-2025-07,2,145.98,29.2,116.78
O001642,C00536,WEB,2025-08-29 17:37:43,online,PR-2025-07,1,39.99,8.0,31.99
O001643,C00255,S14,2025-08-29 17:49:02,in_store,PR-2025-07,1,89.99,18.0,71.99
O001644,C00839,S13,2025-08-29 18:40:09,in_store,PR-2025-06,2,109.98,4.5,105.48
O001645,C00832,S07,2025-08-29 18:42:20,in_store,,2,99.98,0.0,99.98
O001646,C00950,S19,2025-08-29 18:47:15,in_store,PR-2025-07,1,399.99,80.0,319.99
O001647,C00827,S07,2025-08-29 19:49:26,in_store,PR-2025-07,1,179.99,36.0,143.99
O001648,C00500,WEB,2025-08-29 20:44:46,online,PR-2025-07,2,269.98,54.0,215.98
O001649,C00009,WEB,2025-08-29 21:27:12,online,PR-2025-07,3,234.97,47.0,187.97
O001650,C00883,WEB,2025-08-29 21:44:14,online,PR-2025-07,2,319.98,64.0,255.98
O001651,C00975,S13,2025-08-30 11:25:14,in_store,PR-2025-07,3,98.97,19.8,79.17
O001652,C00297,S09,2025-08-30 12:07:57,in_store,PR-2025-07,2,99.98,20.0,79.98
O001653,C00998,S01,2025-08-30 13:04:26,in_store,PR-2025-07,1,89.99,18.0,71.99
O001654,C00199,S21,2025-08-30 13:41:38,in_store,PR-2025-07,1,449.99,90.0,359.99
O001655,C00033,S07,2025-08-30 14:40:22,in_store,,2,119.98,0.0,119.98
O001656,C00196,S03,2025-08-30 16:45:00,in_store,PR-2025-07,4,349.96,70.0,279.96
O001657,C00103,S21,2025-08-30 17:29:55,in_store,,1,129.99,0.0,129.99
O001658,C00171,S21,2025-08-30 17:36:47,in_store,PR-2025-07,3,189.97,38.0,151.97
O001659,C00126,WEB,2025-08-30 18:26:28,online,PR-2025-07,1,449.99,90.0,359.99
O001660,C01072,S08,2025-08-30 18:43:14,in_store,PR-2025-07,1,49.99,10.0,39.99
O001661,C00987,S03,2025-08-30 18:56:39,in_store,PR-2025-07,1,99.99,20.0,79.99
O001662,C00773,WEB,2025-08-30 19:33:22,online,PR-2025-07,2,349.98,70.0,279.98
O001663,C00775,WEB,2025-08-30 22:34:10,online,,1,79.99,0.0,79.99
O001664,C00959,S13,2025-08-31 09:46:12,in_store,,1,79.99,0.0,79.99
O001665,C00008,WEB,2025-08-31 11:45:29,online,PR-2025-07,2,308.98,61.8,247.18
O001666,C00018,S23,2025-08-31 13:36:13,in_store,PR-2025-07,1,199.99,40.0,159.99
O001667,C00352,S15,2025-08-31 13:44:25,in_store,PR-2025-07,1,19.99,4.0,15.99
O001668,C00515,S13,2025-08-31 13:46:52,in_store,PR-2025-07,1,79.99,16.0,63.99
O001669,C00416,S21,2025-08-31 14:22:58,in_store,,1,199.99,0.0,199.99
O001670,C00043,S23,2025-08-31 15:18:10,in_store,PR-2025-07,1,19.99,4.0,15.99
O001671,C00958,S22,2025-08-31 15:26:13,in_store,,3,199.97,0.0,199.97
O001672,C00566,S22,2025-08-31 15:40:00,in_store,PR-2025-07,4,369.96,74.0,295.96
O001673,C00056,S22,2025-08-31 16:34:24,in_store,,1,349.99,0.0,349.99
O001674,C00363,S20,2025-08-31 16:50:02,in_store,PR-2025-07,3,178.97,35.8,143.17
O001675,C00775,WEB,2025-08-31 19:06:02,online,PR-2025-07,1,59.99,12.0,47.99
O001676,C00813,WEB,2025-08-31 19:07:33,online,PR-2025-07,3,669.97,134.0,535.97
O001677,C00539,S12,2025-08-31 19:45:18,in_store,,1,44.99,0.0,44.99
O001678,C00978,S07,2025-08-31 19:47:26,in_store,,1,139.99,0.0,139.99
O001679,C00784,S14,2025-09-01 10:20:09,in_store,PR-2025-07,1,69.99,14.0,55.99
O001680,C01063,WEB,2025-09-01 11:18:05,online,PR-2025-07,1,19.99,4.0,15.99
O001681,C00588,S12,2025-09-01 11:54:36,in_store,PR-2025-07,1,55.99,11.2,44.79
O001682,C00072,S22,2025-09-01 13:11:20,in_store,,1,38.99,0.0,38.99
O001683,C00799,S19,2025-09-01 13:12:42,in_store,PR-2025-07,4,898.96,179.8,719.16
O001684,C00751,WEB,2025-09-01 13:42:58,online,PR-2025-07,1,14.99,3.0,11.99
O001685,C00741,S20,2025-09-01 14:07:17,in_store,,1,39.99,0.0,39.99
O001686,C00439,S23,2025-09-01 14:38:43,in_store,,1,129.99,0.0,129.99
O001687,C00334,S02,2025-09-01 16:16:53,in_store,,1,24.99,0.0,24.99
O001688,C00749,S10,2025-09-01 17:02:46,in_store,PR-2025-07,1,58.99,11.8,47.19
O001689,C00247,S16,2025-09-01 18:32:11,in_store,PR-2025-07,1,89.99,18.0,71.99
O001690,C00727,S17,2025-09-01 19:02:45,in_store,,1,79.99,0.0,79.99
O001691,C00242,WEB,2025-09-01 19:44:35,online,PR-2025-07,1,49.99,10.0,39.99
O001692,C00352,S15,2025-09-01 19:59:24,in_store,PR-2025-07,1,59.99,12.0,47.99
O001693,C00937,S18,2025-09-02 09:41:21,in_store,,2,218.98,0.0,218.98
O001694,C00758,S03,2025-09-02 10:00:51,in_store,,1,349.99,0.0,349.99
O001695,C00363,S20,2025-09-02 11:18:10,in_store,,2,74.98,0.0,74.98
O001696,C00422,S11,2025-09-02 12:07:18,in_store,,1,49.99,0.0,49.99
O001697,C00345,S08,2025-09-02 14:45:51,in_store,PR-2025-07,1,58.99,11.8,47.19
O001698,C01032,WEB,2025-09-02 14:51:49,online,PR-2025-07,1,39.99,8.0,31.99
O001699,C00444,S16,2025-09-02 15:20:55,in_store,PR-2025-07,1,149.99,30.0,119.99
O001700,C00931,S13,2025-09-02 16:57:21,in_store,PR-2025-07,1,349.99,70.0,279.99
O001701,C00774,S10,2025-09-02 17:09:32,in_store,,2,419.98,0.0,419.98
O001702,C00431,S10,2025-09-02 17:26:43,in_store,PR-2025-07,1,128.99,25.8,103.19
O001703,C00784,S14,2025-09-02 18:34:54,in_store,PR-2025-07,2,799.98,160.0,639.98
O001704,C00538,WEB,2025-09-02 22:53:44,online,,2,69.98,0.0,69.98
O001705,C00656,WEB,2025-09-03 08:58:23,online,,1,49.99,0.0,49.99
O001706,C00373,WEB,2025-09-03 11:05:47,online,PR-2025-07,2,209.98,42.0,167.98
O001707,C00775,WEB,2025-09-03 12:49:13,online,,1,39.99,0.0,39.99
O001708,C00848,S05,2025-09-03 13:12:01,in_store,PR-2025-07,2,109.98,22.0,87.98
O001709,C00589,S01,2025-09-03 15:02:58,in_store,PR-2025-07,1,55.99,11.2,44.79
O001710,C00852,WEB,2025-09-03 15:46:59,online,,2,159.98,0.0,159.98
O001711,C00360,S08,2025-09-03 16:13:46,in_store,PR-2025-07,1,79.99,16.0,63.99
O001712,C01077,S13,2025-09-03 16:30:28,in_store,,1,39.99,0.0,39.99
O001713,C00350,S22,2025-09-03 16:34:58,in_store,PR-2025-07,1,19.99,4.0,15.99
O001714,C00670,S05,2025-09-03 16:56:14,in_store,PR-2025-07,3,259.97,52.0,207.97
O001715,C00764,S17,2025-09-03 17:28:54,in_store,PR-2025-07,1,179.99,36.0,143.99
O001716,C00411,WEB,2025-09-03 18:19:47,online,,1,24.99,0.0,24.99
O001717,C00989,S02,2025-09-03 18:58:33,in_store,,3,219.97,0.0,219.97
O001718,C00682,WEB,2025-09-03 20:02:55,online,,1,29.99,0.0,29.99
O001719,C00988,WEB,2025-09-03 20:28:14,online,,2,114.98,0.0,114.98
O001720,C01078,S07,2025-09-04 11:30:57,in_store,PR-2025-07,1,179.99,36.0,143.99
O001721,C00991,S06,2025-09-04 12:35:57,in_store,PR-2025-07,3,469.97,94.0,375.97
O001722,C00903,S06,2025-09-04 13:05:00,in_store,,1,69.99,0.0,69.99
O001723,C00844,S21,2025-09-04 13:38:21,in_store,,1,199.99,0.0,199.99
O001724,C00402,S07,2025-09-04 14:57:03,in_store,PR-2025-07,2,149.98,30.0,119.98
O001725,C00789,S09,2025-09-04 15:32:39,in_store,,1,89.99,0.0,89.99
O001726,C00013,S21,2025-09-04 16:28:35,in_store,,6,389.94,0.0,389.94
O001727,C00795,S03,2025-09-04 17:16:04,in_store,PR-2025-07,3,179.97,36.0,143.97
O001728,C00989,S02,2025-09-04 17:16:08,in_store,,3,389.97,0.0,389.97
O001729,C00918,WEB,2025-09-04 17:57:12,online,PR-2025-07,3,129.97,26.0,103.97
O001730,C00760,S12,2025-09-04 20:34:25,in_store,PR-2025-07,1,39.99,8.0,31.99
O001731,C00978,S07,2025-09-04 20:52:40,in_store,PR-2025-07,4,539.96,108.0,431.96
O001732,C00225,WEB,2025-09-04 22:59:39,online,PR-2025-07,4,739.96,148.0,591.96
O001733,C00269,WEB,2025-09-05 08:47:05,online,PR-2025-07,1,79.99,16.0,63.99
O001734,C00291,S11,2025-09-05 12:50:14,in_store,PR-2025-07,1,399.99,80.0,319.99
O001735,C00163,S12,2025-09-05 13:01:36,in_store,PR-2025-07,1,89.99,18.0,71.99
O001736,C00810,S04,2025-09-05 13:42:37,in_store,,2,489.98,0.0,489.98
O001737,C00013,S21,2025-09-05 14:03:51,in_store,,1,129.99,0.0,129.99
O001738,C00575,S21,2025-09-05 14:10:03,in_store,PR-2025-07,1,149.99,30.0,119.99
O001739,C00333,S14,2025-09-05 16:22:01,in_store,PR-2025-07,1,129.99,26.0,103.99
O001740,C01028,S06,2025-09-05 16:58:34,in_store,PR-2025-07,2,144.98,29.0,115.98
O001741,C00159,S13,2025-09-05 19:22:18,in_store,,1,199.99,0.0,199.99
O001742,C01020,WEB,2025-09-06 11:43:31,online,PR-2025-07,1,59.99,12.0,47.99
O001743,C00519,S16,2025-09-06 12:19:25,in_store,PR-2025-07,4,814.96,163.0,651.96
O001744,C00359,S21,2025-09-06 12:51:41,in_store,PR-2025-07,1,89.99,18.0,71.99
O001745,C00417,S14,2025-09-06 13:17:22,in_store,PR-2025-07,1,59.99,12.0,47.99
O001746,C01061,WEB,2025-09-06 13:22:51,online,,3,74.97,0.0,74.97
O001747,C00968,S23,2025-09-06 14:20:24,in_store,PR-2025-07,3,304.97,61.0,243.97
O001748,C00087,WEB,2025-09-06 14:45:38,online,PR-2025-07,1,24.99,5.0,19.99
O001749,C00007,S13,2025-09-06 16:09:07,in_store,PR-2025-07,1,19.99,4.0,15.99
O001750,C00488,S21,2025-09-06 17:31:19,in_store,PR-2025-07,1,1299.99,260.0,1039.99
O001751,C01076,S09,2025-09-06 17:39:55,in_store,PR-2025-07,1,119.99,24.0,95.99
O001752,C00706,WEB,2025-09-06 18:08:09,online,PR-2025-07,1,14.99,3.0,11.99
O001753,C00411,WEB,2025-09-06 18:15:03,online,,2,117.98,0.0,117.98
O001754,C00804,S21,2025-09-07 10:23:49,in_store,,1,24.99,0.0,24.99
O001755,C00933,WEB,2025-09-07 10:31:10,online,PR-2025-07,4,544.96,109.0,435.96
O001756,C00579,S13,2025-09-07 10:58:23,in_store,PR-2025-07,4,419.96,84.0,335.96
O001757,C00444,S16,2025-09-07 11:51:19,in_store,PR-2025-07,1,69.99,14.0,55.99
O001758,C00567,S16,2025-09-07 12:17:51,in_store,,7,1009.93,0.0,1009.93
O001759,C00963,WEB,2025-09-07 12:19:27,online,,2,218.98,0.0,218.98
O001760,C00518,S03,2025-09-07 12:40:47,in_store,PR-2025-07,1,89.99,18.0,71.99
O001761,C00745,S07,2025-09-07 14:09:31,in_store,,1,49.99,0.0,49.99
O001762,C00877,S21,2025-09-07 15:18:53,in_store,PR-2025-07,2,989.98,198.0,791.98
O001763,C00297,S09,2025-09-07 16:01:19,in_store,,1,99.99,0.0,99.99
O001764,C00730,S07,2025-09-07 16:55:00,in_store,PR-2025-07,2,118.98,23.8,95.18
O001765,C00458,S12,2025-09-07 17:09:11,in_store,PR-2025-07,1,59.99,12.0,47.99
O001766,C00258,WEB,2025-09-07 18:02:50,online,PR-2025-07,1,19.99,4.0,15.99
O001767,C00666,WEB,2025-09-07 18:14:15,online,,2,118.98,0.0,118.98
O001768,C00566,S22,2025-09-07 19:45:01,in_store,PR-2025-07,1,89.99,18.0,71.99
O001769,C00718,WEB,2025-09-07 19:52:53,online,PR-2025-07,2,279.98,56.0,223.98
O001770,C00411,WEB,2025-09-07 22:18:47,online,PR-2025-07,1,79.99,16.0,63.99
O001771,C00137,WEB,2025-09-08 11:10:25,online,,1,149.99,0.0,149.99
O001772,C00256,S04,2025-09-08 11:33:55,in_store,,2,84.98,0.0,84.98
O001773,C00242,WEB,2025-09-08 11:37:29,online,,1,299.99,0.0,299.99
O001774,C00532,S07,2025-09-08 12:48:58,in_store,,2,129.98,0.0,129.98
O001775,C00749,S08,2025-09-08 13:09:20,in_store,,3,103.97,0.0,103.97
O001776,C00642,S09,2025-09-08 13:53:00,in_store,,1,19.99,0.0,19.99
O001777,C00497,S23,2025-09-08 14:03:46,in_store,,1,59.99,0.0,59.99
O001778,C01061,S08,2025-09-08 16:56:03,in_store,,2,49.98,0.0,49.98
O001779,C00805,S15,2025-09-08 16:59:31,in_store,,1,59.99,0.0,59.99
O001780,C00789,S07,2025-09-08 17:20:43,in_store,,1,49.99,0.0,49.99
O001781,C00697,S08,2025-09-08 17:58:30,in_store,,1,199.99,0.0,199.99
O001782,C01024,S07,2025-09-08 18:52:01,in_store,,2,149.98,0.0,149.98
O001783,C01064,WEB,2025-09-09 11:54:39,online,,1,59.99,0.0,59.99
O001784,C00082,WEB,2025-09-09 16:28:04,online,,4,449.96,0.0,449.96
O001785,C01027,S07,2025-09-09 19:01:47,in_store,,1,199.99,0.0,199.99
O001786,C00921,WEB,2025-09-09 22:31:41,online,,2,69.98,0.0,69.98
O001787,C00977,WEB,2025-09-10 10:43:04,online,,3,329.97,0.0,329.97
O001788,C00983,WEB,2025-09-10 11:03:28,online,,2,139.98,0.0,139.98
O001789,C00115,S23,2025-09-10 11:16:40,in_store,,1,59.99,0.0,59.99
O001790,C00698,S13,2025-09-10 11:17:55,in_store,,2,138.98,0.0,138.98
O001791,C00573,S19,2025-09-10 11:56:52,in_store,,3,179.97,0.0,179.97
O001792,C00406,WEB,2025-09-10 13:37:22,online,,1,199.99,0.0,199.99
O001793,C00886,S07,2025-09-10 16:24:44,in_store,,1,39.99,0.0,39.99
O001794,C00544,WEB,2025-09-10 16:28:42,online,,1,43.99,0.0,43.99
O001795,C00098,S06,2025-09-10 16:44:44,in_store,,1,99.99,0.0,99.99
O001796,C00852,WEB,2025-09-10 17:35:21,online,,1,54.99,0.0,54.99
O001797,C00958,S21,2025-09-10 18:09:11,in_store,,1,89.99,0.0,89.99
O001798,C00435,WEB,2025-09-10 18:09:47,online,,1,139.99,0.0,139.99
O001799,C00030,S19,2025-09-10 20:03:57,in_store,,4,178.96,0.0,178.96
O001800,C00465,WEB,2025-09-10 21:04:57,online,,1,89.99,0.0,89.99
O001801,C00009,WEB,2025-09-11 00:31:17,online,,1,129.99,0.0,129.99
O001802,C00184,WEB,2025-09-11 10:51:01,online,,2,309.98,0.0,309.98
O001803,C00254,S21,2025-09-11 14:02:54,in_store,,1,49.99,0.0,49.99
O001804,C00228,S13,2025-09-11 16:26:26,in_store,,1,43.99,0.0,43.99
O001805,C01079,S13,2025-09-11 16:28:01,in_store,,1,129.99,0.0,129.99
O001806,C00579,S18,2025-09-11 17:04:27,in_store,,1,349.99,0.0,349.99
O001807,C00788,S06,2025-09-11 17:24:17,in_store,,4,194.96,0.0,194.96
O001808,C00268,WEB,2025-09-11 17:50:03,online,,1,189.99,0.0,189.99
O001809,C00776,WEB,2025-09-12 07:11:09,online,,2,529.98,0.0,529.98
O001810,C00540,WEB,2025-09-12 09:19:40,online,,1,399.99,0.0,399.99
O001811,C00687,WEB,2025-09-12 09:41:16,online,,1,39.99,0.0,39.99
O001812,C00252,S05,2025-09-12 10:59:36,in_store,,1,149.99,0.0,149.99
O001813,C00420,S05,2025-09-12 12:06:13,in_store,,1,29.99,0.0,29.99
O001814,C00606,S12,2025-09-12 12:24:03,in_store,,1,139.99,0.0,139.99
O001815,C01080,S06,2025-09-12 12:48:13,in_store,,1,59.99,0.0,59.99
O001816,C01027,S07,2025-09-12 13:09:25,in_store,,2,158.98,0.0,158.98
O001817,C00596,WEB,2025-09-12 13:21:17,online,,1,89.99,0.0,89.99
O001818,C00745,S07,2025-09-12 14:02:28,in_store,,1,19.99,0.0,19.99
O001819,C00467,S13,2025-09-12 15:49:48,in_store,,2,139.98,0.0,139.98
O001820,C00852,S07,2025-09-12 16:52:26,in_store,,1,149.99,0.0,149.99
O001821,C00386,S08,2025-09-12 18:24:47,in_store,,1,49.99,0.0,49.99
O001822,C00542,WEB,2025-09-12 20:04:46,online,,1,79.99,0.0,79.99
O001823,C00790,WEB,2025-09-12 20:15:38,online,,3,254.97,0.0,254.97
O001824,C00637,S07,2025-09-13 10:18:37,in_store,,1,199.99,0.0,199.99
O001825,C01050,S15,2025-09-13 11:59:22,in_store,,1,189.99,0.0,189.99
O001826,C00502,WEB,2025-09-13 12:25:08,online,,2,129.98,0.0,129.98
O001827,C00392,S07,2025-09-13 16:17:53,in_store,,1,179.99,0.0,179.99
O001828,C00803,S06,2025-09-13 16:47:35,in_store,,3,629.97,0.0,629.97
O001829,C00233,S03,2025-09-13 17:17:30,in_store,,1,299.99,0.0,299.99
O001830,C00747,WEB,2025-09-13 18:13:18,online,,2,489.98,0.0,489.98
O001831,C00652,WEB,2025-09-13 21:09:35,online,,1,19.99,0.0,19.99
O001832,C00620,WEB,2025-09-13 21:13:16,online,,2,899.98,0.0,899.98
O001833,C00345,S08,2025-09-14 12:17:09,in_store,,2,254.98,0.0,254.98
O001834,C00418,S21,2025-09-14 12:21:32,in_store,,2,139.98,0.0,139.98
O001835,C01082,S20,2025-09-14 14:00:42,in_store,,1,79.99,0.0,79.99
O001836,C00919,S21,2025-09-14 15:03:13,in_store,,1,449.99,0.0,449.99
O001837,C01081,S07,2025-09-14 15:19:31,in_store,,2,409.98,0.0,409.98
O001838,C00888,S03,2025-09-14 15:52:58,in_store,,3,169.97,0.0,169.97
O001839,C00877,S21,2025-09-14 16:03:00,in_store,,1,199.99,0.0,199.99
O001840,C00975,S13,2025-09-14 16:23:52,in_store,,1,49.99,0.0,49.99
O001841,C00456,WEB,2025-09-14 17:30:49,online,,1,59.99,0.0,59.99
O001842,C00457,S21,2025-09-15 11:29:16,in_store,,1,19.99,0.0,19.99
O001843,C00516,S06,2025-09-15 11:34:09,in_store,,1,39.99,0.0,39.99
O001844,C00969,S21,2025-09-15 12:01:12,in_store,,3,164.97,0.0,164.97
O001845,C00545,S13,2025-09-15 14:26:05,in_store,,1,189.99,0.0,189.99
O001846,C00032,S22,2025-09-15 14:49:30,in_store,,1,149.99,0.0,149.99
O001847,C00775,S12,2025-09-15 15:06:08,in_store,,4,234.96,0.0,234.96
O001848,C00454,S21,2025-09-15 16:25:17,in_store,,1,299.99,0.0,299.99
O001849,C00417,S14,2025-09-15 17:30:58,in_store,,2,149.98,0.0,149.98
O001850,C00805,S15,2025-09-15 19:15:43,in_store,,1,19.99,0.0,19.99
O001851,C00586,S17,2025-09-16 11:57:24,in_store,,1,94.99,0.0,94.99
O001852,C00027,S13,2025-09-16 12:57:20,in_store,,1,24.99,0.0,24.99
O001853,C00353,S06,2025-09-16 13:40:43,in_store,,1,59.99,0.0,59.99
O001854,C01040,S03,2025-09-16 18:13:35,in_store,,1,59.99,0.0,59.99
O001855,C00695,S09,2025-09-16 18:37:44,in_store,,3,214.97,0.0,214.97
O001856,C00603,S21,2025-09-16 18:48:48,in_store,,1,199.99,0.0,199.99
O001857,C00838,WEB,2025-09-16 20:31:03,online,,1,34.99,0.0,34.99
O001858,C00137,WEB,2025-09-16 21:39:39,online,,3,369.97,0.0,369.97
O001859,C00921,WEB,2025-09-16 23:45:39,online,,2,209.98,0.0,209.98
O001860,C00833,S01,2025-09-17 11:22:57,in_store,,1,139.99,0.0,139.99
O001861,C01085,S04,2025-09-17 11:35:54,in_store,,1,49.99,0.0,49.99
O001862,C00597,S22,2025-09-17 11:53:14,in_store,,1,179.99,0.0,179.99
O001863,C00642,S09,2025-09-17 16:21:33,in_store,,2,99.98,0.0,99.98
O001864,C00329,S03,2025-09-17 18:07:30,in_store,,1,199.99,0.0,199.99
O001865,C00720,WEB,2025-09-17 19:50:49,online,,2,59.98,0.0,59.98
O001866,C00472,WEB,2025-09-17 20:45:34,online,,2,149.98,0.0,149.98
O001867,C00473,WEB,2025-09-17 23:01:17,online,,2,399.98,0.0,399.98
O001868,C00880,WEB,2025-09-18 01:10:35,online,,1,19.99,0.0,19.99
O001869,C00444,S16,2025-09-18 11:37:26,in_store,,1,129.99,0.0,129.99
O001870,C00249,S04,2025-09-18 11:58:47,in_store,,3,164.97,0.0,164.97
O001871,C00297,S09,2025-09-18 12:13:36,in_store,,1,329.99,0.0,329.99
O001872,C00406,S01,2025-09-18 12:37:07,in_store,,1,79.99,0.0,79.99
O001873,C00812,S17,2025-09-18 15:47:29,in_store,,4,274.96,0.0,274.96
O001874,C00447,S24,2025-09-18 16:48:57,in_store,,1,69.99,0.0,69.99
O001875,C00961,S13,2025-09-18 19:12:29,in_store,,1,329.99,0.0,329.99
O001876,C01086,WEB,2025-09-18 20:28:33,online,,2,529.98,0.0,529.98
O001877,C00687,WEB,2025-09-18 21:54:40,online,,1,79.99,0.0,79.99
O001878,C00483,WEB,2025-09-19 10:37:51,online,,1,128.99,0.0,128.99
O001879,C01070,S14,2025-09-19 10:39:14,in_store,,1,799.99,0.0,799.99
O001880,C00905,S02,2025-09-19 11:16:47,in_store,,1,79.99,0.0,79.99
O001881,C00431,S10,2025-09-19 11:49:12,in_store,,4,216.96,0.0,216.96
O001882,C00232,S07,2025-09-19 12:08:09,in_store,,1,349.99,0.0,349.99
O001883,C00846,S07,2025-09-19 13:01:44,in_store,,1,89.99,0.0,89.99
O001884,C01027,S08,2025-09-19 16:31:46,in_store,,2,99.98,0.0,99.98
O001885,C00888,S03,2025-09-19 17:40:37,in_store,,4,332.96,0.0,332.96
O001886,C00959,S13,2025-09-19 18:49:04,in_store,,1,19.99,0.0,19.99
O001887,C01086,WEB,2025-09-19 20:35:30,online,,1,599.99,0.0,599.99
O001888,C00700,S20,2025-09-20 10:59:54,in_store,,1,449.99,0.0,449.99
O001889,C01051,S06,2025-09-20 11:16:40,in_store,,1,149.99,0.0,149.99
O001890,C00154,S21,2025-09-20 11:17:19,in_store,,1,183.99,0.0,183.99
O001891,C00913,WEB,2025-09-20 12:08:08,online,,4,134.96,0.0,134.96
O001892,C00525,S14,2025-09-20 12:40:09,in_store,,1,89.99,0.0,89.99
O001893,C00324,S24,2025-09-20 13:11:16,in_store,,3,549.97,0.0,549.97
O001894,C00844,S20,2025-09-20 13:15:28,in_store,,1,49.99,0.0,49.99
O001895,C00373,S12,2025-09-20 14:11:12,in_store,,1,399.99,0.0,399.99
O001896,C01087,S24,2025-09-20 15:14:52,in_store,,1,199.99,0.0,199.99
O001897,C00789,S09,2025-09-20 15:34:52,in_store,,1,59.99,0.0,59.99
O001898,C00606,S12,2025-09-20 16:33:39,in_store,,1,79.99,0.0,79.99
O001899,C00641,WEB,2025-09-20 16:34:38,online,,1,399.99,0.0,399.99
O001900,C00516,S06,2025-09-20 16:38:30,in_store,,1,89.99,0.0,89.99
O001901,C00610,S16,2025-09-20 17:05:19,in_store,,2,119.98,0.0,119.98
O001902,C00810,S01,2025-09-20 18:18:28,in_store,,1,139.99,0.0,139.99
O001903,C00353,WEB,2025-09-20 18:32:10,online,,1,89.99,0.0,89.99
O001904,C00080,S19,2025-09-20 19:08:30,in_store,,1,89.99,0.0,89.99
O001905,C00984,S07,2025-09-20 20:56:25,in_store,,4,184.96,0.0,184.96
O001906,C00116,S20,2025-09-20 20:57:18,in_store,,2,64.98,0.0,64.98
O001907,C00469,WEB,2025-09-20 22:34:35,online,,2,79.98,0.0,79.98
O001908,C00495,S01,2025-09-21 09:17:55,in_store,,2,109.98,0.0,109.98
O001909,C00167,WEB,2025-09-21 10:56:09,online,,1,99.99,0.0,99.99
O001910,C00735,S21,2025-09-21 11:30:44,in_store,,1,43.99,0.0,43.99
O001911,C00470,S21,2025-09-21 12:05:23,in_store,,5,359.95,0.0,359.95
O001912,C00642,S09,2025-09-21 12:31:41,in_store,,4,269.96,0.0,269.96
O001913,C00196,S03,2025-09-21 13:28:57,in_store,,2,29.98,0.0,29.98
O001914,C00672,S01,2025-09-21 17:05:05,in_store,,3,88.97,0.0,88.97
O001915,C00829,S08,2025-09-21 17:17:23,in_store,,1,59.99,0.0,59.99
O001916,C01088,S13,2025-09-21 17:25:41,in_store,,2,94.98,0.0,94.98
O001917,C00696,WEB,2025-09-21 18:01:47,online,,3,279.97,0.0,279.97
O001918,C00248,WEB,2025-09-21 21:38:09,online,,1,19.99,0.0,19.99
O001919,C00545,WEB,2025-09-21 21:55:12,online,,1,449.99,0.0,449.99
O001920,C01006,WEB,2025-09-21 23:20:54,online,,4,318.96,0.0,318.96
O001921,C00172,S23,2025-09-22 11:55:26,in_store,,1,149.99,0.0,149.99
O001922,C00045,S14,2025-09-22 15:40:39,in_store,,3,129.97,0.0,129.97
O001923,C00171,S21,2025-09-22 16:21:19,in_store,,2,349.98,0.0,349.98
O001924,C00995,WEB,2025-09-22 21:48:26,online,,1,14.99,0.0,14.99
O001925,C00905,S02,2025-09-23 10:03:09,in_store,,1,58.99,0.0,58.99
O001926,C00393,S20,2025-09-23 11:03:54,in_store,,1,19.99,0.0,19.99
O001927,C00750,S17,2025-09-23 11:12:43,in_store,,4,188.96,0.0,188.96
O001928,C00891,S07,2025-09-23 12:09:35,in_store,,4,279.96,0.0,279.96
O001929,C00738,S10,2025-09-23 12:37:45,in_store,,1,59.99,0.0,59.99
O001930,C00247,S13,2025-09-23 14:14:15,in_store,,1,229.99,0.0,229.99
O001931,C00790,WEB,2025-09-23 15:08:29,online,,4,229.96,0.0,229.96
O001932,C00731,S23,2025-09-23 15:26:16,in_store,,3,609.97,0.0,609.97
O001933,C01089,S01,2025-09-23 16:37:16,in_store,,2,99.98,0.0,99.98
O001934,C01057,WEB,2025-09-23 18:41:19,online,,1,59.99,0.0,59.99
O001935,C00267,WEB,2025-09-23 20:38:14,online,,2,199.98,0.0,199.98
O001936,C00603,S21,2025-09-24 10:13:06,in_store,,2,223.98,0.0,223.98
O001937,C00176,S08,2025-09-24 10:31:44,in_store,,3,219.97,0.0,219.97
O001938,C00996,WEB,2025-09-24 11:28:49,online,,1,139.99,0.0,139.99
O001939,C00303,S07,2025-09-24 13:12:55,in_store,,1,19.99,0.0,19.99
O001940,C00839,S13,2025-09-24 13:48:01,in_store,,1,59.99,0.0,59.99
O001941,C00802,S22,2025-09-24 13:56:58,in_store,,1,69.99,0.0,69.99
O001942,C00662,S01,2025-09-24 15:21:15,in_store,,1,79.99,0.0,79.99
O001943,C00276,S20,2025-09-24 15:47:40,in_store,,1,14.99,0.0,14.99
O001944,C00548,S22,2025-09-24 17:55:38,in_store,,2,359.98,0.0,359.98
O001945,C00189,S01,2025-09-24 20:16:30,in_store,,1,149.99,0.0,149.99
O001946,C00008,WEB,2025-09-24 22:28:32,online,,2,99.98,0.0,99.98
O001947,C00536,WEB,2025-09-24 22:46:43,online,,3,229.97,0.0,229.97
O001948,C00862,S02,2025-09-25 12:02:59,in_store,,3,179.97,0.0,179.97
O001949,C00184,S20,2025-09-25 12:36:40,in_store,,2,139.98,0.0,139.98
O001950,C00142,S22,2025-09-25 13:12:49,in_store,,3,149.97,0.0,149.97
O001951,C00885,WEB,2025-09-25 16:44:08,online,,1,59.99,0.0,59.99
O001952,C00776,WEB,2025-09-25 17:07:54,online,,2,399.98,0.0,399.98
O001953,C00136,WEB,2025-09-25 17:43:50,online,,1,55.99,0.0,55.99
O001954,C00603,S21,2025-09-25 17:57:40,in_store,,1,199.99,0.0,199.99
O001955,C00903,S06,2025-09-25 20:05:11,in_store,,1,129.99,0.0,129.99
O001956,C00457,S21,2025-09-25 20:06:44,in_store,,4,278.96,0.0,278.96
O001957,C00537,WEB,2025-09-26 01:30:34,online,,1,59.99,0.0,59.99
O001958,C00214,S17,2025-09-26 12:24:24,in_store,,1,449.99,0.0,449.99
O001959,C00886,S07,2025-09-26 13:50:15,in_store,,1,59.99,0.0,59.99
O001960,C00545,S15,2025-09-26 16:17:30,in_store,,1,449.99,0.0,449.99
O001961,C00540,S19,2025-09-26 17:59:39,in_store,,3,179.97,0.0,179.97
O001962,C00725,S03,2025-09-26 18:38:46,in_store,,1,24.99,0.0,24.99
O001963,C00766,S20,2025-09-26 18:57:44,in_store,,1,129.99,0.0,129.99
O001964,C00107,S13,2025-09-26 20:40:49,in_store,,1,149.99,0.0,149.99
O001965,C00651,S07,2025-09-27 12:14:47,in_store,,1,59.99,0.0,59.99
O001966,C00444,S16,2025-09-27 15:00:24,in_store,,3,513.97,0.0,513.97
O001967,C01090,S07,2025-09-27 15:42:12,in_store,,1,29.99,0.0,29.99
O001968,C00069,S18,2025-09-27 18:33:43,in_store,,1,89.99,0.0,89.99
O001969,C00773,WEB,2025-09-27 20:00:52,online,,2,189.98,0.0,189.98
O001970,C00811,S22,2025-09-28 09:08:04,in_store,,1,39.99,0.0,39.99
O001971,C00794,S07,2025-09-28 10:35:39,in_store,,1,43.99,0.0,43.99
O001972,C01070,S14,2025-09-28 12:18:21,in_store,,1,39.99,0.0,39.99
O001973,C01077,WEB,2025-09-28 15:16:03,online,,2,169.98,0.0,169.98
O001974,C00647,S06,2025-09-28 17:16:52,in_store,,2,109.98,0.0,109.98
O001975,C00903,S06,2025-09-28 18:24:43,in_store,,1,19.99,0.0,19.99
O001976,C00156,S18,2025-09-28 18:29:20,in_store,,3,114.97,0.0,114.97
O001977,C00431,S10,2025-09-28 18:55:49,in_store,,1,129.99,0.0,129.99
O001978,C00284,S10,2025-09-28 18:57:01,in_store,,2,109.98,0.0,109.98
O001979,C00652,WEB,2025-09-28 20:58:03,online,,2,319.98,0.0,319.98
O001980,C00618,WEB,2025-09-29 10:54:52,online,,1,69.99,0.0,69.99
O001981,C00128,S21,2025-09-29 10:56:50,in_store,,1,99.99,0.0,99.99
O001982,C00126,WEB,2025-09-29 11:06:24,online,,1,349.99,0.0,349.99
O001983,C00775,WEB,2025-09-29 11:21:58,online,,3,159.97,0.0,159.97
O001984,C00969,S24,2025-09-29 16:02:11,in_store,,1,19.99,0.0,19.99
O001985,C00603,S21,2025-09-29 17:36:32,in_store,,2,379.98,0.0,379.98
O001986,C00875,WEB,2025-09-29 17:50:56,online,,1,49.99,0.0,49.99
O001987,C00581,S09,2025-09-29 19:01:17,in_store,,1,149.99,0.0,149.99
O001988,C00911,WEB,2025-09-29 21:57:53,online,,5,354.95,0.0,354.95
O001989,C00227,WEB,2025-09-29 22:41:32,online,,3,509.97,0.0,509.97
O001990,C00228,S14,2025-09-30 09:58:26,in_store,,2,89.98,0.0,89.98
O001991,C00742,S15,2025-09-30 11:43:54,in_store,,3,359.97,0.0,359.97
O001992,C00696,WEB,2025-09-30 12:01:42,online,,1,59.99,0.0,59.99
O001993,C00880,WEB,2025-09-30 13:06:12,online,,1,39.99,0.0,39.99
O001994,C00233,WEB,2025-09-30 13:11:50,online,,1,29.99,0.0,29.99
O001995,C00429,S08,2025-09-30 13:19:14,in_store,,1,69.99,0.0,69.99
O001996,C00891,S07,2025-09-30 15:56:17,in_store,,3,254.97,0.0,254.97
O001997,C01076,S09,2025-09-30 16:09:22,in_store,,4,279.96,0.0,279.96
O001998,C00642,S09,2025-09-30 18:17:26,in_store,,2,139.98,0.0,139.98
O001999,C00586,S17,2025-09-30 19:44:28,in_store,,1,29.99,0.0,29.99
O002000,C00467,S13,2025-09-30 20:55:41,in_store,,6,1129.94,0.0,1129.94
O002001,C00473,WEB,2025-10-01 08:17:02,online,,1,199.99,0.0,199.99
O002002,C00504,WEB,2025-10-01 08:36:19,online,,1,79.99,0.0,79.99
O002003,C00043,S23,2025-10-01 13:52:29,in_store,,1,49.99,0.0,49.99
O002004,C00590,WEB,2025-10-01 14:18:52,online,,1,149.99,0.0,149.99
O002005,C00281,S01,2025-10-01 14:34:15,in_store,,2,508.98,0.0,508.98
O002006,C01091,WEB,2025-10-01 14:44:15,online,,1,59.99,0.0,59.99
O002007,C00032,S22,2025-10-01 15:46:01,in_store,,1,89.99,0.0,89.99
O002008,C00343,S10,2025-10-01 16:18:21,in_store,,4,1509.96,0.0,1509.96
O002009,C00872,S01,2025-10-01 16:37:24,in_store,,1,349.99,0.0,349.99
O002010,C00972,S17,2025-10-01 16:41:12,in_store,,3,433.97,0.0,433.97
O002011,C01092,S22,2025-10-01 16:54:17,in_store,,3,264.97,0.0,264.97
O002012,C00328,WEB,2025-10-01 17:10:55,online,,1,39.99,0.0,39.99
O002013,C01019,S11,2025-10-01 18:48:09,in_store,,3,419.97,0.0,419.97
O002014,C00318,S04,2025-10-02 11:23:41,in_store,PR-2025-08,4,219.96,13.5,206.46
O002015,C00320,S12,2025-10-02 11:58:08,in_store,,1,349.99,0.0,349.99
O002016,C00033,S07,2025-10-02 12:25:46,in_store,,1,199.99,0.0,199.99
O002017,C00353,S06,2025-10-02 15:01:48,in_store,,1,79.99,0.0,79.99
O002018,C01093,WEB,2025-10-02 16:51:34,online,,1,99.99,0.0,99.99
O002019,C00327,WEB,2025-10-02 18:21:44,online,,1,129.99,0.0,129.99
O002020,C00540,WEB,2025-10-02 18:51:24,online,,1,449.99,0.0,449.99
O002021,C00849,S13,2025-10-03 09:38:29,in_store,,4,394.96,0.0,394.96
O002022,C00569,WEB,2025-10-03 09:49:06,online,,1,49.99,0.0,49.99
O002023,C00145,S15,2025-10-03 11:11:09,in_store,PR-2025-08,1,39.99,6.0,33.99
O002024,C00647,S06,2025-10-03 11:19:55,in_store,,1,79.99,0.0,79.99
O002025,C00438,S08,2025-10-03 11:51:21,in_store,,1,189.99,0.0,189.99
O002026,C00579,S18,2025-10-03 12:46:57,in_store,,4,329.96,0.0,329.96
O002027,C00829,S08,2025-10-03 13:32:54,in_store,PR-2025-08,3,158.97,6.0,152.97
O002028,C00727,S17,2025-10-03 14:35:07,in_store,,1,79.99,0.0,79.99
O002029,C00263,S06,2025-10-03 14:36:39,in_store,,1,49.99,0.0,49.99
O002030,C00563,S15,2025-10-03 15:30:38,in_store,,4,279.96,0.0,279.96
O002031,C00961,S17,2025-10-03 16:06:13,in_store,PR-2025-08,1,59.99,9.0,50.99
O002032,C00566,S22,2025-10-03 16:16:16,in_store,,2,79.98,0.0,79.98
O002033,C00624,S21,2025-10-03 19:13:36,in_store,,1,129.99,0.0,129.99
O002034,C01024,S07,2025-10-03 19:54:41,in_store,,3,113.97,0.0,113.97
O002035,C00354,S21,2025-10-03 20:05:13,in_store,,1,79.99,0.0,79.99
O002036,C01050,S15,2025-10-04 11:21:53,in_store,,1,349.99,0.0,349.99
O002037,C00069,S15,2025-10-04 11:49:55,in_store,,5,364.95,0.0,364.95
O002038,C00184,WEB,2025-10-04 11:56:50,online,,1,229.99,0.0,229.99
O002039,C00295,S17,2025-10-04 13:09:18,in_store,PR-2025-08,4,214.96,9.75,205.21
O002040,C00628,S07,2025-10-04 14:19:19,in_store,,1,19.99,0.0,19.99
O002041,C00865,WEB,2025-10-04 17:16:51,online,,1,149.99,0.0,149.99
O002042,C00756,WEB,2025-10-05 00:15:58,online,,1,19.99,0.0,19.99
O002043,C00675,S18,2025-10-05 10:02:21,in_store,,1,49.99,0.0,49.99
O002044,C00213,WEB,2025-10-05 10:46:25,online,,2,209.98,0.0,209.98
O002045,C00790,WEB,2025-10-05 11:14:49,online,,1,59.99,0.0,59.99
O002046,C00591,S11,2025-10-05 12:21:00,in_store,,1,349.99,0.0,349.99
O002047,C01095,WEB,2025-10-05 12:46:33,online,,2,109.98,0.0,109.98
O002048,C00987,S03,2025-10-05 13:10:18,in_store,,1,139.99,0.0,139.99
O002049,C00945,WEB,2025-10-05 13:40:40,online,PR-2025-08,1,119.99,18.0,101.99
O002050,C00919,S20,2025-10-05 14:31:21,in_store,,1,43.99,0.0,43.99
O002051,C00791,S19,2025-10-05 15:02:01,in_store,PR-2025-08,3,159.97,15.0,144.97
O002052,C00652,WEB,2025-10-05 15:04:08,online,PR-2025-08,1,49.99,7.5,42.49
O002053,C00212,S13,2025-10-05 15:15:57,in_store,,3,959.97,0.0,959.97
O002054,C00427,S19,2025-10-05 16:32:03,in_store,,3,94.97,0.0,94.97
O002055,C01051,S06,2025-10-05 17:27:35,in_store,,3,105.97,0.0,105.97
O002056,C00939,S13,2025-10-05 18:46:14,in_store,PR-2025-08,1,49.99,7.5,42.49
O002057,C01094,S13,2025-10-05 19:28:23,in_store,PR-2025-08,2,179.98,27.0,152.98
O002058,C00647,S06,2025-10-05 20:53:23,in_store,,3,129.97,0.0,129.97
O002059,C00392,S07,2025-10-06 11:37:03,in_store,,3,249.97,0.0,249.97
O002060,C00254,S21,2025-10-06 12:03:58,in_store,,3,149.97,0.0,149.97
O002061,C00370,S22,2025-10-06 13:13:23,in_store,PR-2025-08,4,199.96,7.5,192.46
O002062,C00396,WEB,2025-10-06 13:46:56,online,PR-2025-08,3,409.97,9.0,400.97
O002063,C00747,WEB,2025-10-06 14:13:18,online,,1,49.99,0.0,49.99
O002064,C00961,S13,2025-10-06 15:15:32,in_store,,1,129.99,0.0,129.99
O002065,C00459,S22,2025-10-06 16:03:02,in_store,,1,24.99,0.0,24.99
O002066,C01004,S17,2025-10-06 16:05:51,in_store,,1,149.99,0.0,149.99
O002067,C00443,S01,2025-10-06 16:28:44,in_store,,3,143.97,0.0,143.97
O002068,C00645,S17,2025-10-06 17:24:23,in_store,,2,209.98,0.0,209.98
O002069,C00227,S10,2025-10-06 17:30:47,in_store,PR-2025-08,3,99.97,12.0,87.97
O002070,C01041,S21,2025-10-06 17:54:02,in_store,,1,189.99,0.0,189.99
O002071,C00033,S07,2025-10-06 18:55:16,in_store,,2,339.98,0.0,339.98
O002072,C00368,S22,2025-10-06 19:07:21,in_store,,3,239.97,0.0,239.97
O002073,C00655,S03,2025-10-06 19:18:04,in_store,,1,109.99,0.0,109.99
O002074,C01057,WEB,2025-10-06 20:49:50,online,PR-2025-08,2,489.98,13.5,476.48
O002075,C00257,WEB,2025-10-06 21:44:43,online,PR-2025-08,2,449.98,52.5,397.48
O002076,C00399,S07,2025-10-07 10:31:55,in_store,,1,189.99,0.0,189.99
O002077,C00417,S14,2025-10-07 11:21:05,in_store,PR-2025-08,4,684.96,18.0,666.96
O002078,C00249,S04,2025-10-07 12:19:27,in_store,,2,369.98,0.0,369.98
O002079,C00044,S10,2025-10-07 15:38:02,in_store,,1,129.99,0.0,129.99
O002080,C00805,S15,2025-10-07 16:50:47,in_store,,2,99.98,0.0,99.98
O002081,C00793,S13,2025-10-07 18:02:02,in_store,,1,349.99,0.0,349.99
O002082,C00837,S11,2025-10-07 18:24:13,in_store,,2,509.98,0.0,509.98
O002083,C00342,S21,2025-10-07 18:27:06,in_store,,1,49.99,0.0,49.99
O002084,C00164,S12,2025-10-07 19:05:50,in_store,PR-2025-08,1,14.99,2.25,12.74
O002085,C00720,S03,2025-10-07 19:41:25,in_store,PR-2025-08,1,49.99,7.5,42.49
O002086,C00343,S10,2025-10-07 20:05:30,in_store,,1,89.99,0.0,89.99
O002087,C00638,WEB,2025-10-08 08:10:49,online,,2,69.98,0.0,69.98
O002088,C01053,WEB,2025-10-08 09:56:51,online,,2,364.98,0.0,364.98
O002089,C00467,S15,2025-10-08 10:23:31,in_store,,1,189.99,0.0,189.99
O002090,C00031,S21,2025-10-08 12:33:24,in_store,,1,29.99,0.0,29.99
O002091,C00809,S07,2025-10-08 12:47:32,in_store,PR-2025-08,3,369.97,7.5,362.47
O002092,C00177,S09,2025-10-08 16:29:01,in_store,,1,229.99,0.0,229.99
O002093,C00190,S08,2025-10-08 17:11:36,in_store,PR-2025-08,1,19.99,3.0,16.99
O002094,C00879,S08,2025-10-08 17:48:52,in_store,,2,74.98,0.0,74.98
O002095,C00457,S21,2025-10-08 20:31:28,in_store,,1,149.99,0.0,149.99
O002096,C00509,S13,2025-10-09 10:28:49,in_store,,1,49.99,0.0,49.99
O002097,C00802,S22,2025-10-09 10:58:28,in_store,,2,205.98,0.0,205.98
O002098,C00877,S21,2025-10-09 11:24:44,in_store,PR-2025-08,1,189.99,28.5,161.49
O002099,C01008,S21,2025-10-09 12:44:10,in_store,PR-2025-08,2,109.98,6.0,103.98
O002100,C00773,WEB,2025-10-09 14:15:43,online,,1,38.99,0.0,38.99
O002101,C01097,S21,2025-10-09 16:24:51,in_store,PR-2025-08,1,58.99,8.85,50.14
O002102,C00369,S07,2025-10-09 16:49:28,in_store,,1,149.99,0.0,149.99
O002103,C00284,S10,2025-10-09 16:52:40,in_store,PR-2025-08,1,14.99,2.25,12.74
O002104,C01098,S23,2025-10-09 17:01:41,in_store,,2,159.98,0.0,159.98
O002105,C00266,S14,2025-10-09 18:02:33,in_store,PR-2025-08,2,249.98,7.5,242.48
O002106,C00827,S07,2025-10-09 19:37:47,in_store,PR-2025-08,1,199.99,30.0,169.99
O002107,C01063,WEB,2025-10-09 20:07:20,online,,2,259.98,0.0,259.98
O002108,C00830,S07,2025-10-09 20:58:34,in_store,,5,453.95,0.0,453.95
O002109,C00214,S17,2025-10-10 10:30:39,in_store,,2,199.98,0.0,199.98
O002110,C01013,S13,2025-10-10 10:56:37,in_store,,2,104.98,0.0,104.98
O002111,C00961,S13,2025-10-10 11:09:29,in_store,,1,139.99,0.0,139.99
O002112,C00449,S17,2025-10-10 13:27:30,in_store,,1,449.99,0.0,449.99
O002113,C00110,S02,2025-10-10 15:52:36,in_store,,1,59.99,0.0,59.99
O002114,C00371,S02,2025-10-10 16:09:06,in_store,PR-2025-08,2,78.98,6.0,72.98
O002115,C00171,S21,2025-10-10 16:13:25,in_store,,1,169.99,0.0,169.99
O002116,C00958,S21,2025-10-10 16:48:55,in_store,PR-2025-08,1,39.99,6.0,33.99
O002117,C00573,S20,2025-10-10 19:21:38,in_store,,2,119.98,0.0,119.98
O002118,C00268,WEB,2025-10-10 19:24:41,online,,1,199.99,0.0,199.99
O002119,C01099,S07,2025-10-10 20:13:40,in_store,,1,89.99,0.0,89.99
O002120,C00641,WEB,2025-10-10 21:13:06,online,,1,54.99,0.0,54.99
O002121,C00875,WEB,2025-10-11 00:27:11,online,,1,79.99,0.0,79.99
O002122,C00114,S09,2025-10-11 12:38:08,in_store,,1,29.99,0.0,29.99
O002123,C00842,WEB,2025-10-11 15:20:25,online,,1,79.99,0.0,79.99
O002124,C00642,S09,2025-10-11 15:23:55,in_store,,1,299.99,0.0,299.99
O002125,C00583,S20,2025-10-11 16:00:07,in_store,,1,59.99,0.0,59.99
O002126,C00033,S07,2025-10-11 17:37:00,in_store,,2,489.98,0.0,489.98
O002127,C00697,S08,2025-10-11 18:55:33,in_store,,4,229.96,0.0,229.96
O002128,C00447,S23,2025-10-12 10:31:03,in_store,,4,415.96,0.0,415.96
O002129,C00296,WEB,2025-10-12 10:55:39,online,,3,259.97,0.0,259.97
O002130,C00033,S07,2025-10-12 13:40:24,in_store,,1,99.99,0.0,99.99
O002131,C00985,WEB,2025-10-12 13:51:19,online,,1,199.99,0.0,199.99
O002132,C00790,WEB,2025-10-12 13:58:42,online,,1,179.99,0.0,179.99
O002133,C01066,WEB,2025-10-12 14:56:29,online,,4,379.96,0.0,379.96
O002134,C00931,S14,2025-10-12 16:05:09,in_store,,3,64.97,0.0,64.97
O002135,C00416,S21,2025-10-12 16:05:29,in_store,,1,79.99,0.0,79.99
O002136,C00990,WEB,2025-10-12 19:06:20,online,,2,464.98,0.0,464.98
O002137,C00688,S02,2025-10-12 19:29:37,in_store,,1,99.99,0.0,99.99
O002138,C00682,WEB,2025-10-12 19:33:38,online,,1,219.99,0.0,219.99
O002139,C00659,S23,2025-10-13 09:39:10,in_store,PR-2025-08,2,129.98,7.5,122.48
O002140,C00022,WEB,2025-10-13 11:06:44,online,PR-2025-08,1,39.99,6.0,33.99
O002141,C00652,WEB,2025-10-13 11:42:19,online,,1,59.99,0.0,59.99
O002142,C00312,WEB,2025-10-13 11:44:12,online,,1,39.99,0.0,39.99
O002143,C01100,WEB,2025-10-13 11:46:39,online,,1,19.99,0.0,19.99
O002144,C00527,S13,2025-10-13 13:38:06,in_store,,3,464.97,0.0,464.97
O002145,C00148,WEB,2025-10-13 14:02:48,online,,1,199.99,0.0,199.99
O002146,C00839,S13,2025-10-13 14:08:59,in_store,,1,129.99,0.0,129.99
O002147,C00973,S21,2025-10-13 16:25:22,in_store,,2,129.98,0.0,129.98
O002148,C00359,S21,2025-10-13 18:27:34,in_store,,2,119.98,0.0,119.98
O002149,C00954,S14,2025-10-13 18:49:44,in_store,PR-2025-08,2,89.98,7.5,82.48
O002150,C00404,S21,2025-10-13 21:20:46,in_store,PR-2025-08,3,599.97,18.0,581.97
O002151,C00445,WEB,2025-10-13 21:54:13,online,,1,149.99,0.0,149.99
O002152,C00198,S15,2025-10-14 09:21:38,in_store,,2,259.98,0.0,259.98
O002153,C00761,S13,2025-10-14 10:29:47,in_store,,1,39.99,0.0,39.99
O002154,C01082,S20,2025-10-14 12:44:31,in_store,,2,105.98,0.0,105.98
O002155,C00045,S14,2025-10-14 12:51:47,in_store,,1,139.99,0.0,139.99
O002156,C00499,S13,2025-10-14 13:50:12,in_store,,1,49.99,0.0,49.99
O002157,C00747,WEB,2025-10-14 15:07:27,online,,1,39.99,0.0,39.99
O002158,C00279,S03,2025-10-14 15:45:33,in_store,,1,229.99,0.0,229.99
O002159,C00548,WEB,2025-10-14 16:20:30,online,,1,19.99,0.0,19.99
O002160,C00799,S19,2025-10-14 16:37:49,in_store,,1,99.99,0.0,99.99
O002161,C00950,S19,2025-10-14 17:30:12,in_store,,2,59.98,0.0,59.98
O002162,C00107,S13,2025-10-14 17:54:50,in_store,,2,139.98,0.0,139.98
O002163,C00812,S17,2025-10-14 20:28:51,in_store,,1,59.99,0.0,59.99
O002164,C01016,WEB,2025-10-14 21:19:15,online,,2,59.98,0.0,59.98
O002165,C00620,WEB,2025-10-15 09:27:58,online,,2,419.98,0.0,419.98
O002166,C00586,S13,2025-10-15 11:00:06,in_store,,1,128.99,0.0,128.99
O002167,C00652,WEB,2025-10-15 11:48:38,online,,4,299.96,0.0,299.96
O002168,C00444,S16,2025-10-15 11:53:07,in_store,,1,19.99,0.0,19.99
O002169,C00772,S23,2025-10-15 12:37:44,in_store,,1,19.99,0.0,19.99
O002170,C00076,S19,2025-10-15 12:47:30,in_store,PR-2025-08,2,139.98,7.5,132.48
O002171,C00568,S23,2025-10-15 14:50:20,in_store,PR-2025-08,3,288.97,38.85,250.12
O002172,C00329,WEB,2025-10-15 15:10:45,online,,1,349.99,0.0,349.99
O002173,C00227,WEB,2025-10-15 15:39:39,online,,1,229.99,0.0,229.99
O002174,C01047,S12,2025-10-15 16:50:13,in_store,,1,39.99,0.0,39.99
O002175,C00082,S19,2025-10-15 16:52:13,in_store,,1,19.99,0.0,19.99
O002176,C00418,S21,2025-10-15 16:53:11,in_store,,1,89.99,0.0,89.99
O002177,C01076,S09,2025-10-15 18:58:23,in_store,PR-2025-08,1,38.99,5.85,33.14
O002178,C00775,WEB,2025-10-15 20:35:53,online,,1,89.99,0.0,89.99
O002179,C00751,WEB,2025-10-16 08:00:25,online,,1,79.99,0.0,79.99
O002180,C00521,S05,2025-10-16 09:50:56,in_store,,1,79.99,0.0,79.99
O002181,C00065,S21,2025-10-16 09:58:33,in_store,PR-2025-08,2,159.98,7.5,152.48
O002182,C01080,S01,2025-10-16 10:51:07,in_store,PR-2025-08,1,49.99,7.5,42.49
O002183,C00588,S12,2025-10-16 10:51:08,in_store,,1,29.99,0.0,29.99
O002184,C00841,S01,2025-10-16 13:25:10,in_store,,1,59.99,0.0,59.99
O002185,C00991,S06,2025-10-16 13:28:59,in_store,,2,159.98,0.0,159.98
O002186,C00765,S03,2025-10-16 13:33:05,in_store,,1,24.99,0.0,24.99
O002187,C00443,S01,2025-10-16 14:47:15,in_store,PR-2025-08,1,49.99,7.5,42.49
O002188,C01058,WEB,2025-10-16 14:53:32,online,,2,199.98,0.0,199.98
O002189,C00595,S05,2025-10-16 16:26:15,in_store,,2,74.98,0.0,74.98
O002190,C00885,WEB,2025-10-16 16:51:56,online,,1,39.99,0.0,39.99
O002191,C00168,S02,2025-10-16 17:07:02,in_store,,2,129.98,0.0,129.98
O002192,C00784,S14,2025-10-16 17:29:33,in_store,,2,289.98,0.0,289.98
O002193,C00447,S23,2025-10-16 18:35:12,in_store,,1,59.99,0.0,59.99
O002194,C00776,WEB,2025-10-16 18:55:18,online,,1,99.99,0.0,99.99
O002195,C00884,WEB,2025-10-16 19:43:24,online,PR-2025-08,4,269.96,6.0,263.96
O002196,C00316,S03,2025-10-16 20:06:55,in_store,,1,83.99,0.0,83.99
O002197,C00540,WEB,2025-10-16 22:07:19,online,PR-2025-08,2,44.98,6.75,38.23
O002198,C00995,WEB,2025-10-17 00:31:27,online,,1,89.99,0.0,89.99
O002199,C00467,S13,2025-10-17 14:54:06,in_store,,2,119.98,0.0,119.98
O002200,C00783,S09,2025-10-17 15:52:30,in_store,,2,179.98,0.0,179.98
O002201,C00447,S23,2025-10-17 15:56:36,in_store,,1,89.99,0.0,89.99
O002202,C00184,S20,2025-10-17 17:00:21,in_store,,1,59.99,0.0,59.99
O002203,C00908,WEB,2025-10-17 18:43:16,online,,1,299.99,0.0,299.99
O002204,C01081,S07,2025-10-18 14:06:22,in_store,,1,128.99,0.0,128.99
O002205,C00058,S02,2025-10-18 16:32:25,in_store,PR-2025-08,5,215.95,19.5,196.45
O002206,C00567,S16,2025-10-18 17:55:38,in_store,,1,349.99,0.0,349.99
O002207,C00145,S15,2025-10-18 19:00:35,in_store,,1,99.99,0.0,99.99
O002208,C00782,S13,2025-10-18 19:53:30,in_store,,4,629.96,0.0,629.96
O002209,C01095,WEB,2025-10-18 22:34:00,online,PR-2025-08,1,39.99,6.0,33.99
O002210,C00373,WEB,2025-10-19 08:38:47,online,,1,19.99,0.0,19.99
O002211,C00849,WEB,2025-10-19 09:19:39,online,,3,429.97,0.0,429.97
O002212,C00701,S13,2025-10-19 10:13:31,in_store,,1,49.99,0.0,49.99
O002213,C00171,S21,2025-10-19 10:55:24,in_store,,1,79.99,0.0,79.99
O002214,C00479,S19,2025-10-19 11:31:27,in_store,,1,349.99,0.0,349.99
O002215,C00017,S06,2025-10-19 12:13:53,in_store,PR-2025-08,2,97.98,8.85,89.13
O002216,C00154,S21,2025-10-19 12:42:41,in_store,,2,319.98,0.0,319.98
O002217,C00064,S11,2025-10-19 13:13:48,in_store,PR-2025-08,1,119.99,18.0,101.99
O002218,C00044,S10,2025-10-19 14:40:12,in_store,PR-2025-08,1,49.99,7.5,42.49
O002219,C00293,S17,2025-10-19 15:58:53,in_store,,1,49.99,0.0,49.99
O002220,C00255,S14,2025-10-19 17:41:05,in_store,,1,59.99,0.0,59.99
O002221,C00078,S07,2025-10-19 18:36:40,in_store,,2,45.98,0.0,45.98
O002222,C01102,S16,2025-10-19 18:53:47,in_store,PR-2025-08,2,109.98,13.5,96.48
O002223,C00352,S15,2025-10-20 12:12:56,in_store,,1,29.99,0.0,29.99
O002224,C00786,S01,2025-10-20 12:54:43,in_store,,1,89.99,0.0,89.99
O002225,C01008,S22,2025-10-20 17:12:24,in_store,,1,49.99,0.0,49.99
O002226,C01104,S13,2025-10-20 17:47:09,in_store,,1,129.99,0.0,129.99
O002227,C00849,S13,2025-10-20 19:36:55,in_store,,2,99.98,0.0,99.98
O002228,C00666,WEB,2025-10-21 08:10:26,online,,1,19.99,0.0,19.99
O002229,C00439,S23,2025-10-21 11:16:32,in_store,,2,79.98,0.0,79.98
O002230,C00568,S21,2025-10-21 11:20:34,in_store,,1,39.99,0.0,39.99
O002231,C01008,S22,2025-10-21 11:35:14,in_store,,4,333.96,0.0,333.96
O002232,C00091,S06,2025-10-21 13:35:57,in_store,,1,24.99,0.0,24.99
O002233,C01107,S09,2025-10-21 13:54:57,in_store,,1,89.99,0.0,89.99
O002234,C00342,S21,2025-10-21 15:09:12,in_store,,1,169.99,0.0,169.99
O002235,C00566,S22,2025-10-21 15:11:47,in_store,,2,45.98,0.0,45.98
O002236,C00466,S01,2025-10-21 15:59:49,in_store,,1,99.99,0.0,99.99
O002237,C00795,S06,2025-10-21 16:59:53,in_store,,1,139.99,0.0,139.99
O002238,C00447,WEB,2025-10-21 17:02:37,online,,2,169.98,0.0,169.98
O002239,C00886,S07,2025-10-21 19:18:56,in_store,,3,189.97,0.0,189.97
O002240,C00268,WEB,2025-10-21 20:41:25,online,,3,659.97,0.0,659.97
O002241,C01105,WEB,2025-10-21 20:41:43,online,,1,89.99,0.0,89.99
O002242,C00137,WEB,2025-10-22 08:09:35,online,,1,219.99,0.0,219.99
O002243,C00004,WEB,2025-10-22 11:47:44,online,,1,199.99,0.0,199.99
O002244,C00735,S21,2025-10-22 12:46:59,in_store,,1,129.99,0.0,129.99
O002245,C00393,S20,2025-10-22 12:59:34,in_store,,1,14.99,0.0,14.99
O002246,C00374,S21,2025-10-22 13:40:58,in_store,,4,739.96,0.0,739.96
O002247,C00327,WEB,2025-10-22 16:00:54,online,,1,89.99,0.0,89.99
O002248,C00978,S07,2025-10-22 16:25:44,in_store,,1,139.99,0.0,139.99
O002249,C00120,S21,2025-10-22 16:29:19,in_store,,1,69.99,0.0,69.99
O002250,C00838,WEB,2025-10-22 18:42:47,online,,2,39.98,0.0,39.98
O002251,C00296,WEB,2025-10-22 19:30:55,online,,4,74.96,0.0,74.96
O002252,C01065,S10,2025-10-22 19:35:36,in_store,,1,39.99,0.0,39.99
O002253,C00881,S12,2025-10-23 09:14:46,in_store,,5,349.95,0.0,349.95
O002254,C00034,S02,2025-10-23 13:25:20,in_store,,2,579.98,0.0,579.98
O002255,C01003,S03,2025-10-23 13:27:52,in_store,,1,43.99,0.0,43.99
O002256,C00228,S13,2025-10-23 13:44:12,in_store,,2,198.98,0.0,198.98
O002257,C00606,S12,2025-10-23 13:45:44,in_store,,1,79.99,0.0,79.99
O002258,C00286,S15,2025-10-23 15:57:05,in_store,,2,249.98,0.0,249.98
O002259,C01076,S09,2025-10-23 17:12:26,in_store,,1,129.99,0.0,129.99
O002260,C00020,S21,2025-10-23 17:42:47,in_store,,1,79.99,0.0,79.99
O002261,C00136,WEB,2025-10-23 17:52:57,online,,1,99.99,0.0,99.99
O002262,C00543,S04,2025-10-23 18:10:22,in_store,,1,299.99,0.0,299.99
O002263,C00148,S14,2025-10-23 20:46:20,in_store,,1,19.99,0.0,19.99
O002264,C00357,S20,2025-10-24 10:00:02,in_store,,2,129.98,0.0,129.98
O002265,C00076,S22,2025-10-24 11:53:40,in_store,,1,129.99,0.0,129.99
O002266,C00434,S13,2025-10-24 12:41:34,in_store,,1,329.99,0.0,329.99
O002267,C00412,S24,2025-10-24 13:01:56,in_store,,4,199.96,0.0,199.96
O002268,C00587,WEB,2025-10-24 15:18:45,online,,1,14.99,0.0,14.99
O002269,C00784,S14,2025-10-24 16:28:07,in_store,,4,395.96,0.0,395.96
O002270,C00749,S10,2025-10-24 17:26:28,in_store,,1,84.99,0.0,84.99
O002271,C00033,S07,2025-10-24 18:06:53,in_store,,2,149.98,0.0,149.98
O002272,C00699,S21,2025-10-24 18:18:00,in_store,,1,83.99,0.0,83.99
O002273,C00772,S19,2025-10-24 19:46:04,in_store,,1,49.99,0.0,49.99
O002274,C00553,WEB,2025-10-24 20:33:09,online,,1,99.99,0.0,99.99
O002275,C00418,S21,2025-10-25 09:25:51,in_store,,1,43.99,0.0,43.99
O002276,C01108,S19,2025-10-25 09:42:22,in_store,,3,649.97,0.0,649.97
O002277,C01109,S13,2025-10-25 11:02:57,in_store,,1,349.99,0.0,349.99
O002278,C00214,S17,2025-10-25 11:41:40,in_store,,5,1319.95,0.0,1319.95
O002279,C00706,WEB,2025-10-25 13:00:23,online,,1,79.99,0.0,79.99
O002280,C00798,S16,2025-10-25 13:09:23,in_store,,3,883.97,0.0,883.97
O002281,C00575,S21,2025-10-25 15:46:33,in_store,,2,119.98,0.0,119.98
O002282,C00846,S07,2025-10-25 17:15:05,in_store,,2,449.98,0.0,449.98
O002283,C00745,S07,2025-10-25 18:37:06,in_store,,1,129.99,0.0,129.99
O002284,C01041,S23,2025-10-25 19:06:21,in_store,,1,49.99,0.0,49.99
O002285,C00421,S21,2025-10-25 19:29:44,in_store,,1,79.99,0.0,79.99
O002286,C00378,S18,2025-10-26 11:13:40,in_store,,2,399.98,0.0,399.98
O002287,C01056,S08,2025-10-26 13:37:27,in_store,,1,299.99,0.0,299.99
O002288,C00931,S14,2025-10-26 14:03:18,in_store,,1,59.99,0.0,59.99
O002289,C00444,S16,2025-10-26 14:14:32,in_store,,2,149.98,0.0,149.98
O002290,C00566,S22,2025-10-26 14:59:20,in_store,,1,129.99,0.0,129.99
O002291,C00064,S11,2025-10-26 15:28:34,in_store,,1,59.99,0.0,59.99
O002292,C00879,S08,2025-10-26 15:37:12,in_store,,1,19.99,0.0,19.99
O002293,C00699,S21,2025-10-26 17:19:10,in_store,,3,579.97,0.0,579.97
O002294,C00165,S02,2025-10-26 17:43:21,in_store,,1,349.99,0.0,349.99
O002295,C00922,S04,2025-10-26 18:01:29,in_store,,2,429.98,0.0,429.98
O002296,C00981,WEB,2025-10-26 20:24:16,online,,2,139.98,0.0,139.98
O002297,C00691,WEB,2025-10-27 09:21:12,online,,3,359.97,0.0,359.97
O002298,C01110,S22,2025-10-27 14:21:42,in_store,,1,69.99,0.0,69.99
O002299,C00443,S01,2025-10-27 16:00:04,in_store,,3,64.97,0.0,64.97
O002300,C00877,S21,2025-10-27 16:56:40,in_store,,1,49.99,0.0,49.99
O002301,C00570,S20,2025-10-27 17:05:18,in_store,,1,599.99,0.0,599.99
O002302,C00540,WEB,2025-10-27 17:45:12,online,,1,349.99,0.0,349.99
O002303,C00591,S11,2025-10-27 17:47:53,in_store,,1,29.99,0.0,29.99
O002304,C00952,S12,2025-10-27 18:05:04,in_store,,1,19.99,0.0,19.99
O002305,C01076,S09,2025-10-27 18:34:34,in_store,,2,499.98,0.0,499.98
O002306,C01111,WEB,2025-10-27 19:02:30,online,,2,239.98,0.0,239.98
O002307,C01081,WEB,2025-10-27 22:37:58,online,,1,69.99,0.0,69.99
O002308,C00009,WEB,2025-10-28 10:05:44,online,,3,328.97,0.0,328.97
O002309,C00791,S19,2025-10-28 13:36:27,in_store,,2,139.98,0.0,139.98
O002310,C00132,S02,2025-10-28 14:47:11,in_store,,1,14.99,0.0,14.99
O002311,C00750,S13,2025-10-28 17:20:37,in_store,,2,44.98,0.0,44.98
O002312,C00343,S10,2025-10-28 17:24:47,in_store,,4,514.96,0.0,514.96
O002313,C00840,S06,2025-10-28 17:32:32,in_store,,2,29.98,0.0,29.98
O002314,C00844,S20,2025-10-28 17:55:57,in_store,,2,39.98,0.0,39.98
O002315,C00590,WEB,2025-10-28 17:56:18,online,,2,139.98,0.0,139.98
O002316,C00633,S20,2025-10-28 17:59:22,in_store,,1,69.99,0.0,69.99
O002317,C00959,S13,2025-10-28 18:20:01,in_store,,1,349.99,0.0,349.99
O002318,C00884,WEB,2025-10-28 18:51:02,online,,1,39.99,0.0,39.99
O002319,C01114,S24,2025-10-28 20:15:29,in_store,,2,189.98,0.0,189.98
O002320,C00034,WEB,2025-10-28 21:18:37,online,,2,359.98,0.0,359.98
O002321,C00450,WEB,2025-10-28 23:55:55,online,,1,84.99,0.0,84.99
O002322,C00996,WEB,2025-10-29 09:01:54,online,,1,59.99,0.0,59.99
O002323,C00374,S21,2025-10-29 09:40:53,in_store,,1,29.99,0.0,29.99
O002324,C00476,WEB,2025-10-29 12:01:49,online,,1,119.99,0.0,119.99
O002325,C00217,S20,2025-10-29 12:56:49,in_store,,3,134.97,0.0,134.97
O002326,C00917,S01,2025-10-29 15:09:36,in_store,,1,149.99,0.0,149.99
O002327,C00284,S10,2025-10-29 17:22:06,in_store,,2,479.98,0.0,479.98
O002328,C00638,S18,2025-10-29 19:09:22,in_store,,4,1379.96,0.0,1379.96
O002329,C00997,S08,2025-10-29 20:30:47,in_store,,2,289.98,0.0,289.98
O002330,C00761,WEB,2025-10-29 21:29:12,online,,2,329.98,0.0,329.98
O002331,C00946,WEB,2025-10-30 08:13:59,online,,3,344.97,0.0,344.97
O002332,C00852,S24,2025-10-30 10:26:21,in_store,,1,329.99,0.0,329.99
O002333,C00497,S23,2025-10-30 10:38:47,in_store,,1,29.99,0.0,29.99
O002334,C00795,S03,2025-10-30 11:04:44,in_store,,4,239.96,0.0,239.96
O002335,C00148,S14,2025-10-30 12:06:51,in_store,,2,74.98,0.0,74.98
O002336,C01065,S10,2025-10-30 13:33:53,in_store,,1,349.99,0.0,349.99
O002337,C01031,S05,2025-10-30 18:11:48,in_store,,2,1329.98,0.0,1329.98
O002338,C00022,WEB,2025-10-30 18:39:16,online,,2,209.98,0.0,209.98
O002339,C00182,S16,2025-10-30 19:58:36,in_store,,3,149.97,0.0,149.97
O002340,C00989,S02,2025-10-31 10:47:48,in_store,,1,19.99,0.0,19.99
O002341,C00160,WEB,2025-10-31 11:05:32,online,,2,179.98,0.0,179.98
O002342,C00849,S15,2025-10-31 12:19:36,in_store,,1,449.99,0.0,449.99
O002343,C00247,S13,2025-10-31 13:04:59,in_store,,1,39.99,0.0,39.99
O002344,C00559,S16,2025-10-31 18:24:16,in_store,,1,59.99,0.0,59.99
O002345,C00031,S21,2025-10-31 18:35:36,in_store,,1,229.99,0.0,229.99
O002346,C00928,WEB,2025-10-31 18:53:39,online,,2,189.98,0.0,189.98
O002347,C00638,S13,2025-10-31 19:42:23,in_store,,4,308.96,0.0,308.96
O002348,C01080,S06,2025-10-31 21:01:52,in_store,,2,359.98,0.0,359.98
O002349,C00417,WEB,2025-10-31 22:00:29,online,,1,25.99,0.0,25.99
O002350,C00039,S20,2025-11-01 10:14:08,in_store,,1,49.99,0.0,49.99
O002351,C01005,S03,2025-11-01 11:11:50,in_store,,2,89.98,0.0,89.98
O002352,C00991,S06,2025-11-01 11:13:35,in_store,,1,149.99,0.0,149.99
O002353,C00426,S21,2025-11-01 12:11:04,in_store,,2,539.98,0.0,539.98
O002354,C00610,S15,2025-11-01 12:19:00,in_store,,3,639.97,0.0,639.97
O002355,C01028,S06,2025-11-01 12:35:11,in_store,,1,199.99,0.0,199.99
O002356,C00102,S17,2025-11-01 12:35:29,in_store,,1,649.99,0.0,649.99
O002357,C00154,S21,2025-11-01 12:47:50,in_store,,3,154.97,0.0,154.97
O002358,C00804,S21,2025-11-01 12:58:02,in_store,,1,59.99,0.0,59.99
O002359,C00387,S15,2025-11-01 16:38:15,in_store,,1,39.99,0.0,39.99
O002360,C00930,WEB,2025-11-01 20:57:41,online,,1,19.99,0.0,19.99
O002361,C00030,WEB,2025-11-02 08:39:07,online,,2,188.98,0.0,188.98
O002362,C00511,S22,2025-11-02 12:25:45,in_store,,1,69.99,0.0,69.99
O002363,C00044,S10,2025-11-02 13:11:56,in_store,,1,89.99,0.0,89.99
O002364,C00188,S13,2025-11-02 16:00:39,in_store,,1,49.99,0.0,49.99
O002365,C00386,S08,2025-11-02 16:06:06,in_store,,1,24.99,0.0,24.99
O002366,C00672,S01,2025-11-02 16:13:35,in_store,,1,109.99,0.0,109.99
O002367,C01051,S06,2025-11-02 18:49:02,in_store,,2,99.98,0.0,99.98
O002368,C00457,S21,2025-11-02 19:05:55,in_store,,1,99.99,0.0,99.99
O002369,C00959,S13,2025-11-02 19:31:03,in_store,,1,59.99,0.0,59.99
O002370,C00521,S05,2025-11-02 19:45:17,in_store,,4,279.96,0.0,279.96
O002371,C00020,S20,2025-11-02 20:56:30,in_store,,1,34.99,0.0,34.99
O002372,C01057,WEB,2025-11-03 00:43:32,online,,2,69.98,0.0,69.98
O002373,C00126,WEB,2025-11-03 08:01:03,online,,2,79.98,0.0,79.98
O002374,C00327,WEB,2025-11-03 12:12:22,online,,2,329.98,0.0,329.98
O002375,C00268,WEB,2025-11-03 13:12:20,online,,2,209.98,0.0,209.98
O002376,C00097,S13,2025-11-03 14:27:43,in_store,,1,199.99,0.0,199.99
O002377,C00931,S14,2025-11-03 15:27:16,in_store,,3,179.97,0.0,179.97
O002378,C00439,S23,2025-11-03 15:42:28,in_store,,1,49.99,0.0,49.99
O002379,C01116,S21,2025-11-03 16:27:03,in_store,,1,399.99,0.0,399.99
O002380,C00643,S02,2025-11-03 18:33:06,in_store,,1,44.99,0.0,44.99
O002381,C00778,WEB,2025-11-03 18:49:32,online,,1,229.99,0.0,229.99
O002382,C00789,S09,2025-11-03 19:52:11,in_store,,1,24.99,0.0,24.99
O002383,C00007,S13,2025-11-04 09:35:39,in_store,,1,39.99,0.0,39.99
O002384,C00346,S06,2025-11-04 10:12:23,in_store,,1,89.99,0.0,89.99
O002385,C00296,S06,2025-11-04 11:01:14,in_store,,1,79.99,0.0,79.99
O002386,C00707,S07,2025-11-04 11:34:22,in_store,,1,89.99,0.0,89.99
O002387,C01098,S23,2025-11-04 11:41:12,in_store,,1,99.99,0.0,99.99
O002388,C00844,S20,2025-11-04 11:43:30,in_store,,1,189.99,0.0,189.99
O002389,C00718,WEB,2025-11-04 12:52:39,online,,1,19.99,0.0,19.99
O002390,C00961,S13,2025-11-04 13:44:25,in_store,,1,89.99,0.0,89.99
O002391,C01078,S07,2025-11-04 14:37:42,in_store,,1,59.99,0.0,59.99
O002392,C00586,S17,2025-11-04 15:06:57,in_store,,2,79.98,0.0,79.98
O002393,C00186,S17,2025-11-04 15:50:08,in_store,,1,29.99,0.0,29.99
O002394,C00738,S10,2025-11-04 17:58:19,in_store,,1,89.99,0.0,89.99
O002395,C00008,WEB,2025-11-04 18:09:56,online,,1,59.99,0.0,59.99
O002396,C00884,WEB,2025-11-04 19:23:07,online,,1,219.99,0.0,219.99
O002397,C00945,WEB,2025-11-04 20:58:34,online,,3,389.97,0.0,389.97
O002398,C00321,S07,2025-11-05 11:14:43,in_store,,1,14.99,0.0,14.99
O002399,C00318,S04,2025-11-05 11:32:40,in_store,,2,539.98,0.0,539.98
O002400,C00402,S09,2025-11-05 11:57:43,in_store,,3,709.97,0.0,709.97
O002401,C00536,WEB,2025-11-05 12:31:34,online,,3,288.97,0.0,288.97
O002402,C00755,S04,2025-11-05 14:15:37,in_store,,1,29.99,0.0,29.99
O002403,C00760,S12,2025-11-05 14:52:01,in_store,,1,58.99,0.0,58.99
O002404,C00120,S21,2025-11-05 15:09:21,in_store,,3,249.97,0.0,249.97
O002405,C00791,S19,2025-11-05 17:54:53,in_store,,2,104.98,0.0,104.98
O002406,C01117,S21,2025-11-05 18:00:29,in_store,,3,454.97,0.0,454.97
O002407,C00342,S21,2025-11-05 19:11:07,in_store,,2,433.98,0.0,433.98
O002408,C00520,S19,2025-11-05 19:14:18,in_store,,2,249.98,0.0,249.98
O002409,C01091,WEB,2025-11-05 19:17:58,online,,1,349.99,0.0,349.99
O002410,C00682,WEB,2025-11-05 20:51:12,online,,2,349.98,0.0,349.98
O002411,C00087,WEB,2025-11-06 08:13:26,online,,1,139.99,0.0,139.99
O002412,C01051,S06,2025-11-06 11:03:43,in_store,,2,169.98,0.0,169.98
O002413,C00830,S07,2025-11-06 11:32:08,in_store,,1,179.99,0.0,179.99
O002414,C00439,S19,2025-11-06 12:47:18,in_store,,1,229.99,0.0,229.99
O002415,C00237,S07,2025-11-06 14:43:19,in_store,,2,74.98,0.0,74.98
O002416,C00398,S06,2025-11-06 14:45:27,in_store,,1,299.99,0.0,299.99
O002417,C01119,S11,2025-11-06 15:14:18,in_store,,4,339.96,0.0,339.96
O002418,C00787,S21,2025-11-06 15:35:14,in_store,,1,299.99,0.0,299.99
O002419,C00805,S15,2025-11-06 17:40:46,in_store,,2,79.98,0.0,79.98
O002420,C00479,S19,2025-11-06 17:45:34,in_store,,4,221.96,0.0,221.96
O002421,C00558,WEB,2025-11-06 20:28:39,online,,1,399.99,0.0,399.99
O002422,C00964,S07,2025-11-07 10:06:26,in_store,,1,19.99,0.0,19.99
O002423,C00329,S03,2025-11-07 13:22:47,in_store,,1,139.99,0.0,139.99
O002424,C00343,WEB,2025-11-07 19:10:22,online,,2,179.98,0.0,179.98
O002425,C00015,S21,2025-11-07 20:10:54,in_store,,1,229.99,0.0,229.99
O002426,C00190,WEB,2025-11-07 20:30:30,online,,1,199.99,0.0,199.99
O002427,C00779,WEB,2025-11-07 21:36:00,online,,1,69.99,0.0,69.99
O002428,C00573,S19,2025-11-08 09:09:03,in_store,,3,502.97,0.0,502.97
O002429,C00555,S24,2025-11-08 11:37:25,in_store,,1,179.99,0.0,179.99
O002430,C00003,S08,2025-11-08 11:39:53,in_store,,1,139.99,0.0,139.99
O002431,C00373,WEB,2025-11-08 11:55:41,online,,1,129.99,0.0,129.99
O002432,C00171,S21,2025-11-08 14:34:18,in_store,,1,38.99,0.0,38.99
O002433,C00871,S01,2025-11-08 15:09:02,in_store,,1,39.99,0.0,39.99
O002434,C00232,S07,2025-11-08 15:17:53,in_store,,2,159.98,0.0,159.98
O002435,C00352,S15,2025-11-08 15:37:40,in_store,,1,329.99,0.0,329.99
O002436,C00329,S03,2025-11-08 15:45:14,in_store,,4,259.96,0.0,259.96
O002437,C00984,S07,2025-11-08 16:40:35,in_store,,1,169.99,0.0,169.99
O002438,C00548,S22,2025-11-08 16:51:15,in_store,,4,414.96,0.0,414.96
O002439,C00091,WEB,2025-11-08 17:57:02,online,,1,139.99,0.0,139.99
O002440,C01076,S09,2025-11-08 19:27:09,in_store,,1,59.99,0.0,59.99
O002441,C00540,S08,2025-11-08 20:45:38,in_store,,2,39.98,0.0,39.98
O002442,C00699,WEB,2025-11-08 23:08:33,online,,6,449.94,0.0,449.94
O002443,C00699,WEB,2025-11-09 07:53:30,online,,3,254.97,0.0,254.97
O002444,C00417,S14,2025-11-09 10:11:40,in_store,,1,58.99,0.0,58.99
O002445,C00987,S03,2025-11-09 12:16:55,in_store,,4,309.96,0.0,309.96
O002446,C00873,S07,2025-11-09 12:31:21,in_store,,1,99.99,0.0,99.99
O002447,C00427,S19,2025-11-09 12:36:55,in_store,,1,189.99,0.0,189.99
O002448,C00725,S03,2025-11-09 13:20:28,in_store,,1,89.99,0.0,89.99
O002449,C01026,S14,2025-11-09 13:23:22,in_store,,1,79.99,0.0,79.99
O002450,C00102,S17,2025-11-09 16:17:58,in_store,,1,129.99,0.0,129.99
O002451,C00778,S20,2025-11-09 16:38:33,in_store,,1,179.99,0.0,179.99
O002452,C01120,S08,2025-11-09 16:38:41,in_store,,1,25.99,0.0,25.99
O002453,C00630,S15,2025-11-09 17:43:26,in_store,,2,59.98,0.0,59.98
O002454,C00444,S16,2025-11-09 18:44:44,in_store,,4,369.96,0.0,369.96
O002455,C00696,WEB,2025-11-09 19:51:22,online,,1,49.99,0.0,49.99
O002456,C00662,S01,2025-11-09 19:56:39,in_store,,1,179.99,0.0,179.99
O002457,C00596,WEB,2025-11-09 20:25:45,online,,2,369.98,0.0,369.98
O002458,C00842,WEB,2025-11-09 20:35:06,online,,2,119.98,0.0,119.98
O002459,C01079,S13,2025-11-10 10:38:34,in_store,,4,354.96,0.0,354.96
O002460,C00550,S21,2025-11-10 10:57:04,in_store,,1,14.99,0.0,14.99
O002461,C00347,S09,2025-11-10 11:48:02,in_store,,2,59.98,0.0,59.98
O002462,C00553,WEB,2025-11-10 13:34:58,online,,2,399.98,0.0,399.98
O002463,C01013,S13,2025-11-10 15:20:28,in_store,,1,149.99,0.0,149.99
O002464,C00722,S12,2025-11-10 17:02:02,in_store,,1,39.99,0.0,39.99
O002465,C01125,S01,2025-11-10 17:12:28,in_store,,1,399.99,0.0,399.99
O002466,C01108,S19,2025-11-10 17:20:52,in_store,,1,89.99,0.0,89.99
O002467,C01114,S24,2025-11-10 17:30:52,in_store,,2,549.98,0.0,549.98
O002468,C00891,S07,2025-11-10 18:45:57,in_store,,1,49.99,0.0,49.99
O002469,C00637,S10,2025-11-10 19:05:54,in_store,,1,399.99,0.0,399.99
O002470,C00789,S09,2025-11-10 20:14:27,in_store,,3,609.97,0.0,609.97
O002471,C00416,S21,2025-11-10 20:29:00,in_store,,1,49.99,0.0,49.99
O002472,C01076,S09,2025-11-10 20:35:33,in_store,,1,29.99,0.0,29.99
O002473,C01015,WEB,2025-11-10 21:00:33,online,,2,458.98,0.0,458.98
O002474,C00983,WEB,2025-11-10 21:23:01,online,,3,159.97,0.0,159.97
O002475,C01123,WEB,2025-11-10 21:31:11,online,,1,14.99,0.0,14.99
O002476,C00477,WEB,2025-11-10 21:40:53,online,,1,199.99,0.0,199.99
O002477,C01122,WEB,2025-11-10 23:14:25,online,,4,509.96,0.0,509.96
O002478,C01122,WEB,2025-11-11 07:52:23,online,,1,59.99,0.0,59.99
O002479,C01126,WEB,2025-11-11 08:04:48,online,,1,189.99,0.0,189.99
O002480,C01091,WEB,2025-11-11 08:52:29,online,,1,14.99,0.0,14.99
O002481,C00080,S19,2025-11-11 09:34:45,in_store,,3,109.97,0.0,109.97
O002482,C01127,S05,2025-11-11 12:00:56,in_store,,1,38.99,0.0,38.99
O002483,C00789,S09,2025-11-11 15:44:27,in_store,,1,24.99,0.0,24.99
O002484,C01024,S07,2025-11-11 15:47:21,in_store,,1,349.99,0.0,349.99
O002485,C00272,S17,2025-11-11 16:24:54,in_store,,1,229.99,0.0,229.99
O002486,C00198,S15,2025-11-11 18:22:24,in_store,,1,229.99,0.0,229.99
O002487,C00784,S14,2025-11-11 18:30:15,in_store,,5,529.95,0.0,529.95
O002488,C00963,WEB,2025-11-11 20:29:32,online,,2,129.98,0.0,129.98
O002489,C01098,S23,2025-11-12 09:54:33,in_store,,2,289.98,0.0,289.98
O002490,C00539,S12,2025-11-12 13:31:32,in_store,,1,129.99,0.0,129.99
O002491,C00195,S06,2025-11-12 13:38:02,in_store,,1,189.99,0.0,189.99
O002492,C00724,WEB,2025-11-12 13:50:01,online,,3,499.97,0.0,499.97
O002493,C00765,S03,2025-11-12 14:13:06,in_store,,1,59.99,0.0,59.99
O002494,C00346,S01,2025-11-12 15:22:37,in_store,,2,149.98,0.0,149.98
O002495,C00792,WEB,2025-11-12 16:42:05,online,,1,99.99,0.0,99.99
O002496,C00467,S13,2025-11-12 16:46:10,in_store,,2,239.98,0.0,239.98
O002497,C01008,S22,2025-11-12 18:16:55,in_store,,1,139.99,0.0,139.99
O002498,C01129,WEB,2025-11-13 07:18:21,online,,1,89.99,0.0,89.99
O002499,C00228,S13,2025-11-13 10:06:40,in_store,,4,1029.96,0.0,1029.96
O002500,C00299,S20,2025-11-13 10:17:54,in_store,,1,39.99,0.0,39.99
O002501,C01076,S09,2025-11-13 11:21:51,in_store,,4,849.96,0.0,849.96
O002502,C00186,S14,2025-11-13 11:41:28,in_store,,1,89.99,0.0,89.99
O002503,C00320,S12,2025-11-13 13:22:09,in_store,,1,128.99,0.0,128.99
O002504,C00699,S21,2025-11-13 15:34:14,in_store,,1,128.99,0.0,128.99
O002505,C00731,S20,2025-11-13 17:53:38,in_store,,2,174.98,0.0,174.98
O002506,C00444,S16,2025-11-13 19:47:10,in_store,,1,199.99,0.0,199.99
O002507,C00457,S21,2025-11-13 19:53:57,in_store,,2,84.98,0.0,84.98
O002508,C00790,WEB,2025-11-13 20:50:47,online,,1,89.99,0.0,89.99
O002509,C00340,WEB,2025-11-13 21:38:53,online,,1,399.99,0.0,399.99
O002510,C00568,WEB,2025-11-14 10:00:32,online,,1,34.99,0.0,34.99
O002511,C00877,S21,2025-11-14 11:15:43,in_store,,2,154.98,0.0,154.98
O002512,C00729,S02,2025-11-14 11:21:39,in_store,,3,279.97,0.0,279.97
O002513,C00871,S01,2025-11-14 16:48:26,in_store,,2,539.98,0.0,539.98
O002514,C00550,WEB,2025-11-14 16:57:46,online,,1,89.99,0.0,89.99
O002515,C00068,S21,2025-11-14 17:00:44,in_store,,1,229.99,0.0,229.99
O002516,C00507,S20,2025-11-14 17:10:34,in_store,,1,59.99,0.0,59.99
O002517,C00464,S03,2025-11-14 18:04:53,in_store,,1,49.99,0.0,49.99
O002518,C00062,S21,2025-11-14 20:40:27,in_store,,1,39.99,0.0,39.99
O002519,C00315,S16,2025-11-15 11:03:19,in_store,,1,399.99,0.0,399.99
O002520,C00789,S09,2025-11-15 11:38:44,in_store,,1,119.99,0.0,119.99
O002521,C00329,S03,2025-11-15 11:43:51,in_store,,4,249.96,0.0,249.96
O002522,C00893,S21,2025-11-15 12:12:53,in_store,,2,99.98,0.0,99.98
O002523,C01062,S14,2025-11-15 12:14:06,in_store,,2,79.98,0.0,79.98
O002524,C00969,S22,2025-11-15 12:37:17,in_store,,2,349.98,0.0,349.98
O002525,C00727,S17,2025-11-15 13:06:37,in_store,,3,349.97,0.0,349.97
O002526,C00812,S17,2025-11-15 14:42:14,in_store,,1,39.99,0.0,39.99
O002527,C01131,S06,2025-11-15 15:31:21,in_store,,1,299.99,0.0,299.99
O002528,C00199,S19,2025-11-15 16:41:19,in_store,,1,299.99,0.0,299.99
O002529,C00548,S22,2025-11-15 17:09:36,in_store,,3,176.97,0.0,176.97
O002530,C01066,S10,2025-11-15 17:56:02,in_store,,1,199.99,0.0,199.99
O002531,C00476,WEB,2025-11-15 20:00:52,online,,1,399.99,0.0,399.99
O002532,C00536,WEB,2025-11-15 20:31:54,online,,1,129.99,0.0,129.99
O002533,C01073,S09,2025-11-15 20:43:08,in_store,,1,39.99,0.0,39.99
O002534,C01133,WEB,2025-11-16 00:14:52,online,,1,19.99,0.0,19.99
O002535,C01010,S14,2025-11-16 09:47:22,in_store,,1,139.99,0.0,139.99
O002536,C00069,S15,2025-11-16 10:13:19,in_store,,4,719.96,0.0,719.96
O002537,C00548,S22,2025-11-16 10:14:07,in_store,,4,158.96,0.0,158.96
O002538,C01088,S13,2025-11-16 10:22:56,in_store,,2,179.98,0.0,179.98
O002539,C00749,S10,2025-11-16 11:34:47,in_store,,3,183.97,0.0,183.97
O002540,C01134,S21,2025-11-16 11:40:51,in_store,,2,159.98,0.0,159.98
O002541,C00873,S07,2025-11-16 13:03:50,in_store,,4,278.96,0.0,278.96
O002542,C00102,S14,2025-11-16 14:40:58,in_store,,2,199.98,0.0,199.98
O002543,C00911,S07,2025-11-16 14:42:49,in_store,,1,129.99,0.0,129.99
O002544,C00137,S13,2025-11-16 18:33:28,in_store,,1,83.99,0.0,83.99
O002545,C00615,WEB,2025-11-16 20:44:31,online,,1,19.99,0.0,19.99
O002546,C00225,WEB,2025-11-16 21:06:07,online,,1,129.99,0.0,129.99
O002547,C00696,WEB,2025-11-16 23:37:03,online,,3,1049.97,0.0,1049.97
O002548,C00706,WEB,2025-11-17 00:20:39,online,,4,389.96,0.0,389.96
O002549,C00329,S03,2025-11-17 11:22:49,in_store,,2,39.98,0.0,39.98
O002550,C00865,S07,2025-11-17 12:23:46,in_store,,1,128.99,0.0,128.99
O002551,C00495,S01,2025-11-17 13:11:58,in_store,,2,99.98,0.0,99.98
O002552,C00320,S12,2025-11-17 13:39:47,in_store,,1,79.99,0.0,79.99
O002553,C00838,WEB,2025-11-17 14:10:45,online,,4,1624.96,0.0,1624.96
O002554,C01135,S03,2025-11-17 14:25:45,in_store,,1,129.99,0.0,129.99
O002555,C00543,S04,2025-11-17 14:46:14,in_store,,1,299.99,0.0,299.99
O002556,C00864,S21,2025-11-17 18:39:42,in_store,,1,14.99,0.0,14.99
O002557,C00172,S23,2025-11-17 20:06:47,in_store,,1,69.99,0.0,69.99
O002558,C00727,S17,2025-11-17 20:52:43,in_store,,1,349.99,0.0,349.99
O002559,C00946,WEB,2025-11-17 21:06:04,online,,2,149.98,0.0,149.98
O002560,C00177,WEB,2025-11-17 21:55:48,online,,2,299.98,0.0,299.98
O002561,C00422,S11,2025-11-18 11:11:59,in_store,,1,199.99,0.0,199.99
O002562,C01137,S05,2025-11-18 12:54:15,in_store,,2,299.98,0.0,299.98
O002563,C00606,S12,2025-11-18 13:46:08,in_store,,2,269.98,0.0,269.98
O002564,C00704,S15,2025-11-18 14:42:47,in_store,,1,59.99,0.0,59.99
O002565,C01136,S21,2025-11-18 14:50:36,in_store,,1,24.99,0.0,24.99
O002566,C00878,WEB,2025-11-18 16:26:40,online,,1,25.99,0.0,25.99
O002567,C00848,S05,2025-11-18 16:45:15,in_store,,1,119.99,0.0,119.99
O002568,C00725,S03,2025-11-18 17:35:10,in_store,,1,58.99,0.0,58.99
O002569,C01058,S23,2025-11-18 17:52:34,in_store,,4,409.96,0.0,409.96
O002570,C00237,S08,2025-11-18 18:33:09,in_store,,1,99.99,0.0,99.99
O002571,C00142,S22,2025-11-18 20:48:21,in_store,,3,464.97,0.0,464.97
O002572,C01026,S14,2025-11-19 09:36:29,in_store,,1,139.99,0.0,139.99
O002573,C00386,S08,2025-11-19 10:40:33,in_store,,1,19.99,0.0,19.99
O002574,C00983,WEB,2025-11-19 12:21:29,online,,3,79.97,0.0,79.97
O002575,C00801,S13,2025-11-19 12:39:23,in_store,,1,84.99,0.0,84.99
O002576,C00548,S22,2025-11-19 14:18:01,in_store,,1,83.99,0.0,83.99
O002577,C01030,S04,2025-11-19 16:10:09,in_store,,1,69.99,0.0,69.99
O002578,C00370,S22,2025-11-19 16:17:21,in_store,,3,329.97,0.0,329.97
O002579,C00861,S10,2025-11-19 16:36:48,in_store,,4,909.96,0.0,909.96
O002580,C00799,S19,2025-11-19 16:37:31,in_store,,2,308.98,0.0,308.98
O002581,C00919,S21,2025-11-19 18:28:55,in_store,,3,429.97,0.0,429.97
O002582,C00670,S05,2025-11-19 18:59:22,in_store,,1,129.99,0.0,129.99
O002583,C00099,S22,2025-11-19 19:48:28,in_store,,1,59.99,0.0,59.99
O002584,C00706,WEB,2025-11-19 23:50:38,online,,1,49.99,0.0,49.99
O002585,C00581,S12,2025-11-20 10:06:33,in_store,,1,109.99,0.0,109.99
O002586,C00455,S20,2025-11-20 13:17:53,in_store,,1,39.99,0.0,39.99
O002587,C00670,S01,2025-11-20 13:37:03,in_store,,1,79.99,0.0,79.99
O002588,C00708,S13,2025-11-20 13:50:39,in_store,,3,249.97,0.0,249.97
O002589,C00837,WEB,2025-11-20 14:06:25,online,,2,39.98,0.0,39.98
O002590,C01076,S09,2025-11-20 16:19:27,in_store,,1,179.99,0.0,179.99
O002591,C01039,S08,2025-11-20 17:29:40,in_store,,3,939.97,0.0,939.97
O002592,C00652,WEB,2025-11-20 17:38:03,online,,2,439.98,0.0,439.98
O002593,C00281,S01,2025-11-20 18:50:20,in_store,,1,99.99,0.0,99.99
O002594,C00838,WEB,2025-11-20 19:29:05,online,,1,199.99,0.0,199.99
O002595,C00610,WEB,2025-11-20 19:57:54,online,,2,159.98,0.0,159.98
O002596,C00220,WEB,2025-11-20 21:04:02,online,,2,99.98,0.0,99.98
O002597,C00982,WEB,2025-11-21 01:48:13,online,,3,129.97,0.0,129.97
O002598,C01022,S14,2025-11-21 11:40:36,in_store,,1,349.99,0.0,349.99
O002599,C00457,S21,2025-11-21 12:16:27,in_store,,1,49.99,0.0,49.99
O002600,C00782,S13,2025-11-21 12:25:23,in_store,,2,105.98,0.0,105.98
O002601,C00904,S02,2025-11-21 13:22:46,in_store,,1,49.99,0.0,49.99
O002602,C00615,S13,2025-11-21 13:36:13,in_store,,1,149.99,0.0,149.99
O002603,C00343,S10,2025-11-21 13:42:50,in_store,,2,109.98,0.0,109.98
O002604,C00527,S13,2025-11-21 15:08:00,in_store,,2,69.98,0.0,69.98
O002605,C00320,S12,2025-11-21 16:01:49,in_store,,3,409.97,0.0,409.97
O002606,C00499,S13,2025-11-21 18:16:18,in_store,,2,79.98,0.0,79.98
O002607,C01047,S12,2025-11-21 18:39:08,in_store,,1,89.99,0.0,89.99
O002608,C01098,S23,2025-11-21 19:11:17,in_store,,1,89.99,0.0,89.99
O002609,C00016,WEB,2025-11-21 20:06:30,online,,3,889.97,0.0,889.97
O002610,C00456,WEB,2025-11-21 20:26:47,online,,1,599.99,0.0,599.99
O002611,C00213,WEB,2025-11-22 01:59:16,online,,1,39.99,0.0,39.99
O002612,C00253,S11,2025-11-22 09:35:35,in_store,,1,84.99,0.0,84.99
O002613,C00515,S17,2025-11-22 10:28:32,in_store,,1,99.99,0.0,99.99
O002614,C00887,S13,2025-11-22 12:37:30,in_store,,1,229.99,0.0,229.99
O002615,C00525,WEB,2025-11-22 12:41:34,online,,4,644.96,0.0,644.96
O002616,C01108,S19,2025-11-22 13:49:43,in_store,,1,99.99,0.0,99.99
O002617,C00254,S21,2025-11-22 14:44:47,in_store,,1,79.99,0.0,79.99
O002618,C00462,S11,2025-11-22 16:35:31,in_store,,2,319.98,0.0,319.98
O002619,C00987,S03,2025-11-22 17:19:55,in_store,,1,49.99,0.0,49.99
O002620,C00908,WEB,2025-11-22 17:21:36,online,,3,479.97,0.0,479.97
O002621,C00762,WEB,2025-11-22 17:47:52,online,,3,69.97,0.0,69.97
O002622,C00589,S06,2025-11-22 18:16:34,in_store,,1,99.99,0.0,99.99
O002623,C00834,S13,2025-11-22 18:46:31,in_store,,1,199.99,0.0,199.99
O002624,C00456,WEB,2025-11-22 23:24:51,online,,3,344.97,0.0,344.97
O002625,C01073,S09,2025-11-23 10:33:32,in_store,,3,129.97,0.0,129.97
O002626,C00668,S11,2025-11-23 10:44:49,in_store,,1,449.99,0.0,449.99
O002627,C00320,S12,2025-11-23 11:32:14,in_store,,1,299.99,0.0,299.99
O002628,C01076,S09,2025-11-23 12:28:40,in_store,,2,79.98,0.0,79.98
O002629,C01140,S09,2025-11-23 13:32:08,in_store,,1,89.99,0.0,89.99
O002630,C00239,S03,2025-11-23 14:06:08,in_store,,1,29.99,0.0,29.99
O002631,C01097,S21,2025-11-23 14:19:09,in_store,,1,69.99,0.0,69.99
O002632,C00683,S10,2025-11-23 14:59:58,in_store,,1,179.99,0.0,179.99
O002633,C00807,S20,2025-11-23 15:17:01,in_store,,2,149.98,0.0,149.98
O002634,C00045,S14,2025-11-23 15:47:03,in_store,,1,49.99,0.0,49.99
O002635,C00043,S21,2025-11-23 15:58:02,in_store,,1,179.99,0.0,179.99
O002636,C00912,S19,2025-11-23 16:21:32,in_store,,2,599.98,0.0,599.98
O002637,C00575,S22,2025-11-23 16:43:29,in_store,,1,14.99,0.0,14.99
O002638,C00723,S07,2025-11-23 17:23:55,in_store,,1,229.99,0.0,229.99
O002639,C01070,S14,2025-11-23 18:35:12,in_store,,1,58.99,0.0,58.99
O002640,C00120,WEB,2025-11-23 21:37:51,online,,1,69.99,0.0,69.99
O002641,C00775,WEB,2025-11-24 09:10:30,online,,1,229.99,0.0,229.99
O002642,C00482,S18,2025-11-24 12:31:51,in_store,,2,119.98,0.0,119.98
O002643,C00029,S07,2025-11-24 15:37:02,in_store,,2,49.98,0.0,49.98
O002644,C00776,WEB,2025-11-24 15:52:43,online,,2,389.98,0.0,389.98
O002645,C00261,S09,2025-11-24 16:29:10,in_store,,1,149.99,0.0,149.99
O002646,C00194,S02,2025-11-24 16:41:12,in_store,,4,599.96,0.0,599.96
O002647,C00871,S01,2025-11-24 17:06:08,in_store,,1,139.99,0.0,139.99
O002648,C00365,S05,2025-11-24 17:49:03,in_store,,1,149.99,0.0,149.99
O002649,C00774,S07,2025-11-24 18:45:35,in_store,,1,329.99,0.0,329.99
O002650,C00762,WEB,2025-11-24 22:19:55,online,,1,29.99,0.0,29.99
O002651,C00502,WEB,2025-11-24 23:20:14,online,,1,55.99,0.0,55.99
O002652,C01006,WEB,2025-11-25 10:00:15,online,,2,134.98,0.0,134.98
O002653,C00776,WEB,2025-11-25 10:02:39,online,,1,19.99,0.0,19.99
O002654,C00436,S03,2025-11-25 10:11:50,in_store,,2,143.98,0.0,143.98
O002655,C01003,S03,2025-11-25 10:49:43,in_store,,4,229.96,0.0,229.96
O002656,C00387,S15,2025-11-25 11:37:26,in_store,,1,99.99,0.0,99.99
O002657,C01085,S04,2025-11-25 12:27:43,in_store,,1,139.99,0.0,139.99
O002658,C00575,S21,2025-11-25 12:35:25,in_store,,1,99.99,0.0,99.99
O002659,C00921,WEB,2025-11-25 13:18:12,online,,1,299.99,0.0,299.99
O002660,C00572,S20,2025-11-25 15:08:05,in_store,,1,299.99,0.0,299.99
O002661,C00468,S08,2025-11-25 15:29:54,in_store,,1,89.99,0.0,89.99
O002662,C00809,S07,2025-11-25 15:49:10,in_store,,2,119.98,0.0,119.98
O002663,C00341,S12,2025-11-25 16:39:18,in_store,,1,89.99,0.0,89.99
O002664,C00254,S21,2025-11-25 16:59:27,in_store,,1,139.99,0.0,139.99
O002665,C00879,S08,2025-11-25 17:45:32,in_store,,3,158.97,0.0,158.97
O002666,C00197,S09,2025-11-25 17:54:26,in_store,,1,59.99,0.0,59.99
O002667,C00151,WEB,2025-11-25 19:21:19,online,,1,39.99,0.0,39.99
O002668,C00268,WEB,2025-11-25 19:31:50,online,,2,79.98,0.0,79.98
O002669,C00914,S06,2025-11-25 19:50:44,in_store,,1,59.99,0.0,59.99
O002670,C00578,WEB,2025-11-25 20:43:00,online,,2,189.98,0.0,189.98
O002671,C00258,S09,2025-11-25 20:54:33,in_store,,1,149.99,0.0,149.99
O002672,C00725,S03,2025-11-26 11:14:33,in_store,PR-2025-09,1,199.99,50.0,149.99
O002673,C00527,S16,2025-11-26 11:27:33,in_store,PR-2025-09,1,19.99,5.0,14.99
O002674,C01060,S01,2025-11-26 11:46:15,in_store,PR-2025-09,1,59.99,15.0,44.99
O002675,C01078,S12,2025-11-26 11:55:49,in_store,PR-2025-09,3,269.97,67.5,202.47
O002676,C00550,S21,2025-11-26 12:22:24,in_store,PR-2025-09,1,19.99,5.0,14.99
O002677,C01125,S01,2025-11-26 12:28:53,in_store,PR-2025-09,1,149.99,37.5,112.49
O002678,C00259,S13,2025-11-26 13:33:48,in_store,,1,119.99,0.0,119.99
O002679,C00043,S23,2025-11-26 16:42:32,in_store,PR-2025-09,3,164.97,41.25,123.72
O002680,C00848,S04,2025-11-26 18:31:40,in_store,PR-2025-09,1,119.99,30.0,89.99
O002681,C01080,S06,2025-11-26 19:41:04,in_store,PR-2025-09,1,94.99,23.75,71.24
O002682,C00697,S08,2025-11-26 20:01:06,in_store,,3,239.97,0.0,239.97
O002683,C00482,S18,2025-11-26 20:20:06,in_store,,1,59.99,0.0,59.99
O002684,C00360,S08,2025-11-27 09:07:38,in_store,PR-2025-09,1,39.99,10.0,29.99
O002685,C00030,WEB,2025-11-27 10:29:23,online,PR-2025-09,1,89.99,22.5,67.49
O002686,C00877,S21,2025-11-27 13:03:23,in_store,PR-2025-09,1,14.99,3.75,11.24
O002687,C00221,S06,2025-11-27 13:45:21,in_store,,1,19.99,0.0,19.99
O002688,C00426,S21,2025-11-27 14:32:06,in_store,,2,229.98,0.0,229.98
O002689,C00807,S20,2025-11-27 14:55:20,in_store,,1,349.99,0.0,349.99
O002690,C00455,S20,2025-11-27 15:42:49,in_store,,1,199.99,0.0,199.99
O002691,C00034,WEB,2025-11-27 16:29:34,online,,1,34.99,0.0,34.99
O002692,C00958,S21,2025-11-27 16:38:05,in_store,PR-2025-09,1,25.99,6.5,19.49
O002693,C00073,S07,2025-11-27 17:02:05,in_store,PR-2025-09,2,369.98,92.5,277.48
O002694,C00462,S11,2025-11-27 17:34:42,in_store,PR-2025-09,1,59.99,15.0,44.99
O002695,C00659,S23,2025-11-27 17:37:19,in_store,PR-2025-09,1,799.99,200.0,599.99
O002696,C00642,S09,2025-11-27 18:35:56,in_store,,1,449.99,0.0,449.99
O002697,C01146,S24,2025-11-27 19:42:10,in_store,,2,99.98,0.0,99.98
O002698,C00837,WEB,2025-11-27 20:09:19,online,,1,129.99,0.0,129.99
O002699,C00039,S20,2025-11-27 20:52:39,in_store,PR-2025-09,2,74.98,18.75,56.23
O002700,C01131,WEB,2025-11-28 10:41:33,online,PR-2025-09,1,14.99,3.75,11.24
O002701,C01088,S13,2025-11-28 10:53:29,in_store,,1,299.99,0.0,299.99
O002702,C00958,S21,2025-11-28 12:13:53,in_store,PR-2025-09,1,199.99,50.0,149.99
O002703,C00030,S22,2025-11-28 12:41:06,in_store,,1,39.99,0.0,39.99
O002704,C00464,S03,2025-11-28 12:57:01,in_store,PR-2025-09,2,174.98,43.75,131.23
O002705,C00679,S05,2025-11-28 13:01:01,in_store,PR-2025-09,4,429.96,107.5,322.46
O002706,C00014,S20,2025-11-28 13:21:46,in_store,PR-2025-09,1,199.99,50.0,149.99
O002707,C00987,S03,2025-11-28 13:31:07,in_store,PR-2025-09,1,349.99,87.5,262.49
O002708,C00071,S21,2025-11-28 13:51:34,in_store,,1,19.99,0.0,19.99
O002709,C01031,S04,2025-11-28 14:56:28,in_store,PR-2025-09,1,24.99,6.25,18.74
O002710,C00597,S22,2025-11-28 14:58:56,in_store,PR-2025-09,5,589.95,147.49,442.46
O002711,C00507,WEB,2025-11-28 15:14:23,online,PR-2025-09,1,79.99,20.0,59.99
O002712,C00961,S18,2025-11-28 15:58:56,in_store,PR-2025-09,1,299.99,75.0,224.99
O002713,C00457,S21,2025-11-28 16:29:58,in_store,PR-2025-09,2,379.98,95.0,284.98
O002714,C00959,S13,2025-11-28 16:36:54,in_store,PR-2025-09,1,89.99,22.5,67.49
O002715,C01142,S11,2025-11-28 16:44:17,in_store,,1,119.99,0.0,119.99
O002716,C00989,S02,2025-11-28 17:00:45,in_store,,1,49.99,0.0,49.99
O002717,C00963,WEB,2025-11-28 19:33:26,online,PR-2025-09,1,19.99,5.0,14.99
O002718,C00901,S15,2025-11-28 20:24:20,in_store,PR-2025-09,1,84.99,21.25,63.74
O002719,C00034,WEB,2025-11-29 07:16:18,online,PR-2025-09,2,209.98,52.5,157.48
O002720,C01083,S20,2025-11-29 11:43:33,in_store,PR-2025-09,1,89.99,22.5,67.49
O002721,C00559,S16,2025-11-29 13:34:33,in_store,PR-2025-09,2,99.98,25.0,74.98
O002722,C00126,WEB,2025-11-29 13:57:48,online,,1,179.99,0.0,179.99
O002723,C00030,S19,2025-11-29 15:08:27,in_store,,1,129.99,0.0,129.99
O002724,C00750,S13,2025-11-29 15:59:06,in_store,,1,14.99,0.0,14.99
O002725,C00399,S07,2025-11-29 16:51:29,in_store,PR-2025-09,2,289.98,72.5,217.48
O002726,C01051,S06,2025-11-29 17:18:45,in_store,PR-2025-09,1,89.99,22.5,67.49
O002727,C00260,S01,2025-11-29 18:08:38,in_store,,2,69.98,0.0,69.98
O002728,C01150,S13,2025-11-29 18:47:14,in_store,PR-2025-09,1,199.99,50.0,149.99
O002729,C00393,S20,2025-11-29 18:57:40,in_store,,1,19.99,0.0,19.99
O002730,C00544,WEB,2025-11-29 19:33:29,online,,2,179.98,0.0,179.98
O002731,C00450,WEB,2025-11-29 19:48:34,online,PR-2025-09,2,199.98,50.0,149.98
O002732,C00435,WEB,2025-11-29 20:21:41,online,,1,79.99,0.0,79.99
O002733,C00903,S06,2025-11-29 20:36:56,in_store,PR-2025-09,1,139.99,35.0,104.99
O002734,C00457,S21,2025-11-30 11:00:41,in_store,PR-2025-09,1,229.99,57.5,172.49
O002735,C01125,S01,2025-11-30 11:47:04,in_store,PR-2025-09,1,89.99,22.5,67.49
O002736,C00879,S08,2025-11-30 12:03:45,in_store,PR-2025-09,1,129.99,32.5,97.49
O002737,C01151,S16,2025-11-30 12:14:57,in_store,PR-2025-09,3,239.97,59.99,179.98
O002738,C00864,S19,2025-11-30 12:22:22,in_store,,1,89.99,0.0,89.99
O002739,C00526,S19,2025-11-30 13:15:07,in_store,,1,29.99,0.0,29.99
O002740,C01108,S19,2025-11-30 13:27:59,in_store,PR-2025-09,2,104.98,26.25,78.73
O002741,C00445,WEB,2025-11-30 13:46:30,online,PR-2025-09,1,379.99,95.0,284.99
O002742,C00733,S07,2025-11-30 14:19:40,in_store,,1,89.99,0.0,89.99
O002743,C00527,S16,2025-11-30 16:26:39,in_store,PR-2025-09,3,209.97,52.5,157.47
O002744,C00034,WEB,2025-11-30 16:45:50,online,,1,58.99,0.0,58.99
O002745,C00990,WEB,2025-11-30 18:27:12,online,PR-2025-09,4,509.96,127.5,382.46
O002746,C00548,S22,2025-11-30 18:56:02,in_store,PR-2025-09,1,59.99,15.0,44.99
O002747,C00500,WEB,2025-11-30 19:11:30,online,,2,139.98,0.0,139.98
O002748,C00652,S22,2025-11-30 20:36:15,in_store,PR-2025-09,1,79.99,20.0,59.99
O002749,C00804,S21,2025-12-01 11:03:15,in_store,PR-2025-09,2,169.98,42.5,127.48
O002750,C01056,S08,2025-12-01 11:41:29,in_store,PR-2025-09,2,279.98,70.0,209.98
O002751,C00776,WEB,2025-12-01 11:46:25,online,PR-2025-09,2,199.98,49.99,149.99
O002752,C00084,WEB,2025-12-01 12:12:08,online,PR-2025-09,2,39.98,9.99,29.99
O002753,C01152,S01,2025-12-01 12:18:14,in_store,PR-2025-09,3,238.97,59.75,179.22
O002754,C00003,S08,2025-12-01 14:47:07,in_store,,1,99.99,0.0,99.99
O002755,C00436,S02,2025-12-01 15:34:10,in_store,,2,249.98,0.0,249.98
O002756,C00977,S20,2025-12-01 15:46:23,in_store,PR-2025-09,1,149.99,37.5,112.49
O002757,C00589,S01,2025-12-01 15:48:58,in_store,,5,229.95,0.0,229.95
O002758,C00062,S21,2025-12-01 15:49:47,in_store,,2,109.98,0.0,109.98
O002759,C00782,S13,2025-12-01 16:38:01,in_store,PR-2025-09,3,639.97,160.0,479.97
O002760,C00727,WEB,2025-12-01 16:52:04,online,,2,344.98,0.0,344.98
O002761,C00597,S22,2025-12-01 16:52:35,in_store,PR-2025-09,4,558.96,139.75,419.21
O002762,C00565,S09,2025-12-01 17:19:20,in_store,,1,89.99,0.0,89.99
O002763,C01051,S06,2025-12-01 17:25:29,in_store,,1,139.99,0.0,139.99
O002764,C00805,S15,2025-12-01 17:41:34,in_store,PR-2025-09,1,49.99,12.5,37.49
O002765,C00993,S19,2025-12-01 17:42:10,in_store,,3,369.97,0.0,369.97
O002766,C00696,WEB,2025-12-01 17:45:13,online,PR-2025-10,1,299.99,60.0,239.99
O002767,C00662,S01,2025-12-01 18:44:35,in_store,PR-2025-09,1,59.99,15.0,44.99
O002768,C00434,S13,2025-12-01 20:46:10,in_store,PR-2025-09,1,1299.99,325.0,974.99
O002769,C00961,S13,2025-12-01 21:41:31,in_store,PR-2025-09,2,139.98,35.0,104.98
O002770,C00209,WEB,2025-12-01 21:49:43,online,PR-2025-09,2,259.98,65.0,194.98
O002771,C00225,WEB,2025-12-01 21:54:59,online,PR-2025-09,1,14.99,3.75,11.24
O002772,C00727,S17,2025-12-02 09:55:37,in_store,,2,239.98,0.0,239.98
O002773,C00804,S21,2025-12-02 10:38:10,in_store,,1,89.99,0.0,89.99
O002774,C00284,S10,2025-12-02 10:42:04,in_store,,2,439.98,0.0,439.98
O002775,C00903,S06,2025-12-02 11:07:38,in_store,,1,39.99,0.0,39.99
O002776,C00841,S01,2025-12-02 11:21:59,in_store,,2,79.98,0.0,79.98
O002777,C01142,S11,2025-12-02 12:15:04,in_store,,1,69.99,0.0,69.99
O002778,C00610,S16,2025-12-02 13:39:35,in_store,,1,19.99,0.0,19.99
O002779,C00459,S20,2025-12-02 13:42:48,in_store,,1,299.99,0.0,299.99
O002780,C01051,S06,2025-12-02 14:32:54,in_store,,4,273.96,0.0,273.96
O002781,C00010,S07,2025-12-02 15:22:19,in_store,,1,94.99,0.0,94.99
O002782,C00597,S22,2025-12-02 16:19:33,in_store,,1,49.99,0.0,49.99
O002783,C01125,S01,2025-12-02 16:46:56,in_store,,1,49.99,0.0,49.99
O002784,C00416,S21,2025-12-02 17:05:19,in_store,,2,239.98,0.0,239.98
O002785,C00124,S01,2025-12-02 18:10:23,in_store,,1,179.99,0.0,179.99
O002786,C01077,WEB,2025-12-02 18:19:34,online,PR-2025-10,1,24.99,5.0,19.99
O002787,C00946,WEB,2025-12-02 18:22:28,online,,1,69.99,0.0,69.99
O002788,C01027,S07,2025-12-02 18:56:13,in_store,,1,199.99,0.0,199.99
O002789,C00877,S21,2025-12-02 19:19:23,in_store,,3,179.97,0.0,179.97
O002790,C00177,S07,2025-12-02 19:28:18,in_store,,1,129.99,0.0,129.99
O002791,C00076,S21,2025-12-03 10:46:26,in_store,,2,179.98,0.0,179.98
O002792,C01153,S14,2025-12-03 11:06:07,in_store,,1,349.99,0.0,349.99
O002793,C00727,S17,2025-12-03 11:11:34,in_store,,1,449.99,0.0,449.99
O002794,C00426,S21,2025-12-03 11:39:47,in_store,,2,369.98,0.0,369.98
O002795,C00903,S06,2025-12-03 15:47:35,in_store,,2,179.98,0.0,179.98
O002796,C00509,S13,2025-12-03 16:40:42,in_store,,1,29.99,0.0,29.99
O002797,C00774,S10,2025-12-03 16:55:42,in_store,,1,59.99,0.0,59.99
O002798,C00568,WEB,2025-12-03 17:10:29,online,,1,999.99,0.0,999.99
O002799,C00961,S13,2025-12-03 18:33:48,in_store,,2,268.98,0.0,268.98
O002800,C00552,WEB,2025-12-03 19:07:31,online,,2,159.98,0.0,159.98
O002801,C00497,S23,2025-12-03 19:42:08,in_store,,4,159.96,0.0,159.96
O002802,C00227,WEB,2025-12-03 20:30:55,online,PR-2025-10,1,49.99,10.0,39.99
O002803,C01154,WEB,2025-12-03 20:36:42,online,PR-2025-10,1,189.99,38.0,151.99
O002804,C00252,S05,2025-12-04 11:43:16,in_store,,4,214.96,0.0,214.96
O002805,C00959,WEB,2025-12-04 12:10:44,online,,1,199.99,0.0,199.99
O002806,C01076,S09,2025-12-04 12:21:42,in_store,,1,89.99,0.0,89.99
O002807,C00043,S23,2025-12-04 12:22:05,in_store,,1,199.99,0.0,199.99
O002808,C00983,S24,2025-12-04 12:29:48,in_store,,1,25.99,0.0,25.99
O002809,C00385,S16,2025-12-04 12:54:58,in_store,,3,149.97,0.0,149.97
O002810,C00735,S21,2025-12-04 13:27:50,in_store,,2,243.98,0.0,243.98
O002811,C00284,S10,2025-12-04 13:57:20,in_store,,3,269.97,0.0,269.97
O002812,C00069,S15,2025-12-04 14:47:28,in_store,,1,49.99,0.0,49.99
O002813,C00055,WEB,2025-12-04 16:31:45,online,PR-2025-10,3,439.97,88.0,351.97
O002814,C00497,S23,2025-12-04 18:26:37,in_store,,3,229.97,0.0,229.97
O002815,C00030,S19,2025-12-04 18:43:22,in_store,,1,59.99,0.0,59.99
O002816,C00091,S06,2025-12-04 19:14:40,in_store,,1,59.99,0.0,59.99
O002817,C00699,S23,2025-12-04 19:52:59,in_store,,1,199.99,0.0,199.99
O002818,C00444,S16,2025-12-04 20:26:54,in_store,,1,79.99,0.0,79.99
O002819,C01156,S24,2025-12-04 21:40:46,in_store,,2,99.98,0.0,99.98
O002820,C00268,WEB,2025-12-04 22:01:04,online,PR-2025-10,2,117.98,23.6,94.38
O002821,C00044,WEB,2025-12-04 22:33:28,online,,1,99.99,0.0,99.99
O002822,C00582,WEB,2025-12-05 01:55:24,online,PR-2025-10,1,49.99,10.0,39.99
O002823,C00476,WEB,2025-12-05 07:56:50,online,PR-2025-10,1,24.99,5.0,19.99
O002824,C00455,WEB,2025-12-05 09:48:30,online,PR-2025-10,1,69.99,14.0,55.99
O002825,C00033,S07,2025-12-05 11:08:27,in_store,,1,79.99,0.0,79.99
O002826,C00841,S04,2025-12-05 11:33:23,in_store,,3,69.97,0.0,69.97
O002827,C00620,WEB,2025-12-05 12:41:40,online,,1,14.99,0.0,14.99
O002828,C00730,S07,2025-12-05 12:53:35,in_store,,2,224.98,0.0,224.98
O002829,C00788,WEB,2025-12-05 13:23:21,online,PR-2025-10,1,94.99,19.0,75.99
O002830,C00103,S22,2025-12-05 13:54:22,in_store,,2,359.98,0.0,359.98
O002831,C00115,S24,2025-12-05 14:27:13,in_store,,1,139.99,0.0,139.99
O002832,C00998,S01,2025-12-05 15:01:51,in_store,,1,49.99,0.0,49.99
O002833,C00728,S21,2025-12-05 15:37:24,in_store,,1,329.99,0.0,329.99
O002834,C00606,S12,2025-12-05 17:19:16,in_store,,3,149.97,0.0,149.97
O002835,C00065,S21,2025-12-05 17:31:52,in_store,,1,69.99,0.0,69.99
O002836,C00447,S23,2025-12-05 18:55:49,in_store,,1,69.99,0.0,69.99
O002837,C00786,S01,2025-12-05 19:28:22,in_store,,2,479.98,0.0,479.98
O002838,C00202,S09,2025-12-05 20:28:12,in_store,,1,599.99,0.0,599.99
O002839,C00735,S21,2025-12-05 21:24:17,in_store,,4,269.96,0.0,269.96
O002840,C00373,WEB,2025-12-05 22:04:42,online,PR-2025-10,3,399.97,80.0,319.97
O002841,C01160,WEB,2025-12-05 22:35:19,online,PR-2025-10,2,64.98,13.0,51.98
O002842,C00010,WEB,2025-12-06 08:23:39,online,,2,469.98,0.0,469.98
O002843,C00783,S09,2025-12-06 09:37:46,in_store,,1,199.99,0.0,199.99
O002844,C00652,WEB,2025-12-06 09:37:58,online,,4,224.96,0.0,224.96
O002845,C00386,S08,2025-12-06 10:13:04,in_store,,2,209.98,0.0,209.98
O002846,C00558,S22,2025-12-06 11:15:26,in_store,,1,129.99,0.0,129.99
O002847,C00027,WEB,2025-12-06 11:16:57,online,PR-2025-11,3,579.97,48.0,531.97
O002848,C00343,WEB,2025-12-06 11:41:14,online,,1,83.99,0.0,83.99
O002849,C00197,S07,2025-12-06 11:42:08,in_store,PR-2025-11,1,299.99,36.0,263.99
O002850,C01003,S03,2025-12-06 12:17:50,in_store,,1,219.99,0.0,219.99
O002851,C00044,S10,2025-12-06 12:25:55,in_store,,1,89.99,0.0,89.99
O002852,C00596,WEB,2025-12-06 12:48:18,online,,2,119.98,0.0,119.98
O002853,C00727,S18,2025-12-06 13:12:14,in_store,,5,1033.95,0.0,1033.95
O002854,C00220,S23,2025-12-06 13:44:11,in_store,,1,84.99,0.0,84.99
O002855,C00982,S18,2025-12-06 14:46:23,in_store,,1,49.99,0.0,49.99
O002856,C00798,S16,2025-12-06 14:46:55,in_store,PR-2025-11,4,454.96,21.6,433.36
O002857,C00026,S17,2025-12-06 15:07:19,in_store,PR-2025-11,1,49.99,6.0,43.99
O002858,C00809,S07,2025-12-06 15:49:50,in_store,PR-2025-11,1,229.99,27.6,202.39
O002859,C00534,S01,2025-12-06 16:24:56,in_store,,1,89.99,0.0,89.99
O002860,C00186,S17,2025-12-06 17:06:23,in_store,,1,99.99,0.0,99.99
O002861,C00082,WEB,2025-12-06 17:45:16,online,,2,539.98,0.0,539.98
O002862,C00675,WEB,2025-12-06 18:26:47,online,PR-2025-11,3,308.97,15.6,293.37
O002863,C01004,WEB,2025-12-06 18:52:31,online,PR-2025-11,1,139.99,16.8,123.19
O002864,C00540,WEB,2025-12-06 19:51:56,online,,3,119.97,0.0,119.97
O002865,C00678,WEB,2025-12-06 23:04:01,online,PR-2025-11,1,129.99,15.6,114.39
O002866,C00052,WEB,2025-12-06 23:06:58,online,,4,341.96,0.0,341.96
O002867,C00582,WEB,2025-12-07 11:04:42,online,,2,179.98,0.0,179.98
O002868,C00304,S10,2025-12-07 12:14:03,in_store,,1,39.99,0.0,39.99
O002869,C00318,S04,2025-12-07 13:22:51,in_store,,4,353.96,0.0,353.96
O002870,C00841,S06,2025-12-07 13:24:18,in_store,,1,49.99,0.0,49.99
O002871,C00442,S13,2025-12-07 13:52:07,in_store,,4,324.96,0.0,324.96
O002872,C00919,S21,2025-12-07 14:56:05,in_store,PR-2025-11,1,79.99,9.6,70.39
O002873,C01022,S14,2025-12-07 16:00:59,in_store,PR-2025-11,1,129.99,15.6,114.39
O002874,C00723,S07,2025-12-07 17:45:29,in_store,,1,84.99,0.0,84.99
O002875,C00706,WEB,2025-12-07 18:00:49,online,PR-2025-11,2,109.98,4.8,105.18
O002876,C00010,S07,2025-12-07 18:04:17,in_store,PR-2025-11,2,139.98,6.0,133.98
O002877,C00891,S07,2025-12-07 18:13:52,in_store,,1,49.99,0.0,49.99
O002878,C00792,WEB,2025-12-07 18:18:16,online,,2,229.98,0.0,229.98
O002879,C00636,S01,2025-12-07 18:23:19,in_store,,2,198.98,0.0,198.98
O002880,C01162,S16,2025-12-07 18:26:11,in_store,PR-2025-11,1,199.99,24.0,175.99
O002881,C00120,S21,2025-12-07 18:36:03,in_store,,1,29.99,0.0,29.99
O002882,C00874,WEB,2025-12-07 22:19:26,online,PR-2025-11,1,29.99,3.6,26.39
O002883,C00164,WEB,2025-12-08 08:27:13,online,,2,249.98,0.0,249.98
O002884,C00013,WEB,2025-12-08 08:41:28,online,,3,134.97,0.0,134.97
O002885,C00082,WEB,2025-12-08 08:57:46,online,PR-2025-11,1,49.99,6.0,43.99
O002886,C00993,S21,2025-12-08 12:48:27,in_store,,1,89.99,0.0,89.99
O002887,C00414,S21,2025-12-08 13:27:17,in_store,,2,99.98,0.0,99.98
O002888,C00591,S11,2025-12-08 15:18:14,in_store,,1,58.99,0.0,58.99
O002889,C00558,S22,2025-12-08 15:26:20,in_store,,3,928.97,0.0,928.97
O002890,C00362,S05,2025-12-08 15:38:44,in_store,,1,79.99,0.0,79.99
O002891,C00784,S14,2025-12-08 17:49:32,in_store,,1,54.99,0.0,54.99
O002892,C00536,WEB,2025-12-08 18:00:27,online,,1,128.99,0.0,128.99
O002893,C00699,S21,2025-12-08 18:27:18,in_store,,2,169.98,0.0,169.98
O002894,C01142,S11,2025-12-08 18:35:40,in_store,,1,49.99,0.0,49.99
O002895,C00842,WEB,2025-12-08 21:34:48,online,PR-2025-11,1,59.99,7.2,52.79
O002896,C00885,WEB,2025-12-08 23:44:53,online,PR-2025-11,1,49.99,6.0,43.99
O002897,C00877,S21,2025-12-09 09:48:44,in_store,,3,1579.97,0.0,1579.97
O002898,C00924,S05,2025-12-09 10:14:43,in_store,,1,89.99,0.0,89.99
O002899,C01041,WEB,2025-12-09 10:36:26,online,PR-2025-11,1,79.99,9.6,70.39
O002900,C00352,S15,2025-12-09 11:24:53,in_store,,4,303.96,0.0,303.96
O002901,C00879,WEB,2025-12-09 12:56:49,online,,1,149.99,0.0,149.99
O002902,C00374,S21,2025-12-09 13:45:19,in_store,,1,34.99,0.0,34.99
O002903,C00802,S22,2025-12-09 14:31:06,in_store,,2,249.98,0.0,249.98
O002904,C00343,S10,2025-12-09 15:22:07,in_store,,1,79.99,0.0,79.99
O002905,C01146,S22,2025-12-09 15:23:27,in_store,,2,409.98,0.0,409.98
O002906,C00975,S13,2025-12-09 15:29:46,in_store,,1,19.99,0.0,19.99
O002907,C01126,S09,2025-12-09 16:24:56,in_store,,1,79.99,0.0,79.99
O002908,C01051,S06,2025-12-09 16:41:37,in_store,,1,149.99,0.0,149.99
O002909,C00782,S13,2025-12-09 17:06:19,in_store,,1,29.99,0.0,29.99
O002910,C01133,WEB,2025-12-09 17:43:01,online,,2,319.98,0.0,319.98
O002911,C00354,WEB,2025-12-09 17:52:34,online,,1,39.99,0.0,39.99
O002912,C00590,WEB,2025-12-09 18:05:16,online,,2,279.98,0.0,279.98
O002913,C00378,S18,2025-12-09 18:17:17,in_store,,1,169.99,0.0,169.99
O002914,C00255,S14,2025-12-09 18:54:04,in_store,,2,63.98,0.0,63.98
O002915,C01164,S18,2025-12-09 19:31:50,in_store,PR-2025-11,1,49.99,6.0,43.99
O002916,C00266,S14,2025-12-09 19:36:25,in_store,,2,99.98,0.0,99.98
O002917,C00970,WEB,2025-12-10 09:38:21,online,PR-2025-11,1,399.99,48.0,351.99
O002918,C00804,S21,2025-12-10 11:29:28,in_store,,4,829.96,0.0,829.96
O002919,C00586,WEB,2025-12-10 11:57:27,online,,1,189.99,0.0,189.99
O002920,C00852,WEB,2025-12-10 12:21:00,online,,1,99.99,0.0,99.99
O002921,C00558,S22,2025-12-10 13:30:14,in_store,,2,139.98,0.0,139.98
O002922,C00293,S17,2025-12-10 14:00:31,in_store,,1,29.99,0.0,29.99
O002923,C00950,S23,2025-12-10 15:24:07,in_store,,1,59.99,0.0,59.99
O002924,C00596,WEB,2025-12-10 15:39:31,online,,1,24.99,0.0,24.99
O002925,C01101,WEB,2025-12-10 16:24:34,online,,1,84.99,0.0,84.99
O002926,C00789,S09,2025-12-10 16:57:37,in_store,PR-2025-11,1,69.99,8.4,61.59
O002927,C00514,S13,2025-12-10 18:53:44,in_store,,1,599.99,0.0,599.99
O002928,C00310,S19,2025-12-10 19:39:49,in_store,,1,89.99,0.0,89.99
O002929,C00705,WEB,2025-12-10 20:42:06,online,,1,179.99,0.0,179.99
O002930,C00079,WEB,2025-12-10 20:51:38,online,PR-2025-11,1,49.99,6.0,43.99
O002931,C00995,WEB,2025-12-10 22:51:18,online,,2,39.98,0.0,39.98
O002932,C01051,S06,2025-12-11 11:22:15,in_store,PR-2025-11,1,199.99,24.0,175.99
O002933,C00168,S02,2025-12-11 13:20:34,in_store,,1,19.99,0.0,19.99
O002934,C00450,WEB,2025-12-11 14:00:31,online,,1,39.99,0.0,39.99
O002935,C01064,S16,2025-12-11 14:16:46,in_store,PR-2025-11,3,619.97,72.0,547.97
O002936,C01097,S21,2025-12-11 14:26:16,in_store,PR-2025-11,1,129.99,15.6,114.39
O002937,C01166,S11,2025-12-11 15:13:19,in_store,,2,99.98,0.0,99.98
O002938,C00586,S17,2025-12-11 16:21:35,in_store,,1,199.99,0.0,199.99
O002939,C01165,WEB,2025-12-11 19:15:35,online,PR-2025-11,2,544.98,54.0,490.98
O002940,C00637,S07,2025-12-11 21:09:00,in_store,,2,114.98,0.0,114.98
O002941,C00373,WEB,2025-12-12 06:42:47,online,,2,79.98,0.0,79.98
O002942,C01014,WEB,2025-12-12 06:47:58,online,,1,39.99,0.0,39.99
O002943,C00227,WEB,2025-12-12 08:14:40,online,,4,189.96,0.0,189.96
O002944,C00444,S16,2025-12-12 09:34:22,in_store,,1,79.99,0.0,79.99
O002945,C00340,WEB,2025-12-12 11:07:25,online,,3,717.97,0.0,717.97
O002946,C00882,WEB,2025-12-12 11:39:30,online,,1,59.99,0.0,59.99
O002947,C00148,S13,2025-12-12 11:56:54,in_store,PR-2025-11,1,49.99,6.0,43.99
O002948,C00604,S13,2025-12-12 12:13:39,in_store,,2,119.98,0.0,119.98
O002949,C00189,S01,2025-12-12 12:35:05,in_store,PR-2025-11,1,199.99,24.0,175.99
O002950,C00254,S21,2025-12-12 13:14:07,in_store,,1,19.99,0.0,19.99
O002951,C01125,S01,2025-12-12 13:54:34,in_store,,6,1326.94,0.0,1326.94
O002952,C00863,S12,2025-12-12 14:42:23,in_store,,5,219.95,0.0,219.95
O002953,C00758,S03,2025-12-12 15:30:08,in_store,,1,49.99,0.0,49.99
O002954,C00764,S17,2025-12-12 16:26:10,in_store,,1,149.99,0.0,149.99
O002955,C00851,S22,2025-12-12 17:02:50,in_store,PR-2025-11,1,24.99,3.0,21.99
O002956,C00124,S01,2025-12-12 18:49:28,in_store,,2,1379.98,0.0,1379.98
O002957,C00483,WEB,2025-12-12 19:33:15,online,,2,139.98,0.0,139.98
O002958,C00225,WEB,2025-12-12 19:38:11,online,,1,149.99,0.0,149.99
O002959,C00603,S19,2025-12-12 19:58:30,in_store,,2,339.98,0.0,339.98
O002960,C00751,WEB,2025-12-12 20:24:59,online,PR-2025-11,2,379.98,3.6,376.38
O002961,C00507,WEB,2025-12-12 20:50:19,online,,2,169.98,0.0,169.98
O002962,C00638,S13,2025-12-13 09:35:05,in_store,,2,93.98,0.0,93.98
O002963,C00254,S21,2025-12-13 10:02:10,in_store,,1,29.99,0.0,29.99
O002964,C00267,S06,2025-12-13 10:32:12,in_store,PR-2025-11,5,499.95,45.6,454.35
O002965,C01107,S09,2025-12-13 11:14:58,in_store,PR-2025-11,2,299.98,24.0,275.98
O002966,C00284,S10,2025-12-13 13:20:22,in_store,,1,79.99,0.0,79.99
O002967,C00762,S22,2025-12-13 13:20:39,in_store,,1,24.99,0.0,24.99
O002968,C00970,WEB,2025-12-13 14:28:28,online,,1,58.99,0.0,58.99
O002969,C00039,S20,2025-12-13 15:56:37,in_store,,1,58.99,0.0,58.99
O002970,C00677,S07,2025-12-13 16:27:33,in_store,,1,39.99,0.0,39.99
O002971,C01125,S01,2025-12-13 17:24:18,in_store,PR-2025-11,2,429.98,9.6,420.38
O002972,C00064,S09,2025-12-13 17:39:22,in_store,,1,69.99,0.0,69.99
O002973,C00751,WEB,2025-12-13 20:03:03,online,PR-2025-11,2,179.98,15.6,164.38
O002974,C00775,WEB,2025-12-13 21:36:21,online,,5,539.95,0.0,539.95
O002975,C00460,S12,2025-12-14 10:28:18,in_store,,1,89.99,0.0,89.99
O002976,C00076,S21,2025-12-14 10:34:48,in_store,,1,39.99,0.0,39.99
O002977,C00013,WEB,2025-12-14 10:59:23,online,PR-2025-11,1,89.99,10.8,79.19
O002978,C00610,S16,2025-12-14 11:14:41,in_store,PR-2025-11,1,79.99,9.6,70.39
O002979,C00952,S12,2025-12-14 13:08:25,in_store,,1,94.99,0.0,94.99
O002980,C00185,S03,2025-12-14 13:12:41,in_store,,3,223.97,0.0,223.97
O002981,C00758,S03,2025-12-14 13:58:46,in_store,,2,299.98,0.0,299.98
O002982,C00071,S21,2025-12-14 16:12:30,in_store,,1,49.99,0.0,49.99
O002983,C00444,S16,2025-12-14 17:58:51,in_store,,1,79.99,0.0,79.99
O002984,C00883,S06,2025-12-14 18:01:12,in_store,,3,129.97,0.0,129.97
O002985,C00877,S21,2025-12-14 18:51:56,in_store,PR-2025-11,2,249.98,24.0,225.98
O002986,C00062,WEB,2025-12-14 21:07:36,online,,1,79.99,0.0,79.99
O002987,C00030,S19,2025-12-15 09:19:22,in_store,,2,74.98,0.0,74.98
O002988,C00779,WEB,2025-12-15 11:31:56,online,,2,179.98,0.0,179.98
O002989,C00843,S09,2025-12-15 11:37:19,in_store,,2,699.98,0.0,699.98
O002990,C00377,S21,2025-12-15 13:01:40,in_store,,1,89.99,0.0,89.99
O002991,C00043,S23,2025-12-15 13:15:47,in_store,,3,339.97,0.0,339.97
O002992,C00197,S07,2025-12-15 13:17:24,in_store,,1,69.99,0.0,69.99
O002993,C00320,S12,2025-12-15 14:23:12,in_store,,2,149.98,0.0,149.98
O002994,C00207,S02,2025-12-15 14:50:38,in_store,,2,239.98,0.0,239.98
O002995,C00439,S23,2025-12-15 14:58:18,in_store,PR-2025-11,1,149.99,18.0,131.99
O002996,C00289,S06,2025-12-15 15:46:50,in_store,,2,114.98,0.0,114.98
O002997,C00568,WEB,2025-12-15 17:01:24,online,,2,59.98,0.0,59.98
O002998,C00637,S07,2025-12-15 17:38:28,in_store,,1,179.99,0.0,179.99
O002999,C00363,S20,2025-12-15 18:34:32,in_store,,1,49.99,0.0,49.99
O003000,C00092,S08,2025-12-15 19:42:35,in_store,,2,189.98,0.0,189.98
O003001,C00202,S09,2025-12-15 19:43:22,in_store,PR-2025-11,5,639.95,36.0,603.95
O003002,C00008,WEB,2025-12-15 20:46:59,online,,1,449.99,0.0,449.99
O003003,C00638,S13,2025-12-16 10:41:15,in_store,,3,563.97,0.0,563.97
O003004,C00366,S15,2025-12-16 11:35:12,in_store,PR-2025-11,1,129.99,15.6,114.39
O003005,C00837,WEB,2025-12-16 13:17:14,online,,1,49.99,0.0,49.99
O003006,C00037,S13,2025-12-16 13:24:04,in_store,,2,129.98,0.0,129.98
O003007,C01051,S02,2025-12-16 13:55:41,in_store,,1,129.99,0.0,129.99
O003008,C00386,S08,2025-12-16 14:28:36,in_store,,2,238.98,0.0,238.98
O003009,C00076,S21,2025-12-16 14:52:01,in_store,,1,19.99,0.0,19.99
O003010,C01057,WEB,2025-12-16 16:19:40,online,,1,399.99,0.0,399.99
O003011,C00883,S06,2025-12-16 16:26:24,in_store,,1,49.99,0.0,49.99
O003012,C00758,S03,2025-12-16 17:31:53,in_store,,3,789.97,0.0,789.97
O003013,C00731,S20,2025-12-16 18:35:15,in_store,PR-2025-11,2,259.98,31.2,228.78
O003014,C00163,S12,2025-12-16 18:55:12,in_store,,2,224.98,0.0,224.98
O003015,C00975,S17,2025-12-16 19:04:55,in_store,,3,289.97,0.0,289.97
O003016,C00184,S20,2025-12-16 20:00:30,in_store,,2,499.98,0.0,499.98
O003017,C00550,S21,2025-12-16 20:29:35,in_store,,3,129.97,0.0,129.97
O003018,C01153,S14,2025-12-16 20:47:00,in_store,PR-2025-11,3,689.97,48.0,641.97
O003019,C00963,WEB,2025-12-16 20:47:38,online,,1,19.99,0.0,19.99
O003020,C00876,S22,2025-12-17 09:43:00,in_store,,1,49.99,0.0,49.99
O003021,C00789,S09,2025-12-17 11:25:12,in_store,,4,568.96,0.0,568.96
O003022,C00175,S06,2025-12-17 12:02:04,in_store,,1,128.99,0.0,128.99
O003023,C00699,S21,2025-12-17 13:53:28,in_store,,2,39.98,0.0,39.98
O003024,C00770,S20,2025-12-17 14:14:39,in_store,,2,54.98,0.0,54.98
O003025,C01169,WEB,2025-12-17 14:41:51,online,PR-2025-11,1,199.99,24.0,175.99
O003026,C00615,S14,2025-12-17 16:01:29,in_store,,3,253.97,0.0,253.97
O003027,C00454,WEB,2025-12-17 16:55:52,online,,1,79.99,0.0,79.99
O003028,C00954,S14,2025-12-17 17:07:11,in_store,,2,259.98,0.0,259.98
O003029,C01078,S07,2025-12-17 17:15:50,in_store,,1,59.99,0.0,59.99
O003030,C00884,WEB,2025-12-17 17:54:25,online,PR-2025-11,4,249.96,9.6,240.36
O003031,C01057,WEB,2025-12-17 18:56:00,online,,3,559.97,0.0,559.97
O003032,C01168,S15,2025-12-17 19:30:30,in_store,,3,549.97,0.0,549.97
O003033,C01170,S02,2025-12-17 19:38:55,in_store,,1,69.99,0.0,69.99
O003034,C00456,WEB,2025-12-17 21:54:41,online,,1,129.99,0.0,129.99
O003035,C00682,WEB,2025-12-17 23:14:56,online,,1,59.99,0.0,59.99
O003036,C00578,WEB,2025-12-18 09:02:37,online,,1,59.99,0.0,59.99
O003037,C00490,S10,2025-12-18 10:01:43,in_store,PR-2025-11,2,459.98,48.0,411.98
O003038,C00871,S02,2025-12-18 11:16:00,in_store,,4,779.96,0.0,779.96
O003039,C00267,S06,2025-12-18 11:56:07,in_store,PR-2025-11,3,349.97,34.8,315.17
O003040,C00903,S06,2025-12-18 12:14:13,in_store,,3,334.97,0.0,334.97
O003041,C01079,S17,2025-12-18 13:09:33,in_store,,2,139.98,0.0,139.98
O003042,C00497,S22,2025-12-18 13:16:36,in_store,,1,24.99,0.0,24.99
O003043,C01004,WEB,2025-12-18 13:27:53,online,,1,39.99,0.0,39.99
O003044,C01027,S07,2025-12-18 13:54:25,in_store,PR-2025-11,1,129.99,15.6,114.39
O003045,C00706,S09,2025-12-18 14:42:46,in_store,,1,39.99,0.0,39.99
O003046,C01171,S14,2025-12-18 15:42:00,in_store,,3,139.97,0.0,139.97
O003047,C00399,S07,2025-12-18 16:05:54,in_store,,1,89.99,0.0,89.99
O003048,C00289,S06,2025-12-18 18:16:29,in_store,PR-2025-11,1,79.99,9.6,70.39
O003049,C01074,S01,2025-12-18 20:58:46,in_store,,1,349.99,0.0,349.99
O003050,C00775,WEB,2025-12-18 21:49:03,online,,1,89.99,0.0,89.99
O003051,C00267,WEB,2025-12-19 09:48:03,online,,1,34.99,0.0,34.99
O003052,C00092,S07,2025-12-19 10:06:53,in_store,,1,69.99,0.0,69.99
O003053,C00976,S19,2025-12-19 11:14:47,in_store,PR-2025-11,3,849.97,48.0,801.97
O003054,C01163,S02,2025-12-19 11:57:53,in_store,,1,49.99,0.0,49.99
O003055,C00590,WEB,2025-12-19 14:35:15,online,PR-2025-11,2,79.98,4.8,75.18
O003056,C00924,S05,2025-12-19 15:27:59,in_store,PR-2025-11,2,189.98,6.0,183.98
O003057,C00745,S07,2025-12-19 15:49:34,in_store,,2,59.98,0.0,59.98
O003058,C01125,S04,2025-12-19 15:54:38,in_store,,3,638.97,0.0,638.97
O003059,C01053,S23,2025-12-19 16:34:17,in_store,,1,39.99,0.0,39.99
O003060,C00097,S13,2025-12-19 17:18:42,in_store,,4,279.96,0.0,279.96
O003061,C01172,S06,2025-12-19 17:56:08,in_store,,1,399.99,0.0,399.99
O003062,C00103,S22,2025-12-19 18:13:46,in_store,,1,349.99,0.0,349.99
O003063,C00488,S23,2025-12-19 18:18:43,in_store,,1,349.99,0.0,349.99
O003064,C01132,WEB,2025-12-19 18:53:12,online,,2,169.98,0.0,169.98
O003065,C01030,S01,2025-12-19 19:59:16,in_store,,4,307.96,0.0,307.96
O003066,C00004,WEB,2025-12-19 20:12:02,online,,2,51.98,0.0,51.98
O003067,C00724,WEB,2025-12-19 20:38:39,online,PR-2025-11,3,539.97,36.0,503.97
O003068,C00357,S20,2025-12-20 09:53:17,in_store,PR-2025-11,6,699.94,27.6,672.34
O003069,C00672,S01,2025-12-20 12:37:45,in_store,PR-2025-11,2,224.98,24.0,200.98
O003070,C00837,WEB,2025-12-20 12:38:13,online,PR-2025-11,2,279.98,27.6,252.38
O003071,C00603,S21,2025-12-20 13:05:59,in_store,,1,399.99,0.0,399.99
O003072,C01161,S02,2025-12-20 13:36:48,in_store,,1,79.99,0.0,79.99
O003073,C00087,WEB,2025-12-20 15:52:17,online,,1,199.99,0.0,199.99
O003074,C00665,S04,2025-12-20 16:00:25,in_store,,4,148.96,0.0,148.96
O003075,C00961,S16,2025-12-20 16:50:54,in_store,PR-2025-11,1,179.99,21.6,158.39
O003076,C00378,S18,2025-12-20 17:18:46,in_store,,1,89.99,0.0,89.99
O003077,C01174,S22,2025-12-20 17:29:28,in_store,,1,89.99,0.0,89.99
O003078,C00342,S21,2025-12-20 17:41:11,in_store,PR-2025-11,1,299.99,36.0,263.99
O003079,C00168,S02,2025-12-20 18:38:53,in_store,,1,84.99,0.0,84.99
O003080,C00519,WEB,2025-12-20 18:57:10,online,,1,24.99,0.0,24.99
O003081,C00638,S13,2025-12-20 19:49:42,in_store,,1,109.99,0.0,109.99
O003082,C00242,WEB,2025-12-20 20:22:40,online,,1,89.99,0.0,89.99
O003083,C01154,WEB,2025-12-20 23:33:54,online,PR-2025-11,4,439.96,15.6,424.36
O003084,C00652,WEB,2025-12-21 00:43:05,online,,2,1369.98,0.0,1369.98
O003085,C00137,WEB,2025-12-21 08:05:09,online,,1,399.99,0.0,399.99
O003086,C01142,S09,2025-12-21 09:23:59,in_store,,1,69.99,0.0,69.99
O003087,C00677,S07,2025-12-21 11:01:10,in_store,PR-2025-11,2,169.98,15.6,154.38
O003088,C00582,WEB,2025-12-21 11:08:28,online,,1,69.99,0.0,69.99
O003089,C00468,S09,2025-12-21 11:16:45,in_store,,1,14.99,0.0,14.99
O003090,C00722,S12,2025-12-21 11:17:49,in_store,PR-2025-11,3,288.97,24.0,264.97
O003091,C00640,S11,2025-12-21 11:22:11,in_store,,2,169.98,0.0,169.98
O003092,C01134,S21,2025-12-21 12:25:29,in_store,PR-2025-11,2,359.98,36.0,323.98
O003093,C01053,S23,2025-12-21 12:35:36,in_store,,1,349.99,0.0,349.99
O003094,C01175,S17,2025-12-21 12:36:27,in_store,,3,444.97,0.0,444.97
O003095,C00731,S20,2025-12-21 13:05:41,in_store,,1,24.99,0.0,24.99
O003096,C00470,S21,2025-12-21 13:27:59,in_store,,1,179.99,0.0,179.99
O003097,C00293,S17,2025-12-21 13:47:02,in_store,PR-2025-11,3,139.97,7.2,132.77
O003098,C00933,WEB,2025-12-21 14:56:31,online,PR-2025-11,1,399.99,48.0,351.99
O003099,C01011,S08,2025-12-21 15:53:56,in_store,,3,184.97,0.0,184.97
O003100,C00423,S07,2025-12-21 16:22:23,in_store,,1,49.99,0.0,49.99
O003101,C00016,WEB,2025-12-21 17:11:36,online,,1,69.99,0.0,69.99
O003102,C00776,WEB,2025-12-21 17:53:04,online,,1,59.99,0.0,59.99
O003103,C00065,WEB,2025-12-21 18:00:07,online,,1,349.99,0.0,349.99
O003104,C00784,S14,2025-12-21 19:18:42,in_store,,1,49.99,0.0,49.99
O003105,C01015,WEB,2025-12-22 11:05:22,online,,1,39.99,0.0,39.99
O003106,C00979,S02,2025-12-22 12:05:48,in_store,,1,94.99,0.0,94.99
O003107,C00704,S15,2025-12-22 12:07:48,in_store,,3,374.97,0.0,374.97
O003108,C00444,S15,2025-12-22 15:26:44,in_store,,1,58.99,0.0,58.99
O003109,C00151,WEB,2025-12-22 16:15:47,online,,1,189.99,0.0,189.99
O003110,C00699,S21,2025-12-22 17:14:04,in_store,,1,38.99,0.0,38.99
O003111,C00616,S13,2025-12-22 17:28:32,in_store,,1,58.99,0.0,58.99
O003112,C00416,S21,2025-12-22 18:21:00,in_store,,2,119.98,0.0,119.98
O003113,C00844,S20,2025-12-22 19:08:53,in_store,,1,14.99,0.0,14.99
O003114,C00255,S14,2025-12-22 20:11:37,in_store,,2,89.98,0.0,89.98
O003115,C00072,S22,2025-12-22 20:55:57,in_store,,3,137.97,0.0,137.97
O003116,C01160,WEB,2025-12-23 09:55:02,online,,1,25.99,0.0,25.99
O003117,C01076,S07,2025-12-23 10:47:05,in_store,,2,129.98,0.0,129.98
O003118,C00837,WEB,2025-12-23 11:54:49,online,,2,117.98,0.0,117.98
O003119,C00783,S09,2025-12-23 12:28:14,in_store,,1,189.99,0.0,189.99
O003120,C00642,S09,2025-12-23 13:47:57,in_store,,1,83.99,0.0,83.99
O003121,C01136,S21,2025-12-23 17:16:43,in_store,,3,119.97,0.0,119.97
O003122,C00997,S07,2025-12-23 19:03:43,in_store,,3,270.97,0.0,270.97
O003123,C00457,S21,2025-12-23 20:24:57,in_store,,1,199.99,0.0,199.99
O003124,C00610,S16,2025-12-23 20:50:48,in_store,,1,24.99,0.0,24.99
O003125,C00137,S02,2025-12-24 09:17:06,in_store,,1,799.99,0.0,799.99
O003126,C00231,S19,2025-12-24 11:39:00,in_store,,4,479.96,0.0,479.96
O003127,C00221,S06,2025-12-24 13:25:14,in_store,,1,129.99,0.0,129.99
O003128,C00735,S21,2025-12-24 13:55:03,in_store,,1,189.99,0.0,189.99
O003129,C00326,S06,2025-12-24 13:59:07,in_store,,1,19.99,0.0,19.99
O003130,C01108,S19,2025-12-24 14:16:00,in_store,,1,59.99,0.0,59.99
O003131,C00438,S08,2025-12-24 14:19:51,in_store,,3,284.97,0.0,284.97
O003132,C00044,S07,2025-12-24 14:23:29,in_store,,1,19.99,0.0,19.99
O003133,C00402,S08,2025-12-24 14:43:04,in_store,,1,199.99,0.0,199.99
O003134,C01044,WEB,2025-12-24 16:49:14,online,,3,1049.97,0.0,1049.97
O003135,C00937,S18,2025-12-24 17:07:40,in_store,,4,294.96,0.0,294.96
O003136,C00903,S06,2025-12-24 20:50:09,in_store,,1,24.99,0.0,24.99
O003137,C00462,S11,2025-12-25 09:56:08,in_store,,1,59.99,0.0,59.99
O003138,C00877,S21,2025-12-25 10:24:06,in_store,,1,89.99,0.0,89.99
O003139,C00445,WEB,2025-12-25 11:12:23,online,,1,199.99,0.0,199.99
O003140,C00713,S10,2025-12-25 11:55:58,in_store,,2,79.98,0.0,79.98
O003141,C00606,S12,2025-12-25 12:11:48,in_store,,4,269.96,0.0,269.96
O003142,C00034,WEB,2025-12-25 13:48:16,online,,2,39.98,0.0,39.98
O003143,C01161,S02,2025-12-25 14:01:42,in_store,,2,73.98,0.0,73.98
O003144,C01147,S21,2025-12-25 14:22:16,in_store,,3,177.97,0.0,177.97
O003145,C00672,S01,2025-12-25 16:28:53,in_store,,1,179.99,0.0,179.99
O003146,C00757,S06,2025-12-25 19:35:18,in_store,,2,189.98,0.0,189.98
O003147,C00733,S07,2025-12-26 09:08:27,in_store,,1,19.99,0.0,19.99
O003148,C00659,S24,2025-12-26 10:50:14,in_store,,2,259.98,0.0,259.98
O003149,C00760,S12,2025-12-26 14:10:27,in_store,,1,29.99,0.0,29.99
O003150,C00237,S08,2025-12-26 14:59:15,in_store,,4,174.96,0.0,174.96
O003151,C00961,S13,2025-12-26 18:44:22,in_store,,1,179.99,0.0,179.99
O003152,C00008,WEB,2025-12-26 18:44:30,online,,1,79.99,0.0,79.99
O003153,C00034,WEB,2025-12-26 22:27:50,online,,1,58.99,0.0,58.99
O003154,C00723,WEB,2025-12-27 10:40:28,online,,1,58.99,0.0,58.99
O003155,C00455,S21,2025-12-27 11:28:57,in_store,,2,259.98,0.0,259.98
O003156,C00398,S03,2025-12-27 11:41:32,in_store,,2,199.98,0.0,199.98
O003157,C00706,WEB,2025-12-27 12:15:00,online,,2,114.98,0.0,114.98
O003158,C00976,S21,2025-12-27 13:35:38,in_store,,1,24.99,0.0,24.99
O003159,C00374,S21,2025-12-27 13:49:34,in_store,,3,378.97,0.0,378.97
O003160,C00019,S20,2025-12-27 14:58:56,in_store,,2,104.98,0.0,104.98
O003161,C00393,S20,2025-12-27 15:12:43,in_store,,3,899.97,0.0,899.97
O003162,C00939,S13,2025-12-27 16:46:09,in_store,,1,43.99,0.0,43.99
O003163,C00637,S07,2025-12-27 17:10:23,in_store,,1,83.99,0.0,83.99
O003164,C00336,S18,2025-12-27 18:56:59,in_store,,1,29.99,0.0,29.99
O003165,C01107,S09,2025-12-27 19:06:26,in_store,,1,39.99,0.0,39.99
O003166,C00772,S19,2025-12-27 20:24:37,in_store,,1,89.99,0.0,89.99
O003167,C01003,S03,2025-12-28 10:05:46,in_store,,2,389.98,0.0,389.98
O003168,C00567,S15,2025-12-28 10:34:32,in_store,,2,149.98,0.0,149.98
O003169,C00221,S06,2025-12-28 10:34:54,in_store,,2,149.98,0.0,149.98
O003170,C00817,S07,2025-12-28 11:47:50,in_store,,1,49.99,0.0,49.99
O003171,C00254,S21,2025-12-28 13:46:26,in_store,,2,224.98,0.0,224.98
O003172,C00642,S09,2025-12-28 15:20:52,in_store,,1,79.99,0.0,79.99
O003173,C00469,WEB,2025-12-28 15:31:17,online,,1,19.99,0.0,19.99
O003174,C01161,S02,2025-12-28 16:20:53,in_store,,1,44.99,0.0,44.99
O003175,C00069,S15,2025-12-28 16:36:51,in_store,,1,49.99,0.0,49.99
O003176,C00578,WEB,2025-12-28 17:52:18,online,,1,29.99,0.0,29.99
O003177,C00485,S10,2025-12-28 17:54:46,in_store,,2,229.98,0.0,229.98
O003178,C01132,WEB,2025-12-28 20:39:28,online,,1,199.99,0.0,199.99
O003179,C01093,WEB,2025-12-29 12:11:36,online,,1,99.99,0.0,99.99
O003180,C00272,S17,2025-12-29 12:51:28,in_store,,1,129.99,0.0,129.99
O003181,C00775,WEB,2025-12-29 14:32:26,online,,3,423.97,0.0,423.97
O003182,C00563,S14,2025-12-29 15:00:25,in_store,,1,399.99,0.0,399.99
O003183,C00377,S21,2025-12-29 15:13:59,in_store,,1,29.99,0.0,29.99
O003184,C00186,S17,2025-12-29 16:37:40,in_store,,3,176.97,0.0,176.97
O003185,C01116,S21,2025-12-29 17:45:18,in_store,,1,119.99,0.0,119.99
O003186,C00442,S13,2025-12-29 18:10:44,in_store,,4,328.96,0.0,328.96
O003187,C01178,S05,2025-12-29 18:21:14,in_store,,5,194.95,0.0,194.95
O003188,C00930,WEB,2025-12-29 22:31:00,online,,1,14.99,0.0,14.99
O003189,C00792,WEB,2025-12-30 08:21:00,online,,1,149.99,0.0,149.99
O003190,C00450,WEB,2025-12-30 08:49:59,online,,1,79.99,0.0,79.99
O003191,C01146,S24,2025-12-30 11:29:50,in_store,,1,79.99,0.0,79.99
O003192,C00533,WEB,2025-12-30 11:36:31,online,,4,758.96,0.0,758.96
O003193,C00076,S21,2025-12-30 12:50:26,in_store,,2,99.98,0.0,99.98
O003194,C00942,S03,2025-12-30 13:39:14,in_store,,1,399.99,0.0,399.99
O003195,C00449,S17,2025-12-30 14:40:26,in_store,,3,179.97,0.0,179.97
O003196,C01026,S14,2025-12-30 16:51:16,in_store,,1,89.99,0.0,89.99
O003197,C00760,S12,2025-12-30 16:51:49,in_store,,4,1239.96,0.0,1239.96
O003198,C01085,S04,2025-12-30 16:57:29,in_store,,3,699.97,0.0,699.97
O003199,C00859,WEB,2025-12-30 18:47:51,online,,1,599.99,0.0,599.99
O003200,C00652,WEB,2025-12-30 19:47:42,online,,1,59.99,0.0,59.99
O003201,C00445,WEB,2025-12-30 21:44:32,online,,1,19.99,0.0,19.99
O003202,C00465,WEB,2025-12-30 23:49:04,online,,1,89.99,0.0,89.99
O003203,C00227,WEB,2025-12-31 09:38:16,online,,1,39.99,0.0,39.99
O003204,C01064,S16,2025-12-31 09:45:46,in_store,,3,359.97,0.0,359.97
O003205,C01125,S01,2025-12-31 10:52:00,in_store,,1,349.99,0.0,349.99
O003206,C00111,WEB,2025-12-31 12:28:23,online,,1,29.99,0.0,29.99
O003207,C01080,S06,2025-12-31 13:08:26,in_store,,1,83.99,0.0,83.99
O003208,C00124,S01,2025-12-31 16:41:57,in_store,,1,89.99,0.0,89.99
O003209,C01047,S11,2025-12-31 17:23:04,in_store,,1,89.99,0.0,89.99
O003210,C00222,S16,2025-12-31 18:03:05,in_store,,2,174.98,0.0,174.98
O003211,C00040,WEB,2025-12-31 22:26:01,online,,3,343.97,0.0,343.97
O003212,C00316,S03,2026-01-01 10:50:15,in_store,,2,469.98,0.0,469.98
O003213,C01142,S11,2026-01-01 12:46:44,in_store,,2,109.98,0.0,109.98
O003214,C00069,S15,2026-01-01 15:16:13,in_store,,1,449.99,0.0,449.99
O003215,C00886,S07,2026-01-01 17:22:52,in_store,,1,299.99,0.0,299.99
O003216,C00919,S21,2026-01-01 17:59:44,in_store,,1,58.99,0.0,58.99
O003217,C00140,S21,2026-01-01 19:28:34,in_store,,1,24.99,0.0,24.99
O003218,C00550,S19,2026-01-02 10:14:07,in_store,,3,565.97,0.0,565.97
O003219,C00431,S07,2026-01-02 14:49:06,in_store,,1,399.99,0.0,399.99
O003220,C00687,WEB,2026-01-02 16:23:02,online,,1,119.99,0.0,119.99
O003221,C00905,S02,2026-01-02 18:07:56,in_store,,1,449.99,0.0,449.99
O003222,C01182,S04,2026-01-02 19:35:39,in_store,,1,89.99,0.0,89.99
O003223,C00742,S15,2026-01-02 19:53:49,in_store,,1,69.99,0.0,69.99
O003224,C00485,S10,2026-01-02 20:05:40,in_store,,2,138.98,0.0,138.98
O003225,C01163,S02,2026-01-02 20:12:07,in_store,,1,89.99,0.0,89.99
O003226,C00880,WEB,2026-01-02 21:29:34,online,,1,59.99,0.0,59.99
O003227,C00772,S19,2026-01-03 15:16:20,in_store,,1,39.99,0.0,39.99
O003228,C00665,S03,2026-01-03 15:32:22,in_store,,3,579.97,0.0,579.97
O003229,C00904,S02,2026-01-03 17:37:08,in_store,,1,39.99,0.0,39.99
O003230,C00543,S04,2026-01-03 19:26:01,in_store,,1,179.99,0.0,179.99
O003231,C00908,WEB,2026-01-03 19:49:55,online,,1,149.99,0.0,149.99
O003232,C00765,S03,2026-01-03 20:19:11,in_store,,3,89.97,0.0,89.97
O003233,C01030,S01,2026-01-03 20:42:14,in_store,,2,119.98,0.0,119.98
O003234,C00974,WEB,2026-01-03 21:13:07,online,,1,58.99,0.0,58.99
O003235,C01185,S11,2026-01-04 09:24:23,in_store,,1,349.99,0.0,349.99
O003236,C00068,S21,2026-01-04 11:07:43,in_store,,1,299.99,0.0,299.99
O003237,C00668,S09,2026-01-04 12:24:18,in_store,,1,139.99,0.0,139.99
O003238,C01001,S15,2026-01-04 12:48:56,in_store,,4,449.96,0.0,449.96
O003239,C00455,S20,2026-01-04 12:51:23,in_store,,3,174.97,0.0,174.97
O003240,C01125,S01,2026-01-04 13:56:13,in_store,,1,199.99,0.0,199.99
O003241,C00770,S22,2026-01-04 16:16:43,in_store,,1,149.99,0.0,149.99
O003242,C01126,WEB,2026-01-04 17:44:04,online,,1,349.99,0.0,349.99
O003243,C00616,S13,2026-01-04 18:12:42,in_store,,2,689.98,0.0,689.98
O003244,C00476,WEB,2026-01-04 18:19:06,online,,1,34.99,0.0,34.99
O003245,C00182,S01,2026-01-04 20:05:28,in_store,,1,199.99,0.0,199.99
O003246,C00536,WEB,2026-01-04 21:24:21,online,,3,229.97,0.0,229.97
O003247,C00527,S16,2026-01-05 09:58:05,in_store,,1,229.99,0.0,229.99
O003248,C00738,S10,2026-01-05 16:49:50,in_store,,2,179.98,0.0,179.98
O003249,C01183,S12,2026-01-05 18:15:14,in_store,,2,139.98,0.0,139.98
O003250,C00847,S07,2026-01-05 18:51:13,in_store,,1,999.99,0.0,999.99
O003251,C01146,S24,2026-01-05 19:03:11,in_store,,1,189.99,0.0,189.99
O003252,C00228,WEB,2026-01-06 07:45:49,online,,2,109.98,0.0,109.98
O003253,C00087,WEB,2026-01-06 08:00:04,online,,2,114.98,0.0,114.98
O003254,C00775,WEB,2026-01-06 09:37:59,online,,1,49.99,0.0,49.99
O003255,C01015,S16,2026-01-06 10:47:13,in_store,,1,349.99,0.0,349.99
O003256,C00791,S19,2026-01-06 11:07:17,in_store,,1,39.99,0.0,39.99
O003257,C01144,WEB,2026-01-06 12:10:51,online,,3,155.97,0.0,155.97
O003258,C01186,S07,2026-01-06 13:33:26,in_store,,3,239.97,0.0,239.97
O003259,C00237,S08,2026-01-06 15:29:25,in_store,,1,89.99,0.0,89.99
O003260,C00426,S21,2026-01-06 15:35:58,in_store,,4,188.96,0.0,188.96
O003261,C00735,S21,2026-01-06 16:47:07,in_store,,1,59.99,0.0,59.99
O003262,C00735,S21,2026-01-07 10:09:11,in_store,,1,29.99,0.0,29.99
O003263,C00805,S15,2026-01-07 10:40:24,in_store,,1,58.99,0.0,58.99
O003264,C00749,S10,2026-01-07 14:26:43,in_store,,1,399.99,0.0,399.99
O003265,C00837,WEB,2026-01-07 17:47:05,online,,1,119.99,0.0,119.99
O003266,C00665,S04,2026-01-07 18:15:58,in_store,,2,389.98,0.0,389.98
O003267,C01126,WEB,2026-01-07 20:27:23,online,,1,49.99,0.0,49.99
O003268,C00876,S22,2026-01-07 20:38:54,in_store,,1,69.99,0.0,69.99
O003269,C01100,WEB,2026-01-08 11:13:52,online,PR-2026-01,1,149.99,37.5,112.49
O003270,C01136,S21,2026-01-08 14:45:22,in_store,,2,154.98,0.0,154.98
O003271,C00317,S11,2026-01-08 16:35:53,in_store,,1,199.99,0.0,199.99
O003272,C01030,S01,2026-01-08 17:43:57,in_store,,1,79.99,0.0,79.99
O003273,C01188,S07,2026-01-08 18:04:29,in_store,,1,89.99,0.0,89.99
O003274,C00758,S03,2026-01-08 19:17:52,in_store,PR-2026-01,1,129.99,32.5,97.49
O003275,C00254,WEB,2026-01-08 20:19:08,online,,2,249.98,0.0,249.98
O003276,C00809,S07,2026-01-09 09:03:47,in_store,PR-2026-01,2,154.98,38.75,116.23
O003277,C00642,S09,2026-01-09 11:04:22,in_store,PR-2026-01,1,199.99,50.0,149.99
O003278,C00615,S14,2026-01-09 13:02:58,in_store,PR-2026-01,2,139.98,35.0,104.98
O003279,C00482,S18,2026-01-09 13:31:57,in_store,PR-2026-01,2,129.98,32.5,97.48
O003280,C00550,S21,2026-01-09 15:54:57,in_store,PR-2026-01,1,29.99,7.5,22.49
O003281,C00861,S10,2026-01-09 16:23:03,in_store,PR-2026-01,2,129.98,32.5,97.48
O003282,C00033,S07,2026-01-09 17:21:34,in_store,,1,349.99,0.0,349.99
O003283,C00502,S09,2026-01-09 17:31:09,in_store,PR-2026-01,1,19.99,5.0,14.99
O003284,C00610,S16,2026-01-09 18:07:39,in_store,PR-2026-01,1,299.99,75.0,224.99
O003285,C01190,S05,2026-01-09 18:41:50,in_store,PR-2026-01,1,189.99,47.5,142.49
O003286,C00652,WEB,2026-01-09 19:49:30,online,PR-2026-01,2,59.98,15.0,44.98
O003287,C00770,WEB,2026-01-09 20:20:34,online,PR-2026-01,1,49.99,12.5,37.49
O003288,C00027,S13,2026-01-09 20:24:39,in_store,,2,104.98,0.0,104.98
O003289,C00237,S08,2026-01-10 10:24:36,in_store,PR-2026-01,4,324.96,81.25,243.71
O003290,C00467,S13,2026-01-10 10:34:41,in_store,,1,89.99,0.0,89.99
O003291,C00228,S13,2026-01-10 11:43:18,in_store,PR-2026-01,3,404.97,101.25,303.72
O003292,C00637,S07,2026-01-10 12:14:56,in_store,PR-2026-01,2,549.98,137.5,412.48
O003293,C00765,S03,2026-01-10 13:41:36,in_store,PR-2026-01,1,19.99,5.0,14.99
O003294,C00919,S21,2026-01-10 13:57:51,in_store,,1,19.99,0.0,19.99
O003295,C00823,S23,2026-01-10 14:31:45,in_store,,2,449.98,0.0,449.98
O003296,C01051,S06,2026-01-10 16:00:58,in_store,PR-2026-01,1,59.99,15.0,44.99
O003297,C00589,S01,2026-01-10 16:27:03,in_store,,1,199.99,0.0,199.99
O003298,C00776,WEB,2026-01-10 16:51:07,online,PR-2026-01,1,24.99,6.25,18.74
O003299,C00723,S07,2026-01-10 17:32:59,in_store,PR-2026-01,1,299.99,75.0,224.99
O003300,C00961,S13,2026-01-10 18:14:38,in_store,PR-2026-01,4,369.96,92.5,277.46
O003301,C00296,S18,2026-01-10 18:32:47,in_store,PR-2026-01,2,89.98,22.5,67.48
O003302,C00713,S10,2026-01-10 18:55:11,in_store,PR-2026-01,3,309.97,77.5,232.47
O003303,C00286,S15,2026-01-10 18:57:07,in_store,PR-2026-01,1,89.99,22.5,67.49
O003304,C00028,S13,2026-01-10 19:40:58,in_store,,2,279.98,0.0,279.98
O003305,C00665,S04,2026-01-10 19:43:28,in_store,PR-2026-01,2,149.98,37.5,112.48
O003306,C01116,S21,2026-01-10 20:12:21,in_store,PR-2026-01,1,19.99,5.0,14.99
O003307,C00357,S19,2026-01-10 20:55:46,in_store,PR-2026-01,1,149.99,37.5,112.49
O003308,C01159,S09,2026-01-10 21:39:38,in_store,,2,129.98,0.0,129.98
O003309,C00087,WEB,2026-01-10 21:42:31,online,PR-2026-01,2,699.98,175.0,524.98
O003310,C00642,WEB,2026-01-11 08:06:09,online,,1,29.99,0.0,29.99
O003311,C01061,WEB,2026-01-11 08:31:43,online,PR-2026-01,1,58.99,14.75,44.24
O003312,C00886,S07,2026-01-11 09:38:21,in_store,,1,19.99,0.0,19.99
O003313,C00640,S08,2026-01-11 16:17:24,in_store,PR-2026-01,1,149.99,37.5,112.49
O003314,C00844,S20,2026-01-11 16:20:55,in_store,PR-2026-01,1,399.99,100.0,299.99
O003315,C01013,S13,2026-01-11 16:42:11,in_store,PR-2026-01,1,14.99,3.75,11.24
O003316,C01076,S09,2026-01-11 18:50:07,in_store,,3,234.97,0.0,234.97
O003317,C00411,WEB,2026-01-11 21:16:38,online,,1,49.99,0.0,49.99
O003318,C01177,WEB,2026-01-11 21:32:50,online,PR-2026-01,1,129.99,32.5,97.49
O003319,C00961,S13,2026-01-12 09:36:18,in_store,,2,649.98,0.0,649.98
O003320,C01055,WEB,2026-01-12 11:34:48,online,,3,249.97,0.0,249.97
O003321,C00402,S09,2026-01-12 13:51:11,in_store,PR-2026-01,1,59.99,15.0,44.99
O003322,C00858,S23,2026-01-12 14:08:43,in_store,,4,149.96,0.0,149.96
O003323,C00286,S15,2026-01-12 15:35:58,in_store,PR-2026-01,2,129.98,32.5,97.48
O003324,C00030,S22,2026-01-12 16:12:40,in_store,PR-2026-01,2,164.98,41.25,123.73
O003325,C00728,S21,2026-01-12 17:35:03,in_store,,1,99.99,0.0,99.99
O003326,C00764,S17,2026-01-12 18:38:17,in_store,,1,19.99,0.0,19.99
O003327,C00610,S16,2026-01-13 10:40:27,in_store,PR-2026-01,1,199.99,50.0,149.99
O003328,C00194,S02,2026-01-13 11:22:17,in_store,,1,89.99,0.0,89.99
O003329,C01183,S08,2026-01-13 11:23:03,in_store,PR-2026-01,1,43.99,11.0,32.99
O003330,C00385,S16,2026-01-13 12:00:28,in_store,,1,99.99,0.0,99.99
O003331,C01194,S17,2026-01-13 12:04:17,in_store,PR-2026-01,1,199.99,50.0,149.99
O003332,C00398,S05,2026-01-13 13:07:27,in_store,,1,59.99,0.0,59.99
O003333,C00239,S03,2026-01-13 15:03:59,in_store,PR-2026-01,1,39.99,10.0,29.99
O003334,C00666,WEB,2026-01-13 15:40:28,online,PR-2026-01,1,169.99,42.5,127.49
O003335,C00975,S14,2026-01-13 16:19:52,in_store,PR-2026-01,5,379.95,94.98,284.97
O003336,C01154,WEB,2026-01-13 18:25:46,online,PR-2026-01,2,145.98,36.5,109.48
O003337,C00603,S21,2026-01-13 18:48:09,in_store,PR-2026-01,2,74.98,18.75,56.23
O003338,C00775,WEB,2026-01-13 20:08:42,online,PR-2026-01,2,208.98,52.25,156.73
O003339,C01160,WEB,2026-01-13 20:16:43,online,PR-2026-01,1,449.99,112.5,337.49
O003340,C01061,WEB,2026-01-14 01:36:02,online,,1,19.99,0.0,19.99
O003341,C00578,WEB,2026-01-14 10:23:05,online,PR-2026-01,1,39.99,10.0,29.99
O003342,C00284,S10,2026-01-14 11:45:20,in_store,PR-2026-01,1,39.99,10.0,29.99
O003343,C01131,S06,2026-01-14 13:31:28,in_store,PR-2026-01,1,69.99,17.5,52.49
O003344,C00589,S03,2026-01-14 14:21:29,in_store,,1,179.99,0.0,179.99
O003345,C01010,S14,2026-01-14 14:24:57,in_store,PR-2026-01,3,439.97,110.0,329.97
O003346,C00615,S13,2026-01-14 16:48:41,in_store,PR-2026-01,3,124.97,31.25,93.72
O003347,C00402,S09,2026-01-14 16:51:00,in_store,PR-2026-01,1,19.99,5.0,14.99
O003348,C01138,S11,2026-01-14 16:52:50,in_store,PR-2026-01,1,19.99,5.0,14.99
O003349,C00638,S13,2026-01-14 17:08:30,in_store,,3,278.97,0.0,278.97
O003350,C00411,WEB,2026-01-14 18:33:08,online,,1,24.99,0.0,24.99
O003351,C00273,S22,2026-01-14 18:53:33,in_store,,2,34.98,0.0,34.98
O003352,C00422,S11,2026-01-14 19:31:36,in_store,PR-2026-01,5,799.95,199.99,599.96
O003353,C00429,S09,2026-01-15 11:13:26,in_store,PR-2026-01,1,83.99,21.0,62.99
O003354,C00909,S21,2026-01-15 12:32:08,in_store,PR-2026-01,2,44.98,11.25,33.73
O003355,C00839,S13,2026-01-15 14:03:18,in_store,,1,58.99,0.0,58.99
O003356,C00764,S17,2026-01-15 14:12:42,in_store,PR-2026-01,1,69.99,17.5,52.49
O003357,C00805,S15,2026-01-15 15:05:19,in_store,PR-2026-01,3,474.97,118.75,356.22
O003358,C01187,S06,2026-01-15 16:35:59,in_store,PR-2026-01,1,99.99,25.0,74.99
O003359,C01195,WEB,2026-01-15 16:59:34,online,PR-2026-01,2,339.98,85.0,254.98
O003360,C00987,S03,2026-01-15 19:54:10,in_store,PR-2026-01,1,69.99,17.5,52.49
O003361,C00987,S03,2026-01-16 09:11:28,in_store,PR-2026-01,1,49.99,12.5,37.49
O003362,C00659,S23,2026-01-16 11:30:26,in_store,,1,59.99,0.0,59.99
O003363,C00352,S15,2026-01-16 13:23:34,in_store,,1,449.99,0.0,449.99
O003364,C00529,S09,2026-01-16 14:27:49,in_store,PR-2026-01,1,129.99,32.5,97.49
O003365,C00427,S19,2026-01-16 18:03:10,in_store,PR-2026-01,1,128.99,32.25,96.74
O003366,C01124,WEB,2026-01-16 18:23:45,online,PR-2026-01,2,99.98,25.0,74.98
O003367,C00175,S06,2026-01-16 19:28:56,in_store,,1,49.99,0.0,49.99
O003368,C00802,S22,2026-01-16 19:47:13,in_store,PR-2026-01,1,139.99,35.0,104.99
O003369,C00247,S13,2026-01-16 20:23:33,in_store,PR-2026-01,1,79.99,20.0,59.99
O003370,C01197,WEB,2026-01-16 22:38:53,online,PR-2026-01,1,14.99,3.75,11.24
O003371,C00199,S24,2026-01-17 11:09:07,in_store,PR-2026-01,5,634.95,158.74,476.21
O003372,C01027,S07,2026-01-17 11:24:59,in_store,PR-2026-01,1,199.99,50.0,149.99
O003373,C00861,WEB,2026-01-17 12:20:58,online,,1,24.99,0.0,24.99
O003374,C00773,WEB,2026-01-17 12:41:49,online,,2,149.98,0.0,149.98
O003375,C01159,S09,2026-01-17 12:59:34,in_store,PR-2026-01,1,24.99,6.25,18.74
O003376,C00497,S23,2026-01-17 13:37:47,in_store,,1,299.99,0.0,299.99
O003377,C00802,S22,2026-01-17 13:42:03,in_store,PR-2026-01,2,699.98,175.0,524.98
O003378,C00598,S02,2026-01-17 15:06:24,in_store,PR-2026-01,1,349.99,87.5,262.49
O003379,C01199,S07,2026-01-17 15:15:27,in_store,PR-2026-01,1,59.99,15.0,44.99
O003380,C00775,WEB,2026-01-17 15:23:22,online,,1,449.99,0.0,449.99
O003381,C01189,S05,2026-01-17 15:25:09,in_store,,1,199.99,0.0,199.99
O003382,C00789,S09,2026-01-17 15:47:18,in_store,,2,268.98,0.0,268.98
O003383,C00256,S04,2026-01-17 15:55:29,in_store,PR-2026-01,1,128.99,32.25,96.74
O003384,C01093,WEB,2026-01-17 18:20:20,online,,1,79.99,0.0,79.99
O003385,C00515,S13,2026-01-17 19:12:17,in_store,,3,359.97,0.0,359.97
O003386,C00273,S23,2026-01-17 20:47:21,in_store,,1,199.99,0.0,199.99
O003387,C00347,S09,2026-01-18 13:03:24,in_store,PR-2026-01,2,309.98,77.5,232.48
O003388,C00276,S20,2026-01-18 16:05:34,in_store,PR-2026-01,3,729.97,182.5,547.47
O003389,C00137,WEB,2026-01-18 16:23:17,online,,1,59.99,0.0,59.99
O003390,C00699,S19,2026-01-18 17:07:08,in_store,PR-2026-01,1,89.99,22.5,67.49
O003391,C00597,S22,2026-01-18 18:19:05,in_store,,2,1379.98,0.0,1379.98
O003392,C01110,S22,2026-01-18 18:32:04,in_store,,2,94.98,0.0,94.98
O003393,C00536,WEB,2026-01-18 18:32:12,online,,1,199.99,0.0,199.99
O003394,C00643,S02,2026-01-18 18:53:20,in_store,PR-2026-01,1,59.99,15.0,44.99
O003395,C00784,S14,2026-01-18 19:21:07,in_store,,1,129.99,0.0,129.99
O003396,C00331,WEB,2026-01-18 19:44:42,online,PR-2026-01,3,519.97,130.0,389.97
O003397,C00711,WEB,2026-01-18 22:42:20,online,PR-2026-01,1,19.99,5.0,14.99
O003398,C00456,WEB,2026-01-19 09:03:43,online,,1,14.99,0.0,14.99
O003399,C00444,S18,2026-01-19 11:41:58,in_store,PR-2026-01,1,24.99,6.25,18.74
O003400,C00403,S13,2026-01-19 11:51:50,in_store,PR-2026-01,2,1139.98,285.0,854.98
O003401,C01194,S17,2026-01-19 13:16:51,in_store,PR-2026-01,4,543.96,136.0,407.96
O003402,C00735,S21,2026-01-19 13:35:09,in_store,,1,44.99,0.0,44.99
O003403,C00758,S03,2026-01-19 14:48:11,in_store,PR-2026-01,2,169.98,42.5,127.48
O003404,C00340,WEB,2026-01-19 15:27:12,online,PR-2026-01,1,59.99,15.0,44.99
O003405,C00877,WEB,2026-01-19 17:33:59,online,PR-2026-01,2,74.98,18.75,56.23
O003406,C00062,S21,2026-01-19 17:38:31,in_store,,3,619.97,0.0,619.97
O003407,C01038,WEB,2026-01-19 18:06:45,online,PR-2026-01,1,119.99,30.0,89.99
O003408,C01085,WEB,2026-01-19 18:28:29,online,PR-2026-01,1,89.99,22.5,67.49
O003409,C00040,S10,2026-01-19 19:33:00,in_store,PR-2026-01,3,1139.97,285.0,854.97
O003410,C00140,S21,2026-01-19 20:47:44,in_store,PR-2026-01,1,109.99,27.5,82.49
O003411,C00485,WEB,2026-01-20 07:25:14,online,,1,29.99,0.0,29.99
O003412,C00442,S13,2026-01-20 12:27:25,in_store,PR-2026-01,1,29.99,7.5,22.49
O003413,C00142,S22,2026-01-20 12:40:50,in_store,PR-2026-01,1,89.99,22.5,67.49
O003414,C01020,WEB,2026-01-20 12:53:12,online,PR-2026-01,1,29.99,7.5,22.49
O003415,C00363,S22,2026-01-20 14:23:58,in_store,PR-2026-01,2,159.98,40.0,119.98
O003416,C00473,WEB,2026-01-20 14:34:56,online,,1,49.99,0.0,49.99
O003417,C00492,S01,2026-01-20 17:20:31,in_store,PR-2026-01,1,14.99,3.75,11.24
O003418,C00259,S13,2026-01-20 17:42:29,in_store,,2,399.98,0.0,399.98
O003419,C00581,S09,2026-01-20 18:14:26,in_store,,1,19.99,0.0,19.99
O003420,C00746,S01,2026-01-20 19:11:12,in_store,PR-2026-01,1,39.99,10.0,29.99
O003421,C01061,WEB,2026-01-20 19:47:58,online,,2,59.98,0.0,59.98
O003422,C00069,WEB,2026-01-20 21:58:50,online,PR-2026-01,3,859.97,215.0,644.97
O003423,C00435,WEB,2026-01-20 22:51:08,online,,1,399.99,0.0,399.99
O003424,C00614,WEB,2026-01-21 06:24:39,online,,1,84.99,0.0,84.99
O003425,C01020,WEB,2026-01-21 08:23:43,online,PR-2026-01,1,49.99,12.5,37.49
O003426,C01040,S03,2026-01-21 10:51:52,in_store,PR-2026-01,3,589.97,147.5,442.47
O003427,C01047,S12,2026-01-21 12:09:17,in_store,,1,139.99,0.0,139.99
O003428,C01201,WEB,2026-01-21 13:03:30,online,,1,79.99,0.0,79.99
O003429,C01132,WEB,2026-01-21 13:56:36,online,,2,53.98,0.0,53.98
O003430,C00536,WEB,2026-01-21 17:05:49,online,,2,469.98,0.0,469.98
O003431,C00964,S07,2026-01-21 18:06:44,in_store,,1,399.99,0.0,399.99
O003432,C00669,S23,2026-01-21 19:44:23,in_store,PR-2026-01,1,199.99,50.0,149.99
O003433,C00963,WEB,2026-01-21 22:23:45,online,PR-2026-01,3,149.97,37.49,112.48
O003434,C00439,S23,2026-01-22 11:58:38,in_store,,1,24.99,0.0,24.99
O003435,C00678,WEB,2026-01-22 13:56:38,online,,1,139.99,0.0,139.99
O003436,C00914,S06,2026-01-22 14:07:08,in_store,PR-2026-01,2,229.98,57.5,172.48
O003437,C00706,WEB,2026-01-22 15:50:49,online,,3,189.97,0.0,189.97
O003438,C00114,S09,2026-01-22 16:03:59,in_store,PR-2026-01,1,19.99,5.0,14.99
O003439,C00696,WEB,2026-01-22 17:07:19,online,PR-2026-01,3,144.97,36.25,108.72
O003440,C00485,WEB,2026-01-22 17:17:36,online,,3,449.97,0.0,449.97
O003441,C00457,S21,2026-01-22 18:00:45,in_store,,1,58.99,0.0,58.99
O003442,C00334,S05,2026-01-22 18:25:16,in_store,,1,39.99,0.0,39.99
O003443,C00209,S03,2026-01-22 19:18:20,in_store,PR-2026-01,1,349.99,87.5,262.49
O003444,C00073,S07,2026-01-22 19:42:11,in_store,,3,579.97,0.0,579.97
O003445,C01187,S06,2026-01-22 19:48:15,in_store,PR-2026-01,1,49.99,12.5,37.49
O003446,C00105,WEB,2026-01-22 21:27:58,online,,2,459.98,0.0,459.98
O003447,C00865,S10,2026-01-23 11:42:52,in_store,,2,209.98,0.0,209.98
O003448,C00602,S01,2026-01-23 15:57:31,in_store,PR-2026-01,1,79.99,20.0,59.99
O003449,C00877,S21,2026-01-23 16:12:10,in_store,,1,59.99,0.0,59.99
O003450,C00527,S16,2026-01-23 16:16:44,in_store,,1,49.99,0.0,49.99
O003451,C00552,WEB,2026-01-23 18:10:30,online,PR-2026-01,2,429.98,107.5,322.48
O003452,C00972,WEB,2026-01-23 19:16:05,online,,1,49.99,0.0,49.99
O003453,C00261,WEB,2026-01-23 19:52:30,online,PR-2026-01,1,199.99,50.0,149.99
O003454,C00747,WEB,2026-01-24 09:29:18,online,,1,89.99,0.0,89.99
O003455,C00813,S21,2026-01-24 10:41:12,in_store,PR-2026-01,3,519.97,130.0,389.97
O003456,C01183,WEB,2026-01-24 12:50:04,online,PR-2026-01,3,59.97,14.99,44.98
O003457,C00991,S06,2026-01-24 13:29:24,in_store,,3,729.97,0.0,729.97
O003458,C01202,S18,2026-01-24 13:32:16,in_store,PR-2026-01,3,369.97,92.5,277.47
O003459,C00720,S03,2026-01-24 15:49:49,in_store,PR-2026-01,1,129.99,32.5,97.49
O003460,C01108,S19,2026-01-24 15:59:32,in_store,PR-2026-01,2,54.98,13.75,41.23
O003461,C00735,S21,2026-01-24 16:50:40,in_store,PR-2026-01,1,19.99,5.0,14.99
O003462,C00132,S02,2026-01-24 18:19:17,in_store,,1,179.99,0.0,179.99
O003463,C00659,S23,2026-01-24 19:51:48,in_store,PR-2026-01,2,314.98,78.75,236.23
O003464,C01117,S21,2026-01-24 21:56:13,in_store,PR-2026-01,2,189.98,47.5,142.48
O003465,C00849,S13,2026-01-25 10:27:07,in_store,PR-2026-01,3,344.97,86.25,258.72
O003466,C00039,S20,2026-01-25 12:33:39,in_store,PR-2026-01,1,89.99,22.5,67.49
O003467,C00999,S23,2026-01-25 15:29:20,in_store,PR-2026-01,1,139.99,35.0,104.99
O003468,C00775,WEB,2026-01-25 16:10:36,online,PR-2026-01,1,99.99,25.0,74.99
O003469,C00381,WEB,2026-01-25 17:02:04,online,,1,34.99,0.0,34.99
O003470,C00803,S06,2026-01-25 17:06:07,in_store,PR-2026-01,2,69.98,17.5,52.48
O003471,C01161,S02,2026-01-25 18:31:32,in_store,PR-2026-01,1,29.99,7.5,22.49
O003472,C00438,S10,2026-01-25 18:39:01,in_store,,1,19.99,0.0,19.99
O003473,C00284,S10,2026-01-25 19:06:10,in_store,PR-2026-01,2,119.98,30.0,89.98
O003474,C01203,S08,2026-01-25 19:33:11,in_store,PR-2026-01,1,99.99,25.0,74.99
O003475,C00762,WEB,2026-01-25 20:04:28,online,PR-2026-01,1,69.99,17.5,52.49
O003476,C00422,S07,2026-01-26 09:56:53,in_store,PR-2026-01,1,79.99,20.0,59.99
O003477,C00425,S13,2026-01-26 12:18:51,in_store,,1,39.99,0.0,39.99
O003478,C00991,S06,2026-01-26 12:33:58,in_store,PR-2026-01,1,149.99,37.5,112.49
O003479,C00044,S10,2026-01-26 12:51:36,in_store,,1,449.99,0.0,449.99
O003480,C00894,S20,2026-01-26 16:10:17,in_store,PR-2026-01,2,279.98,70.0,209.98
O003481,C00727,WEB,2026-01-26 17:14:54,online,,2,129.98,0.0,129.98
O003482,C00931,S14,2026-01-26 18:41:58,in_store,,2,39.98,0.0,39.98
O003483,C00582,WEB,2026-01-26 18:44:00,online,PR-2026-01,1,89.99,22.5,67.49
O003484,C01137,S04,2026-01-26 20:43:47,in_store,PR-2026-01,1,189.99,47.5,142.49
O003485,C00775,WEB,2026-01-26 21:56:13,online,PR-2026-01,1,139.99,35.0,104.99
O003486,C01156,S24,2026-01-27 10:00:30,in_store,PR-2026-01,1,199.99,50.0,149.99
O003487,C00102,WEB,2026-01-27 10:03:44,online,PR-2026-01,1,149.99,37.5,112.49
O003488,C00728,S21,2026-01-27 10:58:56,in_store,PR-2026-01,1,59.99,15.0,44.99
O003489,C00871,S01,2026-01-27 12:45:16,in_store,,1,229.99,0.0,229.99
O003490,C00789,S09,2026-01-27 13:12:00,in_store,PR-2026-01,1,139.99,35.0,104.99
O003491,C00070,S15,2026-01-27 13:14:56,in_store,PR-2026-01,3,219.97,54.99,164.98
O003492,C00034,WEB,2026-01-27 13:53:53,online,PR-2026-01,4,359.96,90.0,269.96
O003493,C00393,S19,2026-01-27 14:11:55,in_store,,1,139.99,0.0,139.99
O003494,C00349,S07,2026-01-27 14:33:01,in_store,PR-2026-01,1,19.99,5.0,14.99
O003495,C01123,WEB,2026-01-27 15:36:07,online,PR-2026-01,1,14.99,3.75,11.24
O003496,C00668,S09,2026-01-27 15:39:48,in_store,PR-2026-01,1,199.99,50.0,149.99
O003497,C00094,S21,2026-01-27 16:13:41,in_store,PR-2026-01,1,299.99,75.0,224.99
O003498,C00220,S22,2026-01-27 16:44:18,in_store,PR-2026-01,3,408.97,102.25,306.72
O003499,C00456,WEB,2026-01-27 18:21:56,online,PR-2026-01,2,114.98,28.75,86.23
O003500,C00341,S12,2026-01-27 19:07:12,in_store,,1,39.99,0.0,39.99
O003501,C00008,WEB,2026-01-27 19:24:26,online,PR-2026-01,3,1469.97,367.5,1102.47
O003502,C01020,WEB,2026-01-27 22:52:56,online,,1,79.99,0.0,79.99
O003503,C01066,WEB,2026-01-27 23:04:36,online,PR-2026-01,2,134.98,33.75,101.23
O003504,C01150,WEB,2026-01-28 07:21:03,online,PR-2026-01,1,139.99,35.0,104.99
O003505,C00418,S21,2026-01-28 10:26:52,in_store,,1,449.99,0.0,449.99
O003506,C00581,S09,2026-01-28 12:25:55,in_store,,2,139.98,0.0,139.98
O003507,C01057,WEB,2026-01-28 12:31:39,online,,1,29.99,0.0,29.99
O003508,C00057,S13,2026-01-28 13:03:25,in_store,PR-2026-01,1,38.99,9.75,29.24
O003509,C00030,S19,2026-01-28 13:13:38,in_store,PR-2026-01,1,199.99,50.0,149.99
O003510,C00799,S21,2026-01-28 14:43:35,in_store,PR-2026-01,1,44.99,11.25,33.74
O003511,C01148,S16,2026-01-28 15:00:14,in_store,PR-2026-01,1,59.99,15.0,44.99
O003512,C00253,S09,2026-01-28 15:08:07,in_store,PR-2026-01,2,229.98,57.5,172.48
O003513,C00518,S05,2026-01-28 15:30:38,in_store,PR-2026-01,1,89.99,22.5,67.49
O003514,C00237,S08,2026-01-28 16:01:55,in_store,PR-2026-01,1,249.99,62.5,187.49
O003515,C00110,S02,2026-01-28 17:02:01,in_store,,2,95.98,0.0,95.98
O003516,C00460,S12,2026-01-28 18:23:22,in_store,PR-2026-01,1,129.99,32.5,97.49
O003517,C00167,WEB,2026-01-28 18:40:33,online,PR-2026-01,3,259.97,64.99,194.98
O003518,C00221,S03,2026-01-28 19:29:53,in_store,,1,349.99,0.0,349.99
O003519,C00573,S19,2026-01-28 19:34:50,in_store,,1,189.99,0.0,189.99
O003520,C01158,WEB,2026-01-28 21:50:59,online,PR-2026-01,2,159.98,39.99,119.99
O003521,C00903,WEB,2026-01-29 06:37:56,online,,1,59.99,0.0,59.99
O003522,C01073,S09,2026-01-29 10:12:02,in_store,,3,209.97,0.0,209.97
O003523,C00706,WEB,2026-01-29 11:02:46,online,,2,499.98,0.0,499.98
O003524,C01182,S04,2026-01-29 11:11:29,in_store,,1,49.99,0.0,49.99
O003525,C01162,S16,2026-01-29 11:33:20,in_store,PR-2026-01,1,39.99,10.0,29.99
O003526,C00019,S20,2026-01-29 12:29:34,in_store,,2,279.98,0.0,279.98
O003527,C00435,WEB,2026-01-29 12:46:47,online,,1,59.99,0.0,59.99
O003528,C01026,S14,2026-01-29 13:07:11,in_store,,2,39.98,0.0,39.98
O003529,C01205,S13,2026-01-29 13:16:56,in_store,PR-2026-01,1,1299.99,325.0,974.99
O003530,C00767,S10,2026-01-29 13:59:55,in_store,,2,74.98,0.0,74.98
O003531,C00975,S13,2026-01-29 14:15:59,in_store,,1,29.99,0.0,29.99
O003532,C00030,S19,2026-01-29 14:22:30,in_store,PR-2026-01,5,319.95,80.0,239.95
O003533,C00813,S21,2026-01-29 15:13:10,in_store,PR-2026-01,1,89.99,22.5,67.49
O003534,C01025,S15,2026-01-29 15:43:54,in_store,,5,458.95,0.0,458.95
O003535,C00921,WEB,2026-01-29 17:58:28,online,PR-2026-01,1,99.99,25.0,74.99
O003536,C00032,S22,2026-01-29 18:06:39,in_store,PR-2026-01,1,58.99,14.75,44.24
O003537,C01125,S01,2026-01-29 18:14:10,in_store,,3,1049.97,0.0,1049.97
O003538,C01183,S07,2026-01-29 19:07:28,in_store,PR-2026-01,1,89.99,22.5,67.49
O003539,C00411,WEB,2026-01-29 21:29:05,online,,6,629.94,0.0,629.94
O003540,C01188,S07,2026-01-30 12:39:20,in_store,,1,25.99,0.0,25.99
O003541,C01208,S05,2026-01-30 13:15:08,in_store,,1,79.99,0.0,79.99
O003542,C00115,S23,2026-01-30 14:14:48,in_store,,1,19.99,0.0,19.99
O003543,C00354,S21,2026-01-30 14:30:30,in_store,PR-2026-01,2,117.98,29.5,88.48
O003544,C00431,S10,2026-01-30 16:02:55,in_store,PR-2026-01,2,239.98,60.0,179.98
O003545,C01008,S22,2026-01-30 17:02:13,in_store,PR-2026-01,1,59.99,15.0,44.99
O003546,C00642,S09,2026-01-30 17:24:28,in_store,,1,19.99,0.0,19.99
O003547,C01173,S18,2026-01-30 18:16:05,in_store,PR-2026-01,1,89.99,22.5,67.49
O003548,C00136,WEB,2026-01-30 19:07:25,online,,5,354.95,0.0,354.95
O003549,C00272,S17,2026-01-30 19:20:47,in_store,PR-2026-01,4,379.96,95.0,284.96
O003550,C00304,S10,2026-01-30 19:49:25,in_store,PR-2026-01,1,49.99,12.5,37.49
O003551,C01207,S24,2026-01-30 21:51:16,in_store,PR-2026-01,1,349.99,87.5,262.49
O003552,C01159,WEB,2026-01-30 22:26:00,online,,2,54.98,0.0,54.98
O003553,C00158,S10,2026-01-31 09:54:45,in_store,PR-2026-01,2,319.98,80.0,239.98
O003554,C01195,WEB,2026-01-31 11:29:18,online,PR-2026-01,1,49.99,12.5,37.49
O003555,C00961,S13,2026-01-31 11:44:42,in_store,,1,199.99,0.0,199.99
O003556,C00039,S20,2026-01-31 13:22:03,in_store,PR-2026-01,1,29.99,7.5,22.49
O003557,C01211,S13,2026-01-31 13:59:03,in_store,PR-2026-01,4,324.96,81.25,243.71
O003558,C01205,S13,2026-01-31 13:59:10,in_store,PR-2026-01,2,399.98,100.0,299.98
O003559,C00227,WEB,2026-01-31 14:32:26,online,PR-2026-01,1,19.99,5.0,14.99
O003560,C00751,WEB,2026-01-31 15:36:39,online,PR-2026-01,1,69.99,17.5,52.49
O003561,C01209,WEB,2026-01-31 16:34:49,online,PR-2026-01,2,149.98,37.5,112.48
O003562,C00058,S02,2026-01-31 17:45:53,in_store,PR-2026-01,2,159.98,39.99,119.99
O003563,C00140,S21,2026-01-31 18:14:35,in_store,PR-2026-01,1,49.99,12.5,37.49
O003564,C01210,S01,2026-01-31 21:58:44,in_store,,1,89.99,0.0,89.99
O003565,C00905,S02,2026-02-01 09:12:38,in_store,,2,154.98,0.0,154.98
O003566,C00227,WEB,2026-02-01 09:22:43,online,,1,49.99,0.0,49.99
O003567,C00872,S01,2026-02-01 10:23:10,in_store,,2,179.98,0.0,179.98
O003568,C01004,WEB,2026-02-01 14:13:14,online,,2,79.98,0.0,79.98
O003569,C00115,S23,2026-02-01 15:15:41,in_store,,1,89.99,0.0,89.99
O003570,C00798,S16,2026-02-01 16:38:37,in_store,,1,83.99,0.0,83.99
O003571,C00363,S20,2026-02-01 19:43:36,in_store,,6,264.94,0.0,264.94
O003572,C00245,WEB,2026-02-01 20:45:55,online,,1,94.99,0.0,94.99
O003573,C00015,S21,2026-02-02 10:31:31,in_store,,4,208.96,0.0,208.96
O003574,C01192,S22,2026-02-02 12:52:10,in_store,,1,49.99,0.0,49.99
O003575,C00720,S03,2026-02-02 13:38:01,in_store,,2,54.98,0.0,54.98
O003576,C00823,S23,2026-02-02 13:49:43,in_store,,3,404.97,0.0,404.97
O003577,C00793,S13,2026-02-02 14:15:01,in_store,,1,89.99,0.0,89.99
O003578,C01212,S05,2026-02-02 14:43:31,in_store,,1,69.99,0.0,69.99
O003579,C00171,S21,2026-02-02 15:27:49,in_store,,2,499.98,0.0,499.98
O003580,C00649,WEB,2026-02-02 15:35:40,online,,1,119.99,0.0,119.99
O003581,C00300,S21,2026-02-02 17:02:42,in_store,,1,29.99,0.0,29.99
O003582,C00465,WEB,2026-02-02 18:06:02,online,,1,349.99,0.0,349.99
O003583,C00137,WEB,2026-02-02 18:13:28,online,,2,328.98,0.0,328.98
O003584,C00118,S03,2026-02-02 19:08:49,in_store,,1,89.99,0.0,89.99
O003585,C00890,S05,2026-02-02 21:22:50,in_store,,2,429.98,0.0,429.98
O003586,C00795,S03,2026-02-03 09:28:31,in_store,,1,59.99,0.0,59.99
O003587,C00427,S21,2026-02-03 10:45:52,in_store,,2,475.98,0.0,475.98
O003588,C01195,S16,2026-02-03 11:32:06,in_store,,1,59.99,0.0,59.99
O003589,C01137,S06,2026-02-03 14:23:16,in_store,,1,139.99,0.0,139.99
O003590,C01213,WEB,2026-02-03 14:52:25,online,,1,59.99,0.0,59.99
O003591,C00213,WEB,2026-02-03 15:25:02,online,,1,54.99,0.0,54.99
O003592,C01129,S14,2026-02-03 20:22:46,in_store,,3,318.97,0.0,318.97
O003593,C00781,WEB,2026-02-03 21:44:02,online,,2,259.98,0.0,259.98
O003594,C01020,WEB,2026-02-03 23:02:33,online,,1,99.99,0.0,99.99
O003595,C01216,WEB,2026-02-04 11:29:05,online,,1,449.99,0.0,449.99
O003596,C00799,S19,2026-02-04 11:31:41,in_store,,1,149.99,0.0,149.99
O003597,C00137,S07,2026-02-04 13:51:41,in_store,,1,199.99,0.0,199.99
O003598,C01215,S11,2026-02-04 14:23:08,in_store,,1,89.99,0.0,89.99
O003599,C00937,S18,2026-02-04 16:54:19,in_store,,2,109.98,0.0,109.98
O003600,C00455,S20,2026-02-04 17:00:04,in_store,,2,279.98,0.0,279.98
O003601,C01037,WEB,2026-02-04 18:49:50,online,,1,189.99,0.0,189.99
O003602,C01088,S13,2026-02-04 19:05:42,in_store,,2,139.98,0.0,139.98
O003603,C00028,S13,2026-02-04 19:11:15,in_store,,2,108.98,0.0,108.98
O003604,C00321,S07,2026-02-04 19:48:02,in_store,,1,399.99,0.0,399.99
O003605,C00638,S13,2026-02-04 20:21:12,in_store,,1,128.99,0.0,128.99
O003606,C00699,S21,2026-02-04 21:20:28,in_store,,1,69.99,0.0,69.99
O003607,C00072,S22,2026-02-05 10:42:14,in_store,,1,19.99,0.0,19.99
O003608,C01108,WEB,2026-02-05 11:57:03,online,,1,79.99,0.0,79.99
O003609,C00342,WEB,2026-02-05 14:30:06,online,,1,29.99,0.0,29.99
O003610,C00030,S22,2026-02-05 16:13:27,in_store,,1,79.99,0.0,79.99
O003611,C01218,S23,2026-02-05 17:57:51,in_store,,1,55.99,0.0,55.99
O003612,C01197,WEB,2026-02-05 18:41:30,online,,1,89.99,0.0,89.99
O003613,C01119,WEB,2026-02-05 20:01:46,online,,1,19.99,0.0,19.99
O003614,C00930,WEB,2026-02-06 08:47:32,online,,1,129.99,0.0,129.99
O003615,C01055,S11,2026-02-06 09:21:59,in_store,,1,49.99,0.0,49.99
O003616,C01013,S13,2026-02-06 09:27:05,in_store,,1,49.99,0.0,49.99
O003617,C00444,S16,2026-02-06 10:16:59,in_store,,1,39.99,0.0,39.99
O003618,C01161,S02,2026-02-06 11:35:42,in_store,,1,39.99,0.0,39.99
O003619,C00849,WEB,2026-02-06 12:01:58,online,,1,229.99,0.0,229.99
O003620,C00610,S14,2026-02-06 12:14:56,in_store,,1,39.99,0.0,39.99
O003621,C01183,S12,2026-02-06 13:07:49,in_store,,2,399.98,0.0,399.98
O003622,C00975,S14,2026-02-06 14:44:58,in_store,,3,98.97,0.0,98.97
O003623,C01219,S12,2026-02-06 14:46:31,in_store,,1,14.99,0.0,14.99
O003624,C00733,S07,2026-02-06 16:48:15,in_store,,1,119.99,0.0,119.99
O003625,C00789,S09,2026-02-06 19:24:56,in_store,,1,58.99,0.0,58.99
O003626,C01051,S06,2026-02-07 10:57:10,in_store,,1,89.99,0.0,89.99
O003627,C01148,S16,2026-02-07 11:53:11,in_store,,1,349.99,0.0,349.99
O003628,C00365,S05,2026-02-07 13:57:08,in_store,,4,404.96,0.0,404.96
O003629,C00593,S08,2026-02-07 16:06:35,in_store,,1,219.99,0.0,219.99
O003630,C00975,S13,2026-02-07 16:12:07,in_store,,3,579.97,0.0,579.97
O003631,C00488,S23,2026-02-07 17:07:55,in_store,,1,24.99,0.0,24.99
O003632,C01211,S13,2026-02-07 17:12:16,in_store,,1,79.99,0.0,79.99
O003633,C00849,S13,2026-02-07 17:34:08,in_store,,1,99.99,0.0,99.99
O003634,C00425,S13,2026-02-07 18:45:22,in_store,,2,54.98,0.0,54.98
O003635,C01203,S11,2026-02-08 10:50:34,in_store,,1,129.99,0.0,129.99
O003636,C00670,S05,2026-02-08 11:34:27,in_store,,1,69.99,0.0,69.99
O003637,C00148,S13,2026-02-08 12:33:13,in_store,,2,44.98,0.0,44.98
O003638,C00254,S21,2026-02-08 16:02:51,in_store,,1,58.99,0.0,58.99
O003639,C00225,WEB,2026-02-08 19:28:29,online,,2,169.98,0.0,169.98
O003640,C00283,WEB,2026-02-09 08:12:11,online,,1,49.99,0.0,49.99
O003641,C00329,S03,2026-02-09 10:23:36,in_store,,2,49.98,0.0,49.98
O003642,C00457,S21,2026-02-09 10:30:19,in_store,,1,19.99,0.0,19.99
O003643,C00242,WEB,2026-02-09 12:03:27,online,,2,114.98,0.0,114.98
O003644,C00886,S07,2026-02-09 12:49:16,in_store,,1,229.99,0.0,229.99
O003645,C00207,S02,2026-02-09 14:14:22,in_store,,4,284.96,0.0,284.96
O003646,C01186,S11,2026-02-09 14:38:25,in_store,,1,14.99,0.0,14.99
O003647,C00044,S07,2026-02-09 15:14:35,in_store,,3,404.97,0.0,404.97
O003648,C00199,S19,2026-02-09 16:16:30,in_store,,3,929.97,0.0,929.97
O003649,C01020,WEB,2026-02-09 17:20:46,online,,1,99.99,0.0,99.99
O003650,C00603,S21,2026-02-09 17:24:49,in_store,,1,139.99,0.0,139.99
O003651,C00467,S13,2026-02-09 17:28:53,in_store,,2,709.98,0.0,709.98
O003652,C01222,S22,2026-02-09 17:37:00,in_store,,1,69.99,0.0,69.99
O003653,C00699,S21,2026-02-09 18:30:47,in_store,,1,19.99,0.0,19.99
O003654,C00772,S21,2026-02-09 18:41:35,in_store,,3,209.97,0.0,209.97
O003655,C00237,S08,2026-02-09 19:02:02,in_store,,1,59.99,0.0,59.99
O003656,C00364,S08,2026-02-09 19:49:43,in_store,,2,99.98,0.0,99.98
O003657,C01224,WEB,2026-02-09 20:09:04,online,,5,379.95,0.0,379.95
O003658,C01125,S01,2026-02-10 11:33:35,in_store,,1,179.99,0.0,179.99
O003659,C00396,WEB,2026-02-10 11:51:49,online,,1,199.99,0.0,199.99
O003660,C00065,S21,2026-02-10 16:05:33,in_store,,1,349.99,0.0,349.99
O003661,C00962,S19,2026-02-10 17:29:47,in_store,,1,129.99,0.0,129.99
O003662,C00464,S03,2026-02-10 17:53:14,in_store,,2,399.98,0.0,399.98
O003663,C00435,WEB,2026-02-10 19:57:21,online,,1,199.99,0.0,199.99
O003664,C00772,S19,2026-02-10 20:21:12,in_store,,5,429.95,0.0,429.95
O003665,C01132,WEB,2026-02-11 10:53:42,online,,1,19.99,0.0,19.99
O003666,C00399,S12,2026-02-11 11:38:41,in_store,,3,329.97,0.0,329.97
O003667,C00391,S21,2026-02-11 13:27:12,in_store,,1,49.99,0.0,49.99
O003668,C01051,S01,2026-02-11 16:20:00,in_store,,1,79.99,0.0,79.99
O003669,C00253,S11,2026-02-11 17:37:29,in_store,,1,399.99,0.0,399.99
O003670,C00479,S19,2026-02-11 19:29:43,in_store,,1,19.99,0.0,19.99
O003671,C01195,WEB,2026-02-11 19:51:34,online,,4,529.96,0.0,529.96
O003672,C00245,WEB,2026-02-11 20:28:02,online,,2,478.98,0.0,478.98
O003673,C00877,S21,2026-02-11 21:02:37,in_store,,3,609.97,0.0,609.97
O003674,C00790,S13,2026-02-12 10:39:20,in_store,,2,769.98,0.0,769.98
O003675,C00985,S03,2026-02-12 11:41:53,in_store,,1,24.99,0.0,24.99
O003676,C00969,S21,2026-02-12 11:58:57,in_store,,1,49.99,0.0,49.99
O003677,C00462,WEB,2026-02-12 12:23:52,online,,1,179.99,0.0,179.99
O003678,C00964,S07,2026-02-12 13:57:47,in_store,,1,84.99,0.0,84.99
O003679,C00057,S13,2026-02-12 14:34:56,in_store,,4,409.96,0.0,409.96
O003680,C00809,S07,2026-02-12 16:58:03,in_store,PR-2026-02,1,379.99,76.0,303.99
O003681,C00342,S21,2026-02-12 18:04:47,in_store,,1,39.99,0.0,39.99
O003682,C00476,WEB,2026-02-12 20:32:42,online,,1,49.99,0.0,49.99
O003683,C00908,WEB,2026-02-12 21:01:00,online,,1,99.99,0.0,99.99
O003684,C00365,S05,2026-02-13 09:22:30,in_store,,1,89.99,0.0,89.99
O003685,C00642,S08,2026-02-13 12:38:58,in_store,,2,99.98,0.0,99.98
O003686,C00404,S19,2026-02-13 13:17:18,in_store,,1,69.99,0.0,69.99
O003687,C00426,S21,2026-02-13 13:29:49,in_store,,1,19.99,0.0,19.99
O003688,C00017,S06,2026-02-13 13:52:43,in_store,,4,269.96,0.0,269.96
O003689,C00733,S07,2026-02-13 13:56:56,in_store,,1,79.99,0.0,79.99
O003690,C01173,S18,2026-02-13 14:48:59,in_store,,1,58.99,0.0,58.99
O003691,C00764,S17,2026-02-13 15:09:45,in_store,,1,399.99,0.0,399.99
O003692,C00267,S06,2026-02-13 18:24:56,in_store,PR-2026-02,1,149.99,30.0,119.99
O003693,C00903,S04,2026-02-13 18:42:57,in_store,,2,74.98,0.0,74.98
O003694,C00457,WEB,2026-02-13 18:55:30,online,,3,534.97,0.0,534.97
O003695,C00296,WEB,2026-02-13 19:37:16,online,,4,689.96,0.0,689.96
O003696,C00079,WEB,2026-02-14 09:39:51,online,,1,14.99,0.0,14.99
O003697,C00213,WEB,2026-02-14 11:42:41,online,,1,79.99,0.0,79.99
O003698,C00931,S14,2026-02-14 11:50:32,in_store,,1,83.99,0.0,83.99
O003699,C00750,S13,2026-02-14 14:17:09,in_store,,1,89.99,0.0,89.99
O003700,C00505,S11,2026-02-14 16:06:42,in_store,,1,349.99,0.0,349.99
O003701,C00516,S06,2026-02-14 18:00:39,in_store,,1,19.99,0.0,19.99
O003702,C00007,S13,2026-02-14 18:02:25,in_store,,1,59.99,0.0,59.99
O003703,C00871,WEB,2026-02-14 18:33:25,online,,1,49.99,0.0,49.99
O003704,C00188,S13,2026-02-14 19:24:10,in_store,,1,49.99,0.0,49.99
O003705,C00987,S03,2026-02-14 20:04:14,in_store,,1,39.99,0.0,39.99
O003706,C01040,S03,2026-02-14 20:32:27,in_store,,1,58.99,0.0,58.99
O003707,C01225,WEB,2026-02-14 21:47:19,online,,1,79.99,0.0,79.99
O003708,C01156,S24,2026-02-15 11:28:30,in_store,,1,39.99,0.0,39.99
O003709,C00567,WEB,2026-02-15 13:28:28,online,,1,119.99,0.0,119.99
O003710,C00871,S01,2026-02-15 15:38:46,in_store,PR-2026-02,2,239.98,36.0,203.98
O003711,C00342,S21,2026-02-15 18:59:04,in_store,PR-2026-02,4,739.96,66.0,673.96
O003712,C00389,WEB,2026-02-16 08:30:45,online,,1,349.99,0.0,349.99
O003713,C00416,S21,2026-02-16 12:45:23,in_store,,1,39.99,0.0,39.99
O003714,C00809,S07,2026-02-16 13:14:03,in_store,,1,94.99,0.0,94.99
O003715,C00852,WEB,2026-02-16 14:01:44,online,,1,29.99,0.0,29.99
O003716,C00254,S21,2026-02-16 14:08:55,in_store,,1,49.99,0.0,49.99
O003717,C00345,S08,2026-02-16 14:35:06,in_store,,2,549.98,0.0,549.98
O003718,C00919,S21,2026-02-16 16:51:36,in_store,,4,804.96,0.0,804.96
O003719,C00931,S14,2026-02-16 17:25:16,in_store,,2,449.98,0.0,449.98
O003720,C00459,S21,2026-02-16 18:35:11,in_store,,1,129.99,0.0,129.99
O003721,C00921,WEB,2026-02-16 22:08:24,online,,1,44.99,0.0,44.99
O003722,C00013,WEB,2026-02-16 22:51:02,online,,1,649.99,0.0,649.99
O003723,C01166,WEB,2026-02-17 07:53:18,online,,3,219.97,0.0,219.97
O003724,C00034,WEB,2026-02-17 10:41:54,online,,1,24.99,0.0,24.99
O003725,C00588,S12,2026-02-17 11:51:20,in_store,,4,159.96,0.0,159.96
O003726,C00281,S01,2026-02-17 13:12:00,in_store,,1,399.99,0.0,399.99
O003727,C00114,S09,2026-02-17 13:47:30,in_store,,1,99.99,0.0,99.99
O003728,C00396,WEB,2026-02-17 14:15:04,online,,1,79.99,0.0,79.99
O003729,C00033,S07,2026-02-17 15:19:08,in_store,,1,59.99,0.0,59.99
O003730,C00389,S19,2026-02-17 16:41:02,in_store,,2,489.98,0.0,489.98
O003731,C01188,S07,2026-02-17 17:36:12,in_store,,3,329.97,0.0,329.97
O003732,C00665,S04,2026-02-17 19:13:25,in_store,,1,229.99,0.0,229.99
O003733,C01226,WEB,2026-02-17 21:06:07,online,,3,141.97,0.0,141.97
O003734,C00110,WEB,2026-02-18 09:42:27,online,,3,439.97,0.0,439.97
O003735,C00852,WEB,2026-02-18 11:49:01,online,,2,139.98,0.0,139.98
O003736,C00647,S06,2026-02-18 12:57:33,in_store,,1,79.99,0.0,79.99
O003737,C00136,WEB,2026-02-18 13:29:45,online,,1,449.99,0.0,449.99
O003738,C01070,S14,2026-02-18 14:09:52,in_store,,1,349.99,0.0,349.99
O003739,C00352,S15,2026-02-18 14:39:39,in_store,,2,39.98,0.0,39.98
O003740,C00591,WEB,2026-02-18 18:32:55,online,,1,799.99,0.0,799.99
O003741,C00931,S14,2026-02-18 19:31:29,in_store,,3,399.97,0.0,399.97
O003742,C01229,S10,2026-02-18 20:28:53,in_store,,1,49.99,0.0,49.99
O003743,C00582,WEB,2026-02-18 21:41:21,online,,2,249.98,0.0,249.98
O003744,C00903,WEB,2026-02-18 22:11:08,online,,1,29.99,0.0,29.99
O003745,C00987,S03,2026-02-19 10:07:22,in_store,,1,79.99,0.0,79.99
O003746,C00968,S23,2026-02-19 11:57:49,in_store,,1,39.99,0.0,39.99
O003747,C00096,WEB,2026-02-19 12:43:43,online,,4,259.96,0.0,259.96
O003748,C00959,S13,2026-02-19 13:18:15,in_store,,1,59.99,0.0,59.99
O003749,C00672,S01,2026-02-19 14:00:42,in_store,,1,79.99,0.0,79.99
O003750,C01220,S20,2026-02-19 15:15:28,in_store,,1,299.99,0.0,299.99
O003751,C00610,S16,2026-02-19 15:39:18,in_store,,1,109.99,0.0,109.99
O003752,C01134,S21,2026-02-19 17:22:16,in_store,,2,39.98,0.0,39.98
O003753,C00398,WEB,2026-02-19 19:39:54,online,,1,109.99,0.0,109.99
O003754,C01232,S21,2026-02-20 10:08:38,in_store,,2,699.98,0.0,699.98
O003755,C00030,S19,2026-02-20 10:49:09,in_store,,2,108.98,0.0,108.98
O003756,C00376,S07,2026-02-20 11:03:09,in_store,,1,59.99,0.0,59.99
O003757,C01204,S19,2026-02-20 12:46:23,in_store,,1,139.99,0.0,139.99
O003758,C00098,S06,2026-02-20 13:33:23,in_store,,4,347.96,0.0,347.96
O003759,C00559,S13,2026-02-20 13:59:01,in_store,,1,54.99,0.0,54.99
O003760,C00438,S08,2026-02-20 15:29:14,in_store,,1,349.99,0.0,349.99
O003761,C00387,WEB,2026-02-20 15:36:31,online,,1,69.99,0.0,69.99
O003762,C00999,S23,2026-02-20 18:26:20,in_store,,4,549.96,0.0,549.96
O003763,C00880,S17,2026-02-20 18:34:39,in_store,,3,269.97,0.0,269.97
O003764,C00436,S03,2026-02-21 09:01:58,in_store,,3,1349.97,0.0,1349.97
O003765,C00422,S07,2026-02-21 17:55:27,in_store,,1,99.99,0.0,99.99
O003766,C00700,S20,2026-02-21 17:58:25,in_store,,1,55.99,0.0,55.99
O003767,C00013,WEB,2026-02-21 18:08:56,online,,1,69.99,0.0,69.99
O003768,C00757,S03,2026-02-21 18:42:40,in_store,,4,678.96,0.0,678.96
O003769,C00886,S07,2026-02-21 18:48:45,in_store,,2,339.98,0.0,339.98
O003770,C00775,S12,2026-02-21 20:39:03,in_store,,4,1569.96,0.0,1569.96
O003771,C00956,S07,2026-02-22 11:23:09,in_store,,2,259.98,0.0,259.98
O003772,C00908,WEB,2026-02-22 12:11:06,online,,1,139.99,0.0,139.99
O003773,C00565,S09,2026-02-22 14:10:57,in_store,,1,89.99,0.0,89.99
O003774,C00757,S06,2026-02-22 15:16:01,in_store,,1,49.99,0.0,49.99
O003775,C00221,S06,2026-02-22 16:13:30,in_store,,1,19.99,0.0,19.99
O003776,C00110,S02,2026-02-22 16:41:15,in_store,,1,39.99,0.0,39.99
O003777,C00642,S09,2026-02-22 17:46:59,in_store,,2,99.98,0.0,99.98
O003778,C00784,S13,2026-02-22 18:45:39,in_store,,5,227.95,0.0,227.95
O003779,C00566,S22,2026-02-23 09:02:47,in_store,,1,58.99,0.0,58.99
O003780,C00764,S17,2026-02-23 11:40:13,in_store,,4,314.96,0.0,314.96
O003781,C00114,S09,2026-02-23 12:28:49,in_store,,1,89.99,0.0,89.99
O003782,C01233,WEB,2026-02-23 13:10:48,online,,4,749.96,0.0,749.96
O003783,C00610,S18,2026-02-23 16:06:16,in_store,,2,479.98,0.0,479.98
O003784,C00987,S03,2026-02-23 17:19:50,in_store,,1,1299.99,0.0,1299.99
O003785,C00457,S21,2026-02-23 18:53:39,in_store,,2,519.98,0.0,519.98
O003786,C01057,WEB,2026-02-23 19:29:13,online,,1,29.99,0.0,29.99
O003787,C01210,S01,2026-02-23 19:30:31,in_store,,1,199.99,0.0,199.99
O003788,C00904,S02,2026-02-23 19:36:56,in_store,,2,439.98,0.0,439.98
O003789,C00254,S21,2026-02-24 10:32:01,in_store,,1,49.99,0.0,49.99
O003790,C01041,S21,2026-02-24 10:42:45,in_store,,1,179.99,0.0,179.99
O003791,C00017,S06,2026-02-24 13:18:09,in_store,,1,24.99,0.0,24.99
O003792,C00610,S16,2026-02-24 15:39:26,in_store,,1,55.99,0.0,55.99
O003793,C00911,S07,2026-02-24 16:47:38,in_store,,4,879.96,0.0,879.96
O003794,C00221,S05,2026-02-24 17:15:07,in_store,,1,94.99,0.0,94.99
O003795,C00704,S13,2026-02-24 19:13:30,in_store,,1,449.99,0.0,449.99
O003796,C01020,WEB,2026-02-25 00:49:24,online,,2,649.98,0.0,649.98
O003797,C00469,WEB,2026-02-25 01:15:55,online,,3,669.97,0.0,669.97
O003798,C00995,WEB,2026-02-25 07:49:16,online,,2,439.98,0.0,439.98
O003799,C01012,S23,2026-02-25 12:02:50,in_store,,2,111.98,0.0,111.98
O003800,C00750,S13,2026-02-25 12:04:18,in_store,,1,199.99,0.0,199.99
O003801,C01193,S07,2026-02-25 13:25:14,in_store,,3,749.97,0.0,749.97
O003802,C00764,S17,2026-02-25 13:49:15,in_store,,1,99.99,0.0,99.99
O003803,C00500,WEB,2026-02-25 16:04:19,online,,1,79.99,0.0,79.99
O003804,C00003,S11,2026-02-25 17:12:39,in_store,,1,99.99,0.0,99.99
O003805,C00747,WEB,2026-02-25 17:50:17,online,,1,349.99,0.0,349.99
O003806,C00933,WEB,2026-02-25 18:06:19,online,,1,59.99,0.0,59.99
O003807,C00893,S22,2026-02-25 18:40:11,in_store,,1,84.99,0.0,84.99
O003808,C00423,WEB,2026-02-25 20:04:50,online,,3,134.97,0.0,134.97
O003809,C01235,WEB,2026-02-25 20:07:33,online,,4,379.96,0.0,379.96
O003810,C00752,S19,2026-02-26 12:17:30,in_store,,2,39.98,0.0,39.98
O003811,C00321,S07,2026-02-26 12:55:13,in_store,,2,99.98,0.0,99.98
O003812,C00120,S21,2026-02-26 15:23:32,in_store,,1,19.99,0.0,19.99
O003813,C00603,WEB,2026-02-26 16:41:11,online,,1,99.99,0.0,99.99
O003814,C00552,WEB,2026-02-26 17:49:36,online,,1,29.99,0.0,29.99
O003815,C00386,S08,2026-02-26 20:39:41,in_store,,2,239.98,0.0,239.98
O003816,C00795,S03,2026-02-27 10:34:05,in_store,,2,79.98,0.0,79.98
O003817,C01025,S15,2026-02-27 12:10:34,in_store,,2,39.98,0.0,39.98
O003818,C01217,S16,2026-02-27 12:18:53,in_store,,1,25.99,0.0,25.99
O003819,C00414,S21,2026-02-27 13:35:04,in_store,,1,49.99,0.0,49.99
O003820,C00165,S02,2026-02-27 15:45:58,in_store,,1,79.99,0.0,79.99
O003821,C01194,S17,2026-02-27 18:13:40,in_store,,1,59.99,0.0,59.99
O003822,C00342,S21,2026-02-27 18:43:10,in_store,,1,89.99,0.0,89.99
O003823,C00728,S21,2026-02-27 20:57:25,in_store,,1,83.99,0.0,83.99
O003824,C01057,WEB,2026-02-28 06:20:18,online,,1,14.99,0.0,14.99
O003825,C00435,S14,2026-02-28 10:56:05,in_store,,1,199.99,0.0,199.99
O003826,C00516,S06,2026-02-28 11:13:01,in_store,,2,49.98,0.0,49.98
O003827,C00687,WEB,2026-02-28 12:05:23,online,,1,349.99,0.0,349.99
O003828,C01239,S07,2026-02-28 12:23:18,in_store,,2,279.98,0.0,279.98
O003829,C00132,S02,2026-02-28 15:50:09,in_store,,1,149.99,0.0,149.99
O003830,C00591,S11,2026-02-28 16:41:08,in_store,,1,89.99,0.0,89.99
O003831,C00720,S03,2026-02-28 18:56:28,in_store,,2,74.98,0.0,74.98
O003832,C01238,WEB,2026-02-28 20:39:26,online,,2,369.98,0.0,369.98
O003833,C00106,WEB,2026-03-01 08:26:12,online,,2,119.98,0.0,119.98
O003834,C00027,S13,2026-03-01 10:00:55,in_store,,1,119.99,0.0,119.99
O003835,C01020,WEB,2026-03-01 10:34:45,online,,1,58.99,0.0,58.99
O003836,C01163,S02,2026-03-01 11:50:40,in_store,,1,34.99,0.0,34.99
O003837,C01240,S22,2026-03-01 14:47:44,in_store,,1,19.99,0.0,19.99
O003838,C00669,S23,2026-03-01 14:54:47,in_store,,1,49.99,0.0,49.99
O003839,C00435,WEB,2026-03-01 16:34:20,online,,1,399.99,0.0,399.99
O003840,C00995,WEB,2026-03-01 19:26:21,online,,1,59.99,0.0,59.99
O003841,C00186,WEB,2026-03-01 23:40:22,online,,2,159.98,0.0,159.98
O003842,C00121,S02,2026-03-02 10:06:13,in_store,,1,29.99,0.0,29.99
O003843,C00688,S05,2026-03-02 13:52:28,in_store,,1,149.99,0.0,149.99
O003844,C00976,S21,2026-03-02 16:00:38,in_store,,1,84.99,0.0,84.99
O003845,C00637,S07,2026-03-02 16:11:04,in_store,,1,129.99,0.0,129.99
O003846,C00551,S07,2026-03-02 17:44:35,in_store,,1,49.99,0.0,49.99
O003847,C00511,S22,2026-03-02 17:49:30,in_store,,1,69.99,0.0,69.99
O003848,C01055,S11,2026-03-02 18:58:35,in_store,,3,59.97,0.0,59.97
O003849,C01195,WEB,2026-03-02 21:37:23,online,,2,139.98,0.0,139.98
O003850,C00612,S18,2026-03-03 12:14:22,in_store,,3,529.97,0.0,529.97
O003851,C00177,WEB,2026-03-03 12:16:22,online,,3,473.97,0.0,473.97
O003852,C00775,WEB,2026-03-03 13:02:26,online,,4,389.96,0.0,389.96
O003853,C00802,S22,2026-03-03 13:18:35,in_store,,3,189.97,0.0,189.97
O003854,C00730,S07,2026-03-03 14:47:19,in_store,,1,89.99,0.0,89.99
O003855,C01076,S09,2026-03-03 15:18:17,in_store,,1,299.99,0.0,299.99
O003856,C00713,S10,2026-03-03 18:15:19,in_store,,1,599.99,0.0,599.99
O003857,C00469,WEB,2026-03-03 19:09:25,online,,1,49.99,0.0,49.99
O003858,C00665,S04,2026-03-03 19:45:27,in_store,,3,339.97,0.0,339.97
O003859,C01105,WEB,2026-03-03 20:06:14,online,,3,269.97,0.0,269.97
O003860,C01241,WEB,2026-03-03 23:51:34,online,,1,249.99,0.0,249.99
O003861,C01230,WEB,2026-03-04 09:17:27,online,,2,148.98,0.0,148.98
O003862,C01169,WEB,2026-03-04 10:30:50,online,,2,119.98,0.0,119.98
O003863,C00497,S19,2026-03-04 10:30:59,in_store,,1,79.99,0.0,79.99
O003864,C00956,S07,2026-03-04 15:20:45,in_store,,1,59.99,0.0,59.99
O003865,C00765,S03,2026-03-04 16:29:48,in_store,,1,89.99,0.0,89.99
O003866,C00598,S02,2026-03-04 16:40:03,in_store,,1,349.99,0.0,349.99
O003867,C00009,WEB,2026-03-04 21:11:24,online,,1,94.99,0.0,94.99
O003868,C00296,WEB,2026-03-04 21:57:32,online,,2,119.98,0.0,119.98
O003869,C01122,WEB,2026-03-05 10:11:24,online,,2,679.98,0.0,679.98
O003870,C01007,WEB,2026-03-05 11:50:18,online,,3,219.97,0.0,219.97
O003871,C00911,S07,2026-03-05 16:21:49,in_store,,1,59.99,0.0,59.99
O003872,C01135,S03,2026-03-05 16:54:51,in_store,,2,839.98,0.0,839.98
O003873,C00694,S07,2026-03-05 17:04:24,in_store,,1,89.99,0.0,89.99
O003874,C00184,S20,2026-03-05 19:21:59,in_store,,1,99.99,0.0,99.99
O003875,C00662,WEB,2026-03-05 22:18:52,online,,3,194.97,0.0,194.97
O003876,C00652,WEB,2026-03-06 09:51:00,online,,1,89.99,0.0,89.99
O003877,C00961,S18,2026-03-06 10:35:13,in_store,,1,149.99,0.0,149.99
O003878,C01021,S01,2026-03-06 11:58:22,in_store,,1,39.99,0.0,39.99
O003879,C00969,S21,2026-03-06 12:26:39,in_store,,4,614.96,0.0,614.96
O003880,C01110,S22,2026-03-06 12:32:27,in_store,,3,239.97,0.0,239.97
O003881,C00765,S03,2026-03-06 14:30:14,in_store,,5,739.95,0.0,739.95
O003882,C00548,S22,2026-03-06 15:51:31,in_store,,2,629.98,0.0,629.98
O003883,C01244,S17,2026-03-06 17:07:12,in_store,,1,38.99,0.0,38.99
O003884,C00027,S13,2026-03-06 17:20:31,in_store,,1,59.99,0.0,59.99
O003885,C00637,S07,2026-03-06 18:07:42,in_store,,4,229.96,0.0,229.96
O003886,C00911,S07,2026-03-07 11:35:44,in_store,,1,199.99,0.0,199.99
O003887,C00098,S06,2026-03-07 11:37:55,in_store,,1,179.99,0.0,179.99
O003888,C00545,S18,2026-03-07 12:10:54,in_store,,1,49.99,0.0,49.99
O003889,C00214,S17,2026-03-07 13:46:08,in_store,,4,619.96,0.0,619.96
O003890,C01011,S08,2026-03-07 15:44:51,in_store,,1,19.99,0.0,19.99
O003891,C01084,S08,2026-03-07 15:46:19,in_store,,1,29.99,0.0,29.99
O003892,C01091,WEB,2026-03-07 16:08:44,online,,2,159.98,0.0,159.98
O003893,C00983,WEB,2026-03-07 16:49:37,online,,2,149.98,0.0,149.98
O003894,C00030,S19,2026-03-07 17:28:34,in_store,,1,89.99,0.0,89.99
O003895,C01007,WEB,2026-03-07 18:07:16,online,,2,84.98,0.0,84.98
O003896,C00532,WEB,2026-03-07 18:36:47,online,,3,374.97,0.0,374.97
O003897,C00682,WEB,2026-03-07 21:36:08,online,,2,164.98,0.0,164.98
O003898,C01115,WEB,2026-03-08 08:34:24,online,,1,349.99,0.0,349.99
O003899,C00167,WEB,2026-03-08 10:08:03,online,,1,59.99,0.0,59.99
O003900,C00804,S21,2026-03-08 10:39:49,in_store,,1,79.99,0.0,79.99
O003901,C00872,S01,2026-03-08 11:01:04,in_store,,2,279.98,0.0,279.98
O003902,C00197,S07,2026-03-08 13:17:46,in_store,,1,59.99,0.0,59.99
O003903,C00730,S07,2026-03-08 15:05:14,in_store,,3,239.97,0.0,239.97
O003904,C00647,S06,2026-03-08 16:12:31,in_store,,1,99.99,0.0,99.99
O003905,C01246,S06,2026-03-08 16:19:03,in_store,,1,14.99,0.0,14.99
O003906,C00802,S22,2026-03-08 17:04:38,in_store,,2,109.98,0.0,109.98
O003907,C00950,S19,2026-03-08 17:10:00,in_store,,3,599.97,0.0,599.97
O003908,C00610,S16,2026-03-08 17:31:05,in_store,,1,189.99,0.0,189.99
O003909,C00343,S10,2026-03-08 18:37:21,in_store,,1,39.99,0.0,39.99
O003910,C01247,S06,2026-03-09 11:16:51,in_store,,1,229.99,0.0,229.99
O003911,C00137,S03,2026-03-09 13:22:34,in_store,,1,349.99,0.0,349.99
O003912,C00369,S07,2026-03-09 13:39:17,in_store,,1,19.99,0.0,19.99
O003913,C01097,S21,2026-03-09 13:44:01,in_store,,1,129.99,0.0,129.99
O003914,C00377,WEB,2026-03-09 15:23:11,online,,1,39.99,0.0,39.99
O003915,C00268,WEB,2026-03-09 15:51:44,online,,3,149.97,0.0,149.97
O003916,C00034,S22,2026-03-09 16:53:41,in_store,,4,484.96,0.0,484.96
O003917,C00649,S19,2026-03-09 17:42:17,in_store,,1,89.99,0.0,89.99
O003918,C01205,S16,2026-03-09 18:06:01,in_store,,1,29.99,0.0,29.99
O003919,C01239,S07,2026-03-09 18:45:56,in_store,,2,159.98,0.0,159.98
O003920,C00148,S14,2026-03-09 19:24:45,in_store,,2,98.98,0.0,98.98
O003921,C00765,S03,2026-03-09 19:49:46,in_store,,2,428.98,0.0,428.98
O003922,C00805,S15,2026-03-09 20:58:57,in_store,,1,59.99,0.0,59.99
O003923,C00013,WEB,2026-03-09 22:05:12,online,,2,179.98,0.0,179.98
O003924,C00008,WEB,2026-03-09 22:18:48,online,,2,364.98,0.0,364.98
O003925,C00500,WEB,2026-03-09 23:26:17,online,,1,449.99,0.0,449.99
O003926,C00662,S01,2026-03-10 11:35:41,in_store,,1,79.99,0.0,79.99
O003927,C00009,WEB,2026-03-10 12:15:46,online,,1,349.99,0.0,349.99
O003928,C00456,WEB,2026-03-10 13:20:34,online,,2,39.98,0.0,39.98
O003929,C01030,S01,2026-03-10 13:21:54,in_store,,1,99.99,0.0,99.99
O003930,C00435,S01,2026-03-10 14:01:36,in_store,,1,39.99,0.0,39.99
O003931,C00178,S02,2026-03-10 14:47:47,in_store,,1,329.99,0.0,329.99
O003932,C01246,S06,2026-03-10 15:53:29,in_store,,2,89.98,0.0,89.98
O003933,C01061,WEB,2026-03-10 16:07:01,online,,1,34.99,0.0,34.99
O003934,C01249,S13,2026-03-10 18:28:20,in_store,,1,449.99,0.0,449.99
O003935,C00956,S07,2026-03-10 18:37:22,in_store,,1,29.99,0.0,29.99
O003936,C01020,WEB,2026-03-10 21:09:35,online,,1,399.99,0.0,399.99
O003937,C00476,WEB,2026-03-11 01:12:26,online,,1,59.99,0.0,59.99
O003938,C00588,S12,2026-03-11 11:40:35,in_store,,1,69.99,0.0,69.99
O003939,C01198,S06,2026-03-11 13:18:05,in_store,,1,229.99,0.0,229.99
O003940,C00058,S02,2026-03-11 15:26:26,in_store,,2,49.98,0.0,49.98
O003941,C01158,WEB,2026-03-11 15:33:08,online,,2,519.98,0.0,519.98
O003942,C01076,S09,2026-03-11 15:50:34,in_store,,5,483.95,0.0,483.95
O003943,C00961,S13,2026-03-11 19:55:16,in_store,,1,14.99,0.0,14.99
O003944,C00247,WEB,2026-03-11 19:59:51,online,,1,49.99,0.0,49.99
O003945,C01204,S24,2026-03-11 20:17:53,in_store,,1,89.99,0.0,89.99
O003946,C00293,WEB,2026-03-12 07:37:43,online,,6,433.94,0.0,433.94
O003947,C00257,WEB,2026-03-12 08:42:25,online,,3,179.97,0.0,179.97
O003948,C00527,S16,2026-03-12 09:00:12,in_store,,4,259.96,0.0,259.96
O003949,C00792,WEB,2026-03-12 09:35:31,online,,1,24.99,0.0,24.99
O003950,C00712,S13,2026-03-12 09:39:42,in_store,,1,199.99,0.0,199.99
O003951,C01163,S03,2026-03-12 10:49:09,in_store,,1,899.99,0.0,899.99
O003952,C00199,WEB,2026-03-12 12:28:13,online,,1,179.99,0.0,179.99
O003953,C01250,S12,2026-03-12 13:08:05,in_store,,3,129.97,0.0,129.97
O003954,C01092,S22,2026-03-12 15:40:01,in_store,,2,104.98,0.0,104.98
O003955,C00961,S13,2026-03-12 16:49:29,in_store,,1,179.99,0.0,179.99
O003956,C01208,S05,2026-03-12 17:55:36,in_store,,1,19.99,0.0,19.99
O003957,C01026,S14,2026-03-12 18:50:14,in_store,,1,14.99,0.0,14.99
O003958,C00772,S19,2026-03-12 18:56:52,in_store,,1,49.99,0.0,49.99
O003959,C01165,S05,2026-03-13 10:24:35,in_store,,1,34.99,0.0,34.99
O003960,C00416,S21,2026-03-13 10:57:51,in_store,,1,59.99,0.0,59.99
O003961,C00178,S02,2026-03-13 11:14:40,in_store,,1,84.99,0.0,84.99
O003962,C01104,S13,2026-03-13 11:22:08,in_store,,1,55.99,0.0,55.99
O003963,C00515,S13,2026-03-13 12:57:31,in_store,,4,769.96,0.0,769.96
O003964,C01252,S02,2026-03-13 13:18:36,in_store,,1,69.99,0.0,69.99
O003965,C00886,S07,2026-03-13 13:39:46,in_store,,2,159.98,0.0,159.98
O003966,C01210,S01,2026-03-13 13:48:43,in_store,,2,279.98,0.0,279.98
O003967,C00500,WEB,2026-03-13 17:56:45,online,,1,349.99,0.0,349.99
O003968,C00172,S23,2026-03-13 17:59:20,in_store,,1,99.99,0.0,99.99
O003969,C00033,S07,2026-03-13 19:25:48,in_store,,2,109.98,0.0,109.98
O003970,C01008,WEB,2026-03-13 20:23:55,online,,2,249.98,0.0,249.98
O003971,C00629,WEB,2026-03-13 21:19:24,online,,1,199.99,0.0,199.99
O003972,C00445,WEB,2026-03-13 21:37:52,online,,3,204.97,0.0,204.97
O003973,C01177,WEB,2026-03-13 21:41:22,online,,2,159.98,0.0,159.98
O003974,C01193,S09,2026-03-14 12:18:16,in_store,,3,269.97,0.0,269.97
O003975,C00969,S21,2026-03-14 12:51:20,in_store,,3,149.97,0.0,149.97
O003976,C01011,S08,2026-03-14 13:02:55,in_store,,1,14.99,0.0,14.99
O003977,C00228,S13,2026-03-14 13:13:24,in_store,,1,399.99,0.0,399.99
O003978,C00638,WEB,2026-03-14 22:39:47,online,,3,407.97,0.0,407.97
O003979,C00694,S07,2026-03-15 11:28:01,in_store,,1,29.99,0.0,29.99
O003980,C00318,S04,2026-03-15 11:40:41,in_store,,3,309.97,0.0,309.97
O003981,C01254,S24,2026-03-15 12:39:27,in_store,,1,149.99,0.0,149.99
O003982,C00917,S01,2026-03-15 13:23:51,in_store,,2,219.98,0.0,219.98
O003983,C00231,S19,2026-03-15 15:00:14,in_store,,2,349.98,0.0,349.98
O003984,C01003,S03,2026-03-15 15:44:52,in_store,,1,29.99,0.0,29.99
O003985,C00062,S21,2026-03-15 16:11:31,in_store,,1,69.99,0.0,69.99
O003986,C00803,S06,2026-03-15 16:56:59,in_store,,1,49.99,0.0,49.99
O003987,C00189,S01,2026-03-15 17:35:36,in_store,,2,89.98,0.0,89.98
O003988,C01125,S01,2026-03-15 17:43:38,in_store,,1,49.99,0.0,49.99
O003989,C01255,S06,2026-03-15 18:34:33,in_store,,3,319.97,0.0,319.97
O003990,C00227,WEB,2026-03-16 09:27:52,online,,3,489.97,0.0,489.97
O003991,C01256,S11,2026-03-16 10:41:32,in_store,,1,14.99,0.0,14.99
O003992,C00008,WEB,2026-03-16 13:12:15,online,,1,69.99,0.0,69.99
O003993,C00968,S23,2026-03-16 14:41:21,in_store,,1,39.99,0.0,39.99
O003994,C00950,S19,2026-03-16 16:54:44,in_store,,3,369.97,0.0,369.97
O003995,C00953,S18,2026-03-16 17:45:41,in_store,,1,89.99,0.0,89.99
O003996,C00167,S21,2026-03-16 18:23:57,in_store,,2,79.98,0.0,79.98
O003997,C00696,WEB,2026-03-16 21:32:51,online,,2,29.98,0.0,29.98
O003998,C00659,S23,2026-03-17 11:03:04,in_store,,1,44.99,0.0,44.99
O003999,C00457,S21,2026-03-17 14:55:11,in_store,,3,539.97,0.0,539.97
O004000,C00420,S05,2026-03-17 16:07:15,in_store,,2,188.98,0.0,188.98
O004001,C01085,S04,2026-03-17 16:30:23,in_store,,1,79.99,0.0,79.99
O004002,C00261,WEB,2026-03-18 07:34:06,online,,2,179.98,0.0,179.98
O004003,C01236,S21,2026-03-18 10:24:54,in_store,,1,139.99,0.0,139.99
O004004,C00110,S02,2026-03-18 10:26:31,in_store,,2,99.98,0.0,99.98
O004005,C00076,S21,2026-03-18 13:33:57,in_store,,1,449.99,0.0,449.99
O004006,C00642,S09,2026-03-18 15:22:50,in_store,,1,139.99,0.0,139.99
O004007,C00062,S21,2026-03-18 16:42:22,in_store,,4,1011.96,0.0,1011.96
O004008,C00987,S03,2026-03-18 17:38:49,in_store,,1,99.99,0.0,99.99
O004009,C00573,S19,2026-03-18 18:08:47,in_store,,1,59.99,0.0,59.99
O004010,C00020,S20,2026-03-19 09:34:29,in_store,,1,229.99,0.0,229.99
O004011,C00286,WEB,2026-03-19 09:41:12,online,,1,149.99,0.0,149.99
O004012,C01232,S21,2026-03-19 11:32:08,in_store,,2,113.98,0.0,113.98
O004013,C00427,S19,2026-03-19 12:51:27,in_store,,2,299.98,0.0,299.98
O004014,C01259,S20,2026-03-19 14:18:16,in_store,,1,219.99,0.0,219.99
O004015,C00231,S19,2026-03-19 17:14:29,in_store,,1,79.99,0.0,79.99
O004016,C00386,S08,2026-03-19 17:18:49,in_store,,3,499.97,0.0,499.97
O004017,C00076,S21,2026-03-20 09:55:04,in_store,,1,29.99,0.0,29.99
O004018,C00849,S13,2026-03-20 10:20:19,in_store,,1,299.99,0.0,299.99
O004019,C00228,S13,2026-03-20 11:00:17,in_store,,2,684.98,0.0,684.98
O004020,C00209,S03,2026-03-20 11:59:50,in_store,,1,89.99,0.0,89.99
O004021,C00424,WEB,2026-03-20 13:31:21,online,,2,39.98,0.0,39.98
O004022,C01119,S11,2026-03-20 14:16:53,in_store,,1,59.99,0.0,59.99
O004023,C00019,S20,2026-03-20 15:52:06,in_store,,1,139.99,0.0,139.99
O004024,C00728,WEB,2026-03-20 16:20:03,online,,1,29.99,0.0,29.99
O004025,C00288,WEB,2026-03-20 17:29:22,online,,2,179.98,0.0,179.98
O004026,C00597,S22,2026-03-20 18:51:49,in_store,,1,79.99,0.0,79.99
O004027,C01260,WEB,2026-03-21 13:06:22,online,,4,434.96,0.0,434.96
O004028,C00922,S04,2026-03-21 14:07:47,in_store,,1,49.99,0.0,49.99
O004029,C00859,WEB,2026-03-21 16:00:10,online,,2,179.98,0.0,179.98
O004030,C00883,S01,2026-03-21 16:03:17,in_store,,1,89.99,0.0,89.99
O004031,C00783,S09,2026-03-21 16:12:58,in_store,,1,299.99,0.0,299.99
O004032,C01233,WEB,2026-03-21 17:41:44,online,,2,399.98,0.0,399.98
O004033,C00345,S08,2026-03-21 17:47:53,in_store,,1,199.99,0.0,199.99
O004034,C01020,WEB,2026-03-21 19:28:12,online,,2,174.98,0.0,174.98
O004035,C01001,WEB,2026-03-21 23:04:56,online,,1,79.99,0.0,79.99
O004036,C01107,S09,2026-03-22 10:00:38,in_store,,2,99.98,0.0,99.98
O004037,C00950,S19,2026-03-22 10:15:52,in_store,,1,1299.99,0.0,1299.99
O004038,C00984,S07,2026-03-22 11:01:42,in_store,,1,349.99,0.0,349.99
O004039,C00076,S21,2026-03-22 12:21:57,in_store,,3,179.97,0.0,179.97
O004040,C01205,S13,2026-03-22 15:34:22,in_store,,1,229.99,0.0,229.99
O004041,C00556,S03,2026-03-22 17:19:17,in_store,,1,14.99,0.0,14.99
O004042,C00573,S19,2026-03-22 18:13:37,in_store,,1,39.99,0.0,39.99
O004043,C00115,S23,2026-03-22 18:28:14,in_store,,2,379.98,0.0,379.98
O004044,C00871,S02,2026-03-22 19:12:16,in_store,,1,69.99,0.0,69.99
O004045,C00772,S19,2026-03-22 19:14:48,in_store,,2,499.98,0.0,499.98
O004046,C01260,WEB,2026-03-22 19:56:48,online,,4,817.96,0.0,817.96
O004047,C00775,WEB,2026-03-22 23:25:46,online,,1,39.99,0.0,39.99
O004048,C00552,WEB,2026-03-23 00:57:58,online,,1,89.99,0.0,89.99
O004049,C01262,S22,2026-03-23 15:26:13,in_store,,2,135.98,0.0,135.98
O004050,C00320,S12,2026-03-23 15:34:15,in_store,,1,24.99,0.0,24.99
O004051,C00412,WEB,2026-03-23 16:29:26,online,,1,89.99,0.0,89.99
O004052,C01015,WEB,2026-03-23 17:44:52,online,,1,29.99,0.0,29.99
O004053,C00099,S22,2026-03-23 19:20:43,in_store,,1,83.99,0.0,83.99
O004054,C01089,S01,2026-03-23 20:15:19,in_store,,1,59.99,0.0,59.99
O004055,C01239,S07,2026-03-24 11:18:29,in_store,,1,58.99,0.0,58.99
O004056,C01263,S14,2026-03-24 11:19:06,in_store,,2,199.98,0.0,199.98
O004057,C00903,S06,2026-03-24 11:52:02,in_store,,4,458.96,0.0,458.96
O004058,C00805,S16,2026-03-24 12:46:25,in_store,,2,135.98,0.0,135.98
O004059,C01020,S24,2026-03-24 13:59:06,in_store,,2,109.98,0.0,109.98
O004060,C00340,WEB,2026-03-24 19:39:47,online,,1,69.99,0.0,69.99
O004061,C00501,WEB,2026-03-25 08:45:32,online,,2,269.98,0.0,269.98
O004062,C01088,S13,2026-03-25 10:05:04,in_store,,2,179.98,0.0,179.98
O004063,C01220,S20,2026-03-25 10:28:05,in_store,,1,89.99,0.0,89.99
O004064,C00331,S07,2026-03-25 11:22:24,in_store,,1,49.99,0.0,49.99
O004065,C01242,WEB,2026-03-25 12:06:11,online,,1,49.99,0.0,49.99
O004066,C00963,S21,2026-03-25 12:26:46,in_store,,1,25.99,0.0,25.99
O004067,C00378,S18,2026-03-25 12:32:13,in_store,,2,104.98,0.0,104.98
O004068,C00924,S05,2026-03-25 12:56:08,in_store,,1,169.99,0.0,169.99
O004069,C00087,WEB,2026-03-25 13:19:03,online,,1,39.99,0.0,39.99
O004070,C01157,S21,2026-03-25 13:28:26,in_store,,1,139.99,0.0,139.99
O004071,C01038,WEB,2026-03-25 13:48:21,online,,1,149.99,0.0,149.99
O004072,C00802,S21,2026-03-25 14:03:00,in_store,,1,119.99,0.0,119.99
O004073,C00745,S07,2026-03-25 16:44:57,in_store,,2,1059.98,0.0,1059.98
O004074,C00342,S21,2026-03-25 16:56:35,in_store,,2,244.98,0.0,244.98
O004075,C01025,S15,2026-03-25 16:57:23,in_store,,1,89.99,0.0,89.99
O004076,C01264,S19,2026-03-25 17:44:13,in_store,,1,99.99,0.0,99.99
O004077,C01012,S23,2026-03-25 18:20:09,in_store,,1,39.99,0.0,39.99
O004078,C00776,WEB,2026-03-26 07:15:24,online,,1,83.99,0.0,83.99
O004079,C00331,S07,2026-03-26 09:26:58,in_store,,1,79.99,0.0,79.99
O004080,C00416,S24,2026-03-26 10:18:58,in_store,,1,149.99,0.0,149.99
O004081,C01265,S21,2026-03-26 10:50:59,in_store,,2,278.98,0.0,278.98
O004082,C01266,S21,2026-03-26 11:01:03,in_store,,1,29.99,0.0,29.99
O004083,C00610,S16,2026-03-26 11:31:45,in_store,,1,79.99,0.0,79.99
O004084,C00289,S06,2026-03-26 11:33:26,in_store,,1,59.99,0.0,59.99
O004085,C01183,S12,2026-03-26 13:34:15,in_store,,1,649.99,0.0,649.99
O004086,C00457,S21,2026-03-26 13:36:02,in_store,,3,174.97,0.0,174.97
O004087,C00321,S07,2026-03-26 13:50:25,in_store,,2,119.98,0.0,119.98
O004088,C01208,S05,2026-03-26 16:33:23,in_store,,1,19.99,0.0,19.99
O004089,C01211,S13,2026-03-26 17:23:43,in_store,,1,99.99,0.0,99.99
O004090,C00268,WEB,2026-03-26 17:48:21,online,,3,249.97,0.0,249.97
O004091,C00464,S03,2026-03-26 18:53:16,in_store,,1,55.99,0.0,55.99
O004092,C00176,S08,2026-03-26 19:10:50,in_store,,1,59.99,0.0,59.99
O004093,C01182,S04,2026-03-26 19:39:41,in_store,,1,19.99,0.0,19.99
O004094,C00069,S15,2026-03-26 20:58:22,in_store,,2,189.98,0.0,189.98
O004095,C01269,WEB,2026-03-27 07:25:17,online,,1,59.99,0.0,59.99
O004096,C00352,S15,2026-03-27 10:23:47,in_store,,1,89.99,0.0,89.99
O004097,C00245,S24,2026-03-27 10:30:19,in_store,,1,59.99,0.0,59.99
O004098,C00420,S05,2026-03-27 11:17:35,in_store,,2,69.98,0.0,69.98
O004099,C00289,S06,2026-03-27 12:37:09,in_store,,1,59.99,0.0,59.99
O004100,C01101,S12,2026-03-27 18:01:27,in_store,,1,449.99,0.0,449.99
O004101,C00066,S11,2026-03-27 18:26:49,in_store,,2,399.98,0.0,399.98
O004102,C00310,S19,2026-03-27 18:31:02,in_store,,5,627.95,0.0,627.95
O004103,C00588,S12,2026-03-27 18:57:21,in_store,,1,24.99,0.0,24.99
O004104,C00373,WEB,2026-03-27 19:19:13,online,,1,199.99,0.0,199.99
O004105,C00836,S21,2026-03-27 20:10:11,in_store,,1,99.99,0.0,99.99
O004106,C00928,WEB,2026-03-28 06:24:16,online,,1,599.99,0.0,599.99
O004107,C00011,S07,2026-03-28 10:15:58,in_store,,1,99.99,0.0,99.99
O004108,C00186,S17,2026-03-28 10:29:25,in_store,,3,439.97,0.0,439.97
O004109,C00044,S10,2026-03-28 10:47:48,in_store,,1,24.99,0.0,24.99
O004110,C00505,S11,2026-03-28 11:14:57,in_store,,1,129.99,0.0,129.99
O004111,C00961,S13,2026-03-28 12:42:05,in_store,,1,299.99,0.0,299.99
O004112,C00643,S02,2026-03-28 12:47:55,in_store,,4,1229.96,0.0,1229.96
O004113,C00712,WEB,2026-03-28 13:38:38,online,,2,179.98,0.0,179.98
O004114,C01028,S06,2026-03-28 14:48:58,in_store,,2,68.98,0.0,68.98
O004115,C01220,S20,2026-03-28 18:19:57,in_store,,3,179.97,0.0,179.97
O004116,C00527,S16,2026-03-28 19:56:50,in_store,,2,159.98,0.0,159.98
O004117,C00725,S03,2026-03-28 20:15:32,in_store,,1,299.99,0.0,299.99
O004118,C00764,S17,2026-03-28 20:51:55,in_store,,1,129.99,0.0,129.99
O004119,C00435,WEB,2026-03-29 07:11:53,online,,3,809.97,0.0,809.97
O004120,C01125,S01,2026-03-29 10:43:45,in_store,,2,119.98,0.0,119.98
O004121,C00903,S06,2026-03-29 11:12:39,in_store,,2,469.98,0.0,469.98
O004122,C00711,S07,2026-03-29 11:27:01,in_store,,1,19.99,0.0,19.99
O004123,C00767,S10,2026-03-29 13:36:39,in_store,,2,489.98,0.0,489.98
O004124,C00039,S20,2026-03-29 14:44:05,in_store,,4,384.96,0.0,384.96
O004125,C00972,S17,2026-03-29 14:45:47,in_store,,3,249.97,0.0,249.97
O004126,C01271,S09,2026-03-29 18:42:22,in_store,,6,1019.94,0.0,1019.94
O004127,C01057,WEB,2026-03-30 06:18:49,online,,3,529.97,0.0,529.97
O004128,C00439,WEB,2026-03-30 11:12:42,online,,4,2449.96,0.0,2449.96
O004129,C00466,S01,2026-03-30 11:32:37,in_store,,1,24.99,0.0,24.99
O004130,C00597,S22,2026-03-30 11:41:17,in_store,,1,19.99,0.0,19.99
O004131,C01272,WEB,2026-03-30 12:50:11,online,,1,99.99,0.0,99.99
O004132,C00805,S15,2026-03-30 13:54:24,in_store,,2,69.98,0.0,69.98
O004133,C00488,S23,2026-03-30 15:34:43,in_store,,4,599.96,0.0,599.96
O004134,C00378,S18,2026-03-30 16:37:42,in_store,,1,59.99,0.0,59.99
O004135,C01096,S21,2026-03-30 16:46:48,in_store,,1,49.99,0.0,49.99
O004136,C00068,S21,2026-03-30 18:18:30,in_store,,4,404.96,0.0,404.96
O004137,C01107,S09,2026-03-30 20:11:38,in_store,,1,49.99,0.0,49.99
O004138,C00419,S20,2026-03-31 09:31:41,in_store,,1,59.99,0.0,59.99
O004139,C00775,S21,2026-03-31 10:13:23,in_store,,1,119.99,0.0,119.99
O004140,C01254,S24,2026-03-31 10:28:30,in_store,,1,89.99,0.0,89.99
O004141,C00128,S21,2026-03-31 13:26:07,in_store,,1,19.99,0.0,19.99
O004142,C01216,WEB,2026-03-31 14:33:04,online,,2,129.98,0.0,129.98
O004143,C00068,S21,2026-03-31 16:06:28,in_store,,1,49.99,0.0,49.99
O004144,C00115,WEB,2026-03-31 16:31:25,online,,4,458.96,0.0,458.96
O004145,C00837,WEB,2026-03-31 19:14:20,online,,4,499.96,0.0,499.96
O004146,C00132,WEB,2026-03-31 19:25:34,online,,1,59.99,0.0,59.99
O004147,C00087,WEB,2026-03-31 19:28:13,online,,4,534.96,0.0,534.96
O004148,C01273,WEB,2026-04-01 08:09:01,online,,2,49.98,0.0,49.98
O004149,C01020,WEB,2026-04-01 11:14:57,online,,1,149.99,0.0,149.99
O004150,C00402,S09,2026-04-01 12:17:45,in_store,,4,699.96,0.0,699.96
O004151,C00914,S06,2026-04-01 12:27:20,in_store,,1,79.99,0.0,79.99
O004152,C00102,S17,2026-04-01 15:29:03,in_store,,1,139.99,0.0,139.99
O004153,C00389,S19,2026-04-01 16:47:49,in_store,,1,199.99,0.0,199.99
O004154,C00727,S17,2026-04-01 17:00:13,in_store,,1,83.99,0.0,83.99
O004155,C00114,S09,2026-04-01 19:59:18,in_store,,2,78.98,0.0,78.98
O004156,C00596,S07,2026-04-02 09:17:07,in_store,,1,49.99,0.0,49.99
O004157,C00977,S20,2026-04-02 11:11:55,in_store,,1,29.99,0.0,29.99
O004158,C01110,S22,2026-04-02 11:56:42,in_store,,1,59.99,0.0,59.99
O004159,C00425,S13,2026-04-02 13:44:51,in_store,,2,49.98,0.0,49.98
O004160,C00770,S20,2026-04-02 14:56:31,in_store,,1,128.99,0.0,128.99
O004161,C00963,WEB,2026-04-02 15:10:10,online,,4,619.96,0.0,619.96
O004162,C01209,S16,2026-04-02 17:54:23,in_store,,2,49.98,0.0,49.98
O004163,C00844,S20,2026-04-02 19:14:58,in_store,,4,353.96,0.0,353.96
O004164,C00340,WEB,2026-04-03 07:18:04,online,,2,159.98,0.0,159.98
O004165,C00883,S06,2026-04-03 10:12:13,in_store,,3,119.97,0.0,119.97
O004166,C00184,S20,2026-04-03 10:16:02,in_store,,1,58.99,0.0,58.99
O004167,C00787,S21,2026-04-03 10:43:59,in_store,,1,79.99,0.0,79.99
O004168,C01013,S13,2026-04-03 12:11:24,in_store,,3,249.97,0.0,249.97
O004169,C00963,WEB,2026-04-03 12:38:36,online,,1,14.99,0.0,14.99
O004170,C00761,S13,2026-04-03 14:06:46,in_store,,3,359.97,0.0,359.97
O004171,C00456,WEB,2026-04-03 17:33:40,online,,1,39.99,0.0,39.99
O004172,C00784,S14,2026-04-03 17:46:11,in_store,,1,29.99,0.0,29.99
O004173,C00213,WEB,2026-04-03 18:42:51,online,,1,99.99,0.0,99.99
O004174,C00044,S10,2026-04-03 18:46:56,in_store,,2,119.98,0.0,119.98
O004175,C00417,WEB,2026-04-03 19:09:34,online,,4,799.96,0.0,799.96
O004176,C00506,S13,2026-04-03 19:19:12,in_store,,2,118.98,0.0,118.98
O004177,C00852,WEB,2026-04-03 19:43:21,online,,1,79.99,0.0,79.99
O004178,C00880,WEB,2026-04-03 19:45:52,online,,2,109.98,0.0,109.98
O004179,C00221,WEB,2026-04-03 21:35:14,online,,1,19.99,0.0,19.99
O004180,C01047,WEB,2026-04-04 06:17:41,online,,1,199.99,0.0,199.99
O004181,C01274,S16,2026-04-04 10:53:29,in_store,,1,19.99,0.0,19.99
O004182,C00419,S21,2026-04-04 11:58:03,in_store,,2,199.98,0.0,199.98
O004183,C00520,S21,2026-04-04 14:03:02,in_store,,5,262.95,0.0,262.95
O004184,C00389,S19,2026-04-04 14:22:52,in_store,,1,79.99,0.0,79.99
O004185,C01267,S03,2026-04-04 14:23:03,in_store,,1,83.99,0.0,83.99
O004186,C01068,S13,2026-04-04 15:51:23,in_store,,1,14.99,0.0,14.99
O004187,C00222,S16,2026-04-04 15:57:48,in_store,,1,38.99,0.0,38.99
O004188,C00776,S01,2026-04-04 15:58:14,in_store,,1,49.99,0.0,49.99
O004189,C00417,WEB,2026-04-04 17:05:28,online,,1,219.99,0.0,219.99
O004190,C01020,WEB,2026-04-04 20:34:12,online,,1,99.99,0.0,99.99
O004191,C01195,WEB,2026-04-04 20:43:28,online,,1,39.99,0.0,39.99
O004192,C01128,S03,2026-04-05 10:08:34,in_store,,2,169.98,0.0,169.98
O004193,C01205,S13,2026-04-05 10:29:49,in_store,,2,169.98,0.0,169.98
O004194,C00106,S13,2026-04-05 11:19:35,in_store,,1,299.99,0.0,299.99
O004195,C00781,S19,2026-04-05 13:47:14,in_store,,1,29.99,0.0,29.99
O004196,C00919,S21,2026-04-05 14:18:20,in_store,,1,799.99,0.0,799.99
O004197,C00158,S10,2026-04-05 16:23:06,in_store,,1,84.99,0.0,84.99
O004198,C00026,S17,2026-04-05 16:48:31,in_store,,1,19.99,0.0,19.99
O004199,C00457,S21,2026-04-05 16:56:26,in_store,,1,59.99,0.0,59.99
O004200,C00345,S08,2026-04-05 18:44:43,in_store,,1,58.99,0.0,58.99
O004201,C00398,S06,2026-04-05 19:24:40,in_store,,1,139.99,0.0,139.99
O004202,C01163,S02,2026-04-05 20:06:03,in_store,,4,279.96,0.0,279.96
O004203,C00908,WEB,2026-04-05 22:44:44,online,,4,289.96,0.0,289.96
O004204,C01276,S18,2026-04-06 09:50:03,in_store,,2,44.98,0.0,44.98
O004205,C00336,WEB,2026-04-06 11:26:51,online,,2,319.98,0.0,319.98
O004206,C00986,S10,2026-04-06 11:35:35,in_store,,1,79.99,0.0,79.99
O004207,C00447,S21,2026-04-06 13:06:52,in_store,,1,249.99,0.0,249.99
O004208,C00964,S07,2026-04-06 13:28:15,in_store,,4,533.96,0.0,533.96
O004209,C00359,S21,2026-04-06 13:55:49,in_store,,1,39.99,0.0,39.99
O004210,C00393,S20,2026-04-06 17:25:31,in_store,,1,49.99,0.0,49.99
O004211,C01004,S19,2026-04-06 19:06:25,in_store,,1,39.99,0.0,39.99
O004212,C00594,WEB,2026-04-07 09:47:13,online,,1,149.99,0.0,149.99
O004213,C00683,S10,2026-04-07 10:41:09,in_store,,2,139.98,0.0,139.98
O004214,C00629,S10,2026-04-07 11:27:57,in_store,,1,449.99,0.0,449.99
O004215,C00731,S21,2026-04-07 11:59:37,in_store,,1,129.99,0.0,129.99
O004216,C00841,S03,2026-04-07 12:26:12,in_store,,4,129.96,0.0,129.96
O004217,C01277,WEB,2026-04-07 12:57:34,online,,2,219.98,0.0,219.98
O004218,C00802,S22,2026-04-07 13:24:59,in_store,,1,89.99,0.0,89.99
O004219,C01058,S23,2026-04-07 14:33:50,in_store,,2,279.98,0.0,279.98
O004220,C00435,WEB,2026-04-07 16:29:38,online,,2,144.98,0.0,144.98
O004221,C00589,S01,2026-04-07 16:33:29,in_store,,2,199.98,0.0,199.98
O004222,C01278,S07,2026-04-07 17:10:52,in_store,,5,1359.95,0.0,1359.95
O004223,C00152,WEB,2026-04-07 19:04:40,online,,1,229.99,0.0,229.99
O004224,C00188,S13,2026-04-07 19:26:52,in_store,,2,29.98,0.0,29.98
O004225,C00696,WEB,2026-04-07 23:40:17,online,,1,29.99,0.0,29.99
O004226,C01204,S24,2026-04-08 09:49:54,in_store,,1,129.99,0.0,129.99
O004227,C00775,WEB,2026-04-08 11:24:46,online,,1,49.99,0.0,49.99
O004228,C00296,WEB,2026-04-08 12:51:54,online,,1,89.99,0.0,89.99
O004229,C00336,S18,2026-04-08 12:58:12,in_store,,2,424.98,0.0,424.98
O004230,C00839,S13,2026-04-08 15:54:19,in_store,,1,1299.99,0.0,1299.99
O004231,C00435,WEB,2026-04-08 16:55:38,online,,3,299.97,0.0,299.97
O004232,C00731,S20,2026-04-08 17:54:35,in_store,,1,79.99,0.0,79.99
O004233,C00445,WEB,2026-04-08 18:10:48,online,,1,14.99,0.0,14.99
O004234,C00492,S01,2026-04-08 18:14:24,in_store,,2,489.98,0.0,489.98
O004235,C00328,WEB,2026-04-08 19:02:01,online,,1,299.99,0.0,299.99
O004236,C00987,S03,2026-04-08 20:54:36,in_store,,1,99.99,0.0,99.99
O004237,C01195,WEB,2026-04-09 08:05:54,online,,1,399.99,0.0,399.99
O004238,C00043,S23,2026-04-09 10:40:14,in_store,PR-2026-03,1,58.99,8.85,50.14
O004239,C00688,S05,2026-04-09 12:15:20,in_store,PR-2026-03,1,59.99,9.0,50.99
O004240,C00745,S10,2026-04-09 14:15:50,in_store,PR-2026-03,3,309.97,30.0,279.97
O004241,C00168,S02,2026-04-09 14:41:33,in_store,,1,249.99,0.0,249.99
O004242,C00058,S02,2026-04-09 14:57:11,in_store,,2,149.98,0.0,149.98
O004243,C00527,S16,2026-04-09 15:14:03,in_store,,1,29.99,0.0,29.99
O004244,C01267,S03,2026-04-09 15:31:51,in_store,,1,39.99,0.0,39.99
O004245,C01071,S01,2026-04-09 17:08:23,in_store,,1,179.99,0.0,179.99
O004246,C00723,S07,2026-04-09 17:58:26,in_store,,1,299.99,0.0,299.99
O004247,C00839,S13,2026-04-09 18:32:03,in_store,,1,39.99,0.0,39.99
O004248,C00369,S07,2026-04-09 18:46:54,in_store,,3,399.97,0.0,399.97
O004249,C00209,S03,2026-04-09 19:22:09,in_store,,1,29.99,0.0,29.99
O004250,C00637,S07,2026-04-09 19:58:55,in_store,,4,449.96,0.0,449.96
O004251,C01134,S21,2026-04-09 20:51:25,in_store,,4,194.96,0.0,194.96
O004252,C00959,S13,2026-04-10 10:42:07,in_store,,1,229.99,0.0,229.99
O004253,C00336,S15,2026-04-10 10:53:14,in_store,,3,749.97,0.0,749.97
O004254,C00779,WEB,2026-04-10 11:37:32,online,,1,54.99,0.0,54.99
O004255,C01044,S21,2026-04-10 12:02:31,in_store,,2,194.98,0.0,194.98
O004256,C00987,S03,2026-04-10 12:55:16,in_store,,1,49.99,0.0,49.99
O004257,C00637,S07,2026-04-10 13:08:51,in_store,,3,169.97,0.0,169.97
O004258,C00725,S06,2026-04-10 13:27:31,in_store,,4,199.96,0.0,199.96
O004259,C00228,S13,2026-04-10 13:30:30,in_store,,1,199.99,0.0,199.99
O004260,C01151,S16,2026-04-10 13:35:30,in_store,,1,229.99,0.0,229.99
O004261,C01125,S01,2026-04-10 14:53:57,in_store,,4,559.96,0.0,559.96
O004262,C01190,S05,2026-04-10 17:08:47,in_store,,1,19.99,0.0,19.99
O004263,C00852,WEB,2026-04-10 19:11:05,online,,2,279.98,0.0,279.98
O004264,C00751,WEB,2026-04-10 20:36:28,online,PR-2026-03,2,104.98,3.75,101.23
O004265,C00600,WEB,2026-04-11 07:59:44,online,PR-2026-03,4,579.96,30.0,549.96
O004266,C00552,WEB,2026-04-11 08:02:31,online,,1,49.99,0.0,49.99
O004267,C00225,WEB,2026-04-11 09:01:47,online,,1,55.99,0.0,55.99
O004268,C00342,S21,2026-04-11 10:47:31,in_store,,1,19.99,0.0,19.99
O004269,C00076,S21,2026-04-11 11:00:56,in_store,,1,449.99,0.0,449.99
O004270,C00393,S20,2026-04-11 11:40:33,in_store,PR-2026-03,4,619.96,6.0,613.96
O004271,C00033,S07,2026-04-11 11:46:28,in_store,,2,139.98,0.0,139.98
O004272,C00456,WEB,2026-04-11 12:22:59,online,,1,79.99,0.0,79.99
O004273,C00398,WEB,2026-04-11 12:47:25,online,,1,169.99,0.0,169.99
O004274,C00956,S07,2026-04-11 12:47:39,in_store,,1,59.99,0.0,59.99
O004275,C00841,S01,2026-04-11 13:25:56,in_store,,1,129.99,0.0,129.99
O004276,C01204,S24,2026-04-11 14:07:30,in_store,,1,79.99,0.0,79.99
O004277,C00550,S20,2026-04-11 15:23:07,in_store,PR-2026-03,3,139.97,6.0,133.97
O004278,C01146,S24,2026-04-11 16:56:07,in_store,,2,99.98,0.0,99.98
O004279,C00158,S09,2026-04-11 17:05:44,in_store,,1,179.99,0.0,179.99
O004280,C01089,S02,2026-04-11 17:24:13,in_store,,1,79.99,0.0,79.99
O004281,C01126,WEB,2026-04-11 17:41:01,online,,1,83.99,0.0,83.99
O004282,C00267,S06,2026-04-11 18:10:30,in_store,,1,449.99,0.0,449.99
O004283,C00723,S07,2026-04-11 18:20:44,in_store,,1,29.99,0.0,29.99
O004284,C01203,S11,2026-04-11 19:27:03,in_store,,3,345.97,0.0,345.97
O004285,C01268,WEB,2026-04-12 10:20:58,online,,2,228.98,0.0,228.98
O004286,C00590,WEB,2026-04-12 10:53:04,online,,1,59.99,0.0,59.99
O004287,C00610,S16,2026-04-12 12:24:33,in_store,PR-2026-03,1,24.99,3.75,21.24
O004288,C00536,WEB,2026-04-12 12:39:03,online,,2,89.98,0.0,89.98
O004289,C00506,S13,2026-04-12 13:11:54,in_store,,1,39.99,0.0,39.99
O004290,C01281,S21,2026-04-12 14:09:39,in_store,,1,79.99,0.0,79.99
O004291,C00969,S21,2026-04-12 14:12:26,in_store,,1,79.99,0.0,79.99
O004292,C00228,S13,2026-04-12 14:33:02,in_store,,1,14.99,0.0,14.99
O004293,C01146,S24,2026-04-12 17:09:17,in_store,,1,89.99,0.0,89.99
O004294,C01070,S14,2026-04-12 18:11:22,in_store,,3,234.97,0.0,234.97
O004295,C01183,S12,2026-04-12 18:46:08,in_store,PR-2026-03,4,339.96,13.5,326.46
O004296,C00216,S23,2026-04-12 18:49:27,in_store,,3,469.97,0.0,469.97
O004297,C00602,S01,2026-04-12 20:12:32,in_store,PR-2026-03,2,29.98,4.5,25.48
O004298,C00804,WEB,2026-04-12 23:41:48,online,,1,229.99,0.0,229.99
O004299,C01283,WEB,2026-04-13 10:29:31,online,,2,99.98,0.0,99.98
O004300,C00905,S06,2026-04-13 12:05:36,in_store,,1,29.99,0.0,29.99
O004301,C00877,S21,2026-04-13 12:50:43,in_store,,1,59.99,0.0,59.99
O004302,C00533,WEB,2026-04-13 15:53:28,online,PR-2026-03,1,349.99,52.5,297.49
O004303,C00543,S04,2026-04-13 16:27:33,in_store,PR-2026-03,5,554.95,3.75,551.2
O004304,C00288,WEB,2026-04-13 18:03:10,online,,3,259.97,0.0,259.97
O004305,C00545,S13,2026-04-13 18:58:28,in_store,PR-2026-03,2,117.98,17.7,100.28
O004306,C00469,WEB,2026-04-13 21:17:24,online,,1,299.99,0.0,299.99
O004307,C00359,WEB,2026-04-13 22:33:54,online,,1,399.99,0.0,399.99
O004308,C01123,WEB,2026-04-13 23:55:26,online,,2,569.98,0.0,569.98
O004309,C00985,WEB,2026-04-14 00:16:52,online,,3,569.97,0.0,569.97
O004310,C00069,WEB,2026-04-14 08:15:16,online,,1,79.99,0.0,79.99
O004311,C00975,S13,2026-04-14 10:57:08,in_store,,1,69.99,0.0,69.99
O004312,C00579,S14,2026-04-14 11:35:21,in_store,,1,55.99,0.0,55.99
O004313,C01286,WEB,2026-04-14 11:55:35,online,,1,149.99,0.0,149.99
O004314,C01222,S22,2026-04-14 12:24:05,in_store,,1,189.99,0.0,189.99
O004315,C00219,S22,2026-04-14 13:09:03,in_store,PR-2026-03,1,58.99,8.85,50.14
O004316,C00550,S21,2026-04-14 13:13:06,in_store,PR-2026-03,2,379.98,57.0,322.98
O004317,C00783,S09,2026-04-14 13:32:59,in_store,,1,39.99,0.0,39.99
O004318,C01287,S16,2026-04-14 15:04:35,in_store,,2,119.98,0.0,119.98
O004319,C00354,S21,2026-04-14 17:17:22,in_store,,1,19.99,0.0,19.99
O004320,C01221,S13,2026-04-14 17:29:46,in_store,,1,19.99,0.0,19.99
O004321,C00591,S11,2026-04-14 18:41:57,in_store,,1,599.99,0.0,599.99
O004322,C00009,WEB,2026-04-15 11:30:11,online,,1,129.99,0.0,129.99
O004323,C00550,S21,2026-04-15 12:49:57,in_store,,2,154.98,0.0,154.98
O004324,C00583,S20,2026-04-15 13:22:39,in_store,,1,199.99,0.0,199.99
O004325,C00062,S21,2026-04-15 13:40:18,in_store,,1,129.99,0.0,129.99
O004326,C01288,S22,2026-04-15 13:53:02,in_store,,3,175.97,0.0,175.97
O004327,C00720,S03,2026-04-15 15:57:31,in_store,,3,349.97,0.0,349.97
O004328,C01125,S01,2026-04-15 16:59:46,in_store,PR-2026-03,3,229.97,13.5,216.47
O004329,C00893,S22,2026-04-15 19:18:27,in_store,,1,149.99,0.0,149.99
O004330,C00590,WEB,2026-04-16 07:39:06,online,,1,449.99,0.0,449.99
O004331,C00033,S07,2026-04-16 11:44:57,in_store,,2,169.98,0.0,169.98
O004332,C00237,S08,2026-04-16 12:13:25,in_store,PR-2026-03,1,59.99,9.0,50.99
O004333,C00841,S03,2026-04-16 12:21:28,in_store,,1,29.99,0.0,29.99
O004334,C01291,WEB,2026-04-16 12:33:47,online,,1,55.99,0.0,55.99
O004335,C01290,S21,2026-04-16 13:53:11,in_store,,3,774.97,0.0,774.97
O004336,C00767,S07,2026-04-16 14:26:09,in_store,PR-2026-03,1,99.99,15.0,84.99
O004337,C01089,S01,2026-04-16 14:34:02,in_store,,1,49.99,0.0,49.99
O004338,C00382,S13,2026-04-16 14:41:15,in_store,,1,449.99,0.0,449.99
O004339,C00462,S11,2026-04-16 14:53:21,in_store,,3,229.97,0.0,229.97
O004340,C01051,S06,2026-04-16 14:58:35,in_store,,1,29.99,0.0,29.99
O004341,C00457,S21,2026-04-16 15:10:57,in_store,,2,59.98,0.0,59.98
O004342,C00039,WEB,2026-04-16 15:12:34,online,,2,99.98,0.0,99.98
O004343,C01163,S02,2026-04-16 15:47:49,in_store,,1,49.99,0.0,49.99
O004344,C00573,S19,2026-04-16 16:14:09,in_store,,1,59.99,0.0,59.99
O004345,C00527,S16,2026-04-16 17:13:28,in_store,PR-2026-03,2,99.98,15.0,84.98
O004346,C01076,S09,2026-04-16 21:55:12,in_store,,1,899.99,0.0,899.99
O004347,C01204,S24,2026-04-17 11:51:08,in_store,,3,583.97,0.0,583.97
O004348,C01237,S08,2026-04-17 12:01:34,in_store,,1,99.99,0.0,99.99
O004349,C01293,S17,2026-04-17 13:16:00,in_store,PR-2026-03,1,49.99,7.5,42.49
O004350,C00483,WEB,2026-04-17 15:04:14,online,PR-2026-03,2,139.98,6.0,133.98
O004351,C00113,S13,2026-04-17 15:13:53,in_store,,4,229.96,0.0,229.96
O004352,C01161,S02,2026-04-17 16:02:01,in_store,,1,83.99,0.0,83.99
O004353,C00671,S17,2026-04-17 16:34:04,in_store,,2,159.98,0.0,159.98
O004354,C01252,WEB,2026-04-17 17:21:17,online,,1,19.99,0.0,19.99
O004355,C00500,WEB,2026-04-17 20:14:17,online,,1,129.99,0.0,129.99
O004356,C01294,S11,2026-04-18 10:00:49,in_store,PR-2026-03,1,99.99,15.0,84.99
O004357,C00302,S23,2026-04-18 10:40:14,in_store,,1,14.99,0.0,14.99
O004358,C00802,S22,2026-04-18 13:08:23,in_store,,4,829.96,0.0,829.96
O004359,C00984,S07,2026-04-18 13:08:24,in_store,,1,49.99,0.0,49.99
O004360,C00097,S13,2026-04-18 13:34:16,in_store,,1,89.99,0.0,89.99
O004361,C00485,S10,2026-04-18 14:57:39,in_store,,3,309.97,0.0,309.97
O004362,C00687,S15,2026-04-18 16:13:29,in_store,,2,139.98,0.0,139.98
O004363,C00830,S07,2026-04-18 16:21:36,in_store,,1,55.99,0.0,55.99
O004364,C00907,S13,2026-04-18 20:03:08,in_store,PR-2026-03,3,489.97,9.0,480.97
O004365,C00642,S09,2026-04-19 09:03:59,in_store,,1,349.99,0.0,349.99
O004366,C01210,S01,2026-04-19 09:50:24,in_store,,1,89.99,0.0,89.99
O004367,C01125,S01,2026-04-19 10:26:11,in_store,,2,219.98,0.0,219.98
O004368,C01295,S13,2026-04-19 12:34:36,in_store,PR-2026-03,1,99.99,15.0,84.99
O004369,C00162,S03,2026-04-19 12:51:33,in_store,,2,259.98,0.0,259.98
O004370,C00457,S21,2026-04-19 13:22:10,in_store,,1,29.99,0.0,29.99
O004371,C01134,S21,2026-04-19 14:12:20,in_store,,1,349.99,0.0,349.99
O004372,C01068,S13,2026-04-19 15:01:11,in_store,PR-2026-03,3,176.97,26.55,150.42
O004373,C00352,S15,2026-04-19 15:31:01,in_store,,4,639.96,0.0,639.96
O004374,C00442,S13,2026-04-19 17:24:24,in_store,,1,19.99,0.0,19.99
O004375,C00764,S17,2026-04-19 18:44:07,in_store,,1,29.99,0.0,29.99
O004376,C00849,WEB,2026-04-20 08:18:37,online,,1,179.99,0.0,179.99
O004377,C00110,S02,2026-04-20 10:35:17,in_store,,2,178.98,0.0,178.98
O004378,C00789,S09,2026-04-20 13:42:24,in_store,,1,169.99,0.0,169.99
O004379,C00399,S11,2026-04-20 14:08:31,in_store,,1,34.99,0.0,34.99
O004380,C00455,S20,2026-04-20 16:18:59,in_store,PR-2026-03,1,14.99,2.25,12.74
O004381,C00072,S22,2026-04-20 17:19:35,in_store,PR-2026-03,1,58.99,8.85,50.14
O004382,C00140,S21,2026-04-20 18:30:36,in_store,PR-2026-03,4,369.96,43.5,326.46
O004383,C01255,S06,2026-04-20 18:48:10,in_store,,2,64.98,0.0,64.98
O004384,C01296,WEB,2026-04-20 19:44:43,online,,1,49.99,0.0,49.99
O004385,C01123,WEB,2026-04-20 20:01:18,online,PR-2026-03,2,289.98,13.5,276.48
O004386,C00373,WEB,2026-04-20 23:29:42,online,PR-2026-03,1,58.99,8.85,50.14
O004387,C01298,S21,2026-04-21 09:15:04,in_store,,1,109.99,0.0,109.99
O004388,C00548,S24,2026-04-21 10:44:14,in_store,,2,219.98,0.0,219.98
O004389,C01185,S11,2026-04-21 11:06:06,in_store,,1,399.99,0.0,399.99
O004390,C01068,S13,2026-04-21 11:40:19,in_store,,1,49.99,0.0,49.99
O004391,C01020,S05,2026-04-21 12:44:51,in_store,,1,149.99,0.0,149.99
O004392,C00573,S19,2026-04-21 14:22:17,in_store,,1,399.99,0.0,399.99
O004393,C00425,S13,2026-04-21 16:21:27,in_store,PR-2026-03,2,389.98,6.0,383.98
O004394,C00871,S01,2026-04-21 17:11:28,in_store,,1,349.99,0.0,349.99
O004395,C00306,WEB,2026-04-21 17:33:34,online,,1,249.99,0.0,249.99
O004396,C00343,S10,2026-04-21 18:25:42,in_store,,1,79.99,0.0,79.99
O004397,C00652,WEB,2026-04-21 19:05:29,online,,1,59.99,0.0,59.99
O004398,C00752,S22,2026-04-21 19:18:38,in_store,,1,49.99,0.0,49.99
O004399,C00751,WEB,2026-04-21 19:29:47,online,,2,259.98,0.0,259.98
O004400,C00774,S10,2026-04-22 10:18:11,in_store,,4,368.96,0.0,368.96
O004401,C00261,WEB,2026-04-22 10:45:13,online,PR-2026-03,1,24.99,3.75,21.24
O004402,C00120,S22,2026-04-22 12:58:38,in_store,,1,84.99,0.0,84.99
O004403,C01125,S01,2026-04-22 13:40:59,in_store,,1,89.99,0.0,89.99
O004404,C01113,S20,2026-04-22 14:27:31,in_store,,1,139.99,0.0,139.99
O004405,C00003,S08,2026-04-22 14:49:44,in_store,,2,149.98,0.0,149.98
O004406,C01221,S13,2026-04-22 14:57:02,in_store,,1,129.99,0.0,129.99
O004407,C00098,S06,2026-04-22 15:17:31,in_store,,2,39.98,0.0,39.98
O004408,C00072,S22,2026-04-22 15:36:45,in_store,,3,839.97,0.0,839.97
O004409,C01236,S21,2026-04-22 17:10:01,in_store,,2,183.98,0.0,183.98
O004410,C01020,WEB,2026-04-22 19:47:26,online,,1,299.99,0.0,299.99
O004411,C00497,S22,2026-04-22 20:36:41,in_store,PR-2026-03,1,14.99,2.25,12.74
O004412,C01182,S04,2026-04-22 20:45:50,in_store,PR-2026-03,1,49.99,7.5,42.49
O004413,C00340,WEB,2026-04-22 21:12:56,online,PR-2026-03,2,174.98,3.75,171.23
O004414,C01100,WEB,2026-04-22 21:31:11,online,,1,79.99,0.0,79.99
O004415,C01233,WEB,2026-04-23 09:01:54,online,,1,79.99,0.0,79.99
O004416,C00404,S23,2026-04-23 11:54:16,in_store,PR-2026-03,2,59.98,3.0,56.98
O004417,C00858,S21,2026-04-23 12:11:56,in_store,,2,79.98,0.0,79.98
O004418,C01096,S23,2026-04-23 15:59:06,in_store,,1,29.99,0.0,29.99
O004419,C00833,S01,2026-04-23 18:27:03,in_store,PR-2026-03,4,924.96,2.25,922.71
O004420,C00849,S13,2026-04-24 11:13:13,in_store,,3,569.97,0.0,569.97
O004421,C00723,S07,2026-04-24 12:27:49,in_store,PR-2026-03,2,53.98,2.25,51.73
O004422,C00852,WEB,2026-04-24 15:21:58,online,,1,14.99,0.0,14.99
O004423,C00943,S04,2026-04-24 15:34:58,in_store,,1,59.99,0.0,59.99
O004424,C00848,S05,2026-04-24 19:31:47,in_store,PR-2026-03,3,329.97,21.0,308.97
O004425,C00137,WEB,2026-04-25 09:45:13,online,,2,439.98,0.0,439.98
O004426,C01159,S09,2026-04-25 12:34:04,in_store,,1,99.99,0.0,99.99
O004427,C00930,WEB,2026-04-25 13:26:57,online,,1,34.99,0.0,34.99
O004428,C00342,S21,2026-04-25 13:32:27,in_store,,1,1299.99,0.0,1299.99
O004429,C01302,S21,2026-04-25 14:19:50,in_store,,1,79.99,0.0,79.99
O004430,C00587,S07,2026-04-25 14:28:04,in_store,,1,99.99,0.0,99.99
O004431,C00402,S09,2026-04-25 15:07:35,in_store,,1,39.99,0.0,39.99
O004432,C00062,S21,2026-04-25 15:17:53,in_store,PR-2026-03,3,205.97,13.5,192.47
O004433,C00871,S01,2026-04-25 15:28:30,in_store,PR-2026-03,2,84.98,2.25,82.73
O004434,C00937,S18,2026-04-25 16:11:51,in_store,,1,49.99,0.0,49.99
O004435,C01304,S22,2026-04-25 16:37:11,in_store,,2,439.98,0.0,439.98
O004436,C00484,S01,2026-04-25 16:56:00,in_store,,1,29.99,0.0,29.99
O004437,C00679,S05,2026-04-25 17:18:30,in_store,,2,209.98,0.0,209.98
O004438,C01076,S09,2026-04-25 18:34:20,in_store,,3,409.97,0.0,409.97
O004439,C00712,WEB,2026-04-25 19:26:42,online,PR-2026-03,2,224.98,3.75,221.23
O004440,C00882,WEB,2026-04-25 19:36:43,online,,2,599.98,0.0,599.98
O004441,C01024,S07,2026-04-26 14:37:39,in_store,PR-2026-03,5,434.95,7.5,427.45
O004442,C00368,WEB,2026-04-26 15:40:18,online,,2,319.98,0.0,319.98
O004443,C01237,S07,2026-04-26 15:53:53,in_store,,1,43.99,0.0,43.99
O004444,C00055,WEB,2026-04-26 15:59:26,online,PR-2026-03,2,239.98,36.0,203.98
O004445,C01212,WEB,2026-04-26 16:03:39,online,PR-2026-03,2,179.98,6.0,173.98
O004446,C00761,WEB,2026-04-26 17:14:47,online,,1,55.99,0.0,55.99
O004447,C01267,WEB,2026-04-26 17:54:20,online,,1,54.99,0.0,54.99
O004448,C01275,S21,2026-04-26 18:00:48,in_store,,1,59.99,0.0,59.99
O004449,C01089,S01,2026-04-26 20:31:41,in_store,,1,89.99,0.0,89.99
O004450,C01013,S13,2026-04-26 21:22:45,in_store,,3,599.97,0.0,599.97
O004451,C00706,WEB,2026-04-26 21:42:16,online,,1,49.99,0.0,49.99
O004452,C00919,S23,2026-04-27 10:21:18,in_store,,1,89.99,0.0,89.99
O004453,C00984,S07,2026-04-27 11:43:53,in_store,,1,39.99,0.0,39.99
O004454,C00434,S13,2026-04-27 12:26:15,in_store,,1,84.99,0.0,84.99
O004455,C01236,S21,2026-04-27 12:53:57,in_store,,1,349.99,0.0,349.99
O004456,C00931,S14,2026-04-27 14:21:21,in_store,,3,191.97,0.0,191.97
O004457,C01303,WEB,2026-04-27 16:41:34,online,,1,299.99,0.0,299.99
O004458,C00286,S15,2026-04-27 16:42:31,in_store,,1,59.99,0.0,59.99
O004459,C01271,S09,2026-04-27 18:25:20,in_store,,1,14.99,0.0,14.99
O004460,C00883,S01,2026-04-27 18:36:42,in_store,,1,79.99,0.0,79.99
O004461,C01094,S13,2026-04-27 19:15:13,in_store,,2,114.98,0.0,114.98
O004462,C00070,WEB,2026-04-27 21:24:15,online,,1,29.99,0.0,29.99
O004463,C00790,WEB,2026-04-28 12:19:45,online,,3,169.97,0.0,169.97
O004464,C00214,S17,2026-04-28 12:53:32,in_store,,1,89.99,0.0,89.99
O004465,C00034,S13,2026-04-28 13:15:52,in_store,,3,119.97,0.0,119.97
O004466,C00563,S13,2026-04-28 13:28:32,in_store,,1,14.99,0.0,14.99
O004467,C00638,S13,2026-04-28 14:50:12,in_store,,2,129.98,0.0,129.98
O004468,C00509,S13,2026-04-28 17:10:07,in_store,,1,89.99,0.0,89.99
O004469,C00770,S20,2026-04-28 19:04:38,in_store,,2,218.98,0.0,218.98
O004470,C00096,WEB,2026-04-28 19:08:47,online,,5,529.95,0.0,529.95
O004471,C00457,S21,2026-04-28 19:47:40,in_store,,3,544.97,0.0,544.97
O004472,C01051,S06,2026-04-28 20:50:21,in_store,,1,169.99,0.0,169.99
O004473,C01076,S09,2026-04-29 10:27:46,in_store,,1,199.99,0.0,199.99
O004474,C01306,S21,2026-04-29 13:19:24,in_store,,1,129.99,0.0,129.99
O004475,C01136,S20,2026-04-29 14:30:10,in_store,,3,179.97,0.0,179.97
O004476,C00726,WEB,2026-04-29 18:34:04,online,,2,359.98,0.0,359.98
O004477,C00087,WEB,2026-04-29 18:54:38,online,,4,294.96,0.0,294.96
O004478,C01249,S17,2026-04-29 19:11:35,in_store,,1,59.99,0.0,59.99
O004479,C00097,S13,2026-04-30 11:14:50,in_store,,2,119.98,0.0,119.98
O004480,C00479,S19,2026-04-30 14:55:24,in_store,,4,194.96,0.0,194.96
O004481,C00343,S10,2026-04-30 17:51:46,in_store,,1,69.99,0.0,69.99
O004482,C01146,S22,2026-04-30 19:25:04,in_store,,3,189.97,0.0,189.97
O004483,C01307,S13,2026-04-30 19:43:16,in_store,,2,134.98,0.0,134.98
O004484,C00374,S21,2026-04-30 20:19:40,in_store,,2,119.98,0.0,119.98
O004485,C00718,WEB,2026-05-01 08:43:32,online,PR-2026-04,1,199.99,24.0,175.99
O004486,C00809,S07,2026-05-01 09:35:54,in_store,,1,79.99,0.0,79.99
O004487,C00442,S13,2026-05-01 11:07:01,in_store,PR-2026-04,5,519.95,45.6,474.35
O004488,C00787,S19,2026-05-01 12:11:06,in_store,,1,79.99,0.0,79.99
O004489,C00882,WEB,2026-05-01 12:13:27,online,,3,339.97,0.0,339.97
O004490,C01031,S05,2026-05-01 12:23:17,in_store,,2,389.98,0.0,389.98
O004491,C00414,S21,2026-05-01 13:15:12,in_store,PR-2026-04,2,199.98,12.0,187.98
O004492,C00849,S13,2026-05-01 13:26:08,in_store,PR-2026-04,1,19.99,2.4,17.59
O004493,C00765,S03,2026-05-01 13:50:04,in_store,,3,184.97,0.0,184.97
O004494,C01193,S09,2026-05-01 13:52:12,in_store,,3,299.97,0.0,299.97
O004495,C01246,S06,2026-05-01 15:35:10,in_store,,1,199.99,0.0,199.99
O004496,C00025,S13,2026-05-01 17:25:25,in_store,,1,89.99,0.0,89.99
O004497,C01006,S14,2026-05-01 17:50:30,in_store,,1,79.99,0.0,79.99
O004498,C00841,S01,2026-05-01 17:56:07,in_store,PR-2026-04,7,398.93,14.4,384.53
O004499,C00924,S05,2026-05-01 18:16:47,in_store,,1,49.99,0.0,49.99
O004500,C00838,WEB,2026-05-01 19:01:08,online,,2,109.98,0.0,109.98
O004501,C00550,WEB,2026-05-01 21:35:28,online,,5,529.95,0.0,529.95
O004502,C00009,WEB,2026-05-02 09:09:05,online,,2,139.98,0.0,139.98
O004503,C01159,S09,2026-05-02 17:18:49,in_store,,2,139.98,0.0,139.98
O004504,C00615,S13,2026-05-02 17:34:24,in_store,,1,899.99,0.0,899.99
O004505,C01128,S03,2026-05-02 18:14:25,in_store,,3,174.97,0.0,174.97
O004506,C00436,S03,2026-05-02 19:53:13,in_store,,1,79.99,0.0,79.99
O004507,C00044,S10,2026-05-03 10:21:49,in_store,,1,24.99,0.0,24.99
O004508,C01080,S06,2026-05-03 10:37:41,in_store,,3,858.97,0.0,858.97
O004509,C01299,S03,2026-05-03 10:41:11,in_store,,2,99.98,0.0,99.98
O004510,C00115,S23,2026-05-03 12:33:45,in_store,,4,519.96,0.0,519.96
O004511,C00672,S01,2026-05-03 13:36:17,in_store,,1,94.99,0.0,94.99
O004512,C00848,S01,2026-05-03 14:36:14,in_store,,1,1299.99,0.0,1299.99
O004513,C00556,S03,2026-05-03 14:43:15,in_store,,1,49.99,0.0,49.99
O004514,C00665,S04,2026-05-03 15:08:43,in_store,,3,259.97,0.0,259.97
O004515,C00158,S10,2026-05-03 17:28:15,in_store,,1,14.99,0.0,14.99
O004516,C00772,S23,2026-05-03 18:02:49,in_store,,3,189.97,0.0,189.97
O004517,C00462,S11,2026-05-03 19:11:26,in_store,,3,249.97,0.0,249.97
O004518,C01212,S05,2026-05-03 19:34:47,in_store,,5,639.95,0.0,639.95
O004519,C01250,S12,2026-05-04 10:31:54,in_store,,1,49.99,0.0,49.99
O004520,C00399,S07,2026-05-04 10:51:49,in_store,,2,79.98,0.0,79.98
O004521,C01166,S11,2026-05-04 11:10:16,in_store,,1,79.99,0.0,79.99
O004522,C00956,S07,2026-05-04 12:00:16,in_store,,1,39.99,0.0,39.99
O004523,C00393,S20,2026-05-04 16:33:52,in_store,,4,259.96,0.0,259.96
O004524,C00076,S21,2026-05-04 16:48:44,in_store,,1,149.99,0.0,149.99
O004525,C00422,S11,2026-05-04 19:53:08,in_store,,1,79.99,0.0,79.99
O004526,C01122,WEB,2026-05-04 23:51:28,online,,1,119.99,0.0,119.99
O004527,C00044,S07,2026-05-05 09:05:48,in_store,,1,79.99,0.0,79.99
O004528,C00802,S24,2026-05-05 10:07:25,in_store,PR-2026-04,2,118.98,4.68,114.3
O004529,C00431,S10,2026-05-05 14:26:12,in_store,,1,349.99,0.0,349.99
O004530,C01061,WEB,2026-05-05 15:58:19,online,,2,148.98,0.0,148.98
O004531,C01220,S21,2026-05-05 16:28:56,in_store,,1,49.99,0.0,49.99
O004532,C00293,S17,2026-05-05 17:02:16,in_store,,3,449.97,0.0,449.97
O004533,C00969,WEB,2026-05-05 20:01:23,online,,1,49.99,0.0,49.99
O004534,C00165,S02,2026-05-05 20:18:00,in_store,,1,149.99,0.0,149.99
O004535,C00837,WEB,2026-05-06 09:02:09,online,,2,99.98,0.0,99.98
O004536,C01308,S23,2026-05-06 11:53:33,in_store,,1,139.99,0.0,139.99
O004537,C00782,S13,2026-05-06 12:14:49,in_store,,1,58.99,0.0,58.99
O004538,C01051,WEB,2026-05-06 12:22:09,online,,1,29.99,0.0,29.99
O004539,C00984,S07,2026-05-06 13:02:02,in_store,,2,329.98,0.0,329.98
O004540,C00037,S13,2026-05-06 13:11:15,in_store,,1,79.99,0.0,79.99
O004541,C00907,S13,2026-05-06 13:16:13,in_store,,2,79.98,0.0,79.98
O004542,C00188,S13,2026-05-06 13:46:56,in_store,,1,139.99,0.0,139.99
O004543,C01219,S12,2026-05-06 14:54:50,in_store,,1,79.99,0.0,79.99
O004544,C00457,S21,2026-05-06 17:55:48,in_store,,1,39.99,0.0,39.99
O004545,C00679,S05,2026-05-07 10:19:06,in_store,,1,59.99,0.0,59.99
O004546,C00667,S01,2026-05-07 12:06:52,in_store,,1,39.99,0.0,39.99
O004547,C00014,S20,2026-05-07 14:03:55,in_store,,1,169.99,0.0,169.99
O004548,C00688,S05,2026-05-07 15:50:23,in_store,,3,409.97,0.0,409.97
O004549,C00616,S13,2026-05-07 16:59:58,in_store,,2,119.98,0.0,119.98
O004550,C01257,S13,2026-05-07 17:53:49,in_store,,2,139.98,0.0,139.98
O004551,C01061,WEB,2026-05-07 19:06:15,online,PR-2026-04,5,485.95,3.6,482.35
O004552,C00643,S06,2026-05-07 19:12:13,in_store,,1,349.99,0.0,349.99
O004553,C00727,S17,2026-05-07 19:25:55,in_store,,1,139.99,0.0,139.99
O004554,C00462,S07,2026-05-07 20:32:28,in_store,,4,643.96,0.0,643.96
O004555,C01310,WEB,2026-05-07 21:37:28,online,,1,25.99,0.0,25.99
O004556,C00937,S18,2026-05-08 09:21:09,in_store,,2,159.98,0.0,159.98
O004557,C00733,S07,2026-05-08 10:11:20,in_store,,2,59.98,0.0,59.98
O004558,C00220,WEB,2026-05-08 12:23:36,online,,1,59.99,0.0,59.99
O004559,C00399,S07,2026-05-08 13:05:04,in_store,,1,199.99,0.0,199.99
O004560,C00881,S12,2026-05-08 13:29:01,in_store,,1,89.99,0.0,89.99
O004561,C00124,S01,2026-05-08 14:53:17,in_store,,1,79.99,0.0,79.99
O004562,C01187,S06,2026-05-08 16:10:11,in_store,,1,39.99,0.0,39.99
O004563,C00013,S14,2026-05-08 17:05:30,in_store,PR-2026-04,2,229.98,3.6,226.38
O004564,C01259,S20,2026-05-08 17:08:51,in_store,,2,279.98,0.0,279.98
O004565,C00671,S16,2026-05-08 17:38:45,in_store,,2,229.98,0.0,229.98
O004566,C00696,WEB,2026-05-08 19:24:17,online,PR-2026-04,1,99.99,12.0,87.99
O004567,C00582,S08,2026-05-08 19:27:36,in_store,,1,55.99,0.0,55.99
O004568,C00449,S17,2026-05-08 20:56:22,in_store,,2,219.98,0.0,219.98
O004569,C00579,WEB,2026-05-08 22:20:13,online,,4,378.96,0.0,378.96
O004570,C01166,S11,2026-05-09 10:14:25,in_store,,3,138.97,0.0,138.97
O004571,C01313,S21,2026-05-09 10:21:49,in_store,PR-2026-04,4,599.96,64.8,535.16
O004572,C01312,S19,2026-05-09 14:10:51,in_store,,1,79.99,0.0,79.99
O004573,C01159,S09,2026-05-09 14:26:34,in_store,,2,129.98,0.0,129.98
O004574,C00565,S07,2026-05-09 15:55:02,in_store,,1,179.99,0.0,179.99
O004575,C01311,S21,2026-05-09 16:10:44,in_store,,2,119.98,0.0,119.98
O004576,C00643,S02,2026-05-09 16:16:38,in_store,,1,599.99,0.0,599.99
O004577,C00817,S07,2026-05-09 16:52:37,in_store,,1,29.99,0.0,29.99
O004578,C00682,WEB,2026-05-09 17:20:59,online,,3,89.97,0.0,89.97
O004579,C00893,S22,2026-05-09 18:20:16,in_store,,1,179.99,0.0,179.99
O004580,C00044,S10,2026-05-09 21:06:00,in_store,PR-2026-04,1,19.99,2.4,17.59
O004581,C00399,WEB,2026-05-10 08:24:19,online,PR-2026-04,1,59.99,7.2,52.79
O004582,C00907,S15,2026-05-10 12:22:15,in_store,,1,299.99,0.0,299.99
O004583,C01182,S04,2026-05-10 12:33:24,in_store,,1,49.99,0.0,49.99
O004584,C00467,S13,2026-05-10 12:51:03,in_store,,1,89.99,0.0,89.99
O004585,C01173,S18,2026-05-10 13:17:35,in_store,,1,79.99,0.0,79.99
O004586,C00188,S13,2026-05-10 13:18:33,in_store,,3,379.97,0.0,379.97
O004587,C01315,S14,2026-05-10 13:21:12,in_store,PR-2026-04,5,545.95,48.0,497.95
O004588,C00617,S21,2026-05-10 14:42:37,in_store,,1,299.99,0.0,299.99
O004589,C01230,WEB,2026-05-10 18:14:25,online,,1,39.99,0.0,39.99
O004590,C00712,WEB,2026-05-10 19:14:59,online,,1,55.99,0.0,55.99
O004591,C01246,S06,2026-05-10 19:22:09,in_store,,2,129.98,0.0,129.98
O004592,C00552,WEB,2026-05-10 19:58:10,online,,1,199.99,0.0,199.99
O004593,C00787,S21,2026-05-10 20:58:53,in_store,,1,49.99,0.0,49.99
O004594,C00879,WEB,2026-05-11 08:45:21,online,,1,94.99,0.0,94.99
O004595,C01317,S02,2026-05-11 10:13:07,in_store,,2,159.98,0.0,159.98
O004596,C00176,WEB,2026-05-11 11:30:20,online,,1,55.99,0.0,55.99
O004597,C01316,S21,2026-05-11 11:53:24,in_store,,3,279.97,0.0,279.97
O004598,C00286,S15,2026-05-11 12:00:38,in_store,,1,299.99,0.0,299.99
O004599,C00178,S03,2026-05-11 12:18:20,in_store,,2,699.98,0.0,699.98
O004600,C01161,S02,2026-05-11 13:07:14,in_store,,1,69.99,0.0,69.99
O004601,C00814,S21,2026-05-11 16:07:59,in_store,,2,289.98,0.0,289.98
O004602,C01115,S12,2026-05-11 16:57:30,in_store,,1,49.99,0.0,49.99
O004603,C00296,S22,2026-05-11 17:37:59,in_store,,1,59.99,0.0,59.99
O004604,C00770,S22,2026-05-11 17:41:05,in_store,,3,117.97,0.0,117.97
O004605,C00581,WEB,2026-05-11 18:51:45,online,,1,59.99,0.0,59.99
O004606,C01219,S12,2026-05-11 19:09:42,in_store,,1,54.99,0.0,54.99
O004607,C01147,S21,2026-05-11 19:22:03,in_store,,2,77.98,0.0,77.98
O004608,C00727,S17,2026-05-11 20:09:13,in_store,,1,349.99,0.0,349.99
O004609,C00502,WEB,2026-05-11 21:11:43,online,,2,154.98,0.0,154.98
O004610,C00852,WEB,2026-05-11 23:20:17,online,,1,79.99,0.0,79.99
O004611,C01057,WEB,2026-05-12 09:05:12,online,,2,139.98,0.0,139.98
O004612,C00903,S06,2026-05-12 12:23:17,in_store,,1,59.99,0.0,59.99
O004613,C00399,S07,2026-05-12 12:47:13,in_store,,5,419.95,0.0,419.95
O004614,C01053,WEB,2026-05-12 13:56:12,online,,1,99.99,0.0,99.99
O004615,C00933,WEB,2026-05-12 14:27:05,online,,1,449.99,0.0,449.99
O004616,C00281,S02,2026-05-12 15:37:52,in_store,,1,79.99,0.0,79.99
O004617,C00764,S17,2026-05-12 15:38:14,in_store,,1,299.99,0.0,299.99
O004618,C01151,S16,2026-05-12 16:24:13,in_store,,2,189.98,0.0,189.98
O004619,C00670,S05,2026-05-12 17:28:07,in_store,,1,89.99,0.0,89.99
O004620,C00694,S07,2026-05-12 18:45:11,in_store,,2,154.98,0.0,154.98
O004621,C00844,WEB,2026-05-12 18:50:12,online,,1,199.99,0.0,199.99
O004622,C00527,S16,2026-05-12 18:58:19,in_store,,1,59.99,0.0,59.99
O004623,C00776,WEB,2026-05-12 20:00:04,online,,2,99.98,0.0,99.98
O004624,C01319,WEB,2026-05-12 23:00:21,online,,3,559.97,0.0,559.97
O004625,C00387,S15,2026-05-13 10:55:22,in_store,,2,339.98,0.0,339.98
O004626,C01322,S13,2026-05-13 11:03:45,in_store,,2,49.98,0.0,49.98
O004627,C00636,S01,2026-05-13 11:20:32,in_store,,4,404.96,0.0,404.96
O004628,C01321,WEB,2026-05-13 13:47:18,online,,1,129.99,0.0,129.99
O004629,C00789,S09,2026-05-13 15:15:24,in_store,,1,69.99,0.0,69.99
O004630,C01187,WEB,2026-05-13 16:44:23,online,,1,299.99,0.0,299.99
O004631,C01203,S11,2026-05-13 17:53:23,in_store,,2,529.98,0.0,529.98
O004632,C01294,WEB,2026-05-13 21:11:35,online,,2,279.98,0.0,279.98
O004633,C00079,WEB,2026-05-13 22:50:25,online,,1,79.99,0.0,79.99
O004634,C00085,S13,2026-05-14 12:11:25,in_store,,1,139.99,0.0,139.99
O004635,C00531,S03,2026-05-14 12:55:29,in_store,,1,39.99,0.0,39.99
O004636,C00320,S12,2026-05-14 13:40:40,in_store,,1,89.99,0.0,89.99
O004637,C00830,S07,2026-05-14 14:05:17,in_store,,3,194.97,0.0,194.97
O004638,C00195,S06,2026-05-14 15:48:57,in_store,,1,189.99,0.0,189.99
O004639,C00742,S15,2026-05-14 16:24:00,in_store,,1,128.99,0.0,128.99
O004640,C00848,S05,2026-05-14 18:16:13,in_store,,1,19.99,0.0,19.99
O004641,C00838,WEB,2026-05-14 21:44:58,online,,3,319.97,0.0,319.97
O004642,C01297,WEB,2026-05-14 22:04:40,online,,4,289.96,0.0,289.96
O004643,C00959,S13,2026-05-15 11:17:57,in_store,,2,529.98,0.0,529.98
O004644,C00495,S01,2026-05-15 11:56:59,in_store,,1,39.99,0.0,39.99
O004645,C00340,WEB,2026-05-15 13:12:48,online,,1,14.99,0.0,14.99
O004646,C00465,WEB,2026-05-15 14:11:24,online,,1,84.99,0.0,84.99
O004647,C01274,S16,2026-05-15 14:39:51,in_store,,2,379.98,0.0,379.98
O004648,C01125,S01,2026-05-15 16:11:36,in_store,,1,169.99,0.0,169.99
O004649,C01147,S21,2026-05-15 18:30:25,in_store,,1,59.99,0.0,59.99
O004650,C01325,WEB,2026-05-15 19:37:34,online,,1,19.99,0.0,19.99
O004651,C00296,WEB,2026-05-15 19:52:09,online,,1,399.99,0.0,399.99
O004652,C00396,WEB,2026-05-15 20:09:28,online,,1,899.99,0.0,899.99
O004653,C00340,WEB,2026-05-16 09:02:29,online,,3,219.97,0.0,219.97
O004654,C01255,S06,2026-05-16 09:16:25,in_store,,1,89.99,0.0,89.99
O004655,C00649,WEB,2026-05-16 09:56:06,online,,1,83.99,0.0,83.99
O004656,C01061,WEB,2026-05-16 10:21:53,online,,1,449.99,0.0,449.99
O004657,C01326,WEB,2026-05-16 10:46:11,online,,1,49.99,0.0,49.99
O004658,C00597,S22,2026-05-16 12:28:07,in_store,,1,139.99,0.0,139.99
O004659,C00106,S13,2026-05-16 12:31:27,in_store,,1,19.99,0.0,19.99
O004660,C01299,WEB,2026-05-16 14:58:55,online,,4,339.96,0.0,339.96
O004661,C00918,WEB,2026-05-16 16:05:38,online,,1,38.99,0.0,38.99
O004662,C00614,WEB,2026-05-16 22:15:03,online,,1,14.99,0.0,14.99
O004663,C00545,S13,2026-05-17 11:07:13,in_store,,1,38.99,0.0,38.99
O004664,C00113,S13,2026-05-17 11:26:21,in_store,,1,39.99,0.0,39.99
O004665,C00767,S10,2026-05-17 11:45:28,in_store,,1,79.99,0.0,79.99
O004666,C00082,WEB,2026-05-17 12:08:45,online,,1,99.99,0.0,99.99
O004667,C00602,S01,2026-05-17 12:24:23,in_store,,2,149.98,0.0,149.98
O004668,C00930,WEB,2026-05-17 12:35:03,online,,1,24.99,0.0,24.99
O004669,C01328,S11,2026-05-17 13:35:37,in_store,,2,99.98,0.0,99.98
O004670,C01327,S06,2026-05-17 14:00:07,in_store,,1,49.99,0.0,49.99
O004671,C00998,S01,2026-05-17 15:45:26,in_store,,2,789.98,0.0,789.98
O004672,C00713,S10,2026-05-17 16:45:20,in_store,,4,129.96,0.0,129.96
O004673,C00762,WEB,2026-05-17 17:32:54,online,,2,44.98,0.0,44.98
O004674,C00044,S09,2026-05-17 17:35:28,in_store,,1,55.99,0.0,55.99
O004675,C01204,S24,2026-05-17 18:32:53,in_store,,2,159.98,0.0,159.98
O004676,C00506,S13,2026-05-17 19:11:42,in_store,,2,169.98,0.0,169.98
O004677,C00697,S08,2026-05-17 19:26:05,in_store,,2,129.98,0.0,129.98
O004678,C00034,WEB,2026-05-17 20:28:31,online,,1,39.99,0.0,39.99
O004679,C00008,WEB,2026-05-17 20:57:42,online,,1,89.99,0.0,89.99
O004680,C00552,WEB,2026-05-17 21:00:55,online,,3,199.97,0.0,199.97
O004681,C00795,S03,2026-05-17 21:04:54,in_store,,1,99.99,0.0,99.99
O004682,C01331,S04,2026-05-18 14:28:45,in_store,,2,159.98,0.0,159.98
O004683,C00253,S11,2026-05-18 14:37:57,in_store,,1,58.99,0.0,58.99
O004684,C01204,S24,2026-05-18 16:03:56,in_store,,1,79.99,0.0,79.99
O004685,C01334,S08,2026-05-18 16:37:19,in_store,,2,234.98,0.0,234.98
O004686,C00076,S21,2026-05-18 18:20:05,in_store,,1,55.99,0.0,55.99
O004687,C00880,WEB,2026-05-19 08:31:25,online,,6,377.94,0.0,377.94
O004688,C01336,S06,2026-05-19 10:15:53,in_store,,1,449.99,0.0,449.99
O004689,C00140,WEB,2026-05-19 12:31:01,online,,2,154.98,0.0,154.98
O004690,C01190,S05,2026-05-19 12:38:03,in_store,,3,469.97,0.0,469.97
O004691,C00879,S08,2026-05-19 13:34:08,in_store,,1,43.99,0.0,43.99
O004692,C00672,S06,2026-05-19 14:15:21,in_store,,4,1584.96,0.0,1584.96
O004693,C00327,WEB,2026-05-19 16:49:33,online,,1,128.99,0.0,128.99
O004694,C00387,S16,2026-05-19 16:50:40,in_store,,3,229.97,0.0,229.97
O004695,C01163,S02,2026-05-19 16:58:51,in_store,,1,89.99,0.0,89.99
O004696,C01174,S22,2026-05-19 17:08:10,in_store,,2,89.98,0.0,89.98
O004697,C01332,S01,2026-05-19 18:16:54,in_store,,3,769.97,0.0,769.97
O004698,C01272,WEB,2026-05-19 21:55:15,online,,2,159.98,0.0,159.98
O004699,C00500,WEB,2026-05-20 08:30:53,online,,1,89.99,0.0,89.99
O004700,C00369,S07,2026-05-20 10:55:48,in_store,,1,169.99,0.0,169.99
O004701,C00612,S14,2026-05-20 13:17:38,in_store,,2,185.98,0.0,185.98
O004702,C00120,S20,2026-05-20 13:50:26,in_store,,2,479.98,0.0,479.98
O004703,C01257,S13,2026-05-20 15:35:11,in_store,,1,59.99,0.0,59.99
O004704,C01330,S23,2026-05-20 15:52:46,in_store,,1,19.99,0.0,19.99
O004705,C01051,S06,2026-05-20 18:04:17,in_store,,1,399.99,0.0,399.99
O004706,C00094,S21,2026-05-20 18:33:01,in_store,,1,79.99,0.0,79.99
O004707,C01233,WEB,2026-05-20 20:41:53,online,,1,199.99,0.0,199.99
O004708,C00565,S09,2026-05-21 11:44:21,in_store,PR-2026-05,4,364.96,73.0,291.96
O004709,C01246,S06,2026-05-21 12:59:37,in_store,,2,249.98,0.0,249.98
O004710,C00495,S01,2026-05-21 14:06:51,in_store,,3,629.97,0.0,629.97
O004711,C00068,S21,2026-05-21 16:10:26,in_store,PR-2026-05,2,219.98,44.0,175.98
O004712,C00096,S21,2026-05-21 17:29:22,in_store,PR-2026-05,1,55.99,11.2,44.79
O004713,C00114,S09,2026-05-21 18:17:16,in_store,,1,19.99,0.0,19.99
O004714,C00870,S21,2026-05-21 19:05:47,in_store,PR-2026-05,2,169.98,34.0,135.98
O004715,C00317,S11,2026-05-21 19:31:22,in_store,PR-2026-05,1,55.99,11.2,44.79
O004716,C00946,WEB,2026-05-21 21:26:45,online,PR-2026-05,1,449.99,90.0,359.99
O004717,C01339,WEB,2026-05-21 21:59:02,online,,3,144.97,0.0,144.97
O004718,C01057,WEB,2026-05-21 23:28:04,online,,2,78.98,0.0,78.98
O004719,C00445,WEB,2026-05-22 09:18:53,online,,1,199.99,0.0,199.99
O004720,C00427,S19,2026-05-22 10:39:00,in_store,PR-2026-05,2,209.98,42.0,167.98
O004721,C00590,WEB,2026-05-22 11:21:40,online,PR-2026-05,1,83.99,16.8,67.19
O004722,C00420,S05,2026-05-22 11:47:13,in_store,PR-2026-05,3,153.97,30.8,123.17
O004723,C00615,S14,2026-05-22 13:35:25,in_store,,2,44.98,0.0,44.98
O004724,C00343,S10,2026-05-22 14:10:33,in_store,,2,269.98,0.0,269.98
O004725,C00581,S09,2026-05-22 16:07:21,in_store,,1,49.99,0.0,49.99
O004726,C00566,S22,2026-05-22 16:22:58,in_store,PR-2026-05,2,39.98,8.0,31.98
O004727,C00317,S11,2026-05-22 16:59:08,in_store,PR-2026-05,2,109.98,22.0,87.98
O004728,C00336,S18,2026-05-22 17:36:30,in_store,,2,169.98,0.0,169.98
O004729,C01232,S24,2026-05-22 17:57:34,in_store,,1,79.99,0.0,79.99
O004730,C00076,S21,2026-05-22 18:53:21,in_store,PR-2026-05,3,459.97,92.0,367.97
O004731,C00642,S09,2026-05-22 19:00:04,in_store,,1,49.99,0.0,49.99
O004732,C01289,WEB,2026-05-22 19:31:52,online,PR-2026-05,3,328.97,65.8,263.17
O004733,C01240,S22,2026-05-23 09:17:53,in_store,PR-2026-05,2,98.98,19.8,79.18
O004734,C00188,S13,2026-05-23 12:01:36,in_store,,2,329.98,0.0,329.98
O004735,C01343,S05,2026-05-23 12:10:06,in_store,PR-2026-05,3,163.97,32.8,131.17
O004736,C00901,S15,2026-05-23 12:18:56,in_store,PR-2026-05,2,159.98,32.0,127.98
O004737,C01344,S16,2026-05-23 12:27:04,in_store,,2,69.98,0.0,69.98
O004738,C01020,S19,2026-05-23 14:01:37,in_store,PR-2026-05,4,748.96,149.8,599.16
O004739,C01186,S11,2026-05-23 14:53:15,in_store,PR-2026-05,1,349.99,70.0,279.99
O004740,C00748,S23,2026-05-23 16:06:50,in_store,PR-2026-05,1,79.99,16.0,63.99
O004741,C01341,WEB,2026-05-23 16:35:49,online,PR-2026-05,2,44.98,9.0,35.98
O004742,C01134,S21,2026-05-23 16:56:22,in_store,,3,309.97,0.0,309.97
O004743,C00156,S18,2026-05-23 17:03:32,in_store,PR-2026-05,1,119.99,24.0,95.99
O004744,C00378,S18,2026-05-23 18:39:53,in_store,,1,69.99,0.0,69.99
O004745,C01255,S06,2026-05-23 18:42:35,in_store,PR-2026-05,4,410.96,82.2,328.76
O004746,C00550,S21,2026-05-23 20:58:34,in_store,PR-2026-05,2,209.98,42.0,167.98
O004747,C00008,WEB,2026-05-23 21:32:57,online,PR-2026-05,1,79.99,16.0,63.99
O004748,C00536,WEB,2026-05-23 22:12:12,online,PR-2026-05,1,189.99,38.0,151.99
O004749,C00435,WEB,2026-05-23 23:32:53,online,PR-2026-05,2,499.98,100.0,399.98
O004750,C00142,S21,2026-05-24 10:26:51,in_store,,1,79.99,0.0,79.99
O004751,C00365,S05,2026-05-24 11:58:49,in_store,PR-2026-05,1,58.99,11.8,47.19
O004752,C01347,S14,2026-05-24 12:05:25,in_store,,1,39.99,0.0,39.99
O004753,C00807,S20,2026-05-24 12:49:10,in_store,PR-2026-05,2,369.98,74.0,295.98
O004754,C00735,S19,2026-05-24 14:00:29,in_store,PR-2026-05,1,399.99,80.0,319.99
O004755,C00742,S15,2026-05-24 15:24:59,in_store,,1,89.99,0.0,89.99
O004756,C00013,WEB,2026-05-24 17:20:56,online,,1,129.99,0.0,129.99
O004757,C01315,S18,2026-05-24 17:22:24,in_store,PR-2026-05,2,109.98,22.0,87.98
O004758,C00908,WEB,2026-05-24 19:44:54,online,PR-2026-05,1,79.99,16.0,63.99
O004759,C00052,WEB,2026-05-24 19:46:19,online,,1,59.99,0.0,59.99
O004760,C00509,S13,2026-05-24 19:47:56,in_store,,3,1239.97,0.0,1239.97
O004761,C00026,S17,2026-05-24 20:23:20,in_store,,1,19.99,0.0,19.99
O004762,C01346,S20,2026-05-24 20:56:11,in_store,PR-2026-05,1,49.99,10.0,39.99
O004763,C00192,S01,2026-05-25 13:06:57,in_store,PR-2026-05,1,79.99,16.0,63.99
O004764,C01212,S05,2026-05-25 13:28:27,in_store,,2,119.98,0.0,119.98
O004765,C01349,WEB,2026-05-25 14:00:55,online,PR-2026-05,2,464.98,93.0,371.98
O004766,C01281,S21,2026-05-25 14:36:48,in_store,PR-2026-05,2,379.98,76.0,303.98
O004767,C00055,WEB,2026-05-25 14:49:32,online,PR-2026-05,3,229.97,46.0,183.97
O004768,C01057,S07,2026-05-25 15:14:47,in_store,PR-2026-05,2,159.98,32.0,127.98
O004769,C00454,S23,2026-05-25 15:52:10,in_store,PR-2026-05,1,59.99,12.0,47.99
O004770,C00252,S05,2026-05-25 17:40:06,in_store,,1,99.99,0.0,99.99
O004771,C00827,S07,2026-05-25 17:53:17,in_store,PR-2026-05,1,14.99,3.0,11.99
O004772,C01061,WEB,2026-05-25 19:39:56,online,PR-2026-05,1,58.99,11.8,47.19
O004773,C00385,WEB,2026-05-25 21:03:15,online,,2,129.98,0.0,129.98
O004774,C00445,WEB,2026-05-25 21:38:50,online,PR-2026-05,2,429.98,86.0,343.98
O004775,C00610,S16,2026-05-26 09:02:04,in_store,,3,409.97,0.0,409.97
O004776,C00254,S21,2026-05-26 09:20:00,in_store,,3,110.97,0.0,110.97
O004777,C01350,S13,2026-05-26 11:05:47,in_store,,2,509.98,0.0,509.98
O004778,C01351,WEB,2026-05-26 11:05:55,online,,1,19.99,0.0,19.99
O004779,C01243,S19,2026-05-26 12:07:43,in_store,,1,349.99,0.0,349.99
O004780,C00132,S02,2026-05-26 12:35:29,in_store,,1,29.99,0.0,29.99
O004781,C00827,S07,2026-05-26 12:57:31,in_store,,2,148.98,0.0,148.98
O004782,C01020,WEB,2026-05-26 16:49:50,online,,1,44.99,0.0,44.99
O004783,C00221,S06,2026-05-26 17:21:08,in_store,,1,34.99,0.0,34.99
O004784,C00019,S20,2026-05-26 17:43:05,in_store,,1,149.99,0.0,149.99
O004785,C01147,S21,2026-05-26 18:19:38,in_store,,1,79.99,0.0,79.99
O004786,C00665,S04,2026-05-26 21:00:31,in_store,,1,19.99,0.0,19.99
O004787,C01285,WEB,2026-05-26 22:54:08,online,,1,58.99,0.0,58.99
O004788,C01344,S16,2026-05-27 11:05:19,in_store,,2,549.98,0.0,549.98
O004789,C00950,S19,2026-05-27 13:37:01,in_store,,1,29.99,0.0,29.99
O004790,C00519,S16,2026-05-27 14:40:37,in_store,,1,119.99,0.0,119.99
O004791,C00805,S15,2026-05-27 15:05:30,in_store,,1,99.99,0.0,99.99
O004792,C01205,S13,2026-05-27 17:03:13,in_store,,3,299.97,0.0,299.97
O004793,C01183,S12,2026-05-27 17:05:51,in_store,,1,449.99,0.0,449.99
O004794,C01352,S12,2026-05-27 18:26:25,in_store,,1,19.99,0.0,19.99
O004795,C00247,S13,2026-05-28 09:20:46,in_store,,1,49.99,0.0,49.99
O004796,C00132,S02,2026-05-28 10:13:48,in_store,,1,49.99,0.0,49.99
O004797,C00079,WEB,2026-05-28 11:02:27,online,,1,59.99,0.0,59.99
O004798,C00838,WEB,2026-05-28 12:38:28,online,,3,264.97,0.0,264.97
O004799,C00670,S05,2026-05-28 14:22:56,in_store,,2,139.98,0.0,139.98
O004800,C00781,S19,2026-05-28 15:55:42,in_store,,1,89.99,0.0,89.99
O004801,C00839,S13,2026-05-28 16:53:49,in_store,,1,349.99,0.0,349.99
O004802,C01353,S03,2026-05-28 17:34:48,in_store,,1,449.99,0.0,449.99
O004803,C00456,WEB,2026-05-28 22:27:40,online,,1,449.99,0.0,449.99
O004804,C00764,S17,2026-05-29 10:09:49,in_store,,1,189.99,0.0,189.99
O004805,C01076,S09,2026-05-29 11:28:16,in_store,,1,49.99,0.0,49.99
O004806,C01092,S22,2026-05-29 12:07:39,in_store,,4,269.96,0.0,269.96
O004807,C00717,S21,2026-05-29 15:22:35,in_store,,1,79.99,0.0,79.99
O004808,C00911,S07,2026-05-29 17:13:34,in_store,,1,129.99,0.0,129.99
O004809,C00073,S07,2026-05-29 17:23:40,in_store,,1,89.99,0.0,89.99
O004810,C01343,S05,2026-05-29 18:14:28,in_store,,1,29.99,0.0,29.99
O004811,C00137,S01,2026-05-29 19:32:32,in_store,,2,39.98,0.0,39.98
O004812,C00706,WEB,2026-05-29 19:45:21,online,,2,179.98,0.0,179.98
O004813,C01230,WEB,2026-05-29 20:09:15,online,,1,129.99,0.0,129.99
O004814,C00488,S23,2026-05-30 10:09:40,in_store,,2,179.98,0.0,179.98
O004815,C00008,S22,2026-05-30 10:22:59,in_store,,3,44.97,0.0,44.97
O004816,C00030,S19,2026-05-30 11:16:34,in_store,,1,89.99,0.0,89.99
O004817,C01331,WEB,2026-05-30 13:34:49,online,,1,229.99,0.0,229.99
O004818,C00725,S03,2026-05-30 14:26:33,in_store,,1,49.99,0.0,49.99
O004819,C01032,S20,2026-05-30 15:50:14,in_store,,5,579.95,0.0,579.95
O004820,C00919,S20,2026-05-30 16:19:30,in_store,,1,29.99,0.0,29.99
O004821,C00848,S05,2026-05-30 16:59:55,in_store,,1,14.99,0.0,14.99
O004822,C00435,WEB,2026-05-30 17:34:36,online,,2,169.98,0.0,169.98
O004823,C01356,S12,2026-05-30 20:02:29,in_store,,3,339.97,0.0,339.97
O004824,C00751,WEB,2026-05-31 10:18:58,online,,3,359.97,0.0,359.97
O004825,C00492,S01,2026-05-31 10:49:15,in_store,,1,79.99,0.0,79.99
O004826,C00720,S03,2026-05-31 12:04:49,in_store,,1,24.99,0.0,24.99
O004827,C00593,S08,2026-05-31 12:07:11,in_store,,4,234.96,0.0,234.96
O004828,C00958,S21,2026-05-31 13:06:01,in_store,,1,49.99,0.0,49.99
O004829,C00849,S13,2026-05-31 13:35:08,in_store,,1,119.99,0.0,119.99
O004830,C01018,S21,2026-05-31 13:54:15,in_store,,2,99.98,0.0,99.98
O004831,C00306,S14,2026-05-31 15:21:40,in_store,,1,69.99,0.0,69.99
O004832,C01357,S01,2026-05-31 17:27:33,in_store,,3,589.97,0.0,589.97
O004833,C00184,WEB,2026-05-31 17:28:20,online,,1,89.99,0.0,89.99
O004834,C01122,WEB,2026-05-31 19:00:30,online,,1,49.99,0.0,49.99
O004835,C01173,S18,2026-05-31 19:23:42,in_store,,1,449.99,0.0,449.99
O004836,C01317,S02,2026-05-31 19:23:52,in_store,,4,338.96,0.0,338.96
O004837,C01358,S13,2026-05-31 19:51:39,in_store,,2,79.98,0.0,79.98
O004838,C00434,S18,2026-05-31 20:19:15,in_store,,1,89.99,0.0,89.99
O004839,C01123,WEB,2026-05-31 21:41:11,online,,1,29.99,0.0,29.99
O004840,C00167,WEB,2026-05-31 22:49:23,online,,1,89.99,0.0,89.99
O004841,C00348,S13,2026-06-01 10:54:25,in_store,,1,39.99,0.0,39.99
O004842,C01224,WEB,2026-06-01 12:24:26,online,,2,269.98,0.0,269.98
O004843,C01008,S22,2026-06-01 12:32:21,in_store,,1,49.99,0.0,49.99
O004844,C01359,WEB,2026-06-01 12:43:15,online,,3,279.97,0.0,279.97
O004845,C01010,S14,2026-06-01 12:45:35,in_store,,1,59.99,0.0,59.99
O004846,C01342,WEB,2026-06-01 14:09:53,online,,2,129.98,0.0,129.98
O004847,C00844,S20,2026-06-01 14:55:08,in_store,,1,24.99,0.0,24.99
O004848,C00177,S09,2026-06-01 15:13:18,in_store,,4,259.96,0.0,259.96
O004849,C00665,S06,2026-06-01 17:11:59,in_store,,3,224.97,0.0,224.97
O004850,C00813,S21,2026-06-01 17:41:19,in_store,,2,59.98,0.0,59.98
O004851,C01125,S01,2026-06-01 17:42:32,in_store,,1,29.99,0.0,29.99
O004852,C01362,S07,2026-06-02 10:21:15,in_store,,1,49.99,0.0,49.99
O004853,C00767,S10,2026-06-02 11:25:56,in_store,,1,399.99,0.0,399.99
O004854,C00581,S09,2026-06-02 11:29:48,in_store,,1,79.99,0.0,79.99
O004855,C01361,S17,2026-06-02 12:12:00,in_store,,2,259.98,0.0,259.98
O004856,C00958,S21,2026-06-02 12:38:40,in_store,,1,89.99,0.0,89.99
O004857,C00259,S13,2026-06-02 13:28:45,in_store,,1,149.99,0.0,149.99
O004858,C00030,S22,2026-06-02 15:09:42,in_store,,1,49.99,0.0,49.99
O004859,C01253,S21,2026-06-02 18:18:34,in_store,,1,79.99,0.0,79.99
O004860,C00735,S21,2026-06-02 18:49:46,in_store,,2,219.98,0.0,219.98
O004861,C01003,S03,2026-06-02 19:18:39,in_store,,1,49.99,0.0,49.99
O004862,C01122,WEB,2026-06-02 19:20:54,online,,5,1049.95,0.0,1049.95
O004863,C00487,WEB,2026-06-02 19:28:34,online,,4,554.96,0.0,554.96
O004864,C00435,WEB,2026-06-02 20:37:17,online,,1,99.99,0.0,99.99
O004865,C01342,WEB,2026-06-02 22:34:16,online,,3,199.97,0.0,199.97
O004866,C00833,S01,2026-06-03 12:22:47,in_store,,2,139.98,0.0,139.98
O004867,C00556,S03,2026-06-03 13:00:17,in_store,,2,399.98,0.0,399.98
O004868,C00199,S19,2026-06-03 13:06:54,in_store,,2,114.98,0.0,114.98
O004869,C01038,S07,2026-06-03 13:26:16,in_store,,1,79.99,0.0,79.99
O004870,C00320,S12,2026-06-03 14:10:47,in_store,,3,435.97,0.0,435.97
O004871,C00904,S02,2026-06-03 14:21:33,in_store,,1,79.99,0.0,79.99
O004872,C01300,S21,2026-06-03 16:02:36,in_store,,5,144.95,0.0,144.95
O004873,C00121,S02,2026-06-03 21:41:00,in_store,,2,63.98,0.0,63.98
O004874,C00995,WEB,2026-06-04 09:15:08,online,,1,83.99,0.0,83.99
O004875,C00033,S07,2026-06-04 10:03:36,in_store,PR-2026-06,3,239.97,47.99,191.98
O004876,C00317,WEB,2026-06-04 10:43:45,online,,1,129.99,0.0,129.99
O004877,C00720,S03,2026-06-04 11:36:05,in_store,,2,499.98,0.0,499.98
O004878,C00315,S16,2026-06-04 15:23:55,in_store,,1,39.99,0.0,39.99
O004879,C00837,WEB,2026-06-04 15:30:48,online,,1,179.99,0.0,179.99
O004880,C00467,S13,2026-06-04 16:21:17,in_store,PR-2026-06,2,115.98,11.2,104.78
O004881,C00799,S19,2026-06-04 18:30:44,in_store,PR-2026-06,1,129.99,26.0,103.99
O004882,C01244,S17,2026-06-04 21:32:52,in_store,,2,509.98,0.0,509.98
O004883,C01051,WEB,2026-06-05 10:45:23,online,,1,129.99,0.0,129.99
O004884,C00727,S17,2026-06-05 14:16:53,in_store,PR-2026-06,3,435.97,11.2,424.77
O004885,C00365,S05,2026-06-05 15:02:28,in_store,,2,109.98,0.0,109.98
O004886,C01230,S06,2026-06-05 15:05:16,in_store,PR-2026-06,4,245.96,11.2,234.76
O004887,C00402,S07,2026-06-05 15:42:21,in_store,,1,19.99,0.0,19.99
O004888,C00804,S19,2026-06-05 15:45:17,in_store,,1,89.99,0.0,89.99
O004889,C00985,WEB,2026-06-05 16:01:29,online,PR-2026-06,2,99.98,16.0,83.98
O004890,C01057,WEB,2026-06-05 17:42:01,online,PR-2026-06,1,79.99,16.0,63.99
O004891,C01104,S13,2026-06-05 19:56:19,in_store,,2,139.98,0.0,139.98
O004892,C01364,S20,2026-06-05 20:43:42,in_store,PR-2026-06,1,59.99,12.0,47.99
O004893,C00013,WEB,2026-06-05 21:36:18,online,,1,49.99,0.0,49.99
O004894,C00712,WEB,2026-06-05 21:58:09,online,,1,58.99,0.0,58.99
O004895,C00340,WEB,2026-06-06 07:29:39,online,,1,99.99,0.0,99.99
O004896,C00082,WEB,2026-06-06 09:50:50,online,,1,39.99,0.0,39.99
O004897,C01198,S06,2026-06-06 11:00:37,in_store,,1,24.99,0.0,24.99
O004898,C00435,WEB,2026-06-06 11:13:08,online,,2,179.98,0.0,179.98
O004899,C00963,WEB,2026-06-06 12:00:48,online,,2,409.98,0.0,409.98
O004900,C00178,WEB,2026-06-06 13:36:18,online,,1,199.99,0.0,199.99
O004901,C00335,S13,2026-06-06 14:27:26,in_store,,1,69.99,0.0,69.99
O004902,C01209,WEB,2026-06-06 14:29:42,online,,1,139.99,0.0,139.99
O004903,C01303,WEB,2026-06-06 15:03:28,online,,1,83.99,0.0,83.99
O004904,C00688,S05,2026-06-06 16:11:42,in_store,,4,789.96,0.0,789.96
O004905,C01076,S09,2026-06-06 16:20:30,in_store,,1,139.99,0.0,139.99
O004906,C00841,S01,2026-06-06 17:31:15,in_store,,1,19.99,0.0,19.99
O004907,C00141,S02,2026-06-06 19:27:16,in_store,,2,349.98,0.0,349.98
O004908,C01365,S22,2026-06-06 20:52:39,in_store,,4,684.96,0.0,684.96
O004909,C00184,S20,2026-06-07 09:26:55,in_store,,2,249.98,0.0,249.98
O004910,C00596,WEB,2026-06-07 10:19:55,online,,3,239.97,0.0,239.97
O004911,C00849,S13,2026-06-07 12:12:19,in_store,,4,699.96,0.0,699.96
O004912,C00998,S01,2026-06-07 14:06:19,in_store,,2,119.98,0.0,119.98
O004913,C01026,S14,2026-06-07 14:06:46,in_store,,1,58.99,0.0,58.99
O004914,C00877,S21,2026-06-07 15:13:52,in_store,,2,108.98,0.0,108.98
O004915,C00565,S09,2026-06-07 15:35:57,in_store,,1,24.99,0.0,24.99
O004916,C00836,S21,2026-06-07 15:40:51,in_store,,1,89.99,0.0,89.99
O004917,C00178,WEB,2026-06-07 16:06:57,online,,1,79.99,0.0,79.99
O004918,C00839,S13,2026-06-07 16:08:56,in_store,,1,149.99,0.0,149.99
O004919,C00435,WEB,2026-06-07 16:56:52,online,,1,49.99,0.0,49.99
O004920,C00025,S13,2026-06-07 19:12:02,in_store,,2,167.98,0.0,167.98
O004921,C00590,S14,2026-06-07 20:25:46,in_store,,1,24.99,0.0,24.99
O004922,C00700,S20,2026-06-07 20:42:12,in_store,,1,49.99,0.0,49.99
O004923,C00959,WEB,2026-06-07 20:42:51,online,,1,89.99,0.0,89.99
O004924,C00467,S13,2026-06-08 13:10:20,in_store,PR-2026-06,3,399.97,80.0,319.97
O004925,C00950,S19,2026-06-08 14:26:30,in_store,,1,199.99,0.0,199.99
O004926,C01366,S05,2026-06-08 15:07:42,in_store,,1,49.99,0.0,49.99
O004927,C00725,S03,2026-06-08 16:47:20,in_store,PR-2026-06,1,49.99,10.0,39.99
O004928,C00776,WEB,2026-06-08 16:48:31,online,PR-2026-06,1,79.99,16.0,63.99
O004929,C01369,S22,2026-06-09 10:08:23,in_store,,2,199.98,0.0,199.98
O004930,C00637,S07,2026-06-09 10:38:23,in_store,,1,69.99,0.0,69.99
O004931,C00435,WEB,2026-06-09 11:49:24,online,PR-2026-06,5,229.95,16.0,213.95
O004932,C00286,S13,2026-06-09 12:54:40,in_store,PR-2026-06,1,79.99,16.0,63.99
O004933,C00184,S22,2026-06-09 13:03:01,in_store,,1,69.99,0.0,69.99
O004934,C01283,S19,2026-06-09 13:54:09,in_store,,1,149.99,0.0,149.99
O004935,C00114,S09,2026-06-09 14:10:51,in_store,,1,89.99,0.0,89.99
O004936,C00727,S17,2026-06-09 16:33:52,in_store,,1,329.99,0.0,329.99
O004937,C01368,S04,2026-06-09 16:44:00,in_store,,2,178.98,0.0,178.98
O004938,C01159,S09,2026-06-09 17:17:51,in_store,,1,99.99,0.0,99.99
O004939,C01121,S08,2026-06-09 17:40:54,in_store,,1,128.99,0.0,128.99
O004940,C00445,WEB,2026-06-09 17:46:26,online,,2,69.98,0.0,69.98
O004941,C00266,S14,2026-06-09 18:40:58,in_store,,2,199.98,0.0,199.98
O004942,C00591,S11,2026-06-09 19:28:23,in_store,,1,89.99,0.0,89.99
O004943,C00469,S21,2026-06-09 20:07:54,in_store,,1,49.99,0.0,49.99
O004944,C00545,S17,2026-06-09 21:20:55,in_store,PR-2026-06,2,39.98,4.0,35.98
O004945,C01367,S23,2026-06-09 21:22:37,in_store,,1,449.99,0.0,449.99
O004946,C01352,S07,2026-06-10 10:36:28,in_store,,1,29.99,0.0,29.99
O004947,C00778,WEB,2026-06-10 10:52:08,online,,1,799.99,0.0,799.99
O004948,C00449,S17,2026-06-10 11:26:11,in_store,,4,659.96,0.0,659.96
O004949,C00764,S17,2026-06-10 12:44:09,in_store,,1,799.99,0.0,799.99
O004950,C01001,WEB,2026-06-10 13:07:41,online,,2,59.98,0.0,59.98
O004951,C01108,S19,2026-06-10 13:45:10,in_store,,3,279.97,0.0,279.97
O004952,C00672,S01,2026-06-10 14:40:07,in_store,,2,809.98,0.0,809.98
O004953,C01207,S24,2026-06-10 15:18:56,in_store,,3,189.97,0.0,189.97
O004954,C00072,S22,2026-06-10 15:40:30,in_store,PR-2026-06,5,479.95,36.0,443.95
O004955,C00579,S18,2026-06-10 16:28:30,in_store,,1,79.99,0.0,79.99
O004956,C01370,S13,2026-06-10 16:50:17,in_store,,1,19.99,0.0,19.99
O004957,C00418,S21,2026-06-10 17:20:12,in_store,,2,129.98,0.0,129.98
O004958,C01183,S12,2026-06-11 09:14:15,in_store,,3,739.97,0.0,739.97
O004959,C01372,S09,2026-06-11 10:08:13,in_store,,1,129.99,0.0,129.99
O004960,C01289,S22,2026-06-11 10:39:34,in_store,,1,24.99,0.0,24.99
O004961,C00402,S12,2026-06-11 10:43:34,in_store,,1,79.99,0.0,79.99
O004962,C00720,S03,2026-06-11 10:59:53,in_store,,1,189.99,0.0,189.99
O004963,C00479,S19,2026-06-11 13:04:19,in_store,,1,49.99,0.0,49.99
O004964,C00728,S21,2026-06-11 13:34:29,in_store,,1,89.99,0.0,89.99
O004965,C00423,S07,2026-06-11 13:48:51,in_store,,1,59.99,0.0,59.99
O004966,C01371,S12,2026-06-11 14:50:34,in_store,,3,179.97,0.0,179.97
O004967,C00363,S20,2026-06-11 15:45:56,in_store,,1,29.99,0.0,29.99
O004968,C00221,S06,2026-06-11 17:02:12,in_store,,1,79.99,0.0,79.99
O004969,C01057,WEB,2026-06-11 19:27:43,online,,1,39.99,0.0,39.99
O004970,C00969,S21,2026-06-11 20:29:27,in_store,,2,173.98,0.0,173.98
O004971,C00466,S03,2026-06-12 11:39:53,in_store,,1,24.99,0.0,24.99
O004972,C00260,S01,2026-06-12 12:49:55,in_store,,1,199.99,0.0,199.99
O004973,C01339,S13,2026-06-12 14:00:14,in_store,,1,89.99,0.0,89.99
O004974,C00222,S13,2026-06-12 14:39:29,in_store,,1,89.99,0.0,89.99
O004975,C00882,WEB,2026-06-12 19:07:54,online,,1,199.99,0.0,199.99
O004976,C01189,S05,2026-06-12 19:48:19,in_store,,2,99.98,0.0,99.98
O004977,C00859,WEB,2026-06-13 11:51:31,online,PR-2026-06,2,449.98,10.0,439.98
O004978,C00370,S22,2026-06-13 12:27:50,in_store,,1,29.99,0.0,29.99
O004979,C00565,S08,2026-06-13 13:18:02,in_store,,1,199.99,0.0,199.99
O004980,C00436,S03,2026-06-13 14:52:42,in_store,PR-2026-06,1,79.99,16.0,63.99
O004981,C00378,S18,2026-06-13 16:43:32,in_store,PR-2026-06,3,319.97,12.0,307.97
O004982,C00115,S23,2026-06-13 17:15:49,in_store,,1,229.99,0.0,229.99
O004983,C01312,S19,2026-06-13 17:21:36,in_store,,2,319.98,0.0,319.98
O004984,C01163,S02,2026-06-13 18:39:24,in_store,,2,249.98,0.0,249.98
O004985,C00426,S21,2026-06-13 21:31:08,in_store,,4,1249.96,0.0,1249.96
O004986,C00688,WEB,2026-06-14 09:54:42,online,,1,29.99,0.0,29.99
O004987,C00672,S01,2026-06-14 14:22:18,in_store,,2,139.98,0.0,139.98
O004988,C00922,S04,2026-06-14 14:24:48,in_store,,3,169.97,0.0,169.97
O004989,C00317,S11,2026-06-14 14:45:01,in_store,,1,99.99,0.0,99.99
O004990,C01375,S21,2026-06-14 16:39:24,in_store,,1,79.99,0.0,79.99
O004991,C00197,S07,2026-06-14 16:55:50,in_store,,1,199.99,0.0,199.99
O004992,C00987,S03,2026-06-14 17:08:51,in_store,,3,99.97,0.0,99.97
O004993,C00964,S07,2026-06-14 18:27:24,in_store,,3,239.97,0.0,239.97
O004994,C01128,S03,2026-06-14 20:35:51,in_store,,1,59.99,0.0,59.99
O004995,C00886,WEB,2026-06-14 21:25:07,online,,1,19.99,0.0,19.99
O004996,C00687,WEB,2026-06-14 21:53:09,online,,1,349.99,0.0,349.99
O004997,C01151,S16,2026-06-15 10:07:57,in_store,,3,179.97,0.0,179.97
O004998,C00102,S17,2026-06-15 11:35:16,in_store,,1,59.99,0.0,59.99
O004999,C00103,S22,2026-06-15 14:12:58,in_store,,1,19.99,0.0,19.99
O005000,C01128,S03,2026-06-15 14:19:57,in_store,,1,99.99,0.0,99.99
O005001,C00399,S07,2026-06-15 15:21:28,in_store,PR-2026-06,6,339.94,32.0,307.94
O005002,C00638,S17,2026-06-15 15:29:10,in_store,,2,99.98,0.0,99.98
O005003,C00398,S06,2026-06-15 16:51:02,in_store,PR-2026-06,4,155.96,11.2,144.76
O005004,C00579,S18,2026-06-15 17:16:58,in_store,,4,1049.96,0.0,1049.96
O005005,C01376,S09,2026-06-15 17:42:18,in_store,,1,199.99,0.0,199.99
O005006,C00228,S13,2026-06-15 19:31:15,in_store,,2,1049.98,0.0,1049.98
O005007,C01277,WEB,2026-06-15 21:47:28,online,,2,199.98,0.0,199.98
O005008,C01380,WEB,2026-06-16 09:07:17,online,,2,189.98,0.0,189.98
O005009,C00904,S02,2026-06-16 13:01:25,in_store,,1,49.99,0.0,49.99
O005010,C01055,S12,2026-06-16 13:44:56,in_store,,4,758.96,0.0,758.96
O005011,C00331,S07,2026-06-16 14:27:01,in_store,PR-2026-06,4,279.96,16.0,263.96
O005012,C00163,S12,2026-06-16 14:28:28,in_store,,1,149.99,0.0,149.99
O005013,C00849,S13,2026-06-16 15:07:05,in_store,,2,109.98,0.0,109.98
O005014,C00882,S18,2026-06-16 16:20:35,in_store,,1,59.99,0.0,59.99
O005015,C00284,S10,2026-06-16 17:28:45,in_store,,1,19.99,0.0,19.99
O005016,C00764,S13,2026-06-16 20:02:22,in_store,,1,59.99,0.0,59.99
O005017,C00073,S07,2026-06-17 09:21:34,in_store,,1,139.99,0.0,139.99
O005018,C00072,S21,2026-06-17 11:25:31,in_store,,4,274.96,0.0,274.96
O005019,C00497,S21,2026-06-17 14:39:34,in_store,,1,39.99,0.0,39.99
O005020,C01284,S07,2026-06-17 14:47:14,in_store,PR-2026-06,4,674.96,12.0,662.96
O005021,C00028,S13,2026-06-17 16:58:24,in_store,,1,49.99,0.0,49.99
O005022,C00883,S06,2026-06-17 18:26:16,in_store,,1,14.99,0.0,14.99
O005023,C00687,WEB,2026-06-17 18:48:59,online,,1,29.99,0.0,29.99
O005024,C00789,S09,2026-06-17 19:25:53,in_store,,3,149.97,0.0,149.97
O005025,C00540,WEB,2026-06-17 21:32:43,online,,1,24.99,0.0,24.99
O005026,C00445,WEB,2026-06-17 21:52:18,online,,2,69.98,0.0,69.98
O005027,C01384,WEB,2026-06-18 01:18:41,online,,1,49.99,0.0,49.99
O005028,C00296,WEB,2026-06-18 08:00:09,online,,2,119.98,0.0,119.98
O005029,C01076,S12,2026-06-18 11:02:22,in_store,,2,219.98,0.0,219.98
O005030,C00699,S21,2026-06-18 11:55:02,in_store,,3,399.97,0.0,399.97
O005031,C01305,S05,2026-06-18 13:04:33,in_store,,2,399.98,0.0,399.98
O005032,C00675,S13,2026-06-18 13:20:22,in_store,,1,199.99,0.0,199.99
O005033,C01289,WEB,2026-06-18 13:29:46,online,,3,599.97,0.0,599.97
O005034,C01332,S05,2026-06-18 13:32:57,in_store,,2,249.98,0.0,249.98
O005035,C00092,S07,2026-06-18 14:40:59,in_store,PR-2026-06,2,409.98,16.0,393.98
O005036,C01204,S24,2026-06-18 15:27:29,in_store,PR-2026-06,2,169.98,16.0,153.98
O005037,C01381,S21,2026-06-18 15:37:58,in_store,,1,29.99,0.0,29.99
O005038,C01283,S19,2026-06-18 16:28:37,in_store,,1,169.99,0.0,169.99
O005039,C00908,WEB,2026-06-18 16:33:06,online,,4,609.96,0.0,609.96
O005040,C00893,S22,2026-06-18 17:04:52,in_store,,1,129.99,0.0,129.99
O005041,C00131,S19,2026-06-18 19:03:52,in_store,,2,89.98,0.0,89.98
O005042,C00553,WEB,2026-06-18 20:37:03,online,PR-2026-06,2,729.98,70.0,659.98
O005043,C01382,WEB,2026-06-18 20:58:18,online,PR-2026-06,2,205.98,11.2,194.78
O005044,C00687,WEB,2026-06-18 21:21:44,online,,1,79.99,0.0,79.99
O005045,C00550,S21,2026-06-19 12:01:44,in_store,PR-2026-06,2,429.98,6.0,423.98
O005046,C01196,S12,2026-06-19 14:56:57,in_store,,1,39.99,0.0,39.99
O005047,C00387,S13,2026-06-19 15:34:05,in_store,,1,38.99,0.0,38.99
O005048,C01020,WEB,2026-06-19 15:50:57,online,,4,419.96,0.0,419.96
O005049,C01156,S24,2026-06-19 16:13:44,in_store,,1,39.99,0.0,39.99
O005050,C00545,S15,2026-06-19 18:01:27,in_store,PR-2026-06,1,899.99,180.0,719.99
O005051,C00087,WEB,2026-06-19 18:41:14,online,,1,129.99,0.0,129.99
O005052,C00844,S21,2026-06-19 19:07:18,in_store,,1,19.99,0.0,19.99
O005053,C00776,WEB,2026-06-19 19:53:41,online,,4,219.96,0.0,219.96
O005054,C01198,S06,2026-06-20 09:41:10,in_store,,3,239.97,0.0,239.97
O005055,C01387,S03,2026-06-20 09:54:30,in_store,,1,43.99,0.0,43.99
O005056,C00197,S07,2026-06-20 10:55:49,in_store,,4,209.96,0.0,209.96
O005057,C00374,S21,2026-06-20 11:06:51,in_store,,1,299.99,0.0,299.99
O005058,C00447,S23,2026-06-20 11:15:58,in_store,,2,199.98,0.0,199.98
O005059,C01385,WEB,2026-06-20 11:49:55,online,PR-2026-06,2,111.98,22.4,89.58
O005060,C01191,WEB,2026-06-20 12:54:53,online,,1,19.99,0.0,19.99
O005061,C00158,S10,2026-06-20 13:44:05,in_store,,1,79.99,0.0,79.99
O005062,C00536,WEB,2026-06-20 14:10:51,online,,1,89.99,0.0,89.99
O005063,C01384,S22,2026-06-20 14:14:05,in_store,,1,79.99,0.0,79.99
O005064,C01293,S17,2026-06-20 14:19:42,in_store,,1,19.99,0.0,19.99
O005065,C00993,S19,2026-06-20 17:14:29,in_store,,1,55.99,0.0,55.99
O005066,C01030,S01,2026-06-20 17:23:56,in_store,,1,189.99,0.0,189.99
O005067,C00726,WEB,2026-06-20 20:23:45,online,,1,49.99,0.0,49.99
O005068,C01163,S02,2026-06-20 21:03:14,in_store,,1,59.99,0.0,59.99
O005069,C01147,S21,2026-06-20 21:59:27,in_store,,3,309.97,0.0,309.97
O005070,C00248,WEB,2026-06-20 22:55:42,online,,1,29.99,0.0,29.99
O005071,C00678,WEB,2026-06-20 23:35:01,online,,1,19.99,0.0,19.99
O005072,C01347,S14,2026-06-21 11:42:17,in_store,,2,379.98,0.0,379.98
O005073,C01151,S16,2026-06-21 12:41:43,in_store,,2,599.98,0.0,599.98
O005074,C00307,S21,2026-06-21 13:08:16,in_store,,1,19.99,0.0,19.99
O005075,C00381,WEB,2026-06-21 13:11:38,online,,3,258.97,0.0,258.97
O005076,C00416,S21,2026-06-21 13:23:05,in_store,,1,599.99,0.0,599.99
O005077,C01210,S01,2026-06-21 15:49:02,in_store,,1,59.99,0.0,59.99
O005078,C00876,S22,2026-06-21 18:25:01,in_store,,1,24.99,0.0,24.99
O005079,C01046,S06,2026-06-21 19:02:06,in_store,,4,219.96,0.0,219.96
O005080,C01061,WEB,2026-06-21 20:07:33,online,,1,79.99,0.0,79.99
O005081,C01321,WEB,2026-06-21 21:40:51,online,,3,79.97,0.0,79.97
O005082,C01032,S20,2026-06-22 12:32:45,in_store,,1,58.99,0.0,58.99
O005083,C01352,S07,2026-06-22 13:53:04,in_store,,1,39.99,0.0,39.99
O005084,C01088,S13,2026-06-22 16:06:22,in_store,,1,89.99,0.0,89.99
O005085,C01388,S12,2026-06-22 19:04:51,in_store,,1,199.99,0.0,199.99
O005086,C00995,WEB,2026-06-22 21:42:27,online,,1,19.99,0.0,19.99
O005087,C00087,WEB,2026-06-22 22:21:08,online,,1,139.99,0.0,139.99
O005088,C00296,WEB,2026-06-22 22:24:04,online,,3,569.97,0.0,569.97
O005089,C01311,S21,2026-06-23 09:26:46,in_store,,3,779.97,0.0,779.97
O005090,C00544,WEB,2026-06-23 12:10:36,online,,3,219.97,0.0,219.97
O005091,C00849,S18,2026-06-23 13:35:08,in_store,,1,19.99,0.0,19.99
O005092,C01135,S03,2026-06-23 14:36:35,in_store,,2,429.98,0.0,429.98
O005093,C00585,S06,2026-06-23 17:07:46,in_store,,1,349.99,0.0,349.99
O005094,C01352,S07,2026-06-23 21:50:19,in_store,,2,169.98,0.0,169.98
O005095,C01219,WEB,2026-06-23 23:46:56,online,,6,674.94,0.0,674.94
O005096,C01089,S01,2026-06-24 09:43:14,in_store,,4,749.96,0.0,749.96
O005097,C00137,WEB,2026-06-24 09:54:14,online,,3,339.97,0.0,339.97
O005098,C01107,S09,2026-06-24 10:52:27,in_store,,1,49.99,0.0,49.99
O005099,C00998,S01,2026-06-24 12:07:00,in_store,,1,299.99,0.0,299.99
O005100,C01373,S05,2026-06-24 16:44:38,in_store,,1,39.99,0.0,39.99
O005101,C01154,WEB,2026-06-24 21:49:36,online,,4,869.96,0.0,869.96
O005102,C00483,WEB,2026-06-24 22:18:53,online,,2,509.98,0.0,509.98
O005103,C00666,WEB,2026-06-24 22:58:57,online,,1,59.99,0.0,59.99
O005104,C00751,WEB,2026-06-25 01:08:16,online,,3,284.97,0.0,284.97
O005105,C00261,WEB,2026-06-25 09:43:17,online,,1,89.99,0.0,89.99
O005106,C00642,S09,2026-06-25 10:27:04,in_store,,1,29.99,0.0,29.99
O005107,C00531,S03,2026-06-25 11:22:04,in_store,,1,229.99,0.0,229.99
O005108,C00727,S17,2026-06-25 11:44:03,in_store,,2,129.98,0.0,129.98
O005109,C01287,S16,2026-06-25 11:51:08,in_store,,2,149.98,0.0,149.98
O005110,C00137,WEB,2026-06-25 13:34:18,online,,1,449.99,0.0,449.99
O005111,C01184,S07,2026-06-25 13:39:41,in_store,,3,249.97,0.0,249.97
O005112,C01392,S13,2026-06-25 14:18:27,in_store,,5,409.95,0.0,409.95
O005113,C00961,S13,2026-06-25 17:09:17,in_store,,2,198.98,0.0,198.98
O005114,C00320,S12,2026-06-25 18:04:07,in_store,,1,59.99,0.0,59.99
O005115,C00725,S03,2026-06-25 18:25:53,in_store,,2,159.98,0.0,159.98
O005116,C00677,S07,2026-06-26 11:36:16,in_store,,1,79.99,0.0,79.99
O005117,C00267,S06,2026-06-26 11:54:45,in_store,,2,649.98,0.0,649.98
O005118,C01134,S21,2026-06-26 12:34:23,in_store,,3,254.97,0.0,254.97
O005119,C01394,S13,2026-06-26 12:47:33,in_store,,1,199.99,0.0,199.99
O005120,C01360,WEB,2026-06-26 13:09:50,online,,1,39.99,0.0,39.99
O005121,C00315,S16,2026-06-26 15:49:09,in_store,,3,64.97,0.0,64.97
O005122,C01088,S13,2026-06-26 16:47:01,in_store,,1,189.99,0.0,189.99
O005123,C00826,WEB,2026-06-26 18:21:24,online,,1,49.99,0.0,49.99
O005124,C00092,S07,2026-06-26 18:21:40,in_store,,1,649.99,0.0,649.99
O005125,C00381,WEB,2026-06-26 18:37:49,online,,1,79.99,0.0,79.99
O005126,C00783,WEB,2026-06-27 08:14:28,online,,4,309.96,0.0,309.96
O005127,C00758,S03,2026-06-27 10:04:59,in_store,,2,64.98,0.0,64.98
O005128,C00638,S13,2026-06-27 12:54:54,in_store,,2,779.98,0.0,779.98
O005129,C01168,S15,2026-06-27 13:54:09,in_store,,1,129.99,0.0,129.99
O005130,C01004,WEB,2026-06-27 14:02:27,online,,2,175.98,0.0,175.98
O005131,C00699,S21,2026-06-27 14:34:51,in_store,,1,59.99,0.0,59.99
O005132,C00114,S09,2026-06-27 14:45:44,in_store,,2,149.98,0.0,149.98
O005133,C00969,S21,2026-06-27 14:55:20,in_store,,3,419.97,0.0,419.97
O005134,C00810,S01,2026-06-27 18:49:27,in_store,,1,19.99,0.0,19.99
O005135,C00230,S11,2026-06-27 19:55:22,in_store,,1,69.99,0.0,69.99
O005136,C01195,WEB,2026-06-28 09:26:09,online,,1,19.99,0.0,19.99
O005137,C01398,S24,2026-06-28 11:06:46,in_store,,1,14.99,0.0,14.99
O005138,C00462,S11,2026-06-28 11:07:17,in_store,,1,449.99,0.0,449.99
O005139,C00789,S11,2026-06-28 12:43:25,in_store,,1,49.99,0.0,49.99
O005140,C00616,S13,2026-06-28 13:16:38,in_store,,4,279.96,0.0,279.96
O005141,C00085,S13,2026-06-28 14:17:50,in_store,,1,89.99,0.0,89.99
O005142,C00727,S17,2026-06-28 14:48:03,in_store,,3,269.97,0.0,269.97
O005143,C00414,S21,2026-06-28 14:51:29,in_store,,1,14.99,0.0,14.99
O005144,C01331,S04,2026-06-28 15:32:52,in_store,,2,249.98,0.0,249.98
O005145,C00416,S21,2026-06-28 17:03:52,in_store,,2,229.98,0.0,229.98
O005146,C00398,S06,2026-06-28 21:10:57,in_store,,2,209.98,0.0,209.98
O005147,C01232,S21,2026-06-28 21:29:16,in_store,,1,55.99,0.0,55.99
O005148,C01001,WEB,2026-06-28 23:59:21,online,,3,244.97,0.0,244.97
O005149,C00591,S11,2026-06-29 09:15:20,in_store,,1,139.99,0.0,139.99
O005150,C00435,WEB,2026-06-29 09:25:26,online,,2,589.98,0.0,589.98
O005151,C01076,S09,2026-06-29 10:08:10,in_store,,2,119.98,0.0,119.98
O005152,C00177,WEB,2026-06-29 10:15:07,online,,2,169.98,0.0,169.98
O005153,C00199,S19,2026-06-29 11:32:45,in_store,,1,79.99,0.0,79.99
O005154,C00239,S03,2026-06-29 13:43:22,in_store,,1,199.99,0.0,199.99
O005155,C01294,S11,2026-06-29 13:53:10,in_store,,1,59.99,0.0,59.99
O005156,C01263,S14,2026-06-29 15:11:19,in_store,,1,29.99,0.0,29.99
O005157,C00969,S21,2026-06-29 16:07:09,in_store,,1,149.99,0.0,149.99
O005158,C00606,S12,2026-06-29 17:04:10,in_store,,1,79.99,0.0,79.99
O005159,C00303,S09,2026-06-29 17:51:01,in_store,,1,139.99,0.0,139.99
O005160,C00213,WEB,2026-06-30 10:58:50,online,,1,329.99,0.0,329.99
O005161,C00189,S01,2026-06-30 11:58:42,in_store,,4,379.96,0.0,379.96
O005162,C00321,S07,2026-06-30 14:09:54,in_store,,1,29.99,0.0,29.99
O005163,C01345,S13,2026-06-30 15:09:43,in_store,,1,49.99,0.0,49.99
O005164,C00987,S03,2026-06-30 17:16:35,in_store,,3,199.97,0.0,199.97
O005165,C01399,S05,2026-06-30 20:41:53,in_store,,1,38.99,0.0,38.99
O005166,C01362,WEB,2026-06-30 21:25:43,online,,2,479.98,0.0,479.98
O005167,C01400,S12,2026-07-01 10:09:26,in_store,,1,24.99,0.0,24.99
O005168,C01293,S17,2026-07-01 10:34:29,in_store,,1,49.99,0.0,49.99
O005169,C00969,S21,2026-07-01 10:45:41,in_store,,1,59.99,0.0,59.99
O005170,C01076,S09,2026-07-01 11:18:13,in_store,,3,194.97,0.0,194.97
O005171,C01361,S17,2026-07-01 13:12:18,in_store,,1,59.99,0.0,59.99
O005172,C00848,S05,2026-07-01 13:39:13,in_store,,1,25.99,0.0,25.99
O005173,C00487,S15,2026-07-01 13:41:00,in_store,,1,449.99,0.0,449.99
O005174,C00984,S07,2026-07-01 13:58:38,in_store,,1,99.99,0.0,99.99
O005175,C01208,S05,2026-07-01 15:01:20,in_store,,1,379.99,0.0,379.99
O005176,C01224,WEB,2026-07-01 15:04:44,online,,2,579.98,0.0,579.98
O005177,C00731,S20,2026-07-01 15:41:47,in_store,,2,459.98,0.0,459.98
O005178,C01020,WEB,2026-07-01 18:20:10,online,,1,79.99,0.0,79.99
O005179,C00566,S22,2026-07-01 19:06:55,in_store,,1,299.99,0.0,299.99
O005180,C00950,S19,2026-07-01 19:10:46,in_store,,1,149.99,0.0,149.99
O005181,C00610,S16,2026-07-01 20:43:15,in_store,,4,304.96,0.0,304.96
O005182,C00643,WEB,2026-07-02 13:28:11,online,,1,79.99,0.0,79.99
O005183,C01252,WEB,2026-07-02 13:40:57,online,,1,19.99,0.0,19.99
O005184,C00422,S11,2026-07-02 14:36:16,in_store,,1,89.99,0.0,89.99
O005185,C00687,WEB,2026-07-02 17:44:48,online,,2,159.98,0.0,159.98
O005186,C01403,WEB,2026-07-03 00:14:44,online,,4,409.96,0.0,409.96
O005187,C00434,WEB,2026-07-03 08:23:32,online,,1,24.99,0.0,24.99
O005188,C01404,S21,2026-07-03 09:41:54,in_store,,1,55.99,0.0,55.99
O005189,C00221,S06,2026-07-03 12:01:57,in_store,,3,169.97,0.0,169.97
O005190,C00849,S13,2026-07-03 12:33:44,in_store,,1,49.99,0.0,49.99
O005191,C00986,S10,2026-07-03 13:33:33,in_store,,2,299.98,0.0,299.98
O005192,C00903,S06,2026-07-03 14:07:14,in_store,,1,349.99,0.0,349.99
O005193,C00789,S09,2026-07-03 16:57:08,in_store,,1,129.99,0.0,129.99
O005194,C01001,WEB,2026-07-03 17:14:36,online,,1,89.99,0.0,89.99
O005195,C00615,S14,2026-07-03 18:54:06,in_store,,1,14.99,0.0,14.99
O005196,C00548,S21,2026-07-03 19:49:22,in_store,,3,99.97,0.0,99.97
O005197,C00871,S01,2026-07-03 20:20:47,in_store,,3,179.97,0.0,179.97
O005198,C00352,S15,2026-07-04 09:25:27,in_store,,1,59.99,0.0,59.99
O005199,C01271,S09,2026-07-04 10:16:02,in_store,,1,14.99,0.0,14.99
O005200,C00886,S07,2026-07-04 14:30:36,in_store,,1,139.99,0.0,139.99
O005201,C00212,S13,2026-07-04 15:12:14,in_store,,1,199.99,0.0,199.99
O005202,C00651,S07,2026-07-04 18:55:01,in_store,,1,128.99,0.0,128.99
O005203,C01317,S02,2026-07-04 18:59:22,in_store,,2,359.98,0.0,359.98
O005204,C00040,WEB,2026-07-04 22:15:06,online,,2,439.98,0.0,439.98
O005205,C00457,S21,2026-07-05 10:15:50,in_store,,1,99.99,0.0,99.99
O005206,C01246,S02,2026-07-05 11:05:43,in_store,,3,689.97,0.0,689.97
O005207,C01013,S13,2026-07-05 11:19:25,in_store,,1,69.99,0.0,69.99
O005208,C01409,S01,2026-07-05 12:59:32,in_store,,1,29.99,0.0,29.99
O005209,C00588,S12,2026-07-05 14:07:28,in_store,,1,99.99,0.0,99.99
O005210,C00582,WEB,2026-07-05 14:31:58,online,,1,89.99,0.0,89.99
O005211,C01408,S07,2026-07-05 15:57:47,in_store,,1,89.99,0.0,89.99
O005212,C00069,S15,2026-07-05 18:55:23,in_store,,1,49.99,0.0,49.99
O005213,C01407,WEB,2026-07-05 20:44:54,online,,1,89.99,0.0,89.99
O005214,C00501,WEB,2026-07-05 21:11:43,online,,4,489.96,0.0,489.96
O005215,C00034,S16,2026-07-06 11:29:25,in_store,,2,94.98,0.0,94.98
O005216,C00431,S10,2026-07-06 11:44:49,in_store,,1,129.99,0.0,129.99
O005217,C00374,S21,2026-07-06 12:07:01,in_store,,1,129.99,0.0,129.99
O005218,C01117,S21,2026-07-06 12:07:43,in_store,,2,69.98,0.0,69.98
O005219,C01412,WEB,2026-07-06 12:42:58,online,,1,83.99,0.0,83.99
O005220,C01411,S04,2026-07-06 13:07:44,in_store,,2,248.98,0.0,248.98
O005221,C00033,S07,2026-07-06 13:24:29,in_store,,1,39.99,0.0,39.99
O005222,C00573,S19,2026-07-06 13:48:09,in_store,PR-2026-07,1,129.99,19.5,110.49
O005223,C00509,S13,2026-07-06 14:17:03,in_store,,2,374.98,0.0,374.98
O005224,C00852,WEB,2026-07-06 15:00:57,online,,3,814.97,0.0,814.97
O005225,C00363,S20,2026-07-06 15:38:13,in_store,,1,24.99,0.0,24.99
O005226,C01208,S05,2026-07-06 16:01:52,in_store,,3,209.97,0.0,209.97
O005227,C00456,WEB,2026-07-06 16:50:30,online,,3,189.97,0.0,189.97
O005228,C01065,S10,2026-07-06 16:51:54,in_store,,2,59.98,0.0,59.98
O005229,C01273,WEB,2026-07-06 16:53:09,online,,1,58.99,0.0,58.99
O005230,C00985,S07,2026-07-06 18:13:01,in_store,,2,119.98,0.0,119.98
O005231,C00765,S03,2026-07-06 18:53:50,in_store,,1,49.99,0.0,49.99
O005232,C00627,S21,2026-07-06 18:54:36,in_store,,1,79.99,0.0,79.99
O005233,C00987,S03,2026-07-06 19:34:54,in_store,,1,79.99,0.0,79.99
O005234,C00782,WEB,2026-07-06 20:05:23,online,,5,454.95,0.0,454.95
O005235,C01310,S21,2026-07-07 11:39:05,in_store,,1,59.99,0.0,59.99
O005236,C00713,S10,2026-07-07 11:45:29,in_store,,1,39.99,0.0,39.99
O005237,C01414,S05,2026-07-07 12:20:15,in_store,,1,24.99,0.0,24.99
O005238,C00456,WEB,2026-07-07 13:10:03,online,,4,264.96,0.0,264.96
O005239,C00696,S20,2026-07-07 13:33:55,in_store,,4,509.96,0.0,509.96
O005240,C01340,S08,2026-07-07 16:13:50,in_store,,2,219.98,0.0,219.98
O005241,C01413,S06,2026-07-07 16:51:13,in_store,PR-2026-07,2,149.98,22.5,127.48
O005242,C00849,WEB,2026-07-07 16:53:44,online,,1,29.99,0.0,29.99
O005243,C00497,S23,2026-07-07 17:55:12,in_store,,2,169.98,0.0,169.98
O005244,C00805,S15,2026-07-07 18:18:59,in_store,,3,539.97,0.0,539.97
O005245,C00742,S15,2026-07-07 18:40:14,in_store,,1,199.99,0.0,199.99
O005246,C00079,WEB,2026-07-07 20:25:40,online,,2,433.98,0.0,433.98
O005247,C01020,WEB,2026-07-07 21:28:37,online,,1,79.99,0.0,79.99
O005248,C00013,WEB,2026-07-07 21:47:31,online,PR-2026-07,1,199.99,30.0,169.99
O005249,C00963,WEB,2026-07-08 09:21:45,online,,1,49.99,0.0,49.99
O005250,C00447,S23,2026-07-08 10:30:25,in_store,,1,84.99,0.0,84.99
O005251,C00102,S17,2026-07-08 11:37:37,in_store,PR-2026-07,1,129.99,19.5,110.49
O005252,C00987,S03,2026-07-08 11:39:46,in_store,,1,34.99,0.0,34.99
O005253,C00688,S05,2026-07-08 11:53:27,in_store,,1,49.99,0.0,49.99
O005254,C00871,S05,2026-07-08 12:27:09,in_store,,1,299.99,0.0,299.99
O005255,C00680,S07,2026-07-08 13:52:49,in_store,,1,84.99,0.0,84.99
O005256,C00310,S19,2026-07-08 15:51:23,in_store,,1,59.99,0.0,59.99
O005257,C00976,S21,2026-07-08 16:52:38,in_store,,2,494.98,0.0,494.98
O005258,C00731,S20,2026-07-08 17:49:14,in_store,,3,209.97,0.0,209.97
O005259,C01204,S24,2026-07-08 19:52:24,in_store,,1,99.99,0.0,99.99
O005260,C00328,WEB,2026-07-08 22:08:19,online,,3,403.97,0.0,403.97
O005261,C00414,WEB,2026-07-09 00:13:21,online,,1,149.99,0.0,149.99
O005262,C00240,S12,2026-07-09 10:19:34,in_store,PR-2026-07,5,289.95,21.0,268.95
O005263,C00587,S12,2026-07-09 11:30:22,in_store,,1,38.99,0.0,38.99
O005264,C01279,S06,2026-07-09 12:06:42,in_store,,2,233.98,0.0,233.98
O005265,C00031,S21,2026-07-09 12:20:22,in_store,,1,24.99,0.0,24.99
O005266,C00114,S09,2026-07-09 13:43:42,in_store,PR-2026-07,1,449.99,67.5,382.49
O005267,C00267,S06,2026-07-09 14:28:22,in_store,PR-2026-07,1,19.99,3.0,16.99
O005268,C00992,S16,2026-07-09 17:44:29,in_store,,1,79.99,0.0,79.99
O005269,C00097,S13,2026-07-09 17:47:03,in_store,,1,89.99,0.0,89.99
O005270,C00582,S04,2026-07-09 17:54:51,in_store,,1,149.99,0.0,149.99
O005271,C00340,WEB,2026-07-09 20:48:30,online,PR-2026-07,1,299.99,45.0,254.99
O005272,C00009,WEB,2026-07-10 09:15:35,online,,1,139.99,0.0,139.99
O005273,C01317,S03,2026-07-10 10:30:47,in_store,,1,49.99,0.0,49.99
O005274,C01159,S09,2026-07-10 12:22:55,in_store,,1,79.99,0.0,79.99
O005275,C01007,WEB,2026-07-10 12:35:40,online,,1,24.99,0.0,24.99
O005276,C00642,S09,2026-07-10 12:40:40,in_store,,2,179.98,0.0,179.98
O005277,C00445,WEB,2026-07-10 13:22:07,online,,2,89.98,0.0,89.98
O005278,C01091,S11,2026-07-10 14:36:00,in_store,,2,109.98,0.0,109.98
O005279,C00905,S05,2026-07-10 15:15:58,in_store,,2,119.98,0.0,119.98
O005280,C00228,S13,2026-07-10 15:52:02,in_store,,1,49.99,0.0,49.99
O005281,C01246,S06,2026-07-10 18:42:27,in_store,,2,349.98,0.0,349.98
O005282,C00839,S13,2026-07-10 19:29:20,in_store,,1,79.99,0.0,79.99
O005283,C01273,WEB,2026-07-10 21:05:17,online,,1,49.99,0.0,49.99
O005284,C00747,WEB,2026-07-11 08:31:30,online,,1,19.99,0.0,19.99
O005285,C01204,S24,2026-07-11 10:03:20,in_store,,1,94.99,0.0,94.99
O005286,C01417,S17,2026-07-11 10:19:11,in_store,,2,74.98,0.0,74.98
O005287,C01255,WEB,2026-07-11 11:01:51,online,,1,39.99,0.0,39.99
O005288,C01272,S02,2026-07-11 11:31:05,in_store,,2,359.98,0.0,359.98
O005289,C00795,S03,2026-07-11 11:55:53,in_store,PR-2026-07,1,129.99,19.5,110.49
O005290,C00961,S13,2026-07-11 12:11:32,in_store,,2,64.98,0.0,64.98
O005291,C00720,S03,2026-07-11 14:29:29,in_store,,1,59.99,0.0,59.99
O005292,C01134,S21,2026-07-11 14:49:51,in_store,,1,99.99,0.0,99.99
O005293,C00731,S20,2026-07-11 15:38:57,in_store,PR-2026-07,1,79.99,12.0,67.99
O005294,C00268,WEB,2026-07-11 16:57:48,online,PR-2026-07,1,49.99,7.5,42.49
O005295,C00864,S19,2026-07-11 16:59:55,in_store,,4,243.96,0.0,243.96
O005296,C00252,S05,2026-07-11 17:01:34,in_store,PR-2026-07,1,59.99,9.0,50.99
O005297,C01173,S18,2026-07-11 19:39:06,in_store,,1,349.99,0.0,349.99
O005298,C00228,S13,2026-07-11 19:56:35,in_store,,1,349.99,0.0,349.99
O005299,C00044,S10,2026-07-12 10:13:14,in_store,,2,119.98,0.0,119.98
O005300,C00939,WEB,2026-07-12 11:01:08,online,,2,154.98,0.0,154.98
O005301,C01418,S03,2026-07-12 11:31:37,in_store,PR-2026-07,5,649.95,60.0,589.95
O005302,C00697,S08,2026-07-12 12:28:04,in_store,,1,58.99,0.0,58.99
O005303,C00961,S13,2026-07-12 12:37:51,in_store,,3,519.97,0.0,519.97
O005304,C01204,S24,2026-07-12 13:00:16,in_store,PR-2026-07,3,249.97,13.5,236.47
O005305,C00515,S13,2026-07-12 14:33:53,in_store,,2,95.98,0.0,95.98
O005306,C00272,S17,2026-07-12 16:45:25,in_store,,1,169.99,0.0,169.99
O005307,C01356,S12,2026-07-12 17:41:49,in_store,,2,439.98,0.0,439.98
O005308,C01174,S22,2026-07-12 18:54:20,in_store,,4,279.96,0.0,279.96
O005309,C01076,S09,2026-07-12 20:33:15,in_store,PR-2026-07,3,139.97,18.0,121.97
O005310,C00213,WEB,2026-07-13 00:03:51,online,PR-2026-07,5,764.95,90.0,674.95
O005311,C00242,WEB,2026-07-13 08:13:00,online,,1,89.99,0.0,89.99
O005312,C00838,WEB,2026-07-13 09:42:21,online,,4,359.96,0.0,359.96
O005313,C00841,S01,2026-07-13 11:02:47,in_store,,1,99.99,0.0,99.99
O005314,C00998,S01,2026-07-13 12:01:37,in_store,,1,229.99,0.0,229.99
O005315,C01361,S17,2026-07-13 14:25:40,in_store,,4,1379.96,0.0,1379.96
O005316,C00044,S10,2026-07-13 16:16:02,in_store,,1,199.99,0.0,199.99
O005317,C01202,S18,2026-07-13 16:26:04,in_store,PR-2026-07,1,299.99,45.0,254.99
O005318,C01419,S20,2026-07-13 17:10:00,in_store,,1,49.99,0.0,49.99
O005319,C01220,S20,2026-07-13 18:33:15,in_store,,1,79.99,0.0,79.99
O005320,C01057,WEB,2026-07-13 19:58:30,online,PR-2026-07,1,299.99,45.0,254.99
O005321,C00431,S10,2026-07-14 12:13:37,in_store,,1,79.99,0.0,79.99
O005322,C00996,WEB,2026-07-14 14:07:36,online,,2,149.98,0.0,149.98
O005323,C00013,WEB,2026-07-14 14:25:53,online,,1,49.99,0.0,49.99
O005324,C01423,WEB,2026-07-14 17:37:55,online,,1,139.99,0.0,139.99
O005325,C00120,S23,2026-07-14 19:39:51,in_store,,1,149.99,0.0,149.99
O005326,C01285,S06,2026-07-14 19:59:45,in_store,PR-2026-07,1,69.99,10.5,59.49
O005327,C00717,S21,2026-07-14 20:54:19,in_store,,1,49.99,0.0,49.99
O005328,C00526,S19,2026-07-14 21:23:58,in_store,,3,169.97,0.0,169.97
O005329,C00520,S23,2026-07-14 21:25:37,in_store,PR-2026-07,1,79.99,12.0,67.99
O005330,C01038,WEB,2026-07-14 21:56:25,online,,1,39.99,0.0,39.99
O005331,C00219,WEB,2026-07-15 06:21:15,online,PR-2026-07,2,359.98,45.0,314.98
O005332,C00485,S10,2026-07-15 10:28:24,in_store,,1,199.99,0.0,199.99
O005333,C00419,S21,2026-07-15 10:41:38,in_store,,1,299.99,0.0,299.99
O005334,C00838,WEB,2026-07-15 11:11:16,online,PR-2026-07,2,1499.98,30.0,1469.98
O005335,C00802,S22,2026-07-15 12:28:13,in_store,,1,129.99,0.0,129.99
O005336,C00184,S20,2026-07-15 13:07:55,in_store,,1,349.99,0.0,349.99
O005337,C00293,S17,2026-07-15 14:38:27,in_store,,3,149.97,0.0,149.97
O005338,C00480,S21,2026-07-15 15:04:44,in_store,,2,119.98,0.0,119.98
O005339,C00103,S22,2026-07-15 16:26:39,in_store,,1,69.99,0.0,69.99
O005340,C01400,WEB,2026-07-15 16:56:40,online,,6,338.94,0.0,338.94
O005341,C00073,S07,2026-07-15 17:08:03,in_store,PR-2026-07,1,399.99,60.0,339.99
O005342,C00683,S10,2026-07-15 17:12:38,in_store,PR-2026-07,1,49.99,7.5,42.49
O005343,C00550,S21,2026-07-15 17:58:54,in_store,,1,139.99,0.0,139.99
O005344,C01424,S08,2026-07-15 18:18:22,in_store,PR-2026-07,2,309.98,19.5,290.48
O005345,C01280,S22,2026-07-15 20:40:47,in_store,PR-2026-07,2,749.98,60.0,689.98
O005346,C01128,S03,2026-07-15 20:42:19,in_store,PR-2026-07,2,189.98,13.5,176.48
O005347,C01255,S06,2026-07-15 20:58:03,in_store,,2,109.98,0.0,109.98
O005348,C01047,S12,2026-07-16 13:55:27,in_store,,2,259.98,0.0,259.98
O005349,C01300,S21,2026-07-16 13:58:46,in_store,PR-2026-07,1,139.99,21.0,118.99
O005350,C00841,S01,2026-07-16 15:03:18,in_store,,4,279.96,0.0,279.96
O005351,C00877,S21,2026-07-16 15:26:25,in_store,PR-2026-07,3,219.97,13.5,206.47
O005352,C00720,S03,2026-07-16 15:44:03,in_store,,1,129.99,0.0,129.99
O005353,C00103,S22,2026-07-16 16:22:47,in_store,,1,49.99,0.0,49.99
O005354,C00830,S07,2026-07-16 16:51:30,in_store,,1,79.99,0.0,79.99
O005355,C00813,S24,2026-07-16 17:38:39,in_store,,3,114.97,0.0,114.97
O005356,C00137,WEB,2026-07-16 17:38:45,online,,2,109.98,0.0,109.98
O005357,C01321,WEB,2026-07-16 17:46:10,online,,4,269.96,0.0,269.96
O005358,C00970,WEB,2026-07-16 17:51:46,online,PR-2026-07,1,19.99,3.0,16.99
O005359,C00991,S06,2026-07-16 18:19:43,in_store,,1,59.99,0.0,59.99
O005360,C00256,S04,2026-07-16 19:21:12,in_store,,1,59.99,0.0,59.99
O005361,C01224,WEB,2026-07-16 19:34:27,online,,2,799.98,0.0,799.98
O005362,C01376,S09,2026-07-16 19:48:45,in_store,,1,89.99,0.0,89.99
O005363,C01093,WEB,2026-07-16 21:24:03,online,,1,109.99,0.0,109.99
O005364,C01122,WEB,2026-07-17 10:26:41,online,,1,58.99,0.0,58.99
O005365,C00958,S21,2026-07-17 10:42:14,in_store,PR-2026-07,3,279.97,30.0,249.97
O005366,C00675,S13,2026-07-17 11:27:49,in_store,,1,49.99,0.0,49.99
O005367,C00387,S15,2026-07-17 12:31:33,in_store,PR-2026-07,4,279.96,7.5,272.46
O005368,C00969,S21,2026-07-17 13:33:33,in_store,,1,129.99,0.0,129.99
O005369,C01099,S07,2026-07-17 13:34:14,in_store,,1,399.99,0.0,399.99
O005370,C00735,S21,2026-07-17 13:58:31,in_store,,2,99.98,0.0,99.98
O005371,C00643,S02,2026-07-17 14:32:46,in_store,,1,59.99,0.0,59.99
O005372,C00908,WEB,2026-07-17 14:56:33,online,,1,43.99,0.0,43.99
O005373,C00536,WEB,2026-07-17 15:22:18,online,,1,14.99,0.0,14.99
O005374,C01024,S11,2026-07-17 16:17:14,in_store,PR-2026-07,2,424.98,60.0,364.98
O005375,C00402,S09,2026-07-17 18:13:29,in_store,PR-2026-07,6,384.94,22.5,362.44
O005376,C00984,S07,2026-07-17 18:55:40,in_store,,1,999.99,0.0,999.99
O005377,C00638,S13,2026-07-17 19:34:01,in_store,,2,183.98,0.0,183.98
O005378,C01425,WEB,2026-07-17 23:37:57,online,PR-2026-07,2,279.98,30.0,249.98
O005379,C00456,WEB,2026-07-18 06:33:07,online,,1,55.99,0.0,55.99
O005380,C00582,WEB,2026-07-18 07:33:56,online,,1,24.99,0.0,24.99
O005381,C01308,WEB,2026-07-18 09:33:31,online,,1,89.99,0.0,89.99
O005382,C00723,S07,2026-07-18 11:46:29,in_store,,2,489.98,0.0,489.98
O005383,C01199,S07,2026-07-18 11:56:58,in_store,,2,119.98,0.0,119.98
O005384,C00962,S19,2026-07-18 13:23:44,in_store,,1,149.99,0.0,149.99
O005385,C00848,S05,2026-07-18 13:33:39,in_store,,1,199.99,0.0,199.99
O005386,C00533,WEB,2026-07-18 13:44:27,online,PR-2026-07,4,499.96,48.0,451.96
O005387,C00043,S23,2026-07-18 13:59:10,in_store,,2,299.98,0.0,299.98
O005388,C00636,S01,2026-07-18 14:43:16,in_store,,1,14.99,0.0,14.99
O005389,C00775,WEB,2026-07-18 16:51:31,online,,2,499.98,0.0,499.98
O005390,C01426,S12,2026-07-18 17:02:04,in_store,,2,159.98,0.0,159.98
O005391,C01041,WEB,2026-07-18 17:25:49,online,PR-2026-07,2,339.98,45.0,294.98
O005392,C00065,S21,2026-07-18 18:27:34,in_store,,1,49.99,0.0,49.99
O005393,C01340,S08,2026-07-18 19:33:46,in_store,PR-2026-07,2,219.98,10.5,209.48
O005394,C00272,S17,2026-07-18 20:52:36,in_store,,1,59.99,0.0,59.99
O005395,C01295,WEB,2026-07-18 23:02:18,online,,1,69.99,0.0,69.99
O005396,C00964,S07,2026-07-19 11:15:01,in_store,,1,79.99,0.0,79.99
O005397,C00272,S17,2026-07-19 11:46:15,in_store,,1,139.99,0.0,139.99
O005398,C00279,S02,2026-07-19 12:44:42,in_store,,1,199.99,0.0,199.99
O005399,C00959,S13,2026-07-19 13:18:02,in_store,,1,299.99,0.0,299.99
O005400,C00590,WEB,2026-07-19 14:10:27,online,,2,679.98,0.0,679.98
O005401,C01367,S23,2026-07-19 14:30:41,in_store,,1,89.99,0.0,89.99
O005402,C00069,WEB,2026-07-19 14:41:51,online,,1,29.99,0.0,29.99
O005403,C00604,S13,2026-07-19 15:05:31,in_store,,1,59.99,0.0,59.99
O005404,C00027,S13,2026-07-19 15:41:46,in_store,,1,399.99,0.0,399.99
O005405,C00776,WEB,2026-07-19 15:58:07,online,,1,99.99,0.0,99.99
O005406,C01284,S07,2026-07-19 16:53:38,in_store,,1,44.99,0.0,44.99
O005407,C01055,S11,2026-07-19 17:37:54,in_store,,2,839.98,0.0,839.98
O005408,C00464,WEB,2026-07-19 17:45:20,online,PR-2026-07,1,129.99,19.5,110.49
O005409,C00775,S06,2026-07-19 19:48:56,in_store,,1,349.99,0.0,349.99
O005410,C01132,WEB,2026-07-20 09:04:06,online,,4,174.96,0.0,174.96
O005411,C00770,S22,2026-07-20 10:13:53,in_store,,1,149.99,0.0,149.99
O005412,C00491,S22,2026-07-20 10:16:11,in_store,,1,149.99,0.0,149.99
O005413,C00280,S22,2026-07-20 11:11:51,in_store,,1,29.99,0.0,29.99
O005414,C00239,S05,2026-07-20 11:48:42,in_store,,3,159.97,0.0,159.97
O005415,C01172,S06,2026-07-20 12:43:30,in_store,,1,79.99,0.0,79.99
O005416,C00363,S20,2026-07-20 13:15:16,in_store,,1,89.99,0.0,89.99
O005417,C00434,S13,2026-07-20 14:25:03,in_store,,1,29.99,0.0,29.99
O005418,C00103,S22,2026-07-20 15:43:43,in_store,,1,49.99,0.0,49.99
O005419,C00903,S06,2026-07-20 15:55:44,in_store,,1,189.99,0.0,189.99
O005420,C01255,S06,2026-07-20 16:37:24,in_store,,3,79.97,0.0,79.97
O005421,C00606,S12,2026-07-20 16:50:00,in_store,,1,79.99,0.0,79.99
O005422,C00962,S19,2026-07-20 17:21:15,in_store,,2,89.98,0.0,89.98
O005423,C00445,WEB,2026-07-20 17:51:28,online,,4,649.96,0.0,649.96
O005424,C01428,S05,2026-07-20 19:53:30,in_store,,2,109.98,0.0,109.98
O005425,C01268,WEB,2026-07-20 21:43:28,online,,2,109.98,0.0,109.98
O005426,C01431,S01,2026-07-21 09:15:58,in_store,,1,19.99,0.0,19.99
O005427,C01158,WEB,2026-07-21 09:35:26,online,,4,649.96,0.0,649.96
O005428,C00124,S01,2026-07-21 10:08:39,in_store,,1,49.99,0.0,49.99
O005429,C01076,S09,2026-07-21 12:28:32,in_store,,2,409.98,0.0,409.98
O005430,C01000,S07,2026-07-21 13:22:03,in_store,,1,449.99,0.0,449.99
O005431,C00593,S08,2026-07-21 14:01:01,in_store,,1,55.99,0.0,55.99
O005432,C01251,S19,2026-07-21 16:31:16,in_store,,5,254.95,0.0,254.95
O005433,C00987,S03,2026-07-21 16:35:35,in_store,,1,99.99,0.0,99.99
O005434,C01201,WEB,2026-07-21 16:46:46,online,,2,80.98,0.0,80.98
O005435,C01360,WEB,2026-07-21 18:44:38,online,,1,99.99,0.0,99.99
O005436,C00961,S14,2026-07-21 19:36:57,in_store,,1,299.99,0.0,299.99
O005437,C00171,S21,2026-07-22 11:22:32,in_store,,2,154.98,0.0,154.98
O005438,C00009,WEB,2026-07-22 12:00:37,online,,2,239.98,0.0,239.98
O005439,C01040,S03,2026-07-22 12:45:30,in_store,,1,179.99,0.0,179.99
O005440,C01253,S21,2026-07-22 14:19:17,in_store,,2,229.98,0.0,229.98
O005441,C00804,S21,2026-07-22 15:01:31,in_store,,2,39.98,0.0,39.98
O005442,C00772,S19,2026-07-22 15:12:01,in_store,,3,169.97,0.0,169.97
O005443,C01381,S20,2026-07-22 19:48:36,in_store,,1,299.99,0.0,299.99
O005444,C01432,S06,2026-07-22 20:13:04,in_store,,1,199.99,0.0,199.99
O005445,C01038,WEB,2026-07-22 22:38:01,online,,1,199.99,0.0,199.99
O005446,C00630,S15,2026-07-23 14:30:12,in_store,,2,108.98,0.0,108.98
O005447,C00065,S21,2026-07-23 17:16:30,in_store,,1,199.99,0.0,199.99
O005448,C01205,WEB,2026-07-23 18:01:44,online,,2,319.98,0.0,319.98
O005449,C00082,WEB,2026-07-23 20:24:09,online,,2,139.98,0.0,139.98
O005450,C01430,WEB,2026-07-23 20:25:00,online,,1,99.99,0.0,99.99
O005451,C00072,S22,2026-07-24 13:01:33,in_store,,1,299.99,0.0,299.99
O005452,C01013,S13,2026-07-24 14:05:31,in_store,,4,799.96,0.0,799.96
O005453,C01265,S21,2026-07-24 15:00:22,in_store,,3,249.97,0.0,249.97
O005454,C01070,S14,2026-07-24 16:10:28,in_store,,1,59.99,0.0,59.99
O005455,C01417,S17,2026-07-24 18:58:53,in_store,,1,25.99,0.0,25.99
O005456,C00398,WEB,2026-07-25 09:32:31,online,,2,253.98,0.0,253.98
O005457,C00789,S09,2026-07-25 09:50:55,in_store,,2,119.98,0.0,119.98
O005458,C01173,S18,2026-07-25 10:35:10,in_store,,2,228.98,0.0,228.98
O005459,C00871,S01,2026-07-25 10:46:07,in_store,,2,179.98,0.0,179.98
O005460,C01434,S24,2026-07-25 11:02:58,in_store,,1,29.99,0.0,29.99
O005461,C00579,S18,2026-07-25 11:19:55,in_store,,1,14.99,0.0,14.99
O005462,C01243,S19,2026-07-25 11:38:22,in_store,,1,169.99,0.0,169.99
O005463,C00184,S20,2026-07-25 12:43:38,in_store,,1,59.99,0.0,59.99
O005464,C01414,S05,2026-07-25 12:53:38,in_store,,1,49.99,0.0,49.99
O005465,C01433,S21,2026-07-25 13:36:53,in_store,,1,299.99,0.0,299.99
O005466,C00252,S05,2026-07-25 13:47:07,in_store,,1,349.99,0.0,349.99
O005467,C00551,S07,2026-07-25 13:50:21,in_store,,1,49.99,0.0,49.99
O005468,C00154,S21,2026-07-25 14:13:55,in_store,,1,99.99,0.0,99.99
O005469,C00536,WEB,2026-07-25 15:05:29,online,,3,359.97,0.0,359.97
O005470,C00750,S13,2026-07-25 16:02:16,in_store,,3,269.97,0.0,269.97
O005471,C01239,S12,2026-07-25 16:05:17,in_store,,2,179.98,0.0,179.98
O005472,C00296,WEB,2026-07-25 16:32:39,online,,4,579.96,0.0,579.96
O005473,C01041,S21,2026-07-25 16:55:43,in_store,,1,599.99,0.0,599.99
O005474,C00842,WEB,2026-07-25 19:02:18,online,,2,79.98,0.0,79.98
O005475,C00587,S12,2026-07-25 20:31:38,in_store,,3,208.97,0.0,208.97
O005476,C00207,S02,2026-07-26 10:43:57,in_store,,1,129.99,0.0,129.99
O005477,C01346,S20,2026-07-26 11:51:41,in_store,,2,209.98,0.0,209.98
O005478,C01349,WEB,2026-07-26 12:37:34,online,,2,39.98,0.0,39.98
O005479,C01215,S11,2026-07-26 12:52:04,in_store,,1,14.99,0.0,14.99
O005480,C00456,S22,2026-07-26 16:00:06,in_store,,2,159.98,0.0,159.98
O005481,C01423,S15,2026-07-26 19:03:03,in_store,,3,164.97,0.0,164.97
O005482,C00055,WEB,2026-07-26 22:57:14,online,,2,39.98,0.0,39.98
O005483,C00936,S04,2026-07-27 10:59:15,in_store,,2,114.98,0.0,114.98
O005484,C01268,WEB,2026-07-27 11:27:56,online,,1,89.99,0.0,89.99
O005485,C00527,S16,2026-07-27 11:29:16,in_store,,3,248.97,0.0,248.97
O005486,C00013,WEB,2026-07-27 12:04:36,online,,2,219.98,0.0,219.98
O005487,C00110,S02,2026-07-27 16:43:41,in_store,,1,129.99,0.0,129.99
O005488,C01000,S07,2026-07-27 16:53:56,in_store,,2,339.98,0.0,339.98
O005489,C00848,S05,2026-07-27 17:05:44,in_store,,1,199.99,0.0,199.99
O005490,C00939,S13,2026-07-27 17:30:15,in_store,,1,79.99,0.0,79.99
O005491,C00378,S18,2026-07-27 17:40:03,in_store,,3,279.97,0.0,279.97
O005492,C00462,S11,2026-07-27 19:56:45,in_store,,2,49.98,0.0,49.98
O005493,C00894,S20,2026-07-28 12:47:46,in_store,,1,59.99,0.0,59.99
O005494,C00399,S07,2026-07-28 12:51:41,in_store,,3,254.97,0.0,254.97
O005495,C00958,S21,2026-07-28 14:03:08,in_store,,2,324.98,0.0,324.98
O005496,C01299,S01,2026-07-28 15:19:01,in_store,,1,79.99,0.0,79.99
O005497,C00398,S06,2026-07-28 16:06:42,in_store,,1,14.99,0.0,14.99
O005498,C01202,S18,2026-07-28 16:15:32,in_store,,1,89.99,0.0,89.99
O005499,C01296,S04,2026-07-28 16:28:04,in_store,,1,89.99,0.0,89.99
O005500,C01435,S05,2026-07-28 17:14:54,in_store,,1,89.99,0.0,89.99
O005501,C00445,WEB,2026-07-28 17:16:23,online,,1,59.99,0.0,59.99
O005502,C00280,S22,2026-07-28 17:49:56,in_store,,2,59.98,0.0,59.98
O005503,C00186,WEB,2026-07-28 18:18:58,online,,1,349.99,0.0,349.99
O005504,C00030,S19,2026-07-28 18:38:11,in_store,,1,99.99,0.0,99.99
O005505,C01436,S11,2026-07-28 19:57:12,in_store,,2,139.98,0.0,139.98
O005506,C00687,WEB,2026-07-28 21:46:17,online,,2,139.98,0.0,139.98
O005507,C01438,S12,2026-07-29 09:35:13,in_store,,1,79.99,0.0,79.99
O005508,C00103,S22,2026-07-29 11:36:49,in_store,,1,99.99,0.0,99.99
O005509,C00347,S09,2026-07-29 12:51:28,in_store,,1,129.99,0.0,129.99
O005510,C01332,S05,2026-07-29 13:09:13,in_store,,4,504.96,0.0,504.96
O005511,C00154,S21,2026-07-29 13:24:04,in_store,,1,49.99,0.0,49.99
O005512,C01366,S05,2026-07-29 15:41:35,in_store,,1,44.99,0.0,44.99
O005513,C00642,S09,2026-07-29 17:14:41,in_store,,1,39.99,0.0,39.99
O005514,C00893,WEB,2026-07-29 17:28:30,online,,4,309.96,0.0,309.96
O005515,C01063,WEB,2026-07-29 19:12:29,online,,1,79.99,0.0,79.99
O005516,C00970,WEB,2026-07-29 21:36:39,online,,1,199.99,0.0,199.99
O005517,C00076,S21,2026-07-30 10:22:01,in_store,,1,349.99,0.0,349.99
O005518,C00082,WEB,2026-07-30 11:15:35,online,,1,199.99,0.0,199.99
O005519,C01441,S05,2026-07-30 11:28:47,in_store,,1,129.99,0.0,129.99
O005520,C00296,WEB,2026-07-30 11:29:32,online,,2,109.98,0.0,109.98
O005521,C00591,S11,2026-07-30 13:18:35,in_store,,1,89.99,0.0,89.99
O005522,C01418,S03,2026-07-30 13:27:17,in_store,,2,229.98,0.0,229.98
O005523,C00995,S13,2026-07-30 15:16:31,in_store,,1,129.99,0.0,129.99
O005524,C00267,S06,2026-07-30 16:16:13,in_store,,3,364.97,0.0,364.97
O005525,C00844,S20,2026-07-30 16:58:30,in_store,,2,64.98,0.0,64.98
O005526,C00550,S21,2026-07-30 18:24:32,in_store,,1,119.99,0.0,119.99
O005527,C01417,WEB,2026-07-30 23:43:47,online,,1,89.99,0.0,89.99
O005528,C00784,S14,2026-07-31 11:06:13,in_store,,1,89.99,0.0,89.99
O005529,C00603,S21,2026-07-31 15:31:56,in_store,,1,59.99,0.0,59.99
O005530,C00120,S21,2026-07-31 16:06:58,in_store,,1,19.99,0.0,19.99
O005531,C01163,S02,2026-07-31 16:31:50,in_store,,3,359.97,0.0,359.97
O005532,C01353,S03,2026-07-31 16:55:06,in_store,,1,79.99,0.0,79.99
O005533,C00844,S20,2026-07-31 17:18:50,in_store,,1,59.99,0.0,59.99
O005534,C00255,S14,2026-07-31 18:07:48,in_store,,3,199.97,0.0,199.97
O005535,C01310,S21,2026-07-31 20:58:10,in_store,,1,449.99,0.0,449.99
O005536,C01277,WEB,2026-08-01 06:49:02,online,PR-2026-08,2,79.98,9.0,70.98
O005537,C00020,S20,2026-08-01 13:22:40,in_store,,2,199.98,0.0,199.98
O005538,C01365,S22,2026-08-01 13:54:12,in_store,,4,194.96,0.0,194.96
O005539,C01130,S01,2026-08-01 14:01:48,in_store,PR-2026-08,1,69.99,10.5,59.49
O005540,C00534,S01,2026-08-01 16:16:33,in_store,PR-2026-08,1,29.99,4.5,25.49
O005541,C00815,S15,2026-08-01 18:02:14,in_store,,2,119.98,0.0,119.98
O005542,C00195,S06,2026-08-01 20:13:09,in_store,PR-2026-08,4,289.96,43.5,246.46
O005543,C00373,WEB,2026-08-01 20:47:33,online,,2,539.98,0.0,539.98
O005544,C00880,WEB,2026-08-01 21:29:16,online,,2,679.98,0.0,679.98
O005545,C00603,WEB,2026-08-01 21:56:05,online,PR-2026-08,1,89.99,13.5,76.49
O005546,C00087,WEB,2026-08-02 08:53:15,online,,2,279.98,0.0,279.98
O005547,C00480,S21,2026-08-02 09:27:53,in_store,,1,54.99,0.0,54.99
O005548,C00792,WEB,2026-08-02 11:34:10,online,PR-2026-08,2,119.98,7.5,112.48
O005549,C00863,S12,2026-08-02 13:38:06,in_store,,3,129.97,0.0,129.97
O005550,C01285,WEB,2026-08-02 14:09:51,online,,1,199.99,0.0,199.99
O005551,C01354,S18,2026-08-02 14:46:04,in_store,,1,129.99,0.0,129.99
O005552,C00286,S16,2026-08-02 14:46:54,in_store,,1,349.99,0.0,349.99
O005553,C00030,S19,2026-08-02 17:02:55,in_store,PR-2026-08,3,169.97,13.5,156.47
O005554,C00220,WEB,2026-08-02 17:20:20,online,,1,14.99,0.0,14.99
O005555,C00469,WEB,2026-08-02 17:33:25,online,,3,638.97,0.0,638.97
O005556,C01442,S10,2026-08-03 11:56:24,in_store,,1,49.99,0.0,49.99
O005557,C00751,WEB,2026-08-03 12:02:44,online,,2,119.98,0.0,119.98
O005558,C00396,S13,2026-08-03 12:20:15,in_store,,4,799.96,0.0,799.96
O005559,C00429,S09,2026-08-03 13:02:40,in_store,,1,199.99,0.0,199.99
O005560,C00340,WEB,2026-08-03 13:58:52,online,,2,379.98,0.0,379.98
O005561,C00028,S13,2026-08-03 14:23:20,in_store,,1,89.99,0.0,89.99
O005562,C00775,WEB,2026-08-03 15:34:09,online,,1,79.99,0.0,79.99
O005563,C01124,WEB,2026-08-03 16:12:41,online,,2,259.98,0.0,259.98
O005564,C00879,S08,2026-08-03 16:39:17,in_store,,1,199.99,0.0,199.99
O005565,C00069,S15,2026-08-03 17:26:34,in_store,,2,104.98,0.0,104.98
O005566,C01070,S14,2026-08-03 18:50:02,in_store,,1,69.99,0.0,69.99
O005567,C01228,S13,2026-08-03 19:43:57,in_store,,1,49.99,0.0,49.99
O005568,C01443,WEB,2026-08-04 07:21:49,online,,1,79.99,0.0,79.99
O005569,C00830,S07,2026-08-04 12:24:15,in_store,,1,94.99,0.0,94.99
O005570,C01204,S24,2026-08-04 12:39:30,in_store,,1,59.99,0.0,59.99
O005571,C00365,S05,2026-08-04 14:40:37,in_store,,3,149.97,0.0,149.97
O005572,C00590,WEB,2026-08-04 15:42:04,online,,1,24.99,0.0,24.99
O005573,C00076,S21,2026-08-04 15:47:29,in_store,PR-2026-08,2,179.98,27.0,152.98
O005574,C00907,S13,2026-08-04 17:25:20,in_store,,1,59.99,0.0,59.99
O005575,C00726,WEB,2026-08-04 17:49:07,online,,1,59.99,0.0,59.99
O005576,C00728,S21,2026-08-04 18:12:21,in_store,,1,449.99,0.0,449.99
O005577,C00776,WEB,2026-08-04 19:35:33,online,,2,129.98,0.0,129.98
O005578,C00696,WEB,2026-08-04 19:42:25,online,,2,39.98,0.0,39.98
O005579,C01384,WEB,2026-08-05 08:14:03,online,,2,99.98,0.0,99.98
O005580,C00068,S21,2026-08-05 13:32:10,in_store,,2,109.98,0.0,109.98
O005581,C01153,S14,2026-08-05 14:03:41,in_store,,1,149.99,0.0,149.99
O005582,C00069,S15,2026-08-05 14:04:50,in_store,PR-2026-08,2,99.98,15.0,84.98
O005583,C00449,S17,2026-08-05 14:07:15,in_store,,1,189.99,0.0,189.99
O005584,C00961,S13,2026-08-05 14:09:16,in_store,PR-2026-08,2,269.98,6.0,263.98
O005585,C00959,S13,2026-08-05 15:24:00,in_store,,1,55.99,0.0,55.99
O005586,C01224,WEB,2026-08-05 15:28:24,online,PR-2026-08,1,59.99,9.0,50.99
O005587,C00542,WEB,2026-08-05 16:30:57,online,,1,399.99,0.0,399.99
O005588,C01065,S10,2026-08-05 16:35:42,in_store,PR-2026-08,2,169.98,25.5,144.48
O005589,C00540,WEB,2026-08-05 17:14:54,online,,2,229.98,0.0,229.98
O005590,C01222,S22,2026-08-05 18:41:32,in_store,,1,58.99,0.0,58.99
O005591,C00267,S06,2026-08-05 20:30:07,in_store,PR-2026-08,2,179.98,13.5,166.48
O005592,C01020,WEB,2026-08-05 21:45:57,online,,1,49.99,0.0,49.99
O005593,C01020,WEB,2026-08-06 09:30:54,online,,1,49.99,0.0,49.99
O005594,C01433,S23,2026-08-06 10:17:47,in_store,,2,183.98,0.0,183.98
O005595,C00377,S21,2026-08-06 11:35:08,in_store,,1,43.99,0.0,43.99
O005596,C01448,S23,2026-08-06 12:19:59,in_store,,1,89.99,0.0,89.99
O005597,C01325,S20,2026-08-06 13:48:32,in_store,,2,89.98,0.0,89.98
O005598,C01449,S11,2026-08-06 15:44:36,in_store,,2,379.98,0.0,379.98
O005599,C00506,S13,2026-08-06 16:48:13,in_store,PR-2026-08,1,29.99,4.5,25.49
O005600,C00092,S07,2026-08-06 17:08:44,in_store,,1,19.99,0.0,19.99
O005601,C00588,S12,2026-08-06 17:27:37,in_store,,2,149.98,0.0,149.98
O005602,C00184,WEB,2026-08-06 17:55:19,online,,2,119.98,0.0,119.98
O005603,C00950,S19,2026-08-06 18:51:28,in_store,,1,79.99,0.0,79.99
O005604,C00665,S04,2026-08-06 19:30:52,in_store,,3,209.97,0.0,209.97
O005605,C00918,WEB,2026-08-06 19:45:47,online,,1,1299.99,0.0,1299.99
O005606,C00221,S06,2026-08-07 09:49:45,in_store,PR-2026-08,1,59.99,9.0,50.99
O005607,C01350,S13,2026-08-07 12:27:12,in_store,,1,199.99,0.0,199.99
O005608,C01218,S23,2026-08-07 12:35:15,in_store,,1,89.99,0.0,89.99
O005609,C01249,S15,2026-08-07 14:44:19,in_store,,2,199.98,0.0,199.98
O005610,C01001,WEB,2026-08-07 15:36:35,online,,2,288.98,0.0,288.98
O005611,C01244,S17,2026-08-07 15:48:48,in_store,,3,259.97,0.0,259.97
O005612,C00964,S07,2026-08-07 17:48:58,in_store,,3,269.97,0.0,269.97
O005613,C00506,S13,2026-08-07 18:23:54,in_store,PR-2026-08,3,233.97,32.1,201.87
O005614,C01302,S21,2026-08-07 19:28:01,in_store,,5,294.95,0.0,294.95
O005615,C00296,WEB,2026-08-07 23:48:31,online,,1,29.99,0.0,29.99
O005616,C00163,S11,2026-08-08 11:52:44,in_store,PR-2026-08,1,59.99,9.0,50.99
O005617,C00720,S03,2026-08-08 12:05:24,in_store,,1,39.99,0.0,39.99
O005618,C00469,WEB,2026-08-08 12:28:54,online,,1,229.99,0.0,229.99
O005619,C01202,S18,2026-08-08 13:35:11,in_store,PR-2026-08,1,128.99,19.35,109.64
O005620,C00764,S17,2026-08-08 15:09:41,in_store,,1,69.99,0.0,69.99
O005621,C01426,S09,2026-08-08 15:22:23,in_store,,1,79.99,0.0,79.99
O005622,C01450,S22,2026-08-08 15:27:40,in_store,,2,44.98,0.0,44.98
O005623,C00783,S09,2026-08-08 16:16:01,in_store,,2,259.98,0.0,259.98
O005624,C00102,S17,2026-08-08 16:18:41,in_store,,1,39.99,0.0,39.99
O005625,C01099,S09,2026-08-08 17:07:05,in_store,,1,79.99,0.0,79.99
O005626,C01397,S02,2026-08-08 17:26:36,in_store,,1,25.99,0.0,25.99
O005627,C00176,S07,2026-08-08 17:51:12,in_store,,1,189.99,0.0,189.99
O005628,C00027,S13,2026-08-08 18:17:08,in_store,PR-2026-08,3,459.97,9.0,450.97
O005629,C01006,WEB,2026-08-08 18:34:14,online,,1,43.99,0.0,43.99
O005630,C00779,WEB,2026-08-08 21:23:47,online,PR-2026-08,1,89.99,13.5,76.49
O005631,C00877,S21,2026-08-09 10:04:22,in_store,,1,89.99,0.0,89.99
O005632,C00431,S10,2026-08-09 10:21:36,in_store,,1,89.99,0.0,89.99
O005633,C00239,S03,2026-08-09 10:35:34,in_store,,1,99.99,0.0,99.99
O005634,C01195,WEB,2026-08-09 10:47:10,online,,1,89.99,0.0,89.99
O005635,C01452,S17,2026-08-09 11:05:56,in_store,,1,349.99,0.0,349.99
O005636,C00886,S07,2026-08-09 14:33:08,in_store,PR-2026-08,4,819.96,12.0,807.96
O005637,C00731,S21,2026-08-09 16:44:37,in_store,,1,1299.99,0.0,1299.99
O005638,C00479,S21,2026-08-09 17:58:20,in_store,,2,79.98,0.0,79.98
O005639,C01301,S21,2026-08-09 18:47:30,in_store,,1,69.99,0.0,69.99
O005640,C01246,S06,2026-08-09 18:48:22,in_store,,1,55.99,0.0,55.99
O005641,C01020,S13,2026-08-09 18:57:12,in_store,,2,319.98,0.0,319.98
O005642,C01254,S24,2026-08-09 19:34:28,in_store,,2,98.98,0.0,98.98
O005643,C00672,S01,2026-08-10 13:48:54,in_store,,1,89.99,0.0,89.99
O005644,C00767,S10,2026-08-10 14:56:11,in_store,,1,89.99,0.0,89.99
O005645,C00376,S07,2026-08-10 15:08:44,in_store,,1,999.99,0.0,999.99
O005646,C01263,S14,2026-08-10 16:33:07,in_store,,3,149.97,0.0,149.97
O005647,C01346,S20,2026-08-10 18:13:36,in_store,,5,584.95,0.0,584.95
O005648,C01446,S04,2026-08-10 20:42:32,in_store,,1,199.99,0.0,199.99
O005649,C00936,WEB,2026-08-10 21:52:47,online,,4,159.96,0.0,159.96
O005650,C00082,WEB,2026-08-11 11:05:55,online,,1,129.99,0.0,129.99
O005651,C00782,WEB,2026-08-11 13:50:31,online,,1,649.99,0.0,649.99
O005652,C01040,S03,2026-08-11 14:13:40,in_store,PR-2026-08,1,49.99,7.5,42.49
O005653,C01357,S01,2026-08-11 15:12:33,in_store,,3,1019.97,0.0,1019.97
O005654,C00026,S17,2026-08-11 16:04:14,in_store,,2,254.98,0.0,254.98
O005655,C00381,WEB,2026-08-11 16:26:41,online,,1,199.99,0.0,199.99
O005656,C00903,S06,2026-08-11 16:58:55,in_store,,1,99.99,0.0,99.99
O005657,C01299,S03,2026-08-11 17:15:44,in_store,,4,134.96,0.0,134.96
O005658,C00016,WEB,2026-08-11 18:46:52,online,,1,299.99,0.0,299.99
O005659,C00485,S10,2026-08-11 19:04:53,in_store,PR-2026-08,3,219.97,13.5,206.47
O005660,C00779,WEB,2026-08-12 10:39:27,online,,1,99.99,0.0,99.99
O005661,C00636,S01,2026-08-12 11:12:37,in_store,PR-2026-08,2,139.98,12.75,127.23
O005662,C01261,WEB,2026-08-12 11:22:20,online,,1,139.99,0.0,139.99
O005663,C00591,S11,2026-08-12 11:37:03,in_store,,1,89.99,0.0,89.99
O005664,C01204,S24,2026-08-12 12:35:08,in_store,PR-2026-08,1,19.99,3.0,16.99
O005665,C00959,S13,2026-08-12 13:23:33,in_store,,1,19.99,0.0,19.99
O005666,C01455,S21,2026-08-12 13:33:38,in_store,,1,79.99,0.0,79.99
O005667,C00638,S17,2026-08-12 14:53:54,in_store,,1,699.99,0.0,699.99
O005668,C00550,S21,2026-08-12 15:15:41,in_store,PR-2026-08,1,29.99,4.5,25.49
O005669,C00950,S19,2026-08-12 16:35:08,in_store,,1,29.99,0.0,29.99
O005670,C01321,S19,2026-08-12 17:43:23,in_store,,1,99.99,0.0,99.99
O005671,C00373,WEB,2026-08-12 17:52:46,online,,2,99.98,0.0,99.98
O005672,C00649,WEB,2026-08-12 20:14:29,online,,1,129.99,0.0,129.99
O005673,C01280,WEB,2026-08-12 21:08:32,online,,1,1299.99,0.0,1299.99
O005674,C00184,WEB,2026-08-13 01:10:06,online,,4,379.96,0.0,379.96
O005675,C01410,S01,2026-08-13 10:47:23,in_store,,1,139.99,0.0,139.99
O005676,C01453,WEB,2026-08-13 11:15:37,online,,1,299.99,0.0,299.99
O005677,C01210,S01,2026-08-13 12:21:24,in_store,,3,269.97,0.0,269.97
O005678,C00445,WEB,2026-08-13 17:05:22,online,,1,19.99,0.0,19.99
O005679,C01419,S20,2026-08-13 17:14:31,in_store,,2,229.98,0.0,229.98
O005680,C00565,S09,2026-08-13 17:35:39,in_store,,1,449.99,0.0,449.99
O005681,C00667,S02,2026-08-13 18:26:45,in_store,,3,294.97,0.0,294.97
O005682,C00852,S13,2026-08-13 19:01:18,in_store,PR-2026-08,3,499.97,66.0,433.97
O005683,C01057,WEB,2026-08-13 21:55:53,online,,1,59.99,0.0,59.99
O005684,C00996,WEB,2026-08-13 23:46:30,online,,1,89.99,0.0,89.99
O005685,C00069,S15,2026-08-14 11:08:45,in_store,,1,49.99,0.0,49.99
O005686,C00969,S21,2026-08-14 13:23:22,in_store,,1,69.99,0.0,69.99
O005687,C00770,WEB,2026-08-14 13:25:34,online,,1,149.99,0.0,149.99
O005688,C01076,S09,2026-08-14 14:35:20,in_store,,1,79.99,0.0,79.99
O005689,C01020,WEB,2026-08-14 15:04:23,online,PR-2026-08,3,239.97,12.0,227.97
O005690,C01250,S12,2026-08-14 16:15:24,in_store,,2,439.98,0.0,439.98
O005691,C00590,WEB,2026-08-14 18:05:19,online,,1,19.99,0.0,19.99
O005692,C00034,WEB,2026-08-14 23:24:12,online,,2,369.98,0.0,369.98
O005693,C01240,S22,2026-08-15 10:35:30,in_store,,3,59.97,0.0,59.97
O005694,C00903,S06,2026-08-15 10:42:19,in_store,,1,349.99,0.0,349.99
O005695,C01125,S01,2026-08-15 10:55:15,in_store,,1,84.99,0.0,84.99
O005696,C01110,S22,2026-08-15 11:09:37,in_store,,1,39.99,0.0,39.99
O005697,C00880,WEB,2026-08-15 11:25:30,online,,1,79.99,0.0,79.99
O005698,C00548,S22,2026-08-15 11:48:17,in_store,,2,449.98,0.0,449.98
O005699,C00590,WEB,2026-08-15 11:58:52,online,,5,179.95,0.0,179.95
O005700,C00904,S02,2026-08-15 14:04:50,in_store,,1,149.99,0.0,149.99
O005701,C01391,S22,2026-08-15 14:06:17,in_store,,3,658.97,0.0,658.97
O005702,C00211,S06,2026-08-15 14:14:10,in_store,,2,499.98,0.0,499.98
O005703,C01198,S06,2026-08-15 15:12:23,in_store,,1,49.99,0.0,49.99
O005704,C00509,S13,2026-08-15 18:48:47,in_store,,1,58.99,0.0,58.99
O005705,C00202,S09,2026-08-15 18:59:01,in_store,,1,119.99,0.0,119.99
O005706,C00472,WEB,2026-08-15 19:12:31,online,,1,89.99,0.0,89.99
O005707,C00069,S15,2026-08-15 21:52:55,in_store,,2,109.98,0.0,109.98
O005708,C01153,S14,2026-08-16 12:11:58,in_store,,1,149.99,0.0,149.99
O005709,C00120,S21,2026-08-16 13:07:20,in_store,,2,138.98,0.0,138.98
O005710,C00222,S16,2026-08-16 15:11:59,in_store,PR-2026-08,1,59.99,9.0,50.99
O005711,C01254,S24,2026-08-16 16:10:20,in_store,,1,55.99,0.0,55.99
O005712,C00209,S03,2026-08-16 18:31:17,in_store,,1,59.99,0.0,59.99
O005713,C01212,S06,2026-08-16 18:37:21,in_store,,3,309.97,0.0,309.97
O005714,C00848,WEB,2026-08-16 19:20:07,online,,1,349.99,0.0,349.99
O005715,C01459,S13,2026-08-16 19:22:57,in_store,,1,39.99,0.0,39.99
O005716,C00725,S03,2026-08-16 21:24:35,in_store,,2,119.98,0.0,119.98
O005717,C00987,S03,2026-08-17 10:48:44,in_store,,2,54.98,0.0,54.98
O005718,C01460,S15,2026-08-17 11:16:29,in_store,,1,199.99,0.0,199.99
O005719,C00839,S13,2026-08-17 12:26:44,in_store,,3,1148.97,0.0,1148.97
O005720,C00893,S22,2026-08-17 12:45:44,in_store,PR-2026-08,3,269.97,27.0,242.97
O005721,C01108,S19,2026-08-17 13:28:38,in_store,PR-2026-08,2,399.98,7.5,392.48
O005722,C01365,S22,2026-08-17 15:00:42,in_store,,1,69.99,0.0,69.99
O005723,C01340,S08,2026-08-17 15:32:19,in_store,,1,189.99,0.0,189.99
O005724,C01163,S02,2026-08-17 15:37:13,in_store,,3,49.97,0.0,49.97
O005725,C00882,WEB,2026-08-17 15:42:41,online,,1,49.99,0.0,49.99
O005726,C00053,S13,2026-08-17 17:41:53,in_store,,1,19.99,0.0,19.99
O005727,C00844,S20,2026-08-17 17:52:10,in_store,,1,38.99,0.0,38.99
O005728,C00457,S21,2026-08-17 18:14:28,in_store,,2,135.98,0.0,135.98
O005729,C00509,S13,2026-08-17 18:51:23,in_store,,3,208.97,0.0,208.97
O005730,C00399,S07,2026-08-17 19:05:52,in_store,,1,49.99,0.0,49.99
O005731,C01021,S01,2026-08-17 20:29:06,in_store,,1,29.99,0.0,29.99
O005732,C00582,WEB,2026-08-17 20:49:57,online,,3,252.97,0.0,252.97
O005733,C01125,S01,2026-08-18 10:11:59,in_store,PR-2026-08,1,49.99,7.5,42.49
O005734,C01128,S01,2026-08-18 10:38:32,in_store,,1,59.99,0.0,59.99
O005735,C00730,S07,2026-08-18 11:11:18,in_store,,2,699.98,0.0,699.98
O005736,C01419,S21,2026-08-18 11:13:20,in_store,,2,249.98,0.0,249.98
O005737,C00717,S21,2026-08-18 11:23:23,in_store,,2,359.98,0.0,359.98
O005738,C00364,S08,2026-08-18 13:06:15,in_store,,1,58.99,0.0,58.99
O005739,C01463,S04,2026-08-18 15:01:26,in_store,PR-2026-08,1,89.99,13.5,76.49
O005740,C00010,S12,2026-08-18 15:36:51,in_store,,1,54.99,0.0,54.99
O005741,C01461,S19,2026-08-18 15:40:40,in_store,,1,49.99,0.0,49.99
O005742,C00222,S16,2026-08-18 15:59:28,in_store,,1,89.99,0.0,89.99
O005743,C00128,S21,2026-08-18 16:40:04,in_store,,2,99.98,0.0,99.98
O005744,C01221,S13,2026-08-18 16:56:42,in_store,,2,99.98,0.0,99.98
O005745,C00545,S13,2026-08-18 17:12:57,in_store,,2,329.98,0.0,329.98
O005746,C00377,S21,2026-08-18 17:44:42,in_store,,1,39.99,0.0,39.99
O005747,C01312,S19,2026-08-18 19:12:43,in_store,,2,51.98,0.0,51.98
O005748,C01136,S21,2026-08-19 10:00:27,in_store,,2,99.98,0.0,99.98
O005749,C01404,S22,2026-08-19 12:20:51,in_store,,1,39.99,0.0,39.99
O005750,C00073,S07,2026-08-19 13:36:48,in_store,,1,79.99,0.0,79.99
O005751,C00255,S18,2026-08-19 13:37:35,in_store,,1,14.99,0.0,14.99
O005752,C00879,S08,2026-08-19 14:17:21,in_store,,1,349.99,0.0,349.99
O005753,C00469,WEB,2026-08-19 15:34:59,online,,1,99.99,0.0,99.99
O005754,C01204,S24,2026-08-19 15:56:41,in_store,,2,159.98,0.0,159.98
O005755,C01163,S02,2026-08-19 16:06:41,in_store,,1,79.99,0.0,79.99
O005756,C00427,S19,2026-08-19 17:17:48,in_store,,1,449.99,0.0,449.99
O005757,C00765,S03,2026-08-19 17:38:32,in_store,PR-2026-08,1,219.99,33.0,186.99
O005758,C00610,S16,2026-08-19 18:26:34,in_store,,1,139.99,0.0,139.99
O005759,C00939,S13,2026-08-19 19:26:02,in_store,,3,144.97,0.0,144.97
O005760,C01464,WEB,2026-08-19 19:39:45,online,,1,139.99,0.0,139.99
O005761,C00838,WEB,2026-08-19 21:10:58,online,,1,89.99,0.0,89.99
O005762,C00998,S01,2026-08-19 21:41:58,in_store,,1,24.99,0.0,24.99
O005763,C00877,WEB,2026-08-20 10:20:40,online,,1,39.99,0.0,39.99
O005764,C00434,S13,2026-08-20 11:01:34,in_store,,1,49.99,0.0,49.99
O005765,C00961,S13,2026-08-20 11:14:17,in_store,,3,389.97,0.0,389.97
O005766,C00830,S07,2026-08-20 11:34:47,in_store,,1,79.99,0.0,79.99
O005767,C00798,WEB,2026-08-20 16:18:05,online,,1,79.99,0.0,79.99
O005768,C00610,S16,2026-08-20 16:53:31,in_store,,1,49.99,0.0,49.99
O005769,C01088,S13,2026-08-20 16:56:56,in_store,,2,359.98,0.0,359.98
O005770,C01461,S19,2026-08-20 18:01:50,in_store,,2,179.98,0.0,179.98
O005771,C01444,S21,2026-08-20 18:24:53,in_store,PR-2026-08,2,539.98,13.5,526.48
O005772,C00398,S01,2026-08-20 19:33:57,in_store,,2,109.98,0.0,109.98
O005773,C01240,S22,2026-08-20 19:56:26,in_store,,1,69.99,0.0,69.99
O005774,C00747,WEB,2026-08-20 20:18:30,online,,1,199.99,0.0,199.99
O005775,C00052,WEB,2026-08-20 20:46:32,online,,3,534.97,0.0,534.97
O005776,C00341,S11,2026-08-21 10:08:00,in_store,,1,89.99,0.0,89.99
O005777,C01466,WEB,2026-08-21 10:19:36,online,,3,449.97,0.0,449.97
O005778,C00188,S13,2026-08-21 10:26:56,in_store,,1,14.99,0.0,14.99
O005779,C01182,S04,2026-08-21 11:11:33,in_store,,1,19.99,0.0,19.99
O005780,C00453,S13,2026-08-21 11:12:18,in_store,,3,183.97,0.0,183.97
O005781,C00377,S19,2026-08-21 14:22:24,in_store,,3,164.97,0.0,164.97
O005782,C01414,S05,2026-08-21 14:41:15,in_store,PR-2026-08,3,579.97,12.0,567.97
O005783,C00841,S01,2026-08-21 15:28:50,in_store,,3,142.97,0.0,142.97
O005784,C01340,S08,2026-08-21 15:45:54,in_store,PR-2026-08,3,164.97,13.5,151.47
O005785,C01128,S03,2026-08-21 15:53:14,in_store,,1,89.99,0.0,89.99
O005786,C01378,S06,2026-08-21 16:50:29,in_store,,1,79.99,0.0,79.99
O005787,C01283,S19,2026-08-21 18:12:20,in_store,,2,109.98,0.0,109.98
O005788,C00919,S21,2026-08-21 18:18:33,in_store,,2,99.98,0.0,99.98
O005789,C01157,S21,2026-08-21 18:19:37,in_store,,1,179.99,0.0,179.99
O005790,C00082,S22,2026-08-21 18:50:04,in_store,,2,79.98,0.0,79.98
O005791,C01467,S07,2026-08-21 19:59:06,in_store,,1,349.99,0.0,349.99
O005792,C00069,S15,2026-08-22 11:12:16,in_store,,1,89.99,0.0,89.99
O005793,C01470,WEB,2026-08-22 11:17:52,online,,1,79.99,0.0,79.99
O005794,C01422,S16,2026-08-22 11:57:07,in_store,,1,349.99,0.0,349.99
O005795,C01208,S05,2026-08-22 13:12:41,in_store,,3,179.97,0.0,179.97
O005796,C00414,S21,2026-08-22 14:56:32,in_store,,1,19.99,0.0,19.99
O005797,C00588,S08,2026-08-22 14:57:15,in_store,PR-2026-08,1,29.99,4.5,25.49
O005798,C00735,S21,2026-08-22 15:05:24,in_store,,1,899.99,0.0,899.99
O005799,C01369,S22,2026-08-22 18:46:30,in_store,,1,99.99,0.0,99.99
O005800,C01013,S13,2026-08-22 18:55:17,in_store,,2,129.98,0.0,129.98
O005801,C01471,S07,2026-08-22 19:01:03,in_store,,1,79.99,0.0,79.99
O005802,C00416,S21,2026-08-22 19:07:51,in_store,,1,19.99,0.0,19.99
O005803,C00830,S07,2026-08-22 19:21:05,in_store,,1,179.99,0.0,179.99
O005804,C01469,S03,2026-08-22 20:17:57,in_store,,1,129.99,0.0,129.99
O005805,C00636,WEB,2026-08-23 09:32:22,online,,3,149.97,0.0,149.97
O005806,C00666,WEB,2026-08-23 11:00:34,online,PR-2026-08,7,319.93,21.0,298.93
O005807,C00741,S21,2026-08-23 11:57:01,in_store,,3,119.97,0.0,119.97
O005808,C00334,S02,2026-08-23 12:19:27,in_store,,1,14.99,0.0,14.99
O005809,C01247,S05,2026-08-23 13:06:43,in_store,,2,269.98,0.0,269.98
O005810,C01459,S13,2026-08-23 14:47:43,in_store,,3,89.97,0.0,89.97
O005811,C01259,S20,2026-08-23 16:26:32,in_store,,1,79.99,0.0,79.99
O005812,C01429,S21,2026-08-23 17:35:27,in_store,,1,349.99,0.0,349.99
O005813,C00989,S02,2026-08-23 17:42:04,in_store,,4,719.96,0.0,719.96
O005814,C00649,WEB,2026-08-23 18:22:34,online,,3,149.97,0.0,149.97
O005815,C00848,S05,2026-08-23 19:03:46,in_store,,1,139.99,0.0,139.99
O005816,C00220,WEB,2026-08-23 19:32:50,online,,1,449.99,0.0,449.99
O005817,C01158,WEB,2026-08-23 19:58:07,online,,1,19.99,0.0,19.99
O005818,C01349,WEB,2026-08-23 21:34:22,online,,1,89.99,0.0,89.99
O005819,C01473,WEB,2026-08-23 22:31:32,online,,2,129.98,0.0,129.98
O005820,C00188,S13,2026-08-24 09:16:46,in_store,,1,39.99,0.0,39.99
O005821,C01085,S04,2026-08-24 11:30:45,in_store,,1,149.99,0.0,149.99
O005822,C00296,WEB,2026-08-24 12:13:16,online,,2,39.98,0.0,39.98
O005823,C00964,S07,2026-08-24 12:31:10,in_store,,2,229.98,0.0,229.98
O005824,C00606,S12,2026-08-24 12:56:55,in_store,,5,851.95,0.0,851.95
O005825,C00404,S23,2026-08-24 14:04:03,in_store,PR-2026-08,1,59.99,9.0,50.99
O005826,C01062,S13,2026-08-24 15:29:49,in_store,,1,29.99,0.0,29.99
O005827,C00876,S22,2026-08-24 18:08:01,in_store,,1,14.99,0.0,14.99
O005828,C01475,S22,2026-08-24 18:30:54,in_store,,3,524.97,0.0,524.97
O005829,C01476,S16,2026-08-25 09:02:07,in_store,,1,59.99,0.0,59.99
O005830,C01065,S10,2026-08-25 11:01:02,in_store,PR-2026-08,4,438.96,58.35,380.61
O005831,C00095,WEB,2026-08-25 13:59:51,online,,1,59.99,0.0,59.99
O005832,C00872,S01,2026-08-25 14:14:10,in_store,,2,49.98,0.0,49.98
O005833,C00720,S03,2026-08-25 15:50:53,in_store,PR-2026-08,1,14.99,2.25,12.74
O005834,C00801,S13,2026-08-25 17:01:55,in_store,PR-2026-08,1,59.99,9.0,50.99
O005835,C01417,WEB,2026-08-25 17:16:32,online,,3,399.97,0.0,399.97
O005836,C00465,WEB,2026-08-25 17:20:43,online,,1,58.99,0.0,58.99
O005837,C01265,S24,2026-08-25 20:36:45,in_store,,3,109.97,0.0,109.97
O005838,C01032,WEB,2026-08-25 21:04:33,online,,1,349.99,0.0,349.99
O005839,C01099,S07,2026-08-25 21:45:39,in_store,,1,109.99,0.0,109.99
O005840,C00013,WEB,2026-08-26 09:01:41,online,,3,269.97,0.0,269.97
O005841,C00310,WEB,2026-08-26 10:56:29,online,,1,349.99,0.0,349.99
O005842,C01128,S03,2026-08-26 11:25:15,in_store,,2,229.98,0.0,229.98
O005843,C01008,S22,2026-08-26 11:43:49,in_store,,2,139.98,0.0,139.98
O005844,C01261,WEB,2026-08-26 12:11:01,online,,3,469.97,0.0,469.97
O005845,C01076,S09,2026-08-26 12:44:28,in_store,,2,179.98,0.0,179.98
O005846,C00946,WEB,2026-08-26 12:52:57,online,,1,79.99,0.0,79.99
O005847,C00637,S07,2026-08-26 13:26:29,in_store,,2,505.98,0.0,505.98
O005848,C01252,WEB,2026-08-26 13:59:31,online,PR-2026-08,1,29.99,4.5,25.49
O005849,C00439,S23,2026-08-26 16:00:11,in_store,,2,314.98,0.0,314.98
O005850,C00905,S02,2026-08-26 16:26:08,in_store,,1,58.99,0.0,58.99
O005851,C01218,S23,2026-08-26 16:38:25,in_store,,2,939.98,0.0,939.98
O005852,C00252,S05,2026-08-26 17:22:00,in_store,,2,104.98,0.0,104.98
O005853,C00937,S18,2026-08-26 17:46:25,in_store,,1,24.99,0.0,24.99
O005854,C00247,S15,2026-08-27 10:40:20,in_store,,2,69.98,0.0,69.98
O005855,C01195,WEB,2026-08-27 11:17:58,online,,1,129.99,0.0,129.99
O005856,C00505,S11,2026-08-27 12:09:14,in_store,,1,49.99,0.0,49.99
O005857,C00122,S21,2026-08-27 12:34:49,in_store,,1,149.99,0.0,149.99
O005858,C00886,S07,2026-08-27 13:22:08,in_store,,1,199.99,0.0,199.99
O005859,C01481,S03,2026-08-27 13:24:44,in_store,,1,14.99,0.0,14.99
O005860,C00028,S13,2026-08-27 14:38:37,in_store,,3,44.97,0.0,44.97
O005861,C01479,WEB,2026-08-27 15:11:18,online,PR-2026-08,1,14.99,2.25,12.74
O005862,C00457,S21,2026-08-27 15:50:07,in_store,,1,449.99,0.0,449.99
O005863,C00903,S06,2026-08-27 17:06:16,in_store,,1,1299.99,0.0,1299.99
O005864,C01321,WEB,2026-08-27 17:11:39,online,,2,189.98,0.0,189.98
O005865,C00416,S21,2026-08-27 18:23:06,in_store,,1,83.99,0.0,83.99
O005866,C01163,S02,2026-08-27 19:04:46,in_store,,1,19.99,0.0,19.99
O005867,C00776,WEB,2026-08-28 08:49:37,online,PR-2026-09,1,79.99,16.0,63.99
O005868,C00228,S13,2026-08-28 09:52:41,in_store,PR-2026-09,3,188.97,37.8,151.17
O005869,C00637,S07,2026-08-28 09:52:50,in_store,PR-2026-09,1,55.99,11.2,44.79
O005870,C00699,S21,2026-08-28 10:03:55,in_store,PR-2026-09,2,499.98,100.0,399.98
O005871,C01047,S12,2026-08-28 10:06:41,in_store,PR-2026-09,1,39.99,8.0,31.99
O005872,C00903,S06,2026-08-28 11:11:23,in_store,,1,43.99,0.0,43.99
O005873,C00844,S20,2026-08-28 12:49:38,in_store,PR-2026-09,1,59.99,12.0,47.99
O005874,C01482,S21,2026-08-28 13:32:08,in_store,PR-2026-09,2,109.98,22.0,87.98
O005875,C00320,S12,2026-08-28 17:34:49,in_store,,2,489.98,0.0,489.98
O005876,C00573,S20,2026-08-28 18:09:14,in_store,,1,79.99,0.0,79.99
O005877,C01151,S16,2026-08-28 18:38:57,in_store,PR-2026-09,1,59.99,12.0,47.99
O005878,C00396,WEB,2026-08-28 20:20:01,online,PR-2026-09,1,14.99,3.0,11.99
O005879,C01471,S07,2026-08-28 21:20:11,in_store,PR-2026-09,2,279.98,56.0,223.98
O005880,C00013,S07,2026-08-28 21:44:48,in_store,,1,149.99,0.0,149.99
O005881,C00436,S03,2026-08-29 11:05:35,in_store,PR-2026-09,1,59.99,12.0,47.99
O005882,C00937,S18,2026-08-29 11:52:13,in_store,PR-2026-09,4,264.96,53.0,211.96
O005883,C00485,S10,2026-08-29 12:14:47,in_store,PR-2026-09,1,79.99,16.0,63.99
O005884,C00476,WEB,2026-08-29 12:28:25,online,,1,129.99,0.0,129.99
O005885,C00941,WEB,2026-08-29 14:05:20,online,PR-2026-09,1,49.99,10.0,39.99
O005886,C00186,S17,2026-08-29 14:10:01,in_store,PR-2026-09,1,89.99,18.0,71.99
O005887,C01195,WEB,2026-08-29 14:39:30,online,PR-2026-09,1,149.99,30.0,119.99
O005888,C01084,S08,2026-08-29 15:05:43,in_store,,1,89.99,0.0,89.99
O005889,C00950,S19,2026-08-29 17:03:30,in_store,PR-2026-09,2,119.98,24.0,95.98
O005890,C01404,S24,2026-08-29 17:18:01,in_store,PR-2026-09,1,89.99,18.0,71.99
O005891,C01298,S21,2026-08-29 17:40:26,in_store,PR-2026-09,1,449.99,90.0,359.99
O005892,C00876,S22,2026-08-29 18:29:19,in_store,PR-2026-09,1,29.99,6.0,23.99
O005893,C00995,WEB,2026-08-29 18:58:44,online,,1,39.99,0.0,39.99
O005894,C01230,WEB,2026-08-29 21:57:39,online,PR-2026-09,1,69.99,14.0,55.99
O005895,C01488,WEB,2026-08-30 01:28:55,online,PR-2026-09,1,29.99,6.0,23.99
O005896,C00188,S13,2026-08-30 09:07:17,in_store,PR-2026-09,1,299.99,60.0,239.99
O005897,C01038,WEB,2026-08-30 09:52:48,online,,1,79.99,0.0,79.99
O005898,C00350,S22,2026-08-30 10:38:14,in_store,PR-2026-08,3,529.97,27.0,502.97
O005899,C01427,WEB,2026-08-30 11:45:17,online,PR-2026-09,1,49.99,10.0,39.99
O005900,C00497,S23,2026-08-30 14:52:11,in_store,PR-2026-09,1,149.99,30.0,119.99
O005901,C00184,WEB,2026-08-30 15:41:09,online,,1,299.99,0.0,299.99
O005902,C01399,WEB,2026-08-30 15:47:02,online,PR-2026-09,5,499.95,100.0,399.95
O005903,C00826,S10,2026-08-30 15:56:32,in_store,PR-2026-09,1,69.99,14.0,55.99
O005904,C00110,S02,2026-08-30 16:11:43,in_store,PR-2026-09,1,39.99,8.0,31.99
O005905,C00772,S19,2026-08-30 18:04:56,in_store,,1,139.99,0.0,139.99
O005906,C00171,S21,2026-08-30 18:20:45,in_store,PR-2026-09,2,219.98,44.0,175.98
O005907,C00931,S14,2026-08-30 18:27:32,in_store,PR-2026-09,2,434.98,87.0,347.98
O005908,C01413,WEB,2026-08-30 18:32:31,online,,1,99.99,0.0,99.99
O005909,C00642,S09,2026-08-30 18:53:54,in_store,PR-2026-09,2,159.98,32.0,127.98
O005910,C01167,WEB,2026-08-30 19:21:03,online,PR-2026-09,1,79.99,16.0,63.99
O005911,C00550,S21,2026-08-30 20:34:43,in_store,PR-2026-09,4,579.96,115.99,463.97
O005912,C01487,WEB,2026-08-30 21:22:31,online,,1,49.99,0.0,49.99
O005913,C00013,WEB,2026-08-30 23:41:45,online,,1,129.99,0.0,129.99
O005914,C01261,WEB,2026-08-31 07:19:22,online,,2,49.98,0.0,49.98
O005915,C00731,S20,2026-08-31 11:59:25,in_store,,1,229.99,0.0,229.99
O005916,C01455,S24,2026-08-31 13:13:18,in_store,PR-2026-09,3,109.97,22.0,87.97
O005917,C01230,WEB,2026-08-31 14:08:47,online,PR-2026-09,2,99.98,20.0,79.98
O005918,C00587,S12,2026-08-31 14:13:59,in_store,,2,179.98,0.0,179.98
O005919,C00918,WEB,2026-08-31 17:37:44,online,PR-2026-09,4,299.96,59.99,239.97
O005920,C01008,S22,2026-08-31 19:51:18,in_store,,1,449.99,0.0,449.99
O005921,C01285,WEB,2026-08-31 20:27:38,online,PR-2026-09,2,119.98,24.0,95.98
O005922,C01184,S07,2026-08-31 20:49:28,in_store,,2,134.98,0.0,134.98
O005923,C00727,WEB,2026-08-31 21:57:17,online,PR-2026-09,5,979.95,195.99,783.96
O005924,C00903,S06,2026-09-01 09:40:16,in_store,PR-2026-09,2,129.98,26.0,103.98
O005925,C01006,WEB,2026-09-01 11:34:47,online,PR-2026-09,3,469.97,94.0,375.97
O005926,C00666,WEB,2026-09-01 12:32:38,online,PR-2026-09,1,59.99,12.0,47.99
O005927,C01125,S01,2026-09-01 13:03:04,in_store,,1,229.99,0.0,229.99
O005928,C01481,S03,2026-09-01 13:54:32,in_store,,1,128.99,0.0,128.99
O005929,C01288,S22,2026-09-01 16:02:23,in_store,PR-2026-09,1,183.99,36.8,147.19
O005930,C00028,S13,2026-09-01 17:45:57,in_store,PR-2026-09,1,79.99,16.0,63.99
O005931,C00435,WEB,2026-09-01 18:20:39,online,PR-2026-09,1,179.99,36.0,143.99
O005932,C01317,S02,2026-09-01 19:16:47,in_store,,2,119.98,0.0,119.98
O005933,C01273,WEB,2026-09-01 19:33:52,online,,1,139.99,0.0,139.99
O005934,C01413,WEB,2026-09-01 20:15:07,online,PR-2026-09,2,319.98,64.0,255.98
O005935,C01236,S20,2026-09-01 20:39:29,in_store,,1,79.99,0.0,79.99
O005936,C00883,S06,2026-09-02 10:59:36,in_store,PR-2026-09,1,39.99,8.0,31.99
O005937,C01331,S01,2026-09-02 11:30:55,in_store,PR-2026-09,6,1179.94,235.99,943.95
O005938,C00572,S20,2026-09-02 12:18:56,in_store,,1,99.99,0.0,99.99
O005939,C01125,S04,2026-09-02 12:29:43,in_store,,1,79.99,0.0,79.99
O005940,C00034,WEB,2026-09-02 12:54:57,online,PR-2026-09,1,299.99,60.0,239.99
O005941,C00520,S21,2026-09-02 13:01:56,in_store,,2,1649.98,0.0,1649.98
O005942,C00879,S08,2026-09-02 13:49:24,in_store,PR-2026-09,1,229.99,46.0,183.99
O005943,C01239,S07,2026-09-02 15:56:01,in_store,,3,214.97,0.0,214.97
O005944,C01182,S04,2026-09-02 18:21:37,in_store,PR-2026-09,1,189.99,38.0,151.99
O005945,C00579,S18,2026-09-02 18:49:53,in_store,PR-2026-09,1,299.99,60.0,239.99
O005946,C01390,WEB,2026-09-03 09:32:37,online,,1,89.99,0.0,89.99
O005947,C00439,WEB,2026-09-03 10:05:27,online,,1,19.99,0.0,19.99
O005948,C01349,WEB,2026-09-03 10:45:06,online,PR-2026-09,4,493.96,98.8,395.16
O005949,C00044,S10,2026-09-03 11:11:40,in_store,PR-2026-09,2,529.98,106.0,423.98
O005950,C00879,WEB,2026-09-03 11:16:06,online,,3,148.97,0.0,148.97
O005951,C01296,WEB,2026-09-03 11:32:32,online,PR-2026-09,1,69.99,14.0,55.99
O005952,C01182,S04,2026-09-03 12:44:36,in_store,,1,39.99,0.0,39.99
O005953,C00995,S22,2026-09-03 12:53:58,in_store,PR-2026-09,1,58.99,11.8,47.19
O005954,C00168,S02,2026-09-03 13:04:50,in_store,PR-2026-09,1,89.99,18.0,71.99
O005955,C01020,WEB,2026-09-03 13:47:12,online,,1,39.99,0.0,39.99
O005956,C01372,S07,2026-09-03 14:09:10,in_store,,2,39.98,0.0,39.98
O005957,C00642,S09,2026-09-03 14:37:42,in_store,PR-2026-09,1,24.99,5.0,19.99
O005958,C01230,WEB,2026-09-03 15:05:39,online,PR-2026-09,1,59.99,12.0,47.99
O005959,C01464,WEB,2026-09-03 16:17:10,online,,1,19.99,0.0,19.99
O005960,C00137,WEB,2026-09-03 16:43:19,online,PR-2026-09,1,55.99,11.2,44.79
O005961,C00893,S22,2026-09-03 17:43:17,in_store,,1,38.99,0.0,38.99
O005962,C00852,WEB,2026-09-03 17:45:30,online,PR-2026-09,1,19.99,4.0,15.99
O005963,C00469,WEB,2026-09-03 17:49:46,online,PR-2026-09,2,489.98,98.0,391.98
O005964,C01493,S01,2026-09-03 18:09:53,in_store,PR-2026-09,4,1079.96,216.0,863.96
O005965,C00804,S21,2026-09-03 19:10:52,in_store,PR-2026-09,1,94.99,19.0,75.99
O005966,C01492,S04,2026-09-03 20:20:17,in_store,,2,29.98,0.0,29.98
O005967,C01044,S22,2026-09-03 20:32:55,in_store,PR-2026-09,1,49.99,10.0,39.99
O005968,C01449,S11,2026-09-03 20:45:33,in_store,,2,129.98,0.0,129.98
O005969,C01434,S21,2026-09-04 12:17:34,in_store,PR-2026-09,2,223.98,44.8,179.18
O005970,C01162,S16,2026-09-04 12:52:03,in_store,PR-2026-09,2,408.98,81.8,327.18
O005971,C00363,S20,2026-09-04 12:54:15,in_store,,1,59.99,0.0,59.99
O005972,C00449,S17,2026-09-04 13:19:11,in_store,,6,767.94,0.0,767.94
O005973,C01494,S24,2026-09-04 14:08:37,in_store,PR-2026-09,1,14.99,3.0,11.99
O005974,C00030,S19,2026-09-04 14:23:48,in_store,PR-2026-09,2,129.98,26.0,103.98
O005975,C00420,S05,2026-09-04 15:33:56,in_store,PR-2026-09,1,14.99,3.0,11.99
O005976,C00497,S23,2026-09-04 15:42:34,in_store,PR-2026-09,1,349.99,70.0,279.99
O005977,C00098,S06,2026-09-04 16:27:16,in_store,,2,239.98,0.0,239.98
O005978,C00610,S16,2026-09-04 16:51:06,in_store,PR-2026-09,2,149.98,30.0,119.98
O005979,C00805,S15,2026-09-04 16:58:18,in_store,,1,449.99,0.0,449.99
O005980,C00548,S24,2026-09-04 20:53:43,in_store,,1,39.99,0.0,39.99
O005981,C00456,WEB,2026-09-04 22:29:24,online,PR-2026-09,1,79.99,16.0,63.99
O005982,C00192,S01,2026-09-05 09:45:45,in_store,,1,49.99,0.0,49.99
O005983,C00506,S13,2026-09-05 10:05:45,in_store,PR-2026-09,3,299.97,60.0,239.97
O005984,C00772,S19,2026-09-05 11:06:58,in_store,PR-2026-09,1,39.99,8.0,31.99
O005985,C01378,S04,2026-09-05 12:43:06,in_store,PR-2026-09,1,79.99,16.0,63.99
O005986,C00026,S17,2026-09-05 13:53:05,in_store,,2,229.98,0.0,229.98
O005987,C01375,S21,2026-09-05 16:42:43,in_store,PR-2026-09,3,509.97,102.0,407.97
O005988,C01331,S05,2026-09-05 17:32:18,in_store,,1,199.99,0.0,199.99
O005989,C00817,S07,2026-09-05 17:57:38,in_store,,1,219.99,0.0,219.99
O005990,C00079,WEB,2026-09-05 18:36:14,online,PR-2026-09,1,49.99,10.0,39.99
O005991,C01435,S05,2026-09-05 18:53:37,in_store,,2,69.98,0.0,69.98
O005992,C00882,WEB,2026-09-05 19:47:30,online,PR-2026-09,2,149.98,30.0,119.98
O005993,C00862,S02,2026-09-05 19:59:48,in_store,PR-2026-09,1,39.99,8.0,31.99
O005994,C01246,S06,2026-09-05 21:42:38,in_store,,1,38.99,0.0,38.99
O005995,C00665,WEB,2026-09-06 09:09:05,online,PR-2026-09,1,49.99,10.0,39.99
O005996,C01296,S04,2026-09-06 10:21:53,in_store,PR-2026-09,1,19.99,4.0,15.99
O005997,C00293,S17,2026-09-06 13:11:55,in_store,,1,49.99,0.0,49.99
O005998,C01497,S16,2026-09-06 14:19:35,in_store,PR-2026-09,2,139.98,28.0,111.98
O005999,C00221,S06,2026-09-06 14:57:09,in_store,PR-2026-09,3,664.97,133.0,531.97
O006000,C01125,S01,2026-09-06 15:38:11,in_store,PR-2026-09,1,139.99,28.0,111.99
O006001,C01496,WEB,2026-09-06 16:32:01,online,PR-2026-09,1,449.99,90.0,359.99
O006002,C00066,WEB,2026-09-06 17:29:30,online,,2,419.98,0.0,419.98
O006003,C00903,WEB,2026-09-06 18:21:33,online,PR-2026-09,1,54.99,11.0,43.99
O006004,C00958,S21,2026-09-06 19:20:15,in_store,PR-2026-09,1,59.99,12.0,47.99
O006005,C01006,WEB,2026-09-06 22:02:10,online,PR-2026-09,1,59.99,12.0,47.99
O006006,C00536,WEB,2026-09-07 00:00:31,online,PR-2026-09,3,379.97,76.0,303.97
O006007,C01498,WEB,2026-09-07 11:02:46,online,PR-2026-09,1,299.99,60.0,239.99
O006008,C00975,S13,2026-09-07 12:52:46,in_store,,1,24.99,0.0,24.99
O006009,C01404,WEB,2026-09-07 13:51:34,online,PR-2026-09,4,455.96,91.2,364.76
O006010,C01204,S24,2026-09-07 14:33:14,in_store,,1,699.99,0.0,699.99
O006011,C00578,WEB,2026-09-07 14:45:11,online,,1,14.99,0.0,14.99
O006012,C00936,S03,2026-09-07 15:24:49,in_store,,3,228.97,0.0,228.97
O006013,C00751,WEB,2026-09-07 17:37:42,online,PR-2026-09,2,149.98,30.0,119.98
O006014,C00585,S06,2026-09-07 17:59:18,in_store,PR-2026-09,1,55.99,11.2,44.79
O006015,C00964,S07,2026-09-07 18:57:14,in_store,,1,19.99,0.0,19.99
O006016,C00582,WEB,2026-09-07 18:59:50,online,PR-2026-09,1,599.99,120.0,479.99
O006017,C00893,S22,2026-09-07 20:59:42,in_store,PR-2026-09,1,349.99,70.0,279.99
O006018,C00136,WEB,2026-09-07 23:15:29,online,PR-2026-09,1,79.99,16.0,63.99
O006019,C00742,S15,2026-09-08 09:18:49,in_store,,3,534.97,0.0,534.97
O006020,C00903,S02,2026-09-08 11:41:01,in_store,,1,49.99,0.0,49.99
O006021,C00698,WEB,2026-09-08 11:52:35,online,,1,49.99,0.0,49.99
O006022,C00585,S06,2026-09-08 16:48:17,in_store,,3,269.97,0.0,269.97
O006023,C00798,S16,2026-09-08 17:46:10,in_store,,2,58.98,0.0,58.98
O006024,C01185,WEB,2026-09-08 18:01:51,online,,4,1069.96,0.0,1069.96
O006025,C00445,WEB,2026-09-08 19:34:43,online,,1,349.99,0.0,349.99
O006026,C00152,WEB,2026-09-08 20:22:12,online,,1,49.99,0.0,49.99
O006027,C01499,WEB,2026-09-08 22:39:28,online,,1,149.99,0.0,149.99
O006028,C01182,S04,2026-09-09 10:53:25,in_store,,4,599.96,0.0,599.96
O006029,C00407,S13,2026-09-09 11:50:41,in_store,,1,199.99,0.0,199.99
O006030,C00636,S01,2026-09-09 12:35:48,in_store,,1,99.99,0.0,99.99
O006031,C00798,S16,2026-09-09 13:37:42,in_store,,1,89.99,0.0,89.99
O006032,C01296,S04,2026-09-09 13:40:10,in_store,,1,229.99,0.0,229.99
O006033,C00378,S18,2026-09-09 14:09:28,in_store,,1,139.99,0.0,139.99
O006034,C01204,S24,2026-09-09 16:08:59,in_store,,1,59.99,0.0,59.99
O006035,C00030,S19,2026-09-09 17:04:24,in_store,,1,79.99,0.0,79.99
O006036,C01088,S13,2026-09-09 17:39:17,in_store,,2,489.98,0.0,489.98
O006037,C01338,S13,2026-09-09 18:57:56,in_store,,4,364.96,0.0,364.96
O006038,C00055,WEB,2026-09-09 20:38:44,online,,1,19.99,0.0,19.99
O006039,C00008,WEB,2026-09-09 20:39:31,online,,2,599.98,0.0,599.98
O006040,C01357,S01,2026-09-10 11:10:15,in_store,,1,229.99,0.0,229.99
O006041,C01368,S01,2026-09-10 11:24:26,in_store,,3,119.97,0.0,119.97
O006042,C00877,S21,2026-09-10 12:45:04,in_store,,1,49.99,0.0,49.99
O006043,C01163,S02,2026-09-10 13:23:51,in_store,,2,259.98,0.0,259.98
O006044,C01481,S03,2026-09-10 13:56:14,in_store,,1,139.99,0.0,139.99
O006045,C01125,S01,2026-09-10 14:26:47,in_store,,3,179.97,0.0,179.97
O006046,C01041,S21,2026-09-10 14:51:54,in_store,,1,129.99,0.0,129.99
O006047,C01020,WEB,2026-09-10 15:06:03,online,,1,24.99,0.0,24.99
O006048,C00457,S21,2026-09-10 15:14:53,in_store,,2,44.98,0.0,44.98
O006049,C00519,S16,2026-09-10 15:20:07,in_store,,1,99.99,0.0,99.99
O006050,C00578,WEB,2026-09-10 15:42:48,online,,1,59.99,0.0,59.99
O006051,C00399,S07,2026-09-10 17:45:17,in_store,,3,109.97,0.0,109.97
O006052,C00776,WEB,2026-09-10 22:15:57,online,,1,29.99,0.0,29.99
O006053,C01125,S01,2026-09-11 12:20:06,in_store,,1,29.99,0.0,29.99
O006054,C00733,S07,2026-09-11 12:26:58,in_store,,1,89.99,0.0,89.99
O006055,C00871,S01,2026-09-11 13:46:53,in_store,,1,39.99,0.0,39.99
O006056,C01020,WEB,2026-09-11 14:57:27,online,,2,259.98,0.0,259.98
O006057,C00453,S13,2026-09-11 15:14:27,in_store,,1,29.99,0.0,29.99
O006058,C00699,S21,2026-09-11 17:01:29,in_store,,3,489.97,0.0,489.97
O006059,C01041,S21,2026-09-11 17:10:59,in_store,,2,249.98,0.0,249.98
O006060,C00034,S21,2026-09-11 19:53:35,in_store,,1,89.99,0.0,89.99
O006061,C00779,WEB,2026-09-12 10:51:22,online,,2,419.98,0.0,419.98
O006062,C00267,S06,2026-09-12 12:40:10,in_store,,1,129.99,0.0,129.99
O006063,C00699,S21,2026-09-12 13:11:28,in_store,,1,149.99,0.0,149.99
O006064,C00221,S06,2026-09-12 15:42:49,in_store,,2,299.98,0.0,299.98
O006065,C00937,S18,2026-09-12 17:32:33,in_store,,2,329.98,0.0,329.98
O006066,C01212,S05,2026-09-12 17:42:39,in_store,,1,59.99,0.0,59.99
O006067,C01345,S13,2026-09-12 19:57:22,in_store,,4,239.96,0.0,239.96
O006068,C00465,WEB,2026-09-12 20:05:13,online,,2,117.98,0.0,117.98
O006069,C00013,WEB,2026-09-12 20:47:14,online,,2,199.98,0.0,199.98
O006070,C01481,WEB,2026-09-12 23:41:14,online,,1,24.99,0.0,24.99
O006071,C01117,WEB,2026-09-13 09:52:40,online,,1,49.99,0.0,49.99
O006072,C01352,S07,2026-09-13 13:45:23,in_store,,2,119.98,0.0,119.98
O006073,C00970,WEB,2026-09-13 16:20:30,online,,2,169.98,0.0,169.98
O006074,C00488,S23,2026-09-13 17:40:39,in_store,,2,159.98,0.0,159.98
O006075,C01311,S21,2026-09-13 17:59:50,in_store,,2,189.98,0.0,189.98
O006076,C01321,WEB,2026-09-13 18:00:40,online,,1,59.99,0.0,59.99
O006077,C01274,S16,2026-09-13 20:12:15,in_store,,1,199.99,0.0,199.99
O006078,C00234,S22,2026-09-14 09:04:34,in_store,,2,99.98,0.0,99.98
O006079,C00727,S17,2026-09-14 11:35:54,in_store,,1,25.99,0.0,25.99
O006080,C01449,S11,2026-09-14 12:29:01,in_store,,3,249.97,0.0,249.97
O006081,C00789,S07,2026-09-14 12:57:41,in_store,,2,218.98,0.0,218.98
O006082,C00464,S03,2026-09-14 13:41:57,in_store,,2,79.98,0.0,79.98
O006083,C01261,WEB,2026-09-14 16:07:58,online,,4,204.96,0.0,204.96
O006084,C00589,WEB,2026-09-14 16:48:08,online,,1,49.99,0.0,49.99
O006085,C01070,S14,2026-09-14 18:01:38,in_store,,4,387.96,0.0,387.96
O006086,C00515,S13,2026-09-14 18:39:11,in_store,,4,444.96,0.0,444.96
O006087,C00814,S21,2026-09-15 11:19:16,in_store,,1,14.99,0.0,14.99
O006088,C01384,WEB,2026-09-15 12:42:33,online,,1,449.99,0.0,449.99
O006089,C00482,S16,2026-09-15 14:20:51,in_store,,1,249.99,0.0,249.99
O006090,C00120,S21,2026-09-15 14:45:55,in_store,,1,299.99,0.0,299.99
O006091,C00327,WEB,2026-09-15 14:47:21,online,,2,149.98,0.0,149.98
O006092,C00033,WEB,2026-09-15 15:40:05,online,,1,299.99,0.0,299.99
O006093,C01104,S13,2026-09-15 18:16:32,in_store,,1,799.99,0.0,799.99
O006094,C01020,WEB,2026-09-15 18:50:03,online,,1,229.99,0.0,229.99
O006095,C00775,WEB,2026-09-15 19:33:51,online,,1,49.99,0.0,49.99
O006096,C00008,WEB,2026-09-15 20:01:25,online,,1,19.99,0.0,19.99
O006097,C00699,S21,2026-09-15 20:04:50,in_store,,1,99.99,0.0,99.99
O006098,C01289,S20,2026-09-16 11:08:40,in_store,,1,44.99,0.0,44.99
O006099,C01407,WEB,2026-09-16 11:17:26,online,,2,99.98,0.0,99.98
O006100,C00192,S01,2026-09-16 12:09:38,in_store,,1,349.99,0.0,349.99
O006101,C00190,S08,2026-09-16 13:25:57,in_store,,3,209.97,0.0,209.97
O006102,C01378,S06,2026-09-16 14:07:09,in_store,,1,49.99,0.0,49.99
O006103,C00321,WEB,2026-09-16 14:42:11,online,,3,264.97,0.0,264.97
O006104,C00886,S07,2026-09-16 17:09:17,in_store,,2,119.98,0.0,119.98
O006105,C00647,S06,2026-09-16 18:57:32,in_store,,2,449.98,0.0,449.98
O006106,C00662,S01,2026-09-16 20:30:13,in_store,,1,89.99,0.0,89.99
O006107,C01321,WEB,2026-09-16 21:16:19,online,,2,449.98,0.0,449.98
O006108,C01438,S07,2026-09-16 21:59:34,in_store,,1,19.99,0.0,19.99
O006109,C00178,S02,2026-09-17 12:10:40,in_store,,1,59.99,0.0,59.99
O006110,C00939,S13,2026-09-17 14:53:27,in_store,,4,199.96,0.0,199.96
O006111,C00984,S07,2026-09-17 15:21:43,in_store,,2,199.98,0.0,199.98
O006112,C00849,S13,2026-09-17 15:23:15,in_store,,1,58.99,0.0,58.99
O006113,C01404,S24,2026-09-17 15:43:46,in_store,,2,69.98,0.0,69.98
O006114,C01329,S23,2026-09-17 16:22:05,in_store,,1,199.99,0.0,199.99
O006115,C00162,S03,2026-09-17 16:35:34,in_store,,1,38.99,0.0,38.99
O006116,C00638,S13,2026-09-17 17:19:03,in_store,,1,899.99,0.0,899.99
O006117,C01220,S20,2026-09-17 18:21:51,in_store,,1,128.99,0.0,128.99
O006118,C00396,WEB,2026-09-17 18:50:14,online,,1,89.99,0.0,89.99
O006119,C01093,WEB,2026-09-17 21:55:35,online,,1,83.99,0.0,83.99
O006120,C00221,S06,2026-09-18 12:40:53,in_store,,3,417.97,0.0,417.97
O006121,C00647,S06,2026-09-18 13:00:43,in_store,,1,129.99,0.0,129.99
O006122,C00636,S01,2026-09-18 13:40:50,in_store,,6,469.94,0.0,469.94
O006123,C00728,S21,2026-09-18 14:42:05,in_store,,1,49.99,0.0,49.99
O006124,C01477,S15,2026-09-18 15:57:35,in_store,,2,134.98,0.0,134.98
O006125,C01315,S14,2026-09-18 16:39:42,in_store,,1,39.99,0.0,39.99
O006126,C00536,WEB,2026-09-18 18:13:07,online,,1,89.99,0.0,89.99
O006127,C00679,S05,2026-09-18 18:23:10,in_store,,1,299.99,0.0,299.99
O006128,C00789,S09,2026-09-18 18:59:12,in_store,,1,139.99,0.0,139.99
O006129,C01364,WEB,2026-09-19 09:57:24,online,,2,249.98,0.0,249.98
O006130,C00213,WEB,2026-09-19 10:48:27,online,,1,49.99,0.0,49.99
O006131,C00776,WEB,2026-09-19 11:13:26,online,,1,189.99,0.0,189.99
O006132,C00273,S23,2026-09-19 12:20:17,in_store,,2,49.98,0.0,49.98
O006133,C00307,S21,2026-09-19 13:07:54,in_store,,1,89.99,0.0,89.99
O006134,C00316,S03,2026-09-19 14:23:24,in_store,,1,149.99,0.0,149.99
O006135,C00852,WEB,2026-09-19 14:43:13,online,,1,29.99,0.0,29.99
O006136,C01249,S17,2026-09-19 15:08:27,in_store,,3,319.97,0.0,319.97
O006137,C00995,S08,2026-09-19 17:30:11,in_store,,1,59.99,0.0,59.99
O006138,C00365,S05,2026-09-19 18:19:02,in_store,,1,38.99,0.0,38.99
O006139,C01246,S06,2026-09-19 18:24:30,in_store,,4,879.96,0.0,879.96
O006140,C00121,S02,2026-09-19 19:52:03,in_store,,1,49.99,0.0,49.99
O006141,C01296,S04,2026-09-19 20:53:54,in_store,,2,479.98,0.0,479.98
O006142,C01020,WEB,2026-09-19 21:21:34,online,,2,117.98,0.0,117.98
O006143,C01357,S01,2026-09-20 11:22:36,in_store,,4,469.96,0.0,469.96
O006144,C01477,S15,2026-09-20 11:24:15,in_store,,3,163.97,0.0,163.97
O006145,C01335,S14,2026-09-20 11:38:58,in_store,,1,129.99,0.0,129.99
O006146,C00904,S02,2026-09-20 14:09:26,in_store,,2,39.98,0.0,39.98
O006147,C00984,S07,2026-09-20 14:20:41,in_store,,3,109.97,0.0,109.97
O006148,C01472,S23,2026-09-20 18:45:52,in_store,,4,1119.96,0.0,1119.96
O006149,C00533,S01,2026-09-20 18:56:57,in_store,,1,59.99,0.0,59.99
O006150,C00542,WEB,2026-09-20 21:46:03,online,,2,84.98,0.0,84.98
O006151,C00142,S22,2026-09-21 09:21:08,in_store,,1,349.99,0.0,349.99
O006152,C00110,S02,2026-09-21 12:43:52,in_store,,1,349.99,0.0,349.99
O006153,C00526,S19,2026-09-21 13:15:23,in_store,,3,219.97,0.0,219.97
O006154,C01193,S09,2026-09-21 13:37:58,in_store,,1,999.99,0.0,999.99
O006155,C00069,S15,2026-09-21 13:51:18,in_store,,2,169.98,0.0,169.98
O006156,C00505,S11,2026-09-21 14:20:09,in_store,,1,129.99,0.0,129.99
O006157,C01122,WEB,2026-09-21 14:30:47,online,,1,49.99,0.0,49.99
O006158,C01215,S11,2026-09-21 14:38:17,in_store,,2,629.98,0.0,629.98
O006159,C00492,S01,2026-09-21 15:29:00,in_store,,2,189.98,0.0,189.98
O006160,C01370,S13,2026-09-21 15:31:13,in_store,,1,49.99,0.0,49.99
O006161,C00404,S23,2026-09-21 17:12:20,in_store,,2,1358.98,0.0,1358.98
O006162,C00454,S21,2026-09-21 18:00:01,in_store,,1,149.99,0.0,149.99
O006163,C00903,S06,2026-09-21 21:06:28,in_store,,2,289.98,0.0,289.98
O006164,C00019,S20,2026-09-22 09:33:43,in_store,,1,25.99,0.0,25.99
O006165,C01404,S24,2026-09-22 10:40:05,in_store,,1,14.99,0.0,14.99
O006166,C00455,S20,2026-09-22 11:57:16,in_store,,1,129.99,0.0,129.99
O006167,C00055,WEB,2026-09-22 14:02:45,online,,1,14.99,0.0,14.99
O006168,C01110,S22,2026-09-22 14:24:35,in_store,,1,199.99,0.0,199.99
O006169,C00583,S20,2026-09-22 14:28:47,in_store,,1,19.99,0.0,19.99
O006170,C00310,S19,2026-09-22 15:59:22,in_store,,1,24.99,0.0,24.99
O006171,C01370,S13,2026-09-22 16:26:35,in_store,,1,14.99,0.0,14.99
O006172,C00152,WEB,2026-09-22 17:03:02,online,,1,24.99,0.0,24.99
O006173,C00981,S03,2026-09-22 18:51:21,in_store,,4,849.96,0.0,849.96
O006174,C01477,S15,2026-09-22 19:50:49,in_store,,1,89.99,0.0,89.99
O006175,C01344,S16,2026-09-23 11:00:09,in_store,,1,19.99,0.0,19.99
O006176,C01373,S05,2026-09-23 12:55:48,in_store,,1,379.99,0.0,379.99
O006177,C00830,S07,2026-09-23 13:29:35,in_store,,2,179.98,0.0,179.98
O006178,C00772,S19,2026-09-23 17:03:40,in_store,,1,99.99,0.0,99.99
O006179,C00922,S04,2026-09-23 17:55:38,in_store,,1,139.99,0.0,139.99
O006180,C01404,S24,2026-09-23 18:18:44,in_store,,1,24.99,0.0,24.99
O006181,C00776,WEB,2026-09-23 18:59:14,online,,1,349.99,0.0,349.99
O006182,C01392,S13,2026-09-23 19:18:59,in_store,,1,19.99,0.0,19.99
O006183,C00682,WEB,2026-09-23 21:09:36,online,,1,59.99,0.0,59.99
O006184,C01273,WEB,2026-09-24 09:44:28,online,,1,149.99,0.0,149.99
O006185,C01325,S20,2026-09-24 10:56:41,in_store,,1,109.99,0.0,109.99
O006186,C01073,S09,2026-09-24 12:13:06,in_store,,2,99.98,0.0,99.98
O006187,C00706,S08,2026-09-24 13:02:58,in_store,,2,219.98,0.0,219.98
O006188,C00830,S07,2026-09-24 15:50:22,in_store,,2,359.98,0.0,359.98
O006189,C00017,S06,2026-09-24 15:58:33,in_store,,1,59.99,0.0,59.99
O006190,C01055,S11,2026-09-24 16:04:10,in_store,,3,214.97,0.0,214.97
O006191,C00665,S04,2026-09-24 18:47:27,in_store,,2,159.98,0.0,159.98
O006192,C01354,S18,2026-09-24 19:39:24,in_store,,3,1049.97,0.0,1049.97
O006193,C01108,S19,2026-09-24 19:57:29,in_store,,2,99.98,0.0,99.98
O006194,C01057,WEB,2026-09-24 22:13:22,online,,2,189.98,0.0,189.98
O006195,C00171,S21,2026-09-25 10:26:39,in_store,,1,649.99,0.0,649.99
O006196,C00175,S06,2026-09-25 12:56:28,in_store,,4,269.96,0.0,269.96
O006197,C00431,S10,2026-09-25 13:27:46,in_store,,1,128.99,0.0,128.99
O006198,C01295,S10,2026-09-25 15:19:33,in_store,,1,49.99,0.0,49.99
O006199,C00764,S17,2026-09-25 16:01:19,in_store,,2,249.98,0.0,249.98
O006200,C00479,S19,2026-09-25 16:34:38,in_store,,2,179.98,0.0,179.98
O006201,C01173,S18,2026-09-25 16:46:00,in_store,,3,249.97,0.0,249.97
O006202,C00566,S22,2026-09-25 17:57:51,in_store,,1,29.99,0.0,29.99
O006203,C00615,S14,2026-09-25 18:06:28,in_store,,4,368.96,0.0,368.96
O006204,C01352,S07,2026-09-25 19:19:07,in_store,,1,179.99,0.0,179.99
O006205,C00068,WEB,2026-09-25 22:43:45,online,,2,99.98,0.0,99.98
O006206,C00084,S02,2026-09-26 10:55:44,in_store,,2,99.98,0.0,99.98
O006207,C00972,S17,2026-09-26 11:08:55,in_store,,1,49.99,0.0,49.99
O006208,C00492,S01,2026-09-26 11:58:36,in_store,,2,79.98,0.0,79.98
O006209,C01110,S22,2026-09-26 13:08:12,in_store,,1,69.99,0.0,69.99
O006210,C01430,WEB,2026-09-26 15:28:15,online,,1,59.99,0.0,59.99
O006211,C01459,S13,2026-09-26 16:35:00,in_store,,1,38.99,0.0,38.99
O006212,C00849,S13,2026-09-26 17:31:02,in_store,,1,149.99,0.0,149.99
O006213,C01341,WEB,2026-09-26 19:46:54,online,,1,79.99,0.0,79.99
O006214,C01080,S06,2026-09-27 11:25:33,in_store,,2,259.98,0.0,259.98
O006215,C00813,S21,2026-09-27 13:18:18,in_store,,1,89.99,0.0,89.99
O006216,C00783,S09,2026-09-27 18:59:30,in_store,,1,38.99,0.0,38.99
O006217,C01057,WEB,2026-09-27 20:03:45,online,,1,69.99,0.0,69.99
O006218,C00435,WEB,2026-09-28 09:09:25,online,,5,647.95,0.0,647.95
O006219,C01287,S16,2026-09-28 12:17:17,in_store,,2,269.98,0.0,269.98
O006220,C00871,S01,2026-09-28 13:06:00,in_store,,2,145.98,0.0,145.98
O006221,C01443,WEB,2026-09-28 15:37:30,online,,1,24.99,0.0,24.99
O006222,C00412,S19,2026-09-28 16:06:46,in_store,,1,59.99,0.0,59.99
O006223,C01210,S06,2026-09-28 18:45:07,in_store,,1,139.99,0.0,139.99
O006224,C00220,WEB,2026-09-28 21:36:17,online,,1,89.99,0.0,89.99
O006225,C00009,WEB,2026-09-28 22:47:56,online,,1,29.99,0.0,29.99
O006226,C00188,S13,2026-09-29 11:08:54,in_store,,2,269.98,0.0,269.98
O006227,C00396,WEB,2026-09-29 11:33:26,online,,3,169.97,0.0,169.97
O006228,C00407,S14,2026-09-29 11:56:59,in_store,,1,59.99,0.0,59.99
O006229,C00445,WEB,2026-09-29 12:02:23,online,,2,429.98,0.0,429.98
O006230,C01321,WEB,2026-09-29 13:04:48,online,,1,89.99,0.0,89.99
O006231,C01430,WEB,2026-09-29 13:11:55,online,,2,459.98,0.0,459.98
O006232,C00175,S06,2026-09-29 15:24:18,in_store,,2,159.98,0.0,159.98
O006233,C00925,S20,2026-09-29 15:27:47,in_store,,1,299.99,0.0,299.99
O006234,C01365,S22,2026-09-29 16:12:16,in_store,,1,49.99,0.0,49.99
O006235,C00072,S22,2026-09-29 18:37:01,in_store,,1,39.99,0.0,39.99
O006236,C00779,WEB,2026-09-29 23:43:00,online,,2,229.98,0.0,229.98
O006237,C00603,S21,2026-09-30 09:46:22,in_store,,4,454.96,0.0,454.96
O006238,C00398,S06,2026-09-30 09:57:44,in_store,,1,99.99,0.0,99.99
O006239,C00830,S07,2026-09-30 11:19:12,in_store,,2,184.98,0.0,184.98
O006240,C01357,S01,2026-09-30 11:33:40,in_store,,2,179.98,0.0,179.98
O006241,C01410,S01,2026-09-30 14:43:36,in_store,,1,34.99,0.0,34.99
O006242,C01209,S16,2026-09-30 17:50:21,in_store,,2,119.98,0.0,119.98
O006243,C00642,S09,2026-09-30 20:37:48,in_store,,1,39.99,0.0,39.99
O006244,C00921,S07,2026-09-30 20:45:34,in_store,,1,128.99,0.0,128.99
O006245,C00456,WEB,2026-09-30 23:59:53,online,,2,369.98,0.0,369.98
