order_item_id,order_id,product_id,quantity,unit_price,discount_amount,line_amount
OI000001,O000001,P003,1,129.99,0.0,129.99
OI000002,O000001,P159,1,55.99,0.0,55.99
OI000003,O000002,P103,1,19.99,0.0,19.99
OI000004,O000003,P074,1,19.99,0.0,19.99
OI000005,O000004,P048,1,449.99,0.0,449.99
OI000006,O000005,P009,1,299.99,0.0,299.99
OI000007,O000005,P147,1,54.99,0.0,54.99
OI000008,O000005,P133,1,99.99,0.0,99.99
OI000009,O000005,P121,2,128.99,0.0,257.98
OI000010,O000006,P155,1,79.99,0.0,79.99
OI000011,O000007,P115,1,49.99,0.0,49.99
OI000012,O000007,P101,2,49.99,0.0,99.98
OI000013,O000008,P126,1,19.99,0.0,19.99
OI000014,O000009,P103,1,19.99,0.0,19.99
OI000015,O000010,P095,1,199.99,0.0,199.99
OI000016,O000010,P155,1,79.99,0.0,79.99
OI000017,O000011,P065,1,39.99,0.0,39.99
OI000018,O000012,P083,1,99.99,0.0,99.99
OI000019,O000012,P159,1,55.99,0.0,55.99
OI000020,O000013,P120,1,89.99,0.0,89.99
OI000021,O000014,P005,1,349.99,0.0,349.99
OI000022,O000015,P108,1,24.99,0.0,24.99
OI000023,O000016,P167,1,59.99,0.0,59.99
OI000024,O000016,P085,2,39.99,0.0,79.98
OI000025,O000017,P087,1,349.99,0.0,349.99
OI000026,O000017,P027,1,89.99,0.0,89.99
OI000027,O000018,P142,1,19.99,0.0,19.99
OI000028,O000019,P090,3,189.99,0.0,569.97
OI000029,O000019,P087,1,349.99,0.0,349.99
OI000030,O000020,P087,1,349.99,0.0,349.99
OI000031,O000021,P154,1,349.99,0.0,349.99
OI000032,O000022,P163,1,89.99,0.0,89.99
OI000033,O000022,P068,1,39.99,0.0,39.99
OI000034,O000022,P072,1,89.99,0.0,89.99
OI000035,O000023,P131,1,79.99,0.0,79.99
OI000036,O000024,P127,1,49.99,0.0,49.99
OI000037,O000024,P064,1,59.99,0.0,59.99
OI000038,O000025,P099,1,29.99,0.0,29.99
OI000039,O000026,P153,1,129.99,0.0,129.99
OI000040,O000026,P155,1,79.99,0.0,79.99
OI000041,O000027,P120,1,89.99,0.0,89.99
OI000042,O000027,P145,3,69.99,0.0,209.97
OI000043,O000028,P074,1,19.99,0.0,19.99
OI000044,O000029,P052,1,229.99,0.0,229.99
OI000045,O000029,P143,1,49.99,0.0,49.99
OI000046,O000029,P125,1,49.99,0.0,49.99
OI000047,O000030,P128,1,59.99,0.0,59.99
OI000048,O000031,P040,1,399.99,0.0,399.99
OI000049,O000031,P120,1,89.99,0.0,89.99
OI000050,O000032,P014,1,449.99,0.0,449.99
OI000051,O000033,P081,2,58.99,0.0,117.98
OI000052,O000034,P116,1,149.99,0.0,149.99
OI000053,O000035,P128,1,59.99,0.0,59.99
OI000054,O000035,P163,1,89.99,0.0,89.99
OI000055,O000035,P023,1,199.99,0.0,199.99
OI000056,O000036,P152,1,899.99,0.0,899.99
OI000057,O000037,P155,3,79.99,0.0,239.97
OI000058,O000037,P093,1,59.99,0.0,59.99
OI000059,O000038,P055,1,179.99,0.0,179.99
OI000060,O000039,P028,1,19.99,0.0,19.99
OI000061,O000039,P010,1,89.99,0.0,89.99
OI000062,O000039,P022,1,69.99,0.0,69.99
OI000063,O000040,P167,1,59.99,0.0,59.99
OI000064,O000040,P028,1,19.99,0.0,19.99
OI000065,O000041,P149,1,129.99,0.0,129.99
OI000066,O000042,P131,1,79.99,0.0,79.99
OI000067,O000043,P010,1,89.99,0.0,89.99
OI000068,O000043,P060,1,139.99,0.0,139.99
OI000069,O000044,P061,1,329.99,0.0,329.99
OI000070,O000044,P007,1,149.99,0.0,149.99
OI000071,O000045,P091,1,19.99,0.0,19.99
OI000072,O000045,P008,1,79.99,0.0,79.99
OI000073,O000046,P059,1,183.99,0.0,183.99
OI000074,O000046,P143,1,49.99,0.0,49.99
OI000075,O000047,P103,1,19.99,0.0,19.99
OI000076,O000047,P016,1,399.99,0.0,399.99
OI000077,O000048,P014,1,449.99,0.0,449.99
OI000078,O000049,P113,1,84.99,0.0,84.99
OI000079,O000050,P112,1,39.99,0.0,39.99
OI000080,O000050,P087,1,349.99,0.0,349.99
OI000081,O000051,P130,1,24.99,0.0,24.99
OI000082,O000052,P116,1,149.99,0.0,149.99
OI000083,O000053,P083,1,99.99,0.0,99.99
OI000084,O000054,P081,2,58.99,0.0,117.98
OI000085,O000055,P137,1,109.99,0.0,109.99
OI000086,O000055,P109,1,79.99,0.0,79.99
OI000087,O000055,P020,1,79.99,0.0,79.99
OI000088,O000056,P082,1,29.99,0.0,29.99
OI000089,O000056,P028,1,19.99,0.0,19.99
OI000090,O000057,P155,1,79.99,0.0,79.99
OI000091,O000058,P079,1,49.99,0.0,49.99
OI000092,O000059,P052,1,229.99,0.0,229.99
OI000093,O000060,P103,1,19.99,0.0,19.99
OI000094,O000060,P158,1,449.99,0.0,449.99
OI000095,O000060,P140,1,39.99,0.0,39.99
OI000096,O000061,P103,1,19.99,0.0,19.99
OI000097,O000062,P148,1,59.99,0.0,59.99
OI000098,O000063,P145,1,69.99,0.0,69.99
OI000099,O000064,P015,1,199.99,0.0,199.99
OI000100,O000064,P092,1,69.99,0.0,69.99
OI000101,O000064,P028,1,19.99,0.0,19.99
OI000102,O000065,P114,1,129.99,0.0,129.99
OI000103,O000065,P125,1,49.99,0.0,49.99
OI000104,O000065,P101,1,49.99,0.0,49.99
OI000105,O000065,P088,1,83.99,0.0,83.99
OI000106,O000066,P143,1,49.99,0.0,49.99
OI000107,O000067,P148,2,59.99,0.0,119.98
OI000108,O000067,P122,1,29.99,0.0,29.99
OI000109,O000068,P013,1,149.99,0.0,149.99
OI000110,O000069,P062,1,24.99,0.0,24.99
OI000111,O000069,P074,1,19.99,0.0,19.99
OI000112,O000070,P126,1,19.99,0.0,19.99
OI000113,O000071,P068,1,39.99,0.0,39.99
OI000114,O000072,P016,1,399.99,0.0,399.99
OI000115,O000073,P081,1,58.99,0.0,58.99
OI000116,O000073,P089,1,59.99,0.0,59.99
OI000117,O000074,P083,1,99.99,0.0,99.99
OI000118,O000075,P067,1,149.99,0.0,149.99
OI000119,O000075,P143,1,49.99,0.0,49.99
OI000120,O000075,P109,1,79.99,0.0,79.99
OI000121,O000076,P060,1,139.99,0.0,139.99
OI000122,O000077,P139,1,89.99,0.0,89.99
OI000123,O000078,P054,1,649.99,0.0,649.99
OI000124,O000079,P159,1,55.99,0.0,55.99
OI000125,O000080,P076,2,49.99,0.0,99.98
OI000126,O000081,P087,1,349.99,0.0,349.99
OI000127,O000082,P090,1,189.99,0.0,189.99
OI000128,O000082,P138,1,39.99,0.0,39.99
OI000129,O000082,P142,1,19.99,0.0,19.99
OI000130,O000083,P106,1,29.99,0.0,29.99
OI000131,O000084,P076,2,49.99,0.0,99.98
OI000132,O000085,P060,1,139.99,0.0,139.99
OI000133,O000086,P133,1,99.99,0.0,99.99
OI000134,O000086,P155,1,79.99,0.0,79.99
OI000135,O000086,P139,1,89.99,0.0,89.99
OI000136,O000087,P074,1,19.99,0.0,19.99
OI000137,O000087,P138,1,39.99,0.0,39.99
OI000138,O000087,P066,1,94.99,0.0,94.99
OI000139,O000088,P009,1,299.99,0.0,299.99
OI000140,O000089,P115,1,49.99,0.0,49.99
OI000141,O000090,P163,1,89.99,0.0,89.99
OI000142,O000090,P005,1,349.99,0.0,349.99
OI000143,O000091,P103,1,19.99,0.0,19.99
OI000144,O000092,P087,1,349.99,0.0,349.99
OI000145,O000093,P077,1,199.99,30.0,169.99
OI000146,O000094,P120,1,89.99,0.0,89.99
OI000147,O000095,P094,1,179.99,0.0,179.99
OI000148,O000095,P121,1,128.99,0.0,128.99
OI000149,O000095,P060,1,139.99,0.0,139.99
OI000150,O000096,P092,1,69.99,0.0,69.99
OI000151,O000097,P052,1,229.99,0.0,229.99
OI000152,O000098,P065,1,39.99,6.0,33.99
OI000153,O000098,P028,1,19.99,0.0,19.99
OI000154,O000098,P120,2,89.99,0.0,179.98
OI000155,O000099,P148,2,59.99,0.0,119.98
OI000156,O000100,P002,1,89.99,0.0,89.99
OI000157,O000101,P155,1,79.99,0.0,79.99
OI000158,O000101,P115,1,49.99,0.0,49.99
OI000159,O000101,P153,1,129.99,0.0,129.99
OI000160,O000102,P128,1,59.99,0.0,59.99
OI000161,O000103,P065,1,39.99,0.0,39.99
OI000162,O000104,P096,1,449.99,0.0,449.99
OI000163,O000105,P115,1,49.99,0.0,49.99
OI000164,O000106,P084,1,14.99,2.25,12.74
OI000165,O000107,P142,1,19.99,0.0,19.99
OI000166,O000107,P001,1,49.99,0.0,49.99
OI000167,O000107,P003,1,129.99,0.0,129.99
OI000168,O000107,P143,1,49.99,0.0,49.99
OI000169,O000108,P140,1,39.99,0.0,39.99
OI000170,O000108,P072,1,89.99,13.5,76.49
OI000171,O000108,P155,1,79.99,0.0,79.99
OI000172,O000109,P115,1,49.99,0.0,49.99
OI000173,O000110,P120,1,89.99,0.0,89.99
OI000174,O000110,P092,1,69.99,0.0,69.99
OI000175,O000110,P113,1,84.99,0.0,84.99
OI000176,O000111,P068,1,39.99,6.0,33.99
OI000177,O000112,P148,1,59.99,0.0,59.99
OI000178,O000112,P046,1,349.99,0.0,349.99
OI000179,O000113,P008,1,79.99,0.0,79.99
OI000180,O000114,P120,1,89.99,0.0,89.99
OI000181,O000114,P155,1,79.99,0.0,79.99
OI000182,O000114,P013,1,149.99,0.0,149.99
OI000183,O000114,P115,1,49.99,0.0,49.99
OI000184,O000115,P163,1,89.99,0.0,89.99
OI000185,O000116,P074,1,19.99,0.0,19.99
OI000186,O000116,P155,2,79.99,0.0,159.98
OI000187,O000116,P156,1,249.99,0.0,249.99
OI000188,O000117,P072,1,89.99,0.0,89.99
OI000189,O000118,P087,1,349.99,0.0,349.99
OI000190,O000119,P107,1,99.99,0.0,99.99
OI000191,O000120,P165,2,79.99,0.0,159.98
OI000192,O000120,P127,1,49.99,0.0,49.99
OI000193,O000121,P035,1,999.99,0.0,999.99
OI000194,O000122,P064,1,59.99,0.0,59.99
OI000195,O000123,P103,1,19.99,0.0,19.99
OI000196,O000124,P004,1,129.99,0.0,129.99
OI000197,O000125,P120,1,89.99,0.0,89.99
OI000198,O000126,P103,1,19.99,0.0,19.99
OI000199,O000127,P089,1,59.99,0.0,59.99
OI000200,O000127,P167,1,59.99,0.0,59.99
OI000201,O000127,P155,1,79.99,0.0,79.99
OI000202,O000127,P103,2,19.99,0.0,39.98
OI000203,O000128,P060,1,139.99,0.0,139.99
OI000204,O000129,P120,1,89.99,0.0,89.99
OI000205,O000130,P062,1,24.99,3.75,21.24
OI000206,O000131,P115,1,49.99,0.0,49.99
OI000207,O000132,P118,1,219.99,0.0,219.99
OI000208,O000133,P120,1,89.99,0.0,89.99
OI000209,O000134,P097,1,49.99,0.0,49.99
OI000210,O000135,P147,1,54.99,0.0,54.99
OI000211,O000135,P155,1,79.99,0.0,79.99
OI000212,O000136,P128,1,59.99,0.0,59.99
OI000213,O000137,P120,1,89.99,0.0,89.99
OI000214,O000138,P090,1,189.99,0.0,189.99
OI000215,O000139,P076,1,49.99,0.0,49.99
OI000216,O000140,P103,1,19.99,0.0,19.99
OI000217,O000141,P121,1,128.99,0.0,128.99
OI000218,O000142,P087,2,349.99,0.0,699.98
OI000219,O000143,P075,1,69.99,0.0,69.99
OI000220,O000144,P024,1,29.99,0.0,29.99
OI000221,O000145,P158,1,449.99,0.0,449.99
OI000222,O000146,P084,1,14.99,0.0,14.99
OI000223,O000147,P101,1,49.99,0.0,49.99
OI000224,O000147,P097,1,49.99,0.0,49.99
OI000225,O000148,P120,1,89.99,0.0,89.99
OI000226,O000148,P015,1,199.99,0.0,199.99
OI000227,O000148,P072,1,89.99,0.0,89.99
OI000228,O000148,P137,1,109.99,0.0,109.99
OI000229,O000149,P155,1,79.99,0.0,79.99
OI000230,O000150,P087,1,349.99,0.0,349.99
OI000231,O000150,P155,1,79.99,0.0,79.99
OI000232,O000150,P145,1,69.99,0.0,69.99
OI000233,O000151,P120,1,89.99,0.0,89.99
OI000234,O000152,P103,1,19.99,0.0,19.99
OI000235,O000152,P041,1,449.99,0.0,449.99
OI000236,O000152,P092,1,69.99,0.0,69.99
OI000237,O000152,P101,1,49.99,0.0,49.99
OI000238,O000153,P017,1,599.99,0.0,599.99
OI000239,O000154,P129,1,149.99,0.0,149.99
OI000240,O000154,P143,1,49.99,0.0,49.99
OI000241,O000155,P143,1,49.99,0.0,49.99
OI000242,O000156,P084,2,14.99,4.5,25.48
OI000243,O000156,P016,1,399.99,0.0,399.99
OI000244,O000157,P022,1,69.99,0.0,69.99
OI000245,O000157,P079,1,49.99,0.0,49.99
OI000246,O000158,P106,1,29.99,0.0,29.99
OI000247,O000158,P092,1,69.99,0.0,69.99
OI000248,O000158,P128,1,59.99,0.0,59.99
OI000249,O000159,P118,1,219.99,0.0,219.99
OI000250,O000160,P062,1,24.99,3.75,21.24
OI000251,O000161,P155,1,79.99,0.0,79.99
OI000252,O000162,P103,3,19.99,0.0,59.97
OI000253,O000162,P138,1,39.99,0.0,39.99
OI000254,O000162,P018,1,89.99,0.0,89.99
OI000255,O000162,P159,1,55.99,0.0,55.99
OI000256,O000163,P148,2,59.99,0.0,119.98
OI000257,O000164,P003,1,129.99,0.0,129.99
OI000258,O000165,P015,1,199.99,0.0,199.99
OI000259,O000166,P072,1,89.99,13.5,76.49
OI000260,O000166,P132,1,39.99,0.0,39.99
OI000261,O000167,P167,2,59.99,0.0,119.98
OI000262,O000168,P060,1,139.99,0.0,139.99
OI000263,O000169,P064,1,59.99,0.0,59.99
OI000264,O000169,P155,4,79.99,0.0,319.96
OI000265,O000170,P139,2,89.99,0.0,179.98
OI000266,O000170,P083,1,99.99,15.0,84.99
OI000267,O000170,P104,1,59.99,0.0,59.99
OI000268,O000171,P050,1,799.99,0.0,799.99
OI000269,O000172,P147,1,54.99,0.0,54.99
OI000270,O000173,P087,1,349.99,0.0,349.99
OI000271,O000173,P091,1,19.99,0.0,19.99
OI000272,O000174,P128,1,59.99,0.0,59.99
OI000273,O000174,P020,1,79.99,0.0,79.99
OI000274,O000175,P009,1,299.99,0.0,299.99
OI000275,O000176,P093,1,59.99,0.0,59.99
OI000276,O000176,P103,2,19.99,0.0,39.98
OI000277,O000177,P167,1,59.99,0.0,59.99
OI000278,O000177,P081,2,58.99,0.0,117.98
OI000279,O000178,P066,1,94.99,14.25,80.74
OI000280,O000178,P103,1,19.99,0.0,19.99
OI000281,O000179,P146,1,24.99,0.0,24.99
OI000282,O000180,P021,1,179.99,0.0,179.99
OI000283,O000181,P020,1,79.99,0.0,79.99
OI000284,O000182,P125,1,49.99,0.0,49.99
OI000285,O000183,P134,1,34.99,0.0,34.99
OI000286,O000184,P171,1,199.99,0.0,199.99
OI000287,O000185,P142,1,19.99,0.0,19.99
OI000288,O000186,P133,1,99.99,0.0,99.99
OI000289,O000187,P042,1,899.99,0.0,899.99
OI000290,O000187,P112,1,39.99,0.0,39.99
OI000291,O000188,P148,1,59.99,0.0,59.99
OI000292,O000189,P092,1,69.99,0.0,69.99
OI000293,O000189,P140,2,39.99,0.0,79.98
OI000294,O000190,P004,1,129.99,0.0,129.99
OI000295,O000190,P133,3,99.99,0.0,299.97
OI000296,O000191,P155,1,79.99,0.0,79.99
OI000297,O000192,P120,1,89.99,0.0,89.99
OI000298,O000193,P070,1,69.99,10.5,59.49
OI000299,O000193,P153,1,129.99,0.0,129.99
OI000300,O000193,P120,1,89.99,0.0,89.99
OI000301,O000194,P112,1,39.99,0.0,39.99
OI000302,O000194,P116,1,149.99,0.0,149.99
OI000303,O000195,P013,1,149.99,0.0,149.99
OI000304,O000196,P087,3,349.99,0.0,1049.97
OI000305,O000197,P092,1,69.99,0.0,69.99
OI000306,O000197,P081,1,58.99,8.85,50.14
OI000307,O000197,P116,1,149.99,0.0,149.99
OI000308,O000197,P085,1,39.99,6.0,33.99
OI000309,O000198,P094,1,179.99,0.0,179.99
OI000310,O000198,P122,1,29.99,0.0,29.99
OI000311,O000199,P142,1,19.99,0.0,19.99
OI000312,O000200,P101,2,49.99,0.0,99.98
OI000313,O000201,P091,3,19.99,0.0,59.97
OI000314,O000202,P024,1,29.99,0.0,29.99
OI000315,O000202,P002,1,89.99,0.0,89.99
OI000316,O000202,P097,1,49.99,0.0,49.99
OI000317,O000203,P084,1,14.99,2.25,12.74
OI000318,O000204,P109,1,79.99,0.0,79.99
OI000319,O000205,P132,1,39.99,0.0,39.99
OI000320,O000206,P155,1,79.99,0.0,79.99
OI000321,O000206,P171,1,199.99,0.0,199.99
OI000322,O000207,P105,1,38.99,0.0,38.99
OI000323,O000208,P031,1,139.99,0.0,139.99
OI000324,O000209,P080,1,38.99,5.85,33.14
OI000325,O000210,P062,1,24.99,0.0,24.99
OI000326,O000210,P065,2,39.99,0.0,79.98
OI000327,O000211,P079,1,49.99,0.0,49.99
OI000328,O000212,P106,1,29.99,0.0,29.99
OI000329,O000212,P148,1,59.99,0.0,59.99
OI000330,O000213,P015,1,199.99,0.0,199.99
OI000331,O000213,P101,1,49.99,0.0,49.99
OI000332,O000214,P083,1,99.99,15.0,84.99
OI000333,O000215,P073,2,349.99,0.0,699.98
OI000334,O000216,P092,1,69.99,0.0,69.99
OI000335,O000217,P155,1,79.99,0.0,79.99
OI000336,O000218,P103,1,19.99,0.0,19.99
OI000337,O000218,P072,1,89.99,13.5,76.49
OI000338,O000218,P094,1,179.99,0.0,179.99
OI000339,O000219,P128,1,59.99,0.0,59.99
OI000340,O000219,P076,1,49.99,7.5,42.49
OI000341,O000220,P084,2,14.99,4.5,25.48
OI000342,O000220,P128,1,59.99,0.0,59.99
OI000343,O000221,P158,1,449.99,0.0,449.99
OI000344,O000221,P117,1,69.99,0.0,69.99
OI000345,O000221,P006,1,39.99,0.0,39.99
OI000346,O000221,P167,1,59.99,0.0,59.99
OI000347,O000222,P167,1,59.99,0.0,59.99
OI000348,O000222,P076,1,49.99,0.0,49.99
OI000349,O000223,P055,1,179.99,0.0,179.99
OI000350,O000223,P101,1,49.99,0.0,49.99
OI000351,O000224,P052,1,229.99,0.0,229.99
OI000352,O000225,P153,1,129.99,0.0,129.99
OI000353,O000226,P072,1,89.99,13.5,76.49
OI000354,O000226,P153,1,129.99,0.0,129.99
OI000355,O000227,P002,1,89.99,0.0,89.99
OI000356,O000228,P019,1,299.99,0.0,299.99
OI000357,O000228,P148,1,59.99,0.0,59.99
OI000358,O000229,P015,1,199.99,0.0,199.99
OI000359,O000230,P008,1,79.99,0.0,79.99
OI000360,O000230,P128,1,59.99,0.0,59.99
OI000361,O000231,P126,1,19.99,0.0,19.99
OI000362,O000232,P065,1,39.99,0.0,39.99
OI000363,O000233,P150,1,25.99,0.0,25.99
OI000364,O000233,P018,1,89.99,0.0,89.99
OI000365,O000234,P163,2,89.99,0.0,179.98
OI000366,O000234,P023,1,199.99,0.0,199.99
OI000367,O000235,P017,1,599.99,0.0,599.99
OI000368,O000236,P098,1,199.99,0.0,199.99
OI000369,O000236,P146,1,24.99,0.0,24.99
OI000370,O000237,P088,1,83.99,0.0,83.99
OI000371,O000237,P074,1,19.99,0.0,19.99
OI000372,O000238,P094,1,179.99,0.0,179.99
OI000373,O000239,P142,1,19.99,0.0,19.99
OI000374,O000240,P101,1,49.99,0.0,49.99
OI000375,O000241,P076,1,49.99,7.5,42.49
OI000376,O000242,P005,1,349.99,0.0,349.99
OI000377,O000243,P062,1,24.99,0.0,24.99
OI000378,O000244,P121,2,128.99,0.0,257.98
OI000379,O000245,P084,1,14.99,2.25,12.74
OI000380,O000246,P154,1,349.99,0.0,349.99
OI000381,O000247,P075,2,69.99,21.0,118.98
OI000382,O000248,P003,1,129.99,0.0,129.99
OI000383,O000249,P007,1,149.99,0.0,149.99
OI000384,O000249,P152,1,899.99,0.0,899.99
OI000385,O000250,P155,1,79.99,0.0,79.99
OI000386,O000251,P155,1,79.99,0.0,79.99
OI000387,O000252,P074,2,19.99,0.0,39.98
OI000388,O000252,P008,1,79.99,0.0,79.99
OI000389,O000253,P166,1,24.99,0.0,24.99
OI000390,O000254,P091,1,19.99,0.0,19.99
OI000391,O000255,P076,1,49.99,0.0,49.99
OI000392,O000256,P148,1,59.99,0.0,59.99
OI000393,O000256,P027,1,89.99,0.0,89.99
OI000394,O000257,P150,1,25.99,0.0,25.99
OI000395,O000258,P056,1,449.99,0.0,449.99
OI000396,O000259,P155,1,79.99,0.0,79.99
OI000397,O000260,P143,1,49.99,0.0,49.99
OI000398,O000260,P142,1,19.99,0.0,19.99
OI000399,O000260,P155,1,79.99,0.0,79.99
OI000400,O000260,P054,1,649.99,0.0,649.99
OI000401,O000261,P022,1,69.99,0.0,69.99
OI000402,O000262,P072,1,89.99,0.0,89.99
OI000403,O000263,P088,3,83.99,0.0,251.97
OI000404,O000264,P112,1,39.99,0.0,39.99
OI000405,O000265,P090,1,189.99,0.0,189.99
OI000406,O000266,P107,1,99.99,0.0,99.99
OI000407,O000267,P009,1,299.99,0.0,299.99
OI000408,O000268,P080,1,38.99,5.85,33.14
OI000409,O000269,P035,1,999.99,0.0,999.99
OI000410,O000270,P075,2,69.99,21.0,118.98
OI000411,O000270,P108,1,24.99,0.0,24.99
OI000412,O000271,P036,1,1299.99,0.0,1299.99
OI000413,O000272,P077,1,199.99,30.0,169.99
OI000414,O000273,P149,2,129.99,0.0,259.98
OI000415,O000273,P083,1,99.99,0.0,99.99
OI000416,O000274,P077,1,199.99,30.0,169.99
OI000417,O000275,P142,2,19.99,0.0,39.98
OI000418,O000276,P052,1,229.99,0.0,229.99
OI000419,O000277,P140,1,39.99,0.0,39.99
OI000420,O000277,P088,1,83.99,0.0,83.99
OI000421,O000277,P033,1,79.99,0.0,79.99
OI000422,O000278,P072,2,89.99,27.0,152.98
OI000423,O000279,P064,1,59.99,0.0,59.99
OI000424,O000280,P103,1,19.99,0.0,19.99
OI000425,O000281,P155,1,79.99,0.0,79.99
OI000426,O000282,P155,1,79.99,0.0,79.99
OI000427,O000283,P041,1,449.99,0.0,449.99
OI000428,O000284,P052,1,229.99,0.0,229.99
OI000429,O000285,P062,1,24.99,0.0,24.99
OI000430,O000286,P018,1,89.99,0.0,89.99
OI000431,O000287,P155,1,79.99,0.0,79.99
OI000432,O000287,P140,1,39.99,0.0,39.99
OI000433,O000287,P060,1,139.99,0.0,139.99
OI000434,O000287,P029,1,49.99,0.0,49.99
OI000435,O000288,P103,1,19.99,0.0,19.99
OI000436,O000288,P156,1,249.99,0.0,249.99
OI000437,O000288,P015,1,199.99,0.0,199.99
OI000438,O000289,P079,1,49.99,0.0,49.99
OI000439,O000290,P118,2,219.99,0.0,439.98
OI000440,O000291,P076,1,49.99,7.5,42.49
OI000441,O000292,P052,1,229.99,0.0,229.99
OI000442,O000293,P131,1,79.99,0.0,79.99
OI000443,O000294,P138,1,39.99,0.0,39.99
OI000444,O000295,P143,1,49.99,0.0,49.99
OI000445,O000296,P159,1,55.99,0.0,55.99
OI000446,O000297,P103,1,19.99,0.0,19.99
OI000447,O000298,P124,1,14.99,0.0,14.99
OI000448,O000299,P126,1,19.99,0.0,19.99
OI000449,O000299,P046,1,349.99,0.0,349.99
OI000450,O000300,P081,1,58.99,0.0,58.99
OI000451,O000300,P137,1,109.99,0.0,109.99
OI000452,O000301,P120,2,89.99,0.0,179.98
OI000453,O000302,P148,1,59.99,0.0,59.99
OI000454,O000303,P072,1,89.99,0.0,89.99
OI000455,O000304,P155,1,79.99,0.0,79.99
OI000456,O000305,P136,2,44.99,0.0,89.98
OI000457,O000306,P030,1,59.99,0.0,59.99
OI000458,O000307,P034,1,699.99,0.0,699.99
OI000459,O000308,P031,1,139.99,0.0,139.99
OI000460,O000309,P166,1,24.99,0.0,24.99
OI000461,O000310,P020,1,79.99,0.0,79.99
OI000462,O000310,P079,1,49.99,0.0,49.99
OI000463,O000311,P163,1,89.99,0.0,89.99
OI000464,O000311,P060,1,139.99,0.0,139.99
OI000465,O000311,P123,1,99.99,0.0,99.99
OI000466,O000312,P076,1,49.99,0.0,49.99
OI000467,O000313,P052,1,229.99,0.0,229.99
OI000468,O000314,P121,2,128.99,0.0,257.98
OI000469,O000315,P028,1,19.99,0.0,19.99
OI000470,O000315,P171,1,199.99,0.0,199.99
OI000471,O000316,P163,1,89.99,0.0,89.99
OI000472,O000316,P041,1,449.99,0.0,449.99
OI000473,O000316,P126,2,19.99,0.0,39.98
OI000474,O000316,P158,1,449.99,0.0,449.99
OI000475,O000317,P092,1,69.99,0.0,69.99
OI000476,O000317,P072,1,89.99,0.0,89.99
OI000477,O000318,P154,1,349.99,0.0,349.99
OI000478,O000318,P015,1,199.99,0.0,199.99
OI000479,O000319,P077,1,199.99,0.0,199.99
OI000480,O000320,P114,1,129.99,0.0,129.99
OI000481,O000321,P069,1,119.99,0.0,119.99
OI000482,O000322,P082,1,29.99,0.0,29.99
OI000483,O000322,P112,1,39.99,0.0,39.99
OI000484,O000323,P096,1,449.99,0.0,449.99
OI000485,O000324,P135,1,79.99,0.0,79.99
OI000486,O000324,P079,2,49.99,0.0,99.98
OI000487,O000324,P115,1,49.99,0.0,49.99
OI000488,O000325,P077,1,199.99,0.0,199.99
OI000489,O000326,P064,1,59.99,0.0,59.99
OI000490,O000327,P154,1,349.99,0.0,349.99
OI000491,O000328,P103,3,19.99,0.0,59.97
OI000492,O000329,P069,2,119.99,0.0,239.98
OI000493,O000329,P128,2,59.99,0.0,119.98
OI000494,O000329,P106,1,29.99,0.0,29.99
OI000495,O000329,P072,1,89.99,0.0,89.99
OI000496,O000330,P134,1,34.99,0.0,34.99
OI000497,O000331,P120,1,89.99,0.0,89.99
OI000498,O000332,P129,1,149.99,0.0,149.99
OI000499,O000332,P162,1,29.99,0.0,29.99
OI000500,O000332,P016,1,399.99,0.0,399.99
OI000501,O000333,P060,1,139.99,0.0,139.99
OI000502,O000333,P063,1,39.99,0.0,39.99
OI000503,O000334,P162,1,29.99,0.0,29.99
OI000504,O000335,P082,1,29.99,0.0,29.99
OI000505,O000336,P101,1,49.99,6.0,43.99
OI000506,O000336,P114,1,129.99,0.0,129.99
OI000507,O000337,P133,1,99.99,0.0,99.99
OI000508,O000338,P167,1,59.99,0.0,59.99
OI000509,O000339,P155,1,79.99,0.0,79.99
OI000510,O000339,P103,1,19.99,2.4,17.59
OI000511,O000339,P014,1,449.99,0.0,449.99
OI000512,O000340,P103,1,19.99,2.4,17.59
OI000513,O000340,P155,1,79.99,0.0,79.99
OI000514,O000341,P115,1,49.99,0.0,49.99
OI000515,O000342,P019,1,299.99,0.0,299.99
OI000516,O000343,P163,1,89.99,0.0,89.99
OI000517,O000343,P128,1,59.99,0.0,59.99
OI000518,O000343,P100,1,79.99,0.0,79.99
OI000519,O000344,P160,1,19.99,0.0,19.99
OI000520,O000345,P020,1,79.99,0.0,79.99
OI000521,O000345,P055,1,179.99,0.0,179.99
OI000522,O000345,P103,2,19.99,4.8,35.18
OI000523,O000345,P009,1,299.99,0.0,299.99
OI000524,O000346,P078,1,14.99,0.0,14.99
OI000525,O000346,P153,2,129.99,0.0,259.98
OI000526,O000347,P120,1,89.99,0.0,89.99
OI000527,O000347,P064,1,59.99,0.0,59.99
OI000528,O000348,P039,1,169.99,0.0,169.99
OI000529,O000349,P066,1,94.99,0.0,94.99
OI000530,O000350,P126,1,19.99,0.0,19.99
OI000531,O000350,P149,1,129.99,0.0,129.99
OI000532,O000350,P084,1,14.99,0.0,14.99
OI000533,O000351,P147,1,54.99,0.0,54.99
OI000534,O000351,P155,1,79.99,0.0,79.99
OI000535,O000351,P126,1,19.99,0.0,19.99
OI000536,O000351,P158,1,449.99,0.0,449.99
OI000537,O000352,P080,1,38.99,0.0,38.99
OI000538,O000353,P128,1,59.99,0.0,59.99
OI000539,O000354,P165,1,79.99,0.0,79.99
OI000540,O000355,P067,1,149.99,0.0,149.99
OI000541,O000356,P137,1,109.99,0.0,109.99
OI000542,O000357,P126,1,19.99,0.0,19.99
OI000543,O000358,P029,1,49.99,0.0,49.99
OI000544,O000358,P076,1,49.99,0.0,49.99
OI000545,O000359,P016,1,399.99,0.0,399.99
OI000546,O000360,P138,1,39.99,0.0,39.99
OI000547,O000360,P034,1,699.99,0.0,699.99
OI000548,O000361,P126,1,19.99,0.0,19.99
OI000549,O000362,P148,1,59.99,0.0,59.99
OI000550,O000363,P068,1,39.99,0.0,39.99
OI000551,O000364,P151,1,399.99,0.0,399.99
OI000552,O000364,P159,1,55.99,0.0,55.99
OI000553,O000365,P067,1,149.99,0.0,149.99
OI000554,O000366,P072,1,89.99,0.0,89.99
OI000555,O000366,P003,1,129.99,0.0,129.99
OI000556,O000366,P158,1,449.99,0.0,449.99
OI000557,O000367,P166,1,24.99,0.0,24.99
OI000558,O000368,P152,1,899.99,0.0,899.99
OI000559,O000368,P157,1,149.99,0.0,149.99
OI000560,O000369,P018,1,89.99,0.0,89.99
OI000561,O000370,P091,1,19.99,2.4,17.59
OI000562,O000370,P087,1,349.99,42.0,307.99
OI000563,O000370,P153,1,129.99,0.0,129.99
OI000564,O000371,P148,1,59.99,0.0,59.99
OI000565,O000371,P083,1,99.99,0.0,99.99
OI000566,O000371,P125,1,49.99,0.0,49.99
OI000567,O000372,P130,1,24.99,0.0,24.99
OI000568,O000373,P068,1,39.99,0.0,39.99
OI000569,O000373,P154,1,349.99,0.0,349.99
OI000570,O000373,P020,1,79.99,0.0,79.99
OI000571,O000374,P135,1,79.99,0.0,79.99
OI000572,O000375,P071,1,189.99,0.0,189.99
OI000573,O000376,P130,1,24.99,0.0,24.99
OI000574,O000377,P063,1,39.99,0.0,39.99
OI000575,O000377,P084,1,14.99,0.0,14.99
OI000576,O000378,P019,1,299.99,0.0,299.99
OI000577,O000379,P072,1,89.99,0.0,89.99
OI000578,O000380,P076,1,49.99,0.0,49.99
OI000579,O000381,P010,1,89.99,0.0,89.99
OI000580,O000382,P098,1,199.99,24.0,175.99
OI000581,O000383,P019,1,299.99,0.0,299.99
OI000582,O000384,P098,1,199.99,24.0,175.99
OI000583,O000385,P126,1,19.99,0.0,19.99
OI000584,O000386,P167,1,59.99,0.0,59.99
OI000585,O000387,P142,3,19.99,0.0,59.97
OI000586,O000388,P112,1,39.99,0.0,39.99
OI000587,O000389,P158,1,449.99,0.0,449.99
OI000588,O000390,P092,1,69.99,0.0,69.99
OI000589,O000391,P072,1,89.99,0.0,89.99
OI000590,O000392,P030,1,59.99,0.0,59.99
OI000591,O000392,P120,3,89.99,0.0,269.97
OI000592,O000392,P086,1,129.99,15.6,114.39
OI000593,O000392,P009,1,299.99,0.0,299.99
OI000594,O000393,P060,1,139.99,0.0,139.99
OI000595,O000394,P011,1,229.99,0.0,229.99
OI000596,O000395,P100,1,79.99,9.6,70.39
OI000597,O000395,P163,2,89.99,0.0,179.98
OI000598,O000395,P128,1,59.99,0.0,59.99
OI000599,O000396,P060,1,139.99,0.0,139.99
OI000600,O000397,P155,1,79.99,0.0,79.99
OI000601,O000397,P060,1,139.99,0.0,139.99
OI000602,O000398,P155,1,79.99,0.0,79.99
OI000603,O000398,P125,1,49.99,0.0,49.99
OI000604,O000398,P012,1,43.99,0.0,43.99
OI000605,O000399,P077,1,199.99,0.0,199.99
OI000606,O000400,P089,1,59.99,7.2,52.79
OI000607,O000401,P076,1,49.99,0.0,49.99
OI000608,O000401,P147,1,54.99,0.0,54.99
OI000609,O000402,P130,2,24.99,0.0,49.98
OI000610,O000403,P079,1,49.99,0.0,49.99
OI000611,O000404,P039,1,169.99,0.0,169.99
OI000612,O000404,P154,1,349.99,0.0,349.99
OI000613,O000405,P063,1,39.99,0.0,39.99
OI000614,O000405,P008,1,79.99,0.0,79.99
OI000615,O000406,P087,1,349.99,0.0,349.99
OI000616,O000406,P143,1,49.99,0.0,49.99
OI000617,O000407,P072,1,89.99,0.0,89.99
OI000618,O000408,P115,1,49.99,0.0,49.99
OI000619,O000409,P060,1,139.99,0.0,139.99
OI000620,O000409,P120,1,89.99,0.0,89.99
OI000621,O000410,P087,1,349.99,0.0,349.99
OI000622,O000411,P002,1,89.99,0.0,89.99
OI000623,O000411,P064,1,59.99,0.0,59.99
OI000624,O000411,P135,1,79.99,0.0,79.99
OI000625,O000412,P116,1,149.99,0.0,149.99
OI000626,O000412,P003,1,129.99,0.0,129.99
OI000627,O000412,P093,1,59.99,7.2,52.79
OI000628,O000412,P092,1,69.99,8.4,61.59
OI000629,O000413,P041,1,449.99,0.0,449.99
OI000630,O000414,P020,1,79.99,0.0,79.99
OI000631,O000415,P118,1,219.99,0.0,219.99
OI000632,O000416,P081,1,58.99,0.0,58.99
OI000633,O000416,P129,1,149.99,0.0,149.99
OI000634,O000416,P148,1,59.99,0.0,59.99
OI000635,O000417,P061,1,329.99,0.0,329.99
OI000636,O000418,P062,1,24.99,0.0,24.99
OI000637,O000419,P006,1,39.99,0.0,39.99
OI000638,O000419,P152,1,899.99,0.0,899.99
OI000639,O000420,P048,1,449.99,0.0,449.99
OI000640,O000421,P148,1,59.99,0.0,59.99
OI000641,O000422,P098,1,199.99,24.0,175.99
OI000642,O000423,P142,2,19.99,0.0,39.98
OI000643,O000423,P096,1,449.99,0.0,449.99
OI000644,O000424,P092,1,69.99,0.0,69.99
OI000645,O000424,P103,1,19.99,0.0,19.99
OI000646,O000425,P081,1,58.99,0.0,58.99
OI000647,O000426,P063,1,39.99,0.0,39.99
OI000648,O000426,P072,1,89.99,0.0,89.99
OI000649,O000427,P137,3,109.99,0.0,329.97
OI000650,O000427,P159,1,55.99,0.0,55.99
OI000651,O000428,P112,2,39.99,0.0,79.98
OI000652,O000429,P085,1,39.99,0.0,39.99
OI000653,O000430,P065,1,39.99,0.0,39.99
OI000654,O000430,P060,1,139.99,0.0,139.99
OI000655,O000430,P155,1,79.99,0.0,79.99
OI000656,O000430,P072,1,89.99,0.0,89.99
OI000657,O000431,P155,1,79.99,0.0,79.99
OI000658,O000431,P133,1,99.99,0.0,99.99
OI000659,O000432,P003,1,129.99,0.0,129.99
OI000660,O000433,P155,1,79.99,0.0,79.99
OI000661,O000433,P014,1,449.99,0.0,449.99
OI000662,O000434,P115,1,49.99,0.0,49.99
OI000663,O000435,P119,1,29.99,0.0,29.99
OI000664,O000436,P159,1,55.99,0.0,55.99
OI000665,O000436,P155,1,79.99,0.0,79.99
OI000666,O000436,P092,1,69.99,8.4,61.59
OI000667,O000436,P050,1,799.99,0.0,799.99
OI000668,O000437,P123,1,99.99,0.0,99.99
OI000669,O000438,P010,1,89.99,0.0,89.99
OI000670,O000439,P159,1,55.99,0.0,55.99
OI000671,O000439,P115,1,49.99,0.0,49.99
OI000672,O000440,P020,1,79.99,0.0,79.99
OI000673,O000441,P065,1,39.99,0.0,39.99
OI000674,O000442,P128,1,59.99,0.0,59.99
OI000675,O000442,P013,1,149.99,0.0,149.99
OI000676,O000443,P120,1,89.99,0.0,89.99
OI000677,O000444,P155,2,79.99,0.0,159.98
OI000678,O000444,P003,1,129.99,0.0,129.99
OI000679,O000445,P155,2,79.99,0.0,159.98
OI000680,O000446,P023,1,199.99,0.0,199.99
OI000681,O000447,P014,1,449.99,0.0,449.99
OI000682,O000448,P077,1,199.99,0.0,199.99
OI000683,O000448,P162,1,29.99,0.0,29.99
OI000684,O000449,P155,1,79.99,0.0,79.99
OI000685,O000449,P068,1,39.99,0.0,39.99
OI000686,O000449,P159,1,55.99,0.0,55.99
OI000687,O000449,P038,1,599.99,0.0,599.99
OI000688,O000450,P034,1,699.99,0.0,699.99
OI000689,O000450,P155,1,79.99,0.0,79.99
OI000690,O000450,P110,1,29.99,0.0,29.99
OI000691,O000451,P015,1,199.99,0.0,199.99
OI000692,O000451,P084,1,14.99,0.0,14.99
OI000693,O000452,P027,1,89.99,0.0,89.99
OI000694,O000453,P120,1,89.99,0.0,89.99
OI000695,O000453,P141,1,99.99,0.0,99.99
OI000696,O000454,P154,1,349.99,0.0,349.99
OI000697,O000455,P103,1,19.99,0.0,19.99
OI000698,O000456,P140,1,39.99,0.0,39.99
OI000699,O000457,P087,1,349.99,0.0,349.99
OI000700,O000458,P157,1,149.99,0.0,149.99
OI000701,O000458,P165,1,79.99,0.0,79.99
OI000702,O000458,P166,1,24.99,0.0,24.99
OI000703,O000459,P071,1,189.99,0.0,189.99
OI000704,O000460,P081,1,58.99,0.0,58.99
OI000705,O000461,P155,1,79.99,0.0,79.99
OI000706,O000461,P142,1,19.99,0.0,19.99
OI000707,O000462,P077,1,199.99,0.0,199.99
OI000708,O000462,P101,1,49.99,0.0,49.99
OI000709,O000462,P098,1,199.99,0.0,199.99
OI000710,O000463,P009,1,299.99,0.0,299.99
OI000711,O000464,P063,1,39.99,0.0,39.99
OI000712,O000465,P121,1,128.99,0.0,128.99
OI000713,O000466,P114,1,129.99,0.0,129.99
OI000714,O000467,P087,1,349.99,0.0,349.99
OI000715,O000467,P159,1,55.99,0.0,55.99
OI000716,O000467,P101,1,49.99,0.0,49.99
OI000717,O000468,P002,1,89.99,0.0,89.99
OI000718,O000469,P083,1,99.99,0.0,99.99
OI000719,O000470,P009,1,299.99,0.0,299.99
OI000720,O000470,P157,1,149.99,0.0,149.99
OI000721,O000470,P069,1,119.99,0.0,119.99
OI000722,O000470,P155,1,79.99,0.0,79.99
OI000723,O000471,P108,1,24.99,0.0,24.99
OI000724,O000471,P091,1,19.99,0.0,19.99
OI000725,O000471,P142,1,19.99,0.0,19.99
OI000726,O000471,P071,1,189.99,0.0,189.99
OI000727,O000472,P087,1,349.99,0.0,349.99
OI000728,O000472,P155,1,79.99,0.0,79.99
OI000729,O000473,P112,1,39.99,0.0,39.99
OI000730,O000474,P072,2,89.99,0.0,179.98
OI000731,O000474,P092,1,69.99,0.0,69.99
OI000732,O000475,P033,1,79.99,0.0,79.99
OI000733,O000476,P129,1,149.99,0.0,149.99
OI000734,O000477,P098,3,199.99,0.0,599.97
OI000735,O000478,P155,1,79.99,0.0,79.99
OI000736,O000479,P128,1,59.99,0.0,59.99
OI000737,O000480,P103,1,19.99,0.0,19.99
OI000738,O000480,P146,1,24.99,0.0,24.99
OI000739,O000481,P072,1,89.99,0.0,89.99
OI000740,O000482,P120,1,89.99,0.0,89.99
OI000741,O000483,P099,1,29.99,0.0,29.99
OI000742,O000483,P087,2,349.99,0.0,699.98
OI000743,O000483,P055,1,179.99,0.0,179.99
OI000744,O000484,P021,1,179.99,0.0,179.99
OI000745,O000485,P054,1,649.99,0.0,649.99
OI000746,O000486,P091,1,19.99,0.0,19.99
OI000747,O000487,P084,1,14.99,0.0,14.99
OI000748,O000487,P142,1,19.99,0.0,19.99
OI000749,O000488,P167,1,59.99,0.0,59.99
OI000750,O000488,P050,1,799.99,0.0,799.99
OI000751,O000488,P164,1,29.99,0.0,29.99
OI000752,O000489,P143,1,49.99,0.0,49.99
OI000753,O000489,P137,1,109.99,0.0,109.99
OI000754,O000489,P060,1,139.99,0.0,139.99
OI000755,O000490,P072,1,89.99,0.0,89.99
OI000756,O000491,P080,1,38.99,0.0,38.99
OI000757,O000491,P148,1,59.99,0.0,59.99
OI000758,O000492,P009,1,299.99,0.0,299.99
OI000759,O000492,P015,1,199.99,0.0,199.99
OI000760,O000492,P098,1,199.99,0.0,199.99
OI000761,O000492,P131,1,79.99,0.0,79.99
OI000762,O000493,P143,1,49.99,0.0,49.99
OI000763,O000493,P155,2,79.99,0.0,159.98
OI000764,O000494,P003,1,129.99,0.0,129.99
OI000765,O000494,P072,1,89.99,0.0,89.99
OI000766,O000495,P121,1,128.99,0.0,128.99
OI000767,O000495,P155,1,79.99,0.0,79.99
OI000768,O000496,P076,1,49.99,0.0,49.99
OI000769,O000497,P089,1,59.99,0.0,59.99
OI000770,O000497,P143,2,49.99,0.0,99.98
OI000771,O000498,P061,1,329.99,0.0,329.99
OI000772,O000498,P065,1,39.99,0.0,39.99
OI000773,O000499,P134,1,34.99,0.0,34.99
OI000774,O000500,P110,1,29.99,0.0,29.99
OI000775,O000501,P148,1,59.99,0.0,59.99
OI000776,O000502,P103,1,19.99,0.0,19.99
OI000777,O000503,P159,1,55.99,0.0,55.99
OI000778,O000503,P084,1,14.99,0.0,14.99
OI000779,O000504,P069,1,119.99,0.0,119.99
OI000780,O000505,P134,1,34.99,0.0,34.99
OI000781,O000506,P035,1,999.99,0.0,999.99
OI000782,O000507,P060,1,139.99,0.0,139.99
OI000783,O000508,P087,1,349.99,0.0,349.99
OI000784,O000509,P013,1,149.99,0.0,149.99
OI000785,O000509,P060,1,139.99,0.0,139.99
OI000786,O000509,P112,1,39.99,0.0,39.99
OI000787,O000509,P104,1,59.99,0.0,59.99
OI000788,O000510,P096,1,449.99,0.0,449.99
OI000789,O000510,P030,1,59.99,0.0,59.99
OI000790,O000511,P143,1,49.99,0.0,49.99
OI000791,O000512,P066,1,94.99,0.0,94.99
OI000792,O000512,P132,1,39.99,0.0,39.99
OI000793,O000513,P120,1,89.99,0.0,89.99
OI000794,O000513,P131,2,79.99,0.0,159.98
OI000795,O000514,P030,1,59.99,0.0,59.99
OI000796,O000515,P096,1,449.99,0.0,449.99
OI000797,O000516,P108,1,24.99,0.0,24.99
OI000798,O000517,P120,1,89.99,0.0,89.99
OI000799,O000518,P142,1,19.99,0.0,19.99
OI000800,O000518,P087,1,349.99,0.0,349.99
OI000801,O000519,P076,1,49.99,0.0,49.99
OI000802,O000520,P110,1,29.99,0.0,29.99
OI000803,O000520,P155,2,79.99,0.0,159.98
OI000804,O000521,P142,1,19.99,0.0,19.99
OI000805,O000521,P097,1,49.99,0.0,49.99
OI000806,O000522,P015,1,199.99,0.0,199.99
OI000807,O000523,P153,1,129.99,0.0,129.99
OI000808,O000524,P139,1,89.99,0.0,89.99
OI000809,O000524,P005,1,349.99,0.0,349.99
OI000810,O000524,P072,1,89.99,0.0,89.99
OI000811,O000525,P103,1,19.99,0.0,19.99
OI000812,O000526,P003,1,129.99,0.0,129.99
OI000813,O000527,P015,1,199.99,0.0,199.99
OI000814,O000528,P118,1,219.99,0.0,219.99
OI000815,O000529,P154,1,349.99,0.0,349.99
OI000816,O000530,P169,1,169.99,0.0,169.99
OI000817,O000530,P002,1,89.99,0.0,89.99
OI000818,O000531,P032,1,29.99,0.0,29.99
OI000819,O000531,P064,1,59.99,0.0,59.99
OI000820,O000531,P016,1,399.99,0.0,399.99
OI000821,O000531,P155,1,79.99,0.0,79.99
OI000822,O000532,P030,1,59.99,0.0,59.99
OI000823,O000533,P131,1,79.99,0.0,79.99
OI000824,O000534,P068,1,39.99,0.0,39.99
OI000825,O000535,P030,1,59.99,0.0,59.99
OI000826,O000536,P155,1,79.99,0.0,79.99
OI000827,O000536,P029,1,49.99,0.0,49.99
OI000828,O000536,P004,1,129.99,0.0,129.99
OI000829,O000537,P146,1,24.99,0.0,24.99
OI000830,O000537,P084,1,14.99,0.0,14.99
OI000831,O000537,P002,1,89.99,0.0,89.99
OI000832,O000538,P135,2,79.99,0.0,159.98
OI000833,O000539,P155,2,79.99,32.0,127.98
OI000834,O000540,P088,1,83.99,16.8,67.19
OI000835,O000541,P110,1,29.99,6.0,23.99
OI000836,O000542,P155,2,79.99,0.0,159.98
OI000837,O000542,P025,1,119.99,0.0,119.99
OI000838,O000542,P095,1,199.99,0.0,199.99
OI000839,O000543,P130,1,24.99,5.0,19.99
OI000840,O000544,P118,1,219.99,44.0,175.99
OI000841,O000545,P103,1,19.99,4.0,15.99
OI000842,O000546,P103,1,19.99,4.0,15.99
OI000843,O000546,P062,1,24.99,5.0,19.99
OI000844,O000547,P155,1,79.99,16.0,63.99
OI000845,O000548,P133,1,99.99,20.0,79.99
OI000846,O000549,P103,1,19.99,4.0,15.99
OI000847,O000550,P106,1,29.99,0.0,29.99
OI000848,O000551,P090,1,189.99,38.0,151.99
OI000849,O000551,P100,1,79.99,16.0,63.99
OI000850,O000552,P155,1,79.99,16.0,63.99
OI000851,O000553,P150,1,25.99,5.2,20.79
OI000852,O000553,P139,1,89.99,18.0,71.99
OI000853,O000554,P067,1,149.99,30.0,119.99
OI000854,O000555,P097,1,49.99,10.0,39.99
OI000855,O000555,P120,1,89.99,18.0,71.99
OI000856,O000555,P052,1,229.99,46.0,183.99
OI000857,O000555,P007,1,149.99,30.0,119.99
OI000858,O000556,P076,1,49.99,10.0,39.99
OI000859,O000557,P120,1,89.99,18.0,71.99
OI000860,O000558,P148,1,59.99,12.0,47.99
OI000861,O000559,P141,1,99.99,0.0,99.99
OI000862,O000559,P143,1,49.99,0.0,49.99
OI000863,O000560,P122,1,29.99,6.0,23.99
OI000864,O000561,P093,1,59.99,12.0,47.99
OI000865,O000562,P048,1,449.99,90.0,359.99
OI000866,O000563,P168,1,49.99,10.0,39.99
OI000867,O000564,P155,1,79.99,16.0,63.99
OI000868,O000565,P045,1,129.99,0.0,129.99
OI000869,O000565,P104,2,59.99,0.0,119.98
OI000870,O000565,P159,1,55.99,0.0,55.99
OI000871,O000566,P135,1,79.99,0.0,79.99
OI000872,O000566,P094,1,179.99,0.0,179.99
OI000873,O000567,P083,1,99.99,20.0,79.99
OI000874,O000568,P154,2,349.99,0.0,699.98
OI000875,O000569,P123,1,99.99,0.0,99.99
OI000876,O000570,P154,1,349.99,70.0,279.99
OI000877,O000571,P080,1,38.99,0.0,38.99
OI000878,O000572,P015,1,199.99,0.0,199.99
OI000879,O000573,P076,1,49.99,0.0,49.99
OI000880,O000574,P068,1,39.99,0.0,39.99
OI000881,O000575,P138,1,39.99,0.0,39.99
OI000882,O000575,P159,1,55.99,0.0,55.99
OI000883,O000576,P072,1,89.99,0.0,89.99
OI000884,O000577,P030,1,59.99,0.0,59.99
OI000885,O000577,P114,1,129.99,0.0,129.99
OI000886,O000578,P064,2,59.99,0.0,119.98
OI000887,O000578,P069,1,119.99,0.0,119.99
OI000888,O000579,P159,1,55.99,11.2,44.79
OI000889,O000580,P064,1,59.99,12.0,47.99
OI000890,O000580,P072,1,89.99,18.0,71.99
OI000891,O000581,P159,1,55.99,11.2,44.79
OI000892,O000582,P083,1,99.99,20.0,79.99
OI000893,O000583,P133,1,99.99,20.0,79.99
OI000894,O000584,P062,1,24.99,0.0,24.99
OI000895,O000585,P120,1,89.99,0.0,89.99
OI000896,O000586,P083,1,99.99,20.0,79.99
OI000897,O000587,P064,1,59.99,12.0,47.99
OI000898,O000588,P071,1,189.99,38.0,151.99
OI000899,O000588,P081,1,58.99,11.8,47.19
OI000900,O000588,P066,1,94.99,19.0,75.99
OI000901,O000588,P021,1,179.99,36.0,143.99
OI000902,O000589,P081,1,58.99,0.0,58.99
OI000903,O000589,P068,1,39.99,0.0,39.99
OI000904,O000590,P088,1,83.99,0.0,83.99
OI000905,O000590,P104,1,59.99,0.0,59.99
OI000906,O000591,P033,1,79.99,0.0,79.99
OI000907,O000591,P014,1,449.99,0.0,449.99
OI000908,O000591,P151,1,399.99,0.0,399.99
OI000909,O000592,P120,1,89.99,18.0,71.99
OI000910,O000592,P134,1,34.99,7.0,27.99
OI000911,O000593,P098,1,199.99,40.0,159.99
OI000912,O000594,P011,1,229.99,0.0,229.99
OI000913,O000595,P064,1,59.99,12.0,47.99
OI000914,O000596,P159,1,55.99,11.2,44.79
OI000915,O000596,P007,1,149.99,30.0,119.99
OI000916,O000597,P084,1,14.99,3.0,11.99
OI000917,O000597,P126,1,19.99,4.0,15.99
OI000918,O000598,P155,1,79.99,0.0,79.99
OI000919,O000599,P107,1,99.99,20.0,79.99
OI000920,O000600,P003,1,129.99,0.0,129.99
OI000921,O000600,P124,1,14.99,0.0,14.99
OI000922,O000600,P072,1,89.99,0.0,89.99
OI000923,O000601,P033,1,79.99,0.0,79.99
OI000924,O000602,P072,1,89.99,0.0,89.99
OI000925,O000603,P001,1,49.99,0.0,49.99
OI000926,O000604,P022,1,69.99,0.0,69.99
OI000927,O000605,P032,1,29.99,0.0,29.99
OI000928,O000605,P144,1,29.99,0.0,29.99
OI000929,O000606,P151,1,399.99,0.0,399.99
OI000930,O000607,P120,2,89.99,0.0,179.98
OI000931,O000608,P057,1,149.99,0.0,149.99
OI000932,O000608,P104,1,59.99,0.0,59.99
OI000933,O000608,P074,1,19.99,0.0,19.99
OI000934,O000609,P094,1,179.99,0.0,179.99
OI000935,O000610,P112,1,39.99,0.0,39.99
OI000936,O000611,P115,1,49.99,0.0,49.99
OI000937,O000612,P016,1,399.99,0.0,399.99
OI000938,O000613,P148,1,59.99,0.0,59.99
OI000939,O000614,P118,1,219.99,0.0,219.99
OI000940,O000615,P072,1,89.99,0.0,89.99
OI000941,O000616,P084,1,14.99,0.0,14.99
OI000942,O000617,P158,1,449.99,0.0,449.99
OI000943,O000617,P103,1,19.99,0.0,19.99
OI000944,O000617,P071,1,189.99,0.0,189.99
OI000945,O000618,P155,1,79.99,0.0,79.99
OI000946,O000619,P124,1,14.99,0.0,14.99
OI000947,O000620,P084,1,14.99,0.0,14.99
OI000948,O000621,P167,1,59.99,0.0,59.99
OI000949,O000622,P072,2,89.99,0.0,179.98
OI000950,O000623,P087,1,349.99,0.0,349.99
OI000951,O000624,P072,1,89.99,0.0,89.99
OI000952,O000625,P159,1,55.99,0.0,55.99
OI000953,O000626,P076,2,49.99,0.0,99.98
OI000954,O000627,P073,2,349.99,0.0,699.98
OI000955,O000628,P077,1,199.99,0.0,199.99
OI000956,O000628,P079,1,49.99,0.0,49.99
OI000957,O000629,P021,1,179.99,0.0,179.99
OI000958,O000629,P155,1,79.99,0.0,79.99
OI000959,O000630,P156,1,249.99,0.0,249.99
OI000960,O000631,P155,1,79.99,0.0,79.99
OI000961,O000632,P155,2,79.99,0.0,159.98
OI000962,O000633,P032,1,29.99,0.0,29.99
OI000963,O000634,P041,1,449.99,0.0,449.99
OI000964,O000635,P137,1,109.99,0.0,109.99
OI000965,O000636,P130,1,24.99,0.0,24.99
OI000966,O000636,P160,1,19.99,0.0,19.99
OI000967,O000636,P068,1,39.99,0.0,39.99
OI000968,O000636,P065,1,39.99,0.0,39.99
OI000969,O000637,P036,1,1299.99,0.0,1299.99
OI000970,O000638,P076,1,49.99,0.0,49.99
OI000971,O000639,P004,1,129.99,0.0,129.99
OI000972,O000639,P020,1,79.99,0.0,79.99
OI000973,O000640,P120,1,89.99,0.0,89.99
OI000974,O000641,P076,1,49.99,0.0,49.99
OI000975,O000641,P126,1,19.99,0.0,19.99
OI000976,O000642,P076,1,49.99,0.0,49.99
OI000977,O000643,P155,1,79.99,0.0,79.99
OI000978,O000644,P087,1,349.99,0.0,349.99
OI000979,O000644,P078,1,14.99,0.0,14.99
OI000980,O000645,P155,1,79.99,0.0,79.99
OI000981,O000646,P125,1,49.99,0.0,49.99
OI000982,O000647,P071,1,189.99,0.0,189.99
OI000983,O000648,P092,1,69.99,0.0,69.99
OI000984,O000649,P106,1,29.99,0.0,29.99
OI000985,O000649,P155,1,79.99,0.0,79.99
OI000986,O000650,P101,1,49.99,0.0,49.99
OI000987,O000651,P101,1,49.99,0.0,49.99
OI000988,O000651,P145,1,69.99,0.0,69.99
OI000989,O000652,P068,1,39.99,0.0,39.99
OI000990,O000652,P019,1,299.99,0.0,299.99
OI000991,O000653,P081,1,58.99,0.0,58.99
OI000992,O000653,P167,1,59.99,0.0,59.99
OI000993,O000654,P103,1,19.99,0.0,19.99
OI000994,O000654,P078,2,14.99,0.0,29.98
OI000995,O000654,P160,1,19.99,0.0,19.99
OI000996,O000655,P123,1,99.99,0.0,99.99
OI000997,O000656,P004,1,129.99,0.0,129.99
OI000998,O000657,P154,1,349.99,0.0,349.99
OI000999,O000658,P027,1,89.99,0.0,89.99
OI001000,O000658,P084,1,14.99,0.0,14.99
OI001001,O000659,P145,1,69.99,0.0,69.99
OI001002,O000659,P122,2,29.99,0.0,59.98
OI001003,O000660,P120,1,89.99,0.0,89.99
OI001004,O000660,P060,1,139.99,0.0,139.99
OI001005,O000661,P155,3,79.99,0.0,239.97
OI001006,O000662,P155,2,79.99,0.0,159.98
OI001007,O000663,P148,1,59.99,0.0,59.99
OI001008,O000664,P128,1,59.99,0.0,59.99
OI001009,O000664,P155,1,79.99,0.0,79.99
OI001010,O000664,P101,1,49.99,0.0,49.99
OI001011,O000665,P094,1,179.99,0.0,179.99
OI001012,O000665,P098,1,199.99,0.0,199.99
OI001013,O000666,P081,1,58.99,0.0,58.99
OI001014,O000667,P129,1,149.99,0.0,149.99
OI001015,O000668,P106,1,29.99,0.0,29.99
OI001016,O000669,P015,1,199.99,0.0,199.99
OI001017,O000670,P155,1,79.99,0.0,79.99
OI001018,O000671,P170,1,79.99,0.0,79.99
OI001019,O000672,P015,1,199.99,0.0,199.99
OI001020,O000673,P064,1,59.99,0.0,59.99
OI001021,O000674,P084,3,14.99,0.0,44.97
OI001022,O000674,P076,1,49.99,0.0,49.99
OI001023,O000675,P037,1,329.99,0.0,329.99
OI001024,O000675,P143,1,49.99,0.0,49.99
OI001025,O000675,P155,1,79.99,0.0,79.99
OI001026,O000675,P154,1,349.99,0.0,349.99
OI001027,O000676,P084,1,14.99,0.0,14.99
OI001028,O000676,P163,1,89.99,0.0,89.99
OI001029,O000677,P128,1,59.99,0.0,59.99
OI001030,O000678,P052,1,229.99,0.0,229.99
OI001031,O000679,P084,2,14.99,0.0,29.98
OI001032,O000680,P057,1,149.99,0.0,149.99
OI001033,O000681,P147,1,54.99,0.0,54.99
OI001034,O000682,P050,1,799.99,0.0,799.99
OI001035,O000683,P126,1,19.99,0.0,19.99
OI001036,O000683,P101,1,49.99,0.0,49.99
OI001037,O000684,P015,1,199.99,0.0,199.99
OI001038,O000685,P072,3,89.99,0.0,269.97
OI001039,O000686,P009,1,299.99,0.0,299.99
OI001040,O000687,P167,1,59.99,0.0,59.99
OI001041,O000687,P158,1,449.99,0.0,449.99
OI001042,O000687,P155,1,79.99,0.0,79.99
OI001043,O000687,P070,1,69.99,0.0,69.99
OI001044,O000688,P104,1,59.99,0.0,59.99
OI001045,O000688,P155,1,79.99,0.0,79.99
OI001046,O000688,P167,1,59.99,0.0,59.99
OI001047,O000688,P078,1,14.99,0.0,14.99
OI001048,O000689,P091,1,19.99,0.0,19.99
OI001049,O000690,P169,3,169.99,0.0,509.97
OI001050,O000690,P072,1,89.99,0.0,89.99
OI001051,O000690,P112,1,39.99,0.0,39.99
OI001052,O000691,P153,1,129.99,0.0,129.99
OI001053,O000692,P158,1,449.99,0.0,449.99
OI001054,O000693,P124,2,14.99,0.0,29.98
OI001055,O000693,P014,1,449.99,0.0,449.99
OI001056,O000694,P003,1,129.99,0.0,129.99
OI001057,O000695,P087,1,349.99,0.0,349.99
OI001058,O000696,P163,1,89.99,0.0,89.99
OI001059,O000696,P129,1,149.99,0.0,149.99
OI001060,O000697,P079,2,49.99,0.0,99.98
OI001061,O000697,P069,1,119.99,0.0,119.99
OI001062,O000697,P103,1,19.99,0.0,19.99
OI001063,O000698,P008,1,79.99,0.0,79.99
OI001064,O000699,P120,1,89.99,0.0,89.99
OI001065,O000699,P158,1,449.99,90.0,359.99
OI001066,O000699,P052,1,229.99,0.0,229.99
OI001067,O000700,P162,1,29.99,6.0,23.99
OI001068,O000701,P155,1,79.99,16.0,63.99
OI001069,O000701,P087,1,349.99,0.0,349.99
OI001070,O000701,P071,3,189.99,0.0,569.97
OI001071,O000702,P155,1,79.99,0.0,79.99
OI001072,O000702,P081,2,58.99,0.0,117.98
OI001073,O000703,P107,1,99.99,0.0,99.99
OI001074,O000704,P168,1,49.99,10.0,39.99
OI001075,O000705,P048,1,449.99,0.0,449.99
OI001076,O000706,P064,1,59.99,0.0,59.99
OI001077,O000706,P148,1,59.99,0.0,59.99
OI001078,O000707,P060,1,139.99,0.0,139.99
OI001079,O000708,P099,1,29.99,0.0,29.99
OI001080,O000709,P106,2,29.99,0.0,59.98
OI001081,O000710,P054,1,649.99,0.0,649.99
OI001082,O000710,P016,1,399.99,0.0,399.99
OI001083,O000711,P111,1,99.99,0.0,99.99
OI001084,O000711,P087,1,349.99,0.0,349.99
OI001085,O000712,P103,3,19.99,0.0,59.97
OI001086,O000712,P170,2,79.99,0.0,159.98
OI001087,O000713,P061,1,329.99,0.0,329.99
OI001088,O000713,P077,1,199.99,0.0,199.99
OI001089,O000714,P148,1,59.99,0.0,59.99
OI001090,O000715,P153,1,129.99,26.0,103.99
OI001091,O000716,P020,1,79.99,0.0,79.99
OI001092,O000717,P166,2,24.99,0.0,49.98
OI001093,O000718,P015,1,199.99,0.0,199.99
OI001094,O000718,P097,1,49.99,0.0,49.99
OI001095,O000719,P017,1,599.99,0.0,599.99
OI001096,O000720,P098,1,199.99,0.0,199.99
OI001097,O000721,P165,1,79.99,16.0,63.99
OI001098,O000722,P060,1,139.99,0.0,139.99
OI001099,O000723,P026,1,24.99,0.0,24.99
OI001100,O000724,P093,1,59.99,0.0,59.99
OI001101,O000725,P016,1,399.99,0.0,399.99
OI001102,O000725,P068,1,39.99,0.0,39.99
OI001103,O000726,P155,1,79.99,0.0,79.99
OI001104,O000727,P081,1,58.99,0.0,58.99
OI001105,O000728,P107,2,99.99,0.0,199.98
OI001106,O000729,P122,1,29.99,0.0,29.99
OI001107,O000729,P155,1,79.99,0.0,79.99
OI001108,O000729,P068,1,39.99,0.0,39.99
OI001109,O000730,P155,1,79.99,0.0,79.99
OI001110,O000731,P154,1,349.99,70.0,279.99
OI001111,O000732,P044,1,399.99,0.0,399.99
OI001112,O000733,P083,1,99.99,0.0,99.99
OI001113,O000733,P151,1,399.99,80.0,319.99
OI001114,O000733,P064,1,59.99,0.0,59.99
OI001115,O000734,P084,1,14.99,0.0,14.99
OI001116,O000734,P016,1,399.99,0.0,399.99
OI001117,O000735,P099,1,29.99,0.0,29.99
OI001118,O000736,P096,1,449.99,0.0,449.99
OI001119,O000737,P075,1,69.99,0.0,69.99
OI001120,O000738,P098,1,199.99,0.0,199.99
OI001121,O000739,P041,1,449.99,0.0,449.99
OI001122,O000739,P087,2,349.99,0.0,699.98
OI001123,O000740,P142,1,19.99,0.0,19.99
OI001124,O000741,P076,1,49.99,0.0,49.99
OI001125,O000742,P103,1,19.99,0.0,19.99
OI001126,O000743,P076,1,49.99,0.0,49.99
OI001127,O000743,P072,1,89.99,0.0,89.99
OI001128,O000743,P103,1,19.99,0.0,19.99
OI001129,O000744,P008,1,79.99,0.0,79.99
OI001130,O000744,P095,1,199.99,0.0,199.99
OI001131,O000745,P003,1,129.99,0.0,129.99
OI001132,O000746,P155,1,79.99,16.0,63.99
OI001133,O000747,P117,2,69.99,0.0,139.98
OI001134,O000747,P064,1,59.99,0.0,59.99
OI001135,O000747,P080,1,38.99,0.0,38.99
OI001136,O000748,P133,3,99.99,0.0,299.97
OI001137,O000749,P155,1,79.99,0.0,79.99
OI001138,O000749,P090,1,189.99,0.0,189.99
OI001139,O000749,P142,1,19.99,0.0,19.99
OI001140,O000750,P068,1,39.99,0.0,39.99
OI001141,O000751,P072,1,89.99,0.0,89.99
OI001142,O000752,P155,1,79.99,16.0,63.99
OI001143,O000752,P065,2,39.99,0.0,79.98
OI001144,O000752,P076,1,49.99,0.0,49.99
OI001145,O000752,P148,1,59.99,0.0,59.99
OI001146,O000753,P161,1,59.99,0.0,59.99
OI001147,O000754,P016,1,399.99,0.0,399.99
OI001148,O000754,P112,1,39.99,0.0,39.99
OI001149,O000755,P097,1,49.99,0.0,49.99
OI001150,O000756,P155,1,79.99,16.0,63.99
OI001151,O000756,P080,1,38.99,0.0,38.99
OI001152,O000757,P092,1,69.99,0.0,69.99
OI001153,O000758,P026,1,24.99,0.0,24.99
OI001154,O000758,P003,1,129.99,0.0,129.99
OI001155,O000758,P113,1,84.99,0.0,84.99
OI001156,O000758,P064,1,59.99,0.0,59.99
OI001157,O000759,P086,1,129.99,0.0,129.99
OI001158,O000760,P068,1,39.99,0.0,39.99
OI001159,O000760,P163,1,89.99,18.0,71.99
OI001160,O000761,P063,1,39.99,0.0,39.99
OI001161,O000762,P162,1,29.99,6.0,23.99
OI001162,O000763,P120,1,89.99,0.0,89.99
OI001163,O000764,P034,1,699.99,0.0,699.99
OI001164,O000765,P125,1,49.99,0.0,49.99
OI001165,O000766,P018,1,89.99,0.0,89.99
OI001166,O000767,P072,1,89.99,0.0,89.99
OI001167,O000767,P021,1,179.99,0.0,179.99
OI001168,O000768,P142,1,19.99,0.0,19.99
OI001169,O000769,P155,1,79.99,0.0,79.99
OI001170,O000770,P148,1,59.99,0.0,59.99
OI001171,O000771,P155,1,79.99,0.0,79.99
OI001172,O000772,P098,1,199.99,0.0,199.99
OI001173,O000773,P101,1,49.99,0.0,49.99
OI001174,O000773,P155,1,79.99,16.0,63.99
OI001175,O000774,P081,1,58.99,0.0,58.99
OI001176,O000774,P154,1,349.99,0.0,349.99
OI001177,O000775,P128,2,59.99,0.0,119.98
OI001178,O000776,P052,1,229.99,0.0,229.99
OI001179,O000776,P167,1,59.99,12.0,47.99
OI001180,O000777,P060,1,139.99,0.0,139.99
OI001181,O000778,P083,1,99.99,0.0,99.99
OI001182,O000779,P079,1,49.99,0.0,49.99
OI001183,O000780,P081,1,58.99,0.0,58.99
OI001184,O000781,P076,1,49.99,0.0,49.99
OI001185,O000782,P151,1,399.99,0.0,399.99
OI001186,O000783,P157,1,149.99,30.0,119.99
OI001187,O000784,P015,1,199.99,0.0,199.99
OI001188,O000785,P130,1,24.99,0.0,24.99
OI001189,O000786,P153,1,129.99,0.0,129.99
OI001190,O000786,P120,1,89.99,0.0,89.99
OI001191,O000787,P008,1,79.99,0.0,79.99
OI001192,O000787,P052,1,229.99,0.0,229.99
OI001193,O000787,P028,1,19.99,0.0,19.99
OI001194,O000787,P120,1,89.99,0.0,89.99
OI001195,O000788,P055,1,179.99,0.0,179.99
OI001196,O000788,P155,3,79.99,0.0,239.97
OI001197,O000789,P145,1,69.99,0.0,69.99
OI001198,O000789,P060,1,139.99,0.0,139.99
OI001199,O000790,P142,1,19.99,0.0,19.99
OI001200,O000790,P159,1,55.99,11.2,44.79
OI001201,O000791,P101,1,49.99,0.0,49.99
OI001202,O000792,P071,1,189.99,0.0,189.99
OI001203,O000792,P098,1,199.99,0.0,199.99
OI001204,O000792,P110,2,29.99,0.0,59.98
OI001205,O000792,P133,1,99.99,0.0,99.99
OI001206,O000793,P003,1,129.99,0.0,129.99
OI001207,O000794,P101,1,49.99,0.0,49.99
OI001208,O000794,P064,1,59.99,0.0,59.99
OI001209,O000794,P121,1,128.99,0.0,128.99
OI001210,O000794,P120,1,89.99,0.0,89.99
OI001211,O000795,P087,1,349.99,0.0,349.99
OI001212,O000795,P021,1,179.99,0.0,179.99
OI001213,O000796,P081,1,58.99,0.0,58.99
OI001214,O000797,P161,1,59.99,12.0,47.99
OI001215,O000798,P155,2,79.99,0.0,159.98
OI001216,O000799,P064,1,59.99,0.0,59.99
OI001217,O000799,P103,1,19.99,0.0,19.99
OI001218,O000800,P098,1,199.99,0.0,199.99
OI001219,O000801,P027,1,89.99,0.0,89.99
OI001220,O000801,P121,1,128.99,0.0,128.99
OI001221,O000801,P086,1,129.99,0.0,129.99
OI001222,O000802,P113,2,84.99,0.0,169.98
OI001223,O000802,P005,1,349.99,0.0,349.99
OI001224,O000803,P115,1,49.99,0.0,49.99
OI001225,O000803,P072,1,89.99,0.0,89.99
OI001226,O000804,P140,1,39.99,0.0,39.99
OI001227,O000804,P081,1,58.99,0.0,58.99
OI001228,O000804,P078,1,14.99,0.0,14.99
OI001229,O000805,P156,1,249.99,0.0,249.99
OI001230,O000805,P128,1,59.99,0.0,59.99
OI001231,O000805,P074,1,19.99,0.0,19.99
OI001232,O000806,P046,1,349.99,0.0,349.99
OI001233,O000806,P117,1,69.99,0.0,69.99
OI001234,O000807,P125,1,49.99,0.0,49.99
OI001235,O000807,P122,1,29.99,0.0,29.99
OI001236,O000808,P065,1,39.99,0.0,39.99
OI001237,O000808,P088,1,83.99,0.0,83.99
OI001238,O000808,P120,1,89.99,0.0,89.99
OI001239,O000809,P155,1,79.99,16.0,63.99
OI001240,O000810,P141,1,99.99,0.0,99.99
OI001241,O000811,P048,1,449.99,0.0,449.99
OI001242,O000812,P166,2,24.99,0.0,49.98
OI001243,O000812,P082,1,29.99,0.0,29.99
OI001244,O000812,P031,1,139.99,0.0,139.99
OI001245,O000813,P076,1,49.99,0.0,49.99
OI001246,O000814,P123,1,99.99,0.0,99.99
OI001247,O000815,P005,1,349.99,0.0,349.99
OI001248,O000816,P116,1,149.99,0.0,149.99
OI001249,O000816,P155,1,79.99,16.0,63.99
OI001250,O000816,P158,1,449.99,90.0,359.99
OI001251,O000817,P142,1,19.99,0.0,19.99
OI001252,O000818,P115,1,49.99,0.0,49.99
OI001253,O000819,P155,1,79.99,16.0,63.99
OI001254,O000820,P074,2,19.99,0.0,39.98
OI001255,O000820,P155,1,79.99,0.0,79.99
OI001256,O000821,P158,1,449.99,90.0,359.99
OI001257,O000822,P078,1,14.99,0.0,14.99
OI001258,O000822,P003,1,129.99,0.0,129.99
OI001259,O000823,P121,2,128.99,0.0,257.98
OI001260,O000824,P155,1,79.99,16.0,63.99
OI001261,O000825,P076,1,49.99,0.0,49.99
OI001262,O000826,P087,1,349.99,0.0,349.99
OI001263,O000827,P155,1,79.99,16.0,63.99
OI001264,O000827,P087,1,349.99,0.0,349.99
OI001265,O000828,P121,1,128.99,0.0,128.99
OI001266,O000829,P029,1,49.99,0.0,49.99
OI001267,O000830,P128,1,59.99,0.0,59.99
OI001268,O000831,P013,1,149.99,0.0,149.99
OI001269,O000831,P137,1,109.99,0.0,109.99
OI001270,O000832,P017,1,599.99,0.0,599.99
OI001271,O000833,P103,1,19.99,0.0,19.99
OI001272,O000834,P008,1,79.99,0.0,79.99
OI001273,O000834,P152,1,899.99,180.0,719.99
OI001274,O000835,P154,1,349.99,70.0,279.99
OI001275,O000835,P076,1,49.99,0.0,49.99
OI001276,O000836,P015,1,199.99,0.0,199.99
OI001277,O000837,P089,2,59.99,0.0,119.98
OI001278,O000837,P030,1,59.99,0.0,59.99
OI001279,O000838,P120,1,89.99,0.0,89.99
OI001280,O000839,P115,1,49.99,0.0,49.99
OI001281,O000840,P154,1,349.99,70.0,279.99
OI001282,O000841,P127,1,49.99,0.0,49.99
OI001283,O000842,P148,1,59.99,0.0,59.99
OI001284,O000843,P033,1,79.99,0.0,79.99
OI001285,O000844,P073,1,349.99,0.0,349.99
OI001286,O000844,P122,1,29.99,0.0,29.99
OI001287,O000845,P016,1,399.99,0.0,399.99
OI001288,O000846,P120,1,89.99,0.0,89.99
OI001289,O000846,P124,1,14.99,0.0,14.99
OI001290,O000847,P168,2,49.99,20.0,79.98
OI001291,O000847,P112,1,39.99,0.0,39.99
OI001292,O000848,P068,1,39.99,0.0,39.99
OI001293,O000848,P064,1,59.99,0.0,59.99
OI001294,O000849,P018,1,89.99,0.0,89.99
OI001295,O000850,P012,1,43.99,0.0,43.99
OI001296,O000851,P003,1,129.99,0.0,129.99
OI001297,O000852,P104,1,59.99,0.0,59.99
OI001298,O000852,P167,1,59.99,0.0,59.99
OI001299,O000853,P031,1,139.99,0.0,139.99
OI001300,O000853,P170,1,79.99,0.0,79.99
OI001301,O000853,P064,1,59.99,0.0,59.99
OI001302,O000854,P107,1,99.99,0.0,99.99
OI001303,O000855,P060,1,139.99,0.0,139.99
OI001304,O000856,P015,1,199.99,0.0,199.99
OI001305,O000857,P141,1,99.99,0.0,99.99
OI001306,O000858,P060,1,139.99,0.0,139.99
OI001307,O000859,P018,1,89.99,0.0,89.99
OI001308,O000859,P071,3,189.99,0.0,569.97
OI001309,O000859,P041,1,449.99,0.0,449.99
OI001310,O000860,P084,1,14.99,0.0,14.99
OI001311,O000861,P108,1,24.99,0.0,24.99
OI001312,O000861,P084,2,14.99,0.0,29.98
OI001313,O000861,P112,1,39.99,0.0,39.99
OI001314,O000862,P143,1,49.99,0.0,49.99
OI001315,O000862,P064,1,59.99,0.0,59.99
OI001316,O000863,P021,1,179.99,0.0,179.99
OI001317,O000864,P141,1,99.99,0.0,99.99
OI001318,O000865,P083,1,99.99,0.0,99.99
OI001319,O000866,P148,2,59.99,0.0,119.98
OI001320,O000867,P084,1,14.99,0.0,14.99
OI001321,O000868,P138,1,39.99,0.0,39.99
OI001322,O000869,P154,1,349.99,70.0,279.99
OI001323,O000870,P129,1,149.99,0.0,149.99
OI001324,O000871,P135,2,79.99,0.0,159.98
OI001325,O000872,P144,1,29.99,0.0,29.99
OI001326,O000873,P130,2,24.99,0.0,49.98
OI001327,O000874,P155,1,79.99,16.0,63.99
OI001328,O000875,P159,1,55.99,11.2,44.79
OI001329,O000876,P122,1,29.99,0.0,29.99
OI001330,O000877,P063,1,39.99,0.0,39.99
OI001331,O000878,P134,1,34.99,0.0,34.99
OI001332,O000879,P083,1,99.99,0.0,99.99
OI001333,O000879,P127,1,49.99,0.0,49.99
OI001334,O000879,P145,1,69.99,0.0,69.99
OI001335,O000880,P095,1,199.99,0.0,199.99
OI001336,O000881,P077,2,199.99,0.0,399.98
OI001337,O000882,P155,1,79.99,16.0,63.99
OI001338,O000882,P001,1,49.99,0.0,49.99
OI001339,O000882,P089,1,59.99,0.0,59.99
OI001340,O000883,P078,2,14.99,0.0,29.98
OI001341,O000884,P062,1,24.99,0.0,24.99
OI001342,O000885,P143,1,49.99,0.0,49.99
OI001343,O000886,P108,1,24.99,0.0,24.99
OI001344,O000887,P019,1,299.99,0.0,299.99
OI001345,O000887,P093,1,59.99,0.0,59.99
OI001346,O000887,P157,2,149.99,0.0,299.98
OI001347,O000887,P064,1,59.99,0.0,59.99
OI001348,O000888,P001,1,49.99,0.0,49.99
OI001349,O000889,P033,1,79.99,0.0,79.99
OI001350,O000890,P087,1,349.99,0.0,349.99
OI001351,O000890,P076,1,49.99,0.0,49.99
OI001352,O000891,P078,1,14.99,0.0,14.99
OI001353,O000891,P081,3,58.99,0.0,176.97
OI001354,O000892,P087,1,349.99,0.0,349.99
OI001355,O000893,P046,1,349.99,0.0,349.99
OI001356,O000894,P152,1,899.99,180.0,719.99
OI001357,O000895,P015,1,199.99,0.0,199.99
OI001358,O000896,P088,2,83.99,0.0,167.98
OI001359,O000896,P155,1,79.99,16.0,63.99
OI001360,O000897,P041,1,449.99,0.0,449.99
OI001361,O000898,P076,1,49.99,0.0,49.99
OI001362,O000898,P087,1,349.99,0.0,349.99
OI001363,O000899,P155,1,79.99,16.0,63.99
OI001364,O000900,P140,1,39.99,0.0,39.99
OI001365,O000901,P148,1,59.99,0.0,59.99
OI001366,O000902,P167,2,59.99,0.0,119.98
OI001367,O000903,P155,1,79.99,0.0,79.99
OI001368,O000904,P007,1,149.99,0.0,149.99
OI001369,O000905,P125,1,49.99,0.0,49.99
OI001370,O000905,P121,1,128.99,0.0,128.99
OI001371,O000906,P016,1,399.99,0.0,399.99
OI001372,O000907,P072,1,89.99,0.0,89.99
OI001373,O000908,P098,1,199.99,0.0,199.99
OI001374,O000909,P020,1,79.99,0.0,79.99
OI001375,O000910,P091,1,19.99,0.0,19.99
OI001376,O000911,P104,1,59.99,0.0,59.99
OI001377,O000912,P003,1,129.99,0.0,129.99
OI001378,O000913,P004,1,129.99,0.0,129.99
OI001379,O000913,P154,1,349.99,0.0,349.99
OI001380,O000913,P133,2,99.99,0.0,199.98
OI001381,O000914,P111,1,99.99,0.0,99.99
OI001382,O000915,P072,1,89.99,0.0,89.99
OI001383,O000916,P083,1,99.99,0.0,99.99
OI001384,O000916,P163,1,89.99,0.0,89.99
OI001385,O000917,P084,2,14.99,0.0,29.98
OI001386,O000917,P155,2,79.99,0.0,159.98
OI001387,O000918,P032,1,29.99,0.0,29.99
OI001388,O000918,P087,1,349.99,0.0,349.99
OI001389,O000918,P092,1,69.99,0.0,69.99
OI001390,O000918,P076,1,49.99,0.0,49.99
OI001391,O000919,P159,1,55.99,0.0,55.99
OI001392,O000919,P087,1,349.99,0.0,349.99
OI001393,O000920,P103,2,19.99,0.0,39.98
OI001394,O000921,P032,1,29.99,0.0,29.99
OI001395,O000922,P019,1,299.99,0.0,299.99
OI001396,O000923,P021,1,179.99,0.0,179.99
OI001397,O000924,P052,1,229.99,0.0,229.99
OI001398,O000925,P104,2,59.99,0.0,119.98
OI001399,O000925,P088,1,83.99,0.0,83.99
OI001400,O000926,P148,1,59.99,0.0,59.99
OI001401,O000926,P076,1,49.99,0.0,49.99
OI001402,O000927,P157,1,149.99,0.0,149.99
OI001403,O000927,P107,1,99.99,0.0,99.99
OI001404,O000927,P106,1,29.99,0.0,29.99
OI001405,O000928,P169,1,169.99,0.0,169.99
OI001406,O000928,P017,1,599.99,0.0,599.99
OI001407,O000929,P055,1,179.99,0.0,179.99
OI001408,O000929,P163,1,89.99,0.0,89.99
OI001409,O000930,P060,1,139.99,0.0,139.99
OI001410,O000930,P103,1,19.99,0.0,19.99
OI001411,O000930,P071,2,189.99,0.0,379.98
OI001412,O000931,P124,1,14.99,0.0,14.99
OI001413,O000931,P019,1,299.99,0.0,299.99
OI001414,O000932,P029,1,49.99,0.0,49.99
OI001415,O000933,P006,1,39.99,0.0,39.99
OI001416,O000934,P146,1,24.99,0.0,24.99
OI001417,O000935,P122,1,29.99,0.0,29.99
OI001418,O000936,P036,1,1299.99,0.0,1299.99
OI001419,O000937,P156,1,249.99,0.0,249.99
OI001420,O000937,P128,1,59.99,0.0,59.99
OI001421,O000938,P116,1,149.99,0.0,149.99
OI001422,O000939,P087,1,349.99,0.0,349.99
OI001423,O000939,P143,1,49.99,0.0,49.99
OI001424,O000940,P144,1,29.99,0.0,29.99
OI001425,O000941,P085,1,39.99,0.0,39.99
OI001426,O000942,P106,1,29.99,0.0,29.99
OI001427,O000942,P097,1,49.99,0.0,49.99
OI001428,O000942,P036,1,1299.99,0.0,1299.99
OI001429,O000943,P155,1,79.99,0.0,79.99
OI001430,O000943,P166,1,24.99,0.0,24.99
OI001431,O000944,P145,1,69.99,0.0,69.99
OI001432,O000945,P011,1,229.99,0.0,229.99
OI001433,O000945,P079,1,49.99,0.0,49.99
OI001434,O000945,P103,1,19.99,0.0,19.99
OI001435,O000946,P171,1,199.99,0.0,199.99
OI001436,O000947,P015,1,199.99,0.0,199.99
OI001437,O000948,P072,1,89.99,0.0,89.99
OI001438,O000948,P115,1,49.99,0.0,49.99
OI001439,O000949,P113,1,84.99,0.0,84.99
OI001440,O000949,P024,1,29.99,0.0,29.99
OI001441,O000950,P133,1,99.99,0.0,99.99
OI001442,O000950,P156,1,249.99,0.0,249.99
OI001443,O000951,P105,1,38.99,0.0,38.99
OI001444,O000952,P081,1,58.99,0.0,58.99
OI001445,O000952,P083,1,99.99,0.0,99.99
OI001446,O000952,P142,1,19.99,0.0,19.99
OI001447,O000953,P164,1,29.99,0.0,29.99
OI001448,O000953,P137,1,109.99,0.0,109.99
OI001449,O000954,P062,3,24.99,0.0,74.97
OI001450,O000954,P117,1,69.99,0.0,69.99
OI001451,O000955,P084,1,14.99,0.0,14.99
OI001452,O000955,P006,1,39.99,0.0,39.99
OI001453,O000956,P091,1,19.99,0.0,19.99
OI001454,O000957,P112,1,39.99,0.0,39.99
OI001455,O000958,P003,1,129.99,0.0,129.99
OI001456,O000959,P148,1,59.99,0.0,59.99
OI001457,O000960,P101,1,49.99,0.0,49.99
OI001458,O000961,P128,1,59.99,0.0,59.99
OI001459,O000962,P066,1,94.99,0.0,94.99
OI001460,O000963,P120,1,89.99,0.0,89.99
OI001461,O000964,P155,1,79.99,0.0,79.99
OI001462,O000965,P043,1,189.99,0.0,189.99
OI001463,O000966,P131,1,79.99,0.0,79.99
OI001464,O000967,P126,1,19.99,0.0,19.99
OI001465,O000967,P063,1,39.99,0.0,39.99
OI001466,O000968,P120,1,89.99,0.0,89.99
OI001467,O000968,P025,1,119.99,0.0,119.99
OI001468,O000969,P103,1,19.99,0.0,19.99
OI001469,O000970,P168,1,49.99,0.0,49.99
OI001470,O000970,P016,1,399.99,0.0,399.99
OI001471,O000970,P155,1,79.99,0.0,79.99
OI001472,O000971,P089,1,59.99,0.0,59.99
OI001473,O000972,P068,1,39.99,0.0,39.99
OI001474,O000972,P120,1,89.99,0.0,89.99
OI001475,O000973,P108,1,24.99,0.0,24.99
OI001476,O000974,P028,1,19.99,0.0,19.99
OI001477,O000974,P103,1,19.99,0.0,19.99
OI001478,O000974,P124,1,14.99,0.0,14.99
OI001479,O000975,P103,1,19.99,0.0,19.99
OI001480,O000976,P104,1,59.99,0.0,59.99
OI001481,O000976,P102,1,169.99,0.0,169.99
OI001482,O000976,P155,1,79.99,0.0,79.99
OI001483,O000977,P170,1,79.99,0.0,79.99
OI001484,O000978,P082,1,29.99,0.0,29.99
OI001485,O000979,P072,1,89.99,0.0,89.99
OI001486,O000980,P038,1,599.99,0.0,599.99
OI001487,O000980,P154,1,349.99,0.0,349.99
OI001488,O000980,P116,2,149.99,0.0,299.98
OI001489,O000981,P084,1,14.99,0.0,14.99
OI001490,O000981,P155,1,79.99,0.0,79.99
OI001491,O000982,P148,1,59.99,0.0,59.99
OI001492,O000982,P079,1,49.99,0.0,49.99
OI001493,O000983,P154,1,349.99,0.0,349.99
OI001494,O000984,P057,1,149.99,0.0,149.99
OI001495,O000984,P008,1,79.99,0.0,79.99
OI001496,O000984,P094,1,179.99,0.0,179.99
OI001497,O000985,P130,1,24.99,0.0,24.99
OI001498,O000986,P048,1,449.99,0.0,449.99
OI001499,O000987,P126,1,19.99,0.0,19.99
OI001500,O000988,P097,1,49.99,0.0,49.99
OI001501,O000988,P073,1,349.99,0.0,349.99
OI001502,O000989,P112,1,39.99,0.0,39.99
OI001503,O000990,P008,1,79.99,0.0,79.99
OI001504,O000991,P158,2,449.99,0.0,899.98
OI001505,O000992,P125,1,49.99,0.0,49.99
OI001506,O000992,P092,1,69.99,0.0,69.99
OI001507,O000992,P114,1,129.99,0.0,129.99
OI001508,O000992,P077,1,199.99,0.0,199.99
OI001509,O000993,P167,1,59.99,0.0,59.99
OI001510,O000993,P068,2,39.99,0.0,79.98
OI001511,O000994,P026,1,24.99,0.0,24.99
OI001512,O000994,P084,1,14.99,0.0,14.99
OI001513,O000994,P123,1,99.99,0.0,99.99
OI001514,O000994,P033,1,79.99,0.0,79.99
OI001515,O000995,P155,1,79.99,0.0,79.99
OI001516,O000996,P154,1,349.99,0.0,349.99
OI001517,O000997,P154,1,349.99,0.0,349.99
OI001518,O000998,P003,1,129.99,0.0,129.99
OI001519,O000998,P061,1,329.99,0.0,329.99
OI001520,O000999,P128,1,59.99,0.0,59.99
OI001521,O001000,P129,1,149.99,0.0,149.99
OI001522,O001000,P002,1,89.99,0.0,89.99
OI001523,O001001,P036,1,1299.99,0.0,1299.99
OI001524,O001001,P099,1,29.99,0.0,29.99
OI001525,O001002,P106,2,29.99,0.0,59.98
OI001526,O001003,P143,1,49.99,0.0,49.99
OI001527,O001003,P081,1,58.99,0.0,58.99
OI001528,O001003,P078,1,14.99,0.0,14.99
OI001529,O001003,P020,1,79.99,0.0,79.99
OI001530,O001004,P003,1,129.99,0.0,129.99
OI001531,O001005,P131,1,79.99,0.0,79.99
OI001532,O001006,P155,1,79.99,0.0,79.99
OI001533,O001007,P064,1,59.99,0.0,59.99
OI001534,O001008,P039,1,169.99,0.0,169.99
OI001535,O001008,P125,1,49.99,0.0,49.99
OI001536,O001009,P062,2,24.99,0.0,49.98
OI001537,O001010,P041,1,449.99,0.0,449.99
OI001538,O001011,P029,1,49.99,0.0,49.99
OI001539,O001012,P119,1,29.99,0.0,29.99
OI001540,O001013,P143,1,49.99,0.0,49.99
OI001541,O001014,P024,1,29.99,0.0,29.99
OI001542,O001014,P112,1,39.99,0.0,39.99
OI001543,O001014,P104,2,59.99,0.0,119.98
OI001544,O001014,P121,1,128.99,0.0,128.99
OI001545,O001015,P155,1,79.99,0.0,79.99
OI001546,O001016,P078,1,14.99,0.0,14.99
OI001547,O001017,P084,1,14.99,0.0,14.99
OI001548,O001018,P071,1,189.99,0.0,189.99
OI001549,O001019,P011,1,229.99,0.0,229.99
OI001550,O001019,P096,1,449.99,0.0,449.99
OI001551,O001020,P155,1,79.99,0.0,79.99
OI001552,O001020,P148,1,59.99,0.0,59.99
OI001553,O001021,P103,1,19.99,0.0,19.99
OI001554,O001021,P021,1,179.99,0.0,179.99
OI001555,O001022,P087,1,349.99,0.0,349.99
OI001556,O001023,P060,1,139.99,0.0,139.99
OI001557,O001024,P016,1,399.99,0.0,399.99
OI001558,O001025,P126,2,19.99,0.0,39.98
OI001559,O001026,P155,2,79.99,0.0,159.98
OI001560,O001026,P102,1,169.99,0.0,169.99
OI001561,O001026,P157,1,149.99,0.0,149.99
OI001562,O001026,P003,1,129.99,0.0,129.99
OI001563,O001027,P015,1,199.99,0.0,199.99
OI001564,O001028,P001,1,49.99,0.0,49.99
OI001565,O001029,P005,1,349.99,0.0,349.99
OI001566,O001029,P165,3,79.99,0.0,239.97
OI001567,O001030,P128,1,59.99,0.0,59.99
OI001568,O001031,P015,1,199.99,0.0,199.99
OI001569,O001032,P167,1,59.99,0.0,59.99
OI001570,O001032,P001,1,49.99,0.0,49.99
OI001571,O001033,P122,1,29.99,0.0,29.99
OI001572,O001034,P083,1,99.99,0.0,99.99
OI001573,O001035,P072,1,89.99,0.0,89.99
OI001574,O001036,P060,1,139.99,0.0,139.99
OI001575,O001037,P144,1,29.99,0.0,29.99
OI001576,O001038,P082,1,29.99,0.0,29.99
OI001577,O001039,P084,1,14.99,0.0,14.99
OI001578,O001040,P155,1,79.99,0.0,79.99
OI001579,O001040,P022,1,69.99,0.0,69.99
OI001580,O001041,P143,1,49.99,0.0,49.99
OI001581,O001041,P101,1,49.99,0.0,49.99
OI001582,O001042,P008,1,79.99,0.0,79.99
OI001583,O001042,P155,2,79.99,0.0,159.98
OI001584,O001042,P075,1,69.99,0.0,69.99
OI001585,O001043,P064,1,59.99,0.0,59.99
OI001586,O001044,P097,1,49.99,0.0,49.99
OI001587,O001045,P077,1,199.99,0.0,199.99
OI001588,O001046,P020,1,79.99,12.0,67.99
OI001589,O001046,P019,1,299.99,45.0,254.99
OI001590,O001046,P069,1,119.99,0.0,119.99
OI001591,O001047,P072,1,89.99,0.0,89.99
OI001592,O001047,P120,1,89.99,0.0,89.99
OI001593,O001048,P120,1,89.99,0.0,89.99
OI001594,O001048,P093,1,59.99,0.0,59.99
OI001595,O001049,P041,1,449.99,0.0,449.99
OI001596,O001050,P060,1,139.99,0.0,139.99
OI001597,O001051,P064,1,59.99,0.0,59.99
OI001598,O001052,P107,2,99.99,0.0,199.98
OI001599,O001053,P055,1,179.99,0.0,179.99
OI001600,O001054,P063,1,39.99,0.0,39.99
OI001601,O001055,P087,2,349.99,0.0,699.98
OI001602,O001055,P111,1,99.99,0.0,99.99
OI001603,O001055,P015,1,199.99,30.0,169.99
OI001604,O001056,P130,1,24.99,0.0,24.99
OI001605,O001057,P066,1,94.99,0.0,94.99
OI001606,O001058,P118,1,219.99,0.0,219.99
OI001607,O001059,P015,1,199.99,30.0,169.99
OI001608,O001059,P003,1,129.99,19.5,110.49
OI001609,O001060,P082,1,29.99,0.0,29.99
OI001610,O001061,P117,1,69.99,0.0,69.99
OI001611,O001062,P120,1,89.99,0.0,89.99
OI001612,O001063,P019,1,299.99,0.0,299.99
OI001613,O001064,P013,1,149.99,22.5,127.49
OI001614,O001065,P085,1,39.99,0.0,39.99
OI001615,O001065,P120,1,89.99,0.0,89.99
OI001616,O001065,P158,1,449.99,0.0,449.99
OI001617,O001066,P065,1,39.99,0.0,39.99
OI001618,O001066,P106,3,29.99,0.0,89.97
OI001619,O001067,P038,1,599.99,0.0,599.99
OI001620,O001067,P148,1,59.99,0.0,59.99
OI001621,O001068,P122,1,29.99,0.0,29.99
OI001622,O001069,P067,1,149.99,0.0,149.99
OI001623,O001069,P139,1,89.99,0.0,89.99
OI001624,O001070,P167,1,59.99,0.0,59.99
OI001625,O001071,P083,1,99.99,0.0,99.99
OI001626,O001072,P134,1,34.99,0.0,34.99
OI001627,O001072,P121,1,128.99,0.0,128.99
OI001628,O001072,P031,1,139.99,0.0,139.99
OI001629,O001072,P016,1,399.99,0.0,399.99
OI001630,O001073,P017,1,599.99,90.0,509.99
OI001631,O001074,P010,1,89.99,0.0,89.99
OI001632,O001075,P016,1,399.99,0.0,399.99
OI001633,O001076,P155,1,79.99,0.0,79.99
OI001634,O001077,P094,1,179.99,0.0,179.99
OI001635,O001077,P158,1,449.99,0.0,449.99
OI001636,O001078,P166,1,24.99,0.0,24.99
OI001637,O001079,P162,2,29.99,0.0,59.98
OI001638,O001079,P088,2,83.99,0.0,167.98
OI001639,O001079,P005,1,349.99,0.0,349.99
OI001640,O001080,P017,1,599.99,0.0,599.99
OI001641,O001081,P016,1,399.99,0.0,399.99
OI001642,O001081,P003,1,129.99,0.0,129.99
OI001643,O001081,P020,1,79.99,0.0,79.99
OI001644,O001082,P099,1,29.99,0.0,29.99
OI001645,O001083,P081,1,58.99,0.0,58.99
OI001646,O001084,P060,1,139.99,0.0,139.99
OI001647,O001085,P004,1,129.99,19.5,110.49
OI001648,O001086,P151,1,399.99,0.0,399.99
OI001649,O001086,P171,1,199.99,0.0,199.99
OI001650,O001087,P090,1,189.99,0.0,189.99
OI001651,O001088,P080,1,38.99,0.0,38.99
OI001652,O001089,P148,1,59.99,0.0,59.99
OI001653,O001090,P017,1,599.99,90.0,509.99
OI001654,O001091,P137,2,109.99,0.0,219.98
OI001655,O001092,P001,1,49.99,0.0,49.99
OI001656,O001093,P164,1,29.99,0.0,29.99
OI001657,O001094,P069,1,119.99,0.0,119.99
OI001658,O001095,P003,1,129.99,19.5,110.49
OI001659,O001096,P071,1,189.99,0.0,189.99
OI001660,O001096,P041,1,449.99,0.0,449.99
OI001661,O001096,P154,1,349.99,0.0,349.99
OI001662,O001097,P141,1,99.99,0.0,99.99
OI001663,O001097,P098,1,199.99,0.0,199.99
OI001664,O001098,P120,1,89.99,0.0,89.99
OI001665,O001099,P142,1,19.99,0.0,19.99
OI001666,O001100,P148,1,59.99,0.0,59.99
OI001667,O001101,P019,1,299.99,0.0,299.99
OI001668,O001102,P021,1,179.99,0.0,179.99
OI001669,O001102,P060,1,139.99,0.0,139.99
OI001670,O001103,P033,1,79.99,12.0,67.99
OI001671,O001103,P134,1,34.99,0.0,34.99
OI001672,O001104,P007,1,149.99,0.0,149.99
OI001673,O001104,P010,1,89.99,0.0,89.99
OI001674,O001105,P101,1,49.99,0.0,49.99
OI001675,O001105,P159,3,55.99,0.0,167.97
OI001676,O001106,P019,1,299.99,45.0,254.99
OI001677,O001107,P081,1,58.99,0.0,58.99
OI001678,O001108,P080,1,38.99,0.0,38.99
OI001679,O001109,P062,1,24.99,0.0,24.99
OI001680,O001109,P169,1,169.99,0.0,169.99
OI001681,O001110,P003,1,129.99,19.5,110.49
OI001682,O001111,P077,1,199.99,0.0,199.99
OI001683,O001111,P163,1,89.99,0.0,89.99
OI001684,O001111,P091,1,19.99,0.0,19.99
OI001685,O001112,P154,1,349.99,0.0,349.99
OI001686,O001113,P140,1,39.99,0.0,39.99
OI001687,O001114,P155,1,79.99,0.0,79.99
OI001688,O001115,P081,1,58.99,0.0,58.99
OI001689,O001116,P007,1,149.99,22.5,127.49
OI001690,O001117,P010,1,89.99,13.5,76.49
OI001691,O001117,P125,2,49.99,0.0,99.98
OI001692,O001117,P142,1,19.99,0.0,19.99
OI001693,O001118,P121,1,128.99,0.0,128.99
OI001694,O001119,P096,2,449.99,0.0,899.98
OI001695,O001120,P015,1,199.99,30.0,169.99
OI001696,O001121,P076,1,49.99,0.0,49.99
OI001697,O001122,P113,1,84.99,0.0,84.99
OI001698,O001123,P120,1,89.99,0.0,89.99
OI001699,O001124,P079,1,49.99,0.0,49.99
OI001700,O001124,P135,1,79.99,0.0,79.99
OI001701,O001125,P003,1,129.99,0.0,129.99
OI001702,O001126,P142,1,19.99,0.0,19.99
OI001703,O001127,P081,1,58.99,0.0,58.99
OI001704,O001128,P114,1,129.99,0.0,129.99
OI001705,O001128,P133,1,99.99,0.0,99.99
OI001706,O001128,P003,1,129.99,19.5,110.49
OI001707,O001129,P015,1,199.99,30.0,169.99
OI001708,O001129,P151,1,399.99,0.0,399.99
OI001709,O001130,P120,2,89.99,0.0,179.98
OI001710,O001131,P141,1,99.99,0.0,99.99
OI001711,O001132,P015,1,199.99,30.0,169.99
OI001712,O001133,P113,1,84.99,0.0,84.99
OI001713,O001134,P120,1,89.99,0.0,89.99
OI001714,O001135,P165,1,79.99,0.0,79.99
OI001715,O001136,P008,1,79.99,0.0,79.99
OI001716,O001137,P106,1,29.99,0.0,29.99
OI001717,O001138,P090,1,189.99,0.0,189.99
OI001718,O001139,P064,2,59.99,0.0,119.98
OI001719,O001140,P099,1,29.99,0.0,29.99
OI001720,O001141,P157,1,149.99,0.0,149.99
OI001721,O001142,P019,1,299.99,45.0,254.99
OI001722,O001142,P006,1,39.99,6.0,33.99
OI001723,O001143,P151,1,399.99,0.0,399.99
OI001724,O001143,P023,1,199.99,30.0,169.99
OI001725,O001144,P129,1,149.99,0.0,149.99
OI001726,O001145,P084,1,14.99,0.0,14.99
OI001727,O001146,P080,2,38.99,0.0,77.98
OI001728,O001147,P072,1,89.99,0.0,89.99
OI001729,O001148,P071,1,189.99,0.0,189.99
OI001730,O001149,P148,1,59.99,0.0,59.99
OI001731,O001149,P071,1,189.99,0.0,189.99
OI001732,O001150,P163,1,89.99,0.0,89.99
OI001733,O001151,P023,1,199.99,30.0,169.99
OI001734,O001151,P071,1,189.99,0.0,189.99
OI001735,O001151,P052,1,229.99,0.0,229.99
OI001736,O001152,P123,1,99.99,0.0,99.99
OI001737,O001153,P008,1,79.99,12.0,67.99
OI001738,O001154,P117,1,69.99,0.0,69.99
OI001739,O001154,P016,1,399.99,60.0,339.99
OI001740,O001154,P166,1,24.99,0.0,24.99
OI001741,O001155,P092,1,69.99,0.0,69.99
OI001742,O001155,P108,1,24.99,0.0,24.99
OI001743,O001156,P093,1,59.99,0.0,59.99
OI001744,O001157,P155,1,79.99,0.0,79.99
OI001745,O001158,P148,1,59.99,0.0,59.99
OI001746,O001159,P155,2,79.99,0.0,159.98
OI001747,O001160,P072,1,89.99,0.0,89.99
OI001748,O001160,P155,1,79.99,0.0,79.99
OI001749,O001160,P084,1,14.99,0.0,14.99
OI001750,O001160,P090,1,189.99,0.0,189.99
OI001751,O001161,P120,1,89.99,0.0,89.99
OI001752,O001161,P081,1,58.99,0.0,58.99
OI001753,O001161,P109,1,79.99,0.0,79.99
OI001754,O001162,P155,1,79.99,0.0,79.99
OI001755,O001163,P068,1,39.99,0.0,39.99
OI001756,O001163,P103,1,19.99,0.0,19.99
OI001757,O001163,P129,1,149.99,0.0,149.99
OI001758,O001164,P103,1,19.99,0.0,19.99
OI001759,O001165,P159,1,55.99,0.0,55.99
OI001760,O001165,P148,1,59.99,0.0,59.99
OI001761,O001166,P081,1,58.99,0.0,58.99
OI001762,O001167,P161,2,59.99,0.0,119.98
OI001763,O001167,P127,1,49.99,0.0,49.99
OI001764,O001168,P159,1,55.99,0.0,55.99
OI001765,O001168,P167,1,59.99,0.0,59.99
OI001766,O001169,P152,1,899.99,0.0,899.99
OI001767,O001169,P073,1,349.99,0.0,349.99
OI001768,O001170,P114,1,129.99,0.0,129.99
OI001769,O001171,P123,1,99.99,0.0,99.99
OI001770,O001172,P168,1,49.99,0.0,49.99
OI001771,O001173,P147,1,54.99,0.0,54.99
OI001772,O001174,P153,1,129.99,0.0,129.99
OI001773,O001175,P022,1,69.99,10.5,59.49
OI001774,O001176,P050,1,799.99,0.0,799.99
OI001775,O001176,P153,1,129.99,0.0,129.99
OI001776,O001177,P076,1,49.99,0.0,49.99
OI001777,O001178,P093,1,59.99,0.0,59.99
OI001778,O001178,P122,1,29.99,0.0,29.99
OI001779,O001179,P008,1,79.99,0.0,79.99
OI001780,O001179,P143,2,49.99,0.0,99.98
OI001781,O001179,P016,1,399.99,0.0,399.99
OI001782,O001180,P072,1,89.99,0.0,89.99
OI001783,O001181,P102,1,169.99,0.0,169.99
OI001784,O001182,P006,1,39.99,0.0,39.99
OI001785,O001183,P155,1,79.99,0.0,79.99
OI001786,O001184,P031,1,139.99,0.0,139.99
OI001787,O001184,P019,1,299.99,0.0,299.99
OI001788,O001185,P065,1,39.99,0.0,39.99
OI001789,O001185,P060,1,139.99,0.0,139.99
OI001790,O001186,P115,1,49.99,0.0,49.99
OI001791,O001187,P027,1,89.99,0.0,89.99
OI001792,O001187,P125,1,49.99,0.0,49.99
OI001793,O001187,P142,1,19.99,0.0,19.99
OI001794,O001188,P019,1,299.99,0.0,299.99
OI001795,O001189,P160,3,19.99,0.0,59.97
OI001796,O001189,P068,1,39.99,0.0,39.99
OI001797,O001189,P001,1,49.99,0.0,49.99
OI001798,O001189,P081,1,58.99,0.0,58.99
OI001799,O001190,P076,1,49.99,0.0,49.99
OI001800,O001190,P155,1,79.99,0.0,79.99
OI001801,O001191,P036,1,1299.99,0.0,1299.99
OI001802,O001192,P146,2,24.99,0.0,49.98
OI001803,O001192,P147,1,54.99,0.0,54.99
OI001804,O001192,P079,3,49.99,0.0,149.97
OI001805,O001192,P081,1,58.99,0.0,58.99
OI001806,O001193,P005,1,349.99,0.0,349.99
OI001807,O001194,P155,2,79.99,0.0,159.98
OI001808,O001195,P071,1,189.99,0.0,189.99
OI001809,O001196,P033,1,79.99,0.0,79.99
OI001810,O001196,P067,1,149.99,0.0,149.99
OI001811,O001197,P048,1,449.99,0.0,449.99
OI001812,O001198,P064,1,59.99,0.0,59.99
OI001813,O001198,P126,1,19.99,0.0,19.99
OI001814,O001199,P058,1,379.99,0.0,379.99
OI001815,O001200,P159,3,55.99,0.0,167.97
OI001816,O001201,P101,1,49.99,0.0,49.99
OI001817,O001202,P077,1,199.99,0.0,199.99
OI001818,O001202,P150,1,25.99,0.0,25.99
OI001819,O001203,P104,3,59.99,0.0,179.97
OI001820,O001203,P159,1,55.99,0.0,55.99
OI001821,O001204,P002,1,89.99,0.0,89.99
OI001822,O001205,P078,1,14.99,0.0,14.99
OI001823,O001206,P016,1,399.99,0.0,399.99
OI001824,O001207,P025,1,119.99,0.0,119.99
OI001825,O001207,P096,1,449.99,0.0,449.99
OI001826,O001207,P120,1,89.99,0.0,89.99
OI001827,O001208,P015,1,199.99,0.0,199.99
OI001828,O001209,P119,1,29.99,0.0,29.99
OI001829,O001210,P147,1,54.99,0.0,54.99
OI001830,O001211,P019,1,299.99,0.0,299.99
OI001831,O001211,P171,1,199.99,0.0,199.99
OI001832,O001211,P083,1,99.99,0.0,99.99
OI001833,O001212,P092,1,69.99,0.0,69.99
OI001834,O001213,P063,1,39.99,0.0,39.99
OI001835,O001213,P016,1,399.99,0.0,399.99
OI001836,O001214,P157,1,149.99,0.0,149.99
OI001837,O001215,P054,1,649.99,0.0,649.99
OI001838,O001216,P126,1,19.99,0.0,19.99
OI001839,O001217,P141,1,99.99,0.0,99.99
OI001840,O001218,P003,1,129.99,0.0,129.99
OI001841,O001219,P087,1,349.99,0.0,349.99
OI001842,O001219,P038,1,599.99,0.0,599.99
OI001843,O001220,P105,1,38.99,0.0,38.99
OI001844,O001221,P160,1,19.99,0.0,19.99
OI001845,O001222,P020,1,79.99,0.0,79.99
OI001846,O001223,P065,1,39.99,0.0,39.99
OI001847,O001224,P003,1,129.99,0.0,129.99
OI001848,O001225,P104,1,59.99,0.0,59.99
OI001849,O001226,P019,1,299.99,0.0,299.99
OI001850,O001227,P155,1,79.99,0.0,79.99
OI001851,O001228,P103,1,19.99,0.0,19.99
OI001852,O001229,P101,1,49.99,0.0,49.99
OI001853,O001230,P140,1,39.99,0.0,39.99
OI001854,O001231,P062,1,24.99,0.0,24.99
OI001855,O001232,P072,2,89.99,0.0,179.98
OI001856,O001232,P158,1,449.99,0.0,449.99
OI001857,O001232,P103,1,19.99,0.0,19.99
OI001858,O001232,P010,1,89.99,0.0,89.99
OI001859,O001233,P120,2,89.99,0.0,179.98
OI001860,O001233,P052,1,229.99,0.0,229.99
OI001861,O001234,P076,1,49.99,0.0,49.99
OI001862,O001235,P148,2,59.99,0.0,119.98
OI001863,O001235,P166,1,24.99,0.0,24.99
OI001864,O001236,P160,1,19.99,0.0,19.99
OI001865,O001236,P103,1,19.99,0.0,19.99
OI001866,O001236,P108,1,24.99,0.0,24.99
OI001867,O001236,P088,1,83.99,0.0,83.99
OI001868,O001237,P155,1,79.99,0.0,79.99
OI001869,O001238,P065,1,39.99,0.0,39.99
OI001870,O001238,P081,1,58.99,0.0,58.99
OI001871,O001239,P171,1,199.99,0.0,199.99
OI001872,O001239,P156,1,249.99,0.0,249.99
OI001873,O001239,P064,1,59.99,0.0,59.99
OI001874,O001240,P100,1,79.99,0.0,79.99
OI001875,O001241,P117,1,69.99,0.0,69.99
OI001876,O001242,P097,2,49.99,0.0,99.98
OI001877,O001242,P016,1,399.99,0.0,399.99
OI001878,O001243,P001,1,49.99,0.0,49.99
OI001879,O001244,P120,1,89.99,0.0,89.99
OI001880,O001245,P050,1,799.99,0.0,799.99
OI001881,O001245,P141,1,99.99,0.0,99.99
OI001882,O001245,P085,2,39.99,0.0,79.98
OI001883,O001246,P028,1,19.99,0.0,19.99
OI001884,O001247,P023,1,199.99,0.0,199.99
OI001885,O001248,P167,1,59.99,0.0,59.99
OI001886,O001249,P093,1,59.99,0.0,59.99
OI001887,O001250,P085,1,39.99,0.0,39.99
OI001888,O001251,P111,2,99.99,0.0,199.98
OI001889,O001252,P099,1,29.99,0.0,29.99
OI001890,O001253,P155,1,79.99,0.0,79.99
OI001891,O001254,P087,1,349.99,0.0,349.99
OI001892,O001255,P027,1,89.99,0.0,89.99
OI001893,O001255,P013,1,149.99,0.0,149.99
OI001894,O001256,P078,1,14.99,0.0,14.99
OI001895,O001257,P076,1,49.99,0.0,49.99
OI001896,O001258,P120,2,89.99,0.0,179.98
OI001897,O001259,P016,1,399.99,0.0,399.99
OI001898,O001259,P125,1,49.99,0.0,49.99
OI001899,O001260,P087,1,349.99,0.0,349.99
OI001900,O001261,P126,1,19.99,0.0,19.99
OI001901,O001262,P084,1,14.99,0.0,14.99
OI001902,O001263,P019,1,299.99,0.0,299.99
OI001903,O001264,P156,1,249.99,0.0,249.99
OI001904,O001265,P138,1,39.99,0.0,39.99
OI001905,O001266,P041,1,449.99,0.0,449.99
OI001906,O001266,P081,1,58.99,0.0,58.99
OI001907,O001266,P055,1,179.99,0.0,179.99
OI001908,O001267,P113,2,84.99,0.0,169.98
OI001909,O001268,P076,1,49.99,0.0,49.99
OI001910,O001269,P082,1,29.99,0.0,29.99
OI001911,O001270,P163,1,89.99,0.0,89.99
OI001912,O001270,P072,1,89.99,0.0,89.99
OI001913,O001270,P126,1,19.99,0.0,19.99
OI001914,O001271,P060,1,139.99,0.0,139.99
OI001915,O001272,P155,3,79.99,0.0,239.97
OI001916,O001272,P082,1,29.99,0.0,29.99
OI001917,O001273,P098,1,199.99,0.0,199.99
OI001918,O001273,P033,1,79.99,0.0,79.99
OI001919,O001274,P090,2,189.99,0.0,379.98
OI001920,O001275,P078,1,14.99,0.0,14.99
OI001921,O001276,P160,1,19.99,0.0,19.99
OI001922,O001277,P154,1,349.99,0.0,349.99
OI001923,O001278,P159,1,55.99,0.0,55.99
OI001924,O001279,P141,1,99.99,0.0,99.99
OI001925,O001280,P154,1,349.99,0.0,349.99
OI001926,O001281,P077,1,199.99,0.0,199.99
OI001927,O001282,P167,2,59.99,0.0,119.98
OI001928,O001282,P060,1,139.99,0.0,139.99
OI001929,O001283,P155,2,79.99,0.0,159.98
OI001930,O001283,P090,1,189.99,0.0,189.99
OI001931,O001284,P103,1,19.99,0.0,19.99
OI001932,O001285,P126,1,19.99,0.0,19.99
OI001933,O001286,P003,1,129.99,0.0,129.99
OI001934,O001287,P121,1,128.99,0.0,128.99
OI001935,O001288,P146,1,24.99,0.0,24.99
OI001936,O001289,P065,1,39.99,0.0,39.99
OI001937,O001289,P098,1,199.99,0.0,199.99
OI001938,O001290,P039,1,169.99,0.0,169.99
OI001939,O001291,P094,2,179.99,0.0,359.98
OI001940,O001291,P120,1,89.99,0.0,89.99
OI001941,O001291,P008,1,79.99,0.0,79.99
OI001942,O001291,P087,2,349.99,0.0,699.98
OI001943,O001292,P070,1,69.99,0.0,69.99
OI001944,O001292,P155,1,79.99,0.0,79.99
OI001945,O001292,P103,1,19.99,0.0,19.99
OI001946,O001292,P150,1,25.99,0.0,25.99
OI001947,O001293,P016,1,399.99,0.0,399.99
OI001948,O001293,P077,2,199.99,0.0,399.98
OI001949,O001294,P016,1,399.99,0.0,399.99
OI001950,O001295,P003,1,129.99,0.0,129.99
OI001951,O001296,P148,1,59.99,0.0,59.99
OI001952,O001296,P036,1,1299.99,0.0,1299.99
OI001953,O001296,P101,1,49.99,0.0,49.99
OI001954,O001297,P120,1,89.99,0.0,89.99
OI001955,O001297,P072,1,89.99,0.0,89.99
OI001956,O001297,P163,1,89.99,0.0,89.99
OI001957,O001298,P146,1,24.99,0.0,24.99
OI001958,O001299,P012,1,43.99,0.0,43.99
OI001959,O001300,P113,1,84.99,0.0,84.99
OI001960,O001300,P004,1,129.99,0.0,129.99
OI001961,O001300,P166,1,24.99,0.0,24.99
OI001962,O001301,P147,1,54.99,0.0,54.99
OI001963,O001302,P002,1,89.99,0.0,89.99
OI001964,O001303,P115,1,49.99,0.0,49.99
OI001965,O001304,P159,1,55.99,0.0,55.99
OI001966,O001305,P167,1,59.99,0.0,59.99
OI001967,O001305,P009,1,299.99,0.0,299.99
OI001968,O001306,P035,1,999.99,0.0,999.99
OI001969,O001307,P155,1,79.99,0.0,79.99
OI001970,O001308,P121,1,128.99,0.0,128.99
OI001971,O001308,P086,1,129.99,0.0,129.99
OI001972,O001309,P143,1,49.99,0.0,49.99
OI001973,O001309,P136,1,44.99,0.0,44.99
OI001974,O001310,P134,1,34.99,0.0,34.99
OI001975,O001311,P142,1,19.99,0.0,19.99
OI001976,O001312,P050,1,799.99,0.0,799.99
OI001977,O001312,P112,2,39.99,12.0,67.98
OI001978,O001313,P128,1,59.99,0.0,59.99
OI001979,O001313,P037,1,329.99,0.0,329.99
OI001980,O001314,P014,1,449.99,0.0,449.99
OI001981,O001315,P086,1,129.99,0.0,129.99
OI001982,O001316,P121,1,128.99,19.35,109.64
OI001983,O001317,P087,1,349.99,0.0,349.99
OI001984,O001317,P129,1,149.99,0.0,149.99
OI001985,O001318,P077,2,199.99,0.0,399.98
OI001986,O001319,P044,1,399.99,0.0,399.99
OI001987,O001319,P003,1,129.99,0.0,129.99
OI001988,O001320,P158,1,449.99,0.0,449.99
OI001989,O001321,P103,1,19.99,0.0,19.99
OI001990,O001322,P127,1,49.99,0.0,49.99
OI001991,O001323,P029,1,49.99,0.0,49.99
OI001992,O001324,P048,1,449.99,0.0,449.99
OI001993,O001325,P015,1,199.99,0.0,199.99
OI001994,O001326,P148,1,59.99,0.0,59.99
OI001995,O001326,P106,1,29.99,0.0,29.99
OI001996,O001327,P109,1,79.99,0.0,79.99
OI001997,O001328,P168,1,49.99,0.0,49.99
OI001998,O001329,P007,1,149.99,0.0,149.99
OI001999,O001330,P112,3,39.99,18.0,101.97
OI002000,O001331,P067,1,149.99,0.0,149.99
OI002001,O001332,P065,1,39.99,0.0,39.99
OI002002,O001333,P094,1,179.99,0.0,179.99
OI002003,O001334,P077,1,199.99,0.0,199.99
OI002004,O001335,P008,1,79.99,0.0,79.99
OI002005,O001336,P139,1,89.99,0.0,89.99
OI002006,O001336,P114,1,129.99,19.5,110.49
OI002007,O001337,P105,1,38.99,0.0,38.99
OI002008,O001338,P132,1,39.99,0.0,39.99
OI002009,O001339,P048,1,449.99,0.0,449.99
OI002010,O001339,P122,2,29.99,9.0,50.98
OI002011,O001339,P128,1,59.99,9.0,50.99
OI002012,O001339,P153,1,129.99,0.0,129.99
OI002013,O001340,P004,1,129.99,0.0,129.99
OI002014,O001341,P001,1,49.99,0.0,49.99
OI002015,O001342,P025,1,119.99,0.0,119.99
OI002016,O001343,P144,1,29.99,0.0,29.99
OI002017,O001344,P044,1,399.99,0.0,399.99
OI002018,O001345,P016,1,399.99,0.0,399.99
OI002019,O001346,P148,1,59.99,0.0,59.99
OI002020,O001346,P144,1,29.99,0.0,29.99
OI002021,O001346,P110,1,29.99,0.0,29.99
OI002022,O001347,P139,3,89.99,0.0,269.97
OI002023,O001348,P104,1,59.99,0.0,59.99
OI002024,O001349,P072,1,89.99,0.0,89.99
OI002025,O001350,P027,1,89.99,0.0,89.99
OI002026,O001351,P154,1,349.99,0.0,349.99
OI002027,O001351,P084,1,14.99,0.0,14.99
OI002028,O001352,P152,1,899.99,0.0,899.99
OI002029,O001353,P121,2,128.99,0.0,257.98
OI002030,O001354,P103,1,19.99,0.0,19.99
OI002031,O001355,P110,1,29.99,0.0,29.99
OI002032,O001355,P155,2,79.99,0.0,159.98
OI002033,O001355,P111,1,99.99,0.0,99.99
OI002034,O001356,P152,1,899.99,0.0,899.99
OI002035,O001357,P128,1,59.99,0.0,59.99
OI002036,O001358,P021,1,179.99,0.0,179.99
OI002037,O001358,P140,1,39.99,0.0,39.99
OI002038,O001358,P142,1,19.99,0.0,19.99
OI002039,O001359,P148,1,59.99,0.0,59.99
OI002040,O001360,P128,1,59.99,9.0,50.99
OI002041,O001361,P052,1,229.99,0.0,229.99
OI002042,O001362,P170,1,79.99,0.0,79.99
OI002043,O001363,P052,1,229.99,0.0,229.99
OI002044,O001363,P156,2,249.99,0.0,499.98
OI002045,O001363,P060,1,139.99,0.0,139.99
OI002046,O001364,P019,1,299.99,0.0,299.99
OI002047,O001365,P120,2,89.99,27.0,152.98
OI002048,O001366,P007,1,149.99,0.0,149.99
OI002049,O001366,P016,1,399.99,0.0,399.99
OI002050,O001367,P084,1,14.99,0.0,14.99
OI002051,O001368,P008,1,79.99,0.0,79.99
OI002052,O001369,P120,1,89.99,13.5,76.49
OI002053,O001370,P119,1,29.99,4.5,25.49
OI002054,O001371,P097,1,49.99,0.0,49.99
OI002055,O001372,P092,1,69.99,0.0,69.99
OI002056,O001372,P129,1,149.99,22.5,127.49
OI002057,O001372,P084,1,14.99,0.0,14.99
OI002058,O001373,P003,1,129.99,0.0,129.99
OI002059,O001374,P014,1,449.99,0.0,449.99
OI002060,O001375,P103,1,19.99,0.0,19.99
OI002061,O001376,P148,1,59.99,0.0,59.99
OI002062,O001377,P122,1,29.99,4.5,25.49
OI002063,O001377,P073,1,349.99,0.0,349.99
OI002064,O001378,P147,1,54.99,0.0,54.99
OI002065,O001379,P064,1,59.99,0.0,59.99
OI002066,O001379,P132,1,39.99,0.0,39.99
OI002067,O001380,P092,1,69.99,0.0,69.99
OI002068,O001381,P118,1,219.99,33.0,186.99
OI002069,O001382,P155,1,79.99,0.0,79.99
OI002070,O001382,P124,3,14.99,0.0,44.97
OI002071,O001383,P075,1,69.99,0.0,69.99
OI002072,O001384,P155,1,79.99,0.0,79.99
OI002073,O001385,P117,1,69.99,10.5,59.49
OI002074,O001386,P015,1,199.99,0.0,199.99
OI002075,O001386,P148,1,59.99,0.0,59.99
OI002076,O001386,P081,1,58.99,0.0,58.99
OI002077,O001386,P079,1,49.99,0.0,49.99
OI002078,O001387,P062,1,24.99,0.0,24.99
OI002079,O001387,P060,1,139.99,0.0,139.99
OI002080,O001388,P124,1,14.99,0.0,14.99
OI002081,O001389,P076,1,49.99,0.0,49.99
OI002082,O001389,P016,1,399.99,0.0,399.99
OI002083,O001389,P060,1,139.99,0.0,139.99
OI002084,O001390,P143,1,49.99,0.0,49.99
OI002085,O001391,P160,3,19.99,0.0,59.97
OI002086,O001392,P084,1,14.99,0.0,14.99
OI002087,O001393,P094,1,179.99,0.0,179.99
OI002088,O001394,P155,1,79.99,0.0,79.99
OI002089,O001395,P120,1,89.99,13.5,76.49
OI002090,O001396,P018,1,89.99,0.0,89.99
OI002091,O001397,P137,1,109.99,0.0,109.99
OI002092,O001397,P092,1,69.99,0.0,69.99
OI002093,O001397,P109,1,79.99,0.0,79.99
OI002094,O001398,P108,1,24.99,0.0,24.99
OI002095,O001399,P088,1,83.99,0.0,83.99
OI002096,O001400,P107,3,99.99,0.0,299.97
OI002097,O001401,P039,1,169.99,0.0,169.99
OI002098,O001402,P060,1,139.99,0.0,139.99
OI002099,O001403,P048,1,449.99,0.0,449.99
OI002100,O001404,P167,1,59.99,0.0,59.99
OI002101,O001405,P060,1,139.99,0.0,139.99
OI002102,O001405,P155,1,79.99,0.0,79.99
OI002103,O001405,P017,1,599.99,0.0,599.99
OI002104,O001405,P064,1,59.99,0.0,59.99
OI002105,O001406,P052,1,229.99,0.0,229.99
OI002106,O001407,P072,2,89.99,0.0,179.98
OI002107,O001407,P028,1,19.99,0.0,19.99
OI002108,O001408,P104,1,59.99,0.0,59.99
OI002109,O001409,P161,1,59.99,0.0,59.99
OI002110,O001410,P139,1,89.99,0.0,89.99
OI002111,O001411,P058,1,379.99,0.0,379.99
OI002112,O001412,P089,1,59.99,0.0,59.99
OI002113,O001412,P007,1,149.99,0.0,149.99
OI002114,O001413,P077,2,199.99,0.0,399.98
OI002115,O001414,P155,1,79.99,0.0,79.99
OI002116,O001414,P087,1,349.99,0.0,349.99
OI002117,O001414,P150,1,25.99,0.0,25.99
OI002118,O001414,P036,1,1299.99,0.0,1299.99
OI002119,O001415,P104,1,59.99,0.0,59.99
OI002120,O001416,P127,1,49.99,7.5,42.49
OI002121,O001416,P082,1,29.99,0.0,29.99
OI002122,O001417,P116,1,149.99,0.0,149.99
OI002123,O001418,P103,1,19.99,0.0,19.99
OI002124,O001419,P142,1,19.99,0.0,19.99
OI002125,O001420,P160,1,19.99,0.0,19.99
OI002126,O001421,P087,1,349.99,0.0,349.99
OI002127,O001421,P158,1,449.99,0.0,449.99
OI002128,O001422,P071,1,189.99,0.0,189.99
OI002129,O001422,P092,1,69.99,0.0,69.99
OI002130,O001423,P072,1,89.99,0.0,89.99
OI002131,O001423,P084,1,14.99,0.0,14.99
OI002132,O001423,P170,2,79.99,0.0,159.98
OI002133,O001424,P087,1,349.99,0.0,349.99
OI002134,O001425,P016,1,399.99,0.0,399.99
OI002135,O001426,P125,1,49.99,7.5,42.49
OI002136,O001427,P155,1,79.99,0.0,79.99
OI002137,O001428,P167,1,59.99,0.0,59.99
OI002138,O001429,P128,1,59.99,0.0,59.99
OI002139,O001430,P167,1,59.99,0.0,59.99
OI002140,O001430,P155,1,79.99,0.0,79.99
OI002141,O001431,P087,1,349.99,0.0,349.99
OI002142,O001432,P140,1,39.99,0.0,39.99
OI002143,O001433,P060,1,139.99,0.0,139.99
OI002144,O001434,P091,1,19.99,0.0,19.99
OI002145,O001435,P129,3,149.99,67.5,382.47
OI002146,O001436,P062,1,24.99,0.0,24.99
OI002147,O001437,P045,1,129.99,0.0,129.99
OI002148,O001437,P145,2,69.99,0.0,139.98
OI002149,O001437,P169,1,169.99,0.0,169.99
OI002150,O001437,P148,1,59.99,0.0,59.99
OI002151,O001438,P120,1,89.99,13.5,76.49
OI002152,O001438,P107,1,99.99,0.0,99.99
OI002153,O001438,P052,1,229.99,0.0,229.99
OI002154,O001438,P149,1,129.99,0.0,129.99
OI002155,O001439,P148,1,59.99,0.0,59.99
OI002156,O001439,P021,1,179.99,0.0,179.99
OI002157,O001440,P113,1,84.99,12.75,72.24
OI002158,O001440,P055,1,179.99,0.0,179.99
OI002159,O001441,P064,1,59.99,0.0,59.99
OI002160,O001442,P130,1,24.99,0.0,24.99
OI002161,O001443,P064,1,59.99,0.0,59.99
OI002162,O001443,P131,1,79.99,12.0,67.99
OI002163,O001443,P159,1,55.99,0.0,55.99
OI002164,O001444,P113,1,84.99,12.75,72.24
OI002165,O001445,P081,1,58.99,0.0,58.99
OI002166,O001446,P128,1,59.99,9.0,50.99
OI002167,O001447,P076,1,49.99,0.0,49.99
OI002168,O001447,P015,1,199.99,0.0,199.99
OI002169,O001447,P114,1,129.99,19.5,110.49
OI002170,O001448,P124,1,14.99,0.0,14.99
OI002171,O001449,P124,1,14.99,2.25,12.74
OI002172,O001450,P008,1,79.99,0.0,79.99
OI002173,O001450,P155,1,79.99,0.0,79.99
OI002174,O001451,P155,1,79.99,0.0,79.99
OI002175,O001451,P001,1,49.99,0.0,49.99
OI002176,O001451,P120,1,89.99,13.5,76.49
OI002177,O001452,P019,1,299.99,0.0,299.99
OI002178,O001453,P063,1,39.99,0.0,39.99
OI002179,O001454,P075,1,69.99,0.0,69.99
OI002180,O001455,P157,1,149.99,0.0,149.99
OI002181,O001456,P086,1,129.99,0.0,129.99
OI002182,O001457,P158,1,449.99,0.0,449.99
OI002183,O001457,P138,2,39.99,0.0,79.98
OI002184,O001458,P010,1,89.99,0.0,89.99
OI002185,O001459,P087,1,349.99,0.0,349.99
OI002186,O001460,P019,1,299.99,0.0,299.99
OI002187,O001461,P120,1,89.99,13.5,76.49
OI002188,O001462,P074,1,19.99,0.0,19.99
OI002189,O001463,P103,1,19.99,0.0,19.99
OI002190,O001463,P008,2,79.99,0.0,159.98
OI002191,O001463,P078,2,14.99,0.0,29.98
OI002192,O001464,P052,1,229.99,0.0,229.99
OI002193,O001465,P087,3,349.99,0.0,1049.97
OI002194,O001466,P003,1,129.99,0.0,129.99
OI002195,O001467,P155,1,79.99,0.0,79.99
OI002196,O001468,P030,1,59.99,0.0,59.99
OI002197,O001468,P129,1,149.99,22.5,127.49
OI002198,O001469,P068,1,39.99,0.0,39.99
OI002199,O001470,P094,1,179.99,0.0,179.99
OI002200,O001471,P062,2,24.99,0.0,49.98
OI002201,O001471,P081,1,58.99,0.0,58.99
OI002202,O001471,P114,1,129.99,19.5,110.49
OI002203,O001472,P076,1,49.99,0.0,49.99
OI002204,O001473,P086,1,129.99,0.0,129.99
OI002205,O001474,P004,1,129.99,0.0,129.99
OI002206,O001475,P142,1,19.99,0.0,19.99
OI002207,O001476,P020,1,79.99,0.0,79.99
OI002208,O001476,P081,1,58.99,0.0,58.99
OI002209,O001477,P147,1,54.99,0.0,54.99
OI002210,O001478,P084,1,14.99,0.0,14.99
OI002211,O001478,P128,1,59.99,9.0,50.99
OI002212,O001478,P112,2,39.99,12.0,67.98
OI002213,O001478,P096,1,449.99,0.0,449.99
OI002214,O001479,P120,1,89.99,13.5,76.49
OI002215,O001480,P155,1,79.99,0.0,79.99
OI002216,O001480,P079,1,49.99,0.0,49.99
OI002217,O001481,P103,2,19.99,0.0,39.98
OI002218,O001482,P125,1,49.99,0.0,49.99
OI002219,O001482,P026,1,24.99,0.0,24.99
OI002220,O001482,P087,1,349.99,0.0,349.99
OI002221,O001482,P128,1,59.99,0.0,59.99
OI002222,O001483,P062,1,24.99,0.0,24.99
OI002223,O001484,P128,2,59.99,0.0,119.98
OI002224,O001485,P060,1,139.99,0.0,139.99
OI002225,O001486,P105,1,38.99,0.0,38.99
OI002226,O001487,P072,1,89.99,0.0,89.99
OI002227,O001487,P154,1,349.99,0.0,349.99
OI002228,O001488,P082,1,29.99,0.0,29.99
OI002229,O001489,P088,1,83.99,0.0,83.99
OI002230,O001490,P142,1,19.99,0.0,19.99
OI002231,O001491,P099,1,29.99,0.0,29.99
OI002232,O001492,P146,1,24.99,0.0,24.99
OI002233,O001492,P001,1,49.99,0.0,49.99
OI002234,O001492,P155,1,79.99,0.0,79.99
OI002235,O001493,P100,1,79.99,0.0,79.99
OI002236,O001493,P145,1,69.99,0.0,69.99
OI002237,O001494,P154,3,349.99,0.0,1049.97
OI002238,O001495,P159,1,55.99,0.0,55.99
OI002239,O001495,P098,1,199.99,0.0,199.99
OI002240,O001496,P100,1,79.99,0.0,79.99
OI002241,O001497,P016,1,399.99,0.0,399.99
OI002242,O001498,P079,1,49.99,0.0,49.99
OI002243,O001498,P073,3,349.99,0.0,1049.97
OI002244,O001499,P107,1,99.99,0.0,99.99
OI002245,O001499,P072,2,89.99,0.0,179.98
OI002246,O001499,P159,1,55.99,0.0,55.99
OI002247,O001500,P037,1,329.99,0.0,329.99
OI002248,O001501,P142,1,19.99,0.0,19.99
OI002249,O001501,P015,1,199.99,0.0,199.99
OI002250,O001502,P018,1,89.99,0.0,89.99
OI002251,O001502,P154,1,349.99,0.0,349.99
OI002252,O001502,P127,1,49.99,7.5,42.49
OI002253,O001502,P120,1,89.99,13.5,76.49
OI002254,O001503,P116,1,149.99,22.5,127.49
OI002255,O001503,P148,1,59.99,0.0,59.99
OI002256,O001504,P133,1,99.99,0.0,99.99
OI002257,O001505,P143,1,49.99,0.0,49.99
OI002258,O001506,P081,1,58.99,0.0,58.99
OI002259,O001506,P120,1,89.99,0.0,89.99
OI002260,O001507,P094,1,179.99,0.0,179.99
OI002261,O001508,P113,1,84.99,12.75,72.24
OI002262,O001508,P120,1,89.99,13.5,76.49
OI002263,O001508,P081,1,58.99,0.0,58.99
OI002264,O001509,P155,2,79.99,0.0,159.98
OI002265,O001509,P070,1,69.99,0.0,69.99
OI002266,O001510,P137,1,109.99,0.0,109.99
OI002267,O001511,P159,1,55.99,0.0,55.99
OI002268,O001511,P007,1,149.99,0.0,149.99
OI002269,O001512,P147,1,54.99,0.0,54.99
OI002270,O001512,P116,2,149.99,45.0,254.98
OI002271,O001513,P133,1,99.99,0.0,99.99
OI002272,O001514,P020,1,79.99,0.0,79.99
OI002273,O001514,P031,1,139.99,0.0,139.99
OI002274,O001515,P164,1,29.99,0.0,29.99
OI002275,O001515,P155,1,79.99,0.0,79.99
OI002276,O001516,P076,1,49.99,0.0,49.99
OI002277,O001516,P155,1,79.99,0.0,79.99
OI002278,O001516,P081,1,58.99,0.0,58.99
OI002279,O001517,P120,1,89.99,13.5,76.49
OI002280,O001517,P148,1,59.99,0.0,59.99
OI002281,O001518,P064,1,59.99,0.0,59.99
OI002282,O001519,P142,1,19.99,0.0,19.99
OI002283,O001519,P116,3,149.99,67.5,382.47
OI002284,O001520,P135,1,79.99,0.0,79.99
OI002285,O001521,P128,1,59.99,0.0,59.99
OI002286,O001522,P130,1,24.99,3.75,21.24
OI002287,O001522,P084,1,14.99,0.0,14.99
OI002288,O001523,P124,1,14.99,2.25,12.74
OI002289,O001524,P169,1,169.99,0.0,169.99
OI002290,O001524,P149,1,129.99,0.0,129.99
OI002291,O001524,P072,1,89.99,0.0,89.99
OI002292,O001525,P155,1,79.99,0.0,79.99
OI002293,O001526,P062,1,24.99,0.0,24.99
OI002294,O001527,P076,1,49.99,0.0,49.99
OI002295,O001527,P072,1,89.99,0.0,89.99
OI002296,O001527,P120,1,89.99,13.5,76.49
OI002297,O001528,P103,1,19.99,0.0,19.99
OI002298,O001528,P051,1,89.99,0.0,89.99
OI002299,O001528,P155,1,79.99,0.0,79.99
OI002300,O001529,P129,1,149.99,0.0,149.99
OI002301,O001530,P121,1,128.99,19.35,109.64
OI002302,O001530,P127,1,49.99,7.5,42.49
OI002303,O001531,P030,1,59.99,0.0,59.99
OI002304,O001531,P103,1,19.99,0.0,19.99
OI002305,O001532,P130,1,24.99,0.0,24.99
OI002306,O001533,P084,1,14.99,0.0,14.99
OI002307,O001533,P122,1,29.99,4.5,25.49
OI002308,O001533,P115,1,49.99,7.5,42.49
OI002309,O001534,P116,1,149.99,0.0,149.99
OI002310,O001535,P115,1,49.99,0.0,49.99
OI002311,O001536,P091,1,19.99,0.0,19.99
OI002312,O001537,P087,1,349.99,0.0,349.99
OI002313,O001537,P072,1,89.99,0.0,89.99
OI002314,O001538,P090,1,189.99,0.0,189.99
OI002315,O001539,P108,1,24.99,0.0,24.99
OI002316,O001539,P067,1,149.99,0.0,149.99
OI002317,O001539,P155,1,79.99,0.0,79.99
OI002318,O001540,P032,1,29.99,0.0,29.99
OI002319,O001541,P165,1,79.99,0.0,79.99
OI002320,O001542,P144,1,29.99,0.0,29.99
OI002321,O001543,P134,1,34.99,0.0,34.99
OI002322,O001543,P148,1,59.99,0.0,59.99
OI002323,O001543,P001,1,49.99,0.0,49.99
OI002324,O001544,P165,1,79.99,0.0,79.99
OI002325,O001545,P014,1,449.99,0.0,449.99
OI002326,O001545,P081,1,58.99,0.0,58.99
OI002327,O001546,P103,1,19.99,0.0,19.99
OI002328,O001547,P004,1,129.99,0.0,129.99
OI002329,O001547,P101,1,49.99,0.0,49.99
OI002330,O001548,P159,1,55.99,0.0,55.99
OI002331,O001549,P095,1,199.99,0.0,199.99
OI002332,O001549,P153,1,129.99,0.0,129.99
OI002333,O001550,P128,1,59.99,9.0,50.99
OI002334,O001551,P031,1,139.99,0.0,139.99
OI002335,O001552,P155,1,79.99,0.0,79.99
OI002336,O001553,P016,1,399.99,0.0,399.99
OI002337,O001554,P091,1,19.99,0.0,19.99
OI002338,O001554,P120,1,89.99,0.0,89.99
OI002339,O001555,P079,2,49.99,0.0,99.98
OI002340,O001555,P096,1,449.99,0.0,449.99
OI002341,O001556,P126,1,19.99,3.0,16.99
OI002342,O001557,P072,1,89.99,0.0,89.99
OI002343,O001558,P103,1,19.99,0.0,19.99
OI002344,O001559,P075,1,69.99,0.0,69.99
OI002345,O001560,P080,1,38.99,0.0,38.99
OI002346,O001561,P128,1,59.99,0.0,59.99
OI002347,O001562,P077,2,199.99,0.0,399.98
OI002348,O001562,P152,1,899.99,0.0,899.99
OI002349,O001563,P169,1,169.99,0.0,169.99
OI002350,O001563,P008,1,79.99,0.0,79.99
OI002351,O001563,P102,1,169.99,0.0,169.99
OI002352,O001564,P081,1,58.99,0.0,58.99
OI002353,O001564,P123,1,99.99,15.0,84.99
OI002354,O001565,P015,1,199.99,0.0,199.99
OI002355,O001565,P168,1,49.99,0.0,49.99
OI002356,O001566,P003,1,129.99,0.0,129.99
OI002357,O001567,P054,1,649.99,0.0,649.99
OI002358,O001568,P090,1,189.99,0.0,189.99
OI002359,O001569,P142,1,19.99,0.0,19.99
OI002360,O001570,P021,1,179.99,0.0,179.99
OI002361,O001571,P147,1,54.99,0.0,54.99
OI002362,O001571,P076,3,49.99,0.0,149.97
OI002363,O001571,P014,1,449.99,0.0,449.99
OI002364,O001572,P155,3,79.99,0.0,239.97
OI002365,O001573,P120,1,89.99,0.0,89.99
OI002366,O001573,P075,1,69.99,0.0,69.99
OI002367,O001573,P125,1,49.99,0.0,49.99
OI002368,O001573,P164,1,29.99,0.0,29.99
OI002369,O001574,P123,1,99.99,15.0,84.99
OI002370,O001575,P003,1,129.99,0.0,129.99
OI002371,O001576,P068,1,39.99,0.0,39.99
OI002372,O001576,P119,1,29.99,4.5,25.49
OI002373,O001576,P020,1,79.99,0.0,79.99
OI002374,O001577,P077,2,199.99,0.0,399.98
OI002375,O001578,P079,1,49.99,0.0,49.99
OI002376,O001579,P077,1,199.99,0.0,199.99
OI002377,O001579,P068,1,39.99,0.0,39.99
OI002378,O001579,P090,1,189.99,0.0,189.99
OI002379,O001580,P122,1,29.99,4.5,25.49
OI002380,O001581,P031,1,139.99,0.0,139.99
OI002381,O001581,P139,1,89.99,0.0,89.99
OI002382,O001581,P006,1,39.99,0.0,39.99
OI002383,O001581,P016,1,399.99,0.0,399.99
OI002384,O001582,P010,1,89.99,0.0,89.99
OI002385,O001583,P103,1,19.99,0.0,19.99
OI002386,O001584,P003,1,129.99,0.0,129.99
OI002387,O001585,P033,1,79.99,0.0,79.99
OI002388,O001586,P171,1,199.99,0.0,199.99
OI002389,O001586,P060,1,139.99,0.0,139.99
OI002390,O001587,P120,1,89.99,0.0,89.99
OI002391,O001588,P068,1,39.99,0.0,39.99
OI002392,O001588,P084,1,14.99,0.0,14.99
OI002393,O001588,P033,1,79.99,0.0,79.99
OI002394,O001588,P004,1,129.99,0.0,129.99
OI002395,O001589,P067,1,149.99,0.0,149.99
OI002396,O001590,P148,1,59.99,0.0,59.99
OI002397,O001590,P114,2,129.99,39.0,220.98
OI002398,O001590,P139,1,89.99,0.0,89.99
OI002399,O001591,P015,1,199.99,0.0,199.99
OI002400,O001591,P092,1,69.99,0.0,69.99
OI002401,O001591,P155,1,79.99,0.0,79.99
OI002402,O001592,P018,1,89.99,0.0,89.99
OI002403,O001593,P083,1,99.99,0.0,99.99
OI002404,O001594,P039,1,169.99,0.0,169.99
OI002405,O001594,P103,1,19.99,0.0,19.99
OI002406,O001594,P064,2,59.99,0.0,119.98
OI002407,O001595,P084,1,14.99,0.0,14.99
OI002408,O001596,P054,1,649.99,0.0,649.99
OI002409,O001597,P078,1,14.99,0.0,14.99
OI002410,O001598,P142,1,19.99,0.0,19.99
OI002411,O001599,P064,1,59.99,0.0,59.99
OI002412,O001599,P100,2,79.99,0.0,159.98
OI002413,O001599,P103,1,19.99,0.0,19.99
OI002414,O001599,P010,1,89.99,0.0,89.99
OI002415,O001600,P019,1,299.99,0.0,299.99
OI002416,O001600,P149,3,129.99,0.0,389.97
OI002417,O001600,P103,1,19.99,0.0,19.99
OI002418,O001601,P016,1,399.99,0.0,399.99
OI002419,O001602,P009,1,299.99,0.0,299.99
OI002420,O001603,P076,1,49.99,0.0,49.99
OI002421,O001604,P098,2,199.99,0.0,399.98
OI002422,O001605,P022,1,69.99,0.0,69.99
OI002423,O001606,P155,1,79.99,0.0,79.99
OI002424,O001606,P103,1,19.99,0.0,19.99
OI002425,O001607,P156,1,249.99,0.0,249.99
OI002426,O001608,P129,1,149.99,0.0,149.99
OI002427,O001608,P143,1,49.99,0.0,49.99
OI002428,O001608,P091,1,19.99,0.0,19.99
OI002429,O001609,P079,2,49.99,0.0,99.98
OI002430,O001610,P103,1,19.99,0.0,19.99
OI002431,O001611,P014,1,449.99,0.0,449.99
OI002432,O001612,P124,2,14.99,0.0,29.98
OI002433,O001612,P063,2,39.99,0.0,79.98
OI002434,O001613,P137,1,109.99,0.0,109.99
OI002435,O001614,P103,1,19.99,0.0,19.99
OI002436,O001615,P099,1,29.99,0.0,29.99
OI002437,O001616,P033,1,79.99,0.0,79.99
OI002438,O001617,P140,1,39.99,0.0,39.99
OI002439,O001618,P073,1,349.99,0.0,349.99
OI002440,O001619,P148,1,59.99,0.0,59.99
OI002441,O001620,P064,1,59.99,0.0,59.99
OI002442,O001620,P081,1,58.99,0.0,58.99
OI002443,O001621,P050,1,799.99,0.0,799.99
OI002444,O001622,P093,1,59.99,0.0,59.99
OI002445,O001623,P153,1,129.99,0.0,129.99
OI002446,O001623,P019,1,299.99,0.0,299.99
OI002447,O001624,P081,1,58.99,0.0,58.99
OI002448,O001624,P110,1,29.99,0.0,29.99
OI002449,O001624,P009,1,299.99,0.0,299.99
OI002450,O001625,P146,1,24.99,0.0,24.99
OI002451,O001626,P155,1,79.99,0.0,79.99
OI002452,O001627,P033,1,79.99,0.0,79.99
OI002453,O001628,P060,1,139.99,0.0,139.99
OI002454,O001629,P101,1,49.99,0.0,49.99
OI002455,O001630,P128,2,59.99,0.0,119.98
OI002456,O001631,P120,1,89.99,0.0,89.99
OI002457,O001632,P021,1,179.99,0.0,179.99
OI002458,O001632,P159,1,55.99,0.0,55.99
OI002459,O001632,P084,1,14.99,0.0,14.99
OI002460,O001633,P103,2,19.99,0.0,39.98
OI002461,O001633,P131,1,79.99,0.0,79.99
OI002462,O001634,P144,1,29.99,0.0,29.99
OI002463,O001635,P015,1,199.99,40.0,159.99
OI002464,O001636,P052,1,229.99,46.0,183.99
OI002465,O001637,P011,1,229.99,0.0,229.99
OI002466,O001637,P078,1,14.99,0.0,14.99
OI002467,O001638,P160,1,19.99,4.0,15.99
OI002468,O001639,P148,1,59.99,0.0,59.99
OI002469,O001640,P148,1,59.99,0.0,59.99
OI002470,O001641,P159,1,55.99,11.2,44.79
OI002471,O001641,P072,1,89.99,18.0,71.99
OI002472,O001642,P065,1,39.99,8.0,31.99
OI002473,O001643,P120,1,89.99,18.0,71.99
OI002474,O001644,P020,1,79.99,0.0,79.99
OI002475,O001644,P119,1,29.99,4.5,25.49
OI002476,O001645,P143,1,49.99,0.0,49.99
OI002477,O001645,P115,1,49.99,0.0,49.99
OI002478,O001646,P016,1,399.99,80.0,319.99
OI002479,O001647,P021,1,179.99,36.0,143.99
OI002480,O001648,P114,1,129.99,26.0,103.99
OI002481,O001648,P060,1,139.99,28.0,111.99
OI002482,O001649,P130,1,24.99,5.0,19.99
OI002483,O001649,P114,1,129.99,26.0,103.99
OI002484,O001649,P100,1,79.99,16.0,63.99
OI002485,O001650,P019,1,299.99,60.0,239.99
OI002486,O001650,P103,1,19.99,4.0,15.99
OI002487,O001651,P103,2,19.99,8.0,31.98
OI002488,O001651,P081,1,58.99,11.8,47.19
OI002489,O001652,P103,1,19.99,4.0,15.99
OI002490,O001652,P020,1,79.99,16.0,63.99
OI002491,O001653,P120,1,89.99,18.0,71.99
OI002492,O001654,P096,1,449.99,90.0,359.99
OI002493,O001655,P020,1,79.99,0.0,79.99
OI002494,O001655,P068,1,39.99,0.0,39.99
OI002495,O001656,P018,1,89.99,18.0,71.99
OI002496,O001656,P149,1,129.99,26.0,103.99
OI002497,O001656,P115,1,49.99,10.0,39.99
OI002498,O001656,P033,1,79.99,16.0,63.99
OI002499,O001657,P003,1,129.99,0.0,129.99
OI002500,O001658,P063,1,39.99,8.0,31.99
OI002501,O001658,P155,1,79.99,16.0,63.99
OI002502,O001658,P092,1,69.99,14.0,55.99
OI002503,O001659,P041,1,449.99,90.0,359.99
OI002504,O001660,P001,1,49.99,10.0,39.99
OI002505,O001661,P133,1,99.99,20.0,79.99
OI002506,O001662,P126,1,19.99,4.0,15.99
OI002507,O001662,P061,1,329.99,66.0,263.99
OI002508,O001663,P155,1,79.99,0.0,79.99
OI002509,O001664,P033,1,79.99,0.0,79.99
OI002510,O001665,P121,1,128.99,25.8,103.19
OI002511,O001665,P055,1,179.99,36.0,143.99
OI002512,O001666,P015,1,199.99,40.0,159.99
OI002513,O001667,P103,1,19.99,4.0,15.99
OI002514,O001668,P100,1,79.99,16.0,63.99
OI002515,O001669,P023,1,199.99,0.0,199.99
OI002516,O001670,P028,1,19.99,4.0,15.99
OI002517,O001671,P148,2,59.99,0.0,119.98
OI002518,O001671,P155,1,79.99,0.0,79.99
OI002519,O001672,P131,1,79.99,16.0,63.99
OI002520,O001672,P072,1,89.99,18.0,71.99
OI002521,O001672,P107,2,99.99,40.0,159.98
OI002522,O001673,P073,1,349.99,0.0,349.99
OI002523,O001674,P080,1,38.99,7.8,31.19
OI002524,O001674,P120,1,89.99,18.0,71.99
OI002525,O001674,P001,1,49.99,10.0,39.99
OI002526,O001675,P104,1,59.99,12.0,47.99
OI002527,O001676,P048,1,449.99,90.0,359.99
OI002528,O001676,P137,2,109.99,44.0,175.98
OI002529,O001677,P136,1,44.99,0.0,44.99
OI002530,O001678,P031,1,139.99,0.0,139.99
OI002531,O001679,P022,1,69.99,14.0,55.99
OI002532,O001680,P103,1,19.99,4.0,15.99
OI002533,O001681,P159,1,55.99,11.2,44.79
OI002534,O001682,P105,1,38.99,0.0,38.99
OI002535,O001683,P081,1,58.99,11.8,47.19
OI002536,O001683,P014,1,449.99,90.0,359.99
OI002537,O001683,P071,1,189.99,38.0,151.99
OI002538,O001683,P023,1,199.99,40.0,159.99
OI002539,O001684,P084,1,14.99,3.0,11.99
OI002540,O001685,P085,1,39.99,0.0,39.99
OI002541,O001686,P045,1,129.99,0.0,129.99
OI002542,O001687,P108,1,24.99,0.0,24.99
OI002543,O001688,P081,1,58.99,11.8,47.19
OI002544,O001689,P139,1,89.99,18.0,71.99
OI002545,O001690,P155,1,79.99,0.0,79.99
OI002546,O001691,P101,1,49.99,10.0,39.99
OI002547,O001692,P104,1,59.99,12.0,47.99
OI002548,O001693,P080,1,38.99,0.0,38.99
OI002549,O001693,P094,1,179.99,0.0,179.99
OI002550,O001694,P087,1,349.99,0.0,349.99
OI002551,O001695,P134,1,34.99,0.0,34.99
OI002552,O001695,P065,1,39.99,0.0,39.99
OI002553,O001696,P079,1,49.99,0.0,49.99
OI002554,O001697,P081,1,58.99,11.8,47.19
OI002555,O001698,P138,1,39.99,8.0,31.99
OI002556,O001699,P129,1,149.99,30.0,119.99
OI002557,O001700,P154,1,349.99,70.0,279.99
OI002558,O001701,P090,1,189.99,0.0,189.99
OI002559,O001701,P052,1,229.99,0.0,229.99
OI002560,O001702,P121,1,128.99,25.8,103.19
OI002561,O001703,P151,2,399.99,160.0,639.98
OI002562,O001704,P134,2,34.99,0.0,69.98
OI002563,O001705,P001,1,49.99,0.0,49.99
OI002564,O001706,P103,1,19.99,4.0,15.99
OI002565,O001706,P071,1,189.99,38.0,151.99
OI002566,O001707,P065,1,39.99,0.0,39.99
OI002567,O001708,P143,1,49.99,10.0,39.99
OI002568,O001708,P064,1,59.99,12.0,47.99
OI002569,O001709,P159,1,55.99,11.2,44.79
OI002570,O001710,P155,2,79.99,0.0,159.98
OI002571,O001711,P165,1,79.99,16.0,63.99
OI002572,O001712,P068,1,39.99,0.0,39.99
OI002573,O001713,P126,1,19.99,4.0,15.99
OI002574,O001714,P144,1,29.99,6.0,23.99
OI002575,O001714,P131,1,79.99,16.0,63.99
OI002576,O001714,P067,1,149.99,30.0,119.99
OI002577,O001715,P055,1,179.99,36.0,143.99
OI002578,O001716,P026,1,24.99,0.0,24.99
OI002579,O001717,P143,1,49.99,0.0,49.99
OI002580,O001717,P024,1,29.99,0.0,29.99
OI002581,O001717,P060,1,139.99,0.0,139.99
OI002582,O001718,P122,1,29.99,0.0,29.99
OI002583,O001719,P062,1,24.99,0.0,24.99
OI002584,O001719,P139,1,89.99,0.0,89.99
OI002585,O001720,P055,1,179.99,36.0,143.99
OI002586,O001721,P071,2,189.99,76.0,303.98
OI002587,O001721,P072,1,89.99,18.0,71.99
OI002588,O001722,P092,1,69.99,0.0,69.99
OI002589,O001723,P171,1,199.99,0.0,199.99
OI002590,O001724,P141,1,99.99,20.0,79.99
OI002591,O001724,P101,1,49.99,10.0,39.99
OI002592,O001725,P163,1,89.99,0.0,89.99
OI002593,O001726,P143,2,49.99,0.0,99.98
OI002594,O001726,P142,1,19.99,0.0,19.99
OI002595,O001726,P072,3,89.99,0.0,269.97
OI002596,O001727,P148,2,59.99,24.0,95.98
OI002597,O001727,P167,1,59.99,12.0,47.99
OI002598,O001728,P046,1,349.99,0.0,349.99
OI002599,O001728,P103,2,19.99,0.0,39.98
OI002600,O001729,P063,2,39.99,16.0,63.98
OI002601,O001729,P076,1,49.99,10.0,39.99
OI002602,O001730,P138,1,39.99,8.0,31.99
OI002603,O001731,P087,1,349.99,70.0,279.99
OI002604,O001731,P103,1,19.99,4.0,15.99
OI002605,O001731,P083,1,99.99,20.0,79.99
OI002606,O001731,P092,1,69.99,14.0,55.99
OI002607,O001732,P129,1,149.99,30.0,119.99
OI002608,O001732,P104,1,59.99,12.0,47.99
OI002609,O001732,P019,1,299.99,60.0,239.99
OI002610,O001732,P011,1,229.99,46.0,183.99
OI002611,O001733,P109,1,79.99,16.0,63.99
OI002612,O001734,P016,1,399.99,80.0,319.99
OI002613,O001735,P072,1,89.99,18.0,71.99
OI002614,O001736,P041,1,449.99,0.0,449.99
OI002615,O001736,P085,1,39.99,0.0,39.99
OI002616,O001737,P003,1,129.99,0.0,129.99
OI002617,O001738,P157,1,149.99,30.0,119.99
OI002618,O001739,P003,1,129.99,26.0,103.99
OI002619,O001740,P125,1,49.99,10.0,39.99
OI002620,O001740,P066,1,94.99,19.0,75.99
OI002621,O001741,P095,1,199.99,0.0,199.99
OI002622,O001742,P128,1,59.99,12.0,47.99
OI002623,O001743,P108,1,24.99,5.0,19.99
OI002624,O001743,P090,1,189.99,38.0,151.99
OI002625,O001743,P157,1,149.99,30.0,119.99
OI002626,O001743,P096,1,449.99,90.0,359.99
OI002627,O001744,P018,1,89.99,18.0,71.99
OI002628,O001745,P128,1,59.99,12.0,47.99
OI002629,O001746,P108,3,24.99,0.0,74.97
OI002630,O001747,P062,1,24.99,5.0,19.99
OI002631,O001747,P072,1,89.99,18.0,71.99
OI002632,O001747,P071,1,189.99,38.0,151.99
OI002633,O001748,P146,1,24.99,5.0,19.99
OI002634,O001749,P103,1,19.99,4.0,15.99
OI002635,O001750,P036,1,1299.99,260.0,1039.99
OI002636,O001751,P025,1,119.99,24.0,95.99
OI002637,O001752,P124,1,14.99,3.0,11.99
OI002638,O001753,P081,2,58.99,0.0,117.98
OI002639,O001754,P166,1,24.99,0.0,24.99
OI002640,O001755,P155,1,79.99,16.0,63.99
OI002641,O001755,P146,1,24.99,5.0,19.99
OI002642,O001755,P087,1,349.99,70.0,279.99
OI002643,O001755,P120,1,89.99,18.0,71.99
OI002644,O001756,P129,1,149.99,30.0,119.99
OI002645,O001756,P020,1,79.99,16.0,63.99
OI002646,O001756,P066,2,94.99,38.0,151.98
OI002647,O001757,P022,1,69.99,14.0,55.99
OI002648,O001758,P132,3,39.99,0.0,119.97
OI002649,O001758,P060,1,139.99,0.0,139.99
OI002650,O001758,P077,2,199.99,0.0,399.98
OI002651,O001758,P087,1,349.99,0.0,349.99
OI002652,O001759,P121,1,128.99,0.0,128.99
OI002653,O001759,P018,1,89.99,0.0,89.99
OI002654,O001760,P027,1,89.99,18.0,71.99
OI002655,O001761,P143,1,49.99,0.0,49.99
OI002656,O001762,P152,1,899.99,180.0,719.99
OI002657,O001762,P120,1,89.99,18.0,71.99
OI002658,O001763,P141,1,99.99,0.0,99.99
OI002659,O001764,P105,1,38.99,7.8,31.19
OI002660,O001764,P155,1,79.99,16.0,63.99
OI002661,O001765,P064,1,59.99,12.0,47.99
OI002662,O001766,P103,1,19.99,4.0,15.99
OI002663,O001767,P148,1,59.99,0.0,59.99
OI002664,O001767,P081,1,58.99,0.0,58.99
OI002665,O001768,P002,1,89.99,18.0,71.99
OI002666,O001769,P047,1,149.99,30.0,119.99
OI002667,O001769,P003,1,129.99,26.0,103.99
OI002668,O001770,P020,1,79.99,16.0,63.99
OI002669,O001771,P013,1,149.99,0.0,149.99
OI002670,O001772,P146,1,24.99,0.0,24.99
OI002671,O001772,P148,1,59.99,0.0,59.99
OI002672,O001773,P019,1,299.99,0.0,299.99
OI002673,O001774,P155,1,79.99,0.0,79.99
OI002674,O001774,P143,1,49.99,0.0,49.99
OI002675,O001775,P084,1,14.99,0.0,14.99
OI002676,O001775,P081,1,58.99,0.0,58.99
OI002677,O001775,P144,1,29.99,0.0,29.99
OI002678,O001776,P142,1,19.99,0.0,19.99
OI002679,O001777,P148,1,59.99,0.0,59.99
OI002680,O001778,P134,1,34.99,0.0,34.99
OI002681,O001778,P084,1,14.99,0.0,14.99
OI002682,O001779,P128,1,59.99,0.0,59.99
OI002683,O001780,P076,1,49.99,0.0,49.99
OI002684,O001781,P095,1,199.99,0.0,199.99
OI002685,O001782,P120,1,89.99,0.0,89.99
OI002686,O001782,P104,1,59.99,0.0,59.99
OI002687,O001783,P128,1,59.99,0.0,59.99
OI002688,O001784,P125,3,49.99,0.0,149.97
OI002689,O001784,P053,1,299.99,0.0,299.99
OI002690,O001785,P015,1,199.99,0.0,199.99
OI002691,O001786,P143,1,49.99,0.0,49.99
OI002692,O001786,P074,1,19.99,0.0,19.99
OI002693,O001787,P052,1,229.99,0.0,229.99
OI002694,O001787,P143,1,49.99,0.0,49.99
OI002695,O001787,P076,1,49.99,0.0,49.99
OI002696,O001788,P120,1,89.99,0.0,89.99
OI002697,O001788,P076,1,49.99,0.0,49.99
OI002698,O001789,P148,1,59.99,0.0,59.99
OI002699,O001790,P008,1,79.99,0.0,79.99
OI002700,O001790,P081,1,58.99,0.0,58.99
OI002701,O001791,P101,1,49.99,0.0,49.99
OI002702,O001791,P137,1,109.99,0.0,109.99
OI002703,O001791,P074,1,19.99,0.0,19.99
OI002704,O001792,P077,1,199.99,0.0,199.99
OI002705,O001793,P138,1,39.99,0.0,39.99
OI002706,O001794,P012,1,43.99,0.0,43.99
OI002707,O001795,P133,1,99.99,0.0,99.99
OI002708,O001796,P147,1,54.99,0.0,54.99
OI002709,O001797,P018,1,89.99,0.0,89.99
OI002710,O001798,P060,1,139.99,0.0,139.99
OI002711,O001799,P081,1,58.99,0.0,58.99
OI002712,O001799,P065,3,39.99,0.0,119.97
OI002713,O001800,P120,1,89.99,0.0,89.99
OI002714,O001801,P149,1,129.99,0.0,129.99
OI002715,O001802,P071,1,189.99,0.0,189.99
OI002716,O001802,P069,1,119.99,0.0,119.99
OI002717,O001803,P001,1,49.99,0.0,49.99
OI002718,O001804,P012,1,43.99,0.0,43.99
OI002719,O001805,P003,1,129.99,0.0,129.99
OI002720,O001806,P087,1,349.99,0.0,349.99
OI002721,O001807,P026,1,24.99,0.0,24.99
OI002722,O001807,P125,1,49.99,0.0,49.99
OI002723,O001807,P155,1,79.99,0.0,79.99
OI002724,O001807,P138,1,39.99,0.0,39.99
OI002725,O001808,P090,1,189.99,0.0,189.99
OI002726,O001809,P155,1,79.99,0.0,79.99
OI002727,O001809,P096,1,449.99,0.0,449.99
OI002728,O001810,P016,1,399.99,0.0,399.99
OI002729,O001811,P132,1,39.99,0.0,39.99
OI002730,O001812,P116,1,149.99,0.0,149.99
OI002731,O001813,P122,1,29.99,0.0,29.99
OI002732,O001814,P060,1,139.99,0.0,139.99
OI002733,O001815,P167,1,59.99,0.0,59.99
OI002734,O001816,P099,1,29.99,0.0,29.99
OI002735,O001816,P121,1,128.99,0.0,128.99
OI002736,O001817,P072,1,89.99,0.0,89.99
OI002737,O001818,P103,1,19.99,0.0,19.99
OI002738,O001819,P020,1,79.99,0.0,79.99
OI002739,O001819,P148,1,59.99,0.0,59.99
OI002740,O001820,P129,1,149.99,0.0,149.99
OI002741,O001821,P101,1,49.99,0.0,49.99
OI002742,O001822,P155,1,79.99,0.0,79.99
OI002743,O001823,P095,1,199.99,0.0,199.99
OI002744,O001823,P130,1,24.99,0.0,24.99
OI002745,O001823,P144,1,29.99,0.0,29.99
OI002746,O001824,P098,1,199.99,0.0,199.99
OI002747,O001825,P071,1,189.99,0.0,189.99
OI002748,O001826,P064,1,59.99,0.0,59.99
OI002749,O001826,P070,1,69.99,0.0,69.99
OI002750,O001827,P021,1,179.99,0.0,179.99
OI002751,O001828,P030,1,59.99,0.0,59.99
OI002752,O001828,P118,1,219.99,0.0,219.99
OI002753,O001828,P087,1,349.99,0.0,349.99
OI002754,O001829,P009,1,299.99,0.0,299.99
OI002755,O001830,P087,1,349.99,0.0,349.99
OI002756,O001830,P060,1,139.99,0.0,139.99
OI002757,O001831,P126,1,19.99,0.0,19.99
OI002758,O001832,P096,2,449.99,0.0,899.98
OI002759,O001833,P011,1,229.99,0.0,229.99
OI002760,O001833,P108,1,24.99,0.0,24.99
OI002761,O001834,P092,2,69.99,0.0,139.98
OI002762,O001835,P155,1,79.99,0.0,79.99
OI002763,O001836,P014,1,449.99,0.0,449.99
OI002764,O001837,P148,1,59.99,0.0,59.99
OI002765,O001837,P087,1,349.99,0.0,349.99
OI002766,O001838,P068,2,39.99,0.0,79.98
OI002767,O001838,P018,1,89.99,0.0,89.99
OI002768,O001839,P077,1,199.99,0.0,199.99
OI002769,O001840,P125,1,49.99,0.0,49.99
OI002770,O001841,P167,1,59.99,0.0,59.99
OI002771,O001842,P028,1,19.99,0.0,19.99
OI002772,O001843,P132,1,39.99,0.0,39.99
OI002773,O001844,P079,1,49.99,0.0,49.99
OI002774,O001844,P110,1,29.99,0.0,29.99
OI002775,O001844,P113,1,84.99,0.0,84.99
OI002776,O001845,P043,1,189.99,0.0,189.99
OI002777,O001846,P116,1,149.99,0.0,149.99
OI002778,O001847,P146,1,24.99,0.0,24.99
OI002779,O001847,P092,3,69.99,0.0,209.97
OI002780,O001848,P009,1,299.99,0.0,299.99
OI002781,O001849,P160,1,19.99,0.0,19.99
OI002782,O001849,P149,1,129.99,0.0,129.99
OI002783,O001850,P028,1,19.99,0.0,19.99
OI002784,O001851,P066,1,94.99,0.0,94.99
OI002785,O001852,P062,1,24.99,0.0,24.99
OI002786,O001853,P064,1,59.99,0.0,59.99
OI002787,O001854,P148,1,59.99,0.0,59.99
OI002788,O001855,P123,2,99.99,0.0,199.98
OI002789,O001855,P078,1,14.99,0.0,14.99
OI002790,O001856,P015,1,199.99,0.0,199.99
OI002791,O001857,P134,1,34.99,0.0,34.99
OI002792,O001858,P156,1,249.99,0.0,249.99
OI002793,O001858,P148,2,59.99,0.0,119.98
OI002794,O001859,P126,1,19.99,0.0,19.99
OI002795,O001859,P071,1,189.99,0.0,189.99
OI002796,O001860,P060,1,139.99,0.0,139.99
OI002797,O001861,P076,1,49.99,0.0,49.99
OI002798,O001862,P055,1,179.99,0.0,179.99
OI002799,O001863,P076,2,49.99,0.0,99.98
OI002800,O001864,P077,1,199.99,0.0,199.99
OI002801,O001865,P122,2,29.99,0.0,59.98
OI002802,O001866,P148,1,59.99,0.0,59.99
OI002803,O001866,P002,1,89.99,0.0,89.99
OI002804,O001867,P019,1,299.99,0.0,299.99
OI002805,O001867,P133,1,99.99,0.0,99.99
OI002806,O001868,P103,1,19.99,0.0,19.99
OI002807,O001869,P149,1,129.99,0.0,129.99
OI002808,O001870,P136,1,44.99,0.0,44.99
OI002809,O001870,P030,1,59.99,0.0,59.99
OI002810,O001870,P093,1,59.99,0.0,59.99
OI002811,O001871,P061,1,329.99,0.0,329.99
OI002812,O001872,P155,1,79.99,0.0,79.99
OI002813,O001873,P159,1,55.99,0.0,55.99
OI002814,O001873,P081,1,58.99,0.0,58.99
OI002815,O001873,P100,1,79.99,0.0,79.99
OI002816,O001873,P155,1,79.99,0.0,79.99
OI002817,O001874,P145,1,69.99,0.0,69.99
OI002818,O001875,P061,1,329.99,0.0,329.99
OI002819,O001876,P155,1,79.99,0.0,79.99
OI002820,O001876,P096,1,449.99,0.0,449.99
OI002821,O001877,P100,1,79.99,0.0,79.99
OI002822,O001878,P121,1,128.99,0.0,128.99
OI002823,O001879,P050,1,799.99,0.0,799.99
OI002824,O001880,P033,1,79.99,0.0,79.99
OI002825,O001881,P084,1,14.99,0.0,14.99
OI002826,O001881,P159,2,55.99,0.0,111.98
OI002827,O001881,P120,1,89.99,0.0,89.99
OI002828,O001882,P087,1,349.99,0.0,349.99
OI002829,O001883,P010,1,89.99,0.0,89.99
OI002830,O001884,P143,2,49.99,0.0,99.98
OI002831,O001885,P081,1,58.99,0.0,58.99
OI002832,O001885,P121,1,128.99,0.0,128.99
OI002833,O001885,P072,1,89.99,0.0,89.99
OI002834,O001885,P147,1,54.99,0.0,54.99
OI002835,O001886,P074,1,19.99,0.0,19.99
OI002836,O001887,P017,1,599.99,0.0,599.99
OI002837,O001888,P014,1,449.99,0.0,449.99
OI002838,O001889,P067,1,149.99,0.0,149.99
OI002839,O001890,P059,1,183.99,0.0,183.99
OI002840,O001891,P134,1,34.99,0.0,34.99
OI002841,O001891,P062,2,24.99,0.0,49.98
OI002842,O001891,P115,1,49.99,0.0,49.99
OI002843,O001892,P163,1,89.99,0.0,89.99
OI002844,O001893,P120,1,89.99,0.0,89.99
OI002845,O001893,P167,1,59.99,0.0,59.99
OI002846,O001893,P016,1,399.99,0.0,399.99
OI002847,O001894,P101,1,49.99,0.0,49.99
OI002848,O001895,P016,1,399.99,0.0,399.99
OI002849,O001896,P098,1,199.99,0.0,199.99
OI002850,O001897,P104,1,59.99,0.0,59.99
OI002851,O001898,P155,1,79.99,0.0,79.99
OI002852,O001899,P016,1,399.99,0.0,399.99
OI002853,O001900,P018,1,89.99,0.0,89.99
OI002854,O001901,P148,1,59.99,0.0,59.99
OI002855,O001901,P128,1,59.99,0.0,59.99
OI002856,O001902,P060,1,139.99,0.0,139.99
OI002857,O001903,P010,1,89.99,0.0,89.99
OI002858,O001904,P002,1,89.99,0.0,89.99
OI002859,O001905,P111,1,99.99,0.0,99.99
OI002860,O001905,P085,1,39.99,0.0,39.99
OI002861,O001905,P142,1,19.99,0.0,19.99
OI002862,O001905,P026,1,24.99,0.0,24.99
OI002863,O001906,P084,1,14.99,0.0,14.99
OI002864,O001906,P029,1,49.99,0.0,49.99
OI002865,O001907,P103,1,19.99,0.0,19.99
OI002866,O001907,P064,1,59.99,0.0,59.99
OI002867,O001908,P167,1,59.99,0.0,59.99
OI002868,O001908,P079,1,49.99,0.0,49.99
OI002869,O001909,P141,1,99.99,0.0,99.99
OI002870,O001910,P012,1,43.99,0.0,43.99
OI002871,O001911,P104,1,59.99,0.0,59.99
OI002872,O001911,P131,3,79.99,0.0,239.97
OI002873,O001911,P148,1,59.99,0.0,59.99
OI002874,O001912,P101,1,49.99,0.0,49.99
OI002875,O001912,P076,1,49.99,0.0,49.99
OI002876,O001912,P120,1,89.99,0.0,89.99
OI002877,O001912,P155,1,79.99,0.0,79.99
OI002878,O001913,P084,2,14.99,0.0,29.98
OI002879,O001914,P105,1,38.99,0.0,38.99
OI002880,O001914,P084,1,14.99,0.0,14.99
OI002881,O001914,P134,1,34.99,0.0,34.99
OI002882,O001915,P089,1,59.99,0.0,59.99
OI002883,O001916,P100,1,79.99,0.0,79.99
OI002884,O001916,P124,1,14.99,0.0,14.99
OI002885,O001917,P024,1,29.99,0.0,29.99
OI002886,O001917,P007,1,149.99,0.0,149.99
OI002887,O001917,P133,1,99.99,0.0,99.99
OI002888,O001918,P103,1,19.99,0.0,19.99
OI002889,O001919,P014,1,449.99,0.0,449.99
OI002890,O001920,P076,1,49.99,0.0,49.99
OI002891,O001920,P008,1,79.99,0.0,79.99
OI002892,O001920,P086,1,129.99,0.0,129.99
OI002893,O001920,P081,1,58.99,0.0,58.99
OI002894,O001921,P007,1,149.99,0.0,149.99
OI002895,O001922,P108,2,24.99,0.0,49.98
OI002896,O001922,P109,1,79.99,0.0,79.99
OI002897,O001923,P003,1,129.99,0.0,129.99
OI002898,O001923,P118,1,219.99,0.0,219.99
OI002899,O001924,P084,1,14.99,0.0,14.99
OI002900,O001925,P081,1,58.99,0.0,58.99
OI002901,O001926,P103,1,19.99,0.0,19.99
OI002902,O001927,P076,3,49.99,0.0,149.97
OI002903,O001927,P080,1,38.99,0.0,38.99
OI002904,O001928,P103,2,19.99,0.0,39.98
OI002905,O001928,P118,1,219.99,0.0,219.99
OI002906,O001928,P160,1,19.99,0.0,19.99
OI002907,O001929,P064,1,59.99,0.0,59.99
OI002908,O001930,P011,1,229.99,0.0,229.99
OI002909,O001931,P167,1,59.99,0.0,59.99
OI002910,O001931,P079,1,49.99,0.0,49.99
OI002911,O001931,P072,1,89.99,0.0,89.99
OI002912,O001931,P106,1,29.99,0.0,29.99
OI002913,O001932,P076,1,49.99,0.0,49.99
OI002914,O001932,P137,1,109.99,0.0,109.99
OI002915,O001932,P014,1,449.99,0.0,449.99
OI002916,O001933,P143,2,49.99,0.0,99.98
OI002917,O001934,P064,1,59.99,0.0,59.99
OI002918,O001935,P128,1,59.99,0.0,59.99
OI002919,O001935,P060,1,139.99,0.0,139.99
OI002920,O001936,P059,1,183.99,0.0,183.99
OI002921,O001936,P065,1,39.99,0.0,39.99
OI002922,O001937,P060,1,139.99,0.0,139.99
OI002923,O001937,P064,1,59.99,0.0,59.99
OI002924,O001937,P126,1,19.99,0.0,19.99
OI002925,O001938,P031,1,139.99,0.0,139.99
OI002926,O001939,P103,1,19.99,0.0,19.99
OI002927,O001940,P148,1,59.99,0.0,59.99
OI002928,O001941,P092,1,69.99,0.0,69.99
OI002929,O001942,P135,1,79.99,0.0,79.99
OI002930,O001943,P078,1,14.99,0.0,14.99
OI002931,O001944,P003,1,129.99,0.0,129.99
OI002932,O001944,P052,1,229.99,0.0,229.99
OI002933,O001945,P116,1,149.99,0.0,149.99
OI002934,O001946,P079,1,49.99,0.0,49.99
OI002935,O001946,P115,1,49.99,0.0,49.99
OI002936,O001947,P072,1,89.99,0.0,89.99
OI002937,O001947,P165,1,79.99,0.0,79.99
OI002938,O001947,P064,1,59.99,0.0,59.99
OI002939,O001948,P104,3,59.99,0.0,179.97
OI002940,O001949,P008,1,79.99,0.0,79.99
OI002941,O001949,P167,1,59.99,0.0,59.99
OI002942,O001950,P143,1,49.99,0.0,49.99
OI002943,O001950,P155,1,79.99,0.0,79.99
OI002944,O001950,P142,1,19.99,0.0,19.99
OI002945,O001951,P064,1,59.99,0.0,59.99
OI002946,O001952,P015,1,199.99,0.0,199.99
OI002947,O001952,P098,1,199.99,0.0,199.99
OI002948,O001953,P159,1,55.99,0.0,55.99
OI002949,O001954,P098,1,199.99,0.0,199.99
OI002950,O001955,P149,1,129.99,0.0,129.99
OI002951,O001956,P104,2,59.99,0.0,119.98
OI002952,O001956,P121,1,128.99,0.0,128.99
OI002953,O001956,P032,1,29.99,0.0,29.99
OI002954,O001957,P148,1,59.99,0.0,59.99
OI002955,O001958,P096,1,449.99,0.0,449.99
OI002956,O001959,P148,1,59.99,0.0,59.99
OI002957,O001960,P014,1,449.99,0.0,449.99
OI002958,O001961,P148,3,59.99,0.0,179.97
OI002959,O001962,P062,1,24.99,0.0,24.99
OI002960,O001963,P003,1,129.99,0.0,129.99
OI002961,O001964,P067,1,149.99,0.0,149.99
OI002962,O001965,P128,1,59.99,0.0,59.99
OI002963,O001966,P088,1,83.99,0.0,83.99
OI002964,O001966,P019,1,299.99,0.0,299.99
OI002965,O001966,P149,1,129.99,0.0,129.99
OI002966,O001967,P106,1,29.99,0.0,29.99
OI002967,O001968,P120,1,89.99,0.0,89.99
OI002968,O001969,P133,1,99.99,0.0,99.99
OI002969,O001969,P072,1,89.99,0.0,89.99
OI002970,O001970,P068,1,39.99,0.0,39.99
OI002971,O001971,P012,1,43.99,0.0,43.99
OI002972,O001972,P068,1,39.99,0.0,39.99
OI002973,O001973,P122,1,29.99,0.0,29.99
OI002974,O001973,P060,1,139.99,0.0,139.99
OI002975,O001974,P064,1,59.99,0.0,59.99
OI002976,O001974,P101,1,49.99,0.0,49.99
OI002977,O001975,P103,1,19.99,0.0,19.99
OI002978,O001976,P084,1,14.99,0.0,14.99
OI002979,O001976,P076,2,49.99,0.0,99.98
OI002980,O001977,P149,1,129.99,0.0,129.99
OI002981,O001978,P103,1,19.99,0.0,19.99
OI002982,O001978,P072,1,89.99,0.0,89.99
OI002983,O001979,P120,1,89.99,0.0,89.99
OI002984,O001979,P052,1,229.99,0.0,229.99
OI002985,O001980,P092,1,69.99,0.0,69.99
OI002986,O001981,P083,1,99.99,0.0,99.99
OI002987,O001982,P005,1,349.99,0.0,349.99
OI002988,O001983,P128,2,59.99,0.0,119.98
OI002989,O001983,P140,1,39.99,0.0,39.99
OI002990,O001984,P103,1,19.99,0.0,19.99
OI002991,O001985,P024,1,29.99,0.0,29.99
OI002992,O001985,P087,1,349.99,0.0,349.99
OI002993,O001986,P076,1,49.99,0.0,49.99
OI002994,O001987,P013,1,149.99,0.0,149.99
OI002995,O001988,P092,2,69.99,0.0,139.98
OI002996,O001988,P062,1,24.99,0.0,24.99
OI002997,O001988,P141,1,99.99,0.0,99.99
OI002998,O001988,P139,1,89.99,0.0,89.99
OI002999,O001989,P016,1,399.99,0.0,399.99
OI003000,O001989,P091,1,19.99,0.0,19.99
OI003001,O001989,P072,1,89.99,0.0,89.99
OI003002,O001990,P068,1,39.99,0.0,39.99
OI003003,O001990,P101,1,49.99,0.0,49.99
OI003004,O001991,P109,1,79.99,0.0,79.99
OI003005,O001991,P071,1,189.99,0.0,189.99
OI003006,O001991,P010,1,89.99,0.0,89.99
OI003007,O001992,P148,1,59.99,0.0,59.99
OI003008,O001993,P068,1,39.99,0.0,39.99
OI003009,O001994,P119,1,29.99,0.0,29.99
OI003010,O001995,P092,1,69.99,0.0,69.99
OI003011,O001996,P108,1,24.99,0.0,24.99
OI003012,O001996,P060,1,139.99,0.0,139.99
OI003013,O001996,P002,1,89.99,0.0,89.99
OI003014,O001997,P003,1,129.99,0.0,129.99
OI003015,O001997,P097,3,49.99,0.0,149.97
OI003016,O001998,P128,1,59.99,0.0,59.99
OI003017,O001998,P131,1,79.99,0.0,79.99
OI003018,O001999,P082,1,29.99,0.0,29.99
OI003019,O002000,P100,3,79.99,0.0,239.97
OI003020,O002000,P016,2,399.99,0.0,799.98
OI003021,O002000,P120,1,89.99,0.0,89.99
OI003022,O002001,P023,1,199.99,0.0,199.99
OI003023,O002002,P135,1,79.99,0.0,79.99
OI003024,O002003,P101,1,49.99,0.0,49.99
OI003025,O002004,P129,1,149.99,0.0,149.99
OI003026,O002005,P081,1,58.99,0.0,58.99
OI003027,O002005,P056,1,449.99,0.0,449.99
OI003028,O002006,P148,1,59.99,0.0,59.99
OI003029,O002007,P120,1,89.99,0.0,89.99
OI003030,O002008,P070,1,69.99,0.0,69.99
OI003031,O002008,P036,1,1299.99,0.0,1299.99
OI003032,O002008,P018,1,89.99,0.0,89.99
OI003033,O002008,P076,1,49.99,0.0,49.99
OI003034,O002009,P087,1,349.99,0.0,349.99
OI003035,O002010,P088,1,83.99,0.0,83.99
OI003036,O002010,P015,1,199.99,0.0,199.99
OI003037,O002010,P067,1,149.99,0.0,149.99
OI003038,O002011,P139,1,89.99,0.0,89.99
OI003039,O002011,P002,1,89.99,0.0,89.99
OI003040,O002011,P113,1,84.99,0.0,84.99
OI003041,O002012,P068,1,39.99,0.0,39.99
OI003042,O002013,P155,1,79.99,0.0,79.99
OI003043,O002013,P102,2,169.99,0.0,339.98
OI003044,O002014,P091,1,19.99,0.0,19.99
OI003045,O002014,P072,1,89.99,13.5,76.49
OI003046,O002014,P165,1,79.99,0.0,79.99
OI003047,O002014,P144,1,29.99,0.0,29.99
OI003048,O002015,P087,1,349.99,0.0,349.99
OI003049,O002016,P023,1,199.99,0.0,199.99
OI003050,O002017,P033,1,79.99,0.0,79.99
OI003051,O002018,P107,1,99.99,0.0,99.99
OI003052,O002019,P003,1,129.99,0.0,129.99
OI003053,O002020,P048,1,449.99,0.0,449.99
OI003054,O002021,P060,1,139.99,0.0,139.99
OI003055,O002021,P113,3,84.99,0.0,254.97
OI003056,O002022,P143,1,49.99,0.0,49.99
OI003057,O002023,P063,1,39.99,6.0,33.99
OI003058,O002024,P170,1,79.99,0.0,79.99
OI003059,O002025,P090,1,189.99,0.0,189.99
OI003060,O002026,P003,1,129.99,0.0,129.99
OI003061,O002026,P068,1,39.99,0.0,39.99
OI003062,O002026,P135,2,79.99,0.0,159.98
OI003063,O002027,P105,1,38.99,0.0,38.99
OI003064,O002027,P065,1,39.99,6.0,33.99
OI003065,O002027,P020,1,79.99,0.0,79.99
OI003066,O002028,P109,1,79.99,0.0,79.99
OI003067,O002029,P029,1,49.99,0.0,49.99
OI003068,O002030,P097,1,49.99,0.0,49.99
OI003069,O002030,P084,2,14.99,0.0,29.98
OI003070,O002030,P098,1,199.99,0.0,199.99
OI003071,O002031,P064,1,59.99,9.0,50.99
OI003072,O002032,P112,2,39.99,0.0,79.98
OI003073,O002033,P003,1,129.99,0.0,129.99
OI003074,O002034,P084,2,14.99,0.0,29.98
OI003075,O002034,P088,1,83.99,0.0,83.99
OI003076,O002035,P100,1,79.99,0.0,79.99
OI003077,O002036,P087,1,349.99,0.0,349.99
OI003078,O002037,P155,1,79.99,0.0,79.99
OI003079,O002037,P113,3,84.99,0.0,254.97
OI003080,O002037,P106,1,29.99,0.0,29.99
OI003081,O002038,P011,1,229.99,0.0,229.99
OI003082,O002039,P160,1,19.99,0.0,19.99
OI003083,O002039,P068,1,39.99,6.0,33.99
OI003084,O002039,P062,1,24.99,3.75,21.24
OI003085,O002039,P114,1,129.99,0.0,129.99
OI003086,O002040,P103,1,19.99,0.0,19.99
OI003087,O002041,P007,1,149.99,0.0,149.99
OI003088,O002042,P103,1,19.99,0.0,19.99
OI003089,O002043,P115,1,49.99,0.0,49.99
OI003090,O002044,P060,1,139.99,0.0,139.99
OI003091,O002044,P092,1,69.99,0.0,69.99
OI003092,O002045,P148,1,59.99,0.0,59.99
OI003093,O002046,P087,1,349.99,0.0,349.99
OI003094,O002047,P147,2,54.99,0.0,109.98
OI003095,O002048,P060,1,139.99,0.0,139.99
OI003096,O002049,P069,1,119.99,18.0,101.99
OI003097,O002050,P012,1,43.99,0.0,43.99
OI003098,O002051,P128,1,59.99,0.0,59.99
OI003099,O002051,P076,2,49.99,15.0,84.98
OI003100,O002052,P079,1,49.99,7.5,42.49
OI003101,O002053,P050,1,799.99,0.0,799.99
OI003102,O002053,P155,2,79.99,0.0,159.98
OI003103,O002054,P112,2,39.99,0.0,79.98
OI003104,O002054,P084,1,14.99,0.0,14.99
OI003105,O002055,P024,1,29.99,0.0,29.99
OI003106,O002055,P150,1,25.99,0.0,25.99
OI003107,O002055,P076,1,49.99,0.0,49.99
OI003108,O002056,P079,1,49.99,7.5,42.49
OI003109,O002057,P072,2,89.99,27.0,152.98
OI003110,O002058,P002,1,89.99,0.0,89.99
OI003111,O002058,P126,2,19.99,0.0,39.98
OI003112,O002059,P060,1,139.99,0.0,139.99
OI003113,O002059,P163,1,89.99,0.0,89.99
OI003114,O002059,P103,1,19.99,0.0,19.99
OI003115,O002060,P101,3,49.99,0.0,149.97
OI003116,O002061,P155,1,79.99,0.0,79.99
OI003117,O002061,P146,1,24.99,0.0,24.99
OI003118,O002061,P136,1,44.99,0.0,44.99
OI003119,O002061,P079,1,49.99,7.5,42.49
OI003120,O002062,P143,1,49.99,0.0,49.99
OI003121,O002062,P009,1,299.99,0.0,299.99
OI003122,O002062,P064,1,59.99,9.0,50.99
OI003123,O002063,P076,1,49.99,0.0,49.99
OI003124,O002064,P003,1,129.99,0.0,129.99
OI003125,O002065,P146,1,24.99,0.0,24.99
OI003126,O002066,P013,1,149.99,0.0,149.99
OI003127,O002067,P105,1,38.99,0.0,38.99
OI003128,O002067,P072,1,89.99,0.0,89.99
OI003129,O002067,P084,1,14.99,0.0,14.99
OI003130,O002068,P148,1,59.99,0.0,59.99
OI003131,O002068,P129,1,149.99,0.0,149.99
OI003132,O002069,P063,2,39.99,12.0,67.98
OI003133,O002069,P028,1,19.99,0.0,19.99
OI003134,O002070,P043,1,189.99,0.0,189.99
OI003135,O002071,P060,1,139.99,0.0,139.99
OI003136,O002071,P015,1,199.99,0.0,199.99
OI003137,O002072,P135,3,79.99,0.0,239.97
OI003138,O002073,P137,1,109.99,0.0,109.99
OI003139,O002074,P016,1,399.99,0.0,399.99
OI003140,O002074,P072,1,89.99,13.5,76.49
OI003141,O002075,P107,1,99.99,0.0,99.99
OI003142,O002075,P073,1,349.99,52.5,297.49
OI003143,O002076,P090,1,189.99,0.0,189.99
OI003144,O002077,P146,1,24.99,0.0,24.99
OI003145,O002077,P120,1,89.99,0.0,89.99
OI003146,O002077,P069,1,119.99,18.0,101.99
OI003147,O002077,P096,1,449.99,0.0,449.99
OI003148,O002078,P046,1,349.99,0.0,349.99
OI003149,O002078,P103,1,19.99,0.0,19.99
OI003150,O002079,P149,1,129.99,0.0,129.99
OI003151,O002080,P125,2,49.99,0.0,99.98
OI003152,O002081,P087,1,349.99,0.0,349.99
OI003153,O002082,P128,1,59.99,0.0,59.99
OI003154,O002082,P056,1,449.99,0.0,449.99
OI003155,O002083,P115,1,49.99,0.0,49.99
OI003156,O002084,P084,1,14.99,2.25,12.74
OI003157,O002085,P079,1,49.99,7.5,42.49
OI003158,O002086,P072,1,89.99,0.0,89.99
OI003159,O002087,P115,1,49.99,0.0,49.99
OI003160,O002087,P126,1,19.99,0.0,19.99
OI003161,O002088,P078,1,14.99,0.0,14.99
OI003162,O002088,P087,1,349.99,0.0,349.99
OI003163,O002089,P071,1,189.99,0.0,189.99
OI003164,O002090,P122,1,29.99,0.0,29.99
OI003165,O002091,P009,1,299.99,0.0,299.99
OI003166,O002091,P076,1,49.99,7.5,42.49
OI003167,O002091,P126,1,19.99,0.0,19.99
OI003168,O002092,P052,1,229.99,0.0,229.99
OI003169,O002093,P074,1,19.99,3.0,16.99
OI003170,O002094,P124,1,14.99,0.0,14.99
OI003171,O002094,P148,1,59.99,0.0,59.99
OI003172,O002095,P007,1,149.99,0.0,149.99
OI003173,O002096,P001,1,49.99,0.0,49.99
OI003174,O002097,P150,1,25.99,0.0,25.99
OI003175,O002097,P021,1,179.99,0.0,179.99
OI003176,O002098,P071,1,189.99,28.5,161.49
OI003177,O002099,P117,1,69.99,0.0,69.99
OI003178,O002099,P068,1,39.99,6.0,33.99
OI003179,O002100,P105,1,38.99,0.0,38.99
OI003180,O002101,P081,1,58.99,8.85,50.14
OI003181,O002102,P057,1,149.99,0.0,149.99
OI003182,O002103,P084,1,14.99,2.25,12.74
OI003183,O002104,P003,1,129.99,0.0,129.99
OI003184,O002104,P110,1,29.99,0.0,29.99
OI003185,O002105,P098,1,199.99,0.0,199.99
OI003186,O002105,P076,1,49.99,7.5,42.49
OI003187,O002106,P077,1,199.99,30.0,169.99
OI003188,O002107,P003,1,129.99,0.0,129.99
OI003189,O002107,P153,1,129.99,0.0,129.99
OI003190,O002108,P134,1,34.99,0.0,34.99
OI003191,O002108,P097,2,49.99,0.0,99.98
OI003192,O002108,P121,1,128.99,0.0,128.99
OI003193,O002108,P071,1,189.99,0.0,189.99
OI003194,O002109,P123,2,99.99,0.0,199.98
OI003195,O002110,P125,1,49.99,0.0,49.99
OI003196,O002110,P147,1,54.99,0.0,54.99
OI003197,O002111,P031,1,139.99,0.0,139.99
OI003198,O002112,P041,1,449.99,0.0,449.99
OI003199,O002113,P148,1,59.99,0.0,59.99
OI003200,O002114,P105,1,38.99,0.0,38.99
OI003201,O002114,P068,1,39.99,6.0,33.99
OI003202,O002115,P039,1,169.99,0.0,169.99
OI003203,O002116,P068,1,39.99,6.0,33.99
OI003204,O002117,P030,1,59.99,0.0,59.99
OI003205,O002117,P148,1,59.99,0.0,59.99
OI003206,O002118,P015,1,199.99,0.0,199.99
OI003207,O002119,P002,1,89.99,0.0,89.99
OI003208,O002120,P147,1,54.99,0.0,54.99
OI003209,O002121,P155,1,79.99,0.0,79.99
OI003210,O002122,P162,1,29.99,0.0,29.99
OI003211,O002123,P008,1,79.99,0.0,79.99
OI003212,O002124,P019,1,299.99,0.0,299.99
OI003213,O002125,P148,1,59.99,0.0,59.99
OI003214,O002126,P120,1,89.99,0.0,89.99
OI003215,O002126,P016,1,399.99,0.0,399.99
OI003216,O002127,P147,2,54.99,0.0,109.98
OI003217,O002127,P148,2,59.99,0.0,119.98
OI003218,O002128,P150,1,25.99,0.0,25.99
OI003219,O002128,P148,1,59.99,0.0,59.99
OI003220,O002128,P144,1,29.99,0.0,29.99
OI003221,O002128,P009,1,299.99,0.0,299.99
OI003222,O002129,P013,1,149.99,0.0,149.99
OI003223,O002129,P126,1,19.99,0.0,19.99
OI003224,O002129,P120,1,89.99,0.0,89.99
OI003225,O002130,P107,1,99.99,0.0,99.99
OI003226,O002131,P098,1,199.99,0.0,199.99
OI003227,O002132,P021,1,179.99,0.0,179.99
OI003228,O002133,P143,1,49.99,0.0,49.99
OI003229,O002133,P123,1,99.99,0.0,99.99
OI003230,O002133,P098,1,199.99,0.0,199.99
OI003231,O002133,P106,1,29.99,0.0,29.99
OI003232,O002134,P130,2,24.99,0.0,49.98
OI003233,O002134,P124,1,14.99,0.0,14.99
OI003234,O002135,P008,1,79.99,0.0,79.99
OI003235,O002136,P041,1,449.99,0.0,449.99
OI003236,O002136,P084,1,14.99,0.0,14.99
OI003237,O002137,P111,1,99.99,0.0,99.99
OI003238,O002138,P118,1,219.99,0.0,219.99
OI003239,O002139,P135,1,79.99,0.0,79.99
OI003240,O002139,P076,1,49.99,7.5,42.49
OI003241,O002140,P085,1,39.99,6.0,33.99
OI003242,O002141,P104,1,59.99,0.0,59.99
OI003243,O002142,P112,1,39.99,0.0,39.99
OI003244,O002143,P091,1,19.99,0.0,19.99
OI003245,O002144,P084,1,14.99,0.0,14.99
OI003246,O002144,P156,1,249.99,0.0,249.99
OI003247,O002144,P077,1,199.99,0.0,199.99
OI003248,O002145,P077,1,199.99,0.0,199.99
OI003249,O002146,P003,1,129.99,0.0,129.99
OI003250,O002147,P010,1,89.99,0.0,89.99
OI003251,O002147,P132,1,39.99,0.0,39.99
OI003252,O002148,P104,2,59.99,0.0,119.98
OI003253,O002149,P076,1,49.99,7.5,42.49
OI003254,O002149,P006,1,39.99,0.0,39.99
OI003255,O002150,P155,1,79.99,0.0,79.99
OI003256,O002150,P069,1,119.99,18.0,101.99
OI003257,O002150,P016,1,399.99,0.0,399.99
OI003258,O002151,P157,1,149.99,0.0,149.99
OI003259,O002152,P004,2,129.99,0.0,259.98
OI003260,O002153,P140,1,39.99,0.0,39.99
OI003261,O002154,P150,1,25.99,0.0,25.99
OI003262,O002154,P131,1,79.99,0.0,79.99
OI003263,O002155,P060,1,139.99,0.0,139.99
OI003264,O002156,P143,1,49.99,0.0,49.99
OI003265,O002157,P132,1,39.99,0.0,39.99
OI003266,O002158,P052,1,229.99,0.0,229.99
OI003267,O002159,P142,1,19.99,0.0,19.99
OI003268,O002160,P141,1,99.99,0.0,99.99
OI003269,O002161,P144,2,29.99,0.0,59.98
OI003270,O002162,P120,1,89.99,0.0,89.99
OI003271,O002162,P076,1,49.99,0.0,49.99
OI003272,O002163,P128,1,59.99,0.0,59.99
OI003273,O002164,P122,2,29.99,0.0,59.98
OI003274,O002165,P117,1,69.99,0.0,69.99
OI003275,O002165,P087,1,349.99,0.0,349.99
OI003276,O002166,P121,1,128.99,0.0,128.99
OI003277,O002167,P107,1,99.99,0.0,99.99
OI003278,O002167,P060,1,139.99,0.0,139.99
OI003279,O002167,P142,1,19.99,0.0,19.99
OI003280,O002167,P063,1,39.99,0.0,39.99
OI003281,O002168,P091,1,19.99,0.0,19.99
OI003282,O002169,P142,1,19.99,0.0,19.99
OI003283,O002170,P079,1,49.99,7.5,42.49
OI003284,O002170,P120,1,89.99,0.0,89.99
OI003285,O002171,P106,1,29.99,0.0,29.99
OI003286,O002171,P077,1,199.99,30.0,169.99
OI003287,O002171,P081,1,58.99,8.85,50.14
OI003288,O002172,P087,1,349.99,0.0,349.99
OI003289,O002173,P052,1,229.99,0.0,229.99
OI003290,O002174,P138,1,39.99,0.0,39.99
OI003291,O002175,P103,1,19.99,0.0,19.99
OI003292,O002176,P051,1,89.99,0.0,89.99
OI003293,O002177,P080,1,38.99,5.85,33.14
OI003294,O002178,P120,1,89.99,0.0,89.99
OI003295,O002179,P008,1,79.99,0.0,79.99
OI003296,O002180,P135,1,79.99,0.0,79.99
OI003297,O002181,P137,1,109.99,0.0,109.99
OI003298,O002181,P076,1,49.99,7.5,42.49
OI003299,O002182,P076,1,49.99,7.5,42.49
OI003300,O002183,P106,1,29.99,0.0,29.99
OI003301,O002184,P030,1,59.99,0.0,59.99
OI003302,O002185,P100,2,79.99,0.0,159.98
OI003303,O002186,P146,1,24.99,0.0,24.99
OI003304,O002187,P079,1,49.99,7.5,42.49
OI003305,O002188,P123,2,99.99,0.0,199.98
OI003306,O002189,P126,1,19.99,0.0,19.99
OI003307,O002189,P147,1,54.99,0.0,54.99
OI003308,O002190,P138,1,39.99,0.0,39.99
OI003309,O002191,P065,1,39.99,0.0,39.99
OI003310,O002191,P139,1,89.99,0.0,89.99
OI003311,O002192,P139,1,89.99,0.0,89.99
OI003312,O002192,P095,1,199.99,0.0,199.99
OI003313,O002193,P148,1,59.99,0.0,59.99
OI003314,O002194,P133,1,99.99,0.0,99.99
OI003315,O002195,P003,1,129.99,0.0,129.99
OI003316,O002195,P155,1,79.99,0.0,79.99
OI003317,O002195,P142,1,19.99,0.0,19.99
OI003318,O002195,P065,1,39.99,6.0,33.99
OI003319,O002196,P088,1,83.99,0.0,83.99
OI003320,O002197,P078,1,14.99,2.25,12.74
OI003321,O002197,P082,1,29.99,4.5,25.49
OI003322,O002198,P120,1,89.99,0.0,89.99
OI003323,O002199,P128,2,59.99,0.0,119.98
OI003324,O002200,P120,2,89.99,0.0,179.98
OI003325,O002201,P072,1,89.99,0.0,89.99
OI003326,O002202,P089,1,59.99,0.0,59.99
OI003327,O002203,P053,1,299.99,0.0,299.99
OI003328,O002204,P121,1,128.99,0.0,128.99
OI003329,O002205,P150,1,25.99,0.0,25.99
OI003330,O002205,P076,1,49.99,7.5,42.49
OI003331,O002205,P148,1,59.99,0.0,59.99
OI003332,O002205,P085,2,39.99,12.0,67.98
OI003333,O002206,P087,1,349.99,0.0,349.99
OI003334,O002207,P123,1,99.99,0.0,99.99
OI003335,O002208,P083,2,99.99,0.0,199.98
OI003336,O002208,P011,1,229.99,0.0,229.99
OI003337,O002208,P015,1,199.99,0.0,199.99
OI003338,O002209,P068,1,39.99,6.0,33.99
OI003339,O002210,P142,1,19.99,0.0,19.99
OI003340,O002211,P003,1,129.99,0.0,129.99
OI003341,O002211,P116,1,149.99,0.0,149.99
OI003342,O002211,P129,1,149.99,0.0,149.99
OI003343,O002212,P125,1,49.99,0.0,49.99
OI003344,O002213,P033,1,79.99,0.0,79.99
OI003345,O002214,P073,1,349.99,0.0,349.99
OI003346,O002215,P105,1,38.99,0.0,38.99
OI003347,O002215,P081,1,58.99,8.85,50.14
OI003348,O002216,P052,1,229.99,0.0,229.99
OI003349,O002216,P027,1,89.99,0.0,89.99
OI003350,O002217,P069,1,119.99,18.0,101.99
OI003351,O002218,P076,1,49.99,7.5,42.49
OI003352,O002219,P101,1,49.99,0.0,49.99
OI003353,O002220,P128,1,59.99,0.0,59.99
OI003354,O002221,P150,1,25.99,0.0,25.99
OI003355,O002221,P103,1,19.99,0.0,19.99
OI003356,O002222,P126,1,19.99,0.0,19.99
OI003357,O002222,P072,1,89.99,13.5,76.49
OI003358,O002223,P122,1,29.99,0.0,29.99
OI003359,O002224,P120,1,89.99,0.0,89.99
OI003360,O002225,P143,1,49.99,0.0,49.99
OI003361,O002226,P045,1,129.99,0.0,129.99
OI003362,O002227,P074,1,19.99,0.0,19.99
OI003363,O002227,P020,1,79.99,0.0,79.99
OI003364,O002228,P142,1,19.99,0.0,19.99
OI003365,O002229,P112,2,39.99,0.0,79.98
OI003366,O002230,P138,1,39.99,0.0,39.99
OI003367,O002231,P084,1,14.99,0.0,14.99
OI003368,O002231,P081,1,58.99,0.0,58.99
OI003369,O002231,P148,1,59.99,0.0,59.99
OI003370,O002231,P023,1,199.99,0.0,199.99
OI003371,O002232,P062,1,24.99,0.0,24.99
OI003372,O002233,P163,1,89.99,0.0,89.99
OI003373,O002234,P102,1,169.99,0.0,169.99
OI003374,O002235,P126,1,19.99,0.0,19.99
OI003375,O002235,P150,1,25.99,0.0,25.99
OI003376,O002236,P133,1,99.99,0.0,99.99
OI003377,O002237,P060,1,139.99,0.0,139.99
OI003378,O002238,P089,1,59.99,0.0,59.99
OI003379,O002238,P137,1,109.99,0.0,109.99
OI003380,O002239,P139,1,89.99,0.0,89.99
OI003381,O002239,P103,1,19.99,0.0,19.99
OI003382,O002239,P008,1,79.99,0.0,79.99
OI003383,O002240,P118,3,219.99,0.0,659.97
OI003384,O002241,P072,1,89.99,0.0,89.99
OI003385,O002242,P118,1,219.99,0.0,219.99
OI003386,O002243,P077,1,199.99,0.0,199.99
OI003387,O002244,P004,1,129.99,0.0,129.99
OI003388,O002245,P078,1,14.99,0.0,14.99
OI003389,O002246,P072,1,89.99,0.0,89.99
OI003390,O002246,P087,1,349.99,0.0,349.99
OI003391,O002246,P003,1,129.99,0.0,129.99
OI003392,O002246,P102,1,169.99,0.0,169.99
OI003393,O002247,P018,1,89.99,0.0,89.99
OI003394,O002248,P060,1,139.99,0.0,139.99
OI003395,O002249,P075,1,69.99,0.0,69.99
OI003396,O002250,P103,2,19.99,0.0,39.98
OI003397,O002251,P103,3,19.99,0.0,59.97
OI003398,O002251,P084,1,14.99,0.0,14.99
OI003399,O002252,P068,1,39.99,0.0,39.99
OI003400,O002253,P140,1,39.99,0.0,39.99
OI003401,O002253,P093,1,59.99,0.0,59.99
OI003402,O002253,P079,2,49.99,0.0,99.98
OI003403,O002253,P116,1,149.99,0.0,149.99
OI003404,O002254,P154,1,349.99,0.0,349.99
OI003405,O002254,P011,1,229.99,0.0,229.99
OI003406,O002255,P012,1,43.99,0.0,43.99
OI003407,O002256,P081,1,58.99,0.0,58.99
OI003408,O002256,P060,1,139.99,0.0,139.99
OI003409,O002257,P033,1,79.99,0.0,79.99
OI003410,O002258,P057,1,149.99,0.0,149.99
OI003411,O002258,P123,1,99.99,0.0,99.99
OI003412,O002259,P003,1,129.99,0.0,129.99
OI003413,O002260,P131,1,79.99,0.0,79.99
OI003414,O002261,P133,1,99.99,0.0,99.99
OI003415,O002262,P019,1,299.99,0.0,299.99
OI003416,O002263,P074,1,19.99,0.0,19.99
OI003417,O002264,P155,1,79.99,0.0,79.99
OI003418,O002264,P101,1,49.99,0.0,49.99
OI003419,O002265,P003,1,129.99,0.0,129.99
OI003420,O002266,P061,1,329.99,0.0,329.99
OI003421,O002267,P065,1,39.99,0.0,39.99
OI003422,O002267,P101,2,49.99,0.0,99.98
OI003423,O002267,P128,1,59.99,0.0,59.99
OI003424,O002268,P124,1,14.99,0.0,14.99
OI003425,O002269,P072,1,89.99,0.0,89.99
OI003426,O002269,P159,1,55.99,0.0,55.99
OI003427,O002269,P015,1,199.99,0.0,199.99
OI003428,O002269,P076,1,49.99,0.0,49.99
OI003429,O002270,P113,1,84.99,0.0,84.99
OI003430,O002271,P149,1,129.99,0.0,129.99
OI003431,O002271,P103,1,19.99,0.0,19.99
OI003432,O002272,P088,1,83.99,0.0,83.99
OI003433,O002273,P101,1,49.99,0.0,49.99
OI003434,O002274,P107,1,99.99,0.0,99.99
OI003435,O002275,P012,1,43.99,0.0,43.99
OI003436,O002276,P067,1,149.99,0.0,149.99
OI003437,O002276,P087,1,349.99,0.0,349.99
OI003438,O002276,P007,1,149.99,0.0,149.99
OI003439,O002277,P087,1,349.99,0.0,349.99
OI003440,O002278,P017,1,599.99,0.0,599.99
OI003441,O002278,P074,2,19.99,0.0,39.98
OI003442,O002278,P052,1,229.99,0.0,229.99
OI003443,O002278,P041,1,449.99,0.0,449.99
OI003444,O002279,P155,1,79.99,0.0,79.99
OI003445,O002280,P101,1,49.99,0.0,49.99
OI003446,O002280,P059,1,183.99,0.0,183.99
OI003447,O002280,P054,1,649.99,0.0,649.99
OI003448,O002281,P064,2,59.99,0.0,119.98
OI003449,O002282,P019,1,299.99,0.0,299.99
OI003450,O002282,P067,1,149.99,0.0,149.99
OI003451,O002283,P114,1,129.99,0.0,129.99
OI003452,O002284,P076,1,49.99,0.0,49.99
OI003453,O002285,P155,1,79.99,0.0,79.99
OI003454,O002286,P077,2,199.99,0.0,399.98
OI003455,O002287,P009,1,299.99,0.0,299.99
OI003456,O002288,P148,1,59.99,0.0,59.99
OI003457,O002289,P120,1,89.99,0.0,89.99
OI003458,O002289,P104,1,59.99,0.0,59.99
OI003459,O002290,P003,1,129.99,0.0,129.99
OI003460,O002291,P128,1,59.99,0.0,59.99
OI003461,O002292,P142,1,19.99,0.0,19.99
OI003462,O002293,P016,1,399.99,0.0,399.99
OI003463,O002293,P141,1,99.99,0.0,99.99
OI003464,O002293,P155,1,79.99,0.0,79.99
OI003465,O002294,P087,1,349.99,0.0,349.99
OI003466,O002295,P087,1,349.99,0.0,349.99
OI003467,O002295,P131,1,79.99,0.0,79.99
OI003468,O002296,P092,2,69.99,0.0,139.98
OI003469,O002297,P069,3,119.99,0.0,359.97
OI003470,O002298,P022,1,69.99,0.0,69.99
OI003471,O002299,P103,2,19.99,0.0,39.98
OI003472,O002299,P108,1,24.99,0.0,24.99
OI003473,O002300,P029,1,49.99,0.0,49.99
OI003474,O002301,P017,1,599.99,0.0,599.99
OI003475,O002302,P087,1,349.99,0.0,349.99
OI003476,O002303,P122,1,29.99,0.0,29.99
OI003477,O002304,P126,1,19.99,0.0,19.99
OI003478,O002305,P077,1,199.99,0.0,199.99
OI003479,O002305,P009,1,299.99,0.0,299.99
OI003480,O002306,P060,1,139.99,0.0,139.99
OI003481,O002306,P123,1,99.99,0.0,99.99
OI003482,O002307,P117,1,69.99,0.0,69.99
OI003483,O002308,P111,2,99.99,0.0,199.98
OI003484,O002308,P121,1,128.99,0.0,128.99
OI003485,O002309,P063,1,39.99,0.0,39.99
OI003486,O002309,P133,1,99.99,0.0,99.99
OI003487,O002310,P084,1,14.99,0.0,14.99
OI003488,O002311,P028,1,19.99,0.0,19.99
OI003489,O002311,P130,1,24.99,0.0,24.99
OI003490,O002312,P154,1,349.99,0.0,349.99
OI003491,O002312,P147,1,54.99,0.0,54.99
OI003492,O002312,P020,1,79.99,0.0,79.99
OI003493,O002312,P122,1,29.99,0.0,29.99
OI003494,O002313,P084,2,14.99,0.0,29.98
OI003495,O002314,P108,1,24.99,0.0,24.99
OI003496,O002314,P084,1,14.99,0.0,14.99
OI003497,O002315,P008,1,79.99,0.0,79.99
OI003498,O002315,P128,1,59.99,0.0,59.99
OI003499,O002316,P092,1,69.99,0.0,69.99
OI003500,O002317,P154,1,349.99,0.0,349.99
OI003501,O002318,P068,1,39.99,0.0,39.99
OI003502,O002319,P064,1,59.99,0.0,59.99
OI003503,O002319,P153,1,129.99,0.0,129.99
OI003504,O002320,P089,1,59.99,0.0,59.99
OI003505,O002320,P009,1,299.99,0.0,299.99
OI003506,O002321,P113,1,84.99,0.0,84.99
OI003507,O002322,P128,1,59.99,0.0,59.99
OI003508,O002323,P099,1,29.99,0.0,29.99
OI003509,O002324,P069,1,119.99,0.0,119.99
OI003510,O002325,P068,1,39.99,0.0,39.99
OI003511,O002325,P146,1,24.99,0.0,24.99
OI003512,O002325,P117,1,69.99,0.0,69.99
OI003513,O002326,P007,1,149.99,0.0,149.99
OI003514,O002327,P016,1,399.99,0.0,399.99
OI003515,O002327,P155,1,79.99,0.0,79.99
OI003516,O002328,P036,1,1299.99,0.0,1299.99
OI003517,O002328,P068,1,39.99,0.0,39.99
OI003518,O002328,P103,2,19.99,0.0,39.98
OI003519,O002329,P133,1,99.99,0.0,99.99
OI003520,O002329,P090,1,189.99,0.0,189.99
OI003521,O002330,P098,1,199.99,0.0,199.99
OI003522,O002330,P004,1,129.99,0.0,129.99
OI003523,O002331,P062,1,24.99,0.0,24.99
OI003524,O002331,P072,1,89.99,0.0,89.99
OI003525,O002331,P052,1,229.99,0.0,229.99
OI003526,O002332,P061,1,329.99,0.0,329.99
OI003527,O002333,P144,1,29.99,0.0,29.99
OI003528,O002334,P072,1,89.99,0.0,89.99
OI003529,O002334,P063,1,39.99,0.0,39.99
OI003530,O002334,P120,1,89.99,0.0,89.99
OI003531,O002334,P074,1,19.99,0.0,19.99
OI003532,O002335,P076,1,49.99,0.0,49.99
OI003533,O002335,P108,1,24.99,0.0,24.99
OI003534,O002336,P154,1,349.99,0.0,349.99
OI003535,O002337,P032,1,29.99,0.0,29.99
OI003536,O002337,P036,1,1299.99,0.0,1299.99
OI003537,O002338,P055,1,179.99,0.0,179.99
OI003538,O002338,P024,1,29.99,0.0,29.99
OI003539,O002339,P097,3,49.99,0.0,149.97
OI003540,O002340,P103,1,19.99,0.0,19.99
OI003541,O002341,P149,1,129.99,0.0,129.99
OI003542,O002341,P097,1,49.99,0.0,49.99
OI003543,O002342,P041,1,449.99,0.0,449.99
OI003544,O002343,P085,1,39.99,0.0,39.99
OI003545,O002344,P148,1,59.99,0.0,59.99
OI003546,O002345,P011,1,229.99,0.0,229.99
OI003547,O002346,P128,1,59.99,0.0,59.99
OI003548,O002346,P003,1,129.99,0.0,129.99
OI003549,O002347,P155,1,79.99,0.0,79.99
OI003550,O002347,P126,1,19.99,0.0,19.99
OI003551,O002347,P007,1,149.99,0.0,149.99
OI003552,O002347,P081,1,58.99,0.0,58.99
OI003553,O002348,P064,1,59.99,0.0,59.99
OI003554,O002348,P009,1,299.99,0.0,299.99
OI003555,O002349,P150,1,25.99,0.0,25.99
OI003556,O002350,P115,1,49.99,0.0,49.99
OI003557,O002351,P092,1,69.99,0.0,69.99
OI003558,O002351,P103,1,19.99,0.0,19.99
OI003559,O002352,P013,1,149.99,0.0,149.99
OI003560,O002353,P060,1,139.99,0.0,139.99
OI003561,O002353,P044,1,399.99,0.0,399.99
OI003562,O002354,P016,1,399.99,0.0,399.99
OI003563,O002354,P129,1,149.99,0.0,149.99
OI003564,O002354,P120,1,89.99,0.0,89.99
OI003565,O002355,P098,1,199.99,0.0,199.99
OI003566,O002356,P054,1,649.99,0.0,649.99
OI003567,O002357,P072,1,89.99,0.0,89.99
OI003568,O002357,P065,1,39.99,0.0,39.99
OI003569,O002357,P108,1,24.99,0.0,24.99
OI003570,O002358,P128,1,59.99,0.0,59.99
OI003571,O002359,P068,1,39.99,0.0,39.99
OI003572,O002360,P074,1,19.99,0.0,19.99
OI003573,O002361,P081,1,58.99,0.0,58.99
OI003574,O002361,P003,1,129.99,0.0,129.99
OI003575,O002362,P075,1,69.99,0.0,69.99
OI003576,O002363,P002,1,89.99,0.0,89.99
OI003577,O002364,P143,1,49.99,0.0,49.99
OI003578,O002365,P146,1,24.99,0.0,24.99
OI003579,O002366,P137,1,109.99,0.0,109.99
OI003580,O002367,P125,2,49.99,0.0,99.98
OI003581,O002368,P141,1,99.99,0.0,99.99
OI003582,O002369,P148,1,59.99,0.0,59.99
OI003583,O002370,P006,1,39.99,0.0,39.99
OI003584,O002370,P010,1,89.99,0.0,89.99
OI003585,O002370,P072,1,89.99,0.0,89.99
OI003586,O002370,P148,1,59.99,0.0,59.99
OI003587,O002371,P134,1,34.99,0.0,34.99
OI003588,O002372,P143,1,49.99,0.0,49.99
OI003589,O002372,P103,1,19.99,0.0,19.99
OI003590,O002373,P122,1,29.99,0.0,29.99
OI003591,O002373,P143,1,49.99,0.0,49.99
OI003592,O002374,P004,1,129.99,0.0,129.99
OI003593,O002374,P015,1,199.99,0.0,199.99
OI003594,O002375,P126,1,19.99,0.0,19.99
OI003595,O002375,P071,1,189.99,0.0,189.99
OI003596,O002376,P098,1,199.99,0.0,199.99
OI003597,O002377,P128,3,59.99,0.0,179.97
OI003598,O002378,P001,1,49.99,0.0,49.99
OI003599,O002379,P016,1,399.99,0.0,399.99
OI003600,O002380,P136,1,44.99,0.0,44.99
OI003601,O002381,P052,1,229.99,0.0,229.99
OI003602,O002382,P130,1,24.99,0.0,24.99
OI003603,O002383,P138,1,39.99,0.0,39.99
OI003604,O002384,P027,1,89.99,0.0,89.99
OI003605,O002385,P135,1,79.99,0.0,79.99
OI003606,O002386,P002,1,89.99,0.0,89.99
OI003607,O002387,P133,1,99.99,0.0,99.99
OI003608,O002388,P090,1,189.99,0.0,189.99
OI003609,O002389,P103,1,19.99,0.0,19.99
OI003610,O002390,P002,1,89.99,0.0,89.99
OI003611,O002391,P064,1,59.99,0.0,59.99
OI003612,O002392,P068,2,39.99,0.0,79.98
OI003613,O002393,P110,1,29.99,0.0,29.99
OI003614,O002394,P072,1,89.99,0.0,89.99
OI003615,O002395,P064,1,59.99,0.0,59.99
OI003616,O002396,P118,1,219.99,0.0,219.99
OI003617,O002397,P039,1,169.99,0.0,169.99
OI003618,O002397,P120,1,89.99,0.0,89.99
OI003619,O002397,P149,1,129.99,0.0,129.99
OI003620,O002398,P078,1,14.99,0.0,14.99
OI003621,O002399,P041,1,449.99,0.0,449.99
OI003622,O002399,P072,1,89.99,0.0,89.99
OI003623,O002400,P092,1,69.99,0.0,69.99
OI003624,O002400,P017,1,599.99,0.0,599.99
OI003625,O002400,P085,1,39.99,0.0,39.99
OI003626,O002401,P121,1,128.99,0.0,128.99
OI003627,O002401,P060,1,139.99,0.0,139.99
OI003628,O002401,P103,1,19.99,0.0,19.99
OI003629,O002402,P110,1,29.99,0.0,29.99
OI003630,O002403,P081,1,58.99,0.0,58.99
OI003631,O002404,P104,1,59.99,0.0,59.99
OI003632,O002404,P133,1,99.99,0.0,99.99
OI003633,O002404,P120,1,89.99,0.0,89.99
OI003634,O002405,P100,1,79.99,0.0,79.99
OI003635,O002405,P130,1,24.99,0.0,24.99
OI003636,O002406,P073,1,349.99,0.0,349.99
OI003637,O002406,P147,1,54.99,0.0,54.99
OI003638,O002406,P115,1,49.99,0.0,49.99
OI003639,O002407,P088,1,83.99,0.0,83.99
OI003640,O002407,P087,1,349.99,0.0,349.99
OI003641,O002408,P155,1,79.99,0.0,79.99
OI003642,O002408,P169,1,169.99,0.0,169.99
OI003643,O002409,P154,1,349.99,0.0,349.99
OI003644,O002410,P019,1,299.99,0.0,299.99
OI003645,O002410,P076,1,49.99,0.0,49.99
OI003646,O002411,P060,1,139.99,0.0,139.99
OI003647,O002412,P155,1,79.99,0.0,79.99
OI003648,O002412,P010,1,89.99,0.0,89.99
OI003649,O002413,P021,1,179.99,0.0,179.99
OI003650,O002414,P052,1,229.99,0.0,229.99
OI003651,O002415,P130,1,24.99,0.0,24.99
OI003652,O002415,P029,1,49.99,0.0,49.99
OI003653,O002416,P009,1,299.99,0.0,299.99
OI003654,O002417,P097,1,49.99,0.0,49.99
OI003655,O002417,P008,1,79.99,0.0,79.99
OI003656,O002417,P013,1,149.99,0.0,149.99
OI003657,O002417,P064,1,59.99,0.0,59.99
OI003658,O002418,P009,1,299.99,0.0,299.99
OI003659,O002419,P142,1,19.99,0.0,19.99
OI003660,O002419,P148,1,59.99,0.0,59.99
OI003661,O002420,P133,1,99.99,0.0,99.99
OI003662,O002420,P150,2,25.99,0.0,51.98
OI003663,O002420,P145,1,69.99,0.0,69.99
OI003664,O002421,P016,1,399.99,0.0,399.99
OI003665,O002422,P028,1,19.99,0.0,19.99
OI003666,O002423,P031,1,139.99,0.0,139.99
OI003667,O002424,P004,1,129.99,0.0,129.99
OI003668,O002424,P097,1,49.99,0.0,49.99
OI003669,O002425,P011,1,229.99,0.0,229.99
OI003670,O002426,P015,1,199.99,0.0,199.99
OI003671,O002427,P022,1,69.99,0.0,69.99
OI003672,O002428,P012,1,43.99,0.0,43.99
OI003673,O002428,P081,1,58.99,0.0,58.99
OI003674,O002428,P016,1,399.99,0.0,399.99
OI003675,O002429,P021,1,179.99,0.0,179.99
OI003676,O002430,P060,1,139.99,0.0,139.99
OI003677,O002431,P114,1,129.99,0.0,129.99
OI003678,O002432,P105,1,38.99,0.0,38.99
OI003679,O002433,P063,1,39.99,0.0,39.99
OI003680,O002434,P091,1,19.99,0.0,19.99
OI003681,O002434,P060,1,139.99,0.0,139.99
OI003682,O002435,P037,1,329.99,0.0,329.99
OI003683,O002436,P120,1,89.99,0.0,89.99
OI003684,O002436,P029,1,49.99,0.0,49.99
OI003685,O002436,P148,1,59.99,0.0,59.99
OI003686,O002436,P104,1,59.99,0.0,59.99
OI003687,O002437,P169,1,169.99,0.0,169.99
OI003688,O002438,P134,1,34.99,0.0,34.99
OI003689,O002438,P015,1,199.99,0.0,199.99
OI003690,O002438,P139,2,89.99,0.0,179.98
OI003691,O002439,P060,1,139.99,0.0,139.99
OI003692,O002440,P064,1,59.99,0.0,59.99
OI003693,O002441,P124,1,14.99,0.0,14.99
OI003694,O002441,P062,1,24.99,0.0,24.99
OI003695,O002442,P068,1,39.99,0.0,39.99
OI003696,O002442,P013,1,149.99,0.0,149.99
OI003697,O002442,P092,3,69.99,0.0,209.97
OI003698,O002442,P127,1,49.99,0.0,49.99
OI003699,O002443,P090,1,189.99,0.0,189.99
OI003700,O002443,P112,1,39.99,0.0,39.99
OI003701,O002443,P130,1,24.99,0.0,24.99
OI003702,O002444,P081,1,58.99,0.0,58.99
OI003703,O002445,P076,1,49.99,0.0,49.99
OI003704,O002445,P120,1,89.99,0.0,89.99
OI003705,O002445,P020,1,79.99,0.0,79.99
OI003706,O002445,P072,1,89.99,0.0,89.99
OI003707,O002446,P133,1,99.99,0.0,99.99
OI003708,O002447,P090,1,189.99,0.0,189.99
OI003709,O002448,P120,1,89.99,0.0,89.99
OI003710,O002449,P020,1,79.99,0.0,79.99
OI003711,O002450,P004,1,129.99,0.0,129.99
OI003712,O002451,P021,1,179.99,0.0,179.99
OI003713,O002452,P150,1,25.99,0.0,25.99
OI003714,O002453,P106,2,29.99,0.0,59.98
OI003715,O002454,P083,1,99.99,0.0,99.99
OI003716,O002454,P003,1,129.99,0.0,129.99
OI003717,O002454,P033,1,79.99,0.0,79.99
OI003718,O002454,P128,1,59.99,0.0,59.99
OI003719,O002455,P001,1,49.99,0.0,49.99
OI003720,O002456,P094,1,179.99,0.0,179.99
OI003721,O002457,P087,1,349.99,0.0,349.99
OI003722,O002457,P126,1,19.99,0.0,19.99
OI003723,O002458,P148,1,59.99,0.0,59.99
OI003724,O002458,P064,1,59.99,0.0,59.99
OI003725,O002459,P076,1,49.99,0.0,49.99
OI003726,O002459,P011,1,229.99,0.0,229.99
OI003727,O002459,P128,1,59.99,0.0,59.99
OI003728,O002459,P078,1,14.99,0.0,14.99
OI003729,O002460,P124,1,14.99,0.0,14.99
OI003730,O002461,P126,1,19.99,0.0,19.99
OI003731,O002461,P065,1,39.99,0.0,39.99
OI003732,O002462,P077,2,199.99,0.0,399.98
OI003733,O002463,P057,1,149.99,0.0,149.99
OI003734,O002464,P132,1,39.99,0.0,39.99
OI003735,O002465,P016,1,399.99,0.0,399.99
OI003736,O002466,P010,1,89.99,0.0,89.99
OI003737,O002467,P016,1,399.99,0.0,399.99
OI003738,O002467,P129,1,149.99,0.0,149.99
OI003739,O002468,P076,1,49.99,0.0,49.99
OI003740,O002469,P016,1,399.99,0.0,399.99
OI003741,O002470,P033,1,79.99,0.0,79.99
OI003742,O002470,P016,1,399.99,0.0,399.99
OI003743,O002470,P003,1,129.99,0.0,129.99
OI003744,O002471,P001,1,49.99,0.0,49.99
OI003745,O002472,P144,1,29.99,0.0,29.99
OI003746,O002473,P016,1,399.99,0.0,399.99
OI003747,O002473,P081,1,58.99,0.0,58.99
OI003748,O002474,P076,1,49.99,0.0,49.99
OI003749,O002474,P063,1,39.99,0.0,39.99
OI003750,O002474,P145,1,69.99,0.0,69.99
OI003751,O002475,P084,1,14.99,0.0,14.99
OI003752,O002476,P098,1,199.99,0.0,199.99
OI003753,O002477,P128,1,59.99,0.0,59.99
OI003754,O002477,P001,1,49.99,0.0,49.99
OI003755,O002477,P077,2,199.99,0.0,399.98
OI003756,O002478,P148,1,59.99,0.0,59.99
OI003757,O002479,P071,1,189.99,0.0,189.99
OI003758,O002480,P124,1,14.99,0.0,14.99
OI003759,O002481,P122,1,29.99,0.0,29.99
OI003760,O002481,P085,2,39.99,0.0,79.98
OI003761,O002482,P080,1,38.99,0.0,38.99
OI003762,O002483,P062,1,24.99,0.0,24.99
OI003763,O002484,P154,1,349.99,0.0,349.99
OI003764,O002485,P011,1,229.99,0.0,229.99
OI003765,O002486,P011,1,229.99,0.0,229.99
OI003766,O002487,P003,1,129.99,0.0,129.99
OI003767,O002487,P118,1,219.99,0.0,219.99
OI003768,O002487,P142,1,19.99,0.0,19.99
OI003769,O002487,P170,2,79.99,0.0,159.98
OI003770,O002488,P006,1,39.99,0.0,39.99
OI003771,O002488,P120,1,89.99,0.0,89.99
OI003772,O002489,P120,1,89.99,0.0,89.99
OI003773,O002489,P015,1,199.99,0.0,199.99
OI003774,O002490,P114,1,129.99,0.0,129.99
OI003775,O002491,P090,1,189.99,0.0,189.99
OI003776,O002492,P020,1,79.99,0.0,79.99
OI003777,O002492,P092,1,69.99,0.0,69.99
OI003778,O002492,P087,1,349.99,0.0,349.99
OI003779,O002493,P093,1,59.99,0.0,59.99
OI003780,O002494,P148,1,59.99,0.0,59.99
OI003781,O002494,P120,1,89.99,0.0,89.99
OI003782,O002495,P083,1,99.99,0.0,99.99
OI003783,O002496,P055,1,179.99,0.0,179.99
OI003784,O002496,P030,1,59.99,0.0,59.99
OI003785,O002497,P031,1,139.99,0.0,139.99
OI003786,O002498,P120,1,89.99,0.0,89.99
OI003787,O002499,P060,1,139.99,0.0,139.99
OI003788,O002499,P087,2,349.99,0.0,699.98
OI003789,O002499,P071,1,189.99,0.0,189.99
OI003790,O002500,P138,1,39.99,0.0,39.99
OI003791,O002501,P103,1,19.99,0.0,19.99
OI003792,O002501,P003,1,129.99,0.0,129.99
OI003793,O002501,P054,1,649.99,0.0,649.99
OI003794,O002501,P079,1,49.99,0.0,49.99
OI003795,O002502,P139,1,89.99,0.0,89.99
OI003796,O002503,P121,1,128.99,0.0,128.99
OI003797,O002504,P121,1,128.99,0.0,128.99
OI003798,O002505,P008,1,79.99,0.0,79.99
OI003799,O002505,P066,1,94.99,0.0,94.99
OI003800,O002506,P015,1,199.99,0.0,199.99
OI003801,O002507,P084,1,14.99,0.0,14.99
OI003802,O002507,P022,1,69.99,0.0,69.99
OI003803,O002508,P002,1,89.99,0.0,89.99
OI003804,O002509,P016,1,399.99,0.0,399.99
OI003805,O002510,P134,1,34.99,0.0,34.99
OI003806,O002511,P146,1,24.99,0.0,24.99
OI003807,O002511,P045,1,129.99,0.0,129.99
OI003808,O002512,P031,1,139.99,0.0,139.99
OI003809,O002512,P002,1,89.99,0.0,89.99
OI003810,O002512,P076,1,49.99,0.0,49.99
OI003811,O002513,P041,1,449.99,0.0,449.99
OI003812,O002513,P120,1,89.99,0.0,89.99
OI003813,O002514,P051,1,89.99,0.0,89.99
OI003814,O002515,P011,1,229.99,0.0,229.99
OI003815,O002516,P030,1,59.99,0.0,59.99
OI003816,O002517,P101,1,49.99,0.0,49.99
OI003817,O002518,P063,1,39.99,0.0,39.99
OI003818,O002519,P016,1,399.99,0.0,399.99
OI003819,O002520,P025,1,119.99,0.0,119.99
OI003820,O002521,P128,1,59.99,0.0,59.99
OI003821,O002521,P148,1,59.99,0.0,59.99
OI003822,O002521,P072,1,89.99,0.0,89.99
OI003823,O002521,P006,1,39.99,0.0,39.99
OI003824,O002522,P142,1,19.99,0.0,19.99
OI003825,O002522,P131,1,79.99,0.0,79.99
OI003826,O002523,P122,1,29.99,0.0,29.99
OI003827,O002523,P097,1,49.99,0.0,49.99
OI003828,O002524,P079,1,49.99,0.0,49.99
OI003829,O002524,P019,1,299.99,0.0,299.99
OI003830,O002525,P149,1,129.99,0.0,129.99
OI003831,O002525,P103,1,19.99,0.0,19.99
OI003832,O002525,P077,1,199.99,0.0,199.99
OI003833,O002526,P138,1,39.99,0.0,39.99
OI003834,O002527,P009,1,299.99,0.0,299.99
OI003835,O002528,P053,1,299.99,0.0,299.99
OI003836,O002529,P081,3,58.99,0.0,176.97
OI003837,O002530,P015,1,199.99,0.0,199.99
OI003838,O002531,P016,1,399.99,0.0,399.99
OI003839,O002532,P003,1,129.99,0.0,129.99
OI003840,O002533,P112,1,39.99,0.0,39.99
OI003841,O002534,P103,1,19.99,0.0,19.99
OI003842,O002535,P031,1,139.99,0.0,139.99
OI003843,O002536,P149,1,129.99,0.0,129.99
OI003844,O002536,P002,1,89.99,0.0,89.99
OI003845,O002536,P016,1,399.99,0.0,399.99
OI003846,O002536,P133,1,99.99,0.0,99.99
OI003847,O002537,P080,1,38.99,0.0,38.99
OI003848,O002537,P115,2,49.99,0.0,99.98
OI003849,O002537,P126,1,19.99,0.0,19.99
OI003850,O002538,P018,1,89.99,0.0,89.99
OI003851,O002538,P139,1,89.99,0.0,89.99
OI003852,O002539,P080,1,38.99,0.0,38.99
OI003853,O002539,P084,1,14.99,0.0,14.99
OI003854,O002539,P004,1,129.99,0.0,129.99
OI003855,O002540,P100,2,79.99,0.0,159.98
OI003856,O002541,P085,1,39.99,0.0,39.99
OI003857,O002541,P081,1,58.99,0.0,58.99
OI003858,O002541,P001,1,49.99,0.0,49.99
OI003859,O002541,P004,1,129.99,0.0,129.99
OI003860,O002542,P079,1,49.99,0.0,49.99
OI003861,O002542,P116,1,149.99,0.0,149.99
OI003862,O002543,P003,1,129.99,0.0,129.99
OI003863,O002544,P088,1,83.99,0.0,83.99
OI003864,O002545,P028,1,19.99,0.0,19.99
OI003865,O002546,P003,1,129.99,0.0,129.99
OI003866,O002547,P120,1,89.99,0.0,89.99
OI003867,O002547,P064,1,59.99,0.0,59.99
OI003868,O002547,P152,1,899.99,0.0,899.99
OI003869,O002548,P104,2,59.99,0.0,119.98
OI003870,O002548,P125,1,49.99,0.0,49.99
OI003871,O002548,P118,1,219.99,0.0,219.99
OI003872,O002549,P103,2,19.99,0.0,39.98
OI003873,O002550,P121,1,128.99,0.0,128.99
OI003874,O002551,P143,2,49.99,0.0,99.98
OI003875,O002552,P155,1,79.99,0.0,79.99
OI003876,O002553,P136,1,44.99,0.0,44.99
OI003877,O002553,P102,1,169.99,0.0,169.99
OI003878,O002553,P036,1,1299.99,0.0,1299.99
OI003879,O002553,P137,1,109.99,0.0,109.99
OI003880,O002554,P003,1,129.99,0.0,129.99
OI003881,O002555,P019,1,299.99,0.0,299.99
OI003882,O002556,P084,1,14.99,0.0,14.99
OI003883,O002557,P092,1,69.99,0.0,69.99
OI003884,O002558,P087,1,349.99,0.0,349.99
OI003885,O002559,P148,1,59.99,0.0,59.99
OI003886,O002559,P010,1,89.99,0.0,89.99
OI003887,O002560,P067,2,149.99,0.0,299.98
OI003888,O002561,P077,1,199.99,0.0,199.99
OI003889,O002562,P118,1,219.99,0.0,219.99
OI003890,O002562,P131,1,79.99,0.0,79.99
OI003891,O002563,P090,1,189.99,0.0,189.99
OI003892,O002563,P008,1,79.99,0.0,79.99
OI003893,O002564,P128,1,59.99,0.0,59.99
OI003894,O002565,P062,1,24.99,0.0,24.99
OI003895,O002566,P150,1,25.99,0.0,25.99
OI003896,O002567,P025,1,119.99,0.0,119.99
OI003897,O002568,P081,1,58.99,0.0,58.99
OI003898,O002569,P143,1,49.99,0.0,49.99
OI003899,O002569,P071,1,189.99,0.0,189.99
OI003900,O002569,P003,1,129.99,0.0,129.99
OI003901,O002569,P112,1,39.99,0.0,39.99
OI003902,O002570,P107,1,99.99,0.0,99.99
OI003903,O002571,P009,1,299.99,0.0,299.99
OI003904,O002571,P146,1,24.99,0.0,24.99
OI003905,O002571,P031,1,139.99,0.0,139.99
OI003906,O002572,P031,1,139.99,0.0,139.99
OI003907,O002573,P142,1,19.99,0.0,19.99
OI003908,O002574,P068,1,39.99,0.0,39.99
OI003909,O002574,P074,2,19.99,0.0,39.98
OI003910,O002575,P113,1,84.99,0.0,84.99
OI003911,O002576,P088,1,83.99,0.0,83.99
OI003912,O002577,P070,1,69.99,0.0,69.99
OI003913,O002578,P104,1,59.99,0.0,59.99
OI003914,O002578,P129,1,149.99,0.0,149.99
OI003915,O002578,P069,1,119.99,0.0,119.99
OI003916,O002579,P068,2,39.99,0.0,79.98
OI003917,O002579,P122,1,29.99,0.0,29.99
OI003918,O002579,P050,1,799.99,0.0,799.99
OI003919,O002580,P021,1,179.99,0.0,179.99
OI003920,O002580,P121,1,128.99,0.0,128.99
OI003921,O002581,P102,2,169.99,0.0,339.98
OI003922,O002581,P120,1,89.99,0.0,89.99
OI003923,O002582,P003,1,129.99,0.0,129.99
OI003924,O002583,P030,1,59.99,0.0,59.99
OI003925,O002584,P029,1,49.99,0.0,49.99
OI003926,O002585,P137,1,109.99,0.0,109.99
OI003927,O002586,P138,1,39.99,0.0,39.99
OI003928,O002587,P008,1,79.99,0.0,79.99
OI003929,O002588,P004,1,129.99,0.0,129.99
OI003930,O002588,P099,1,29.99,0.0,29.99
OI003931,O002588,P120,1,89.99,0.0,89.99
OI003932,O002589,P103,2,19.99,0.0,39.98
OI003933,O002590,P021,1,179.99,0.0,179.99
OI003934,O002591,P090,1,189.99,0.0,189.99
OI003935,O002591,P016,1,399.99,0.0,399.99
OI003936,O002591,P087,1,349.99,0.0,349.99
OI003937,O002592,P087,1,349.99,0.0,349.99
OI003938,O002592,P120,1,89.99,0.0,89.99
OI003939,O002593,P083,1,99.99,0.0,99.99
OI003940,O002594,P015,1,199.99,0.0,199.99
OI003941,O002595,P107,1,99.99,0.0,99.99
OI003942,O002595,P148,1,59.99,0.0,59.99
OI003943,O002596,P142,1,19.99,0.0,19.99
OI003944,O002596,P020,1,79.99,0.0,79.99
OI003945,O002597,P103,2,19.99,0.0,39.98
OI003946,O002597,P120,1,89.99,0.0,89.99
OI003947,O002598,P087,1,349.99,0.0,349.99
OI003948,O002599,P029,1,49.99,0.0,49.99
OI003949,O002600,P150,1,25.99,0.0,25.99
OI003950,O002600,P020,1,79.99,0.0,79.99
OI003951,O002601,P076,1,49.99,0.0,49.99
OI003952,O002602,P007,1,149.99,0.0,149.99
OI003953,O002603,P001,1,49.99,0.0,49.99
OI003954,O002603,P064,1,59.99,0.0,59.99
OI003955,O002604,P115,1,49.99,0.0,49.99
OI003956,O002604,P103,1,19.99,0.0,19.99
OI003957,O002605,P011,1,229.99,0.0,229.99
OI003958,O002605,P139,2,89.99,0.0,179.98
OI003959,O002606,P112,2,39.99,0.0,79.98
OI003960,O002607,P120,1,89.99,0.0,89.99
OI003961,O002608,P072,1,89.99,0.0,89.99
OI003962,O002609,P015,1,199.99,0.0,199.99
OI003963,O002609,P017,1,599.99,0.0,599.99
OI003964,O002609,P120,1,89.99,0.0,89.99
OI003965,O002610,P017,1,599.99,0.0,599.99
OI003966,O002611,P085,1,39.99,0.0,39.99
OI003967,O002612,P113,1,84.99,0.0,84.99
OI003968,O002613,P107,1,99.99,0.0,99.99
OI003969,O002614,P011,1,229.99,0.0,229.99
OI003970,O002615,P021,1,179.99,0.0,179.99
OI003971,O002615,P126,1,19.99,0.0,19.99
OI003972,O002615,P016,1,399.99,0.0,399.99
OI003973,O002615,P136,1,44.99,0.0,44.99
OI003974,O002616,P083,1,99.99,0.0,99.99
OI003975,O002617,P155,1,79.99,0.0,79.99
OI003976,O002618,P103,1,19.99,0.0,19.99
OI003977,O002618,P019,1,299.99,0.0,299.99
OI003978,O002619,P143,1,49.99,0.0,49.99
OI003979,O002620,P018,1,89.99,0.0,89.99
OI003980,O002620,P072,1,89.99,0.0,89.99
OI003981,O002620,P019,1,299.99,0.0,299.99
OI003982,O002621,P082,1,29.99,0.0,29.99
OI003983,O002621,P142,1,19.99,0.0,19.99
OI003984,O002621,P103,1,19.99,0.0,19.99
OI003985,O002622,P083,1,99.99,0.0,99.99
OI003986,O002623,P015,1,199.99,0.0,199.99
OI003987,O002624,P107,1,99.99,0.0,99.99
OI003988,O002624,P084,1,14.99,0.0,14.99
OI003989,O002624,P052,1,229.99,0.0,229.99
OI003990,O002625,P084,1,14.99,0.0,14.99
OI003991,O002625,P124,1,14.99,0.0,14.99
OI003992,O002625,P083,1,99.99,0.0,99.99
OI003993,O002626,P014,1,449.99,0.0,449.99
OI003994,O002627,P009,1,299.99,0.0,299.99
OI003995,O002628,P148,1,59.99,0.0,59.99
OI003996,O002628,P142,1,19.99,0.0,19.99
OI003997,O002629,P072,1,89.99,0.0,89.99
OI003998,O002630,P099,1,29.99,0.0,29.99
OI003999,O002631,P075,1,69.99,0.0,69.99
OI004000,O002632,P094,1,179.99,0.0,179.99
OI004001,O002633,P103,1,19.99,0.0,19.99
OI004002,O002633,P003,1,129.99,0.0,129.99
OI004003,O002634,P115,1,49.99,0.0,49.99
OI004004,O002635,P021,1,179.99,0.0,179.99
OI004005,O002636,P015,1,199.99,0.0,199.99
OI004006,O002636,P016,1,399.99,0.0,399.99
OI004007,O002637,P124,1,14.99,0.0,14.99
OI004008,O002638,P011,1,229.99,0.0,229.99
OI004009,O002639,P081,1,58.99,0.0,58.99
OI004010,O002640,P117,1,69.99,0.0,69.99
OI004011,O002641,P052,1,229.99,0.0,229.99
OI004012,O002642,P079,1,49.99,0.0,49.99
OI004013,O002642,P070,1,69.99,0.0,69.99
OI004014,O002643,P126,1,19.99,0.0,19.99
OI004015,O002643,P099,1,29.99,0.0,29.99
OI004016,O002644,P015,1,199.99,0.0,199.99
OI004017,O002644,P071,1,189.99,0.0,189.99
OI004018,O002645,P013,1,149.99,0.0,149.99
OI004019,O002646,P003,1,129.99,0.0,129.99
OI004020,O002646,P126,1,19.99,0.0,19.99
OI004021,O002646,P141,1,99.99,0.0,99.99
OI004022,O002646,P087,1,349.99,0.0,349.99
OI004023,O002647,P060,1,139.99,0.0,139.99
OI004024,O002648,P007,1,149.99,0.0,149.99
OI004025,O002649,P037,1,329.99,0.0,329.99
OI004026,O002650,P164,1,29.99,0.0,29.99
OI004027,O002651,P159,1,55.99,0.0,55.99
OI004028,O002652,P136,1,44.99,0.0,44.99
OI004029,O002652,P027,1,89.99,0.0,89.99
OI004030,O002653,P091,1,19.99,0.0,19.99
OI004031,O002654,P121,1,128.99,0.0,128.99
OI004032,O002654,P124,1,14.99,0.0,14.99
OI004033,O002655,P003,1,129.99,0.0,129.99
OI004034,O002655,P103,1,19.99,0.0,19.99
OI004035,O002655,P142,1,19.99,0.0,19.99
OI004036,O002655,P064,1,59.99,0.0,59.99
OI004037,O002656,P111,1,99.99,0.0,99.99
OI004038,O002657,P031,1,139.99,0.0,139.99
OI004039,O002658,P133,1,99.99,0.0,99.99
OI004040,O002659,P019,1,299.99,0.0,299.99
OI004041,O002660,P009,1,299.99,0.0,299.99
OI004042,O002661,P002,1,89.99,0.0,89.99
OI004043,O002662,P064,2,59.99,0.0,119.98
OI004044,O002663,P002,1,89.99,0.0,89.99
OI004045,O002664,P060,1,139.99,0.0,139.99
OI004046,O002665,P125,1,49.99,0.0,49.99
OI004047,O002665,P081,1,58.99,0.0,58.99
OI004048,O002665,P101,1,49.99,0.0,49.99
OI004049,O002666,P030,1,59.99,0.0,59.99
OI004050,O002667,P063,1,39.99,0.0,39.99
OI004051,O002668,P103,1,19.99,0.0,19.99
OI004052,O002668,P128,1,59.99,0.0,59.99
OI004053,O002669,P128,1,59.99,0.0,59.99
OI004054,O002670,P086,1,129.99,0.0,129.99
OI004055,O002670,P104,1,59.99,0.0,59.99
OI004056,O002671,P157,1,149.99,0.0,149.99
OI004057,O002672,P015,1,199.99,50.0,149.99
OI004058,O002673,P103,1,19.99,5.0,14.99
OI004059,O002674,P093,1,59.99,15.0,44.99
OI004060,O002675,P045,1,129.99,32.5,97.49
OI004061,O002675,P120,1,89.99,22.5,67.49
OI004062,O002675,P143,1,49.99,12.5,37.49
OI004063,O002676,P142,1,19.99,5.0,14.99
OI004064,O002677,P047,1,149.99,37.5,112.49
OI004065,O002678,P025,1,119.99,0.0,119.99
OI004066,O002679,P072,1,89.99,22.5,67.49
OI004067,O002679,P026,1,24.99,6.25,18.74
OI004068,O002679,P101,1,49.99,12.5,37.49
OI004069,O002680,P025,1,119.99,30.0,89.99
OI004070,O002681,P066,1,94.99,23.75,71.24
OI004071,O002682,P128,1,59.99,0.0,59.99
OI004072,O002682,P163,2,89.99,0.0,179.98
OI004073,O002683,P148,1,59.99,0.0,59.99
OI004074,O002684,P063,1,39.99,10.0,29.99
OI004075,O002685,P002,1,89.99,22.5,67.49
OI004076,O002686,P084,1,14.99,3.75,11.24
OI004077,O002687,P074,1,19.99,0.0,19.99
OI004078,O002688,P098,1,199.99,0.0,199.99
OI004079,O002688,P099,1,29.99,0.0,29.99
OI004080,O002689,P087,1,349.99,0.0,349.99
OI004081,O002690,P098,1,199.99,0.0,199.99
OI004082,O002691,P134,1,34.99,0.0,34.99
OI004083,O002692,P150,1,25.99,6.5,19.49
OI004084,O002693,P103,1,19.99,5.0,14.99
OI004085,O002693,P073,1,349.99,87.5,262.49
OI004086,O002694,P167,1,59.99,15.0,44.99
OI004087,O002695,P050,1,799.99,200.0,599.99
OI004088,O002696,P048,1,449.99,0.0,449.99
OI004089,O002697,P076,2,49.99,0.0,99.98
OI004090,O002698,P003,1,129.99,0.0,129.99
OI004091,O002699,P124,1,14.99,3.75,11.24
OI004092,O002699,P148,1,59.99,15.0,44.99
OI004093,O002700,P084,1,14.99,3.75,11.24
OI004094,O002701,P019,1,299.99,0.0,299.99
OI004095,O002702,P098,1,199.99,50.0,149.99
OI004096,O002703,P085,1,39.99,0.0,39.99
OI004097,O002704,P166,1,24.99,6.25,18.74
OI004098,O002704,P047,1,149.99,37.5,112.49
OI004099,O002705,P118,1,219.99,55.0,164.99
OI004100,O002705,P027,1,89.99,22.5,67.49
OI004101,O002705,P051,1,89.99,22.5,67.49
OI004102,O002705,P119,1,29.99,7.5,22.49
OI004103,O002706,P015,1,199.99,50.0,149.99
OI004104,O002707,P087,1,349.99,87.5,262.49
OI004105,O002708,P126,1,19.99,0.0,19.99
OI004106,O002709,P166,1,24.99,6.25,18.74
OI004107,O002710,P137,1,109.99,27.5,82.49
OI004108,O002710,P071,1,189.99,47.5,142.49
OI004109,O002710,P120,1,89.99,22.5,67.49
OI004110,O002710,P133,2,99.99,49.99,149.99
OI004111,O002711,P008,1,79.99,20.0,59.99
OI004112,O002712,P019,1,299.99,75.0,224.99
OI004113,O002713,P021,1,179.99,45.0,134.99
OI004114,O002713,P077,1,199.99,50.0,149.99
OI004115,O002714,P120,1,89.99,22.5,67.49
OI004116,O002715,P069,1,119.99,0.0,119.99
OI004117,O002716,P076,1,49.99,0.0,49.99
OI004118,O002717,P126,1,19.99,5.0,14.99
OI004119,O002718,P113,1,84.99,21.25,63.74
OI004120,O002719,P069,1,119.99,30.0,89.99
OI004121,O002719,P072,1,89.99,22.5,67.49
OI004122,O002720,P018,1,89.99,22.5,67.49
OI004123,O002721,P143,2,49.99,25.0,74.98
OI004124,O002722,P021,1,179.99,0.0,179.99
OI004125,O002723,P114,1,129.99,0.0,129.99
OI004126,O002724,P084,1,14.99,0.0,14.99
OI004127,O002725,P027,1,89.99,22.5,67.49
OI004128,O002725,P098,1,199.99,50.0,149.99
OI004129,O002726,P010,1,89.99,22.5,67.49
OI004130,O002727,P091,1,19.99,0.0,19.99
OI004131,O002727,P076,1,49.99,0.0,49.99
OI004132,O002728,P077,1,199.99,50.0,149.99
OI004133,O002729,P126,1,19.99,0.0,19.99
OI004134,O002730,P060,1,139.99,0.0,139.99
OI004135,O002730,P063,1,39.99,0.0,39.99
OI004136,O002731,P067,1,149.99,37.5,112.49
OI004137,O002731,P079,1,49.99,12.5,37.49
OI004138,O002732,P155,1,79.99,0.0,79.99
OI004139,O002733,P060,1,139.99,35.0,104.99
OI004140,O002734,P052,1,229.99,57.5,172.49
OI004141,O002735,P072,1,89.99,22.5,67.49
OI004142,O002736,P003,1,129.99,32.5,97.49
OI004143,O002737,P064,1,59.99,15.0,44.99
OI004144,O002737,P120,2,89.99,44.99,134.99
OI004145,O002738,P120,1,89.99,0.0,89.99
OI004146,O002739,P032,1,29.99,0.0,29.99
OI004147,O002740,P146,1,24.99,6.25,18.74
OI004148,O002740,P131,1,79.99,20.0,59.99
OI004149,O002741,P058,1,379.99,95.0,284.99
OI004150,O002742,P139,1,89.99,0.0,89.99
OI004151,O002743,P003,1,129.99,32.5,97.49
OI004152,O002743,P082,1,29.99,7.5,22.49
OI004153,O002743,P097,1,49.99,12.5,37.49
OI004154,O002744,P081,1,58.99,0.0,58.99
OI004155,O002745,P076,1,49.99,12.5,37.49
OI004156,O002745,P079,1,49.99,12.5,37.49
OI004157,O002745,P128,1,59.99,15.0,44.99
OI004158,O002745,P087,1,349.99,87.5,262.49
OI004159,O002746,P030,1,59.99,15.0,44.99
OI004160,O002747,P008,1,79.99,0.0,79.99
OI004161,O002747,P089,1,59.99,0.0,59.99
OI004162,O002748,P020,1,79.99,20.0,59.99
OI004163,O002749,P138,1,39.99,10.0,29.99
OI004164,O002749,P004,1,129.99,32.5,97.49
OI004165,O002750,P077,1,199.99,50.0,149.99
OI004166,O002750,P008,1,79.99,20.0,59.99
OI004167,O002751,P083,2,99.99,49.99,149.99
OI004168,O002752,P103,2,19.99,9.99,29.99
OI004169,O002753,P123,1,99.99,25.0,74.99
OI004170,O002753,P111,1,99.99,25.0,74.99
OI004171,O002753,P105,1,38.99,9.75,29.24
OI004172,O002754,P083,1,99.99,0.0,99.99
OI004173,O002755,P083,1,99.99,0.0,99.99
OI004174,O002755,P067,1,149.99,0.0,149.99
OI004175,O002756,P007,1,149.99,37.5,112.49
OI004176,O002757,P109,1,79.99,0.0,79.99
OI004177,O002757,P119,3,29.99,0.0,89.97
OI004178,O002757,P128,1,59.99,0.0,59.99
OI004179,O002758,P120,1,89.99,0.0,89.99
OI004180,O002758,P103,1,19.99,0.0,19.99
OI004181,O002759,P090,1,189.99,47.5,142.49
OI004182,O002759,P016,1,399.99,100.0,299.99
OI004183,O002759,P076,1,49.99,12.5,37.49
OI004184,O002760,P037,1,329.99,0.0,329.99
OI004185,O002760,P124,1,14.99,0.0,14.99
OI004186,O002761,P020,1,79.99,20.0,59.99
OI004187,O002761,P121,1,128.99,32.25,96.74
OI004188,O002761,P013,1,149.99,37.5,112.49
OI004189,O002761,P023,1,199.99,50.0,149.99
OI004190,O002762,P002,1,89.99,0.0,89.99
OI004191,O002763,P060,1,139.99,0.0,139.99
OI004192,O002764,P125,1,49.99,12.5,37.49
OI004193,O002765,P013,1,149.99,0.0,149.99
OI004194,O002765,P060,1,139.99,0.0,139.99
OI004195,O002765,P109,1,79.99,0.0,79.99
OI004196,O002766,P019,1,299.99,60.0,239.99
OI004197,O002767,P030,1,59.99,15.0,44.99
OI004198,O002768,P036,1,1299.99,325.0,974.99
OI004199,O002769,P020,1,79.99,20.0,59.99
OI004200,O002769,P030,1,59.99,15.0,44.99
OI004201,O002770,P114,2,129.99,65.0,194.98
OI004202,O002771,P084,1,14.99,3.75,11.24
OI004203,O002772,P001,1,49.99,0.0,49.99
OI004204,O002772,P071,1,189.99,0.0,189.99
OI004205,O002773,P051,1,89.99,0.0,89.99
OI004206,O002774,P118,2,219.99,0.0,439.98
OI004207,O002775,P112,1,39.99,0.0,39.99
OI004208,O002776,P065,2,39.99,0.0,79.98
OI004209,O002777,P070,1,69.99,0.0,69.99
OI004210,O002778,P074,1,19.99,0.0,19.99
OI004211,O002779,P019,1,299.99,0.0,299.99
OI004212,O002780,P007,1,149.99,0.0,149.99
OI004213,O002780,P012,1,43.99,0.0,43.99
OI004214,O002780,P126,1,19.99,0.0,19.99
OI004215,O002780,P128,1,59.99,0.0,59.99
OI004216,O002781,P066,1,94.99,0.0,94.99
OI004217,O002782,P001,1,49.99,0.0,49.99
OI004218,O002783,P001,1,49.99,0.0,49.99
OI004219,O002784,P071,1,189.99,0.0,189.99
OI004220,O002784,P079,1,49.99,0.0,49.99
OI004221,O002785,P055,1,179.99,0.0,179.99
OI004222,O002786,P146,1,24.99,5.0,19.99
OI004223,O002787,P070,1,69.99,0.0,69.99
OI004224,O002788,P015,1,199.99,0.0,199.99
OI004225,O002789,P120,1,89.99,0.0,89.99
OI004226,O002789,P001,1,49.99,0.0,49.99
OI004227,O002789,P112,1,39.99,0.0,39.99
OI004228,O002790,P086,1,129.99,0.0,129.99
OI004229,O002791,P013,1,149.99,0.0,149.99
OI004230,O002791,P144,1,29.99,0.0,29.99
OI004231,O002792,P073,1,349.99,0.0,349.99
OI004232,O002793,P041,1,449.99,0.0,449.99
OI004233,O002794,P060,1,139.99,0.0,139.99
OI004234,O002794,P052,1,229.99,0.0,229.99
OI004235,O002795,P120,2,89.99,0.0,179.98
OI004236,O002796,P024,1,29.99,0.0,29.99
OI004237,O002797,P161,1,59.99,0.0,59.99
OI004238,O002798,P035,1,999.99,0.0,999.99
OI004239,O002799,P121,1,128.99,0.0,128.99
OI004240,O002799,P060,1,139.99,0.0,139.99
OI004241,O002800,P022,1,69.99,0.0,69.99
OI004242,O002800,P072,1,89.99,0.0,89.99
OI004243,O002801,P068,1,39.99,0.0,39.99
OI004244,O002801,P063,3,39.99,0.0,119.97
OI004245,O002802,P076,1,49.99,10.0,39.99
OI004246,O002803,P090,1,189.99,38.0,151.99
OI004247,O002804,P108,1,24.99,0.0,24.99
OI004248,O002804,P085,1,39.99,0.0,39.99
OI004249,O002804,P139,1,89.99,0.0,89.99
OI004250,O002804,P030,1,59.99,0.0,59.99
OI004251,O002805,P098,1,199.99,0.0,199.99
OI004252,O002806,P120,1,89.99,0.0,89.99
OI004253,O002807,P023,1,199.99,0.0,199.99
OI004254,O002808,P150,1,25.99,0.0,25.99
OI004255,O002809,P068,1,39.99,0.0,39.99
OI004256,O002809,P128,1,59.99,0.0,59.99
OI004257,O002809,P079,1,49.99,0.0,49.99
OI004258,O002810,P059,1,183.99,0.0,183.99
OI004259,O002810,P064,1,59.99,0.0,59.99
OI004260,O002811,P001,1,49.99,0.0,49.99
OI004261,O002811,P022,1,69.99,0.0,69.99
OI004262,O002811,P007,1,149.99,0.0,149.99
OI004263,O002812,P001,1,49.99,0.0,49.99
OI004264,O002813,P131,1,79.99,16.0,63.99
OI004265,O002813,P009,1,299.99,60.0,239.99
OI004266,O002813,P148,1,59.99,12.0,47.99
OI004267,O002814,P125,2,49.99,0.0,99.98
OI004268,O002814,P004,1,129.99,0.0,129.99
OI004269,O002815,P064,1,59.99,0.0,59.99
OI004270,O002816,P148,1,59.99,0.0,59.99
OI004271,O002817,P015,1,199.99,0.0,199.99
OI004272,O002818,P100,1,79.99,0.0,79.99
OI004273,O002819,P115,2,49.99,0.0,99.98
OI004274,O002820,P081,2,58.99,23.6,94.38
OI004275,O002821,P133,1,99.99,0.0,99.99
OI004276,O002822,P127,1,49.99,10.0,39.99
OI004277,O002823,P108,1,24.99,5.0,19.99
OI004278,O002824,P145,1,69.99,14.0,55.99
OI004279,O002825,P008,1,79.99,0.0,79.99
OI004280,O002826,P122,1,29.99,0.0,29.99
OI004281,O002826,P142,2,19.99,0.0,39.98
OI004282,O002827,P084,1,14.99,0.0,14.99
OI004283,O002828,P130,1,24.99,0.0,24.99
OI004284,O002828,P015,1,199.99,0.0,199.99
OI004285,O002829,P066,1,94.99,19.0,75.99
OI004286,O002830,P053,1,299.99,0.0,299.99
OI004287,O002830,P064,1,59.99,0.0,59.99
OI004288,O002831,P060,1,139.99,0.0,139.99
OI004289,O002832,P125,1,49.99,0.0,49.99
OI004290,O002833,P061,1,329.99,0.0,329.99
OI004291,O002834,P115,3,49.99,0.0,149.97
OI004292,O002835,P022,1,69.99,0.0,69.99
OI004293,O002836,P092,1,69.99,0.0,69.99
OI004294,O002837,P016,1,399.99,0.0,399.99
OI004295,O002837,P155,1,79.99,0.0,79.99
OI004296,O002838,P017,1,599.99,0.0,599.99
OI004297,O002839,P133,1,99.99,0.0,99.99
OI004298,O002839,P024,1,29.99,0.0,29.99
OI004299,O002839,P020,1,79.99,0.0,79.99
OI004300,O002839,P148,1,59.99,0.0,59.99
OI004301,O002840,P011,1,229.99,46.0,183.99
OI004302,O002840,P120,1,89.99,18.0,71.99
OI004303,O002840,P155,1,79.99,16.0,63.99
OI004304,O002841,P063,1,39.99,8.0,31.99
OI004305,O002841,P130,1,24.99,5.0,19.99
OI004306,O002842,P142,1,19.99,0.0,19.99
OI004307,O002842,P014,1,449.99,0.0,449.99
OI004308,O002843,P098,1,199.99,0.0,199.99
OI004309,O002844,P084,1,14.99,0.0,14.99
OI004310,O002844,P101,1,49.99,0.0,49.99
OI004311,O002844,P131,2,79.99,0.0,159.98
OI004312,O002845,P160,1,19.99,0.0,19.99
OI004313,O002845,P071,1,189.99,0.0,189.99
OI004314,O002846,P003,1,129.99,0.0,129.99
OI004315,O002847,P067,1,149.99,0.0,149.99
OI004316,O002847,P144,1,29.99,0.0,29.99
OI004317,O002847,P016,1,399.99,48.0,351.99
OI004318,O002848,P088,1,83.99,0.0,83.99
OI004319,O002849,P009,1,299.99,36.0,263.99
OI004320,O002850,P118,1,219.99,0.0,219.99
OI004321,O002851,P027,1,89.99,0.0,89.99
OI004322,O002852,P104,2,59.99,0.0,119.98
OI004323,O002853,P087,2,349.99,0.0,699.98
OI004324,O002853,P088,1,83.99,0.0,83.99
OI004325,O002853,P118,1,219.99,0.0,219.99
OI004326,O002853,P110,1,29.99,0.0,29.99
OI004327,O002854,P113,1,84.99,0.0,84.99
OI004328,O002855,P115,1,49.99,0.0,49.99
OI004329,O002856,P084,1,14.99,0.0,14.99
OI004330,O002856,P077,1,199.99,0.0,199.99
OI004331,O002856,P021,1,179.99,21.6,158.39
OI004332,O002856,P148,1,59.99,0.0,59.99
OI004333,O002857,P029,1,49.99,6.0,43.99
OI004334,O002858,P011,1,229.99,27.6,202.39
OI004335,O002859,P120,1,89.99,0.0,89.99
OI004336,O002860,P107,1,99.99,0.0,99.99
OI004337,O002861,P072,1,89.99,0.0,89.99
OI004338,O002861,P048,1,449.99,0.0,449.99
OI004339,O002862,P076,1,49.99,0.0,49.99
OI004340,O002862,P003,1,129.99,15.6,114.39
OI004341,O002862,P121,1,128.99,0.0,128.99
OI004342,O002863,P031,1,139.99,16.8,123.19
OI004343,O002864,P138,3,39.99,0.0,119.97
OI004344,O002865,P003,1,129.99,15.6,114.39
OI004345,O002866,P068,1,39.99,0.0,39.99
OI004346,O002866,P090,1,189.99,0.0,189.99
OI004347,O002866,P159,2,55.99,0.0,111.98
OI004348,O002867,P163,1,89.99,0.0,89.99
OI004349,O002867,P120,1,89.99,0.0,89.99
OI004350,O002868,P068,1,39.99,0.0,39.99
OI004351,O002869,P120,3,89.99,0.0,269.97
OI004352,O002869,P088,1,83.99,0.0,83.99
OI004353,O002870,P143,1,49.99,0.0,49.99
OI004354,O002871,P147,1,54.99,0.0,54.99
OI004355,O002871,P128,1,59.99,0.0,59.99
OI004356,O002871,P043,1,189.99,0.0,189.99
OI004357,O002871,P103,1,19.99,0.0,19.99
OI004358,O002872,P033,1,79.99,9.6,70.39
OI004359,O002873,P004,1,129.99,15.6,114.39
OI004360,O002874,P113,1,84.99,0.0,84.99
OI004361,O002875,P092,1,69.99,0.0,69.99
OI004362,O002875,P006,1,39.99,4.8,35.19
OI004363,O002876,P029,1,49.99,6.0,43.99
OI004364,O002876,P120,1,89.99,0.0,89.99
OI004365,O002877,P168,1,49.99,0.0,49.99
OI004366,O002878,P090,1,189.99,0.0,189.99
OI004367,O002878,P065,1,39.99,0.0,39.99
OI004368,O002879,P060,1,139.99,0.0,139.99
OI004369,O002879,P081,1,58.99,0.0,58.99
OI004370,O002880,P015,1,199.99,24.0,175.99
OI004371,O002881,P099,1,29.99,0.0,29.99
OI004372,O002882,P024,1,29.99,3.6,26.39
OI004373,O002883,P003,1,129.99,0.0,129.99
OI004374,O002883,P025,1,119.99,0.0,119.99
OI004375,O002884,P136,3,44.99,0.0,134.97
OI004376,O002885,P029,1,49.99,6.0,43.99
OI004377,O002886,P120,1,89.99,0.0,89.99
OI004378,O002887,P115,2,49.99,0.0,99.98
OI004379,O002888,P081,1,58.99,0.0,58.99
OI004380,O002889,P080,1,38.99,0.0,38.99
OI004381,O002889,P120,1,89.99,0.0,89.99
OI004382,O002889,P050,1,799.99,0.0,799.99
OI004383,O002890,P100,1,79.99,0.0,79.99
OI004384,O002891,P147,1,54.99,0.0,54.99
OI004385,O002892,P121,1,128.99,0.0,128.99
OI004386,O002893,P113,2,84.99,0.0,169.98
OI004387,O002894,P101,1,49.99,0.0,49.99
OI004388,O002895,P030,1,59.99,7.2,52.79
OI004389,O002896,P029,1,49.99,6.0,43.99
OI004390,O002897,P052,1,229.99,0.0,229.99
OI004391,O002897,P079,1,49.99,0.0,49.99
OI004392,O002897,P036,1,1299.99,0.0,1299.99
OI004393,O002898,P120,1,89.99,0.0,89.99
OI004394,O002899,P020,1,79.99,9.6,70.39
OI004395,O002900,P090,1,189.99,0.0,189.99
OI004396,O002900,P084,2,14.99,0.0,29.98
OI004397,O002900,P088,1,83.99,0.0,83.99
OI004398,O002901,P007,1,149.99,0.0,149.99
OI004399,O002902,P134,1,34.99,0.0,34.99
OI004400,O002903,P117,1,69.99,0.0,69.99
OI004401,O002903,P094,1,179.99,0.0,179.99
OI004402,O002904,P155,1,79.99,0.0,79.99
OI004403,O002905,P104,1,59.99,0.0,59.99
OI004404,O002905,P087,1,349.99,0.0,349.99
OI004405,O002906,P142,1,19.99,0.0,19.99
OI004406,O002907,P100,1,79.99,0.0,79.99
OI004407,O002908,P116,1,149.99,0.0,149.99
OI004408,O002909,P144,1,29.99,0.0,29.99
OI004409,O002910,P003,1,129.99,0.0,129.99
OI004410,O002910,P090,1,189.99,0.0,189.99
OI004411,O002911,P063,1,39.99,0.0,39.99
OI004412,O002912,P071,1,189.99,0.0,189.99
OI004413,O002912,P120,1,89.99,0.0,89.99
OI004414,O002913,P039,1,169.99,0.0,169.99
OI004415,O002914,P062,1,24.99,0.0,24.99
OI004416,O002914,P105,1,38.99,0.0,38.99
OI004417,O002915,P029,1,49.99,6.0,43.99
OI004418,O002916,P064,1,59.99,0.0,59.99
OI004419,O002916,P068,1,39.99,0.0,39.99
OI004420,O002917,P016,1,399.99,48.0,351.99
OI004421,O002918,P038,1,599.99,0.0,599.99
OI004422,O002918,P120,2,89.99,0.0,179.98
OI004423,O002918,P076,1,49.99,0.0,49.99
OI004424,O002919,P043,1,189.99,0.0,189.99
OI004425,O002920,P141,1,99.99,0.0,99.99
OI004426,O002921,P115,1,49.99,0.0,49.99
OI004427,O002921,P120,1,89.99,0.0,89.99
OI004428,O002922,P119,1,29.99,0.0,29.99
OI004429,O002923,P128,1,59.99,0.0,59.99
OI004430,O002924,P062,1,24.99,0.0,24.99
OI004431,O002925,P113,1,84.99,0.0,84.99
OI004432,O002926,P022,1,69.99,8.4,61.59
OI004433,O002927,P038,1,599.99,0.0,599.99
OI004434,O002928,P072,1,89.99,0.0,89.99
OI004435,O002929,P055,1,179.99,0.0,179.99
OI004436,O002930,P029,1,49.99,6.0,43.99
OI004437,O002931,P103,2,19.99,0.0,39.98
OI004438,O002932,P015,1,199.99,24.0,175.99
OI004439,O002933,P126,1,19.99,0.0,19.99
OI004440,O002934,P068,1,39.99,0.0,39.99
OI004441,O002935,P142,1,19.99,0.0,19.99
OI004442,O002935,P015,1,199.99,24.0,175.99
OI004443,O002935,P016,1,399.99,48.0,351.99
OI004444,O002936,P003,1,129.99,15.6,114.39
OI004445,O002937,P079,2,49.99,0.0,99.98
OI004446,O002938,P077,1,199.99,0.0,199.99
OI004447,O002939,P014,1,449.99,54.0,395.99
OI004448,O002939,P066,1,94.99,0.0,94.99
OI004449,O002940,P133,1,99.99,0.0,99.99
OI004450,O002940,P084,1,14.99,0.0,14.99
OI004451,O002941,P068,2,39.99,0.0,79.98
OI004452,O002942,P112,1,39.99,0.0,39.99
OI004453,O002943,P025,1,119.99,0.0,119.99
OI004454,O002943,P103,2,19.99,0.0,39.98
OI004455,O002943,P082,1,29.99,0.0,29.99
OI004456,O002944,P131,1,79.99,0.0,79.99
OI004457,O002945,P081,2,58.99,0.0,117.98
OI004458,O002945,P017,1,599.99,0.0,599.99
OI004459,O002946,P089,1,59.99,0.0,59.99
OI004460,O002947,P001,1,49.99,6.0,43.99
OI004461,O002948,P064,2,59.99,0.0,119.98
OI004462,O002949,P015,1,199.99,24.0,175.99
OI004463,O002950,P160,1,19.99,0.0,19.99
OI004464,O002951,P041,1,449.99,0.0,449.99
OI004465,O002951,P087,1,349.99,0.0,349.99
OI004466,O002951,P081,3,58.99,0.0,176.97
OI004467,O002951,P005,1,349.99,0.0,349.99
OI004468,O002952,P103,1,19.99,0.0,19.99
OI004469,O002952,P139,1,89.99,0.0,89.99
OI004470,O002952,P135,1,79.99,0.0,79.99
OI004471,O002952,P078,2,14.99,0.0,29.98
OI004472,O002953,P127,1,49.99,0.0,49.99
OI004473,O002954,P067,1,149.99,0.0,149.99
OI004474,O002955,P026,1,24.99,3.0,21.99
OI004475,O002956,P036,1,1299.99,0.0,1299.99
OI004476,O002956,P155,1,79.99,0.0,79.99
OI004477,O002957,P072,1,89.99,0.0,89.99
OI004478,O002957,P029,1,49.99,0.0,49.99
OI004479,O002958,P129,1,149.99,0.0,149.99
OI004480,O002959,P077,1,199.99,0.0,199.99
OI004481,O002959,P060,1,139.99,0.0,139.99
OI004482,O002960,P087,1,349.99,0.0,349.99
OI004483,O002960,P024,1,29.99,3.6,26.39
OI004484,O002961,P103,1,19.99,0.0,19.99
OI004485,O002961,P129,1,149.99,0.0,149.99
OI004486,O002962,P080,1,38.99,0.0,38.99
OI004487,O002962,P147,1,54.99,0.0,54.99
OI004488,O002963,P106,1,29.99,0.0,29.99
OI004489,O002964,P021,1,179.99,21.6,158.39
OI004490,O002964,P015,1,199.99,24.0,175.99
OI004491,O002964,P142,1,19.99,0.0,19.99
OI004492,O002964,P125,2,49.99,0.0,99.98
OI004493,O002965,P133,1,99.99,0.0,99.99
OI004494,O002965,P015,1,199.99,24.0,175.99
OI004495,O002966,P033,1,79.99,0.0,79.99
OI004496,O002967,P108,1,24.99,0.0,24.99
OI004497,O002968,P081,1,58.99,0.0,58.99
OI004498,O002969,P081,1,58.99,0.0,58.99
OI004499,O002970,P068,1,39.99,0.0,39.99
OI004500,O002971,P008,1,79.99,9.6,70.39
OI004501,O002971,P087,1,349.99,0.0,349.99
OI004502,O002972,P022,1,69.99,0.0,69.99
OI004503,O002973,P004,1,129.99,15.6,114.39
OI004504,O002973,P115,1,49.99,0.0,49.99
OI004505,O002974,P060,1,139.99,0.0,139.99
OI004506,O002974,P145,1,69.99,0.0,69.99
OI004507,O002974,P114,1,129.99,0.0,129.99
OI004508,O002974,P141,2,99.99,0.0,199.98
OI004509,O002975,P072,1,89.99,0.0,89.99
OI004510,O002976,P085,1,39.99,0.0,39.99
OI004511,O002977,P027,1,89.99,10.8,79.19
OI004512,O002978,P020,1,79.99,9.6,70.39
OI004513,O002979,P066,1,94.99,0.0,94.99
OI004514,O002980,P088,1,83.99,0.0,83.99
OI004515,O002980,P068,1,39.99,0.0,39.99
OI004516,O002980,P107,1,99.99,0.0,99.99
OI004517,O002981,P129,2,149.99,0.0,299.98
OI004518,O002982,P001,1,49.99,0.0,49.99
OI004519,O002983,P155,1,79.99,0.0,79.99
OI004520,O002984,P164,1,29.99,0.0,29.99
OI004521,O002984,P106,1,29.99,0.0,29.99
OI004522,O002984,P022,1,69.99,0.0,69.99
OI004523,O002985,P076,1,49.99,0.0,49.99
OI004524,O002985,P023,1,199.99,24.0,175.99
OI004525,O002986,P020,1,79.99,0.0,79.99
OI004526,O002987,P078,1,14.99,0.0,14.99
OI004527,O002987,P104,1,59.99,0.0,59.99
OI004528,O002988,P120,2,89.99,0.0,179.98
OI004529,O002989,P087,2,349.99,0.0,699.98
OI004530,O002990,P120,1,89.99,0.0,89.99
OI004531,O002991,P098,1,199.99,0.0,199.99
OI004532,O002991,P001,1,49.99,0.0,49.99
OI004533,O002991,P120,1,89.99,0.0,89.99
OI004534,O002992,P145,1,69.99,0.0,69.99
OI004535,O002993,P133,1,99.99,0.0,99.99
OI004536,O002993,P079,1,49.99,0.0,49.99
OI004537,O002994,P069,2,119.99,0.0,239.98
OI004538,O002995,P007,1,149.99,18.0,131.99
OI004539,O002996,P092,1,69.99,0.0,69.99
OI004540,O002996,P136,1,44.99,0.0,44.99
OI004541,O002997,P122,2,29.99,0.0,59.98
OI004542,O002998,P094,1,179.99,0.0,179.99
OI004543,O002999,P029,1,49.99,0.0,49.99
OI004544,O003000,P066,2,94.99,0.0,189.98
OI004545,O003001,P019,1,299.99,36.0,263.99
OI004546,O003001,P071,1,189.99,0.0,189.99
OI004547,O003001,P079,1,49.99,0.0,49.99
OI004548,O003001,P097,2,49.99,0.0,99.98
OI004549,O003002,P096,1,449.99,0.0,449.99
OI004550,O003003,P106,1,29.99,0.0,29.99
OI004551,O003003,P088,1,83.99,0.0,83.99
OI004552,O003003,P014,1,449.99,0.0,449.99
OI004553,O003004,P003,1,129.99,15.6,114.39
OI004554,O003005,P076,1,49.99,0.0,49.99
OI004555,O003006,P099,1,29.99,0.0,29.99
OI004556,O003006,P111,1,99.99,0.0,99.99
OI004557,O003007,P004,1,129.99,0.0,129.99
OI004558,O003008,P171,1,199.99,0.0,199.99
OI004559,O003008,P080,1,38.99,0.0,38.99
OI004560,O003009,P091,1,19.99,0.0,19.99
OI004561,O003010,P016,1,399.99,0.0,399.99
OI004562,O003011,P125,1,49.99,0.0,49.99
OI004563,O003012,P085,1,39.99,0.0,39.99
OI004564,O003012,P005,1,349.99,0.0,349.99
OI004565,O003012,P016,1,399.99,0.0,399.99
OI004566,O003013,P003,2,129.99,31.2,228.78
OI004567,O003014,P146,1,24.99,0.0,24.99
OI004568,O003014,P098,1,199.99,0.0,199.99
OI004569,O003015,P001,1,49.99,0.0,49.99
OI004570,O003015,P007,1,149.99,0.0,149.99
OI004571,O003015,P027,1,89.99,0.0,89.99
OI004572,O003016,P019,1,299.99,0.0,299.99
OI004573,O003016,P023,1,199.99,0.0,199.99
OI004574,O003017,P148,1,59.99,0.0,59.99
OI004575,O003017,P001,1,49.99,0.0,49.99
OI004576,O003017,P103,1,19.99,0.0,19.99
OI004577,O003018,P016,1,399.99,48.0,351.99
OI004578,O003018,P163,1,89.99,0.0,89.99
OI004579,O003018,P095,1,199.99,0.0,199.99
OI004580,O003019,P126,1,19.99,0.0,19.99
OI004581,O003020,P029,1,49.99,0.0,49.99
OI004582,O003021,P115,1,49.99,0.0,49.99
OI004583,O003021,P121,1,128.99,0.0,128.99
OI004584,O003021,P019,1,299.99,0.0,299.99
OI004585,O003021,P120,1,89.99,0.0,89.99
OI004586,O003022,P121,1,128.99,0.0,128.99
OI004587,O003023,P074,2,19.99,0.0,39.98
OI004588,O003024,P103,1,19.99,0.0,19.99
OI004589,O003024,P134,1,34.99,0.0,34.99
OI004590,O003025,P015,1,199.99,24.0,175.99
OI004591,O003026,P021,1,179.99,0.0,179.99
OI004592,O003026,P012,1,43.99,0.0,43.99
OI004593,O003026,P032,1,29.99,0.0,29.99
OI004594,O003027,P135,1,79.99,0.0,79.99
OI004595,O003028,P003,1,129.99,0.0,129.99
OI004596,O003028,P004,1,129.99,0.0,129.99
OI004597,O003029,P148,1,59.99,0.0,59.99
OI004598,O003030,P128,1,59.99,0.0,59.99
OI004599,O003030,P072,1,89.99,0.0,89.99
OI004600,O003030,P008,1,79.99,9.6,70.39
OI004601,O003030,P103,1,19.99,0.0,19.99
OI004602,O003031,P024,1,29.99,0.0,29.99
OI004603,O003031,P100,1,79.99,0.0,79.99
OI004604,O003031,P014,1,449.99,0.0,449.99
OI004605,O003032,P111,2,99.99,0.0,199.98
OI004606,O003032,P154,1,349.99,0.0,349.99
OI004607,O003033,P092,1,69.99,0.0,69.99
OI004608,O003034,P149,1,129.99,0.0,129.99
OI004609,O003035,P064,1,59.99,0.0,59.99
OI004610,O003036,P167,1,59.99,0.0,59.99
OI004611,O003037,P016,1,399.99,48.0,351.99
OI004612,O003037,P064,1,59.99,0.0,59.99
OI004613,O003038,P083,1,99.99,0.0,99.99
OI004614,O003038,P132,2,39.99,0.0,79.98
OI004615,O003038,P038,1,599.99,0.0,599.99
OI004616,O003039,P015,1,199.99,24.0,175.99
OI004617,O003039,P027,1,89.99,10.8,79.19
OI004618,O003039,P104,1,59.99,0.0,59.99
OI004619,O003040,P003,1,129.99,0.0,129.99
OI004620,O003040,P071,1,189.99,0.0,189.99
OI004621,O003040,P124,1,14.99,0.0,14.99
OI004622,O003041,P115,1,49.99,0.0,49.99
OI004623,O003041,P120,1,89.99,0.0,89.99
OI004624,O003042,P146,1,24.99,0.0,24.99
OI004625,O003043,P068,1,39.99,0.0,39.99
OI004626,O003044,P003,1,129.99,15.6,114.39
OI004627,O003045,P068,1,39.99,0.0,39.99
OI004628,O003046,P146,1,24.99,0.0,24.99
OI004629,O003046,P147,1,54.99,0.0,54.99
OI004630,O003046,P104,1,59.99,0.0,59.99
OI004631,O003047,P072,1,89.99,0.0,89.99
OI004632,O003048,P020,1,79.99,9.6,70.39
OI004633,O003049,P087,1,349.99,0.0,349.99
OI004634,O003050,P002,1,89.99,0.0,89.99
OI004635,O003051,P134,1,34.99,0.0,34.99
OI004636,O003052,P070,1,69.99,0.0,69.99
OI004637,O003053,P111,1,99.99,0.0,99.99
OI004638,O003053,P087,1,349.99,0.0,349.99
OI004639,O003053,P016,1,399.99,48.0,351.99
OI004640,O003054,P143,1,49.99,0.0,49.99
OI004641,O003055,P006,1,39.99,4.8,35.19
OI004642,O003055,P063,1,39.99,0.0,39.99
OI004643,O003056,P001,1,49.99,6.0,43.99
OI004644,O003056,P060,1,139.99,0.0,139.99
OI004645,O003057,P103,1,19.99,0.0,19.99
OI004646,O003057,P112,1,39.99,0.0,39.99
OI004647,O003058,P104,1,59.99,0.0,59.99
OI004648,O003058,P096,1,449.99,0.0,449.99
OI004649,O003058,P121,1,128.99,0.0,128.99
OI004650,O003059,P138,1,39.99,0.0,39.99
OI004651,O003060,P015,1,199.99,0.0,199.99
OI004652,O003060,P084,1,14.99,0.0,14.99
OI004653,O003060,P146,1,24.99,0.0,24.99
OI004654,O003060,P068,1,39.99,0.0,39.99
OI004655,O003061,P016,1,399.99,0.0,399.99
OI004656,O003062,P087,1,349.99,0.0,349.99
OI004657,O003063,P087,1,349.99,0.0,349.99
OI004658,O003064,P003,1,129.99,0.0,129.99
OI004659,O003064,P132,1,39.99,0.0,39.99
OI004660,O003065,P088,1,83.99,0.0,83.99
OI004661,O003065,P121,1,128.99,0.0,128.99
OI004662,O003065,P075,1,69.99,0.0,69.99
OI004663,O003065,P146,1,24.99,0.0,24.99
OI004664,O003066,P150,2,25.99,0.0,51.98
OI004665,O003067,P047,1,149.99,0.0,149.99
OI004666,O003067,P072,1,89.99,0.0,89.99
OI004667,O003067,P019,1,299.99,36.0,263.99
OI004668,O003068,P053,1,299.99,0.0,299.99
OI004669,O003068,P128,2,59.99,0.0,119.98
OI004670,O003068,P062,2,24.99,0.0,49.98
OI004671,O003068,P011,1,229.99,27.6,202.39
OI004672,O003069,P130,1,24.99,0.0,24.99
OI004673,O003069,P015,1,199.99,24.0,175.99
OI004674,O003070,P011,1,229.99,27.6,202.39
OI004675,O003070,P115,1,49.99,0.0,49.99
OI004676,O003071,P016,1,399.99,0.0,399.99
OI004677,O003072,P155,1,79.99,0.0,79.99
OI004678,O003073,P098,1,199.99,0.0,199.99
OI004679,O003074,P105,1,38.99,0.0,38.99
OI004680,O003074,P140,1,39.99,0.0,39.99
OI004681,O003074,P164,1,29.99,0.0,29.99
OI004682,O003074,P138,1,39.99,0.0,39.99
OI004683,O003075,P021,1,179.99,21.6,158.39
OI004684,O003076,P139,1,89.99,0.0,89.99
OI004685,O003077,P120,1,89.99,0.0,89.99
OI004686,O003078,P019,1,299.99,36.0,263.99
OI004687,O003079,P113,1,84.99,0.0,84.99
OI004688,O003080,P026,1,24.99,0.0,24.99
OI004689,O003081,P137,1,109.99,0.0,109.99
OI004690,O003082,P120,1,89.99,0.0,89.99
OI004691,O003083,P120,1,89.99,0.0,89.99
OI004692,O003083,P003,1,129.99,15.6,114.39
OI004693,O003083,P091,1,19.99,0.0,19.99
OI004694,O003083,P098,1,199.99,0.0,199.99
OI004695,O003084,P036,1,1299.99,0.0,1299.99
OI004696,O003084,P145,1,69.99,0.0,69.99
OI004697,O003085,P016,1,399.99,0.0,399.99
OI004698,O003086,P117,1,69.99,0.0,69.99
OI004699,O003087,P003,1,129.99,15.6,114.39
OI004700,O003087,P132,1,39.99,0.0,39.99
OI004701,O003088,P117,1,69.99,0.0,69.99
OI004702,O003089,P078,1,14.99,0.0,14.99
OI004703,O003090,P081,1,58.99,0.0,58.99
OI004704,O003090,P082,1,29.99,0.0,29.99
OI004705,O003090,P015,1,199.99,24.0,175.99
OI004706,O003091,P072,1,89.99,0.0,89.99
OI004707,O003091,P008,1,79.99,0.0,79.99
OI004708,O003092,P148,1,59.99,0.0,59.99
OI004709,O003092,P019,1,299.99,36.0,263.99
OI004710,O003093,P087,1,349.99,0.0,349.99
OI004711,O003094,P084,1,14.99,0.0,14.99
OI004712,O003094,P008,1,79.99,0.0,79.99
OI004713,O003094,P087,1,349.99,0.0,349.99
OI004714,O003095,P146,1,24.99,0.0,24.99
OI004715,O003096,P094,1,179.99,0.0,179.99
OI004716,O003097,P030,1,59.99,7.2,52.79
OI004717,O003097,P103,1,19.99,0.0,19.99
OI004718,O003097,P148,1,59.99,0.0,59.99
OI004719,O003098,P016,1,399.99,48.0,351.99
OI004720,O003099,P155,2,79.99,0.0,159.98
OI004721,O003099,P108,1,24.99,0.0,24.99
OI004722,O003100,P125,1,49.99,0.0,49.99
OI004723,O003101,P145,1,69.99,0.0,69.99
OI004724,O003102,P128,1,59.99,0.0,59.99
OI004725,O003103,P087,1,349.99,0.0,349.99
OI004726,O003104,P115,1,49.99,0.0,49.99
OI004727,O003105,P085,1,39.99,0.0,39.99
OI004728,O003106,P066,1,94.99,0.0,94.99
OI004729,O003107,P108,1,24.99,0.0,24.99
OI004730,O003107,P076,1,49.99,0.0,49.99
OI004731,O003107,P019,1,299.99,0.0,299.99
OI004732,O003108,P081,1,58.99,0.0,58.99
OI004733,O003109,P071,1,189.99,0.0,189.99
OI004734,O003110,P105,1,38.99,0.0,38.99
OI004735,O003111,P081,1,58.99,0.0,58.99
OI004736,O003112,P079,1,49.99,0.0,49.99
OI004737,O003112,P022,1,69.99,0.0,69.99
OI004738,O003113,P078,1,14.99,0.0,14.99
OI004739,O003114,P076,1,49.99,0.0,49.99
OI004740,O003114,P085,1,39.99,0.0,39.99
OI004741,O003115,P081,2,58.99,0.0,117.98
OI004742,O003115,P126,1,19.99,0.0,19.99
OI004743,O003116,P150,1,25.99,0.0,25.99
OI004744,O003117,P135,1,79.99,0.0,79.99
OI004745,O003117,P076,1,49.99,0.0,49.99
OI004746,O003118,P081,2,58.99,0.0,117.98
OI004747,O003119,P071,1,189.99,0.0,189.99
OI004748,O003120,P088,1,83.99,0.0,83.99
OI004749,O003121,P068,1,39.99,0.0,39.99
OI004750,O003121,P112,2,39.99,0.0,79.98
OI004751,O003122,P078,1,14.99,0.0,14.99
OI004752,O003122,P159,1,55.99,0.0,55.99
OI004753,O003122,P077,1,199.99,0.0,199.99
OI004754,O003123,P015,1,199.99,0.0,199.99
OI004755,O003124,P026,1,24.99,0.0,24.99
OI004756,O003125,P050,1,799.99,0.0,799.99
OI004757,O003126,P027,1,89.99,0.0,89.99
OI004758,O003126,P077,1,199.99,0.0,199.99
OI004759,O003126,P085,1,39.99,0.0,39.99
OI004760,O003126,P007,1,149.99,0.0,149.99
OI004761,O003127,P086,1,129.99,0.0,129.99
OI004762,O003128,P071,1,189.99,0.0,189.99
OI004763,O003129,P028,1,19.99,0.0,19.99
OI004764,O003130,P030,1,59.99,0.0,59.99
OI004765,O003131,P066,3,94.99,0.0,284.97
OI004766,O003132,P103,1,19.99,0.0,19.99
OI004767,O003133,P015,1,199.99,0.0,199.99
OI004768,O003134,P087,3,349.99,0.0,1049.97
OI004769,O003135,P003,2,129.99,0.0,259.98
OI004770,O003135,P142,1,19.99,0.0,19.99
OI004771,O003135,P084,1,14.99,0.0,14.99
OI004772,O003136,P062,1,24.99,0.0,24.99
OI004773,O003137,P064,1,59.99,0.0,59.99
OI004774,O003138,P120,1,89.99,0.0,89.99
OI004775,O003139,P077,1,199.99,0.0,199.99
OI004776,O003140,P065,2,39.99,0.0,79.98
OI004777,O003141,P082,1,29.99,0.0,29.99
OI004778,O003141,P131,3,79.99,0.0,239.97
OI004779,O003142,P108,1,24.99,0.0,24.99
OI004780,O003142,P084,1,14.99,0.0,14.99
OI004781,O003143,P078,1,14.99,0.0,14.99
OI004782,O003143,P081,1,58.99,0.0,58.99
OI004783,O003144,P081,2,58.99,0.0,117.98
OI004784,O003144,P104,1,59.99,0.0,59.99
OI004785,O003145,P021,1,179.99,0.0,179.99
OI004786,O003146,P072,1,89.99,0.0,89.99
OI004787,O003146,P107,1,99.99,0.0,99.99
OI004788,O003147,P103,1,19.99,0.0,19.99
OI004789,O003148,P003,2,129.99,0.0,259.98
OI004790,O003149,P099,1,29.99,0.0,29.99
OI004791,O003150,P066,1,94.99,0.0,94.99
OI004792,O003150,P103,1,19.99,0.0,19.99
OI004793,O003150,P085,1,39.99,0.0,39.99
OI004794,O003150,P028,1,19.99,0.0,19.99
OI004795,O003151,P094,1,179.99,0.0,179.99
OI004796,O003152,P033,1,79.99,0.0,79.99
OI004797,O003153,P081,1,58.99,0.0,58.99
OI004798,O003154,P081,1,58.99,0.0,58.99
OI004799,O003155,P055,1,179.99,0.0,179.99
OI004800,O003155,P020,1,79.99,0.0,79.99
OI004801,O003156,P133,2,99.99,0.0,199.98
OI004802,O003157,P108,1,24.99,0.0,24.99
OI004803,O003157,P018,1,89.99,0.0,89.99
OI004804,O003158,P130,1,24.99,0.0,24.99
OI004805,O003159,P098,1,199.99,0.0,199.99
OI004806,O003159,P076,1,49.99,0.0,49.99
OI004807,O003159,P121,1,128.99,0.0,128.99
OI004808,O003160,P078,1,14.99,0.0,14.99
OI004809,O003160,P120,1,89.99,0.0,89.99
OI004810,O003161,P091,1,19.99,0.0,19.99
OI004811,O003161,P008,1,79.99,0.0,79.99
OI004812,O003161,P050,1,799.99,0.0,799.99
OI004813,O003162,P012,1,43.99,0.0,43.99
OI004814,O003163,P088,1,83.99,0.0,83.99
OI004815,O003164,P119,1,29.99,0.0,29.99
OI004816,O003165,P132,1,39.99,0.0,39.99
OI004817,O003166,P027,1,89.99,0.0,89.99
OI004818,O003167,P140,1,39.99,0.0,39.99
OI004819,O003167,P087,1,349.99,0.0,349.99
OI004820,O003168,P104,1,59.99,0.0,59.99
OI004821,O003168,P072,1,89.99,0.0,89.99
OI004822,O003169,P148,1,59.99,0.0,59.99
OI004823,O003169,P139,1,89.99,0.0,89.99
OI004824,O003170,P125,1,49.99,0.0,49.99
OI004825,O003171,P077,1,199.99,0.0,199.99
OI004826,O003171,P062,1,24.99,0.0,24.99
OI004827,O003172,P170,1,79.99,0.0,79.99
OI004828,O003173,P028,1,19.99,0.0,19.99
OI004829,O003174,P136,1,44.99,0.0,44.99
OI004830,O003175,P101,1,49.99,0.0,49.99
OI004831,O003176,P099,1,29.99,0.0,29.99
OI004832,O003177,P013,1,149.99,0.0,149.99
OI004833,O003177,P155,1,79.99,0.0,79.99
OI004834,O003178,P077,1,199.99,0.0,199.99
OI004835,O003179,P141,1,99.99,0.0,99.99
OI004836,O003180,P003,1,129.99,0.0,129.99
OI004837,O003181,P012,1,43.99,0.0,43.99
OI004838,O003181,P155,1,79.99,0.0,79.99
OI004839,O003181,P009,1,299.99,0.0,299.99
OI004840,O003182,P016,1,399.99,0.0,399.99
OI004841,O003183,P099,1,29.99,0.0,29.99
OI004842,O003184,P081,3,58.99,0.0,176.97
OI004843,O003185,P025,1,119.99,0.0,119.99
OI004844,O003186,P072,3,89.99,0.0,269.97
OI004845,O003186,P081,1,58.99,0.0,58.99
OI004846,O003187,P092,1,69.99,0.0,69.99
OI004847,O003187,P008,1,79.99,0.0,79.99
OI004848,O003187,P084,3,14.99,0.0,44.97
OI004849,O003188,P084,1,14.99,0.0,14.99
OI004850,O003189,P007,1,149.99,0.0,149.99
OI004851,O003190,P008,1,79.99,0.0,79.99
OI004852,O003191,P020,1,79.99,0.0,79.99
OI004853,O003192,P070,1,69.99,0.0,69.99
OI004854,O003192,P014,1,449.99,0.0,449.99
OI004855,O003192,P080,1,38.99,0.0,38.99
OI004856,O003192,P015,1,199.99,0.0,199.99
OI004857,O003193,P125,2,49.99,0.0,99.98
OI004858,O003194,P151,1,399.99,0.0,399.99
OI004859,O003195,P074,1,19.99,0.0,19.99
OI004860,O003195,P024,1,29.99,0.0,29.99
OI004861,O003195,P045,1,129.99,0.0,129.99
OI004862,O003196,P120,1,89.99,0.0,89.99
OI004863,O003197,P042,1,899.99,0.0,899.99
OI004864,O003197,P052,1,229.99,0.0,229.99
OI004865,O003197,P142,1,19.99,0.0,19.99
OI004866,O003197,P072,1,89.99,0.0,89.99
OI004867,O003198,P129,2,149.99,0.0,299.98
OI004868,O003198,P016,1,399.99,0.0,399.99
OI004869,O003199,P038,1,599.99,0.0,599.99
OI004870,O003200,P128,1,59.99,0.0,59.99
OI004871,O003201,P103,1,19.99,0.0,19.99
OI004872,O003202,P072,1,89.99,0.0,89.99
OI004873,O003203,P068,1,39.99,0.0,39.99
OI004874,O003204,P107,1,99.99,0.0,99.99
OI004875,O003204,P003,1,129.99,0.0,129.99
OI004876,O003204,P004,1,129.99,0.0,129.99
OI004877,O003205,P087,1,349.99,0.0,349.99
OI004878,O003206,P106,1,29.99,0.0,29.99
OI004879,O003207,P088,1,83.99,0.0,83.99
OI004880,O003208,P010,1,89.99,0.0,89.99
OI004881,O003209,P120,1,89.99,0.0,89.99
OI004882,O003210,P027,1,89.99,0.0,89.99
OI004883,O003210,P113,1,84.99,0.0,84.99
OI004884,O003211,P012,1,43.99,0.0,43.99
OI004885,O003211,P077,1,199.99,0.0,199.99
OI004886,O003211,P133,1,99.99,0.0,99.99
OI004887,O003212,P126,1,19.99,0.0,19.99
OI004888,O003212,P041,1,449.99,0.0,449.99
OI004889,O003213,P148,1,59.99,0.0,59.99
OI004890,O003213,P101,1,49.99,0.0,49.99
OI004891,O003214,P048,1,449.99,0.0,449.99
OI004892,O003215,P009,1,299.99,0.0,299.99
OI004893,O003216,P081,1,58.99,0.0,58.99
OI004894,O003217,P108,1,24.99,0.0,24.99
OI004895,O003218,P060,1,139.99,0.0,139.99
OI004896,O003218,P016,1,399.99,0.0,399.99
OI004897,O003218,P150,1,25.99,0.0,25.99
OI004898,O003219,P044,1,399.99,0.0,399.99
OI004899,O003220,P025,1,119.99,0.0,119.99
OI004900,O003221,P056,1,449.99,0.0,449.99
OI004901,O003222,P072,1,89.99,0.0,89.99
OI004902,O003223,P117,1,69.99,0.0,69.99
OI004903,O003224,P105,1,38.99,0.0,38.99
OI004904,O003224,P111,1,99.99,0.0,99.99
OI004905,O003225,P010,1,89.99,0.0,89.99
OI004906,O003226,P128,1,59.99,0.0,59.99
OI004907,O003227,P068,1,39.99,0.0,39.99
OI004908,O003228,P087,1,349.99,0.0,349.99
OI004909,O003228,P024,1,29.99,0.0,29.99
OI004910,O003228,P023,1,199.99,0.0,199.99
OI004911,O003229,P065,1,39.99,0.0,39.99
OI004912,O003230,P021,1,179.99,0.0,179.99
OI004913,O003231,P057,1,149.99,0.0,149.99
OI004914,O003232,P110,3,29.99,0.0,89.97
OI004915,O003233,P148,2,59.99,0.0,119.98
OI004916,O003234,P081,1,58.99,0.0,58.99
OI004917,O003235,P087,1,349.99,0.0,349.99
OI004918,O003236,P019,1,299.99,0.0,299.99
OI004919,O003237,P060,1,139.99,0.0,139.99
OI004920,O003238,P162,1,29.99,0.0,29.99
OI004921,O003238,P095,1,199.99,0.0,199.99
OI004922,O003238,P127,1,49.99,0.0,49.99
OI004923,O003238,P169,1,169.99,0.0,169.99
OI004924,O003239,P130,1,24.99,0.0,24.99
OI004925,O003239,P104,1,59.99,0.0,59.99
OI004926,O003239,P010,1,89.99,0.0,89.99
OI004927,O003240,P098,1,199.99,0.0,199.99
OI004928,O003241,P013,1,149.99,0.0,149.99
OI004929,O003242,P073,1,349.99,0.0,349.99
OI004930,O003243,P017,1,599.99,0.0,599.99
OI004931,O003243,P051,1,89.99,0.0,89.99
OI004932,O003244,P134,1,34.99,0.0,34.99
OI004933,O003245,P023,1,199.99,0.0,199.99
OI004934,O003246,P086,1,129.99,0.0,129.99
OI004935,O003246,P020,1,79.99,0.0,79.99
OI004936,O003246,P103,1,19.99,0.0,19.99
OI004937,O003247,P011,1,229.99,0.0,229.99
OI004938,O003248,P003,1,129.99,0.0,129.99
OI004939,O003248,P115,1,49.99,0.0,49.99
OI004940,O003249,P125,1,49.99,0.0,49.99
OI004941,O003249,P120,1,89.99,0.0,89.99
OI004942,O003250,P035,1,999.99,0.0,999.99
OI004943,O003251,P090,1,189.99,0.0,189.99
OI004944,O003252,P115,1,49.99,0.0,49.99
OI004945,O003252,P128,1,59.99,0.0,59.99
OI004946,O003253,P148,1,59.99,0.0,59.99
OI004947,O003253,P147,1,54.99,0.0,54.99
OI004948,O003254,P076,1,49.99,0.0,49.99
OI004949,O003255,P087,1,349.99,0.0,349.99
OI004950,O003256,P140,1,39.99,0.0,39.99
OI004951,O003257,P150,1,25.99,0.0,25.99
OI004952,O003257,P085,1,39.99,0.0,39.99
OI004953,O003257,P120,1,89.99,0.0,89.99
OI004954,O003258,P106,1,29.99,0.0,29.99
OI004955,O003258,P067,1,149.99,0.0,149.99
OI004956,O003258,P064,1,59.99,0.0,59.99
OI004957,O003259,P120,1,89.99,0.0,89.99
OI004958,O003260,P122,1,29.99,0.0,29.99
OI004959,O003260,P001,1,49.99,0.0,49.99
OI004960,O003260,P081,1,58.99,0.0,58.99
OI004961,O003260,P143,1,49.99,0.0,49.99
OI004962,O003261,P064,1,59.99,0.0,59.99
OI004963,O003262,P099,1,29.99,0.0,29.99
OI004964,O003263,P081,1,58.99,0.0,58.99
OI004965,O003264,P016,1,399.99,0.0,399.99
OI004966,O003265,P069,1,119.99,0.0,119.99
OI004967,O003266,P019,1,299.99,0.0,299.99
OI004968,O003266,P027,1,89.99,0.0,89.99
OI004969,O003267,P143,1,49.99,0.0,49.99
OI004970,O003268,P092,1,69.99,0.0,69.99
OI004971,O003269,P013,1,149.99,37.5,112.49
OI004972,O003270,P149,1,129.99,0.0,129.99
OI004973,O003270,P130,1,24.99,0.0,24.99
OI004974,O003271,P171,1,199.99,0.0,199.99
OI004975,O003272,P155,1,79.99,0.0,79.99
OI004976,O003273,P072,1,89.99,0.0,89.99
OI004977,O003274,P086,1,129.99,32.5,97.49
OI004978,O003275,P052,1,229.99,0.0,229.99
OI004979,O003275,P142,1,19.99,0.0,19.99
OI004980,O003276,P086,1,129.99,32.5,97.49
OI004981,O003276,P062,1,24.99,6.25,18.74
OI004982,O003277,P023,1,199.99,50.0,149.99
OI004983,O003278,P097,1,49.99,12.5,37.49
OI004984,O003278,P120,1,89.99,22.5,67.49
OI004985,O003279,P020,1,79.99,20.0,59.99
OI004986,O003279,P001,1,49.99,12.5,37.49
OI004987,O003280,P032,1,29.99,7.5,22.49
OI004988,O003281,P082,1,29.99,7.5,22.49
OI004989,O003281,P133,1,99.99,25.0,74.99
OI004990,O003282,P005,1,349.99,0.0,349.99
OI004991,O003283,P103,1,19.99,5.0,14.99
OI004992,O003284,P053,1,299.99,75.0,224.99
OI004993,O003285,P071,1,189.99,47.5,142.49
OI004994,O003286,P068,1,39.99,10.0,29.99
OI004995,O003286,P103,1,19.99,5.0,14.99
OI004996,O003287,P125,1,49.99,12.5,37.49
OI004997,O003288,P134,1,34.99,0.0,34.99
OI004998,O003288,P075,1,69.99,0.0,69.99
OI004999,O003289,P136,1,44.99,11.25,33.74
OI005000,O003289,P068,1,39.99,10.0,29.99
OI005001,O003289,P007,1,149.99,37.5,112.49
OI005002,O003289,P120,1,89.99,22.5,67.49
OI005003,O003290,P120,1,89.99,0.0,89.99
OI005004,O003291,P084,1,14.99,3.75,11.24
OI005005,O003291,P120,1,89.99,22.5,67.49
OI005006,O003291,P009,1,299.99,75.0,224.99
OI005007,O003292,P005,1,349.99,87.5,262.49
OI005008,O003292,P077,1,199.99,50.0,149.99
OI005009,O003293,P028,1,19.99,5.0,14.99
OI005010,O003294,P103,1,19.99,0.0,19.99
OI005011,O003295,P133,1,99.99,0.0,99.99
OI005012,O003295,P049,1,349.99,0.0,349.99
OI005013,O003296,P128,1,59.99,15.0,44.99
OI005014,O003297,P098,1,199.99,0.0,199.99
OI005015,O003298,P146,1,24.99,6.25,18.74
OI005016,O003299,P019,1,299.99,75.0,224.99
OI005017,O003300,P064,1,59.99,15.0,44.99
OI005018,O003300,P039,1,169.99,42.5,127.49
OI005019,O003300,P106,1,29.99,7.5,22.49
OI005020,O003300,P137,1,109.99,27.5,82.49
OI005021,O003301,P029,1,49.99,12.5,37.49
OI005022,O003301,P006,1,39.99,10.0,29.99
OI005023,O003302,P020,1,79.99,20.0,59.99
OI005024,O003302,P027,1,89.99,22.5,67.49
OI005025,O003302,P060,1,139.99,35.0,104.99
OI005026,O003303,P120,1,89.99,22.5,67.49
OI005027,O003304,P015,1,199.99,0.0,199.99
OI005028,O003304,P165,1,79.99,0.0,79.99
OI005029,O003305,P030,1,59.99,15.0,44.99
OI005030,O003305,P027,1,89.99,22.5,67.49
OI005031,O003306,P103,1,19.99,5.0,14.99
OI005032,O003307,P067,1,149.99,37.5,112.49
OI005033,O003308,P002,1,89.99,0.0,89.99
OI005034,O003308,P006,1,39.99,0.0,39.99
OI005035,O003309,P073,2,349.99,175.0,524.98
OI005036,O003310,P024,1,29.99,0.0,29.99
OI005037,O003311,P081,1,58.99,14.75,44.24
OI005038,O003312,P103,1,19.99,0.0,19.99
OI005039,O003313,P013,1,149.99,37.5,112.49
OI005040,O003314,P016,1,399.99,100.0,299.99
OI005041,O003315,P084,1,14.99,3.75,11.24
OI005042,O003316,P148,1,59.99,0.0,59.99
OI005043,O003316,P113,1,84.99,0.0,84.99
OI005044,O003316,P018,1,89.99,0.0,89.99
OI005045,O003317,P125,1,49.99,0.0,49.99
OI005046,O003318,P003,1,129.99,32.5,97.49
OI005047,O003319,P098,1,199.99,0.0,199.99
OI005048,O003319,P158,1,449.99,0.0,449.99
OI005049,O003320,P103,1,19.99,0.0,19.99
OI005050,O003320,P003,1,129.99,0.0,129.99
OI005051,O003320,P141,1,99.99,0.0,99.99
OI005052,O003321,P104,1,59.99,15.0,44.99
OI005053,O003322,P076,1,49.99,0.0,49.99
OI005054,O003322,P132,1,39.99,0.0,39.99
OI005055,O003322,P082,2,29.99,0.0,59.98
OI005056,O003323,P115,1,49.99,12.5,37.49
OI005057,O003323,P135,1,79.99,20.0,59.99
OI005058,O003324,P031,1,139.99,35.0,104.99
OI005059,O003324,P026,1,24.99,6.25,18.74
OI005060,O003325,P083,1,99.99,0.0,99.99
OI005061,O003326,P142,1,19.99,0.0,19.99
OI005062,O003327,P015,1,199.99,50.0,149.99
OI005063,O003328,P018,1,89.99,0.0,89.99
OI005064,O003329,P012,1,43.99,11.0,32.99
OI005065,O003330,P123,1,99.99,0.0,99.99
OI005066,O003331,P098,1,199.99,50.0,149.99
OI005067,O003332,P104,1,59.99,0.0,59.99
OI005068,O003333,P063,1,39.99,10.0,29.99
OI005069,O003334,P039,1,169.99,42.5,127.49
OI005070,O003335,P107,2,99.99,49.99,149.99
OI005071,O003335,P104,3,59.99,44.99,134.98
OI005072,O003336,P002,1,89.99,22.5,67.49
OI005073,O003336,P159,1,55.99,14.0,41.99
OI005074,O003337,P146,1,24.99,6.25,18.74
OI005075,O003337,P101,1,49.99,12.5,37.49
OI005076,O003338,P013,1,149.99,37.5,112.49
OI005077,O003338,P081,1,58.99,14.75,44.24
OI005078,O003339,P096,1,449.99,112.5,337.49
OI005079,O003340,P091,1,19.99,0.0,19.99
OI005080,O003341,P006,1,39.99,10.0,29.99
OI005081,O003342,P112,1,39.99,10.0,29.99
OI005082,O003343,P092,1,69.99,17.5,52.49
OI005083,O003344,P021,1,179.99,0.0,179.99
OI005084,O003345,P120,1,89.99,22.5,67.49
OI005085,O003345,P013,1,149.99,37.5,112.49
OI005086,O003345,P015,1,199.99,50.0,149.99
OI005087,O003346,P131,1,79.99,20.0,59.99
OI005088,O003346,P062,1,24.99,6.25,18.74
OI005089,O003346,P142,1,19.99,5.0,14.99
OI005090,O003347,P103,1,19.99,5.0,14.99
OI005091,O003348,P091,1,19.99,5.0,14.99
OI005092,O003349,P030,1,59.99,0.0,59.99
OI005093,O003349,P120,1,89.99,0.0,89.99
OI005094,O003349,P121,1,128.99,0.0,128.99
OI005095,O003350,P130,1,24.99,0.0,24.99
OI005096,O003351,P084,1,14.99,0.0,14.99
OI005097,O003351,P126,1,19.99,0.0,19.99
OI005098,O003352,P143,3,49.99,37.49,112.48
OI005099,O003352,P015,1,199.99,50.0,149.99
OI005100,O003352,P158,1,449.99,112.5,337.49
OI005101,O003353,P088,1,83.99,21.0,62.99
OI005102,O003354,P091,1,19.99,5.0,14.99
OI005103,O003354,P026,1,24.99,6.25,18.74
OI005104,O003355,P081,1,58.99,0.0,58.99
OI005105,O003356,P092,1,69.99,17.5,52.49
OI005106,O003357,P078,1,14.99,3.75,11.24
OI005107,O003357,P052,2,229.99,115.0,344.98
OI005108,O003358,P083,1,99.99,25.0,74.99
OI005109,O003359,P071,1,189.99,47.5,142.49
OI005110,O003359,P057,1,149.99,37.5,112.49
OI005111,O003360,P145,1,69.99,17.5,52.49
OI005112,O003361,P076,1,49.99,12.5,37.49
OI005113,O003362,P064,1,59.99,0.0,59.99
OI005114,O003363,P048,1,449.99,0.0,449.99
OI005115,O003364,P003,1,129.99,32.5,97.49
OI005116,O003365,P121,1,128.99,32.25,96.74
OI005117,O003366,P128,1,59.99,15.0,44.99
OI005118,O003366,P065,1,39.99,10.0,29.99
OI005119,O003367,P076,1,49.99,0.0,49.99
OI005120,O003368,P060,1,139.99,35.0,104.99
OI005121,O003369,P020,1,79.99,20.0,59.99
OI005122,O003370,P084,1,14.99,3.75,11.24
OI005123,O003371,P090,3,189.99,142.49,427.48
OI005124,O003371,P068,1,39.99,10.0,29.99
OI005125,O003371,P062,1,24.99,6.25,18.74
OI005126,O003372,P098,1,199.99,50.0,149.99
OI005127,O003373,P062,1,24.99,0.0,24.99
OI005128,O003374,P101,1,49.99,0.0,49.99
OI005129,O003374,P123,1,99.99,0.0,99.99
OI005130,O003375,P062,1,24.99,6.25,18.74
OI005131,O003376,P019,1,299.99,0.0,299.99
OI005132,O003377,P087,2,349.99,175.0,524.98
OI005133,O003378,P087,1,349.99,87.5,262.49
OI005134,O003379,P128,1,59.99,15.0,44.99
OI005135,O003380,P096,1,449.99,0.0,449.99
OI005136,O003381,P098,1,199.99,0.0,199.99
OI005137,O003382,P121,1,128.99,0.0,128.99
OI005138,O003382,P060,1,139.99,0.0,139.99
OI005139,O003383,P121,1,128.99,32.25,96.74
OI005140,O003384,P131,1,79.99,0.0,79.99
OI005141,O003385,P052,1,229.99,0.0,229.99
OI005142,O003385,P076,1,49.99,0.0,49.99
OI005143,O003385,P131,1,79.99,0.0,79.99
OI005144,O003386,P098,1,199.99,0.0,199.99
OI005145,O003387,P021,1,179.99,45.0,134.99
OI005146,O003387,P003,1,129.99,32.5,97.49
OI005147,O003388,P004,1,129.99,32.5,97.49
OI005148,O003388,P019,1,299.99,75.0,224.99
OI005149,O003388,P009,1,299.99,75.0,224.99
OI005150,O003389,P064,1,59.99,0.0,59.99
OI005151,O003390,P072,1,89.99,22.5,67.49
OI005152,O003391,P008,1,79.99,0.0,79.99
OI005153,O003391,P036,1,1299.99,0.0,1299.99
OI005154,O003392,P130,1,24.99,0.0,24.99
OI005155,O003392,P117,1,69.99,0.0,69.99
OI005156,O003393,P015,1,199.99,0.0,199.99
OI005157,O003394,P128,1,59.99,15.0,44.99
OI005158,O003395,P003,1,129.99,0.0,129.99
OI005159,O003396,P005,1,349.99,87.5,262.49
OI005160,O003396,P137,1,109.99,27.5,82.49
OI005161,O003396,P128,1,59.99,15.0,44.99
OI005162,O003397,P142,1,19.99,5.0,14.99
OI005163,O003398,P078,1,14.99,0.0,14.99
OI005164,O003399,P166,1,24.99,6.25,18.74
OI005165,O003400,P060,1,139.99,35.0,104.99
OI005166,O003400,P035,1,999.99,250.0,749.99
OI005167,O003401,P088,1,83.99,21.0,62.99
OI005168,O003401,P087,1,349.99,87.5,262.49
OI005169,O003401,P103,1,19.99,5.0,14.99
OI005170,O003401,P072,1,89.99,22.5,67.49
OI005171,O003402,P136,1,44.99,0.0,44.99
OI005172,O003403,P103,1,19.99,5.0,14.99
OI005173,O003403,P116,1,149.99,37.5,112.49
OI005174,O003404,P104,1,59.99,15.0,44.99
OI005175,O003405,P108,1,24.99,6.25,18.74
OI005176,O003405,P143,1,49.99,12.5,37.49
OI005177,O003406,P014,1,449.99,0.0,449.99
OI005178,O003406,P100,1,79.99,0.0,79.99
OI005179,O003406,P072,1,89.99,0.0,89.99
OI005180,O003407,P069,1,119.99,30.0,89.99
OI005181,O003408,P120,1,89.99,22.5,67.49
OI005182,O003409,P064,1,59.99,15.0,44.99
OI005183,O003409,P035,1,999.99,250.0,749.99
OI005184,O003409,P135,1,79.99,20.0,59.99
OI005185,O003410,P137,1,109.99,27.5,82.49
OI005186,O003411,P110,1,29.99,0.0,29.99
OI005187,O003412,P099,1,29.99,7.5,22.49
OI005188,O003413,P120,1,89.99,22.5,67.49
OI005189,O003414,P119,1,29.99,7.5,22.49
OI005190,O003415,P003,1,129.99,32.5,97.49
OI005191,O003415,P122,1,29.99,7.5,22.49
OI005192,O003416,P101,1,49.99,0.0,49.99
OI005193,O003417,P084,1,14.99,3.75,11.24
OI005194,O003418,P015,1,199.99,0.0,199.99
OI005195,O003418,P023,1,199.99,0.0,199.99
OI005196,O003419,P103,1,19.99,0.0,19.99
OI005197,O003420,P138,1,39.99,10.0,29.99
OI005198,O003421,P119,2,29.99,0.0,59.98
OI005199,O003422,P103,1,19.99,5.0,14.99
OI005200,O003422,P138,1,39.99,10.0,29.99
OI005201,O003422,P050,1,799.99,200.0,599.99
OI005202,O003423,P016,1,399.99,0.0,399.99
OI005203,O003424,P113,1,84.99,0.0,84.99
OI005204,O003425,P076,1,49.99,12.5,37.49
OI005205,O003426,P016,1,399.99,100.0,299.99
OI005206,O003426,P104,1,59.99,15.0,44.99
OI005207,O003426,P086,1,129.99,32.5,97.49
OI005208,O003427,P060,1,139.99,0.0,139.99
OI005209,O003428,P033,1,79.99,0.0,79.99
OI005210,O003429,P124,1,14.99,0.0,14.99
OI005211,O003429,P105,1,38.99,0.0,38.99
OI005212,O003430,P103,1,19.99,0.0,19.99
OI005213,O003430,P014,1,449.99,0.0,449.99
OI005214,O003431,P016,1,399.99,0.0,399.99
OI005215,O003432,P015,1,199.99,50.0,149.99
OI005216,O003433,P076,3,49.99,37.49,112.48
OI005217,O003434,P108,1,24.99,0.0,24.99
OI005218,O003435,P060,1,139.99,0.0,139.99
OI005219,O003436,P144,1,29.99,7.5,22.49
OI005220,O003436,P098,1,199.99,50.0,149.99
OI005221,O003437,P007,1,149.99,0.0,149.99
OI005222,O003437,P126,2,19.99,0.0,39.98
OI005223,O003438,P103,1,19.99,5.0,14.99
OI005224,O003439,P108,1,24.99,6.25,18.74
OI005225,O003439,P064,2,59.99,30.0,89.98
OI005226,O003440,P122,1,29.99,0.0,29.99
OI005227,O003440,P142,1,19.99,0.0,19.99
OI005228,O003440,P016,1,399.99,0.0,399.99
OI005229,O003441,P081,1,58.99,0.0,58.99
OI005230,O003442,P085,1,39.99,0.0,39.99
OI005231,O003443,P087,1,349.99,87.5,262.49
OI005232,O003444,P056,1,449.99,0.0,449.99
OI005233,O003444,P165,1,79.99,0.0,79.99
OI005234,O003444,P001,1,49.99,0.0,49.99
OI005235,O003445,P101,1,49.99,12.5,37.49
OI005236,O003446,P033,1,79.99,0.0,79.99
OI005237,O003446,P058,1,379.99,0.0,379.99
OI005238,O003447,P007,1,149.99,0.0,149.99
OI005239,O003447,P104,1,59.99,0.0,59.99
OI005240,O003448,P155,1,79.99,20.0,59.99
OI005241,O003449,P161,1,59.99,0.0,59.99
OI005242,O003450,P076,1,49.99,0.0,49.99
OI005243,O003451,P155,1,79.99,20.0,59.99
OI005244,O003451,P005,1,349.99,87.5,262.49
OI005245,O003452,P143,1,49.99,0.0,49.99
OI005246,O003453,P015,1,199.99,50.0,149.99
OI005247,O003454,P002,1,89.99,0.0,89.99
OI005248,O003455,P138,1,39.99,10.0,29.99
OI005249,O003455,P144,1,29.99,7.5,22.49
OI005250,O003455,P048,1,449.99,112.5,337.49
OI005251,O003456,P126,3,19.99,14.99,44.98
OI005252,O003457,P017,1,599.99,0.0,599.99
OI005253,O003457,P123,1,99.99,0.0,99.99
OI005254,O003457,P099,1,29.99,0.0,29.99
OI005255,O003458,P144,1,29.99,7.5,22.49
OI005256,O003458,P063,1,39.99,10.0,29.99
OI005257,O003458,P053,1,299.99,75.0,224.99
OI005258,O003459,P114,1,129.99,32.5,97.49
OI005259,O003460,P084,1,14.99,3.75,11.24
OI005260,O003460,P065,1,39.99,10.0,29.99
OI005261,O003461,P091,1,19.99,5.0,14.99
OI005262,O003462,P055,1,179.99,0.0,179.99
OI005263,O003463,P084,1,14.99,3.75,11.24
OI005264,O003463,P009,1,299.99,75.0,224.99
OI005265,O003464,P133,1,99.99,25.0,74.99
OI005266,O003464,P027,1,89.99,22.5,67.49
OI005267,O003465,P060,1,139.99,35.0,104.99
OI005268,O003465,P007,1,149.99,37.5,112.49
OI005269,O003465,P147,1,54.99,13.75,41.24
OI005270,O003466,P002,1,89.99,22.5,67.49
OI005271,O003467,P031,1,139.99,35.0,104.99
OI005272,O003468,P141,1,99.99,25.0,74.99
OI005273,O003469,P134,1,34.99,0.0,34.99
OI005274,O003470,P103,1,19.99,5.0,14.99
OI005275,O003470,P097,1,49.99,12.5,37.49
OI005276,O003471,P024,1,29.99,7.5,22.49
OI005277,O003472,P103,1,19.99,0.0,19.99
OI005278,O003473,P128,2,59.99,30.0,89.98
OI005279,O003474,P111,1,99.99,25.0,74.99
OI005280,O003475,P075,1,69.99,17.5,52.49
OI005281,O003476,P135,1,79.99,20.0,59.99
OI005282,O003477,P112,1,39.99,0.0,39.99
OI005283,O003478,P067,1,149.99,37.5,112.49
OI005284,O003479,P096,1,449.99,0.0,449.99
OI005285,O003480,P143,1,49.99,12.5,37.49
OI005286,O003480,P052,1,229.99,57.5,172.49
OI005287,O003481,P024,1,29.99,0.0,29.99
OI005288,O003481,P123,1,99.99,0.0,99.99
OI005289,O003482,P126,1,19.99,0.0,19.99
OI005290,O003482,P091,1,19.99,0.0,19.99
OI005291,O003483,P120,1,89.99,22.5,67.49
OI005292,O003484,P071,1,189.99,47.5,142.49
OI005293,O003485,P060,1,139.99,35.0,104.99
OI005294,O003486,P098,1,199.99,50.0,149.99
OI005295,O003487,P013,1,149.99,37.5,112.49
OI005296,O003488,P030,1,59.99,15.0,44.99
OI005297,O003489,P052,1,229.99,0.0,229.99
OI005298,O003490,P060,1,139.99,35.0,104.99
OI005299,O003491,P072,2,89.99,44.99,134.99
OI005300,O003491,P068,1,39.99,10.0,29.99
OI005301,O003492,P060,1,139.99,35.0,104.99
OI005302,O003492,P086,1,129.99,32.5,97.49
OI005303,O003492,P064,1,59.99,15.0,44.99
OI005304,O003492,P144,1,29.99,7.5,22.49
OI005305,O003493,P060,1,139.99,0.0,139.99
OI005306,O003494,P103,1,19.99,5.0,14.99
OI005307,O003495,P084,1,14.99,3.75,11.24
OI005308,O003496,P077,1,199.99,50.0,149.99
OI005309,O003497,P019,1,299.99,75.0,224.99
OI005310,O003498,P105,1,38.99,9.75,29.24
OI005311,O003498,P074,1,19.99,5.0,14.99
OI005312,O003498,P005,1,349.99,87.5,262.49
OI005313,O003499,P032,1,29.99,7.5,22.49
OI005314,O003499,P113,1,84.99,21.25,63.74
OI005315,O003500,P068,1,39.99,0.0,39.99
OI005316,O003501,P070,1,69.99,17.5,52.49
OI005317,O003501,P035,1,999.99,250.0,749.99
OI005318,O003501,P016,1,399.99,100.0,299.99
OI005319,O003502,P155,1,79.99,0.0,79.99
OI005320,O003503,P066,1,94.99,23.75,71.24
OI005321,O003503,P068,1,39.99,10.0,29.99
OI005322,O003504,P060,1,139.99,35.0,104.99
OI005323,O003505,P014,1,449.99,0.0,449.99
OI005324,O003506,P100,1,79.99,0.0,79.99
OI005325,O003506,P148,1,59.99,0.0,59.99
OI005326,O003507,P099,1,29.99,0.0,29.99
OI005327,O003508,P105,1,38.99,9.75,29.24
OI005328,O003509,P015,1,199.99,50.0,149.99
OI005329,O003510,P136,1,44.99,11.25,33.74
OI005330,O003511,P148,1,59.99,15.0,44.99
OI005331,O003512,P020,1,79.99,20.0,59.99
OI005332,O003512,P007,1,149.99,37.5,112.49
OI005333,O003513,P139,1,89.99,22.5,67.49
OI005334,O003514,P156,1,249.99,62.5,187.49
OI005335,O003515,P150,1,25.99,0.0,25.99
OI005336,O003515,P092,1,69.99,0.0,69.99
OI005337,O003516,P004,1,129.99,32.5,97.49
OI005338,O003517,P109,2,79.99,39.99,119.99
OI005339,O003517,P133,1,99.99,25.0,74.99
OI005340,O003518,P087,1,349.99,0.0,349.99
OI005341,O003519,P071,1,189.99,0.0,189.99
OI005342,O003520,P155,2,79.99,39.99,119.99
OI005343,O003521,P093,1,59.99,0.0,59.99
OI005344,O003522,P039,1,169.99,0.0,169.99
OI005345,O003522,P074,2,19.99,0.0,39.98
OI005346,O003523,P158,1,449.99,0.0,449.99
OI005347,O003523,P115,1,49.99,0.0,49.99
OI005348,O003524,P097,1,49.99,0.0,49.99
OI005349,O003525,P112,1,39.99,10.0,29.99
OI005350,O003526,P033,1,79.99,0.0,79.99
OI005351,O003526,P077,1,199.99,0.0,199.99
OI005352,O003527,P148,1,59.99,0.0,59.99
OI005353,O003528,P103,1,19.99,0.0,19.99
OI005354,O003528,P142,1,19.99,0.0,19.99
OI005355,O003529,P036,1,1299.99,325.0,974.99
OI005356,O003530,P084,1,14.99,0.0,14.99
OI005357,O003530,P128,1,59.99,0.0,59.99
OI005358,O003531,P082,1,29.99,0.0,29.99
OI005359,O003532,P132,1,39.99,10.0,29.99
OI005360,O003532,P109,1,79.99,20.0,59.99
OI005361,O003532,P133,1,99.99,25.0,74.99
OI005362,O003532,P143,2,49.99,25.0,74.98
OI005363,O003533,P120,1,89.99,22.5,67.49
OI005364,O003534,P121,1,128.99,0.0,128.99
OI005365,O003534,P020,1,79.99,0.0,79.99
OI005366,O003534,P139,2,89.99,0.0,179.98
OI005367,O003534,P145,1,69.99,0.0,69.99
OI005368,O003535,P123,1,99.99,25.0,74.99
OI005369,O003536,P081,1,58.99,14.75,44.24
OI005370,O003537,P087,3,349.99,0.0,1049.97
OI005371,O003538,P018,1,89.99,22.5,67.49
OI005372,O003539,P120,1,89.99,0.0,89.99
OI005373,O003539,P073,1,349.99,0.0,349.99
OI005374,O003539,P079,3,49.99,0.0,149.97
OI005375,O003539,P065,1,39.99,0.0,39.99
OI005376,O003540,P150,1,25.99,0.0,25.99
OI005377,O003541,P008,1,79.99,0.0,79.99
OI005378,O003542,P091,1,19.99,0.0,19.99
OI005379,O003543,P081,2,58.99,29.5,88.48
OI005380,O003544,P060,1,139.99,35.0,104.99
OI005381,O003544,P083,1,99.99,25.0,74.99
OI005382,O003545,P093,1,59.99,15.0,44.99
OI005383,O003546,P126,1,19.99,0.0,19.99
OI005384,O003547,P139,1,89.99,22.5,67.49
OI005385,O003548,P084,2,14.99,0.0,29.98
OI005386,O003548,P078,1,14.99,0.0,14.99
OI005387,O003548,P120,1,89.99,0.0,89.99
OI005388,O003548,P118,1,219.99,0.0,219.99
OI005389,O003549,P024,1,29.99,7.5,22.49
OI005390,O003549,P072,1,89.99,22.5,67.49
OI005391,O003549,P128,1,59.99,15.0,44.99
OI005392,O003549,P077,1,199.99,50.0,149.99
OI005393,O003550,P127,1,49.99,12.5,37.49
OI005394,O003551,P087,1,349.99,87.5,262.49
OI005395,O003552,P026,1,24.99,0.0,24.99
OI005396,O003552,P144,1,29.99,0.0,29.99
OI005397,O003553,P011,1,229.99,57.5,172.49
OI005398,O003553,P010,1,89.99,22.5,67.49
OI005399,O003554,P143,1,49.99,12.5,37.49
OI005400,O003555,P015,1,199.99,0.0,199.99
OI005401,O003556,P122,1,29.99,7.5,22.49
OI005402,O003557,P057,1,149.99,37.5,112.49
OI005403,O003557,P155,1,79.99,20.0,59.99
OI005404,O003557,P020,1,79.99,20.0,59.99
OI005405,O003557,P084,1,14.99,3.75,11.24
OI005406,O003558,P087,1,349.99,87.5,262.49
OI005407,O003558,P079,1,49.99,12.5,37.49
OI005408,O003559,P126,1,19.99,5.0,14.99
OI005409,O003560,P092,1,69.99,17.5,52.49
OI005410,O003561,P008,1,79.99,20.0,59.99
OI005411,O003561,P092,1,69.99,17.5,52.49
OI005412,O003562,P155,2,79.99,39.99,119.99
OI005413,O003563,P001,1,49.99,12.5,37.49
OI005414,O003564,P072,1,89.99,0.0,89.99
OI005415,O003565,P031,1,139.99,0.0,139.99
OI005416,O003565,P078,1,14.99,0.0,14.99
OI005417,O003566,P125,1,49.99,0.0,49.99
OI005418,O003567,P127,1,49.99,0.0,49.99
OI005419,O003567,P003,1,129.99,0.0,129.99
OI005420,O003568,P148,1,59.99,0.0,59.99
OI005421,O003568,P074,1,19.99,0.0,19.99
OI005422,O003569,P072,1,89.99,0.0,89.99
OI005423,O003570,P088,1,83.99,0.0,83.99
OI005424,O003571,P103,2,19.99,0.0,39.98
OI005425,O003571,P124,1,14.99,0.0,14.99
OI005426,O003571,P128,2,59.99,0.0,119.98
OI005427,O003571,P072,1,89.99,0.0,89.99
OI005428,O003572,P066,1,94.99,0.0,94.99
OI005429,O003573,P081,1,58.99,0.0,58.99
OI005430,O003573,P076,3,49.99,0.0,149.97
OI005431,O003574,P101,1,49.99,0.0,49.99
OI005432,O003575,P112,1,39.99,0.0,39.99
OI005433,O003575,P084,1,14.99,0.0,14.99
OI005434,O003576,P100,1,79.99,0.0,79.99
OI005435,O003576,P066,1,94.99,0.0,94.99
OI005436,O003576,P052,1,229.99,0.0,229.99
OI005437,O003577,P027,1,89.99,0.0,89.99
OI005438,O003578,P022,1,69.99,0.0,69.99
OI005439,O003579,P116,1,149.99,0.0,149.99
OI005440,O003579,P087,1,349.99,0.0,349.99
OI005441,O003580,P025,1,119.99,0.0,119.99
OI005442,O003581,P122,1,29.99,0.0,29.99
OI005443,O003582,P087,1,349.99,0.0,349.99
OI005444,O003583,P121,1,128.99,0.0,128.99
OI005445,O003583,P095,1,199.99,0.0,199.99
OI005446,O003584,P072,1,89.99,0.0,89.99
OI005447,O003585,P155,1,79.99,0.0,79.99
OI005448,O003585,P087,1,349.99,0.0,349.99
OI005449,O003586,P128,1,59.99,0.0,59.99
OI005450,O003587,P056,1,449.99,0.0,449.99
OI005451,O003587,P150,1,25.99,0.0,25.99
OI005452,O003588,P064,1,59.99,0.0,59.99
OI005453,O003589,P031,1,139.99,0.0,139.99
OI005454,O003590,P148,1,59.99,0.0,59.99
OI005455,O003591,P147,1,54.99,0.0,54.99
OI005456,O003592,P121,1,128.99,0.0,128.99
OI005457,O003592,P064,1,59.99,0.0,59.99
OI005458,O003592,P003,1,129.99,0.0,129.99
OI005459,O003593,P052,1,229.99,0.0,229.99
OI005460,O003593,P110,1,29.99,0.0,29.99
OI005461,O003594,P123,1,99.99,0.0,99.99
OI005462,O003595,P014,1,449.99,0.0,449.99
OI005463,O003596,P129,1,149.99,0.0,149.99
OI005464,O003597,P098,1,199.99,0.0,199.99
OI005465,O003598,P002,1,89.99,0.0,89.99
OI005466,O003599,P148,1,59.99,0.0,59.99
OI005467,O003599,P001,1,49.99,0.0,49.99
OI005468,O003600,P098,1,199.99,0.0,199.99
OI005469,O003600,P155,1,79.99,0.0,79.99
OI005470,O003601,P043,1,189.99,0.0,189.99
OI005471,O003602,P069,1,119.99,0.0,119.99
OI005472,O003602,P126,1,19.99,0.0,19.99
OI005473,O003603,P081,1,58.99,0.0,58.99
OI005474,O003603,P076,1,49.99,0.0,49.99
OI005475,O003604,P016,1,399.99,0.0,399.99
OI005476,O003605,P121,1,128.99,0.0,128.99
OI005477,O003606,P070,1,69.99,0.0,69.99
OI005478,O003607,P142,1,19.99,0.0,19.99
OI005479,O003608,P100,1,79.99,0.0,79.99
OI005480,O003609,P122,1,29.99,0.0,29.99
OI005481,O003610,P155,1,79.99,0.0,79.99
OI005482,O003611,P159,1,55.99,0.0,55.99
OI005483,O003612,P120,1,89.99,0.0,89.99
OI005484,O003613,P142,1,19.99,0.0,19.99
OI005485,O003614,P004,1,129.99,0.0,129.99
OI005486,O003615,P076,1,49.99,0.0,49.99
OI005487,O003616,P127,1,49.99,0.0,49.99
OI005488,O003617,P085,1,39.99,0.0,39.99
OI005489,O003618,P112,1,39.99,0.0,39.99
OI005490,O003619,P052,1,229.99,0.0,229.99
OI005491,O003620,P138,1,39.99,0.0,39.99
OI005492,O003621,P005,1,349.99,0.0,349.99
OI005493,O003621,P076,1,49.99,0.0,49.99
OI005494,O003622,P103,2,19.99,0.0,39.98
OI005495,O003622,P081,1,58.99,0.0,58.99
OI005496,O003623,P084,1,14.99,0.0,14.99
OI005497,O003624,P025,1,119.99,0.0,119.99
OI005498,O003625,P081,1,58.99,0.0,58.99
OI005499,O003626,P120,1,89.99,0.0,89.99
OI005500,O003627,P087,1,349.99,0.0,349.99
OI005501,O003628,P104,1,59.99,0.0,59.99
OI005502,O003628,P084,1,14.99,0.0,14.99
OI005503,O003628,P156,1,249.99,0.0,249.99
OI005504,O003628,P155,1,79.99,0.0,79.99
OI005505,O003629,P118,1,219.99,0.0,219.99
OI005506,O003630,P098,1,199.99,0.0,199.99
OI005507,O003630,P073,1,349.99,0.0,349.99
OI005508,O003630,P099,1,29.99,0.0,29.99
OI005509,O003631,P108,1,24.99,0.0,24.99
OI005510,O003632,P109,1,79.99,0.0,79.99
OI005511,O003633,P111,1,99.99,0.0,99.99
OI005512,O003634,P144,1,29.99,0.0,29.99
OI005513,O003634,P166,1,24.99,0.0,24.99
OI005514,O003635,P004,1,129.99,0.0,129.99
OI005515,O003636,P117,1,69.99,0.0,69.99
OI005516,O003637,P146,1,24.99,0.0,24.99
OI005517,O003637,P103,1,19.99,0.0,19.99
OI005518,O003638,P081,1,58.99,0.0,58.99
OI005519,O003639,P076,1,49.99,0.0,49.99
OI005520,O003639,P025,1,119.99,0.0,119.99
OI005521,O003640,P127,1,49.99,0.0,49.99
OI005522,O003641,P103,1,19.99,0.0,19.99
OI005523,O003641,P099,1,29.99,0.0,29.99
OI005524,O003642,P126,1,19.99,0.0,19.99
OI005525,O003643,P062,1,24.99,0.0,24.99
OI005526,O003643,P002,1,89.99,0.0,89.99
OI005527,O003644,P011,1,229.99,0.0,229.99
OI005528,O003645,P006,1,39.99,0.0,39.99
OI005529,O003645,P101,1,49.99,0.0,49.99
OI005530,O003645,P066,1,94.99,0.0,94.99
OI005531,O003645,P111,1,99.99,0.0,99.99
OI005532,O003646,P124,1,14.99,0.0,14.99
OI005533,O003647,P066,1,94.99,0.0,94.99
OI005534,O003647,P131,1,79.99,0.0,79.99
OI005535,O003647,P052,1,229.99,0.0,229.99
OI005536,O003648,P149,1,129.99,0.0,129.99
OI005537,O003648,P041,1,449.99,0.0,449.99
OI005538,O003648,P087,1,349.99,0.0,349.99
OI005539,O003649,P133,1,99.99,0.0,99.99
OI005540,O003650,P060,1,139.99,0.0,139.99
OI005541,O003651,P054,1,649.99,0.0,649.99
OI005542,O003651,P148,1,59.99,0.0,59.99
OI005543,O003652,P117,1,69.99,0.0,69.99
OI005544,O003653,P103,1,19.99,0.0,19.99
OI005545,O003654,P026,1,24.99,0.0,24.99
OI005546,O003654,P002,1,89.99,0.0,89.99
OI005547,O003654,P066,1,94.99,0.0,94.99
OI005548,O003655,P148,1,59.99,0.0,59.99
OI005549,O003656,P125,1,49.99,0.0,49.99
OI005550,O003656,P115,1,49.99,0.0,49.99
OI005551,O003657,P060,2,139.99,0.0,279.98
OI005552,O003657,P068,1,39.99,0.0,39.99
OI005553,O003657,P110,2,29.99,0.0,59.98
OI005554,O003658,P021,1,179.99,0.0,179.99
OI005555,O003659,P015,1,199.99,0.0,199.99
OI005556,O003660,P087,1,349.99,0.0,349.99
OI005557,O003661,P003,1,129.99,0.0,129.99
OI005558,O003662,P079,1,49.99,0.0,49.99
OI005559,O003662,P087,1,349.99,0.0,349.99
OI005560,O003663,P023,1,199.99,0.0,199.99
OI005561,O003664,P119,2,29.99,0.0,59.98
OI005562,O003664,P052,1,229.99,0.0,229.99
OI005563,O003664,P020,1,79.99,0.0,79.99
OI005564,O003664,P148,1,59.99,0.0,59.99
OI005565,O003665,P103,1,19.99,0.0,19.99
OI005566,O003666,P137,3,109.99,0.0,329.97
OI005567,O003667,P029,1,49.99,0.0,49.99
OI005568,O003668,P020,1,79.99,0.0,79.99
OI005569,O003669,P016,1,399.99,0.0,399.99
OI005570,O003670,P103,1,19.99,0.0,19.99
OI005571,O003671,P129,2,149.99,0.0,299.98
OI005572,O003671,P101,1,49.99,0.0,49.99
OI005573,O003671,P094,1,179.99,0.0,179.99
OI005574,O003672,P121,1,128.99,0.0,128.99
OI005575,O003672,P087,1,349.99,0.0,349.99
OI005576,O003673,P087,1,349.99,0.0,349.99
OI005577,O003673,P052,1,229.99,0.0,229.99
OI005578,O003673,P122,1,29.99,0.0,29.99
OI005579,O003674,P075,1,69.99,0.0,69.99
OI005580,O003674,P034,1,699.99,0.0,699.99
OI005581,O003675,P130,1,24.99,0.0,24.99
OI005582,O003676,P125,1,49.99,0.0,49.99
OI005583,O003677,P094,1,179.99,0.0,179.99
OI005584,O003678,P113,1,84.99,0.0,84.99
OI005585,O003679,P103,1,19.99,0.0,19.99
OI005586,O003679,P128,1,59.99,0.0,59.99
OI005587,O003679,P009,1,299.99,0.0,299.99
OI005588,O003679,P024,1,29.99,0.0,29.99
OI005589,O003680,P058,1,379.99,76.0,303.99
OI005590,O003681,P140,1,39.99,0.0,39.99
OI005591,O003682,P127,1,49.99,0.0,49.99
OI005592,O003683,P107,1,99.99,0.0,99.99
OI005593,O003684,P010,1,89.99,0.0,89.99
OI005594,O003685,P110,1,29.99,0.0,29.99
OI005595,O003685,P075,1,69.99,0.0,69.99
OI005596,O003686,P070,1,69.99,0.0,69.99
OI005597,O003687,P028,1,19.99,0.0,19.99
OI005598,O003688,P064,2,59.99,0.0,119.98
OI005599,O003688,P111,1,99.99,0.0,99.99
OI005600,O003688,P076,1,49.99,0.0,49.99
OI005601,O003689,P109,1,79.99,0.0,79.99
OI005602,O003690,P081,1,58.99,0.0,58.99
OI005603,O003691,P016,1,399.99,0.0,399.99
OI005604,O003692,P057,1,149.99,30.0,119.99
OI005605,O003693,P146,1,24.99,0.0,24.99
OI005606,O003693,P115,1,49.99,0.0,49.99
OI005607,O003694,P016,1,399.99,0.0,399.99
OI005608,O003694,P134,1,34.99,0.0,34.99
OI005609,O003694,P141,1,99.99,0.0,99.99
OI005610,O003695,P016,1,399.99,0.0,399.99
OI005611,O003695,P083,1,99.99,0.0,99.99
OI005612,O003695,P067,1,149.99,0.0,149.99
OI005613,O003695,P068,1,39.99,0.0,39.99
OI005614,O003696,P084,1,14.99,0.0,14.99
OI005615,O003697,P155,1,79.99,0.0,79.99
OI005616,O003698,P088,1,83.99,0.0,83.99
OI005617,O003699,P018,1,89.99,0.0,89.99
OI005618,O003700,P087,1,349.99,0.0,349.99
OI005619,O003701,P103,1,19.99,0.0,19.99
OI005620,O003702,P089,1,59.99,0.0,59.99
OI005621,O003703,P101,1,49.99,0.0,49.99
OI005622,O003704,P101,1,49.99,0.0,49.99
OI005623,O003705,P068,1,39.99,0.0,39.99
OI005624,O003706,P081,1,58.99,0.0,58.99
OI005625,O003707,P100,1,79.99,0.0,79.99
OI005626,O003708,P006,1,39.99,0.0,39.99
OI005627,O003709,P025,1,119.99,0.0,119.99
OI005628,O003710,P055,1,179.99,36.0,143.99
OI005629,O003710,P167,1,59.99,0.0,59.99
OI005630,O003711,P140,1,39.99,0.0,39.99
OI005631,O003711,P142,1,19.99,0.0,19.99
OI005632,O003711,P037,1,329.99,66.0,263.99
OI005633,O003711,P005,1,349.99,0.0,349.99
OI005634,O003712,P087,1,349.99,0.0,349.99
OI005635,O003713,P140,1,39.99,0.0,39.99
OI005636,O003714,P066,1,94.99,0.0,94.99
OI005637,O003715,P032,1,29.99,0.0,29.99
OI005638,O003716,P143,1,49.99,0.0,49.99
OI005639,O003717,P087,1,349.99,0.0,349.99
OI005640,O003717,P023,1,199.99,0.0,199.99
OI005641,O003718,P027,1,89.99,0.0,89.99
OI005642,O003718,P124,1,14.99,0.0,14.99
OI005643,O003718,P019,1,299.99,0.0,299.99
OI005644,O003718,P016,1,399.99,0.0,399.99
OI005645,O003719,P016,1,399.99,0.0,399.99
OI005646,O003719,P101,1,49.99,0.0,49.99
OI005647,O003720,P114,1,129.99,0.0,129.99
OI005648,O003721,P136,1,44.99,0.0,44.99
OI005649,O003722,P054,1,649.99,0.0,649.99
OI005650,O003723,P100,2,79.99,0.0,159.98
OI005651,O003723,P167,1,59.99,0.0,59.99
OI005652,O003724,P108,1,24.99,0.0,24.99
OI005653,O003725,P103,3,19.99,0.0,59.97
OI005654,O003725,P107,1,99.99,0.0,99.99
OI005655,O003726,P044,1,399.99,0.0,399.99
OI005656,O003727,P111,1,99.99,0.0,99.99
OI005657,O003728,P100,1,79.99,0.0,79.99
OI005658,O003729,P161,1,59.99,0.0,59.99
OI005659,O003730,P006,1,39.99,0.0,39.99
OI005660,O003730,P041,1,449.99,0.0,449.99
OI005661,O003731,P132,1,39.99,0.0,39.99
OI005662,O003731,P072,1,89.99,0.0,89.99
OI005663,O003731,P015,1,199.99,0.0,199.99
OI005664,O003732,P011,1,229.99,0.0,229.99
OI005665,O003733,P159,2,55.99,0.0,111.98
OI005666,O003733,P122,1,29.99,0.0,29.99
OI005667,O003734,P149,1,129.99,0.0,129.99
OI005668,O003734,P072,1,89.99,0.0,89.99
OI005669,O003734,P118,1,219.99,0.0,219.99
OI005670,O003735,P027,1,89.99,0.0,89.99
OI005671,O003735,P143,1,49.99,0.0,49.99
OI005672,O003736,P135,1,79.99,0.0,79.99
OI005673,O003737,P041,1,449.99,0.0,449.99
OI005674,O003738,P087,1,349.99,0.0,349.99
OI005675,O003739,P126,2,19.99,0.0,39.98
OI005676,O003740,P050,1,799.99,0.0,799.99
OI005677,O003741,P046,1,349.99,0.0,349.99
OI005678,O003741,P146,1,24.99,0.0,24.99
OI005679,O003741,P062,1,24.99,0.0,24.99
OI005680,O003742,P076,1,49.99,0.0,49.99
OI005681,O003743,P090,1,189.99,0.0,189.99
OI005682,O003743,P128,1,59.99,0.0,59.99
OI005683,O003744,P106,1,29.99,0.0,29.99
OI005684,O003745,P008,1,79.99,0.0,79.99
OI005685,O003746,P068,1,39.99,0.0,39.99
OI005686,O003747,P117,3,69.99,0.0,209.97
OI005687,O003747,P001,1,49.99,0.0,49.99
OI005688,O003748,P064,1,59.99,0.0,59.99
OI005689,O003749,P155,1,79.99,0.0,79.99
OI005690,O003750,P019,1,299.99,0.0,299.99
OI005691,O003751,P137,1,109.99,0.0,109.99
OI005692,O003752,P091,2,19.99,0.0,39.98
OI005693,O003753,P137,1,109.99,0.0,109.99
OI005694,O003754,P087,2,349.99,0.0,699.98
OI005695,O003755,P076,1,49.99,0.0,49.99
OI005696,O003755,P081,1,58.99,0.0,58.99
OI005697,O003756,P167,1,59.99,0.0,59.99
OI005698,O003757,P060,1,139.99,0.0,139.99
OI005699,O003758,P155,1,79.99,0.0,79.99
OI005700,O003758,P081,2,58.99,0.0,117.98
OI005701,O003758,P007,1,149.99,0.0,149.99
OI005702,O003759,P147,1,54.99,0.0,54.99
OI005703,O003760,P087,1,349.99,0.0,349.99
OI005704,O003761,P145,1,69.99,0.0,69.99
OI005705,O003762,P143,2,49.99,0.0,99.98
OI005706,O003762,P154,1,349.99,0.0,349.99
OI005707,O003762,P107,1,99.99,0.0,99.99
OI005708,O003763,P120,3,89.99,0.0,269.97
OI005709,O003764,P158,3,449.99,0.0,1349.97
OI005710,O003765,P123,1,99.99,0.0,99.99
OI005711,O003766,P159,1,55.99,0.0,55.99
OI005712,O003767,P075,1,69.99,0.0,69.99
OI005713,O003768,P162,1,29.99,0.0,29.99
OI005714,O003768,P105,1,38.99,0.0,38.99
OI005715,O003768,P058,1,379.99,0.0,379.99
OI005716,O003768,P011,1,229.99,0.0,229.99
OI005717,O003769,P009,1,299.99,0.0,299.99
OI005718,O003769,P138,1,39.99,0.0,39.99
OI005719,O003770,P143,1,49.99,0.0,49.99
OI005720,O003770,P045,1,129.99,0.0,129.99
OI005721,O003770,P036,1,1299.99,0.0,1299.99
OI005722,O003770,P120,1,89.99,0.0,89.99
OI005723,O003771,P021,1,179.99,0.0,179.99
OI005724,O003771,P008,1,79.99,0.0,79.99
OI005725,O003772,P031,1,139.99,0.0,139.99
OI005726,O003773,P120,1,89.99,0.0,89.99
OI005727,O003774,P143,1,49.99,0.0,49.99
OI005728,O003775,P103,1,19.99,0.0,19.99
OI005729,O003776,P132,1,39.99,0.0,39.99
OI005730,O003777,P097,1,49.99,0.0,49.99
OI005731,O003777,P143,1,49.99,0.0,49.99
OI005732,O003778,P119,1,29.99,0.0,29.99
OI005733,O003778,P105,2,38.99,0.0,77.98
OI005734,O003778,P064,1,59.99,0.0,59.99
OI005735,O003778,P030,1,59.99,0.0,59.99
OI005736,O003779,P081,1,58.99,0.0,58.99
OI005737,O003780,P136,1,44.99,0.0,44.99
OI005738,O003780,P072,3,89.99,0.0,269.97
OI005739,O003781,P027,1,89.99,0.0,89.99
OI005740,O003782,P045,1,129.99,0.0,129.99
OI005741,O003782,P004,1,129.99,0.0,129.99
OI005742,O003782,P016,1,399.99,0.0,399.99
OI005743,O003782,P051,1,89.99,0.0,89.99
OI005744,O003783,P016,1,399.99,0.0,399.99
OI005745,O003783,P020,1,79.99,0.0,79.99
OI005746,O003784,P036,1,1299.99,0.0,1299.99
OI005747,O003785,P169,1,169.99,0.0,169.99
OI005748,O003785,P005,1,349.99,0.0,349.99
OI005749,O003786,P119,1,29.99,0.0,29.99
OI005750,O003787,P098,1,199.99,0.0,199.99
OI005751,O003788,P044,1,399.99,0.0,399.99
OI005752,O003788,P063,1,39.99,0.0,39.99
OI005753,O003789,P097,1,49.99,0.0,49.99
OI005754,O003790,P094,1,179.99,0.0,179.99
OI005755,O003791,P108,1,24.99,0.0,24.99
OI005756,O003792,P159,1,55.99,0.0,55.99
OI005757,O003793,P015,1,199.99,0.0,199.99
OI005758,O003793,P061,1,329.99,0.0,329.99
OI005759,O003793,P029,1,49.99,0.0,49.99
OI005760,O003793,P019,1,299.99,0.0,299.99
OI005761,O003794,P066,1,94.99,0.0,94.99
OI005762,O003795,P096,1,449.99,0.0,449.99
OI005763,O003796,P098,1,199.99,0.0,199.99
OI005764,O003796,P041,1,449.99,0.0,449.99
OI005765,O003797,P074,1,19.99,0.0,19.99
OI005766,O003797,P005,1,349.99,0.0,349.99
OI005767,O003797,P019,1,299.99,0.0,299.99
OI005768,O003798,P073,1,349.99,0.0,349.99
OI005769,O003798,P120,1,89.99,0.0,89.99
OI005770,O003799,P159,2,55.99,0.0,111.98
OI005771,O003800,P015,1,199.99,0.0,199.99
OI005772,O003801,P083,1,99.99,0.0,99.99
OI005773,O003801,P087,1,349.99,0.0,349.99
OI005774,O003801,P019,1,299.99,0.0,299.99
OI005775,O003802,P123,1,99.99,0.0,99.99
OI005776,O003803,P008,1,79.99,0.0,79.99
OI005777,O003804,P133,1,99.99,0.0,99.99
OI005778,O003805,P087,1,349.99,0.0,349.99
OI005779,O003806,P148,1,59.99,0.0,59.99
OI005780,O003807,P113,1,84.99,0.0,84.99
OI005781,O003808,P148,2,59.99,0.0,119.98
OI005782,O003808,P084,1,14.99,0.0,14.99
OI005783,O003809,P063,1,39.99,0.0,39.99
OI005784,O003809,P003,2,129.99,0.0,259.98
OI005785,O003809,P131,1,79.99,0.0,79.99
OI005786,O003810,P126,2,19.99,0.0,39.98
OI005787,O003811,P065,1,39.99,0.0,39.99
OI005788,O003811,P148,1,59.99,0.0,59.99
OI005789,O003812,P142,1,19.99,0.0,19.99
OI005790,O003813,P123,1,99.99,0.0,99.99
OI005791,O003814,P082,1,29.99,0.0,29.99
OI005792,O003815,P055,1,179.99,0.0,179.99
OI005793,O003815,P104,1,59.99,0.0,59.99
OI005794,O003816,P112,2,39.99,0.0,79.98
OI005795,O003817,P103,2,19.99,0.0,39.98
OI005796,O003818,P150,1,25.99,0.0,25.99
OI005797,O003819,P101,1,49.99,0.0,49.99
OI005798,O003820,P100,1,79.99,0.0,79.99
OI005799,O003821,P104,1,59.99,0.0,59.99
OI005800,O003822,P072,1,89.99,0.0,89.99
OI005801,O003823,P088,1,83.99,0.0,83.99
OI005802,O003824,P084,1,14.99,0.0,14.99
OI005803,O003825,P095,1,199.99,0.0,199.99
OI005804,O003826,P130,2,24.99,0.0,49.98
OI005805,O003827,P087,1,349.99,0.0,349.99
OI005806,O003828,P020,1,79.99,0.0,79.99
OI005807,O003828,P098,1,199.99,0.0,199.99
OI005808,O003829,P013,1,149.99,0.0,149.99
OI005809,O003830,P002,1,89.99,0.0,89.99
OI005810,O003831,P084,1,14.99,0.0,14.99
OI005811,O003831,P064,1,59.99,0.0,59.99
OI005812,O003832,P087,1,349.99,0.0,349.99
OI005813,O003832,P126,1,19.99,0.0,19.99
OI005814,O003833,P148,2,59.99,0.0,119.98
OI005815,O003834,P025,1,119.99,0.0,119.99
OI005816,O003835,P081,1,58.99,0.0,58.99
OI005817,O003836,P134,1,34.99,0.0,34.99
OI005818,O003837,P142,1,19.99,0.0,19.99
OI005819,O003838,P079,1,49.99,0.0,49.99
OI005820,O003839,P016,1,399.99,0.0,399.99
OI005821,O003840,P148,1,59.99,0.0,59.99
OI005822,O003841,P128,1,59.99,0.0,59.99
OI005823,O003841,P083,1,99.99,0.0,99.99
OI005824,O003842,P110,1,29.99,0.0,29.99
OI005825,O003843,P129,1,149.99,0.0,149.99
OI005826,O003844,P113,1,84.99,0.0,84.99
OI005827,O003845,P003,1,129.99,0.0,129.99
OI005828,O003846,P076,1,49.99,0.0,49.99
OI005829,O003847,P145,1,69.99,0.0,69.99
OI005830,O003848,P160,3,19.99,0.0,59.97
OI005831,O003849,P101,1,49.99,0.0,49.99
OI005832,O003849,P120,1,89.99,0.0,89.99
OI005833,O003850,P090,1,189.99,0.0,189.99
OI005834,O003850,P009,1,299.99,0.0,299.99
OI005835,O003850,P068,1,39.99,0.0,39.99
OI005836,O003851,P088,1,83.99,0.0,83.99
OI005837,O003851,P019,1,299.99,0.0,299.99
OI005838,O003851,P018,1,89.99,0.0,89.99
OI005839,O003852,P060,1,139.99,0.0,139.99
OI005840,O003852,P123,1,99.99,0.0,99.99
OI005841,O003852,P126,1,19.99,0.0,19.99
OI005842,O003852,P045,1,129.99,0.0,129.99
OI005843,O003853,P155,2,79.99,0.0,159.98
OI005844,O003853,P144,1,29.99,0.0,29.99
OI005845,O003854,P139,1,89.99,0.0,89.99
OI005846,O003855,P019,1,299.99,0.0,299.99
OI005847,O003856,P017,1,599.99,0.0,599.99
OI005848,O003857,P076,1,49.99,0.0,49.99
OI005849,O003858,P078,1,14.99,0.0,14.99
OI005850,O003858,P009,1,299.99,0.0,299.99
OI005851,O003858,P026,1,24.99,0.0,24.99
OI005852,O003859,P092,1,69.99,0.0,69.99
OI005853,O003859,P101,1,49.99,0.0,49.99
OI005854,O003859,P013,1,149.99,0.0,149.99
OI005855,O003860,P156,1,249.99,0.0,249.99
OI005856,O003861,P072,1,89.99,0.0,89.99
OI005857,O003861,P081,1,58.99,0.0,58.99
OI005858,O003862,P079,1,49.99,0.0,49.99
OI005859,O003862,P145,1,69.99,0.0,69.99
OI005860,O003863,P155,1,79.99,0.0,79.99
OI005861,O003864,P148,1,59.99,0.0,59.99
OI005862,O003865,P072,1,89.99,0.0,89.99
OI005863,O003866,P087,1,349.99,0.0,349.99
OI005864,O003867,P066,1,94.99,0.0,94.99
OI005865,O003868,P104,2,59.99,0.0,119.98
OI005866,O003869,P087,1,349.99,0.0,349.99
OI005867,O003869,P037,1,329.99,0.0,329.99
OI005868,O003870,P148,2,59.99,0.0,119.98
OI005869,O003870,P141,1,99.99,0.0,99.99
OI005870,O003871,P167,1,59.99,0.0,59.99
OI005871,O003872,P068,1,39.99,0.0,39.99
OI005872,O003872,P050,1,799.99,0.0,799.99
OI005873,O003873,P027,1,89.99,0.0,89.99
OI005874,O003874,P141,1,99.99,0.0,99.99
OI005875,O003875,P062,1,24.99,0.0,24.99
OI005876,O003875,P027,1,89.99,0.0,89.99
OI005877,O003875,P155,1,79.99,0.0,79.99
OI005878,O003876,P010,1,89.99,0.0,89.99
OI005879,O003877,P067,1,149.99,0.0,149.99
OI005880,O003878,P112,1,39.99,0.0,39.99
OI005881,O003879,P158,1,449.99,0.0,449.99
OI005882,O003879,P079,1,49.99,0.0,49.99
OI005883,O003879,P026,1,24.99,0.0,24.99
OI005884,O003879,P072,1,89.99,0.0,89.99
OI005885,O003880,P115,1,49.99,0.0,49.99
OI005886,O003880,P031,1,139.99,0.0,139.99
OI005887,O003880,P127,1,49.99,0.0,49.99
OI005888,O003881,P155,1,79.99,0.0,79.99
OI005889,O003881,P158,1,449.99,0.0,449.99
OI005890,O003881,P076,2,49.99,0.0,99.98
OI005891,O003881,P137,1,109.99,0.0,109.99
OI005892,O003882,P096,1,449.99,0.0,449.99
OI005893,O003882,P055,1,179.99,0.0,179.99
OI005894,O003883,P080,1,38.99,0.0,38.99
OI005895,O003884,P064,1,59.99,0.0,59.99
OI005896,O003885,P120,1,89.99,0.0,89.99
OI005897,O003885,P024,1,29.99,0.0,29.99
OI005898,O003885,P119,1,29.99,0.0,29.99
OI005899,O003885,P155,1,79.99,0.0,79.99
OI005900,O003886,P098,1,199.99,0.0,199.99
OI005901,O003887,P021,1,179.99,0.0,179.99
OI005902,O003888,P097,1,49.99,0.0,49.99
OI005903,O003889,P016,1,399.99,0.0,399.99
OI005904,O003889,P163,2,89.99,0.0,179.98
OI005905,O003889,P112,1,39.99,0.0,39.99
OI005906,O003890,P091,1,19.99,0.0,19.99
OI005907,O003891,P106,1,29.99,0.0,29.99
OI005908,O003892,P155,2,79.99,0.0,159.98
OI005909,O003893,P128,1,59.99,0.0,59.99
OI005910,O003893,P002,1,89.99,0.0,89.99
OI005911,O003894,P072,1,89.99,0.0,89.99
OI005912,O003895,P108,1,24.99,0.0,24.99
OI005913,O003895,P167,1,59.99,0.0,59.99
OI005914,O003896,P030,1,59.99,0.0,59.99
OI005915,O003896,P124,1,14.99,0.0,14.99
OI005916,O003896,P009,1,299.99,0.0,299.99
OI005917,O003897,P031,1,139.99,0.0,139.99
OI005918,O003897,P146,1,24.99,0.0,24.99
OI005919,O003898,P073,1,349.99,0.0,349.99
OI005920,O003899,P128,1,59.99,0.0,59.99
OI005921,O003900,P020,1,79.99,0.0,79.99
OI005922,O003901,P090,1,189.99,0.0,189.99
OI005923,O003901,P120,1,89.99,0.0,89.99
OI005924,O003902,P148,1,59.99,0.0,59.99
OI005925,O003903,P004,1,129.99,0.0,129.99
OI005926,O003903,P128,1,59.99,0.0,59.99
OI005927,O003903,P097,1,49.99,0.0,49.99
OI005928,O003904,P083,1,99.99,0.0,99.99
OI005929,O003905,P084,1,14.99,0.0,14.99
OI005930,O003906,P093,1,59.99,0.0,59.99
OI005931,O003906,P076,1,49.99,0.0,49.99
OI005932,O003907,P077,1,199.99,0.0,199.99
OI005933,O003907,P079,1,49.99,0.0,49.99
OI005934,O003907,P087,1,349.99,0.0,349.99
OI005935,O003908,P090,1,189.99,0.0,189.99
OI005936,O003909,P140,1,39.99,0.0,39.99
OI005937,O003910,P052,1,229.99,0.0,229.99
OI005938,O003911,P087,1,349.99,0.0,349.99
OI005939,O003912,P126,1,19.99,0.0,19.99
OI005940,O003913,P086,1,129.99,0.0,129.99
OI005941,O003914,P112,1,39.99,0.0,39.99
OI005942,O003915,P125,3,49.99,0.0,149.97
OI005943,O003916,P090,2,189.99,0.0,379.98
OI005944,O003916,P084,1,14.99,0.0,14.99
OI005945,O003916,P010,1,89.99,0.0,89.99
OI005946,O003917,P010,1,89.99,0.0,89.99
OI005947,O003918,P099,1,29.99,0.0,29.99
OI005948,O003919,P163,1,89.99,0.0,89.99
OI005949,O003919,P145,1,69.99,0.0,69.99
OI005950,O003920,P112,1,39.99,0.0,39.99
OI005951,O003920,P081,1,58.99,0.0,58.99
OI005952,O003921,P009,1,299.99,0.0,299.99
OI005953,O003921,P121,1,128.99,0.0,128.99
OI005954,O003922,P148,1,59.99,0.0,59.99
OI005955,O003923,P163,2,89.99,0.0,179.98
OI005956,O003924,P084,1,14.99,0.0,14.99
OI005957,O003924,P005,1,349.99,0.0,349.99
OI005958,O003925,P048,1,449.99,0.0,449.99
OI005959,O003926,P155,1,79.99,0.0,79.99
OI005960,O003927,P087,1,349.99,0.0,349.99
OI005961,O003928,P103,2,19.99,0.0,39.98
OI005962,O003929,P083,1,99.99,0.0,99.99
OI005963,O003930,P140,1,39.99,0.0,39.99
OI005964,O003931,P061,1,329.99,0.0,329.99
OI005965,O003932,P145,1,69.99,0.0,69.99
OI005966,O003932,P126,1,19.99,0.0,19.99
OI005967,O003933,P134,1,34.99,0.0,34.99
OI005968,O003934,P158,1,449.99,0.0,449.99
OI005969,O003935,P162,1,29.99,0.0,29.99
OI005970,O003936,P016,1,399.99,0.0,399.99
OI005971,O003937,P167,1,59.99,0.0,59.99
OI005972,O003938,P117,1,69.99,0.0,69.99
OI005973,O003939,P011,1,229.99,0.0,229.99
OI005974,O003940,P166,2,24.99,0.0,49.98
OI005975,O003941,P096,1,449.99,0.0,449.99
OI005976,O003941,P092,1,69.99,0.0,69.99
OI005977,O003942,P131,2,79.99,0.0,159.98
OI005978,O003942,P125,1,49.99,0.0,49.99
OI005979,O003942,P088,1,83.99,0.0,83.99
OI005980,O003942,P090,1,189.99,0.0,189.99
OI005981,O003943,P084,1,14.99,0.0,14.99
OI005982,O003944,P143,1,49.99,0.0,49.99
OI005983,O003945,P018,1,89.99,0.0,89.99
OI005984,O003946,P092,1,69.99,0.0,69.99
OI005985,O003946,P121,1,128.99,0.0,128.99
OI005986,O003946,P113,1,84.99,0.0,84.99
OI005987,O003946,P143,3,49.99,0.0,149.97
OI005988,O003947,P126,1,19.99,0.0,19.99
OI005989,O003947,P120,1,89.99,0.0,89.99
OI005990,O003947,P075,1,69.99,0.0,69.99
OI005991,O003948,P155,1,79.99,0.0,79.99
OI005992,O003948,P122,1,29.99,0.0,29.99
OI005993,O003948,P104,1,59.99,0.0,59.99
OI005994,O003948,P120,1,89.99,0.0,89.99
OI005995,O003949,P130,1,24.99,0.0,24.99
OI005996,O003950,P023,1,199.99,0.0,199.99
OI005997,O003951,P042,1,899.99,0.0,899.99
OI005998,O003952,P021,1,179.99,0.0,179.99
OI005999,O003953,P079,1,49.99,0.0,49.99
OI006000,O003953,P064,1,59.99,0.0,59.99
OI006001,O003953,P126,1,19.99,0.0,19.99
OI006002,O003954,P130,1,24.99,0.0,24.99
OI006003,O003954,P155,1,79.99,0.0,79.99
OI006004,O003955,P055,1,179.99,0.0,179.99
OI006005,O003956,P103,1,19.99,0.0,19.99
OI006006,O003957,P084,1,14.99,0.0,14.99
OI006007,O003958,P076,1,49.99,0.0,49.99
OI006008,O003959,P134,1,34.99,0.0,34.99
OI006009,O003960,P128,1,59.99,0.0,59.99
OI006010,O003961,P113,1,84.99,0.0,84.99
OI006011,O003962,P159,1,55.99,0.0,55.99
OI006012,O003963,P067,1,149.99,0.0,149.99
OI006013,O003963,P114,1,129.99,0.0,129.99
OI006014,O003963,P016,1,399.99,0.0,399.99
OI006015,O003963,P072,1,89.99,0.0,89.99
OI006016,O003964,P145,1,69.99,0.0,69.99
OI006017,O003965,P145,1,69.99,0.0,69.99
OI006018,O003965,P120,1,89.99,0.0,89.99
OI006019,O003966,P015,1,199.99,0.0,199.99
OI006020,O003966,P155,1,79.99,0.0,79.99
OI006021,O003967,P005,1,349.99,0.0,349.99
OI006022,O003968,P123,1,99.99,0.0,99.99
OI006023,O003969,P147,2,54.99,0.0,109.98
OI006024,O003970,P103,1,19.99,0.0,19.99
OI006025,O003970,P052,1,229.99,0.0,229.99
OI006026,O003971,P015,1,199.99,0.0,199.99
OI006027,O003972,P057,1,149.99,0.0,149.99
OI006028,O003972,P006,1,39.99,0.0,39.99
OI006029,O003972,P084,1,14.99,0.0,14.99
OI006030,O003973,P008,1,79.99,0.0,79.99
OI006031,O003973,P131,1,79.99,0.0,79.99
OI006032,O003974,P129,1,149.99,0.0,149.99
OI006033,O003974,P064,2,59.99,0.0,119.98
OI006034,O003975,P097,1,49.99,0.0,49.99
OI006035,O003975,P092,1,69.99,0.0,69.99
OI006036,O003975,P144,1,29.99,0.0,29.99
OI006037,O003976,P084,1,14.99,0.0,14.99
OI006038,O003977,P016,1,399.99,0.0,399.99
OI006039,O003978,P121,2,128.99,0.0,257.98
OI006040,O003978,P116,1,149.99,0.0,149.99
OI006041,O003979,P024,1,29.99,0.0,29.99
OI006042,O003980,P120,1,89.99,0.0,89.99
OI006043,O003980,P004,1,129.99,0.0,129.99
OI006044,O003980,P018,1,89.99,0.0,89.99
OI006045,O003981,P116,1,149.99,0.0,149.99
OI006046,O003982,P155,1,79.99,0.0,79.99
OI006047,O003982,P031,1,139.99,0.0,139.99
OI006048,O003983,P007,1,149.99,0.0,149.99
OI006049,O003983,P077,1,199.99,0.0,199.99
OI006050,O003984,P164,1,29.99,0.0,29.99
OI006051,O003985,P092,1,69.99,0.0,69.99
OI006052,O003986,P101,1,49.99,0.0,49.99
OI006053,O003987,P142,1,19.99,0.0,19.99
OI006054,O003987,P022,1,69.99,0.0,69.99
OI006055,O003988,P079,1,49.99,0.0,49.99
OI006056,O003989,P120,1,89.99,0.0,89.99
OI006057,O003989,P123,1,99.99,0.0,99.99
OI006058,O003989,P149,1,129.99,0.0,129.99
OI006059,O003990,P154,1,349.99,0.0,349.99
OI006060,O003990,P165,1,79.99,0.0,79.99
OI006061,O003990,P148,1,59.99,0.0,59.99
OI006062,O003991,P084,1,14.99,0.0,14.99
OI006063,O003992,P092,1,69.99,0.0,69.99
OI006064,O003993,P063,1,39.99,0.0,39.99
OI006065,O003994,P083,1,99.99,0.0,99.99
OI006066,O003994,P092,1,69.99,0.0,69.99
OI006067,O003994,P098,1,199.99,0.0,199.99
OI006068,O003995,P072,1,89.99,0.0,89.99
OI006069,O003996,P126,1,19.99,0.0,19.99
OI006070,O003996,P064,1,59.99,0.0,59.99
OI006071,O003997,P078,2,14.99,0.0,29.98
OI006072,O003998,P136,1,44.99,0.0,44.99
OI006073,O003999,P126,1,19.99,0.0,19.99
OI006074,O003999,P096,1,449.99,0.0,449.99
OI006075,O003999,P092,1,69.99,0.0,69.99
OI006076,O004000,P121,1,128.99,0.0,128.99
OI006077,O004000,P128,1,59.99,0.0,59.99
OI006078,O004001,P155,1,79.99,0.0,79.99
OI006079,O004002,P120,1,89.99,0.0,89.99
OI006080,O004002,P018,1,89.99,0.0,89.99
OI006081,O004003,P060,1,139.99,0.0,139.99
OI006082,O004004,P076,2,49.99,0.0,99.98
OI006083,O004005,P041,1,449.99,0.0,449.99
OI006084,O004006,P060,1,139.99,0.0,139.99
OI006085,O004007,P017,1,599.99,0.0,599.99
OI006086,O004007,P159,2,55.99,0.0,111.98
OI006087,O004007,P019,1,299.99,0.0,299.99
OI006088,O004008,P123,1,99.99,0.0,99.99
OI006089,O004009,P128,1,59.99,0.0,59.99
OI006090,O004010,P011,1,229.99,0.0,229.99
OI006091,O004011,P129,1,149.99,0.0,149.99
OI006092,O004012,P099,1,29.99,0.0,29.99
OI006093,O004012,P088,1,83.99,0.0,83.99
OI006094,O004013,P071,1,189.99,0.0,189.99
OI006095,O004013,P137,1,109.99,0.0,109.99
OI006096,O004014,P118,1,219.99,0.0,219.99
OI006097,O004015,P155,1,79.99,0.0,79.99
OI006098,O004016,P087,1,349.99,0.0,349.99
OI006099,O004016,P137,1,109.99,0.0,109.99
OI006100,O004016,P068,1,39.99,0.0,39.99
OI006101,O004017,P082,1,29.99,0.0,29.99
OI006102,O004018,P009,1,299.99,0.0,299.99
OI006103,O004019,P134,1,34.99,0.0,34.99
OI006104,O004019,P054,1,649.99,0.0,649.99
OI006105,O004020,P072,1,89.99,0.0,89.99
OI006106,O004021,P084,1,14.99,0.0,14.99
OI006107,O004021,P062,1,24.99,0.0,24.99
OI006108,O004022,P148,1,59.99,0.0,59.99
OI006109,O004023,P060,1,139.99,0.0,139.99
OI006110,O004024,P082,1,29.99,0.0,29.99
OI006111,O004025,P003,1,129.99,0.0,129.99
OI006112,O004025,P076,1,49.99,0.0,49.99
OI006113,O004026,P020,1,79.99,0.0,79.99
OI006114,O004027,P060,2,139.99,0.0,279.98
OI006115,O004027,P004,1,129.99,0.0,129.99
OI006116,O004027,P166,1,24.99,0.0,24.99
OI006117,O004028,P168,1,49.99,0.0,49.99
OI006118,O004029,P086,1,129.99,0.0,129.99
OI006119,O004029,P001,1,49.99,0.0,49.99
OI006120,O004030,P139,1,89.99,0.0,89.99
OI006121,O004031,P009,1,299.99,0.0,299.99
OI006122,O004032,P076,1,49.99,0.0,49.99
OI006123,O004032,P087,1,349.99,0.0,349.99
OI006124,O004033,P015,1,199.99,0.0,199.99
OI006125,O004034,P003,1,129.99,0.0,129.99
OI006126,O004034,P136,1,44.99,0.0,44.99
OI006127,O004035,P155,1,79.99,0.0,79.99
OI006128,O004036,P138,1,39.99,0.0,39.99
OI006129,O004036,P148,1,59.99,0.0,59.99
OI006130,O004037,P036,1,1299.99,0.0,1299.99
OI006131,O004038,P087,1,349.99,0.0,349.99
OI006132,O004039,P076,2,49.99,0.0,99.98
OI006133,O004039,P155,1,79.99,0.0,79.99
OI006134,O004040,P052,1,229.99,0.0,229.99
OI006135,O004041,P084,1,14.99,0.0,14.99
OI006136,O004042,P068,1,39.99,0.0,39.99
OI006137,O004043,P090,2,189.99,0.0,379.98
OI006138,O004044,P022,1,69.99,0.0,69.99
OI006139,O004045,P096,1,449.99,0.0,449.99
OI006140,O004045,P143,1,49.99,0.0,49.99
OI006141,O004046,P081,2,58.99,0.0,117.98
OI006142,O004046,P154,2,349.99,0.0,699.98
OI006143,O004047,P068,1,39.99,0.0,39.99
OI006144,O004048,P002,1,89.99,0.0,89.99
OI006145,O004049,P159,1,55.99,0.0,55.99
OI006146,O004049,P109,1,79.99,0.0,79.99
OI006147,O004050,P062,1,24.99,0.0,24.99
OI006148,O004051,P120,1,89.99,0.0,89.99
OI006149,O004052,P119,1,29.99,0.0,29.99
OI006150,O004053,P088,1,83.99,0.0,83.99
OI006151,O004054,P104,1,59.99,0.0,59.99
OI006152,O004055,P081,1,58.99,0.0,58.99
OI006153,O004056,P157,1,149.99,0.0,149.99
OI006154,O004056,P101,1,49.99,0.0,49.99
OI006155,O004057,P007,1,149.99,0.0,149.99
OI006156,O004057,P114,1,129.99,0.0,129.99
OI006157,O004057,P121,1,128.99,0.0,128.99
OI006158,O004057,P029,1,49.99,0.0,49.99
OI006159,O004058,P137,1,109.99,0.0,109.99
OI006160,O004058,P150,1,25.99,0.0,25.99
OI006161,O004059,P097,1,49.99,0.0,49.99
OI006162,O004059,P128,1,59.99,0.0,59.99
OI006163,O004060,P092,1,69.99,0.0,69.99
OI006164,O004061,P071,1,189.99,0.0,189.99
OI006165,O004061,P135,1,79.99,0.0,79.99
OI006166,O004062,P072,2,89.99,0.0,179.98
OI006167,O004063,P120,1,89.99,0.0,89.99
OI006168,O004064,P076,1,49.99,0.0,49.99
OI006169,O004065,P101,1,49.99,0.0,49.99
OI006170,O004066,P150,1,25.99,0.0,25.99
OI006171,O004067,P136,1,44.99,0.0,44.99
OI006172,O004067,P064,1,59.99,0.0,59.99
OI006173,O004068,P169,1,169.99,0.0,169.99
OI006174,O004069,P068,1,39.99,0.0,39.99
OI006175,O004070,P060,1,139.99,0.0,139.99
OI006176,O004071,P157,1,149.99,0.0,149.99
OI006177,O004072,P069,1,119.99,0.0,119.99
OI006178,O004073,P064,1,59.99,0.0,59.99
OI006179,O004073,P035,1,999.99,0.0,999.99
OI006180,O004074,P084,1,14.99,0.0,14.99
OI006181,O004074,P052,1,229.99,0.0,229.99
OI006182,O004075,P120,1,89.99,0.0,89.99
OI006183,O004076,P107,1,99.99,0.0,99.99
OI006184,O004077,P112,1,39.99,0.0,39.99
OI006185,O004078,P088,1,83.99,0.0,83.99
OI006186,O004079,P155,1,79.99,0.0,79.99
OI006187,O004080,P007,1,149.99,0.0,149.99
OI006188,O004081,P013,1,149.99,0.0,149.99
OI006189,O004081,P121,1,128.99,0.0,128.99
OI006190,O004082,P024,1,29.99,0.0,29.99
OI006191,O004083,P155,1,79.99,0.0,79.99
OI006192,O004084,P148,1,59.99,0.0,59.99
OI006193,O004085,P054,1,649.99,0.0,649.99
OI006194,O004086,P001,1,49.99,0.0,49.99
OI006195,O004086,P066,1,94.99,0.0,94.99
OI006196,O004086,P110,1,29.99,0.0,29.99
OI006197,O004087,P167,2,59.99,0.0,119.98
OI006198,O004088,P103,1,19.99,0.0,19.99
OI006199,O004089,P123,1,99.99,0.0,99.99
OI006200,O004090,P075,1,69.99,0.0,69.99
OI006201,O004090,P155,1,79.99,0.0,79.99
OI006202,O004090,P083,1,99.99,0.0,99.99
OI006203,O004091,P159,1,55.99,0.0,55.99
OI006204,O004092,P167,1,59.99,0.0,59.99
OI006205,O004093,P103,1,19.99,0.0,19.99
OI006206,O004094,P072,1,89.99,0.0,89.99
OI006207,O004094,P123,1,99.99,0.0,99.99
OI006208,O004095,P104,1,59.99,0.0,59.99
OI006209,O004096,P120,1,89.99,0.0,89.99
OI006210,O004097,P148,1,59.99,0.0,59.99
OI006211,O004098,P101,1,49.99,0.0,49.99
OI006212,O004098,P142,1,19.99,0.0,19.99
OI006213,O004099,P148,1,59.99,0.0,59.99
OI006214,O004100,P096,1,449.99,0.0,449.99
OI006215,O004101,P098,2,199.99,0.0,399.98
OI006216,O004102,P149,1,129.99,0.0,129.99
OI006217,O004102,P080,1,38.99,0.0,38.99
OI006218,O004102,P098,2,199.99,0.0,399.98
OI006219,O004102,P081,1,58.99,0.0,58.99
OI006220,O004103,P062,1,24.99,0.0,24.99
OI006221,O004104,P077,1,199.99,0.0,199.99
OI006222,O004105,P083,1,99.99,0.0,99.99
OI006223,O004106,P017,1,599.99,0.0,599.99
OI006224,O004107,P123,1,99.99,0.0,99.99
OI006225,O004108,P126,1,19.99,0.0,19.99
OI006226,O004108,P103,1,19.99,0.0,19.99
OI006227,O004108,P016,1,399.99,0.0,399.99
OI006228,O004109,P062,1,24.99,0.0,24.99
OI006229,O004110,P086,1,129.99,0.0,129.99
OI006230,O004111,P009,1,299.99,0.0,299.99
OI006231,O004112,P154,1,349.99,0.0,349.99
OI006232,O004112,P087,2,349.99,0.0,699.98
OI006233,O004112,P021,1,179.99,0.0,179.99
OI006234,O004113,P027,1,89.99,0.0,89.99
OI006235,O004113,P072,1,89.99,0.0,89.99
OI006236,O004114,P012,1,43.99,0.0,43.99
OI006237,O004114,P146,1,24.99,0.0,24.99
OI006238,O004115,P139,1,89.99,0.0,89.99
OI006239,O004115,P022,1,69.99,0.0,69.99
OI006240,O004115,P142,1,19.99,0.0,19.99
OI006241,O004116,P155,2,79.99,0.0,159.98
OI006242,O004117,P019,1,299.99,0.0,299.99
OI006243,O004118,P003,1,129.99,0.0,129.99
OI006244,O004119,P096,1,449.99,0.0,449.99
OI006245,O004119,P153,1,129.99,0.0,129.99
OI006246,O004119,P011,1,229.99,0.0,229.99
OI006247,O004120,P148,2,59.99,0.0,119.98
OI006248,O004121,P103,1,19.99,0.0,19.99
OI006249,O004121,P158,1,449.99,0.0,449.99
OI006250,O004122,P103,1,19.99,0.0,19.99
OI006251,O004123,P139,1,89.99,0.0,89.99
OI006252,O004123,P151,1,399.99,0.0,399.99
OI006253,O004124,P153,1,129.99,0.0,129.99
OI006254,O004124,P130,1,24.99,0.0,24.99
OI006255,O004124,P111,1,99.99,0.0,99.99
OI006256,O004124,P003,1,129.99,0.0,129.99
OI006257,O004125,P155,1,79.99,0.0,79.99
OI006258,O004125,P060,1,139.99,0.0,139.99
OI006259,O004125,P032,1,29.99,0.0,29.99
OI006260,O004126,P003,1,129.99,0.0,129.99
OI006261,O004126,P087,1,349.99,0.0,349.99
OI006262,O004126,P163,1,89.99,0.0,89.99
OI006263,O004126,P116,3,149.99,0.0,449.97
OI006264,O004127,P018,1,89.99,0.0,89.99
OI006265,O004127,P120,1,89.99,0.0,89.99
OI006266,O004127,P154,1,349.99,0.0,349.99
OI006267,O004128,P014,1,449.99,0.0,449.99
OI006268,O004128,P087,2,349.99,0.0,699.98
OI006269,O004128,P036,1,1299.99,0.0,1299.99
OI006270,O004129,P062,1,24.99,0.0,24.99
OI006271,O004130,P126,1,19.99,0.0,19.99
OI006272,O004131,P133,1,99.99,0.0,99.99
OI006273,O004132,P126,1,19.99,0.0,19.99
OI006274,O004132,P125,1,49.99,0.0,49.99
OI006275,O004133,P158,1,449.99,0.0,449.99
OI006276,O004133,P072,1,89.99,0.0,89.99
OI006277,O004133,P103,1,19.99,0.0,19.99
OI006278,O004133,P006,1,39.99,0.0,39.99
OI006279,O004134,P148,1,59.99,0.0,59.99
OI006280,O004135,P076,1,49.99,0.0,49.99
OI006281,O004136,P020,1,79.99,0.0,79.99
OI006282,O004136,P136,1,44.99,0.0,44.99
OI006283,O004136,P127,1,49.99,0.0,49.99
OI006284,O004136,P052,1,229.99,0.0,229.99
OI006285,O004137,P101,1,49.99,0.0,49.99
OI006286,O004138,P167,1,59.99,0.0,59.99
OI006287,O004139,P025,1,119.99,0.0,119.99
OI006288,O004140,P018,1,89.99,0.0,89.99
OI006289,O004141,P126,1,19.99,0.0,19.99
OI006290,O004142,P133,1,99.99,0.0,99.99
OI006291,O004142,P032,1,29.99,0.0,29.99
OI006292,O004143,P079,1,49.99,0.0,49.99
OI006293,O004144,P066,2,94.99,0.0,189.98
OI006294,O004144,P060,1,139.99,0.0,139.99
OI006295,O004144,P121,1,128.99,0.0,128.99
OI006296,O004145,P140,2,39.99,0.0,79.98
OI006297,O004145,P117,1,69.99,0.0,69.99
OI006298,O004145,P087,1,349.99,0.0,349.99
OI006299,O004146,P148,1,59.99,0.0,59.99
OI006300,O004147,P084,1,14.99,0.0,14.99
OI006301,O004147,P118,2,219.99,0.0,439.98
OI006302,O004147,P033,1,79.99,0.0,79.99
OI006303,O004148,P108,1,24.99,0.0,24.99
OI006304,O004148,P130,1,24.99,0.0,24.99
OI006305,O004149,P116,1,149.99,0.0,149.99
OI006306,O004150,P008,1,79.99,0.0,79.99
OI006307,O004150,P041,1,449.99,0.0,449.99
OI006308,O004150,P139,1,89.99,0.0,89.99
OI006309,O004150,P155,1,79.99,0.0,79.99
OI006310,O004151,P155,1,79.99,0.0,79.99
OI006311,O004152,P060,1,139.99,0.0,139.99
OI006312,O004153,P098,1,199.99,0.0,199.99
OI006313,O004154,P088,1,83.99,0.0,83.99
OI006314,O004155,P160,1,19.99,0.0,19.99
OI006315,O004155,P081,1,58.99,0.0,58.99
OI006316,O004156,P001,1,49.99,0.0,49.99
OI006317,O004157,P032,1,29.99,0.0,29.99
OI006318,O004158,P148,1,59.99,0.0,59.99
OI006319,O004159,P108,2,24.99,0.0,49.98
OI006320,O004160,P121,1,128.99,0.0,128.99
OI006321,O004161,P016,1,399.99,0.0,399.99
OI006322,O004161,P001,1,49.99,0.0,49.99
OI006323,O004161,P120,1,89.99,0.0,89.99
OI006324,O004161,P155,1,79.99,0.0,79.99
OI006325,O004162,P062,2,24.99,0.0,49.98
OI006326,O004163,P015,1,199.99,0.0,199.99
OI006327,O004163,P099,1,29.99,0.0,29.99
OI006328,O004163,P088,1,83.99,0.0,83.99
OI006329,O004163,P065,1,39.99,0.0,39.99
OI006330,O004164,P141,1,99.99,0.0,99.99
OI006331,O004164,P089,1,59.99,0.0,59.99
OI006332,O004165,P078,2,14.99,0.0,29.98
OI006333,O004165,P120,1,89.99,0.0,89.99
OI006334,O004166,P081,1,58.99,0.0,58.99
OI006335,O004167,P155,1,79.99,0.0,79.99
OI006336,O004168,P002,1,89.99,0.0,89.99
OI006337,O004168,P155,2,79.99,0.0,159.98
OI006338,O004169,P084,1,14.99,0.0,14.99
OI006339,O004170,P101,1,49.99,0.0,49.99
OI006340,O004170,P155,1,79.99,0.0,79.99
OI006341,O004170,P052,1,229.99,0.0,229.99
OI006342,O004171,P065,1,39.99,0.0,39.99
OI006343,O004172,P106,1,29.99,0.0,29.99
OI006344,O004173,P133,1,99.99,0.0,99.99
OI006345,O004174,P148,2,59.99,0.0,119.98
OI006346,O004175,P171,2,199.99,0.0,399.98
OI006347,O004175,P154,1,349.99,0.0,349.99
OI006348,O004175,P029,1,49.99,0.0,49.99
OI006349,O004176,P155,1,79.99,0.0,79.99
OI006350,O004176,P080,1,38.99,0.0,38.99
OI006351,O004177,P100,1,79.99,0.0,79.99
OI006352,O004178,P065,1,39.99,0.0,39.99
OI006353,O004178,P092,1,69.99,0.0,69.99
OI006354,O004179,P142,1,19.99,0.0,19.99
OI006355,O004180,P077,1,199.99,0.0,199.99
OI006356,O004181,P142,1,19.99,0.0,19.99
OI006357,O004182,P092,1,69.99,0.0,69.99
OI006358,O004182,P149,1,129.99,0.0,129.99
OI006359,O004183,P146,1,24.99,0.0,24.99
OI006360,O004183,P148,2,59.99,0.0,119.98
OI006361,O004183,P081,2,58.99,0.0,117.98
OI006362,O004184,P155,1,79.99,0.0,79.99
OI006363,O004185,P088,1,83.99,0.0,83.99
OI006364,O004186,P084,1,14.99,0.0,14.99
OI006365,O004187,P105,1,38.99,0.0,38.99
OI006366,O004188,P001,1,49.99,0.0,49.99
OI006367,O004189,P118,1,219.99,0.0,219.99
OI006368,O004190,P141,1,99.99,0.0,99.99
OI006369,O004191,P006,1,39.99,0.0,39.99
OI006370,O004192,P091,1,19.99,0.0,19.99
OI006371,O004192,P057,1,149.99,0.0,149.99
OI006372,O004193,P155,1,79.99,0.0,79.99
OI006373,O004193,P051,1,89.99,0.0,89.99
OI006374,O004194,P019,1,299.99,0.0,299.99
OI006375,O004195,P110,1,29.99,0.0,29.99
OI006376,O004196,P050,1,799.99,0.0,799.99
OI006377,O004197,P113,1,84.99,0.0,84.99
OI006378,O004198,P142,1,19.99,0.0,19.99
OI006379,O004199,P161,1,59.99,0.0,59.99
OI006380,O004200,P081,1,58.99,0.0,58.99
OI006381,O004201,P031,1,139.99,0.0,139.99
OI006382,O004202,P008,1,79.99,0.0,79.99
OI006383,O004202,P072,1,89.99,0.0,89.99
OI006384,O004202,P147,2,54.99,0.0,109.98
OI006385,O004203,P103,1,19.99,0.0,19.99
OI006386,O004203,P155,1,79.99,0.0,79.99
OI006387,O004203,P128,1,59.99,0.0,59.99
OI006388,O004203,P003,1,129.99,0.0,129.99
OI006389,O004204,P146,1,24.99,0.0,24.99
OI006390,O004204,P126,1,19.99,0.0,19.99
OI006391,O004205,P114,1,129.99,0.0,129.99
OI006392,O004205,P090,1,189.99,0.0,189.99
OI006393,O004206,P155,1,79.99,0.0,79.99
OI006394,O004207,P156,1,249.99,0.0,249.99
OI006395,O004208,P088,1,83.99,0.0,83.99
OI006396,O004208,P116,3,149.99,0.0,449.97
OI006397,O004209,P112,1,39.99,0.0,39.99
OI006398,O004210,P168,1,49.99,0.0,49.99
OI006399,O004211,P063,1,39.99,0.0,39.99
OI006400,O004212,P057,1,149.99,0.0,149.99
OI006401,O004213,P120,1,89.99,0.0,89.99
OI006402,O004213,P115,1,49.99,0.0,49.99
OI006403,O004214,P048,1,449.99,0.0,449.99
OI006404,O004215,P003,1,129.99,0.0,129.99
OI006405,O004216,P126,2,19.99,0.0,39.98
OI006406,O004216,P065,1,39.99,0.0,39.99
OI006407,O004216,P125,1,49.99,0.0,49.99
OI006408,O004217,P153,1,129.99,0.0,129.99
OI006409,O004217,P002,1,89.99,0.0,89.99
OI006410,O004218,P072,1,89.99,0.0,89.99
OI006411,O004219,P157,1,149.99,0.0,149.99
OI006412,O004219,P153,1,129.99,0.0,129.99
OI006413,O004220,P113,1,84.99,0.0,84.99
OI006414,O004220,P148,1,59.99,0.0,59.99
OI006415,O004221,P075,1,69.99,0.0,69.99
OI006416,O004221,P003,1,129.99,0.0,129.99
OI006417,O004222,P087,3,349.99,0.0,1049.97
OI006418,O004222,P052,1,229.99,0.0,229.99
OI006419,O004222,P155,1,79.99,0.0,79.99
OI006420,O004223,P052,1,229.99,0.0,229.99
OI006421,O004224,P084,2,14.99,0.0,29.98
OI006422,O004225,P164,1,29.99,0.0,29.99
OI006423,O004226,P086,1,129.99,0.0,129.99
OI006424,O004227,P101,1,49.99,0.0,49.99
OI006425,O004228,P027,1,89.99,0.0,89.99
OI006426,O004229,P044,1,399.99,0.0,399.99
OI006427,O004229,P146,1,24.99,0.0,24.99
OI006428,O004230,P036,1,1299.99,0.0,1299.99
OI006429,O004231,P141,3,99.99,0.0,299.97
OI006430,O004232,P165,1,79.99,0.0,79.99
OI006431,O004233,P078,1,14.99,0.0,14.99
OI006432,O004234,P068,1,39.99,0.0,39.99
OI006433,O004234,P158,1,449.99,0.0,449.99
OI006434,O004235,P019,1,299.99,0.0,299.99
OI006435,O004236,P107,1,99.99,0.0,99.99
OI006436,O004237,P016,1,399.99,0.0,399.99
OI006437,O004238,P081,1,58.99,8.85,50.14
OI006438,O004239,P064,1,59.99,9.0,50.99
OI006439,O004240,P077,1,199.99,30.0,169.99
OI006440,O004240,P120,1,89.99,0.0,89.99
OI006441,O004240,P103,1,19.99,0.0,19.99
OI006442,O004241,P156,1,249.99,0.0,249.99
OI006443,O004242,P128,1,59.99,0.0,59.99
OI006444,O004242,P120,1,89.99,0.0,89.99
OI006445,O004243,P106,1,29.99,0.0,29.99
OI006446,O004244,P138,1,39.99,0.0,39.99
OI006447,O004245,P021,1,179.99,0.0,179.99
OI006448,O004246,P019,1,299.99,0.0,299.99
OI006449,O004247,P138,1,39.99,0.0,39.99
OI006450,O004248,P149,1,129.99,0.0,129.99
OI006451,O004248,P003,1,129.99,0.0,129.99
OI006452,O004248,P060,1,139.99,0.0,139.99
OI006453,O004249,P122,1,29.99,0.0,29.99
OI006454,O004250,P104,1,59.99,0.0,59.99
OI006455,O004250,P167,1,59.99,0.0,59.99
OI006456,O004250,P045,1,129.99,0.0,129.99
OI006457,O004250,P015,1,199.99,0.0,199.99
OI006458,O004251,P001,1,49.99,0.0,49.99
OI006459,O004251,P122,1,29.99,0.0,29.99
OI006460,O004251,P066,1,94.99,0.0,94.99
OI006461,O004251,P160,1,19.99,0.0,19.99
OI006462,O004252,P052,1,229.99,0.0,229.99
OI006463,O004253,P156,3,249.99,0.0,749.97
OI006464,O004254,P147,1,54.99,0.0,54.99
OI006465,O004255,P147,1,54.99,0.0,54.99
OI006466,O004255,P060,1,139.99,0.0,139.99
OI006467,O004256,P125,1,49.99,0.0,49.99
OI006468,O004257,P045,1,129.99,0.0,129.99
OI006469,O004257,P142,2,19.99,0.0,39.98
OI006470,O004258,P093,1,59.99,0.0,59.99
OI006471,O004258,P128,1,59.99,0.0,59.99
OI006472,O004258,P138,1,39.99,0.0,39.99
OI006473,O004258,P132,1,39.99,0.0,39.99
OI006474,O004259,P077,1,199.99,0.0,199.99
OI006475,O004260,P011,1,229.99,0.0,229.99
OI006476,O004261,P168,1,49.99,0.0,49.99
OI006477,O004261,P001,1,49.99,0.0,49.99
OI006478,O004261,P151,1,399.99,0.0,399.99
OI006479,O004261,P128,1,59.99,0.0,59.99
OI006480,O004262,P160,1,19.99,0.0,19.99
OI006481,O004263,P095,1,199.99,0.0,199.99
OI006482,O004263,P155,1,79.99,0.0,79.99
OI006483,O004264,P135,1,79.99,0.0,79.99
OI006484,O004264,P062,1,24.99,3.75,21.24
OI006485,O004265,P077,1,199.99,30.0,169.99
OI006486,O004265,P116,2,149.99,0.0,299.98
OI006487,O004265,P155,1,79.99,0.0,79.99
OI006488,O004266,P001,1,49.99,0.0,49.99
OI006489,O004267,P159,1,55.99,0.0,55.99
OI006490,O004268,P091,1,19.99,0.0,19.99
OI006491,O004269,P048,1,449.99,0.0,449.99
OI006492,O004270,P041,1,449.99,0.0,449.99
OI006493,O004270,P065,1,39.99,6.0,33.99
OI006494,O004270,P125,1,49.99,0.0,49.99
OI006495,O004270,P100,1,79.99,0.0,79.99
OI006496,O004271,P104,1,59.99,0.0,59.99
OI006497,O004271,P155,1,79.99,0.0,79.99
OI006498,O004272,P020,1,79.99,0.0,79.99
OI006499,O004273,P102,1,169.99,0.0,169.99
OI006500,O004274,P167,1,59.99,0.0,59.99
OI006501,O004275,P003,1,129.99,0.0,129.99
OI006502,O004276,P155,1,79.99,0.0,79.99
OI006503,O004277,P155,1,79.99,0.0,79.99
OI006504,O004277,P126,1,19.99,0.0,19.99
OI006505,O004277,P068,1,39.99,6.0,33.99
OI006506,O004278,P140,1,39.99,0.0,39.99
OI006507,O004278,P128,1,59.99,0.0,59.99
OI006508,O004279,P021,1,179.99,0.0,179.99
OI006509,O004280,P155,1,79.99,0.0,79.99
OI006510,O004281,P088,1,83.99,0.0,83.99
OI006511,O004282,P014,1,449.99,0.0,449.99
OI006512,O004283,P032,1,29.99,0.0,29.99
OI006513,O004284,P023,1,199.99,0.0,199.99
OI006514,O004284,P072,1,89.99,0.0,89.99
OI006515,O004284,P159,1,55.99,0.0,55.99
OI006516,O004285,P107,1,99.99,0.0,99.99
OI006517,O004285,P121,1,128.99,0.0,128.99
OI006518,O004286,P148,1,59.99,0.0,59.99
OI006519,O004287,P062,1,24.99,3.75,21.24
OI006520,O004288,P140,1,39.99,0.0,39.99
OI006521,O004288,P143,1,49.99,0.0,49.99
OI006522,O004289,P068,1,39.99,0.0,39.99
OI006523,O004290,P155,1,79.99,0.0,79.99
OI006524,O004291,P008,1,79.99,0.0,79.99
OI006525,O004292,P084,1,14.99,0.0,14.99
OI006526,O004293,P002,1,89.99,0.0,89.99
OI006527,O004294,P133,2,99.99,0.0,199.98
OI006528,O004294,P134,1,34.99,0.0,34.99
OI006529,O004295,P072,1,89.99,13.5,76.49
OI006530,O004295,P135,1,79.99,0.0,79.99
OI006531,O004295,P033,1,79.99,0.0,79.99
OI006532,O004295,P139,1,89.99,0.0,89.99
OI006533,O004296,P037,1,329.99,0.0,329.99
OI006534,O004296,P155,1,79.99,0.0,79.99
OI006535,O004296,P148,1,59.99,0.0,59.99
OI006536,O004297,P078,2,14.99,4.5,25.48
OI006537,O004298,P011,1,229.99,0.0,229.99
OI006538,O004299,P099,1,29.99,0.0,29.99
OI006539,O004299,P117,1,69.99,0.0,69.99
OI006540,O004300,P164,1,29.99,0.0,29.99
OI006541,O004301,P148,1,59.99,0.0,59.99
OI006542,O004302,P073,1,349.99,52.5,297.49
OI006543,O004303,P005,1,349.99,0.0,349.99
OI006544,O004303,P155,2,79.99,0.0,159.98
OI006545,O004303,P062,1,24.99,3.75,21.24
OI006546,O004303,P142,1,19.99,0.0,19.99
OI006547,O004304,P100,2,79.99,0.0,159.98
OI006548,O004304,P083,1,99.99,0.0,99.99
OI006549,O004305,P081,2,58.99,17.7,100.28
OI006550,O004306,P019,1,299.99,0.0,299.99
OI006551,O004307,P016,1,399.99,0.0,399.99
OI006552,O004308,P016,1,399.99,0.0,399.99
OI006553,O004308,P102,1,169.99,0.0,169.99
OI006554,O004309,P048,1,449.99,0.0,449.99
OI006555,O004309,P113,1,84.99,0.0,84.99
OI006556,O004309,P134,1,34.99,0.0,34.99
OI006557,O004310,P155,1,79.99,0.0,79.99
OI006558,O004311,P022,1,69.99,0.0,69.99
OI006559,O004312,P159,1,55.99,0.0,55.99
OI006560,O004313,P013,1,149.99,0.0,149.99
OI006561,O004314,P043,1,189.99,0.0,189.99
OI006562,O004315,P081,1,58.99,8.85,50.14
OI006563,O004316,P071,2,189.99,57.0,322.98
OI006564,O004317,P140,1,39.99,0.0,39.99
OI006565,O004318,P064,2,59.99,0.0,119.98
OI006566,O004319,P103,1,19.99,0.0,19.99
OI006567,O004320,P103,1,19.99,0.0,19.99
OI006568,O004321,P038,1,599.99,0.0,599.99
OI006569,O004322,P149,1,129.99,0.0,129.99
OI006570,O004323,P084,1,14.99,0.0,14.99
OI006571,O004323,P060,1,139.99,0.0,139.99
OI006572,O004324,P098,1,199.99,0.0,199.99
OI006573,O004325,P003,1,129.99,0.0,129.99
OI006574,O004326,P148,1,59.99,0.0,59.99
OI006575,O004326,P159,1,55.99,0.0,55.99
OI006576,O004326,P064,1,59.99,0.0,59.99
OI006577,O004327,P120,2,89.99,0.0,179.98
OI006578,O004327,P169,1,169.99,0.0,169.99
OI006579,O004328,P145,2,69.99,0.0,139.98
OI006580,O004328,P072,1,89.99,13.5,76.49
OI006581,O004329,P129,1,149.99,0.0,149.99
OI006582,O004330,P041,1,449.99,0.0,449.99
OI006583,O004331,P120,1,89.99,0.0,89.99
OI006584,O004331,P155,1,79.99,0.0,79.99
OI006585,O004332,P064,1,59.99,9.0,50.99
OI006586,O004333,P106,1,29.99,0.0,29.99
OI006587,O004334,P159,1,55.99,0.0,55.99
OI006588,O004335,P026,1,24.99,0.0,24.99
OI006589,O004335,P154,1,349.99,0.0,349.99
OI006590,O004335,P016,1,399.99,0.0,399.99
OI006591,O004336,P083,1,99.99,15.0,84.99
OI006592,O004337,P101,1,49.99,0.0,49.99
OI006593,O004338,P056,1,449.99,0.0,449.99
OI006594,O004339,P155,1,79.99,0.0,79.99
OI006595,O004339,P103,1,19.99,0.0,19.99
OI006596,O004339,P149,1,129.99,0.0,129.99
OI006597,O004340,P144,1,29.99,0.0,29.99
OI006598,O004341,P144,2,29.99,0.0,59.98
OI006599,O004342,P101,2,49.99,0.0,99.98
OI006600,O004343,P076,1,49.99,0.0,49.99
OI006601,O004344,P167,1,59.99,0.0,59.99
OI006602,O004345,P076,2,49.99,15.0,84.98
OI006603,O004346,P042,1,899.99,0.0,899.99
OI006604,O004347,P002,1,89.99,0.0,89.99
OI006605,O004347,P158,1,449.99,0.0,449.99
OI006606,O004347,P012,1,43.99,0.0,43.99
OI006607,O004348,P111,1,99.99,0.0,99.99
OI006608,O004349,P076,1,49.99,7.5,42.49
OI006609,O004350,P063,1,39.99,6.0,33.99
OI006610,O004350,P133,1,99.99,0.0,99.99
OI006611,O004351,P148,1,59.99,0.0,59.99
OI006612,O004351,P126,1,19.99,0.0,19.99
OI006613,O004351,P117,1,69.99,0.0,69.99
OI006614,O004351,P033,1,79.99,0.0,79.99
OI006615,O004352,P088,1,83.99,0.0,83.99
OI006616,O004353,P003,1,129.99,0.0,129.99
OI006617,O004353,P122,1,29.99,0.0,29.99
OI006618,O004354,P103,1,19.99,0.0,19.99
OI006619,O004355,P003,1,129.99,0.0,129.99
OI006620,O004356,P083,1,99.99,15.0,84.99
OI006621,O004357,P084,1,14.99,0.0,14.99
OI006622,O004358,P009,1,299.99,0.0,299.99
OI006623,O004358,P151,1,399.99,0.0,399.99
OI006624,O004358,P143,1,49.99,0.0,49.99
OI006625,O004358,P109,1,79.99,0.0,79.99
OI006626,O004359,P143,1,49.99,0.0,49.99
OI006627,O004360,P010,1,89.99,0.0,89.99
OI006628,O004361,P007,1,149.99,0.0,149.99
OI006629,O004361,P155,2,79.99,0.0,159.98
OI006630,O004362,P109,1,79.99,0.0,79.99
OI006631,O004362,P167,1,59.99,0.0,59.99
OI006632,O004363,P159,1,55.99,0.0,55.99
OI006633,O004364,P061,1,329.99,0.0,329.99
OI006634,O004364,P064,1,59.99,9.0,50.99
OI006635,O004364,P123,1,99.99,0.0,99.99
OI006636,O004365,P046,1,349.99,0.0,349.99
OI006637,O004366,P027,1,89.99,0.0,89.99
OI006638,O004367,P155,1,79.99,0.0,79.99
OI006639,O004367,P060,1,139.99,0.0,139.99
OI006640,O004368,P083,1,99.99,15.0,84.99
OI006641,O004369,P015,1,199.99,0.0,199.99
OI006642,O004369,P128,1,59.99,0.0,59.99
OI006643,O004370,P122,1,29.99,0.0,29.99
OI006644,O004371,P087,1,349.99,0.0,349.99
OI006645,O004372,P081,3,58.99,26.55,150.42
OI006646,O004373,P153,1,129.99,0.0,129.99
OI006647,O004373,P135,1,79.99,0.0,79.99
OI006648,O004373,P155,1,79.99,0.0,79.99
OI006649,O004373,P087,1,349.99,0.0,349.99
OI006650,O004374,P103,1,19.99,0.0,19.99
OI006651,O004375,P162,1,29.99,0.0,29.99
OI006652,O004376,P021,1,179.99,0.0,179.99
OI006653,O004377,P121,1,128.99,0.0,128.99
OI006654,O004377,P168,1,49.99,0.0,49.99
OI006655,O004378,P102,1,169.99,0.0,169.99
OI006656,O004379,P134,1,34.99,0.0,34.99
OI006657,O004380,P084,1,14.99,2.25,12.74
OI006658,O004381,P081,1,58.99,8.85,50.14
OI006659,O004382,P165,1,79.99,0.0,79.99
OI006660,O004382,P071,1,189.99,28.5,161.49
OI006661,O004382,P068,1,39.99,6.0,33.99
OI006662,O004382,P064,1,59.99,9.0,50.99
OI006663,O004383,P084,1,14.99,0.0,14.99
OI006664,O004383,P076,1,49.99,0.0,49.99
OI006665,O004384,P076,1,49.99,0.0,49.99
OI006666,O004385,P098,1,199.99,0.0,199.99
OI006667,O004385,P072,1,89.99,13.5,76.49
OI006668,O004386,P081,1,58.99,8.85,50.14
OI006669,O004387,P137,1,109.99,0.0,109.99
OI006670,O004388,P060,1,139.99,0.0,139.99
OI006671,O004388,P155,1,79.99,0.0,79.99
OI006672,O004389,P016,1,399.99,0.0,399.99
OI006673,O004390,P115,1,49.99,0.0,49.99
OI006674,O004391,P157,1,149.99,0.0,149.99
OI006675,O004392,P016,1,399.99,0.0,399.99
OI006676,O004393,P087,1,349.99,0.0,349.99
OI006677,O004393,P068,1,39.99,6.0,33.99
OI006678,O004394,P087,1,349.99,0.0,349.99
OI006679,O004395,P156,1,249.99,0.0,249.99
OI006680,O004396,P155,1,79.99,0.0,79.99
OI006681,O004397,P128,1,59.99,0.0,59.99
OI006682,O004398,P076,1,49.99,0.0,49.99
OI006683,O004399,P155,1,79.99,0.0,79.99
OI006684,O004399,P094,1,179.99,0.0,179.99
OI006685,O004400,P028,1,19.99,0.0,19.99
OI006686,O004400,P121,1,128.99,0.0,128.99
OI006687,O004400,P131,1,79.99,0.0,79.99
OI006688,O004400,P031,1,139.99,0.0,139.99
OI006689,O004401,P062,1,24.99,3.75,21.24
OI006690,O004402,P113,1,84.99,0.0,84.99
OI006691,O004403,P163,1,89.99,0.0,89.99
OI006692,O004404,P060,1,139.99,0.0,139.99
OI006693,O004405,P155,1,79.99,0.0,79.99
OI006694,O004405,P092,1,69.99,0.0,69.99
OI006695,O004406,P153,1,129.99,0.0,129.99
OI006696,O004407,P126,2,19.99,0.0,39.98
OI006697,O004408,P014,1,449.99,0.0,449.99
OI006698,O004408,P019,1,299.99,0.0,299.99
OI006699,O004408,P010,1,89.99,0.0,89.99
OI006700,O004409,P060,1,139.99,0.0,139.99
OI006701,O004409,P012,1,43.99,0.0,43.99
OI006702,O004410,P019,1,299.99,0.0,299.99
OI006703,O004411,P078,1,14.99,2.25,12.74
OI006704,O004412,P079,1,49.99,7.5,42.49
OI006705,O004413,P062,1,24.99,3.75,21.24
OI006706,O004413,P013,1,149.99,0.0,149.99
OI006707,O004414,P170,1,79.99,0.0,79.99
OI006708,O004415,P155,1,79.99,0.0,79.99
OI006709,O004416,P074,1,19.99,3.0,16.99
OI006710,O004416,P132,1,39.99,0.0,39.99
OI006711,O004417,P142,1,19.99,0.0,19.99
OI006712,O004417,P167,1,59.99,0.0,59.99
OI006713,O004418,P106,1,29.99,0.0,29.99
OI006714,O004419,P014,1,449.99,0.0,449.99
OI006715,O004419,P161,1,59.99,0.0,59.99
OI006716,O004419,P016,1,399.99,0.0,399.99
OI006717,O004419,P084,1,14.99,2.25,12.74
OI006718,O004420,P049,1,349.99,0.0,349.99
OI006719,O004420,P155,1,79.99,0.0,79.99
OI006720,O004420,P060,1,139.99,0.0,139.99
OI006721,O004421,P105,1,38.99,0.0,38.99
OI006722,O004421,P084,1,14.99,2.25,12.74
OI006723,O004422,P084,1,14.99,0.0,14.99
OI006724,O004423,P104,1,59.99,0.0,59.99
OI006725,O004424,P076,1,49.99,7.5,42.49
OI006726,O004424,P072,1,89.99,13.5,76.49
OI006727,O004424,P090,1,189.99,0.0,189.99
OI006728,O004425,P138,1,39.99,0.0,39.99
OI006729,O004425,P016,1,399.99,0.0,399.99
OI006730,O004426,P141,1,99.99,0.0,99.99
OI006731,O004427,P134,1,34.99,0.0,34.99
OI006732,O004428,P036,1,1299.99,0.0,1299.99
OI006733,O004429,P109,1,79.99,0.0,79.99
OI006734,O004430,P133,1,99.99,0.0,99.99
OI006735,O004431,P132,1,39.99,0.0,39.99
OI006736,O004432,P072,1,89.99,13.5,76.49
OI006737,O004432,P018,1,89.99,0.0,89.99
OI006738,O004432,P150,1,25.99,0.0,25.99
OI006739,O004433,P084,1,14.99,2.25,12.74
OI006740,O004433,P092,1,69.99,0.0,69.99
OI006741,O004434,P143,1,49.99,0.0,49.99
OI006742,O004435,P019,1,299.99,0.0,299.99
OI006743,O004435,P060,1,139.99,0.0,139.99
OI006744,O004436,P122,1,29.99,0.0,29.99
OI006745,O004437,P003,1,129.99,0.0,129.99
OI006746,O004437,P155,1,79.99,0.0,79.99
OI006747,O004438,P106,1,29.99,0.0,29.99
OI006748,O004438,P143,1,49.99,0.0,49.99
OI006749,O004438,P037,1,329.99,0.0,329.99
OI006750,O004439,P098,1,199.99,0.0,199.99
OI006751,O004439,P062,1,24.99,3.75,21.24
OI006752,O004440,P016,1,399.99,0.0,399.99
OI006753,O004440,P098,1,199.99,0.0,199.99
OI006754,O004441,P120,2,89.99,0.0,179.98
OI006755,O004441,P007,1,149.99,0.0,149.99
OI006756,O004441,P147,1,54.99,0.0,54.99
OI006757,O004441,P079,1,49.99,7.5,42.49
OI006758,O004442,P153,1,129.99,0.0,129.99
OI006759,O004442,P090,1,189.99,0.0,189.99
OI006760,O004443,P012,1,43.99,0.0,43.99
OI006761,O004444,P069,2,119.99,36.0,203.98
OI006762,O004445,P068,1,39.99,6.0,33.99
OI006763,O004445,P060,1,139.99,0.0,139.99
OI006764,O004446,P159,1,55.99,0.0,55.99
OI006765,O004447,P147,1,54.99,0.0,54.99
OI006766,O004448,P128,1,59.99,0.0,59.99
OI006767,O004449,P120,1,89.99,0.0,89.99
OI006768,O004450,P169,1,169.99,0.0,169.99
OI006769,O004450,P087,1,349.99,0.0,349.99
OI006770,O004450,P100,1,79.99,0.0,79.99
OI006771,O004451,P001,1,49.99,0.0,49.99
OI006772,O004452,P120,1,89.99,0.0,89.99
OI006773,O004453,P063,1,39.99,0.0,39.99
OI006774,O004454,P113,1,84.99,0.0,84.99
OI006775,O004455,P005,1,349.99,0.0,349.99
OI006776,O004456,P159,2,55.99,0.0,111.98
OI006777,O004456,P155,1,79.99,0.0,79.99
OI006778,O004457,P019,1,299.99,0.0,299.99
OI006779,O004458,P030,1,59.99,0.0,59.99
OI006780,O004459,P084,1,14.99,0.0,14.99
OI006781,O004460,P155,1,79.99,0.0,79.99
OI006782,O004461,P120,1,89.99,0.0,89.99
OI006783,O004461,P062,1,24.99,0.0,24.99
OI006784,O004462,P144,1,29.99,0.0,29.99
OI006785,O004463,P075,1,69.99,0.0,69.99
OI006786,O004463,P103,1,19.99,0.0,19.99
OI006787,O004463,P170,1,79.99,0.0,79.99
OI006788,O004464,P027,1,89.99,0.0,89.99
OI006789,O004465,P097,2,49.99,0.0,99.98
OI006790,O004465,P074,1,19.99,0.0,19.99
OI006791,O004466,P084,1,14.99,0.0,14.99
OI006792,O004467,P068,1,39.99,0.0,39.99
OI006793,O004467,P139,1,89.99,0.0,89.99
OI006794,O004468,P163,1,89.99,0.0,89.99
OI006795,O004469,P120,1,89.99,0.0,89.99
OI006796,O004469,P121,1,128.99,0.0,128.99
OI006797,O004470,P135,2,79.99,0.0,159.98
OI006798,O004470,P079,1,49.99,0.0,49.99
OI006799,O004470,P023,1,199.99,0.0,199.99
OI006800,O004470,P069,1,119.99,0.0,119.99
OI006801,O004471,P008,1,79.99,0.0,79.99
OI006802,O004471,P078,1,14.99,0.0,14.99
OI006803,O004471,P014,1,449.99,0.0,449.99
OI006804,O004472,P169,1,169.99,0.0,169.99
OI006805,O004473,P095,1,199.99,0.0,199.99
OI006806,O004474,P003,1,129.99,0.0,129.99
OI006807,O004475,P155,2,79.99,0.0,159.98
OI006808,O004475,P091,1,19.99,0.0,19.99
OI006809,O004476,P061,1,329.99,0.0,329.99
OI006810,O004476,P122,1,29.99,0.0,29.99
OI006811,O004477,P137,1,109.99,0.0,109.99
OI006812,O004477,P155,1,79.99,0.0,79.99
OI006813,O004477,P084,1,14.99,0.0,14.99
OI006814,O004477,P120,1,89.99,0.0,89.99
OI006815,O004478,P064,1,59.99,0.0,59.99
OI006816,O004479,P092,1,69.99,0.0,69.99
OI006817,O004479,P127,1,49.99,0.0,49.99
OI006818,O004480,P157,1,149.99,0.0,149.99
OI006819,O004480,P084,3,14.99,0.0,44.97
OI006820,O004481,P145,1,69.99,0.0,69.99
OI006821,O004482,P092,1,69.99,0.0,69.99
OI006822,O004482,P032,1,29.99,0.0,29.99
OI006823,O004482,P072,1,89.99,0.0,89.99
OI006824,O004483,P147,1,54.99,0.0,54.99
OI006825,O004483,P165,1,79.99,0.0,79.99
OI006826,O004484,P161,2,59.99,0.0,119.98
OI006827,O004485,P098,1,199.99,24.0,175.99
OI006828,O004486,P155,1,79.99,0.0,79.99
OI006829,O004487,P089,3,59.99,21.6,158.37
OI006830,O004487,P098,1,199.99,24.0,175.99
OI006831,O004487,P060,1,139.99,0.0,139.99
OI006832,O004488,P155,1,79.99,0.0,79.99
OI006833,O004489,P155,1,79.99,0.0,79.99
OI006834,O004489,P148,1,59.99,0.0,59.99
OI006835,O004489,P098,1,199.99,0.0,199.99
OI006836,O004490,P009,1,299.99,0.0,299.99
OI006837,O004490,P120,1,89.99,0.0,89.99
OI006838,O004491,P111,1,99.99,12.0,87.99
OI006839,O004491,P133,1,99.99,0.0,99.99
OI006840,O004492,P103,1,19.99,2.4,17.59
OI006841,O004493,P146,1,24.99,0.0,24.99
OI006842,O004493,P020,1,79.99,0.0,79.99
OI006843,O004493,P155,1,79.99,0.0,79.99
OI006844,O004494,P069,2,119.99,0.0,239.98
OI006845,O004494,P104,1,59.99,0.0,59.99
OI006846,O004495,P077,1,199.99,0.0,199.99
OI006847,O004496,P120,1,89.99,0.0,89.99
OI006848,O004497,P155,1,79.99,0.0,79.99
OI006849,O004498,P104,2,59.99,14.4,105.58
OI006850,O004498,P081,1,58.99,0.0,58.99
OI006851,O004498,P115,2,49.99,0.0,99.98
OI006852,O004498,P064,2,59.99,0.0,119.98
OI006853,O004499,P143,1,49.99,0.0,49.99
OI006854,O004500,P147,2,54.99,0.0,109.98
OI006855,O004501,P156,1,249.99,0.0,249.99
OI006856,O004501,P155,3,79.99,0.0,239.97
OI006857,O004501,P068,1,39.99,0.0,39.99
OI006858,O004502,P143,1,49.99,0.0,49.99
OI006859,O004502,P120,1,89.99,0.0,89.99
OI006860,O004503,P092,2,69.99,0.0,139.98
OI006861,O004504,P042,1,899.99,0.0,899.99
OI006862,O004505,P144,1,29.99,0.0,29.99
OI006863,O004505,P066,1,94.99,0.0,94.99
OI006864,O004505,P097,1,49.99,0.0,49.99
OI006865,O004506,P155,1,79.99,0.0,79.99
OI006866,O004507,P130,1,24.99,0.0,24.99
OI006867,O004508,P081,1,58.99,0.0,58.99
OI006868,O004508,P151,2,399.99,0.0,799.98
OI006869,O004509,P076,2,49.99,0.0,99.98
OI006870,O004510,P077,1,199.99,0.0,199.99
OI006871,O004510,P137,1,109.99,0.0,109.99
OI006872,O004510,P045,1,129.99,0.0,129.99
OI006873,O004510,P155,1,79.99,0.0,79.99
OI006874,O004511,P066,1,94.99,0.0,94.99
OI006875,O004512,P036,1,1299.99,0.0,1299.99
OI006876,O004513,P101,1,49.99,0.0,49.99
OI006877,O004514,P133,2,99.99,0.0,199.98
OI006878,O004514,P030,1,59.99,0.0,59.99
OI006879,O004515,P078,1,14.99,0.0,14.99
OI006880,O004516,P001,1,49.99,0.0,49.99
OI006881,O004516,P155,1,79.99,0.0,79.99
OI006882,O004516,P128,1,59.99,0.0,59.99
OI006883,O004517,P072,1,89.99,0.0,89.99
OI006884,O004517,P125,1,49.99,0.0,49.99
OI006885,O004517,P137,1,109.99,0.0,109.99
OI006886,O004518,P077,3,199.99,0.0,599.97
OI006887,O004518,P142,2,19.99,0.0,39.98
OI006888,O004519,P079,1,49.99,0.0,49.99
OI006889,O004520,P128,1,59.99,0.0,59.99
OI006890,O004520,P091,1,19.99,0.0,19.99
OI006891,O004521,P020,1,79.99,0.0,79.99
OI006892,O004522,P068,1,39.99,0.0,39.99
OI006893,O004523,P125,1,49.99,0.0,49.99
OI006894,O004523,P142,1,19.99,0.0,19.99
OI006895,O004523,P148,1,59.99,0.0,59.99
OI006896,O004523,P086,1,129.99,0.0,129.99
OI006897,O004524,P057,1,149.99,0.0,149.99
OI006898,O004525,P033,1,79.99,0.0,79.99
OI006899,O004526,P025,1,119.99,0.0,119.99
OI006900,O004527,P165,1,79.99,0.0,79.99
OI006901,O004528,P105,1,38.99,4.68,34.31
OI006902,O004528,P155,1,79.99,0.0,79.99
OI006903,O004529,P046,1,349.99,0.0,349.99
OI006904,O004530,P081,1,58.99,0.0,58.99
OI006905,O004530,P027,1,89.99,0.0,89.99
OI006906,O004531,P101,1,49.99,0.0,49.99
OI006907,O004532,P145,1,69.99,0.0,69.99
OI006908,O004532,P087,1,349.99,0.0,349.99
OI006909,O004532,P164,1,29.99,0.0,29.99
OI006910,O004533,P029,1,49.99,0.0,49.99
OI006911,O004534,P157,1,149.99,0.0,149.99
OI006912,O004535,P143,2,49.99,0.0,99.98
OI006913,O004536,P060,1,139.99,0.0,139.99
OI006914,O004537,P081,1,58.99,0.0,58.99
OI006915,O004538,P144,1,29.99,0.0,29.99
OI006916,O004539,P155,1,79.99,0.0,79.99
OI006917,O004539,P156,1,249.99,0.0,249.99
OI006918,O004540,P155,1,79.99,0.0,79.99
OI006919,O004541,P138,2,39.99,0.0,79.98
OI006920,O004542,P060,1,139.99,0.0,139.99
OI006921,O004543,P165,1,79.99,0.0,79.99
OI006922,O004544,P140,1,39.99,0.0,39.99
OI006923,O004545,P148,1,59.99,0.0,59.99
OI006924,O004546,P140,1,39.99,0.0,39.99
OI006925,O004547,P102,1,169.99,0.0,169.99
OI006926,O004548,P077,1,199.99,0.0,199.99
OI006927,O004548,P069,1,119.99,0.0,119.99
OI006928,O004548,P120,1,89.99,0.0,89.99
OI006929,O004549,P051,1,89.99,0.0,89.99
OI006930,O004549,P024,1,29.99,0.0,29.99
OI006931,O004550,P128,1,59.99,0.0,59.99
OI006932,O004550,P131,1,79.99,0.0,79.99
OI006933,O004551,P126,1,19.99,0.0,19.99
OI006934,O004551,P071,2,189.99,0.0,379.98
OI006935,O004551,P159,1,55.99,0.0,55.99
OI006936,O004551,P110,1,29.99,3.6,26.39
OI006937,O004552,P046,1,349.99,0.0,349.99
OI006938,O004553,P060,1,139.99,0.0,139.99
OI006939,O004554,P105,1,38.99,0.0,38.99
OI006940,O004554,P084,1,14.99,0.0,14.99
OI006941,O004554,P158,1,449.99,0.0,449.99
OI006942,O004554,P060,1,139.99,0.0,139.99
OI006943,O004555,P150,1,25.99,0.0,25.99
OI006944,O004556,P030,1,59.99,0.0,59.99
OI006945,O004556,P123,1,99.99,0.0,99.99
OI006946,O004557,P144,2,29.99,0.0,59.98
OI006947,O004558,P128,1,59.99,0.0,59.99
OI006948,O004559,P171,1,199.99,0.0,199.99
OI006949,O004560,P163,1,89.99,0.0,89.99
OI006950,O004561,P170,1,79.99,0.0,79.99
OI006951,O004562,P085,1,39.99,0.0,39.99
OI006952,O004563,P077,1,199.99,0.0,199.99
OI006953,O004563,P106,1,29.99,3.6,26.39
OI006954,O004564,P153,1,129.99,0.0,129.99
OI006955,O004564,P129,1,149.99,0.0,149.99
OI006956,O004565,P133,1,99.99,0.0,99.99
OI006957,O004565,P004,1,129.99,0.0,129.99
OI006958,O004566,P107,1,99.99,12.0,87.99
OI006959,O004567,P159,1,55.99,0.0,55.99
OI006960,O004568,P098,1,199.99,0.0,199.99
OI006961,O004568,P126,1,19.99,0.0,19.99
OI006962,O004569,P060,1,139.99,0.0,139.99
OI006963,O004569,P121,1,128.99,0.0,128.99
OI006964,O004569,P167,1,59.99,0.0,59.99
OI006965,O004569,P115,1,49.99,0.0,49.99
OI006966,O004570,P132,1,39.99,0.0,39.99
OI006967,O004570,P104,1,59.99,0.0,59.99
OI006968,O004570,P105,1,38.99,0.0,38.99
OI006969,O004571,P148,1,59.99,0.0,59.99
OI006970,O004571,P094,3,179.99,64.8,475.17
OI006971,O004572,P155,1,79.99,0.0,79.99
OI006972,O004573,P165,1,79.99,0.0,79.99
OI006973,O004573,P076,1,49.99,0.0,49.99
OI006974,O004574,P021,1,179.99,0.0,179.99
OI006975,O004575,P065,1,39.99,0.0,39.99
OI006976,O004575,P155,1,79.99,0.0,79.99
OI006977,O004576,P017,1,599.99,0.0,599.99
OI006978,O004577,P122,1,29.99,0.0,29.99
OI006979,O004578,P084,2,14.99,0.0,29.98
OI006980,O004578,P128,1,59.99,0.0,59.99
OI006981,O004579,P021,1,179.99,0.0,179.99
OI006982,O004580,P103,1,19.99,2.4,17.59
OI006983,O004581,P093,1,59.99,7.2,52.79
OI006984,O004582,P009,1,299.99,0.0,299.99
OI006985,O004583,P115,1,49.99,0.0,49.99
OI006986,O004584,P120,1,89.99,0.0,89.99
OI006987,O004585,P008,1,79.99,0.0,79.99
OI006988,O004586,P009,1,299.99,0.0,299.99
OI006989,O004586,P132,2,39.99,0.0,79.98
OI006990,O004587,P115,1,49.99,0.0,49.99
OI006991,O004587,P095,2,199.99,48.0,351.98
OI006992,O004587,P150,1,25.99,0.0,25.99
OI006993,O004587,P145,1,69.99,0.0,69.99
OI006994,O004588,P009,1,299.99,0.0,299.99
OI006995,O004589,P085,1,39.99,0.0,39.99
OI006996,O004590,P159,1,55.99,0.0,55.99
OI006997,O004591,P022,1,69.99,0.0,69.99
OI006998,O004591,P167,1,59.99,0.0,59.99
OI006999,O004592,P077,1,199.99,0.0,199.99
OI007000,O004593,P076,1,49.99,0.0,49.99
OI007001,O004594,P066,1,94.99,0.0,94.99
OI007002,O004595,P155,2,79.99,0.0,159.98
OI007003,O004596,P159,1,55.99,0.0,55.99
OI007004,O004597,P155,1,79.99,0.0,79.99
OI007005,O004597,P076,1,49.99,0.0,49.99
OI007006,O004597,P129,1,149.99,0.0,149.99
OI007007,O004598,P009,1,299.99,0.0,299.99
OI007008,O004599,P073,1,349.99,0.0,349.99
OI007009,O004599,P087,1,349.99,0.0,349.99
OI007010,O004600,P022,1,69.99,0.0,69.99
OI007011,O004601,P015,1,199.99,0.0,199.99
OI007012,O004601,P018,1,89.99,0.0,89.99
OI007013,O004602,P076,1,49.99,0.0,49.99
OI007014,O004603,P148,1,59.99,0.0,59.99
OI007015,O004604,P080,1,38.99,0.0,38.99
OI007016,O004604,P081,1,58.99,0.0,58.99
OI007017,O004604,P103,1,19.99,0.0,19.99
OI007018,O004605,P093,1,59.99,0.0,59.99
OI007019,O004606,P147,1,54.99,0.0,54.99
OI007020,O004607,P080,2,38.99,0.0,77.98
OI007021,O004608,P154,1,349.99,0.0,349.99
OI007022,O004609,P004,1,129.99,0.0,129.99
OI007023,O004609,P108,1,24.99,0.0,24.99
OI007024,O004610,P008,1,79.99,0.0,79.99
OI007025,O004611,P093,1,59.99,0.0,59.99
OI007026,O004611,P008,1,79.99,0.0,79.99
OI007027,O004612,P148,1,59.99,0.0,59.99
OI007028,O004613,P092,1,69.99,0.0,69.99
OI007029,O004613,P111,1,99.99,0.0,99.99
OI007030,O004613,P155,2,79.99,0.0,159.98
OI007031,O004613,P120,1,89.99,0.0,89.99
OI007032,O004614,P133,1,99.99,0.0,99.99
OI007033,O004615,P041,1,449.99,0.0,449.99
OI007034,O004616,P155,1,79.99,0.0,79.99
OI007035,O004617,P019,1,299.99,0.0,299.99
OI007036,O004618,P091,1,19.99,0.0,19.99
OI007037,O004618,P102,1,169.99,0.0,169.99
OI007038,O004619,P072,1,89.99,0.0,89.99
OI007039,O004620,P104,1,59.99,0.0,59.99
OI007040,O004620,P066,1,94.99,0.0,94.99
OI007041,O004621,P098,1,199.99,0.0,199.99
OI007042,O004622,P064,1,59.99,0.0,59.99
OI007043,O004623,P103,1,19.99,0.0,19.99
OI007044,O004623,P155,1,79.99,0.0,79.99
OI007045,O004624,P155,2,79.99,0.0,159.98
OI007046,O004624,P016,1,399.99,0.0,399.99
OI007047,O004625,P060,1,139.99,0.0,139.99
OI007048,O004625,P077,1,199.99,0.0,199.99
OI007049,O004626,P108,1,24.99,0.0,24.99
OI007050,O004626,P062,1,24.99,0.0,24.99
OI007051,O004627,P015,1,199.99,0.0,199.99
OI007052,O004627,P109,1,79.99,0.0,79.99
OI007053,O004627,P113,1,84.99,0.0,84.99
OI007054,O004627,P138,1,39.99,0.0,39.99
OI007055,O004628,P003,1,129.99,0.0,129.99
OI007056,O004629,P092,1,69.99,0.0,69.99
OI007057,O004630,P009,1,299.99,0.0,299.99
OI007058,O004631,P016,1,399.99,0.0,399.99
OI007059,O004631,P003,1,129.99,0.0,129.99
OI007060,O004632,P077,1,199.99,0.0,199.99
OI007061,O004632,P020,1,79.99,0.0,79.99
OI007062,O004633,P131,1,79.99,0.0,79.99
OI007063,O004634,P060,1,139.99,0.0,139.99
OI007064,O004635,P112,1,39.99,0.0,39.99
OI007065,O004636,P010,1,89.99,0.0,89.99
OI007066,O004637,P084,1,14.99,0.0,14.99
OI007067,O004637,P120,2,89.99,0.0,179.98
OI007068,O004638,P071,1,189.99,0.0,189.99
OI007069,O004639,P121,1,128.99,0.0,128.99
OI007070,O004640,P126,1,19.99,0.0,19.99
OI007071,O004641,P120,1,89.99,0.0,89.99
OI007072,O004641,P157,1,149.99,0.0,149.99
OI007073,O004641,P155,1,79.99,0.0,79.99
OI007074,O004642,P120,1,89.99,0.0,89.99
OI007075,O004642,P062,1,24.99,0.0,24.99
OI007076,O004642,P155,1,79.99,0.0,79.99
OI007077,O004642,P066,1,94.99,0.0,94.99
OI007078,O004643,P037,1,329.99,0.0,329.99
OI007079,O004643,P023,1,199.99,0.0,199.99
OI007080,O004644,P065,1,39.99,0.0,39.99
OI007081,O004645,P084,1,14.99,0.0,14.99
OI007082,O004646,P113,1,84.99,0.0,84.99
OI007083,O004647,P090,2,189.99,0.0,379.98
OI007084,O004648,P039,1,169.99,0.0,169.99
OI007085,O004649,P167,1,59.99,0.0,59.99
OI007086,O004650,P028,1,19.99,0.0,19.99
OI007087,O004651,P151,1,399.99,0.0,399.99
OI007088,O004652,P152,1,899.99,0.0,899.99
OI007089,O004653,P076,1,49.99,0.0,49.99
OI007090,O004653,P155,1,79.99,0.0,79.99
OI007091,O004653,P120,1,89.99,0.0,89.99
OI007092,O004654,P018,1,89.99,0.0,89.99
OI007093,O004655,P088,1,83.99,0.0,83.99
OI007094,O004656,P048,1,449.99,0.0,449.99
OI007095,O004657,P127,1,49.99,0.0,49.99
OI007096,O004658,P060,1,139.99,0.0,139.99
OI007097,O004659,P028,1,19.99,0.0,19.99
OI007098,O004660,P141,1,99.99,0.0,99.99
OI007099,O004660,P155,3,79.99,0.0,239.97
OI007100,O004661,P080,1,38.99,0.0,38.99
OI007101,O004662,P084,1,14.99,0.0,14.99
OI007102,O004663,P080,1,38.99,0.0,38.99
OI007103,O004664,P006,1,39.99,0.0,39.99
OI007104,O004665,P155,1,79.99,0.0,79.99
OI007105,O004666,P123,1,99.99,0.0,99.99
OI007106,O004667,P128,1,59.99,0.0,59.99
OI007107,O004667,P139,1,89.99,0.0,89.99
OI007108,O004668,P108,1,24.99,0.0,24.99
OI007109,O004669,P068,1,39.99,0.0,39.99
OI007110,O004669,P104,1,59.99,0.0,59.99
OI007111,O004670,P143,1,49.99,0.0,49.99
OI007112,O004671,P139,1,89.99,0.0,89.99
OI007113,O004671,P034,1,699.99,0.0,699.99
OI007114,O004672,P103,1,19.99,0.0,19.99
OI007115,O004672,P131,1,79.99,0.0,79.99
OI007116,O004672,P078,2,14.99,0.0,29.98
OI007117,O004673,P122,1,29.99,0.0,29.99
OI007118,O004673,P084,1,14.99,0.0,14.99
OI007119,O004674,P159,1,55.99,0.0,55.99
OI007120,O004675,P155,2,79.99,0.0,159.98
OI007121,O004676,P132,1,39.99,0.0,39.99
OI007122,O004676,P045,1,129.99,0.0,129.99
OI007123,O004677,P131,1,79.99,0.0,79.99
OI007124,O004677,P079,1,49.99,0.0,49.99
OI007125,O004678,P065,1,39.99,0.0,39.99
OI007126,O004679,P163,1,89.99,0.0,89.99
OI007127,O004680,P032,1,29.99,0.0,29.99
OI007128,O004680,P072,1,89.99,0.0,89.99
OI007129,O004680,P155,1,79.99,0.0,79.99
OI007130,O004681,P141,1,99.99,0.0,99.99
OI007131,O004682,P149,1,129.99,0.0,129.99
OI007132,O004682,P106,1,29.99,0.0,29.99
OI007133,O004683,P081,1,58.99,0.0,58.99
OI007134,O004684,P155,1,79.99,0.0,79.99
OI007135,O004685,P055,1,179.99,0.0,179.99
OI007136,O004685,P147,1,54.99,0.0,54.99
OI007137,O004686,P159,1,55.99,0.0,55.99
OI007138,O004687,P080,2,38.99,0.0,77.98
OI007139,O004687,P133,1,99.99,0.0,99.99
OI007140,O004687,P079,2,49.99,0.0,99.98
OI007141,O004687,P141,1,99.99,0.0,99.99
OI007142,O004688,P048,1,449.99,0.0,449.99
OI007143,O004689,P084,1,14.99,0.0,14.99
OI007144,O004689,P060,1,139.99,0.0,139.99
OI007145,O004690,P072,1,89.99,0.0,89.99
OI007146,O004690,P122,1,29.99,0.0,29.99
OI007147,O004690,P005,1,349.99,0.0,349.99
OI007148,O004691,P012,1,43.99,0.0,43.99
OI007149,O004692,P071,1,189.99,0.0,189.99
OI007150,O004692,P155,1,79.99,0.0,79.99
OI007151,O004692,P036,1,1299.99,0.0,1299.99
OI007152,O004692,P084,1,14.99,0.0,14.99
OI007153,O004693,P121,1,128.99,0.0,128.99
OI007154,O004694,P030,1,59.99,0.0,59.99
OI007155,O004694,P155,1,79.99,0.0,79.99
OI007156,O004694,P120,1,89.99,0.0,89.99
OI007157,O004695,P072,1,89.99,0.0,89.99
OI007158,O004696,P068,1,39.99,0.0,39.99
OI007159,O004696,P115,1,49.99,0.0,49.99
OI007160,O004697,P069,1,119.99,0.0,119.99
OI007161,O004697,P098,1,199.99,0.0,199.99
OI007162,O004697,P041,1,449.99,0.0,449.99
OI007163,O004698,P155,2,79.99,0.0,159.98
OI007164,O004699,P072,1,89.99,0.0,89.99
OI007165,O004700,P102,1,169.99,0.0,169.99
OI007166,O004701,P159,1,55.99,0.0,55.99
OI007167,O004701,P003,1,129.99,0.0,129.99
OI007168,O004702,P041,1,449.99,0.0,449.99
OI007169,O004702,P082,1,29.99,0.0,29.99
OI007170,O004703,P064,1,59.99,0.0,59.99
OI007171,O004704,P142,1,19.99,0.0,19.99
OI007172,O004705,P016,1,399.99,0.0,399.99
OI007173,O004706,P155,1,79.99,0.0,79.99
OI007174,O004707,P098,1,199.99,0.0,199.99
OI007175,O004708,P084,1,14.99,3.0,11.99
OI007176,O004708,P098,1,199.99,40.0,159.99
OI007177,O004708,P148,1,59.99,12.0,47.99
OI007178,O004708,P120,1,89.99,18.0,71.99
OI007179,O004709,P095,1,199.99,0.0,199.99
OI007180,O004709,P115,1,49.99,0.0,49.99
OI007181,O004710,P019,1,299.99,0.0,299.99
OI007182,O004710,P122,1,29.99,0.0,29.99
OI007183,O004710,P009,1,299.99,0.0,299.99
OI007184,O004711,P015,1,199.99,40.0,159.99
OI007185,O004711,P126,1,19.99,4.0,15.99
OI007186,O004712,P159,1,55.99,11.2,44.79
OI007187,O004713,P142,1,19.99,0.0,19.99
OI007188,O004714,P155,1,79.99,16.0,63.99
OI007189,O004714,P072,1,89.99,18.0,71.99
OI007190,O004715,P159,1,55.99,11.2,44.79
OI007191,O004716,P048,1,449.99,90.0,359.99
OI007192,O004717,P084,1,14.99,0.0,14.99
OI007193,O004717,P126,1,19.99,0.0,19.99
OI007194,O004717,P137,1,109.99,0.0,109.99
OI007195,O004718,P074,1,19.99,0.0,19.99
OI007196,O004718,P081,1,58.99,0.0,58.99
OI007197,O004719,P077,1,199.99,0.0,199.99
OI007198,O004720,P120,1,89.99,18.0,71.99
OI007199,O004720,P069,1,119.99,24.0,95.99
OI007200,O004721,P088,1,83.99,16.8,67.19
OI007201,O004722,P143,1,49.99,10.0,39.99
OI007202,O004722,P136,1,44.99,9.0,35.99
OI007203,O004722,P081,1,58.99,11.8,47.19
OI007204,O004723,P108,1,24.99,0.0,24.99
OI007205,O004723,P126,1,19.99,0.0,19.99
OI007206,O004724,P069,1,119.99,0.0,119.99
OI007207,O004724,P013,1,149.99,0.0,149.99
OI007208,O004725,P101,1,49.99,0.0,49.99
OI007209,O004726,P103,1,19.99,4.0,15.99
OI007210,O004726,P142,1,19.99,4.0,15.99
OI007211,O004727,P155,1,79.99,16.0,63.99
OI007212,O004727,P162,1,29.99,6.0,23.99
OI007213,O004728,P116,1,149.99,0.0,149.99
OI007214,O004728,P091,1,19.99,0.0,19.99
OI007215,O004729,P155,1,79.99,0.0,79.99
OI007216,O004730,P077,1,199.99,40.0,159.99
OI007217,O004730,P039,1,169.99,34.0,135.99
OI007218,O004730,P072,1,89.99,18.0,71.99
OI007219,O004731,P076,1,49.99,0.0,49.99
OI007220,O004732,P115,1,49.99,10.0,39.99
OI007221,O004732,P007,1,149.99,30.0,119.99
OI007222,O004732,P121,1,128.99,25.8,103.19
OI007223,O004733,P078,1,14.99,3.0,11.99
OI007224,O004733,P088,1,83.99,16.8,67.19
OI007225,O004734,P052,1,229.99,0.0,229.99
OI007226,O004734,P141,1,99.99,0.0,99.99
OI007227,O004735,P133,1,99.99,20.0,79.99
OI007228,O004735,P142,1,19.99,4.0,15.99
OI007229,O004735,P012,1,43.99,8.8,35.19
OI007230,O004736,P131,2,79.99,32.0,127.98
OI007231,O004737,P103,1,19.99,0.0,19.99
OI007232,O004737,P115,1,49.99,0.0,49.99
OI007233,O004738,P081,1,58.99,11.8,47.19
OI007234,O004738,P019,1,299.99,60.0,239.99
OI007235,O004738,P171,1,199.99,40.0,159.99
OI007236,O004738,P071,1,189.99,38.0,151.99
OI007237,O004739,P154,1,349.99,70.0,279.99
OI007238,O004740,P155,1,79.99,16.0,63.99
OI007239,O004741,P103,1,19.99,4.0,15.99
OI007240,O004741,P130,1,24.99,5.0,19.99
OI007241,O004742,P013,1,149.99,0.0,149.99
OI007242,O004742,P131,1,79.99,0.0,79.99
OI007243,O004742,P008,1,79.99,0.0,79.99
OI007244,O004743,P025,1,119.99,24.0,95.99
OI007245,O004744,P145,1,69.99,0.0,69.99
OI007246,O004745,P159,1,55.99,11.2,44.79
OI007247,O004745,P147,1,54.99,11.0,43.99
OI007248,O004745,P116,2,149.99,60.0,239.98
OI007249,O004746,P003,1,129.99,26.0,103.99
OI007250,O004746,P155,1,79.99,16.0,63.99
OI007251,O004747,P131,1,79.99,16.0,63.99
OI007252,O004748,P090,1,189.99,38.0,151.99
OI007253,O004749,P171,1,199.99,40.0,159.99
OI007254,O004749,P019,1,299.99,60.0,239.99
OI007255,O004750,P155,1,79.99,0.0,79.99
OI007256,O004751,P081,1,58.99,11.8,47.19
OI007257,O004752,P132,1,39.99,0.0,39.99
OI007258,O004753,P102,1,169.99,34.0,135.99
OI007259,O004753,P015,1,199.99,40.0,159.99
OI007260,O004754,P151,1,399.99,80.0,319.99
OI007261,O004755,P120,1,89.99,0.0,89.99
OI007262,O004756,P086,1,129.99,0.0,129.99
OI007263,O004757,P072,1,89.99,18.0,71.99
OI007264,O004757,P160,1,19.99,4.0,15.99
OI007265,O004758,P008,1,79.99,16.0,63.99
OI007266,O004759,P064,1,59.99,0.0,59.99
OI007267,O004760,P095,1,199.99,0.0,199.99
OI007268,O004760,P152,1,899.99,0.0,899.99
OI007269,O004760,P060,1,139.99,0.0,139.99
OI007270,O004761,P103,1,19.99,0.0,19.99
OI007271,O004762,P079,1,49.99,10.0,39.99
OI007272,O004763,P155,1,79.99,16.0,63.99
OI007273,O004764,P103,1,19.99,0.0,19.99
OI007274,O004764,P123,1,99.99,0.0,99.99
OI007275,O004765,P096,1,449.99,90.0,359.99
OI007276,O004765,P084,1,14.99,3.0,11.99
OI007277,O004766,P019,1,299.99,60.0,239.99
OI007278,O004766,P020,1,79.99,16.0,63.99
OI007279,O004767,P115,1,49.99,10.0,39.99
OI007280,O004767,P129,1,149.99,30.0,119.99
OI007281,O004767,P110,1,29.99,6.0,23.99
OI007282,O004768,P060,1,139.99,28.0,111.99
OI007283,O004768,P103,1,19.99,4.0,15.99
OI007284,O004769,P148,1,59.99,12.0,47.99
OI007285,O004770,P141,1,99.99,0.0,99.99
OI007286,O004771,P084,1,14.99,3.0,11.99
OI007287,O004772,P081,1,58.99,11.8,47.19
OI007288,O004773,P115,1,49.99,0.0,49.99
OI007289,O004773,P155,1,79.99,0.0,79.99
OI007290,O004774,P077,1,199.99,40.0,159.99
OI007291,O004774,P052,1,229.99,46.0,183.99
OI007292,O004775,P112,1,39.99,0.0,39.99
OI007293,O004775,P103,1,19.99,0.0,19.99
OI007294,O004775,P154,1,349.99,0.0,349.99
OI007295,O004776,P122,1,29.99,0.0,29.99
OI007296,O004776,P159,1,55.99,0.0,55.99
OI007297,O004776,P166,1,24.99,0.0,24.99
OI007298,O004777,P064,1,59.99,0.0,59.99
OI007299,O004777,P048,1,449.99,0.0,449.99
OI007300,O004778,P103,1,19.99,0.0,19.99
OI007301,O004779,P154,1,349.99,0.0,349.99
OI007302,O004780,P119,1,29.99,0.0,29.99
OI007303,O004781,P072,1,89.99,0.0,89.99
OI007304,O004781,P081,1,58.99,0.0,58.99
OI007305,O004782,P136,1,44.99,0.0,44.99
OI007306,O004783,P134,1,34.99,0.0,34.99
OI007307,O004784,P157,1,149.99,0.0,149.99
OI007308,O004785,P100,1,79.99,0.0,79.99
OI007309,O004786,P103,1,19.99,0.0,19.99
OI007310,O004787,P081,1,58.99,0.0,58.99
OI007311,O004788,P156,1,249.99,0.0,249.99
OI007312,O004788,P009,1,299.99,0.0,299.99
OI007313,O004789,P162,1,29.99,0.0,29.99
OI007314,O004790,P069,1,119.99,0.0,119.99
OI007315,O004791,P133,1,99.99,0.0,99.99
OI007316,O004792,P120,1,89.99,0.0,89.99
OI007317,O004792,P155,1,79.99,0.0,79.99
OI007318,O004792,P004,1,129.99,0.0,129.99
OI007319,O004793,P014,1,449.99,0.0,449.99
OI007320,O004794,P074,1,19.99,0.0,19.99
OI007321,O004795,P001,1,49.99,0.0,49.99
OI007322,O004796,P079,1,49.99,0.0,49.99
OI007323,O004797,P167,1,59.99,0.0,59.99
OI007324,O004798,P015,1,199.99,0.0,199.99
OI007325,O004798,P076,1,49.99,0.0,49.99
OI007326,O004798,P084,1,14.99,0.0,14.99
OI007327,O004799,P002,1,89.99,0.0,89.99
OI007328,O004799,P001,1,49.99,0.0,49.99
OI007329,O004800,P072,1,89.99,0.0,89.99
OI007330,O004801,P154,1,349.99,0.0,349.99
OI007331,O004802,P158,1,449.99,0.0,449.99
OI007332,O004803,P014,1,449.99,0.0,449.99
OI007333,O004804,P071,1,189.99,0.0,189.99
OI007334,O004805,P143,1,49.99,0.0,49.99
OI007335,O004806,P004,1,129.99,0.0,129.99
OI007336,O004806,P122,1,29.99,0.0,29.99
OI007337,O004806,P064,1,59.99,0.0,59.99
OI007338,O004806,P125,1,49.99,0.0,49.99
OI007339,O004807,P155,1,79.99,0.0,79.99
OI007340,O004808,P003,1,129.99,0.0,129.99
OI007341,O004809,P163,1,89.99,0.0,89.99
OI007342,O004810,P144,1,29.99,0.0,29.99
OI007343,O004811,P103,2,19.99,0.0,39.98
OI007344,O004812,P072,2,89.99,0.0,179.98
OI007345,O004813,P003,1,129.99,0.0,129.99
OI007346,O004814,P120,2,89.99,0.0,179.98
OI007347,O004815,P084,3,14.99,0.0,44.97
OI007348,O004816,P072,1,89.99,0.0,89.99
OI007349,O004817,P052,1,229.99,0.0,229.99
OI007350,O004818,P125,1,49.99,0.0,49.99
OI007351,O004819,P083,1,99.99,0.0,99.99
OI007352,O004819,P071,2,189.99,0.0,379.98
OI007353,O004819,P101,1,49.99,0.0,49.99
OI007354,O004819,P079,1,49.99,0.0,49.99
OI007355,O004820,P164,1,29.99,0.0,29.99
OI007356,O004821,P078,1,14.99,0.0,14.99
OI007357,O004822,P033,1,79.99,0.0,79.99
OI007358,O004822,P120,1,89.99,0.0,89.99
OI007359,O004823,P008,1,79.99,0.0,79.99
OI007360,O004823,P023,1,199.99,0.0,199.99
OI007361,O004823,P167,1,59.99,0.0,59.99
OI007362,O004824,P077,1,199.99,0.0,199.99
OI007363,O004824,P123,1,99.99,0.0,99.99
OI007364,O004824,P148,1,59.99,0.0,59.99
OI007365,O004825,P109,1,79.99,0.0,79.99
OI007366,O004826,P130,1,24.99,0.0,24.99
OI007367,O004827,P008,1,79.99,0.0,79.99
OI007368,O004827,P022,1,69.99,0.0,69.99
OI007369,O004827,P108,1,24.99,0.0,24.99
OI007370,O004827,P104,1,59.99,0.0,59.99
OI007371,O004828,P079,1,49.99,0.0,49.99
OI007372,O004829,P025,1,119.99,0.0,119.99
OI007373,O004830,P126,1,19.99,0.0,19.99
OI007374,O004830,P008,1,79.99,0.0,79.99
OI007375,O004831,P145,1,69.99,0.0,69.99
OI007376,O004832,P041,1,449.99,0.0,449.99
OI007377,O004832,P155,1,79.99,0.0,79.99
OI007378,O004832,P089,1,59.99,0.0,59.99
OI007379,O004833,P072,1,89.99,0.0,89.99
OI007380,O004834,P143,1,49.99,0.0,49.99
OI007381,O004835,P048,1,449.99,0.0,449.99
OI007382,O004836,P121,1,128.99,0.0,128.99
OI007383,O004836,P142,1,19.99,0.0,19.99
OI007384,O004836,P153,1,129.99,0.0,129.99
OI007385,O004836,P030,1,59.99,0.0,59.99
OI007386,O004837,P162,1,29.99,0.0,29.99
OI007387,O004837,P115,1,49.99,0.0,49.99
OI007388,O004838,P002,1,89.99,0.0,89.99
OI007389,O004839,P032,1,29.99,0.0,29.99
OI007390,O004840,P120,1,89.99,0.0,89.99
OI007391,O004841,P006,1,39.99,0.0,39.99
OI007392,O004842,P027,1,89.99,0.0,89.99
OI007393,O004842,P021,1,179.99,0.0,179.99
OI007394,O004843,P076,1,49.99,0.0,49.99
OI007395,O004844,P153,1,129.99,0.0,129.99
OI007396,O004844,P133,1,99.99,0.0,99.99
OI007397,O004844,P101,1,49.99,0.0,49.99
OI007398,O004845,P148,1,59.99,0.0,59.99
OI007399,O004846,P131,1,79.99,0.0,79.99
OI007400,O004846,P125,1,49.99,0.0,49.99
OI007401,O004847,P166,1,24.99,0.0,24.99
OI007402,O004848,P112,1,39.99,0.0,39.99
OI007403,O004848,P114,1,129.99,0.0,129.99
OI007404,O004848,P140,1,39.99,0.0,39.99
OI007405,O004848,P101,1,49.99,0.0,49.99
OI007406,O004849,P084,1,14.99,0.0,14.99
OI007407,O004849,P092,1,69.99,0.0,69.99
OI007408,O004849,P060,1,139.99,0.0,139.99
OI007409,O004850,P082,2,29.99,0.0,59.98
OI007410,O004851,P164,1,29.99,0.0,29.99
OI007411,O004852,P001,1,49.99,0.0,49.99
OI007412,O004853,P151,1,399.99,0.0,399.99
OI007413,O004854,P155,1,79.99,0.0,79.99
OI007414,O004855,P167,1,59.99,0.0,59.99
OI007415,O004855,P023,1,199.99,0.0,199.99
OI007416,O004856,P120,1,89.99,0.0,89.99
OI007417,O004857,P116,1,149.99,0.0,149.99
OI007418,O004858,P101,1,49.99,0.0,49.99
OI007419,O004859,P155,1,79.99,0.0,79.99
OI007420,O004860,P010,1,89.99,0.0,89.99
OI007421,O004860,P153,1,129.99,0.0,129.99
OI007422,O004861,P101,1,49.99,0.0,49.99
OI007423,O004862,P014,1,449.99,0.0,449.99
OI007424,O004862,P122,2,29.99,0.0,59.98
OI007425,O004862,P027,1,89.99,0.0,89.99
OI007426,O004862,P158,1,449.99,0.0,449.99
OI007427,O004863,P069,2,119.99,0.0,239.98
OI007428,O004863,P052,1,229.99,0.0,229.99
OI007429,O004863,P113,1,84.99,0.0,84.99
OI007430,O004864,P123,1,99.99,0.0,99.99
OI007431,O004865,P155,1,79.99,0.0,79.99
OI007432,O004865,P104,2,59.99,0.0,119.98
OI007433,O004866,P143,1,49.99,0.0,49.99
OI007434,O004866,P010,1,89.99,0.0,89.99
OI007435,O004867,P077,2,199.99,0.0,399.98
OI007436,O004868,P136,1,44.99,0.0,44.99
OI007437,O004868,P092,1,69.99,0.0,69.99
OI007438,O004869,P155,1,79.99,0.0,79.99
OI007439,O004870,P159,1,55.99,0.0,55.99
OI007440,O004870,P156,1,249.99,0.0,249.99
OI007441,O004870,P153,1,129.99,0.0,129.99
OI007442,O004871,P131,1,79.99,0.0,79.99
OI007443,O004872,P108,3,24.99,0.0,74.97
OI007444,O004872,P147,1,54.99,0.0,54.99
OI007445,O004872,P084,1,14.99,0.0,14.99
OI007446,O004873,P012,1,43.99,0.0,43.99
OI007447,O004873,P074,1,19.99,0.0,19.99
OI007448,O004874,P088,1,83.99,0.0,83.99
OI007449,O004875,P155,3,79.99,47.99,191.98
OI007450,O004876,P045,1,129.99,0.0,129.99
OI007451,O004877,P041,1,449.99,0.0,449.99
OI007452,O004877,P079,1,49.99,0.0,49.99
OI007453,O004878,P112,1,39.99,0.0,39.99
OI007454,O004879,P021,1,179.99,0.0,179.99
OI007455,O004880,P093,1,59.99,0.0,59.99
OI007456,O004880,P159,1,55.99,11.2,44.79
OI007457,O004881,P153,1,129.99,26.0,103.99
OI007458,O004882,P161,1,59.99,0.0,59.99
OI007459,O004882,P041,1,449.99,0.0,449.99
OI007460,O004883,P004,1,129.99,0.0,129.99
OI007461,O004884,P159,1,55.99,11.2,44.79
OI007462,O004884,P071,2,189.99,0.0,379.98
OI007463,O004885,P030,1,59.99,0.0,59.99
OI007464,O004885,P143,1,49.99,0.0,49.99
OI007465,O004886,P001,1,49.99,0.0,49.99
OI007466,O004886,P148,1,59.99,0.0,59.99
OI007467,O004886,P008,1,79.99,0.0,79.99
OI007468,O004886,P159,1,55.99,11.2,44.79
OI007469,O004887,P091,1,19.99,0.0,19.99
OI007470,O004888,P120,1,89.99,0.0,89.99
OI007471,O004889,P103,1,19.99,0.0,19.99
OI007472,O004889,P155,1,79.99,16.0,63.99
OI007473,O004890,P155,1,79.99,16.0,63.99
OI007474,O004891,P141,1,99.99,0.0,99.99
OI007475,O004891,P068,1,39.99,0.0,39.99
OI007476,O004892,P167,1,59.99,12.0,47.99
OI007477,O004893,P115,1,49.99,0.0,49.99
OI007478,O004894,P081,1,58.99,0.0,58.99
OI007479,O004895,P123,1,99.99,0.0,99.99
OI007480,O004896,P132,1,39.99,0.0,39.99
OI007481,O004897,P062,1,24.99,0.0,24.99
OI007482,O004898,P120,2,89.99,0.0,179.98
OI007483,O004899,P148,1,59.99,0.0,59.99
OI007484,O004899,P154,1,349.99,0.0,349.99
OI007485,O004900,P095,1,199.99,0.0,199.99
OI007486,O004901,P075,1,69.99,0.0,69.99
OI007487,O004902,P060,1,139.99,0.0,139.99
OI007488,O004903,P088,1,83.99,0.0,83.99
OI007489,O004904,P004,1,129.99,0.0,129.99
OI007490,O004904,P052,1,229.99,0.0,229.99
OI007491,O004904,P087,1,349.99,0.0,349.99
OI007492,O004904,P020,1,79.99,0.0,79.99
OI007493,O004905,P060,1,139.99,0.0,139.99
OI007494,O004906,P103,1,19.99,0.0,19.99
OI007495,O004907,P095,1,199.99,0.0,199.99
OI007496,O004907,P157,1,149.99,0.0,149.99
OI007497,O004908,P023,1,199.99,0.0,199.99
OI007498,O004908,P064,1,59.99,0.0,59.99
OI007499,O004908,P016,1,399.99,0.0,399.99
OI007500,O004908,P166,1,24.99,0.0,24.99
OI007501,O004909,P125,1,49.99,0.0,49.99
OI007502,O004909,P098,1,199.99,0.0,199.99
OI007503,O004910,P025,1,119.99,0.0,119.99
OI007504,O004910,P024,1,29.99,0.0,29.99
OI007505,O004910,P027,1,89.99,0.0,89.99
OI007506,O004911,P070,1,69.99,0.0,69.99
OI007507,O004911,P087,1,349.99,0.0,349.99
OI007508,O004911,P011,1,229.99,0.0,229.99
OI007509,O004911,P079,1,49.99,0.0,49.99
OI007510,O004912,P161,2,59.99,0.0,119.98
OI007511,O004913,P081,1,58.99,0.0,58.99
OI007512,O004914,P081,1,58.99,0.0,58.99
OI007513,O004914,P101,1,49.99,0.0,49.99
OI007514,O004915,P146,1,24.99,0.0,24.99
OI007515,O004916,P120,1,89.99,0.0,89.99
OI007516,O004917,P008,1,79.99,0.0,79.99
OI007517,O004918,P129,1,149.99,0.0,149.99
OI007518,O004919,P101,1,49.99,0.0,49.99
OI007519,O004920,P088,2,83.99,0.0,167.98
OI007520,O004921,P166,1,24.99,0.0,24.99
OI007521,O004922,P029,1,49.99,0.0,49.99
OI007522,O004923,P018,1,89.99,0.0,89.99
OI007523,O004924,P169,2,169.99,68.0,271.98
OI007524,O004924,P167,1,59.99,12.0,47.99
OI007525,O004925,P015,1,199.99,0.0,199.99
OI007526,O004926,P125,1,49.99,0.0,49.99
OI007527,O004927,P168,1,49.99,10.0,39.99
OI007528,O004928,P155,1,79.99,16.0,63.99
OI007529,O004929,P093,1,59.99,0.0,59.99
OI007530,O004929,P060,1,139.99,0.0,139.99
OI007531,O004930,P022,1,69.99,0.0,69.99
OI007532,O004931,P104,1,59.99,0.0,59.99
OI007533,O004931,P115,1,49.99,0.0,49.99
OI007534,O004931,P142,2,19.99,0.0,39.98
OI007535,O004931,P170,1,79.99,16.0,63.99
OI007536,O004932,P155,1,79.99,16.0,63.99
OI007537,O004933,P117,1,69.99,0.0,69.99
OI007538,O004934,P007,1,149.99,0.0,149.99
OI007539,O004935,P139,1,89.99,0.0,89.99
OI007540,O004936,P037,1,329.99,0.0,329.99
OI007541,O004937,P121,1,128.99,0.0,128.99
OI007542,O004937,P125,1,49.99,0.0,49.99
OI007543,O004938,P083,1,99.99,0.0,99.99
OI007544,O004939,P121,1,128.99,0.0,128.99
OI007545,O004940,P115,1,49.99,0.0,49.99
OI007546,O004940,P142,1,19.99,0.0,19.99
OI007547,O004941,P107,2,99.99,0.0,199.98
OI007548,O004942,P072,1,89.99,0.0,89.99
OI007549,O004943,P076,1,49.99,0.0,49.99
OI007550,O004944,P160,1,19.99,4.0,15.99
OI007551,O004944,P103,1,19.99,0.0,19.99
OI007552,O004945,P096,1,449.99,0.0,449.99
OI007553,O004946,P024,1,29.99,0.0,29.99
OI007554,O004947,P050,1,799.99,0.0,799.99
OI007555,O004948,P117,1,69.99,0.0,69.99
OI007556,O004948,P158,1,449.99,0.0,449.99
OI007557,O004948,P070,2,69.99,0.0,139.98
OI007558,O004949,P050,1,799.99,0.0,799.99
OI007559,O004950,P084,1,14.99,0.0,14.99
OI007560,O004950,P136,1,44.99,0.0,44.99
OI007561,O004951,P027,1,89.99,0.0,89.99
OI007562,O004951,P064,1,59.99,0.0,59.99
OI007563,O004951,P149,1,129.99,0.0,129.99
OI007564,O004952,P034,1,699.99,0.0,699.99
OI007565,O004952,P137,1,109.99,0.0,109.99
OI007566,O004953,P131,1,79.99,0.0,79.99
OI007567,O004953,P020,1,79.99,0.0,79.99
OI007568,O004953,P099,1,29.99,0.0,29.99
OI007569,O004954,P135,1,79.99,0.0,79.99
OI007570,O004954,P103,1,19.99,0.0,19.99
OI007571,O004954,P163,2,89.99,36.0,143.98
OI007572,O004954,P077,1,199.99,0.0,199.99
OI007573,O004955,P100,1,79.99,0.0,79.99
OI007574,O004956,P103,1,19.99,0.0,19.99
OI007575,O004957,P022,1,69.99,0.0,69.99
OI007576,O004957,P148,1,59.99,0.0,59.99
OI007577,O004958,P087,1,349.99,0.0,349.99
OI007578,O004958,P120,1,89.99,0.0,89.99
OI007579,O004958,P019,1,299.99,0.0,299.99
OI007580,O004959,P114,1,129.99,0.0,129.99
OI007581,O004960,P166,1,24.99,0.0,24.99
OI007582,O004961,P020,1,79.99,0.0,79.99
OI007583,O004962,P071,1,189.99,0.0,189.99
OI007584,O004963,P115,1,49.99,0.0,49.99
OI007585,O004964,P072,1,89.99,0.0,89.99
OI007586,O004965,P167,1,59.99,0.0,59.99
OI007587,O004966,P002,1,89.99,0.0,89.99
OI007588,O004966,P104,1,59.99,0.0,59.99
OI007589,O004966,P164,1,29.99,0.0,29.99
OI007590,O004967,P106,1,29.99,0.0,29.99
OI007591,O004968,P155,1,79.99,0.0,79.99
OI007592,O004969,P068,1,39.99,0.0,39.99
OI007593,O004970,P088,1,83.99,0.0,83.99
OI007594,O004970,P027,1,89.99,0.0,89.99
OI007595,O004971,P026,1,24.99,0.0,24.99
OI007596,O004972,P023,1,199.99,0.0,199.99
OI007597,O004973,P072,1,89.99,0.0,89.99
OI007598,O004974,P027,1,89.99,0.0,89.99
OI007599,O004975,P015,1,199.99,0.0,199.99
OI007600,O004976,P076,2,49.99,0.0,99.98
OI007601,O004977,P168,1,49.99,10.0,39.99
OI007602,O004977,P044,1,399.99,0.0,399.99
OI007603,O004978,P119,1,29.99,0.0,29.99
OI007604,O004979,P098,1,199.99,0.0,199.99
OI007605,O004980,P155,1,79.99,16.0,63.99
OI007606,O004981,P145,1,69.99,0.0,69.99
OI007607,O004981,P167,1,59.99,12.0,47.99
OI007608,O004981,P071,1,189.99,0.0,189.99
OI007609,O004982,P052,1,229.99,0.0,229.99
OI007610,O004983,P103,1,19.99,0.0,19.99
OI007611,O004983,P053,1,299.99,0.0,299.99
OI007612,O004984,P067,1,149.99,0.0,149.99
OI007613,O004984,P083,1,99.99,0.0,99.99
OI007614,O004985,P023,1,199.99,0.0,199.99
OI007615,O004985,P154,3,349.99,0.0,1049.97
OI007616,O004986,P024,1,29.99,0.0,29.99
OI007617,O004987,P079,1,49.99,0.0,49.99
OI007618,O004987,P120,1,89.99,0.0,89.99
OI007619,O004988,P008,1,79.99,0.0,79.99
OI007620,O004988,P110,1,29.99,0.0,29.99
OI007621,O004988,P064,1,59.99,0.0,59.99
OI007622,O004989,P133,1,99.99,0.0,99.99
OI007623,O004990,P155,1,79.99,0.0,79.99
OI007624,O004991,P077,1,199.99,0.0,199.99
OI007625,O004992,P026,1,24.99,0.0,24.99
OI007626,O004992,P029,1,49.99,0.0,49.99
OI007627,O004992,P130,1,24.99,0.0,24.99
OI007628,O004993,P120,2,89.99,0.0,179.98
OI007629,O004993,P104,1,59.99,0.0,59.99
OI007630,O004994,P064,1,59.99,0.0,59.99
OI007631,O004995,P103,1,19.99,0.0,19.99
OI007632,O004996,P087,1,349.99,0.0,349.99
OI007633,O004997,P008,1,79.99,0.0,79.99
OI007634,O004997,P022,1,69.99,0.0,69.99
OI007635,O004997,P119,1,29.99,0.0,29.99
OI007636,O004998,P064,1,59.99,0.0,59.99
OI007637,O004999,P074,1,19.99,0.0,19.99
OI007638,O005000,P111,1,99.99,0.0,99.99
OI007639,O005001,P170,2,79.99,32.0,127.98
OI007640,O005001,P148,1,59.99,0.0,59.99
OI007641,O005001,P063,3,39.99,0.0,119.97
OI007642,O005002,P143,2,49.99,0.0,99.98
OI007643,O005003,P103,1,19.99,0.0,19.99
OI007644,O005003,P159,1,55.99,11.2,44.79
OI007645,O005003,P122,1,29.99,0.0,29.99
OI007646,O005003,P076,1,49.99,0.0,49.99
OI007647,O005004,P152,1,899.99,0.0,899.99
OI007648,O005004,P115,2,49.99,0.0,99.98
OI007649,O005004,P127,1,49.99,0.0,49.99
OI007650,O005005,P098,1,199.99,0.0,199.99
OI007651,O005006,P116,1,149.99,0.0,149.99
OI007652,O005006,P042,1,899.99,0.0,899.99
OI007653,O005007,P007,1,149.99,0.0,149.99
OI007654,O005007,P076,1,49.99,0.0,49.99
OI007655,O005008,P143,1,49.99,0.0,49.99
OI007656,O005008,P060,1,139.99,0.0,139.99
OI007657,O005009,P097,1,49.99,0.0,49.99
OI007658,O005010,P041,1,449.99,0.0,449.99
OI007659,O005010,P121,1,128.99,0.0,128.99
OI007660,O005010,P003,1,129.99,0.0,129.99
OI007661,O005010,P076,1,49.99,0.0,49.99
OI007662,O005011,P008,1,79.99,0.0,79.99
OI007663,O005011,P155,1,79.99,16.0,63.99
OI007664,O005011,P064,1,59.99,0.0,59.99
OI007665,O005011,P148,1,59.99,0.0,59.99
OI007666,O005012,P057,1,149.99,0.0,149.99
OI007667,O005013,P142,1,19.99,0.0,19.99
OI007668,O005013,P027,1,89.99,0.0,89.99
OI007669,O005014,P104,1,59.99,0.0,59.99
OI007670,O005015,P103,1,19.99,0.0,19.99
OI007671,O005016,P030,1,59.99,0.0,59.99
OI007672,O005017,P060,1,139.99,0.0,139.99
OI007673,O005018,P167,1,59.99,0.0,59.99
OI007674,O005018,P147,1,54.99,0.0,54.99
OI007675,O005018,P155,2,79.99,0.0,159.98
OI007676,O005019,P063,1,39.99,0.0,39.99
OI007677,O005020,P116,1,149.99,0.0,149.99
OI007678,O005020,P041,1,449.99,0.0,449.99
OI007679,O005020,P124,1,14.99,0.0,14.99
OI007680,O005020,P167,1,59.99,12.0,47.99
OI007681,O005021,P029,1,49.99,0.0,49.99
OI007682,O005022,P084,1,14.99,0.0,14.99
OI007683,O005023,P144,1,29.99,0.0,29.99
OI007684,O005024,P062,2,24.99,0.0,49.98
OI007685,O005024,P123,1,99.99,0.0,99.99
OI007686,O005025,P062,1,24.99,0.0,24.99
OI007687,O005026,P125,1,49.99,0.0,49.99
OI007688,O005026,P074,1,19.99,0.0,19.99
OI007689,O005027,P079,1,49.99,0.0,49.99
OI007690,O005028,P148,1,59.99,0.0,59.99
OI007691,O005028,P064,1,59.99,0.0,59.99
OI007692,O005029,P131,1,79.99,0.0,79.99
OI007693,O005029,P060,1,139.99,0.0,139.99
OI007694,O005030,P076,2,49.99,0.0,99.98
OI007695,O005030,P019,1,299.99,0.0,299.99
OI007696,O005031,P098,2,199.99,0.0,399.98
OI007697,O005032,P077,1,199.99,0.0,199.99
OI007698,O005033,P098,3,199.99,0.0,599.97
OI007699,O005034,P101,1,49.99,0.0,49.99
OI007700,O005034,P077,1,199.99,0.0,199.99
OI007701,O005035,P037,1,329.99,0.0,329.99
OI007702,O005035,P155,1,79.99,16.0,63.99
OI007703,O005036,P155,1,79.99,16.0,63.99
OI007704,O005036,P120,1,89.99,0.0,89.99
OI007705,O005037,P024,1,29.99,0.0,29.99
OI007706,O005038,P102,1,169.99,0.0,169.99
OI007707,O005039,P076,2,49.99,0.0,99.98
OI007708,O005039,P030,1,59.99,0.0,59.99
OI007709,O005039,P158,1,449.99,0.0,449.99
OI007710,O005040,P003,1,129.99,0.0,129.99
OI007711,O005041,P079,1,49.99,0.0,49.99
OI007712,O005041,P006,1,39.99,0.0,39.99
OI007713,O005042,P154,1,349.99,70.0,279.99
OI007714,O005042,P058,1,379.99,0.0,379.99
OI007715,O005043,P067,1,149.99,0.0,149.99
OI007716,O005043,P159,1,55.99,11.2,44.79
OI007717,O005044,P155,1,79.99,0.0,79.99
OI007718,O005045,P162,1,29.99,6.0,23.99
OI007719,O005045,P016,1,399.99,0.0,399.99
OI007720,O005046,P068,1,39.99,0.0,39.99
OI007721,O005047,P080,1,38.99,0.0,38.99
OI007722,O005048,P106,1,29.99,0.0,29.99
OI007723,O005048,P078,1,14.99,0.0,14.99
OI007724,O005048,P073,1,349.99,0.0,349.99
OI007725,O005048,P062,1,24.99,0.0,24.99
OI007726,O005049,P065,1,39.99,0.0,39.99
OI007727,O005050,P152,1,899.99,180.0,719.99
OI007728,O005051,P004,1,129.99,0.0,129.99
OI007729,O005052,P103,1,19.99,0.0,19.99
OI007730,O005053,P022,1,69.99,0.0,69.99
OI007731,O005053,P132,1,39.99,0.0,39.99
OI007732,O005053,P104,1,59.99,0.0,59.99
OI007733,O005053,P076,1,49.99,0.0,49.99
OI007734,O005054,P143,2,49.99,0.0,99.98
OI007735,O005054,P060,1,139.99,0.0,139.99
OI007736,O005055,P012,1,43.99,0.0,43.99
OI007737,O005056,P084,1,14.99,0.0,14.99
OI007738,O005056,P137,1,109.99,0.0,109.99
OI007739,O005056,P128,1,59.99,0.0,59.99
OI007740,O005056,P146,1,24.99,0.0,24.99
OI007741,O005057,P019,1,299.99,0.0,299.99
OI007742,O005058,P064,1,59.99,0.0,59.99
OI007743,O005058,P060,1,139.99,0.0,139.99
OI007744,O005059,P159,2,55.99,22.4,89.58
OI007745,O005060,P074,1,19.99,0.0,19.99
OI007746,O005061,P155,1,79.99,0.0,79.99
OI007747,O005062,P072,1,89.99,0.0,89.99
OI007748,O005063,P155,1,79.99,0.0,79.99
OI007749,O005064,P142,1,19.99,0.0,19.99
OI007750,O005065,P159,1,55.99,0.0,55.99
OI007751,O005066,P071,1,189.99,0.0,189.99
OI007752,O005067,P076,1,49.99,0.0,49.99
OI007753,O005068,P064,1,59.99,0.0,59.99
OI007754,O005069,P063,2,39.99,0.0,79.98
OI007755,O005069,P052,1,229.99,0.0,229.99
OI007756,O005070,P024,1,29.99,0.0,29.99
OI007757,O005071,P126,1,19.99,0.0,19.99
OI007758,O005072,P009,1,299.99,0.0,299.99
OI007759,O005072,P155,1,79.99,0.0,79.99
OI007760,O005073,P016,1,399.99,0.0,399.99
OI007761,O005073,P015,1,199.99,0.0,199.99
OI007762,O005074,P091,1,19.99,0.0,19.99
OI007763,O005075,P105,1,38.99,0.0,38.99
OI007764,O005075,P120,1,89.99,0.0,89.99
OI007765,O005075,P114,1,129.99,0.0,129.99
OI007766,O005076,P038,1,599.99,0.0,599.99
OI007767,O005077,P148,1,59.99,0.0,59.99
OI007768,O005078,P062,1,24.99,0.0,24.99
OI007769,O005079,P064,1,59.99,0.0,59.99
OI007770,O005079,P079,1,49.99,0.0,49.99
OI007771,O005079,P027,1,89.99,0.0,89.99
OI007772,O005079,P142,1,19.99,0.0,19.99
OI007773,O005080,P008,1,79.99,0.0,79.99
OI007774,O005081,P024,1,29.99,0.0,29.99
OI007775,O005081,P108,2,24.99,0.0,49.98
OI007776,O005082,P081,1,58.99,0.0,58.99
OI007777,O005083,P068,1,39.99,0.0,39.99
OI007778,O005084,P010,1,89.99,0.0,89.99
OI007779,O005085,P171,1,199.99,0.0,199.99
OI007780,O005086,P091,1,19.99,0.0,19.99
OI007781,O005087,P060,1,139.99,0.0,139.99
OI007782,O005088,P155,1,79.99,0.0,79.99
OI007783,O005088,P163,1,89.99,0.0,89.99
OI007784,O005088,P016,1,399.99,0.0,399.99
OI007785,O005089,P158,1,449.99,0.0,449.99
OI007786,O005089,P009,1,299.99,0.0,299.99
OI007787,O005089,P024,1,29.99,0.0,29.99
OI007788,O005090,P001,1,49.99,0.0,49.99
OI007789,O005090,P025,1,119.99,0.0,119.99
OI007790,O005090,P115,1,49.99,0.0,49.99
OI007791,O005091,P103,1,19.99,0.0,19.99
OI007792,O005092,P155,1,79.99,0.0,79.99
OI007793,O005092,P087,1,349.99,0.0,349.99
OI007794,O005093,P087,1,349.99,0.0,349.99
OI007795,O005094,P160,1,19.99,0.0,19.99
OI007796,O005094,P157,1,149.99,0.0,149.99
OI007797,O005095,P032,1,29.99,0.0,29.99
OI007798,O005095,P121,5,128.99,0.0,644.95
OI007799,O005096,P154,1,349.99,0.0,349.99
OI007800,O005096,P004,1,129.99,0.0,129.99
OI007801,O005096,P092,1,69.99,0.0,69.99
OI007802,O005096,P077,1,199.99,0.0,199.99
OI007803,O005097,P131,1,79.99,0.0,79.99
OI007804,O005097,P145,1,69.99,0.0,69.99
OI007805,O005097,P071,1,189.99,0.0,189.99
OI007806,O005098,P143,1,49.99,0.0,49.99
OI007807,O005099,P019,1,299.99,0.0,299.99
OI007808,O005100,P085,1,39.99,0.0,39.99
OI007809,O005101,P060,1,139.99,0.0,139.99
OI007810,O005101,P127,1,49.99,0.0,49.99
OI007811,O005101,P020,1,79.99,0.0,79.99
OI007812,O005101,P017,1,599.99,0.0,599.99
OI007813,O005102,P096,1,449.99,0.0,449.99
OI007814,O005102,P148,1,59.99,0.0,59.99
OI007815,O005103,P128,1,59.99,0.0,59.99
OI007816,O005104,P146,1,24.99,0.0,24.99
OI007817,O005104,P055,1,179.99,0.0,179.99
OI007818,O005104,P008,1,79.99,0.0,79.99
OI007819,O005105,P002,1,89.99,0.0,89.99
OI007820,O005106,P024,1,29.99,0.0,29.99
OI007821,O005107,P052,1,229.99,0.0,229.99
OI007822,O005108,P020,1,79.99,0.0,79.99
OI007823,O005108,P168,1,49.99,0.0,49.99
OI007824,O005109,P075,1,69.99,0.0,69.99
OI007825,O005109,P155,1,79.99,0.0,79.99
OI007826,O005110,P056,1,449.99,0.0,449.99
OI007827,O005111,P107,2,99.99,0.0,199.98
OI007828,O005111,P079,1,49.99,0.0,49.99
OI007829,O005112,P155,2,79.99,0.0,159.98
OI007830,O005112,P104,2,59.99,0.0,119.98
OI007831,O005112,P153,1,129.99,0.0,129.99
OI007832,O005113,P060,1,139.99,0.0,139.99
OI007833,O005113,P081,1,58.99,0.0,58.99
OI007834,O005114,P128,1,59.99,0.0,59.99
OI007835,O005115,P131,2,79.99,0.0,159.98
OI007836,O005116,P155,1,79.99,0.0,79.99
OI007837,O005117,P154,1,349.99,0.0,349.99
OI007838,O005117,P009,1,299.99,0.0,299.99
OI007839,O005118,P026,1,24.99,0.0,24.99
OI007840,O005118,P003,1,129.99,0.0,129.99
OI007841,O005118,P123,1,99.99,0.0,99.99
OI007842,O005119,P015,1,199.99,0.0,199.99
OI007843,O005120,P140,1,39.99,0.0,39.99
OI007844,O005121,P166,1,24.99,0.0,24.99
OI007845,O005121,P103,2,19.99,0.0,39.98
OI007846,O005122,P071,1,189.99,0.0,189.99
OI007847,O005123,P125,1,49.99,0.0,49.99
OI007848,O005124,P054,1,649.99,0.0,649.99
OI007849,O005125,P155,1,79.99,0.0,79.99
OI007850,O005126,P133,1,99.99,0.0,99.99
OI007851,O005126,P165,2,79.99,0.0,159.98
OI007852,O005126,P079,1,49.99,0.0,49.99
OI007853,O005127,P166,1,24.99,0.0,24.99
OI007854,O005127,P065,1,39.99,0.0,39.99
OI007855,O005128,P034,1,699.99,0.0,699.99
OI007856,O005128,P155,1,79.99,0.0,79.99
OI007857,O005129,P004,1,129.99,0.0,129.99
OI007858,O005130,P007,1,149.99,0.0,149.99
OI007859,O005130,P150,1,25.99,0.0,25.99
OI007860,O005131,P167,1,59.99,0.0,59.99
OI007861,O005132,P123,1,99.99,0.0,99.99
OI007862,O005132,P079,1,49.99,0.0,49.99
OI007863,O005133,P167,2,59.99,0.0,119.98
OI007864,O005133,P009,1,299.99,0.0,299.99
OI007865,O005134,P103,1,19.99,0.0,19.99
OI007866,O005135,P075,1,69.99,0.0,69.99
OI007867,O005136,P103,1,19.99,0.0,19.99
OI007868,O005137,P124,1,14.99,0.0,14.99
OI007869,O005138,P048,1,449.99,0.0,449.99
OI007870,O005139,P076,1,49.99,0.0,49.99
OI007871,O005140,P155,3,79.99,0.0,239.97
OI007872,O005140,P068,1,39.99,0.0,39.99
OI007873,O005141,P120,1,89.99,0.0,89.99
OI007874,O005142,P167,1,59.99,0.0,59.99
OI007875,O005142,P033,1,79.99,0.0,79.99
OI007876,O005142,P004,1,129.99,0.0,129.99
OI007877,O005143,P084,1,14.99,0.0,14.99
OI007878,O005144,P001,1,49.99,0.0,49.99
OI007879,O005144,P171,1,199.99,0.0,199.99
OI007880,O005145,P090,1,189.99,0.0,189.99
OI007881,O005145,P006,1,39.99,0.0,39.99
OI007882,O005146,P155,1,79.99,0.0,79.99
OI007883,O005146,P004,1,129.99,0.0,129.99
OI007884,O005147,P159,1,55.99,0.0,55.99
OI007885,O005148,P166,1,24.99,0.0,24.99
OI007886,O005148,P015,1,199.99,0.0,199.99
OI007887,O005148,P126,1,19.99,0.0,19.99
OI007888,O005149,P060,1,139.99,0.0,139.99
OI007889,O005150,P060,1,139.99,0.0,139.99
OI007890,O005150,P048,1,449.99,0.0,449.99
OI007891,O005151,P093,1,59.99,0.0,59.99
OI007892,O005151,P167,1,59.99,0.0,59.99
OI007893,O005152,P072,1,89.99,0.0,89.99
OI007894,O005152,P155,1,79.99,0.0,79.99
OI007895,O005153,P155,1,79.99,0.0,79.99
OI007896,O005154,P098,1,199.99,0.0,199.99
OI007897,O005155,P148,1,59.99,0.0,59.99
OI007898,O005156,P122,1,29.99,0.0,29.99
OI007899,O005157,P013,1,149.99,0.0,149.99
OI007900,O005158,P100,1,79.99,0.0,79.99
OI007901,O005159,P060,1,139.99,0.0,139.99
OI007902,O005160,P061,1,329.99,0.0,329.99
OI007903,O005161,P069,3,119.99,0.0,359.97
OI007904,O005161,P103,1,19.99,0.0,19.99
OI007905,O005162,P024,1,29.99,0.0,29.99
OI007906,O005163,P076,1,49.99,0.0,49.99
OI007907,O005164,P133,1,99.99,0.0,99.99
OI007908,O005164,P115,2,49.99,0.0,99.98
OI007909,O005165,P105,1,38.99,0.0,38.99
OI007910,O005166,P087,1,349.99,0.0,349.99
OI007911,O005166,P153,1,129.99,0.0,129.99
OI007912,O005167,P062,1,24.99,0.0,24.99
OI007913,O005168,P076,1,49.99,0.0,49.99
OI007914,O005169,P148,1,59.99,0.0,59.99
OI007915,O005170,P115,2,49.99,0.0,99.98
OI007916,O005170,P066,1,94.99,0.0,94.99
OI007917,O005171,P089,1,59.99,0.0,59.99
OI007918,O005172,P150,1,25.99,0.0,25.99
OI007919,O005173,P096,1,449.99,0.0,449.99
OI007920,O005174,P133,1,99.99,0.0,99.99
OI007921,O005175,P058,1,379.99,0.0,379.99
OI007922,O005176,P003,1,129.99,0.0,129.99
OI007923,O005176,P158,1,449.99,0.0,449.99
OI007924,O005177,P016,1,399.99,0.0,399.99
OI007925,O005177,P093,1,59.99,0.0,59.99
OI007926,O005178,P033,1,79.99,0.0,79.99
OI007927,O005179,P009,1,299.99,0.0,299.99
OI007928,O005180,P007,1,149.99,0.0,149.99
OI007929,O005181,P128,1,59.99,0.0,59.99
OI007930,O005181,P092,1,69.99,0.0,69.99
OI007931,O005181,P113,1,84.99,0.0,84.99
OI007932,O005181,P120,1,89.99,0.0,89.99
OI007933,O005182,P008,1,79.99,0.0,79.99
OI007934,O005183,P103,1,19.99,0.0,19.99
OI007935,O005184,P163,1,89.99,0.0,89.99
OI007936,O005185,P010,1,89.99,0.0,89.99
OI007937,O005185,P075,1,69.99,0.0,69.99
OI007938,O005186,P055,1,179.99,0.0,179.99
OI007939,O005186,P127,1,49.99,0.0,49.99
OI007940,O005186,P120,2,89.99,0.0,179.98
OI007941,O005187,P146,1,24.99,0.0,24.99
OI007942,O005188,P159,1,55.99,0.0,55.99
OI007943,O005189,P101,1,49.99,0.0,49.99
OI007944,O005189,P112,1,39.99,0.0,39.99
OI007945,O005189,P165,1,79.99,0.0,79.99
OI007946,O005190,P001,1,49.99,0.0,49.99
OI007947,O005191,P157,1,149.99,0.0,149.99
OI007948,O005191,P116,1,149.99,0.0,149.99
OI007949,O005192,P087,1,349.99,0.0,349.99
OI007950,O005193,P003,1,129.99,0.0,129.99
OI007951,O005194,P072,1,89.99,0.0,89.99
OI007952,O005195,P078,1,14.99,0.0,14.99
OI007953,O005196,P126,1,19.99,0.0,19.99
OI007954,O005196,P140,2,39.99,0.0,79.98
OI007955,O005197,P030,1,59.99,0.0,59.99
OI007956,O005197,P064,2,59.99,0.0,119.98
OI007957,O005198,P104,1,59.99,0.0,59.99
OI007958,O005199,P124,1,14.99,0.0,14.99
OI007959,O005200,P060,1,139.99,0.0,139.99
OI007960,O005201,P015,1,199.99,0.0,199.99
OI007961,O005202,P121,1,128.99,0.0,128.99
OI007962,O005203,P128,1,59.99,0.0,59.99
OI007963,O005203,P019,1,299.99,0.0,299.99
OI007964,O005204,P063,1,39.99,0.0,39.99
OI007965,O005204,P040,1,399.99,0.0,399.99
OI007966,O005205,P133,1,99.99,0.0,99.99
OI007967,O005206,P017,1,599.99,0.0,599.99
OI007968,O005206,P164,1,29.99,0.0,29.99
OI007969,O005206,P128,1,59.99,0.0,59.99
OI007970,O005207,P117,1,69.99,0.0,69.99
OI007971,O005208,P082,1,29.99,0.0,29.99
OI007972,O005209,P141,1,99.99,0.0,99.99
OI007973,O005210,P120,1,89.99,0.0,89.99
OI007974,O005211,P072,1,89.99,0.0,89.99
OI007975,O005212,P079,1,49.99,0.0,49.99
OI007976,O005213,P163,1,89.99,0.0,89.99
OI007977,O005214,P008,1,79.99,0.0,79.99
OI007978,O005214,P155,1,79.99,0.0,79.99
OI007979,O005214,P144,1,29.99,0.0,29.99
OI007980,O005214,P019,1,299.99,0.0,299.99
OI007981,O005215,P134,1,34.99,0.0,34.99
OI007982,O005215,P167,1,59.99,0.0,59.99
OI007983,O005216,P004,1,129.99,0.0,129.99
OI007984,O005217,P003,1,129.99,0.0,129.99
OI007985,O005218,P103,1,19.99,0.0,19.99
OI007986,O005218,P101,1,49.99,0.0,49.99
OI007987,O005219,P088,1,83.99,0.0,83.99
OI007988,O005220,P081,1,58.99,0.0,58.99
OI007989,O005220,P071,1,189.99,0.0,189.99
OI007990,O005221,P112,1,39.99,0.0,39.99
OI007991,O005222,P003,1,129.99,19.5,110.49
OI007992,O005223,P146,1,24.99,0.0,24.99
OI007993,O005223,P087,1,349.99,0.0,349.99
OI007994,O005224,P078,1,14.99,0.0,14.99
OI007995,O005224,P151,2,399.99,0.0,799.98
OI007996,O005225,P062,1,24.99,0.0,24.99
OI007997,O005226,P103,1,19.99,0.0,19.99
OI007998,O005226,P076,1,49.99,0.0,49.99
OI007999,O005226,P060,1,139.99,0.0,139.99
OI008000,O005227,P125,1,49.99,0.0,49.99
OI008001,O005227,P131,1,79.99,0.0,79.99
OI008002,O005227,P064,1,59.99,0.0,59.99
OI008003,O005228,P122,2,29.99,0.0,59.98
OI008004,O005229,P081,1,58.99,0.0,58.99
OI008005,O005230,P032,1,29.99,0.0,29.99
OI008006,O005230,P163,1,89.99,0.0,89.99
OI008007,O005231,P101,1,49.99,0.0,49.99
OI008008,O005232,P155,1,79.99,0.0,79.99
OI008009,O005233,P155,1,79.99,0.0,79.99
OI008010,O005234,P093,2,59.99,0.0,119.98
OI008011,O005234,P156,1,249.99,0.0,249.99
OI008012,O005234,P148,1,59.99,0.0,59.99
OI008013,O005234,P062,1,24.99,0.0,24.99
OI008014,O005235,P093,1,59.99,0.0,59.99
OI008015,O005236,P006,1,39.99,0.0,39.99
OI008016,O005237,P166,1,24.99,0.0,24.99
OI008017,O005238,P072,1,89.99,0.0,89.99
OI008018,O005238,P143,1,49.99,0.0,49.99
OI008019,O005238,P136,1,44.99,0.0,44.99
OI008020,O005238,P155,1,79.99,0.0,79.99
OI008021,O005239,P071,1,189.99,0.0,189.99
OI008022,O005239,P139,1,89.99,0.0,89.99
OI008023,O005239,P125,1,49.99,0.0,49.99
OI008024,O005239,P094,1,179.99,0.0,179.99
OI008025,O005240,P070,1,69.99,0.0,69.99
OI008026,O005240,P116,1,149.99,0.0,149.99
OI008027,O005241,P028,1,19.99,3.0,16.99
OI008028,O005241,P003,1,129.99,19.5,110.49
OI008029,O005242,P082,1,29.99,0.0,29.99
OI008030,O005243,P155,1,79.99,0.0,79.99
OI008031,O005243,P120,1,89.99,0.0,89.99
OI008032,O005244,P060,1,139.99,0.0,139.99
OI008033,O005244,P154,1,349.99,0.0,349.99
OI008034,O005244,P076,1,49.99,0.0,49.99
OI008035,O005245,P015,1,199.99,0.0,199.99
OI008036,O005246,P087,1,349.99,0.0,349.99
OI008037,O005246,P088,1,83.99,0.0,83.99
OI008038,O005247,P155,1,79.99,0.0,79.99
OI008039,O005248,P023,1,199.99,30.0,169.99
OI008040,O005249,P076,1,49.99,0.0,49.99
OI008041,O005250,P113,1,84.99,0.0,84.99
OI008042,O005251,P003,1,129.99,19.5,110.49
OI008043,O005252,P134,1,34.99,0.0,34.99
OI008044,O005253,P143,1,49.99,0.0,49.99
OI008045,O005254,P019,1,299.99,0.0,299.99
OI008046,O005255,P113,1,84.99,0.0,84.99
OI008047,O005256,P030,1,59.99,0.0,59.99
OI008048,O005257,P136,1,44.99,0.0,44.99
OI008049,O005257,P041,1,449.99,0.0,449.99
OI008050,O005258,P120,2,89.99,0.0,179.98
OI008051,O005258,P082,1,29.99,0.0,29.99
OI008052,O005259,P083,1,99.99,0.0,99.99
OI008053,O005260,P088,1,83.99,0.0,83.99
OI008054,O005260,P156,1,249.99,0.0,249.99
OI008055,O005260,P092,1,69.99,0.0,69.99
OI008056,O005261,P157,1,149.99,0.0,149.99
OI008057,O005262,P145,1,69.99,0.0,69.99
OI008058,O005262,P112,2,39.99,0.0,79.98
OI008059,O005262,P033,1,79.99,12.0,67.99
OI008060,O005262,P030,1,59.99,9.0,50.99
OI008061,O005263,P080,1,38.99,0.0,38.99
OI008062,O005264,P143,1,49.99,0.0,49.99
OI008063,O005264,P059,1,183.99,0.0,183.99
OI008064,O005265,P108,1,24.99,0.0,24.99
OI008065,O005266,P014,1,449.99,67.5,382.49
OI008066,O005267,P028,1,19.99,3.0,16.99
OI008067,O005268,P155,1,79.99,0.0,79.99
OI008068,O005269,P072,1,89.99,0.0,89.99
OI008069,O005270,P013,1,149.99,0.0,149.99
OI008070,O005271,P019,1,299.99,45.0,254.99
OI008071,O005272,P060,1,139.99,0.0,139.99
OI008072,O005273,P079,1,49.99,0.0,49.99
OI008073,O005274,P155,1,79.99,0.0,79.99
OI008074,O005275,P166,1,24.99,0.0,24.99
OI008075,O005276,P155,1,79.99,0.0,79.99
OI008076,O005276,P141,1,99.99,0.0,99.99
OI008077,O005277,P112,1,39.99,0.0,39.99
OI008078,O005277,P115,1,49.99,0.0,49.99
OI008079,O005278,P092,1,69.99,0.0,69.99
OI008080,O005278,P068,1,39.99,0.0,39.99
OI008081,O005279,P068,1,39.99,0.0,39.99
OI008082,O005279,P155,1,79.99,0.0,79.99
OI008083,O005280,P168,1,49.99,0.0,49.99
OI008084,O005281,P156,1,249.99,0.0,249.99
OI008085,O005281,P111,1,99.99,0.0,99.99
OI008086,O005282,P155,1,79.99,0.0,79.99
OI008087,O005283,P115,1,49.99,0.0,49.99
OI008088,O005284,P103,1,19.99,0.0,19.99
OI008089,O005285,P066,1,94.99,0.0,94.99
OI008090,O005286,P122,1,29.99,0.0,29.99
OI008091,O005286,P136,1,44.99,0.0,44.99
OI008092,O005287,P065,1,39.99,0.0,39.99
OI008093,O005288,P148,1,59.99,0.0,59.99
OI008094,O005288,P053,1,299.99,0.0,299.99
OI008095,O005289,P003,1,129.99,19.5,110.49
OI008096,O005290,P112,1,39.99,0.0,39.99
OI008097,O005290,P062,1,24.99,0.0,24.99
OI008098,O005291,P030,1,59.99,0.0,59.99
OI008099,O005292,P111,1,99.99,0.0,99.99
OI008100,O005293,P020,1,79.99,12.0,67.99
OI008101,O005294,P001,1,49.99,7.5,42.49
OI008102,O005295,P072,1,89.99,0.0,89.99
OI008103,O005295,P084,1,14.99,0.0,14.99
OI008104,O005295,P155,1,79.99,0.0,79.99
OI008105,O005295,P081,1,58.99,0.0,58.99
OI008106,O005296,P030,1,59.99,9.0,50.99
OI008107,O005297,P087,1,349.99,0.0,349.99
OI008108,O005298,P087,1,349.99,0.0,349.99
OI008109,O005299,P155,1,79.99,0.0,79.99
OI008110,O005299,P112,1,39.99,0.0,39.99
OI008111,O005300,P086,1,129.99,0.0,129.99
OI008112,O005300,P146,1,24.99,0.0,24.99
OI008113,O005301,P123,1,99.99,0.0,99.99
OI008114,O005301,P016,1,399.99,60.0,339.99
OI008115,O005301,P125,1,49.99,0.0,49.99
OI008116,O005301,P079,2,49.99,0.0,99.98
OI008117,O005302,P081,1,58.99,0.0,58.99
OI008118,O005303,P068,1,39.99,0.0,39.99
OI008119,O005303,P004,1,129.99,0.0,129.99
OI008120,O005303,P087,1,349.99,0.0,349.99
OI008121,O005304,P155,2,79.99,0.0,159.98
OI008122,O005304,P002,1,89.99,13.5,76.49
OI008123,O005305,P068,1,39.99,0.0,39.99
OI008124,O005305,P159,1,55.99,0.0,55.99
OI008125,O005306,P039,1,169.99,0.0,169.99
OI008126,O005307,P016,1,399.99,0.0,399.99
OI008127,O005307,P068,1,39.99,0.0,39.99
OI008128,O005308,P065,1,39.99,0.0,39.99
OI008129,O005308,P153,1,129.99,0.0,129.99
OI008130,O005308,P101,1,49.99,0.0,49.99
OI008131,O005308,P064,1,59.99,0.0,59.99
OI008132,O005309,P027,1,89.99,13.5,76.49
OI008133,O005309,P103,1,19.99,0.0,19.99
OI008134,O005309,P024,1,29.99,4.5,25.49
OI008135,O005310,P068,1,39.99,0.0,39.99
OI008136,O005310,P017,1,599.99,90.0,509.99
OI008137,O005310,P108,1,24.99,0.0,24.99
OI008138,O005310,P079,2,49.99,0.0,99.98
OI008139,O005311,P072,1,89.99,0.0,89.99
OI008140,O005312,P143,1,49.99,0.0,49.99
OI008141,O005312,P129,1,149.99,0.0,149.99
OI008142,O005312,P120,1,89.99,0.0,89.99
OI008143,O005312,P092,1,69.99,0.0,69.99
OI008144,O005313,P133,1,99.99,0.0,99.99
OI008145,O005314,P052,1,229.99,0.0,229.99
OI008146,O005315,P087,1,349.99,0.0,349.99
OI008147,O005315,P068,1,39.99,0.0,39.99
OI008148,O005315,P152,1,899.99,0.0,899.99
OI008149,O005315,P139,1,89.99,0.0,89.99
OI008150,O005316,P015,1,199.99,0.0,199.99
OI008151,O005317,P009,1,299.99,45.0,254.99
OI008152,O005318,P079,1,49.99,0.0,49.99
OI008153,O005319,P155,1,79.99,0.0,79.99
OI008154,O005320,P009,1,299.99,45.0,254.99
OI008155,O005321,P155,1,79.99,0.0,79.99
OI008156,O005322,P072,1,89.99,0.0,89.99
OI008157,O005322,P148,1,59.99,0.0,59.99
OI008158,O005323,P076,1,49.99,0.0,49.99
OI008159,O005324,P060,1,139.99,0.0,139.99
OI008160,O005325,P116,1,149.99,0.0,149.99
OI008161,O005326,P022,1,69.99,10.5,59.49
OI008162,O005327,P076,1,49.99,0.0,49.99
OI008163,O005328,P115,1,49.99,0.0,49.99
OI008164,O005328,P068,1,39.99,0.0,39.99
OI008165,O005328,P100,1,79.99,0.0,79.99
OI008166,O005329,P033,1,79.99,12.0,67.99
OI008167,O005330,P063,1,39.99,0.0,39.99
OI008168,O005331,P161,1,59.99,0.0,59.99
OI008169,O005331,P009,1,299.99,45.0,254.99
OI008170,O005332,P095,1,199.99,0.0,199.99
OI008171,O005333,P019,1,299.99,0.0,299.99
OI008172,O005334,P036,1,1299.99,0.0,1299.99
OI008173,O005334,P015,1,199.99,30.0,169.99
OI008174,O005335,P114,1,129.99,0.0,129.99
OI008175,O005336,P087,1,349.99,0.0,349.99
OI008176,O005337,P076,3,49.99,0.0,149.97
OI008177,O005338,P148,2,59.99,0.0,119.98
OI008178,O005339,P117,1,69.99,0.0,69.99
OI008179,O005340,P081,1,58.99,0.0,58.99
OI008180,O005340,P090,1,189.99,0.0,189.99
OI008181,O005340,P062,3,24.99,0.0,74.97
OI008182,O005340,P084,1,14.99,0.0,14.99
OI008183,O005341,P016,1,399.99,60.0,339.99
OI008184,O005342,P029,1,49.99,7.5,42.49
OI008185,O005343,P060,1,139.99,0.0,139.99
OI008186,O005344,P003,1,129.99,19.5,110.49
OI008187,O005344,P094,1,179.99,0.0,179.99
OI008188,O005345,P087,1,349.99,0.0,349.99
OI008189,O005345,P016,1,399.99,60.0,339.99
OI008190,O005346,P133,1,99.99,0.0,99.99
OI008191,O005346,P018,1,89.99,13.5,76.49
OI008192,O005347,P122,1,29.99,0.0,29.99
OI008193,O005347,P155,1,79.99,0.0,79.99
OI008194,O005348,P171,1,199.99,0.0,199.99
OI008195,O005348,P064,1,59.99,0.0,59.99
OI008196,O005349,P031,1,139.99,21.0,118.99
OI008197,O005350,P084,1,14.99,0.0,14.99
OI008198,O005350,P023,1,199.99,0.0,199.99
OI008199,O005350,P140,1,39.99,0.0,39.99
OI008200,O005350,P108,1,24.99,0.0,24.99
OI008201,O005351,P072,1,89.99,0.0,89.99
OI008202,O005351,P063,1,39.99,0.0,39.99
OI008203,O005351,P027,1,89.99,13.5,76.49
OI008204,O005352,P086,1,129.99,0.0,129.99
OI008205,O005353,P101,1,49.99,0.0,49.99
OI008206,O005354,P155,1,79.99,0.0,79.99
OI008207,O005355,P103,1,19.99,0.0,19.99
OI008208,O005355,P147,1,54.99,0.0,54.99
OI008209,O005355,P065,1,39.99,0.0,39.99
OI008210,O005356,P144,1,29.99,0.0,29.99
OI008211,O005356,P155,1,79.99,0.0,79.99
OI008212,O005357,P100,2,79.99,0.0,159.98
OI008213,O005357,P027,1,89.99,0.0,89.99
OI008214,O005357,P142,1,19.99,0.0,19.99
OI008215,O005358,P028,1,19.99,3.0,16.99
OI008216,O005359,P093,1,59.99,0.0,59.99
OI008217,O005360,P030,1,59.99,0.0,59.99
OI008218,O005361,P041,1,449.99,0.0,449.99
OI008219,O005361,P087,1,349.99,0.0,349.99
OI008220,O005362,P163,1,89.99,0.0,89.99
OI008221,O005363,P137,1,109.99,0.0,109.99
OI008222,O005364,P081,1,58.99,0.0,58.99
OI008223,O005365,P143,1,49.99,0.0,49.99
OI008224,O005365,P099,1,29.99,0.0,29.99
OI008225,O005365,P015,1,199.99,30.0,169.99
OI008226,O005366,P127,1,49.99,0.0,49.99
OI008227,O005367,P029,1,49.99,7.5,42.49
OI008228,O005367,P120,1,89.99,0.0,89.99
OI008229,O005367,P115,1,49.99,0.0,49.99
OI008230,O005367,P072,1,89.99,0.0,89.99
OI008231,O005368,P003,1,129.99,0.0,129.99
OI008232,O005369,P044,1,399.99,0.0,399.99
OI008233,O005370,P076,2,49.99,0.0,99.98
OI008234,O005371,P064,1,59.99,0.0,59.99
OI008235,O005372,P012,1,43.99,0.0,43.99
OI008236,O005373,P084,1,14.99,0.0,14.99
OI008237,O005374,P166,1,24.99,0.0,24.99
OI008238,O005374,P016,1,399.99,60.0,339.99
OI008239,O005375,P115,2,49.99,0.0,99.98
OI008240,O005375,P007,1,149.99,22.5,127.49
OI008241,O005375,P078,1,14.99,0.0,14.99
OI008242,O005375,P064,2,59.99,0.0,119.98
OI008243,O005376,P035,1,999.99,0.0,999.99
OI008244,O005377,P088,1,83.99,0.0,83.99
OI008245,O005377,P123,1,99.99,0.0,99.99
OI008246,O005378,P023,1,199.99,30.0,169.99
OI008247,O005378,P155,1,79.99,0.0,79.99
OI008248,O005379,P159,1,55.99,0.0,55.99
OI008249,O005380,P108,1,24.99,0.0,24.99
OI008250,O005381,P027,1,89.99,0.0,89.99
OI008251,O005382,P019,1,299.99,0.0,299.99
OI008252,O005382,P071,1,189.99,0.0,189.99
OI008253,O005383,P148,2,59.99,0.0,119.98
OI008254,O005384,P067,1,149.99,0.0,149.99
OI008255,O005385,P098,1,199.99,0.0,199.99
OI008256,O005386,P072,1,89.99,0.0,89.99
OI008257,O005386,P011,1,229.99,34.5,195.49
OI008258,O005386,P010,1,89.99,13.5,76.49
OI008259,O005386,P120,1,89.99,0.0,89.99
OI008260,O005387,P129,2,149.99,0.0,299.98
OI008261,O005388,P084,1,14.99,0.0,14.99
OI008262,O005389,P019,1,299.99,0.0,299.99
OI008263,O005389,P077,1,199.99,0.0,199.99
OI008264,O005390,P155,2,79.99,0.0,159.98
OI008265,O005391,P063,1,39.99,0.0,39.99
OI008266,O005391,P009,1,299.99,45.0,254.99
OI008267,O005392,P079,1,49.99,0.0,49.99
OI008268,O005393,P067,1,149.99,0.0,149.99
OI008269,O005393,P022,1,69.99,10.5,59.49
OI008270,O005394,P167,1,59.99,0.0,59.99
OI008271,O005395,P117,1,69.99,0.0,69.99
OI008272,O005396,P155,1,79.99,0.0,79.99
OI008273,O005397,P031,1,139.99,0.0,139.99
OI008274,O005398,P098,1,199.99,0.0,199.99
OI008275,O005399,P053,1,299.99,0.0,299.99
OI008276,O005400,P037,1,329.99,0.0,329.99
OI008277,O005400,P154,1,349.99,0.0,349.99
OI008278,O005401,P072,1,89.99,0.0,89.99
OI008279,O005402,P099,1,29.99,0.0,29.99
OI008280,O005403,P030,1,59.99,0.0,59.99
OI008281,O005404,P044,1,399.99,0.0,399.99
OI008282,O005405,P141,1,99.99,0.0,99.99
OI008283,O005406,P136,1,44.99,0.0,44.99
OI008284,O005407,P138,1,39.99,0.0,39.99
OI008285,O005407,P050,1,799.99,0.0,799.99
OI008286,O005408,P003,1,129.99,19.5,110.49
OI008287,O005409,P154,1,349.99,0.0,349.99
OI008288,O005410,P064,1,59.99,0.0,59.99
OI008289,O005410,P084,1,14.99,0.0,14.99
OI008290,O005410,P001,1,49.99,0.0,49.99
OI008291,O005410,P168,1,49.99,0.0,49.99
OI008292,O005411,P013,1,149.99,0.0,149.99
OI008293,O005412,P129,1,149.99,0.0,149.99
OI008294,O005413,P024,1,29.99,0.0,29.99
OI008295,O005414,P033,1,79.99,0.0,79.99
OI008296,O005414,P148,1,59.99,0.0,59.99
OI008297,O005414,P160,1,19.99,0.0,19.99
OI008298,O005415,P135,1,79.99,0.0,79.99
OI008299,O005416,P002,1,89.99,0.0,89.99
OI008300,O005417,P119,1,29.99,0.0,29.99
OI008301,O005418,P168,1,49.99,0.0,49.99
OI008302,O005419,P090,1,189.99,0.0,189.99
OI008303,O005420,P143,1,49.99,0.0,49.99
OI008304,O005420,P084,2,14.99,0.0,29.98
OI008305,O005421,P033,1,79.99,0.0,79.99
OI008306,O005422,P147,1,54.99,0.0,54.99
OI008307,O005422,P134,1,34.99,0.0,34.99
OI008308,O005423,P116,1,149.99,0.0,149.99
OI008309,O005423,P077,1,199.99,0.0,199.99
OI008310,O005423,P156,1,249.99,0.0,249.99
OI008311,O005423,P143,1,49.99,0.0,49.99
OI008312,O005424,P103,1,19.99,0.0,19.99
OI008313,O005424,P027,1,89.99,0.0,89.99
OI008314,O005425,P120,1,89.99,0.0,89.99
OI008315,O005425,P103,1,19.99,0.0,19.99
OI008316,O005426,P126,1,19.99,0.0,19.99
OI008317,O005427,P016,1,399.99,0.0,399.99
OI008318,O005427,P133,1,99.99,0.0,99.99
OI008319,O005427,P074,1,19.99,0.0,19.99
OI008320,O005427,P149,1,129.99,0.0,129.99
OI008321,O005428,P029,1,49.99,0.0,49.99
OI008322,O005429,P073,1,349.99,0.0,349.99
OI008323,O005429,P104,1,59.99,0.0,59.99
OI008324,O005430,P041,1,449.99,0.0,449.99
OI008325,O005431,P159,1,55.99,0.0,55.99
OI008326,O005432,P074,1,19.99,0.0,19.99
OI008327,O005432,P113,1,84.99,0.0,84.99
OI008328,O005432,P155,1,79.99,0.0,79.99
OI008329,O005432,P134,2,34.99,0.0,69.98
OI008330,O005433,P083,1,99.99,0.0,99.99
OI008331,O005434,P159,1,55.99,0.0,55.99
OI008332,O005434,P146,1,24.99,0.0,24.99
OI008333,O005435,P107,1,99.99,0.0,99.99
OI008334,O005436,P009,1,299.99,0.0,299.99
OI008335,O005437,P060,1,139.99,0.0,139.99
OI008336,O005437,P084,1,14.99,0.0,14.99
OI008337,O005438,P021,1,179.99,0.0,179.99
OI008338,O005438,P148,1,59.99,0.0,59.99
OI008339,O005439,P094,1,179.99,0.0,179.99
OI008340,O005440,P110,1,29.99,0.0,29.99
OI008341,O005440,P023,1,199.99,0.0,199.99
OI008342,O005441,P142,2,19.99,0.0,39.98
OI008343,O005442,P069,1,119.99,0.0,119.99
OI008344,O005442,P146,2,24.99,0.0,49.98
OI008345,O005443,P019,1,299.99,0.0,299.99
OI008346,O005444,P077,1,199.99,0.0,199.99
OI008347,O005445,P023,1,199.99,0.0,199.99
OI008348,O005446,P081,1,58.99,0.0,58.99
OI008349,O005446,P076,1,49.99,0.0,49.99
OI008350,O005447,P023,1,199.99,0.0,199.99
OI008351,O005448,P072,1,89.99,0.0,89.99
OI008352,O005448,P011,1,229.99,0.0,229.99
OI008353,O005449,P128,1,59.99,0.0,59.99
OI008354,O005449,P155,1,79.99,0.0,79.99
OI008355,O005450,P083,1,99.99,0.0,99.99
OI008356,O005451,P009,1,299.99,0.0,299.99
OI008357,O005452,P098,2,199.99,0.0,399.98
OI008358,O005452,P154,1,349.99,0.0,349.99
OI008359,O005452,P125,1,49.99,0.0,49.99
OI008360,O005453,P028,1,19.99,0.0,19.99
OI008361,O005453,P055,1,179.99,0.0,179.99
OI008362,O005453,P101,1,49.99,0.0,49.99
OI008363,O005454,P030,1,59.99,0.0,59.99
OI008364,O005455,P150,1,25.99,0.0,25.99
OI008365,O005456,P088,1,83.99,0.0,83.99
OI008366,O005456,P039,1,169.99,0.0,169.99
OI008367,O005457,P064,2,59.99,0.0,119.98
OI008368,O005458,P081,1,58.99,0.0,58.99
OI008369,O005458,P169,1,169.99,0.0,169.99
OI008370,O005459,P003,1,129.99,0.0,129.99
OI008371,O005459,P125,1,49.99,0.0,49.99
OI008372,O005460,P122,1,29.99,0.0,29.99
OI008373,O005461,P078,1,14.99,0.0,14.99
OI008374,O005462,P102,1,169.99,0.0,169.99
OI008375,O005463,P148,1,59.99,0.0,59.99
OI008376,O005464,P127,1,49.99,0.0,49.99
OI008377,O005465,P019,1,299.99,0.0,299.99
OI008378,O005466,P087,1,349.99,0.0,349.99
OI008379,O005467,P076,1,49.99,0.0,49.99
OI008380,O005468,P133,1,99.99,0.0,99.99
OI008381,O005469,P013,1,149.99,0.0,149.99
OI008382,O005469,P064,1,59.99,0.0,59.99
OI008383,O005469,P067,1,149.99,0.0,149.99
OI008384,O005470,P163,3,89.99,0.0,269.97
OI008385,O005471,P120,2,89.99,0.0,179.98
OI008386,O005472,P052,1,229.99,0.0,229.99
OI008387,O005472,P060,1,139.99,0.0,139.99
OI008388,O005472,P128,1,59.99,0.0,59.99
OI008389,O005472,P047,1,149.99,0.0,149.99
OI008390,O005473,P038,1,599.99,0.0,599.99
OI008391,O005474,P142,1,19.99,0.0,19.99
OI008392,O005474,P148,1,59.99,0.0,59.99
OI008393,O005475,P082,1,29.99,0.0,29.99
OI008394,O005475,P076,1,49.99,0.0,49.99
OI008395,O005475,P121,1,128.99,0.0,128.99
OI008396,O005476,P086,1,129.99,0.0,129.99
OI008397,O005477,P167,1,59.99,0.0,59.99
OI008398,O005477,P007,1,149.99,0.0,149.99
OI008399,O005478,P103,2,19.99,0.0,39.98
OI008400,O005479,P084,1,14.99,0.0,14.99
OI008401,O005480,P155,2,79.99,0.0,159.98
OI008402,O005481,P029,1,49.99,0.0,49.99
OI008403,O005481,P120,1,89.99,0.0,89.99
OI008404,O005481,P146,1,24.99,0.0,24.99
OI008405,O005482,P103,1,19.99,0.0,19.99
OI008406,O005482,P126,1,19.99,0.0,19.99
OI008407,O005483,P148,1,59.99,0.0,59.99
OI008408,O005483,P147,1,54.99,0.0,54.99
OI008409,O005484,P120,1,89.99,0.0,89.99
OI008410,O005485,P122,1,29.99,0.0,29.99
OI008411,O005485,P021,1,179.99,0.0,179.99
OI008412,O005485,P105,1,38.99,0.0,38.99
OI008413,O005486,P060,1,139.99,0.0,139.99
OI008414,O005486,P008,1,79.99,0.0,79.99
OI008415,O005487,P003,1,129.99,0.0,129.99
OI008416,O005488,P102,2,169.99,0.0,339.98
OI008417,O005489,P023,1,199.99,0.0,199.99
OI008418,O005490,P155,1,79.99,0.0,79.99
OI008419,O005491,P111,1,99.99,0.0,99.99
OI008420,O005491,P051,1,89.99,0.0,89.99
OI008421,O005491,P120,1,89.99,0.0,89.99
OI008422,O005492,P026,1,24.99,0.0,24.99
OI008423,O005492,P166,1,24.99,0.0,24.99
OI008424,O005493,P104,1,59.99,0.0,59.99
OI008425,O005494,P155,1,79.99,0.0,79.99
OI008426,O005494,P134,1,34.99,0.0,34.99
OI008427,O005494,P060,1,139.99,0.0,139.99
OI008428,O005495,P019,1,299.99,0.0,299.99
OI008429,O005495,P108,1,24.99,0.0,24.99
OI008430,O005496,P033,1,79.99,0.0,79.99
OI008431,O005497,P124,1,14.99,0.0,14.99
OI008432,O005498,P018,1,89.99,0.0,89.99
OI008433,O005499,P072,1,89.99,0.0,89.99
OI008434,O005500,P072,1,89.99,0.0,89.99
OI008435,O005501,P064,1,59.99,0.0,59.99
OI008436,O005502,P099,2,29.99,0.0,59.98
OI008437,O005503,P087,1,349.99,0.0,349.99
OI008438,O005504,P133,1,99.99,0.0,99.99
OI008439,O005505,P064,1,59.99,0.0,59.99
OI008440,O005505,P033,1,79.99,0.0,79.99
OI008441,O005506,P155,1,79.99,0.0,79.99
OI008442,O005506,P167,1,59.99,0.0,59.99
OI008443,O005507,P135,1,79.99,0.0,79.99
OI008444,O005508,P123,1,99.99,0.0,99.99
OI008445,O005509,P153,1,129.99,0.0,129.99
OI008446,O005510,P106,2,29.99,0.0,59.98
OI008447,O005510,P087,1,349.99,0.0,349.99
OI008448,O005510,P066,1,94.99,0.0,94.99
OI008449,O005511,P076,1,49.99,0.0,49.99
OI008450,O005512,P136,1,44.99,0.0,44.99
OI008451,O005513,P065,1,39.99,0.0,39.99
OI008452,O005514,P155,1,79.99,0.0,79.99
OI008453,O005514,P109,1,79.99,0.0,79.99
OI008454,O005514,P103,1,19.99,0.0,19.99
OI008455,O005514,P086,1,129.99,0.0,129.99
OI008456,O005515,P155,1,79.99,0.0,79.99
OI008457,O005516,P015,1,199.99,0.0,199.99
OI008458,O005517,P046,1,349.99,0.0,349.99
OI008459,O005518,P015,1,199.99,0.0,199.99
OI008460,O005519,P004,1,129.99,0.0,129.99
OI008461,O005520,P155,1,79.99,0.0,79.99
OI008462,O005520,P122,1,29.99,0.0,29.99
OI008463,O005521,P120,1,89.99,0.0,89.99
OI008464,O005522,P076,1,49.99,0.0,49.99
OI008465,O005522,P094,1,179.99,0.0,179.99
OI008466,O005523,P153,1,129.99,0.0,129.99
OI008467,O005524,P155,1,79.99,0.0,79.99
OI008468,O005524,P147,1,54.99,0.0,54.99
OI008469,O005524,P052,1,229.99,0.0,229.99
OI008470,O005525,P160,1,19.99,0.0,19.99
OI008471,O005525,P136,1,44.99,0.0,44.99
OI008472,O005526,P069,1,119.99,0.0,119.99
OI008473,O005527,P072,1,89.99,0.0,89.99
OI008474,O005528,P120,1,89.99,0.0,89.99
OI008475,O005529,P104,1,59.99,0.0,59.99
OI008476,O005530,P103,1,19.99,0.0,19.99
OI008477,O005531,P025,1,119.99,0.0,119.99
OI008478,O005531,P068,1,39.99,0.0,39.99
OI008479,O005531,P015,1,199.99,0.0,199.99
OI008480,O005532,P155,1,79.99,0.0,79.99
OI008481,O005533,P030,1,59.99,0.0,59.99
OI008482,O005534,P027,1,89.99,0.0,89.99
OI008483,O005534,P051,1,89.99,0.0,89.99
OI008484,O005534,P103,1,19.99,0.0,19.99
OI008485,O005535,P096,1,449.99,0.0,449.99
OI008486,O005536,P128,1,59.99,9.0,50.99
OI008487,O005536,P091,1,19.99,0.0,19.99
OI008488,O005537,P133,2,99.99,0.0,199.98
OI008489,O005538,P026,1,24.99,0.0,24.99
OI008490,O005538,P072,1,89.99,0.0,89.99
OI008491,O005538,P103,1,19.99,0.0,19.99
OI008492,O005538,P089,1,59.99,0.0,59.99
OI008493,O005539,P117,1,69.99,10.5,59.49
OI008494,O005540,P119,1,29.99,4.5,25.49
OI008495,O005541,P168,1,49.99,0.0,49.99
OI008496,O005541,P117,1,69.99,0.0,69.99
OI008497,O005542,P118,1,219.99,33.0,186.99
OI008498,O005542,P124,2,14.99,4.5,25.48
OI008499,O005542,P112,1,39.99,6.0,33.99
OI008500,O005543,P016,1,399.99,0.0,399.99
OI008501,O005543,P060,1,139.99,0.0,139.99
OI008502,O005544,P038,1,599.99,0.0,599.99
OI008503,O005544,P155,1,79.99,0.0,79.99
OI008504,O005545,P120,1,89.99,13.5,76.49
OI008505,O005546,P057,1,149.99,0.0,149.99
OI008506,O005546,P003,1,129.99,0.0,129.99
OI008507,O005547,P147,1,54.99,0.0,54.99
OI008508,O005548,P145,1,69.99,0.0,69.99
OI008509,O005548,P125,1,49.99,7.5,42.49
OI008510,O005549,P076,1,49.99,0.0,49.99
OI008511,O005549,P143,1,49.99,0.0,49.99
OI008512,O005549,P024,1,29.99,0.0,29.99
OI008513,O005550,P023,1,199.99,0.0,199.99
OI008514,O005551,P003,1,129.99,0.0,129.99
OI008515,O005552,P087,1,349.99,0.0,349.99
OI008516,O005553,P138,1,39.99,0.0,39.99
OI008517,O005553,P120,1,89.99,13.5,76.49
OI008518,O005553,P068,1,39.99,0.0,39.99
OI008519,O005554,P078,1,14.99,0.0,14.99
OI008520,O005555,P081,1,58.99,0.0,58.99
OI008521,O005555,P004,1,129.99,0.0,129.99
OI008522,O005555,P041,1,449.99,0.0,449.99
OI008523,O005556,P097,1,49.99,0.0,49.99
OI008524,O005557,P148,2,59.99,0.0,119.98
OI008525,O005558,P148,1,59.99,0.0,59.99
OI008526,O005558,P087,2,349.99,0.0,699.98
OI008527,O005558,P068,1,39.99,0.0,39.99
OI008528,O005559,P098,1,199.99,0.0,199.99
OI008529,O005560,P115,1,49.99,0.0,49.99
OI008530,O005560,P061,1,329.99,0.0,329.99
OI008531,O005561,P002,1,89.99,0.0,89.99
OI008532,O005562,P155,1,79.99,0.0,79.99
OI008533,O005563,P149,2,129.99,0.0,259.98
OI008534,O005564,P015,1,199.99,0.0,199.99
OI008535,O005565,P135,1,79.99,0.0,79.99
OI008536,O005565,P108,1,24.99,0.0,24.99
OI008537,O005566,P092,1,69.99,0.0,69.99
OI008538,O005567,P076,1,49.99,0.0,49.99
OI008539,O005568,P008,1,79.99,0.0,79.99
OI008540,O005569,P066,1,94.99,0.0,94.99
OI008541,O005570,P089,1,59.99,0.0,59.99
OI008542,O005571,P072,1,89.99,0.0,89.99
OI008543,O005571,P065,1,39.99,0.0,39.99
OI008544,O005571,P074,1,19.99,0.0,19.99
OI008545,O005572,P062,1,24.99,0.0,24.99
OI008546,O005573,P120,2,89.99,27.0,152.98
OI008547,O005574,P128,1,59.99,0.0,59.99
OI008548,O005575,P148,1,59.99,0.0,59.99
OI008549,O005576,P158,1,449.99,0.0,449.99
OI008550,O005577,P120,1,89.99,0.0,89.99
OI008551,O005577,P063,1,39.99,0.0,39.99
OI008552,O005578,P103,2,19.99,0.0,39.98
OI008553,O005579,P143,2,49.99,0.0,99.98
OI008554,O005580,P126,1,19.99,0.0,19.99
OI008555,O005580,P120,1,89.99,0.0,89.99
OI008556,O005581,P067,1,149.99,0.0,149.99
OI008557,O005582,P115,2,49.99,15.0,84.98
OI008558,O005583,P071,1,189.99,0.0,189.99
OI008559,O005584,P052,1,229.99,0.0,229.99
OI008560,O005584,P112,1,39.99,6.0,33.99
OI008561,O005585,P159,1,55.99,0.0,55.99
OI008562,O005586,P128,1,59.99,9.0,50.99
OI008563,O005587,P016,1,399.99,0.0,399.99
OI008564,O005588,P129,1,149.99,22.5,127.49
OI008565,O005588,P126,1,19.99,3.0,16.99
OI008566,O005589,P095,1,199.99,0.0,199.99
OI008567,O005589,P024,1,29.99,0.0,29.99
OI008568,O005590,P081,1,58.99,0.0,58.99
OI008569,O005591,P120,1,89.99,13.5,76.49
OI008570,O005591,P072,1,89.99,0.0,89.99
OI008571,O005592,P115,1,49.99,0.0,49.99
OI008572,O005593,P079,1,49.99,0.0,49.99
OI008573,O005594,P012,1,43.99,0.0,43.99
OI008574,O005594,P060,1,139.99,0.0,139.99
OI008575,O005595,P012,1,43.99,0.0,43.99
OI008576,O005596,P002,1,89.99,0.0,89.99
OI008577,O005597,P076,1,49.99,0.0,49.99
OI008578,O005597,P065,1,39.99,0.0,39.99
OI008579,O005598,P009,1,299.99,0.0,299.99
OI008580,O005598,P155,1,79.99,0.0,79.99
OI008581,O005599,P122,1,29.99,4.5,25.49
OI008582,O005600,P103,1,19.99,0.0,19.99
OI008583,O005601,P072,1,89.99,0.0,89.99
OI008584,O005601,P148,1,59.99,0.0,59.99
OI008585,O005602,P103,1,19.99,0.0,19.99
OI008586,O005602,P141,1,99.99,0.0,99.99
OI008587,O005603,P008,1,79.99,0.0,79.99
OI008588,O005604,P079,1,49.99,0.0,49.99
OI008589,O005604,P110,1,29.99,0.0,29.99
OI008590,O005604,P003,1,129.99,0.0,129.99
OI008591,O005605,P036,1,1299.99,0.0,1299.99
OI008592,O005606,P128,1,59.99,9.0,50.99
OI008593,O005607,P098,1,199.99,0.0,199.99
OI008594,O005608,P072,1,89.99,0.0,89.99
OI008595,O005609,P060,1,139.99,0.0,139.99
OI008596,O005609,P104,1,59.99,0.0,59.99
OI008597,O005610,P081,1,58.99,0.0,58.99
OI008598,O005610,P011,1,229.99,0.0,229.99
OI008599,O005611,P123,2,99.99,0.0,199.98
OI008600,O005611,P167,1,59.99,0.0,59.99
OI008601,O005612,P071,1,189.99,0.0,189.99
OI008602,O005612,P140,2,39.99,0.0,79.98
OI008603,O005613,P113,1,84.99,12.75,72.24
OI008604,O005613,P142,1,19.99,0.0,19.99
OI008605,O005613,P121,1,128.99,19.35,109.64
OI008606,O005614,P120,1,89.99,0.0,89.99
OI008607,O005614,P108,1,24.99,0.0,24.99
OI008608,O005614,P104,2,59.99,0.0,119.98
OI008609,O005614,P128,1,59.99,0.0,59.99
OI008610,O005615,P099,1,29.99,0.0,29.99
OI008611,O005616,P128,1,59.99,9.0,50.99
OI008612,O005617,P068,1,39.99,0.0,39.99
OI008613,O005618,P052,1,229.99,0.0,229.99
OI008614,O005619,P121,1,128.99,19.35,109.64
OI008615,O005620,P022,1,69.99,0.0,69.99
OI008616,O005621,P033,1,79.99,0.0,79.99
OI008617,O005622,P110,1,29.99,0.0,29.99
OI008618,O005622,P078,1,14.99,0.0,14.99
OI008619,O005623,P149,1,129.99,0.0,129.99
OI008620,O005623,P003,1,129.99,0.0,129.99
OI008621,O005624,P068,1,39.99,0.0,39.99
OI008622,O005625,P155,1,79.99,0.0,79.99
OI008623,O005626,P150,1,25.99,0.0,25.99
OI008624,O005627,P071,1,189.99,0.0,189.99
OI008625,O005628,P023,1,199.99,0.0,199.99
OI008626,O005628,P015,1,199.99,0.0,199.99
OI008627,O005628,P128,1,59.99,9.0,50.99
OI008628,O005629,P012,1,43.99,0.0,43.99
OI008629,O005630,P120,1,89.99,13.5,76.49
OI008630,O005631,P072,1,89.99,0.0,89.99
OI008631,O005632,P072,1,89.99,0.0,89.99
OI008632,O005633,P133,1,99.99,0.0,99.99
OI008633,O005634,P120,1,89.99,0.0,89.99
OI008634,O005635,P087,1,349.99,0.0,349.99
OI008635,O005636,P094,1,179.99,0.0,179.99
OI008636,O005636,P131,1,79.99,12.0,67.99
OI008637,O005636,P041,1,449.99,0.0,449.99
OI008638,O005636,P137,1,109.99,0.0,109.99
OI008639,O005637,P036,1,1299.99,0.0,1299.99
OI008640,O005638,P138,2,39.99,0.0,79.98
OI008641,O005639,P145,1,69.99,0.0,69.99
OI008642,O005640,P159,1,55.99,0.0,55.99
OI008643,O005641,P074,1,19.99,0.0,19.99
OI008644,O005641,P053,1,299.99,0.0,299.99
OI008645,O005642,P080,1,38.99,0.0,38.99
OI008646,O005642,P104,1,59.99,0.0,59.99
OI008647,O005643,P120,1,89.99,0.0,89.99
OI008648,O005644,P072,1,89.99,0.0,89.99
OI008649,O005645,P035,1,999.99,0.0,999.99
OI008650,O005646,P076,3,49.99,0.0,149.97
OI008651,O005647,P014,1,449.99,0.0,449.99
OI008652,O005647,P084,1,14.99,0.0,14.99
OI008653,O005647,P065,3,39.99,0.0,119.97
OI008654,O005648,P098,1,199.99,0.0,199.99
OI008655,O005649,P084,2,14.99,0.0,29.98
OI008656,O005649,P033,1,79.99,0.0,79.99
OI008657,O005649,P143,1,49.99,0.0,49.99
OI008658,O005650,P003,1,129.99,0.0,129.99
OI008659,O005651,P054,1,649.99,0.0,649.99
OI008660,O005652,P115,1,49.99,7.5,42.49
OI008661,O005653,P152,1,899.99,0.0,899.99
OI008662,O005653,P128,2,59.99,0.0,119.98
OI008663,O005654,P098,1,199.99,0.0,199.99
OI008664,O005654,P147,1,54.99,0.0,54.99
OI008665,O005655,P171,1,199.99,0.0,199.99
OI008666,O005656,P123,1,99.99,0.0,99.99
OI008667,O005657,P110,1,29.99,0.0,29.99
OI008668,O005657,P063,2,39.99,0.0,79.98
OI008669,O005657,P108,1,24.99,0.0,24.99
OI008670,O005658,P019,1,299.99,0.0,299.99
OI008671,O005659,P168,1,49.99,0.0,49.99
OI008672,O005659,P155,1,79.99,0.0,79.99
OI008673,O005659,P120,1,89.99,13.5,76.49
OI008674,O005660,P111,1,99.99,0.0,99.99
OI008675,O005661,P113,1,84.99,12.75,72.24
OI008676,O005661,P147,1,54.99,0.0,54.99
OI008677,O005662,P060,1,139.99,0.0,139.99
OI008678,O005663,P072,1,89.99,0.0,89.99
OI008679,O005664,P126,1,19.99,3.0,16.99
OI008680,O005665,P074,1,19.99,0.0,19.99
OI008681,O005666,P155,1,79.99,0.0,79.99
OI008682,O005667,P034,1,699.99,0.0,699.99
OI008683,O005668,P122,1,29.99,4.5,25.49
OI008684,O005669,P110,1,29.99,0.0,29.99
OI008685,O005670,P141,1,99.99,0.0,99.99
OI008686,O005671,P103,1,19.99,0.0,19.99
OI008687,O005671,P155,1,79.99,0.0,79.99
OI008688,O005672,P045,1,129.99,0.0,129.99
OI008689,O005673,P036,1,1299.99,0.0,1299.99
OI008690,O005674,P030,1,59.99,0.0,59.99
OI008691,O005674,P100,1,79.99,0.0,79.99
OI008692,O005674,P060,1,139.99,0.0,139.99
OI008693,O005674,P107,1,99.99,0.0,99.99
OI008694,O005675,P060,1,139.99,0.0,139.99
OI008695,O005676,P009,1,299.99,0.0,299.99
OI008696,O005677,P008,1,79.99,0.0,79.99
OI008697,O005677,P123,1,99.99,0.0,99.99
OI008698,O005677,P018,1,89.99,0.0,89.99
OI008699,O005678,P103,1,19.99,0.0,19.99
OI008700,O005679,P068,1,39.99,0.0,39.99
OI008701,O005679,P071,1,189.99,0.0,189.99
OI008702,O005680,P158,1,449.99,0.0,449.99
OI008703,O005681,P155,1,79.99,0.0,79.99
OI008704,O005681,P090,1,189.99,0.0,189.99
OI008705,O005681,P062,1,24.99,0.0,24.99
OI008706,O005682,P118,2,219.99,66.0,373.98
OI008707,O005682,P104,1,59.99,0.0,59.99
OI008708,O005683,P064,1,59.99,0.0,59.99
OI008709,O005684,P072,1,89.99,0.0,89.99
OI008710,O005685,P001,1,49.99,0.0,49.99
OI008711,O005686,P022,1,69.99,0.0,69.99
OI008712,O005687,P157,1,149.99,0.0,149.99
OI008713,O005688,P170,1,79.99,0.0,79.99
OI008714,O005689,P086,1,129.99,0.0,129.99
OI008715,O005689,P082,1,29.99,0.0,29.99
OI008716,O005689,P131,1,79.99,12.0,67.99
OI008717,O005690,P002,1,89.99,0.0,89.99
OI008718,O005690,P046,1,349.99,0.0,349.99
OI008719,O005691,P074,1,19.99,0.0,19.99
OI008720,O005692,P154,1,349.99,0.0,349.99
OI008721,O005692,P160,1,19.99,0.0,19.99
OI008722,O005693,P103,3,19.99,0.0,59.97
OI008723,O005694,P087,1,349.99,0.0,349.99
OI008724,O005695,P113,1,84.99,0.0,84.99
OI008725,O005696,P140,1,39.99,0.0,39.99
OI008726,O005697,P155,1,79.99,0.0,79.99
OI008727,O005698,P016,1,399.99,0.0,399.99
OI008728,O005698,P079,1,49.99,0.0,49.99
OI008729,O005699,P084,2,14.99,0.0,29.98
OI008730,O005699,P115,3,49.99,0.0,149.97
OI008731,O005700,P057,1,149.99,0.0,149.99
OI008732,O005701,P019,1,299.99,0.0,299.99
OI008733,O005701,P009,1,299.99,0.0,299.99
OI008734,O005701,P081,1,58.99,0.0,58.99
OI008735,O005702,P019,1,299.99,0.0,299.99
OI008736,O005702,P077,1,199.99,0.0,199.99
OI008737,O005703,P001,1,49.99,0.0,49.99
OI008738,O005704,P081,1,58.99,0.0,58.99
OI008739,O005705,P069,1,119.99,0.0,119.99
OI008740,O005706,P072,1,89.99,0.0,89.99
OI008741,O005707,P028,1,19.99,0.0,19.99
OI008742,O005707,P120,1,89.99,0.0,89.99
OI008743,O005708,P157,1,149.99,0.0,149.99
OI008744,O005709,P135,1,79.99,0.0,79.99
OI008745,O005709,P081,1,58.99,0.0,58.99
OI008746,O005710,P128,1,59.99,9.0,50.99
OI008747,O005711,P159,1,55.99,0.0,55.99
OI008748,O005712,P148,1,59.99,0.0,59.99
OI008749,O005713,P065,1,39.99,0.0,39.99
OI008750,O005713,P052,1,229.99,0.0,229.99
OI008751,O005713,P085,1,39.99,0.0,39.99
OI008752,O005714,P087,1,349.99,0.0,349.99
OI008753,O005715,P112,1,39.99,0.0,39.99
OI008754,O005716,P128,2,59.99,0.0,119.98
OI008755,O005717,P140,1,39.99,0.0,39.99
OI008756,O005717,P084,1,14.99,0.0,14.99
OI008757,O005718,P023,1,199.99,0.0,199.99
OI008758,O005719,P081,1,58.99,0.0,58.99
OI008759,O005719,P163,1,89.99,0.0,89.99
OI008760,O005719,P035,1,999.99,0.0,999.99
OI008761,O005720,P072,1,89.99,0.0,89.99
OI008762,O005720,P120,2,89.99,27.0,152.98
OI008763,O005721,P087,1,349.99,0.0,349.99
OI008764,O005721,P115,1,49.99,7.5,42.49
OI008765,O005722,P092,1,69.99,0.0,69.99
OI008766,O005723,P071,1,189.99,0.0,189.99
OI008767,O005724,P103,1,19.99,0.0,19.99
OI008768,O005724,P124,2,14.99,0.0,29.98
OI008769,O005725,P079,1,49.99,0.0,49.99
OI008770,O005726,P103,1,19.99,0.0,19.99
OI008771,O005727,P105,1,38.99,0.0,38.99
OI008772,O005728,P159,1,55.99,0.0,55.99
OI008773,O005728,P155,1,79.99,0.0,79.99
OI008774,O005729,P160,1,19.99,0.0,19.99
OI008775,O005729,P081,1,58.99,0.0,58.99
OI008776,O005729,P004,1,129.99,0.0,129.99
OI008777,O005730,P001,1,49.99,0.0,49.99
OI008778,O005731,P099,1,29.99,0.0,29.99
OI008779,O005732,P100,1,79.99,0.0,79.99
OI008780,O005732,P121,1,128.99,0.0,128.99
OI008781,O005732,P012,1,43.99,0.0,43.99
OI008782,O005733,P127,1,49.99,7.5,42.49
OI008783,O005734,P148,1,59.99,0.0,59.99
OI008784,O005735,P087,2,349.99,0.0,699.98
OI008785,O005736,P116,1,149.99,0.0,149.99
OI008786,O005736,P083,1,99.99,0.0,99.99
OI008787,O005737,P003,1,129.99,0.0,129.99
OI008788,O005737,P011,1,229.99,0.0,229.99
OI008789,O005738,P081,1,58.99,0.0,58.99
OI008790,O005739,P120,1,89.99,13.5,76.49
OI008791,O005740,P147,1,54.99,0.0,54.99
OI008792,O005741,P076,1,49.99,0.0,49.99
OI008793,O005742,P139,1,89.99,0.0,89.99
OI008794,O005743,P143,2,49.99,0.0,99.98
OI008795,O005744,P143,2,49.99,0.0,99.98
OI008796,O005745,P060,1,139.99,0.0,139.99
OI008797,O005745,P071,1,189.99,0.0,189.99
OI008798,O005746,P068,1,39.99,0.0,39.99
OI008799,O005747,P150,2,25.99,0.0,51.98
OI008800,O005748,P079,2,49.99,0.0,99.98
OI008801,O005749,P068,1,39.99,0.0,39.99
OI008802,O005750,P155,1,79.99,0.0,79.99
OI008803,O005751,P084,1,14.99,0.0,14.99
OI008804,O005752,P154,1,349.99,0.0,349.99
OI008805,O005753,P133,1,99.99,0.0,99.99
OI008806,O005754,P109,2,79.99,0.0,159.98
OI008807,O005755,P155,1,79.99,0.0,79.99
OI008808,O005756,P096,1,449.99,0.0,449.99
OI008809,O005757,P118,1,219.99,33.0,186.99
OI008810,O005758,P060,1,139.99,0.0,139.99
OI008811,O005759,P079,1,49.99,0.0,49.99
OI008812,O005759,P084,1,14.99,0.0,14.99
OI008813,O005759,P155,1,79.99,0.0,79.99
OI008814,O005760,P060,1,139.99,0.0,139.99
OI008815,O005761,P072,1,89.99,0.0,89.99
OI008816,O005762,P062,1,24.99,0.0,24.99
OI008817,O005763,P085,1,39.99,0.0,39.99
OI008818,O005764,P079,1,49.99,0.0,49.99
OI008819,O005765,P103,2,19.99,0.0,39.98
OI008820,O005765,P087,1,349.99,0.0,349.99
OI008821,O005766,P155,1,79.99,0.0,79.99
OI008822,O005767,P155,1,79.99,0.0,79.99
OI008823,O005768,P115,1,49.99,0.0,49.99
OI008824,O005769,P144,1,29.99,0.0,29.99
OI008825,O005769,P037,1,329.99,0.0,329.99
OI008826,O005770,P060,1,139.99,0.0,139.99
OI008827,O005770,P140,1,39.99,0.0,39.99
OI008828,O005771,P158,1,449.99,0.0,449.99
OI008829,O005771,P120,1,89.99,13.5,76.49
OI008830,O005772,P079,1,49.99,0.0,49.99
OI008831,O005772,P148,1,59.99,0.0,59.99
OI008832,O005773,P092,1,69.99,0.0,69.99
OI008833,O005774,P015,1,199.99,0.0,199.99
OI008834,O005775,P134,1,34.99,0.0,34.99
OI008835,O005775,P019,1,299.99,0.0,299.99
OI008836,O005775,P015,1,199.99,0.0,199.99
OI008837,O005776,P120,1,89.99,0.0,89.99
OI008838,O005777,P067,3,149.99,0.0,449.97
OI008839,O005778,P084,1,14.99,0.0,14.99
OI008840,O005779,P091,1,19.99,0.0,19.99
OI008841,O005780,P012,1,43.99,0.0,43.99
OI008842,O005780,P079,1,49.99,0.0,49.99
OI008843,O005780,P010,1,89.99,0.0,89.99
OI008844,O005781,P062,1,24.99,0.0,24.99
OI008845,O005781,P075,2,69.99,0.0,139.98
OI008846,O005782,P087,1,349.99,0.0,349.99
OI008847,O005782,P131,1,79.99,12.0,67.99
OI008848,O005782,P157,1,149.99,0.0,149.99
OI008849,O005783,P081,2,58.99,0.0,117.98
OI008850,O005783,P130,1,24.99,0.0,24.99
OI008851,O005784,P108,1,24.99,0.0,24.99
OI008852,O005784,P143,1,49.99,0.0,49.99
OI008853,O005784,P120,1,89.99,13.5,76.49
OI008854,O005785,P027,1,89.99,0.0,89.99
OI008855,O005786,P020,1,79.99,0.0,79.99
OI008856,O005787,P144,1,29.99,0.0,29.99
OI008857,O005787,P131,1,79.99,0.0,79.99
OI008858,O005788,P143,1,49.99,0.0,49.99
OI008859,O005788,P076,1,49.99,0.0,49.99
OI008860,O005789,P021,1,179.99,0.0,179.99
OI008861,O005790,P065,2,39.99,0.0,79.98
OI008862,O005791,P087,1,349.99,0.0,349.99
OI008863,O005792,P010,1,89.99,0.0,89.99
OI008864,O005793,P020,1,79.99,0.0,79.99
OI008865,O005794,P087,1,349.99,0.0,349.99
OI008866,O005795,P104,3,59.99,0.0,179.97
OI008867,O005796,P074,1,19.99,0.0,19.99
OI008868,O005797,P119,1,29.99,4.5,25.49
OI008869,O005798,P152,1,899.99,0.0,899.99
OI008870,O005799,P083,1,99.99,0.0,99.99
OI008871,O005800,P051,1,89.99,0.0,89.99
OI008872,O005800,P068,1,39.99,0.0,39.99
OI008873,O005801,P170,1,79.99,0.0,79.99
OI008874,O005802,P103,1,19.99,0.0,19.99
OI008875,O005803,P021,1,179.99,0.0,179.99
OI008876,O005804,P003,1,129.99,0.0,129.99
OI008877,O005805,P144,1,29.99,0.0,29.99
OI008878,O005805,P167,1,59.99,0.0,59.99
OI008879,O005805,P030,1,59.99,0.0,59.99
OI008880,O005806,P120,1,89.99,13.5,76.49
OI008881,O005806,P079,3,49.99,0.0,149.97
OI008882,O005806,P032,1,29.99,0.0,29.99
OI008883,O005806,P130,2,24.99,7.5,42.48
OI008884,O005807,P142,1,19.99,0.0,19.99
OI008885,O005807,P143,2,49.99,0.0,99.98
OI008886,O005808,P084,1,14.99,0.0,14.99
OI008887,O005809,P060,1,139.99,0.0,139.99
OI008888,O005809,P003,1,129.99,0.0,129.99
OI008889,O005810,P106,3,29.99,0.0,89.97
OI008890,O005811,P155,1,79.99,0.0,79.99
OI008891,O005812,P087,1,349.99,0.0,349.99
OI008892,O005813,P153,1,129.99,0.0,129.99
OI008893,O005813,P145,2,69.99,0.0,139.98
OI008894,O005813,P158,1,449.99,0.0,449.99
OI008895,O005814,P079,1,49.99,0.0,49.99
OI008896,O005814,P097,2,49.99,0.0,99.98
OI008897,O005815,P060,1,139.99,0.0,139.99
OI008898,O005816,P158,1,449.99,0.0,449.99
OI008899,O005817,P103,1,19.99,0.0,19.99
OI008900,O005818,P120,1,89.99,0.0,89.99
OI008901,O005819,P008,1,79.99,0.0,79.99
OI008902,O005819,P115,1,49.99,0.0,49.99
OI008903,O005820,P068,1,39.99,0.0,39.99
OI008904,O005821,P007,1,149.99,0.0,149.99
OI008905,O005822,P103,2,19.99,0.0,39.98
OI008906,O005823,P013,1,149.99,0.0,149.99
OI008907,O005823,P155,1,79.99,0.0,79.99
OI008908,O005824,P052,1,229.99,0.0,229.99
OI008909,O005824,P087,1,349.99,0.0,349.99
OI008910,O005824,P118,1,219.99,0.0,219.99
OI008911,O005824,P150,2,25.99,0.0,51.98
OI008912,O005825,P128,1,59.99,9.0,50.99
OI008913,O005826,P106,1,29.99,0.0,29.99
OI008914,O005827,P084,1,14.99,0.0,14.99
OI008915,O005828,P134,1,34.99,0.0,34.99
OI008916,O005828,P016,1,399.99,0.0,399.99
OI008917,O005828,P120,1,89.99,0.0,89.99
OI008918,O005829,P030,1,59.99,0.0,59.99
OI008919,O005830,P114,2,129.99,39.0,220.98
OI008920,O005830,P121,1,128.99,19.35,109.64
OI008921,O005830,P168,1,49.99,0.0,49.99
OI008922,O005831,P161,1,59.99,0.0,59.99
OI008923,O005832,P108,2,24.99,0.0,49.98
OI008924,O005833,P124,1,14.99,2.25,12.74
OI008925,O005834,P128,1,59.99,9.0,50.99
OI008926,O005835,P052,1,229.99,0.0,229.99
OI008927,O005835,P072,1,89.99,0.0,89.99
OI008928,O005835,P008,1,79.99,0.0,79.99
OI008929,O005836,P081,1,58.99,0.0,58.99
OI008930,O005837,P136,1,44.99,0.0,44.99
OI008931,O005837,P115,1,49.99,0.0,49.99
OI008932,O005837,P124,1,14.99,0.0,14.99
OI008933,O005838,P154,1,349.99,0.0,349.99
OI008934,O005839,P137,1,109.99,0.0,109.99
OI008935,O005840,P120,3,89.99,0.0,269.97
OI008936,O005841,P087,1,349.99,0.0,349.99
OI008937,O005842,P163,1,89.99,0.0,89.99
OI008938,O005842,P060,1,139.99,0.0,139.99
OI008939,O005843,P120,1,89.99,0.0,89.99
OI008940,O005843,P076,1,49.99,0.0,49.99
OI008941,O005844,P015,1,199.99,0.0,199.99
OI008942,O005844,P142,1,19.99,0.0,19.99
OI008943,O005844,P156,1,249.99,0.0,249.99
OI008944,O005845,P120,2,89.99,0.0,179.98
OI008945,O005846,P155,1,79.99,0.0,79.99
OI008946,O005847,P096,1,449.99,0.0,449.99
OI008947,O005847,P159,1,55.99,0.0,55.99
OI008948,O005848,P122,1,29.99,4.5,25.49
OI008949,O005849,P078,1,14.99,0.0,14.99
OI008950,O005849,P019,1,299.99,0.0,299.99
OI008951,O005850,P081,1,58.99,0.0,58.99
OI008952,O005851,P006,1,39.99,0.0,39.99
OI008953,O005851,P042,1,899.99,0.0,899.99
OI008954,O005852,P062,1,24.99,0.0,24.99
OI008955,O005852,P155,1,79.99,0.0,79.99
OI008956,O005853,P108,1,24.99,0.0,24.99
OI008957,O005854,P112,1,39.99,0.0,39.99
OI008958,O005854,P119,1,29.99,0.0,29.99
OI008959,O005855,P003,1,129.99,0.0,129.99
OI008960,O005856,P143,1,49.99,0.0,49.99
OI008961,O005857,P157,1,149.99,0.0,149.99
OI008962,O005858,P015,1,199.99,0.0,199.99
OI008963,O005859,P078,1,14.99,0.0,14.99
OI008964,O005860,P084,3,14.99,0.0,44.97
OI008965,O005861,P124,1,14.99,2.25,12.74
OI008966,O005862,P096,1,449.99,0.0,449.99
OI008967,O005863,P036,1,1299.99,0.0,1299.99
OI008968,O005864,P083,1,99.99,0.0,99.99
OI008969,O005864,P002,1,89.99,0.0,89.99
OI008970,O005865,P088,1,83.99,0.0,83.99
OI008971,O005866,P074,1,19.99,0.0,19.99
OI008972,O005867,P155,1,79.99,16.0,63.99
OI008973,O005868,P112,1,39.99,8.0,31.99
OI008974,O005868,P081,1,58.99,11.8,47.19
OI008975,O005868,P163,1,89.99,18.0,71.99
OI008976,O005869,P159,1,55.99,11.2,44.79
OI008977,O005870,P019,1,299.99,60.0,239.99
OI008978,O005870,P095,1,199.99,40.0,159.99
OI008979,O005871,P140,1,39.99,8.0,31.99
OI008980,O005872,P012,1,43.99,0.0,43.99
OI008981,O005873,P167,1,59.99,12.0,47.99
OI008982,O005874,P139,1,89.99,18.0,71.99
OI008983,O005874,P103,1,19.99,4.0,15.99
OI008984,O005875,P060,1,139.99,0.0,139.99
OI008985,O005875,P087,1,349.99,0.0,349.99
OI008986,O005876,P155,1,79.99,0.0,79.99
OI008987,O005877,P128,1,59.99,12.0,47.99
OI008988,O005878,P078,1,14.99,3.0,11.99
OI008989,O005879,P155,1,79.99,16.0,63.99
OI008990,O005879,P015,1,199.99,40.0,159.99
OI008991,O005880,P007,1,149.99,0.0,149.99
OI008992,O005881,P104,1,59.99,12.0,47.99
OI008993,O005882,P136,1,44.99,9.0,35.99
OI008994,O005882,P070,1,69.99,14.0,55.99
OI008995,O005882,P145,1,69.99,14.0,55.99
OI008996,O005882,P155,1,79.99,16.0,63.99
OI008997,O005883,P131,1,79.99,16.0,63.99
OI008998,O005884,P153,1,129.99,0.0,129.99
OI008999,O005885,P127,1,49.99,10.0,39.99
OI009000,O005886,P120,1,89.99,18.0,71.99
OI009001,O005887,P116,1,149.99,30.0,119.99
OI009002,O005888,P072,1,89.99,0.0,89.99
OI009003,O005889,P104,2,59.99,24.0,95.98
OI009004,O005890,P139,1,89.99,18.0,71.99
OI009005,O005891,P158,1,449.99,90.0,359.99
OI009006,O005892,P024,1,29.99,6.0,23.99
OI009007,O005893,P063,1,39.99,0.0,39.99
OI009008,O005894,P145,1,69.99,14.0,55.99
OI009009,O005895,P122,1,29.99,6.0,23.99
OI009010,O005896,P009,1,299.99,60.0,239.99
OI009011,O005897,P155,1,79.99,0.0,79.99
OI009012,O005898,P087,1,349.99,0.0,349.99
OI009013,O005898,P120,2,89.99,27.0,152.98
OI009014,O005899,P076,1,49.99,10.0,39.99
OI009015,O005900,P157,1,149.99,30.0,119.99
OI009016,O005901,P009,1,299.99,0.0,299.99
OI009017,O005902,P025,1,119.99,24.0,95.99
OI009018,O005902,P115,2,49.99,20.0,79.98
OI009019,O005902,P047,1,149.99,30.0,119.99
OI009020,O005902,P004,1,129.99,26.0,103.99
OI009021,O005903,P092,1,69.99,14.0,55.99
OI009022,O005904,P068,1,39.99,8.0,31.99
OI009023,O005905,P060,1,139.99,0.0,139.99
OI009024,O005906,P074,1,19.99,4.0,15.99
OI009025,O005906,P098,1,199.99,40.0,159.99
OI009026,O005907,P113,1,84.99,17.0,67.99
OI009027,O005907,P005,1,349.99,70.0,279.99
OI009028,O005908,P083,1,99.99,0.0,99.99
OI009029,O005909,P155,2,79.99,32.0,127.98
OI009030,O005910,P131,1,79.99,16.0,63.99
OI009031,O005911,P067,3,149.99,89.99,359.98
OI009032,O005911,P114,1,129.99,26.0,103.99
OI009033,O005912,P001,1,49.99,0.0,49.99
OI009034,O005913,P003,1,129.99,0.0,129.99
OI009035,O005914,P108,2,24.99,0.0,49.98
OI009036,O005915,P011,1,229.99,0.0,229.99
OI009037,O005916,P008,1,79.99,16.0,63.99
OI009038,O005916,P084,2,14.99,6.0,23.98
OI009039,O005917,P143,2,49.99,20.0,79.98
OI009040,O005918,P120,1,89.99,0.0,89.99
OI009041,O005918,P002,1,89.99,0.0,89.99
OI009042,O005919,P072,3,89.99,53.99,215.98
OI009043,O005919,P110,1,29.99,6.0,23.99
OI009044,O005920,P158,1,449.99,0.0,449.99
OI009045,O005921,P128,1,59.99,12.0,47.99
OI009046,O005921,P104,1,59.99,12.0,47.99
OI009047,O005922,P130,1,24.99,0.0,24.99
OI009048,O005922,P137,1,109.99,0.0,109.99
OI009049,O005923,P011,1,229.99,46.0,183.99
OI009050,O005923,P141,3,99.99,59.99,239.98
OI009051,O005923,P048,1,449.99,90.0,359.99
OI009052,O005924,P131,1,79.99,16.0,63.99
OI009053,O005924,P125,1,49.99,10.0,39.99
OI009054,O005925,P085,1,39.99,8.0,31.99
OI009055,O005925,P073,1,349.99,70.0,279.99
OI009056,O005925,P155,1,79.99,16.0,63.99
OI009057,O005926,P148,1,59.99,12.0,47.99
OI009058,O005927,P052,1,229.99,0.0,229.99
OI009059,O005928,P121,1,128.99,0.0,128.99
OI009060,O005929,P059,1,183.99,36.8,147.19
OI009061,O005930,P155,1,79.99,16.0,63.99
OI009062,O005931,P094,1,179.99,36.0,143.99
OI009063,O005932,P148,1,59.99,0.0,59.99
OI009064,O005932,P104,1,59.99,0.0,59.99
OI009065,O005933,P031,1,139.99,0.0,139.99
OI009066,O005934,P002,1,89.99,18.0,71.99
OI009067,O005934,P052,1,229.99,46.0,183.99
OI009068,O005935,P155,1,79.99,0.0,79.99
OI009069,O005936,P068,1,39.99,8.0,31.99
OI009070,O005937,P041,2,449.99,180.0,719.98
OI009071,O005937,P104,3,59.99,35.99,143.98
OI009072,O005937,P133,1,99.99,20.0,79.99
OI009073,O005938,P141,1,99.99,0.0,99.99
OI009074,O005939,P170,1,79.99,0.0,79.99
OI009075,O005940,P053,1,299.99,60.0,239.99
OI009076,O005941,P036,1,1299.99,0.0,1299.99
OI009077,O005941,P087,1,349.99,0.0,349.99
OI009078,O005942,P011,1,229.99,46.0,183.99
OI009079,O005943,P030,1,59.99,0.0,59.99
OI009080,O005943,P066,1,94.99,0.0,94.99
OI009081,O005943,P089,1,59.99,0.0,59.99
OI009082,O005944,P090,1,189.99,38.0,151.99
OI009083,O005945,P009,1,299.99,60.0,239.99
OI009084,O005946,P027,1,89.99,0.0,89.99
OI009085,O005947,P103,1,19.99,0.0,19.99
OI009086,O005948,P060,1,139.99,28.0,111.99
OI009087,O005948,P072,1,89.99,18.0,71.99
OI009088,O005948,P020,1,79.99,16.0,63.99
OI009089,O005948,P059,1,183.99,36.8,147.19
OI009090,O005949,P046,1,349.99,70.0,279.99
OI009091,O005949,P021,1,179.99,36.0,143.99
OI009092,O005950,P064,1,59.99,0.0,59.99
OI009093,O005950,P080,1,38.99,0.0,38.99
OI009094,O005950,P143,1,49.99,0.0,49.99
OI009095,O005951,P145,1,69.99,14.0,55.99
OI009096,O005952,P138,1,39.99,0.0,39.99
OI009097,O005953,P081,1,58.99,11.8,47.19
OI009098,O005954,P018,1,89.99,18.0,71.99
OI009099,O005955,P085,1,39.99,0.0,39.99
OI009100,O005956,P103,2,19.99,0.0,39.98
OI009101,O005957,P026,1,24.99,5.0,19.99
OI009102,O005958,P064,1,59.99,12.0,47.99
OI009103,O005959,P126,1,19.99,0.0,19.99
OI009104,O005960,P159,1,55.99,11.2,44.79
OI009105,O005961,P080,1,38.99,0.0,38.99
OI009106,O005962,P103,1,19.99,4.0,15.99
OI009107,O005963,P016,1,399.99,80.0,319.99
OI009108,O005963,P010,1,89.99,18.0,71.99
OI009109,O005964,P148,1,59.99,12.0,47.99
OI009110,O005964,P155,1,79.99,16.0,63.99
OI009111,O005964,P065,1,39.99,8.0,31.99
OI009112,O005964,P152,1,899.99,180.0,719.99
OI009113,O005965,P066,1,94.99,19.0,75.99
OI009114,O005966,P078,2,14.99,0.0,29.98
OI009115,O005967,P076,1,49.99,10.0,39.99
OI009116,O005968,P138,1,39.99,0.0,39.99
OI009117,O005968,P120,1,89.99,0.0,89.99
OI009118,O005969,P088,1,83.99,16.8,67.19
OI009119,O005969,P060,1,139.99,28.0,111.99
OI009120,O005970,P087,1,349.99,70.0,279.99
OI009121,O005970,P081,1,58.99,11.8,47.19
OI009122,O005971,P128,1,59.99,0.0,59.99
OI009123,O005972,P081,2,58.99,0.0,117.98
OI009124,O005972,P098,1,199.99,0.0,199.99
OI009125,O005972,P067,3,149.99,0.0,449.97
OI009126,O005973,P084,1,14.99,3.0,11.99
OI009127,O005974,P030,1,59.99,12.0,47.99
OI009128,O005974,P070,1,69.99,14.0,55.99
OI009129,O005975,P084,1,14.99,3.0,11.99
OI009130,O005976,P073,1,349.99,70.0,279.99
OI009131,O005977,P098,1,199.99,0.0,199.99
OI009132,O005977,P140,1,39.99,0.0,39.99
OI009133,O005978,P139,1,89.99,18.0,71.99
OI009134,O005978,P030,1,59.99,12.0,47.99
OI009135,O005979,P041,1,449.99,0.0,449.99
OI009136,O005980,P085,1,39.99,0.0,39.99
OI009137,O005981,P008,1,79.99,16.0,63.99
OI009138,O005982,P125,1,49.99,0.0,49.99
OI009139,O005983,P079,2,49.99,20.0,79.98
OI009140,O005983,P098,1,199.99,40.0,159.99
OI009141,O005984,P063,1,39.99,8.0,31.99
OI009142,O005985,P155,1,79.99,16.0,63.99
OI009143,O005986,P023,1,199.99,0.0,199.99
OI009144,O005986,P099,1,29.99,0.0,29.99
OI009145,O005987,P016,1,399.99,80.0,319.99
OI009146,O005987,P028,1,19.99,4.0,15.99
OI009147,O005987,P072,1,89.99,18.0,71.99
OI009148,O005988,P098,1,199.99,0.0,199.99
OI009149,O005989,P118,1,219.99,0.0,219.99
OI009150,O005990,P101,1,49.99,10.0,39.99
OI009151,O005991,P146,1,24.99,0.0,24.99
OI009152,O005991,P136,1,44.99,0.0,44.99
OI009153,O005992,P145,1,69.99,14.0,55.99
OI009154,O005992,P155,1,79.99,16.0,63.99
OI009155,O005993,P065,1,39.99,8.0,31.99
OI009156,O005994,P105,1,38.99,0.0,38.99
OI009157,O005995,P127,1,49.99,10.0,39.99
OI009158,O005996,P074,1,19.99,4.0,15.99
OI009159,O005997,P001,1,49.99,0.0,49.99
OI009160,O005998,P101,1,49.99,10.0,39.99
OI009161,O005998,P027,1,89.99,18.0,71.99
OI009162,O005999,P078,1,14.99,3.0,11.99
OI009163,O005999,P038,1,599.99,120.0,479.99
OI009164,O005999,P115,1,49.99,10.0,39.99
OI009165,O006000,P060,1,139.99,28.0,111.99
OI009166,O006001,P096,1,449.99,90.0,359.99
OI009167,O006002,P118,1,219.99,0.0,219.99
OI009168,O006002,P098,1,199.99,0.0,199.99
OI009169,O006003,P147,1,54.99,11.0,43.99
OI009170,O006004,P148,1,59.99,12.0,47.99
OI009171,O006005,P128,1,59.99,12.0,47.99
OI009172,O006006,P028,1,19.99,4.0,15.99
OI009173,O006006,P064,1,59.99,12.0,47.99
OI009174,O006006,P009,1,299.99,60.0,239.99
OI009175,O006007,P009,1,299.99,60.0,239.99
OI009176,O006008,P130,1,24.99,0.0,24.99
OI009177,O006009,P101,1,49.99,10.0,39.99
OI009178,O006009,P025,1,119.99,24.0,95.99
OI009179,O006009,P159,1,55.99,11.2,44.79
OI009180,O006009,P052,1,229.99,46.0,183.99
OI009181,O006010,P034,1,699.99,0.0,699.99
OI009182,O006011,P078,1,14.99,0.0,14.99
OI009183,O006012,P068,1,39.99,0.0,39.99
OI009184,O006012,P081,1,58.99,0.0,58.99
OI009185,O006012,P086,1,129.99,0.0,129.99
OI009186,O006013,P120,1,89.99,18.0,71.99
OI009187,O006013,P089,1,59.99,12.0,47.99
OI009188,O006014,P159,1,55.99,11.2,44.79
OI009189,O006015,P103,1,19.99,0.0,19.99
OI009190,O006016,P038,1,599.99,120.0,479.99
OI009191,O006017,P154,1,349.99,70.0,279.99
OI009192,O006018,P033,1,79.99,16.0,63.99
OI009193,O006019,P124,1,14.99,0.0,14.99
OI009194,O006019,P117,1,69.99,0.0,69.99
OI009195,O006019,P048,1,449.99,0.0,449.99
OI009196,O006020,P076,1,49.99,0.0,49.99
OI009197,O006021,P076,1,49.99,0.0,49.99
OI009198,O006022,P122,1,29.99,0.0,29.99
OI009199,O006022,P101,1,49.99,0.0,49.99
OI009200,O006022,P090,1,189.99,0.0,189.99
OI009201,O006023,P103,1,19.99,0.0,19.99
OI009202,O006023,P105,1,38.99,0.0,38.99
OI009203,O006024,P098,1,199.99,0.0,199.99
OI009204,O006024,P141,1,99.99,0.0,99.99
OI009205,O006024,P025,1,119.99,0.0,119.99
OI009206,O006024,P054,1,649.99,0.0,649.99
OI009207,O006025,P087,1,349.99,0.0,349.99
OI009208,O006026,P101,1,49.99,0.0,49.99
OI009209,O006027,P157,1,149.99,0.0,149.99
OI009210,O006028,P163,1,89.99,0.0,89.99
OI009211,O006028,P023,1,199.99,0.0,199.99
OI009212,O006028,P155,1,79.99,0.0,79.99
OI009213,O006028,P011,1,229.99,0.0,229.99
OI009214,O006029,P015,1,199.99,0.0,199.99
OI009215,O006030,P141,1,99.99,0.0,99.99
OI009216,O006031,P002,1,89.99,0.0,89.99
OI009217,O006032,P011,1,229.99,0.0,229.99
OI009218,O006033,P060,1,139.99,0.0,139.99
OI009219,O006034,P128,1,59.99,0.0,59.99
OI009220,O006035,P008,1,79.99,0.0,79.99
OI009221,O006036,P096,1,449.99,0.0,449.99
OI009222,O006036,P068,1,39.99,0.0,39.99
OI009223,O006037,P120,1,89.99,0.0,89.99
OI009224,O006037,P023,1,199.99,0.0,199.99
OI009225,O006037,P062,1,24.99,0.0,24.99
OI009226,O006037,P115,1,49.99,0.0,49.99
OI009227,O006038,P091,1,19.99,0.0,19.99
OI009228,O006039,P041,1,449.99,0.0,449.99
OI009229,O006039,P013,1,149.99,0.0,149.99
OI009230,O006040,P052,1,229.99,0.0,229.99
OI009231,O006041,P027,1,89.99,0.0,89.99
OI009232,O006041,P124,2,14.99,0.0,29.98
OI009233,O006042,P143,1,49.99,0.0,49.99
OI009234,O006043,P023,1,199.99,0.0,199.99
OI009235,O006043,P148,1,59.99,0.0,59.99
OI009236,O006044,P060,1,139.99,0.0,139.99
OI009237,O006045,P001,1,49.99,0.0,49.99
OI009238,O006045,P068,1,39.99,0.0,39.99
OI009239,O006045,P010,1,89.99,0.0,89.99
OI009240,O006046,P003,1,129.99,0.0,129.99
OI009241,O006047,P146,1,24.99,0.0,24.99
OI009242,O006048,P144,1,29.99,0.0,29.99
OI009243,O006048,P078,1,14.99,0.0,14.99
OI009244,O006049,P083,1,99.99,0.0,99.99
OI009245,O006050,P104,1,59.99,0.0,59.99
OI009246,O006051,P103,2,19.99,0.0,39.98
OI009247,O006051,P092,1,69.99,0.0,69.99
OI009248,O006052,P082,1,29.99,0.0,29.99
OI009249,O006053,P122,1,29.99,0.0,29.99
OI009250,O006054,P002,1,89.99,0.0,89.99
OI009251,O006055,P112,1,39.99,0.0,39.99
OI009252,O006056,P120,1,89.99,0.0,89.99
OI009253,O006056,P102,1,169.99,0.0,169.99
OI009254,O006057,P106,1,29.99,0.0,29.99
OI009255,O006058,P009,1,299.99,0.0,299.99
OI009256,O006058,P057,1,149.99,0.0,149.99
OI009257,O006058,P065,1,39.99,0.0,39.99
OI009258,O006059,P013,1,149.99,0.0,149.99
OI009259,O006059,P123,1,99.99,0.0,99.99
OI009260,O006060,P120,1,89.99,0.0,89.99
OI009261,O006061,P016,1,399.99,0.0,399.99
OI009262,O006061,P103,1,19.99,0.0,19.99
OI009263,O006062,P003,1,129.99,0.0,129.99
OI009264,O006063,P007,1,149.99,0.0,149.99
OI009265,O006064,P083,1,99.99,0.0,99.99
OI009266,O006064,P077,1,199.99,0.0,199.99
OI009267,O006065,P060,1,139.99,0.0,139.99
OI009268,O006065,P071,1,189.99,0.0,189.99
OI009269,O006066,P128,1,59.99,0.0,59.99
OI009270,O006067,P079,1,49.99,0.0,49.99
OI009271,O006067,P076,1,49.99,0.0,49.99
OI009272,O006067,P075,2,69.99,0.0,139.98
OI009273,O006068,P081,2,58.99,0.0,117.98
OI009274,O006069,P116,1,149.99,0.0,149.99
OI009275,O006069,P101,1,49.99,0.0,49.99
OI009276,O006070,P166,1,24.99,0.0,24.99
OI009277,O006071,P127,1,49.99,0.0,49.99
OI009278,O006072,P128,1,59.99,0.0,59.99
OI009279,O006072,P148,1,59.99,0.0,59.99
OI009280,O006073,P103,1,19.99,0.0,19.99
OI009281,O006073,P067,1,149.99,0.0,149.99
OI009282,O006074,P155,2,79.99,0.0,159.98
OI009283,O006075,P083,1,99.99,0.0,99.99
OI009284,O006075,P120,1,89.99,0.0,89.99
OI009285,O006076,P093,1,59.99,0.0,59.99
OI009286,O006077,P098,1,199.99,0.0,199.99
OI009287,O006078,P101,1,49.99,0.0,49.99
OI009288,O006078,P076,1,49.99,0.0,49.99
OI009289,O006079,P150,1,25.99,0.0,25.99
OI009290,O006080,P103,1,19.99,0.0,19.99
OI009291,O006080,P027,1,89.99,0.0,89.99
OI009292,O006080,P060,1,139.99,0.0,139.99
OI009293,O006081,P121,1,128.99,0.0,128.99
OI009294,O006081,P051,1,89.99,0.0,89.99
OI009295,O006082,P127,1,49.99,0.0,49.99
OI009296,O006082,P122,1,29.99,0.0,29.99
OI009297,O006083,P155,1,79.99,0.0,79.99
OI009298,O006083,P148,1,59.99,0.0,59.99
OI009299,O006083,P084,1,14.99,0.0,14.99
OI009300,O006083,P076,1,49.99,0.0,49.99
OI009301,O006084,P029,1,49.99,0.0,49.99
OI009302,O006085,P088,1,83.99,0.0,83.99
OI009303,O006085,P084,1,14.99,0.0,14.99
OI009304,O006085,P052,1,229.99,0.0,229.99
OI009305,O006085,P081,1,58.99,0.0,58.99
OI009306,O006086,P084,1,14.99,0.0,14.99
OI009307,O006086,P106,1,29.99,0.0,29.99
OI009308,O006086,P009,1,299.99,0.0,299.99
OI009309,O006086,P107,1,99.99,0.0,99.99
OI009310,O006087,P078,1,14.99,0.0,14.99
OI009311,O006088,P158,1,449.99,0.0,449.99
OI009312,O006089,P156,1,249.99,0.0,249.99
OI009313,O006090,P019,1,299.99,0.0,299.99
OI009314,O006091,P072,1,89.99,0.0,89.99
OI009315,O006091,P128,1,59.99,0.0,59.99
OI009316,O006092,P009,1,299.99,0.0,299.99
OI009317,O006093,P050,1,799.99,0.0,799.99
OI009318,O006094,P052,1,229.99,0.0,229.99
OI009319,O006095,P076,1,49.99,0.0,49.99
OI009320,O006096,P103,1,19.99,0.0,19.99
OI009321,O006097,P111,1,99.99,0.0,99.99
OI009322,O006098,P136,1,44.99,0.0,44.99
OI009323,O006099,P148,1,59.99,0.0,59.99
OI009324,O006099,P132,1,39.99,0.0,39.99
OI009325,O006100,P087,1,349.99,0.0,349.99
OI009326,O006101,P142,1,19.99,0.0,19.99
OI009327,O006101,P066,2,94.99,0.0,189.98
OI009328,O006102,P001,1,49.99,0.0,49.99
OI009329,O006103,P076,1,49.99,0.0,49.99
OI009330,O006103,P098,1,199.99,0.0,199.99
OI009331,O006103,P084,1,14.99,0.0,14.99
OI009332,O006104,P030,1,59.99,0.0,59.99
OI009333,O006104,P104,1,59.99,0.0,59.99
OI009334,O006105,P001,1,49.99,0.0,49.99
OI009335,O006105,P016,1,399.99,0.0,399.99
OI009336,O006106,P120,1,89.99,0.0,89.99
OI009337,O006107,P016,1,399.99,0.0,399.99
OI009338,O006107,P125,1,49.99,0.0,49.99
OI009339,O006108,P103,1,19.99,0.0,19.99
OI009340,O006109,P064,1,59.99,0.0,59.99
OI009341,O006110,P120,1,89.99,0.0,89.99
OI009342,O006110,P122,1,29.99,0.0,29.99
OI009343,O006110,P103,1,19.99,0.0,19.99
OI009344,O006110,P089,1,59.99,0.0,59.99
OI009345,O006111,P083,2,99.99,0.0,199.98
OI009346,O006112,P081,1,58.99,0.0,58.99
OI009347,O006113,P125,1,49.99,0.0,49.99
OI009348,O006113,P126,1,19.99,0.0,19.99
OI009349,O006114,P077,1,199.99,0.0,199.99
OI009350,O006115,P105,1,38.99,0.0,38.99
OI009351,O006116,P152,1,899.99,0.0,899.99
OI009352,O006117,P121,1,128.99,0.0,128.99
OI009353,O006118,P027,1,89.99,0.0,89.99
OI009354,O006119,P088,1,83.99,0.0,83.99
OI009355,O006120,P053,1,299.99,0.0,299.99
OI009356,O006120,P081,2,58.99,0.0,117.98
OI009357,O006121,P004,1,129.99,0.0,129.99
OI009358,O006122,P070,3,69.99,0.0,209.97
OI009359,O006122,P083,1,99.99,0.0,99.99
OI009360,O006122,P155,2,79.99,0.0,159.98
OI009361,O006123,P101,1,49.99,0.0,49.99
OI009362,O006124,P134,1,34.99,0.0,34.99
OI009363,O006124,P133,1,99.99,0.0,99.99
OI009364,O006125,P006,1,39.99,0.0,39.99
OI009365,O006126,P051,1,89.99,0.0,89.99
OI009366,O006127,P019,1,299.99,0.0,299.99
OI009367,O006128,P031,1,139.99,0.0,139.99
OI009368,O006129,P015,1,199.99,0.0,199.99
OI009369,O006129,P115,1,49.99,0.0,49.99
OI009370,O006130,P076,1,49.99,0.0,49.99
OI009371,O006131,P071,1,189.99,0.0,189.99
OI009372,O006132,P146,2,24.99,0.0,49.98
OI009373,O006133,P002,1,89.99,0.0,89.99
OI009374,O006134,P047,1,149.99,0.0,149.99
OI009375,O006135,P164,1,29.99,0.0,29.99
OI009376,O006136,P130,1,24.99,0.0,24.99
OI009377,O006136,P023,1,199.99,0.0,199.99
OI009378,O006136,P066,1,94.99,0.0,94.99
OI009379,O006137,P167,1,59.99,0.0,59.99
OI009380,O006138,P105,1,38.99,0.0,38.99
OI009381,O006139,P154,2,349.99,0.0,699.98
OI009382,O006139,P120,2,89.99,0.0,179.98
OI009383,O006140,P101,1,49.99,0.0,49.99
OI009384,O006141,P016,1,399.99,0.0,399.99
OI009385,O006141,P155,1,79.99,0.0,79.99
OI009386,O006142,P081,2,58.99,0.0,117.98
OI009387,O006143,P033,1,79.99,0.0,79.99
OI009388,O006143,P106,1,29.99,0.0,29.99
OI009389,O006143,P019,1,299.99,0.0,299.99
OI009390,O006143,P148,1,59.99,0.0,59.99
OI009391,O006144,P147,1,54.99,0.0,54.99
OI009392,O006144,P081,1,58.99,0.0,58.99
OI009393,O006144,P115,1,49.99,0.0,49.99
OI009394,O006145,P003,1,129.99,0.0,129.99
OI009395,O006146,P142,2,19.99,0.0,39.98
OI009396,O006147,P065,2,39.99,0.0,79.98
OI009397,O006147,P099,1,29.99,0.0,29.99
OI009398,O006148,P142,1,19.99,0.0,19.99
OI009399,O006148,P016,1,399.99,0.0,399.99
OI009400,O006148,P087,2,349.99,0.0,699.98
OI009401,O006149,P128,1,59.99,0.0,59.99
OI009402,O006150,P130,1,24.99,0.0,24.99
OI009403,O006150,P128,1,59.99,0.0,59.99
OI009404,O006151,P154,1,349.99,0.0,349.99
OI009405,O006152,P087,1,349.99,0.0,349.99
OI009406,O006153,P100,1,79.99,0.0,79.99
OI009407,O006153,P145,1,69.99,0.0,69.99
OI009408,O006153,P092,1,69.99,0.0,69.99
OI009409,O006154,P035,1,999.99,0.0,999.99
OI009410,O006155,P008,1,79.99,0.0,79.99
OI009411,O006155,P072,1,89.99,0.0,89.99
OI009412,O006156,P003,1,129.99,0.0,129.99
OI009413,O006157,P076,1,49.99,0.0,49.99
OI009414,O006158,P014,1,449.99,0.0,449.99
OI009415,O006158,P021,1,179.99,0.0,179.99
OI009416,O006159,P072,1,89.99,0.0,89.99
OI009417,O006159,P123,1,99.99,0.0,99.99
OI009418,O006160,P101,1,49.99,0.0,49.99
OI009419,O006161,P081,1,58.99,0.0,58.99
OI009420,O006161,P036,1,1299.99,0.0,1299.99
OI009421,O006162,P157,1,149.99,0.0,149.99
OI009422,O006163,P092,1,69.99,0.0,69.99
OI009423,O006163,P118,1,219.99,0.0,219.99
OI009424,O006164,P150,1,25.99,0.0,25.99
OI009425,O006165,P084,1,14.99,0.0,14.99
OI009426,O006166,P003,1,129.99,0.0,129.99
OI009427,O006167,P084,1,14.99,0.0,14.99
OI009428,O006168,P023,1,199.99,0.0,199.99
OI009429,O006169,P091,1,19.99,0.0,19.99
OI009430,O006170,P146,1,24.99,0.0,24.99
OI009431,O006171,P078,1,14.99,0.0,14.99
OI009432,O006172,P146,1,24.99,0.0,24.99
OI009433,O006173,P015,2,199.99,0.0,399.98
OI009434,O006173,P076,1,49.99,0.0,49.99
OI009435,O006173,P016,1,399.99,0.0,399.99
OI009436,O006174,P120,1,89.99,0.0,89.99
OI009437,O006175,P126,1,19.99,0.0,19.99
OI009438,O006176,P058,1,379.99,0.0,379.99
OI009439,O006177,P072,2,89.99,0.0,179.98
OI009440,O006178,P123,1,99.99,0.0,99.99
OI009441,O006179,P031,1,139.99,0.0,139.99
OI009442,O006180,P146,1,24.99,0.0,24.99
OI009443,O006181,P087,1,349.99,0.0,349.99
OI009444,O006182,P126,1,19.99,0.0,19.99
OI009445,O006183,P148,1,59.99,0.0,59.99
OI009446,O006184,P067,1,149.99,0.0,149.99
OI009447,O006185,P137,1,109.99,0.0,109.99
OI009448,O006186,P097,1,49.99,0.0,49.99
OI009449,O006186,P115,1,49.99,0.0,49.99
OI009450,O006187,P060,1,139.99,0.0,139.99
OI009451,O006187,P020,1,79.99,0.0,79.99
OI009452,O006188,P030,1,59.99,0.0,59.99
OI009453,O006188,P009,1,299.99,0.0,299.99
OI009454,O006189,P148,1,59.99,0.0,59.99
OI009455,O006190,P167,1,59.99,0.0,59.99
OI009456,O006190,P066,1,94.99,0.0,94.99
OI009457,O006190,P089,1,59.99,0.0,59.99
OI009458,O006191,P120,1,89.99,0.0,89.99
OI009459,O006191,P022,1,69.99,0.0,69.99
OI009460,O006192,P151,1,399.99,0.0,399.99
OI009461,O006192,P158,1,449.99,0.0,449.99
OI009462,O006192,P098,1,199.99,0.0,199.99
OI009463,O006193,P155,1,79.99,0.0,79.99
OI009464,O006193,P074,1,19.99,0.0,19.99
OI009465,O006194,P083,1,99.99,0.0,99.99
OI009466,O006194,P120,1,89.99,0.0,89.99
OI009467,O006195,P054,1,649.99,0.0,649.99
OI009468,O006196,P076,1,49.99,0.0,49.99
OI009469,O006196,P155,1,79.99,0.0,79.99
OI009470,O006196,P083,1,99.99,0.0,99.99
OI009471,O006196,P063,1,39.99,0.0,39.99
OI009472,O006197,P121,1,128.99,0.0,128.99
OI009473,O006198,P143,1,49.99,0.0,49.99
OI009474,O006199,P077,1,199.99,0.0,199.99
OI009475,O006199,P143,1,49.99,0.0,49.99
OI009476,O006200,P086,1,129.99,0.0,129.99
OI009477,O006200,P101,1,49.99,0.0,49.99
OI009478,O006201,P129,1,149.99,0.0,149.99
OI009479,O006201,P079,2,49.99,0.0,99.98
OI009480,O006202,P119,1,29.99,0.0,29.99
OI009481,O006203,P116,1,149.99,0.0,149.99
OI009482,O006203,P115,1,49.99,0.0,49.99
OI009483,O006203,P080,1,38.99,0.0,38.99
OI009484,O006203,P003,1,129.99,0.0,129.99
OI009485,O006204,P094,1,179.99,0.0,179.99
OI009486,O006205,P076,2,49.99,0.0,99.98
OI009487,O006206,P064,1,59.99,0.0,59.99
OI009488,O006206,P085,1,39.99,0.0,39.99
OI009489,O006207,P079,1,49.99,0.0,49.99
OI009490,O006208,P065,1,39.99,0.0,39.99
OI009491,O006208,P112,1,39.99,0.0,39.99
OI009492,O006209,P145,1,69.99,0.0,69.99
OI009493,O006210,P104,1,59.99,0.0,59.99
OI009494,O006211,P105,1,38.99,0.0,38.99
OI009495,O006212,P013,1,149.99,0.0,149.99
OI009496,O006213,P033,1,79.99,0.0,79.99
OI009497,O006214,P120,1,89.99,0.0,89.99
OI009498,O006214,P039,1,169.99,0.0,169.99
OI009499,O006215,P002,1,89.99,0.0,89.99
OI009500,O006216,P105,1,38.99,0.0,38.99
OI009501,O006217,P075,1,69.99,0.0,69.99
OI009502,O006218,P015,1,199.99,0.0,199.99
OI009503,O006218,P060,1,139.99,0.0,139.99
OI009504,O006218,P071,1,189.99,0.0,189.99
OI009505,O006218,P081,2,58.99,0.0,117.98
OI009506,O006219,P094,1,179.99,0.0,179.99
OI009507,O006219,P072,1,89.99,0.0,89.99
OI009508,O006220,P018,1,89.99,0.0,89.99
OI009509,O006220,P159,1,55.99,0.0,55.99
OI009510,O006221,P146,1,24.99,0.0,24.99
OI009511,O006222,P030,1,59.99,0.0,59.99
OI009512,O006223,P060,1,139.99,0.0,139.99
OI009513,O006224,P139,1,89.99,0.0,89.99
OI009514,O006225,P032,1,29.99,0.0,29.99
OI009515,O006226,P115,1,49.99,0.0,49.99
OI009516,O006226,P118,1,219.99,0.0,219.99
OI009517,O006227,P110,1,29.99,0.0,29.99
OI009518,O006227,P128,1,59.99,0.0,59.99
OI009519,O006227,P100,1,79.99,0.0,79.99
OI009520,O006228,P104,1,59.99,0.0,59.99
OI009521,O006229,P077,1,199.99,0.0,199.99
OI009522,O006229,P011,1,229.99,0.0,229.99
OI009523,O006230,P072,1,89.99,0.0,89.99
OI009524,O006231,P016,1,399.99,0.0,399.99
OI009525,O006231,P030,1,59.99,0.0,59.99
OI009526,O006232,P120,1,89.99,0.0,89.99
OI009527,O006232,P092,1,69.99,0.0,69.99
OI009528,O006233,P019,1,299.99,0.0,299.99
OI009529,O006234,P143,1,49.99,0.0,49.99
OI009530,O006235,P063,1,39.99,0.0,39.99
OI009531,O006236,P021,1,179.99,0.0,179.99
OI009532,O006236,P001,1,49.99,0.0,49.99
OI009533,O006237,P116,2,149.99,0.0,299.98
OI009534,O006237,P084,1,14.99,0.0,14.99
OI009535,O006237,P060,1,139.99,0.0,139.99
OI009536,O006238,P141,1,99.99,0.0,99.99
OI009537,O006239,P072,1,89.99,0.0,89.99
OI009538,O006239,P066,1,94.99,0.0,94.99
OI009539,O006240,P112,1,39.99,0.0,39.99
OI009540,O006240,P060,1,139.99,0.0,139.99
OI009541,O006241,P134,1,34.99,0.0,34.99
OI009542,O006242,P075,1,69.99,0.0,69.99
OI009543,O006242,P001,1,49.99,0.0,49.99
OI009544,O006243,P140,1,39.99,0.0,39.99
OI009545,O006244,P121,1,128.99,0.0,128.99
OI009546,O006245,P087,1,349.99,0.0,349.99
OI009547,O006245,P028,1,19.99,0.0,19.99
