account_id,customer_id,branch_id,account_type,product_name,opened_date,closed_date,status,credit_limit
A000001,C00003,BR03,checking,Everyday Checking,1991-10-01,2025-07-28,closed,
A000002,C00001,BR08,checking,Everyday Checking,1991-10-03,2026-06-26,closed,
A000003,C00004,BR02,checking,Everyday Checking,1991-10-10,,open,
A000004,C00006,BR16,checking,Everyday Checking,1991-10-11,,open,
A000005,C00005,BR05,checking,Everyday Checking,1991-10-12,,open,
A000006,C00007,BR06,checking,Everyday Checking,1992-11-06,,open,
A000007,C00005,BR03,savings,Basic Savings,1993-02-10,,open,
A000008,C00008,BR05,checking,Everyday Checking,1993-08-28,,open,
A000009,C00009,BR16,checking,Everyday Checking,1994-08-08,,open,
A000010,C00003,BR14,credit_card,Harbor Rewards Card,1995-02-05,2025-07-07,closed,5000
A000011,C00011,BR08,checking,Everyday Checking,1995-07-02,,open,
A000012,C00010,BR03,checking,Everyday Checking,1995-07-05,,open,
A000013,C00003,BR03,savings,High-Yield Savings,1995-08-11,2025-07-10,closed,
A000014,C00012,BR10,checking,Everyday Checking,1996-06-15,,open,
A000015,C00027,BR03,checking,Premier Checking,1996-09-30,,open,
A000016,C00015,BR17,checking,Everyday Checking,1996-10-01,,open,
A000017,C00025,BR01,checking,Premier Checking,1996-10-01,,open,
A000018,C00029,BR04,checking,Premier Checking,1996-10-01,,open,
A000019,C00028,BR01,checking,Premier Checking,1996-10-02,,open,
A000020,C00018,BR05,checking,Everyday Checking,1996-10-05,,open,
A000021,C00016,BR07,checking,Everyday Checking,1996-10-06,,open,
A000022,C00023,BR18,checking,Premier Checking,1996-10-06,,open,
A000023,C00022,BR12,checking,Premier Checking,1996-10-07,,open,
A000024,C00014,BR04,checking,Everyday Checking,1996-10-08,,open,
A000025,C00020,BR18,checking,Premier Checking,1996-10-10,,open,
A000026,C00021,BR09,checking,Everyday Checking,1996-10-11,,open,
A000027,C00017,BR03,checking,Everyday Checking,1996-10-12,,open,
A000028,C00019,BR06,checking,Premier Checking,1996-10-12,2025-09-18,closed,
A000029,C00024,BR01,checking,Premier Checking,1996-10-12,,open,
A000030,C00024,BR01,credit_card,Harbor Rewards Card,1996-11-07,,open,25000
A000031,C00030,BR06,checking,Everyday Checking,1996-12-12,,open,
A000032,C00031,BR02,checking,Everyday Checking,1996-12-15,,open,
A000033,C00014,BR04,savings,Basic Savings,1996-12-24,,open,
A000034,C00027,BR03,savings,High-Yield Savings,1997-03-02,,open,
A000035,C00028,BR01,credit_card,Harbor Rewards Card,1997-04-21,,open,25000
A000036,C00032,BR05,checking,Everyday Checking,1998-02-04,,open,
A000037,C00018,BR12,savings,High-Yield Savings,1998-03-27,,open,
A000038,C00021,BR09,savings,High-Yield Savings,1998-04-27,,open,
A000039,C00010,BR03,savings,Basic Savings,1998-05-27,,open,
A000040,C00034,BR05,checking,Everyday Checking,1998-06-29,,open,
A000041,C00033,BR17,checking,Everyday Checking,1998-07-09,,open,
A000042,C00035,BR12,checking,Everyday Checking,1999-05-13,,open,
A000043,C00036,BR10,checking,Everyday Checking,1999-07-21,,open,
A000044,C00037,BR12,checking,Everyday Checking,1999-08-21,,open,
A000045,C00038,BR16,checking,Everyday Checking,1999-08-27,,open,
A000046,C00039,BR05,checking,Everyday Checking,1999-09-08,,open,
A000047,C00040,BR01,checking,Everyday Checking,1999-10-13,,open,
A000048,C00009,BR16,savings,Basic Savings,1999-10-17,,open,
A000049,C00041,BR02,checking,Everyday Checking,1999-11-12,,open,
A000050,C00011,BR08,savings,Basic Savings,1999-12-13,,open,
A000051,C00042,BR04,checking,Everyday Checking,2000-02-01,,open,
A000052,C00043,BR09,checking,Everyday Checking,2000-02-06,,open,
A000053,C00023,BR18,savings,High-Yield Savings,2000-03-05,,open,
A000054,C00044,BR01,checking,Everyday Checking,2000-06-04,,open,
A000055,C00045,BR07,checking,Everyday Checking,2000-06-30,,open,
A000056,C00046,BR01,checking,Everyday Checking,2000-08-14,,open,
A000057,C00047,BR09,checking,Everyday Checking,2000-10-28,,open,
A000058,C00048,BR11,checking,Everyday Checking,2000-11-30,,open,
A000059,C00033,BR02,credit_card,Harbor Rewards Card,2000-12-22,,open,11000
A000060,C00049,BR04,checking,Everyday Checking,2001-01-23,,open,
A000061,C00050,BR05,checking,Everyday Checking,2001-02-06,,open,
A000062,C00005,BR11,credit_card,Harbor Rewards Card,2001-03-04,,open,8000
A000063,C00051,BR03,checking,Everyday Checking,2001-06-05,,open,
A000064,C00030,BR17,credit_card,Harbor Rewards Card,2001-06-15,,open,21000
A000065,C00029,BR04,savings,Basic Savings,2001-07-06,2025-12-29,closed,
A000066,C00022,BR12,savings,Basic Savings,2001-07-09,,open,
A000067,C00052,BR01,checking,Everyday Checking,2001-07-21,,open,
A000068,C00053,BR04,checking,Everyday Checking,2001-07-29,,open,
A000069,C00054,BR07,checking,Premier Checking,2001-08-11,,open,
A000070,C00055,BR09,checking,Everyday Checking,2001-10-02,,open,
A000071,C00056,BR07,checking,Premier Checking,2002-01-27,,open,
A000072,C00036,BR10,savings,High-Yield Savings,2002-02-06,,open,
A000073,C00058,BR05,checking,Everyday Checking,2002-04-07,,open,
A000074,C00059,BR05,checking,Everyday Checking,2002-04-29,,open,
A000075,C00060,BR02,checking,Premier Checking,2002-05-03,2026-01-30,closed,
A000076,C00030,BR06,savings,Basic Savings,2002-05-04,,open,
A000077,C00061,BR02,checking,Everyday Checking,2002-05-13,,open,
A000078,C00062,BR14,checking,Everyday Checking,2002-06-10,,open,
A000079,C00002,BR02,savings,Basic Savings,2002-06-29,,open,
A000080,C00010,BR03,credit_card,Harbor Rewards Card,2002-07-05,,open,9000
A000081,C00063,BR17,checking,Premier Checking,2002-07-07,,open,
A000082,C00064,BR02,checking,Everyday Checking,2002-07-22,,open,
A000083,C00065,BR01,checking,Premier Checking,2002-07-29,,open,
A000084,C00035,BR12,savings,Basic Savings,2002-08-02,,open,
A000085,C00066,BR05,checking,Everyday Checking,2002-08-30,,open,
A000086,C00067,BR15,checking,Everyday Checking,2002-09-12,,open,
A000087,C00069,BR05,checking,Premier Checking,2002-11-01,,open,
A000088,C00022,BR08,credit_card,Harbor Rewards Card,2002-11-04,,open,25000
A000089,C00070,BR01,checking,Everyday Checking,2002-11-13,,open,
A000090,C00071,BR17,checking,Everyday Checking,2002-11-28,,open,
A000091,C00072,BR03,checking,Everyday Checking,2003-01-14,,open,
A000092,C00073,BR11,checking,Everyday Checking,2003-01-29,,open,
A000093,C00004,BR02,credit_card,Harbor Rewards Card,2003-03-09,,open,16000
A000094,C00074,BR01,checking,Everyday Checking,2003-03-26,,open,
A000095,C00075,BR05,checking,Everyday Checking,2003-05-08,,open,
A000096,C00076,BR14,checking,Everyday Checking,2003-06-16,,open,
A000097,C00077,BR15,checking,Everyday Checking,2003-06-29,,open,
A000098,C00078,BR15,checking,Everyday Checking,2003-07-11,,open,
A000099,C00079,BR11,checking,Everyday Checking,2003-08-06,,open,
A000100,C00080,BR12,checking,Everyday Checking,2003-08-12,,open,
A000101,C00069,BR05,savings,High-Yield Savings,2003-09-15,,open,
A000102,C00081,BR07,checking,Everyday Checking,2003-12-18,,open,
A000103,C00082,BR15,checking,Everyday Checking,2004-01-16,,open,
A000104,C00083,BR17,checking,Everyday Checking,2004-03-12,,open,
A000105,C00084,BR05,checking,Everyday Checking,2004-03-14,,open,
A000106,C00077,BR15,savings,Basic Savings,2004-03-20,,open,
A000107,C00085,BR06,checking,Premier Checking,2004-03-23,,open,
A000108,C00086,BR18,checking,Everyday Checking,2004-04-04,,open,
A000109,C00088,BR01,checking,Everyday Checking,2004-04-23,,open,
A000110,C00081,BR07,savings,Basic Savings,2004-05-07,,open,
A000111,C00024,BR01,savings,High-Yield Savings,2004-05-18,,open,
A000112,C00089,BR14,checking,Everyday Checking,2004-06-06,,open,
A000113,C00039,BR05,credit_card,Harbor Rewards Card,2004-07-08,,open,7000
A000114,C00086,BR18,credit_card,Harbor Rewards Card,2004-07-09,,open,25000
A000115,C00055,BR09,savings,High-Yield Savings,2004-08-06,,open,
A000116,C00090,BR13,checking,Everyday Checking,2004-08-06,,open,
A000117,C00091,BR11,checking,Everyday Checking,2004-08-26,,open,
A000118,C00089,BR14,savings,Basic Savings,2004-10-11,,open,
A000119,C00092,BR15,checking,Everyday Checking,2004-11-21,,open,
A000120,C00093,BR02,checking,Everyday Checking,2004-12-25,,open,
A000121,C00059,BR05,credit_card,Harbor Rewards Card,2004-12-31,2025-11-14,closed,6000
A000122,C00094,BR13,checking,Everyday Checking,2005-01-30,,open,
A000123,C00095,BR12,checking,Premier Checking,2005-02-12,,open,
A000124,C00096,BR10,checking,Everyday Checking,2005-03-12,2025-10-01,closed,
A000125,C00088,BR01,savings,Basic Savings,2005-03-28,,open,
A000126,C00093,BR02,savings,Basic Savings,2005-04-07,,open,
A000127,C00097,BR03,checking,Everyday Checking,2005-04-30,,open,
A000128,C00098,BR11,checking,Everyday Checking,2005-05-14,,open,
A000129,C00099,BR10,checking,Everyday Checking,2005-05-30,,open,
A000130,C00001,BR08,credit_card,Harbor Rewards Card,2005-06-09,2026-06-28,closed,6500
A000131,C00026,BR12,savings,High-Yield Savings,2005-07-06,,open,
A000132,C00013,BR15,savings,Basic Savings,2005-07-08,,open,
A000133,C00080,BR12,savings,High-Yield Savings,2005-09-09,,open,
A000134,C00100,BR15,checking,Premier Checking,2005-09-11,,open,
A000135,C00101,BR13,checking,Everyday Checking,2005-09-25,,open,
A000136,C00102,BR13,checking,Everyday Checking,2005-09-27,,open,
A000137,C00103,BR01,checking,Everyday Checking,2005-11-01,,open,
A000138,C00104,BR01,checking,Everyday Checking,2005-12-30,,open,
A000139,C00105,BR10,checking,Everyday Checking,2005-12-31,,open,
A000140,C00106,BR16,checking,Everyday Checking,2006-01-11,,open,
A000141,C00107,BR01,checking,Everyday Checking,2006-01-14,,open,
A000142,C00057,BR16,savings,Basic Savings,2006-01-18,,open,
A000143,C00109,BR09,checking,Premier Checking,2006-01-24,,open,
A000144,C00108,BR15,checking,Premier Checking,2006-01-25,2025-06-03,closed,
A000145,C00110,BR05,checking,Everyday Checking,2006-01-30,,open,
A000146,C00111,BR07,checking,Everyday Checking,2006-02-04,,open,
A000147,C00112,BR04,checking,Everyday Checking,2006-02-06,,open,
A000148,C00113,BR14,checking,Everyday Checking,2006-02-09,,open,
A000149,C00092,BR15,savings,Basic Savings,2006-03-12,,open,
A000150,C00115,BR15,checking,Everyday Checking,2006-04-16,2025-11-19,closed,
A000151,C00114,BR10,checking,Everyday Checking,2006-04-17,,open,
A000152,C00095,BR07,savings,High-Yield Savings,2006-04-22,,open,
A000153,C00116,BR13,checking,Premier Checking,2006-04-27,,open,
A000154,C00117,BR04,checking,Everyday Checking,2006-06-20,2026-07-05,closed,
A000155,C00101,BR13,savings,Basic Savings,2006-06-29,,open,
A000156,C00103,BR01,savings,Basic Savings,2006-06-29,,open,
A000157,C00118,BR07,checking,Everyday Checking,2006-07-05,,open,
A000158,C00119,BR05,checking,Everyday Checking,2006-07-26,2026-03-24,closed,
A000159,C00025,BR06,savings,Basic Savings,2006-07-28,,open,
A000160,C00120,BR12,checking,Everyday Checking,2006-08-05,,open,
A000161,C00121,BR02,checking,Everyday Checking,2006-08-05,2025-07-02,closed,
A000162,C00082,BR11,savings,Basic Savings,2006-08-08,,open,
A000163,C00122,BR02,checking,Everyday Checking,2006-08-10,,open,
A000164,C00123,BR05,checking,Everyday Checking,2006-09-23,,open,
A000165,C00099,BR10,savings,Basic Savings,2006-09-24,,open,
A000166,C00079,BR06,savings,Basic Savings,2006-10-28,,open,
A000167,C00124,BR05,checking,Everyday Checking,2006-10-28,,open,
A000168,C00125,BR13,checking,Everyday Checking,2006-12-04,,open,
A000169,C00054,BR07,savings,High-Yield Savings,2006-12-29,,open,
A000170,C00104,BR01,savings,Basic Savings,2007-01-21,,open,
A000171,C00126,BR02,checking,Premier Checking,2007-01-23,,open,
A000172,C00074,BR01,savings,Basic Savings,2007-01-24,,open,
A000173,C00127,BR06,checking,Everyday Checking,2007-02-10,,open,
A000174,C00128,BR02,checking,Everyday Checking,2007-02-10,,open,
A000175,C00129,BR07,checking,Everyday Checking,2007-02-28,,open,
A000176,C00100,BR15,credit_card,Harbor Rewards Card,2007-03-18,,open,25000
A000177,C00130,BR04,checking,Everyday Checking,2007-04-12,,open,
A000178,C00131,BR02,checking,Everyday Checking,2007-04-13,,open,
A000179,C00116,BR13,savings,High-Yield Savings,2007-04-22,,open,
A000180,C00133,BR03,checking,Everyday Checking,2007-04-25,,open,
A000181,C00132,BR05,checking,Everyday Checking,2007-05-02,,open,
A000182,C00097,BR03,savings,Basic Savings,2007-05-18,,open,
A000183,C00067,BR15,credit_card,Harbor Rewards Card,2007-05-24,,open,13500
A000184,C00134,BR14,checking,Everyday Checking,2007-06-09,,open,
A000185,C00135,BR03,checking,Everyday Checking,2007-06-15,2026-03-23,closed,
A000186,C00070,BR01,savings,High-Yield Savings,2007-06-24,,open,
A000187,C00132,BR05,savings,Basic Savings,2007-07-01,,open,
A000188,C00136,BR03,checking,Everyday Checking,2007-07-22,2025-12-26,closed,
A000189,C00137,BR18,checking,Everyday Checking,2007-08-03,,open,
A000190,C00138,BR18,checking,Everyday Checking,2007-08-12,,open,
A000191,C00035,BR12,credit_card,Harbor Rewards Card,2007-09-24,,open,25000
A000192,C00114,BR10,savings,High-Yield Savings,2007-10-18,,open,
A000193,C00139,BR10,checking,Everyday Checking,2007-10-22,,open,
A000194,C00093,BR02,credit_card,Harbor Rewards Card,2007-11-12,,open,9500
A000195,C00142,BR14,checking,Everyday Checking,2007-11-21,,open,
A000196,C00140,BR02,checking,Everyday Checking,2007-11-22,,open,
A000197,C00141,BR11,checking,Everyday Checking,2007-11-23,,open,
A000198,C00143,BR09,checking,Everyday Checking,2007-11-30,,open,
A000199,C00038,BR16,credit_card,Harbor Rewards Card,2007-12-23,,open,25000
A000200,C00094,BR15,savings,Basic Savings,2008-01-22,,open,
A000201,C00130,BR04,savings,Basic Savings,2008-01-25,,open,
A000202,C00144,BR15,checking,Everyday Checking,2008-01-25,,open,
A000203,C00145,BR05,checking,Premier Checking,2008-02-02,,open,
A000204,C00146,BR07,checking,Everyday Checking,2008-02-04,,open,
A000205,C00147,BR16,checking,Everyday Checking,2008-02-22,,open,
A000206,C00148,BR04,checking,Everyday Checking,2008-02-23,2026-03-16,closed,
A000207,C00149,BR13,checking,Everyday Checking,2008-02-26,,open,
A000208,C00150,BR18,checking,Everyday Checking,2008-03-29,,open,
A000209,C00151,BR02,checking,Everyday Checking,2008-05-09,,open,
A000210,C00102,BR13,savings,Basic Savings,2008-05-12,,open,
A000211,C00152,BR06,checking,Everyday Checking,2008-06-05,,open,
A000212,C00153,BR06,checking,Everyday Checking,2008-06-18,,open,
A000213,C00154,BR17,checking,Everyday Checking,2008-07-03,,open,
A000214,C00155,BR15,checking,Premier Checking,2008-08-02,,open,
A000215,C00071,BR17,savings,High-Yield Savings,2008-09-01,,open,
A000216,C00098,BR11,credit_card,Harbor Secured Card,2008-09-11,,open,750
A000217,C00145,BR05,credit_card,Harbor Rewards Card,2008-09-11,,open,22500
A000218,C00138,BR01,savings,High-Yield Savings,2008-09-27,,open,
A000219,C00157,BR01,checking,Everyday Checking,2008-10-16,2026-04-30,closed,
A000220,C00158,BR13,checking,Everyday Checking,2008-11-05,,open,
A000221,C00159,BR02,checking,Everyday Checking,2008-11-07,,open,
A000222,C00160,BR05,checking,Everyday Checking,2008-11-12,,open,
A000223,C00161,BR01,checking,Premier Checking,2008-12-17,,open,
A000224,C00046,BR07,savings,Basic Savings,2008-12-18,,open,
A000225,C00162,BR12,checking,Everyday Checking,2009-01-20,,open,
A000226,C00038,BR16,savings,Basic Savings,2009-01-26,,open,
A000227,C00063,BR01,savings,High-Yield Savings,2009-02-08,,open,
A000228,C00163,BR08,checking,Everyday Checking,2009-02-28,,open,
A000229,C00164,BR02,checking,Everyday Checking,2009-03-23,,open,
A000230,C00156,BR10,savings,Basic Savings,2009-03-30,,open,
A000231,C00165,BR01,checking,Everyday Checking,2009-04-14,,open,
A000232,C00095,BR16,credit_card,Harbor Rewards Card,2009-05-07,,open,19500
A000233,C00141,BR11,savings,Basic Savings,2009-05-09,,open,
A000234,C00166,BR06,checking,Everyday Checking,2009-05-23,,open,
A000235,C00073,BR11,credit_card,Harbor Rewards Card,2009-06-18,,open,4000
A000236,C00110,BR05,savings,High-Yield Savings,2009-07-03,,open,
A000237,C00140,BR02,savings,Basic Savings,2009-07-24,,open,
A000238,C00167,BR13,checking,Everyday Checking,2009-08-05,,open,
A000239,C00168,BR04,checking,Everyday Checking,2009-08-09,,open,
A000240,C00169,BR02,checking,Premier Checking,2009-09-27,,open,
A000241,C00170,BR14,checking,Everyday Checking,2009-11-07,,open,
A000242,C00171,BR01,checking,Everyday Checking,2009-11-11,,open,
A000243,C00172,BR02,checking,Everyday Checking,2009-11-16,,open,
A000244,C00173,BR15,checking,Everyday Checking,2009-11-26,,open,
A000245,C00175,BR05,checking,Everyday Checking,2009-12-01,2026-06-27,closed,
A000246,C00174,BR14,checking,Premier Checking,2009-12-10,,open,
A000247,C00176,BR08,checking,Everyday Checking,2009-12-20,,open,
A000248,C00133,BR03,savings,Basic Savings,2010-01-04,,open,
A000249,C00033,BR02,savings,Basic Savings,2010-01-22,,open,
A000250,C00177,BR14,checking,Everyday Checking,2010-01-26,,open,
A000251,C00180,BR10,checking,Everyday Checking,2010-02-08,,open,
A000252,C00179,BR10,checking,Everyday Checking,2010-02-17,,open,
A000253,C00181,BR05,checking,Premier Checking,2010-03-19,2026-06-21,closed,
A000254,C00182,BR02,checking,Premier Checking,2010-03-22,,open,
A000255,C00187,BR01,checking,Everyday Checking,2010-03-25,,open,
A000256,C00183,BR07,checking,Everyday Checking,2010-03-26,,open,
A000257,C00186,BR06,checking,Everyday Checking,2010-03-26,,open,
A000258,C00185,BR05,checking,Everyday Checking,2010-03-30,,open,
A000259,C00184,BR10,checking,Premier Checking,2010-03-31,,open,
A000260,C00188,BR03,checking,Everyday Checking,2010-04-30,,open,
A000261,C00190,BR02,checking,Everyday Checking,2010-05-12,,open,
A000262,C00189,BR02,checking,Everyday Checking,2010-05-18,,open,
A000263,C00100,BR15,savings,Basic Savings,2010-05-21,,open,
A000264,C00064,BR02,credit_card,Harbor Rewards Card,2010-05-27,,open,2500
A000265,C00097,BR03,credit_card,Harbor Rewards Card,2010-05-29,,open,10000
A000266,C00191,BR05,checking,Everyday Checking,2010-06-07,,open,
A000267,C00087,BR02,savings,High-Yield Savings,2010-06-12,,open,
A000268,C00193,BR16,checking,Everyday Checking,2010-06-26,,open,
A000269,C00194,BR02,checking,Premier Checking,2010-06-30,,open,
A000270,C00195,BR01,checking,Everyday Checking,2010-07-06,,open,
A000271,C00187,BR01,credit_card,Harbor Rewards Card,2010-07-07,,open,17000
A000272,C00111,BR07,credit_card,Harbor Rewards Card,2010-07-23,,open,11500
A000273,C00196,BR11,checking,Everyday Checking,2010-07-28,,open,
A000274,C00197,BR11,checking,Everyday Checking,2010-07-29,,open,
A000275,C00146,BR07,savings,Basic Savings,2010-08-04,,open,
A000276,C00199,BR01,checking,Everyday Checking,2010-08-04,,open,
A000277,C00198,BR03,checking,Everyday Checking,2010-08-08,2026-04-10,closed,
A000278,C00184,BR10,savings,High-Yield Savings,2010-09-09,,open,
A000279,C00185,BR05,savings,High-Yield Savings,2010-09-09,,open,
A000280,C00143,BR09,credit_card,Harbor Rewards Card,2010-09-10,,open,11500
A000281,C00071,BR17,credit_card,Harbor Rewards Card,2010-09-15,,open,21000
A000282,C00072,BR03,savings,Basic Savings,2010-10-02,,open,
A000283,C00200,BR05,checking,Everyday Checking,2010-10-18,,open,
A000284,C00179,BR06,credit_card,Harbor Rewards Card,2010-10-19,,open,10000
A000285,C00201,BR09,checking,Everyday Checking,2010-11-04,,open,
A000286,C00105,BR10,savings,Basic Savings,2010-11-11,,open,
A000287,C00202,BR02,checking,Everyday Checking,2010-11-11,,open,
A000288,C00204,BR12,checking,Everyday Checking,2010-11-25,,open,
A000289,C00149,BR13,savings,Basic Savings,2010-11-28,,open,
A000290,C00203,BR05,checking,Everyday Checking,2010-11-28,,open,
A000291,C00199,BR01,credit_card,Harbor Rewards Card,2010-12-10,,open,4500
A000292,C00205,BR05,checking,Everyday Checking,2010-12-13,,open,
A000293,C00206,BR01,checking,Everyday Checking,2010-12-14,,open,
A000294,C00207,BR09,checking,Everyday Checking,2010-12-23,,open,
A000295,C00208,BR08,checking,Everyday Checking,2010-12-28,,open,
A000296,C00209,BR05,checking,Everyday Checking,2010-12-29,,open,
A000297,C00083,BR17,savings,Basic Savings,2011-01-07,,open,
A000298,C00210,BR01,checking,Everyday Checking,2011-01-13,,open,
A000299,C00152,BR06,savings,Basic Savings,2011-02-13,,open,
A000300,C00212,BR09,checking,Everyday Checking,2011-02-13,,open,
A000301,C00211,BR13,checking,Everyday Checking,2011-02-14,2026-02-20,closed,
A000302,C00175,BR05,savings,Basic Savings,2011-02-15,2026-06-02,closed,
A000303,C00026,BR12,credit_card,Harbor Rewards Card,2011-03-18,,open,25000
A000304,C00163,BR08,savings,Basic Savings,2011-04-15,,open,
A000305,C00213,BR05,checking,Everyday Checking,2011-04-20,,open,
A000306,C00158,BR13,savings,Basic Savings,2011-04-21,,open,
A000307,C00206,BR01,savings,High-Yield Savings,2011-04-24,,open,
A000308,C00214,BR06,checking,Premier Checking,2011-05-02,,open,
A000309,C00215,BR05,checking,Everyday Checking,2011-05-11,,open,
A000310,C00216,BR06,checking,Everyday Checking,2011-05-15,,open,
A000311,C00217,BR11,checking,Everyday Checking,2011-05-23,,open,
A000312,C00086,BR18,savings,High-Yield Savings,2011-06-08,,open,
A000313,C00211,BR13,savings,Basic Savings,2011-06-15,2026-02-18,closed,
A000314,C00218,BR12,checking,Everyday Checking,2011-07-05,,open,
A000315,C00219,BR06,checking,Everyday Checking,2011-07-11,,open,
A000316,C00220,BR10,checking,Everyday Checking,2011-07-11,,open,
A000317,C00221,BR03,checking,Everyday Checking,2011-07-17,,open,
A000318,C00222,BR10,checking,Everyday Checking,2011-07-20,,open,
A000319,C00223,BR07,checking,Everyday Checking,2011-07-21,,open,
A000320,C00224,BR03,checking,Premier Checking,2011-08-03,,open,
A000321,C00008,BR05,credit_card,Harbor Rewards Card,2011-08-29,,open,8000
A000322,C00225,BR01,checking,Everyday Checking,2011-08-29,,open,
A000323,C00226,BR12,checking,Everyday Checking,2011-09-02,,open,
A000324,C00227,BR03,checking,Everyday Checking,2011-09-03,,open,
A000325,C00144,BR15,savings,High-Yield Savings,2011-09-17,,open,
A000326,C00194,BR02,credit_card,Harbor Rewards Card,2011-10-21,,open,17500
A000327,C00229,BR02,checking,Everyday Checking,2011-10-26,,open,
A000328,C00141,BR11,credit_card,Harbor Secured Card,2011-11-05,,open,1250
A000329,C00230,BR06,checking,Everyday Checking,2011-11-11,,open,
A000330,C00179,BR13,savings,Basic Savings,2011-11-20,,open,
A000331,C00230,BR02,savings,Basic Savings,2011-11-26,,open,
A000332,C00171,BR01,savings,High-Yield Savings,2011-12-22,,open,
A000333,C00231,BR16,checking,Everyday Checking,2011-12-25,,open,
A000334,C00134,BR14,credit_card,Harbor Secured Card,2011-12-30,,open,500
A000335,C00214,BR06,credit_card,Harbor Rewards Card,2012-01-05,,open,21500
A000336,C00232,BR08,checking,Everyday Checking,2012-01-09,,open,
A000337,C00223,BR07,savings,High-Yield Savings,2012-01-14,,open,
A000338,C00233,BR02,checking,Everyday Checking,2012-01-23,,open,
A000339,C00234,BR06,checking,Everyday Checking,2012-01-30,,open,
A000340,C00235,BR07,checking,Everyday Checking,2012-02-10,,open,
A000341,C00126,BR02,credit_card,Harbor Rewards Card,2012-02-13,,open,12500
A000342,C00191,BR05,savings,Basic Savings,2012-02-24,,open,
A000343,C00236,BR01,checking,Everyday Checking,2012-03-03,,open,
A000344,C00237,BR05,checking,Everyday Checking,2012-03-03,,open,
A000345,C00238,BR06,checking,Everyday Checking,2012-03-13,,open,
A000346,C00155,BR15,savings,High-Yield Savings,2012-03-19,,open,
A000347,C00232,BR15,savings,High-Yield Savings,2012-03-29,,open,
A000348,C00202,BR02,savings,Basic Savings,2012-04-04,,open,
A000349,C00240,BR16,checking,Everyday Checking,2012-04-22,,open,
A000350,C00197,BR11,savings,Basic Savings,2012-05-05,,open,
A000351,C00241,BR15,checking,Everyday Checking,2012-05-14,,open,
A000352,C00108,BR13,credit_card,Harbor Rewards Card,2012-05-29,2025-07-12,closed,25000
A000353,C00211,BR13,credit_card,Harbor Rewards Card,2012-05-30,2026-02-09,closed,7500
A000354,C00228,BR12,credit_card,Harbor Rewards Card,2012-06-03,,open,25000
A000355,C00139,BR10,savings,Basic Savings,2012-06-04,,open,
A000356,C00242,BR01,checking,Everyday Checking,2012-06-07,,open,
A000357,C00243,BR11,checking,Everyday Checking,2012-06-11,,open,
A000358,C00244,BR13,checking,Everyday Checking,2012-06-25,,open,
A000359,C00245,BR05,checking,Premier Checking,2012-07-12,,open,
A000360,C00161,BR01,savings,High-Yield Savings,2012-07-29,,open,
A000361,C00247,BR01,checking,Everyday Checking,2012-08-10,,open,
A000362,C00248,BR02,checking,Everyday Checking,2012-08-22,2025-10-24,closed,
A000363,C00249,BR02,checking,Everyday Checking,2012-08-25,,open,
A000364,C00250,BR18,checking,Everyday Checking,2012-08-25,,open,
A000365,C00233,BR14,savings,Basic Savings,2012-10-14,,open,
A000366,C00252,BR08,checking,Everyday Checking,2012-11-09,,open,
A000367,C00160,BR05,credit_card,Harbor Rewards Card,2012-11-13,,open,8000
A000368,C00253,BR14,checking,Everyday Checking,2012-11-17,,open,
A000369,C00012,BR10,savings,Basic Savings,2012-12-26,,open,
A000370,C00193,BR07,credit_card,Harbor Rewards Card,2013-01-13,,open,25000
A000371,C00178,BR12,credit_card,Harbor Rewards Card,2013-01-17,,open,15500
A000372,C00255,BR06,checking,Everyday Checking,2013-01-26,,open,
A000373,C00257,BR10,checking,Everyday Checking,2013-02-13,,open,
A000374,C00258,BR16,checking,Everyday Checking,2013-02-13,,open,
A000375,C00221,BR03,savings,Basic Savings,2013-03-05,,open,
A000376,C00260,BR12,checking,Everyday Checking,2013-03-12,,open,
A000377,C00259,BR06,checking,Premier Checking,2013-03-15,,open,
A000378,C00192,BR06,credit_card,Harbor Rewards Card,2013-04-20,,open,21500
A000379,C00262,BR10,checking,Everyday Checking,2013-05-01,,open,
A000380,C00178,BR12,savings,Basic Savings,2013-05-05,,open,
A000381,C00006,BR16,savings,Basic Savings,2013-05-09,,open,
A000382,C00221,BR03,credit_card,Harbor Secured Card,2013-05-10,,open,500
A000383,C00263,BR02,checking,Premier Checking,2013-05-18,,open,
A000384,C00201,BR09,savings,Basic Savings,2013-05-21,,open,
A000385,C00240,BR14,savings,High-Yield Savings,2013-05-26,,open,
A000386,C00264,BR07,checking,Everyday Checking,2013-05-31,,open,
A000387,C00133,BR03,credit_card,Harbor Rewards Card,2013-06-02,,open,25000
A000388,C00220,BR10,credit_card,Harbor Rewards Card,2013-06-11,,open,4500
A000389,C00266,BR04,checking,Everyday Checking,2013-07-01,,open,
A000390,C00251,BR11,savings,Basic Savings,2013-07-08,,open,
A000391,C00267,BR01,checking,Everyday Checking,2013-07-08,,open,
A000392,C00057,BR16,credit_card,Harbor Rewards Card,2013-07-10,,open,16500
A000393,C00268,BR05,checking,Everyday Checking,2013-07-17,,open,
A000394,C00032,BR11,savings,Basic Savings,2013-07-21,2026-05-29,closed,
A000395,C00269,BR09,checking,Everyday Checking,2013-07-30,,open,
A000396,C00048,BR11,savings,Basic Savings,2013-08-12,,open,
A000397,C00271,BR09,checking,Everyday Checking,2013-08-12,,open,
A000398,C00272,BR12,checking,Everyday Checking,2013-08-17,,open,
A000399,C00244,BR14,savings,Basic Savings,2013-08-18,,open,
A000400,C00274,BR07,checking,Everyday Checking,2013-08-30,,open,
A000401,C00273,BR05,checking,Everyday Checking,2013-09-01,,open,
A000402,C00219,BR06,credit_card,Harbor Rewards Card,2013-09-15,,open,5500
A000403,C00275,BR11,checking,Everyday Checking,2013-09-15,2026-08-23,closed,
A000404,C00276,BR04,checking,Everyday Checking,2013-09-30,,open,
A000405,C00278,BR09,checking,Everyday Checking,2013-10-05,,open,
A000406,C00277,BR01,checking,Everyday Checking,2013-10-06,,open,
A000407,C00282,BR01,checking,Everyday Checking,2013-10-10,,open,
A000408,C00280,BR15,checking,Everyday Checking,2013-10-11,,open,
A000409,C00281,BR10,checking,Premier Checking,2013-10-13,,open,
A000410,C00279,BR17,checking,Everyday Checking,2013-10-15,,open,
A000411,C00283,BR18,checking,Everyday Checking,2013-11-03,,open,
A000412,C00284,BR04,checking,Premier Checking,2013-11-10,,open,
A000413,C00285,BR16,checking,Everyday Checking,2013-11-17,,open,
A000414,C00224,BR03,savings,High-Yield Savings,2013-11-20,,open,
A000415,C00269,BR17,savings,Basic Savings,2013-11-26,,open,
A000416,C00277,BR18,savings,Basic Savings,2013-12-01,,open,
A000417,C00212,BR09,credit_card,Harbor Rewards Card,2013-12-05,,open,12500
A000418,C00270,BR03,savings,High-Yield Savings,2013-12-10,,open,
A000419,C00286,BR06,checking,Everyday Checking,2013-12-15,,open,
A000420,C00287,BR03,checking,Everyday Checking,2013-12-18,,open,
A000421,C00288,BR01,checking,Everyday Checking,2013-12-22,,open,
A000422,C00167,BR10,savings,Basic Savings,2013-12-25,,open,
A000423,C00242,BR15,credit_card,Harbor Rewards Card,2013-12-30,,open,25000
A000424,C00290,BR02,checking,Everyday Checking,2014-01-12,,open,
A000425,C00291,BR06,checking,Everyday Checking,2014-01-30,,open,
A000426,C00218,BR12,savings,Basic Savings,2014-02-19,,open,
A000427,C00254,BR11,savings,Basic Savings,2014-02-20,,open,
A000428,C00292,BR07,checking,Everyday Checking,2014-02-20,,open,
A000429,C00293,BR04,checking,Everyday Checking,2014-03-18,,open,
A000430,C00294,BR06,checking,Everyday Checking,2014-03-22,,open,
A000431,C00181,BR05,savings,High-Yield Savings,2014-04-01,2026-06-09,closed,
A000432,C00243,BR11,credit_card,Harbor Rewards Card,2014-04-04,,open,18000
A000433,C00289,BR01,savings,High-Yield Savings,2014-04-04,,open,
A000434,C00205,BR05,savings,Basic Savings,2014-04-09,,open,
A000435,C00296,BR05,checking,Everyday Checking,2014-04-24,,open,
A000436,C00297,BR18,checking,Everyday Checking,2014-04-24,,open,
A000437,C00295,BR10,checking,Everyday Checking,2014-04-25,2026-01-14,closed,
A000438,C00298,BR01,checking,Everyday Checking,2014-05-16,,open,
A000439,C00251,BR11,credit_card,Harbor Secured Card,2014-05-21,,open,1250
A000440,C00299,BR10,checking,Premier Checking,2014-05-28,,open,
A000441,C00300,BR12,checking,Premier Checking,2014-06-09,2026-06-15,closed,
A000442,C00256,BR01,savings,Basic Savings,2014-06-21,,open,
A000443,C00301,BR12,checking,Everyday Checking,2014-06-22,,open,
A000444,C00303,BR04,checking,Premier Checking,2014-06-22,,open,
A000445,C00272,BR12,savings,Basic Savings,2014-06-27,,open,
A000446,C00263,BR02,credit_card,Harbor Rewards Card,2014-07-01,,open,25000
A000447,C00302,BR08,checking,Everyday Checking,2014-07-01,,open,
A000448,C00304,BR05,checking,Everyday Checking,2014-07-04,,open,
A000449,C00249,BR02,savings,Basic Savings,2014-07-11,,open,
A000450,C00195,BR01,savings,High-Yield Savings,2014-07-14,,open,
A000451,C00305,BR02,checking,Premier Checking,2014-07-25,,open,
A000452,C00177,BR14,savings,Basic Savings,2014-08-02,,open,
A000453,C00118,BR07,savings,Basic Savings,2014-08-04,,open,
A000454,C00284,BR04,credit_card,Harbor Rewards Card,2014-08-08,,open,15500
A000455,C00306,BR05,checking,Everyday Checking,2014-08-15,,open,
A000456,C00307,BR02,checking,Premier Checking,2014-08-21,,open,
A000457,C00304,BR05,savings,Basic Savings,2014-09-06,,open,
A000458,C00308,BR18,checking,Premier Checking,2014-09-06,,open,
A000459,C00309,BR05,checking,Everyday Checking,2014-09-15,,open,
A000460,C00311,BR07,checking,Everyday Checking,2014-09-20,,open,
A000461,C00313,BR01,checking,Premier Checking,2014-09-21,,open,
A000462,C00310,BR12,checking,Everyday Checking,2014-09-23,,open,
A000463,C00300,BR12,savings,High-Yield Savings,2014-10-02,2026-05-02,closed,
A000464,C00312,BR09,checking,Everyday Checking,2014-10-02,,open,
A000465,C00314,BR02,checking,Premier Checking,2014-10-05,,open,
A000466,C00316,BR07,checking,Premier Checking,2014-10-09,,open,
A000467,C00259,BR03,credit_card,Harbor Rewards Card,2014-10-10,,open,25000
A000468,C00286,BR06,savings,Basic Savings,2014-10-12,,open,
A000469,C00315,BR05,checking,Premier Checking,2014-10-12,,open,
A000470,C00065,BR01,savings,High-Yield Savings,2014-10-13,,open,
A000471,C00235,BR07,savings,Basic Savings,2014-10-14,,open,
A000472,C00317,BR06,checking,Everyday Checking,2014-10-16,,open,
A000473,C00320,BR12,checking,Everyday Checking,2014-10-20,,open,
A000474,C00321,BR02,checking,Everyday Checking,2014-10-24,,open,
A000475,C00318,BR08,checking,Everyday Checking,2014-10-26,,open,
A000476,C00319,BR10,checking,Everyday Checking,2014-10-26,,open,
A000477,C00324,BR05,checking,Everyday Checking,2014-10-28,,open,
A000478,C00322,BR12,checking,Everyday Checking,2014-10-31,,open,
A000479,C00310,BR12,savings,Basic Savings,2014-11-07,,open,
A000480,C00169,BR02,savings,Basic Savings,2014-11-08,,open,
A000481,C00323,BR03,checking,Everyday Checking,2014-11-08,,open,
A000482,C00325,BR16,checking,Everyday Checking,2014-11-20,,open,
A000483,C00237,BR05,savings,Basic Savings,2014-12-01,,open,
A000484,C00284,BR04,savings,High-Yield Savings,2014-12-03,,open,
A000485,C00305,BR02,savings,High-Yield Savings,2014-12-06,,open,
A000486,C00326,BR11,checking,Everyday Checking,2014-12-07,,open,
A000487,C00282,BR01,savings,Basic Savings,2014-12-21,,open,
A000488,C00327,BR03,checking,Everyday Checking,2015-01-01,,open,
A000489,C00328,BR02,checking,Premier Checking,2015-01-04,,open,
A000490,C00079,BR06,credit_card,Harbor Secured Card,2015-01-05,,open,500
A000491,C00199,BR01,savings,Basic Savings,2015-01-07,,open,
A000492,C00285,BR16,credit_card,Harbor Rewards Card,2015-01-08,,open,9500
A000493,C00279,BR17,savings,Basic Savings,2015-01-23,,open,
A000494,C00329,BR11,checking,Premier Checking,2015-01-26,,open,
A000495,C00330,BR05,checking,Premier Checking,2015-02-14,,open,
A000496,C00331,BR11,checking,Everyday Checking,2015-02-15,2026-05-12,closed,
A000497,C00329,BR04,credit_card,Harbor Rewards Card,2015-02-18,,open,16500
A000498,C00332,BR05,checking,Premier Checking,2015-02-27,,open,
A000499,C00091,BR11,credit_card,Harbor Secured Card,2015-02-28,,open,500
A000500,C00174,BR01,savings,High-Yield Savings,2015-03-09,,open,
A000501,C00333,BR01,checking,Everyday Checking,2015-03-19,,open,
A000502,C00334,BR07,checking,Everyday Checking,2015-03-26,,open,
A000503,C00335,BR06,checking,Premier Checking,2015-03-26,2026-06-25,closed,
A000504,C00336,BR05,checking,Everyday Checking,2015-04-08,,open,
A000505,C00338,BR13,checking,Everyday Checking,2015-04-22,,open,
A000506,C00337,BR11,checking,Everyday Checking,2015-04-25,,open,
A000507,C00339,BR07,checking,Premier Checking,2015-05-10,,open,
A000508,C00341,BR10,checking,Everyday Checking,2015-06-04,2025-10-09,closed,
A000509,C00340,BR16,checking,Everyday Checking,2015-06-07,,open,
A000510,C00342,BR16,checking,Everyday Checking,2015-06-20,,open,
A000511,C00343,BR14,checking,Everyday Checking,2015-06-24,,open,
A000512,C00344,BR01,checking,Everyday Checking,2015-07-08,,open,
A000513,C00316,BR01,credit_card,Harbor Rewards Card,2015-07-09,,open,11500
A000514,C00346,BR05,checking,Premier Checking,2015-07-18,,open,
A000515,C00347,BR01,checking,Everyday Checking,2015-07-23,,open,
A000516,C00345,BR05,checking,Everyday Checking,2015-07-29,,open,
A000517,C00349,BR05,checking,Premier Checking,2015-08-17,,open,
A000518,C00351,BR12,checking,Everyday Checking,2015-08-24,,open,
A000519,C00028,BR01,savings,High-Yield Savings,2015-08-26,,open,
A000520,C00261,BR15,savings,Basic Savings,2015-08-28,,open,
A000521,C00352,BR01,checking,Everyday Checking,2015-08-28,,open,
A000522,C00353,BR15,checking,Everyday Checking,2015-08-28,,open,
A000523,C00354,BR04,checking,Everyday Checking,2015-09-10,,open,
A000524,C00303,BR04,credit_card,Harbor Rewards Card,2015-09-13,,open,25000
A000525,C00356,BR08,checking,Everyday Checking,2015-09-14,,open,
A000526,C00355,BR07,checking,Everyday Checking,2015-09-17,,open,
A000527,C00246,BR18,credit_card,Harbor Rewards Card,2015-09-26,,open,5500
A000528,C00359,BR07,checking,Everyday Checking,2015-09-28,,open,
A000529,C00357,BR16,checking,Everyday Checking,2015-09-29,,open,
A000530,C00313,BR10,credit_card,Harbor Rewards Card,2015-10-03,,open,25000
A000531,C00358,BR01,checking,Premier Checking,2015-10-05,,open,
A000532,C00360,BR10,checking,Everyday Checking,2015-10-09,,open,
A000533,C00361,BR08,checking,Premier Checking,2015-10-17,,open,
A000534,C00303,BR04,savings,Basic Savings,2015-10-19,,open,
A000535,C00362,BR17,checking,Premier Checking,2015-10-31,,open,
A000536,C00147,BR01,credit_card,Harbor Rewards Card,2015-11-02,,open,25000
A000537,C00321,BR06,savings,High-Yield Savings,2015-11-10,,open,
A000538,C00365,BR18,checking,Everyday Checking,2015-11-12,,open,
A000539,C00364,BR07,checking,Premier Checking,2015-11-13,,open,
A000540,C00368,BR01,checking,Everyday Checking,2015-11-13,,open,
A000541,C00363,BR12,checking,Everyday Checking,2015-11-15,,open,
A000542,C00366,BR05,checking,Everyday Checking,2015-11-16,,open,
A000543,C00370,BR01,checking,Everyday Checking,2015-11-19,,open,
A000544,C00371,BR11,checking,Everyday Checking,2015-11-20,,open,
A000545,C00367,BR05,checking,Everyday Checking,2015-11-21,,open,
A000546,C00128,BR17,credit_card,Harbor Rewards Card,2015-11-26,,open,7000
A000547,C00369,BR07,checking,Everyday Checking,2015-11-29,,open,
A000548,C00372,BR01,checking,Premier Checking,2015-12-12,,open,
A000549,C00138,BR01,credit_card,Harbor Rewards Card,2015-12-19,,open,25000
A000550,C00373,BR09,checking,Everyday Checking,2015-12-25,,open,
A000551,C00375,BR02,checking,Everyday Checking,2016-01-14,,open,
A000552,C00258,BR16,savings,Basic Savings,2016-01-15,,open,
A000553,C00374,BR03,checking,Everyday Checking,2016-01-15,,open,
A000554,C00314,BR02,credit_card,Harbor Rewards Card,2016-01-17,,open,20500
A000555,C00350,BR01,savings,Basic Savings,2016-01-23,,open,
A000556,C00354,BR04,credit_card,Harbor Rewards Card,2016-01-23,,open,6000
A000557,C00376,BR16,checking,Everyday Checking,2016-01-23,,open,
A000558,C00295,BR10,savings,Basic Savings,2016-01-31,2026-01-14,closed,
A000559,C00377,BR05,checking,Everyday Checking,2016-02-08,,open,
A000560,C00378,BR02,checking,Everyday Checking,2016-02-24,,open,
A000561,C00379,BR03,checking,Everyday Checking,2016-03-06,,open,
A000562,C00228,BR12,savings,High-Yield Savings,2016-03-14,,open,
A000563,C00381,BR02,checking,Everyday Checking,2016-03-15,,open,
A000564,C00384,BR16,checking,Everyday Checking,2016-04-04,2026-05-26,closed,
A000565,C00385,BR01,checking,Everyday Checking,2016-04-05,,open,
A000566,C00382,BR06,checking,Everyday Checking,2016-04-07,,open,
A000567,C00383,BR06,checking,Everyday Checking,2016-04-10,,open,
A000568,C00386,BR06,checking,Everyday Checking,2016-04-18,,open,
A000569,C00129,BR07,savings,Basic Savings,2016-04-19,,open,
A000570,C00387,BR01,checking,Everyday Checking,2016-04-23,,open,
A000571,C00366,BR05,credit_card,Harbor Rewards Card,2016-04-25,,open,8000
A000572,C00389,BR03,checking,Premier Checking,2016-05-05,,open,
A000573,C00390,BR08,checking,Everyday Checking,2016-05-07,,open,
A000574,C00388,BR18,checking,Everyday Checking,2016-05-11,,open,
A000575,C00392,BR03,checking,Premier Checking,2016-05-11,,open,
A000576,C00393,BR06,checking,Everyday Checking,2016-05-12,,open,
A000577,C00391,BR01,checking,Premier Checking,2016-05-15,,open,
A000578,C00395,BR11,checking,Everyday Checking,2016-05-20,,open,
A000579,C00394,BR07,checking,Everyday Checking,2016-05-27,,open,
A000580,C00389,BR03,credit_card,Harbor Rewards Card,2016-06-06,,open,16000
A000581,C00384,BR16,credit_card,Harbor Rewards Card,2016-06-07,2026-04-15,closed,20000
A000582,C00396,BR09,checking,Everyday Checking,2016-06-15,,open,
A000583,C00397,BR02,checking,Everyday Checking,2016-06-28,2025-11-03,closed,
A000584,C00398,BR05,checking,Everyday Checking,2016-06-28,,open,
A000585,C00399,BR06,checking,Premier Checking,2016-06-29,,open,
A000586,C00400,BR05,checking,Everyday Checking,2016-07-03,,open,
A000587,C00061,BR02,savings,High-Yield Savings,2016-07-10,,open,
A000588,C00401,BR05,checking,Everyday Checking,2016-07-12,,open,
A000589,C00305,BR02,credit_card,Harbor Rewards Card,2016-07-17,,open,25000
A000590,C00398,BR05,credit_card,Harbor Rewards Card,2016-07-21,,open,17500
A000591,C00402,BR14,checking,Everyday Checking,2016-07-21,,open,
A000592,C00378,BR12,credit_card,Harbor Rewards Card,2016-07-22,,open,25000
A000593,C00403,BR17,checking,Everyday Checking,2016-07-30,,open,
A000594,C00177,BR05,credit_card,Harbor Rewards Card,2016-08-06,,open,10000
A000595,C00404,BR14,checking,Everyday Checking,2016-08-06,,open,
A000596,C00405,BR01,checking,Everyday Checking,2016-08-13,,open,
A000597,C00406,BR14,checking,Everyday Checking,2016-08-19,,open,
A000598,C00407,BR06,checking,Everyday Checking,2016-08-22,2026-09-30,closed,
A000599,C00364,BR07,savings,High-Yield Savings,2016-08-24,,open,
A000600,C00322,BR12,savings,Basic Savings,2016-09-02,,open,
A000601,C00307,BR02,savings,Basic Savings,2016-09-04,,open,
A000602,C00408,BR02,checking,Everyday Checking,2016-09-04,2026-07-30,closed,
A000603,C00153,BR06,savings,Basic Savings,2016-09-06,,open,
A000604,C00409,BR06,checking,Everyday Checking,2016-09-09,,open,
A000605,C00410,BR02,checking,Everyday Checking,2016-09-18,,open,
A000606,C00385,BR01,credit_card,Harbor Rewards Card,2016-09-19,,open,16500
A000607,C00411,BR06,checking,Everyday Checking,2016-09-19,,open,
A000608,C00413,BR11,checking,Everyday Checking,2016-09-22,,open,
A000609,C00414,BR06,checking,Premier Checking,2016-09-22,,open,
A000610,C00415,BR03,checking,Premier Checking,2016-09-22,,open,
A000611,C00412,BR07,checking,Everyday Checking,2016-09-27,,open,
A000612,C00416,BR02,checking,Everyday Checking,2016-09-28,,open,
A000613,C00291,BR06,savings,Basic Savings,2016-09-30,,open,
A000614,C00381,BR08,savings,Basic Savings,2016-09-30,,open,
A000615,C00380,BR16,savings,High-Yield Savings,2016-10-03,,open,
A000616,C00418,BR02,checking,Everyday Checking,2016-10-15,,open,
A000617,C00267,BR01,savings,High-Yield Savings,2016-10-26,,open,
A000618,C00420,BR09,checking,Everyday Checking,2016-10-26,,open,
A000619,C00268,BR05,savings,High-Yield Savings,2016-11-03,,open,
A000620,C00056,BR07,savings,High-Yield Savings,2016-11-06,,open,
A000621,C00338,BR13,savings,Basic Savings,2016-11-13,,open,
A000622,C00390,BR08,credit_card,Harbor Rewards Card,2016-11-18,,open,11000
A000623,C00266,BR04,savings,Basic Savings,2016-11-19,,open,
A000624,C00308,BR18,savings,High-Yield Savings,2016-11-20,,open,
A000625,C00421,BR06,checking,Everyday Checking,2016-11-21,,open,
A000626,C00254,BR11,credit_card,Harbor Rewards Card,2016-11-24,,open,25000
A000627,C00409,BR06,savings,Basic Savings,2016-11-25,,open,
A000628,C00422,BR11,checking,Everyday Checking,2016-11-29,,open,
A000629,C00423,BR14,checking,Premier Checking,2016-11-30,,open,
A000630,C00426,BR11,checking,Everyday Checking,2016-11-30,,open,
A000631,C00354,BR04,savings,Basic Savings,2016-12-01,,open,
A000632,C00265,BR10,credit_card,Harbor Rewards Card,2016-12-02,,open,25000
A000633,C00425,BR02,checking,Everyday Checking,2016-12-03,,open,
A000634,C00280,BR15,savings,High-Yield Savings,2016-12-04,,open,
A000635,C00424,BR12,checking,Everyday Checking,2016-12-05,,open,
A000636,C00427,BR07,checking,Everyday Checking,2016-12-13,,open,
A000637,C00428,BR12,checking,Everyday Checking,2016-12-14,,open,
A000638,C00430,BR06,checking,Everyday Checking,2016-12-17,2025-06-01,closed,
A000639,C00027,BR03,credit_card,Harbor Rewards Card,2016-12-19,,open,25000
A000640,C00238,BR06,credit_card,Harbor Rewards Card,2016-12-19,,open,25000
A000641,C00411,BR06,savings,Basic Savings,2016-12-25,,open,
A000642,C00429,BR06,checking,Premier Checking,2016-12-25,2026-09-12,closed,
A000643,C00424,BR12,savings,High-Yield Savings,2017-01-04,,open,
A000644,C00431,BR01,checking,Premier Checking,2017-01-05,,open,
A000645,C00432,BR18,checking,Everyday Checking,2017-01-05,,open,
A000646,C00414,BR06,credit_card,Harbor Rewards Card,2017-01-11,,open,10000
A000647,C00397,BR02,savings,Basic Savings,2017-01-12,2025-12-10,closed,
A000648,C00346,BR05,credit_card,Harbor Rewards Card,2017-01-14,,open,25000
A000649,C00362,BR17,savings,Basic Savings,2017-01-14,,open,
A000650,C00358,BR01,credit_card,Harbor Rewards Card,2017-01-15,,open,15000
A000651,C00433,BR03,checking,Everyday Checking,2017-01-23,,open,
A000652,C00318,BR08,savings,High-Yield Savings,2017-01-29,,open,
A000653,C00435,BR01,checking,Everyday Checking,2017-01-30,,open,
A000654,C00434,BR01,checking,Everyday Checking,2017-02-02,,open,
A000655,C00437,BR13,checking,Everyday Checking,2017-02-13,,open,
A000656,C00436,BR06,checking,Everyday Checking,2017-02-15,,open,
A000657,C00438,BR10,checking,Everyday Checking,2017-02-22,,open,
A000658,C00348,BR02,savings,Basic Savings,2017-02-23,,open,
A000659,C00405,BR01,savings,Basic Savings,2017-03-07,,open,
A000660,C00404,BR14,credit_card,Harbor Rewards Card,2017-03-13,,open,25000
A000661,C00439,BR02,checking,Everyday Checking,2017-03-13,,open,
A000662,C00432,BR18,savings,Basic Savings,2017-03-26,,open,
A000663,C00440,BR16,checking,Everyday Checking,2017-03-27,,open,
A000664,C00445,BR14,checking,Everyday Checking,2017-03-29,,open,
A000665,C00444,BR18,checking,Everyday Checking,2017-04-01,,open,
A000666,C00443,BR18,checking,Premier Checking,2017-04-05,,open,
A000667,C00188,BR09,savings,Basic Savings,2017-04-16,,open,
A000668,C00429,BR06,savings,Basic Savings,2017-04-18,2026-09-25,closed,
A000669,C00384,BR16,savings,Basic Savings,2017-04-20,2026-04-17,closed,
A000670,C00370,BR01,credit_card,Harbor Rewards Card,2017-04-23,2025-10-20,closed,18000
A000671,C00446,BR09,checking,Everyday Checking,2017-04-24,,open,
A000672,C00449,BR01,checking,Everyday Checking,2017-05-06,2025-10-22,closed,
A000673,C00419,BR10,savings,High-Yield Savings,2017-05-08,,open,
A000674,C00448,BR08,checking,Premier Checking,2017-05-09,,open,
A000675,C00447,BR12,checking,Everyday Checking,2017-05-11,,open,
A000676,C00451,BR05,checking,Everyday Checking,2017-05-13,,open,
A000677,C00450,BR10,checking,Everyday Checking,2017-05-16,2025-10-28,closed,
A000678,C00216,BR06,savings,Basic Savings,2017-05-18,,open,
A000679,C00453,BR09,checking,Everyday Checking,2017-05-19,,open,
A000680,C00452,BR12,checking,Everyday Checking,2017-05-20,,open,
A000681,C00329,BR10,savings,High-Yield Savings,2017-05-24,,open,
A000682,C00454,BR13,checking,Everyday Checking,2017-05-25,,open,
A000683,C00399,BR05,savings,Basic Savings,2017-05-27,,open,
A000684,C00427,BR07,credit_card,Harbor Rewards Card,2017-06-02,,open,14500
A000685,C00455,BR11,checking,Everyday Checking,2017-06-07,,open,
A000686,C00271,BR08,savings,Basic Savings,2017-06-08,,open,
A000687,C00456,BR15,checking,Everyday Checking,2017-06-13,,open,
A000688,C00279,BR17,credit_card,Harbor Rewards Card,2017-06-14,,open,8000
A000689,C00442,BR02,savings,Basic Savings,2017-06-16,,open,
A000690,C00457,BR04,checking,Everyday Checking,2017-06-18,,open,
A000691,C00389,BR03,savings,Basic Savings,2017-06-23,,open,
A000692,C00460,BR09,checking,Everyday Checking,2017-06-28,,open,
A000693,C00463,BR18,checking,Everyday Checking,2017-07-01,,open,
A000694,C00461,BR01,checking,Everyday Checking,2017-07-02,,open,
A000695,C00359,BR07,savings,Basic Savings,2017-07-05,,open,
A000696,C00462,BR11,checking,Premier Checking,2017-07-06,,open,
A000697,C00258,BR16,credit_card,Harbor Rewards Card,2017-07-08,,open,25000
A000698,C00459,BR06,checking,Everyday Checking,2017-07-08,,open,
A000699,C00315,BR05,credit_card,Harbor Rewards Card,2017-07-10,,open,17000
A000700,C00464,BR02,checking,Everyday Checking,2017-07-22,,open,
A000701,C00431,BR01,credit_card,Harbor Rewards Card,2017-07-23,,open,25000
A000702,C00398,BR05,savings,Basic Savings,2017-07-30,,open,
A000703,C00466,BR08,checking,Everyday Checking,2017-08-02,,open,
A000704,C00222,BR10,savings,Basic Savings,2017-08-05,,open,
A000705,C00467,BR13,checking,Everyday Checking,2017-08-07,,open,
A000706,C00443,BR18,savings,High-Yield Savings,2017-08-08,,open,
A000707,C00469,BR11,checking,Everyday Checking,2017-08-09,,open,
A000708,C00472,BR01,checking,Everyday Checking,2017-08-12,,open,
A000709,C00471,BR07,checking,Everyday Checking,2017-08-13,,open,
A000710,C00215,BR05,savings,High-Yield Savings,2017-08-18,,open,
A000711,C00468,BR06,checking,Everyday Checking,2017-08-18,,open,
A000712,C00473,BR06,checking,Everyday Checking,2017-08-18,,open,
A000713,C00018,BR05,credit_card,Harbor Secured Card,2017-08-22,,open,2500
A000714,C00470,BR01,checking,Everyday Checking,2017-08-22,,open,
A000715,C00363,BR12,credit_card,Harbor Rewards Card,2017-08-23,2025-06-09,closed,18500
A000716,C00446,BR06,savings,Basic Savings,2017-08-27,,open,
A000717,C00474,BR14,checking,Everyday Checking,2017-08-30,,open,
A000718,C00339,BR07,savings,High-Yield Savings,2017-09-03,,open,
A000719,C00475,BR12,savings,High-Yield Savings,2017-09-07,,open,
A000720,C00477,BR17,checking,Everyday Checking,2017-09-10,,open,
A000721,C00478,BR18,checking,Everyday Checking,2017-09-10,,open,
A000722,C00037,BR12,savings,High-Yield Savings,2017-09-11,,open,
A000723,C00476,BR03,checking,Everyday Checking,2017-09-12,,open,
A000724,C00326,BR11,credit_card,Harbor Rewards Card,2017-09-15,,open,8500
A000725,C00479,BR15,checking,Everyday Checking,2017-09-21,,open,
A000726,C00441,BR16,credit_card,Harbor Rewards Card,2017-09-28,,open,10000
A000727,C00480,BR10,checking,Everyday Checking,2017-10-01,,open,
A000728,C00481,BR04,checking,Everyday Checking,2017-10-03,,open,
A000729,C00472,BR01,savings,Basic Savings,2017-10-05,,open,
A000730,C00482,BR15,checking,Everyday Checking,2017-10-06,,open,
A000731,C00447,BR12,savings,Basic Savings,2017-10-07,,open,
A000732,C00483,BR01,checking,Everyday Checking,2017-10-10,,open,
A000733,C00400,BR05,savings,High-Yield Savings,2017-10-12,,open,
A000734,C00325,BR16,credit_card,Harbor Rewards Card,2017-10-15,,open,6000
A000735,C00484,BR07,checking,Everyday Checking,2017-10-21,2026-05-19,closed,
A000736,C00485,BR06,checking,Everyday Checking,2017-10-23,,open,
A000737,C00486,BR15,checking,Premier Checking,2017-10-23,,open,
A000738,C00487,BR07,checking,Everyday Checking,2017-10-26,,open,
A000739,C00489,BR01,checking,Everyday Checking,2017-11-01,,open,
A000740,C00490,BR09,checking,Premier Checking,2017-11-04,,open,
A000741,C00352,BR01,credit_card,Harbor Rewards Card,2017-11-12,,open,5500
A000742,C00491,BR01,checking,Everyday Checking,2017-11-12,,open,
A000743,C00309,BR05,savings,Basic Savings,2017-11-16,,open,
A000744,C00492,BR18,checking,Everyday Checking,2017-11-21,,open,
A000745,C00489,BR09,savings,Basic Savings,2017-11-22,,open,
A000746,C00396,BR09,credit_card,Harbor Rewards Card,2017-11-23,,open,25000
A000747,C00407,BR06,savings,High-Yield Savings,2017-11-28,2026-09-10,closed,
A000748,C00448,BR14,savings,Basic Savings,2017-12-01,,open,
A000749,C00493,BR01,checking,Everyday Checking,2017-12-05,,open,
A000750,C00494,BR08,checking,Everyday Checking,2017-12-07,,open,
A000751,C00495,BR10,checking,Everyday Checking,2017-12-21,,open,
A000752,C00496,BR16,checking,Everyday Checking,2017-12-23,,open,
A000753,C00497,BR08,checking,Premier Checking,2017-12-29,,open,
A000754,C00473,BR06,credit_card,Harbor Rewards Card,2017-12-30,,open,7000
A000755,C00265,BR10,savings,Basic Savings,2018-01-11,,open,
A000756,C00113,BR14,savings,Basic Savings,2018-01-12,,open,
A000757,C00308,BR18,credit_card,Harbor Rewards Card,2018-01-12,,open,25000
A000758,C00498,BR13,checking,Premier Checking,2018-01-28,,open,
A000759,C00457,BR04,credit_card,Harbor Secured Card,2018-01-31,,open,1500
A000760,C00379,BR03,savings,Basic Savings,2018-02-05,,open,
A000761,C00499,BR13,checking,Everyday Checking,2018-02-08,,open,
A000762,C00500,BR15,checking,Everyday Checking,2018-02-09,2025-11-24,closed,
A000763,C00369,BR07,savings,Basic Savings,2018-02-16,,open,
A000764,C00501,BR18,checking,Everyday Checking,2018-02-24,,open,
A000765,C00275,BR11,credit_card,Harbor Rewards Card,2018-03-07,2026-07-05,closed,14500
A000766,C00502,BR03,checking,Everyday Checking,2018-03-11,,open,
A000767,C00448,BR08,credit_card,Harbor Rewards Card,2018-03-19,,open,25000
A000768,C00490,BR09,savings,High-Yield Savings,2018-03-20,,open,
A000769,C00503,BR06,checking,Everyday Checking,2018-03-25,,open,
A000770,C00504,BR08,checking,Premier Checking,2018-03-29,,open,
A000771,C00506,BR09,checking,Everyday Checking,2018-03-31,,open,
A000772,C00353,BR15,credit_card,Harbor Rewards Card,2018-04-02,,open,5500
A000773,C00505,BR09,checking,Everyday Checking,2018-04-02,,open,
A000774,C00297,BR11,savings,High-Yield Savings,2018-04-04,,open,
A000775,C00263,BR02,savings,High-Yield Savings,2018-04-10,,open,
A000776,C00507,BR06,checking,Premier Checking,2018-04-23,,open,
A000777,C00479,BR15,savings,High-Yield Savings,2018-04-24,,open,
A000778,C00364,BR07,credit_card,Harbor Rewards Card,2018-05-01,,open,19500
A000779,C00446,BR06,credit_card,Harbor Rewards Card,2018-05-03,,open,4500
A000780,C00508,BR14,checking,Everyday Checking,2018-05-04,,open,
A000781,C00423,BR14,credit_card,Harbor Rewards Card,2018-05-10,,open,25000
A000782,C00509,BR11,checking,Everyday Checking,2018-05-12,,open,
A000783,C00510,BR06,checking,Everyday Checking,2018-05-16,,open,
A000784,C00511,BR05,checking,Everyday Checking,2018-05-19,,open,
A000785,C00257,BR10,savings,Basic Savings,2018-06-02,,open,
A000786,C00192,BR06,savings,Basic Savings,2018-06-04,,open,
A000787,C00053,BR04,credit_card,Harbor Secured Card,2018-06-08,,open,1000
A000788,C00513,BR05,checking,Everyday Checking,2018-06-12,,open,
A000789,C00512,BR04,checking,Everyday Checking,2018-06-15,2025-07-08,closed,
A000790,C00514,BR16,checking,Everyday Checking,2018-06-25,,open,
A000791,C00515,BR03,checking,Everyday Checking,2018-06-26,,open,
A000792,C00270,BR18,credit_card,Harbor Rewards Card,2018-06-27,,open,14000
A000793,C00376,BR16,savings,Basic Savings,2018-07-01,,open,
A000794,C00517,BR17,checking,Premier Checking,2018-07-02,2026-02-14,closed,
A000795,C00458,BR18,credit_card,Harbor Rewards Card,2018-07-03,,open,25000
A000796,C00491,BR01,savings,Basic Savings,2018-07-04,,open,
A000797,C00462,BR11,savings,Basic Savings,2018-07-09,,open,
A000798,C00519,BR14,checking,Everyday Checking,2018-07-12,,open,
A000799,C00520,BR15,checking,Everyday Checking,2018-07-17,,open,
A000800,C00504,BR18,savings,High-Yield Savings,2018-07-25,,open,
A000801,C00521,BR04,checking,Premier Checking,2018-08-02,,open,
A000802,C00522,BR09,checking,Everyday Checking,2018-08-10,,open,
A000803,C00523,BR06,checking,Everyday Checking,2018-08-12,,open,
A000804,C00526,BR18,checking,Everyday Checking,2018-08-25,,open,
A000805,C00524,BR05,checking,Everyday Checking,2018-08-26,2025-09-05,closed,
A000806,C00525,BR07,checking,Everyday Checking,2018-08-26,,open,
A000807,C00392,BR03,savings,Basic Savings,2018-08-30,,open,
A000808,C00527,BR08,checking,Everyday Checking,2018-09-02,,open,
A000809,C00429,BR06,credit_card,Harbor Rewards Card,2018-09-05,2026-09-08,closed,25000
A000810,C00528,BR11,checking,Everyday Checking,2018-09-08,,open,
A000811,C00085,BR18,savings,Basic Savings,2018-09-09,,open,
A000812,C00510,BR06,savings,Basic Savings,2018-09-09,,open,
A000813,C00466,BR08,savings,Basic Savings,2018-09-10,,open,
A000814,C00236,BR01,credit_card,Harbor Rewards Card,2018-09-21,,open,13000
A000815,C00417,BR09,credit_card,Harbor Rewards Card,2018-09-21,,open,12500
A000816,C00437,BR13,savings,Basic Savings,2018-09-23,,open,
A000817,C00268,BR05,credit_card,Harbor Rewards Card,2018-09-25,,open,25000
A000818,C00531,BR07,checking,Student Checking,2018-10-07,,open,
A000819,C00532,BR16,checking,Everyday Checking,2018-10-10,,open,
A000820,C00530,BR01,checking,Premier Checking,2018-10-11,,open,
A000821,C00535,BR06,checking,Everyday Checking,2018-10-14,,open,
A000822,C00533,BR11,checking,Everyday Checking,2018-10-19,,open,
A000823,C00534,BR11,checking,Premier Checking,2018-10-20,,open,
A000824,C00537,BR06,checking,Everyday Checking,2018-10-23,2026-05-16,closed,
A000825,C00538,BR11,checking,Premier Checking,2018-11-15,,open,
A000826,C00540,BR05,checking,Everyday Checking,2018-11-19,,open,
A000827,C00541,BR01,checking,Everyday Checking,2018-11-23,,open,
A000828,C00544,BR01,checking,Everyday Checking,2018-11-23,,open,
A000829,C00543,BR02,checking,Everyday Checking,2018-12-01,,open,
A000830,C00546,BR05,checking,Premier Checking,2018-12-02,2026-01-26,closed,
A000831,C00521,BR01,savings,High-Yield Savings,2018-12-05,,open,
A000832,C00547,BR01,checking,Everyday Checking,2018-12-05,,open,
A000833,C00548,BR02,checking,Everyday Checking,2018-12-05,,open,
A000834,C00545,BR11,checking,Everyday Checking,2018-12-09,,open,
A000835,C00550,BR06,checking,Everyday Checking,2018-12-18,,open,
A000836,C00229,BR02,savings,Basic Savings,2018-12-25,,open,
A000837,C00323,BR03,savings,High-Yield Savings,2019-01-03,,open,
A000838,C00552,BR15,checking,Everyday Checking,2019-01-03,,open,
A000839,C00551,BR03,checking,Everyday Checking,2019-01-08,,open,
A000840,C00554,BR01,checking,Premier Checking,2019-01-12,,open,
A000841,C00347,BR01,savings,Basic Savings,2019-01-18,,open,
A000842,C00553,BR10,checking,Everyday Checking,2019-01-19,,open,
A000843,C00555,BR10,checking,Student Checking,2019-01-20,,open,
A000844,C00378,BR13,savings,High-Yield Savings,2019-01-28,,open,
A000845,C00556,BR04,checking,Everyday Checking,2019-01-28,,open,
A000846,C00559,BR10,checking,Everyday Checking,2019-02-02,,open,
A000847,C00418,BR02,savings,Basic Savings,2019-02-06,,open,
A000848,C00557,BR06,checking,Everyday Checking,2019-02-06,,open,
A000849,C00558,BR16,checking,Everyday Checking,2019-02-07,,open,
A000850,C00560,BR03,checking,Everyday Checking,2019-02-10,2026-06-21,closed,
A000851,C00561,BR12,checking,Everyday Checking,2019-02-10,,open,
A000852,C00058,BR05,credit_card,Harbor Rewards Card,2019-02-12,,open,12000
A000853,C00521,BR12,credit_card,Harbor Rewards Card,2019-02-13,,open,25000
A000854,C00299,BR10,credit_card,Harbor Rewards Card,2019-02-18,,open,15000
A000855,C00386,BR13,savings,High-Yield Savings,2019-02-22,,open,
A000856,C00563,BR18,checking,Everyday Checking,2019-03-01,,open,
A000857,C00562,BR09,checking,Everyday Checking,2019-03-02,,open,
A000858,C00564,BR10,checking,Everyday Checking,2019-03-08,2026-05-24,closed,
A000859,C00290,BR02,credit_card,Harbor Rewards Card,2019-03-09,,open,9500
A000860,C00566,BR10,checking,Everyday Checking,2019-03-16,,open,
A000861,C00565,BR13,checking,Everyday Checking,2019-03-17,,open,
A000862,C00568,BR07,checking,Everyday Checking,2019-03-24,,open,
A000863,C00567,BR17,checking,Everyday Checking,2019-03-27,,open,
A000864,C00534,BR11,savings,Basic Savings,2019-03-28,,open,
A000865,C00526,BR18,savings,High-Yield Savings,2019-03-30,,open,
A000866,C00569,BR15,checking,Everyday Checking,2019-03-30,,open,
A000867,C00335,BR06,savings,High-Yield Savings,2019-03-31,2026-05-24,closed,
A000868,C00562,BR09,savings,Basic Savings,2019-04-04,,open,
A000869,C00570,BR10,checking,Everyday Checking,2019-04-07,,open,
A000870,C00563,BR18,credit_card,Harbor Rewards Card,2019-04-08,,open,14500
A000871,C00571,BR10,checking,Everyday Checking,2019-04-13,,open,
A000872,C00573,BR06,checking,Premier Checking,2019-04-23,,open,
A000873,C00572,BR06,checking,Everyday Checking,2019-04-26,,open,
A000874,C00574,BR11,checking,Everyday Checking,2019-05-01,,open,
A000875,C00374,BR03,credit_card,Harbor Rewards Card,2019-05-10,,open,9500
A000876,C00575,BR10,checking,Everyday Checking,2019-05-16,,open,
A000877,C00507,BR06,savings,Basic Savings,2019-05-18,,open,
A000878,C00576,BR09,checking,Premier Checking,2019-05-18,,open,
A000879,C00482,BR15,savings,Basic Savings,2019-05-24,,open,
A000880,C00522,BR09,credit_card,Harbor Rewards Card,2019-05-24,,open,25000
A000881,C00472,BR01,credit_card,Harbor Rewards Card,2019-05-25,,open,9000
A000882,C00275,BR11,savings,High-Yield Savings,2019-05-29,2026-07-14,closed,
A000883,C00577,BR16,checking,Everyday Checking,2019-06-04,,open,
A000884,C00578,BR09,checking,Everyday Checking,2019-06-06,2026-03-21,closed,
A000885,C00577,BR01,savings,Basic Savings,2019-06-09,,open,
A000886,C00394,BR18,credit_card,Harbor Rewards Card,2019-06-10,,open,10500
A000887,C00501,BR18,savings,Basic Savings,2019-06-13,,open,
A000888,C00554,BR01,savings,High-Yield Savings,2019-06-14,,open,
A000889,C00579,BR15,checking,Everyday Checking,2019-06-14,,open,
A000890,C00580,BR14,checking,Everyday Checking,2019-06-16,,open,
A000891,C00428,BR12,savings,Basic Savings,2019-06-28,,open,
A000892,C00513,BR05,savings,Basic Savings,2019-06-29,,open,
A000893,C00581,BR07,checking,Everyday Checking,2019-06-29,,open,
A000894,C00518,BR17,savings,Basic Savings,2019-06-30,,open,
A000895,C00570,BR05,savings,Basic Savings,2019-07-02,,open,
A000896,C00391,BR01,savings,High-Yield Savings,2019-07-05,,open,
A000897,C00546,BR05,savings,Basic Savings,2019-07-06,2026-01-04,closed,
A000898,C00584,BR01,checking,Everyday Checking,2019-07-10,2026-04-01,closed,
A000899,C00583,BR13,checking,Everyday Checking,2019-07-12,,open,
A000900,C00582,BR15,checking,Everyday Checking,2019-07-13,,open,
A000901,C00289,BR01,credit_card,Harbor Rewards Card,2019-07-14,,open,3000
A000902,C00458,BR11,savings,Basic Savings,2019-07-17,,open,
A000903,C00149,BR13,credit_card,Harbor Secured Card,2019-07-20,,open,500
A000904,C00470,BR01,savings,Basic Savings,2019-07-24,,open,
A000905,C00586,BR03,checking,Everyday Checking,2019-07-25,2026-08-02,closed,
A000906,C00587,BR01,checking,Everyday Checking,2019-08-02,,open,
A000907,C00187,BR01,savings,High-Yield Savings,2019-08-07,,open,
A000908,C00588,BR02,checking,Everyday Checking,2019-08-08,,open,
A000909,C00435,BR01,savings,Basic Savings,2019-08-10,,open,
A000910,C00590,BR02,checking,Premier Checking,2019-08-17,2026-06-25,closed,
A000911,C00591,BR16,checking,Everyday Checking,2019-08-19,,open,
A000912,C00592,BR07,checking,Everyday Checking,2019-08-24,,open,
A000913,C00431,BR01,savings,Basic Savings,2019-08-26,,open,
A000914,C00495,BR10,savings,High-Yield Savings,2019-08-29,,open,
A000915,C00596,BR05,checking,Everyday Checking,2019-08-30,,open,
A000916,C00593,BR07,checking,Everyday Checking,2019-09-01,,open,
A000917,C00594,BR02,checking,Everyday Checking,2019-09-01,,open,
A000918,C00467,BR07,credit_card,Harbor Rewards Card,2019-09-02,,open,6500
A000919,C00595,BR05,checking,Everyday Checking,2019-09-02,2026-05-26,closed,
A000920,C00598,BR01,checking,Everyday Checking,2019-09-03,,open,
A000921,C00574,BR17,credit_card,Harbor Rewards Card,2019-09-08,,open,12500
A000922,C00597,BR02,checking,Everyday Checking,2019-09-10,2026-01-17,closed,
A000923,C00599,BR18,checking,Premier Checking,2019-09-16,,open,
A000924,C00588,BR02,savings,Basic Savings,2019-09-17,,open,
A000925,C00600,BR08,checking,Premier Checking,2019-09-18,,open,
A000926,C00452,BR14,credit_card,Harbor Rewards Card,2019-09-23,,open,11000
A000927,C00264,BR07,savings,Basic Savings,2019-09-27,,open,
A000928,C00601,BR15,checking,Everyday Checking,2019-09-28,,open,
A000929,C00529,BR01,savings,Basic Savings,2019-10-06,,open,
A000930,C00478,BR18,savings,Basic Savings,2019-10-07,,open,
A000931,C00306,BR05,savings,Basic Savings,2019-10-18,,open,
A000932,C00603,BR14,checking,Everyday Checking,2019-10-19,,open,
A000933,C00604,BR10,checking,Everyday Checking,2019-10-21,2025-12-01,closed,
A000934,C00602,BR01,checking,Everyday Checking,2019-10-23,,open,
A000935,C00600,BR08,credit_card,Harbor Rewards Card,2019-10-25,,open,17000
A000936,C00605,BR14,checking,Everyday Checking,2019-10-31,,open,
A000937,C00606,BR03,checking,Everyday Checking,2019-11-01,,open,
A000938,C00476,BR15,credit_card,Harbor Secured Card,2019-11-04,,open,500
A000939,C00598,BR01,savings,High-Yield Savings,2019-11-06,,open,
A000940,C00108,BR15,savings,High-Yield Savings,2019-11-17,2025-06-21,closed,
A000941,C00607,BR03,checking,Everyday Checking,2019-11-17,,open,
A000942,C00605,BR14,savings,Basic Savings,2019-11-18,,open,
A000943,C00403,BR17,credit_card,Harbor Rewards Card,2019-11-21,,open,25000
A000944,C00487,BR07,credit_card,Harbor Rewards Card,2019-11-21,,open,25000
A000945,C00320,BR12,credit_card,Harbor Rewards Card,2019-11-26,,open,10500
A000946,C00608,BR02,checking,Premier Checking,2019-11-30,2026-08-26,closed,
A000947,C00281,BR12,credit_card,Harbor Rewards Card,2019-12-03,,open,19000
A000948,C00527,BR06,credit_card,Harbor Rewards Card,2019-12-04,,open,9000
A000949,C00596,BR01,savings,Basic Savings,2019-12-06,,open,
A000950,C00386,BR13,credit_card,Harbor Rewards Card,2019-12-12,,open,19000
A000951,C00582,BR15,credit_card,Harbor Rewards Card,2019-12-15,,open,12000
A000952,C00609,BR09,checking,Everyday Checking,2019-12-21,,open,
A000953,C00542,BR18,savings,Basic Savings,2019-12-22,,open,
A000954,C00611,BR01,checking,Everyday Checking,2019-12-24,,open,
A000955,C00481,BR04,savings,Basic Savings,2019-12-26,,open,
A000956,C00613,BR04,checking,Everyday Checking,2019-12-29,,open,
A000957,C00315,BR05,savings,High-Yield Savings,2019-12-30,,open,
A000958,C00612,BR07,checking,Everyday Checking,2020-01-01,,open,
A000959,C00615,BR09,checking,Everyday Checking,2020-01-01,,open,
A000960,C00614,BR02,checking,Everyday Checking,2020-01-02,,open,
A000961,C00618,BR09,checking,Everyday Checking,2020-01-04,,open,
A000962,C00616,BR05,checking,Student Checking,2020-01-09,2025-05-08,closed,
A000963,C00617,BR08,checking,Everyday Checking,2020-01-09,,open,
A000964,C00560,BR03,savings,Basic Savings,2020-01-11,2026-05-18,closed,
A000965,C00569,BR09,savings,Basic Savings,2020-01-11,,open,
A000966,C00209,BR05,savings,High-Yield Savings,2020-01-15,,open,
A000967,C00589,BR02,savings,Basic Savings,2020-01-15,,open,
A000968,C00619,BR01,checking,Everyday Checking,2020-01-15,,open,
A000969,C00519,BR14,credit_card,Harbor Rewards Card,2020-01-17,,open,6000
A000970,C00387,BR01,credit_card,Harbor Rewards Card,2020-01-19,,open,25000
A000971,C00620,BR01,checking,Everyday Checking,2020-01-22,,open,
A000972,C00550,BR06,savings,Basic Savings,2020-01-24,,open,
A000973,C00621,BR06,checking,Everyday Checking,2020-01-27,,open,
A000974,C00517,BR17,savings,High-Yield Savings,2020-01-28,2026-01-23,closed,
A000975,C00622,BR07,checking,Everyday Checking,2020-01-29,,open,
A000976,C00589,BR02,credit_card,Harbor Rewards Card,2020-02-02,,open,20500
A000977,C00623,BR06,checking,Premier Checking,2020-02-02,,open,
A000978,C00601,BR15,savings,Basic Savings,2020-02-03,,open,
A000979,C00624,BR05,checking,Premier Checking,2020-02-03,,open,
A000980,C00627,BR12,checking,Student Checking,2020-02-13,2026-08-10,closed,
A000981,C00629,BR10,checking,Everyday Checking,2020-02-14,,open,
A000982,C00628,BR16,checking,Everyday Checking,2020-02-16,,open,
A000983,C00626,BR17,checking,Everyday Checking,2020-02-18,,open,
A000984,C00625,BR06,checking,Everyday Checking,2020-02-19,,open,
A000985,C00630,BR15,checking,Everyday Checking,2020-02-23,2025-08-17,closed,
A000986,C00536,BR02,savings,High-Yield Savings,2020-02-25,,open,
A000987,C00631,BR14,checking,Everyday Checking,2020-02-25,,open,
A000988,C00314,BR03,savings,Basic Savings,2020-03-01,,open,
A000989,C00361,BR08,savings,High-Yield Savings,2020-03-07,,open,
A000990,C00081,BR07,credit_card,Harbor Rewards Card,2020-03-19,,open,15000
A000991,C00633,BR03,checking,Everyday Checking,2020-03-20,2026-03-24,closed,
A000992,C00632,BR01,checking,Everyday Checking,2020-03-21,,open,
A000993,C00162,BR12,savings,Basic Savings,2020-03-27,,open,
A000994,C00634,BR17,checking,Everyday Checking,2020-03-27,,open,
A000995,C00477,BR17,savings,High-Yield Savings,2020-03-29,,open,
A000996,C00635,BR09,checking,Everyday Checking,2020-03-29,,open,
A000997,C00636,BR02,checking,Premier Checking,2020-03-30,,open,
A000998,C00637,BR18,checking,Everyday Checking,2020-04-01,,open,
A000999,C00638,BR02,checking,Everyday Checking,2020-04-05,,open,
A001000,C00639,BR05,checking,Everyday Checking,2020-04-11,,open,
A001001,C00486,BR15,credit_card,Harbor Rewards Card,2020-04-14,,open,16000
A001002,C00641,BR06,checking,Premier Checking,2020-04-15,,open,
A001003,C00645,BR13,checking,Premier Checking,2020-04-16,,open,
A001004,C00467,BR13,savings,Basic Savings,2020-04-19,,open,
A001005,C00307,BR02,credit_card,Harbor Rewards Card,2020-04-22,,open,25000
A001006,C00644,BR07,checking,Everyday Checking,2020-04-24,,open,
A001007,C00640,BR02,checking,Everyday Checking,2020-04-25,,open,
A001008,C00642,BR02,checking,Everyday Checking,2020-04-25,,open,
A001009,C00643,BR01,checking,Everyday Checking,2020-04-27,,open,
A001010,C00591,BR16,savings,Basic Savings,2020-04-28,,open,
A001011,C00607,BR18,savings,High-Yield Savings,2020-04-28,,open,
A001012,C00434,BR01,savings,High-Yield Savings,2020-04-29,,open,
A001013,C00328,BR02,savings,High-Yield Savings,2020-05-01,,open,
A001014,C00625,BR06,credit_card,Harbor Rewards Card,2020-05-03,,open,5000
A001015,C00612,BR07,credit_card,Harbor Rewards Card,2020-05-05,,open,17500
A001016,C00646,BR01,checking,Everyday Checking,2020-05-05,,open,
A001017,C00647,BR07,checking,Everyday Checking,2020-05-06,,open,
A001018,C00648,BR08,checking,Everyday Checking,2020-05-10,2025-06-20,closed,
A001019,C00517,BR17,credit_card,Harbor Rewards Card,2020-05-15,2026-01-25,closed,25000
A001020,C00618,BR09,savings,High-Yield Savings,2020-05-19,,open,
A001021,C00176,BR08,savings,High-Yield Savings,2020-05-23,,open,
A001022,C00603,BR14,savings,Basic Savings,2020-05-26,,open,
A001023,C00327,BR03,savings,High-Yield Savings,2020-05-29,,open,
A001024,C00651,BR11,checking,Everyday Checking,2020-05-30,,open,
A001025,C00650,BR08,checking,Premier Checking,2020-06-01,,open,
A001026,C00555,BR10,credit_card,Harbor Rewards Card,2020-06-05,,open,5000
A001027,C00579,BR15,savings,High-Yield Savings,2020-06-05,,open,
A001028,C00549,BR10,savings,Basic Savings,2020-06-08,,open,
A001029,C00653,BR17,checking,Everyday Checking,2020-06-08,,open,
A001030,C00652,BR03,checking,Student Checking,2020-06-11,,open,
A001031,C00654,BR01,checking,Everyday Checking,2020-06-13,,open,
A001032,C00655,BR11,checking,Premier Checking,2020-06-19,,open,
A001033,C00656,BR06,checking,Everyday Checking,2020-06-22,,open,
A001034,C00485,BR06,savings,Basic Savings,2020-06-23,,open,
A001035,C00488,BR06,savings,Basic Savings,2020-06-25,,open,
A001036,C00657,BR10,checking,Everyday Checking,2020-06-25,2025-05-12,closed,
A001037,C00606,BR03,savings,High-Yield Savings,2020-06-27,,open,
A001038,C00658,BR15,checking,Everyday Checking,2020-06-30,,open,
A001039,C00613,BR03,savings,High-Yield Savings,2020-07-01,,open,
A001040,C00660,BR09,checking,Everyday Checking,2020-07-03,,open,
A001041,C00659,BR13,checking,Everyday Checking,2020-07-04,,open,
A001042,C00642,BR02,savings,Basic Savings,2020-07-06,,open,
A001043,C00661,BR02,checking,Everyday Checking,2020-07-11,,open,
A001044,C00584,BR01,savings,High-Yield Savings,2020-07-13,2026-04-11,closed,
A001045,C00663,BR09,checking,Everyday Checking,2020-07-25,,open,
A001046,C00449,BR10,savings,Basic Savings,2020-07-29,2025-10-29,closed,
A001047,C00662,BR02,checking,Everyday Checking,2020-08-02,,open,
A001048,C00650,BR08,savings,Basic Savings,2020-08-03,,open,
A001049,C00664,BR01,checking,Everyday Checking,2020-08-07,2026-07-17,closed,
A001050,C00665,BR05,checking,Everyday Checking,2020-08-12,,open,
A001051,C00668,BR18,checking,Everyday Checking,2020-08-12,,open,
A001052,C00580,BR14,savings,Basic Savings,2020-08-20,,open,
A001053,C00666,BR07,checking,Everyday Checking,2020-08-23,,open,
A001054,C00667,BR10,checking,Everyday Checking,2020-08-24,,open,
A001055,C00372,BR01,savings,Basic Savings,2020-08-28,,open,
A001056,C00670,BR02,checking,Everyday Checking,2020-08-28,2026-05-06,closed,
A001057,C00668,BR18,savings,Basic Savings,2020-08-30,,open,
A001058,C00671,BR02,checking,Everyday Checking,2020-09-04,,open,
A001059,C00673,BR02,checking,Premier Checking,2020-09-05,,open,
A001060,C00640,BR05,credit_card,Harbor Rewards Card,2020-09-06,,open,20500
A001061,C00672,BR09,checking,Premier Checking,2020-09-07,,open,
A001062,C00516,BR06,savings,Basic Savings,2020-09-09,,open,
A001063,C00675,BR10,checking,Premier Checking,2020-09-10,,open,
A001064,C00674,BR06,checking,Student Checking,2020-09-11,2025-08-01,closed,
A001065,C00676,BR05,checking,Everyday Checking,2020-09-16,,open,
A001066,C00621,BR06,savings,Basic Savings,2020-09-20,,open,
A001067,C00679,BR17,checking,Everyday Checking,2020-09-22,,open,
A001068,C00598,BR01,credit_card,Harbor Rewards Card,2020-09-24,,open,11000
A001069,C00504,BR09,credit_card,Harbor Rewards Card,2020-09-30,,open,25000
A001070,C00678,BR02,checking,Premier Checking,2020-09-30,,open,
A001071,C00636,BR02,savings,Basic Savings,2020-10-01,,open,
A001072,C00677,BR14,checking,Everyday Checking,2020-10-01,2025-12-23,closed,
A001073,C00622,BR07,credit_card,Harbor Rewards Card,2020-10-08,,open,16000
A001074,C00680,BR08,checking,Student Checking,2020-10-09,,open,
A001075,C00681,BR05,checking,Everyday Checking,2020-10-17,,open,
A001076,C00499,BR13,savings,High-Yield Savings,2020-10-19,,open,
A001077,C00682,BR05,checking,Everyday Checking,2020-10-23,2026-07-03,closed,
A001078,C00685,BR06,checking,Everyday Checking,2020-11-01,,open,
A001079,C00410,BR13,savings,Basic Savings,2020-11-03,,open,
A001080,C00686,BR01,checking,Everyday Checking,2020-11-03,2026-03-24,closed,
A001081,C00683,BR18,checking,Premier Checking,2020-11-05,,open,
A001082,C00687,BR11,checking,Everyday Checking,2020-11-05,,open,
A001083,C00683,BR18,savings,Basic Savings,2020-11-07,,open,
A001084,C00684,BR09,checking,Everyday Checking,2020-11-08,,open,
A001085,C00689,BR15,checking,Everyday Checking,2020-11-10,,open,
A001086,C00421,BR06,savings,Basic Savings,2020-11-11,,open,
A001087,C00401,BR05,savings,Basic Savings,2020-11-14,,open,
A001088,C00673,BR02,credit_card,Harbor Rewards Card,2020-11-18,,open,25000
A001089,C00669,BR18,credit_card,Harbor Rewards Card,2020-11-19,,open,25000
A001090,C00691,BR16,checking,Everyday Checking,2020-11-22,,open,
A001091,C00422,BR11,savings,Basic Savings,2020-11-24,,open,
A001092,C00690,BR09,checking,Everyday Checking,2020-11-24,,open,
A001093,C00692,BR05,checking,Everyday Checking,2020-12-02,,open,
A001094,C00154,BR17,savings,Basic Savings,2020-12-03,,open,
A001095,C00317,BR06,savings,High-Yield Savings,2020-12-11,,open,
A001096,C00689,BR15,credit_card,Harbor Rewards Card,2020-12-14,,open,7500
A001097,C00693,BR06,checking,Everyday Checking,2020-12-17,,open,
A001098,C00694,BR11,checking,Premier Checking,2020-12-28,2026-08-17,closed,
A001099,C00493,BR01,savings,Basic Savings,2020-12-30,,open,
A001100,C00695,BR10,checking,Everyday Checking,2021-01-06,,open,
A001101,C00696,BR17,checking,Premier Checking,2021-01-11,,open,
A001102,C00641,BR06,credit_card,Harbor Rewards Card,2021-01-17,,open,25000
A001103,C00603,BR14,credit_card,Harbor Rewards Card,2021-01-18,,open,12000
A001104,C00346,BR05,savings,High-Yield Savings,2021-01-19,,open,
A001105,C00697,BR09,checking,Everyday Checking,2021-01-20,,open,
A001106,C00699,BR06,checking,Everyday Checking,2021-01-24,,open,
A001107,C00698,BR01,checking,Premier Checking,2021-01-27,,open,
A001108,C00691,BR16,credit_card,Harbor Rewards Card,2021-01-28,,open,14500
A001109,C00657,BR10,credit_card,Harbor Secured Card,2021-01-29,2025-05-02,closed,1000
A001110,C00672,BR09,savings,Basic Savings,2021-01-31,,open,
A001111,C00527,BR06,savings,Basic Savings,2021-02-02,,open,
A001112,C00673,BR02,savings,High-Yield Savings,2021-02-03,,open,
A001113,C00700,BR02,checking,Everyday Checking,2021-02-04,,open,
A001114,C00693,BR06,savings,Basic Savings,2021-02-12,,open,
A001115,C00701,BR08,checking,Everyday Checking,2021-02-12,,open,
A001116,C00703,BR03,checking,Everyday Checking,2021-02-12,,open,
A001117,C00702,BR15,checking,Everyday Checking,2021-02-15,,open,
A001118,C00704,BR04,checking,Everyday Checking,2021-02-24,,open,
A001119,C00358,BR01,savings,High-Yield Savings,2021-02-26,,open,
A001120,C00705,BR02,checking,Student Checking,2021-02-26,,open,
A001121,C00701,BR09,savings,Basic Savings,2021-03-01,,open,
A001122,C00706,BR01,checking,Everyday Checking,2021-03-11,,open,
A001123,C00675,BR10,savings,Basic Savings,2021-03-19,,open,
A001124,C00709,BR07,checking,Premier Checking,2021-03-20,,open,
A001125,C00582,BR15,savings,Basic Savings,2021-03-21,2026-05-15,closed,
A001126,C00707,BR09,checking,Student Checking,2021-03-21,,open,
A001127,C00710,BR03,checking,Everyday Checking,2021-03-29,2025-11-05,closed,
A001128,C00396,BR09,savings,High-Yield Savings,2021-04-01,,open,
A001129,C00666,BR07,savings,Basic Savings,2021-04-05,,open,
A001130,C00591,BR16,credit_card,Harbor Rewards Card,2021-04-06,,open,25000
A001131,C00713,BR13,checking,Premier Checking,2021-04-07,,open,
A001132,C00711,BR14,checking,Everyday Checking,2021-04-08,,open,
A001133,C00538,BR11,savings,High-Yield Savings,2021-04-09,,open,
A001134,C00712,BR03,checking,Premier Checking,2021-04-12,,open,
A001135,C00610,BR12,credit_card,Harbor Rewards Card,2021-04-24,,open,5000
A001136,C00714,BR02,checking,Everyday Checking,2021-05-04,,open,
A001137,C00715,BR09,checking,Premier Checking,2021-05-07,,open,
A001138,C00670,BR02,savings,Basic Savings,2021-05-08,2026-05-27,closed,
A001139,C00684,BR09,credit_card,Harbor Rewards Card,2021-05-08,,open,17000
A001140,C00642,BR02,credit_card,Harbor Rewards Card,2021-05-19,,open,9000
A001141,C00716,BR05,checking,Everyday Checking,2021-05-22,,open,
A001142,C00706,BR01,savings,Basic Savings,2021-05-23,,open,
A001143,C00718,BR16,checking,Student Checking,2021-05-23,,open,
A001144,C00717,BR01,checking,Everyday Checking,2021-05-31,,open,
A001145,C00720,BR03,checking,Everyday Checking,2021-06-03,,open,
A001146,C00369,BR07,credit_card,Harbor Rewards Card,2021-06-05,,open,17000
A001147,C00719,BR07,checking,Everyday Checking,2021-06-09,,open,
A001148,C00721,BR15,checking,Everyday Checking,2021-06-14,,open,
A001149,C00608,BR02,savings,High-Yield Savings,2021-06-18,2026-08-08,closed,
A001150,C00685,BR12,savings,Basic Savings,2021-06-18,,open,
A001151,C00457,BR04,savings,Basic Savings,2021-06-19,,open,
A001152,C00723,BR09,checking,Student Checking,2021-06-21,,open,
A001153,C00724,BR05,checking,Everyday Checking,2021-06-29,2026-03-27,closed,
A001154,C00722,BR01,checking,Everyday Checking,2021-07-02,,open,
A001155,C00725,BR05,checking,Everyday Checking,2021-07-03,,open,
A001156,C00726,BR16,checking,Student Checking,2021-07-06,2025-07-26,closed,
A001157,C00652,BR03,savings,Basic Savings,2021-07-08,,open,
A001158,C00713,BR06,credit_card,Harbor Rewards Card,2021-07-11,,open,25000
A001159,C00545,BR11,savings,Basic Savings,2021-07-15,2026-09-23,closed,
A001160,C00563,BR18,savings,Basic Savings,2021-07-21,,open,
A001161,C00727,BR03,checking,Everyday Checking,2021-07-26,,open,
A001162,C00728,BR02,checking,Everyday Checking,2021-07-31,,open,
A001163,C00573,BR06,savings,High-Yield Savings,2021-08-01,,open,
A001164,C00729,BR01,checking,Everyday Checking,2021-08-08,,open,
A001165,C00679,BR17,savings,Basic Savings,2021-08-10,,open,
A001166,C00655,BR11,savings,High-Yield Savings,2021-08-11,,open,
A001167,C00730,BR15,checking,Everyday Checking,2021-08-11,,open,
A001168,C00731,BR01,checking,Everyday Checking,2021-08-14,,open,
A001169,C00538,BR11,credit_card,Harbor Rewards Card,2021-08-20,,open,10500
A001170,C00722,BR01,savings,Basic Savings,2021-08-27,,open,
A001171,C00732,BR07,checking,Everyday Checking,2021-08-27,2026-07-17,closed,
A001172,C00736,BR07,checking,Everyday Checking,2021-08-29,,open,
A001173,C00735,BR05,checking,Everyday Checking,2021-08-30,,open,
A001174,C00733,BR16,checking,Everyday Checking,2021-09-03,,open,
A001175,C00737,BR12,checking,Everyday Checking,2021-09-03,,open,
A001176,C00734,BR13,checking,Everyday Checking,2021-09-06,,open,
A001177,C00729,BR01,savings,High-Yield Savings,2021-09-08,,open,
A001178,C00587,BR01,savings,Basic Savings,2021-09-09,,open,
A001179,C00594,BR02,credit_card,Harbor Rewards Card,2021-09-12,,open,13000
A001180,C00738,BR15,checking,Everyday Checking,2021-09-15,,open,
A001181,C00739,BR01,checking,Everyday Checking,2021-09-21,,open,
A001182,C00656,BR06,savings,Basic Savings,2021-09-22,,open,
A001183,C00720,BR03,savings,Basic Savings,2021-09-22,,open,
A001184,C00741,BR01,checking,Everyday Checking,2021-09-23,,open,
A001185,C00649,BR11,savings,High-Yield Savings,2021-09-26,,open,
A001186,C00740,BR07,checking,Premier Checking,2021-10-03,,open,
A001187,C00721,BR15,savings,Basic Savings,2021-10-11,,open,
A001188,C00717,BR01,savings,Basic Savings,2021-10-13,,open,
A001189,C00742,BR08,checking,Student Checking,2021-10-13,,open,
A001190,C00664,BR01,savings,High-Yield Savings,2021-10-21,2026-07-09,closed,
A001191,C00743,BR01,checking,Everyday Checking,2021-10-24,2026-08-02,closed,
A001192,C00746,BR08,checking,Everyday Checking,2021-11-05,,open,
A001193,C00485,BR06,credit_card,Harbor Secured Card,2021-11-06,,open,2000
A001194,C00608,BR02,credit_card,Harbor Rewards Card,2021-11-06,2026-08-11,closed,25000
A001195,C00744,BR01,checking,Everyday Checking,2021-11-06,,open,
A001196,C00745,BR16,checking,Everyday Checking,2021-11-06,,open,
A001197,C00728,BR02,savings,Basic Savings,2021-11-16,,open,
A001198,C00748,BR02,checking,Everyday Checking,2021-11-17,,open,
A001199,C00575,BR10,savings,Basic Savings,2021-11-20,,open,
A001200,C00747,BR01,checking,Everyday Checking,2021-11-20,,open,
A001201,C00749,BR06,checking,Everyday Checking,2021-11-23,,open,
A001202,C00737,BR12,savings,High-Yield Savings,2021-11-24,,open,
A001203,C00579,BR15,credit_card,Harbor Rewards Card,2021-11-25,,open,10000
A001204,C00744,BR12,credit_card,Harbor Rewards Card,2021-11-27,,open,6500
A001205,C00722,BR01,credit_card,Harbor Rewards Card,2021-11-29,,open,8500
A001206,C00750,BR16,checking,Everyday Checking,2021-12-04,,open,
A001207,C00657,BR10,savings,Basic Savings,2021-12-11,2025-06-20,closed,
A001208,C00709,BR10,savings,High-Yield Savings,2021-12-12,,open,
A001209,C00751,BR01,checking,Everyday Checking,2021-12-12,,open,
A001210,C00752,BR09,checking,Everyday Checking,2021-12-14,,open,
A001211,C00753,BR15,checking,Everyday Checking,2021-12-16,,open,
A001212,C00696,BR17,savings,High-Yield Savings,2021-12-19,,open,
A001213,C00631,BR14,savings,Basic Savings,2021-12-21,,open,
A001214,C00754,BR16,checking,Everyday Checking,2021-12-28,,open,
A001215,C00755,BR05,checking,Student Checking,2021-12-31,2026-01-06,closed,
A001216,C00739,BR01,savings,Basic Savings,2022-01-03,,open,
A001217,C00756,BR15,checking,Everyday Checking,2022-01-08,,open,
A001218,C00759,BR15,checking,Everyday Checking,2022-01-09,,open,
A001219,C00758,BR02,checking,Student Checking,2022-01-10,,open,
A001220,C00743,BR01,savings,Basic Savings,2022-01-14,2026-09-12,closed,
A001221,C00757,BR09,checking,Everyday Checking,2022-01-14,,open,
A001222,C00736,BR07,credit_card,Harbor Rewards Card,2022-01-23,,open,2500
A001223,C00762,BR14,checking,Student Checking,2022-01-27,,open,
A001224,C00761,BR15,checking,Everyday Checking,2022-01-29,,open,
A001225,C00760,BR02,checking,Premier Checking,2022-01-31,,open,
A001226,C00668,BR18,credit_card,Harbor Rewards Card,2022-02-04,,open,14000
A001227,C00763,BR01,checking,Everyday Checking,2022-02-04,,open,
A001228,C00587,BR01,credit_card,Harbor Rewards Card,2022-02-12,,open,8500
A001229,C00764,BR03,checking,Everyday Checking,2022-02-15,,open,
A001230,C00766,BR07,checking,Premier Checking,2022-02-15,,open,
A001231,C00719,BR07,savings,Basic Savings,2022-02-20,,open,
A001232,C00767,BR16,checking,Everyday Checking,2022-02-21,,open,
A001233,C00541,BR01,credit_card,Harbor Rewards Card,2022-02-25,,open,9500
A001234,C00757,BR09,savings,High-Yield Savings,2022-02-25,,open,
A001235,C00768,BR14,checking,Student Checking,2022-03-08,,open,
A001236,C00042,BR04,savings,Basic Savings,2022-03-10,,open,
A001237,C00760,BR02,savings,High-Yield Savings,2022-03-10,,open,
A001238,C00708,BR01,credit_card,Harbor Rewards Card,2022-03-12,,open,5500
A001239,C00453,BR09,credit_card,Harbor Secured Card,2022-03-14,,open,500
A001240,C00769,BR09,checking,Everyday Checking,2022-03-16,,open,
A001241,C00770,BR10,checking,Everyday Checking,2022-03-17,,open,
A001242,C00771,BR15,checking,Everyday Checking,2022-03-24,,open,
A001243,C00259,BR06,savings,High-Yield Savings,2022-03-25,,open,
A001244,C00622,BR07,savings,High-Yield Savings,2022-03-26,,open,
A001245,C00772,BR05,checking,Everyday Checking,2022-04-03,,open,
A001246,C00773,BR17,checking,Premier Checking,2022-04-06,,open,
A001247,C00774,BR03,checking,Student Checking,2022-04-12,,open,
A001248,C00747,BR01,savings,Basic Savings,2022-04-13,,open,
A001249,C00758,BR02,savings,Basic Savings,2022-04-13,,open,
A001250,C00752,BR09,savings,Basic Savings,2022-04-20,,open,
A001251,C00775,BR04,checking,Everyday Checking,2022-04-25,,open,
A001252,C00776,BR01,checking,Everyday Checking,2022-04-29,,open,
A001253,C00688,BR05,savings,Basic Savings,2022-05-05,,open,
A001254,C00777,BR15,checking,Everyday Checking,2022-05-07,,open,
A001255,C00779,BR09,checking,Everyday Checking,2022-05-24,,open,
A001256,C00780,BR12,checking,Everyday Checking,2022-05-26,,open,
A001257,C00761,BR15,savings,High-Yield Savings,2022-05-29,,open,
A001258,C00626,BR17,credit_card,Harbor Rewards Card,2022-06-09,,open,8000
A001259,C00661,BR02,savings,High-Yield Savings,2022-06-12,,open,
A001260,C00712,BR03,savings,Basic Savings,2022-06-12,,open,
A001261,C00781,BR07,checking,Everyday Checking,2022-06-15,,open,
A001262,C00319,BR10,credit_card,Harbor Rewards Card,2022-06-20,,open,14500
A001263,C00363,BR12,savings,High-Yield Savings,2022-06-21,,open,
A001264,C00782,BR03,checking,Student Checking,2022-06-21,,open,
A001265,C00784,BR10,checking,Everyday Checking,2022-06-23,,open,
A001266,C00783,BR16,checking,Everyday Checking,2022-06-27,,open,
A001267,C00725,BR05,credit_card,Harbor Rewards Card,2022-07-01,,open,10500
A001268,C00669,BR18,savings,Basic Savings,2022-07-09,,open,
A001269,C00787,BR10,checking,Everyday Checking,2022-07-09,,open,
A001270,C00786,BR16,checking,Everyday Checking,2022-07-10,,open,
A001271,C00789,BR10,checking,Student Checking,2022-07-10,2026-03-11,closed,
A001272,C00735,BR05,savings,Basic Savings,2022-07-11,,open,
A001273,C00788,BR02,checking,Premier Checking,2022-07-13,,open,
A001274,C00792,BR17,checking,Everyday Checking,2022-07-21,,open,
A001275,C00790,BR02,checking,Everyday Checking,2022-07-26,,open,
A001276,C00791,BR10,checking,Everyday Checking,2022-07-26,,open,
A001277,C00512,BR07,credit_card,Harbor Secured Card,2022-08-02,2025-07-17,closed,1000
A001278,C00793,BR11,checking,Everyday Checking,2022-08-03,,open,
A001279,C00794,BR07,checking,Premier Checking,2022-08-06,,open,
A001280,C00462,BR11,credit_card,Harbor Rewards Card,2022-08-11,,open,25000
A001281,C00781,BR07,savings,High-Yield Savings,2022-08-12,,open,
A001282,C00776,BR01,credit_card,Harbor Rewards Card,2022-08-14,,open,25000
A001283,C00796,BR06,checking,Everyday Checking,2022-08-17,,open,
A001284,C00779,BR09,savings,High-Yield Savings,2022-08-18,,open,
A001285,C00641,BR06,savings,High-Yield Savings,2022-08-23,,open,
A001286,C00795,BR01,checking,Everyday Checking,2022-08-23,,open,
A001287,C00794,BR07,savings,Basic Savings,2022-08-24,,open,
A001288,C00537,BR06,credit_card,Harbor Rewards Card,2022-08-26,2026-05-04,closed,14500
A001289,C00744,BR01,savings,Basic Savings,2022-08-27,,open,
A001290,C00797,BR07,checking,Everyday Checking,2022-08-27,,open,
A001291,C00773,BR17,savings,Basic Savings,2022-08-29,,open,
A001292,C00798,BR10,checking,Everyday Checking,2022-08-29,,open,
A001293,C00351,BR05,savings,Basic Savings,2022-09-03,,open,
A001294,C00799,BR10,checking,Everyday Checking,2022-09-03,,open,
A001295,C00680,BR10,savings,Basic Savings,2022-09-07,,open,
A001296,C00759,BR17,savings,Basic Savings,2022-09-08,,open,
A001297,C00800,BR06,checking,Everyday Checking,2022-09-12,2026-01-08,closed,
A001298,C00779,BR09,credit_card,Harbor Rewards Card,2022-09-13,,open,20500
A001299,C00803,BR05,checking,Student Checking,2022-09-15,,open,
A001300,C00790,BR02,credit_card,Harbor Rewards Card,2022-09-16,,open,3500
A001301,C00801,BR08,checking,Student Checking,2022-09-17,,open,
A001302,C00802,BR14,checking,Everyday Checking,2022-09-18,,open,
A001303,C00804,BR07,checking,Student Checking,2022-09-26,,open,
A001304,C00806,BR03,checking,Premier Checking,2022-09-28,,open,
A001305,C00791,BR10,credit_card,Harbor Rewards Card,2022-09-29,,open,7500
A001306,C00636,BR02,credit_card,Harbor Rewards Card,2022-10-01,,open,25000
A001307,C00808,BR10,checking,Everyday Checking,2022-10-01,,open,
A001308,C00807,BR09,checking,Everyday Checking,2022-10-05,,open,
A001309,C00574,BR11,savings,Basic Savings,2022-10-06,,open,
A001310,C00778,BR02,savings,High-Yield Savings,2022-10-08,,open,
A001311,C00805,BR08,checking,Student Checking,2022-10-08,,open,
A001312,C00714,BR02,savings,High-Yield Savings,2022-10-14,,open,
A001313,C00763,BR01,credit_card,Harbor Rewards Card,2022-10-16,,open,18000
A001314,C00811,BR10,checking,Everyday Checking,2022-10-26,,open,
A001315,C00809,BR06,checking,Everyday Checking,2022-10-27,,open,
A001316,C00810,BR01,checking,Premier Checking,2022-10-27,,open,
A001317,C00700,BR02,savings,Basic Savings,2022-10-29,,open,
A001318,C00812,BR02,checking,Premier Checking,2022-11-02,,open,
A001319,C00813,BR05,checking,Everyday Checking,2022-11-02,,open,
A001320,C00815,BR09,checking,Everyday Checking,2022-11-04,,open,
A001321,C00313,BR01,savings,Basic Savings,2022-11-06,,open,
A001322,C00643,BR01,savings,Basic Savings,2022-11-06,,open,
A001323,C00818,BR01,checking,Everyday Checking,2022-11-06,2026-08-10,closed,
A001324,C00816,BR05,checking,Everyday Checking,2022-11-09,,open,
A001325,C00817,BR15,checking,Everyday Checking,2022-11-16,,open,
A001326,C00185,BR05,credit_card,Harbor Rewards Card,2022-11-18,,open,19000
A001327,C00821,BR03,checking,Everyday Checking,2022-11-30,,open,
A001328,C00819,BR12,checking,Everyday Checking,2022-12-01,,open,
A001329,C00771,BR04,savings,High-Yield Savings,2022-12-06,,open,
A001330,C00822,BR16,checking,Student Checking,2022-12-12,,open,
A001331,C00806,BR03,savings,High-Yield Savings,2022-12-13,,open,
A001332,C00688,BR01,credit_card,Harbor Rewards Card,2022-12-15,,open,10500
A001333,C00823,BR06,checking,Everyday Checking,2022-12-19,,open,
A001334,C00734,BR13,credit_card,Harbor Rewards Card,2022-12-25,,open,25000
A001335,C00726,BR03,credit_card,Harbor Rewards Card,2022-12-27,2025-07-06,closed,6000
A001336,C00824,BR18,checking,Everyday Checking,2023-01-03,2025-07-02,closed,
A001337,C00825,BR07,checking,Everyday Checking,2023-01-03,,open,
A001338,C00826,BR03,checking,Everyday Checking,2023-01-10,,open,
A001339,C00828,BR03,checking,Student Checking,2023-01-21,,open,
A001340,C00829,BR07,checking,Everyday Checking,2023-01-21,,open,
A001341,C00492,BR18,savings,Basic Savings,2023-01-22,,open,
A001342,C00827,BR13,checking,Everyday Checking,2023-01-23,,open,
A001343,C00360,BR10,savings,Basic Savings,2023-01-29,,open,
A001344,C00814,BR01,savings,High-Yield Savings,2023-01-31,,open,
A001345,C00832,BR17,checking,Everyday Checking,2023-02-02,,open,
A001346,C00748,BR02,savings,Basic Savings,2023-02-03,,open,
A001347,C00831,BR01,checking,Everyday Checking,2023-02-04,,open,
A001348,C00835,BR16,checking,Everyday Checking,2023-02-06,,open,
A001349,C00820,BR01,savings,Basic Savings,2023-02-07,2026-02-25,closed,
A001350,C00833,BR15,checking,Student Checking,2023-02-07,,open,
A001351,C00830,BR16,checking,Student Checking,2023-02-08,,open,
A001352,C00708,BR01,savings,Basic Savings,2023-02-09,,open,
A001353,C00834,BR14,checking,Student Checking,2023-02-11,,open,
A001354,C00836,BR16,checking,Premier Checking,2023-02-11,,open,
A001355,C00837,BR02,checking,Everyday Checking,2023-02-17,,open,
A001356,C00838,BR03,checking,Everyday Checking,2023-02-17,2025-12-15,closed,
A001357,C00839,BR13,checking,Everyday Checking,2023-02-17,,open,
A001358,C00382,BR05,savings,Basic Savings,2023-02-19,,open,
A001359,C00775,BR04,savings,Basic Savings,2023-02-20,,open,
A001360,C00840,BR01,checking,Student Checking,2023-02-21,2026-08-16,closed,
A001361,C00841,BR03,checking,Everyday Checking,2023-02-23,,open,
A001362,C00842,BR12,checking,Everyday Checking,2023-02-25,,open,
A001363,C00671,BR02,savings,Basic Savings,2023-02-28,,open,
A001364,C00765,BR17,savings,High-Yield Savings,2023-03-04,,open,
A001365,C00845,BR01,checking,Everyday Checking,2023-03-04,,open,
A001366,C00494,BR08,savings,Basic Savings,2023-03-06,,open,
A001367,C00843,BR08,checking,Student Checking,2023-03-08,,open,
A001368,C00844,BR11,checking,Everyday Checking,2023-03-08,,open,
A001369,C00807,BR09,savings,Basic Savings,2023-03-18,,open,
A001370,C00847,BR01,checking,Everyday Checking,2023-03-18,,open,
A001371,C00850,BR06,checking,Everyday Checking,2023-03-24,,open,
A001372,C00851,BR03,checking,Student Checking,2023-03-24,,open,
A001373,C00848,BR17,checking,Everyday Checking,2023-03-30,,open,
A001374,C00853,BR12,checking,Everyday Checking,2023-04-03,2026-05-20,closed,
A001375,C00849,BR06,checking,Everyday Checking,2023-04-06,,open,
A001376,C00852,BR09,checking,Everyday Checking,2023-04-06,,open,
A001377,C00718,BR16,savings,Basic Savings,2023-04-13,,open,
A001378,C00854,BR05,checking,Everyday Checking,2023-04-14,,open,
A001379,C00595,BR05,savings,Basic Savings,2023-04-16,2026-06-27,closed,
A001380,C00672,BR09,credit_card,Harbor Rewards Card,2023-04-17,,open,25000
A001381,C00640,BR01,savings,Basic Savings,2023-04-18,,open,
A001382,C00855,BR01,checking,Premier Checking,2023-04-22,,open,
A001383,C00859,BR14,checking,Student Checking,2023-05-08,,open,
A001384,C00860,BR17,checking,Everyday Checking,2023-05-14,,open,
A001385,C00810,BR01,savings,Basic Savings,2023-05-15,,open,
A001386,C00858,BR13,checking,Everyday Checking,2023-05-18,,open,
A001387,C00697,BR07,savings,High-Yield Savings,2023-05-20,,open,
A001388,C00861,BR12,checking,Student Checking,2023-05-24,2025-12-28,closed,
A001389,C00762,BR15,savings,Basic Savings,2023-05-26,,open,
A001390,C00862,BR13,checking,Everyday Checking,2023-06-03,,open,
A001391,C00863,BR07,checking,Everyday Checking,2023-06-03,,open,
A001392,C00629,BR10,savings,Basic Savings,2023-06-11,,open,
A001393,C00776,BR01,savings,Basic Savings,2023-06-12,,open,
A001394,C00821,BR11,credit_card,Harbor Rewards Card,2023-06-16,,open,24500
A001395,C00865,BR01,checking,Student Checking,2023-06-19,,open,
A001396,C00577,BR01,credit_card,Harbor Rewards Card,2023-06-25,,open,9000
A001397,C00814,BR01,credit_card,Harbor Rewards Card,2023-06-27,,open,24500
A001398,C00857,BR02,credit_card,Harbor Rewards Card,2023-06-28,,open,25000
A001399,C00768,BR14,savings,Basic Savings,2023-07-01,,open,
A001400,C00856,BR01,savings,High-Yield Savings,2023-07-10,,open,
A001401,C00866,BR18,checking,Everyday Checking,2023-07-15,,open,
A001402,C00867,BR05,checking,Student Checking,2023-07-20,,open,
A001403,C00868,BR01,checking,Premier Checking,2023-07-28,,open,
A001404,C00813,BR16,credit_card,Harbor Secured Card,2023-08-01,,open,1500
A001405,C00765,BR05,credit_card,Harbor Rewards Card,2023-08-04,,open,17500
A001406,C00349,BR05,savings,High-Yield Savings,2023-08-06,,open,
A001407,C00869,BR11,checking,Everyday Checking,2023-08-06,,open,
A001408,C00870,BR18,checking,Everyday Checking,2023-08-10,,open,
A001409,C00822,BR16,savings,Basic Savings,2023-08-12,,open,
A001410,C00871,BR15,checking,Everyday Checking,2023-08-16,,open,
A001411,C00872,BR14,checking,Everyday Checking,2023-08-29,,open,
A001412,C00169,BR02,credit_card,Harbor Rewards Card,2023-09-03,,open,25000
A001413,C00788,BR02,savings,High-Yield Savings,2023-09-03,,open,
A001414,C00811,BR10,savings,High-Yield Savings,2023-09-03,,open,
A001415,C00873,BR14,checking,Student Checking,2023-09-05,,open,
A001416,C00874,BR05,checking,Everyday Checking,2023-09-11,,open,
A001417,C00049,BR04,credit_card,Harbor Rewards Card,2023-09-15,,open,11500
A001418,C00876,BR05,checking,Everyday Checking,2023-09-19,,open,
A001419,C00844,BR11,savings,Basic Savings,2023-09-20,,open,
A001420,C00875,BR14,checking,Everyday Checking,2023-09-25,,open,
A001421,C00877,BR07,checking,Student Checking,2023-09-29,,open,
A001422,C00880,BR14,checking,Everyday Checking,2023-10-02,,open,
A001423,C00878,BR17,checking,Everyday Checking,2023-10-03,,open,
A001424,C00883,BR02,checking,Everyday Checking,2023-10-04,,open,
A001425,C00879,BR10,checking,Student Checking,2023-10-05,,open,
A001426,C00881,BR10,checking,Everyday Checking,2023-10-07,,open,
A001427,C00882,BR06,checking,Everyday Checking,2023-10-07,,open,
A001428,C00884,BR05,checking,Student Checking,2023-10-08,,open,
A001429,C00761,BR15,credit_card,Harbor Rewards Card,2023-10-09,,open,21500
A001430,C00878,BR17,credit_card,Harbor Rewards Card,2023-10-11,,open,15500
A001431,C00836,BR16,credit_card,Harbor Rewards Card,2023-10-12,,open,25000
A001432,C00885,BR01,checking,Everyday Checking,2023-10-17,,open,
A001433,C00886,BR05,checking,Everyday Checking,2023-10-21,,open,
A001434,C00887,BR07,checking,Student Checking,2023-10-30,2025-05-31,closed,
A001435,C00709,BR07,credit_card,Harbor Rewards Card,2023-11-02,,open,25000
A001436,C00889,BR05,checking,Student Checking,2023-11-05,2025-12-10,closed,
A001437,C00890,BR06,checking,Everyday Checking,2023-11-06,,open,
A001438,C00888,BR04,checking,Everyday Checking,2023-11-08,2026-09-04,closed,
A001439,C00891,BR03,checking,Student Checking,2023-11-10,,open,
A001440,C00892,BR07,checking,Everyday Checking,2023-11-20,,open,
A001441,C00868,BR01,savings,High-Yield Savings,2023-11-21,,open,
A001442,C00893,BR15,checking,Student Checking,2023-11-22,,open,
A001443,C00855,BR01,credit_card,Harbor Rewards Card,2023-11-26,,open,21500
A001444,C00895,BR15,checking,Everyday Checking,2023-11-28,,open,
A001445,C00860,BR09,savings,Basic Savings,2023-11-29,,open,
A001446,C00881,BR10,credit_card,Harbor Secured Card,2023-11-29,,open,1250
A001447,C00894,BR05,checking,Student Checking,2023-11-29,,open,
A001448,C00870,BR05,savings,Basic Savings,2023-11-30,,open,
A001449,C00896,BR02,checking,Student Checking,2023-11-30,,open,
A001450,C00832,BR12,savings,Basic Savings,2023-12-04,,open,
A001451,C00897,BR15,checking,Student Checking,2023-12-13,,open,
A001452,C00879,BR06,credit_card,Harbor Rewards Card,2023-12-15,,open,13000
A001453,C00795,BR16,savings,High-Yield Savings,2023-12-18,,open,
A001454,C00712,BR03,credit_card,Harbor Rewards Card,2023-12-19,,open,16000
A001455,C00899,BR02,checking,Student Checking,2023-12-19,,open,
A001456,C00898,BR09,checking,Everyday Checking,2023-12-20,,open,
A001457,C00739,BR01,credit_card,Harbor Rewards Card,2023-12-21,,open,14000
A001458,C00182,BR02,credit_card,Harbor Rewards Card,2023-12-23,,open,15000
A001459,C00612,BR09,savings,High-Yield Savings,2024-01-03,,open,
A001460,C00901,BR06,checking,Everyday Checking,2024-01-04,,open,
A001461,C00900,BR05,checking,Everyday Checking,2024-01-05,,open,
A001462,C00857,BR02,savings,High-Yield Savings,2024-01-18,,open,
A001463,C00902,BR05,checking,Everyday Checking,2024-01-20,,open,
A001464,C00904,BR01,checking,Student Checking,2024-01-25,,open,
A001465,C00893,BR13,savings,Basic Savings,2024-01-31,,open,
A001466,C00903,BR05,checking,Everyday Checking,2024-02-01,,open,
A001467,C00842,BR12,savings,Basic Savings,2024-02-08,,open,
A001468,C00905,BR06,checking,Everyday Checking,2024-02-08,,open,
A001469,C00909,BR11,checking,Everyday Checking,2024-02-08,2025-06-24,closed,
A001470,C00813,BR05,savings,High-Yield Savings,2024-02-09,,open,
A001471,C00906,BR05,checking,Student Checking,2024-02-09,,open,
A001472,C00907,BR16,checking,Student Checking,2024-02-09,,open,
A001473,C00829,BR07,credit_card,Harbor Rewards Card,2024-02-11,,open,17000
A001474,C00908,BR14,checking,Everyday Checking,2024-02-15,2025-05-05,closed,
A001475,C00602,BR01,credit_card,Harbor Rewards Card,2024-02-17,,open,5000
A001476,C00486,BR15,savings,High-Yield Savings,2024-02-18,,open,
A001477,C00713,BR13,savings,Basic Savings,2024-02-18,,open,
A001478,C00910,BR05,checking,Premier Checking,2024-02-18,,open,
A001479,C00863,BR07,credit_card,Harbor Rewards Card,2024-02-19,,open,13500
A001480,C00695,BR10,savings,Basic Savings,2024-02-24,,open,
A001481,C00911,BR08,checking,Student Checking,2024-02-25,,open,
A001482,C00902,BR05,credit_card,Harbor Rewards Card,2024-03-02,,open,4500
A001483,C00859,BR14,credit_card,Harbor Rewards Card,2024-03-06,,open,2500
A001484,C00330,BR05,credit_card,Harbor Rewards Card,2024-03-07,,open,21500
A001485,C00915,BR02,checking,Everyday Checking,2024-03-10,,open,
A001486,C00864,BR15,savings,Basic Savings,2024-03-12,,open,
A001487,C00913,BR15,checking,Everyday Checking,2024-03-12,,open,
A001488,C00912,BR05,checking,Everyday Checking,2024-03-13,,open,
A001489,C00914,BR18,checking,Student Checking,2024-03-15,,open,
A001490,C00700,BR02,credit_card,Harbor Rewards Card,2024-03-18,,open,1500
A001491,C00809,BR06,credit_card,Harbor Secured Card,2024-03-30,,open,500
A001492,C00916,BR13,checking,Student Checking,2024-03-30,,open,
A001493,C00917,BR03,checking,Student Checking,2024-04-01,,open,
A001494,C00906,BR05,savings,Basic Savings,2024-04-08,,open,
A001495,C00910,BR02,savings,High-Yield Savings,2024-04-08,,open,
A001496,C00903,BR05,credit_card,Harbor Rewards Card,2024-04-09,,open,6500
A001497,C00921,BR07,checking,Everyday Checking,2024-04-10,,open,
A001498,C00875,BR14,credit_card,Harbor Rewards Card,2024-04-13,,open,22000
A001499,C00866,BR18,savings,Basic Savings,2024-04-14,,open,
A001500,C00918,BR05,checking,Everyday Checking,2024-04-14,,open,
A001501,C00922,BR09,checking,Everyday Checking,2024-04-14,,open,
A001502,C00919,BR04,checking,Student Checking,2024-04-16,,open,
A001503,C00296,BR05,savings,High-Yield Savings,2024-04-19,,open,
A001504,C00786,BR16,savings,Basic Savings,2024-04-20,,open,
A001505,C00920,BR07,checking,Student Checking,2024-04-20,,open,
A001506,C00925,BR01,checking,Everyday Checking,2024-05-09,2026-07-28,closed,
A001507,C00924,BR03,checking,Everyday Checking,2024-05-10,,open,
A001508,C00927,BR16,checking,Student Checking,2024-05-18,,open,
A001509,C00926,BR06,checking,Everyday Checking,2024-05-19,,open,
A001510,C00623,BR06,credit_card,Harbor Rewards Card,2024-05-23,,open,25000
A001511,C00898,BR09,savings,Basic Savings,2024-05-24,,open,
A001512,C00928,BR15,checking,Student Checking,2024-05-25,2025-11-22,closed,
A001513,C00911,BR11,savings,Basic Savings,2024-05-26,,open,
A001514,C00652,BR03,credit_card,Harbor Rewards Card,2024-05-29,,open,4500
A001515,C00897,BR15,savings,Basic Savings,2024-05-31,,open,
A001516,C00911,BR11,credit_card,Harbor Rewards Card,2024-06-03,,open,10000
A001517,C00929,BR06,checking,Everyday Checking,2024-06-03,,open,
A001518,C00932,BR06,checking,Everyday Checking,2024-06-03,,open,
A001519,C00623,BR06,savings,High-Yield Savings,2024-06-05,,open,
A001520,C00890,BR08,savings,High-Yield Savings,2024-06-05,,open,
A001521,C00930,BR15,checking,Student Checking,2024-06-05,,open,
A001522,C00828,BR03,savings,Basic Savings,2024-06-11,,open,
A001523,C00931,BR08,checking,Everyday Checking,2024-06-11,2025-07-29,closed,
A001524,C00933,BR01,checking,Student Checking,2024-06-17,2026-07-16,closed,
A001525,C00823,BR06,credit_card,Harbor Rewards Card,2024-06-22,,open,4000
A001526,C00935,BR05,checking,Everyday Checking,2024-06-26,,open,
A001527,C00934,BR07,checking,Everyday Checking,2024-06-28,,open,
A001528,C00929,BR06,savings,High-Yield Savings,2024-07-05,,open,
A001529,C00936,BR06,checking,Everyday Checking,2024-07-07,,open,
A001530,C00937,BR18,checking,Everyday Checking,2024-07-07,,open,
A001531,C00892,BR07,credit_card,Harbor Rewards Card,2024-07-09,,open,15000
A001532,C00785,BR01,savings,High-Yield Savings,2024-07-12,,open,
A001533,C00618,BR09,credit_card,Harbor Rewards Card,2024-07-14,,open,25000
A001534,C00812,BR02,savings,High-Yield Savings,2024-07-15,,open,
A001535,C00683,BR18,credit_card,Harbor Rewards Card,2024-07-19,,open,20500
A001536,C00938,BR02,checking,Everyday Checking,2024-07-26,,open,
A001537,C00940,BR05,checking,Everyday Checking,2024-08-01,2026-06-07,closed,
A001538,C00939,BR05,checking,Everyday Checking,2024-08-06,2026-01-14,closed,
A001539,C00938,BR02,savings,Basic Savings,2024-08-07,,open,
A001540,C00798,BR05,savings,Basic Savings,2024-08-08,,open,
A001541,C00899,BR02,credit_card,Harbor Rewards Card,2024-08-08,,open,6500
A001542,C00941,BR15,checking,Everyday Checking,2024-08-08,2026-06-24,closed,
A001543,C00817,BR15,savings,Basic Savings,2024-08-16,,open,
A001544,C00880,BR14,savings,Basic Savings,2024-08-20,,open,
A001545,C00934,BR07,savings,High-Yield Savings,2024-08-21,,open,
A001546,C00843,BR08,credit_card,Harbor Rewards Card,2024-08-22,,open,1500
A001547,C00942,BR05,checking,Everyday Checking,2024-08-22,,open,
A001548,C00943,BR06,checking,Everyday Checking,2024-09-08,,open,
A001549,C00585,BR01,savings,Basic Savings,2024-09-11,,open,
A001550,C00942,BR05,credit_card,Harbor Rewards Card,2024-09-16,,open,17000
A001551,C00944,BR11,checking,Everyday Checking,2024-09-16,2025-09-22,closed,
A001552,C00946,BR16,checking,Student Checking,2024-09-21,2025-07-30,closed,
A001553,C00945,BR12,checking,Everyday Checking,2024-09-23,2025-11-28,closed,
A001554,C00947,BR03,checking,Student Checking,2024-09-25,,open,
A001555,C00745,BR16,credit_card,Harbor Secured Card,2024-09-29,,open,500
A001556,C00948,BR12,checking,Student Checking,2024-10-01,2026-06-18,closed,
A001557,C00950,BR15,checking,Everyday Checking,2024-10-04,,open,
A001558,C00949,BR03,checking,Everyday Checking,2024-10-11,2026-03-13,closed,
A001559,C00951,BR10,checking,Everyday Checking,2024-10-16,,open,
A001560,C00953,BR14,checking,Everyday Checking,2024-10-16,2026-07-10,closed,
A001561,C00617,BR08,credit_card,Harbor Rewards Card,2024-10-18,,open,5000
A001562,C00922,BR09,credit_card,Harbor Rewards Card,2024-10-19,,open,6500
A001563,C00297,BR18,credit_card,Harbor Rewards Card,2024-10-20,,open,25000
A001564,C00300,BR12,credit_card,Harbor Rewards Card,2024-10-21,2026-05-10,closed,25000
A001565,C00952,BR01,checking,Student Checking,2024-10-23,,open,
A001566,C00905,BR06,savings,Basic Savings,2024-10-26,,open,
A001567,C00954,BR16,checking,Everyday Checking,2024-10-26,,open,
A001568,C00956,BR01,checking,Everyday Checking,2024-10-30,2026-08-20,closed,
A001569,C00913,BR15,savings,Basic Savings,2024-11-01,,open,
A001570,C00955,BR13,checking,Everyday Checking,2024-11-01,,open,
A001571,C00854,BR05,savings,High-Yield Savings,2024-11-07,,open,
A001572,C00957,BR08,checking,Everyday Checking,2024-11-08,,open,
A001573,C00802,BR14,savings,Basic Savings,2024-11-09,,open,
A001574,C00873,BR14,credit_card,Harbor Rewards Card,2024-11-16,,open,3000
A001575,C00576,BR09,savings,High-Yield Savings,2024-11-19,,open,
A001576,C00958,BR01,checking,Student Checking,2024-11-20,2025-05-14,closed,
A001577,C00959,BR13,checking,Student Checking,2024-11-26,2025-05-18,closed,
A001578,C00960,BR11,checking,Everyday Checking,2024-11-28,,open,
A001579,C00849,BR03,savings,High-Yield Savings,2024-11-29,,open,
A001580,C00811,BR10,credit_card,Harbor Rewards Card,2024-12-04,,open,14500
A001581,C00856,BR01,credit_card,Harbor Rewards Card,2024-12-04,,open,7000
A001582,C00961,BR05,checking,Premier Checking,2024-12-04,2026-06-16,closed,
A001583,C00419,BR10,credit_card,Harbor Rewards Card,2024-12-08,,open,19000
A001584,C00714,BR02,credit_card,Harbor Secured Card,2024-12-13,,open,1250
A001585,C00890,BR08,credit_card,Harbor Rewards Card,2024-12-21,,open,6000
A001586,C00737,BR12,credit_card,Harbor Rewards Card,2025-01-01,,open,20500
A001587,C00965,BR04,checking,Everyday Checking,2025-01-01,,open,
A001588,C00962,BR03,checking,Everyday Checking,2025-01-03,2025-08-26,closed,
A001589,C00963,BR13,checking,Student Checking,2025-01-03,,open,
A001590,C00905,BR06,credit_card,Harbor Rewards Card,2025-01-06,,open,25000
A001591,C00964,BR16,checking,Everyday Checking,2025-01-06,2025-09-25,closed,
A001592,C00957,BR08,savings,Basic Savings,2025-01-14,,open,
A001593,C00967,BR16,checking,Student Checking,2025-01-14,2025-05-19,closed,
A001594,C00969,BR11,checking,Everyday Checking,2025-01-16,,open,
A001595,C00966,BR06,checking,Everyday Checking,2025-01-18,,open,
A001596,C00846,BR01,credit_card,Harbor Rewards Card,2025-01-19,,open,16500
A001597,C00970,BR11,checking,Everyday Checking,2025-01-19,,open,
A001598,C00933,BR01,savings,Basic Savings,2025-01-20,2026-06-16,closed,
A001599,C00968,BR06,checking,Everyday Checking,2025-01-22,,open,
A001600,C00971,BR01,checking,Everyday Checking,2025-01-23,,open,
A001601,C00808,BR10,credit_card,Harbor Rewards Card,2025-01-25,,open,13000
A001602,C00109,BR09,savings,Basic Savings,2025-01-30,,open,
A001603,C00576,BR15,credit_card,Harbor Rewards Card,2025-01-31,,open,20500
A001604,C00858,BR13,credit_card,Harbor Rewards Card,2025-02-01,,open,7500
A001605,C00818,BR01,credit_card,Harbor Rewards Card,2025-02-02,2026-08-16,closed,12000
A001606,C00845,BR01,savings,Basic Savings,2025-02-06,,open,
A001607,C00952,BR01,credit_card,Harbor Secured Card,2025-02-06,,open,500
A001608,C00649,BR11,credit_card,Harbor Rewards Card,2025-02-08,,open,18500
A001609,C00972,BR12,checking,Everyday Checking,2025-02-13,2026-05-07,closed,
A001610,C00715,BR09,savings,High-Yield Savings,2025-02-18,,open,
A001611,C00914,BR18,savings,High-Yield Savings,2025-02-18,,open,
A001612,C00974,BR02,checking,Everyday Checking,2025-03-05,2025-09-08,closed,
A001613,C00923,BR13,savings,Basic Savings,2025-03-09,,open,
A001614,C00976,BR10,checking,Student Checking,2025-03-13,,open,
A001615,C00926,BR06,credit_card,Harbor Rewards Card,2025-03-14,,open,4000
A001616,C00975,BR11,checking,Everyday Checking,2025-03-16,,open,
A001617,C00958,BR01,savings,Basic Savings,2025-03-22,2025-06-22,closed,
A001618,C00698,BR01,credit_card,Harbor Rewards Card,2025-03-25,,open,25000
A001619,C00978,BR12,checking,Student Checking,2025-03-27,,open,
A001620,C00977,BR01,checking,Student Checking,2025-04-01,,open,
A001621,C00970,BR11,savings,High-Yield Savings,2025-04-04,,open,
A001622,C00979,BR01,checking,Student Checking,2025-04-04,,open,
A001623,C00981,BR06,checking,Everyday Checking,2025-04-06,,open,
A001624,C00980,BR17,checking,Student Checking,2025-04-08,,open,
A001625,C00423,BR14,savings,High-Yield Savings,2025-04-16,,open,
A001626,C00982,BR15,checking,Premier Checking,2025-04-21,,open,
A001627,C00523,BR06,savings,Basic Savings,2025-04-24,,open,
A001628,C00945,BR12,savings,Basic Savings,2025-04-28,2025-11-14,closed,
A001629,C00984,BR15,checking,Student Checking,2025-05-01,,open,
A001630,C00979,BR01,savings,Basic Savings,2025-05-02,,open,
A001631,C00983,BR10,checking,Student Checking,2025-05-09,,open,
A001632,C00986,BR02,checking,Student Checking,2025-05-10,,open,
A001633,C00932,BR06,credit_card,Harbor Rewards Card,2025-05-12,,open,6500
A001634,C00985,BR03,checking,Everyday Checking,2025-05-17,,open,
A001635,C00966,BR11,savings,Basic Savings,2025-05-19,,open,
A001636,C00988,BR02,checking,Student Checking,2025-06-07,2026-05-29,closed,
A001637,C00989,BR05,checking,Student Checking,2025-06-11,,open,
A001638,C00817,BR15,credit_card,Harbor Rewards Card,2025-06-16,,open,17000
A001639,C00990,BR15,checking,Everyday Checking,2025-06-16,,open,
A001640,C00727,BR03,credit_card,Harbor Rewards Card,2025-06-23,,open,8000
A001641,C00991,BR04,checking,Everyday Checking,2025-06-27,,open,
A001642,C00992,BR06,checking,Student Checking,2025-07-04,,open,
A001643,C00993,BR06,checking,Student Checking,2025-07-07,2026-02-19,closed,
A001644,C00068,BR15,credit_card,Harbor Rewards Card,2025-07-13,,open,6000
A001645,C00994,BR08,checking,Premier Checking,2025-07-15,,open,
A001646,C00972,BR12,savings,High-Yield Savings,2025-07-22,2026-05-26,closed,
A001647,C00995,BR05,checking,Everyday Checking,2025-07-31,,open,
A001648,C00996,BR05,checking,Student Checking,2025-07-31,,open,
A001649,C00965,BR04,credit_card,Harbor Rewards Card,2025-08-09,,open,4500
A001650,C00998,BR06,checking,Student Checking,2025-08-11,,open,
A001651,C00997,BR18,checking,Premier Checking,2025-08-13,,open,
A001652,C00994,BR08,credit_card,Harbor Rewards Card,2025-08-14,,open,25000
A001653,C00999,BR10,checking,Everyday Checking,2025-08-15,,open,
A001654,C00976,BR10,savings,High-Yield Savings,2025-08-16,,open,
A001655,C00997,BR18,credit_card,Harbor Rewards Card,2025-08-28,,open,25000
A001656,C01001,BR08,checking,Everyday Checking,2025-08-29,,open,
A001657,C00982,BR15,savings,High-Yield Savings,2025-08-30,,open,
A001658,C01002,BR08,checking,Everyday Checking,2025-09-01,,open,
A001659,C00972,BR12,credit_card,Harbor Rewards Card,2025-09-03,2026-05-24,closed,7500
A001660,C00990,BR04,credit_card,Harbor Rewards Card,2025-09-03,,open,5000
A001661,C01000,BR02,checking,Everyday Checking,2025-09-03,,open,
A001662,C00690,BR09,savings,Basic Savings,2025-09-06,,open,
A001663,C01003,BR12,checking,Everyday Checking,2025-09-06,,open,
A001664,C01006,BR07,checking,Student Checking,2025-09-13,,open,
A001665,C00998,BR06,savings,Basic Savings,2025-09-15,,open,
A001666,C01004,BR12,checking,Everyday Checking,2025-09-16,,open,
A001667,C00360,BR10,credit_card,Harbor Rewards Card,2025-09-17,,open,24000
A001668,C00991,BR04,savings,Basic Savings,2025-09-19,,open,
A001669,C01005,BR10,checking,Everyday Checking,2025-09-19,,open,
A001670,C01008,BR01,checking,Student Checking,2025-09-22,,open,
A001671,C00056,BR07,credit_card,Harbor Rewards Card,2025-09-25,,open,25000
A001672,C01000,BR02,savings,Basic Savings,2025-09-27,,open,
A001673,C01007,BR09,checking,Everyday Checking,2025-09-29,,open,
A001674,C01002,BR08,savings,Basic Savings,2025-10-04,,open,
A001675,C01009,BR12,checking,Student Checking,2025-10-07,,open,
A001676,C00596,BR05,credit_card,Harbor Rewards Card,2025-10-12,,open,4000
A001677,C01010,BR12,checking,Everyday Checking,2025-10-16,,open,
A001678,C00977,BR01,savings,Basic Savings,2025-10-21,,open,
A001679,C01012,BR16,checking,Student Checking,2025-10-24,,open,
A001680,C01011,BR02,checking,Student Checking,2025-10-27,,open,
A001681,C00168,BR04,savings,High-Yield Savings,2025-10-30,,open,
A001682,C01013,BR16,checking,Everyday Checking,2025-10-30,2026-07-07,closed,
A001683,C00999,BR10,savings,Basic Savings,2025-11-03,,open,
A001684,C01014,BR09,checking,Student Checking,2025-11-05,,open,
A001685,C01006,BR07,savings,High-Yield Savings,2025-11-06,,open,
A001686,C01015,BR04,checking,Student Checking,2025-11-15,,open,
A001687,C00980,BR17,credit_card,Harbor Rewards Card,2025-11-16,,open,5000
A001688,C01016,BR03,checking,Student Checking,2025-11-19,2026-04-24,closed,
A001689,C01018,BR03,checking,Student Checking,2025-12-02,2026-05-14,closed,
A001690,C00498,BR13,savings,Basic Savings,2025-12-07,,open,
A001691,C01020,BR08,checking,Student Checking,2025-12-09,,open,
A001692,C00402,BR05,savings,Basic Savings,2025-12-10,,open,
A001693,C01019,BR05,checking,Everyday Checking,2025-12-10,,open,
A001694,C00982,BR15,credit_card,Harbor Rewards Card,2025-12-11,,open,15500
A001695,C01017,BR01,credit_card,Harbor Rewards Card,2025-12-16,,open,17500
A001696,C01021,BR14,checking,Student Checking,2025-12-19,2026-08-14,closed,
A001697,C01023,BR07,checking,Student Checking,2025-12-26,,open,
A001698,C01005,BR05,credit_card,Harbor Rewards Card,2025-12-27,,open,6500
A001699,C01024,BR09,checking,Everyday Checking,2025-12-30,,open,
A001700,C01022,BR13,checking,Everyday Checking,2025-12-31,2026-02-01,closed,
A001701,C01025,BR07,checking,Student Checking,2026-01-05,,open,
A001702,C01027,BR02,checking,Everyday Checking,2026-01-07,,open,
A001703,C01016,BR03,savings,Basic Savings,2026-01-08,2026-03-27,closed,
A001704,C00511,BR05,credit_card,Harbor Rewards Card,2026-01-14,,open,14000
A001705,C00895,BR14,savings,Basic Savings,2026-01-14,,open,
A001706,C01026,BR10,checking,Everyday Checking,2026-01-15,,open,
A001707,C00926,BR06,savings,Basic Savings,2026-01-17,,open,
A001708,C01028,BR10,checking,Everyday Checking,2026-01-20,,open,
A001709,C01029,BR18,checking,Everyday Checking,2026-01-23,,open,
A001710,C00978,BR14,credit_card,Harbor Rewards Card,2026-01-24,,open,4000
A001711,C01030,BR10,checking,Student Checking,2026-02-02,2026-08-04,closed,
A001712,C01031,BR05,checking,Student Checking,2026-02-02,,open,
A001713,C01033,BR02,checking,Student Checking,2026-02-04,2026-08-09,closed,
A001714,C01019,BR04,credit_card,Harbor Rewards Card,2026-02-05,,open,3000
A001715,C01034,BR10,checking,Student Checking,2026-02-05,,open,
A001716,C01032,BR03,checking,Student Checking,2026-02-08,,open,
A001717,C01035,BR12,checking,Student Checking,2026-02-17,,open,
A001718,C00888,BR04,savings,Basic Savings,2026-02-20,2026-09-23,closed,
A001719,C01036,BR11,checking,Everyday Checking,2026-02-22,,open,
A001720,C01039,BR15,checking,Student Checking,2026-02-24,,open,
A001721,C01035,BR12,savings,Basic Savings,2026-02-26,,open,
A001722,C01037,BR01,checking,Student Checking,2026-02-28,,open,
A001723,C01040,BR07,checking,Everyday Checking,2026-03-03,,open,
A001724,C01038,BR10,checking,Everyday Checking,2026-03-04,,open,
A001725,C00929,BR06,credit_card,Harbor Rewards Card,2026-03-05,,open,17500
A001726,C01026,BR10,savings,Basic Savings,2026-03-07,,open,
A001727,C01036,BR11,savings,Basic Savings,2026-03-11,,open,
A001728,C01041,BR05,checking,Student Checking,2026-03-13,,open,
A001729,C01043,BR06,checking,Everyday Checking,2026-03-17,,open,
A001730,C00973,BR09,credit_card,Harbor Rewards Card,2026-03-18,,open,5500
A001731,C01025,BR07,savings,Basic Savings,2026-03-19,,open,
A001732,C01042,BR14,checking,Student Checking,2026-03-21,,open,
A001733,C00994,BR08,savings,High-Yield Savings,2026-03-23,,open,
A001734,C01024,BR09,savings,Basic Savings,2026-03-28,,open,
A001735,C01044,BR14,checking,Student Checking,2026-03-30,2026-04-04,closed,
A001736,C01014,BR09,savings,Basic Savings,2026-04-05,,open,
A001737,C01045,BR16,checking,Everyday Checking,2026-04-10,,open,
A001738,C01046,BR05,checking,Student Checking,2026-04-10,,open,
A001739,C01016,BR03,credit_card,Harbor Rewards Card,2026-04-13,,open,8000
A001740,C01048,BR18,checking,Everyday Checking,2026-04-18,,open,
A001741,C00997,BR18,savings,High-Yield Savings,2026-04-28,,open,
A001742,C01046,BR18,savings,Basic Savings,2026-05-06,,open,
A001743,C01051,BR12,checking,Student Checking,2026-05-08,,open,
A001744,C01049,BR12,checking,Everyday Checking,2026-05-10,,open,
A001745,C01050,BR06,checking,Everyday Checking,2026-05-11,,open,
A001746,C01011,BR12,savings,Basic Savings,2026-05-13,,open,
A001747,C01053,BR05,checking,Student Checking,2026-05-19,,open,
A001748,C01052,BR05,checking,Student Checking,2026-05-22,,open,
A001749,C01034,BR10,savings,High-Yield Savings,2026-05-23,,open,
A001750,C00987,BR07,savings,Basic Savings,2026-05-30,,open,
A001751,C01054,BR05,checking,Student Checking,2026-05-30,,open,
A001752,C01055,BR05,checking,Everyday Checking,2026-05-30,,open,
A001753,C00285,BR16,savings,Basic Savings,2026-06-03,,open,
A001754,C01056,BR08,checking,Student Checking,2026-06-08,2026-09-16,closed,
A001755,C01047,BR08,savings,Basic Savings,2026-06-23,,open,
A001756,C01057,BR18,checking,Everyday Checking,2026-06-30,,open,
A001757,C00624,BR05,credit_card,Harbor Rewards Card,2026-07-04,,open,25000
A001758,C01049,BR10,savings,Basic Savings,2026-07-05,,open,
A001759,C01058,BR10,checking,Student Checking,2026-07-08,,open,
A001760,C01056,BR08,credit_card,Harbor Rewards Card,2026-07-20,2026-09-09,closed,5000
A001761,C01059,BR05,checking,Student Checking,2026-07-26,,open,
A001762,C01055,BR04,credit_card,Harbor Rewards Card,2026-07-29,,open,6500
A001763,C00242,BR01,savings,High-Yield Savings,2026-08-07,,open,
A001764,C01058,BR10,savings,Basic Savings,2026-08-08,,open,
A001765,C01030,BR10,credit_card,Harbor Rewards Card,2026-08-15,,open,5000
A001766,C00116,BR13,credit_card,Harbor Rewards Card,2026-08-23,,open,25000
A001767,C00110,BR05,credit_card,Harbor Rewards Card,2026-09-04,,open,25000
A001768,C01051,BR11,credit_card,Harbor Secured Card,2026-09-08,,open,500
A001769,C01059,BR05,savings,High-Yield Savings,2026-09-10,,open,
A001770,C00599,BR18,savings,Basic Savings,2026-09-15,,open,
A001771,C01060,BR06,checking,Student Checking,2026-09-22,,open,
A001772,C00007,BR03,savings,High-Yield Savings,2026-09-27,,open,
A001773,C00040,BR10,credit_card,Harbor Rewards Card,2026-09-27,,open,23500
A001774,C00043,BR09,savings,Basic Savings,2026-09-27,,open,
A001775,C00066,BR05,credit_card,Harbor Rewards Card,2026-09-27,,open,20000
A001776,C00147,BR01,savings,High-Yield Savings,2026-09-27,,open,
A001777,C00224,BR03,credit_card,Harbor Rewards Card,2026-09-27,,open,25000
A001778,C00239,BR01,credit_card,Harbor Rewards Card,2026-09-27,,open,25000
A001779,C00239,BR01,savings,Basic Savings,2026-09-27,,open,
A001780,C00335,BR16,credit_card,Harbor Rewards Card,2026-09-27,,open,25000
A001781,C00336,BR05,savings,Basic Savings,2026-09-27,,open,
A001782,C00351,BR03,credit_card,Harbor Rewards Card,2026-09-27,,open,6000
A001783,C00362,BR04,credit_card,Harbor Rewards Card,2026-09-27,,open,25000
A001784,C00436,BR06,savings,High-Yield Savings,2026-09-27,,open,
A001785,C00443,BR18,credit_card,Harbor Rewards Card,2026-09-27,,open,25000
A001786,C00456,BR15,savings,Basic Savings,2026-09-27,,open,
A001787,C00465,BR06,credit_card,Harbor Rewards Card,2026-09-27,,open,13000
A001788,C00490,BR09,credit_card,Harbor Rewards Card,2026-09-27,,open,25000
A001789,C00492,BR18,credit_card,Harbor Rewards Card,2026-09-27,,open,25000
A001790,C00539,BR10,savings,Basic Savings,2026-09-27,,open,
A001791,C00545,BR01,credit_card,Harbor Rewards Card,2026-09-27,,open,16500
A001792,C00578,BR09,credit_card,Harbor Rewards Card,2026-09-27,,open,8500
A001793,C00634,BR09,credit_card,Harbor Rewards Card,2026-09-27,,open,13000
A001794,C00662,BR02,credit_card,Harbor Rewards Card,2026-09-27,,open,8500
A001795,C00675,BR10,credit_card,Harbor Rewards Card,2026-09-27,,open,25000
A001796,C00678,BR02,credit_card,Harbor Rewards Card,2026-09-27,,open,14500
A001797,C00692,BR05,credit_card,Harbor Rewards Card,2026-09-27,,open,14500
A001798,C00785,BR07,credit_card,Harbor Rewards Card,2026-09-27,,open,17000
A001799,C00792,BR09,savings,Basic Savings,2026-09-27,,open,
A001800,C00797,BR07,credit_card,Harbor Rewards Card,2026-09-27,,open,10500
A001801,C00833,BR15,credit_card,Harbor Secured Card,2026-09-27,,open,1500
A001802,C00854,BR05,credit_card,Harbor Rewards Card,2026-09-27,,open,25000
A001803,C00957,BR11,credit_card,Harbor Rewards Card,2026-09-27,,open,18000
A001804,C00970,BR16,credit_card,Harbor Rewards Card,2026-09-27,,open,8000
A001805,C01045,BR16,credit_card,Harbor Rewards Card,2026-09-27,,open,4000
A001806,C01058,BR10,credit_card,Harbor Rewards Card,2026-09-27,,open,8000
A001807,C01060,BR06,savings,Basic Savings,2026-09-27,,open,
