payment_id,loan_id,installment_number,due_date,scheduled_amount,paid_amount,paid_date,days_past_due,payment_status
P000001,L00166,15,2024-11-25,633.61,0.0,,181,unpaid
P000002,L00118,22,2024-12-04,114.98,0.0,,121,unpaid
P000003,L00166,16,2024-12-25,633.61,0.0,,151,unpaid
P000004,L00118,23,2025-01-04,114.98,0.0,,90,unpaid
P000005,L00166,17,2025-01-25,633.61,0.0,,120,unpaid
P000006,L00118,24,2025-02-04,114.98,0.0,,59,unpaid
P000007,L00092,30,2025-02-05,1072.0,1072.0,2025-05-26,110,paid_late
P000008,L00166,18,2025-02-25,633.61,0.0,,89,unpaid
P000009,L00139,22,2025-02-28,301.45,301.45,2025-04-12,43,paid_late
P000010,L00118,25,2025-03-04,114.98,0.0,,31,unpaid
P000011,L00092,31,2025-03-05,1072.0,1072.0,2025-05-26,82,paid_late
P000012,L00038,61,2025-03-13,1052.17,1052.17,2025-04-02,20,paid_late
P000013,L00249,7,2025-03-23,648.22,648.22,2025-06-16,85,paid_late
P000014,L00305,1,2025-03-23,322.19,0.0,,122,unpaid
P000015,L00072,38,2025-03-24,1714.68,1714.68,2025-04-04,11,paid_late
P000016,L00166,19,2025-03-25,633.61,0.0,,61,unpaid
P000017,L00244,8,2025-03-25,797.65,797.65,2025-04-03,9,paid_late
P000018,L00079,36,2025-03-28,553.36,553.36,2025-04-03,6,paid_late
P000019,L00139,23,2025-03-28,301.45,301.45,2025-04-12,15,paid_late
P000020,L00267,5,2025-03-28,353.61,0.0,,122,unpaid
P000021,L00066,39,2025-04-01,856.43,856.43,2025-03-30,0,paid_on_time
P000022,L00067,39,2025-04-01,5150.69,5150.69,2025-03-29,0,paid_on_time
P000023,L00099,29,2025-04-01,1471.68,1471.68,2025-03-31,0,paid_on_time
P000024,L00100,29,2025-04-01,1187.24,1187.24,2025-03-30,0,paid_on_time
P000025,L00109,27,2025-04-01,2101.11,2101.11,2025-03-30,0,paid_on_time
P000026,L00157,21,2025-04-01,328.41,328.41,2025-03-29,0,paid_on_time
P000027,L00268,5,2025-04-01,3738.67,3738.67,2025-03-29,0,paid_on_time
P000028,L00011,128,2025-04-02,3685.16,3685.16,2025-03-31,0,paid_on_time
P000029,L00025,87,2025-04-02,873.16,873.16,2025-03-30,0,paid_on_time
P000030,L00048,49,2025-04-02,3101.68,3101.68,2025-03-31,0,paid_on_time
P000031,L00124,25,2025-04-02,1451.35,1451.35,2025-04-10,8,paid_late
P000032,L00133,24,2025-04-02,4939.5,4939.5,2025-03-31,0,paid_on_time
P000033,L00146,22,2025-04-02,177.47,177.47,2025-04-01,0,paid_on_time
P000034,L00174,18,2025-04-02,588.33,588.33,2025-04-01,0,paid_on_time
P000035,L00221,11,2025-04-02,90.7,90.7,2025-03-31,0,paid_on_time
P000036,L00251,7,2025-04-02,360.6,360.6,2025-04-01,0,paid_on_time
P000037,L00258,6,2025-04-02,2005.5,2005.5,2025-03-30,0,paid_on_time
P000038,L00273,4,2025-04-02,696.31,696.31,2025-03-31,0,paid_on_time
P000039,L00307,1,2025-04-02,641.01,641.01,2025-03-31,0,paid_on_time
P000040,L00021,97,2025-04-03,1229.88,1229.88,2025-04-01,0,paid_on_time
P000041,L00075,38,2025-04-03,921.85,921.85,2025-03-31,0,paid_on_time
P000042,L00101,29,2025-04-03,420.86,420.86,2025-04-01,0,paid_on_time
P000043,L00105,28,2025-04-03,3823.79,3823.79,2025-04-03,0,paid_on_time
P000044,L00125,25,2025-04-03,965.75,965.75,2025-04-01,0,paid_on_time
P000045,L00140,23,2025-04-03,114.61,114.61,2025-04-02,0,paid_on_time
P000046,L00141,23,2025-04-03,913.41,913.41,2025-04-01,0,paid_on_time
P000047,L00162,20,2025-04-03,596.07,596.07,2025-04-02,0,paid_on_time
P000048,L00180,17,2025-04-03,1447.87,1447.87,2025-04-03,0,paid_on_time
P000049,L00230,10,2025-04-03,268.46,268.46,2025-03-31,0,paid_on_time
P000050,L00269,5,2025-04-03,334.66,334.66,2025-03-31,0,paid_on_time
P000051,L00296,2,2025-04-03,1097.72,1097.72,2025-04-02,0,paid_on_time
P000052,L00308,1,2025-04-03,98.58,98.58,2025-04-02,0,paid_on_time
P000053,L00003,140,2025-04-04,1484.61,1484.61,2025-04-04,0,paid_on_time
P000054,L00058,42,2025-04-04,828.64,828.64,2025-04-03,0,paid_on_time
P000055,L00239,9,2025-04-04,1684.67,1684.67,2025-04-01,0,paid_on_time
P000056,L00259,6,2025-04-04,182.52,182.52,2025-04-02,0,paid_on_time
P000057,L00051,47,2025-04-05,1900.45,1900.45,2025-04-02,0,paid_on_time
P000058,L00068,39,2025-04-05,527.5,527.5,2025-04-03,0,paid_on_time
P000059,L00069,39,2025-04-05,1481.4,1481.4,2025-04-04,0,paid_on_time
P000060,L00092,32,2025-04-05,1072.0,1072.0,2025-05-26,51,paid_late
P000061,L00110,27,2025-04-05,672.22,672.22,2025-04-05,0,paid_on_time
P000062,L00201,14,2025-04-05,286.02,286.02,2025-04-02,0,paid_on_time
P000063,L00214,12,2025-04-05,381.85,381.85,2025-04-04,0,paid_on_time
P000064,L00222,11,2025-04-05,671.48,671.48,2025-04-02,0,paid_on_time
P000065,L00247,8,2025-04-05,69.37,69.37,2025-04-02,0,paid_on_time
P000066,L00252,7,2025-04-05,2944.96,2944.96,2025-04-03,0,paid_on_time
P000067,L00253,7,2025-04-05,250.97,250.97,2025-04-06,1,paid_late
P000068,L00260,6,2025-04-05,494.43,494.43,2025-04-03,0,paid_on_time
P000069,L00274,4,2025-04-05,403.99,403.99,2025-04-05,0,paid_on_time
P000070,L00297,2,2025-04-05,660.93,660.93,2025-04-05,0,paid_on_time
P000071,L00004,139,2025-04-06,4466.2,4466.2,2025-04-27,21,paid_late
P000072,L00019,104,2025-04-06,2187.33,2187.33,2025-04-05,0,paid_on_time
P000073,L00053,45,2025-04-06,1030.03,1030.03,2025-04-03,0,paid_on_time
P000074,L00059,42,2025-04-06,626.49,626.49,2025-04-05,0,paid_on_time
P000075,L00093,32,2025-04-06,730.14,730.14,2025-04-03,0,paid_on_time
P000076,L00106,28,2025-04-06,2856.91,2856.91,2025-04-05,0,paid_on_time
P000077,L00147,22,2025-04-06,348.05,348.05,2025-04-03,0,paid_on_time
P000078,L00181,17,2025-04-06,1173.93,1173.93,2025-04-04,0,paid_on_time
P000079,L00192,15,2025-04-06,894.21,894.21,2025-04-04,0,paid_on_time
P000080,L00202,14,2025-04-06,4839.58,4839.58,2025-04-03,0,paid_on_time
P000081,L00215,12,2025-04-06,756.59,756.59,2025-04-06,0,paid_on_time
P000082,L00223,11,2025-04-06,274.54,274.54,2025-04-03,0,paid_on_time
P000083,L00231,10,2025-04-06,728.02,728.02,2025-04-06,0,paid_on_time
P000084,L00240,9,2025-04-06,1520.54,1520.54,2025-04-03,0,paid_on_time
P000085,L00298,2,2025-04-06,1387.32,1387.32,2025-04-06,0,paid_on_time
P000086,L00027,85,2025-04-07,1544.11,1544.11,2025-04-07,0,paid_on_time
P000087,L00034,72,2025-04-07,1413.29,1413.29,2025-04-04,0,paid_on_time
P000088,L00045,53,2025-04-07,590.41,590.41,2025-04-07,0,paid_on_time
P000089,L00061,41,2025-04-07,1314.35,1314.35,2025-04-06,0,paid_on_time
P000090,L00102,29,2025-04-07,610.13,610.13,2025-04-06,0,paid_on_time
P000091,L00107,28,2025-04-07,4136.88,4136.88,2025-04-07,0,paid_on_time
P000092,L00142,23,2025-04-07,122.37,122.37,2025-04-06,0,paid_on_time
P000093,L00148,22,2025-04-07,1896.41,1896.41,2025-04-06,0,paid_on_time
P000094,L00163,20,2025-04-07,1199.66,1199.66,2025-04-04,0,paid_on_time
P000095,L00208,13,2025-04-07,1156.32,1156.32,2025-04-12,5,paid_late
P000096,L00224,11,2025-04-07,223.06,223.06,2025-04-07,0,paid_on_time
P000097,L00270,5,2025-04-07,2413.7,2413.7,2025-04-07,0,paid_on_time
P000098,L00275,4,2025-04-07,495.73,495.73,2025-04-05,0,paid_on_time
P000099,L00282,3,2025-04-07,255.88,255.88,2025-04-04,0,paid_on_time
P000100,L00024,88,2025-04-08,1195.78,1195.78,2025-04-08,0,paid_on_time
P000101,L00046,53,2025-04-08,2692.31,2692.31,2025-04-06,0,paid_on_time
P000102,L00050,48,2025-04-08,5006.45,5006.45,2025-04-08,0,paid_on_time
P000103,L00149,22,2025-04-08,180.6,180.6,2025-04-07,0,paid_on_time
P000104,L00232,10,2025-04-08,588.41,588.41,2025-04-06,0,paid_on_time
P000105,L00309,1,2025-04-08,455.35,455.35,2025-04-06,0,paid_on_time
P000106,L00310,1,2025-04-08,684.21,684.21,2025-04-07,0,paid_on_time
P000107,L00005,139,2025-04-09,3714.26,3714.26,2025-04-08,0,paid_on_time
P000108,L00031,80,2025-04-09,1166.25,1166.25,2025-04-08,0,paid_on_time
P000109,L00047,53,2025-04-09,1631.14,1631.14,2025-04-06,0,paid_on_time
P000110,L00052,46,2025-04-09,458.96,458.96,2025-04-09,0,paid_on_time
P000111,L00056,44,2025-04-09,1887.49,1887.49,2025-04-06,0,paid_on_time
P000112,L00164,20,2025-04-09,463.93,463.93,2025-04-08,0,paid_on_time
P000113,L00165,20,2025-04-09,900.5,900.5,2025-04-09,0,paid_on_time
P000114,L00167,19,2025-04-09,494.06,494.06,2025-04-07,0,paid_on_time
P000115,L00209,13,2025-04-09,895.87,895.87,2025-04-09,0,paid_on_time
P000116,L00225,11,2025-04-09,443.16,443.16,2025-04-07,0,paid_on_time
P000117,L00010,131,2025-04-10,451.75,451.75,2025-08-14,126,paid_late
P000118,L00040,58,2025-04-10,1154.04,1154.04,2025-04-07,0,paid_on_time
P000119,L00060,42,2025-04-10,242.9,242.9,2025-04-10,0,paid_on_time
P000120,L00082,35,2025-04-10,1374.6,1374.6,2025-04-10,0,paid_on_time
P000121,L00088,33,2025-04-10,604.18,604.18,2025-04-07,0,paid_on_time
P000122,L00134,24,2025-04-10,132.34,132.34,2025-04-09,0,paid_on_time
P000123,L00168,19,2025-04-10,425.1,425.1,2025-04-10,0,paid_on_time
P000124,L00182,17,2025-04-10,170.77,170.77,2025-04-09,0,paid_on_time
P000125,L00183,17,2025-04-10,1116.86,1116.86,2025-04-08,0,paid_on_time
P000126,L00241,9,2025-04-10,417.0,417.0,2025-04-10,0,paid_on_time
P000127,L00299,2,2025-04-10,374.07,374.07,2025-04-08,0,paid_on_time
P000128,L00300,2,2025-04-10,3088.53,3088.53,2025-04-08,0,paid_on_time
P000129,L00023,92,2025-04-11,1669.64,1669.64,2025-04-10,0,paid_on_time
P000130,L00076,38,2025-04-11,750.21,750.21,2025-04-09,0,paid_on_time
P000131,L00103,29,2025-04-11,477.21,477.21,2025-04-18,7,paid_late
P000132,L00111,27,2025-04-11,327.8,327.8,2025-04-11,0,paid_on_time
P000133,L00119,26,2025-04-11,704.37,704.37,2025-04-08,0,paid_on_time
P000134,L00126,25,2025-04-11,1005.72,1005.72,2025-04-12,1,paid_late
P000135,L00127,25,2025-04-11,352.26,352.26,2025-04-10,0,paid_on_time
P000136,L00158,21,2025-04-11,244.75,244.75,2025-04-11,0,paid_on_time
P000137,L00185,16,2025-04-11,1831.67,1831.67,2025-04-08,0,paid_on_time
P000138,L00254,7,2025-04-11,5962.35,5962.35,2025-04-09,0,paid_on_time
P000139,L00255,7,2025-04-11,391.11,391.11,2025-04-09,0,paid_on_time
P000140,L00256,7,2025-04-11,2046.78,2046.78,2025-04-09,0,paid_on_time
P000141,L00054,45,2025-04-12,1005.95,1005.95,2025-04-09,0,paid_on_time
P000142,L00062,41,2025-04-12,998.23,998.23,2025-04-10,0,paid_on_time
P000143,L00070,39,2025-04-12,436.33,436.33,2025-04-10,0,paid_on_time
P000144,L00108,28,2025-04-12,297.58,297.58,2025-04-11,0,paid_on_time
P000145,L00112,27,2025-04-12,389.58,389.58,2025-04-11,0,paid_on_time
P000146,L00175,18,2025-04-12,713.91,713.91,2025-04-12,0,paid_on_time
P000147,L00186,16,2025-04-12,461.26,461.26,2025-04-10,0,paid_on_time
P000148,L00276,4,2025-04-12,443.67,443.67,2025-04-09,0,paid_on_time
P000149,L00301,2,2025-04-12,652.3,652.3,2025-04-13,1,paid_late
P000150,L00311,1,2025-04-12,4060.3,4060.3,2025-04-09,0,paid_on_time
P000151,L00002,143,2025-04-13,755.12,755.12,2025-04-13,0,paid_on_time
P000152,L00015,110,2025-04-13,2722.75,2722.75,2025-04-11,0,paid_on_time
P000153,L00038,62,2025-04-13,1052.17,1052.17,2025-04-12,0,paid_on_time
P000154,L00064,40,2025-04-13,728.42,728.42,2025-04-12,0,paid_on_time
P000155,L00077,38,2025-04-13,1213.63,1213.63,2025-04-11,0,paid_on_time
P000156,L00128,25,2025-04-13,731.01,731.01,2025-04-13,0,paid_on_time
P000157,L00176,18,2025-04-13,1207.63,1207.63,2025-04-13,0,paid_on_time
P000158,L00187,16,2025-04-13,794.79,794.79,2025-04-11,0,paid_on_time
P000159,L00193,15,2025-04-13,889.34,889.34,2025-04-10,0,paid_on_time
P000160,L00203,14,2025-04-13,312.96,312.96,2025-04-10,0,paid_on_time
P000161,L00233,10,2025-04-13,3312.12,3312.12,2025-04-10,0,paid_on_time
P000162,L00261,6,2025-04-13,135.87,135.87,2025-04-11,0,paid_on_time
P000163,L00283,3,2025-04-13,576.26,576.26,2025-04-12,0,paid_on_time
P000164,L00312,1,2025-04-13,570.92,570.92,2025-04-12,0,paid_on_time
P000165,L00313,1,2025-04-13,414.66,414.66,2025-04-10,0,paid_on_time
P000166,L00018,105,2025-04-14,5555.18,5555.18,2025-04-14,0,paid_on_time
P000167,L00063,41,2025-04-14,1407.73,1407.73,2025-04-13,0,paid_on_time
P000168,L00095,31,2025-04-14,493.83,493.83,2025-05-29,45,paid_late
P000169,L00150,22,2025-04-14,693.8,693.8,2025-05-01,17,paid_late
P000170,L00194,15,2025-04-14,708.28,708.28,2025-04-14,0,paid_on_time
P000171,L00195,15,2025-04-14,506.14,506.14,2025-04-12,0,paid_on_time
P000172,L00204,14,2025-04-14,941.27,941.27,2025-04-11,0,paid_on_time
P000173,L00271,5,2025-04-14,485.42,485.42,2025-04-12,0,paid_on_time
P000174,L00284,3,2025-04-14,307.56,307.56,2025-04-12,0,paid_on_time
P000175,L00043,54,2025-04-15,1040.6,1040.6,2025-04-13,0,paid_on_time
P000176,L00104,29,2025-04-15,442.08,442.08,2025-04-14,0,paid_on_time
P000177,L00120,26,2025-04-15,262.87,262.87,2025-04-14,0,paid_on_time
P000178,L00205,14,2025-04-15,418.6,418.6,2025-04-15,0,paid_on_time
P000179,L00216,12,2025-04-15,962.26,962.26,2025-04-14,0,paid_on_time
P000180,L00226,11,2025-04-15,904.35,904.35,2025-04-14,0,paid_on_time
P000181,L00277,4,2025-04-15,689.78,689.78,2025-04-12,0,paid_on_time
P000182,L00285,3,2025-04-15,4637.41,4637.41,2025-04-15,0,paid_on_time
P000183,L00017,106,2025-04-16,1399.27,1399.27,2025-04-14,0,paid_on_time
P000184,L00033,74,2025-04-16,488.18,488.18,2025-04-14,0,paid_on_time
P000185,L00035,71,2025-04-16,2474.76,2474.76,2025-04-16,0,paid_on_time
P000186,L00121,26,2025-04-16,1741.4,1741.4,2025-04-14,0,paid_on_time
P000187,L00151,22,2025-04-16,230.11,230.11,2025-04-14,0,paid_on_time
P000188,L00210,13,2025-04-16,1078.93,1078.93,2025-04-13,0,paid_on_time
P000189,L00227,11,2025-04-16,545.86,545.86,2025-04-15,0,paid_on_time
P000190,L00234,10,2025-04-16,659.89,659.89,2025-04-13,0,paid_on_time
P000191,L00248,8,2025-04-16,2095.25,2095.25,2025-04-14,0,paid_on_time
P000192,L00286,3,2025-04-16,629.76,629.76,2025-04-16,0,paid_on_time
P000193,L00287,3,2025-04-16,361.67,361.67,2025-04-16,0,paid_on_time
P000194,L00314,1,2025-04-16,133.26,133.26,2025-04-15,0,paid_on_time
P000195,L00006,137,2025-04-17,1297.93,1297.93,2025-04-16,0,paid_on_time
P000196,L00042,56,2025-04-17,702.79,702.79,2025-04-14,0,paid_on_time
P000197,L00044,54,2025-04-17,999.08,999.08,2025-04-14,0,paid_on_time
P000198,L00055,45,2025-04-17,495.46,495.46,2025-04-17,0,paid_on_time
P000199,L00096,31,2025-04-17,3809.24,3809.24,2025-04-15,0,paid_on_time
P000200,L00122,26,2025-04-17,396.75,396.75,2025-04-14,0,paid_on_time
P000201,L00129,25,2025-04-17,5383.46,5383.46,2025-04-15,0,paid_on_time
P000202,L00135,24,2025-04-17,1392.09,1392.09,2025-04-17,0,paid_on_time
P000203,L00184,17,2025-04-17,729.3,729.3,2025-04-15,0,paid_on_time
P000204,L00228,11,2025-04-17,151.67,151.67,2025-04-14,0,paid_on_time
P000205,L00257,7,2025-04-17,328.84,328.84,2025-04-14,0,paid_on_time
P000206,L00288,3,2025-04-17,160.56,160.56,2025-04-16,0,paid_on_time
P000207,L00289,3,2025-04-17,327.34,327.34,2025-04-17,0,paid_on_time
P000208,L00315,1,2025-04-17,1369.79,1369.79,2025-04-17,0,paid_on_time
P000209,L00016,108,2025-04-18,2087.02,2087.02,2025-04-15,0,paid_on_time
P000210,L00026,87,2025-04-18,1366.27,1366.27,2025-04-17,0,paid_on_time
P000211,L00089,33,2025-04-18,1358.89,1358.89,2025-04-18,0,paid_on_time
P000212,L00136,24,2025-04-18,106.01,106.01,2025-04-18,0,paid_on_time
P000213,L00169,19,2025-04-18,406.69,406.69,2025-04-17,0,paid_on_time
P000214,L00206,14,2025-04-18,1805.79,1805.79,2025-04-16,0,paid_on_time
P000215,L00217,12,2025-04-18,230.93,230.93,2025-04-15,0,paid_on_time
P000216,L00262,6,2025-04-18,244.62,244.62,2025-04-15,0,paid_on_time
P000217,L00290,3,2025-04-18,729.21,729.21,2025-04-17,0,paid_on_time
P000218,L00302,2,2025-04-18,528.31,528.31,2025-04-18,0,paid_on_time
P000219,L00316,1,2025-04-18,488.8,488.8,2025-04-18,0,paid_on_time
P000220,L00001,146,2025-04-19,872.89,872.89,2025-04-18,0,paid_on_time
P000221,L00013,116,2025-04-19,947.9,947.9,2025-04-16,0,paid_on_time
P000222,L00014,114,2025-04-19,3544.09,3544.09,2025-04-16,0,paid_on_time
P000223,L00020,100,2025-04-19,599.02,599.02,2025-04-17,0,paid_on_time
P000224,L00028,84,2025-04-19,859.63,859.63,2025-05-20,31,paid_late
P000225,L00083,35,2025-04-19,170.36,170.36,2025-04-17,0,paid_on_time
P000226,L00090,33,2025-04-19,940.56,940.56,2025-04-19,0,paid_on_time
P000227,L00091,33,2025-04-19,333.65,333.65,2025-04-18,0,paid_on_time
P000228,L00130,25,2025-04-19,891.36,891.36,2025-04-17,0,paid_on_time
P000229,L00152,22,2025-04-19,189.02,189.02,2025-04-19,0,paid_on_time
P000230,L00153,22,2025-04-19,449.92,449.92,2025-04-16,0,paid_on_time
P000231,L00177,18,2025-04-19,661.52,661.52,2025-04-18,0,paid_on_time
P000232,L00032,76,2025-04-20,1649.77,1649.77,2025-04-20,0,paid_on_time
P000233,L00131,25,2025-04-20,1276.47,1276.47,2025-04-18,0,paid_on_time
P000234,L00154,22,2025-04-20,313.1,313.1,2025-04-20,0,paid_on_time
P000235,L00170,19,2025-04-20,1120.0,1120.0,2025-05-11,21,paid_late
P000236,L00291,3,2025-04-20,1254.39,1254.39,2025-04-19,0,paid_on_time
P000237,L00317,1,2025-04-20,690.9,690.9,2025-05-24,34,paid_late
P000238,L00078,37,2025-04-21,434.96,434.96,2025-05-08,17,paid_late
P000239,L00084,35,2025-04-21,352.49,352.49,2025-04-18,0,paid_on_time
P000240,L00097,31,2025-04-21,1660.09,1660.09,2025-04-20,0,paid_on_time
P000241,L00159,21,2025-04-21,813.68,813.68,2025-04-19,0,paid_on_time
P000242,L00160,21,2025-04-21,3164.49,3164.49,2025-04-21,0,paid_on_time
P000243,L00188,16,2025-04-21,1216.68,1216.68,2025-04-20,0,paid_on_time
P000244,L00218,12,2025-04-21,3945.26,3945.26,2025-04-20,0,paid_on_time
P000245,L00242,9,2025-04-21,450.32,450.32,2025-04-20,0,paid_on_time
P000246,L00263,6,2025-04-21,846.87,846.87,2025-04-19,0,paid_on_time
P000247,L00278,4,2025-04-21,506.63,506.63,2025-04-19,0,paid_on_time
P000248,L00303,2,2025-04-21,3623.36,3623.36,2025-04-20,0,paid_on_time
P000249,L00008,134,2025-04-22,1043.51,1043.51,2025-04-20,0,paid_on_time
P000250,L00049,49,2025-04-22,3041.98,3041.98,2025-05-06,14,paid_late
P000251,L00098,31,2025-04-22,1385.41,1385.41,2025-05-06,14,paid_late
P000252,L00113,27,2025-04-22,677.07,677.07,2025-04-22,0,paid_on_time
P000253,L00132,25,2025-04-22,238.38,238.38,2025-04-22,0,paid_on_time
P000254,L00189,16,2025-04-22,142.38,142.38,2025-04-22,0,paid_on_time
P000255,L00229,11,2025-04-22,696.96,696.96,2025-04-19,0,paid_on_time
P000256,L00264,6,2025-04-22,299.57,299.57,2025-04-21,0,paid_on_time
P000257,L00279,4,2025-04-22,506.59,506.59,2025-04-22,0,paid_on_time
P000258,L00304,2,2025-04-22,191.99,191.99,2025-04-21,0,paid_on_time
P000259,L00012,124,2025-04-23,2313.25,2313.25,2025-04-20,0,paid_on_time
P000260,L00036,65,2025-04-23,5425.67,5425.67,2025-04-23,0,paid_on_time
P000261,L00041,57,2025-04-23,1241.28,1241.28,2025-04-20,0,paid_on_time
P000262,L00071,39,2025-04-23,561.59,561.59,2025-04-21,0,paid_on_time
P000263,L00080,36,2025-04-23,3899.39,3899.39,2025-04-23,0,paid_on_time
P000264,L00123,26,2025-04-23,509.28,509.28,2025-04-22,0,paid_on_time
P000265,L00161,21,2025-04-23,2812.43,2812.43,2025-04-21,0,paid_on_time
P000266,L00196,15,2025-04-23,152.51,152.51,2025-04-20,0,paid_on_time
P000267,L00211,13,2025-04-23,175.17,175.17,2025-04-22,0,paid_on_time
P000268,L00219,12,2025-04-23,2801.45,2801.45,2025-04-20,0,paid_on_time
P000269,L00249,8,2025-04-23,648.22,648.22,2025-06-16,54,paid_late
P000270,L00265,6,2025-04-23,883.61,883.61,2025-04-23,0,paid_on_time
P000271,L00292,3,2025-04-23,791.09,791.09,2025-04-22,0,paid_on_time
P000272,L00305,2,2025-04-23,322.19,0.0,,91,unpaid
P000273,L00072,39,2025-04-24,1714.68,1714.68,2025-04-22,0,paid_on_time
P000274,L00143,23,2025-04-24,369.61,369.61,2025-04-24,0,paid_on_time
P000275,L00171,19,2025-04-24,378.47,378.47,2025-04-21,0,paid_on_time
P000276,L00172,19,2025-04-24,246.44,246.44,2025-04-24,0,paid_on_time
P000277,L00197,15,2025-04-24,4082.86,4082.86,2025-04-23,0,paid_on_time
P000278,L00243,9,2025-04-24,4829.64,4829.64,2025-04-22,0,paid_on_time
P000279,L00293,3,2025-04-24,715.78,715.78,2025-04-21,0,paid_on_time
P000280,L00318,1,2025-04-24,785.27,785.27,2025-04-21,0,paid_on_time
P000281,L00039,60,2025-04-25,2154.36,2154.36,2025-04-23,0,paid_on_time
P000282,L00085,35,2025-04-25,615.22,615.22,2025-04-24,0,paid_on_time
P000283,L00094,32,2025-04-25,798.81,798.81,2025-04-24,0,paid_on_time
P000284,L00144,23,2025-04-25,1999.88,1999.88,2025-04-24,0,paid_on_time
P000285,L00166,20,2025-04-25,633.61,0.0,,30,unpaid
P000286,L00190,16,2025-04-25,668.94,668.94,2025-04-23,0,paid_on_time
P000287,L00235,10,2025-04-25,180.38,180.38,2025-04-22,0,paid_on_time
P000288,L00236,10,2025-04-25,379.28,379.28,2025-04-22,0,paid_on_time
P000289,L00237,10,2025-04-25,1577.72,1577.72,2025-04-22,0,paid_on_time
P000290,L00244,9,2025-04-25,797.65,797.65,2025-06-16,52,paid_late
P000291,L00030,81,2025-04-26,1332.55,1332.55,2025-04-23,0,paid_on_time
P000292,L00037,65,2025-04-26,684.3,684.3,2025-04-27,1,paid_late
P000293,L00073,39,2025-04-26,313.76,313.76,2025-04-24,0,paid_on_time
P000294,L00087,34,2025-04-26,485.7,485.7,2025-04-23,0,paid_on_time
P000295,L00137,24,2025-04-26,328.82,328.82,2025-04-24,0,paid_on_time
P000296,L00145,23,2025-04-26,783.93,783.93,2025-04-24,0,paid_on_time
P000297,L00178,18,2025-04-26,1322.66,1322.66,2025-04-25,0,paid_on_time
P000298,L00198,15,2025-04-26,353.93,353.93,2025-04-24,0,paid_on_time
P000299,L00266,6,2025-04-26,196.46,196.46,2025-04-25,0,paid_on_time
P000300,L00306,2,2025-04-26,386.96,386.96,2025-04-26,0,paid_on_time
P000301,L00007,135,2025-04-27,1181.6,1181.6,2025-04-27,0,paid_on_time
P000302,L00009,133,2025-04-27,1014.74,1014.74,2025-04-27,0,paid_on_time
P000303,L00029,82,2025-04-27,3994.14,3994.14,2025-04-27,0,paid_on_time
P000304,L00074,39,2025-04-27,1814.09,1814.09,2025-04-26,0,paid_on_time
P000305,L00155,22,2025-04-27,209.88,209.88,2025-04-26,0,paid_on_time
P000306,L00212,13,2025-04-27,2702.67,2702.67,2025-04-25,0,paid_on_time
P000307,L00022,93,2025-04-28,1038.84,1038.84,2025-04-26,0,paid_on_time
P000308,L00057,44,2025-04-28,603.0,603.0,2025-04-26,0,paid_on_time
P000309,L00065,40,2025-04-28,1911.1,1911.1,2025-04-27,0,paid_on_time
P000310,L00079,37,2025-04-28,553.36,553.36,2025-05-03,5,paid_late
P000311,L00081,36,2025-04-28,487.74,487.74,2025-04-25,0,paid_on_time
P000312,L00086,35,2025-04-28,542.24,542.24,2025-04-28,0,paid_on_time
P000313,L00114,27,2025-04-28,1545.46,1545.46,2025-04-27,0,paid_on_time
P000314,L00115,27,2025-04-28,581.64,581.64,2025-05-01,3,paid_late
P000315,L00116,27,2025-04-28,4765.2,4765.2,2025-04-28,0,paid_on_time
P000316,L00117,27,2025-04-28,1642.14,1642.14,2025-04-27,0,paid_on_time
P000317,L00138,24,2025-04-28,475.85,475.85,2025-05-13,15,paid_late
P000318,L00139,24,2025-04-28,301.45,301.45,2025-04-26,0,paid_on_time
P000319,L00156,22,2025-04-28,856.46,856.46,2025-04-28,0,paid_on_time
P000320,L00173,19,2025-04-28,746.3,746.3,2025-05-07,9,paid_late
P000321,L00179,18,2025-04-28,492.89,492.89,2025-04-27,0,paid_on_time
P000322,L00191,16,2025-04-28,936.13,936.13,2025-04-28,0,paid_on_time
P000323,L00199,15,2025-04-28,613.67,613.67,2025-04-27,0,paid_on_time
P000324,L00200,15,2025-04-28,253.76,253.76,2025-04-27,0,paid_on_time
P000325,L00207,14,2025-04-28,252.74,252.74,2025-04-26,0,paid_on_time
P000326,L00213,13,2025-04-28,767.71,767.71,2025-04-25,0,paid_on_time
P000327,L00220,12,2025-04-28,596.29,596.29,2025-04-26,0,paid_on_time
P000328,L00238,10,2025-04-28,893.78,893.78,2025-05-21,23,paid_late
P000329,L00245,9,2025-04-28,2175.35,2175.35,2025-04-25,0,paid_on_time
P000330,L00246,9,2025-04-28,1166.75,1166.75,2025-04-26,0,paid_on_time
P000331,L00250,8,2025-04-28,169.37,169.37,2025-04-26,0,paid_on_time
P000332,L00267,6,2025-04-28,353.61,0.0,,91,unpaid
P000333,L00272,5,2025-04-28,197.04,197.04,2025-04-25,0,paid_on_time
P000334,L00280,4,2025-04-28,2010.72,2010.72,2025-04-25,0,paid_on_time
P000335,L00281,4,2025-04-28,2776.0,2776.0,2025-04-26,0,paid_on_time
P000336,L00294,3,2025-04-28,2580.19,2580.19,2025-04-26,0,paid_on_time
P000337,L00295,3,2025-04-28,2738.06,2738.06,2025-04-25,0,paid_on_time
P000338,L00319,1,2025-04-28,1044.26,1044.26,2025-04-26,0,paid_on_time
P000339,L00320,1,2025-04-28,172.66,172.66,2025-04-28,0,paid_on_time
P000340,L00066,40,2025-05-01,856.43,856.43,2025-04-29,0,paid_on_time
P000341,L00067,40,2025-05-01,5150.69,5150.69,2025-04-30,0,paid_on_time
P000342,L00099,30,2025-05-01,1471.68,1471.68,2025-04-29,0,paid_on_time
P000343,L00100,30,2025-05-01,1187.24,1187.24,2025-04-30,0,paid_on_time
P000344,L00109,28,2025-05-01,2101.11,2101.11,2025-04-29,0,paid_on_time
P000345,L00157,22,2025-05-01,328.41,328.41,2025-04-28,0,paid_on_time
P000346,L00268,6,2025-05-01,3738.67,3738.67,2025-04-29,0,paid_on_time
P000347,L00011,129,2025-05-02,3685.16,3685.16,2025-04-30,0,paid_on_time
P000348,L00025,88,2025-05-02,873.16,873.16,2025-05-01,0,paid_on_time
P000349,L00048,50,2025-05-02,3101.68,3101.68,2025-05-02,0,paid_on_time
P000350,L00124,26,2025-05-02,1451.35,1451.35,2025-05-02,0,paid_on_time
P000351,L00133,25,2025-05-02,4939.5,4939.5,2025-04-30,0,paid_on_time
P000352,L00146,23,2025-05-02,177.47,177.47,2025-05-01,0,paid_on_time
P000353,L00174,19,2025-05-02,588.33,588.33,2025-05-02,0,paid_on_time
P000354,L00221,12,2025-05-02,90.7,90.7,2025-06-11,40,paid_late
P000355,L00251,8,2025-05-02,360.6,360.6,2025-05-02,0,paid_on_time
P000356,L00258,7,2025-05-02,2005.5,2005.5,2025-04-30,0,paid_on_time
P000357,L00273,5,2025-05-02,696.31,696.31,2025-04-29,0,paid_on_time
P000358,L00307,2,2025-05-02,641.01,641.01,2025-04-30,0,paid_on_time
P000359,L00321,1,2025-05-02,155.78,155.78,2025-04-29,0,paid_on_time
P000360,L00322,1,2025-05-02,482.32,482.32,2025-05-02,0,paid_on_time
P000361,L00021,98,2025-05-03,1229.88,1229.88,2025-05-03,0,paid_on_time
P000362,L00075,39,2025-05-03,921.85,921.85,2025-05-02,0,paid_on_time
P000363,L00101,30,2025-05-03,420.86,420.86,2025-05-01,0,paid_on_time
P000364,L00105,29,2025-05-03,3823.79,3823.79,2025-05-01,0,paid_on_time
P000365,L00125,26,2025-05-03,965.75,965.75,2025-05-02,0,paid_on_time
P000366,L00140,24,2025-05-03,114.61,114.61,2025-05-02,0,paid_on_time
P000367,L00141,24,2025-05-03,913.41,913.41,2025-05-01,0,paid_on_time
P000368,L00162,21,2025-05-03,596.07,596.07,2025-05-01,0,paid_on_time
P000369,L00180,18,2025-05-03,1447.87,1447.87,2025-05-02,0,paid_on_time
P000370,L00230,11,2025-05-03,268.46,268.46,2025-04-30,0,paid_on_time
P000371,L00269,6,2025-05-03,334.66,334.66,2025-05-03,0,paid_on_time
P000372,L00296,3,2025-05-03,1097.72,1097.72,2025-04-30,0,paid_on_time
P000373,L00308,2,2025-05-03,98.58,98.58,2025-05-03,0,paid_on_time
P000374,L00003,141,2025-05-04,1484.61,1484.61,2025-05-04,0,paid_on_time
P000375,L00058,43,2025-05-04,828.64,828.64,2025-05-04,0,paid_on_time
P000376,L00239,10,2025-05-04,1684.67,1684.67,2025-05-08,4,paid_late
P000377,L00259,7,2025-05-04,182.52,182.52,2025-05-25,21,paid_late
P000378,L00051,48,2025-05-05,1900.45,1900.45,2025-05-04,0,paid_on_time
P000379,L00068,40,2025-05-05,527.5,527.5,2025-05-03,0,paid_on_time
P000380,L00069,40,2025-05-05,1481.4,1481.4,2025-05-04,0,paid_on_time
P000381,L00092,33,2025-05-05,1072.0,1072.0,2025-05-26,21,paid_late
P000382,L00110,28,2025-05-05,672.22,672.22,2025-05-04,0,paid_on_time
P000383,L00201,15,2025-05-05,286.02,286.02,2025-05-03,0,paid_on_time
P000384,L00214,13,2025-05-05,381.85,381.85,2025-05-02,0,paid_on_time
P000385,L00222,12,2025-05-05,671.48,671.48,2025-05-03,0,paid_on_time
P000386,L00247,9,2025-05-05,69.37,69.37,2025-05-02,0,paid_on_time
P000387,L00252,8,2025-05-05,2944.96,2944.96,2025-05-02,0,paid_on_time
P000388,L00253,8,2025-05-05,250.97,250.97,2025-05-02,0,paid_on_time
P000389,L00260,7,2025-05-05,494.43,494.43,2025-05-03,0,paid_on_time
P000390,L00274,5,2025-05-05,403.99,403.99,2025-06-28,54,paid_late
P000391,L00297,3,2025-05-05,660.93,660.93,2025-05-04,0,paid_on_time
P000392,L00004,140,2025-05-06,4466.2,4466.2,2025-05-06,0,paid_on_time
P000393,L00019,105,2025-05-06,2187.33,2187.33,2025-05-19,13,paid_late
P000394,L00053,46,2025-05-06,1030.03,1030.03,2025-05-04,0,paid_on_time
P000395,L00059,43,2025-05-06,626.49,626.49,2025-05-03,0,paid_on_time
P000396,L00093,33,2025-05-06,730.14,730.14,2025-05-17,11,paid_late
P000397,L00106,29,2025-05-06,2856.91,2856.91,2025-05-04,0,paid_on_time
P000398,L00147,23,2025-05-06,348.05,348.05,2025-05-05,0,paid_on_time
P000399,L00192,16,2025-05-06,894.21,894.21,2025-05-04,0,paid_on_time
P000400,L00202,15,2025-05-06,4839.58,4839.58,2025-05-04,0,paid_on_time
P000401,L00215,13,2025-05-06,756.59,756.59,2025-05-04,0,paid_on_time
P000402,L00223,12,2025-05-06,274.54,274.54,2025-05-05,0,paid_on_time
P000403,L00231,11,2025-05-06,728.02,728.02,2025-06-08,33,paid_late
P000404,L00240,10,2025-05-06,1520.54,1520.54,2025-05-04,0,paid_on_time
P000405,L00298,3,2025-05-06,1387.32,1387.32,2025-05-05,0,paid_on_time
P000406,L00027,86,2025-05-07,1544.11,1544.11,2025-05-06,0,paid_on_time
P000407,L00034,73,2025-05-07,1413.29,1413.29,2025-05-04,0,paid_on_time
P000408,L00045,54,2025-05-07,590.41,590.41,2025-05-06,0,paid_on_time
P000409,L00061,42,2025-05-07,1314.35,1314.35,2025-05-07,0,paid_on_time
P000410,L00102,30,2025-05-07,610.13,610.13,2025-05-05,0,paid_on_time
P000411,L00107,29,2025-05-07,4136.88,4136.88,2025-05-04,0,paid_on_time
P000412,L00142,24,2025-05-07,122.37,122.37,2025-05-07,0,paid_on_time
P000413,L00148,23,2025-05-07,1896.41,1896.41,2025-05-04,0,paid_on_time
P000414,L00208,14,2025-05-07,1156.32,1156.32,2025-05-07,0,paid_on_time
P000415,L00224,12,2025-05-07,223.06,223.06,2025-05-07,0,paid_on_time
P000416,L00275,5,2025-05-07,495.73,495.73,2025-05-04,0,paid_on_time
P000417,L00282,4,2025-05-07,255.88,255.88,2025-05-07,0,paid_on_time
P000418,L00024,89,2025-05-08,1195.78,1195.78,2025-05-05,0,paid_on_time
P000419,L00046,54,2025-05-08,2692.31,2692.31,2025-05-07,0,paid_on_time
P000420,L00050,49,2025-05-08,5006.45,5006.45,2025-05-07,0,paid_on_time
P000421,L00149,23,2025-05-08,180.6,180.6,2025-05-08,0,paid_on_time
P000422,L00232,11,2025-05-08,588.41,588.41,2025-05-06,0,paid_on_time
P000423,L00309,2,2025-05-08,455.35,455.35,2025-05-06,0,paid_on_time
P000424,L00310,2,2025-05-08,684.21,684.21,2025-05-08,0,paid_on_time
P000425,L00323,1,2025-05-08,133.22,133.22,2025-05-08,0,paid_on_time
P000426,L00324,1,2025-05-08,464.16,464.16,2025-05-07,0,paid_on_time
P000427,L00005,140,2025-05-09,3714.26,3714.26,2025-05-09,0,paid_on_time
P000428,L00031,81,2025-05-09,1166.25,1166.25,2025-05-06,0,paid_on_time
P000429,L00047,54,2025-05-09,1631.14,1631.14,2025-05-06,0,paid_on_time
P000430,L00052,47,2025-05-09,458.96,458.96,2025-05-08,0,paid_on_time
P000431,L00056,45,2025-05-09,1887.49,1887.49,2025-05-09,0,paid_on_time
P000432,L00164,21,2025-05-09,463.93,463.93,2025-05-07,0,paid_on_time
P000433,L00165,21,2025-05-09,900.5,900.5,2025-05-09,0,paid_on_time
P000434,L00167,20,2025-05-09,494.06,494.06,2025-05-08,0,paid_on_time
P000435,L00209,14,2025-05-09,895.87,895.87,2025-05-09,0,paid_on_time
P000436,L00225,12,2025-05-09,443.16,443.16,2025-05-06,0,paid_on_time
P000437,L00010,132,2025-05-10,451.75,451.75,2025-08-14,96,paid_late
P000438,L00040,59,2025-05-10,1154.04,1154.04,2025-05-09,0,paid_on_time
P000439,L00060,43,2025-05-10,242.9,242.9,2025-05-10,0,paid_on_time
P000440,L00082,36,2025-05-10,1374.6,1374.6,2025-05-07,0,paid_on_time
P000441,L00088,34,2025-05-10,604.18,604.18,2025-05-07,0,paid_on_time
P000442,L00134,25,2025-05-10,132.34,132.34,2025-05-09,0,paid_on_time
P000443,L00168,20,2025-05-10,425.1,425.1,2025-05-07,0,paid_on_time
P000444,L00182,18,2025-05-10,170.77,170.77,2025-05-10,0,paid_on_time
P000445,L00183,18,2025-05-10,1116.86,1116.86,2025-05-08,0,paid_on_time
P000446,L00241,10,2025-05-10,417.0,417.0,2025-05-10,0,paid_on_time
P000447,L00299,3,2025-05-10,374.07,374.07,2025-05-08,0,paid_on_time
P000448,L00300,3,2025-05-10,3088.53,3088.53,2025-05-10,0,paid_on_time
P000449,L00325,1,2025-05-10,533.26,533.26,2025-05-07,0,paid_on_time
P000450,L00326,1,2025-05-10,339.05,339.05,2025-05-08,0,paid_on_time
P000451,L00023,93,2025-05-11,1669.64,1669.64,2025-05-09,0,paid_on_time
P000452,L00076,39,2025-05-11,750.21,750.21,2025-05-09,0,paid_on_time
P000453,L00103,30,2025-05-11,477.21,477.21,2025-05-11,0,paid_on_time
P000454,L00111,28,2025-05-11,327.8,327.8,2025-07-03,53,paid_late
P000455,L00119,27,2025-05-11,704.37,704.37,2025-05-08,0,paid_on_time
P000456,L00126,26,2025-05-11,1005.72,1005.72,2025-05-09,0,paid_on_time
P000457,L00127,26,2025-05-11,352.26,352.26,2025-05-14,3,paid_late
P000458,L00158,22,2025-05-11,244.75,244.75,2025-05-11,0,paid_on_time
P000459,L00185,17,2025-05-11,1831.67,1831.67,2025-05-11,0,paid_on_time
P000460,L00254,8,2025-05-11,5962.35,5962.35,2025-05-11,0,paid_on_time
P000461,L00255,8,2025-05-11,391.11,391.11,2025-05-08,0,paid_on_time
P000462,L00256,8,2025-05-11,2046.78,2046.78,2025-05-09,0,paid_on_time
P000463,L00054,46,2025-05-12,1005.95,1005.95,2025-05-10,0,paid_on_time
P000464,L00062,42,2025-05-12,998.23,998.23,2025-05-12,0,paid_on_time
P000465,L00070,40,2025-05-12,436.33,436.33,2025-05-27,15,paid_late
P000466,L00108,29,2025-05-12,297.58,297.58,2025-05-09,0,paid_on_time
P000467,L00112,28,2025-05-12,389.58,389.58,2025-05-12,0,paid_on_time
P000468,L00175,19,2025-05-12,713.91,713.91,2025-05-11,0,paid_on_time
P000469,L00186,17,2025-05-12,461.26,461.26,2025-05-09,0,paid_on_time
P000470,L00276,5,2025-05-12,443.67,443.67,2025-05-10,0,paid_on_time
P000471,L00301,3,2025-05-12,652.3,652.3,2025-06-16,35,paid_late
P000472,L00311,2,2025-05-12,4060.3,4060.3,2025-05-10,0,paid_on_time
P000473,L00002,144,2025-05-13,755.12,755.12,2025-05-10,0,paid_on_time
P000474,L00015,111,2025-05-13,2722.75,2722.75,2025-05-10,0,paid_on_time
P000475,L00038,63,2025-05-13,1052.17,1052.17,2025-05-10,0,paid_on_time
P000476,L00064,41,2025-05-13,728.42,728.42,2025-05-11,0,paid_on_time
P000477,L00077,39,2025-05-13,1213.63,1213.63,2025-05-13,0,paid_on_time
P000478,L00128,26,2025-05-13,731.01,731.01,2025-05-13,0,paid_on_time
P000479,L00176,19,2025-05-13,1207.63,1207.63,2025-05-13,0,paid_on_time
P000480,L00187,17,2025-05-13,794.79,794.79,2025-05-13,0,paid_on_time
P000481,L00193,16,2025-05-13,889.34,889.34,2025-05-13,0,paid_on_time
P000482,L00203,15,2025-05-13,312.96,312.96,2025-05-11,0,paid_on_time
P000483,L00233,11,2025-05-13,3312.12,3312.12,2025-05-13,0,paid_on_time
P000484,L00261,7,2025-05-13,135.87,135.87,2025-05-10,0,paid_on_time
P000485,L00283,4,2025-05-13,576.26,576.26,2025-05-13,0,paid_on_time
P000486,L00312,2,2025-05-13,570.92,570.92,2025-05-11,0,paid_on_time
P000487,L00313,2,2025-05-13,414.66,414.66,2025-05-10,0,paid_on_time
P000488,L00018,106,2025-05-14,5555.18,5555.18,2025-05-12,0,paid_on_time
P000489,L00063,42,2025-05-14,1407.73,1407.73,2025-05-14,0,paid_on_time
P000490,L00095,32,2025-05-14,493.83,493.83,2025-05-29,15,paid_late
P000491,L00150,23,2025-05-14,693.8,693.8,2025-05-14,0,paid_on_time
P000492,L00194,16,2025-05-14,708.28,708.28,2025-05-12,0,paid_on_time
P000493,L00195,16,2025-05-14,506.14,506.14,2025-05-11,0,paid_on_time
P000494,L00204,15,2025-05-14,941.27,941.27,2025-05-14,0,paid_on_time
P000495,L00271,6,2025-05-14,485.42,485.42,2025-05-12,0,paid_on_time
P000496,L00284,4,2025-05-14,307.56,307.56,2025-05-12,0,paid_on_time
P000497,L00327,1,2025-05-14,205.7,205.7,2025-05-11,0,paid_on_time
P000498,L00328,1,2025-05-14,614.18,614.18,2025-05-11,0,paid_on_time
P000499,L00329,1,2025-05-14,828.78,0.0,,123,unpaid
P000500,L00043,55,2025-05-15,1040.6,1040.6,2025-05-13,0,paid_on_time
P000501,L00104,30,2025-05-15,442.08,442.08,2025-05-14,0,paid_on_time
P000502,L00120,27,2025-05-15,262.87,262.87,2025-05-13,0,paid_on_time
P000503,L00205,15,2025-05-15,418.6,418.6,2025-05-12,0,paid_on_time
P000504,L00216,13,2025-05-15,962.26,962.26,2025-05-15,0,paid_on_time
P000505,L00226,12,2025-05-15,904.35,904.35,2025-05-12,0,paid_on_time
P000506,L00277,5,2025-05-15,689.78,689.78,2025-06-07,23,paid_late
P000507,L00285,4,2025-05-15,4637.41,4637.41,2025-05-12,0,paid_on_time
P000508,L00330,1,2025-05-15,562.56,562.56,2025-05-13,0,paid_on_time
P000509,L00017,107,2025-05-16,1399.27,1399.27,2025-05-16,0,paid_on_time
P000510,L00033,75,2025-05-16,488.18,488.18,2025-05-15,0,paid_on_time
P000511,L00035,72,2025-05-16,2474.76,2474.76,2025-05-13,0,paid_on_time
P000512,L00121,27,2025-05-16,1741.4,1741.4,2025-05-15,0,paid_on_time
P000513,L00151,23,2025-05-16,230.11,230.11,2025-05-15,0,paid_on_time
P000514,L00210,14,2025-05-16,1078.93,1078.93,2025-05-13,0,paid_on_time
P000515,L00227,12,2025-05-16,545.86,545.86,2025-05-15,0,paid_on_time
P000516,L00234,11,2025-05-16,659.89,659.89,2025-05-15,0,paid_on_time
P000517,L00248,9,2025-05-16,2095.25,2095.25,2025-05-14,0,paid_on_time
P000518,L00286,4,2025-05-16,629.76,629.76,2025-05-16,0,paid_on_time
P000519,L00287,4,2025-05-16,361.67,361.67,2025-05-16,0,paid_on_time
P000520,L00314,2,2025-05-16,133.26,133.26,2025-05-14,0,paid_on_time
P000521,L00006,138,2025-05-17,1297.93,1297.93,2025-05-14,0,paid_on_time
P000522,L00042,57,2025-05-17,702.79,702.79,2025-05-15,0,paid_on_time
P000523,L00044,55,2025-05-17,999.08,999.08,2025-05-16,0,paid_on_time
P000524,L00055,46,2025-05-17,495.46,495.46,2025-05-16,0,paid_on_time
P000525,L00096,32,2025-05-17,3809.24,3809.24,2025-05-17,0,paid_on_time
P000526,L00122,27,2025-05-17,396.75,396.75,2025-05-17,0,paid_on_time
P000527,L00129,26,2025-05-17,5383.46,5383.46,2025-05-14,0,paid_on_time
P000528,L00135,25,2025-05-17,1392.09,1392.09,2025-05-15,0,paid_on_time
P000529,L00184,18,2025-05-17,729.3,729.3,2025-05-16,0,paid_on_time
P000530,L00228,12,2025-05-17,151.67,151.67,2025-05-15,0,paid_on_time
P000531,L00257,8,2025-05-17,328.84,328.84,2025-05-14,0,paid_on_time
P000532,L00288,4,2025-05-17,160.56,160.56,2025-05-14,0,paid_on_time
P000533,L00289,4,2025-05-17,327.34,327.34,2025-05-17,0,paid_on_time
P000534,L00315,2,2025-05-17,1369.79,1369.79,2025-05-15,0,paid_on_time
P000535,L00331,1,2025-05-17,186.73,186.73,2025-05-17,0,paid_on_time
P000536,L00016,109,2025-05-18,2087.02,2087.02,2025-05-16,0,paid_on_time
P000537,L00026,88,2025-05-18,1366.27,1366.27,2025-05-17,0,paid_on_time
P000538,L00089,34,2025-05-18,1358.89,1358.89,2025-05-17,0,paid_on_time
P000539,L00136,25,2025-05-18,106.01,106.01,2025-05-16,0,paid_on_time
P000540,L00169,20,2025-05-18,406.69,406.69,2025-05-16,0,paid_on_time
P000541,L00206,15,2025-05-18,1805.79,1805.79,2025-05-31,13,paid_late
P000542,L00217,13,2025-05-18,230.93,230.93,2025-05-18,0,paid_on_time
P000543,L00262,7,2025-05-18,244.62,244.62,2025-06-02,15,paid_late
P000544,L00290,4,2025-05-18,729.21,729.21,2025-05-16,0,paid_on_time
P000545,L00302,3,2025-05-18,528.31,528.31,2025-05-17,0,paid_on_time
P000546,L00316,2,2025-05-18,488.8,488.8,2025-06-02,15,paid_late
P000547,L00332,1,2025-05-18,1160.99,1160.99,2025-05-15,0,paid_on_time
P000548,L00001,147,2025-05-19,872.89,872.89,2025-05-17,0,paid_on_time
P000549,L00013,117,2025-05-19,947.9,947.9,2025-05-16,0,paid_on_time
P000550,L00014,115,2025-05-19,3544.09,3544.09,2025-05-18,0,paid_on_time
P000551,L00020,101,2025-05-19,599.02,599.02,2025-05-17,0,paid_on_time
P000552,L00028,85,2025-05-19,859.63,859.63,2025-05-20,1,paid_late
P000553,L00083,36,2025-05-19,170.36,170.36,2025-06-08,20,paid_late
P000554,L00090,34,2025-05-19,940.56,940.56,2025-05-16,0,paid_on_time
P000555,L00091,34,2025-05-19,333.65,333.65,2025-05-19,0,paid_on_time
P000556,L00130,26,2025-05-19,891.36,891.36,2025-05-16,0,paid_on_time
P000557,L00152,23,2025-05-19,189.02,189.02,2025-05-16,0,paid_on_time
P000558,L00153,23,2025-05-19,449.92,449.92,2025-05-23,4,paid_late
P000559,L00177,19,2025-05-19,661.52,661.52,2025-05-16,0,paid_on_time
P000560,L00032,77,2025-05-20,1649.77,1649.77,2025-05-18,0,paid_on_time
P000561,L00131,26,2025-05-20,1276.47,1276.47,2025-05-18,0,paid_on_time
P000562,L00154,23,2025-05-20,313.1,313.1,2025-05-20,0,paid_on_time
P000563,L00170,20,2025-05-20,1120.0,1120.0,2025-05-20,0,paid_on_time
P000564,L00291,4,2025-05-20,1254.39,1254.39,2025-05-20,0,paid_on_time
P000565,L00317,2,2025-05-20,690.9,690.9,2025-05-24,4,paid_late
P000566,L00333,1,2025-05-20,328.96,328.96,2025-05-18,0,paid_on_time
P000567,L00078,38,2025-05-21,434.96,434.96,2025-06-22,32,paid_late
P000568,L00084,36,2025-05-21,352.49,352.49,2025-05-19,0,paid_on_time
P000569,L00097,32,2025-05-21,1660.09,1660.09,2025-05-19,0,paid_on_time
P000570,L00159,22,2025-05-21,813.68,813.68,2025-05-20,0,paid_on_time
P000571,L00160,22,2025-05-21,3164.49,3164.49,2025-05-20,0,paid_on_time
P000572,L00188,17,2025-05-21,1216.68,1216.68,2025-05-18,0,paid_on_time
P000573,L00218,13,2025-05-21,3945.26,3945.26,2025-05-20,0,paid_on_time
P000574,L00242,10,2025-05-21,450.32,450.32,2025-05-18,0,paid_on_time
P000575,L00263,7,2025-05-21,846.87,846.87,2025-05-19,0,paid_on_time
P000576,L00278,5,2025-05-21,506.63,506.63,2025-05-20,0,paid_on_time
P000577,L00303,3,2025-05-21,3623.36,3623.36,2025-05-20,0,paid_on_time
P000578,L00008,135,2025-05-22,1043.51,1043.51,2025-05-21,0,paid_on_time
P000579,L00049,50,2025-05-22,3041.98,3041.98,2025-05-22,0,paid_on_time
P000580,L00098,32,2025-05-22,1385.41,1385.41,2025-05-22,0,paid_on_time
P000581,L00113,28,2025-05-22,677.07,677.07,2025-05-20,0,paid_on_time
P000582,L00132,26,2025-05-22,238.38,238.38,2025-05-21,0,paid_on_time
P000583,L00189,17,2025-05-22,142.38,142.38,2025-05-20,0,paid_on_time
P000584,L00229,12,2025-05-22,696.96,696.96,2025-05-20,0,paid_on_time
P000585,L00264,7,2025-05-22,299.57,299.57,2025-05-21,0,paid_on_time
P000586,L00279,5,2025-05-22,506.59,506.59,2025-05-19,0,paid_on_time
P000587,L00304,3,2025-05-22,191.99,191.99,2025-05-21,0,paid_on_time
P000588,L00012,125,2025-05-23,2313.25,2313.25,2025-05-20,0,paid_on_time
P000589,L00036,66,2025-05-23,5425.67,5425.67,2025-05-23,0,paid_on_time
P000590,L00041,58,2025-05-23,1241.28,1241.28,2025-05-23,0,paid_on_time
P000591,L00071,40,2025-05-23,561.59,561.59,2025-05-22,0,paid_on_time
P000592,L00080,37,2025-05-23,3899.39,3899.39,2025-05-22,0,paid_on_time
P000593,L00123,27,2025-05-23,509.28,509.28,2025-05-21,0,paid_on_time
P000594,L00161,22,2025-05-23,2812.43,2812.43,2025-05-23,0,paid_on_time
P000595,L00196,16,2025-05-23,152.51,152.51,2025-05-23,0,paid_on_time
P000596,L00211,14,2025-05-23,175.17,175.17,2025-05-22,0,paid_on_time
P000597,L00219,13,2025-05-23,2801.45,2801.45,2025-05-20,0,paid_on_time
P000598,L00249,9,2025-05-23,648.22,648.22,2025-06-16,24,paid_late
P000599,L00265,7,2025-05-23,883.61,883.61,2025-05-22,0,paid_on_time
P000600,L00292,4,2025-05-23,791.09,791.09,2025-05-21,0,paid_on_time
P000601,L00305,3,2025-05-23,322.19,0.0,,61,unpaid
P000602,L00334,1,2025-05-23,325.36,325.36,2025-05-23,0,paid_on_time
P000603,L00072,40,2025-05-24,1714.68,1714.68,2025-05-23,0,paid_on_time
P000604,L00143,24,2025-05-24,369.61,369.61,2025-05-23,0,paid_on_time
P000605,L00171,20,2025-05-24,378.47,378.47,2025-05-23,0,paid_on_time
P000606,L00172,20,2025-05-24,246.44,246.44,2025-05-22,0,paid_on_time
P000607,L00197,16,2025-05-24,4082.86,4082.86,2025-05-24,0,paid_on_time
P000608,L00243,10,2025-05-24,4829.64,4829.64,2025-05-23,0,paid_on_time
P000609,L00293,4,2025-05-24,715.78,715.78,2025-06-03,10,paid_late
P000610,L00318,2,2025-05-24,785.27,785.27,2025-05-24,0,paid_on_time
P000611,L00039,61,2025-05-25,2154.36,2154.36,2025-05-25,0,paid_on_time
P000612,L00085,36,2025-05-25,615.22,615.22,2025-05-23,0,paid_on_time
P000613,L00094,33,2025-05-25,798.81,798.81,2025-05-24,0,paid_on_time
P000614,L00144,24,2025-05-25,1999.88,1999.88,2025-05-23,0,paid_on_time
P000615,L00190,17,2025-05-25,668.94,668.94,2025-05-22,0,paid_on_time
P000616,L00235,11,2025-05-25,180.38,180.38,2025-05-23,0,paid_on_time
P000617,L00236,11,2025-05-25,379.28,379.28,2025-05-23,0,paid_on_time
P000618,L00237,11,2025-05-25,1577.72,1577.72,2025-05-25,0,paid_on_time
P000619,L00244,10,2025-05-25,797.65,797.65,2025-06-16,22,paid_late
P000620,L00335,1,2025-05-25,292.08,292.08,2025-05-25,0,paid_on_time
P000621,L00030,82,2025-05-26,1332.55,1332.55,2025-05-25,0,paid_on_time
P000622,L00037,66,2025-05-26,684.3,684.3,2025-05-25,0,paid_on_time
P000623,L00073,40,2025-05-26,313.76,313.76,2025-05-24,0,paid_on_time
P000624,L00087,35,2025-05-26,485.7,485.7,2025-05-25,0,paid_on_time
P000625,L00137,25,2025-05-26,328.82,328.82,2025-05-23,0,paid_on_time
P000626,L00145,24,2025-05-26,783.93,783.93,2025-05-25,0,paid_on_time
P000627,L00178,19,2025-05-26,1322.66,1322.66,2025-05-24,0,paid_on_time
P000628,L00198,16,2025-05-26,353.93,353.93,2025-05-25,0,paid_on_time
P000629,L00266,7,2025-05-26,196.46,196.46,2025-05-26,0,paid_on_time
P000630,L00306,3,2025-05-26,386.96,386.96,2025-05-23,0,paid_on_time
P000631,L00007,136,2025-05-27,1181.6,1181.6,2025-05-24,0,paid_on_time
P000632,L00009,134,2025-05-27,1014.74,1014.74,2025-05-27,0,paid_on_time
P000633,L00029,83,2025-05-27,3994.14,3994.14,2025-05-24,0,paid_on_time
P000634,L00074,40,2025-05-27,1814.09,1814.09,2025-05-26,0,paid_on_time
P000635,L00155,23,2025-05-27,209.88,209.88,2025-05-27,0,paid_on_time
P000636,L00022,94,2025-05-28,1038.84,1038.84,2025-05-25,0,paid_on_time
P000637,L00057,45,2025-05-28,603.0,603.0,2025-05-25,0,paid_on_time
P000638,L00065,41,2025-05-28,1911.1,1911.1,2025-05-26,0,paid_on_time
P000639,L00079,38,2025-05-28,553.36,553.36,2025-05-25,0,paid_on_time
P000640,L00081,37,2025-05-28,487.74,487.74,2025-05-26,0,paid_on_time
P000641,L00086,36,2025-05-28,542.24,542.24,2025-05-28,0,paid_on_time
P000642,L00114,28,2025-05-28,1545.46,1545.46,2025-05-28,0,paid_on_time
P000643,L00115,28,2025-05-28,581.64,581.64,2025-07-06,39,paid_late
P000644,L00116,28,2025-05-28,4765.2,4765.2,2025-05-26,0,paid_on_time
P000645,L00117,28,2025-05-28,1642.14,1642.14,2025-05-26,0,paid_on_time
P000646,L00138,25,2025-05-28,475.85,475.85,2025-05-27,0,paid_on_time
P000647,L00139,25,2025-05-28,301.45,301.45,2025-05-28,0,paid_on_time
P000648,L00156,23,2025-05-28,856.46,856.46,2025-05-27,0,paid_on_time
P000649,L00173,20,2025-05-28,746.3,746.3,2025-05-26,0,paid_on_time
P000650,L00179,19,2025-05-28,492.89,492.89,2025-05-25,0,paid_on_time
P000651,L00191,17,2025-05-28,936.13,936.13,2025-05-26,0,paid_on_time
P000652,L00199,16,2025-05-28,613.67,613.67,2025-05-27,0,paid_on_time
P000653,L00200,16,2025-05-28,253.76,253.76,2025-07-07,40,paid_late
P000654,L00207,15,2025-05-28,252.74,252.74,2025-05-26,0,paid_on_time
P000655,L00213,14,2025-05-28,767.71,767.71,2025-05-26,0,paid_on_time
P000656,L00220,13,2025-05-28,596.29,596.29,2025-05-25,0,paid_on_time
P000657,L00238,11,2025-05-28,893.78,893.78,2025-05-26,0,paid_on_time
P000658,L00245,10,2025-05-28,2175.35,2175.35,2025-05-28,0,paid_on_time
P000659,L00246,10,2025-05-28,1166.75,1166.75,2025-05-27,0,paid_on_time
P000660,L00250,9,2025-05-28,169.37,169.37,2025-05-26,0,paid_on_time
P000661,L00267,7,2025-05-28,353.61,0.0,,61,unpaid
P000662,L00272,6,2025-05-28,197.04,197.04,2025-05-26,0,paid_on_time
P000663,L00280,5,2025-05-28,2010.72,2010.72,2025-05-27,0,paid_on_time
P000664,L00281,5,2025-05-28,2776.0,2776.0,2025-05-25,0,paid_on_time
P000665,L00294,4,2025-05-28,2580.19,2580.19,2025-05-25,0,paid_on_time
P000666,L00295,4,2025-05-28,2738.06,2738.06,2025-05-25,0,paid_on_time
P000667,L00319,2,2025-05-28,1044.26,1044.26,2025-05-28,0,paid_on_time
P000668,L00320,2,2025-05-28,172.66,172.66,2025-05-26,0,paid_on_time
P000669,L00336,1,2025-05-28,761.18,761.18,2025-05-27,0,paid_on_time
P000670,L00066,41,2025-06-01,856.43,856.43,2025-05-30,0,paid_on_time
P000671,L00067,41,2025-06-01,5150.69,5150.69,2025-05-30,0,paid_on_time
P000672,L00099,31,2025-06-01,1471.68,1471.68,2025-06-01,0,paid_on_time
P000673,L00100,31,2025-06-01,1187.24,1187.24,2025-06-01,0,paid_on_time
P000674,L00109,29,2025-06-01,2101.11,2101.11,2025-05-30,0,paid_on_time
P000675,L00157,23,2025-06-01,328.41,328.41,2025-05-30,0,paid_on_time
P000676,L00268,7,2025-06-01,3738.67,3738.67,2025-05-30,0,paid_on_time
P000677,L00337,1,2025-06-01,382.73,382.73,2025-05-31,0,paid_on_time
P000678,L00011,130,2025-06-02,3685.16,3685.16,2025-08-17,76,paid_late
P000679,L00025,89,2025-06-02,873.16,873.16,2025-05-31,0,paid_on_time
P000680,L00048,51,2025-06-02,3101.68,3101.68,2025-05-31,0,paid_on_time
P000681,L00124,27,2025-06-02,1451.35,1451.35,2025-05-31,0,paid_on_time
P000682,L00133,26,2025-06-02,4939.5,4939.5,2025-06-01,0,paid_on_time
P000683,L00146,24,2025-06-02,177.47,177.47,2025-06-01,0,paid_on_time
P000684,L00174,20,2025-06-02,588.33,588.33,2025-06-02,0,paid_on_time
P000685,L00221,13,2025-06-02,90.7,90.7,2025-06-11,9,paid_late
P000686,L00251,9,2025-06-02,360.6,360.6,2025-05-30,0,paid_on_time
P000687,L00258,8,2025-06-02,2005.5,2005.5,2025-05-31,0,paid_on_time
P000688,L00273,6,2025-06-02,696.31,696.31,2025-06-10,8,paid_late
P000689,L00307,3,2025-06-02,641.01,641.01,2025-05-31,0,paid_on_time
P000690,L00321,2,2025-06-02,155.78,155.78,2025-05-30,0,paid_on_time
P000691,L00322,2,2025-06-02,482.32,482.32,2025-06-01,0,paid_on_time
P000692,L00338,1,2025-06-02,544.77,544.77,2025-05-31,0,paid_on_time
P000693,L00021,99,2025-06-03,1229.88,1229.88,2025-06-07,4,paid_late
P000694,L00075,40,2025-06-03,921.85,921.85,2025-06-03,0,paid_on_time
P000695,L00101,31,2025-06-03,420.86,420.86,2025-06-03,0,paid_on_time
P000696,L00105,30,2025-06-03,3823.79,3823.79,2025-05-31,0,paid_on_time
P000697,L00125,27,2025-06-03,965.75,965.75,2025-06-23,20,paid_late
P000698,L00141,25,2025-06-03,913.41,913.41,2025-06-01,0,paid_on_time
P000699,L00180,19,2025-06-03,1447.87,1447.87,2025-06-03,0,paid_on_time
P000700,L00230,12,2025-06-03,268.46,268.46,2025-06-02,0,paid_on_time
P000701,L00269,7,2025-06-03,334.66,334.66,2025-06-03,0,paid_on_time
P000702,L00296,4,2025-06-03,1097.72,1097.72,2025-05-31,0,paid_on_time
P000703,L00308,3,2025-06-03,98.58,98.58,2025-06-03,0,paid_on_time
P000704,L00339,1,2025-06-03,589.31,589.31,2025-06-01,0,paid_on_time
P000705,L00003,142,2025-06-04,1484.61,1484.61,2025-06-01,0,paid_on_time
P000706,L00058,44,2025-06-04,828.64,828.64,2025-06-04,0,paid_on_time
P000707,L00239,11,2025-06-04,1684.67,1684.67,2025-06-01,0,paid_on_time
P000708,L00259,8,2025-06-04,182.52,182.52,2025-06-03,0,paid_on_time
P000709,L00051,49,2025-06-05,1900.45,1900.45,2025-06-02,0,paid_on_time
P000710,L00068,41,2025-06-05,527.5,527.5,2025-06-21,16,paid_late
P000711,L00069,41,2025-06-05,1481.4,1481.4,2025-06-02,0,paid_on_time
P000712,L00092,34,2025-06-05,1072.0,1072.0,2025-08-10,66,paid_late
P000713,L00110,29,2025-06-05,672.22,672.22,2025-06-05,0,paid_on_time
P000714,L00201,16,2025-06-05,286.02,286.02,2025-06-04,0,paid_on_time
P000715,L00214,14,2025-06-05,381.85,381.85,2025-06-02,0,paid_on_time
P000716,L00222,13,2025-06-05,671.48,671.48,2025-06-03,0,paid_on_time
P000717,L00247,10,2025-06-05,69.37,69.37,2025-06-03,0,paid_on_time
P000718,L00252,9,2025-06-05,2944.96,2944.96,2025-06-03,0,paid_on_time
P000719,L00253,9,2025-06-05,250.97,250.97,2025-06-02,0,paid_on_time
P000720,L00260,8,2025-06-05,494.43,494.43,2025-06-05,0,paid_on_time
P000721,L00274,6,2025-06-05,403.99,403.99,2025-06-28,23,paid_late
P000722,L00297,4,2025-06-05,660.93,660.93,2025-06-02,0,paid_on_time
P000723,L00340,1,2025-06-05,387.29,387.29,2025-06-02,0,paid_on_time
P000724,L00004,141,2025-06-06,4466.2,4466.2,2025-06-06,0,paid_on_time
P000725,L00019,106,2025-06-06,2187.33,2187.33,2025-06-04,0,paid_on_time
P000726,L00053,47,2025-06-06,1030.03,1030.03,2025-06-09,3,paid_late
P000727,L00059,44,2025-06-06,626.49,626.49,2025-06-03,0,paid_on_time
P000728,L00093,34,2025-06-06,730.14,730.14,2025-06-04,0,paid_on_time
P000729,L00106,30,2025-06-06,2856.91,2856.91,2025-06-03,0,paid_on_time
P000730,L00147,24,2025-06-06,348.05,348.05,2025-06-05,0,paid_on_time
P000731,L00192,17,2025-06-06,894.21,894.21,2025-06-04,0,paid_on_time
P000732,L00202,16,2025-06-06,4839.58,4839.58,2025-06-05,0,paid_on_time
P000733,L00215,14,2025-06-06,756.59,756.59,2025-06-06,0,paid_on_time
P000734,L00223,13,2025-06-06,274.54,274.54,2025-06-10,4,paid_late
P000735,L00231,12,2025-06-06,728.02,728.02,2025-06-08,2,paid_late
P000736,L00240,11,2025-06-06,1520.54,1520.54,2025-06-05,0,paid_on_time
P000737,L00298,4,2025-06-06,1387.32,1387.32,2025-06-03,0,paid_on_time
P000738,L00341,1,2025-06-06,393.32,393.32,2025-06-05,0,paid_on_time
P000739,L00027,87,2025-06-07,1544.11,1544.11,2025-06-21,14,paid_late
P000740,L00034,74,2025-06-07,1413.29,1413.29,2025-06-07,0,paid_on_time
P000741,L00045,55,2025-06-07,590.41,590.41,2025-06-05,0,paid_on_time
P000742,L00061,43,2025-06-07,1314.35,1314.35,2025-06-16,9,paid_late
P000743,L00102,31,2025-06-07,610.13,610.13,2025-06-04,0,paid_on_time
P000744,L00107,30,2025-06-07,4136.88,4136.88,2025-06-04,0,paid_on_time
P000745,L00142,25,2025-06-07,122.37,122.37,2025-06-06,0,paid_on_time
P000746,L00148,24,2025-06-07,1896.41,1896.41,2025-06-04,0,paid_on_time
P000747,L00208,15,2025-06-07,1156.32,1156.32,2025-06-07,0,paid_on_time
P000748,L00224,13,2025-06-07,223.06,223.06,2025-06-05,0,paid_on_time
P000749,L00275,6,2025-06-07,495.73,495.73,2025-06-05,0,paid_on_time
P000750,L00282,5,2025-06-07,255.88,255.88,2025-06-04,0,paid_on_time
P000751,L00342,1,2025-06-07,696.53,696.53,2025-06-06,0,paid_on_time
P000752,L00024,90,2025-06-08,1195.78,1195.78,2025-06-06,0,paid_on_time
P000753,L00046,55,2025-06-08,2692.31,2692.31,2025-06-08,0,paid_on_time
P000754,L00050,50,2025-06-08,5006.45,5006.45,2025-06-05,0,paid_on_time
P000755,L00149,24,2025-06-08,180.6,180.6,2025-06-05,0,paid_on_time
P000756,L00232,12,2025-06-08,588.41,588.41,2025-06-20,12,paid_late
P000757,L00309,3,2025-06-08,455.35,455.35,2025-06-07,0,paid_on_time
P000758,L00310,3,2025-06-08,684.21,684.21,2025-06-05,0,paid_on_time
P000759,L00323,2,2025-06-08,133.22,133.22,2025-06-07,0,paid_on_time
P000760,L00324,2,2025-06-08,464.16,464.16,2025-06-07,0,paid_on_time
P000761,L00343,1,2025-06-08,730.44,730.44,2025-06-05,0,paid_on_time
P000762,L00005,141,2025-06-09,3714.26,3714.26,2025-06-14,5,paid_late
P000763,L00031,82,2025-06-09,1166.25,1166.25,2025-06-07,0,paid_on_time
P000764,L00047,55,2025-06-09,1631.14,1631.14,2025-06-08,0,paid_on_time
P000765,L00052,48,2025-06-09,458.96,458.96,2025-06-09,0,paid_on_time
P000766,L00056,46,2025-06-09,1887.49,1887.49,2025-06-09,0,paid_on_time
P000767,L00164,22,2025-06-09,463.93,463.93,2025-06-07,0,paid_on_time
P000768,L00165,22,2025-06-09,900.5,900.5,2025-06-07,0,paid_on_time
P000769,L00167,21,2025-06-09,494.06,494.06,2025-06-09,0,paid_on_time
P000770,L00209,15,2025-06-09,895.87,895.87,2025-06-09,0,paid_on_time
P000771,L00225,13,2025-06-09,443.16,443.16,2025-06-09,0,paid_on_time
P000772,L00010,133,2025-06-10,451.75,451.75,2025-08-14,65,paid_late
P000773,L00040,60,2025-06-10,1154.04,1154.04,2025-06-09,0,paid_on_time
P000774,L00060,44,2025-06-10,242.9,242.9,2025-06-07,0,paid_on_time
P000775,L00082,37,2025-06-10,1374.6,1374.6,2025-06-08,0,paid_on_time
P000776,L00088,35,2025-06-10,604.18,604.18,2025-06-08,0,paid_on_time
P000777,L00134,26,2025-06-10,132.34,132.34,2025-06-07,0,paid_on_time
P000778,L00168,21,2025-06-10,425.1,425.1,2025-06-09,0,paid_on_time
P000779,L00182,19,2025-06-10,170.77,170.77,2025-06-10,0,paid_on_time
P000780,L00183,19,2025-06-10,1116.86,1116.86,2025-06-09,0,paid_on_time
P000781,L00241,11,2025-06-10,417.0,417.0,2025-06-07,0,paid_on_time
P000782,L00299,4,2025-06-10,374.07,374.07,2025-06-07,0,paid_on_time
P000783,L00300,4,2025-06-10,3088.53,3088.53,2025-06-08,0,paid_on_time
P000784,L00325,2,2025-06-10,533.26,533.26,2025-06-09,0,paid_on_time
P000785,L00326,2,2025-06-10,339.05,339.05,2025-06-09,0,paid_on_time
P000786,L00344,1,2025-06-10,532.44,532.44,2025-06-10,0,paid_on_time
P000787,L00345,1,2025-06-10,302.08,302.08,2025-06-07,0,paid_on_time
P000788,L00023,94,2025-06-11,1669.64,1669.64,2025-06-11,0,paid_on_time
P000789,L00076,40,2025-06-11,750.21,750.21,2025-06-08,0,paid_on_time
P000790,L00103,31,2025-06-11,477.21,477.21,2025-06-08,0,paid_on_time
P000791,L00111,29,2025-06-11,327.8,327.8,2025-07-03,22,paid_late
P000792,L00119,28,2025-06-11,704.37,704.37,2025-06-09,0,paid_on_time
P000793,L00126,27,2025-06-11,1005.72,1005.72,2025-06-11,0,paid_on_time
P000794,L00127,27,2025-06-11,352.26,352.26,2025-06-12,1,paid_late
P000795,L00158,23,2025-06-11,244.75,244.75,2025-06-10,0,paid_on_time
P000796,L00185,18,2025-06-11,1831.67,1831.67,2025-06-10,0,paid_on_time
P000797,L00254,9,2025-06-11,5962.35,5962.35,2025-06-09,0,paid_on_time
P000798,L00255,9,2025-06-11,391.11,391.11,2025-06-11,0,paid_on_time
P000799,L00256,9,2025-06-11,2046.78,2046.78,2025-06-11,0,paid_on_time
P000800,L00054,47,2025-06-12,1005.95,1005.95,2025-06-12,0,paid_on_time
P000801,L00062,43,2025-06-12,998.23,998.23,2025-06-11,0,paid_on_time
P000802,L00070,41,2025-06-12,436.33,436.33,2025-06-12,0,paid_on_time
P000803,L00108,30,2025-06-12,297.58,297.58,2025-06-09,0,paid_on_time
P000804,L00112,29,2025-06-12,389.58,389.58,2025-06-11,0,paid_on_time
P000805,L00175,20,2025-06-12,713.91,713.91,2025-07-05,23,paid_late
P000806,L00186,18,2025-06-12,461.26,461.26,2025-06-16,4,paid_late
P000807,L00276,6,2025-06-12,443.67,443.67,2025-06-12,0,paid_on_time
P000808,L00301,4,2025-06-12,652.3,652.3,2025-06-16,4,paid_late
P000809,L00311,3,2025-06-12,4060.3,4060.3,2025-06-11,0,paid_on_time
P000810,L00002,145,2025-06-13,755.12,755.12,2025-06-11,0,paid_on_time
P000811,L00015,112,2025-06-13,2722.75,2722.75,2025-06-12,0,paid_on_time
P000812,L00038,64,2025-06-13,1052.17,1052.17,2025-06-10,0,paid_on_time
P000813,L00064,42,2025-06-13,728.42,728.42,2025-06-12,0,paid_on_time
P000814,L00077,40,2025-06-13,1213.63,1213.63,2025-06-12,0,paid_on_time
P000815,L00128,27,2025-06-13,731.01,731.01,2025-06-10,0,paid_on_time
P000816,L00176,20,2025-06-13,1207.63,1207.63,2025-06-13,0,paid_on_time
P000817,L00187,18,2025-06-13,794.79,794.79,2025-06-11,0,paid_on_time
P000818,L00193,17,2025-06-13,889.34,889.34,2025-06-12,0,paid_on_time
P000819,L00203,16,2025-06-13,312.96,312.96,2025-06-13,0,paid_on_time
P000820,L00233,12,2025-06-13,3312.12,3312.12,2025-06-11,0,paid_on_time
P000821,L00261,8,2025-06-13,135.87,135.87,2025-06-13,0,paid_on_time
P000822,L00283,5,2025-06-13,576.26,576.26,2025-06-12,0,paid_on_time
P000823,L00312,3,2025-06-13,570.92,570.92,2025-06-10,0,paid_on_time
P000824,L00313,3,2025-06-13,414.66,414.66,2025-06-10,0,paid_on_time
P000825,L00018,107,2025-06-14,5555.18,5555.18,2025-06-13,0,paid_on_time
P000826,L00063,43,2025-06-14,1407.73,1407.73,2025-06-14,0,paid_on_time
P000827,L00095,33,2025-06-14,493.83,493.83,2025-06-13,0,paid_on_time
P000828,L00150,24,2025-06-14,693.8,693.8,2025-06-14,0,paid_on_time
P000829,L00194,17,2025-06-14,708.28,708.28,2025-06-14,0,paid_on_time
P000830,L00195,17,2025-06-14,506.14,506.14,2025-07-05,21,paid_late
P000831,L00204,16,2025-06-14,941.27,941.27,2025-06-14,0,paid_on_time
P000832,L00271,7,2025-06-14,485.42,485.42,2025-06-13,0,paid_on_time
P000833,L00284,5,2025-06-14,307.56,307.56,2025-06-14,0,paid_on_time
P000834,L00327,2,2025-06-14,205.7,205.7,2025-06-14,0,paid_on_time
P000835,L00328,2,2025-06-14,614.18,614.18,2025-06-14,0,paid_on_time
P000836,L00329,2,2025-06-14,828.78,0.0,,92,unpaid
P000837,L00043,56,2025-06-15,1040.6,1040.6,2025-06-14,0,paid_on_time
P000838,L00104,31,2025-06-15,442.08,442.08,2025-06-15,0,paid_on_time
P000839,L00120,28,2025-06-15,262.87,262.87,2025-06-14,0,paid_on_time
P000840,L00205,16,2025-06-15,418.6,418.6,2025-06-14,0,paid_on_time
P000841,L00216,14,2025-06-15,962.26,962.26,2025-06-13,0,paid_on_time
P000842,L00226,13,2025-06-15,904.35,904.35,2025-06-14,0,paid_on_time
P000843,L00277,6,2025-06-15,689.78,689.78,2025-06-13,0,paid_on_time
P000844,L00285,5,2025-06-15,4637.41,4637.41,2025-06-13,0,paid_on_time
P000845,L00330,2,2025-06-15,562.56,562.56,2025-06-13,0,paid_on_time
P000846,L00346,1,2025-06-15,1507.66,1507.66,2025-06-13,0,paid_on_time
P000847,L00017,108,2025-06-16,1399.27,1399.27,2025-06-14,0,paid_on_time
P000848,L00033,76,2025-06-16,488.18,488.18,2025-06-14,0,paid_on_time
P000849,L00035,73,2025-06-16,2474.76,2474.76,2025-06-15,0,paid_on_time
P000850,L00121,28,2025-06-16,1741.4,1741.4,2025-06-15,0,paid_on_time
P000851,L00151,24,2025-06-16,230.11,230.11,2025-06-14,0,paid_on_time
P000852,L00210,15,2025-06-16,1078.93,1078.93,2025-06-15,0,paid_on_time
P000853,L00227,13,2025-06-16,545.86,545.86,2025-06-16,0,paid_on_time
P000854,L00234,12,2025-06-16,659.89,659.89,2025-06-14,0,paid_on_time
P000855,L00248,10,2025-06-16,2095.25,2095.25,2025-06-16,0,paid_on_time
P000856,L00286,5,2025-06-16,629.76,629.76,2025-06-15,0,paid_on_time
P000857,L00287,5,2025-06-16,361.67,361.67,2025-06-16,0,paid_on_time
P000858,L00314,3,2025-06-16,133.26,133.26,2025-06-16,0,paid_on_time
P000859,L00347,1,2025-06-16,622.05,622.05,2025-06-15,0,paid_on_time
P000860,L00006,139,2025-06-17,1297.93,1297.93,2025-06-17,0,paid_on_time
P000861,L00042,58,2025-06-17,702.79,702.79,2025-06-17,0,paid_on_time
P000862,L00044,56,2025-06-17,999.08,999.08,2025-06-17,0,paid_on_time
P000863,L00055,47,2025-06-17,495.46,495.46,2025-06-15,0,paid_on_time
P000864,L00096,33,2025-06-17,3809.24,3809.24,2025-06-14,0,paid_on_time
P000865,L00122,28,2025-06-17,396.75,396.75,2025-06-17,0,paid_on_time
P000866,L00129,27,2025-06-17,5383.46,5383.46,2025-06-17,0,paid_on_time
P000867,L00135,26,2025-06-17,1392.09,1392.09,2025-06-17,0,paid_on_time
P000868,L00184,19,2025-06-17,729.3,729.3,2025-06-15,0,paid_on_time
P000869,L00228,13,2025-06-17,151.67,151.67,2025-06-14,0,paid_on_time
P000870,L00257,9,2025-06-17,328.84,328.84,2025-06-15,0,paid_on_time
P000871,L00288,5,2025-06-17,160.56,160.56,2025-06-16,0,paid_on_time
P000872,L00289,5,2025-06-17,327.34,327.34,2025-06-15,0,paid_on_time
P000873,L00315,3,2025-06-17,1369.79,1369.79,2025-06-16,0,paid_on_time
P000874,L00331,2,2025-06-17,186.73,186.73,2025-06-16,0,paid_on_time
P000875,L00348,1,2025-06-17,172.66,172.66,2025-06-14,0,paid_on_time
P000876,L00016,110,2025-06-18,2087.02,2087.02,2025-06-16,0,paid_on_time
P000877,L00026,89,2025-06-18,1366.27,1366.27,2025-06-16,0,paid_on_time
P000878,L00089,35,2025-06-18,1358.89,1358.89,2025-06-27,9,paid_late
P000879,L00169,21,2025-06-18,406.69,406.69,2025-06-15,0,paid_on_time
P000880,L00206,16,2025-06-18,1805.79,1805.79,2025-06-15,0,paid_on_time
P000881,L00217,14,2025-06-18,230.93,230.93,2025-06-16,0,paid_on_time
P000882,L00262,8,2025-06-18,244.62,244.62,2025-06-17,0,paid_on_time
P000883,L00290,5,2025-06-18,729.21,729.21,2025-06-17,0,paid_on_time
P000884,L00302,4,2025-06-18,528.31,528.31,2025-06-15,0,paid_on_time
P000885,L00316,3,2025-06-18,488.8,488.8,2025-06-17,0,paid_on_time
P000886,L00332,2,2025-06-18,1160.99,1160.99,2025-06-16,0,paid_on_time
P000887,L00349,1,2025-06-18,732.05,732.05,2025-06-16,0,paid_on_time
P000888,L00001,148,2025-06-19,872.89,872.89,2025-06-18,0,paid_on_time
P000889,L00013,118,2025-06-19,947.9,947.9,2025-06-17,0,paid_on_time
P000890,L00014,116,2025-06-19,3544.09,3544.09,2025-06-16,0,paid_on_time
P000891,L00020,102,2025-06-19,599.02,599.02,2025-06-17,0,paid_on_time
P000892,L00028,86,2025-06-19,859.63,859.63,2025-06-16,0,paid_on_time
P000893,L00083,37,2025-06-19,170.36,170.36,2025-07-01,12,paid_late
P000894,L00090,35,2025-06-19,940.56,940.56,2025-06-16,0,paid_on_time
P000895,L00091,35,2025-06-19,333.65,333.65,2025-06-18,0,paid_on_time
P000896,L00130,27,2025-06-19,891.36,891.36,2025-06-19,0,paid_on_time
P000897,L00152,24,2025-06-19,189.02,189.02,2025-06-16,0,paid_on_time
P000898,L00177,20,2025-06-19,661.52,661.52,2025-06-17,0,paid_on_time
P000899,L00350,1,2025-06-19,913.36,913.36,2025-06-19,0,paid_on_time
P000900,L00032,78,2025-06-20,1649.77,1649.77,2025-06-20,0,paid_on_time
P000901,L00131,27,2025-06-20,1276.47,1276.47,2025-06-18,0,paid_on_time
P000902,L00154,24,2025-06-20,313.1,313.1,2025-06-17,0,paid_on_time
P000903,L00170,21,2025-06-20,1120.0,1120.0,2025-06-18,0,paid_on_time
P000904,L00291,5,2025-06-20,1254.39,1254.39,2025-06-19,0,paid_on_time
P000905,L00317,3,2025-06-20,690.9,690.9,2025-06-18,0,paid_on_time
P000906,L00333,2,2025-06-20,328.96,328.96,2025-06-19,0,paid_on_time
P000907,L00351,1,2025-06-20,281.71,281.71,2025-06-17,0,paid_on_time
P000908,L00078,39,2025-06-21,434.96,434.96,2025-06-22,1,paid_late
P000909,L00084,37,2025-06-21,352.49,352.49,2025-06-21,0,paid_on_time
P000910,L00097,33,2025-06-21,1660.09,1660.09,2025-06-19,0,paid_on_time
P000911,L00159,23,2025-06-21,813.68,813.68,2025-06-18,0,paid_on_time
P000912,L00160,23,2025-06-21,3164.49,3164.49,2025-06-18,0,paid_on_time
P000913,L00188,18,2025-06-21,1216.68,1216.68,2025-06-21,0,paid_on_time
P000914,L00218,14,2025-06-21,3945.26,3945.26,2025-06-21,0,paid_on_time
P000915,L00242,11,2025-06-21,450.32,450.32,2025-06-20,0,paid_on_time
P000916,L00263,8,2025-06-21,846.87,846.87,2025-06-20,0,paid_on_time
P000917,L00278,6,2025-06-21,506.63,506.63,2025-06-20,0,paid_on_time
P000918,L00303,4,2025-06-21,3623.36,3623.36,2025-06-18,0,paid_on_time
P000919,L00352,1,2025-06-21,1279.4,1279.4,2025-06-18,0,paid_on_time
P000920,L00008,136,2025-06-22,1043.51,1043.51,2025-06-19,0,paid_on_time
P000921,L00049,51,2025-06-22,3041.98,3041.98,2025-06-30,8,paid_late
P000922,L00098,33,2025-06-22,1385.41,1385.41,2025-06-19,0,paid_on_time
P000923,L00113,29,2025-06-22,677.07,677.07,2025-06-21,0,paid_on_time
P000924,L00132,27,2025-06-22,238.38,238.38,2025-06-22,0,paid_on_time
P000925,L00189,18,2025-06-22,142.38,142.38,2025-06-22,0,paid_on_time
P000926,L00229,13,2025-06-22,696.96,696.96,2025-06-21,0,paid_on_time
P000927,L00264,8,2025-06-22,299.57,299.57,2025-06-19,0,paid_on_time
P000928,L00279,6,2025-06-22,506.59,506.59,2025-06-20,0,paid_on_time
P000929,L00304,4,2025-06-22,191.99,191.99,2025-06-19,0,paid_on_time
P000930,L00353,1,2025-06-22,401.58,401.58,2025-06-20,0,paid_on_time
P000931,L00012,126,2025-06-23,2313.25,2313.25,2025-06-20,0,paid_on_time
P000932,L00036,67,2025-06-23,5425.67,5425.67,2025-06-20,0,paid_on_time
P000933,L00041,59,2025-06-23,1241.28,1241.28,2025-06-22,0,paid_on_time
P000934,L00071,41,2025-06-23,561.59,561.59,2025-06-23,0,paid_on_time
P000935,L00080,38,2025-06-23,3899.39,3899.39,2025-06-22,0,paid_on_time
P000936,L00123,28,2025-06-23,509.28,509.28,2025-06-23,0,paid_on_time
P000937,L00161,23,2025-06-23,2812.43,2812.43,2025-06-23,0,paid_on_time
P000938,L00196,17,2025-06-23,152.51,152.51,2025-06-23,0,paid_on_time
P000939,L00211,15,2025-06-23,175.17,175.17,2025-06-20,0,paid_on_time
P000940,L00219,14,2025-06-23,2801.45,2801.45,2025-06-22,0,paid_on_time
P000941,L00249,10,2025-06-23,648.22,648.22,2025-06-22,0,paid_on_time
P000942,L00265,8,2025-06-23,883.61,883.61,2025-06-23,0,paid_on_time
P000943,L00292,5,2025-06-23,791.09,791.09,2025-06-21,0,paid_on_time
P000944,L00305,4,2025-06-23,322.19,0.0,,30,unpaid
P000945,L00334,2,2025-06-23,325.36,325.36,2025-06-23,0,paid_on_time
P000946,L00354,1,2025-06-23,807.03,807.03,2025-06-23,0,paid_on_time
P000947,L00355,1,2025-06-23,915.73,915.73,2025-06-21,0,paid_on_time
P000948,L00072,41,2025-06-24,1714.68,1714.68,2025-06-22,0,paid_on_time
P000949,L00143,25,2025-06-24,369.61,369.61,2025-06-21,0,paid_on_time
P000950,L00171,21,2025-06-24,378.47,378.47,2025-06-24,0,paid_on_time
P000951,L00172,21,2025-06-24,246.44,246.44,2025-06-23,0,paid_on_time
P000952,L00197,17,2025-06-24,4082.86,4082.86,2025-06-23,0,paid_on_time
P000953,L00243,11,2025-06-24,4829.64,4829.64,2025-06-24,0,paid_on_time
P000954,L00293,5,2025-06-24,715.78,715.78,2025-06-23,0,paid_on_time
P000955,L00318,3,2025-06-24,785.27,785.27,2025-06-22,0,paid_on_time
P000956,L00356,1,2025-06-24,151.33,151.33,2025-06-23,0,paid_on_time
P000957,L00039,62,2025-06-25,2154.36,2154.36,2025-06-25,0,paid_on_time
P000958,L00085,37,2025-06-25,615.22,615.22,2025-06-25,0,paid_on_time
P000959,L00094,34,2025-06-25,798.81,798.81,2025-06-25,0,paid_on_time
P000960,L00144,25,2025-06-25,1999.88,1999.88,2025-06-23,0,paid_on_time
P000961,L00190,18,2025-06-25,668.94,668.94,2025-06-25,0,paid_on_time
P000962,L00235,12,2025-06-25,180.38,180.38,2025-06-22,0,paid_on_time
P000963,L00236,12,2025-06-25,379.28,379.28,2025-07-19,24,paid_late
P000964,L00237,12,2025-06-25,1577.72,1577.72,2025-06-24,0,paid_on_time
P000965,L00244,11,2025-06-25,797.65,797.65,2025-07-17,22,paid_late
P000966,L00335,2,2025-06-25,292.08,292.08,2025-08-09,45,paid_late
P000967,L00030,83,2025-06-26,1332.55,1332.55,2025-06-23,0,paid_on_time
P000968,L00037,67,2025-06-26,684.3,684.3,2025-06-26,0,paid_on_time
P000969,L00073,41,2025-06-26,313.76,313.76,2025-06-26,0,paid_on_time
P000970,L00087,36,2025-06-26,485.7,485.7,2025-07-07,11,paid_late
P000971,L00137,26,2025-06-26,328.82,328.82,2025-06-24,0,paid_on_time
P000972,L00145,25,2025-06-26,783.93,783.93,2025-06-24,0,paid_on_time
P000973,L00178,20,2025-06-26,1322.66,1322.66,2025-06-26,0,paid_on_time
P000974,L00198,17,2025-06-26,353.93,353.93,2025-06-24,0,paid_on_time
P000975,L00266,8,2025-06-26,196.46,196.46,2025-06-24,0,paid_on_time
P000976,L00306,4,2025-06-26,386.96,386.96,2025-06-25,0,paid_on_time
P000977,L00007,137,2025-06-27,1181.6,1181.6,2025-06-26,0,paid_on_time
P000978,L00009,135,2025-06-27,1014.74,1014.74,2025-06-26,0,paid_on_time
P000979,L00074,41,2025-06-27,1814.09,1814.09,2025-07-03,6,paid_late
P000980,L00155,24,2025-06-27,209.88,209.88,2025-06-24,0,paid_on_time
P000981,L00357,1,2025-06-27,705.03,705.03,2025-06-25,0,paid_on_time
P000982,L00022,95,2025-06-28,1038.84,1038.84,2025-06-26,0,paid_on_time
P000983,L00057,46,2025-06-28,603.0,603.0,2025-06-27,0,paid_on_time
P000984,L00065,42,2025-06-28,1911.1,1911.1,2025-06-26,0,paid_on_time
P000985,L00079,39,2025-06-28,553.36,553.36,2025-06-27,0,paid_on_time
P000986,L00081,38,2025-06-28,487.74,487.74,2025-06-25,0,paid_on_time
P000987,L00086,37,2025-06-28,542.24,542.24,2025-06-27,0,paid_on_time
P000988,L00114,29,2025-06-28,1545.46,1545.46,2025-06-27,0,paid_on_time
P000989,L00115,29,2025-06-28,581.64,581.64,2025-07-06,8,paid_late
P000990,L00116,29,2025-06-28,4765.2,4765.2,2025-06-26,0,paid_on_time
P000991,L00117,29,2025-06-28,1642.14,1642.14,2025-06-27,0,paid_on_time
P000992,L00138,26,2025-06-28,475.85,475.85,2025-06-26,0,paid_on_time
P000993,L00139,26,2025-06-28,301.45,301.45,2025-06-26,0,paid_on_time
P000994,L00156,24,2025-06-28,856.46,856.46,2025-06-27,0,paid_on_time
P000995,L00173,21,2025-06-28,746.3,746.3,2025-07-01,3,paid_late
P000996,L00179,20,2025-06-28,492.89,492.89,2025-06-27,0,paid_on_time
P000997,L00191,18,2025-06-28,936.13,936.13,2025-06-28,0,paid_on_time
P000998,L00199,17,2025-06-28,613.67,613.67,2025-06-25,0,paid_on_time
P000999,L00200,17,2025-06-28,253.76,253.76,2025-07-07,9,paid_late
P001000,L00207,16,2025-06-28,252.74,252.74,2025-07-11,13,paid_late
P001001,L00213,15,2025-06-28,767.71,767.71,2025-06-27,0,paid_on_time
P001002,L00220,14,2025-06-28,596.29,596.29,2025-06-25,0,paid_on_time
P001003,L00238,12,2025-06-28,893.78,893.78,2025-06-28,0,paid_on_time
P001004,L00245,11,2025-06-28,2175.35,2175.35,2025-06-27,0,paid_on_time
P001005,L00246,11,2025-06-28,1166.75,1166.75,2025-06-28,0,paid_on_time
P001006,L00250,10,2025-06-28,169.37,169.37,2025-07-23,25,paid_late
P001007,L00267,8,2025-06-28,353.61,0.0,,30,unpaid
P001008,L00272,7,2025-06-28,197.04,197.04,2025-06-27,0,paid_on_time
P001009,L00280,6,2025-06-28,2010.72,2010.72,2025-06-25,0,paid_on_time
P001010,L00281,6,2025-06-28,2776.0,2776.0,2025-06-28,0,paid_on_time
P001011,L00294,5,2025-06-28,2580.19,2580.19,2025-06-25,0,paid_on_time
P001012,L00295,5,2025-06-28,2738.06,2738.06,2025-06-28,0,paid_on_time
P001013,L00319,3,2025-06-28,1044.26,1044.26,2025-06-26,0,paid_on_time
P001014,L00320,3,2025-06-28,172.66,172.66,2025-06-28,0,paid_on_time
P001015,L00336,2,2025-06-28,761.18,761.18,2025-06-26,0,paid_on_time
P001016,L00358,1,2025-06-28,1505.57,1505.57,2025-06-27,0,paid_on_time
P001017,L00359,1,2025-06-28,399.48,399.48,2025-06-27,0,paid_on_time
P001018,L00360,1,2025-06-28,365.61,365.61,2025-06-25,0,paid_on_time
P001019,L00066,42,2025-07-01,856.43,856.43,2025-07-01,0,paid_on_time
P001020,L00067,42,2025-07-01,5150.69,5150.69,2025-06-28,0,paid_on_time
P001021,L00099,32,2025-07-01,1471.68,1471.68,2025-06-30,0,paid_on_time
P001022,L00100,32,2025-07-01,1187.24,1187.24,2025-07-01,0,paid_on_time
P001023,L00109,30,2025-07-01,2101.11,2101.11,2025-06-30,0,paid_on_time
P001024,L00157,24,2025-07-01,328.41,328.41,2025-06-30,0,paid_on_time
P001025,L00268,8,2025-07-01,3738.67,3738.67,2025-06-29,0,paid_on_time
P001026,L00337,2,2025-07-01,382.73,382.73,2025-07-01,0,paid_on_time
P001027,L00361,1,2025-07-01,421.04,421.04,2025-08-07,37,paid_late
P001028,L00362,1,2025-07-01,129.75,129.75,2025-08-03,33,paid_late
P001029,L00011,131,2025-07-02,3685.16,3685.16,2025-08-17,46,paid_late
P001030,L00025,90,2025-07-02,873.16,873.16,2025-06-29,0,paid_on_time
P001031,L00048,52,2025-07-02,3101.68,3101.68,2025-06-29,0,paid_on_time
P001032,L00124,28,2025-07-02,1451.35,1451.35,2025-06-30,0,paid_on_time
P001033,L00133,27,2025-07-02,4939.5,4939.5,2025-06-30,0,paid_on_time
P001034,L00174,21,2025-07-02,588.33,588.33,2025-07-02,0,paid_on_time
P001035,L00221,14,2025-07-02,90.7,90.7,2025-07-02,0,paid_on_time
P001036,L00251,10,2025-07-02,360.6,360.6,2025-07-02,0,paid_on_time
P001037,L00258,9,2025-07-02,2005.5,2005.5,2025-06-29,0,paid_on_time
P001038,L00273,7,2025-07-02,696.31,696.31,2025-06-29,0,paid_on_time
P001039,L00307,4,2025-07-02,641.01,641.01,2025-07-01,0,paid_on_time
P001040,L00321,3,2025-07-02,155.78,155.78,2025-06-30,0,paid_on_time
P001041,L00322,3,2025-07-02,482.32,482.32,2025-06-29,0,paid_on_time
P001042,L00338,2,2025-07-02,544.77,544.77,2025-06-30,0,paid_on_time
P001043,L00021,100,2025-07-03,1229.88,1229.88,2025-06-30,0,paid_on_time
P001044,L00075,41,2025-07-03,921.85,921.85,2025-06-30,0,paid_on_time
P001045,L00101,32,2025-07-03,420.86,420.86,2025-07-03,0,paid_on_time
P001046,L00105,31,2025-07-03,3823.79,3823.79,2025-07-01,0,paid_on_time
P001047,L00125,28,2025-07-03,965.75,965.75,2025-07-02,0,paid_on_time
P001048,L00141,26,2025-07-03,913.41,913.41,2025-07-07,4,paid_late
P001049,L00180,20,2025-07-03,1447.87,1447.87,2025-07-03,0,paid_on_time
P001050,L00230,13,2025-07-03,268.46,268.46,2025-07-02,0,paid_on_time
P001051,L00269,8,2025-07-03,334.66,334.66,2025-07-01,0,paid_on_time
P001052,L00296,5,2025-07-03,1097.72,1097.72,2025-06-30,0,paid_on_time
P001053,L00308,4,2025-07-03,98.58,98.58,2025-07-01,0,paid_on_time
P001054,L00339,2,2025-07-03,589.31,589.31,2025-07-01,0,paid_on_time
P001055,L00363,1,2025-07-03,139.31,139.31,2025-07-02,0,paid_on_time
P001056,L00364,1,2025-07-03,584.93,584.93,2025-07-01,0,paid_on_time
P001057,L00003,143,2025-07-04,1484.61,1484.61,2025-07-04,0,paid_on_time
P001058,L00058,45,2025-07-04,828.64,828.64,2025-07-02,0,paid_on_time
P001059,L00239,12,2025-07-04,1684.67,1684.67,2025-08-24,51,paid_late
P001060,L00259,9,2025-07-04,182.52,182.52,2025-07-01,0,paid_on_time
P001061,L00365,1,2025-07-04,921.91,921.91,2025-07-02,0,paid_on_time
P001062,L00051,50,2025-07-05,1900.45,1900.45,2025-07-02,0,paid_on_time
P001063,L00068,42,2025-07-05,527.5,527.5,2025-07-05,0,paid_on_time
P001064,L00069,42,2025-07-05,1481.4,1481.4,2025-07-05,0,paid_on_time
P001065,L00092,35,2025-07-05,1072.0,1072.0,2025-08-10,36,paid_late
P001066,L00110,30,2025-07-05,672.22,672.22,2025-07-03,0,paid_on_time
P001067,L00201,17,2025-07-05,286.02,286.02,2025-07-02,0,paid_on_time
P001068,L00214,15,2025-07-05,381.85,381.85,2025-07-02,0,paid_on_time
P001069,L00222,14,2025-07-05,671.48,671.48,2025-07-07,2,paid_late
P001070,L00247,11,2025-07-05,69.37,69.37,2025-07-05,0,paid_on_time
P001071,L00252,10,2025-07-05,2944.96,2944.96,2025-07-05,0,paid_on_time
P001072,L00253,10,2025-07-05,250.97,250.97,2025-07-05,0,paid_on_time
P001073,L00260,9,2025-07-05,494.43,494.43,2025-07-04,0,paid_on_time
P001074,L00274,7,2025-07-05,403.99,403.99,2025-07-02,0,paid_on_time
P001075,L00297,5,2025-07-05,660.93,660.93,2025-07-03,0,paid_on_time
P001076,L00340,2,2025-07-05,387.29,387.29,2025-07-03,0,paid_on_time
P001077,L00004,142,2025-07-06,4466.2,4466.2,2025-07-06,0,paid_on_time
P001078,L00019,107,2025-07-06,2187.33,2187.33,2025-07-03,0,paid_on_time
P001079,L00053,48,2025-07-06,1030.03,1030.03,2025-07-04,0,paid_on_time
P001080,L00059,45,2025-07-06,626.49,626.49,2025-07-06,0,paid_on_time
P001081,L00093,35,2025-07-06,730.14,730.14,2025-07-06,0,paid_on_time
P001082,L00106,31,2025-07-06,2856.91,2856.91,2025-07-04,0,paid_on_time
P001083,L00147,25,2025-07-06,348.05,348.05,2025-07-03,0,paid_on_time
P001084,L00192,18,2025-07-06,894.21,894.21,2025-07-04,0,paid_on_time
P001085,L00202,17,2025-07-06,4839.58,4839.58,2025-07-05,0,paid_on_time
P001086,L00215,15,2025-07-06,756.59,756.59,2025-07-05,0,paid_on_time
P001087,L00223,14,2025-07-06,274.54,274.54,2025-07-05,0,paid_on_time
P001088,L00231,13,2025-07-06,728.02,728.02,2025-07-05,0,paid_on_time
P001089,L00240,12,2025-07-06,1520.54,1520.54,2025-07-04,0,paid_on_time
P001090,L00298,5,2025-07-06,1387.32,1387.32,2025-07-06,0,paid_on_time
P001091,L00341,2,2025-07-06,393.32,393.32,2025-07-05,0,paid_on_time
P001092,L00027,88,2025-07-07,1544.11,1544.11,2025-07-05,0,paid_on_time
P001093,L00034,75,2025-07-07,1413.29,1413.29,2025-07-07,0,paid_on_time
P001094,L00045,56,2025-07-07,590.41,590.41,2025-07-05,0,paid_on_time
P001095,L00061,44,2025-07-07,1314.35,1314.35,2025-07-04,0,paid_on_time
P001096,L00102,32,2025-07-07,610.13,610.13,2025-07-11,4,paid_late
P001097,L00107,31,2025-07-07,4136.88,4136.88,2025-07-06,0,paid_on_time
P001098,L00142,26,2025-07-07,122.37,122.37,2025-07-07,0,paid_on_time
P001099,L00148,25,2025-07-07,1896.41,1896.41,2025-07-05,0,paid_on_time
P001100,L00208,16,2025-07-07,1156.32,1156.32,2025-07-06,0,paid_on_time
P001101,L00224,14,2025-07-07,223.06,223.06,2025-07-06,0,paid_on_time
P001102,L00275,7,2025-07-07,495.73,495.73,2025-07-06,0,paid_on_time
P001103,L00282,6,2025-07-07,255.88,255.88,2025-07-06,0,paid_on_time
P001104,L00342,2,2025-07-07,696.53,696.53,2025-07-05,0,paid_on_time
P001105,L00024,91,2025-07-08,1195.78,1195.78,2025-07-06,0,paid_on_time
P001106,L00046,56,2025-07-08,2692.31,2692.31,2025-07-05,0,paid_on_time
P001107,L00050,51,2025-07-08,5006.45,5006.45,2025-07-08,0,paid_on_time
P001108,L00149,25,2025-07-08,180.6,180.6,2025-07-06,0,paid_on_time
P001109,L00232,13,2025-07-08,588.41,588.41,2025-08-09,32,paid_late
P001110,L00309,4,2025-07-08,455.35,455.35,2025-07-08,0,paid_on_time
P001111,L00310,4,2025-07-08,684.21,684.21,2025-07-08,0,paid_on_time
P001112,L00323,3,2025-07-08,133.22,133.22,2025-07-05,0,paid_on_time
P001113,L00324,3,2025-07-08,464.16,464.16,2025-07-07,0,paid_on_time
P001114,L00343,2,2025-07-08,730.44,730.44,2025-07-08,0,paid_on_time
P001115,L00005,142,2025-07-09,3714.26,3714.26,2025-07-24,15,paid_late
P001116,L00031,83,2025-07-09,1166.25,1166.25,2025-07-07,0,paid_on_time
P001117,L00047,56,2025-07-09,1631.14,1631.14,2025-07-09,0,paid_on_time
P001118,L00052,49,2025-07-09,458.96,458.96,2025-07-06,0,paid_on_time
P001119,L00056,47,2025-07-09,1887.49,1887.49,2025-07-09,0,paid_on_time
P001120,L00164,23,2025-07-09,463.93,463.93,2025-07-08,0,paid_on_time
P001121,L00165,23,2025-07-09,900.5,900.5,2025-07-09,0,paid_on_time
P001122,L00167,22,2025-07-09,494.06,494.06,2025-07-07,0,paid_on_time
P001123,L00209,16,2025-07-09,895.87,895.87,2025-07-08,0,paid_on_time
P001124,L00225,14,2025-07-09,443.16,443.16,2025-07-07,0,paid_on_time
P001125,L00366,1,2025-07-09,1391.7,1391.7,2025-07-07,0,paid_on_time
P001126,L00367,1,2025-07-09,781.07,781.07,2025-07-06,0,paid_on_time
P001127,L00010,134,2025-07-10,451.75,451.75,2025-08-14,35,paid_late
P001128,L00040,61,2025-07-10,1154.04,1154.04,2025-07-08,0,paid_on_time
P001129,L00060,45,2025-07-10,242.9,242.9,2025-07-08,0,paid_on_time
P001130,L00082,38,2025-07-10,1374.6,1374.6,2025-07-08,0,paid_on_time
P001131,L00088,36,2025-07-10,604.18,604.18,2025-08-01,22,paid_late
P001132,L00134,27,2025-07-10,132.34,132.34,2025-07-08,0,paid_on_time
P001133,L00168,22,2025-07-10,425.1,425.1,2025-07-07,0,paid_on_time
P001134,L00182,20,2025-07-10,170.77,170.77,2025-08-31,52,paid_late
P001135,L00183,20,2025-07-10,1116.86,1116.86,2025-07-07,0,paid_on_time
P001136,L00241,12,2025-07-10,417.0,417.0,2025-07-09,0,paid_on_time
P001137,L00299,5,2025-07-10,374.07,374.07,2025-07-08,0,paid_on_time
P001138,L00300,5,2025-07-10,3088.53,3088.53,2025-07-07,0,paid_on_time
P001139,L00325,3,2025-07-10,533.26,533.26,2025-07-08,0,paid_on_time
P001140,L00326,3,2025-07-10,339.05,339.05,2025-07-10,0,paid_on_time
P001141,L00344,2,2025-07-10,532.44,532.44,2025-07-08,0,paid_on_time
P001142,L00345,2,2025-07-10,302.08,302.08,2025-07-10,0,paid_on_time
P001143,L00368,1,2025-07-10,584.55,584.55,2025-07-08,0,paid_on_time
P001144,L00023,95,2025-07-11,1669.64,1669.64,2025-07-09,0,paid_on_time
P001145,L00076,41,2025-07-11,750.21,750.21,2025-07-21,10,paid_late
P001146,L00103,32,2025-07-11,477.21,477.21,2025-07-08,0,paid_on_time
P001147,L00111,30,2025-07-11,327.8,327.8,2025-10-26,107,paid_late
P001148,L00119,29,2025-07-11,704.37,704.37,2025-07-11,0,paid_on_time
P001149,L00126,28,2025-07-11,1005.72,1005.72,2025-07-11,0,paid_on_time
P001150,L00127,28,2025-07-11,352.26,352.26,2025-07-09,0,paid_on_time
P001151,L00158,24,2025-07-11,244.75,244.75,2025-07-08,0,paid_on_time
P001152,L00185,19,2025-07-11,1831.67,1831.67,2025-07-11,0,paid_on_time
P001153,L00254,10,2025-07-11,5962.35,5962.35,2025-07-10,0,paid_on_time
P001154,L00255,10,2025-07-11,391.11,391.11,2025-09-02,53,paid_late
P001155,L00256,10,2025-07-11,2046.78,0.0,,184,unpaid
P001156,L00054,48,2025-07-12,1005.95,1005.95,2025-07-09,0,paid_on_time
P001157,L00062,44,2025-07-12,998.23,998.23,2025-07-12,0,paid_on_time
P001158,L00070,42,2025-07-12,436.33,436.33,2025-07-10,0,paid_on_time
P001159,L00108,31,2025-07-12,297.58,297.58,2025-07-10,0,paid_on_time
P001160,L00112,30,2025-07-12,389.58,389.58,2025-07-11,0,paid_on_time
P001161,L00175,21,2025-07-12,713.91,713.91,2025-07-09,0,paid_on_time
P001162,L00186,19,2025-07-12,461.26,461.26,2025-07-10,0,paid_on_time
P001163,L00276,7,2025-07-12,443.67,443.67,2025-07-09,0,paid_on_time
P001164,L00301,5,2025-07-12,652.3,652.3,2025-07-11,0,paid_on_time
P001165,L00311,4,2025-07-12,4060.3,4060.3,2025-07-10,0,paid_on_time
P001166,L00369,1,2025-07-12,374.81,374.81,2025-07-09,0,paid_on_time
P001167,L00002,146,2025-07-13,755.12,755.12,2025-07-12,0,paid_on_time
P001168,L00015,113,2025-07-13,2722.75,2722.75,2025-07-10,0,paid_on_time
P001169,L00038,65,2025-07-13,1052.17,1052.17,2025-07-13,0,paid_on_time
P001170,L00064,43,2025-07-13,728.42,728.42,2025-07-12,0,paid_on_time
P001171,L00077,41,2025-07-13,1213.63,1213.63,2025-07-10,0,paid_on_time
P001172,L00128,28,2025-07-13,731.01,731.01,2025-07-12,0,paid_on_time
P001173,L00176,21,2025-07-13,1207.63,1207.63,2025-07-12,0,paid_on_time
P001174,L00187,19,2025-07-13,794.79,794.79,2025-07-11,0,paid_on_time
P001175,L00193,18,2025-07-13,889.34,889.34,2025-07-11,0,paid_on_time
P001176,L00203,17,2025-07-13,312.96,312.96,2025-07-12,0,paid_on_time
P001177,L00233,13,2025-07-13,3312.12,3312.12,2025-07-13,0,paid_on_time
P001178,L00261,9,2025-07-13,135.87,135.87,2025-08-27,45,paid_late
P001179,L00283,6,2025-07-13,576.26,576.26,2025-07-11,0,paid_on_time
P001180,L00312,4,2025-07-13,570.92,570.92,2025-07-13,0,paid_on_time
P001181,L00018,108,2025-07-14,5555.18,5555.18,2025-07-12,0,paid_on_time
P001182,L00063,44,2025-07-14,1407.73,1407.73,2025-07-12,0,paid_on_time
P001183,L00095,34,2025-07-14,493.83,493.83,2025-07-14,0,paid_on_time
P001184,L00150,25,2025-07-14,693.8,693.8,2025-07-13,0,paid_on_time
P001185,L00194,18,2025-07-14,708.28,708.28,2025-07-14,0,paid_on_time
P001186,L00195,18,2025-07-14,506.14,506.14,2025-07-11,0,paid_on_time
P001187,L00204,17,2025-07-14,941.27,941.27,2025-07-13,0,paid_on_time
P001188,L00271,8,2025-07-14,485.42,485.42,2025-07-12,0,paid_on_time
P001189,L00284,6,2025-07-14,307.56,307.56,2025-07-14,0,paid_on_time
P001190,L00327,3,2025-07-14,205.7,205.7,2025-07-13,0,paid_on_time
P001191,L00328,3,2025-07-14,614.18,614.18,2025-07-13,0,paid_on_time
P001192,L00329,3,2025-07-14,828.78,0.0,,62,unpaid
P001193,L00370,1,2025-07-14,447.8,447.8,2025-07-14,0,paid_on_time
P001194,L00043,57,2025-07-15,1040.6,1040.6,2025-07-15,0,paid_on_time
P001195,L00104,32,2025-07-15,442.08,442.08,2025-07-15,0,paid_on_time
P001196,L00120,29,2025-07-15,262.87,262.87,2025-07-14,0,paid_on_time
P001197,L00205,17,2025-07-15,418.6,418.6,2025-07-14,0,paid_on_time
P001198,L00216,15,2025-07-15,962.26,962.26,2025-07-15,0,paid_on_time
P001199,L00226,14,2025-07-15,904.35,904.35,2025-07-13,0,paid_on_time
P001200,L00277,7,2025-07-15,689.78,689.78,2025-08-02,18,paid_late
P001201,L00285,6,2025-07-15,4637.41,4637.41,2025-07-13,0,paid_on_time
P001202,L00330,3,2025-07-15,562.56,562.56,2025-07-14,0,paid_on_time
P001203,L00346,2,2025-07-15,1507.66,1507.66,2025-07-15,0,paid_on_time
P001204,L00017,109,2025-07-16,1399.27,1399.27,2025-07-16,0,paid_on_time
P001205,L00033,77,2025-07-16,488.18,488.18,2025-07-14,0,paid_on_time
P001206,L00035,74,2025-07-16,2474.76,2474.76,2025-07-13,0,paid_on_time
P001207,L00121,29,2025-07-16,1741.4,1741.4,2025-07-14,0,paid_on_time
P001208,L00151,25,2025-07-16,230.11,230.11,2025-07-13,0,paid_on_time
P001209,L00210,16,2025-07-16,1078.93,1078.93,2025-07-15,0,paid_on_time
P001210,L00227,14,2025-07-16,545.86,545.86,2025-07-13,0,paid_on_time
P001211,L00234,13,2025-07-16,659.89,659.89,2025-07-14,0,paid_on_time
P001212,L00248,11,2025-07-16,2095.25,2095.25,2025-07-15,0,paid_on_time
P001213,L00286,6,2025-07-16,629.76,629.76,2025-07-14,0,paid_on_time
P001214,L00287,6,2025-07-16,361.67,361.67,2025-07-13,0,paid_on_time
P001215,L00314,4,2025-07-16,133.26,133.26,2025-07-15,0,paid_on_time
P001216,L00347,2,2025-07-16,622.05,622.05,2025-07-16,0,paid_on_time
P001217,L00006,140,2025-07-17,1297.93,1297.93,2025-07-17,0,paid_on_time
P001218,L00042,59,2025-07-17,702.79,702.79,2025-07-16,0,paid_on_time
P001219,L00044,57,2025-07-17,999.08,999.08,2025-07-16,0,paid_on_time
P001220,L00055,48,2025-07-17,495.46,495.46,2025-07-16,0,paid_on_time
P001221,L00096,34,2025-07-17,3809.24,3809.24,2025-07-14,0,paid_on_time
P001222,L00122,29,2025-07-17,396.75,396.75,2025-07-15,0,paid_on_time
P001223,L00129,28,2025-07-17,5383.46,5383.46,2025-07-17,0,paid_on_time
P001224,L00135,27,2025-07-17,1392.09,1392.09,2025-07-15,0,paid_on_time
P001225,L00184,20,2025-07-17,729.3,729.3,2025-07-15,0,paid_on_time
P001226,L00228,14,2025-07-17,151.67,151.67,2025-07-16,0,paid_on_time
P001227,L00257,10,2025-07-17,328.84,328.84,2025-07-16,0,paid_on_time
P001228,L00288,6,2025-07-17,160.56,160.56,2025-07-16,0,paid_on_time
P001229,L00289,6,2025-07-17,327.34,327.34,2025-07-14,0,paid_on_time
P001230,L00315,4,2025-07-17,1369.79,1369.79,2025-07-17,0,paid_on_time
P001231,L00331,3,2025-07-17,186.73,186.73,2025-07-15,0,paid_on_time
P001232,L00348,2,2025-07-17,172.66,172.66,2025-07-14,0,paid_on_time
P001233,L00016,111,2025-07-18,2087.02,2087.02,2025-07-15,0,paid_on_time
P001234,L00026,90,2025-07-18,1366.27,1366.27,2025-07-15,0,paid_on_time
P001235,L00089,36,2025-07-18,1358.89,1358.89,2025-07-16,0,paid_on_time
P001236,L00169,22,2025-07-18,406.69,406.69,2025-07-15,0,paid_on_time
P001237,L00206,17,2025-07-18,1805.79,1805.79,2025-07-17,0,paid_on_time
P001238,L00217,15,2025-07-18,230.93,230.93,2025-07-16,0,paid_on_time
P001239,L00262,9,2025-07-18,244.62,244.62,2025-08-06,19,paid_late
P001240,L00290,6,2025-07-18,729.21,729.21,2025-07-18,0,paid_on_time
P001241,L00302,5,2025-07-18,528.31,528.31,2025-07-18,0,paid_on_time
P001242,L00316,4,2025-07-18,488.8,488.8,2025-07-18,0,paid_on_time
P001243,L00332,3,2025-07-18,1160.99,1160.99,2025-07-18,0,paid_on_time
P001244,L00349,2,2025-07-18,732.05,732.05,2025-07-15,0,paid_on_time
P001245,L00371,1,2025-07-18,668.17,668.17,2025-07-18,0,paid_on_time
P001246,L00001,149,2025-07-19,872.89,872.89,2025-07-17,0,paid_on_time
P001247,L00013,119,2025-07-19,947.9,947.9,2025-07-16,0,paid_on_time
P001248,L00014,117,2025-07-19,3544.09,3544.09,2025-07-16,0,paid_on_time
P001249,L00020,103,2025-07-19,599.02,599.02,2025-07-16,0,paid_on_time
P001250,L00028,87,2025-07-19,859.63,859.63,2025-07-18,0,paid_on_time
P001251,L00083,38,2025-07-19,170.36,170.36,2025-08-25,37,paid_late
P001252,L00090,36,2025-07-19,940.56,940.56,2025-07-16,0,paid_on_time
P001253,L00091,36,2025-07-19,333.65,333.65,2025-07-16,0,paid_on_time
P001254,L00130,28,2025-07-19,891.36,891.36,2025-07-17,0,paid_on_time
P001255,L00152,25,2025-07-19,189.02,189.02,2025-07-16,0,paid_on_time
P001256,L00177,21,2025-07-19,661.52,661.52,2025-07-17,0,paid_on_time
P001257,L00350,2,2025-07-19,913.36,913.36,2025-07-16,0,paid_on_time
P001258,L00032,79,2025-07-20,1649.77,1649.77,2025-07-17,0,paid_on_time
P001259,L00131,28,2025-07-20,1276.47,1276.47,2025-07-19,0,paid_on_time
P001260,L00154,25,2025-07-20,313.1,313.1,2025-07-19,0,paid_on_time
P001261,L00170,22,2025-07-20,1120.0,1120.0,2025-07-18,0,paid_on_time
P001262,L00291,6,2025-07-20,1254.39,1254.39,2025-08-07,18,paid_late
P001263,L00317,4,2025-07-20,690.9,690.9,2025-07-17,0,paid_on_time
P001264,L00333,3,2025-07-20,328.96,328.96,2025-07-17,0,paid_on_time
P001265,L00351,2,2025-07-20,281.71,281.71,2025-07-18,0,paid_on_time
P001266,L00078,40,2025-07-21,434.96,434.96,2025-07-18,0,paid_on_time
P001267,L00084,38,2025-07-21,352.49,352.49,2025-07-18,0,paid_on_time
P001268,L00097,34,2025-07-21,1660.09,1660.09,2025-07-19,0,paid_on_time
P001269,L00159,24,2025-07-21,813.68,813.68,2025-07-20,0,paid_on_time
P001270,L00160,24,2025-07-21,3164.49,3164.49,2025-07-19,0,paid_on_time
P001271,L00188,19,2025-07-21,1216.68,1216.68,2025-07-20,0,paid_on_time
P001272,L00218,15,2025-07-21,3945.26,3945.26,2025-07-21,0,paid_on_time
P001273,L00242,12,2025-07-21,450.32,450.32,2025-07-18,0,paid_on_time
P001274,L00263,9,2025-07-21,846.87,846.87,2025-07-27,6,paid_late
P001275,L00278,7,2025-07-21,506.63,506.63,2025-07-18,0,paid_on_time
P001276,L00303,5,2025-07-21,3623.36,3623.36,2025-07-19,0,paid_on_time
P001277,L00352,2,2025-07-21,1279.4,1279.4,2025-07-18,0,paid_on_time
P001278,L00008,137,2025-07-22,1043.51,1043.51,2025-07-21,0,paid_on_time
P001279,L00049,52,2025-07-22,3041.98,3041.98,2025-07-22,0,paid_on_time
P001280,L00098,34,2025-07-22,1385.41,1385.41,2025-07-20,0,paid_on_time
P001281,L00113,30,2025-07-22,677.07,677.07,2025-07-22,0,paid_on_time
P001282,L00132,28,2025-07-22,238.38,238.38,2025-07-20,0,paid_on_time
P001283,L00189,19,2025-07-22,142.38,142.38,2025-07-20,0,paid_on_time
P001284,L00229,14,2025-07-22,696.96,696.96,2025-07-21,0,paid_on_time
P001285,L00264,9,2025-07-22,299.57,299.57,2025-07-21,0,paid_on_time
P001286,L00279,7,2025-07-22,506.59,506.59,2025-07-20,0,paid_on_time
P001287,L00304,5,2025-07-22,191.99,191.99,2025-07-19,0,paid_on_time
P001288,L00353,2,2025-07-22,401.58,401.58,2025-07-20,0,paid_on_time
P001289,L00012,127,2025-07-23,2313.25,2313.25,2025-07-20,0,paid_on_time
P001290,L00036,68,2025-07-23,5425.67,5425.67,2025-07-20,0,paid_on_time
P001291,L00041,60,2025-07-23,1241.28,1241.28,2025-07-20,0,paid_on_time
P001292,L00071,42,2025-07-23,561.59,561.59,2025-07-20,0,paid_on_time
P001293,L00080,39,2025-07-23,3899.39,3899.39,2025-07-20,0,paid_on_time
P001294,L00123,29,2025-07-23,509.28,509.28,2025-07-23,0,paid_on_time
P001295,L00161,24,2025-07-23,2812.43,2812.43,2025-07-23,0,paid_on_time
P001296,L00196,18,2025-07-23,152.51,152.51,2025-07-22,0,paid_on_time
P001297,L00211,16,2025-07-23,175.17,175.17,2025-07-23,0,paid_on_time
P001298,L00219,15,2025-07-23,2801.45,2801.45,2025-07-22,0,paid_on_time
P001299,L00249,11,2025-07-23,648.22,648.22,2025-10-15,84,paid_late
P001300,L00265,9,2025-07-23,883.61,883.61,2025-07-20,0,paid_on_time
P001301,L00292,6,2025-07-23,791.09,791.09,2025-07-22,0,paid_on_time
P001302,L00334,3,2025-07-23,325.36,325.36,2025-07-23,0,paid_on_time
P001303,L00354,2,2025-07-23,807.03,807.03,2025-07-23,0,paid_on_time
P001304,L00355,2,2025-07-23,915.73,915.73,2025-08-01,9,paid_late
P001305,L00372,1,2025-07-23,187.18,187.18,2025-08-12,20,paid_late
P001306,L00072,42,2025-07-24,1714.68,1714.68,2025-07-22,0,paid_on_time
P001307,L00143,26,2025-07-24,369.61,369.61,2025-07-23,0,paid_on_time
P001308,L00171,22,2025-07-24,378.47,378.47,2025-07-23,0,paid_on_time
P001309,L00172,22,2025-07-24,246.44,246.44,2025-07-23,0,paid_on_time
P001310,L00197,18,2025-07-24,4082.86,4082.86,2025-07-24,0,paid_on_time
P001311,L00243,12,2025-07-24,4829.64,4829.64,2025-07-21,0,paid_on_time
P001312,L00293,6,2025-07-24,715.78,715.78,2025-07-22,0,paid_on_time
P001313,L00318,4,2025-07-24,785.27,785.27,2025-07-23,0,paid_on_time
P001314,L00356,2,2025-07-24,151.33,151.33,2025-07-24,0,paid_on_time
P001315,L00373,1,2025-07-24,507.47,507.47,2025-07-21,0,paid_on_time
P001316,L00039,63,2025-07-25,2154.36,2154.36,2025-07-23,0,paid_on_time
P001317,L00085,38,2025-07-25,615.22,615.22,2025-07-22,0,paid_on_time
P001318,L00094,35,2025-07-25,798.81,798.81,2025-07-23,0,paid_on_time
P001319,L00144,26,2025-07-25,1999.88,1999.88,2025-07-24,0,paid_on_time
P001320,L00190,19,2025-07-25,668.94,668.94,2025-07-25,0,paid_on_time
P001321,L00235,13,2025-07-25,180.38,180.38,2025-07-22,0,paid_on_time
P001322,L00236,13,2025-07-25,379.28,379.28,2025-07-24,0,paid_on_time
P001323,L00237,13,2025-07-25,1577.72,1577.72,2025-07-23,0,paid_on_time
P001324,L00244,12,2025-07-25,797.65,797.65,2025-07-24,0,paid_on_time
P001325,L00335,3,2025-07-25,292.08,292.08,2025-08-09,15,paid_late
P001326,L00030,84,2025-07-26,1332.55,1332.55,2025-07-23,0,paid_on_time
P001327,L00037,68,2025-07-26,684.3,684.3,2025-07-24,0,paid_on_time
P001328,L00073,42,2025-07-26,313.76,313.76,2025-07-26,0,paid_on_time
P001329,L00087,37,2025-07-26,485.7,485.7,2025-08-02,7,paid_late
P001330,L00137,27,2025-07-26,328.82,328.82,2025-07-26,0,paid_on_time
P001331,L00145,26,2025-07-26,783.93,783.93,2025-07-23,0,paid_on_time
P001332,L00178,21,2025-07-26,1322.66,1322.66,2025-07-24,0,paid_on_time
P001333,L00198,18,2025-07-26,353.93,353.93,2025-07-25,0,paid_on_time
P001334,L00266,9,2025-07-26,196.46,196.46,2025-07-25,0,paid_on_time
P001335,L00306,5,2025-07-26,386.96,386.96,2025-07-26,0,paid_on_time
P001336,L00374,1,2025-07-26,759.66,759.66,2025-07-23,0,paid_on_time
P001337,L00007,138,2025-07-27,1181.6,1181.6,2025-07-24,0,paid_on_time
P001338,L00009,136,2025-07-27,1014.74,1014.74,2025-07-27,0,paid_on_time
P001339,L00074,42,2025-07-27,1814.09,1814.09,2025-07-26,0,paid_on_time
P001340,L00357,2,2025-07-27,705.03,705.03,2025-07-24,0,paid_on_time
P001341,L00022,96,2025-07-28,1038.84,1038.84,2025-07-28,0,paid_on_time
P001342,L00057,47,2025-07-28,603.0,603.0,2025-07-25,0,paid_on_time
P001343,L00065,43,2025-07-28,1911.1,1911.1,2025-07-28,0,paid_on_time
P001344,L00079,40,2025-07-28,553.36,553.36,2025-07-25,0,paid_on_time
P001345,L00081,39,2025-07-28,487.74,487.74,2025-07-27,0,paid_on_time
P001346,L00086,38,2025-07-28,542.24,542.24,2025-07-27,0,paid_on_time
P001347,L00114,30,2025-07-28,1545.46,1545.46,2025-07-26,0,paid_on_time
P001348,L00115,30,2025-07-28,581.64,581.64,2025-07-31,3,paid_late
P001349,L00116,30,2025-07-28,4765.2,4765.2,2025-07-26,0,paid_on_time
P001350,L00117,30,2025-07-28,1642.14,1642.14,2025-07-28,0,paid_on_time
P001351,L00138,27,2025-07-28,475.85,475.85,2025-07-28,0,paid_on_time
P001352,L00139,27,2025-07-28,301.45,301.45,2025-07-26,0,paid_on_time
P001353,L00156,25,2025-07-28,856.46,856.46,2025-07-26,0,paid_on_time
P001354,L00173,22,2025-07-28,746.3,746.3,2025-08-12,15,paid_late
P001355,L00179,21,2025-07-28,492.89,492.89,2025-07-27,0,paid_on_time
P001356,L00191,19,2025-07-28,936.13,936.13,2025-07-25,0,paid_on_time
P001357,L00199,18,2025-07-28,613.67,613.67,2025-07-25,0,paid_on_time
P001358,L00200,18,2025-07-28,253.76,253.76,2025-07-28,0,paid_on_time
P001359,L00207,17,2025-07-28,252.74,252.74,2025-07-25,0,paid_on_time
P001360,L00213,16,2025-07-28,767.71,767.71,2025-07-27,0,paid_on_time
P001361,L00220,15,2025-07-28,596.29,596.29,2025-07-27,0,paid_on_time
P001362,L00238,13,2025-07-28,893.78,893.78,2025-07-25,0,paid_on_time
P001363,L00245,12,2025-07-28,2175.35,2175.35,2025-07-25,0,paid_on_time
P001364,L00246,12,2025-07-28,1166.75,1166.75,2025-07-26,0,paid_on_time
P001365,L00250,11,2025-07-28,169.37,169.37,2025-07-26,0,paid_on_time
P001366,L00272,8,2025-07-28,197.04,197.04,2025-07-28,0,paid_on_time
P001367,L00280,7,2025-07-28,2010.72,2010.72,2025-07-29,1,paid_late
P001368,L00281,7,2025-07-28,2776.0,2776.0,2025-07-26,0,paid_on_time
P001369,L00294,6,2025-07-28,2580.19,2580.19,2025-07-26,0,paid_on_time
P001370,L00295,6,2025-07-28,2738.06,2738.06,2025-07-26,0,paid_on_time
P001371,L00319,4,2025-07-28,1044.26,1044.26,2025-07-28,0,paid_on_time
P001372,L00320,4,2025-07-28,172.66,172.66,2025-07-28,0,paid_on_time
P001373,L00336,3,2025-07-28,761.18,761.18,2025-07-28,0,paid_on_time
P001374,L00358,2,2025-07-28,1505.57,1505.57,2025-07-26,0,paid_on_time
P001375,L00359,2,2025-07-28,399.48,399.48,2025-07-26,0,paid_on_time
P001376,L00360,2,2025-07-28,365.61,365.61,2025-07-28,0,paid_on_time
P001377,L00375,1,2025-07-28,93.58,93.58,2025-07-26,0,paid_on_time
P001378,L00066,43,2025-08-01,856.43,856.43,2025-09-08,38,paid_late
P001379,L00067,43,2025-08-01,5150.69,5150.69,2025-08-01,0,paid_on_time
P001380,L00099,33,2025-08-01,1471.68,1471.68,2025-07-29,0,paid_on_time
P001381,L00100,33,2025-08-01,1187.24,1187.24,2025-07-29,0,paid_on_time
P001382,L00109,31,2025-08-01,2101.11,2101.11,2025-07-30,0,paid_on_time
P001383,L00157,25,2025-08-01,328.41,328.41,2025-07-29,0,paid_on_time
P001384,L00268,9,2025-08-01,3738.67,3738.67,2025-07-29,0,paid_on_time
P001385,L00337,3,2025-08-01,382.73,382.73,2025-07-30,0,paid_on_time
P001386,L00361,2,2025-08-01,421.04,421.04,2025-08-07,6,paid_late
P001387,L00362,2,2025-08-01,129.75,129.75,2025-08-03,2,paid_late
P001388,L00376,1,2025-08-01,371.84,371.84,2025-07-29,0,paid_on_time
P001389,L00011,132,2025-08-02,3685.16,3685.16,2025-08-17,15,paid_late
P001390,L00025,91,2025-08-02,873.16,873.16,2025-08-01,0,paid_on_time
P001391,L00048,53,2025-08-02,3101.68,3101.68,2025-08-01,0,paid_on_time
P001392,L00124,29,2025-08-02,1451.35,1451.35,2025-07-31,0,paid_on_time
P001393,L00133,28,2025-08-02,4939.5,4939.5,2025-08-02,0,paid_on_time
P001394,L00174,22,2025-08-02,588.33,588.33,2025-07-30,0,paid_on_time
P001395,L00221,15,2025-08-02,90.7,90.7,2025-07-31,0,paid_on_time
P001396,L00251,11,2025-08-02,360.6,360.6,2025-07-30,0,paid_on_time
P001397,L00258,10,2025-08-02,2005.5,2005.5,2025-08-02,0,paid_on_time
P001398,L00273,8,2025-08-02,696.31,696.31,2025-07-30,0,paid_on_time
P001399,L00307,5,2025-08-02,641.01,641.01,2025-07-30,0,paid_on_time
P001400,L00321,4,2025-08-02,155.78,155.78,2025-08-02,0,paid_on_time
P001401,L00322,4,2025-08-02,482.32,482.32,2025-07-31,0,paid_on_time
P001402,L00338,3,2025-08-02,544.77,544.77,2025-07-31,0,paid_on_time
P001403,L00021,101,2025-08-03,1229.88,1229.88,2025-08-02,0,paid_on_time
P001404,L00075,42,2025-08-03,921.85,921.85,2025-08-03,0,paid_on_time
P001405,L00101,33,2025-08-03,420.86,420.86,2025-07-31,0,paid_on_time
P001406,L00105,32,2025-08-03,3823.79,3823.79,2025-08-03,0,paid_on_time
P001407,L00125,29,2025-08-03,965.75,965.75,2025-08-03,0,paid_on_time
P001408,L00141,27,2025-08-03,913.41,913.41,2025-08-03,0,paid_on_time
P001409,L00180,21,2025-08-03,1447.87,1447.87,2025-08-02,0,paid_on_time
P001410,L00230,14,2025-08-03,268.46,268.46,2025-07-31,0,paid_on_time
P001411,L00269,9,2025-08-03,334.66,334.66,2025-08-01,0,paid_on_time
P001412,L00296,6,2025-08-03,1097.72,1097.72,2025-08-01,0,paid_on_time
P001413,L00308,5,2025-08-03,98.58,98.58,2025-08-03,0,paid_on_time
P001414,L00339,3,2025-08-03,589.31,589.31,2025-08-01,0,paid_on_time
P001415,L00363,2,2025-08-03,139.31,139.31,2025-07-31,0,paid_on_time
P001416,L00364,2,2025-08-03,584.93,584.93,2025-08-03,0,paid_on_time
P001417,L00003,144,2025-08-04,1484.61,1484.61,2025-08-02,0,paid_on_time
P001418,L00058,46,2025-08-04,828.64,828.64,2025-09-25,52,paid_late
P001419,L00239,13,2025-08-04,1684.67,1684.67,2025-08-24,20,paid_late
P001420,L00259,10,2025-08-04,182.52,182.52,2025-08-02,0,paid_on_time
P001421,L00365,2,2025-08-04,921.91,921.91,2025-08-01,0,paid_on_time
P001422,L00377,1,2025-08-04,314.71,314.71,2025-08-03,0,paid_on_time
P001423,L00051,51,2025-08-05,1900.45,1900.45,2025-08-05,0,paid_on_time
P001424,L00068,43,2025-08-05,527.5,527.5,2025-08-05,0,paid_on_time
P001425,L00069,43,2025-08-05,1481.4,1481.4,2025-08-02,0,paid_on_time
P001426,L00092,36,2025-08-05,1072.0,1072.0,2025-08-10,5,paid_late
P001427,L00110,31,2025-08-05,672.22,672.22,2025-08-04,0,paid_on_time
P001428,L00201,18,2025-08-05,286.02,286.02,2025-08-05,0,paid_on_time
P001429,L00214,16,2025-08-05,381.85,381.85,2025-08-05,0,paid_on_time
P001430,L00222,15,2025-08-05,671.48,671.48,2025-08-04,0,paid_on_time
P001431,L00247,12,2025-08-05,69.37,69.37,2025-08-03,0,paid_on_time
P001432,L00252,11,2025-08-05,2944.96,2944.96,2025-08-04,0,paid_on_time
P001433,L00253,11,2025-08-05,250.97,250.97,2025-08-05,0,paid_on_time
P001434,L00260,10,2025-08-05,494.43,494.43,2025-08-02,0,paid_on_time
P001435,L00274,8,2025-08-05,403.99,403.99,2025-08-05,0,paid_on_time
P001436,L00297,6,2025-08-05,660.93,660.93,2025-08-04,0,paid_on_time
P001437,L00340,3,2025-08-05,387.29,387.29,2025-08-05,0,paid_on_time
P001438,L00004,143,2025-08-06,4466.2,4466.2,2025-08-04,0,paid_on_time
P001439,L00019,108,2025-08-06,2187.33,2187.33,2025-08-04,0,paid_on_time
P001440,L00053,49,2025-08-06,1030.03,1030.03,2025-08-03,0,paid_on_time
P001441,L00059,46,2025-08-06,626.49,626.49,2025-08-03,0,paid_on_time
P001442,L00093,36,2025-08-06,730.14,730.14,2025-08-03,0,paid_on_time
P001443,L00106,32,2025-08-06,2856.91,2856.91,2025-08-06,0,paid_on_time
P001444,L00147,26,2025-08-06,348.05,348.05,2025-08-03,0,paid_on_time
P001445,L00192,19,2025-08-06,894.21,894.21,2025-08-05,0,paid_on_time
P001446,L00202,18,2025-08-06,4839.58,4839.58,2025-08-03,0,paid_on_time
P001447,L00215,16,2025-08-06,756.59,756.59,2025-08-05,0,paid_on_time
P001448,L00223,15,2025-08-06,274.54,274.54,2025-08-04,0,paid_on_time
P001449,L00231,14,2025-08-06,728.02,728.02,2025-08-06,0,paid_on_time
P001450,L00240,13,2025-08-06,1520.54,1520.54,2025-08-04,0,paid_on_time
P001451,L00298,6,2025-08-06,1387.32,1387.32,2025-08-06,0,paid_on_time
P001452,L00341,3,2025-08-06,393.32,393.32,2025-08-04,0,paid_on_time
P001453,L00027,89,2025-08-07,1544.11,1544.11,2025-08-05,0,paid_on_time
P001454,L00034,76,2025-08-07,1413.29,1413.29,2025-08-04,0,paid_on_time
P001455,L00045,57,2025-08-07,590.41,590.41,2025-08-04,0,paid_on_time
P001456,L00061,45,2025-08-07,1314.35,1314.35,2025-08-07,0,paid_on_time
P001457,L00102,33,2025-08-07,610.13,610.13,2025-08-07,0,paid_on_time
P001458,L00107,32,2025-08-07,4136.88,4136.88,2025-08-04,0,paid_on_time
P001459,L00142,27,2025-08-07,122.37,122.37,2025-08-06,0,paid_on_time
P001460,L00148,26,2025-08-07,1896.41,1896.41,2025-08-04,0,paid_on_time
P001461,L00208,17,2025-08-07,1156.32,1156.32,2025-08-17,10,paid_late
P001462,L00224,15,2025-08-07,223.06,223.06,2025-08-05,0,paid_on_time
P001463,L00275,8,2025-08-07,495.73,495.73,2025-08-05,0,paid_on_time
P001464,L00282,7,2025-08-07,255.88,255.88,2025-08-07,0,paid_on_time
P001465,L00342,3,2025-08-07,696.53,696.53,2025-08-12,5,paid_late
P001466,L00024,92,2025-08-08,1195.78,1195.78,2025-08-07,0,paid_on_time
P001467,L00046,57,2025-08-08,2692.31,2692.31,2025-08-07,0,paid_on_time
P001468,L00050,52,2025-08-08,5006.45,5006.45,2025-08-08,0,paid_on_time
P001469,L00149,26,2025-08-08,180.6,180.6,2025-09-21,44,paid_late
P001470,L00232,14,2025-08-08,588.41,588.41,2025-08-09,1,paid_late
P001471,L00309,5,2025-08-08,455.35,455.35,2025-08-07,0,paid_on_time
P001472,L00310,5,2025-08-08,684.21,684.21,2025-08-06,0,paid_on_time
P001473,L00323,4,2025-08-08,133.22,133.22,2025-08-05,0,paid_on_time
P001474,L00324,4,2025-08-08,464.16,464.16,2025-09-22,45,paid_late
P001475,L00343,3,2025-08-08,730.44,730.44,2025-08-08,0,paid_on_time
P001476,L00005,143,2025-08-09,3714.26,3714.26,2025-08-07,0,paid_on_time
P001477,L00031,84,2025-08-09,1166.25,1166.25,2025-08-06,0,paid_on_time
P001478,L00047,57,2025-08-09,1631.14,1631.14,2025-08-09,0,paid_on_time
P001479,L00052,50,2025-08-09,458.96,458.96,2025-08-08,0,paid_on_time
P001480,L00056,48,2025-08-09,1887.49,1887.49,2025-08-08,0,paid_on_time
P001481,L00164,24,2025-08-09,463.93,463.93,2025-08-06,0,paid_on_time
P001482,L00165,24,2025-08-09,900.5,900.5,2025-08-09,0,paid_on_time
P001483,L00167,23,2025-08-09,494.06,494.06,2025-08-09,0,paid_on_time
P001484,L00209,17,2025-08-09,895.87,895.87,2025-08-09,0,paid_on_time
P001485,L00225,15,2025-08-09,443.16,443.16,2025-08-08,0,paid_on_time
P001486,L00366,2,2025-08-09,1391.7,1391.7,2025-08-08,0,paid_on_time
P001487,L00367,2,2025-08-09,781.07,781.07,2025-08-09,0,paid_on_time
P001488,L00378,1,2025-08-09,255.87,255.87,2025-08-08,0,paid_on_time
P001489,L00379,1,2025-08-09,275.23,275.23,2025-08-07,0,paid_on_time
P001490,L00380,1,2025-08-09,190.74,190.74,2025-08-07,0,paid_on_time
P001491,L00010,135,2025-08-10,451.75,451.75,2025-08-14,4,paid_late
P001492,L00040,62,2025-08-10,1154.04,1154.04,2025-08-10,0,paid_on_time
P001493,L00060,46,2025-08-10,242.9,242.9,2025-08-09,0,paid_on_time
P001494,L00082,39,2025-08-10,1374.6,1374.6,2025-08-09,0,paid_on_time
P001495,L00088,37,2025-08-10,604.18,604.18,2025-08-10,0,paid_on_time
P001496,L00134,28,2025-08-10,132.34,132.34,2025-08-08,0,paid_on_time
P001497,L00168,23,2025-08-10,425.1,425.1,2025-08-08,0,paid_on_time
P001498,L00182,21,2025-08-10,170.77,170.77,2025-08-31,21,paid_late
P001499,L00183,21,2025-08-10,1116.86,1116.86,2025-08-08,0,paid_on_time
P001500,L00241,13,2025-08-10,417.0,417.0,2025-08-09,0,paid_on_time
P001501,L00299,6,2025-08-10,374.07,374.07,2025-08-07,0,paid_on_time
P001502,L00300,6,2025-08-10,3088.53,3088.53,2025-08-07,0,paid_on_time
P001503,L00325,4,2025-08-10,533.26,533.26,2025-08-09,0,paid_on_time
P001504,L00326,4,2025-08-10,339.05,339.05,2025-08-07,0,paid_on_time
P001505,L00344,3,2025-08-10,532.44,532.44,2025-08-10,0,paid_on_time
P001506,L00345,3,2025-08-10,302.08,302.08,2025-08-09,0,paid_on_time
P001507,L00368,2,2025-08-10,584.55,584.55,2025-08-08,0,paid_on_time
P001508,L00023,96,2025-08-11,1669.64,1669.64,2025-08-11,0,paid_on_time
P001509,L00076,42,2025-08-11,750.21,750.21,2025-09-28,48,paid_late
P001510,L00103,33,2025-08-11,477.21,477.21,2025-08-23,12,paid_late
P001511,L00111,31,2025-08-11,327.8,327.8,2025-10-26,76,paid_late
P001512,L00119,30,2025-08-11,704.37,704.37,2025-08-08,0,paid_on_time
P001513,L00126,29,2025-08-11,1005.72,1005.72,2025-08-09,0,paid_on_time
P001514,L00127,29,2025-08-11,352.26,352.26,2025-08-10,0,paid_on_time
P001515,L00158,25,2025-08-11,244.75,244.75,2025-08-11,0,paid_on_time
P001516,L00185,20,2025-08-11,1831.67,1831.67,2025-08-09,0,paid_on_time
P001517,L00254,11,2025-08-11,5962.35,5962.35,2025-08-11,0,paid_on_time
P001518,L00255,11,2025-08-11,391.11,391.11,2025-09-02,22,paid_late
P001519,L00256,11,2025-08-11,2046.78,0.0,,153,unpaid
P001520,L00381,1,2025-08-11,117.99,117.99,2025-08-08,0,paid_on_time
P001521,L00382,1,2025-08-11,806.73,806.73,2025-08-09,0,paid_on_time
P001522,L00054,49,2025-08-12,1005.95,1005.95,2025-08-10,0,paid_on_time
P001523,L00062,45,2025-08-12,998.23,998.23,2025-08-09,0,paid_on_time
P001524,L00070,43,2025-08-12,436.33,436.33,2025-08-12,0,paid_on_time
P001525,L00108,32,2025-08-12,297.58,297.58,2025-08-09,0,paid_on_time
P001526,L00112,31,2025-08-12,389.58,389.58,2025-08-12,0,paid_on_time
P001527,L00175,22,2025-08-12,713.91,713.91,2025-08-30,18,paid_late
P001528,L00186,20,2025-08-12,461.26,461.26,2025-08-31,19,paid_late
P001529,L00276,8,2025-08-12,443.67,443.67,2025-08-12,0,paid_on_time
P001530,L00301,6,2025-08-12,652.3,652.3,2025-08-23,11,paid_late
P001531,L00311,5,2025-08-12,4060.3,4060.3,2025-08-23,11,paid_late
P001532,L00369,2,2025-08-12,374.81,374.81,2025-08-12,0,paid_on_time
P001533,L00002,147,2025-08-13,755.12,755.12,2025-08-10,0,paid_on_time
P001534,L00015,114,2025-08-13,2722.75,2722.75,2025-08-12,0,paid_on_time
P001535,L00038,66,2025-08-13,1052.17,1052.17,2025-08-10,0,paid_on_time
P001536,L00064,44,2025-08-13,728.42,728.42,2025-08-13,0,paid_on_time
P001537,L00077,42,2025-08-13,1213.63,1213.63,2025-08-11,0,paid_on_time
P001538,L00128,29,2025-08-13,731.01,731.01,2025-08-11,0,paid_on_time
P001539,L00176,22,2025-08-13,1207.63,1207.63,2025-08-19,6,paid_late
P001540,L00187,20,2025-08-13,794.79,794.79,2025-08-13,0,paid_on_time
P001541,L00193,19,2025-08-13,889.34,889.34,2025-08-13,0,paid_on_time
P001542,L00203,18,2025-08-13,312.96,312.96,2025-08-11,0,paid_on_time
P001543,L00233,14,2025-08-13,3312.12,3312.12,2025-08-12,0,paid_on_time
P001544,L00261,10,2025-08-13,135.87,135.87,2025-08-27,14,paid_late
P001545,L00283,7,2025-08-13,576.26,576.26,2025-08-13,0,paid_on_time
P001546,L00312,5,2025-08-13,570.92,570.92,2025-08-13,0,paid_on_time
P001547,L00383,1,2025-08-13,243.05,243.05,2025-08-11,0,paid_on_time
P001548,L00018,109,2025-08-14,5555.18,5555.18,2025-08-13,0,paid_on_time
P001549,L00063,45,2025-08-14,1407.73,1407.73,2025-08-11,0,paid_on_time
P001550,L00095,35,2025-08-14,493.83,493.83,2025-08-12,0,paid_on_time
P001551,L00150,26,2025-08-14,693.8,693.8,2025-08-14,0,paid_on_time
P001552,L00194,19,2025-08-14,708.28,708.28,2025-08-12,0,paid_on_time
P001553,L00195,19,2025-08-14,506.14,506.14,2025-08-13,0,paid_on_time
P001554,L00204,18,2025-08-14,941.27,941.27,2025-08-14,0,paid_on_time
P001555,L00271,9,2025-08-14,485.42,485.42,2025-09-01,18,paid_late
P001556,L00284,7,2025-08-14,307.56,307.56,2025-08-12,0,paid_on_time
P001557,L00327,4,2025-08-14,205.7,205.7,2025-08-11,0,paid_on_time
P001558,L00328,4,2025-08-14,614.18,614.18,2025-08-13,0,paid_on_time
P001559,L00329,4,2025-08-14,828.78,0.0,,31,unpaid
P001560,L00370,2,2025-08-14,447.8,447.8,2025-08-11,0,paid_on_time
P001561,L00043,58,2025-08-15,1040.6,1040.6,2025-08-12,0,paid_on_time
P001562,L00104,33,2025-08-15,442.08,442.08,2025-08-13,0,paid_on_time
P001563,L00120,30,2025-08-15,262.87,262.87,2025-08-14,0,paid_on_time
P001564,L00205,18,2025-08-15,418.6,418.6,2025-08-12,0,paid_on_time
P001565,L00216,16,2025-08-15,962.26,962.26,2025-08-13,0,paid_on_time
P001566,L00226,15,2025-08-15,904.35,904.35,2025-08-15,0,paid_on_time
P001567,L00277,8,2025-08-15,689.78,689.78,2025-08-12,0,paid_on_time
P001568,L00285,7,2025-08-15,4637.41,4637.41,2025-08-15,0,paid_on_time
P001569,L00330,4,2025-08-15,562.56,562.56,2025-08-13,0,paid_on_time
P001570,L00346,3,2025-08-15,1507.66,0.0,,122,unpaid
P001571,L00017,110,2025-08-16,1399.27,1399.27,2025-08-16,0,paid_on_time
P001572,L00033,78,2025-08-16,488.18,488.18,2025-08-16,0,paid_on_time
P001573,L00035,75,2025-08-16,2474.76,2474.76,2025-08-15,0,paid_on_time
P001574,L00121,30,2025-08-16,1741.4,1741.4,2025-08-15,0,paid_on_time
P001575,L00151,26,2025-08-16,230.11,230.11,2025-08-15,0,paid_on_time
P001576,L00210,17,2025-08-16,1078.93,1078.93,2025-08-13,0,paid_on_time
P001577,L00227,15,2025-08-16,545.86,545.86,2025-08-16,0,paid_on_time
P001578,L00234,14,2025-08-16,659.89,659.89,2025-09-02,17,paid_late
P001579,L00248,12,2025-08-16,2095.25,2095.25,2025-08-13,0,paid_on_time
P001580,L00286,7,2025-08-16,629.76,629.76,2025-08-15,0,paid_on_time
P001581,L00287,7,2025-08-16,361.67,361.67,2025-08-15,0,paid_on_time
P001582,L00314,5,2025-08-16,133.26,133.26,2025-08-15,0,paid_on_time
P001583,L00347,3,2025-08-16,622.05,622.05,2025-08-13,0,paid_on_time
P001584,L00384,1,2025-08-16,673.49,673.49,2025-08-13,0,paid_on_time
P001585,L00006,141,2025-08-17,1297.93,1297.93,2025-08-14,0,paid_on_time
P001586,L00042,60,2025-08-17,702.79,702.79,2025-08-17,0,paid_on_time
P001587,L00044,58,2025-08-17,999.08,999.08,2025-08-14,0,paid_on_time
P001588,L00055,49,2025-08-17,495.46,495.46,2025-08-17,0,paid_on_time
P001589,L00096,35,2025-08-17,3809.24,3809.24,2025-08-16,0,paid_on_time
P001590,L00122,30,2025-08-17,396.75,396.75,2025-09-04,18,paid_late
P001591,L00129,29,2025-08-17,5383.46,5383.46,2025-08-15,0,paid_on_time
P001592,L00135,28,2025-08-17,1392.09,1392.09,2025-08-16,0,paid_on_time
P001593,L00184,21,2025-08-17,729.3,729.3,2025-08-17,0,paid_on_time
P001594,L00228,15,2025-08-17,151.67,151.67,2025-08-16,0,paid_on_time
P001595,L00257,11,2025-08-17,328.84,328.84,2025-08-16,0,paid_on_time
P001596,L00288,7,2025-08-17,160.56,160.56,2025-08-15,0,paid_on_time
P001597,L00289,7,2025-08-17,327.34,327.34,2025-08-15,0,paid_on_time
P001598,L00315,5,2025-08-17,1369.79,1369.79,2025-08-17,0,paid_on_time
P001599,L00331,4,2025-08-17,186.73,186.73,2025-08-15,0,paid_on_time
P001600,L00348,3,2025-08-17,172.66,172.66,2025-08-17,0,paid_on_time
P001601,L00385,1,2025-08-17,329.97,329.97,2025-08-14,0,paid_on_time
P001602,L00016,112,2025-08-18,2087.02,2087.02,2025-08-17,0,paid_on_time
P001603,L00026,91,2025-08-18,1366.27,1366.27,2025-08-15,0,paid_on_time
P001604,L00089,37,2025-08-18,1358.89,1358.89,2025-08-18,0,paid_on_time
P001605,L00169,23,2025-08-18,406.69,406.69,2025-08-17,0,paid_on_time
P001606,L00206,18,2025-08-18,1805.79,1805.79,2025-08-16,0,paid_on_time
P001607,L00217,16,2025-08-18,230.93,230.93,2025-08-18,0,paid_on_time
P001608,L00262,10,2025-08-18,244.62,244.62,2025-09-04,17,paid_late
P001609,L00290,7,2025-08-18,729.21,729.21,2025-08-16,0,paid_on_time
P001610,L00302,6,2025-08-18,528.31,528.31,2025-08-18,0,paid_on_time
P001611,L00316,5,2025-08-18,488.8,488.8,2025-08-22,4,paid_late
P001612,L00332,4,2025-08-18,1160.99,1160.99,2025-08-17,0,paid_on_time
P001613,L00349,3,2025-08-18,732.05,732.05,2025-08-16,0,paid_on_time
P001614,L00371,2,2025-08-18,668.17,668.17,2025-08-17,0,paid_on_time
P001615,L00001,150,2025-08-19,872.89,872.89,2025-08-18,0,paid_on_time
P001616,L00013,120,2025-08-19,947.9,947.9,2025-08-17,0,paid_on_time
P001617,L00014,118,2025-08-19,3544.09,3544.09,2025-08-19,0,paid_on_time
P001618,L00020,104,2025-08-19,599.02,599.02,2025-08-17,0,paid_on_time
P001619,L00028,88,2025-08-19,859.63,859.63,2025-08-16,0,paid_on_time
P001620,L00083,39,2025-08-19,170.36,170.36,2025-08-25,6,paid_late
P001621,L00090,37,2025-08-19,940.56,940.56,2025-08-19,0,paid_on_time
P001622,L00091,37,2025-08-19,333.65,333.65,2025-08-18,0,paid_on_time
P001623,L00130,29,2025-08-19,891.36,891.36,2025-08-16,0,paid_on_time
P001624,L00152,26,2025-08-19,189.02,189.02,2025-08-17,0,paid_on_time
P001625,L00177,22,2025-08-19,661.52,661.52,2025-08-17,0,paid_on_time
P001626,L00350,3,2025-08-19,913.36,913.36,2025-08-16,0,paid_on_time
P001627,L00032,80,2025-08-20,1649.77,1649.77,2025-08-17,0,paid_on_time
P001628,L00131,29,2025-08-20,1276.47,1276.47,2025-08-17,0,paid_on_time
P001629,L00154,26,2025-08-20,313.1,313.1,2025-08-20,0,paid_on_time
P001630,L00170,23,2025-08-20,1120.0,1120.0,2025-08-18,0,paid_on_time
P001631,L00291,7,2025-08-20,1254.39,1254.39,2025-08-19,0,paid_on_time
P001632,L00317,5,2025-08-20,690.9,690.9,2025-08-18,0,paid_on_time
P001633,L00333,4,2025-08-20,328.96,328.96,2025-08-20,0,paid_on_time
P001634,L00351,3,2025-08-20,281.71,281.71,2025-08-18,0,paid_on_time
P001635,L00386,1,2025-08-20,636.78,636.78,2025-08-20,0,paid_on_time
P001636,L00078,41,2025-08-21,434.96,434.96,2025-08-20,0,paid_on_time
P001637,L00084,39,2025-08-21,352.49,352.49,2025-08-20,0,paid_on_time
P001638,L00097,35,2025-08-21,1660.09,1660.09,2025-08-20,0,paid_on_time
P001639,L00159,25,2025-08-21,813.68,813.68,2025-08-18,0,paid_on_time
P001640,L00160,25,2025-08-21,3164.49,3164.49,2025-08-18,0,paid_on_time
P001641,L00188,20,2025-08-21,1216.68,1216.68,2025-08-21,0,paid_on_time
P001642,L00218,16,2025-08-21,3945.26,3945.26,2025-08-30,9,paid_late
P001643,L00242,13,2025-08-21,450.32,450.32,2025-08-18,0,paid_on_time
P001644,L00263,10,2025-08-21,846.87,846.87,2025-08-21,0,paid_on_time
P001645,L00278,8,2025-08-21,506.63,0.0,,122,unpaid
P001646,L00303,6,2025-08-21,3623.36,3623.36,2025-08-19,0,paid_on_time
P001647,L00352,3,2025-08-21,1279.4,1279.4,2025-08-20,0,paid_on_time
P001648,L00387,1,2025-08-21,476.49,476.49,2025-08-20,0,paid_on_time
P001649,L00008,138,2025-08-22,1043.51,1043.51,2025-08-19,0,paid_on_time
P001650,L00049,53,2025-08-22,3041.98,3041.98,2025-08-22,0,paid_on_time
P001651,L00098,35,2025-08-22,1385.41,1385.41,2025-08-22,0,paid_on_time
P001652,L00113,31,2025-08-22,677.07,677.07,2025-08-19,0,paid_on_time
P001653,L00132,29,2025-08-22,238.38,238.38,2025-08-19,0,paid_on_time
P001654,L00189,20,2025-08-22,142.38,142.38,2025-08-19,0,paid_on_time
P001655,L00229,15,2025-08-22,696.96,696.96,2025-08-21,0,paid_on_time
P001656,L00264,10,2025-08-22,299.57,299.57,2025-08-20,0,paid_on_time
P001657,L00279,8,2025-08-22,506.59,506.59,2025-08-21,0,paid_on_time
P001658,L00304,6,2025-08-22,191.99,191.99,2025-08-20,0,paid_on_time
P001659,L00353,3,2025-08-22,401.58,401.58,2025-08-22,0,paid_on_time
P001660,L00012,128,2025-08-23,2313.25,2313.25,2025-08-23,0,paid_on_time
P001661,L00036,69,2025-08-23,5425.67,5425.67,2025-08-21,0,paid_on_time
P001662,L00041,61,2025-08-23,1241.28,1241.28,2025-08-22,0,paid_on_time
P001663,L00071,43,2025-08-23,561.59,561.59,2025-08-22,0,paid_on_time
P001664,L00080,40,2025-08-23,3899.39,3899.39,2025-08-21,0,paid_on_time
P001665,L00123,30,2025-08-23,509.28,509.28,2025-08-21,0,paid_on_time
P001666,L00161,25,2025-08-23,2812.43,2812.43,2025-08-23,0,paid_on_time
P001667,L00196,19,2025-08-23,152.51,152.51,2025-08-20,0,paid_on_time
P001668,L00211,17,2025-08-23,175.17,175.17,2025-08-21,0,paid_on_time
P001669,L00219,16,2025-08-23,2801.45,2801.45,2025-08-20,0,paid_on_time
P001670,L00249,12,2025-08-23,648.22,648.22,2025-10-15,53,paid_late
P001671,L00265,10,2025-08-23,883.61,883.61,2025-08-21,0,paid_on_time
P001672,L00292,7,2025-08-23,791.09,791.09,2025-08-22,0,paid_on_time
P001673,L00334,4,2025-08-23,325.36,325.36,2025-08-22,0,paid_on_time
P001674,L00354,3,2025-08-23,807.03,807.03,2025-08-20,0,paid_on_time
P001675,L00355,3,2025-08-23,915.73,915.73,2025-08-20,0,paid_on_time
P001676,L00372,2,2025-08-23,187.18,187.18,2025-08-22,0,paid_on_time
P001677,L00388,1,2025-08-23,392.01,392.01,2025-08-21,0,paid_on_time
P001678,L00072,43,2025-08-24,1714.68,1714.68,2025-08-21,0,paid_on_time
P001679,L00143,27,2025-08-24,369.61,369.61,2025-08-21,0,paid_on_time
P001680,L00171,23,2025-08-24,378.47,378.47,2025-08-21,0,paid_on_time
P001681,L00172,23,2025-08-24,246.44,246.44,2025-08-24,0,paid_on_time
P001682,L00197,19,2025-08-24,4082.86,4082.86,2025-08-23,0,paid_on_time
P001683,L00243,13,2025-08-24,4829.64,4829.64,2025-08-23,0,paid_on_time
P001684,L00293,7,2025-08-24,715.78,715.78,2025-08-24,0,paid_on_time
P001685,L00318,5,2025-08-24,785.27,785.27,2025-08-23,0,paid_on_time
P001686,L00356,3,2025-08-24,151.33,151.33,2025-08-24,0,paid_on_time
P001687,L00373,2,2025-08-24,507.47,507.47,2025-08-24,0,paid_on_time
P001688,L00039,64,2025-08-25,2154.36,2154.36,2025-08-23,0,paid_on_time
P001689,L00085,39,2025-08-25,615.22,615.22,2025-08-23,0,paid_on_time
P001690,L00094,36,2025-08-25,798.81,798.81,2025-08-25,0,paid_on_time
P001691,L00144,27,2025-08-25,1999.88,1999.88,2025-08-24,0,paid_on_time
P001692,L00190,20,2025-08-25,668.94,668.94,2025-08-24,0,paid_on_time
P001693,L00235,14,2025-08-25,180.38,180.38,2025-08-25,0,paid_on_time
P001694,L00236,14,2025-08-25,379.28,379.28,2025-08-24,0,paid_on_time
P001695,L00237,14,2025-08-25,1577.72,1577.72,2025-08-25,0,paid_on_time
P001696,L00244,13,2025-08-25,797.65,797.65,2025-08-22,0,paid_on_time
P001697,L00335,4,2025-08-25,292.08,292.08,2025-08-22,0,paid_on_time
P001698,L00030,85,2025-08-26,1332.55,1332.55,2025-08-23,0,paid_on_time
P001699,L00037,69,2025-08-26,684.3,684.3,2025-08-25,0,paid_on_time
P001700,L00073,43,2025-08-26,313.76,313.76,2025-08-24,0,paid_on_time
P001701,L00087,38,2025-08-26,485.7,485.7,2025-08-24,0,paid_on_time
P001702,L00137,28,2025-08-26,328.82,328.82,2025-08-24,0,paid_on_time
P001703,L00145,27,2025-08-26,783.93,783.93,2025-08-25,0,paid_on_time
P001704,L00178,22,2025-08-26,1322.66,1322.66,2025-08-24,0,paid_on_time
P001705,L00198,19,2025-08-26,353.93,353.93,2025-08-24,0,paid_on_time
P001706,L00266,10,2025-08-26,196.46,196.46,2025-08-24,0,paid_on_time
P001707,L00306,6,2025-08-26,386.96,386.96,2025-08-26,0,paid_on_time
P001708,L00374,2,2025-08-26,759.66,759.66,2025-08-25,0,paid_on_time
P001709,L00389,1,2025-08-26,547.48,547.48,2025-09-02,7,paid_late
P001710,L00007,139,2025-08-27,1181.6,1181.6,2025-08-26,0,paid_on_time
P001711,L00009,137,2025-08-27,1014.74,1014.74,2025-08-26,0,paid_on_time
P001712,L00074,43,2025-08-27,1814.09,1814.09,2025-08-31,4,paid_late
P001713,L00357,3,2025-08-27,705.03,705.03,2025-08-26,0,paid_on_time
P001714,L00022,97,2025-08-28,1038.84,1038.84,2025-08-25,0,paid_on_time
P001715,L00057,48,2025-08-28,603.0,603.0,2025-08-26,0,paid_on_time
P001716,L00065,44,2025-08-28,1911.1,1911.1,2025-08-25,0,paid_on_time
P001717,L00079,41,2025-08-28,553.36,553.36,2025-08-27,0,paid_on_time
P001718,L00081,40,2025-08-28,487.74,487.74,2025-08-28,0,paid_on_time
P001719,L00086,39,2025-08-28,542.24,542.24,2025-08-30,2,paid_late
P001720,L00114,31,2025-08-28,1545.46,1545.46,2025-08-25,0,paid_on_time
P001721,L00115,31,2025-08-28,581.64,581.64,2025-10-12,45,paid_late
P001722,L00116,31,2025-08-28,4765.2,4765.2,2025-08-27,0,paid_on_time
P001723,L00117,31,2025-08-28,1642.14,1642.14,2025-08-25,0,paid_on_time
P001724,L00138,28,2025-08-28,475.85,475.85,2025-08-25,0,paid_on_time
P001725,L00156,26,2025-08-28,856.46,856.46,2025-08-26,0,paid_on_time
P001726,L00173,23,2025-08-28,746.3,746.3,2025-09-16,19,paid_late
P001727,L00179,22,2025-08-28,492.89,492.89,2025-08-28,0,paid_on_time
P001728,L00191,20,2025-08-28,936.13,936.13,2025-08-25,0,paid_on_time
P001729,L00199,19,2025-08-28,613.67,613.67,2025-08-25,0,paid_on_time
P001730,L00200,19,2025-08-28,253.76,253.76,2025-08-26,0,paid_on_time
P001731,L00207,18,2025-08-28,252.74,252.74,2025-08-25,0,paid_on_time
P001732,L00213,17,2025-08-28,767.71,767.71,2025-11-01,65,paid_late
P001733,L00220,16,2025-08-28,596.29,596.29,2025-08-27,0,paid_on_time
P001734,L00238,14,2025-08-28,893.78,893.78,2025-08-26,0,paid_on_time
P001735,L00245,13,2025-08-28,2175.35,2175.35,2025-08-28,0,paid_on_time
P001736,L00246,13,2025-08-28,1166.75,1166.75,2025-08-26,0,paid_on_time
P001737,L00250,12,2025-08-28,169.37,169.37,2025-08-28,0,paid_on_time
P001738,L00272,9,2025-08-28,197.04,197.04,2025-08-28,0,paid_on_time
P001739,L00280,8,2025-08-28,2010.72,2010.72,2025-08-28,0,paid_on_time
P001740,L00281,8,2025-08-28,2776.0,2776.0,2025-08-27,0,paid_on_time
P001741,L00294,7,2025-08-28,2580.19,2580.19,2025-08-28,0,paid_on_time
P001742,L00295,7,2025-08-28,2738.06,2738.06,2025-08-28,0,paid_on_time
P001743,L00319,5,2025-08-28,1044.26,1044.26,2025-08-27,0,paid_on_time
P001744,L00336,4,2025-08-28,761.18,761.18,2025-08-28,0,paid_on_time
P001745,L00358,3,2025-08-28,1505.57,1505.57,2025-08-28,0,paid_on_time
P001746,L00359,3,2025-08-28,399.48,399.48,2025-08-27,0,paid_on_time
P001747,L00360,3,2025-08-28,365.61,365.61,2025-08-27,0,paid_on_time
P001748,L00375,2,2025-08-28,93.58,93.58,2025-08-26,0,paid_on_time
P001749,L00390,1,2025-08-28,393.57,393.57,2025-08-25,0,paid_on_time
P001750,L00066,44,2025-09-01,856.43,856.43,2025-09-08,7,paid_late
P001751,L00067,44,2025-09-01,5150.69,5150.69,2025-08-29,0,paid_on_time
P001752,L00099,34,2025-09-01,1471.68,1471.68,2025-08-30,0,paid_on_time
P001753,L00100,34,2025-09-01,1187.24,1187.24,2025-08-31,0,paid_on_time
P001754,L00109,32,2025-09-01,2101.11,2101.11,2025-08-31,0,paid_on_time
P001755,L00157,26,2025-09-01,328.41,328.41,2025-08-30,0,paid_on_time
P001756,L00268,10,2025-09-01,3738.67,3738.67,2025-08-30,0,paid_on_time
P001757,L00337,4,2025-09-01,382.73,382.73,2025-08-29,0,paid_on_time
P001758,L00361,3,2025-09-01,421.04,421.04,2025-08-31,0,paid_on_time
P001759,L00362,3,2025-09-01,129.75,129.75,2025-08-31,0,paid_on_time
P001760,L00376,2,2025-09-01,371.84,371.84,2025-08-29,0,paid_on_time
P001761,L00011,133,2025-09-02,3685.16,3685.16,2025-09-02,0,paid_on_time
P001762,L00025,92,2025-09-02,873.16,873.16,2025-09-01,0,paid_on_time
P001763,L00048,54,2025-09-02,3101.68,3101.68,2025-09-01,0,paid_on_time
P001764,L00124,30,2025-09-02,1451.35,1451.35,2025-08-31,0,paid_on_time
P001765,L00133,29,2025-09-02,4939.5,4939.5,2025-09-02,0,paid_on_time
P001766,L00174,23,2025-09-02,588.33,588.33,2025-08-30,0,paid_on_time
P001767,L00221,16,2025-09-02,90.7,90.7,2025-09-02,0,paid_on_time
P001768,L00251,12,2025-09-02,360.6,360.6,2025-09-01,0,paid_on_time
P001769,L00258,11,2025-09-02,2005.5,2005.5,2025-08-30,0,paid_on_time
P001770,L00273,9,2025-09-02,696.31,696.31,2025-09-04,2,paid_late
P001771,L00307,6,2025-09-02,641.01,641.01,2025-09-02,0,paid_on_time
P001772,L00321,5,2025-09-02,155.78,155.78,2025-08-31,0,paid_on_time
P001773,L00322,5,2025-09-02,482.32,482.32,2025-09-02,0,paid_on_time
P001774,L00338,4,2025-09-02,544.77,544.77,2025-09-01,0,paid_on_time
P001775,L00021,102,2025-09-03,1229.88,1229.88,2025-08-31,0,paid_on_time
P001776,L00075,43,2025-09-03,921.85,921.85,2025-09-03,0,paid_on_time
P001777,L00101,34,2025-09-03,420.86,420.86,2025-08-31,0,paid_on_time
P001778,L00105,33,2025-09-03,3823.79,3823.79,2025-08-31,0,paid_on_time
P001779,L00125,30,2025-09-03,965.75,965.75,2025-09-03,0,paid_on_time
P001780,L00141,28,2025-09-03,913.41,913.41,2025-09-02,0,paid_on_time
P001781,L00180,22,2025-09-03,1447.87,1447.87,2025-09-03,0,paid_on_time
P001782,L00230,15,2025-09-03,268.46,268.46,2025-09-03,0,paid_on_time
P001783,L00269,10,2025-09-03,334.66,334.66,2025-08-31,0,paid_on_time
P001784,L00296,7,2025-09-03,1097.72,1097.72,2025-08-31,0,paid_on_time
P001785,L00308,6,2025-09-03,98.58,98.58,2025-09-01,0,paid_on_time
P001786,L00339,4,2025-09-03,589.31,589.31,2025-09-03,0,paid_on_time
P001787,L00363,3,2025-09-03,139.31,139.31,2025-09-03,0,paid_on_time
P001788,L00364,3,2025-09-03,584.93,584.93,2025-09-02,0,paid_on_time
P001789,L00003,145,2025-09-04,1484.61,1484.61,2025-09-04,0,paid_on_time
P001790,L00058,47,2025-09-04,828.64,828.64,2025-09-25,21,paid_late
P001791,L00239,14,2025-09-04,1684.67,1684.67,2025-09-02,0,paid_on_time
P001792,L00259,11,2025-09-04,182.52,182.52,2025-09-03,0,paid_on_time
P001793,L00365,3,2025-09-04,921.91,921.91,2025-11-27,84,paid_late
P001794,L00377,2,2025-09-04,314.71,0.0,,122,unpaid
P001795,L00051,52,2025-09-05,1900.45,1900.45,2025-09-04,0,paid_on_time
P001796,L00068,44,2025-09-05,527.5,527.5,2025-09-05,0,paid_on_time
P001797,L00069,44,2025-09-05,1481.4,1481.4,2025-09-02,0,paid_on_time
P001798,L00092,37,2025-09-05,1072.0,1072.0,2025-09-02,0,paid_on_time
P001799,L00110,32,2025-09-05,672.22,672.22,2025-09-05,0,paid_on_time
P001800,L00201,19,2025-09-05,286.02,286.02,2025-09-04,0,paid_on_time
P001801,L00214,17,2025-09-05,381.85,381.85,2025-09-05,0,paid_on_time
P001802,L00222,16,2025-09-05,671.48,671.48,2025-09-05,0,paid_on_time
P001803,L00247,13,2025-09-05,69.37,69.37,2025-09-05,0,paid_on_time
P001804,L00252,12,2025-09-05,2944.96,2944.96,2025-09-02,0,paid_on_time
P001805,L00253,12,2025-09-05,250.97,250.97,2025-09-05,0,paid_on_time
P001806,L00260,11,2025-09-05,494.43,494.43,2025-09-04,0,paid_on_time
P001807,L00274,9,2025-09-05,403.99,403.99,2025-09-03,0,paid_on_time
P001808,L00297,7,2025-09-05,660.93,660.93,2025-09-02,0,paid_on_time
P001809,L00340,4,2025-09-05,387.29,387.29,2025-09-03,0,paid_on_time
P001810,L00004,144,2025-09-06,4466.2,4466.2,2025-09-04,0,paid_on_time
P001811,L00019,109,2025-09-06,2187.33,2187.33,2025-09-05,0,paid_on_time
P001812,L00053,50,2025-09-06,1030.03,1030.03,2025-09-05,0,paid_on_time
P001813,L00059,47,2025-09-06,626.49,626.49,2025-09-05,0,paid_on_time
P001814,L00093,37,2025-09-06,730.14,730.14,2025-09-04,0,paid_on_time
P001815,L00106,33,2025-09-06,2856.91,2856.91,2025-09-05,0,paid_on_time
P001816,L00147,27,2025-09-06,348.05,348.05,2025-09-03,0,paid_on_time
P001817,L00192,20,2025-09-06,894.21,894.21,2025-09-06,0,paid_on_time
P001818,L00202,19,2025-09-06,4839.58,4839.58,2025-09-04,0,paid_on_time
P001819,L00215,17,2025-09-06,756.59,756.59,2025-09-03,0,paid_on_time
P001820,L00223,16,2025-09-06,274.54,274.54,2025-09-04,0,paid_on_time
P001821,L00231,15,2025-09-06,728.02,728.02,2025-09-23,17,paid_late
P001822,L00240,14,2025-09-06,1520.54,1520.54,2025-09-06,0,paid_on_time
P001823,L00298,7,2025-09-06,1387.32,1387.32,2025-09-04,0,paid_on_time
P001824,L00341,4,2025-09-06,393.32,393.32,2025-09-04,0,paid_on_time
P001825,L00027,90,2025-09-07,1544.11,1544.11,2025-09-05,0,paid_on_time
P001826,L00034,77,2025-09-07,1413.29,1413.29,2025-09-04,0,paid_on_time
P001827,L00045,58,2025-09-07,590.41,590.41,2025-09-07,0,paid_on_time
P001828,L00061,46,2025-09-07,1314.35,1314.35,2025-09-06,0,paid_on_time
P001829,L00102,34,2025-09-07,610.13,610.13,2025-09-07,0,paid_on_time
P001830,L00107,33,2025-09-07,4136.88,4136.88,2025-09-05,0,paid_on_time
P001831,L00142,28,2025-09-07,122.37,122.37,2025-09-05,0,paid_on_time
P001832,L00148,27,2025-09-07,1896.41,1896.41,2025-09-04,0,paid_on_time
P001833,L00208,18,2025-09-07,1156.32,1156.32,2025-09-05,0,paid_on_time
P001834,L00224,16,2025-09-07,223.06,223.06,2025-09-07,0,paid_on_time
P001835,L00275,9,2025-09-07,495.73,495.73,2025-09-06,0,paid_on_time
P001836,L00282,8,2025-09-07,255.88,255.88,2025-09-04,0,paid_on_time
P001837,L00342,4,2025-09-07,696.53,696.53,2025-09-05,0,paid_on_time
P001838,L00024,93,2025-09-08,1195.78,1195.78,2025-09-05,0,paid_on_time
P001839,L00046,58,2025-09-08,2692.31,2692.31,2025-09-08,0,paid_on_time
P001840,L00050,53,2025-09-08,5006.45,5006.45,2025-09-07,0,paid_on_time
P001841,L00149,27,2025-09-08,180.6,180.6,2025-09-21,13,paid_late
P001842,L00232,15,2025-09-08,588.41,588.41,2025-09-14,6,paid_late
P001843,L00309,6,2025-09-08,455.35,455.35,2025-09-05,0,paid_on_time
P001844,L00310,6,2025-09-08,684.21,684.21,2025-09-07,0,paid_on_time
P001845,L00323,5,2025-09-08,133.22,133.22,2025-09-07,0,paid_on_time
P001846,L00324,5,2025-09-08,464.16,464.16,2025-09-22,14,paid_late
P001847,L00343,4,2025-09-08,730.44,730.44,2025-09-07,0,paid_on_time
P001848,L00005,144,2025-09-09,3714.26,3714.26,2025-09-07,0,paid_on_time
P001849,L00031,85,2025-09-09,1166.25,1166.25,2025-09-09,0,paid_on_time
P001850,L00047,58,2025-09-09,1631.14,1631.14,2025-09-07,0,paid_on_time
P001851,L00052,51,2025-09-09,458.96,458.96,2025-09-08,0,paid_on_time
P001852,L00056,49,2025-09-09,1887.49,1887.49,2025-09-08,0,paid_on_time
P001853,L00164,25,2025-09-09,463.93,463.93,2025-09-08,0,paid_on_time
P001854,L00165,25,2025-09-09,900.5,900.5,2025-09-08,0,paid_on_time
P001855,L00167,24,2025-09-09,494.06,494.06,2025-09-07,0,paid_on_time
P001856,L00209,18,2025-09-09,895.87,895.87,2025-09-24,15,paid_late
P001857,L00225,16,2025-09-09,443.16,443.16,2025-09-06,0,paid_on_time
P001858,L00366,3,2025-09-09,1391.7,1391.7,2025-09-06,0,paid_on_time
P001859,L00367,3,2025-09-09,781.07,781.07,2025-09-08,0,paid_on_time
P001860,L00378,2,2025-09-09,255.87,255.87,2025-09-06,0,paid_on_time
P001861,L00379,2,2025-09-09,275.23,275.23,2025-09-06,0,paid_on_time
P001862,L00380,2,2025-09-09,190.74,190.74,2025-09-06,0,paid_on_time
P001863,L00391,1,2025-09-09,678.65,678.65,2025-09-08,0,paid_on_time
P001864,L00010,136,2025-09-10,451.75,451.75,2025-09-08,0,paid_on_time
P001865,L00040,63,2025-09-10,1154.04,1154.04,2025-09-08,0,paid_on_time
P001866,L00060,47,2025-09-10,242.9,242.9,2025-09-07,0,paid_on_time
P001867,L00082,40,2025-09-10,1374.6,1374.6,2025-09-10,0,paid_on_time
P001868,L00088,38,2025-09-10,604.18,604.18,2025-09-08,0,paid_on_time
P001869,L00134,29,2025-09-10,132.34,132.34,2025-09-07,0,paid_on_time
P001870,L00168,24,2025-09-10,425.1,425.1,2025-11-17,68,paid_late
P001871,L00182,22,2025-09-10,170.77,170.77,2025-09-09,0,paid_on_time
P001872,L00183,22,2025-09-10,1116.86,1116.86,2025-09-09,0,paid_on_time
P001873,L00241,14,2025-09-10,417.0,417.0,2025-09-07,0,paid_on_time
P001874,L00299,7,2025-09-10,374.07,374.07,2025-09-09,0,paid_on_time
P001875,L00300,7,2025-09-10,3088.53,3088.53,2025-09-08,0,paid_on_time
P001876,L00325,5,2025-09-10,533.26,533.26,2025-09-10,0,paid_on_time
P001877,L00326,5,2025-09-10,339.05,339.05,2025-09-10,0,paid_on_time
P001878,L00344,4,2025-09-10,532.44,532.44,2025-09-09,0,paid_on_time
P001879,L00345,4,2025-09-10,302.08,302.08,2025-09-07,0,paid_on_time
P001880,L00368,3,2025-09-10,584.55,584.55,2025-09-10,0,paid_on_time
P001881,L00392,1,2025-09-10,765.21,765.21,2025-09-09,0,paid_on_time
P001882,L00023,97,2025-09-11,1669.64,1669.64,2025-09-10,0,paid_on_time
P001883,L00076,43,2025-09-11,750.21,750.21,2025-09-28,17,paid_late
P001884,L00103,34,2025-09-11,477.21,477.21,2025-09-08,0,paid_on_time
P001885,L00111,32,2025-09-11,327.8,327.8,2025-10-26,45,paid_late
P001886,L00119,31,2025-09-11,704.37,704.37,2025-09-11,0,paid_on_time
P001887,L00126,30,2025-09-11,1005.72,1005.72,2025-09-08,0,paid_on_time
P001888,L00127,30,2025-09-11,352.26,352.26,2025-09-08,0,paid_on_time
P001889,L00158,26,2025-09-11,244.75,244.75,2025-09-10,0,paid_on_time
P001890,L00185,21,2025-09-11,1831.67,1831.67,2025-09-09,0,paid_on_time
P001891,L00254,12,2025-09-11,5962.35,5962.35,2025-09-08,0,paid_on_time
P001892,L00255,12,2025-09-11,391.11,391.11,2025-09-10,0,paid_on_time
P001893,L00256,12,2025-09-11,2046.78,0.0,,122,unpaid
P001894,L00381,2,2025-09-11,117.99,117.99,2025-09-08,0,paid_on_time
P001895,L00382,2,2025-09-11,806.73,806.73,2025-09-11,0,paid_on_time
P001896,L00054,50,2025-09-12,1005.95,1005.95,2025-09-10,0,paid_on_time
P001897,L00062,46,2025-09-12,998.23,998.23,2025-09-11,0,paid_on_time
P001898,L00070,44,2025-09-12,436.33,436.33,2025-09-09,0,paid_on_time
P001899,L00108,33,2025-09-12,297.58,297.58,2025-09-09,0,paid_on_time
P001900,L00112,32,2025-09-12,389.58,389.58,2025-09-11,0,paid_on_time
P001901,L00175,23,2025-09-12,713.91,713.91,2025-09-10,0,paid_on_time
P001902,L00186,21,2025-09-12,461.26,461.26,2025-09-10,0,paid_on_time
P001903,L00276,9,2025-09-12,443.67,443.67,2025-09-12,0,paid_on_time
P001904,L00301,7,2025-09-12,652.3,652.3,2025-09-10,0,paid_on_time
P001905,L00311,6,2025-09-12,4060.3,4060.3,2025-09-10,0,paid_on_time
P001906,L00369,3,2025-09-12,374.81,374.81,2025-09-09,0,paid_on_time
P001907,L00393,1,2025-09-12,4337.53,4337.53,2025-09-12,0,paid_on_time
P001908,L00002,148,2025-09-13,755.12,755.12,2025-09-13,0,paid_on_time
P001909,L00015,115,2025-09-13,2722.75,2722.75,2025-09-11,0,paid_on_time
P001910,L00038,67,2025-09-13,1052.17,1052.17,2025-09-10,0,paid_on_time
P001911,L00064,45,2025-09-13,728.42,728.42,2025-09-10,0,paid_on_time
P001912,L00077,43,2025-09-13,1213.63,1213.63,2025-09-23,10,paid_late
P001913,L00128,30,2025-09-13,731.01,731.01,2025-09-11,0,paid_on_time
P001914,L00176,23,2025-09-13,1207.63,1207.63,2025-09-12,0,paid_on_time
P001915,L00187,21,2025-09-13,794.79,794.79,2025-09-11,0,paid_on_time
P001916,L00193,20,2025-09-13,889.34,889.34,2025-09-12,0,paid_on_time
P001917,L00203,19,2025-09-13,312.96,312.96,2025-10-02,19,paid_late
P001918,L00233,15,2025-09-13,3312.12,3312.12,2025-09-13,0,paid_on_time
P001919,L00261,11,2025-09-13,135.87,135.87,2025-09-10,0,paid_on_time
P001920,L00283,8,2025-09-13,576.26,576.26,2025-09-10,0,paid_on_time
P001921,L00312,6,2025-09-13,570.92,570.92,2025-09-12,0,paid_on_time
P001922,L00383,2,2025-09-13,243.05,243.05,2025-09-19,6,paid_late
P001923,L00018,110,2025-09-14,5555.18,5555.18,2025-09-12,0,paid_on_time
P001924,L00063,46,2025-09-14,1407.73,1407.73,2025-09-14,0,paid_on_time
P001925,L00095,36,2025-09-14,493.83,493.83,2025-09-12,0,paid_on_time
P001926,L00150,27,2025-09-14,693.8,693.8,2025-09-14,0,paid_on_time
P001927,L00194,20,2025-09-14,708.28,708.28,2025-09-14,0,paid_on_time
P001928,L00195,20,2025-09-14,506.14,506.14,2025-09-13,0,paid_on_time
P001929,L00204,19,2025-09-14,941.27,941.27,2025-09-11,0,paid_on_time
P001930,L00271,10,2025-09-14,485.42,485.42,2025-10-09,25,paid_late
P001931,L00284,8,2025-09-14,307.56,307.56,2025-09-12,0,paid_on_time
P001932,L00327,5,2025-09-14,205.7,205.7,2025-09-11,0,paid_on_time
P001933,L00328,5,2025-09-14,614.18,614.18,2025-09-11,0,paid_on_time
P001934,L00370,3,2025-09-14,447.8,447.8,2025-09-13,0,paid_on_time
P001935,L00394,1,2025-09-14,393.33,393.33,2025-09-13,0,paid_on_time
P001936,L00043,59,2025-09-15,1040.6,1040.6,2025-09-14,0,paid_on_time
P001937,L00104,34,2025-09-15,442.08,442.08,2025-09-15,0,paid_on_time
P001938,L00120,31,2025-09-15,262.87,262.87,2025-09-28,13,paid_late
P001939,L00205,19,2025-09-15,418.6,418.6,2025-09-15,0,paid_on_time
P001940,L00216,17,2025-09-15,962.26,962.26,2025-09-12,0,paid_on_time
P001941,L00226,16,2025-09-15,904.35,904.35,2025-09-12,0,paid_on_time
P001942,L00277,9,2025-09-15,689.78,689.78,2025-09-15,0,paid_on_time
P001943,L00285,8,2025-09-15,4637.41,4637.41,2025-09-15,0,paid_on_time
P001944,L00330,5,2025-09-15,562.56,562.56,2025-09-14,0,paid_on_time
P001945,L00346,4,2025-09-15,1507.66,0.0,,91,unpaid
P001946,L00017,111,2025-09-16,1399.27,1399.27,2025-09-16,0,paid_on_time
P001947,L00033,79,2025-09-16,488.18,488.18,2025-09-14,0,paid_on_time
P001948,L00035,76,2025-09-16,2474.76,2474.76,2025-09-15,0,paid_on_time
P001949,L00121,31,2025-09-16,1741.4,1741.4,2025-09-15,0,paid_on_time
P001950,L00151,27,2025-09-16,230.11,230.11,2025-09-15,0,paid_on_time
P001951,L00210,18,2025-09-16,1078.93,1078.93,2025-09-16,0,paid_on_time
P001952,L00227,16,2025-09-16,545.86,545.86,2025-09-20,4,paid_late
P001953,L00234,15,2025-09-16,659.89,659.89,2025-09-16,0,paid_on_time
P001954,L00248,13,2025-09-16,2095.25,2095.25,2025-09-15,0,paid_on_time
P001955,L00286,8,2025-09-16,629.76,629.76,2025-09-14,0,paid_on_time
P001956,L00287,8,2025-09-16,361.67,361.67,2025-09-13,0,paid_on_time
P001957,L00314,6,2025-09-16,133.26,133.26,2025-09-13,0,paid_on_time
P001958,L00347,4,2025-09-16,622.05,622.05,2025-10-08,22,paid_late
P001959,L00384,2,2025-09-16,673.49,673.49,2025-09-13,0,paid_on_time
P001960,L00395,1,2025-09-16,345.71,345.71,2025-09-13,0,paid_on_time
P001961,L00006,142,2025-09-17,1297.93,1297.93,2025-09-17,0,paid_on_time
P001962,L00042,61,2025-09-17,702.79,702.79,2025-09-15,0,paid_on_time
P001963,L00044,59,2025-09-17,999.08,999.08,2025-09-17,0,paid_on_time
P001964,L00055,50,2025-09-17,495.46,495.46,2025-09-16,0,paid_on_time
P001965,L00096,36,2025-09-17,3809.24,3809.24,2025-09-17,0,paid_on_time
P001966,L00122,31,2025-09-17,396.75,396.75,2025-09-15,0,paid_on_time
P001967,L00129,30,2025-09-17,5383.46,5383.46,2025-09-15,0,paid_on_time
P001968,L00135,29,2025-09-17,1392.09,1392.09,2025-09-15,0,paid_on_time
P001969,L00184,22,2025-09-17,729.3,729.3,2025-09-15,0,paid_on_time
P001970,L00228,16,2025-09-17,151.67,151.67,2025-09-16,0,paid_on_time
P001971,L00257,12,2025-09-17,328.84,328.84,2025-09-17,0,paid_on_time
P001972,L00288,8,2025-09-17,160.56,160.56,2025-09-15,0,paid_on_time
P001973,L00289,8,2025-09-17,327.34,327.34,2025-09-15,0,paid_on_time
P001974,L00315,6,2025-09-17,1369.79,1369.79,2025-09-17,0,paid_on_time
P001975,L00331,5,2025-09-17,186.73,186.73,2025-09-15,0,paid_on_time
P001976,L00348,4,2025-09-17,172.66,172.66,2025-09-17,0,paid_on_time
P001977,L00385,2,2025-09-17,329.97,329.97,2025-09-15,0,paid_on_time
P001978,L00396,1,2025-09-17,534.54,534.54,2025-09-14,0,paid_on_time
P001979,L00397,1,2025-09-17,419.44,419.44,2025-09-15,0,paid_on_time
P001980,L00016,113,2025-09-18,2087.02,2087.02,2025-09-16,0,paid_on_time
P001981,L00026,92,2025-09-18,1366.27,1366.27,2025-09-16,0,paid_on_time
P001982,L00089,38,2025-09-18,1358.89,1358.89,2025-09-15,0,paid_on_time
P001983,L00169,24,2025-09-18,406.69,406.69,2025-09-16,0,paid_on_time
P001984,L00206,19,2025-09-18,1805.79,1805.79,2025-09-17,0,paid_on_time
P001985,L00217,17,2025-09-18,230.93,230.93,2025-09-17,0,paid_on_time
P001986,L00262,11,2025-09-18,244.62,244.62,2025-10-09,21,paid_late
P001987,L00290,8,2025-09-18,729.21,729.21,2025-09-18,0,paid_on_time
P001988,L00302,7,2025-09-18,528.31,528.31,2025-09-18,0,paid_on_time
P001989,L00316,6,2025-09-18,488.8,488.8,2025-09-16,0,paid_on_time
P001990,L00332,5,2025-09-18,1160.99,1160.99,2025-09-15,0,paid_on_time
P001991,L00349,4,2025-09-18,732.05,732.05,2025-09-16,0,paid_on_time
P001992,L00371,3,2025-09-18,668.17,668.17,2025-09-17,0,paid_on_time
P001993,L00398,1,2025-09-18,914.52,914.52,2025-09-16,0,paid_on_time
P001994,L00001,151,2025-09-19,872.89,872.89,2025-09-18,0,paid_on_time
P001995,L00013,121,2025-09-19,947.9,947.9,2025-09-19,0,paid_on_time
P001996,L00014,119,2025-09-19,3544.09,3544.09,2025-09-16,0,paid_on_time
P001997,L00020,105,2025-09-19,599.02,599.02,2025-09-16,0,paid_on_time
P001998,L00028,89,2025-09-19,859.63,859.63,2025-09-19,0,paid_on_time
P001999,L00083,40,2025-09-19,170.36,170.36,2025-09-16,0,paid_on_time
P002000,L00090,38,2025-09-19,940.56,940.56,2025-09-16,0,paid_on_time
P002001,L00091,38,2025-09-19,333.65,333.65,2025-09-19,0,paid_on_time
P002002,L00130,30,2025-09-19,891.36,891.36,2025-09-18,0,paid_on_time
P002003,L00152,27,2025-09-19,189.02,189.02,2025-09-16,0,paid_on_time
P002004,L00177,23,2025-09-19,661.52,661.52,2025-09-19,0,paid_on_time
P002005,L00350,4,2025-09-19,913.36,913.36,2025-09-18,0,paid_on_time
P002006,L00399,1,2025-09-19,319.53,319.53,2025-09-17,0,paid_on_time
P002007,L00032,81,2025-09-20,1649.77,1649.77,2025-09-19,0,paid_on_time
P002008,L00131,30,2025-09-20,1276.47,1276.47,2025-09-20,0,paid_on_time
P002009,L00154,27,2025-09-20,313.1,313.1,2025-09-18,0,paid_on_time
P002010,L00170,24,2025-09-20,1120.0,1120.0,2025-09-18,0,paid_on_time
P002011,L00291,8,2025-09-20,1254.39,1254.39,2025-09-19,0,paid_on_time
P002012,L00317,6,2025-09-20,690.9,690.9,2025-09-18,0,paid_on_time
P002013,L00333,5,2025-09-20,328.96,328.96,2025-09-20,0,paid_on_time
P002014,L00351,4,2025-09-20,281.71,281.71,2025-09-19,0,paid_on_time
P002015,L00386,2,2025-09-20,636.78,636.78,2025-09-18,0,paid_on_time
P002016,L00400,1,2025-09-20,1657.16,1657.16,2025-09-17,0,paid_on_time
P002017,L00078,42,2025-09-21,434.96,434.96,2025-09-20,0,paid_on_time
P002018,L00084,40,2025-09-21,352.49,352.49,2025-09-20,0,paid_on_time
P002019,L00097,36,2025-09-21,1660.09,1660.09,2025-09-21,0,paid_on_time
P002020,L00159,26,2025-09-21,813.68,813.68,2025-09-20,0,paid_on_time
P002021,L00160,26,2025-09-21,3164.49,3164.49,2025-09-19,0,paid_on_time
P002022,L00188,21,2025-09-21,1216.68,1216.68,2025-09-19,0,paid_on_time
P002023,L00218,17,2025-09-21,3945.26,3945.26,2025-09-18,0,paid_on_time
P002024,L00242,14,2025-09-21,450.32,450.32,2025-09-25,4,paid_late
P002025,L00263,11,2025-09-21,846.87,846.87,2025-10-08,17,paid_late
P002026,L00278,9,2025-09-21,506.63,0.0,,91,unpaid
P002027,L00303,7,2025-09-21,3623.36,3623.36,2025-09-20,0,paid_on_time
P002028,L00352,4,2025-09-21,1279.4,1279.4,2025-09-20,0,paid_on_time
P002029,L00387,2,2025-09-21,476.49,476.49,2025-09-19,0,paid_on_time
P002030,L00401,1,2025-09-21,195.99,195.99,2025-09-19,0,paid_on_time
P002031,L00008,139,2025-09-22,1043.51,1043.51,2025-09-20,0,paid_on_time
P002032,L00049,54,2025-09-22,3041.98,3041.98,2025-09-21,0,paid_on_time
P002033,L00098,36,2025-09-22,1385.41,1385.41,2025-09-19,0,paid_on_time
P002034,L00113,32,2025-09-22,677.07,677.07,2025-09-22,0,paid_on_time
P002035,L00132,30,2025-09-22,238.38,238.38,2025-09-19,0,paid_on_time
P002036,L00189,21,2025-09-22,142.38,142.38,2025-09-22,0,paid_on_time
P002037,L00229,16,2025-09-22,696.96,696.96,2025-09-19,0,paid_on_time
P002038,L00264,11,2025-09-22,299.57,299.57,2025-09-21,0,paid_on_time
P002039,L00279,9,2025-09-22,506.59,506.59,2025-09-20,0,paid_on_time
P002040,L00304,7,2025-09-22,191.99,191.99,2025-09-19,0,paid_on_time
P002041,L00353,4,2025-09-22,401.58,401.58,2025-09-21,0,paid_on_time
P002042,L00402,1,2025-09-22,847.17,847.17,2025-09-21,0,paid_on_time
P002043,L00403,1,2025-09-22,249.32,249.32,2025-09-20,0,paid_on_time
P002044,L00012,129,2025-09-23,2313.25,2313.25,2025-09-20,0,paid_on_time
P002045,L00036,70,2025-09-23,5425.67,5425.67,2025-09-23,0,paid_on_time
P002046,L00041,62,2025-09-23,1241.28,1241.28,2025-09-23,0,paid_on_time
P002047,L00071,44,2025-09-23,561.59,561.59,2025-09-22,0,paid_on_time
P002048,L00080,41,2025-09-23,3899.39,3899.39,2025-09-20,0,paid_on_time
P002049,L00123,31,2025-09-23,509.28,509.28,2025-09-23,0,paid_on_time
P002050,L00161,26,2025-09-23,2812.43,2812.43,2025-09-20,0,paid_on_time
P002051,L00196,20,2025-09-23,152.51,152.51,2025-09-23,0,paid_on_time
P002052,L00211,18,2025-09-23,175.17,175.17,2025-09-22,0,paid_on_time
P002053,L00219,17,2025-09-23,2801.45,2801.45,2025-09-20,0,paid_on_time
P002054,L00249,13,2025-09-23,648.22,648.22,2025-10-15,22,paid_late
P002055,L00265,11,2025-09-23,883.61,883.61,2025-09-23,0,paid_on_time
P002056,L00292,8,2025-09-23,791.09,791.09,2025-09-21,0,paid_on_time
P002057,L00334,5,2025-09-23,325.36,325.36,2025-09-20,0,paid_on_time
P002058,L00354,4,2025-09-23,807.03,807.03,2025-09-21,0,paid_on_time
P002059,L00355,4,2025-09-23,915.73,915.73,2025-09-21,0,paid_on_time
P002060,L00372,3,2025-09-23,187.18,187.18,2025-10-25,32,paid_late
P002061,L00388,2,2025-09-23,392.01,392.01,2025-09-22,0,paid_on_time
P002062,L00072,44,2025-09-24,1714.68,1714.68,2025-09-21,0,paid_on_time
P002063,L00143,28,2025-09-24,369.61,369.61,2025-10-19,25,paid_late
P002064,L00171,24,2025-09-24,378.47,378.47,2025-09-23,0,paid_on_time
P002065,L00172,24,2025-09-24,246.44,246.44,2025-09-23,0,paid_on_time
P002066,L00197,20,2025-09-24,4082.86,4082.86,2025-09-22,0,paid_on_time
P002067,L00243,14,2025-09-24,4829.64,4829.64,2025-09-21,0,paid_on_time
P002068,L00293,8,2025-09-24,715.78,715.78,2025-09-21,0,paid_on_time
P002069,L00318,6,2025-09-24,785.27,785.27,2025-09-21,0,paid_on_time
P002070,L00356,4,2025-09-24,151.33,151.33,2025-10-07,13,paid_late
P002071,L00373,3,2025-09-24,507.47,507.47,2025-09-24,0,paid_on_time
P002072,L00039,65,2025-09-25,2154.36,2154.36,2025-09-24,0,paid_on_time
P002073,L00085,40,2025-09-25,615.22,615.22,2025-09-22,0,paid_on_time
P002074,L00094,37,2025-09-25,798.81,798.81,2025-09-24,0,paid_on_time
P002075,L00144,28,2025-09-25,1999.88,1999.88,2025-09-23,0,paid_on_time
P002076,L00190,21,2025-09-25,668.94,668.94,2025-09-23,0,paid_on_time
P002077,L00235,15,2025-09-25,180.38,180.38,2025-09-22,0,paid_on_time
P002078,L00236,15,2025-09-25,379.28,379.28,2025-09-25,0,paid_on_time
P002079,L00237,15,2025-09-25,1577.72,1577.72,2025-10-13,18,paid_late
P002080,L00244,14,2025-09-25,797.65,797.65,2025-11-13,49,paid_late
P002081,L00335,5,2025-09-25,292.08,292.08,2025-09-22,0,paid_on_time
P002082,L00404,1,2025-09-25,800.98,800.98,2025-09-24,0,paid_on_time
P002083,L00405,1,2025-09-25,325.9,325.9,2025-09-24,0,paid_on_time
P002084,L00406,1,2025-09-25,516.67,516.67,2025-09-25,0,paid_on_time
P002085,L00030,86,2025-09-26,1332.55,1332.55,2025-10-04,8,paid_late
P002086,L00037,70,2025-09-26,684.3,684.3,2025-09-24,0,paid_on_time
P002087,L00073,44,2025-09-26,313.76,313.76,2025-09-23,0,paid_on_time
P002088,L00087,39,2025-09-26,485.7,485.7,2025-09-30,4,paid_late
P002089,L00137,29,2025-09-26,328.82,328.82,2025-09-24,0,paid_on_time
P002090,L00145,28,2025-09-26,783.93,783.93,2025-09-23,0,paid_on_time
P002091,L00178,23,2025-09-26,1322.66,1322.66,2025-09-23,0,paid_on_time
P002092,L00198,20,2025-09-26,353.93,353.93,2025-09-24,0,paid_on_time
P002093,L00266,11,2025-09-26,196.46,196.46,2025-09-24,0,paid_on_time
P002094,L00306,7,2025-09-26,386.96,386.96,2025-09-24,0,paid_on_time
P002095,L00374,3,2025-09-26,759.66,759.66,2025-09-23,0,paid_on_time
P002096,L00389,2,2025-09-26,547.48,547.48,2025-09-25,0,paid_on_time
P002097,L00007,140,2025-09-27,1181.6,1181.6,2025-09-26,0,paid_on_time
P002098,L00009,138,2025-09-27,1014.74,1014.74,2025-09-24,0,paid_on_time
P002099,L00074,44,2025-09-27,1814.09,1814.09,2025-09-27,0,paid_on_time
P002100,L00357,4,2025-09-27,705.03,705.03,2025-09-24,0,paid_on_time
P002101,L00022,98,2025-09-28,1038.84,1038.84,2025-09-27,0,paid_on_time
P002102,L00057,49,2025-09-28,603.0,603.0,2025-09-27,0,paid_on_time
P002103,L00065,45,2025-09-28,1911.1,1911.1,2025-09-26,0,paid_on_time
P002104,L00079,42,2025-09-28,553.36,553.36,2025-10-20,22,paid_late
P002105,L00081,41,2025-09-28,487.74,487.74,2025-09-25,0,paid_on_time
P002106,L00086,40,2025-09-28,542.24,542.24,2025-09-28,0,paid_on_time
P002107,L00114,32,2025-09-28,1545.46,1545.46,2025-09-25,0,paid_on_time
P002108,L00115,32,2025-09-28,581.64,581.64,2025-10-12,14,paid_late
P002109,L00116,32,2025-09-28,4765.2,4765.2,2025-09-26,0,paid_on_time
P002110,L00117,32,2025-09-28,1642.14,1642.14,2025-09-28,0,paid_on_time
P002111,L00138,29,2025-09-28,475.85,475.85,2025-09-27,0,paid_on_time
P002112,L00156,27,2025-09-28,856.46,856.46,2025-09-28,0,paid_on_time
P002113,L00173,24,2025-09-28,746.3,746.3,2025-09-26,0,paid_on_time
P002114,L00179,23,2025-09-28,492.89,492.89,2025-09-25,0,paid_on_time
P002115,L00191,21,2025-09-28,936.13,936.13,2025-09-27,0,paid_on_time
P002116,L00199,20,2025-09-28,613.67,613.67,2025-09-27,0,paid_on_time
P002117,L00200,20,2025-09-28,253.76,253.76,2025-09-27,0,paid_on_time
P002118,L00207,19,2025-09-28,252.74,252.74,2025-09-27,0,paid_on_time
P002119,L00213,18,2025-09-28,767.71,767.71,2025-11-01,34,paid_late
P002120,L00220,17,2025-09-28,596.29,596.29,2025-09-25,0,paid_on_time
P002121,L00238,15,2025-09-28,893.78,893.78,2025-09-28,0,paid_on_time
P002122,L00245,14,2025-09-28,2175.35,2175.35,2025-09-25,0,paid_on_time
P002123,L00246,14,2025-09-28,1166.75,1166.75,2025-09-28,0,paid_on_time
P002124,L00250,13,2025-09-28,169.37,169.37,2025-09-25,0,paid_on_time
P002125,L00272,10,2025-09-28,197.04,197.04,2025-09-27,0,paid_on_time
P002126,L00280,9,2025-09-28,2010.72,2010.72,2025-09-28,0,paid_on_time
P002127,L00281,9,2025-09-28,2776.0,2776.0,2025-09-28,0,paid_on_time
P002128,L00294,8,2025-09-28,2580.19,2580.19,2025-09-27,0,paid_on_time
P002129,L00295,8,2025-09-28,2738.06,2738.06,2025-09-25,0,paid_on_time
P002130,L00319,6,2025-09-28,1044.26,1044.26,2025-09-27,0,paid_on_time
P002131,L00336,5,2025-09-28,761.18,761.18,2025-09-27,0,paid_on_time
P002132,L00358,4,2025-09-28,1505.57,1505.57,2025-09-26,0,paid_on_time
P002133,L00359,4,2025-09-28,399.48,399.48,2025-09-26,0,paid_on_time
P002134,L00360,4,2025-09-28,365.61,365.61,2025-09-27,0,paid_on_time
P002135,L00375,3,2025-09-28,93.58,93.58,2025-09-28,0,paid_on_time
P002136,L00390,2,2025-09-28,393.57,393.57,2025-09-25,0,paid_on_time
P002137,L00407,1,2025-09-28,470.34,470.34,2025-09-25,0,paid_on_time
P002138,L00408,1,2025-09-28,954.6,954.6,2025-09-25,0,paid_on_time
P002139,L00409,1,2025-09-28,3818.88,3818.88,2025-09-28,0,paid_on_time
P002140,L00410,1,2025-09-28,336.89,336.89,2025-09-28,0,paid_on_time
P002141,L00066,45,2025-10-01,856.43,856.43,2025-09-30,0,paid_on_time
P002142,L00067,45,2025-10-01,5150.69,5150.69,2025-09-28,0,paid_on_time
P002143,L00099,35,2025-10-01,1471.68,1471.68,2025-09-29,0,paid_on_time
P002144,L00100,35,2025-10-01,1187.24,1187.24,2025-09-28,0,paid_on_time
P002145,L00109,33,2025-10-01,2101.11,2101.11,2025-09-28,0,paid_on_time
P002146,L00157,27,2025-10-01,328.41,328.41,2025-10-01,0,paid_on_time
P002147,L00268,11,2025-10-01,3738.67,3738.67,2025-09-29,0,paid_on_time
P002148,L00337,5,2025-10-01,382.73,382.73,2025-09-29,0,paid_on_time
P002149,L00361,4,2025-10-01,421.04,421.04,2025-09-30,0,paid_on_time
P002150,L00362,4,2025-10-01,129.75,129.75,2025-09-30,0,paid_on_time
P002151,L00376,3,2025-10-01,371.84,371.84,2025-09-30,0,paid_on_time
P002152,L00411,1,2025-10-01,725.51,725.51,2025-09-30,0,paid_on_time
P002153,L00412,1,2025-10-01,494.69,494.69,2025-10-01,0,paid_on_time
P002154,L00011,134,2025-10-02,3685.16,3685.16,2025-09-29,0,paid_on_time
P002155,L00025,93,2025-10-02,873.16,873.16,2025-09-30,0,paid_on_time
P002156,L00048,55,2025-10-02,3101.68,3101.68,2025-09-30,0,paid_on_time
P002157,L00124,31,2025-10-02,1451.35,1451.35,2025-10-01,0,paid_on_time
P002158,L00133,30,2025-10-02,4939.5,4939.5,2025-10-02,0,paid_on_time
P002159,L00174,24,2025-10-02,588.33,588.33,2025-10-02,0,paid_on_time
P002160,L00221,17,2025-10-02,90.7,90.7,2025-09-29,0,paid_on_time
P002161,L00251,13,2025-10-02,360.6,360.6,2025-09-29,0,paid_on_time
P002162,L00258,12,2025-10-02,2005.5,2005.5,2025-10-01,0,paid_on_time
P002163,L00273,10,2025-10-02,696.31,696.31,2025-10-01,0,paid_on_time
P002164,L00307,7,2025-10-02,641.01,641.01,2025-09-29,0,paid_on_time
P002165,L00321,6,2025-10-02,155.78,155.78,2025-10-02,0,paid_on_time
P002166,L00322,6,2025-10-02,482.32,482.32,2025-10-01,0,paid_on_time
P002167,L00338,5,2025-10-02,544.77,544.77,2025-10-01,0,paid_on_time
P002168,L00413,1,2025-10-02,590.44,590.44,2025-09-30,0,paid_on_time
P002169,L00021,103,2025-10-03,1229.88,1229.88,2025-10-02,0,paid_on_time
P002170,L00075,44,2025-10-03,921.85,921.85,2025-10-03,0,paid_on_time
P002171,L00101,35,2025-10-03,420.86,420.86,2025-10-02,0,paid_on_time
P002172,L00105,34,2025-10-03,3823.79,3823.79,2025-10-02,0,paid_on_time
P002173,L00125,31,2025-10-03,965.75,965.75,2025-09-30,0,paid_on_time
P002174,L00141,29,2025-10-03,913.41,913.41,2025-10-03,0,paid_on_time
P002175,L00180,23,2025-10-03,1447.87,1447.87,2025-10-01,0,paid_on_time
P002176,L00230,16,2025-10-03,268.46,268.46,2025-10-02,0,paid_on_time
P002177,L00269,11,2025-10-03,334.66,334.66,2025-10-03,0,paid_on_time
P002178,L00296,8,2025-10-03,1097.72,1097.72,2025-10-04,1,paid_late
P002179,L00308,7,2025-10-03,98.58,98.58,2025-10-02,0,paid_on_time
P002180,L00339,5,2025-10-03,589.31,589.31,2025-10-01,0,paid_on_time
P002181,L00363,4,2025-10-03,139.31,139.31,2025-10-01,0,paid_on_time
P002182,L00364,4,2025-10-03,584.93,584.93,2025-10-01,0,paid_on_time
P002183,L00414,1,2025-10-03,410.2,410.2,2025-10-02,0,paid_on_time
P002184,L00003,146,2025-10-04,1484.61,1484.61,2025-10-02,0,paid_on_time
P002185,L00058,48,2025-10-04,828.64,828.64,2025-10-02,0,paid_on_time
P002186,L00239,15,2025-10-04,1684.67,1684.67,2025-10-01,0,paid_on_time
P002187,L00259,12,2025-10-04,182.52,182.52,2025-10-04,0,paid_on_time
P002188,L00365,4,2025-10-04,921.91,921.91,2025-11-27,54,paid_late
P002189,L00377,3,2025-10-04,314.71,0.0,,92,unpaid
P002190,L00415,1,2025-10-04,207.66,207.66,2025-10-04,0,paid_on_time
P002191,L00416,1,2025-10-04,1103.13,1103.13,2025-10-01,0,paid_on_time
P002192,L00417,1,2025-10-04,381.76,381.76,2025-10-01,0,paid_on_time
P002193,L00051,53,2025-10-05,1900.45,1900.45,2025-10-03,0,paid_on_time
P002194,L00068,45,2025-10-05,527.5,527.5,2025-10-08,3,paid_late
P002195,L00069,45,2025-10-05,1481.4,1481.4,2025-10-04,0,paid_on_time
P002196,L00092,38,2025-10-05,1072.0,1072.0,2025-10-03,0,paid_on_time
P002197,L00110,33,2025-10-05,672.22,672.22,2025-10-02,0,paid_on_time
P002198,L00201,20,2025-10-05,286.02,286.02,2025-10-02,0,paid_on_time
P002199,L00214,18,2025-10-05,381.85,381.85,2025-10-02,0,paid_on_time
P002200,L00222,17,2025-10-05,671.48,671.48,2025-10-02,0,paid_on_time
P002201,L00247,14,2025-10-05,69.37,69.37,2025-10-03,0,paid_on_time
P002202,L00252,13,2025-10-05,2944.96,2944.96,2025-10-04,0,paid_on_time
P002203,L00253,13,2025-10-05,250.97,250.97,2025-10-16,11,paid_late
P002204,L00260,12,2025-10-05,494.43,494.43,2025-11-09,35,paid_late
P002205,L00274,10,2025-10-05,403.99,403.99,2025-10-05,0,paid_on_time
P002206,L00297,8,2025-10-05,660.93,660.93,2025-10-04,0,paid_on_time
P002207,L00340,5,2025-10-05,387.29,387.29,2025-10-04,0,paid_on_time
P002208,L00004,145,2025-10-06,4466.2,4466.2,2025-10-03,0,paid_on_time
P002209,L00019,110,2025-10-06,2187.33,2187.33,2025-10-04,0,paid_on_time
P002210,L00053,51,2025-10-06,1030.03,1030.03,2025-10-06,0,paid_on_time
P002211,L00059,48,2025-10-06,626.49,626.49,2025-10-03,0,paid_on_time
P002212,L00093,38,2025-10-06,730.14,730.14,2025-10-03,0,paid_on_time
P002213,L00106,34,2025-10-06,2856.91,2856.91,2025-10-03,0,paid_on_time
P002214,L00147,28,2025-10-06,348.05,348.05,2025-10-06,0,paid_on_time
P002215,L00192,21,2025-10-06,894.21,894.21,2025-10-04,0,paid_on_time
P002216,L00202,20,2025-10-06,4839.58,4839.58,2025-10-04,0,paid_on_time
P002217,L00215,18,2025-10-06,756.59,756.59,2025-10-03,0,paid_on_time
P002218,L00223,17,2025-10-06,274.54,274.54,2025-10-05,0,paid_on_time
P002219,L00231,16,2025-10-06,728.02,728.02,2025-10-03,0,paid_on_time
P002220,L00240,15,2025-10-06,1520.54,1520.54,2025-10-06,0,paid_on_time
P002221,L00298,8,2025-10-06,1387.32,1387.32,2025-10-03,0,paid_on_time
P002222,L00341,5,2025-10-06,393.32,393.32,2025-10-04,0,paid_on_time
P002223,L00418,1,2025-10-06,903.29,903.29,2025-10-06,0,paid_on_time
P002224,L00419,1,2025-10-06,713.24,713.24,2025-10-05,0,paid_on_time
P002225,L00027,91,2025-10-07,1544.11,1544.11,2025-10-04,0,paid_on_time
P002226,L00034,78,2025-10-07,1413.29,1413.29,2025-10-04,0,paid_on_time
P002227,L00045,59,2025-10-07,590.41,590.41,2025-10-07,0,paid_on_time
P002228,L00061,47,2025-10-07,1314.35,1314.35,2025-10-07,0,paid_on_time
P002229,L00102,35,2025-10-07,610.13,610.13,2025-10-07,0,paid_on_time
P002230,L00107,34,2025-10-07,4136.88,4136.88,2025-10-04,0,paid_on_time
P002231,L00142,29,2025-10-07,122.37,122.37,2025-10-06,0,paid_on_time
P002232,L00148,28,2025-10-07,1896.41,1896.41,2025-10-07,0,paid_on_time
P002233,L00208,19,2025-10-07,1156.32,1156.32,2025-10-07,0,paid_on_time
P002234,L00224,17,2025-10-07,223.06,223.06,2025-10-06,0,paid_on_time
P002235,L00275,10,2025-10-07,495.73,495.73,2025-10-05,0,paid_on_time
P002236,L00282,9,2025-10-07,255.88,255.88,2025-10-06,0,paid_on_time
P002237,L00342,5,2025-10-07,696.53,696.53,2025-10-06,0,paid_on_time
P002238,L00024,94,2025-10-08,1195.78,1195.78,2025-10-07,0,paid_on_time
P002239,L00046,59,2025-10-08,2692.31,2692.31,2025-10-06,0,paid_on_time
P002240,L00050,54,2025-10-08,5006.45,5006.45,2025-10-05,0,paid_on_time
P002241,L00149,28,2025-10-08,180.6,180.6,2025-10-07,0,paid_on_time
P002242,L00232,16,2025-10-08,588.41,588.41,2025-10-07,0,paid_on_time
P002243,L00309,7,2025-10-08,455.35,455.35,2025-10-05,0,paid_on_time
P002244,L00310,7,2025-10-08,684.21,684.21,2025-10-07,0,paid_on_time
P002245,L00323,6,2025-10-08,133.22,133.22,2025-10-07,0,paid_on_time
P002246,L00324,6,2025-10-08,464.16,464.16,2025-10-08,0,paid_on_time
P002247,L00343,5,2025-10-08,730.44,730.44,2025-10-05,0,paid_on_time
P002248,L00005,145,2025-10-09,3714.26,3714.26,2025-10-08,0,paid_on_time
P002249,L00031,86,2025-10-09,1166.25,1166.25,2025-10-30,21,paid_late
P002250,L00047,59,2025-10-09,1631.14,1631.14,2025-10-09,0,paid_on_time
P002251,L00052,52,2025-10-09,458.96,458.96,2025-10-07,0,paid_on_time
P002252,L00056,50,2025-10-09,1887.49,1887.49,2025-10-06,0,paid_on_time
P002253,L00164,26,2025-10-09,463.93,463.93,2025-10-07,0,paid_on_time
P002254,L00165,26,2025-10-09,900.5,900.5,2025-10-07,0,paid_on_time
P002255,L00167,25,2025-10-09,494.06,494.06,2025-10-07,0,paid_on_time
P002256,L00209,19,2025-10-09,895.87,895.87,2025-10-09,0,paid_on_time
P002257,L00225,17,2025-10-09,443.16,443.16,2025-10-09,0,paid_on_time
P002258,L00366,4,2025-10-09,1391.7,1391.7,2025-10-09,0,paid_on_time
P002259,L00367,4,2025-10-09,781.07,781.07,2025-10-07,0,paid_on_time
P002260,L00378,3,2025-10-09,255.87,255.87,2025-10-07,0,paid_on_time
P002261,L00379,3,2025-10-09,275.23,275.23,2025-10-08,0,paid_on_time
P002262,L00380,3,2025-10-09,190.74,190.74,2025-10-09,0,paid_on_time
P002263,L00391,2,2025-10-09,678.65,678.65,2025-10-06,0,paid_on_time
P002264,L00010,137,2025-10-10,451.75,451.75,2025-10-10,0,paid_on_time
P002265,L00040,64,2025-10-10,1154.04,1154.04,2025-10-09,0,paid_on_time
P002266,L00060,48,2025-10-10,242.9,242.9,2025-10-18,8,paid_late
P002267,L00082,41,2025-10-10,1374.6,1374.6,2025-10-10,0,paid_on_time
P002268,L00088,39,2025-10-10,604.18,604.18,2025-10-10,0,paid_on_time
P002269,L00134,30,2025-10-10,132.34,132.34,2025-10-09,0,paid_on_time
P002270,L00168,25,2025-10-10,425.1,425.1,2025-11-17,38,paid_late
P002271,L00182,23,2025-10-10,170.77,170.77,2025-10-09,0,paid_on_time
P002272,L00183,23,2025-10-10,1116.86,1116.86,2025-10-10,0,paid_on_time
P002273,L00241,15,2025-10-10,417.0,417.0,2025-10-08,0,paid_on_time
P002274,L00299,8,2025-10-10,374.07,374.07,2025-10-09,0,paid_on_time
P002275,L00300,8,2025-10-10,3088.53,3088.53,2025-10-08,0,paid_on_time
P002276,L00325,6,2025-10-10,533.26,533.26,2025-10-07,0,paid_on_time
P002277,L00326,6,2025-10-10,339.05,339.05,2025-10-07,0,paid_on_time
P002278,L00344,5,2025-10-10,532.44,532.44,2025-10-10,0,paid_on_time
P002279,L00345,5,2025-10-10,302.08,302.08,2025-10-07,0,paid_on_time
P002280,L00368,4,2025-10-10,584.55,584.55,2025-10-08,0,paid_on_time
P002281,L00392,2,2025-10-10,765.21,765.21,2025-10-10,0,paid_on_time
P002282,L00023,98,2025-10-11,1669.64,1669.64,2025-10-09,0,paid_on_time
P002283,L00076,44,2025-10-11,750.21,750.21,2025-10-10,0,paid_on_time
P002284,L00103,35,2025-10-11,477.21,477.21,2025-10-11,0,paid_on_time
P002285,L00111,33,2025-10-11,327.8,327.8,2025-10-26,15,paid_late
P002286,L00119,32,2025-10-11,704.37,704.37,2025-10-11,0,paid_on_time
P002287,L00126,31,2025-10-11,1005.72,1005.72,2025-10-11,0,paid_on_time
P002288,L00127,31,2025-10-11,352.26,352.26,2025-10-11,0,paid_on_time
P002289,L00158,27,2025-10-11,244.75,244.75,2025-10-11,0,paid_on_time
P002290,L00185,22,2025-10-11,1831.67,1831.67,2025-10-09,0,paid_on_time
P002291,L00254,13,2025-10-11,5962.35,5962.35,2025-10-09,0,paid_on_time
P002292,L00255,13,2025-10-11,391.11,391.11,2025-10-09,0,paid_on_time
P002293,L00256,13,2025-10-11,2046.78,0.0,,92,unpaid
P002294,L00382,3,2025-10-11,806.73,806.73,2025-10-11,0,paid_on_time
P002295,L00420,1,2025-10-11,1635.03,1635.03,2025-10-08,0,paid_on_time
P002296,L00054,51,2025-10-12,1005.95,1005.95,2025-10-11,0,paid_on_time
P002297,L00062,47,2025-10-12,998.23,998.23,2025-10-09,0,paid_on_time
P002298,L00070,45,2025-10-12,436.33,436.33,2025-10-10,0,paid_on_time
P002299,L00108,34,2025-10-12,297.58,297.58,2025-10-11,0,paid_on_time
P002300,L00112,33,2025-10-12,389.58,389.58,2025-10-09,0,paid_on_time
P002301,L00175,24,2025-10-12,713.91,713.91,2025-10-12,0,paid_on_time
P002302,L00186,22,2025-10-12,461.26,461.26,2025-10-10,0,paid_on_time
P002303,L00276,10,2025-10-12,443.67,443.67,2025-10-11,0,paid_on_time
P002304,L00301,8,2025-10-12,652.3,652.3,2025-10-09,0,paid_on_time
P002305,L00311,7,2025-10-12,4060.3,4060.3,2025-10-11,0,paid_on_time
P002306,L00369,4,2025-10-12,374.81,374.81,2025-10-12,0,paid_on_time
P002307,L00393,2,2025-10-12,4337.53,4337.53,2025-10-11,0,paid_on_time
P002308,L00015,116,2025-10-13,2722.75,2722.75,2025-10-13,0,paid_on_time
P002309,L00038,68,2025-10-13,1052.17,1052.17,2025-10-10,0,paid_on_time
P002310,L00064,46,2025-10-13,728.42,728.42,2025-10-10,0,paid_on_time
P002311,L00077,44,2025-10-13,1213.63,1213.63,2025-10-11,0,paid_on_time
P002312,L00128,31,2025-10-13,731.01,731.01,2025-10-13,0,paid_on_time
P002313,L00176,24,2025-10-13,1207.63,1207.63,2025-10-10,0,paid_on_time
P002314,L00187,22,2025-10-13,794.79,794.79,2025-10-12,0,paid_on_time
P002315,L00193,21,2025-10-13,889.34,889.34,2025-10-13,0,paid_on_time
P002316,L00203,20,2025-10-13,312.96,312.96,2025-10-13,0,paid_on_time
P002317,L00233,16,2025-10-13,3312.12,3312.12,2025-10-12,0,paid_on_time
P002318,L00261,12,2025-10-13,135.87,135.87,2025-12-05,53,paid_late
P002319,L00283,9,2025-10-13,576.26,576.26,2025-10-11,0,paid_on_time
P002320,L00312,7,2025-10-13,570.92,570.92,2025-10-10,0,paid_on_time
P002321,L00383,3,2025-10-13,243.05,243.05,2025-10-12,0,paid_on_time
P002322,L00018,111,2025-10-14,5555.18,5555.18,2025-10-13,0,paid_on_time
P002323,L00063,47,2025-10-14,1407.73,1407.73,2025-10-13,0,paid_on_time
P002324,L00095,37,2025-10-14,493.83,493.83,2025-10-29,15,paid_late
P002325,L00150,28,2025-10-14,693.8,693.8,2025-10-12,0,paid_on_time
P002326,L00194,21,2025-10-14,708.28,708.28,2025-10-11,0,paid_on_time
P002327,L00195,21,2025-10-14,506.14,506.14,2025-10-12,0,paid_on_time
P002328,L00204,20,2025-10-14,941.27,941.27,2025-10-12,0,paid_on_time
P002329,L00271,11,2025-10-14,485.42,485.42,2025-10-14,0,paid_on_time
P002330,L00284,9,2025-10-14,307.56,307.56,2025-10-11,0,paid_on_time
P002331,L00327,6,2025-10-14,205.7,205.7,2025-10-13,0,paid_on_time
P002332,L00328,6,2025-10-14,614.18,614.18,2025-10-14,0,paid_on_time
P002333,L00370,4,2025-10-14,447.8,447.8,2025-10-14,0,paid_on_time
P002334,L00394,2,2025-10-14,393.33,393.33,2025-10-14,0,paid_on_time
P002335,L00043,60,2025-10-15,1040.6,1040.6,2025-10-15,0,paid_on_time
P002336,L00104,35,2025-10-15,442.08,442.08,2025-10-13,0,paid_on_time
P002337,L00120,32,2025-10-15,262.87,262.87,2025-10-14,0,paid_on_time
P002338,L00205,20,2025-10-15,418.6,418.6,2025-10-15,0,paid_on_time
P002339,L00216,18,2025-10-15,962.26,962.26,2025-10-14,0,paid_on_time
P002340,L00226,17,2025-10-15,904.35,904.35,2025-10-15,0,paid_on_time
P002341,L00277,10,2025-10-15,689.78,689.78,2025-10-13,0,paid_on_time
P002342,L00285,9,2025-10-15,4637.41,4637.41,2025-10-14,0,paid_on_time
P002343,L00330,6,2025-10-15,562.56,562.56,2025-10-12,0,paid_on_time
P002344,L00346,5,2025-10-15,1507.66,0.0,,61,unpaid
P002345,L00017,112,2025-10-16,1399.27,1399.27,2025-10-14,0,paid_on_time
P002346,L00033,80,2025-10-16,488.18,488.18,2025-10-22,6,paid_late
P002347,L00035,77,2025-10-16,2474.76,2474.76,2025-10-14,0,paid_on_time
P002348,L00121,32,2025-10-16,1741.4,1741.4,2025-10-14,0,paid_on_time
P002349,L00151,28,2025-10-16,230.11,230.11,2025-10-15,0,paid_on_time
P002350,L00210,19,2025-10-16,1078.93,1078.93,2025-10-14,0,paid_on_time
P002351,L00227,17,2025-10-16,545.86,545.86,2025-10-14,0,paid_on_time
P002352,L00234,16,2025-10-16,659.89,659.89,2025-10-15,0,paid_on_time
P002353,L00248,14,2025-10-16,2095.25,2095.25,2025-10-13,0,paid_on_time
P002354,L00286,9,2025-10-16,629.76,629.76,2025-10-13,0,paid_on_time
P002355,L00287,9,2025-10-16,361.67,361.67,2025-10-16,0,paid_on_time
P002356,L00314,7,2025-10-16,133.26,133.26,2025-10-15,0,paid_on_time
P002357,L00347,5,2025-10-16,622.05,622.05,2025-10-13,0,paid_on_time
P002358,L00384,3,2025-10-16,673.49,673.49,2025-10-29,13,paid_late
P002359,L00395,2,2025-10-16,345.71,345.71,2025-10-14,0,paid_on_time
P002360,L00421,1,2025-10-16,244.98,244.98,2025-10-14,0,paid_on_time
P002361,L00006,143,2025-10-17,1297.93,1297.93,2025-10-16,0,paid_on_time
P002362,L00042,62,2025-10-17,702.79,702.79,2025-10-17,0,paid_on_time
P002363,L00044,60,2025-10-17,999.08,999.08,2025-10-14,0,paid_on_time
P002364,L00055,51,2025-10-17,495.46,495.46,2025-10-16,0,paid_on_time
P002365,L00096,37,2025-10-17,3809.24,3809.24,2025-10-16,0,paid_on_time
P002366,L00122,32,2025-10-17,396.75,396.75,2025-10-15,0,paid_on_time
P002367,L00129,31,2025-10-17,5383.46,5383.46,2025-10-16,0,paid_on_time
P002368,L00135,30,2025-10-17,1392.09,1392.09,2025-10-17,0,paid_on_time
P002369,L00184,23,2025-10-17,729.3,729.3,2025-10-17,0,paid_on_time
P002370,L00228,17,2025-10-17,151.67,151.67,2025-10-15,0,paid_on_time
P002371,L00257,13,2025-10-17,328.84,328.84,2025-10-16,0,paid_on_time
P002372,L00288,9,2025-10-17,160.56,160.56,2025-10-14,0,paid_on_time
P002373,L00289,9,2025-10-17,327.34,327.34,2025-10-15,0,paid_on_time
P002374,L00315,7,2025-10-17,1369.79,1369.79,2025-10-14,0,paid_on_time
P002375,L00331,6,2025-10-17,186.73,186.73,2025-10-15,0,paid_on_time
P002376,L00385,3,2025-10-17,329.97,329.97,2025-10-16,0,paid_on_time
P002377,L00396,2,2025-10-17,534.54,534.54,2025-10-14,0,paid_on_time
P002378,L00397,2,2025-10-17,419.44,419.44,2025-10-15,0,paid_on_time
P002379,L00016,114,2025-10-18,2087.02,2087.02,2025-10-17,0,paid_on_time
P002380,L00026,93,2025-10-18,1366.27,1366.27,2025-10-18,0,paid_on_time
P002381,L00089,39,2025-10-18,1358.89,1358.89,2025-10-16,0,paid_on_time
P002382,L00169,25,2025-10-18,406.69,406.69,2025-10-15,0,paid_on_time
P002383,L00206,20,2025-10-18,1805.79,1805.79,2025-10-18,0,paid_on_time
P002384,L00217,18,2025-10-18,230.93,230.93,2025-10-16,0,paid_on_time
P002385,L00262,12,2025-10-18,244.62,244.62,2025-10-20,2,paid_late
P002386,L00290,9,2025-10-18,729.21,729.21,2025-10-24,6,paid_late
P002387,L00302,8,2025-10-18,528.31,528.31,2025-10-16,0,paid_on_time
P002388,L00316,7,2025-10-18,488.8,488.8,2025-10-16,0,paid_on_time
P002389,L00332,6,2025-10-18,1160.99,1160.99,2025-10-17,0,paid_on_time
P002390,L00349,5,2025-10-18,732.05,732.05,2025-10-18,0,paid_on_time
P002391,L00371,4,2025-10-18,668.17,668.17,2025-10-17,0,paid_on_time
P002392,L00398,2,2025-10-18,914.52,914.52,2025-10-18,0,paid_on_time
P002393,L00422,1,2025-10-18,620.56,620.56,2025-10-16,0,paid_on_time
P002394,L00001,152,2025-10-19,872.89,872.89,2025-10-17,0,paid_on_time
P002395,L00013,122,2025-10-19,947.9,947.9,2025-10-17,0,paid_on_time
P002396,L00014,120,2025-10-19,3544.09,3544.09,2025-10-16,0,paid_on_time
P002397,L00020,106,2025-10-19,599.02,599.02,2025-10-19,0,paid_on_time
P002398,L00028,90,2025-10-19,859.63,859.63,2025-10-16,0,paid_on_time
P002399,L00083,41,2025-10-19,170.36,170.36,2025-10-18,0,paid_on_time
P002400,L00090,39,2025-10-19,940.56,940.56,2025-10-17,0,paid_on_time
P002401,L00091,39,2025-10-19,333.65,333.65,2025-10-18,0,paid_on_time
P002402,L00130,31,2025-10-19,891.36,891.36,2025-10-18,0,paid_on_time
P002403,L00152,28,2025-10-19,189.02,189.02,2025-10-18,0,paid_on_time
P002404,L00177,24,2025-10-19,661.52,661.52,2025-10-18,0,paid_on_time
P002405,L00350,5,2025-10-19,913.36,913.36,2025-10-17,0,paid_on_time
P002406,L00399,2,2025-10-19,319.53,319.53,2025-11-13,25,paid_late
P002407,L00032,82,2025-10-20,1649.77,1649.77,2025-10-19,0,paid_on_time
P002408,L00131,31,2025-10-20,1276.47,1276.47,2025-10-18,0,paid_on_time
P002409,L00154,28,2025-10-20,313.1,313.1,2025-10-18,0,paid_on_time
P002410,L00170,25,2025-10-20,1120.0,1120.0,2025-10-18,0,paid_on_time
P002411,L00291,9,2025-10-20,1254.39,1254.39,2025-10-27,7,paid_late
P002412,L00317,7,2025-10-20,690.9,690.9,2025-10-20,0,paid_on_time
P002413,L00333,6,2025-10-20,328.96,328.96,2025-10-17,0,paid_on_time
P002414,L00351,5,2025-10-20,281.71,281.71,2025-10-17,0,paid_on_time
P002415,L00386,3,2025-10-20,636.78,636.78,2025-10-19,0,paid_on_time
P002416,L00400,2,2025-10-20,1657.16,1657.16,2025-10-19,0,paid_on_time
P002417,L00423,1,2025-10-20,1390.3,1390.3,2025-10-19,0,paid_on_time
P002418,L00424,1,2025-10-20,372.69,372.69,2025-10-17,0,paid_on_time
P002419,L00078,43,2025-10-21,434.96,434.96,2025-10-19,0,paid_on_time
P002420,L00084,41,2025-10-21,352.49,352.49,2025-10-21,0,paid_on_time
P002421,L00097,37,2025-10-21,1660.09,1660.09,2025-10-19,0,paid_on_time
P002422,L00159,27,2025-10-21,813.68,813.68,2026-01-03,74,paid_late
P002423,L00160,27,2025-10-21,3164.49,3164.49,2025-10-20,0,paid_on_time
P002424,L00188,22,2025-10-21,1216.68,1216.68,2025-10-18,0,paid_on_time
P002425,L00218,18,2025-10-21,3945.26,3945.26,2025-10-19,0,paid_on_time
P002426,L00242,15,2025-10-21,450.32,450.32,2025-10-25,4,paid_late
P002427,L00263,12,2025-10-21,846.87,846.87,2025-10-18,0,paid_on_time
P002428,L00278,10,2025-10-21,506.63,0.0,,61,unpaid
P002429,L00303,8,2025-10-21,3623.36,3623.36,2025-10-19,0,paid_on_time
P002430,L00352,5,2025-10-21,1279.4,1279.4,2025-10-21,0,paid_on_time
P002431,L00387,3,2025-10-21,476.49,476.49,2025-10-21,0,paid_on_time
P002432,L00401,2,2025-10-21,195.99,195.99,2025-10-21,0,paid_on_time
P002433,L00425,1,2025-10-21,485.11,485.11,2025-10-18,0,paid_on_time
P002434,L00426,1,2025-10-21,768.32,768.32,2025-10-19,0,paid_on_time
P002435,L00008,140,2025-10-22,1043.51,1043.51,2025-10-20,0,paid_on_time
P002436,L00049,55,2025-10-22,3041.98,3041.98,2025-10-19,0,paid_on_time
P002437,L00098,37,2025-10-22,1385.41,1385.41,2025-10-21,0,paid_on_time
P002438,L00113,33,2025-10-22,677.07,677.07,2025-10-22,0,paid_on_time
P002439,L00132,31,2025-10-22,238.38,238.38,2025-10-19,0,paid_on_time
P002440,L00189,22,2025-10-22,142.38,142.38,2025-10-19,0,paid_on_time
P002441,L00229,17,2025-10-22,696.96,696.96,2025-10-19,0,paid_on_time
P002442,L00264,12,2025-10-22,299.57,299.57,2025-10-19,0,paid_on_time
P002443,L00279,10,2025-10-22,506.59,506.59,2025-10-20,0,paid_on_time
P002444,L00304,8,2025-10-22,191.99,191.99,2025-10-22,0,paid_on_time
P002445,L00353,5,2025-10-22,401.58,401.58,2025-10-20,0,paid_on_time
P002446,L00402,2,2025-10-22,847.17,847.17,2025-10-19,0,paid_on_time
P002447,L00403,2,2025-10-22,249.32,249.32,2025-10-20,0,paid_on_time
P002448,L00427,1,2025-10-22,638.1,0.0,,123,unpaid
P002449,L00012,130,2025-10-23,2313.25,2313.25,2025-10-21,0,paid_on_time
P002450,L00036,71,2025-10-23,5425.67,5425.67,2025-10-24,1,paid_late
P002451,L00041,63,2025-10-23,1241.28,1241.28,2025-11-29,37,paid_late
P002452,L00071,45,2025-10-23,561.59,561.59,2025-10-21,0,paid_on_time
P002453,L00080,42,2025-10-23,3899.39,3899.39,2025-10-20,0,paid_on_time
P002454,L00123,32,2025-10-23,509.28,509.28,2025-10-20,0,paid_on_time
P002455,L00161,27,2025-10-23,2812.43,2812.43,2025-10-23,0,paid_on_time
P002456,L00196,21,2025-10-23,152.51,152.51,2025-10-21,0,paid_on_time
P002457,L00211,19,2025-10-23,175.17,175.17,2025-10-21,0,paid_on_time
P002458,L00219,18,2025-10-23,2801.45,2801.45,2025-10-21,0,paid_on_time
P002459,L00249,14,2025-10-23,648.22,648.22,2025-10-21,0,paid_on_time
P002460,L00265,12,2025-10-23,883.61,883.61,2025-10-22,0,paid_on_time
P002461,L00292,9,2025-10-23,791.09,791.09,2025-10-20,0,paid_on_time
P002462,L00334,6,2025-10-23,325.36,325.36,2025-10-22,0,paid_on_time
P002463,L00354,5,2025-10-23,807.03,807.03,2025-10-21,0,paid_on_time
P002464,L00355,5,2025-10-23,915.73,915.73,2025-10-23,0,paid_on_time
P002465,L00372,4,2025-10-23,187.18,187.18,2025-10-25,2,paid_late
P002466,L00388,3,2025-10-23,392.01,392.01,2025-10-20,0,paid_on_time
P002467,L00428,1,2025-10-23,117.11,117.11,2025-10-20,0,paid_on_time
P002468,L00072,45,2025-10-24,1714.68,1714.68,2025-10-22,0,paid_on_time
P002469,L00143,29,2025-10-24,369.61,369.61,2025-10-22,0,paid_on_time
P002470,L00171,25,2025-10-24,378.47,378.47,2025-10-23,0,paid_on_time
P002471,L00172,25,2025-10-24,246.44,246.44,2025-10-21,0,paid_on_time
P002472,L00197,21,2025-10-24,4082.86,4082.86,2025-10-22,0,paid_on_time
P002473,L00243,15,2025-10-24,4829.64,4829.64,2025-10-23,0,paid_on_time
P002474,L00293,9,2025-10-24,715.78,715.78,2025-10-21,0,paid_on_time
P002475,L00318,7,2025-10-24,785.27,785.27,2025-10-21,0,paid_on_time
P002476,L00356,5,2025-10-24,151.33,151.33,2025-10-24,0,paid_on_time
P002477,L00373,4,2025-10-24,507.47,507.47,2025-10-22,0,paid_on_time
P002478,L00039,66,2025-10-25,2154.36,2154.36,2025-10-22,0,paid_on_time
P002479,L00085,41,2025-10-25,615.22,615.22,2025-10-24,0,paid_on_time
P002480,L00094,38,2025-10-25,798.81,798.81,2025-10-22,0,paid_on_time
P002481,L00144,29,2025-10-25,1999.88,1999.88,2025-10-25,0,paid_on_time
P002482,L00190,22,2025-10-25,668.94,668.94,2025-10-22,0,paid_on_time
P002483,L00235,16,2025-10-25,180.38,180.38,2025-10-25,0,paid_on_time
P002484,L00236,16,2025-10-25,379.28,379.28,2025-10-22,0,paid_on_time
P002485,L00237,16,2025-10-25,1577.72,1577.72,2025-10-24,0,paid_on_time
P002486,L00244,15,2025-10-25,797.65,797.65,2025-11-13,19,paid_late
P002487,L00335,6,2025-10-25,292.08,292.08,2025-10-24,0,paid_on_time
P002488,L00404,2,2025-10-25,800.98,800.98,2025-10-25,0,paid_on_time
P002489,L00405,2,2025-10-25,325.9,325.9,2025-10-25,0,paid_on_time
P002490,L00406,2,2025-10-25,516.67,516.67,2025-11-09,15,paid_late
P002491,L00030,87,2025-10-26,1332.55,1332.55,2025-10-23,0,paid_on_time
P002492,L00037,71,2025-10-26,684.3,684.3,2025-10-25,0,paid_on_time
P002493,L00073,45,2025-10-26,313.76,313.76,2025-11-01,6,paid_late
P002494,L00087,40,2025-10-26,485.7,485.7,2025-10-25,0,paid_on_time
P002495,L00137,30,2025-10-26,328.82,328.82,2025-10-25,0,paid_on_time
P002496,L00145,29,2025-10-26,783.93,783.93,2025-10-24,0,paid_on_time
P002497,L00178,24,2025-10-26,1322.66,1322.66,2025-10-25,0,paid_on_time
P002498,L00198,21,2025-10-26,353.93,353.93,2025-10-23,0,paid_on_time
P002499,L00266,12,2025-10-26,196.46,196.46,2025-10-25,0,paid_on_time
P002500,L00306,8,2025-10-26,386.96,386.96,2025-10-23,0,paid_on_time
P002501,L00374,4,2025-10-26,759.66,759.66,2025-10-25,0,paid_on_time
P002502,L00389,3,2025-10-26,547.48,547.48,2025-10-25,0,paid_on_time
P002503,L00429,1,2025-10-26,1035.18,1035.18,2025-10-24,0,paid_on_time
P002504,L00007,141,2025-10-27,1181.6,1181.6,2025-10-24,0,paid_on_time
P002505,L00009,139,2025-10-27,1014.74,1014.74,2025-10-26,0,paid_on_time
P002506,L00074,45,2025-10-27,1814.09,1814.09,2025-11-04,8,paid_late
P002507,L00357,5,2025-10-27,705.03,705.03,2026-02-06,102,paid_late
P002508,L00022,99,2025-10-28,1038.84,1038.84,2025-10-27,0,paid_on_time
P002509,L00057,50,2025-10-28,603.0,603.0,2025-10-26,0,paid_on_time
P002510,L00065,46,2025-10-28,1911.1,1911.1,2025-10-27,0,paid_on_time
P002511,L00079,43,2025-10-28,553.36,553.36,2025-10-27,0,paid_on_time
P002512,L00081,42,2025-10-28,487.74,487.74,2025-10-25,0,paid_on_time
P002513,L00086,41,2025-10-28,542.24,542.24,2025-10-26,0,paid_on_time
P002514,L00114,33,2025-10-28,1545.46,1545.46,2025-10-26,0,paid_on_time
P002515,L00115,33,2025-10-28,581.64,581.64,2025-10-26,0,paid_on_time
P002516,L00116,33,2025-10-28,4765.2,4765.2,2025-10-25,0,paid_on_time
P002517,L00117,33,2025-10-28,1642.14,1642.14,2025-10-26,0,paid_on_time
P002518,L00138,30,2025-10-28,475.85,475.85,2025-10-25,0,paid_on_time
P002519,L00156,28,2025-10-28,856.46,856.46,2025-10-27,0,paid_on_time
P002520,L00173,25,2025-10-28,746.3,746.3,2025-10-27,0,paid_on_time
P002521,L00179,24,2025-10-28,492.89,492.89,2025-10-27,0,paid_on_time
P002522,L00191,22,2025-10-28,936.13,936.13,2025-10-26,0,paid_on_time
P002523,L00199,21,2025-10-28,613.67,613.67,2025-10-27,0,paid_on_time
P002524,L00200,21,2025-10-28,253.76,253.76,2025-10-25,0,paid_on_time
P002525,L00207,20,2025-10-28,252.74,252.74,2025-10-28,0,paid_on_time
P002526,L00213,19,2025-10-28,767.71,767.71,2025-11-01,4,paid_late
P002527,L00220,18,2025-10-28,596.29,596.29,2025-10-28,0,paid_on_time
P002528,L00238,16,2025-10-28,893.78,893.78,2025-10-25,0,paid_on_time
P002529,L00245,15,2025-10-28,2175.35,2175.35,2025-10-27,0,paid_on_time
P002530,L00246,15,2025-10-28,1166.75,1166.75,2025-10-26,0,paid_on_time
P002531,L00250,14,2025-10-28,169.37,169.37,2025-10-25,0,paid_on_time
P002532,L00272,11,2025-10-28,197.04,197.04,2025-10-27,0,paid_on_time
P002533,L00280,10,2025-10-28,2010.72,2010.72,2025-10-25,0,paid_on_time
P002534,L00281,10,2025-10-28,2776.0,2776.0,2025-10-26,0,paid_on_time
P002535,L00294,9,2025-10-28,2580.19,2580.19,2025-10-25,0,paid_on_time
P002536,L00295,9,2025-10-28,2738.06,2738.06,2025-10-25,0,paid_on_time
P002537,L00319,7,2025-10-28,1044.26,1044.26,2025-10-26,0,paid_on_time
P002538,L00336,6,2025-10-28,761.18,761.18,2025-10-26,0,paid_on_time
P002539,L00358,5,2025-10-28,1505.57,1505.57,2025-10-27,0,paid_on_time
P002540,L00359,5,2025-10-28,399.48,399.48,2025-10-28,0,paid_on_time
P002541,L00360,5,2025-10-28,365.61,365.61,2025-10-27,0,paid_on_time
P002542,L00375,4,2025-10-28,93.58,93.58,2025-10-26,0,paid_on_time
P002543,L00390,3,2025-10-28,393.57,393.57,2025-10-25,0,paid_on_time
P002544,L00407,2,2025-10-28,470.34,470.34,2025-10-28,0,paid_on_time
P002545,L00408,2,2025-10-28,954.6,954.6,2025-10-26,0,paid_on_time
P002546,L00409,2,2025-10-28,3818.88,3818.88,2026-01-24,88,paid_late
P002547,L00410,2,2025-10-28,336.89,336.89,2025-10-28,0,paid_on_time
P002548,L00430,1,2025-10-28,437.06,437.06,2025-10-25,0,paid_on_time
P002549,L00431,1,2025-10-28,262.85,262.85,2025-12-08,41,paid_late
P002550,L00432,1,2025-10-28,311.98,311.98,2025-10-28,0,paid_on_time
P002551,L00433,1,2025-10-28,152.15,152.15,2025-10-27,0,paid_on_time
P002552,L00066,46,2025-11-01,856.43,856.43,2025-10-31,0,paid_on_time
P002553,L00067,46,2025-11-01,5150.69,5150.69,2025-10-31,0,paid_on_time
P002554,L00099,36,2025-11-01,1471.68,1471.68,2025-10-29,0,paid_on_time
P002555,L00100,36,2025-11-01,1187.24,1187.24,2025-10-30,0,paid_on_time
P002556,L00109,34,2025-11-01,2101.11,2101.11,2025-11-01,0,paid_on_time
P002557,L00157,28,2025-11-01,328.41,328.41,2025-10-30,0,paid_on_time
P002558,L00268,12,2025-11-01,3738.67,3738.67,2025-10-29,0,paid_on_time
P002559,L00337,6,2025-11-01,382.73,382.73,2025-10-30,0,paid_on_time
P002560,L00361,5,2025-11-01,421.04,421.04,2025-11-01,0,paid_on_time
P002561,L00362,5,2025-11-01,129.75,129.75,2025-10-31,0,paid_on_time
P002562,L00376,4,2025-11-01,371.84,371.84,2025-10-30,0,paid_on_time
P002563,L00411,2,2025-11-01,725.51,725.51,2025-11-01,0,paid_on_time
P002564,L00412,2,2025-11-01,494.69,494.69,2025-10-31,0,paid_on_time
P002565,L00011,135,2025-11-02,3685.16,3685.16,2025-10-30,0,paid_on_time
P002566,L00025,94,2025-11-02,873.16,873.16,2025-11-11,9,paid_late
P002567,L00048,56,2025-11-02,3101.68,3101.68,2025-11-02,0,paid_on_time
P002568,L00124,32,2025-11-02,1451.35,1451.35,2025-11-26,24,paid_late
P002569,L00133,31,2025-11-02,4939.5,4939.5,2025-10-31,0,paid_on_time
P002570,L00174,25,2025-11-02,588.33,588.33,2025-11-01,0,paid_on_time
P002571,L00221,18,2025-11-02,90.7,90.7,2025-11-02,0,paid_on_time
P002572,L00251,14,2025-11-02,360.6,360.6,2025-10-30,0,paid_on_time
P002573,L00258,13,2025-11-02,2005.5,2005.5,2025-11-03,1,paid_late
P002574,L00273,11,2025-11-02,696.31,696.31,2025-11-02,0,paid_on_time
P002575,L00307,8,2025-11-02,641.01,641.01,2025-12-02,30,paid_late
P002576,L00321,7,2025-11-02,155.78,155.78,2025-11-01,0,paid_on_time
P002577,L00322,7,2025-11-02,482.32,482.32,2025-11-01,0,paid_on_time
P002578,L00338,6,2025-11-02,544.77,544.77,2025-10-30,0,paid_on_time
P002579,L00413,2,2025-11-02,590.44,590.44,2025-11-02,0,paid_on_time
P002580,L00021,104,2025-11-03,1229.88,1229.88,2025-11-03,0,paid_on_time
P002581,L00075,45,2025-11-03,921.85,921.85,2025-11-02,0,paid_on_time
P002582,L00101,36,2025-11-03,420.86,420.86,2025-11-03,0,paid_on_time
P002583,L00105,35,2025-11-03,3823.79,3823.79,2025-11-02,0,paid_on_time
P002584,L00125,32,2025-11-03,965.75,965.75,2025-11-01,0,paid_on_time
P002585,L00141,30,2025-11-03,913.41,913.41,2025-11-03,0,paid_on_time
P002586,L00180,24,2025-11-03,1447.87,1447.87,2025-11-03,0,paid_on_time
P002587,L00230,17,2025-11-03,268.46,268.46,2025-11-03,0,paid_on_time
P002588,L00269,12,2025-11-03,334.66,334.66,2025-11-02,0,paid_on_time
P002589,L00296,9,2025-11-03,1097.72,1097.72,2025-10-31,0,paid_on_time
P002590,L00308,8,2025-11-03,98.58,98.58,2025-11-02,0,paid_on_time
P002591,L00339,6,2025-11-03,589.31,589.31,2025-11-01,0,paid_on_time
P002592,L00363,5,2025-11-03,139.31,139.31,2025-11-01,0,paid_on_time
P002593,L00364,5,2025-11-03,584.93,584.93,2025-11-03,0,paid_on_time
P002594,L00414,2,2025-11-03,410.2,410.2,2025-11-02,0,paid_on_time
P002595,L00434,1,2025-11-03,791.38,791.38,2025-11-03,0,paid_on_time
P002596,L00435,1,2025-11-03,2350.83,2350.83,2025-11-01,0,paid_on_time
P002597,L00003,147,2025-11-04,1484.61,1484.61,2025-11-04,0,paid_on_time
P002598,L00058,49,2025-11-04,828.64,828.64,2025-11-02,0,paid_on_time
P002599,L00239,16,2025-11-04,1684.67,1684.67,2025-11-02,0,paid_on_time
P002600,L00259,13,2025-11-04,182.52,182.52,2025-11-03,0,paid_on_time
P002601,L00365,5,2025-11-04,921.91,921.91,2025-11-27,23,paid_late
P002602,L00377,4,2025-11-04,314.71,0.0,,61,unpaid
P002603,L00415,2,2025-11-04,207.66,207.66,2025-11-03,0,paid_on_time
P002604,L00416,2,2025-11-04,1103.13,1103.13,2025-11-01,0,paid_on_time
P002605,L00417,2,2025-11-04,381.76,381.76,2025-11-01,0,paid_on_time
P002606,L00051,54,2025-11-05,1900.45,1900.45,2025-11-05,0,paid_on_time
P002607,L00068,46,2025-11-05,527.5,527.5,2025-11-19,14,paid_late
P002608,L00069,46,2025-11-05,1481.4,1481.4,2025-11-03,0,paid_on_time
P002609,L00092,39,2025-11-05,1072.0,1072.0,2025-11-05,0,paid_on_time
P002610,L00110,34,2025-11-05,672.22,672.22,2025-11-02,0,paid_on_time
P002611,L00201,21,2025-11-05,286.02,286.02,2025-11-19,14,paid_late
P002612,L00214,19,2025-11-05,381.85,381.85,2025-11-05,0,paid_on_time
P002613,L00222,18,2025-11-05,671.48,671.48,2025-11-03,0,paid_on_time
P002614,L00247,15,2025-11-05,69.37,69.37,2025-11-03,0,paid_on_time
P002615,L00252,14,2025-11-05,2944.96,2944.96,2025-11-02,0,paid_on_time
P002616,L00253,14,2025-11-05,250.97,250.97,2025-11-05,0,paid_on_time
P002617,L00260,13,2025-11-05,494.43,494.43,2025-11-09,4,paid_late
P002618,L00274,11,2025-11-05,403.99,403.99,2025-11-02,0,paid_on_time
P002619,L00297,9,2025-11-05,660.93,660.93,2025-11-03,0,paid_on_time
P002620,L00340,6,2025-11-05,387.29,387.29,2025-11-04,0,paid_on_time
P002621,L00004,146,2025-11-06,4466.2,4466.2,2025-11-05,0,paid_on_time
P002622,L00019,111,2025-11-06,2187.33,2187.33,2025-11-05,0,paid_on_time
P002623,L00053,52,2025-11-06,1030.03,1030.03,2025-11-05,0,paid_on_time
P002624,L00059,49,2025-11-06,626.49,626.49,2025-11-06,0,paid_on_time
P002625,L00093,39,2025-11-06,730.14,730.14,2025-11-03,0,paid_on_time
P002626,L00106,35,2025-11-06,2856.91,2856.91,2025-11-06,0,paid_on_time
P002627,L00147,29,2025-11-06,348.05,348.05,2025-11-05,0,paid_on_time
P002628,L00192,22,2025-11-06,894.21,894.21,2025-11-04,0,paid_on_time
P002629,L00202,21,2025-11-06,4839.58,4839.58,2025-11-06,0,paid_on_time
P002630,L00215,19,2025-11-06,756.59,756.59,2025-11-05,0,paid_on_time
P002631,L00223,18,2025-11-06,274.54,274.54,2025-11-05,0,paid_on_time
P002632,L00231,17,2025-11-06,728.02,728.02,2025-12-25,49,paid_late
P002633,L00240,16,2025-11-06,1520.54,1520.54,2025-11-04,0,paid_on_time
P002634,L00298,9,2025-11-06,1387.32,1387.32,2025-11-06,0,paid_on_time
P002635,L00341,6,2025-11-06,393.32,393.32,2025-11-05,0,paid_on_time
P002636,L00418,2,2025-11-06,903.29,903.29,2025-11-05,0,paid_on_time
P002637,L00419,2,2025-11-06,713.24,713.24,2025-11-05,0,paid_on_time
P002638,L00436,1,2025-11-06,907.12,907.12,2025-11-05,0,paid_on_time
P002639,L00027,92,2025-11-07,1544.11,1544.11,2025-11-07,0,paid_on_time
P002640,L00034,79,2025-11-07,1413.29,1413.29,2025-11-23,16,paid_late
P002641,L00045,60,2025-11-07,590.41,590.41,2025-11-07,0,paid_on_time
P002642,L00061,48,2025-11-07,1314.35,1314.35,2025-11-06,0,paid_on_time
P002643,L00102,36,2025-11-07,610.13,610.13,2025-11-07,0,paid_on_time
P002644,L00107,35,2025-11-07,4136.88,4136.88,2025-11-07,0,paid_on_time
P002645,L00142,30,2025-11-07,122.37,122.37,2025-11-04,0,paid_on_time
P002646,L00148,29,2025-11-07,1896.41,1896.41,2025-11-09,2,paid_late
P002647,L00208,20,2025-11-07,1156.32,1156.32,2025-11-07,0,paid_on_time
P002648,L00224,18,2025-11-07,223.06,223.06,2025-12-07,30,paid_late
P002649,L00275,11,2025-11-07,495.73,495.73,2025-11-25,18,paid_late
P002650,L00282,10,2025-11-07,255.88,255.88,2025-11-06,0,paid_on_time
P002651,L00342,6,2025-11-07,696.53,696.53,2025-11-05,0,paid_on_time
P002652,L00024,95,2025-11-08,1195.78,1195.78,2025-11-05,0,paid_on_time
P002653,L00046,60,2025-11-08,2692.31,2692.31,2025-11-06,0,paid_on_time
P002654,L00050,55,2025-11-08,5006.45,5006.45,2025-11-07,0,paid_on_time
P002655,L00149,29,2025-11-08,180.6,180.6,2025-11-08,0,paid_on_time
P002656,L00232,17,2025-11-08,588.41,588.41,2025-11-05,0,paid_on_time
P002657,L00309,8,2025-11-08,455.35,455.35,2025-11-06,0,paid_on_time
P002658,L00310,8,2025-11-08,684.21,684.21,2025-12-23,45,paid_late
P002659,L00323,7,2025-11-08,133.22,133.22,2025-11-08,0,paid_on_time
P002660,L00324,7,2025-11-08,464.16,464.16,2025-11-08,0,paid_on_time
P002661,L00343,6,2025-11-08,730.44,730.44,2025-11-06,0,paid_on_time
P002662,L00005,146,2025-11-09,3714.26,3714.26,2025-12-02,23,paid_late
P002663,L00031,87,2025-11-09,1166.25,1166.25,2025-11-30,21,paid_late
P002664,L00047,60,2025-11-09,1631.14,1631.14,2025-11-07,0,paid_on_time
P002665,L00052,53,2025-11-09,458.96,458.96,2025-11-08,0,paid_on_time
P002666,L00056,51,2025-11-09,1887.49,1887.49,2025-11-07,0,paid_on_time
P002667,L00164,27,2025-11-09,463.93,463.93,2025-11-08,0,paid_on_time
P002668,L00165,27,2025-11-09,900.5,900.5,2025-11-07,0,paid_on_time
P002669,L00167,26,2025-11-09,494.06,494.06,2025-11-08,0,paid_on_time
P002670,L00209,20,2025-11-09,895.87,895.87,2025-11-08,0,paid_on_time
P002671,L00225,18,2025-11-09,443.16,443.16,2025-11-06,0,paid_on_time
P002672,L00366,5,2025-11-09,1391.7,1391.7,2025-11-08,0,paid_on_time
P002673,L00367,5,2025-11-09,781.07,781.07,2025-11-07,0,paid_on_time
P002674,L00378,4,2025-11-09,255.87,255.87,2025-11-06,0,paid_on_time
P002675,L00379,4,2025-11-09,275.23,275.23,2025-11-09,0,paid_on_time
P002676,L00380,4,2025-11-09,190.74,190.74,2025-11-08,0,paid_on_time
P002677,L00391,3,2025-11-09,678.65,678.65,2025-11-08,0,paid_on_time
P002678,L00437,1,2025-11-09,294.55,294.55,2025-11-09,0,paid_on_time
P002679,L00438,1,2025-11-09,796.53,796.53,2025-11-08,0,paid_on_time
P002680,L00439,1,2025-11-09,129.58,129.58,2025-11-07,0,paid_on_time
P002681,L00010,138,2025-11-10,451.75,451.75,2025-11-08,0,paid_on_time
P002682,L00040,65,2025-11-10,1154.04,1154.04,2025-11-09,0,paid_on_time
P002683,L00060,49,2025-11-10,242.9,242.9,2025-11-09,0,paid_on_time
P002684,L00082,42,2025-11-10,1374.6,1374.6,2025-11-10,0,paid_on_time
P002685,L00088,40,2025-11-10,604.18,604.18,2025-11-08,0,paid_on_time
P002686,L00134,31,2025-11-10,132.34,132.34,2025-11-10,0,paid_on_time
P002687,L00168,26,2025-11-10,425.1,425.1,2025-11-17,7,paid_late
P002688,L00182,24,2025-11-10,170.77,170.77,2025-12-05,25,paid_late
P002689,L00183,24,2025-11-10,1116.86,1116.86,2025-11-08,0,paid_on_time
P002690,L00241,16,2025-11-10,417.0,417.0,2025-11-08,0,paid_on_time
P002691,L00299,9,2025-11-10,374.07,374.07,2025-11-09,0,paid_on_time
P002692,L00300,9,2025-11-10,3088.53,3088.53,2025-11-07,0,paid_on_time
P002693,L00326,7,2025-11-10,339.05,339.05,2025-11-26,16,paid_late
P002694,L00344,6,2025-11-10,532.44,532.44,2025-11-09,0,paid_on_time
P002695,L00345,6,2025-11-10,302.08,302.08,2025-11-08,0,paid_on_time
P002696,L00368,5,2025-11-10,584.55,584.55,2025-11-07,0,paid_on_time
P002697,L00392,3,2025-11-10,765.21,765.21,2025-11-08,0,paid_on_time
P002698,L00023,99,2025-11-11,1669.64,1669.64,2025-11-08,0,paid_on_time
P002699,L00076,45,2025-11-11,750.21,750.21,2025-11-11,0,paid_on_time
P002700,L00103,36,2025-11-11,477.21,477.21,2025-11-21,10,paid_late
P002701,L00111,34,2025-11-11,327.8,327.8,2025-11-10,0,paid_on_time
P002702,L00119,33,2025-11-11,704.37,704.37,2025-11-09,0,paid_on_time
P002703,L00126,32,2025-11-11,1005.72,1005.72,2025-11-24,13,paid_late
P002704,L00127,32,2025-11-11,352.26,352.26,2025-11-08,0,paid_on_time
P002705,L00158,28,2025-11-11,244.75,244.75,2025-11-11,0,paid_on_time
P002706,L00185,23,2025-11-11,1831.67,1831.67,2025-11-10,0,paid_on_time
P002707,L00254,14,2025-11-11,5962.35,5962.35,2025-11-09,0,paid_on_time
P002708,L00255,14,2025-11-11,391.11,391.11,2025-11-11,0,paid_on_time
P002709,L00256,14,2025-11-11,2046.78,0.0,,61,unpaid
P002710,L00382,4,2025-11-11,806.73,806.73,2025-11-11,0,paid_on_time
P002711,L00420,2,2025-11-11,1635.03,1635.03,2025-11-11,0,paid_on_time
P002712,L00440,1,2025-11-11,385.78,385.78,2025-11-08,0,paid_on_time
P002713,L00054,52,2025-11-12,1005.95,1005.95,2025-11-09,0,paid_on_time
P002714,L00062,48,2025-11-12,998.23,998.23,2025-11-12,0,paid_on_time
P002715,L00070,46,2025-11-12,436.33,436.33,2025-11-11,0,paid_on_time
P002716,L00108,35,2025-11-12,297.58,297.58,2025-11-11,0,paid_on_time
P002717,L00112,34,2025-11-12,389.58,389.58,2025-11-10,0,paid_on_time
P002718,L00186,23,2025-11-12,461.26,461.26,2025-11-19,7,paid_late
P002719,L00276,11,2025-11-12,443.67,443.67,2025-11-10,0,paid_on_time
P002720,L00301,9,2025-11-12,652.3,652.3,2025-12-04,22,paid_late
P002721,L00311,8,2025-11-12,4060.3,4060.3,2025-11-09,0,paid_on_time
P002722,L00369,5,2025-11-12,374.81,374.81,2025-11-09,0,paid_on_time
P002723,L00393,3,2025-11-12,4337.53,4337.53,2025-11-12,0,paid_on_time
P002724,L00015,117,2025-11-13,2722.75,2722.75,2025-11-13,0,paid_on_time
P002725,L00038,69,2025-11-13,1052.17,1052.17,2025-11-10,0,paid_on_time
P002726,L00064,47,2025-11-13,728.42,728.42,2025-11-13,0,paid_on_time
P002727,L00077,45,2025-11-13,1213.63,1213.63,2025-11-11,0,paid_on_time
P002728,L00128,32,2025-11-13,731.01,731.01,2025-11-12,0,paid_on_time
P002729,L00176,25,2025-11-13,1207.63,1207.63,2025-11-13,0,paid_on_time
P002730,L00187,23,2025-11-13,794.79,794.79,2025-11-11,0,paid_on_time
P002731,L00193,22,2025-11-13,889.34,889.34,2025-11-10,0,paid_on_time
P002732,L00203,21,2025-11-13,312.96,312.96,2026-01-06,54,paid_late
P002733,L00233,17,2025-11-13,3312.12,3312.12,2025-11-11,0,paid_on_time
P002734,L00261,13,2025-11-13,135.87,135.87,2025-12-05,22,paid_late
P002735,L00283,10,2025-11-13,576.26,576.26,2025-11-13,0,paid_on_time
P002736,L00312,8,2025-11-13,570.92,570.92,2025-11-12,0,paid_on_time
P002737,L00383,4,2025-11-13,243.05,243.05,2025-11-11,0,paid_on_time
P002738,L00441,1,2025-11-13,586.41,586.41,2025-11-10,0,paid_on_time
P002739,L00442,1,2025-11-13,200.28,200.28,2025-11-11,0,paid_on_time
P002740,L00443,1,2025-11-13,1226.06,1226.06,2025-11-13,0,paid_on_time
P002741,L00018,112,2025-11-14,5555.18,5555.18,2025-11-14,0,paid_on_time
P002742,L00063,48,2025-11-14,1407.73,1407.73,2025-11-13,0,paid_on_time
P002743,L00095,38,2025-11-14,493.83,493.83,2025-11-14,0,paid_on_time
P002744,L00150,29,2025-11-14,693.8,693.8,2025-11-13,0,paid_on_time
P002745,L00194,22,2025-11-14,708.28,708.28,2025-11-13,0,paid_on_time
P002746,L00195,22,2025-11-14,506.14,506.14,2026-02-04,82,paid_late
P002747,L00204,21,2025-11-14,941.27,941.27,2025-11-11,0,paid_on_time
P002748,L00271,12,2025-11-14,485.42,485.42,2025-11-14,0,paid_on_time
P002749,L00284,10,2025-11-14,307.56,307.56,2025-11-11,0,paid_on_time
P002750,L00327,7,2025-11-14,205.7,205.7,2025-11-13,0,paid_on_time
P002751,L00328,7,2025-11-14,614.18,614.18,2025-11-11,0,paid_on_time
P002752,L00370,5,2025-11-14,447.8,447.8,2025-11-13,0,paid_on_time
P002753,L00394,3,2025-11-14,393.33,393.33,2025-11-11,0,paid_on_time
P002754,L00043,61,2025-11-15,1040.6,1040.6,2025-11-13,0,paid_on_time
P002755,L00104,36,2025-11-15,442.08,442.08,2025-11-12,0,paid_on_time
P002756,L00120,33,2025-11-15,262.87,262.87,2025-11-15,0,paid_on_time
P002757,L00205,21,2025-11-15,418.6,418.6,2025-12-08,23,paid_late
P002758,L00216,19,2025-11-15,962.26,962.26,2025-11-14,0,paid_on_time
P002759,L00226,18,2025-11-15,904.35,904.35,2025-11-13,0,paid_on_time
P002760,L00277,11,2025-11-15,689.78,689.78,2026-01-23,69,paid_late
P002761,L00285,10,2025-11-15,4637.41,4637.41,2025-11-13,0,paid_on_time
P002762,L00330,7,2025-11-15,562.56,562.56,2025-11-14,0,paid_on_time
P002763,L00346,6,2025-11-15,1507.66,0.0,,30,unpaid
P002764,L00017,113,2025-11-16,1399.27,1399.27,2025-11-15,0,paid_on_time
P002765,L00033,81,2025-11-16,488.18,488.18,2025-11-16,0,paid_on_time
P002766,L00035,78,2025-11-16,2474.76,2474.76,2025-11-16,0,paid_on_time
P002767,L00121,33,2025-11-16,1741.4,1741.4,2025-11-14,0,paid_on_time
P002768,L00151,29,2025-11-16,230.11,230.11,2025-11-15,0,paid_on_time
P002769,L00210,20,2025-11-16,1078.93,1078.93,2025-11-15,0,paid_on_time
P002770,L00227,18,2025-11-16,545.86,545.86,2025-11-13,0,paid_on_time
P002771,L00234,17,2025-11-16,659.89,659.89,2025-11-16,0,paid_on_time
P002772,L00248,15,2025-11-16,2095.25,2095.25,2025-11-16,0,paid_on_time
P002773,L00286,10,2025-11-16,629.76,629.76,2025-11-13,0,paid_on_time
P002774,L00287,10,2025-11-16,361.67,361.67,2025-11-14,0,paid_on_time
P002775,L00314,8,2025-11-16,133.26,133.26,2025-11-14,0,paid_on_time
P002776,L00347,6,2025-11-16,622.05,622.05,2025-11-15,0,paid_on_time
P002777,L00384,4,2025-11-16,673.49,673.49,2025-11-16,0,paid_on_time
P002778,L00395,3,2025-11-16,345.71,345.71,2025-11-16,0,paid_on_time
P002779,L00421,2,2025-11-16,244.98,244.98,2025-11-15,0,paid_on_time
P002780,L00444,1,2025-11-16,449.21,449.21,2025-11-15,0,paid_on_time
P002781,L00006,144,2025-11-17,1297.93,1297.93,2025-11-14,0,paid_on_time
P002782,L00042,63,2025-11-17,702.79,702.79,2025-11-16,0,paid_on_time
P002783,L00044,61,2025-11-17,999.08,999.08,2025-11-15,0,paid_on_time
P002784,L00055,52,2025-11-17,495.46,495.46,2025-11-16,0,paid_on_time
P002785,L00096,38,2025-11-17,3809.24,3809.24,2025-11-14,0,paid_on_time
P002786,L00122,33,2025-11-17,396.75,396.75,2025-11-17,0,paid_on_time
P002787,L00129,32,2025-11-17,5383.46,5383.46,2025-11-14,0,paid_on_time
P002788,L00135,31,2025-11-17,1392.09,1392.09,2025-11-17,0,paid_on_time
P002789,L00184,24,2025-11-17,729.3,729.3,2025-11-16,0,paid_on_time
P002790,L00228,18,2025-11-17,151.67,151.67,2025-11-14,0,paid_on_time
P002791,L00257,14,2025-11-17,328.84,328.84,2025-11-15,0,paid_on_time
P002792,L00288,10,2025-11-17,160.56,0.0,,120,unpaid
P002793,L00289,10,2025-11-17,327.34,327.34,2025-11-15,0,paid_on_time
P002794,L00315,8,2025-11-17,1369.79,1369.79,2025-11-16,0,paid_on_time
P002795,L00331,7,2025-11-17,186.73,186.73,2025-11-16,0,paid_on_time
P002796,L00385,4,2025-11-17,329.97,329.97,2025-11-16,0,paid_on_time
P002797,L00396,3,2025-11-17,534.54,534.54,2025-11-17,0,paid_on_time
P002798,L00397,3,2025-11-17,419.44,419.44,2025-11-14,0,paid_on_time
P002799,L00445,1,2025-11-17,1607.75,1607.75,2025-11-15,0,paid_on_time
P002800,L00446,1,2025-11-17,1134.61,1134.61,2025-11-14,0,paid_on_time
P002801,L00016,115,2025-11-18,2087.02,2087.02,2025-11-15,0,paid_on_time
P002802,L00026,94,2025-11-18,1366.27,1366.27,2025-11-17,0,paid_on_time
P002803,L00089,40,2025-11-18,1358.89,1358.89,2025-11-16,0,paid_on_time
P002804,L00169,26,2025-11-18,406.69,406.69,2025-11-18,0,paid_on_time
P002805,L00206,21,2025-11-18,1805.79,1805.79,2025-11-15,0,paid_on_time
P002806,L00217,19,2025-11-18,230.93,230.93,2025-11-18,0,paid_on_time
P002807,L00262,13,2025-11-18,244.62,244.62,2026-01-20,63,paid_late
P002808,L00290,10,2025-11-18,729.21,729.21,2025-11-18,0,paid_on_time
P002809,L00302,9,2025-11-18,528.31,528.31,2025-11-28,10,paid_late
P002810,L00316,8,2025-11-18,488.8,488.8,2025-11-17,0,paid_on_time
P002811,L00332,7,2025-11-18,1160.99,1160.99,2025-11-18,0,paid_on_time
P002812,L00349,6,2025-11-18,732.05,732.05,2025-11-15,0,paid_on_time
P002813,L00371,5,2025-11-18,668.17,668.17,2025-11-15,0,paid_on_time
P002814,L00398,3,2025-11-18,914.52,914.52,2025-11-16,0,paid_on_time
P002815,L00422,2,2025-11-18,620.56,620.56,2025-11-17,0,paid_on_time
P002816,L00001,153,2025-11-19,872.89,872.89,2025-11-17,0,paid_on_time
P002817,L00013,123,2025-11-19,947.9,947.9,2025-11-17,0,paid_on_time
P002818,L00014,121,2025-11-19,3544.09,3544.09,2025-11-17,0,paid_on_time
P002819,L00020,107,2025-11-19,599.02,599.02,2025-11-19,0,paid_on_time
P002820,L00028,91,2025-11-19,859.63,859.63,2025-11-17,0,paid_on_time
P002821,L00083,42,2025-11-19,170.36,170.36,2025-11-18,0,paid_on_time
P002822,L00090,40,2025-11-19,940.56,940.56,2025-11-19,0,paid_on_time
P002823,L00091,40,2025-11-19,333.65,333.65,2025-11-19,0,paid_on_time
P002824,L00130,32,2025-11-19,891.36,891.36,2025-11-18,0,paid_on_time
P002825,L00152,29,2025-11-19,189.02,189.02,2025-11-16,0,paid_on_time
P002826,L00350,6,2025-11-19,913.36,913.36,2025-11-17,0,paid_on_time
P002827,L00399,3,2025-11-19,319.53,319.53,2025-11-16,0,paid_on_time
P002828,L00032,83,2025-11-20,1649.77,1649.77,2025-11-19,0,paid_on_time
P002829,L00131,32,2025-11-20,1276.47,1276.47,2025-11-19,0,paid_on_time
P002830,L00154,29,2025-11-20,313.1,313.1,2026-02-24,96,paid_late
P002831,L00170,26,2025-11-20,1120.0,1120.0,2025-11-17,0,paid_on_time
P002832,L00291,10,2025-11-20,1254.39,1254.39,2025-11-17,0,paid_on_time
P002833,L00317,8,2025-11-20,690.9,690.9,2025-11-17,0,paid_on_time
P002834,L00333,7,2025-11-20,328.96,328.96,2025-11-20,0,paid_on_time
P002835,L00351,6,2025-11-20,281.71,281.71,2025-11-20,0,paid_on_time
P002836,L00386,4,2025-11-20,636.78,636.78,2025-11-20,0,paid_on_time
P002837,L00400,3,2025-11-20,1657.16,1657.16,2025-11-19,0,paid_on_time
P002838,L00423,2,2025-11-20,1390.3,1390.3,2025-11-18,0,paid_on_time
P002839,L00424,2,2025-11-20,372.69,372.69,2025-11-18,0,paid_on_time
P002840,L00078,44,2025-11-21,434.96,434.96,2025-11-19,0,paid_on_time
P002841,L00084,42,2025-11-21,352.49,352.49,2025-11-20,0,paid_on_time
P002842,L00097,38,2025-11-21,1660.09,1660.09,2025-11-27,6,paid_late
P002843,L00159,28,2025-11-21,813.68,813.68,2026-01-03,43,paid_late
P002844,L00160,28,2025-11-21,3164.49,3164.49,2025-11-18,0,paid_on_time
P002845,L00188,23,2025-11-21,1216.68,1216.68,2025-11-19,0,paid_on_time
P002846,L00218,19,2025-11-21,3945.26,3945.26,2025-11-21,0,paid_on_time
P002847,L00242,16,2025-11-21,450.32,450.32,2025-11-18,0,paid_on_time
P002848,L00263,13,2025-11-21,846.87,846.87,2025-11-23,2,paid_late
P002849,L00278,11,2025-11-21,506.63,0.0,,30,unpaid
P002850,L00303,9,2025-11-21,3623.36,3623.36,2025-11-20,0,paid_on_time
P002851,L00352,6,2025-11-21,1279.4,1279.4,2025-11-18,0,paid_on_time
P002852,L00387,4,2025-11-21,476.49,476.49,2025-11-19,0,paid_on_time
P002853,L00401,3,2025-11-21,195.99,195.99,2025-11-18,0,paid_on_time
P002854,L00425,2,2025-11-21,485.11,485.11,2026-01-09,49,paid_late
P002855,L00426,2,2025-11-21,768.32,768.32,2025-11-19,0,paid_on_time
P002856,L00447,1,2025-11-21,651.06,651.06,2025-11-18,0,paid_on_time
P002857,L00008,141,2025-11-22,1043.51,1043.51,2025-11-21,0,paid_on_time
P002858,L00049,56,2025-11-22,3041.98,3041.98,2025-11-19,0,paid_on_time
P002859,L00098,38,2025-11-22,1385.41,1385.41,2025-11-22,0,paid_on_time
P002860,L00113,34,2025-11-22,677.07,677.07,2025-11-19,0,paid_on_time
P002861,L00132,32,2025-11-22,238.38,238.38,2025-11-22,0,paid_on_time
P002862,L00189,23,2025-11-22,142.38,142.38,2025-11-22,0,paid_on_time
P002863,L00229,18,2025-11-22,696.96,696.96,2025-11-19,0,paid_on_time
P002864,L00264,13,2025-11-22,299.57,299.57,2025-11-19,0,paid_on_time
P002865,L00279,11,2025-11-22,506.59,506.59,2025-11-21,0,paid_on_time
P002866,L00304,9,2025-11-22,191.99,191.99,2025-11-21,0,paid_on_time
P002867,L00353,6,2025-11-22,401.58,401.58,2025-11-21,0,paid_on_time
P002868,L00402,3,2025-11-22,847.17,847.17,2025-11-26,4,paid_late
P002869,L00403,3,2025-11-22,249.32,249.32,2025-11-19,0,paid_on_time
P002870,L00427,2,2025-11-22,638.1,0.0,,92,unpaid
P002871,L00012,131,2025-11-23,2313.25,2313.25,2025-11-20,0,paid_on_time
P002872,L00036,72,2025-11-23,5425.67,5425.67,2025-11-21,0,paid_on_time
P002873,L00041,64,2025-11-23,1241.28,1241.28,2025-11-29,6,paid_late
P002874,L00071,46,2025-11-23,561.59,561.59,2025-11-20,0,paid_on_time
P002875,L00080,43,2025-11-23,3899.39,3899.39,2025-11-23,0,paid_on_time
P002876,L00123,33,2025-11-23,509.28,509.28,2025-11-21,0,paid_on_time
P002877,L00161,28,2025-11-23,2812.43,2812.43,2025-11-23,0,paid_on_time
P002878,L00196,22,2025-11-23,152.51,152.51,2026-01-08,46,paid_late
P002879,L00211,20,2025-11-23,175.17,175.17,2025-11-20,0,paid_on_time
P002880,L00219,19,2025-11-23,2801.45,2801.45,2025-11-21,0,paid_on_time
P002881,L00249,15,2025-11-23,648.22,648.22,2025-11-21,0,paid_on_time
P002882,L00265,13,2025-11-23,883.61,883.61,2025-11-21,0,paid_on_time
P002883,L00292,10,2025-11-23,791.09,791.09,2025-11-22,0,paid_on_time
P002884,L00334,7,2025-11-23,325.36,325.36,2025-12-18,25,paid_late
P002885,L00354,6,2025-11-23,807.03,807.03,2025-11-20,0,paid_on_time
P002886,L00355,6,2025-11-23,915.73,915.73,2025-11-23,0,paid_on_time
P002887,L00372,5,2025-11-23,187.18,187.18,2026-01-02,40,paid_late
P002888,L00388,4,2025-11-23,392.01,392.01,2025-11-22,0,paid_on_time
P002889,L00428,2,2025-11-23,117.11,117.11,2025-11-20,0,paid_on_time
P002890,L00072,46,2025-11-24,1714.68,1714.68,2025-11-24,0,paid_on_time
P002891,L00143,30,2025-11-24,369.61,369.61,2025-11-21,0,paid_on_time
P002892,L00171,26,2025-11-24,378.47,378.47,2025-11-23,0,paid_on_time
P002893,L00172,26,2025-11-24,246.44,246.44,2025-11-24,0,paid_on_time
P002894,L00197,22,2025-11-24,4082.86,4082.86,2025-11-21,0,paid_on_time
P002895,L00243,16,2025-11-24,4829.64,4829.64,2025-11-22,0,paid_on_time
P002896,L00293,10,2025-11-24,715.78,715.78,2025-11-23,0,paid_on_time
P002897,L00318,8,2025-11-24,785.27,785.27,2025-11-24,0,paid_on_time
P002898,L00356,6,2025-11-24,151.33,151.33,2025-11-24,0,paid_on_time
P002899,L00373,5,2025-11-24,507.47,507.47,2025-11-23,0,paid_on_time
P002900,L00448,1,2025-11-24,1122.07,1122.07,2025-11-24,0,paid_on_time
P002901,L00039,67,2025-11-25,2154.36,2154.36,2025-11-25,0,paid_on_time
P002902,L00085,42,2025-11-25,615.22,615.22,2025-11-24,0,paid_on_time
P002903,L00094,39,2025-11-25,798.81,798.81,2025-11-22,0,paid_on_time
P002904,L00144,30,2025-11-25,1999.88,1999.88,2025-11-24,0,paid_on_time
P002905,L00190,23,2025-11-25,668.94,668.94,2025-11-25,0,paid_on_time
P002906,L00235,17,2025-11-25,180.38,180.38,2025-11-23,0,paid_on_time
P002907,L00236,17,2025-11-25,379.28,379.28,2025-11-24,0,paid_on_time
P002908,L00237,17,2025-11-25,1577.72,1577.72,2025-11-25,0,paid_on_time
P002909,L00244,16,2025-11-25,797.65,797.65,2025-11-23,0,paid_on_time
P002910,L00335,7,2025-11-25,292.08,292.08,2025-11-25,0,paid_on_time
P002911,L00404,3,2025-11-25,800.98,800.98,2025-11-23,0,paid_on_time
P002912,L00405,3,2025-11-25,325.9,325.9,2025-11-25,0,paid_on_time
P002913,L00406,3,2025-11-25,516.67,516.67,2025-11-25,0,paid_on_time
P002914,L00449,1,2025-11-25,967.38,967.38,2025-11-23,0,paid_on_time
P002915,L00030,88,2025-11-26,1332.55,1332.55,2025-11-24,0,paid_on_time
P002916,L00037,72,2025-11-26,684.3,684.3,2025-11-23,0,paid_on_time
P002917,L00073,46,2025-11-26,313.76,313.76,2025-12-18,22,paid_late
P002918,L00087,41,2025-11-26,485.7,485.7,2025-11-25,0,paid_on_time
P002919,L00137,31,2025-11-26,328.82,328.82,2025-11-24,0,paid_on_time
P002920,L00145,30,2025-11-26,783.93,783.93,2025-11-26,0,paid_on_time
P002921,L00178,25,2025-11-26,1322.66,1322.66,2025-11-23,0,paid_on_time
P002922,L00198,22,2025-11-26,353.93,353.93,2025-11-26,0,paid_on_time
P002923,L00266,13,2025-11-26,196.46,196.46,2025-11-23,0,paid_on_time
P002924,L00306,9,2025-11-26,386.96,386.96,2025-11-23,0,paid_on_time
P002925,L00374,5,2025-11-26,759.66,759.66,2025-11-25,0,paid_on_time
P002926,L00389,4,2025-11-26,547.48,547.48,2025-11-26,0,paid_on_time
P002927,L00429,2,2025-11-26,1035.18,1035.18,2025-11-23,0,paid_on_time
P002928,L00007,142,2025-11-27,1181.6,1181.6,2025-11-25,0,paid_on_time
P002929,L00009,140,2025-11-27,1014.74,1014.74,2025-11-27,0,paid_on_time
P002930,L00074,46,2025-11-27,1814.09,1814.09,2025-11-26,0,paid_on_time
P002931,L00357,6,2025-11-27,705.03,705.03,2026-02-06,71,paid_late
P002932,L00450,1,2025-11-27,555.25,555.25,2025-11-25,0,paid_on_time
P002933,L00451,1,2025-11-27,519.15,519.15,2025-11-25,0,paid_on_time
P002934,L00452,1,2025-11-27,211.98,211.98,2025-11-26,0,paid_on_time
P002935,L00022,100,2025-11-28,1038.84,1038.84,2025-11-26,0,paid_on_time
P002936,L00057,51,2025-11-28,603.0,603.0,2025-11-27,0,paid_on_time
P002937,L00065,47,2025-11-28,1911.1,1911.1,2025-11-26,0,paid_on_time
P002938,L00079,44,2025-11-28,553.36,553.36,2025-11-27,0,paid_on_time
P002939,L00081,43,2025-11-28,487.74,487.74,2025-11-27,0,paid_on_time
P002940,L00086,42,2025-11-28,542.24,542.24,2025-11-28,0,paid_on_time
P002941,L00114,34,2025-11-28,1545.46,1545.46,2025-11-25,0,paid_on_time
P002942,L00115,34,2025-11-28,581.64,581.64,2025-12-03,5,paid_late
P002943,L00116,34,2025-11-28,4765.2,4765.2,2025-11-27,0,paid_on_time
P002944,L00117,34,2025-11-28,1642.14,1642.14,2025-11-26,0,paid_on_time
P002945,L00138,31,2025-11-28,475.85,475.85,2025-11-27,0,paid_on_time
P002946,L00156,29,2025-11-28,856.46,856.46,2025-11-28,0,paid_on_time
P002947,L00173,26,2025-11-28,746.3,746.3,2025-11-26,0,paid_on_time
P002948,L00191,23,2025-11-28,936.13,936.13,2025-11-25,0,paid_on_time
P002949,L00199,22,2025-11-28,613.67,613.67,2025-11-28,0,paid_on_time
P002950,L00200,22,2025-11-28,253.76,253.76,2026-03-10,102,paid_late
P002951,L00207,21,2025-11-28,252.74,252.74,2025-12-13,15,paid_late
P002952,L00213,20,2025-11-28,767.71,767.71,2025-12-21,23,paid_late
P002953,L00220,19,2025-11-28,596.29,596.29,2025-11-27,0,paid_on_time
P002954,L00238,17,2025-11-28,893.78,893.78,2026-01-02,35,paid_late
P002955,L00245,16,2025-11-28,2175.35,2175.35,2025-11-30,2,paid_late
P002956,L00246,16,2025-11-28,1166.75,1166.75,2025-11-25,0,paid_on_time
P002957,L00250,15,2025-11-28,169.37,169.37,2025-11-27,0,paid_on_time
P002958,L00272,12,2025-11-28,197.04,197.04,2025-11-27,0,paid_on_time
P002959,L00280,11,2025-11-28,2010.72,2010.72,2025-11-26,0,paid_on_time
P002960,L00281,11,2025-11-28,2776.0,2776.0,2025-11-27,0,paid_on_time
P002961,L00294,10,2025-11-28,2580.19,2580.19,2025-11-26,0,paid_on_time
P002962,L00295,10,2025-11-28,2738.06,2738.06,2025-11-27,0,paid_on_time
P002963,L00319,8,2025-11-28,1044.26,1044.26,2025-11-28,0,paid_on_time
P002964,L00336,7,2025-11-28,761.18,761.18,2025-11-26,0,paid_on_time
P002965,L00358,6,2025-11-28,1505.57,1505.57,2025-11-25,0,paid_on_time
P002966,L00359,6,2025-11-28,399.48,399.48,2025-11-25,0,paid_on_time
P002967,L00360,6,2025-11-28,365.61,365.61,2025-11-26,0,paid_on_time
P002968,L00375,5,2025-11-28,93.58,93.58,2025-11-27,0,paid_on_time
P002969,L00390,4,2025-11-28,393.57,393.57,2025-11-27,0,paid_on_time
P002970,L00407,3,2025-11-28,470.34,470.34,2025-11-27,0,paid_on_time
P002971,L00408,3,2025-11-28,954.6,954.6,2025-11-25,0,paid_on_time
P002972,L00409,3,2025-11-28,3818.88,3818.88,2026-01-24,57,paid_late
P002973,L00410,3,2025-11-28,336.89,336.89,2025-11-27,0,paid_on_time
P002974,L00430,2,2025-11-28,437.06,437.06,2025-11-26,0,paid_on_time
P002975,L00431,2,2025-11-28,262.85,262.85,2025-12-08,10,paid_late
P002976,L00432,2,2025-11-28,311.98,311.98,2025-11-26,0,paid_on_time
P002977,L00433,2,2025-11-28,152.15,152.15,2025-11-27,0,paid_on_time
P002978,L00453,1,2025-11-28,255.21,255.21,2025-12-28,30,paid_late
P002979,L00454,1,2025-11-28,460.82,460.82,2025-11-26,0,paid_on_time
P002980,L00455,1,2025-11-28,664.95,664.95,2025-11-27,0,paid_on_time
P002981,L00456,1,2025-11-28,936.55,936.55,2025-11-26,0,paid_on_time
P002982,L00457,1,2025-11-28,449.08,449.08,2025-11-28,0,paid_on_time
P002983,L00458,1,2025-11-28,277.89,277.89,2025-12-21,23,paid_late
P002984,L00066,47,2025-12-01,856.43,856.43,2025-11-28,0,paid_on_time
P002985,L00067,47,2025-12-01,5150.69,5150.69,2025-11-29,0,paid_on_time
P002986,L00099,37,2025-12-01,1471.68,1471.68,2025-12-15,14,paid_late
P002987,L00100,37,2025-12-01,1187.24,1187.24,2025-11-29,0,paid_on_time
P002988,L00109,35,2025-12-01,2101.11,2101.11,2025-11-30,0,paid_on_time
P002989,L00157,29,2025-12-01,328.41,328.41,2025-12-01,0,paid_on_time
P002990,L00268,13,2025-12-01,3738.67,3738.67,2025-11-28,0,paid_on_time
P002991,L00337,7,2025-12-01,382.73,382.73,2025-12-17,16,paid_late
P002992,L00361,6,2025-12-01,421.04,421.04,2025-12-01,0,paid_on_time
P002993,L00362,6,2025-12-01,129.75,129.75,2025-12-01,0,paid_on_time
P002994,L00376,5,2025-12-01,371.84,371.84,2025-12-01,0,paid_on_time
P002995,L00411,3,2025-12-01,725.51,725.51,2025-11-28,0,paid_on_time
P002996,L00412,3,2025-12-01,494.69,494.69,2025-11-29,0,paid_on_time
P002997,L00459,1,2025-12-01,917.2,917.2,2025-11-30,0,paid_on_time
P002998,L00011,136,2025-12-02,3685.16,3685.16,2025-12-01,0,paid_on_time
P002999,L00025,95,2025-12-02,873.16,873.16,2025-12-02,0,paid_on_time
P003000,L00048,57,2025-12-02,3101.68,3101.68,2025-12-01,0,paid_on_time
P003001,L00124,33,2025-12-02,1451.35,1451.35,2025-11-30,0,paid_on_time
P003002,L00133,32,2025-12-02,4939.5,4939.5,2025-12-02,0,paid_on_time
P003003,L00174,26,2025-12-02,588.33,588.33,2025-11-29,0,paid_on_time
P003004,L00221,19,2025-12-02,90.7,90.7,2025-11-30,0,paid_on_time
P003005,L00251,15,2025-12-02,360.6,360.6,2025-11-29,0,paid_on_time
P003006,L00258,14,2025-12-02,2005.5,2005.5,2025-11-29,0,paid_on_time
P003007,L00273,12,2025-12-02,696.31,696.31,2025-11-30,0,paid_on_time
P003008,L00307,9,2025-12-02,641.01,641.01,2025-12-02,0,paid_on_time
P003009,L00321,8,2025-12-02,155.78,155.78,2025-12-01,0,paid_on_time
P003010,L00322,8,2025-12-02,482.32,482.32,2025-12-02,0,paid_on_time
P003011,L00338,7,2025-12-02,544.77,544.77,2025-11-30,0,paid_on_time
P003012,L00413,3,2025-12-02,590.44,590.44,2025-11-29,0,paid_on_time
P003013,L00460,1,2025-12-02,489.77,489.77,2025-12-02,0,paid_on_time
P003014,L00461,1,2025-12-02,265.63,265.63,2025-11-30,0,paid_on_time
P003015,L00462,1,2025-12-02,542.44,542.44,2026-01-13,42,paid_late
P003016,L00021,105,2025-12-03,1229.88,1229.88,2025-12-12,9,paid_late
P003017,L00075,46,2025-12-03,921.85,921.85,2025-12-01,0,paid_on_time
P003018,L00101,37,2025-12-03,420.86,420.86,2025-12-03,0,paid_on_time
P003019,L00105,36,2025-12-03,3823.79,3823.79,2025-12-02,0,paid_on_time
P003020,L00125,33,2025-12-03,965.75,965.75,2025-12-03,0,paid_on_time
P003021,L00141,31,2025-12-03,913.41,913.41,2025-11-30,0,paid_on_time
P003022,L00180,25,2025-12-03,1447.87,1447.87,2025-12-01,0,paid_on_time
P003023,L00230,18,2025-12-03,268.46,268.46,2025-12-15,12,paid_late
P003024,L00269,13,2025-12-03,334.66,334.66,2025-12-03,0,paid_on_time
P003025,L00296,10,2025-12-03,1097.72,1097.72,2025-12-01,0,paid_on_time
P003026,L00308,9,2025-12-03,98.58,98.58,2025-12-03,0,paid_on_time
P003027,L00339,7,2025-12-03,589.31,589.31,2025-12-02,0,paid_on_time
P003028,L00363,6,2025-12-03,139.31,139.31,2025-11-30,0,paid_on_time
P003029,L00364,6,2025-12-03,584.93,584.93,2025-12-02,0,paid_on_time
P003030,L00414,3,2025-12-03,410.2,410.2,2025-12-01,0,paid_on_time
P003031,L00434,2,2025-12-03,791.38,791.38,2025-12-03,0,paid_on_time
P003032,L00435,2,2025-12-03,2350.83,2350.83,2025-12-03,0,paid_on_time
P003033,L00463,1,2025-12-03,1094.9,1094.9,2025-12-01,0,paid_on_time
P003034,L00464,1,2025-12-03,418.46,418.46,2025-12-01,0,paid_on_time
P003035,L00003,148,2025-12-04,1484.61,1484.61,2025-12-04,0,paid_on_time
P003036,L00058,50,2025-12-04,828.64,828.64,2026-01-16,43,paid_late
P003037,L00239,17,2025-12-04,1684.67,1684.67,2025-12-02,0,paid_on_time
P003038,L00259,14,2025-12-04,182.52,182.52,2025-12-04,0,paid_on_time
P003039,L00365,6,2025-12-04,921.91,921.91,2025-12-03,0,paid_on_time
P003040,L00377,5,2025-12-04,314.71,0.0,,31,unpaid
P003041,L00415,3,2025-12-04,207.66,207.66,2025-12-02,0,paid_on_time
P003042,L00416,3,2025-12-04,1103.13,1103.13,2025-12-03,0,paid_on_time
P003043,L00417,3,2025-12-04,381.76,381.76,2025-12-04,0,paid_on_time
P003044,L00465,1,2025-12-04,553.52,553.52,2025-12-03,0,paid_on_time
P003045,L00051,55,2025-12-05,1900.45,1900.45,2025-12-02,0,paid_on_time
P003046,L00068,47,2025-12-05,527.5,527.5,2025-12-05,0,paid_on_time
P003047,L00069,47,2025-12-05,1481.4,1481.4,2025-12-03,0,paid_on_time
P003048,L00092,40,2025-12-05,1072.0,1072.0,2025-12-04,0,paid_on_time
P003049,L00110,35,2025-12-05,672.22,672.22,2026-01-27,53,paid_late
P003050,L00201,22,2025-12-05,286.02,286.02,2025-12-05,0,paid_on_time
P003051,L00214,20,2025-12-05,381.85,381.85,2025-12-02,0,paid_on_time
P003052,L00222,19,2025-12-05,671.48,671.48,2025-12-03,0,paid_on_time
P003053,L00247,16,2025-12-05,69.37,69.37,2025-12-05,0,paid_on_time
P003054,L00252,15,2025-12-05,2944.96,2944.96,2025-12-04,0,paid_on_time
P003055,L00253,15,2025-12-05,250.97,250.97,2025-12-02,0,paid_on_time
P003056,L00260,14,2025-12-05,494.43,494.43,2025-12-04,0,paid_on_time
P003057,L00274,12,2025-12-05,403.99,403.99,2025-12-02,0,paid_on_time
P003058,L00297,10,2025-12-05,660.93,660.93,2025-12-04,0,paid_on_time
P003059,L00340,7,2025-12-05,387.29,387.29,2025-12-05,0,paid_on_time
P003060,L00004,147,2025-12-06,4466.2,4466.2,2025-12-04,0,paid_on_time
P003061,L00019,112,2025-12-06,2187.33,2187.33,2025-12-05,0,paid_on_time
P003062,L00053,53,2025-12-06,1030.03,1030.03,2025-12-05,0,paid_on_time
P003063,L00059,50,2025-12-06,626.49,626.49,2025-12-06,0,paid_on_time
P003064,L00093,40,2025-12-06,730.14,730.14,2025-12-04,0,paid_on_time
P003065,L00106,36,2025-12-06,2856.91,2856.91,2025-12-03,0,paid_on_time
P003066,L00147,30,2025-12-06,348.05,348.05,2025-12-05,0,paid_on_time
P003067,L00192,23,2025-12-06,894.21,894.21,2025-12-06,0,paid_on_time
P003068,L00202,22,2025-12-06,4839.58,4839.58,2025-12-05,0,paid_on_time
P003069,L00215,20,2025-12-06,756.59,756.59,2025-12-06,0,paid_on_time
P003070,L00223,19,2025-12-06,274.54,274.54,2025-12-05,0,paid_on_time
P003071,L00231,18,2025-12-06,728.02,728.02,2025-12-25,19,paid_late
P003072,L00240,17,2025-12-06,1520.54,1520.54,2025-12-05,0,paid_on_time
P003073,L00298,10,2025-12-06,1387.32,1387.32,2025-12-04,0,paid_on_time
P003074,L00341,7,2025-12-06,393.32,393.32,2025-12-06,0,paid_on_time
P003075,L00418,3,2025-12-06,903.29,903.29,2025-12-03,0,paid_on_time
P003076,L00419,3,2025-12-06,713.24,713.24,2025-12-03,0,paid_on_time
P003077,L00436,2,2025-12-06,907.12,907.12,2025-12-03,0,paid_on_time
P003078,L00466,1,2025-12-06,555.32,555.32,2025-12-09,3,paid_late
P003079,L00027,93,2025-12-07,1544.11,1544.11,2025-12-06,0,paid_on_time
P003080,L00034,80,2025-12-07,1413.29,1413.29,2025-12-06,0,paid_on_time
P003081,L00045,61,2025-12-07,590.41,590.41,2025-12-07,0,paid_on_time
P003082,L00061,49,2025-12-07,1314.35,1314.35,2025-12-04,0,paid_on_time
P003083,L00102,37,2025-12-07,610.13,610.13,2025-12-05,0,paid_on_time
P003084,L00107,36,2025-12-07,4136.88,4136.88,2025-12-07,0,paid_on_time
P003085,L00142,31,2025-12-07,122.37,122.37,2025-12-04,0,paid_on_time
P003086,L00148,30,2025-12-07,1896.41,1896.41,2025-12-06,0,paid_on_time
P003087,L00208,21,2025-12-07,1156.32,1156.32,2025-12-04,0,paid_on_time
P003088,L00224,19,2025-12-07,223.06,223.06,2025-12-07,0,paid_on_time
P003089,L00275,12,2025-12-07,495.73,495.73,2025-12-07,0,paid_on_time
P003090,L00282,11,2025-12-07,255.88,255.88,2025-12-05,0,paid_on_time
P003091,L00342,7,2025-12-07,696.53,696.53,2025-12-05,0,paid_on_time
P003092,L00024,96,2025-12-08,1195.78,1195.78,2025-12-05,0,paid_on_time
P003093,L00046,61,2025-12-08,2692.31,2692.31,2025-12-07,0,paid_on_time
P003094,L00050,56,2025-12-08,5006.45,5006.45,2025-12-07,0,paid_on_time
P003095,L00149,30,2025-12-08,180.6,180.6,2025-12-07,0,paid_on_time
P003096,L00232,18,2025-12-08,588.41,588.41,2025-12-06,0,paid_on_time
P003097,L00309,9,2025-12-08,455.35,455.35,2025-12-07,0,paid_on_time
P003098,L00310,9,2025-12-08,684.21,684.21,2025-12-23,15,paid_late
P003099,L00323,8,2025-12-08,133.22,133.22,2025-12-07,0,paid_on_time
P003100,L00324,8,2025-12-08,464.16,464.16,2025-12-08,0,paid_on_time
P003101,L00343,7,2025-12-08,730.44,730.44,2025-12-05,0,paid_on_time
P003102,L00467,1,2025-12-08,282.81,282.81,2025-12-05,0,paid_on_time
P003103,L00468,1,2025-12-08,383.54,383.54,2025-12-05,0,paid_on_time
P003104,L00005,147,2025-12-09,3714.26,3714.26,2025-12-08,0,paid_on_time
P003105,L00031,88,2025-12-09,1166.25,1166.25,2025-12-06,0,paid_on_time
P003106,L00047,61,2025-12-09,1631.14,1631.14,2025-12-09,0,paid_on_time
P003107,L00052,54,2025-12-09,458.96,458.96,2025-12-08,0,paid_on_time
P003108,L00056,52,2025-12-09,1887.49,1887.49,2025-12-07,0,paid_on_time
P003109,L00164,28,2025-12-09,463.93,463.93,2025-12-08,0,paid_on_time
P003110,L00165,28,2025-12-09,900.5,900.5,2025-12-09,0,paid_on_time
P003111,L00167,27,2025-12-09,494.06,494.06,2025-12-09,0,paid_on_time
P003112,L00209,21,2025-12-09,895.87,895.87,2025-12-09,0,paid_on_time
P003113,L00225,19,2025-12-09,443.16,443.16,2025-12-07,0,paid_on_time
P003114,L00366,6,2025-12-09,1391.7,1391.7,2025-12-07,0,paid_on_time
P003115,L00367,6,2025-12-09,781.07,781.07,2025-12-09,0,paid_on_time
P003116,L00378,5,2025-12-09,255.87,255.87,2025-12-06,0,paid_on_time
P003117,L00379,5,2025-12-09,275.23,275.23,2025-12-06,0,paid_on_time
P003118,L00380,5,2025-12-09,190.74,190.74,2025-12-08,0,paid_on_time
P003119,L00391,4,2025-12-09,678.65,678.65,2025-12-06,0,paid_on_time
P003120,L00437,2,2025-12-09,294.55,294.55,2025-12-08,0,paid_on_time
P003121,L00438,2,2025-12-09,796.53,796.53,2025-12-09,0,paid_on_time
P003122,L00439,2,2025-12-09,129.58,129.58,2025-12-09,0,paid_on_time
P003123,L00469,1,2025-12-09,781.35,781.35,2025-12-08,0,paid_on_time
P003124,L00010,139,2025-12-10,451.75,451.75,2025-12-08,0,paid_on_time
P003125,L00040,66,2025-12-10,1154.04,1154.04,2025-12-09,0,paid_on_time
P003126,L00060,50,2025-12-10,242.9,242.9,2025-12-08,0,paid_on_time
P003127,L00082,43,2025-12-10,1374.6,1374.6,2025-12-08,0,paid_on_time
P003128,L00088,41,2025-12-10,604.18,604.18,2025-12-07,0,paid_on_time
P003129,L00134,32,2025-12-10,132.34,132.34,2025-12-08,0,paid_on_time
P003130,L00168,27,2025-12-10,425.1,425.1,2025-12-09,0,paid_on_time
P003131,L00182,25,2025-12-10,170.77,170.77,2025-12-08,0,paid_on_time
P003132,L00183,25,2025-12-10,1116.86,1116.86,2025-12-07,0,paid_on_time
P003133,L00241,17,2025-12-10,417.0,417.0,2025-12-12,2,paid_late
P003134,L00299,10,2025-12-10,374.07,374.07,2025-12-10,0,paid_on_time
P003135,L00300,10,2025-12-10,3088.53,3088.53,2025-12-09,0,paid_on_time
P003136,L00326,8,2025-12-10,339.05,339.05,2025-12-07,0,paid_on_time
P003137,L00344,7,2025-12-10,532.44,532.44,2025-12-08,0,paid_on_time
P003138,L00345,7,2025-12-10,302.08,302.08,2025-12-09,0,paid_on_time
P003139,L00368,6,2025-12-10,584.55,584.55,2025-12-10,0,paid_on_time
P003140,L00392,4,2025-12-10,765.21,765.21,2025-12-09,0,paid_on_time
P003141,L00470,1,2025-12-10,1226.05,1226.05,2025-12-08,0,paid_on_time
P003142,L00023,100,2025-12-11,1669.64,1669.64,2025-12-09,0,paid_on_time
P003143,L00076,46,2025-12-11,750.21,750.21,2025-12-11,0,paid_on_time
P003144,L00103,37,2025-12-11,477.21,477.21,2025-12-11,0,paid_on_time
P003145,L00111,35,2025-12-11,327.8,327.8,2025-12-10,0,paid_on_time
P003146,L00119,34,2025-12-11,704.37,704.37,2025-12-08,0,paid_on_time
P003147,L00126,33,2025-12-11,1005.72,1005.72,2025-12-10,0,paid_on_time
P003148,L00127,33,2025-12-11,352.26,352.26,2025-12-08,0,paid_on_time
P003149,L00158,29,2025-12-11,244.75,244.75,2025-12-10,0,paid_on_time
P003150,L00185,24,2025-12-11,1831.67,1831.67,2025-12-09,0,paid_on_time
P003151,L00254,15,2025-12-11,5962.35,5962.35,2025-12-09,0,paid_on_time
P003152,L00255,15,2025-12-11,391.11,391.11,2025-12-09,0,paid_on_time
P003153,L00256,15,2025-12-11,2046.78,0.0,,31,unpaid
P003154,L00382,5,2025-12-11,806.73,806.73,2025-12-08,0,paid_on_time
P003155,L00420,3,2025-12-11,1635.03,1635.03,2025-12-08,0,paid_on_time
P003156,L00440,2,2025-12-11,385.78,385.78,2025-12-09,0,paid_on_time
P003157,L00054,53,2025-12-12,1005.95,1005.95,2025-12-11,0,paid_on_time
P003158,L00062,49,2025-12-12,998.23,998.23,2025-12-09,0,paid_on_time
P003159,L00070,47,2025-12-12,436.33,436.33,2025-12-10,0,paid_on_time
P003160,L00108,36,2025-12-12,297.58,297.58,2025-12-09,0,paid_on_time
P003161,L00112,35,2025-12-12,389.58,389.58,2025-12-10,0,paid_on_time
P003162,L00186,24,2025-12-12,461.26,461.26,2025-12-20,8,paid_late
P003163,L00276,12,2025-12-12,443.67,443.67,2025-12-11,0,paid_on_time
P003164,L00301,10,2025-12-12,652.3,652.3,2025-12-12,0,paid_on_time
P003165,L00311,9,2025-12-12,4060.3,4060.3,2025-12-11,0,paid_on_time
P003166,L00369,6,2025-12-12,374.81,374.81,2025-12-10,0,paid_on_time
P003167,L00393,4,2025-12-12,4337.53,4337.53,2025-12-12,0,paid_on_time
P003168,L00471,1,2025-12-12,453.36,453.36,2025-12-09,0,paid_on_time
P003169,L00015,118,2025-12-13,2722.75,2722.75,2025-12-11,0,paid_on_time
P003170,L00038,70,2025-12-13,1052.17,1052.17,2025-12-13,0,paid_on_time
P003171,L00064,48,2025-12-13,728.42,728.42,2025-12-13,0,paid_on_time
P003172,L00077,46,2025-12-13,1213.63,1213.63,2025-12-10,0,paid_on_time
P003173,L00128,33,2025-12-13,731.01,731.01,2025-12-19,6,paid_late
P003174,L00176,26,2025-12-13,1207.63,1207.63,2025-12-10,0,paid_on_time
P003175,L00187,24,2025-12-13,794.79,794.79,2025-12-13,0,paid_on_time
P003176,L00193,23,2025-12-13,889.34,889.34,2025-12-11,0,paid_on_time
P003177,L00203,22,2025-12-13,312.96,312.96,2026-01-06,24,paid_late
P003178,L00233,18,2025-12-13,3312.12,3312.12,2025-12-13,0,paid_on_time
P003179,L00261,14,2025-12-13,135.87,135.87,2025-12-13,0,paid_on_time
P003180,L00283,11,2025-12-13,576.26,576.26,2025-12-11,0,paid_on_time
P003181,L00312,9,2025-12-13,570.92,570.92,2025-12-13,0,paid_on_time
P003182,L00383,5,2025-12-13,243.05,243.05,2025-12-12,0,paid_on_time
P003183,L00441,2,2025-12-13,586.41,586.41,2025-12-10,0,paid_on_time
P003184,L00442,2,2025-12-13,200.28,200.28,2025-12-11,0,paid_on_time
P003185,L00443,2,2025-12-13,1226.06,1226.06,2025-12-13,0,paid_on_time
P003186,L00018,113,2025-12-14,5555.18,5555.18,2025-12-13,0,paid_on_time
P003187,L00063,49,2025-12-14,1407.73,1407.73,2025-12-14,0,paid_on_time
P003188,L00095,39,2025-12-14,493.83,493.83,2025-12-14,0,paid_on_time
P003189,L00150,30,2025-12-14,693.8,693.8,2025-12-11,0,paid_on_time
P003190,L00194,23,2025-12-14,708.28,708.28,2025-12-14,0,paid_on_time
P003191,L00195,23,2025-12-14,506.14,506.14,2026-02-04,52,paid_late
P003192,L00204,22,2025-12-14,941.27,941.27,2025-12-12,0,paid_on_time
P003193,L00271,13,2025-12-14,485.42,485.42,2025-12-14,0,paid_on_time
P003194,L00284,11,2025-12-14,307.56,307.56,2025-12-14,0,paid_on_time
P003195,L00327,8,2025-12-14,205.7,205.7,2025-12-11,0,paid_on_time
P003196,L00328,8,2025-12-14,614.18,614.18,2025-12-12,0,paid_on_time
P003197,L00370,6,2025-12-14,447.8,447.8,2025-12-11,0,paid_on_time
P003198,L00394,4,2025-12-14,393.33,393.33,2025-12-14,0,paid_on_time
P003199,L00472,1,2025-12-14,321.08,321.08,2025-12-11,0,paid_on_time
P003200,L00043,62,2025-12-15,1040.6,1040.6,2025-12-15,0,paid_on_time
P003201,L00104,37,2025-12-15,442.08,442.08,2025-12-14,0,paid_on_time
P003202,L00120,34,2025-12-15,262.87,262.87,2025-12-14,0,paid_on_time
P003203,L00205,22,2025-12-15,418.6,418.6,2026-03-14,89,paid_late
P003204,L00216,20,2025-12-15,962.26,962.26,2025-12-12,0,paid_on_time
P003205,L00226,19,2025-12-15,904.35,904.35,2025-12-13,0,paid_on_time
P003206,L00277,12,2025-12-15,689.78,689.78,2026-01-23,39,paid_late
P003207,L00285,11,2025-12-15,4637.41,4637.41,2025-12-14,0,paid_on_time
P003208,L00330,8,2025-12-15,562.56,562.56,2025-12-15,0,paid_on_time
P003209,L00473,1,2025-12-15,807.6,807.6,2025-12-12,0,paid_on_time
P003210,L00017,114,2025-12-16,1399.27,1399.27,2025-12-14,0,paid_on_time
P003211,L00033,82,2025-12-16,488.18,488.18,2025-12-16,0,paid_on_time
P003212,L00035,79,2025-12-16,2474.76,2474.76,2025-12-13,0,paid_on_time
P003213,L00121,34,2025-12-16,1741.4,1741.4,2025-12-15,0,paid_on_time
P003214,L00151,30,2025-12-16,230.11,230.11,2025-12-15,0,paid_on_time
P003215,L00210,21,2025-12-16,1078.93,1078.93,2025-12-16,0,paid_on_time
P003216,L00227,19,2025-12-16,545.86,545.86,2025-12-13,0,paid_on_time
P003217,L00234,18,2025-12-16,659.89,659.89,2025-12-14,0,paid_on_time
P003218,L00248,16,2025-12-16,2095.25,2095.25,2025-12-14,0,paid_on_time
P003219,L00286,11,2025-12-16,629.76,629.76,2025-12-14,0,paid_on_time
P003220,L00287,11,2025-12-16,361.67,361.67,2025-12-15,0,paid_on_time
P003221,L00314,9,2025-12-16,133.26,133.26,2025-12-13,0,paid_on_time
P003222,L00347,7,2025-12-16,622.05,622.05,2025-12-15,0,paid_on_time
P003223,L00384,5,2025-12-16,673.49,673.49,2025-12-29,13,paid_late
P003224,L00395,4,2025-12-16,345.71,345.71,2025-12-30,14,paid_late
P003225,L00421,3,2025-12-16,244.98,244.98,2025-12-15,0,paid_on_time
P003226,L00444,2,2025-12-16,449.21,449.21,2025-12-16,0,paid_on_time
P003227,L00474,1,2025-12-16,1190.95,1190.95,2025-12-14,0,paid_on_time
P003228,L00006,145,2025-12-17,1297.93,1297.93,2025-12-15,0,paid_on_time
P003229,L00042,64,2025-12-17,702.79,702.79,2025-12-17,0,paid_on_time
P003230,L00044,62,2025-12-17,999.08,999.08,2025-12-15,0,paid_on_time
P003231,L00055,53,2025-12-17,495.46,495.46,2025-12-14,0,paid_on_time
P003232,L00096,39,2025-12-17,3809.24,3809.24,2025-12-14,0,paid_on_time
P003233,L00122,34,2025-12-17,396.75,396.75,2025-12-26,9,paid_late
P003234,L00129,33,2025-12-17,5383.46,5383.46,2025-12-17,0,paid_on_time
P003235,L00135,32,2025-12-17,1392.09,1392.09,2025-12-14,0,paid_on_time
P003236,L00228,19,2025-12-17,151.67,151.67,2025-12-14,0,paid_on_time
P003237,L00257,15,2025-12-17,328.84,328.84,2025-12-14,0,paid_on_time
P003238,L00288,11,2025-12-17,160.56,0.0,,90,unpaid
P003239,L00289,11,2025-12-17,327.34,327.34,2025-12-15,0,paid_on_time
P003240,L00315,9,2025-12-17,1369.79,1369.79,2025-12-14,0,paid_on_time
P003241,L00331,8,2025-12-17,186.73,186.73,2025-12-16,0,paid_on_time
P003242,L00385,5,2025-12-17,329.97,329.97,2025-12-15,0,paid_on_time
P003243,L00396,4,2025-12-17,534.54,534.54,2025-12-15,0,paid_on_time
P003244,L00397,4,2025-12-17,419.44,419.44,2025-12-15,0,paid_on_time
P003245,L00445,2,2025-12-17,1607.75,1607.75,2025-12-17,0,paid_on_time
P003246,L00446,2,2025-12-17,1134.61,1134.61,2026-01-04,18,paid_late
P003247,L00016,116,2025-12-18,2087.02,2087.02,2025-12-16,0,paid_on_time
P003248,L00026,95,2025-12-18,1366.27,1366.27,2025-12-16,0,paid_on_time
P003249,L00089,41,2025-12-18,1358.89,1358.89,2025-12-17,0,paid_on_time
P003250,L00169,27,2025-12-18,406.69,406.69,2025-12-18,0,paid_on_time
P003251,L00206,22,2025-12-18,1805.79,1805.79,2025-12-18,0,paid_on_time
P003252,L00217,20,2025-12-18,230.93,230.93,2025-12-18,0,paid_on_time
P003253,L00262,14,2025-12-18,244.62,244.62,2026-01-20,33,paid_late
P003254,L00290,11,2025-12-18,729.21,729.21,2026-01-01,14,paid_late
P003255,L00302,10,2025-12-18,528.31,528.31,2025-12-18,0,paid_on_time
P003256,L00316,9,2025-12-18,488.8,488.8,2025-12-15,0,paid_on_time
P003257,L00332,8,2025-12-18,1160.99,1160.99,2025-12-15,0,paid_on_time
P003258,L00349,7,2025-12-18,732.05,732.05,2025-12-15,0,paid_on_time
P003259,L00371,6,2025-12-18,668.17,668.17,2025-12-15,0,paid_on_time
P003260,L00398,4,2025-12-18,914.52,914.52,2025-12-17,0,paid_on_time
P003261,L00422,3,2025-12-18,620.56,620.56,2025-12-18,0,paid_on_time
P003262,L00001,154,2025-12-19,872.89,872.89,2025-12-18,0,paid_on_time
P003263,L00013,124,2025-12-19,947.9,947.9,2025-12-19,0,paid_on_time
P003264,L00014,122,2025-12-19,3544.09,3544.09,2025-12-17,0,paid_on_time
P003265,L00020,108,2025-12-19,599.02,599.02,2025-12-18,0,paid_on_time
P003266,L00028,92,2025-12-19,859.63,859.63,2025-12-16,0,paid_on_time
P003267,L00083,43,2025-12-19,170.36,170.36,2025-12-19,0,paid_on_time
P003268,L00090,41,2025-12-19,940.56,940.56,2025-12-18,0,paid_on_time
P003269,L00091,41,2025-12-19,333.65,333.65,2025-12-19,0,paid_on_time
P003270,L00130,33,2025-12-19,891.36,891.36,2025-12-17,0,paid_on_time
P003271,L00152,30,2025-12-19,189.02,189.02,2025-12-16,0,paid_on_time
P003272,L00350,7,2025-12-19,913.36,913.36,2025-12-19,0,paid_on_time
P003273,L00399,4,2025-12-19,319.53,319.53,2025-12-17,0,paid_on_time
P003274,L00032,84,2025-12-20,1649.77,1649.77,2025-12-19,0,paid_on_time
P003275,L00131,33,2025-12-20,1276.47,1276.47,2025-12-20,0,paid_on_time
P003276,L00154,30,2025-12-20,313.1,313.1,2026-02-24,66,paid_late
P003277,L00170,27,2025-12-20,1120.0,1120.0,2025-12-18,0,paid_on_time
P003278,L00291,11,2025-12-20,1254.39,1254.39,2025-12-19,0,paid_on_time
P003279,L00317,9,2025-12-20,690.9,690.9,2026-01-02,13,paid_late
P003280,L00333,8,2025-12-20,328.96,328.96,2025-12-19,0,paid_on_time
P003281,L00351,7,2025-12-20,281.71,281.71,2025-12-17,0,paid_on_time
P003282,L00386,5,2025-12-20,636.78,636.78,2025-12-17,0,paid_on_time
P003283,L00400,4,2025-12-20,1657.16,1657.16,2025-12-18,0,paid_on_time
P003284,L00423,3,2025-12-20,1390.3,1390.3,2025-12-20,0,paid_on_time
P003285,L00424,3,2025-12-20,372.69,372.69,2025-12-18,0,paid_on_time
P003286,L00078,45,2025-12-21,434.96,434.96,2025-12-19,0,paid_on_time
P003287,L00084,43,2025-12-21,352.49,352.49,2025-12-19,0,paid_on_time
P003288,L00097,39,2025-12-21,1660.09,1660.09,2025-12-19,0,paid_on_time
P003289,L00159,29,2025-12-21,813.68,813.68,2026-01-03,13,paid_late
P003290,L00160,29,2025-12-21,3164.49,3164.49,2025-12-20,0,paid_on_time
P003291,L00188,24,2025-12-21,1216.68,1216.68,2025-12-19,0,paid_on_time
P003292,L00218,20,2025-12-21,3945.26,3945.26,2025-12-18,0,paid_on_time
P003293,L00242,17,2025-12-21,450.32,450.32,2025-12-19,0,paid_on_time
P003294,L00263,14,2025-12-21,846.87,846.87,2025-12-18,0,paid_on_time
P003295,L00303,10,2025-12-21,3623.36,3623.36,2025-12-19,0,paid_on_time
P003296,L00352,7,2025-12-21,1279.4,1279.4,2025-12-18,0,paid_on_time
P003297,L00387,5,2025-12-21,476.49,476.49,2025-12-20,0,paid_on_time
P003298,L00401,4,2025-12-21,195.99,195.99,2025-12-20,0,paid_on_time
P003299,L00425,3,2025-12-21,485.11,485.11,2026-01-09,19,paid_late
P003300,L00426,3,2025-12-21,768.32,768.32,2025-12-20,0,paid_on_time
P003301,L00447,2,2025-12-21,651.06,651.06,2025-12-18,0,paid_on_time
P003302,L00008,142,2025-12-22,1043.51,1043.51,2025-12-20,0,paid_on_time
P003303,L00049,57,2025-12-22,3041.98,3041.98,2025-12-20,0,paid_on_time
P003304,L00098,39,2025-12-22,1385.41,1385.41,2025-12-21,0,paid_on_time
P003305,L00113,35,2025-12-22,677.07,677.07,2025-12-22,0,paid_on_time
P003306,L00132,33,2025-12-22,238.38,238.38,2025-12-20,0,paid_on_time
P003307,L00189,24,2025-12-22,142.38,142.38,2025-12-21,0,paid_on_time
P003308,L00229,19,2025-12-22,696.96,696.96,2025-12-21,0,paid_on_time
P003309,L00264,14,2025-12-22,299.57,299.57,2025-12-19,0,paid_on_time
P003310,L00279,12,2025-12-22,506.59,506.59,2025-12-22,0,paid_on_time
P003311,L00304,10,2025-12-22,191.99,191.99,2025-12-21,0,paid_on_time
P003312,L00353,7,2025-12-22,401.58,401.58,2025-12-19,0,paid_on_time
P003313,L00402,4,2025-12-22,847.17,847.17,2025-12-22,0,paid_on_time
P003314,L00403,4,2025-12-22,249.32,249.32,2025-12-20,0,paid_on_time
P003315,L00427,3,2025-12-22,638.1,0.0,,62,unpaid
P003316,L00475,1,2025-12-22,793.79,793.79,2025-12-19,0,paid_on_time
P003317,L00012,132,2025-12-23,2313.25,2313.25,2025-12-21,0,paid_on_time
P003318,L00036,73,2025-12-23,5425.67,5425.67,2025-12-20,0,paid_on_time
P003319,L00041,65,2025-12-23,1241.28,1241.28,2025-12-21,0,paid_on_time
P003320,L00071,47,2025-12-23,561.59,561.59,2025-12-21,0,paid_on_time
P003321,L00080,44,2025-12-23,3899.39,3899.39,2025-12-21,0,paid_on_time
P003322,L00123,34,2025-12-23,509.28,509.28,2026-01-14,22,paid_late
P003323,L00161,29,2025-12-23,2812.43,2812.43,2025-12-22,0,paid_on_time
P003324,L00196,23,2025-12-23,152.51,152.51,2026-01-08,16,paid_late
P003325,L00211,21,2025-12-23,175.17,175.17,2025-12-22,0,paid_on_time
P003326,L00219,20,2025-12-23,2801.45,2801.45,2025-12-22,0,paid_on_time
P003327,L00249,16,2025-12-23,648.22,648.22,2025-12-21,0,paid_on_time
P003328,L00265,14,2025-12-23,883.61,883.61,2025-12-23,0,paid_on_time
P003329,L00292,11,2025-12-23,791.09,791.09,2025-12-22,0,paid_on_time
P003330,L00334,8,2025-12-23,325.36,325.36,2025-12-21,0,paid_on_time
P003331,L00354,7,2025-12-23,807.03,807.03,2025-12-23,0,paid_on_time
P003332,L00355,7,2025-12-23,915.73,915.73,2025-12-23,0,paid_on_time
P003333,L00372,6,2025-12-23,187.18,187.18,2026-01-02,10,paid_late
P003334,L00388,5,2025-12-23,392.01,392.01,2025-12-23,0,paid_on_time
P003335,L00428,3,2025-12-23,117.11,117.11,2025-12-22,0,paid_on_time
P003336,L00476,1,2025-12-23,412.78,412.78,2025-12-20,0,paid_on_time
P003337,L00072,47,2025-12-24,1714.68,1714.68,2025-12-23,0,paid_on_time
P003338,L00143,31,2025-12-24,369.61,369.61,2025-12-23,0,paid_on_time
P003339,L00171,27,2025-12-24,378.47,378.47,2025-12-23,0,paid_on_time
P003340,L00172,27,2025-12-24,246.44,246.44,2025-12-23,0,paid_on_time
P003341,L00197,23,2025-12-24,4082.86,4082.86,2025-12-23,0,paid_on_time
P003342,L00243,17,2025-12-24,4829.64,4829.64,2025-12-23,0,paid_on_time
P003343,L00293,11,2025-12-24,715.78,715.78,2025-12-21,0,paid_on_time
P003344,L00318,9,2025-12-24,785.27,785.27,2025-12-22,0,paid_on_time
P003345,L00356,7,2025-12-24,151.33,151.33,2025-12-24,0,paid_on_time
P003346,L00373,6,2025-12-24,507.47,507.47,2025-12-24,0,paid_on_time
P003347,L00448,2,2025-12-24,1122.07,1122.07,2025-12-22,0,paid_on_time
P003348,L00039,68,2025-12-25,2154.36,2154.36,2025-12-22,0,paid_on_time
P003349,L00085,43,2025-12-25,615.22,615.22,2025-12-29,4,paid_late
P003350,L00094,40,2025-12-25,798.81,798.81,2025-12-24,0,paid_on_time
P003351,L00144,31,2025-12-25,1999.88,1999.88,2025-12-23,0,paid_on_time
P003352,L00190,24,2025-12-25,668.94,668.94,2025-12-25,0,paid_on_time
P003353,L00235,18,2025-12-25,180.38,180.38,2025-12-23,0,paid_on_time
P003354,L00236,18,2025-12-25,379.28,379.28,2025-12-23,0,paid_on_time
P003355,L00237,18,2025-12-25,1577.72,1577.72,2025-12-23,0,paid_on_time
P003356,L00244,17,2025-12-25,797.65,797.65,2025-12-22,0,paid_on_time
P003357,L00335,8,2025-12-25,292.08,292.08,2025-12-23,0,paid_on_time
P003358,L00404,4,2025-12-25,800.98,800.98,2025-12-24,0,paid_on_time
P003359,L00405,4,2025-12-25,325.9,325.9,2025-12-24,0,paid_on_time
P003360,L00406,4,2025-12-25,516.67,516.67,2025-12-22,0,paid_on_time
P003361,L00449,2,2025-12-25,967.38,967.38,2025-12-22,0,paid_on_time
P003362,L00030,89,2025-12-26,1332.55,1332.55,2025-12-24,0,paid_on_time
P003363,L00037,73,2025-12-26,684.3,684.3,2025-12-25,0,paid_on_time
P003364,L00073,47,2025-12-26,313.76,313.76,2025-12-23,0,paid_on_time
P003365,L00087,42,2025-12-26,485.7,485.7,2025-12-26,0,paid_on_time
P003366,L00137,32,2025-12-26,328.82,328.82,2025-12-23,0,paid_on_time
P003367,L00145,31,2025-12-26,783.93,783.93,2025-12-23,0,paid_on_time
P003368,L00178,26,2025-12-26,1322.66,1322.66,2025-12-24,0,paid_on_time
P003369,L00198,23,2025-12-26,353.93,353.93,2025-12-25,0,paid_on_time
P003370,L00266,14,2025-12-26,196.46,196.46,2025-12-26,0,paid_on_time
P003371,L00306,10,2025-12-26,386.96,386.96,2025-12-24,0,paid_on_time
P003372,L00374,6,2025-12-26,759.66,759.66,2025-12-26,0,paid_on_time
P003373,L00389,5,2025-12-26,547.48,547.48,2025-12-25,0,paid_on_time
P003374,L00429,3,2025-12-26,1035.18,1035.18,2025-12-26,0,paid_on_time
P003375,L00007,143,2025-12-27,1181.6,1181.6,2025-12-24,0,paid_on_time
P003376,L00009,141,2025-12-27,1014.74,1014.74,2025-12-27,0,paid_on_time
P003377,L00074,47,2025-12-27,1814.09,1814.09,2025-12-26,0,paid_on_time
P003378,L00357,7,2025-12-27,705.03,705.03,2026-02-06,41,paid_late
P003379,L00450,2,2025-12-27,555.25,555.25,2025-12-29,2,paid_late
P003380,L00451,2,2025-12-27,519.15,519.15,2025-12-25,0,paid_on_time
P003381,L00452,2,2025-12-27,211.98,211.98,2025-12-25,0,paid_on_time
P003382,L00477,1,2025-12-27,457.61,457.61,2025-12-24,0,paid_on_time
P003383,L00022,101,2025-12-28,1038.84,1038.84,2025-12-25,0,paid_on_time
P003384,L00057,52,2025-12-28,603.0,603.0,2025-12-27,0,paid_on_time
P003385,L00065,48,2025-12-28,1911.1,1911.1,2026-01-02,5,paid_late
P003386,L00079,45,2025-12-28,553.36,553.36,2025-12-28,0,paid_on_time
P003387,L00081,44,2025-12-28,487.74,487.74,2025-12-26,0,paid_on_time
P003388,L00086,43,2025-12-28,542.24,542.24,2025-12-25,0,paid_on_time
P003389,L00114,35,2025-12-28,1545.46,1545.46,2025-12-25,0,paid_on_time
P003390,L00115,35,2025-12-28,581.64,581.64,2025-12-28,0,paid_on_time
P003391,L00116,35,2025-12-28,4765.2,4765.2,2025-12-26,0,paid_on_time
P003392,L00117,35,2025-12-28,1642.14,1642.14,2025-12-28,0,paid_on_time
P003393,L00138,32,2025-12-28,475.85,475.85,2025-12-26,0,paid_on_time
P003394,L00156,30,2025-12-28,856.46,856.46,2025-12-28,0,paid_on_time
P003395,L00173,27,2025-12-28,746.3,746.3,2025-12-25,0,paid_on_time
P003396,L00191,24,2025-12-28,936.13,936.13,2025-12-28,0,paid_on_time
P003397,L00199,23,2025-12-28,613.67,613.67,2025-12-25,0,paid_on_time
P003398,L00200,23,2025-12-28,253.76,253.76,2026-03-10,72,paid_late
P003399,L00207,22,2025-12-28,252.74,252.74,2025-12-25,0,paid_on_time
P003400,L00213,21,2025-12-28,767.71,767.71,2025-12-27,0,paid_on_time
P003401,L00220,20,2025-12-28,596.29,596.29,2025-12-26,0,paid_on_time
P003402,L00238,18,2025-12-28,893.78,893.78,2026-01-02,5,paid_late
P003403,L00245,17,2025-12-28,2175.35,2175.35,2025-12-26,0,paid_on_time
P003404,L00246,17,2025-12-28,1166.75,1166.75,2025-12-26,0,paid_on_time
P003405,L00250,16,2025-12-28,169.37,169.37,2025-12-25,0,paid_on_time
P003406,L00272,13,2025-12-28,197.04,197.04,2025-12-26,0,paid_on_time
P003407,L00280,12,2025-12-28,2010.72,2010.72,2025-12-28,0,paid_on_time
P003408,L00281,12,2025-12-28,2776.0,2776.0,2025-12-27,0,paid_on_time
P003409,L00294,11,2025-12-28,2580.19,2580.19,2025-12-25,0,paid_on_time
P003410,L00295,11,2025-12-28,2738.06,2738.06,2025-12-27,0,paid_on_time
P003411,L00319,9,2025-12-28,1044.26,1044.26,2025-12-27,0,paid_on_time
P003412,L00336,8,2025-12-28,761.18,761.18,2025-12-25,0,paid_on_time
P003413,L00358,7,2025-12-28,1505.57,1505.57,2025-12-28,0,paid_on_time
P003414,L00359,7,2025-12-28,399.48,399.48,2025-12-27,0,paid_on_time
P003415,L00360,7,2025-12-28,365.61,365.61,2025-12-26,0,paid_on_time
P003416,L00375,6,2025-12-28,93.58,93.58,2025-12-26,0,paid_on_time
P003417,L00390,5,2025-12-28,393.57,393.57,2025-12-25,0,paid_on_time
P003418,L00407,4,2025-12-28,470.34,470.34,2025-12-28,0,paid_on_time
P003419,L00408,4,2025-12-28,954.6,954.6,2025-12-25,0,paid_on_time
P003420,L00409,4,2025-12-28,3818.88,3818.88,2026-01-24,27,paid_late
P003421,L00410,4,2025-12-28,336.89,336.89,2025-12-28,0,paid_on_time
P003422,L00430,3,2025-12-28,437.06,437.06,2025-12-28,0,paid_on_time
P003423,L00431,3,2025-12-28,262.85,262.85,2025-12-28,0,paid_on_time
P003424,L00432,3,2025-12-28,311.98,311.98,2025-12-28,0,paid_on_time
P003425,L00433,3,2025-12-28,152.15,152.15,2025-12-26,0,paid_on_time
P003426,L00453,2,2025-12-28,255.21,255.21,2025-12-28,0,paid_on_time
P003427,L00454,2,2025-12-28,460.82,460.82,2025-12-25,0,paid_on_time
P003428,L00455,2,2025-12-28,664.95,664.95,2025-12-28,0,paid_on_time
P003429,L00456,2,2025-12-28,936.55,936.55,2025-12-28,0,paid_on_time
P003430,L00457,2,2025-12-28,449.08,449.08,2025-12-25,0,paid_on_time
P003431,L00458,2,2025-12-28,277.89,277.89,2026-01-07,10,paid_late
P003432,L00478,1,2025-12-28,929.98,929.98,2025-12-25,0,paid_on_time
P003433,L00479,1,2025-12-28,403.75,403.75,2025-12-28,0,paid_on_time
P003434,L00480,1,2025-12-28,449.17,449.17,2026-01-01,4,paid_late
P003435,L00481,1,2025-12-28,876.87,876.87,2025-12-25,0,paid_on_time
P003436,L00482,1,2025-12-28,234.31,234.31,2025-12-27,0,paid_on_time
P003437,L00483,1,2025-12-28,411.18,411.18,2025-12-26,0,paid_on_time
P003438,L00066,48,2026-01-01,856.43,856.43,2025-12-29,0,paid_on_time
P003439,L00067,48,2026-01-01,5150.69,5150.69,2025-12-29,0,paid_on_time
P003440,L00099,38,2026-01-01,1471.68,1471.68,2026-01-23,22,paid_late
P003441,L00100,38,2026-01-01,1187.24,1187.24,2025-12-31,0,paid_on_time
P003442,L00109,36,2026-01-01,2101.11,2101.11,2025-12-29,0,paid_on_time
P003443,L00157,30,2026-01-01,328.41,328.41,2025-12-30,0,paid_on_time
P003444,L00268,14,2026-01-01,3738.67,3738.67,2025-12-31,0,paid_on_time
P003445,L00337,8,2026-01-01,382.73,382.73,2026-01-01,0,paid_on_time
P003446,L00361,7,2026-01-01,421.04,421.04,2025-12-30,0,paid_on_time
P003447,L00362,7,2026-01-01,129.75,129.75,2025-12-30,0,paid_on_time
P003448,L00376,6,2026-01-01,371.84,371.84,2025-12-31,0,paid_on_time
P003449,L00411,4,2026-01-01,725.51,725.51,2026-01-01,0,paid_on_time
P003450,L00412,4,2026-01-01,494.69,494.69,2025-12-30,0,paid_on_time
P003451,L00459,2,2026-01-01,917.2,917.2,2025-12-31,0,paid_on_time
P003452,L00011,137,2026-01-02,3685.16,3685.16,2026-01-01,0,paid_on_time
P003453,L00025,96,2026-01-02,873.16,873.16,2025-12-30,0,paid_on_time
P003454,L00048,58,2026-01-02,3101.68,3101.68,2026-01-01,0,paid_on_time
P003455,L00124,34,2026-01-02,1451.35,1451.35,2026-01-24,22,paid_late
P003456,L00133,33,2026-01-02,4939.5,4939.5,2025-12-31,0,paid_on_time
P003457,L00174,27,2026-01-02,588.33,588.33,2025-12-31,0,paid_on_time
P003458,L00221,20,2026-01-02,90.7,90.7,2025-12-30,0,paid_on_time
P003459,L00251,16,2026-01-02,360.6,360.6,2026-01-02,0,paid_on_time
P003460,L00258,15,2026-01-02,2005.5,2005.5,2026-01-02,0,paid_on_time
P003461,L00273,13,2026-01-02,696.31,696.31,2026-01-26,24,paid_late
P003462,L00307,10,2026-01-02,641.01,641.01,2025-12-30,0,paid_on_time
P003463,L00321,9,2026-01-02,155.78,155.78,2026-01-02,0,paid_on_time
P003464,L00322,9,2026-01-02,482.32,482.32,2025-12-31,0,paid_on_time
P003465,L00338,8,2026-01-02,544.77,544.77,2025-12-30,0,paid_on_time
P003466,L00413,4,2026-01-02,590.44,590.44,2025-12-30,0,paid_on_time
P003467,L00460,2,2026-01-02,489.77,489.77,2025-12-30,0,paid_on_time
P003468,L00461,2,2026-01-02,265.63,265.63,2026-01-02,0,paid_on_time
P003469,L00462,2,2026-01-02,542.44,542.44,2026-01-13,11,paid_late
P003470,L00484,1,2026-01-02,406.44,406.44,2026-01-02,0,paid_on_time
P003471,L00485,1,2026-01-02,258.48,258.48,2025-12-30,0,paid_on_time
P003472,L00486,1,2026-01-02,825.82,825.82,2026-01-02,0,paid_on_time
P003473,L00021,106,2026-01-03,1229.88,1229.88,2026-01-01,0,paid_on_time
P003474,L00075,47,2026-01-03,921.85,921.85,2025-12-31,0,paid_on_time
P003475,L00101,38,2026-01-03,420.86,420.86,2026-01-02,0,paid_on_time
P003476,L00105,37,2026-01-03,3823.79,3823.79,2026-01-19,16,paid_late
P003477,L00125,34,2026-01-03,965.75,965.75,2025-12-31,0,paid_on_time
P003478,L00141,32,2026-01-03,913.41,913.41,2025-12-31,0,paid_on_time
P003479,L00180,26,2026-01-03,1447.87,1447.87,2025-12-31,0,paid_on_time
P003480,L00230,19,2026-01-03,268.46,268.46,2026-01-01,0,paid_on_time
P003481,L00269,14,2026-01-03,334.66,334.66,2026-01-03,0,paid_on_time
P003482,L00296,11,2026-01-03,1097.72,1097.72,2026-01-02,0,paid_on_time
P003483,L00308,10,2026-01-03,98.58,98.58,2026-01-03,0,paid_on_time
P003484,L00339,8,2026-01-03,589.31,589.31,2025-12-31,0,paid_on_time
P003485,L00363,7,2026-01-03,139.31,139.31,2025-12-31,0,paid_on_time
P003486,L00364,7,2026-01-03,584.93,584.93,2026-01-02,0,paid_on_time
P003487,L00414,4,2026-01-03,410.2,410.2,2026-01-01,0,paid_on_time
P003488,L00434,3,2026-01-03,791.38,791.38,2026-01-14,11,paid_late
P003489,L00435,3,2026-01-03,2350.83,2350.83,2026-01-22,19,paid_late
P003490,L00463,2,2026-01-03,1094.9,1094.9,2026-02-12,40,paid_late
P003491,L00464,2,2026-01-03,418.46,418.46,2026-01-01,0,paid_on_time
P003492,L00487,1,2026-01-03,1012.24,1012.24,2025-12-31,0,paid_on_time
P003493,L00058,51,2026-01-04,828.64,828.64,2026-01-16,12,paid_late
P003494,L00239,18,2026-01-04,1684.67,1684.67,2026-01-03,0,paid_on_time
P003495,L00259,15,2026-01-04,182.52,182.52,2026-01-03,0,paid_on_time
P003496,L00365,7,2026-01-04,921.91,921.91,2026-01-02,0,paid_on_time
P003497,L00415,4,2026-01-04,207.66,207.66,2026-01-04,0,paid_on_time
P003498,L00416,4,2026-01-04,1103.13,1103.13,2026-01-02,0,paid_on_time
P003499,L00417,4,2026-01-04,381.76,381.76,2026-01-03,0,paid_on_time
P003500,L00465,2,2026-01-04,553.52,553.52,2026-01-02,0,paid_on_time
P003501,L00051,56,2026-01-05,1900.45,1900.45,2026-01-02,0,paid_on_time
P003502,L00068,48,2026-01-05,527.5,527.5,2026-01-04,0,paid_on_time
P003503,L00069,48,2026-01-05,1481.4,1481.4,2026-01-05,0,paid_on_time
P003504,L00092,41,2026-01-05,1072.0,1072.0,2026-01-05,0,paid_on_time
P003505,L00110,36,2026-01-05,672.22,672.22,2026-01-27,22,paid_late
P003506,L00201,23,2026-01-05,286.02,286.02,2026-01-03,0,paid_on_time
P003507,L00214,21,2026-01-05,381.85,381.85,2026-01-03,0,paid_on_time
P003508,L00222,20,2026-01-05,671.48,671.48,2026-01-02,0,paid_on_time
P003509,L00247,17,2026-01-05,69.37,69.37,2026-03-09,63,paid_late
P003510,L00252,16,2026-01-05,2944.96,2944.96,2026-01-02,0,paid_on_time
P003511,L00253,16,2026-01-05,250.97,250.97,2026-01-04,0,paid_on_time
P003512,L00260,15,2026-01-05,494.43,494.43,2026-01-04,0,paid_on_time
P003513,L00274,13,2026-01-05,403.99,403.99,2026-01-04,0,paid_on_time
P003514,L00297,11,2026-01-05,660.93,660.93,2026-01-04,0,paid_on_time
P003515,L00340,8,2026-01-05,387.29,387.29,2026-01-03,0,paid_on_time
P003516,L00488,1,2026-01-05,651.11,651.11,2026-01-03,0,paid_on_time
P003517,L00489,1,2026-01-05,259.35,259.35,2026-01-02,0,paid_on_time
P003518,L00004,148,2026-01-06,4466.2,4466.2,2026-01-05,0,paid_on_time
P003519,L00019,113,2026-01-06,2187.33,2187.33,2026-01-05,0,paid_on_time
P003520,L00053,54,2026-01-06,1030.03,1030.03,2026-01-08,2,paid_late
P003521,L00059,51,2026-01-06,626.49,626.49,2026-01-03,0,paid_on_time
P003522,L00093,41,2026-01-06,730.14,730.14,2026-01-05,0,paid_on_time
P003523,L00106,37,2026-01-06,2856.91,2856.91,2026-01-06,0,paid_on_time
P003524,L00147,31,2026-01-06,348.05,348.05,2026-01-06,0,paid_on_time
P003525,L00192,24,2026-01-06,894.21,894.21,2026-01-04,0,paid_on_time
P003526,L00202,23,2026-01-06,4839.58,4839.58,2026-01-03,0,paid_on_time
P003527,L00215,21,2026-01-06,756.59,756.59,2026-01-05,0,paid_on_time
P003528,L00223,20,2026-01-06,274.54,274.54,2026-01-03,0,paid_on_time
P003529,L00231,19,2026-01-06,728.02,728.02,2026-01-06,0,paid_on_time
P003530,L00298,11,2026-01-06,1387.32,1387.32,2026-01-05,0,paid_on_time
P003531,L00341,8,2026-01-06,393.32,393.32,2026-01-04,0,paid_on_time
P003532,L00419,4,2026-01-06,713.24,713.24,2026-01-06,0,paid_on_time
P003533,L00436,3,2026-01-06,907.12,907.12,2026-01-04,0,paid_on_time
P003534,L00466,2,2026-01-06,555.32,555.32,2026-01-04,0,paid_on_time
P003535,L00490,1,2026-01-06,649.13,649.13,2026-01-04,0,paid_on_time
P003536,L00027,94,2026-01-07,1544.11,1544.11,2026-01-07,0,paid_on_time
P003537,L00034,81,2026-01-07,1413.29,1413.29,2026-01-05,0,paid_on_time
P003538,L00045,62,2026-01-07,590.41,590.41,2026-01-04,0,paid_on_time
P003539,L00061,50,2026-01-07,1314.35,1314.35,2026-01-05,0,paid_on_time
P003540,L00102,38,2026-01-07,610.13,610.13,2026-01-04,0,paid_on_time
P003541,L00107,37,2026-01-07,4136.88,4136.88,2026-01-09,2,paid_late
P003542,L00142,32,2026-01-07,122.37,122.37,2026-01-05,0,paid_on_time
P003543,L00148,31,2026-01-07,1896.41,1896.41,2026-01-06,0,paid_on_time
P003544,L00208,22,2026-01-07,1156.32,1156.32,2026-01-06,0,paid_on_time
P003545,L00224,20,2026-01-07,223.06,223.06,2026-01-04,0,paid_on_time
P003546,L00275,13,2026-01-07,495.73,495.73,2026-01-04,0,paid_on_time
P003547,L00282,12,2026-01-07,255.88,255.88,2026-01-04,0,paid_on_time
P003548,L00342,8,2026-01-07,696.53,696.53,2026-01-05,0,paid_on_time
P003549,L00491,1,2026-01-07,759.04,759.04,2026-01-06,0,paid_on_time
P003550,L00024,97,2026-01-08,1195.78,1195.78,2026-01-06,0,paid_on_time
P003551,L00046,62,2026-01-08,2692.31,2692.31,2026-01-08,0,paid_on_time
P003552,L00050,57,2026-01-08,5006.45,5006.45,2026-01-05,0,paid_on_time
P003553,L00149,31,2026-01-08,180.6,180.6,2026-01-05,0,paid_on_time
P003554,L00232,19,2026-01-08,588.41,588.41,2026-01-06,0,paid_on_time
P003555,L00309,10,2026-01-08,455.35,455.35,2026-01-05,0,paid_on_time
P003556,L00310,10,2026-01-08,684.21,684.21,2026-01-06,0,paid_on_time
P003557,L00323,9,2026-01-08,133.22,133.22,2026-01-06,0,paid_on_time
P003558,L00324,9,2026-01-08,464.16,464.16,2026-01-08,0,paid_on_time
P003559,L00343,8,2026-01-08,730.44,730.44,2026-01-08,0,paid_on_time
P003560,L00467,2,2026-01-08,282.81,282.81,2026-01-08,0,paid_on_time
P003561,L00468,2,2026-01-08,383.54,383.54,2026-01-07,0,paid_on_time
P003562,L00492,1,2026-01-08,1327.87,1327.87,2026-01-05,0,paid_on_time
P003563,L00493,1,2026-01-08,534.87,534.87,2026-01-08,0,paid_on_time
P003564,L00005,148,2026-01-09,3714.26,3714.26,2026-01-09,0,paid_on_time
P003565,L00031,89,2026-01-09,1166.25,1166.25,2026-01-07,0,paid_on_time
P003566,L00047,62,2026-01-09,1631.14,1631.14,2026-01-09,0,paid_on_time
P003567,L00052,55,2026-01-09,458.96,458.96,2026-01-07,0,paid_on_time
P003568,L00056,53,2026-01-09,1887.49,1887.49,2026-01-07,0,paid_on_time
P003569,L00164,29,2026-01-09,463.93,463.93,2026-01-08,0,paid_on_time
P003570,L00165,29,2026-01-09,900.5,900.5,2026-01-09,0,paid_on_time
P003571,L00167,28,2026-01-09,494.06,494.06,2026-01-09,0,paid_on_time
P003572,L00209,22,2026-01-09,895.87,895.87,2026-01-08,0,paid_on_time
P003573,L00225,20,2026-01-09,443.16,443.16,2026-01-09,0,paid_on_time
P003574,L00366,7,2026-01-09,1391.7,1391.7,2026-01-06,0,paid_on_time
P003575,L00367,7,2026-01-09,781.07,781.07,2026-01-06,0,paid_on_time
P003576,L00378,6,2026-01-09,255.87,255.87,2026-01-07,0,paid_on_time
P003577,L00379,6,2026-01-09,275.23,275.23,2026-01-09,0,paid_on_time
P003578,L00380,6,2026-01-09,190.74,190.74,2026-01-08,0,paid_on_time
P003579,L00391,5,2026-01-09,678.65,678.65,2026-01-06,0,paid_on_time
P003580,L00437,3,2026-01-09,294.55,294.55,2026-01-30,21,paid_late
P003581,L00438,3,2026-01-09,796.53,796.53,2026-01-06,0,paid_on_time
P003582,L00439,3,2026-01-09,129.58,129.58,2026-01-07,0,paid_on_time
P003583,L00469,2,2026-01-09,781.35,781.35,2026-01-08,0,paid_on_time
P003584,L00494,1,2026-01-09,895.54,895.54,2026-01-09,0,paid_on_time
P003585,L00010,140,2026-01-10,451.75,451.75,2026-01-07,0,paid_on_time
P003586,L00040,67,2026-01-10,1154.04,1154.04,2026-01-10,0,paid_on_time
P003587,L00060,51,2026-01-10,242.9,242.9,2026-01-08,0,paid_on_time
P003588,L00082,44,2026-01-10,1374.6,1374.6,2026-01-10,0,paid_on_time
P003589,L00088,42,2026-01-10,604.18,604.18,2026-01-09,0,paid_on_time
P003590,L00134,33,2026-01-10,132.34,132.34,2026-02-02,23,paid_late
P003591,L00168,28,2026-01-10,425.1,425.1,2026-01-10,0,paid_on_time
P003592,L00182,26,2026-01-10,170.77,170.77,2026-01-10,0,paid_on_time
P003593,L00183,26,2026-01-10,1116.86,1116.86,2026-01-10,0,paid_on_time
P003594,L00241,18,2026-01-10,417.0,417.0,2026-01-08,0,paid_on_time
P003595,L00299,11,2026-01-10,374.07,374.07,2026-01-07,0,paid_on_time
P003596,L00300,11,2026-01-10,3088.53,3088.53,2026-01-08,0,paid_on_time
P003597,L00326,9,2026-01-10,339.05,339.05,2026-01-10,0,paid_on_time
P003598,L00344,8,2026-01-10,532.44,532.44,2026-01-08,0,paid_on_time
P003599,L00345,8,2026-01-10,302.08,302.08,2026-01-08,0,paid_on_time
P003600,L00368,7,2026-01-10,584.55,584.55,2026-01-10,0,paid_on_time
P003601,L00392,5,2026-01-10,765.21,765.21,2026-01-08,0,paid_on_time
P003602,L00470,2,2026-01-10,1226.05,1226.05,2026-01-10,0,paid_on_time
P003603,L00495,1,2026-01-10,390.6,390.6,2026-01-09,0,paid_on_time
P003604,L00496,1,2026-01-10,450.83,450.83,2026-01-08,0,paid_on_time
P003605,L00497,1,2026-01-10,304.31,304.31,2026-01-08,0,paid_on_time
P003606,L00023,101,2026-01-11,1669.64,1669.64,2026-01-08,0,paid_on_time
P003607,L00076,47,2026-01-11,750.21,750.21,2026-01-10,0,paid_on_time
P003608,L00103,38,2026-01-11,477.21,477.21,2026-01-09,0,paid_on_time
P003609,L00111,36,2026-01-11,327.8,327.8,2026-01-10,0,paid_on_time
P003610,L00119,35,2026-01-11,704.37,704.37,2026-01-10,0,paid_on_time
P003611,L00126,34,2026-01-11,1005.72,1005.72,2026-01-11,0,paid_on_time
P003612,L00127,34,2026-01-11,352.26,352.26,2026-01-09,0,paid_on_time
P003613,L00158,30,2026-01-11,244.75,244.75,2026-01-09,0,paid_on_time
P003614,L00185,25,2026-01-11,1831.67,1831.67,2026-01-08,0,paid_on_time
P003615,L00254,16,2026-01-11,5962.35,5962.35,2026-01-10,0,paid_on_time
P003616,L00255,16,2026-01-11,391.11,391.11,2026-01-08,0,paid_on_time
P003617,L00382,6,2026-01-11,806.73,806.73,2026-01-11,0,paid_on_time
P003618,L00420,4,2026-01-11,1635.03,1635.03,2026-01-09,0,paid_on_time
P003619,L00440,3,2026-01-11,385.78,385.78,2026-01-11,0,paid_on_time
P003620,L00498,1,2026-01-11,415.54,415.54,2026-01-09,0,paid_on_time
P003621,L00054,54,2026-01-12,1005.95,1005.95,2026-01-10,0,paid_on_time
P003622,L00062,50,2026-01-12,998.23,998.23,2026-01-12,0,paid_on_time
P003623,L00070,48,2026-01-12,436.33,436.33,2026-01-12,0,paid_on_time
P003624,L00108,37,2026-01-12,297.58,297.58,2026-01-11,0,paid_on_time
P003625,L00112,36,2026-01-12,389.58,389.58,2026-01-12,0,paid_on_time
P003626,L00186,25,2026-01-12,461.26,461.26,2026-01-12,0,paid_on_time
P003627,L00276,13,2026-01-12,443.67,443.67,2026-01-12,0,paid_on_time
P003628,L00301,11,2026-01-12,652.3,652.3,2026-01-09,0,paid_on_time
P003629,L00311,10,2026-01-12,4060.3,4060.3,2026-01-11,0,paid_on_time
P003630,L00369,7,2026-01-12,374.81,374.81,2026-01-09,0,paid_on_time
P003631,L00393,5,2026-01-12,4337.53,4337.53,2026-01-10,0,paid_on_time
P003632,L00471,2,2026-01-12,453.36,453.36,2026-01-11,0,paid_on_time
P003633,L00015,119,2026-01-13,2722.75,2722.75,2026-01-10,0,paid_on_time
P003634,L00038,71,2026-01-13,1052.17,1052.17,2026-01-12,0,paid_on_time
P003635,L00077,47,2026-01-13,1213.63,1213.63,2026-01-13,0,paid_on_time
P003636,L00128,34,2026-01-13,731.01,731.01,2026-01-11,0,paid_on_time
P003637,L00176,27,2026-01-13,1207.63,1207.63,2026-01-13,0,paid_on_time
P003638,L00187,25,2026-01-13,794.79,794.79,2026-02-01,19,paid_late
P003639,L00193,24,2026-01-13,889.34,889.34,2026-01-12,0,paid_on_time
P003640,L00203,23,2026-01-13,312.96,312.96,2026-04-09,86,paid_late
P003641,L00233,19,2026-01-13,3312.12,3312.12,2026-01-13,0,paid_on_time
P003642,L00261,15,2026-01-13,135.87,135.87,2026-01-11,0,paid_on_time
P003643,L00283,12,2026-01-13,576.26,576.26,2026-01-13,0,paid_on_time
P003644,L00312,10,2026-01-13,570.92,570.92,2026-01-11,0,paid_on_time
P003645,L00383,6,2026-01-13,243.05,243.05,2026-01-11,0,paid_on_time
P003646,L00441,3,2026-01-13,586.41,586.41,2026-01-13,0,paid_on_time
P003647,L00442,3,2026-01-13,200.28,200.28,2026-01-11,0,paid_on_time
P003648,L00018,114,2026-01-14,5555.18,5555.18,2026-01-13,0,paid_on_time
P003649,L00063,50,2026-01-14,1407.73,1407.73,2026-01-12,0,paid_on_time
P003650,L00095,40,2026-01-14,493.83,493.83,2026-04-03,79,paid_late
P003651,L00150,31,2026-01-14,693.8,693.8,2026-01-12,0,paid_on_time
P003652,L00194,24,2026-01-14,708.28,708.28,2026-01-12,0,paid_on_time
P003653,L00195,24,2026-01-14,506.14,506.14,2026-02-04,21,paid_late
P003654,L00204,23,2026-01-14,941.27,941.27,2026-01-13,0,paid_on_time
P003655,L00271,14,2026-01-14,485.42,485.42,2026-01-12,0,paid_on_time
P003656,L00284,12,2026-01-14,307.56,307.56,2026-01-14,0,paid_on_time
P003657,L00327,9,2026-01-14,205.7,205.7,2026-01-13,0,paid_on_time
P003658,L00328,9,2026-01-14,614.18,614.18,2026-01-13,0,paid_on_time
P003659,L00370,7,2026-01-14,447.8,447.8,2026-01-12,0,paid_on_time
P003660,L00394,5,2026-01-14,393.33,393.33,2026-01-13,0,paid_on_time
P003661,L00472,2,2026-01-14,321.08,321.08,2026-01-11,0,paid_on_time
P003662,L00043,63,2026-01-15,1040.6,1040.6,2026-01-13,0,paid_on_time
P003663,L00104,38,2026-01-15,442.08,442.08,2026-01-15,0,paid_on_time
P003664,L00120,35,2026-01-15,262.87,262.87,2026-01-13,0,paid_on_time
P003665,L00205,23,2026-01-15,418.6,418.6,2026-03-14,58,paid_late
P003666,L00216,21,2026-01-15,962.26,962.26,2026-01-15,0,paid_on_time
P003667,L00226,20,2026-01-15,904.35,904.35,2026-01-15,0,paid_on_time
P003668,L00277,13,2026-01-15,689.78,689.78,2026-01-23,8,paid_late
P003669,L00285,12,2026-01-15,4637.41,4637.41,2026-01-12,0,paid_on_time
P003670,L00330,9,2026-01-15,562.56,562.56,2026-01-15,0,paid_on_time
P003671,L00473,2,2026-01-15,807.6,807.6,2026-01-14,0,paid_on_time
P003672,L00499,1,2026-01-15,195.38,195.38,2026-01-14,0,paid_on_time
P003673,L00500,1,2026-01-15,693.64,693.64,2026-01-15,0,paid_on_time
P003674,L00017,115,2026-01-16,1399.27,1399.27,2026-01-14,0,paid_on_time
P003675,L00033,83,2026-01-16,488.18,488.18,2026-01-13,0,paid_on_time
P003676,L00035,80,2026-01-16,2474.76,2474.76,2026-01-15,0,paid_on_time
P003677,L00121,35,2026-01-16,1741.4,1741.4,2026-01-16,0,paid_on_time
P003678,L00151,31,2026-01-16,230.11,230.11,2026-01-16,0,paid_on_time
P003679,L00210,22,2026-01-16,1078.93,1078.93,2026-01-13,0,paid_on_time
P003680,L00227,20,2026-01-16,545.86,545.86,2026-01-15,0,paid_on_time
P003681,L00234,19,2026-01-16,659.89,659.89,2026-01-14,0,paid_on_time
P003682,L00248,17,2026-01-16,2095.25,2095.25,2026-01-30,14,paid_late
P003683,L00286,12,2026-01-16,629.76,629.76,2026-01-14,0,paid_on_time
P003684,L00287,12,2026-01-16,361.67,361.67,2026-01-15,0,paid_on_time
P003685,L00314,10,2026-01-16,133.26,133.26,2026-01-16,0,paid_on_time
P003686,L00347,8,2026-01-16,622.05,622.05,2026-01-13,0,paid_on_time
P003687,L00384,6,2026-01-16,673.49,673.49,2026-03-10,53,paid_late
P003688,L00395,5,2026-01-16,345.71,345.71,2026-01-16,0,paid_on_time
P003689,L00421,4,2026-01-16,244.98,244.98,2026-01-15,0,paid_on_time
P003690,L00444,3,2026-01-16,449.21,449.21,2026-01-16,0,paid_on_time
P003691,L00474,2,2026-01-16,1190.95,1190.95,2026-01-13,0,paid_on_time
P003692,L00006,146,2026-01-17,1297.93,1297.93,2026-01-15,0,paid_on_time
P003693,L00042,65,2026-01-17,702.79,702.79,2026-01-14,0,paid_on_time
P003694,L00044,63,2026-01-17,999.08,999.08,2026-01-27,10,paid_late
P003695,L00055,54,2026-01-17,495.46,495.46,2026-01-17,0,paid_on_time
P003696,L00096,40,2026-01-17,3809.24,3809.24,2026-01-26,9,paid_late
P003697,L00122,35,2026-01-17,396.75,396.75,2026-01-15,0,paid_on_time
P003698,L00129,34,2026-01-17,5383.46,5383.46,2026-01-14,0,paid_on_time
P003699,L00135,33,2026-01-17,1392.09,1392.09,2026-01-15,0,paid_on_time
P003700,L00228,20,2026-01-17,151.67,151.67,2026-03-28,70,paid_late
P003701,L00257,16,2026-01-17,328.84,328.84,2026-01-14,0,paid_on_time
P003702,L00288,12,2026-01-17,160.56,0.0,,59,unpaid
P003703,L00289,12,2026-01-17,327.34,327.34,2026-01-15,0,paid_on_time
P003704,L00315,10,2026-01-17,1369.79,1369.79,2026-01-17,0,paid_on_time
P003705,L00331,9,2026-01-17,186.73,186.73,2026-01-16,0,paid_on_time
P003706,L00385,6,2026-01-17,329.97,329.97,2026-01-15,0,paid_on_time
P003707,L00396,5,2026-01-17,534.54,534.54,2026-01-16,0,paid_on_time
P003708,L00397,5,2026-01-17,419.44,419.44,2026-01-14,0,paid_on_time
P003709,L00445,3,2026-01-17,1607.75,1607.75,2026-01-15,0,paid_on_time
P003710,L00446,3,2026-01-17,1134.61,1134.61,2026-01-17,0,paid_on_time
P003711,L00501,1,2026-01-17,830.64,830.64,2026-01-16,0,paid_on_time
P003712,L00016,117,2026-01-18,2087.02,2087.02,2026-01-15,0,paid_on_time
P003713,L00026,96,2026-01-18,1366.27,1366.27,2026-01-18,0,paid_on_time
P003714,L00089,42,2026-01-18,1358.89,1358.89,2026-01-17,0,paid_on_time
P003715,L00169,28,2026-01-18,406.69,406.69,2026-01-18,0,paid_on_time
P003716,L00206,23,2026-01-18,1805.79,1805.79,2026-01-16,0,paid_on_time
P003717,L00217,21,2026-01-18,230.93,230.93,2026-01-18,0,paid_on_time
P003718,L00262,15,2026-01-18,244.62,244.62,2026-01-20,2,paid_late
P003719,L00290,12,2026-01-18,729.21,729.21,2026-01-23,5,paid_late
P003720,L00302,11,2026-01-18,528.31,528.31,2026-01-17,0,paid_on_time
P003721,L00316,10,2026-01-18,488.8,0.0,,120,unpaid
P003722,L00332,9,2026-01-18,1160.99,1160.99,2026-01-15,0,paid_on_time
P003723,L00349,8,2026-01-18,732.05,732.05,2026-01-16,0,paid_on_time
P003724,L00371,7,2026-01-18,668.17,668.17,2026-01-18,0,paid_on_time
P003725,L00398,5,2026-01-18,914.52,914.52,2026-01-16,0,paid_on_time
P003726,L00422,4,2026-01-18,620.56,620.56,2026-01-18,0,paid_on_time
P003727,L00001,155,2026-01-19,872.89,872.89,2026-01-16,0,paid_on_time
P003728,L00013,125,2026-01-19,947.9,947.9,2026-01-16,0,paid_on_time
P003729,L00014,123,2026-01-19,3544.09,3544.09,2026-01-18,0,paid_on_time
P003730,L00020,109,2026-01-19,599.02,599.02,2026-01-18,0,paid_on_time
P003731,L00028,93,2026-01-19,859.63,859.63,2026-01-16,0,paid_on_time
P003732,L00083,44,2026-01-19,170.36,170.36,2026-02-05,17,paid_late
P003733,L00090,42,2026-01-19,940.56,940.56,2026-01-19,0,paid_on_time
P003734,L00091,42,2026-01-19,333.65,333.65,2026-01-18,0,paid_on_time
P003735,L00130,34,2026-01-19,891.36,891.36,2026-01-16,0,paid_on_time
P003736,L00152,31,2026-01-19,189.02,189.02,2026-01-18,0,paid_on_time
P003737,L00350,8,2026-01-19,913.36,913.36,2026-01-17,0,paid_on_time
P003738,L00399,5,2026-01-19,319.53,319.53,2026-01-16,0,paid_on_time
P003739,L00032,85,2026-01-20,1649.77,1649.77,2026-01-17,0,paid_on_time
P003740,L00131,34,2026-01-20,1276.47,1276.47,2026-01-18,0,paid_on_time
P003741,L00154,31,2026-01-20,313.1,313.1,2026-02-24,35,paid_late
P003742,L00170,28,2026-01-20,1120.0,1120.0,2026-01-19,0,paid_on_time
P003743,L00291,12,2026-01-20,1254.39,1254.39,2026-01-20,0,paid_on_time
P003744,L00317,10,2026-01-20,690.9,690.9,2026-02-06,17,paid_late
P003745,L00333,9,2026-01-20,328.96,328.96,2026-01-18,0,paid_on_time
P003746,L00351,8,2026-01-20,281.71,281.71,2026-01-17,0,paid_on_time
P003747,L00386,6,2026-01-20,636.78,636.78,2026-02-10,21,paid_late
P003748,L00400,5,2026-01-20,1657.16,1657.16,2026-01-17,0,paid_on_time
P003749,L00423,4,2026-01-20,1390.3,1390.3,2026-01-17,0,paid_on_time
P003750,L00424,4,2026-01-20,372.69,372.69,2026-01-19,0,paid_on_time
P003751,L00078,46,2026-01-21,434.96,434.96,2026-01-20,0,paid_on_time
P003752,L00084,44,2026-01-21,352.49,352.49,2026-01-28,7,paid_late
P003753,L00097,40,2026-01-21,1660.09,1660.09,2026-01-18,0,paid_on_time
P003754,L00159,30,2026-01-21,813.68,813.68,2026-01-20,0,paid_on_time
P003755,L00160,30,2026-01-21,3164.49,3164.49,2026-01-20,0,paid_on_time
P003756,L00188,25,2026-01-21,1216.68,1216.68,2026-01-21,0,paid_on_time
P003757,L00218,21,2026-01-21,3945.26,3945.26,2026-01-18,0,paid_on_time
P003758,L00242,18,2026-01-21,450.32,450.32,2026-01-19,0,paid_on_time
P003759,L00263,15,2026-01-21,846.87,846.87,2026-01-20,0,paid_on_time
P003760,L00303,11,2026-01-21,3623.36,3623.36,2026-01-21,0,paid_on_time
P003761,L00352,8,2026-01-21,1279.4,1279.4,2026-01-19,0,paid_on_time
P003762,L00387,6,2026-01-21,476.49,476.49,2026-01-19,0,paid_on_time
P003763,L00425,4,2026-01-21,485.11,485.11,2026-01-18,0,paid_on_time
P003764,L00426,4,2026-01-21,768.32,768.32,2026-01-18,0,paid_on_time
P003765,L00447,3,2026-01-21,651.06,0.0,,120,unpaid
P003766,L00008,143,2026-01-22,1043.51,1043.51,2026-01-20,0,paid_on_time
P003767,L00049,58,2026-01-22,3041.98,3041.98,2026-01-20,0,paid_on_time
P003768,L00098,40,2026-01-22,1385.41,1385.41,2026-01-22,0,paid_on_time
P003769,L00113,36,2026-01-22,677.07,677.07,2026-01-19,0,paid_on_time
P003770,L00132,34,2026-01-22,238.38,238.38,2026-01-20,0,paid_on_time
P003771,L00189,25,2026-01-22,142.38,142.38,2026-01-28,6,paid_late
P003772,L00229,20,2026-01-22,696.96,696.96,2026-01-21,0,paid_on_time
P003773,L00264,15,2026-01-22,299.57,299.57,2026-01-22,0,paid_on_time
P003774,L00279,13,2026-01-22,506.59,506.59,2026-01-20,0,paid_on_time
P003775,L00304,11,2026-01-22,191.99,191.99,2026-01-20,0,paid_on_time
P003776,L00353,8,2026-01-22,401.58,401.58,2026-01-19,0,paid_on_time
P003777,L00402,5,2026-01-22,847.17,847.17,2026-01-19,0,paid_on_time
P003778,L00403,5,2026-01-22,249.32,249.32,2026-01-21,0,paid_on_time
P003779,L00427,4,2026-01-22,638.1,0.0,,31,unpaid
P003780,L00475,2,2026-01-22,793.79,793.79,2026-01-19,0,paid_on_time
P003781,L00502,1,2026-01-22,498.78,498.78,2026-01-22,0,paid_on_time
P003782,L00012,133,2026-01-23,2313.25,2313.25,2026-01-21,0,paid_on_time
P003783,L00036,74,2026-01-23,5425.67,5425.67,2026-04-18,85,paid_late
P003784,L00041,66,2026-01-23,1241.28,1241.28,2026-01-21,0,paid_on_time
P003785,L00071,48,2026-01-23,561.59,561.59,2026-01-22,0,paid_on_time
P003786,L00080,45,2026-01-23,3899.39,3899.39,2026-01-23,0,paid_on_time
P003787,L00123,35,2026-01-23,509.28,509.28,2026-01-22,0,paid_on_time
P003788,L00161,30,2026-01-23,2812.43,2812.43,2026-02-02,10,paid_late
P003789,L00196,24,2026-01-23,152.51,152.51,2026-01-23,0,paid_on_time
P003790,L00211,22,2026-01-23,175.17,175.17,2026-01-20,0,paid_on_time
P003791,L00219,21,2026-01-23,2801.45,2801.45,2026-01-20,0,paid_on_time
P003792,L00249,17,2026-01-23,648.22,648.22,2026-01-20,0,paid_on_time
P003793,L00265,15,2026-01-23,883.61,883.61,2026-01-20,0,paid_on_time
P003794,L00292,12,2026-01-23,791.09,791.09,2026-01-21,0,paid_on_time
P003795,L00334,9,2026-01-23,325.36,325.36,2026-01-23,0,paid_on_time
P003796,L00354,8,2026-01-23,807.03,807.03,2026-01-20,0,paid_on_time
P003797,L00355,8,2026-01-23,915.73,915.73,2026-01-23,0,paid_on_time
P003798,L00372,7,2026-01-23,187.18,187.18,2026-01-20,0,paid_on_time
P003799,L00388,6,2026-01-23,392.01,392.01,2026-01-20,0,paid_on_time
P003800,L00428,4,2026-01-23,117.11,117.11,2026-01-21,0,paid_on_time
P003801,L00476,2,2026-01-23,412.78,412.78,2026-01-23,0,paid_on_time
P003802,L00503,1,2026-01-23,170.92,170.92,2026-01-22,0,paid_on_time
P003803,L00504,1,2026-01-23,700.56,700.56,2026-01-21,0,paid_on_time
P003804,L00505,1,2026-01-23,698.79,698.79,2026-01-23,0,paid_on_time
P003805,L00072,48,2026-01-24,1714.68,1714.68,2026-01-23,0,paid_on_time
P003806,L00143,32,2026-01-24,369.61,369.61,2026-01-24,0,paid_on_time
P003807,L00171,28,2026-01-24,378.47,378.47,2026-01-23,0,paid_on_time
P003808,L00172,28,2026-01-24,246.44,246.44,2026-01-21,0,paid_on_time
P003809,L00197,24,2026-01-24,4082.86,4082.86,2026-01-22,0,paid_on_time
P003810,L00243,18,2026-01-24,4829.64,4829.64,2026-01-22,0,paid_on_time
P003811,L00293,12,2026-01-24,715.78,715.78,2026-01-22,0,paid_on_time
P003812,L00318,10,2026-01-24,785.27,785.27,2026-03-16,51,paid_late
P003813,L00356,8,2026-01-24,151.33,151.33,2026-01-23,0,paid_on_time
P003814,L00373,7,2026-01-24,507.47,507.47,2026-01-22,0,paid_on_time
P003815,L00448,3,2026-01-24,1122.07,0.0,,120,unpaid
P003816,L00039,69,2026-01-25,2154.36,2154.36,2026-01-25,0,paid_on_time
P003817,L00085,44,2026-01-25,615.22,615.22,2026-01-23,0,paid_on_time
P003818,L00094,41,2026-01-25,798.81,798.81,2026-01-25,0,paid_on_time
P003819,L00144,32,2026-01-25,1999.88,1999.88,2026-01-25,0,paid_on_time
P003820,L00190,25,2026-01-25,668.94,668.94,2026-01-25,0,paid_on_time
P003821,L00235,19,2026-01-25,180.38,180.38,2026-01-23,0,paid_on_time
P003822,L00236,19,2026-01-25,379.28,379.28,2026-01-23,0,paid_on_time
P003823,L00237,19,2026-01-25,1577.72,1577.72,2026-01-30,5,paid_late
P003824,L00244,18,2026-01-25,797.65,797.65,2026-03-12,46,paid_late
P003825,L00335,9,2026-01-25,292.08,292.08,2026-01-25,0,paid_on_time
P003826,L00404,5,2026-01-25,800.98,800.98,2026-01-24,0,paid_on_time
P003827,L00405,5,2026-01-25,325.9,325.9,2026-01-25,0,paid_on_time
P003828,L00406,5,2026-01-25,516.67,516.67,2026-01-24,0,paid_on_time
P003829,L00449,3,2026-01-25,967.38,967.38,2026-01-23,0,paid_on_time
P003830,L00506,1,2026-01-25,194.53,194.53,2026-01-25,0,paid_on_time
P003831,L00030,90,2026-01-26,1332.55,1332.55,2026-01-24,0,paid_on_time
P003832,L00037,74,2026-01-26,684.3,684.3,2026-01-24,0,paid_on_time
P003833,L00073,48,2026-01-26,313.76,313.76,2026-01-25,0,paid_on_time
P003834,L00087,43,2026-01-26,485.7,485.7,2026-01-23,0,paid_on_time
P003835,L00137,33,2026-01-26,328.82,328.82,2026-01-26,0,paid_on_time
P003836,L00145,32,2026-01-26,783.93,783.93,2026-01-25,0,paid_on_time
P003837,L00178,27,2026-01-26,1322.66,1322.66,2026-01-23,0,paid_on_time
P003838,L00198,24,2026-01-26,353.93,353.93,2026-01-23,0,paid_on_time
P003839,L00266,15,2026-01-26,196.46,196.46,2026-01-26,0,paid_on_time
P003840,L00306,11,2026-01-26,386.96,386.96,2026-01-26,0,paid_on_time
P003841,L00374,7,2026-01-26,759.66,759.66,2026-01-25,0,paid_on_time
P003842,L00389,6,2026-01-26,547.48,547.48,2026-01-26,0,paid_on_time
P003843,L00429,4,2026-01-26,1035.18,1035.18,2026-01-24,0,paid_on_time
P003844,L00007,144,2026-01-27,1181.6,1181.6,2026-01-26,0,paid_on_time
P003845,L00009,142,2026-01-27,1014.74,1014.74,2026-01-25,0,paid_on_time
P003846,L00074,48,2026-01-27,1814.09,1814.09,2026-01-26,0,paid_on_time
P003847,L00357,8,2026-01-27,705.03,705.03,2026-02-06,10,paid_late
P003848,L00450,3,2026-01-27,555.25,0.0,,120,unpaid
P003849,L00451,3,2026-01-27,519.15,519.15,2026-01-24,0,paid_on_time
P003850,L00452,3,2026-01-27,211.98,211.98,2026-01-24,0,paid_on_time
P003851,L00477,2,2026-01-27,457.61,457.61,2026-01-25,0,paid_on_time
P003852,L00022,102,2026-01-28,1038.84,1038.84,2026-01-27,0,paid_on_time
P003853,L00057,53,2026-01-28,603.0,603.0,2026-01-28,0,paid_on_time
P003854,L00065,49,2026-01-28,1911.1,1911.1,2026-01-28,0,paid_on_time
P003855,L00079,46,2026-01-28,553.36,553.36,2026-01-25,0,paid_on_time
P003856,L00081,45,2026-01-28,487.74,487.74,2026-01-28,0,paid_on_time
P003857,L00086,44,2026-01-28,542.24,542.24,2026-01-26,0,paid_on_time
P003858,L00114,36,2026-01-28,1545.46,1545.46,2026-01-27,0,paid_on_time
P003859,L00115,36,2026-01-28,581.64,581.64,2026-01-26,0,paid_on_time
P003860,L00116,36,2026-01-28,4765.2,4765.2,2026-01-25,0,paid_on_time
P003861,L00117,36,2026-01-28,1642.14,1642.14,2026-01-25,0,paid_on_time
P003862,L00138,33,2026-01-28,475.85,475.85,2026-01-27,0,paid_on_time
P003863,L00156,31,2026-01-28,856.46,856.46,2026-01-27,0,paid_on_time
P003864,L00173,28,2026-01-28,746.3,746.3,2026-01-27,0,paid_on_time
P003865,L00191,25,2026-01-28,936.13,936.13,2026-01-28,0,paid_on_time
P003866,L00199,24,2026-01-28,613.67,613.67,2026-01-25,0,paid_on_time
P003867,L00200,24,2026-01-28,253.76,253.76,2026-03-10,41,paid_late
P003868,L00207,23,2026-01-28,252.74,252.74,2026-01-26,0,paid_on_time
P003869,L00213,22,2026-01-28,767.71,767.71,2026-01-25,0,paid_on_time
P003870,L00220,21,2026-01-28,596.29,596.29,2026-01-28,0,paid_on_time
P003871,L00238,19,2026-01-28,893.78,893.78,2026-01-29,1,paid_late
P003872,L00245,18,2026-01-28,2175.35,2175.35,2026-01-26,0,paid_on_time
P003873,L00246,18,2026-01-28,1166.75,1166.75,2026-01-28,0,paid_on_time
P003874,L00250,17,2026-01-28,169.37,169.37,2026-01-25,0,paid_on_time
P003875,L00272,14,2026-01-28,197.04,197.04,2026-01-28,0,paid_on_time
P003876,L00280,13,2026-01-28,2010.72,2010.72,2026-01-28,0,paid_on_time
P003877,L00281,13,2026-01-28,2776.0,2776.0,2026-01-28,0,paid_on_time
P003878,L00294,12,2026-01-28,2580.19,2580.19,2026-01-28,0,paid_on_time
P003879,L00295,12,2026-01-28,2738.06,2738.06,2026-01-28,0,paid_on_time
P003880,L00319,10,2026-01-28,1044.26,1044.26,2026-01-28,0,paid_on_time
P003881,L00336,9,2026-01-28,761.18,761.18,2026-01-28,0,paid_on_time
P003882,L00359,8,2026-01-28,399.48,399.48,2026-01-27,0,paid_on_time
P003883,L00360,8,2026-01-28,365.61,365.61,2026-01-28,0,paid_on_time
P003884,L00375,7,2026-01-28,93.58,93.58,2026-01-28,0,paid_on_time
P003885,L00390,6,2026-01-28,393.57,393.57,2026-01-25,0,paid_on_time
P003886,L00407,5,2026-01-28,470.34,470.34,2026-01-27,0,paid_on_time
P003887,L00408,5,2026-01-28,954.6,954.6,2026-01-25,0,paid_on_time
P003888,L00409,5,2026-01-28,3818.88,3818.88,2026-01-26,0,paid_on_time
P003889,L00410,5,2026-01-28,336.89,336.89,2026-01-28,0,paid_on_time
P003890,L00430,4,2026-01-28,437.06,437.06,2026-01-25,0,paid_on_time
P003891,L00431,4,2026-01-28,262.85,262.85,2026-01-25,0,paid_on_time
P003892,L00432,4,2026-01-28,311.98,311.98,2026-01-26,0,paid_on_time
P003893,L00433,4,2026-01-28,152.15,152.15,2026-02-28,31,paid_late
P003894,L00453,3,2026-01-28,255.21,255.21,2026-01-27,0,paid_on_time
P003895,L00454,3,2026-01-28,460.82,460.82,2026-01-26,0,paid_on_time
P003896,L00455,3,2026-01-28,664.95,664.95,2026-01-27,0,paid_on_time
P003897,L00456,3,2026-01-28,936.55,936.55,2026-01-25,0,paid_on_time
P003898,L00457,3,2026-01-28,449.08,449.08,2026-01-26,0,paid_on_time
P003899,L00458,3,2026-01-28,277.89,277.89,2026-01-26,0,paid_on_time
P003900,L00478,2,2026-01-28,929.98,929.98,2026-01-26,0,paid_on_time
P003901,L00479,2,2026-01-28,403.75,403.75,2026-01-28,0,paid_on_time
P003902,L00480,2,2026-01-28,449.17,449.17,2026-01-28,0,paid_on_time
P003903,L00481,2,2026-01-28,876.87,876.87,2026-01-28,0,paid_on_time
P003904,L00482,2,2026-01-28,234.31,234.31,2026-01-28,0,paid_on_time
P003905,L00483,2,2026-01-28,411.18,411.18,2026-01-28,0,paid_on_time
P003906,L00507,1,2026-01-28,109.56,109.56,2026-01-28,0,paid_on_time
P003907,L00508,1,2026-01-28,409.58,409.58,2026-01-28,0,paid_on_time
P003908,L00509,1,2026-01-28,761.6,761.6,2026-01-28,0,paid_on_time
P003909,L00510,1,2026-01-28,1215.38,1215.38,2026-01-27,0,paid_on_time
P003910,L00511,1,2026-01-28,743.63,743.63,2026-01-26,0,paid_on_time
P003911,L00066,49,2026-02-01,856.43,856.43,2026-02-01,0,paid_on_time
P003912,L00067,49,2026-02-01,5150.69,5150.69,2026-01-31,0,paid_on_time
P003913,L00099,39,2026-02-01,1471.68,1471.68,2026-02-01,0,paid_on_time
P003914,L00100,39,2026-02-01,1187.24,1187.24,2026-02-01,0,paid_on_time
P003915,L00109,37,2026-02-01,2101.11,2101.11,2026-02-01,0,paid_on_time
P003916,L00157,31,2026-02-01,328.41,328.41,2026-02-01,0,paid_on_time
P003917,L00268,15,2026-02-01,3738.67,3738.67,2026-02-01,0,paid_on_time
P003918,L00337,9,2026-02-01,382.73,382.73,2026-02-26,25,paid_late
P003919,L00361,8,2026-02-01,421.04,421.04,2026-01-29,0,paid_on_time
P003920,L00362,8,2026-02-01,129.75,129.75,2026-01-29,0,paid_on_time
P003921,L00376,7,2026-02-01,371.84,371.84,2026-01-30,0,paid_on_time
P003922,L00411,5,2026-02-01,725.51,725.51,2026-01-31,0,paid_on_time
P003923,L00412,5,2026-02-01,494.69,494.69,2026-01-31,0,paid_on_time
P003924,L00459,3,2026-02-01,917.2,917.2,2026-01-29,0,paid_on_time
P003925,L00512,1,2026-02-01,1002.51,1002.51,2026-01-29,0,paid_on_time
P003926,L00011,138,2026-02-02,3685.16,3685.16,2026-01-31,0,paid_on_time
P003927,L00025,97,2026-02-02,873.16,873.16,2026-02-01,0,paid_on_time
P003928,L00048,59,2026-02-02,3101.68,3101.68,2026-01-31,0,paid_on_time
P003929,L00124,35,2026-02-02,1451.35,1451.35,2026-02-02,0,paid_on_time
P003930,L00133,34,2026-02-02,4939.5,4939.5,2026-01-31,0,paid_on_time
P003931,L00174,28,2026-02-02,588.33,588.33,2026-02-01,0,paid_on_time
P003932,L00221,21,2026-02-02,90.7,90.7,2026-01-30,0,paid_on_time
P003933,L00251,17,2026-02-02,360.6,360.6,2026-01-31,0,paid_on_time
P003934,L00258,16,2026-02-02,2005.5,2005.5,2026-01-31,0,paid_on_time
P003935,L00273,14,2026-02-02,696.31,696.31,2026-02-02,0,paid_on_time
P003936,L00307,11,2026-02-02,641.01,641.01,2026-01-31,0,paid_on_time
P003937,L00321,10,2026-02-02,155.78,155.78,2026-01-31,0,paid_on_time
P003938,L00322,10,2026-02-02,482.32,482.32,2026-02-06,4,paid_late
P003939,L00338,9,2026-02-02,544.77,544.77,2026-01-30,0,paid_on_time
P003940,L00413,5,2026-02-02,590.44,590.44,2026-02-02,0,paid_on_time
P003941,L00460,3,2026-02-02,489.77,489.77,2026-01-31,0,paid_on_time
P003942,L00461,3,2026-02-02,265.63,265.63,2026-01-31,0,paid_on_time
P003943,L00462,3,2026-02-02,542.44,542.44,2026-03-28,54,paid_late
P003944,L00484,2,2026-02-02,406.44,406.44,2026-01-31,0,paid_on_time
P003945,L00485,2,2026-02-02,258.48,258.48,2026-02-01,0,paid_on_time
P003946,L00486,2,2026-02-02,825.82,825.82,2026-02-01,0,paid_on_time
P003947,L00513,1,2026-02-02,422.82,422.82,2026-01-30,0,paid_on_time
P003948,L00514,1,2026-02-02,411.24,411.24,2026-01-31,0,paid_on_time
P003949,L00021,107,2026-02-03,1229.88,1229.88,2026-02-03,0,paid_on_time
P003950,L00075,48,2026-02-03,921.85,921.85,2026-02-11,8,paid_late
P003951,L00101,39,2026-02-03,420.86,420.86,2026-02-02,0,paid_on_time
P003952,L00105,38,2026-02-03,3823.79,3823.79,2026-02-01,0,paid_on_time
P003953,L00125,35,2026-02-03,965.75,965.75,2026-02-01,0,paid_on_time
P003954,L00141,33,2026-02-03,913.41,913.41,2026-02-02,0,paid_on_time
P003955,L00180,27,2026-02-03,1447.87,1447.87,2026-01-31,0,paid_on_time
P003956,L00230,20,2026-02-03,268.46,268.46,2026-02-02,0,paid_on_time
P003957,L00269,15,2026-02-03,334.66,334.66,2026-02-03,0,paid_on_time
P003958,L00296,12,2026-02-03,1097.72,1097.72,2026-02-03,0,paid_on_time
P003959,L00308,11,2026-02-03,98.58,98.58,2026-02-01,0,paid_on_time
P003960,L00339,9,2026-02-03,589.31,589.31,2026-01-31,0,paid_on_time
P003961,L00363,8,2026-02-03,139.31,139.31,2026-02-03,0,paid_on_time
P003962,L00364,8,2026-02-03,584.93,584.93,2026-02-02,0,paid_on_time
P003963,L00414,5,2026-02-03,410.2,410.2,2026-01-31,0,paid_on_time
P003964,L00434,4,2026-02-03,791.38,791.38,2026-02-01,0,paid_on_time
P003965,L00435,4,2026-02-03,2350.83,2350.83,2026-03-22,47,paid_late
P003966,L00463,3,2026-02-03,1094.9,1094.9,2026-02-12,9,paid_late
P003967,L00464,3,2026-02-03,418.46,418.46,2026-02-02,0,paid_on_time
P003968,L00487,2,2026-02-03,1012.24,1012.24,2026-02-23,20,paid_late
P003969,L00058,52,2026-02-04,828.64,828.64,2026-02-03,0,paid_on_time
P003970,L00239,19,2026-02-04,1684.67,1684.67,2026-02-10,6,paid_late
P003971,L00259,16,2026-02-04,182.52,0.0,,120,unpaid
P003972,L00365,8,2026-02-04,921.91,921.91,2026-02-03,0,paid_on_time
P003973,L00415,5,2026-02-04,207.66,207.66,2026-02-04,0,paid_on_time
P003974,L00416,5,2026-02-04,1103.13,1103.13,2026-02-03,0,paid_on_time
P003975,L00417,5,2026-02-04,381.76,381.76,2026-02-03,0,paid_on_time
P003976,L00465,3,2026-02-04,553.52,553.52,2026-02-02,0,paid_on_time
P003977,L00051,57,2026-02-05,1900.45,1900.45,2026-02-05,0,paid_on_time
P003978,L00068,49,2026-02-05,527.5,527.5,2026-02-04,0,paid_on_time
P003979,L00069,49,2026-02-05,1481.4,1481.4,2026-02-02,0,paid_on_time
P003980,L00092,42,2026-02-05,1072.0,1072.0,2026-02-04,0,paid_on_time
P003981,L00110,37,2026-02-05,672.22,672.22,2026-02-19,14,paid_late
P003982,L00201,24,2026-02-05,286.02,286.02,2026-02-05,0,paid_on_time
P003983,L00214,22,2026-02-05,381.85,381.85,2026-02-03,0,paid_on_time
P003984,L00222,21,2026-02-05,671.48,671.48,2026-02-02,0,paid_on_time
P003985,L00247,18,2026-02-05,69.37,69.37,2026-03-09,32,paid_late
P003986,L00252,17,2026-02-05,2944.96,2944.96,2026-02-03,0,paid_on_time
P003987,L00253,17,2026-02-05,250.97,250.97,2026-02-04,0,paid_on_time
P003988,L00260,16,2026-02-05,494.43,494.43,2026-02-04,0,paid_on_time
P003989,L00274,14,2026-02-05,403.99,403.99,2026-02-02,0,paid_on_time
P003990,L00297,12,2026-02-05,660.93,660.93,2026-02-05,0,paid_on_time
P003991,L00340,9,2026-02-05,387.29,387.29,2026-02-02,0,paid_on_time
P003992,L00488,2,2026-02-05,651.11,651.11,2026-02-04,0,paid_on_time
P003993,L00489,2,2026-02-05,259.35,259.35,2026-02-03,0,paid_on_time
P003994,L00515,1,2026-02-05,531.66,531.66,2026-02-02,0,paid_on_time
P003995,L00004,149,2026-02-06,4466.2,4466.2,2026-02-04,0,paid_on_time
P003996,L00019,114,2026-02-06,2187.33,2187.33,2026-02-17,11,paid_late
P003997,L00053,55,2026-02-06,1030.03,1030.03,2026-02-23,17,paid_late
P003998,L00059,52,2026-02-06,626.49,626.49,2026-02-04,0,paid_on_time
P003999,L00093,42,2026-02-06,730.14,730.14,2026-02-03,0,paid_on_time
P004000,L00106,38,2026-02-06,2856.91,2856.91,2026-02-03,0,paid_on_time
P004001,L00147,32,2026-02-06,348.05,348.05,2026-02-03,0,paid_on_time
P004002,L00192,25,2026-02-06,894.21,894.21,2026-02-04,0,paid_on_time
P004003,L00202,24,2026-02-06,4839.58,4839.58,2026-02-23,17,paid_late
P004004,L00215,22,2026-02-06,756.59,756.59,2026-02-06,0,paid_on_time
P004005,L00223,21,2026-02-06,274.54,274.54,2026-02-03,0,paid_on_time
P004006,L00231,20,2026-02-06,728.02,728.02,2026-02-04,0,paid_on_time
P004007,L00298,12,2026-02-06,1387.32,1387.32,2026-02-06,0,paid_on_time
P004008,L00341,9,2026-02-06,393.32,393.32,2026-02-05,0,paid_on_time
P004009,L00419,5,2026-02-06,713.24,713.24,2026-02-03,0,paid_on_time
P004010,L00436,4,2026-02-06,907.12,907.12,2026-02-04,0,paid_on_time
P004011,L00466,3,2026-02-06,555.32,555.32,2026-02-04,0,paid_on_time
P004012,L00490,2,2026-02-06,649.13,649.13,2026-02-06,0,paid_on_time
P004013,L00027,95,2026-02-07,1544.11,1544.11,2026-02-04,0,paid_on_time
P004014,L00034,82,2026-02-07,1413.29,1413.29,2026-02-04,0,paid_on_time
P004015,L00045,63,2026-02-07,590.41,590.41,2026-02-04,0,paid_on_time
P004016,L00061,51,2026-02-07,1314.35,1314.35,2026-02-05,0,paid_on_time
P004017,L00102,39,2026-02-07,610.13,610.13,2026-02-05,0,paid_on_time
P004018,L00107,38,2026-02-07,4136.88,4136.88,2026-02-04,0,paid_on_time
P004019,L00142,33,2026-02-07,122.37,122.37,2026-02-05,0,paid_on_time
P004020,L00148,32,2026-02-07,1896.41,1896.41,2026-02-04,0,paid_on_time
P004021,L00208,23,2026-02-07,1156.32,1156.32,2026-02-06,0,paid_on_time
P004022,L00224,21,2026-02-07,223.06,223.06,2026-02-05,0,paid_on_time
P004023,L00275,14,2026-02-07,495.73,495.73,2026-02-04,0,paid_on_time
P004024,L00282,13,2026-02-07,255.88,255.88,2026-02-06,0,paid_on_time
P004025,L00342,9,2026-02-07,696.53,696.53,2026-02-06,0,paid_on_time
P004026,L00491,2,2026-02-07,759.04,759.04,2026-02-06,0,paid_on_time
P004027,L00516,1,2026-02-07,1467.92,1467.92,2026-02-07,0,paid_on_time
P004028,L00024,98,2026-02-08,1195.78,1195.78,2026-02-05,0,paid_on_time
P004029,L00046,63,2026-02-08,2692.31,2692.31,2026-02-08,0,paid_on_time
P004030,L00050,58,2026-02-08,5006.45,5006.45,2026-02-07,0,paid_on_time
P004031,L00149,32,2026-02-08,180.6,180.6,2026-02-07,0,paid_on_time
P004032,L00232,20,2026-02-08,588.41,588.41,2026-02-07,0,paid_on_time
P004033,L00309,11,2026-02-08,455.35,455.35,2026-02-08,0,paid_on_time
P004034,L00310,11,2026-02-08,684.21,684.21,2026-02-07,0,paid_on_time
P004035,L00323,10,2026-02-08,133.22,133.22,2026-02-07,0,paid_on_time
P004036,L00324,10,2026-02-08,464.16,464.16,2026-02-05,0,paid_on_time
P004037,L00343,9,2026-02-08,730.44,730.44,2026-02-08,0,paid_on_time
P004038,L00467,3,2026-02-08,282.81,282.81,2026-02-22,14,paid_late
P004039,L00468,3,2026-02-08,383.54,383.54,2026-02-05,0,paid_on_time
P004040,L00492,2,2026-02-08,1327.87,1327.87,2026-02-05,0,paid_on_time
P004041,L00493,2,2026-02-08,534.87,534.87,2026-02-11,3,paid_late
P004042,L00005,149,2026-02-09,3714.26,3714.26,2026-02-07,0,paid_on_time
P004043,L00031,90,2026-02-09,1166.25,1166.25,2026-02-06,0,paid_on_time
P004044,L00047,63,2026-02-09,1631.14,1631.14,2026-02-08,0,paid_on_time
P004045,L00052,56,2026-02-09,458.96,458.96,2026-02-07,0,paid_on_time
P004046,L00056,54,2026-02-09,1887.49,1887.49,2026-02-08,0,paid_on_time
P004047,L00164,30,2026-02-09,463.93,463.93,2026-02-07,0,paid_on_time
P004048,L00165,30,2026-02-09,900.5,900.5,2026-02-09,0,paid_on_time
P004049,L00167,29,2026-02-09,494.06,494.06,2026-02-08,0,paid_on_time
P004050,L00209,23,2026-02-09,895.87,895.87,2026-02-08,0,paid_on_time
P004051,L00225,21,2026-02-09,443.16,443.16,2026-03-29,48,paid_late
P004052,L00366,8,2026-02-09,1391.7,1391.7,2026-02-06,0,paid_on_time
P004053,L00367,8,2026-02-09,781.07,781.07,2026-02-08,0,paid_on_time
P004054,L00378,7,2026-02-09,255.87,255.87,2026-02-06,0,paid_on_time
P004055,L00379,7,2026-02-09,275.23,275.23,2026-02-06,0,paid_on_time
P004056,L00391,6,2026-02-09,678.65,678.65,2026-02-07,0,paid_on_time
P004057,L00437,4,2026-02-09,294.55,294.55,2026-02-08,0,paid_on_time
P004058,L00438,4,2026-02-09,796.53,796.53,2026-02-09,0,paid_on_time
P004059,L00469,3,2026-02-09,781.35,781.35,2026-02-06,0,paid_on_time
P004060,L00494,2,2026-02-09,895.54,895.54,2026-02-09,0,paid_on_time
P004061,L00010,141,2026-02-10,451.75,451.75,2026-02-07,0,paid_on_time
P004062,L00040,68,2026-02-10,1154.04,1154.04,2026-02-08,0,paid_on_time
P004063,L00060,52,2026-02-10,242.9,242.9,2026-02-07,0,paid_on_time
P004064,L00082,45,2026-02-10,1374.6,1374.6,2026-02-07,0,paid_on_time
P004065,L00088,43,2026-02-10,604.18,604.18,2026-02-08,0,paid_on_time
P004066,L00134,34,2026-02-10,132.34,132.34,2026-02-07,0,paid_on_time
P004067,L00168,29,2026-02-10,425.1,425.1,2026-02-07,0,paid_on_time
P004068,L00182,27,2026-02-10,170.77,170.77,2026-02-09,0,paid_on_time
P004069,L00183,27,2026-02-10,1116.86,1116.86,2026-02-09,0,paid_on_time
P004070,L00241,19,2026-02-10,417.0,417.0,2026-02-08,0,paid_on_time
P004071,L00299,12,2026-02-10,374.07,374.07,2026-02-10,0,paid_on_time
P004072,L00300,12,2026-02-10,3088.53,3088.53,2026-02-08,0,paid_on_time
P004073,L00326,10,2026-02-10,339.05,339.05,2026-02-10,0,paid_on_time
P004074,L00344,9,2026-02-10,532.44,532.44,2026-02-10,0,paid_on_time
P004075,L00345,9,2026-02-10,302.08,302.08,2026-02-08,0,paid_on_time
P004076,L00368,8,2026-02-10,584.55,584.55,2026-02-09,0,paid_on_time
P004077,L00392,6,2026-02-10,765.21,765.21,2026-02-10,0,paid_on_time
P004078,L00470,3,2026-02-10,1226.05,1226.05,2026-02-10,0,paid_on_time
P004079,L00495,2,2026-02-10,390.6,390.6,2026-02-09,0,paid_on_time
P004080,L00496,2,2026-02-10,450.83,450.83,2026-02-07,0,paid_on_time
P004081,L00497,2,2026-02-10,304.31,304.31,2026-02-09,0,paid_on_time
P004082,L00023,102,2026-02-11,1669.64,1669.64,2026-02-08,0,paid_on_time
P004083,L00076,48,2026-02-11,750.21,750.21,2026-02-11,0,paid_on_time
P004084,L00103,39,2026-02-11,477.21,477.21,2026-02-08,0,paid_on_time
P004085,L00111,37,2026-02-11,327.8,327.8,2026-02-08,0,paid_on_time
P004086,L00119,36,2026-02-11,704.37,704.37,2026-02-10,0,paid_on_time
P004087,L00126,35,2026-02-11,1005.72,1005.72,2026-02-10,0,paid_on_time
P004088,L00127,35,2026-02-11,352.26,352.26,2026-02-10,0,paid_on_time
P004089,L00158,31,2026-02-11,244.75,244.75,2026-02-11,0,paid_on_time
P004090,L00185,26,2026-02-11,1831.67,1831.67,2026-02-08,0,paid_on_time
P004091,L00254,17,2026-02-11,5962.35,5962.35,2026-02-08,0,paid_on_time
P004092,L00255,17,2026-02-11,391.11,391.11,2026-02-11,0,paid_on_time
P004093,L00382,7,2026-02-11,806.73,806.73,2026-02-13,2,paid_late
P004094,L00420,5,2026-02-11,1635.03,1635.03,2026-02-10,0,paid_on_time
P004095,L00440,4,2026-02-11,385.78,385.78,2026-02-08,0,paid_on_time
P004096,L00498,2,2026-02-11,415.54,415.54,2026-02-09,0,paid_on_time
P004097,L00517,1,2026-02-11,283.17,283.17,2026-03-01,18,paid_late
P004098,L00054,55,2026-02-12,1005.95,1005.95,2026-02-10,0,paid_on_time
P004099,L00062,51,2026-02-12,998.23,998.23,2026-02-11,0,paid_on_time
P004100,L00070,49,2026-02-12,436.33,436.33,2026-02-12,0,paid_on_time
P004101,L00108,38,2026-02-12,297.58,297.58,2026-02-11,0,paid_on_time
P004102,L00112,37,2026-02-12,389.58,389.58,2026-02-11,0,paid_on_time
P004103,L00186,26,2026-02-12,461.26,461.26,2026-02-11,0,paid_on_time
P004104,L00276,14,2026-02-12,443.67,443.67,2026-02-09,0,paid_on_time
P004105,L00301,12,2026-02-12,652.3,652.3,2026-02-24,12,paid_late
P004106,L00311,11,2026-02-12,4060.3,4060.3,2026-02-09,0,paid_on_time
P004107,L00369,8,2026-02-12,374.81,374.81,2026-02-10,0,paid_on_time
P004108,L00393,6,2026-02-12,4337.53,4337.53,2026-02-12,0,paid_on_time
P004109,L00471,3,2026-02-12,453.36,453.36,2026-02-11,0,paid_on_time
P004110,L00518,1,2026-02-12,3791.87,3791.87,2026-02-09,0,paid_on_time
P004111,L00015,120,2026-02-13,2722.75,2722.75,2026-02-13,0,paid_on_time
P004112,L00038,72,2026-02-13,1052.17,1052.17,2026-02-11,0,paid_on_time
P004113,L00077,48,2026-02-13,1213.63,1213.63,2026-02-13,0,paid_on_time
P004114,L00128,35,2026-02-13,731.01,731.01,2026-02-12,0,paid_on_time
P004115,L00176,28,2026-02-13,1207.63,1207.63,2026-02-12,0,paid_on_time
P004116,L00187,26,2026-02-13,794.79,794.79,2026-02-12,0,paid_on_time
P004117,L00193,25,2026-02-13,889.34,889.34,2026-02-10,0,paid_on_time
P004118,L00203,24,2026-02-13,312.96,312.96,2026-04-09,55,paid_late
P004119,L00233,20,2026-02-13,3312.12,3312.12,2026-02-11,0,paid_on_time
P004120,L00261,16,2026-02-13,135.87,135.87,2026-02-10,0,paid_on_time
P004121,L00283,13,2026-02-13,576.26,576.26,2026-02-13,0,paid_on_time
P004122,L00312,11,2026-02-13,570.92,570.92,2026-02-10,0,paid_on_time
P004123,L00383,7,2026-02-13,243.05,243.05,2026-02-11,0,paid_on_time
P004124,L00441,4,2026-02-13,586.41,586.41,2026-02-11,0,paid_on_time
P004125,L00442,4,2026-02-13,200.28,200.28,2026-02-10,0,paid_on_time
P004126,L00018,115,2026-02-14,5555.18,5555.18,2026-02-13,0,paid_on_time
P004127,L00063,51,2026-02-14,1407.73,1407.73,2026-02-14,0,paid_on_time
P004128,L00095,41,2026-02-14,493.83,493.83,2026-04-03,48,paid_late
P004129,L00150,32,2026-02-14,693.8,693.8,2026-02-11,0,paid_on_time
P004130,L00194,25,2026-02-14,708.28,708.28,2026-02-13,0,paid_on_time
P004131,L00195,25,2026-02-14,506.14,506.14,2026-02-13,0,paid_on_time
P004132,L00204,24,2026-02-14,941.27,941.27,2026-02-12,0,paid_on_time
P004133,L00271,15,2026-02-14,485.42,485.42,2026-02-12,0,paid_on_time
P004134,L00284,13,2026-02-14,307.56,307.56,2026-02-12,0,paid_on_time
P004135,L00327,10,2026-02-14,205.7,205.7,2026-02-11,0,paid_on_time
P004136,L00328,10,2026-02-14,614.18,614.18,2026-02-14,0,paid_on_time
P004137,L00370,8,2026-02-14,447.8,447.8,2026-02-13,0,paid_on_time
P004138,L00394,6,2026-02-14,393.33,393.33,2026-02-14,0,paid_on_time
P004139,L00472,3,2026-02-14,321.08,321.08,2026-02-12,0,paid_on_time
P004140,L00043,64,2026-02-15,1040.6,1040.6,2026-02-14,0,paid_on_time
P004141,L00104,39,2026-02-15,442.08,442.08,2026-02-15,0,paid_on_time
P004142,L00120,36,2026-02-15,262.87,262.87,2026-02-13,0,paid_on_time
P004143,L00205,24,2026-02-15,418.6,418.6,2026-03-14,27,paid_late
P004144,L00216,22,2026-02-15,962.26,962.26,2026-02-15,0,paid_on_time
P004145,L00226,21,2026-02-15,904.35,904.35,2026-02-14,0,paid_on_time
P004146,L00277,14,2026-02-15,689.78,689.78,2026-02-12,0,paid_on_time
P004147,L00285,13,2026-02-15,4637.41,4637.41,2026-02-12,0,paid_on_time
P004148,L00330,10,2026-02-15,562.56,562.56,2026-02-13,0,paid_on_time
P004149,L00473,3,2026-02-15,807.6,807.6,2026-02-15,0,paid_on_time
P004150,L00499,2,2026-02-15,195.38,195.38,2026-02-14,0,paid_on_time
P004151,L00500,2,2026-02-15,693.64,693.64,2026-02-12,0,paid_on_time
P004152,L00519,1,2026-02-15,377.64,377.64,2026-02-12,0,paid_on_time
P004153,L00017,116,2026-02-16,1399.27,1399.27,2026-02-14,0,paid_on_time
P004154,L00033,84,2026-02-16,488.18,488.18,2026-02-16,0,paid_on_time
P004155,L00035,81,2026-02-16,2474.76,2474.76,2026-02-16,0,paid_on_time
P004156,L00121,36,2026-02-16,1741.4,1741.4,2026-02-16,0,paid_on_time
P004157,L00151,32,2026-02-16,230.11,230.11,2026-02-16,0,paid_on_time
P004158,L00210,23,2026-02-16,1078.93,1078.93,2026-02-13,0,paid_on_time
P004159,L00227,21,2026-02-16,545.86,545.86,2026-02-14,0,paid_on_time
P004160,L00234,20,2026-02-16,659.89,659.89,2026-02-14,0,paid_on_time
P004161,L00248,18,2026-02-16,2095.25,2095.25,2026-02-15,0,paid_on_time
P004162,L00286,13,2026-02-16,629.76,629.76,2026-02-15,0,paid_on_time
P004163,L00287,13,2026-02-16,361.67,361.67,2026-02-15,0,paid_on_time
P004164,L00314,11,2026-02-16,133.26,133.26,2026-02-16,0,paid_on_time
P004165,L00347,9,2026-02-16,622.05,622.05,2026-02-14,0,paid_on_time
P004166,L00384,7,2026-02-16,673.49,673.49,2026-03-10,22,paid_late
P004167,L00395,6,2026-02-16,345.71,345.71,2026-02-13,0,paid_on_time
P004168,L00421,5,2026-02-16,244.98,244.98,2026-03-07,19,paid_late
P004169,L00444,4,2026-02-16,449.21,449.21,2026-02-13,0,paid_on_time
P004170,L00474,3,2026-02-16,1190.95,1190.95,2026-02-14,0,paid_on_time
P004171,L00520,1,2026-02-16,569.25,569.25,2026-02-15,0,paid_on_time
P004172,L00006,147,2026-02-17,1297.93,1297.93,2026-02-17,0,paid_on_time
P004173,L00042,66,2026-02-17,702.79,702.79,2026-02-25,8,paid_late
P004174,L00044,64,2026-02-17,999.08,999.08,2026-02-26,9,paid_late
P004175,L00055,55,2026-02-17,495.46,495.46,2026-02-16,0,paid_on_time
P004176,L00096,41,2026-02-17,3809.24,3809.24,2026-02-17,0,paid_on_time
P004177,L00122,36,2026-02-17,396.75,396.75,2026-02-15,0,paid_on_time
P004178,L00129,35,2026-02-17,5383.46,5383.46,2026-02-16,0,paid_on_time
P004179,L00135,34,2026-02-17,1392.09,1392.09,2026-02-15,0,paid_on_time
P004180,L00228,21,2026-02-17,151.67,151.67,2026-03-28,39,paid_late
P004181,L00257,17,2026-02-17,328.84,328.84,2026-03-06,17,paid_late
P004182,L00288,13,2026-02-17,160.56,0.0,,28,unpaid
P004183,L00289,13,2026-02-17,327.34,327.34,2026-02-15,0,paid_on_time
P004184,L00315,11,2026-02-17,1369.79,1369.79,2026-02-22,5,paid_late
P004185,L00331,10,2026-02-17,186.73,186.73,2026-02-17,0,paid_on_time
P004186,L00385,7,2026-02-17,329.97,329.97,2026-02-15,0,paid_on_time
P004187,L00396,6,2026-02-17,534.54,534.54,2026-02-15,0,paid_on_time
P004188,L00397,6,2026-02-17,419.44,419.44,2026-02-16,0,paid_on_time
P004189,L00445,4,2026-02-17,1607.75,1607.75,2026-02-16,0,paid_on_time
P004190,L00446,4,2026-02-17,1134.61,1134.61,2026-02-16,0,paid_on_time
P004191,L00501,2,2026-02-17,830.64,830.64,2026-02-17,0,paid_on_time
P004192,L00016,118,2026-02-18,2087.02,2087.02,2026-02-15,0,paid_on_time
P004193,L00026,97,2026-02-18,1366.27,1366.27,2026-02-18,0,paid_on_time
P004194,L00089,43,2026-02-18,1358.89,1358.89,2026-02-16,0,paid_on_time
P004195,L00169,29,2026-02-18,406.69,406.69,2026-02-15,0,paid_on_time
P004196,L00206,24,2026-02-18,1805.79,1805.79,2026-02-15,0,paid_on_time
P004197,L00217,22,2026-02-18,230.93,230.93,2026-02-18,0,paid_on_time
P004198,L00262,16,2026-02-18,244.62,244.62,2026-02-15,0,paid_on_time
P004199,L00290,13,2026-02-18,729.21,729.21,2026-02-15,0,paid_on_time
P004200,L00302,12,2026-02-18,528.31,528.31,2026-02-16,0,paid_on_time
P004201,L00316,11,2026-02-18,488.8,0.0,,89,unpaid
P004202,L00332,10,2026-02-18,1160.99,1160.99,2026-02-18,0,paid_on_time
P004203,L00349,9,2026-02-18,732.05,732.05,2026-02-18,0,paid_on_time
P004204,L00371,8,2026-02-18,668.17,668.17,2026-02-16,0,paid_on_time
P004205,L00398,6,2026-02-18,914.52,914.52,2026-02-15,0,paid_on_time
P004206,L00422,5,2026-02-18,620.56,620.56,2026-02-15,0,paid_on_time
P004207,L00001,156,2026-02-19,872.89,872.89,2026-02-19,0,paid_on_time
P004208,L00013,126,2026-02-19,947.9,947.9,2026-02-18,0,paid_on_time
P004209,L00014,124,2026-02-19,3544.09,3544.09,2026-02-16,0,paid_on_time
P004210,L00020,110,2026-02-19,599.02,599.02,2026-02-18,0,paid_on_time
P004211,L00028,94,2026-02-19,859.63,859.63,2026-02-17,0,paid_on_time
P004212,L00083,45,2026-02-19,170.36,170.36,2026-02-16,0,paid_on_time
P004213,L00090,43,2026-02-19,940.56,940.56,2026-02-18,0,paid_on_time
P004214,L00091,43,2026-02-19,333.65,333.65,2026-02-19,0,paid_on_time
P004215,L00130,35,2026-02-19,891.36,891.36,2026-02-18,0,paid_on_time
P004216,L00152,32,2026-02-19,189.02,189.02,2026-02-19,0,paid_on_time
P004217,L00350,9,2026-02-19,913.36,913.36,2026-02-19,0,paid_on_time
P004218,L00399,6,2026-02-19,319.53,319.53,2026-02-18,0,paid_on_time
P004219,L00521,1,2026-02-19,717.46,717.46,2026-02-16,0,paid_on_time
P004220,L00032,86,2026-02-20,1649.77,1649.77,2026-02-18,0,paid_on_time
P004221,L00131,35,2026-02-20,1276.47,1276.47,2026-02-20,0,paid_on_time
P004222,L00154,32,2026-02-20,313.1,313.1,2026-02-24,4,paid_late
P004223,L00170,29,2026-02-20,1120.0,1120.0,2026-02-20,0,paid_on_time
P004224,L00291,13,2026-02-20,1254.39,1254.39,2026-04-07,46,paid_late
P004225,L00317,11,2026-02-20,690.9,690.9,2026-02-18,0,paid_on_time
P004226,L00333,10,2026-02-20,328.96,328.96,2026-02-19,0,paid_on_time
P004227,L00351,9,2026-02-20,281.71,281.71,2026-02-18,0,paid_on_time
P004228,L00386,7,2026-02-20,636.78,636.78,2026-02-18,0,paid_on_time
P004229,L00400,6,2026-02-20,1657.16,1657.16,2026-02-20,0,paid_on_time
P004230,L00423,5,2026-02-20,1390.3,1390.3,2026-02-19,0,paid_on_time
P004231,L00424,5,2026-02-20,372.69,372.69,2026-02-18,0,paid_on_time
P004232,L00522,1,2026-02-20,200.09,200.09,2026-02-18,0,paid_on_time
P004233,L00078,47,2026-02-21,434.96,434.96,2026-03-24,31,paid_late
P004234,L00084,45,2026-02-21,352.49,352.49,2026-02-21,0,paid_on_time
P004235,L00097,41,2026-02-21,1660.09,1660.09,2026-02-20,0,paid_on_time
P004236,L00159,31,2026-02-21,813.68,813.68,2026-02-27,6,paid_late
P004237,L00160,31,2026-02-21,3164.49,3164.49,2026-02-21,0,paid_on_time
P004238,L00188,26,2026-02-21,1216.68,1216.68,2026-02-20,0,paid_on_time
P004239,L00218,22,2026-02-21,3945.26,3945.26,2026-02-20,0,paid_on_time
P004240,L00242,19,2026-02-21,450.32,450.32,2026-02-20,0,paid_on_time
P004241,L00263,16,2026-02-21,846.87,846.87,2026-02-21,0,paid_on_time
P004242,L00303,12,2026-02-21,3623.36,3623.36,2026-02-20,0,paid_on_time
P004243,L00352,9,2026-02-21,1279.4,1279.4,2026-02-20,0,paid_on_time
P004244,L00387,7,2026-02-21,476.49,476.49,2026-02-21,0,paid_on_time
P004245,L00425,5,2026-02-21,485.11,485.11,2026-02-19,0,paid_on_time
P004246,L00426,5,2026-02-21,768.32,768.32,2026-02-20,0,paid_on_time
P004247,L00447,4,2026-02-21,651.06,0.0,,89,unpaid
P004248,L00008,144,2026-02-22,1043.51,1043.51,2026-02-20,0,paid_on_time
P004249,L00049,59,2026-02-22,3041.98,3041.98,2026-02-21,0,paid_on_time
P004250,L00098,41,2026-02-22,1385.41,1385.41,2026-02-19,0,paid_on_time
P004251,L00113,37,2026-02-22,677.07,677.07,2026-02-20,0,paid_on_time
P004252,L00132,35,2026-02-22,238.38,238.38,2026-02-21,0,paid_on_time
P004253,L00189,26,2026-02-22,142.38,142.38,2026-04-04,41,paid_late
P004254,L00229,21,2026-02-22,696.96,696.96,2026-02-22,0,paid_on_time
P004255,L00264,16,2026-02-22,299.57,299.57,2026-02-20,0,paid_on_time
P004256,L00279,14,2026-02-22,506.59,506.59,2026-02-22,0,paid_on_time
P004257,L00304,12,2026-02-22,191.99,191.99,2026-02-19,0,paid_on_time
P004258,L00353,9,2026-02-22,401.58,401.58,2026-02-21,0,paid_on_time
P004259,L00402,6,2026-02-22,847.17,847.17,2026-02-22,0,paid_on_time
P004260,L00403,6,2026-02-22,249.32,249.32,2026-02-22,0,paid_on_time
P004261,L00475,3,2026-02-22,793.79,793.79,2026-02-19,0,paid_on_time
P004262,L00502,2,2026-02-22,498.78,498.78,2026-02-19,0,paid_on_time
P004263,L00012,134,2026-02-23,2313.25,2313.25,2026-02-22,0,paid_on_time
P004264,L00036,75,2026-02-23,5425.67,5425.67,2026-04-18,54,paid_late
P004265,L00041,67,2026-02-23,1241.28,1241.28,2026-03-08,13,paid_late
P004266,L00071,49,2026-02-23,561.59,561.59,2026-02-20,0,paid_on_time
P004267,L00080,46,2026-02-23,3899.39,3899.39,2026-02-22,0,paid_on_time
P004268,L00123,36,2026-02-23,509.28,509.28,2026-02-26,3,paid_late
P004269,L00161,31,2026-02-23,2812.43,2812.43,2026-02-23,0,paid_on_time
P004270,L00196,25,2026-02-23,152.51,152.51,2026-02-22,0,paid_on_time
P004271,L00211,23,2026-02-23,175.17,175.17,2026-03-07,12,paid_late
P004272,L00219,22,2026-02-23,2801.45,2801.45,2026-02-21,0,paid_on_time
P004273,L00249,18,2026-02-23,648.22,648.22,2026-03-14,19,paid_late
P004274,L00265,16,2026-02-23,883.61,883.61,2026-02-22,0,paid_on_time
P004275,L00292,13,2026-02-23,791.09,791.09,2026-02-22,0,paid_on_time
P004276,L00334,10,2026-02-23,325.36,325.36,2026-03-06,11,paid_late
P004277,L00354,9,2026-02-23,807.03,807.03,2026-02-23,0,paid_on_time
P004278,L00355,9,2026-02-23,915.73,915.73,2026-02-23,0,paid_on_time
P004279,L00372,8,2026-02-23,187.18,187.18,2026-02-20,0,paid_on_time
P004280,L00388,7,2026-02-23,392.01,392.01,2026-02-22,0,paid_on_time
P004281,L00428,5,2026-02-23,117.11,117.11,2026-02-23,0,paid_on_time
P004282,L00476,3,2026-02-23,412.78,412.78,2026-02-21,0,paid_on_time
P004283,L00503,2,2026-02-23,170.92,170.92,2026-02-22,0,paid_on_time
P004284,L00504,2,2026-02-23,700.56,700.56,2026-02-20,0,paid_on_time
P004285,L00505,2,2026-02-23,698.79,698.79,2026-02-20,0,paid_on_time
P004286,L00072,49,2026-02-24,1714.68,1714.68,2026-02-24,0,paid_on_time
P004287,L00143,33,2026-02-24,369.61,369.61,2026-02-21,0,paid_on_time
P004288,L00171,29,2026-02-24,378.47,378.47,2026-02-21,0,paid_on_time
P004289,L00172,29,2026-02-24,246.44,246.44,2026-02-21,0,paid_on_time
P004290,L00197,25,2026-02-24,4082.86,4082.86,2026-02-21,0,paid_on_time
P004291,L00243,19,2026-02-24,4829.64,4829.64,2026-02-24,0,paid_on_time
P004292,L00293,13,2026-02-24,715.78,715.78,2026-02-22,0,paid_on_time
P004293,L00318,11,2026-02-24,785.27,785.27,2026-03-16,20,paid_late
P004294,L00356,9,2026-02-24,151.33,151.33,2026-02-22,0,paid_on_time
P004295,L00373,8,2026-02-24,507.47,507.47,2026-02-22,0,paid_on_time
P004296,L00448,4,2026-02-24,1122.07,0.0,,89,unpaid
P004297,L00523,1,2026-02-24,227.41,227.41,2026-02-21,0,paid_on_time
P004298,L00039,70,2026-02-25,2154.36,2154.36,2026-02-23,0,paid_on_time
P004299,L00085,45,2026-02-25,615.22,615.22,2026-02-23,0,paid_on_time
P004300,L00094,42,2026-02-25,798.81,798.81,2026-02-25,0,paid_on_time
P004301,L00144,33,2026-02-25,1999.88,1999.88,2026-02-25,0,paid_on_time
P004302,L00190,26,2026-02-25,668.94,668.94,2026-02-24,0,paid_on_time
P004303,L00236,20,2026-02-25,379.28,379.28,2026-02-25,0,paid_on_time
P004304,L00237,20,2026-02-25,1577.72,1577.72,2026-02-24,0,paid_on_time
P004305,L00244,19,2026-02-25,797.65,797.65,2026-03-12,15,paid_late
P004306,L00335,10,2026-02-25,292.08,292.08,2026-02-24,0,paid_on_time
P004307,L00404,6,2026-02-25,800.98,800.98,2026-03-29,32,paid_late
P004308,L00405,6,2026-02-25,325.9,325.9,2026-02-24,0,paid_on_time
P004309,L00406,6,2026-02-25,516.67,516.67,2026-03-15,18,paid_late
P004310,L00449,4,2026-02-25,967.38,0.0,,120,unpaid
P004311,L00506,2,2026-02-25,194.53,194.53,2026-02-24,0,paid_on_time
P004312,L00524,1,2026-02-25,1067.88,1067.88,2026-02-23,0,paid_on_time
P004313,L00030,91,2026-02-26,1332.55,1332.55,2026-02-25,0,paid_on_time
P004314,L00037,75,2026-02-26,684.3,684.3,2026-02-25,0,paid_on_time
P004315,L00073,49,2026-02-26,313.76,313.76,2026-02-24,0,paid_on_time
P004316,L00087,44,2026-02-26,485.7,485.7,2026-02-26,0,paid_on_time
P004317,L00137,34,2026-02-26,328.82,328.82,2026-02-24,0,paid_on_time
P004318,L00145,33,2026-02-26,783.93,783.93,2026-02-23,0,paid_on_time
P004319,L00178,28,2026-02-26,1322.66,1322.66,2026-04-12,45,paid_late
P004320,L00198,25,2026-02-26,353.93,353.93,2026-02-25,0,paid_on_time
P004321,L00266,16,2026-02-26,196.46,196.46,2026-02-24,0,paid_on_time
P004322,L00306,12,2026-02-26,386.96,386.96,2026-02-24,0,paid_on_time
P004323,L00374,8,2026-02-26,759.66,759.66,2026-02-26,0,paid_on_time
P004324,L00389,7,2026-02-26,547.48,547.48,2026-02-26,0,paid_on_time
P004325,L00429,5,2026-02-26,1035.18,1035.18,2026-02-23,0,paid_on_time
P004326,L00525,1,2026-02-26,332.84,332.84,2026-02-23,0,paid_on_time
P004327,L00007,145,2026-02-27,1181.6,1181.6,2026-02-27,0,paid_on_time
P004328,L00009,143,2026-02-27,1014.74,1014.74,2026-02-24,0,paid_on_time
P004329,L00074,49,2026-02-27,1814.09,1814.09,2026-03-19,20,paid_late
P004330,L00357,9,2026-02-27,705.03,705.03,2026-03-04,5,paid_late
P004331,L00450,4,2026-02-27,555.25,0.0,,89,unpaid
P004332,L00451,4,2026-02-27,519.15,519.15,2026-02-27,0,paid_on_time
P004333,L00452,4,2026-02-27,211.98,211.98,2026-02-27,0,paid_on_time
P004334,L00477,3,2026-02-27,457.61,457.61,2026-02-27,0,paid_on_time
P004335,L00022,103,2026-02-28,1038.84,1038.84,2026-02-25,0,paid_on_time
P004336,L00057,54,2026-02-28,603.0,603.0,2026-02-27,0,paid_on_time
P004337,L00065,50,2026-02-28,1911.1,1911.1,2026-02-26,0,paid_on_time
P004338,L00079,47,2026-02-28,553.36,553.36,2026-02-27,0,paid_on_time
P004339,L00081,46,2026-02-28,487.74,487.74,2026-02-25,0,paid_on_time
P004340,L00086,45,2026-02-28,542.24,542.24,2026-02-28,0,paid_on_time
P004341,L00114,37,2026-02-28,1545.46,1545.46,2026-02-27,0,paid_on_time
P004342,L00115,37,2026-02-28,581.64,581.64,2026-02-25,0,paid_on_time
P004343,L00116,37,2026-02-28,4765.2,4765.2,2026-02-25,0,paid_on_time
P004344,L00117,37,2026-02-28,1642.14,1642.14,2026-02-27,0,paid_on_time
P004345,L00138,34,2026-02-28,475.85,475.85,2026-02-28,0,paid_on_time
P004346,L00156,32,2026-02-28,856.46,856.46,2026-02-27,0,paid_on_time
P004347,L00173,29,2026-02-28,746.3,746.3,2026-02-27,0,paid_on_time
P004348,L00191,26,2026-02-28,936.13,936.13,2026-02-25,0,paid_on_time
P004349,L00199,25,2026-02-28,613.67,613.67,2026-02-28,0,paid_on_time
P004350,L00200,25,2026-02-28,253.76,253.76,2026-03-10,10,paid_late
P004351,L00207,24,2026-02-28,252.74,252.74,2026-02-28,0,paid_on_time
P004352,L00213,23,2026-02-28,767.71,767.71,2026-02-27,0,paid_on_time
P004353,L00220,22,2026-02-28,596.29,596.29,2026-02-26,0,paid_on_time
P004354,L00238,20,2026-02-28,893.78,893.78,2026-02-26,0,paid_on_time
P004355,L00245,19,2026-02-28,2175.35,2175.35,2026-02-27,0,paid_on_time
P004356,L00246,19,2026-02-28,1166.75,1166.75,2026-02-27,0,paid_on_time
P004357,L00250,18,2026-02-28,169.37,169.37,2026-02-26,0,paid_on_time
P004358,L00272,15,2026-02-28,197.04,197.04,2026-02-27,0,paid_on_time
P004359,L00280,14,2026-02-28,2010.72,2010.72,2026-02-27,0,paid_on_time
P004360,L00281,14,2026-02-28,2776.0,2776.0,2026-02-27,0,paid_on_time
P004361,L00294,13,2026-02-28,2580.19,2580.19,2026-02-27,0,paid_on_time
P004362,L00295,13,2026-02-28,2738.06,2738.06,2026-02-28,0,paid_on_time
P004363,L00319,11,2026-02-28,1044.26,1044.26,2026-02-27,0,paid_on_time
P004364,L00336,10,2026-02-28,761.18,761.18,2026-02-27,0,paid_on_time
P004365,L00359,9,2026-02-28,399.48,399.48,2026-02-25,0,paid_on_time
P004366,L00360,9,2026-02-28,365.61,365.61,2026-02-26,0,paid_on_time
P004367,L00375,8,2026-02-28,93.58,93.58,2026-02-27,0,paid_on_time
P004368,L00390,7,2026-02-28,393.57,393.57,2026-02-26,0,paid_on_time
P004369,L00407,6,2026-02-28,470.34,470.34,2026-02-25,0,paid_on_time
P004370,L00408,6,2026-02-28,954.6,954.6,2026-02-25,0,paid_on_time
P004371,L00409,6,2026-02-28,3818.88,3818.88,2026-02-28,0,paid_on_time
P004372,L00410,6,2026-02-28,336.89,336.89,2026-02-25,0,paid_on_time
P004373,L00430,5,2026-02-28,437.06,437.06,2026-02-28,0,paid_on_time
P004374,L00431,5,2026-02-28,262.85,262.85,2026-02-27,0,paid_on_time
P004375,L00432,5,2026-02-28,311.98,311.98,2026-02-28,0,paid_on_time
P004376,L00433,5,2026-02-28,152.15,152.15,2026-02-28,0,paid_on_time
P004377,L00453,4,2026-02-28,255.21,255.21,2026-02-28,0,paid_on_time
P004378,L00454,4,2026-02-28,460.82,460.82,2026-02-28,0,paid_on_time
P004379,L00455,4,2026-02-28,664.95,664.95,2026-02-26,0,paid_on_time
P004380,L00456,4,2026-02-28,936.55,936.55,2026-02-26,0,paid_on_time
P004381,L00457,4,2026-02-28,449.08,449.08,2026-02-26,0,paid_on_time
P004382,L00458,4,2026-02-28,277.89,277.89,2026-02-26,0,paid_on_time
P004383,L00478,3,2026-02-28,929.98,929.98,2026-02-25,0,paid_on_time
P004384,L00479,3,2026-02-28,403.75,403.75,2026-02-27,0,paid_on_time
P004385,L00480,3,2026-02-28,449.17,449.17,2026-03-02,2,paid_late
P004386,L00481,3,2026-02-28,876.87,876.87,2026-03-12,12,paid_late
P004387,L00482,3,2026-02-28,234.31,234.31,2026-02-25,0,paid_on_time
P004388,L00483,3,2026-02-28,411.18,411.18,2026-02-25,0,paid_on_time
P004389,L00507,2,2026-02-28,109.56,109.56,2026-02-28,0,paid_on_time
P004390,L00508,2,2026-02-28,409.58,409.58,2026-02-27,0,paid_on_time
P004391,L00509,2,2026-02-28,761.6,761.6,2026-02-27,0,paid_on_time
P004392,L00510,2,2026-02-28,1215.38,1215.38,2026-02-28,0,paid_on_time
P004393,L00511,2,2026-02-28,743.63,743.63,2026-02-28,0,paid_on_time
P004394,L00526,1,2026-02-28,897.15,897.15,2026-02-27,0,paid_on_time
P004395,L00066,50,2026-03-01,856.43,856.43,2026-02-26,0,paid_on_time
P004396,L00067,50,2026-03-01,5150.69,5150.69,2026-02-28,0,paid_on_time
P004397,L00099,40,2026-03-01,1471.68,1471.68,2026-02-28,0,paid_on_time
P004398,L00100,40,2026-03-01,1187.24,1187.24,2026-02-26,0,paid_on_time
P004399,L00109,38,2026-03-01,2101.11,2101.11,2026-02-26,0,paid_on_time
P004400,L00157,32,2026-03-01,328.41,328.41,2026-02-27,0,paid_on_time
P004401,L00268,16,2026-03-01,3738.67,3738.67,2026-02-27,0,paid_on_time
P004402,L00361,9,2026-03-01,421.04,421.04,2026-03-16,15,paid_late
P004403,L00376,8,2026-03-01,371.84,371.84,2026-03-22,21,paid_late
P004404,L00411,6,2026-03-01,725.51,725.51,2026-02-28,0,paid_on_time
P004405,L00412,6,2026-03-01,494.69,494.69,2026-02-26,0,paid_on_time
P004406,L00459,4,2026-03-01,917.2,917.2,2026-02-28,0,paid_on_time
P004407,L00512,2,2026-03-01,1002.51,1002.51,2026-02-28,0,paid_on_time
P004408,L00011,139,2026-03-02,3685.16,3685.16,2026-02-27,0,paid_on_time
P004409,L00025,98,2026-03-02,873.16,873.16,2026-03-15,13,paid_late
P004410,L00048,60,2026-03-02,3101.68,3101.68,2026-03-02,0,paid_on_time
P004411,L00124,36,2026-03-02,1451.35,1451.35,2026-03-22,20,paid_late
P004412,L00133,35,2026-03-02,4939.5,4939.5,2026-03-02,0,paid_on_time
P004413,L00174,29,2026-03-02,588.33,588.33,2026-03-02,0,paid_on_time
P004414,L00221,22,2026-03-02,90.7,90.7,2026-03-02,0,paid_on_time
P004415,L00251,18,2026-03-02,360.6,360.6,2026-03-01,0,paid_on_time
P004416,L00258,17,2026-03-02,2005.5,2005.5,2026-08-25,176,paid_late
P004417,L00273,15,2026-03-02,696.31,696.31,2026-02-27,0,paid_on_time
P004418,L00307,12,2026-03-02,641.01,641.01,2026-02-28,0,paid_on_time
P004419,L00321,11,2026-03-02,155.78,155.78,2026-02-28,0,paid_on_time
P004420,L00322,11,2026-03-02,482.32,482.32,2026-02-27,0,paid_on_time
P004421,L00338,10,2026-03-02,544.77,544.77,2026-02-28,0,paid_on_time
P004422,L00413,6,2026-03-02,590.44,590.44,2026-02-28,0,paid_on_time
P004423,L00460,4,2026-03-02,489.77,489.77,2026-02-27,0,paid_on_time
P004424,L00461,4,2026-03-02,265.63,265.63,2026-02-28,0,paid_on_time
P004425,L00462,4,2026-03-02,542.44,542.44,2026-03-28,26,paid_late
P004426,L00484,3,2026-03-02,406.44,406.44,2026-03-02,0,paid_on_time
P004427,L00485,3,2026-03-02,258.48,258.48,2026-03-01,0,paid_on_time
P004428,L00486,3,2026-03-02,825.82,825.82,2026-02-28,0,paid_on_time
P004429,L00513,2,2026-03-02,422.82,422.82,2026-02-27,0,paid_on_time
P004430,L00514,2,2026-03-02,411.24,411.24,2026-03-01,0,paid_on_time
P004431,L00021,108,2026-03-03,1229.88,1229.88,2026-03-03,0,paid_on_time
P004432,L00075,49,2026-03-03,921.85,921.85,2026-03-01,0,paid_on_time
P004433,L00101,40,2026-03-03,420.86,420.86,2026-02-28,0,paid_on_time
P004434,L00105,39,2026-03-03,3823.79,3823.79,2026-02-28,0,paid_on_time
P004435,L00125,36,2026-03-03,965.75,965.75,2026-03-02,0,paid_on_time
P004436,L00141,34,2026-03-03,913.41,913.41,2026-02-28,0,paid_on_time
P004437,L00180,28,2026-03-03,1447.87,1447.87,2026-03-01,0,paid_on_time
P004438,L00230,21,2026-03-03,268.46,268.46,2026-03-03,0,paid_on_time
P004439,L00296,13,2026-03-03,1097.72,1097.72,2026-03-01,0,paid_on_time
P004440,L00308,12,2026-03-03,98.58,98.58,2026-03-02,0,paid_on_time
P004441,L00339,10,2026-03-03,589.31,589.31,2026-03-03,0,paid_on_time
P004442,L00363,9,2026-03-03,139.31,139.31,2026-03-02,0,paid_on_time
P004443,L00364,9,2026-03-03,584.93,584.93,2026-03-02,0,paid_on_time
P004444,L00414,6,2026-03-03,410.2,410.2,2026-03-03,0,paid_on_time
P004445,L00434,5,2026-03-03,791.38,791.38,2026-02-28,0,paid_on_time
P004446,L00435,5,2026-03-03,2350.83,2350.83,2026-03-22,19,paid_late
P004447,L00463,4,2026-03-03,1094.9,1094.9,2026-03-03,0,paid_on_time
P004448,L00464,4,2026-03-03,418.46,418.46,2026-03-02,0,paid_on_time
P004449,L00487,3,2026-03-03,1012.24,1012.24,2026-04-14,42,paid_late
P004450,L00527,1,2026-03-03,360.72,360.72,2026-03-03,0,paid_on_time
P004451,L00058,53,2026-03-04,828.64,828.64,2026-03-02,0,paid_on_time
P004452,L00239,20,2026-03-04,1684.67,1684.67,2026-03-04,0,paid_on_time
P004453,L00259,17,2026-03-04,182.52,0.0,,92,unpaid
P004454,L00365,9,2026-03-04,921.91,921.91,2026-03-03,0,paid_on_time
P004455,L00415,6,2026-03-04,207.66,207.66,2026-03-01,0,paid_on_time
P004456,L00416,6,2026-03-04,1103.13,1103.13,2026-03-03,0,paid_on_time
P004457,L00417,6,2026-03-04,381.76,381.76,2026-03-02,0,paid_on_time
P004458,L00465,4,2026-03-04,553.52,553.52,2026-03-01,0,paid_on_time
P004459,L00051,58,2026-03-05,1900.45,1900.45,2026-03-05,0,paid_on_time
P004460,L00068,50,2026-03-05,527.5,527.5,2026-03-02,0,paid_on_time
P004461,L00069,50,2026-03-05,1481.4,1481.4,2026-03-04,0,paid_on_time
P004462,L00092,43,2026-03-05,1072.0,1072.0,2026-03-02,0,paid_on_time
P004463,L00110,38,2026-03-05,672.22,672.22,2026-03-05,0,paid_on_time
P004464,L00201,25,2026-03-05,286.02,286.02,2026-03-04,0,paid_on_time
P004465,L00214,23,2026-03-05,381.85,381.85,2026-03-03,0,paid_on_time
P004466,L00222,22,2026-03-05,671.48,671.48,2026-03-03,0,paid_on_time
P004467,L00247,19,2026-03-05,69.37,69.37,2026-03-09,4,paid_late
P004468,L00252,18,2026-03-05,2944.96,2944.96,2026-03-03,0,paid_on_time
P004469,L00253,18,2026-03-05,250.97,250.97,2026-03-05,0,paid_on_time
P004470,L00260,17,2026-03-05,494.43,494.43,2026-03-02,0,paid_on_time
P004471,L00297,13,2026-03-05,660.93,660.93,2026-03-04,0,paid_on_time
P004472,L00340,10,2026-03-05,387.29,387.29,2026-03-03,0,paid_on_time
P004473,L00488,3,2026-03-05,651.11,651.11,2026-03-05,0,paid_on_time
P004474,L00489,3,2026-03-05,259.35,259.35,2026-03-05,0,paid_on_time
P004475,L00515,2,2026-03-05,531.66,531.66,2026-03-05,0,paid_on_time
P004476,L00004,150,2026-03-06,4466.2,4466.2,2026-03-03,0,paid_on_time
P004477,L00019,115,2026-03-06,2187.33,2187.33,2026-03-03,0,paid_on_time
P004478,L00053,56,2026-03-06,1030.03,1030.03,2026-03-05,0,paid_on_time
P004479,L00059,53,2026-03-06,626.49,626.49,2026-03-06,0,paid_on_time
P004480,L00093,43,2026-03-06,730.14,730.14,2026-03-04,0,paid_on_time
P004481,L00106,39,2026-03-06,2856.91,2856.91,2026-03-06,0,paid_on_time
P004482,L00147,33,2026-03-06,348.05,348.05,2026-03-05,0,paid_on_time
P004483,L00192,26,2026-03-06,894.21,894.21,2026-03-04,0,paid_on_time
P004484,L00202,25,2026-03-06,4839.58,4839.58,2026-03-04,0,paid_on_time
P004485,L00215,23,2026-03-06,756.59,756.59,2026-03-06,0,paid_on_time
P004486,L00223,22,2026-03-06,274.54,274.54,2026-03-03,0,paid_on_time
P004487,L00231,21,2026-03-06,728.02,728.02,2026-03-04,0,paid_on_time
P004488,L00298,13,2026-03-06,1387.32,1387.32,2026-03-04,0,paid_on_time
P004489,L00341,10,2026-03-06,393.32,393.32,2026-03-06,0,paid_on_time
P004490,L00419,6,2026-03-06,713.24,713.24,2026-03-04,0,paid_on_time
P004491,L00436,5,2026-03-06,907.12,907.12,2026-03-05,0,paid_on_time
P004492,L00466,4,2026-03-06,555.32,555.32,2026-03-03,0,paid_on_time
P004493,L00490,3,2026-03-06,649.13,649.13,2026-03-05,0,paid_on_time
P004494,L00528,1,2026-03-06,907.04,907.04,2026-03-06,0,paid_on_time
P004495,L00027,96,2026-03-07,1544.11,1544.11,2026-03-13,6,paid_late
P004496,L00034,83,2026-03-07,1413.29,1413.29,2026-03-05,0,paid_on_time
P004497,L00045,64,2026-03-07,590.41,590.41,2026-03-04,0,paid_on_time
P004498,L00061,52,2026-03-07,1314.35,1314.35,2026-03-04,0,paid_on_time
P004499,L00102,40,2026-03-07,610.13,610.13,2026-03-05,0,paid_on_time
P004500,L00107,39,2026-03-07,4136.88,4136.88,2026-03-05,0,paid_on_time
P004501,L00142,34,2026-03-07,122.37,122.37,2026-03-06,0,paid_on_time
P004502,L00148,33,2026-03-07,1896.41,1896.41,2026-03-04,0,paid_on_time
P004503,L00208,24,2026-03-07,1156.32,1156.32,2026-03-06,0,paid_on_time
P004504,L00224,22,2026-03-07,223.06,223.06,2026-03-06,0,paid_on_time
P004505,L00275,15,2026-03-07,495.73,495.73,2026-03-07,0,paid_on_time
P004506,L00282,14,2026-03-07,255.88,255.88,2026-03-05,0,paid_on_time
P004507,L00342,10,2026-03-07,696.53,696.53,2026-03-07,0,paid_on_time
P004508,L00491,3,2026-03-07,759.04,0.0,,122,unpaid
P004509,L00516,2,2026-03-07,1467.92,1467.92,2026-03-14,7,paid_late
P004510,L00024,99,2026-03-08,1195.78,1195.78,2026-03-07,0,paid_on_time
P004511,L00046,64,2026-03-08,2692.31,2692.31,2026-03-06,0,paid_on_time
P004512,L00050,59,2026-03-08,5006.45,5006.45,2026-03-08,0,paid_on_time
P004513,L00149,33,2026-03-08,180.6,180.6,2026-03-08,0,paid_on_time
P004514,L00232,21,2026-03-08,588.41,588.41,2026-03-05,0,paid_on_time
P004515,L00309,12,2026-03-08,455.35,455.35,2026-03-07,0,paid_on_time
P004516,L00310,12,2026-03-08,684.21,684.21,2026-03-05,0,paid_on_time
P004517,L00323,11,2026-03-08,133.22,133.22,2026-03-07,0,paid_on_time
P004518,L00324,11,2026-03-08,464.16,464.16,2026-03-28,20,paid_late
P004519,L00343,10,2026-03-08,730.44,730.44,2026-03-06,0,paid_on_time
P004520,L00467,4,2026-03-08,282.81,282.81,2026-03-05,0,paid_on_time
P004521,L00468,4,2026-03-08,383.54,383.54,2026-03-05,0,paid_on_time
P004522,L00492,3,2026-03-08,1327.87,1327.87,2026-03-05,0,paid_on_time
P004523,L00493,3,2026-03-08,534.87,534.87,2026-03-08,0,paid_on_time
P004524,L00529,1,2026-03-08,1526.58,1526.58,2026-03-06,0,paid_on_time
P004525,L00005,150,2026-03-09,3714.26,3714.26,2026-03-06,0,paid_on_time
P004526,L00031,91,2026-03-09,1166.25,1166.25,2026-03-06,0,paid_on_time
P004527,L00047,64,2026-03-09,1631.14,1631.14,2026-03-06,0,paid_on_time
P004528,L00052,57,2026-03-09,458.96,458.96,2026-03-08,0,paid_on_time
P004529,L00056,55,2026-03-09,1887.49,1887.49,2026-03-07,0,paid_on_time
P004530,L00164,31,2026-03-09,463.93,463.93,2026-03-06,0,paid_on_time
P004531,L00165,31,2026-03-09,900.5,900.5,2026-03-08,0,paid_on_time
P004532,L00167,30,2026-03-09,494.06,494.06,2026-03-06,0,paid_on_time
P004533,L00209,24,2026-03-09,895.87,895.87,2026-03-09,0,paid_on_time
P004534,L00225,22,2026-03-09,443.16,443.16,2026-03-29,20,paid_late
P004535,L00366,9,2026-03-09,1391.7,1391.7,2026-03-07,0,paid_on_time
P004536,L00367,9,2026-03-09,781.07,781.07,2026-03-09,0,paid_on_time
P004537,L00378,8,2026-03-09,255.87,255.87,2026-03-07,0,paid_on_time
P004538,L00379,8,2026-03-09,275.23,275.23,2026-03-06,0,paid_on_time
P004539,L00391,7,2026-03-09,678.65,678.65,2026-03-09,0,paid_on_time
P004540,L00437,5,2026-03-09,294.55,294.55,2026-03-08,0,paid_on_time
P004541,L00438,5,2026-03-09,796.53,796.53,2026-03-09,0,paid_on_time
P004542,L00469,4,2026-03-09,781.35,781.35,2026-03-07,0,paid_on_time
P004543,L00494,3,2026-03-09,895.54,895.54,2026-03-07,0,paid_on_time
P004544,L00530,1,2026-03-09,642.58,642.58,2026-03-22,13,paid_late
P004545,L00010,142,2026-03-10,451.75,451.75,2026-03-08,0,paid_on_time
P004546,L00040,69,2026-03-10,1154.04,1154.04,2026-03-28,18,paid_late
P004547,L00060,53,2026-03-10,242.9,242.9,2026-03-07,0,paid_on_time
P004548,L00082,46,2026-03-10,1374.6,1374.6,2026-03-08,0,paid_on_time
P004549,L00088,44,2026-03-10,604.18,604.18,2026-03-30,20,paid_late
P004550,L00134,35,2026-03-10,132.34,132.34,2026-03-10,0,paid_on_time
P004551,L00168,30,2026-03-10,425.1,425.1,2026-03-09,0,paid_on_time
P004552,L00182,28,2026-03-10,170.77,170.77,2026-05-13,64,paid_late
P004553,L00183,28,2026-03-10,1116.86,1116.86,2026-04-30,51,paid_late
P004554,L00241,20,2026-03-10,417.0,417.0,2026-03-09,0,paid_on_time
P004555,L00299,13,2026-03-10,374.07,374.07,2026-03-10,0,paid_on_time
P004556,L00300,13,2026-03-10,3088.53,3088.53,2026-03-07,0,paid_on_time
P004557,L00326,11,2026-03-10,339.05,339.05,2026-03-20,10,paid_late
P004558,L00344,10,2026-03-10,532.44,532.44,2026-03-08,0,paid_on_time
P004559,L00345,10,2026-03-10,302.08,302.08,2026-03-07,0,paid_on_time
P004560,L00368,9,2026-03-10,584.55,584.55,2026-03-07,0,paid_on_time
P004561,L00392,7,2026-03-10,765.21,765.21,2026-03-07,0,paid_on_time
P004562,L00470,4,2026-03-10,1226.05,1226.05,2026-03-07,0,paid_on_time
P004563,L00495,3,2026-03-10,390.6,390.6,2026-03-09,0,paid_on_time
P004564,L00496,3,2026-03-10,450.83,450.83,2026-03-08,0,paid_on_time
P004565,L00497,3,2026-03-10,304.31,304.31,2026-03-07,0,paid_on_time
P004566,L00531,1,2026-03-10,355.61,355.61,2026-03-10,0,paid_on_time
P004567,L00023,103,2026-03-11,1669.64,1669.64,2026-05-15,65,paid_late
P004568,L00076,49,2026-03-11,750.21,750.21,2026-03-09,0,paid_on_time
P004569,L00103,40,2026-03-11,477.21,477.21,2026-03-08,0,paid_on_time
P004570,L00111,38,2026-03-11,327.8,327.8,2026-03-10,0,paid_on_time
P004571,L00119,37,2026-03-11,704.37,704.37,2026-03-08,0,paid_on_time
P004572,L00126,36,2026-03-11,1005.72,1005.72,2026-03-09,0,paid_on_time
P004573,L00127,36,2026-03-11,352.26,352.26,2026-03-11,0,paid_on_time
P004574,L00158,32,2026-03-11,244.75,244.75,2026-03-11,0,paid_on_time
P004575,L00185,27,2026-03-11,1831.67,1831.67,2026-03-10,0,paid_on_time
P004576,L00254,18,2026-03-11,5962.35,5962.35,2026-03-09,0,paid_on_time
P004577,L00255,18,2026-03-11,391.11,391.11,2026-03-11,0,paid_on_time
P004578,L00382,8,2026-03-11,806.73,806.73,2026-03-09,0,paid_on_time
P004579,L00420,6,2026-03-11,1635.03,1635.03,2026-03-10,0,paid_on_time
P004580,L00440,5,2026-03-11,385.78,385.78,2026-03-09,0,paid_on_time
P004581,L00498,3,2026-03-11,415.54,415.54,2026-03-08,0,paid_on_time
P004582,L00517,2,2026-03-11,283.17,283.17,2026-03-11,0,paid_on_time
P004583,L00054,56,2026-03-12,1005.95,1005.95,2026-03-12,0,paid_on_time
P004584,L00062,52,2026-03-12,998.23,998.23,2026-03-09,0,paid_on_time
P004585,L00070,50,2026-03-12,436.33,436.33,2026-03-11,0,paid_on_time
P004586,L00108,39,2026-03-12,297.58,297.58,2026-03-10,0,paid_on_time
P004587,L00112,38,2026-03-12,389.58,389.58,2026-03-10,0,paid_on_time
P004588,L00186,27,2026-03-12,461.26,461.26,2026-05-03,52,paid_late
P004589,L00276,15,2026-03-12,443.67,443.67,2026-03-11,0,paid_on_time
P004590,L00301,13,2026-03-12,652.3,652.3,2026-03-11,0,paid_on_time
P004591,L00311,12,2026-03-12,4060.3,4060.3,2026-03-12,0,paid_on_time
P004592,L00369,9,2026-03-12,374.81,374.81,2026-03-12,0,paid_on_time
P004593,L00393,7,2026-03-12,4337.53,4337.53,2026-03-10,0,paid_on_time
P004594,L00471,4,2026-03-12,453.36,453.36,2026-03-11,0,paid_on_time
P004595,L00518,2,2026-03-12,3791.87,3791.87,2026-03-11,0,paid_on_time
P004596,L00015,121,2026-03-13,2722.75,2722.75,2026-03-12,0,paid_on_time
P004597,L00038,73,2026-03-13,1052.17,1052.17,2026-03-10,0,paid_on_time
P004598,L00128,36,2026-03-13,731.01,731.01,2026-03-10,0,paid_on_time
P004599,L00176,29,2026-03-13,1207.63,1207.63,2026-03-10,0,paid_on_time
P004600,L00187,27,2026-03-13,794.79,794.79,2026-04-05,23,paid_late
P004601,L00193,26,2026-03-13,889.34,889.34,2026-03-10,0,paid_on_time
P004602,L00233,21,2026-03-13,3312.12,3312.12,2026-03-11,0,paid_on_time
P004603,L00261,17,2026-03-13,135.87,135.87,2026-03-11,0,paid_on_time
P004604,L00283,14,2026-03-13,576.26,576.26,2026-03-11,0,paid_on_time
P004605,L00312,12,2026-03-13,570.92,570.92,2026-03-10,0,paid_on_time
P004606,L00383,8,2026-03-13,243.05,243.05,2026-03-10,0,paid_on_time
P004607,L00441,5,2026-03-13,586.41,586.41,2026-03-11,0,paid_on_time
P004608,L00442,5,2026-03-13,200.28,200.28,2026-03-12,0,paid_on_time
P004609,L00018,116,2026-03-14,5555.18,5555.18,2026-03-14,0,paid_on_time
P004610,L00063,52,2026-03-14,1407.73,1407.73,2026-03-13,0,paid_on_time
P004611,L00095,42,2026-03-14,493.83,493.83,2026-04-03,20,paid_late
P004612,L00150,33,2026-03-14,693.8,693.8,2026-03-11,0,paid_on_time
P004613,L00194,26,2026-03-14,708.28,708.28,2026-03-14,0,paid_on_time
P004614,L00195,26,2026-03-14,506.14,506.14,2026-05-29,76,paid_late
P004615,L00204,25,2026-03-14,941.27,941.27,2026-03-14,0,paid_on_time
P004616,L00271,16,2026-03-14,485.42,485.42,2026-04-03,20,paid_late
P004617,L00284,14,2026-03-14,307.56,307.56,2026-03-11,0,paid_on_time
P004618,L00327,11,2026-03-14,205.7,205.7,2026-03-12,0,paid_on_time
P004619,L00328,11,2026-03-14,614.18,614.18,2026-03-11,0,paid_on_time
P004620,L00370,9,2026-03-14,447.8,447.8,2026-03-12,0,paid_on_time
P004621,L00394,7,2026-03-14,393.33,393.33,2026-03-13,0,paid_on_time
P004622,L00472,4,2026-03-14,321.08,321.08,2026-03-12,0,paid_on_time
P004623,L00532,1,2026-03-14,1367.7,1367.7,2026-03-14,0,paid_on_time
P004624,L00533,1,2026-03-14,205.17,205.17,2026-03-13,0,paid_on_time
P004625,L00043,65,2026-03-15,1040.6,1040.6,2026-03-12,0,paid_on_time
P004626,L00104,40,2026-03-15,442.08,442.08,2026-03-13,0,paid_on_time
P004627,L00120,37,2026-03-15,262.87,262.87,2026-03-12,0,paid_on_time
P004628,L00205,25,2026-03-15,418.6,418.6,2026-03-13,0,paid_on_time
P004629,L00216,23,2026-03-15,962.26,962.26,2026-03-14,0,paid_on_time
P004630,L00226,22,2026-03-15,904.35,904.35,2026-03-14,0,paid_on_time
P004631,L00277,15,2026-03-15,689.78,689.78,2026-03-14,0,paid_on_time
P004632,L00285,14,2026-03-15,4637.41,4637.41,2026-03-13,0,paid_on_time
P004633,L00330,11,2026-03-15,562.56,562.56,2026-03-12,0,paid_on_time
P004634,L00473,4,2026-03-15,807.6,807.6,2026-03-15,0,paid_on_time
P004635,L00499,3,2026-03-15,195.38,195.38,2026-03-14,0,paid_on_time
P004636,L00500,3,2026-03-15,693.64,693.64,2026-03-12,0,paid_on_time
P004637,L00519,2,2026-03-15,377.64,377.64,2026-03-13,0,paid_on_time
P004638,L00534,1,2026-03-15,584.34,584.34,2026-03-12,0,paid_on_time
P004639,L00017,117,2026-03-16,1399.27,1399.27,2026-03-15,0,paid_on_time
P004640,L00033,85,2026-03-16,488.18,488.18,2026-03-14,0,paid_on_time
P004641,L00035,82,2026-03-16,2474.76,2474.76,2026-03-15,0,paid_on_time
P004642,L00121,37,2026-03-16,1741.4,1741.4,2026-03-14,0,paid_on_time
P004643,L00151,33,2026-03-16,230.11,230.11,2026-03-16,0,paid_on_time
P004644,L00210,24,2026-03-16,1078.93,1078.93,2026-03-14,0,paid_on_time
P004645,L00227,22,2026-03-16,545.86,545.86,2026-03-15,0,paid_on_time
P004646,L00234,21,2026-03-16,659.89,659.89,2026-03-13,0,paid_on_time
P004647,L00248,19,2026-03-16,2095.25,2095.25,2026-03-13,0,paid_on_time
P004648,L00286,14,2026-03-16,629.76,629.76,2026-03-16,0,paid_on_time
P004649,L00287,14,2026-03-16,361.67,361.67,2026-03-14,0,paid_on_time
P004650,L00314,12,2026-03-16,133.26,133.26,2026-03-13,0,paid_on_time
P004651,L00347,10,2026-03-16,622.05,622.05,2026-03-16,0,paid_on_time
P004652,L00384,8,2026-03-16,673.49,673.49,2026-03-16,0,paid_on_time
P004653,L00395,7,2026-03-16,345.71,345.71,2026-03-16,0,paid_on_time
P004654,L00421,6,2026-03-16,244.98,244.98,2026-03-14,0,paid_on_time
P004655,L00444,5,2026-03-16,449.21,449.21,2026-06-26,102,paid_late
P004656,L00474,4,2026-03-16,1190.95,1190.95,2026-03-15,0,paid_on_time
P004657,L00520,2,2026-03-16,569.25,569.25,2026-03-15,0,paid_on_time
P004658,L00535,1,2026-03-16,765.3,765.3,2026-03-15,0,paid_on_time
P004659,L00006,148,2026-03-17,1297.93,1297.93,2026-03-16,0,paid_on_time
P004660,L00042,67,2026-03-17,702.79,702.79,2026-03-16,0,paid_on_time
P004661,L00044,65,2026-03-17,999.08,999.08,2026-03-16,0,paid_on_time
P004662,L00055,56,2026-03-17,495.46,495.46,2026-03-15,0,paid_on_time
P004663,L00096,42,2026-03-17,3809.24,3809.24,2026-03-15,0,paid_on_time
P004664,L00122,37,2026-03-17,396.75,396.75,2026-03-15,0,paid_on_time
P004665,L00129,36,2026-03-17,5383.46,5383.46,2026-03-14,0,paid_on_time
P004666,L00135,35,2026-03-17,1392.09,1392.09,2026-03-16,0,paid_on_time
P004667,L00228,22,2026-03-17,151.67,151.67,2026-03-28,11,paid_late
P004668,L00257,18,2026-03-17,328.84,328.84,2026-03-16,0,paid_on_time
P004669,L00289,14,2026-03-17,327.34,327.34,2026-03-14,0,paid_on_time
P004670,L00315,12,2026-03-17,1369.79,1369.79,2026-03-15,0,paid_on_time
P004671,L00331,11,2026-03-17,186.73,186.73,2026-03-17,0,paid_on_time
P004672,L00385,8,2026-03-17,329.97,329.97,2026-03-17,0,paid_on_time
P004673,L00396,7,2026-03-17,534.54,534.54,2026-03-17,0,paid_on_time
P004674,L00397,7,2026-03-17,419.44,0.0,,122,unpaid
P004675,L00445,5,2026-03-17,1607.75,1607.75,2026-03-15,0,paid_on_time
P004676,L00446,5,2026-03-17,1134.61,1134.61,2026-03-16,0,paid_on_time
P004677,L00501,3,2026-03-17,830.64,830.64,2026-06-10,85,paid_late
P004678,L00536,1,2026-03-17,256.96,256.96,2026-03-14,0,paid_on_time
P004679,L00016,119,2026-03-18,2087.02,2087.02,2026-03-15,0,paid_on_time
P004680,L00026,98,2026-03-18,1366.27,1366.27,2026-03-15,0,paid_on_time
P004681,L00089,44,2026-03-18,1358.89,1358.89,2026-03-15,0,paid_on_time
P004682,L00169,30,2026-03-18,406.69,406.69,2026-03-18,0,paid_on_time
P004683,L00206,25,2026-03-18,1805.79,1805.79,2026-03-16,0,paid_on_time
P004684,L00217,23,2026-03-18,230.93,230.93,2026-03-16,0,paid_on_time
P004685,L00262,17,2026-03-18,244.62,244.62,2026-03-15,0,paid_on_time
P004686,L00290,14,2026-03-18,729.21,729.21,2026-04-04,17,paid_late
P004687,L00302,13,2026-03-18,528.31,528.31,2026-03-18,0,paid_on_time
P004688,L00316,12,2026-03-18,488.8,0.0,,61,unpaid
P004689,L00332,11,2026-03-18,1160.99,1160.99,2026-03-18,0,paid_on_time
P004690,L00349,10,2026-03-18,732.05,732.05,2026-03-16,0,paid_on_time
P004691,L00371,9,2026-03-18,668.17,668.17,2026-03-17,0,paid_on_time
P004692,L00398,7,2026-03-18,914.52,914.52,2026-03-23,5,paid_late
P004693,L00422,6,2026-03-18,620.56,620.56,2026-03-17,0,paid_on_time
P004694,L00001,157,2026-03-19,872.89,872.89,2026-03-18,0,paid_on_time
P004695,L00013,127,2026-03-19,947.9,947.9,2026-03-18,0,paid_on_time
P004696,L00014,125,2026-03-19,3544.09,3544.09,2026-03-18,0,paid_on_time
P004697,L00020,111,2026-03-19,599.02,599.02,2026-03-19,0,paid_on_time
P004698,L00028,95,2026-03-19,859.63,859.63,2026-03-16,0,paid_on_time
P004699,L00083,46,2026-03-19,170.36,170.36,2026-03-16,0,paid_on_time
P004700,L00090,44,2026-03-19,940.56,940.56,2026-03-19,0,paid_on_time
P004701,L00091,44,2026-03-19,333.65,333.65,2026-03-18,0,paid_on_time
P004702,L00130,36,2026-03-19,891.36,891.36,2026-03-16,0,paid_on_time
P004703,L00152,33,2026-03-19,189.02,189.02,2026-03-19,0,paid_on_time
P004704,L00350,10,2026-03-19,913.36,913.36,2026-03-17,0,paid_on_time
P004705,L00399,7,2026-03-19,319.53,319.53,2026-03-16,0,paid_on_time
P004706,L00521,2,2026-03-19,717.46,717.46,2026-03-16,0,paid_on_time
P004707,L00032,87,2026-03-20,1649.77,1649.77,2026-03-20,0,paid_on_time
P004708,L00131,36,2026-03-20,1276.47,1276.47,2026-03-23,3,paid_late
P004709,L00154,33,2026-03-20,313.1,313.1,2026-03-19,0,paid_on_time
P004710,L00170,30,2026-03-20,1120.0,1120.0,2026-03-18,0,paid_on_time
P004711,L00291,14,2026-03-20,1254.39,1254.39,2026-04-07,18,paid_late
P004712,L00317,12,2026-03-20,690.9,690.9,2026-03-19,0,paid_on_time
P004713,L00333,11,2026-03-20,328.96,328.96,2026-03-19,0,paid_on_time
P004714,L00351,10,2026-03-20,281.71,281.71,2026-03-17,0,paid_on_time
P004715,L00386,8,2026-03-20,636.78,636.78,2026-03-18,0,paid_on_time
P004716,L00400,7,2026-03-20,1657.16,1657.16,2026-03-17,0,paid_on_time
P004717,L00423,6,2026-03-20,1390.3,1390.3,2026-03-17,0,paid_on_time
P004718,L00424,6,2026-03-20,372.69,372.69,2026-03-17,0,paid_on_time
P004719,L00522,2,2026-03-20,200.09,200.09,2026-03-18,0,paid_on_time
P004720,L00537,1,2026-03-20,355.98,355.98,2026-03-20,0,paid_on_time
P004721,L00078,48,2026-03-21,434.96,434.96,2026-03-24,3,paid_late
P004722,L00084,46,2026-03-21,352.49,352.49,2026-03-20,0,paid_on_time
P004723,L00097,42,2026-03-21,1660.09,1660.09,2026-03-20,0,paid_on_time
P004724,L00159,32,2026-03-21,813.68,813.68,2026-03-19,0,paid_on_time
P004725,L00160,32,2026-03-21,3164.49,3164.49,2026-03-21,0,paid_on_time
P004726,L00188,27,2026-03-21,1216.68,1216.68,2026-03-20,0,paid_on_time
P004727,L00218,23,2026-03-21,3945.26,3945.26,2026-03-18,0,paid_on_time
P004728,L00242,20,2026-03-21,450.32,450.32,2026-03-20,0,paid_on_time
P004729,L00263,17,2026-03-21,846.87,846.87,2026-04-25,35,paid_late
P004730,L00303,13,2026-03-21,3623.36,3623.36,2026-03-18,0,paid_on_time
P004731,L00352,10,2026-03-21,1279.4,1279.4,2026-03-21,0,paid_on_time
P004732,L00387,8,2026-03-21,476.49,476.49,2026-03-18,0,paid_on_time
P004733,L00425,6,2026-03-21,485.11,485.11,2026-04-02,12,paid_late
P004734,L00426,6,2026-03-21,768.32,768.32,2026-03-18,0,paid_on_time
P004735,L00447,5,2026-03-21,651.06,0.0,,61,unpaid
P004736,L00008,145,2026-03-22,1043.51,1043.51,2026-03-19,0,paid_on_time
P004737,L00049,60,2026-03-22,3041.98,3041.98,2026-03-19,0,paid_on_time
P004738,L00098,42,2026-03-22,1385.41,1385.41,2026-03-19,0,paid_on_time
P004739,L00113,38,2026-03-22,677.07,677.07,2026-03-20,0,paid_on_time
P004740,L00132,36,2026-03-22,238.38,238.38,2026-03-20,0,paid_on_time
P004741,L00189,27,2026-03-22,142.38,142.38,2026-04-04,13,paid_late
P004742,L00229,22,2026-03-22,696.96,696.96,2026-03-19,0,paid_on_time
P004743,L00264,17,2026-03-22,299.57,299.57,2026-03-20,0,paid_on_time
P004744,L00279,15,2026-03-22,506.59,506.59,2026-03-20,0,paid_on_time
P004745,L00304,13,2026-03-22,191.99,191.99,2026-03-22,0,paid_on_time
P004746,L00353,10,2026-03-22,401.58,401.58,2026-03-20,0,paid_on_time
P004747,L00402,7,2026-03-22,847.17,847.17,2026-03-22,0,paid_on_time
P004748,L00403,7,2026-03-22,249.32,249.32,2026-04-02,11,paid_late
P004749,L00475,4,2026-03-22,793.79,793.79,2026-03-22,0,paid_on_time
P004750,L00502,3,2026-03-22,498.78,498.78,2026-03-20,0,paid_on_time
P004751,L00012,135,2026-03-23,2313.25,2313.25,2026-03-22,0,paid_on_time
P004752,L00036,76,2026-03-23,5425.67,5425.67,2026-04-18,26,paid_late
P004753,L00041,68,2026-03-23,1241.28,1241.28,2026-03-22,0,paid_on_time
P004754,L00071,50,2026-03-23,561.59,561.59,2026-03-22,0,paid_on_time
P004755,L00080,47,2026-03-23,3899.39,3899.39,2026-04-04,12,paid_late
P004756,L00123,37,2026-03-23,509.28,509.28,2026-03-20,0,paid_on_time
P004757,L00161,32,2026-03-23,2812.43,2812.43,2026-03-23,0,paid_on_time
P004758,L00196,26,2026-03-23,152.51,152.51,2026-05-13,51,paid_late
P004759,L00211,24,2026-03-23,175.17,175.17,2026-03-22,0,paid_on_time
P004760,L00219,23,2026-03-23,2801.45,2801.45,2026-03-23,0,paid_on_time
P004761,L00249,19,2026-03-23,648.22,0.0,,122,unpaid
P004762,L00265,17,2026-03-23,883.61,883.61,2026-03-22,0,paid_on_time
P004763,L00292,14,2026-03-23,791.09,791.09,2026-03-23,0,paid_on_time
P004764,L00334,11,2026-03-23,325.36,325.36,2026-03-22,0,paid_on_time
P004765,L00354,10,2026-03-23,807.03,807.03,2026-03-21,0,paid_on_time
P004766,L00355,10,2026-03-23,915.73,915.73,2026-03-20,0,paid_on_time
P004767,L00372,9,2026-03-23,187.18,187.18,2026-05-08,46,paid_late
P004768,L00388,8,2026-03-23,392.01,392.01,2026-03-21,0,paid_on_time
P004769,L00428,6,2026-03-23,117.11,117.11,2026-03-23,0,paid_on_time
P004770,L00476,4,2026-03-23,412.78,412.78,2026-03-21,0,paid_on_time
P004771,L00503,3,2026-03-23,170.92,170.92,2026-03-20,0,paid_on_time
P004772,L00504,3,2026-03-23,700.56,700.56,2026-03-20,0,paid_on_time
P004773,L00505,3,2026-03-23,698.79,698.79,2026-03-21,0,paid_on_time
P004774,L00072,50,2026-03-24,1714.68,1714.68,2026-03-24,0,paid_on_time
P004775,L00143,34,2026-03-24,369.61,369.61,2026-03-24,0,paid_on_time
P004776,L00171,30,2026-03-24,378.47,378.47,2026-03-22,0,paid_on_time
P004777,L00172,30,2026-03-24,246.44,246.44,2026-03-24,0,paid_on_time
P004778,L00197,26,2026-03-24,4082.86,4082.86,2026-03-23,0,paid_on_time
P004779,L00243,20,2026-03-24,4829.64,4829.64,2026-03-23,0,paid_on_time
P004780,L00293,14,2026-03-24,715.78,715.78,2026-03-23,0,paid_on_time
P004781,L00318,12,2026-03-24,785.27,785.27,2026-04-27,34,paid_late
P004782,L00356,10,2026-03-24,151.33,151.33,2026-03-21,0,paid_on_time
P004783,L00373,9,2026-03-24,507.47,507.47,2026-03-23,0,paid_on_time
P004784,L00448,5,2026-03-24,1122.07,0.0,,61,unpaid
P004785,L00523,2,2026-03-24,227.41,227.41,2026-04-13,20,paid_late
P004786,L00039,71,2026-03-25,2154.36,2154.36,2026-03-22,0,paid_on_time
P004787,L00085,46,2026-03-25,615.22,615.22,2026-03-22,0,paid_on_time
P004788,L00094,43,2026-03-25,798.81,798.81,2026-03-25,0,paid_on_time
P004789,L00144,34,2026-03-25,1999.88,1999.88,2026-03-25,0,paid_on_time
P004790,L00190,27,2026-03-25,668.94,668.94,2026-03-22,0,paid_on_time
P004791,L00236,21,2026-03-25,379.28,379.28,2026-03-22,0,paid_on_time
P004792,L00237,21,2026-03-25,1577.72,1577.72,2026-03-25,0,paid_on_time
P004793,L00244,20,2026-03-25,797.65,797.65,2026-03-24,0,paid_on_time
P004794,L00335,11,2026-03-25,292.08,292.08,2026-03-24,0,paid_on_time
P004795,L00404,7,2026-03-25,800.98,800.98,2026-03-29,4,paid_late
P004796,L00405,7,2026-03-25,325.9,325.9,2026-03-24,0,paid_on_time
P004797,L00406,7,2026-03-25,516.67,516.67,2026-03-24,0,paid_on_time
P004798,L00449,5,2026-03-25,967.38,0.0,,92,unpaid
P004799,L00506,3,2026-03-25,194.53,194.53,2026-03-22,0,paid_on_time
P004800,L00524,2,2026-03-25,1067.88,1067.88,2026-03-23,0,paid_on_time
P004801,L00030,92,2026-03-26,1332.55,1332.55,2026-03-23,0,paid_on_time
P004802,L00037,76,2026-03-26,684.3,684.3,2026-03-23,0,paid_on_time
P004803,L00073,50,2026-03-26,313.76,313.76,2026-03-25,0,paid_on_time
P004804,L00087,45,2026-03-26,485.7,485.7,2026-04-10,15,paid_late
P004805,L00137,35,2026-03-26,328.82,328.82,2026-03-25,0,paid_on_time
P004806,L00145,34,2026-03-26,783.93,783.93,2026-03-26,0,paid_on_time
P004807,L00178,29,2026-03-26,1322.66,1322.66,2026-04-12,17,paid_late
P004808,L00198,26,2026-03-26,353.93,353.93,2026-03-23,0,paid_on_time
P004809,L00266,17,2026-03-26,196.46,0.0,,122,unpaid
P004810,L00306,13,2026-03-26,386.96,386.96,2026-03-24,0,paid_on_time
P004811,L00374,9,2026-03-26,759.66,759.66,2026-03-24,0,paid_on_time
P004812,L00389,8,2026-03-26,547.48,547.48,2026-03-26,0,paid_on_time
P004813,L00429,6,2026-03-26,1035.18,1035.18,2026-03-24,0,paid_on_time
P004814,L00525,2,2026-03-26,332.84,332.84,2026-03-23,0,paid_on_time
P004815,L00538,1,2026-03-26,158.81,158.81,2026-03-25,0,paid_on_time
P004816,L00539,1,2026-03-26,946.7,946.7,2026-03-23,0,paid_on_time
P004817,L00007,146,2026-03-27,1181.6,1181.6,2026-03-26,0,paid_on_time
P004818,L00009,144,2026-03-27,1014.74,1014.74,2026-03-25,0,paid_on_time
P004819,L00074,50,2026-03-27,1814.09,1814.09,2026-04-07,11,paid_late
P004820,L00357,10,2026-03-27,705.03,705.03,2026-03-25,0,paid_on_time
P004821,L00450,5,2026-03-27,555.25,0.0,,61,unpaid
P004822,L00451,5,2026-03-27,519.15,519.15,2026-03-25,0,paid_on_time
P004823,L00452,5,2026-03-27,211.98,211.98,2026-03-24,0,paid_on_time
P004824,L00477,4,2026-03-27,457.61,457.61,2026-03-26,0,paid_on_time
P004825,L00022,104,2026-03-28,1038.84,1038.84,2026-03-26,0,paid_on_time
P004826,L00057,55,2026-03-28,603.0,603.0,2026-03-27,0,paid_on_time
P004827,L00065,51,2026-03-28,1911.1,1911.1,2026-03-27,0,paid_on_time
P004828,L00079,48,2026-03-28,553.36,553.36,2026-03-25,0,paid_on_time
P004829,L00081,47,2026-03-28,487.74,487.74,2026-03-28,0,paid_on_time
P004830,L00086,46,2026-03-28,542.24,542.24,2026-03-28,0,paid_on_time
P004831,L00114,38,2026-03-28,1545.46,1545.46,2026-03-28,0,paid_on_time
P004832,L00115,38,2026-03-28,581.64,581.64,2026-03-28,0,paid_on_time
P004833,L00116,38,2026-03-28,4765.2,4765.2,2026-04-17,20,paid_late
P004834,L00117,38,2026-03-28,1642.14,1642.14,2026-03-27,0,paid_on_time
P004835,L00138,35,2026-03-28,475.85,475.85,2026-03-28,0,paid_on_time
P004836,L00156,33,2026-03-28,856.46,856.46,2026-03-25,0,paid_on_time
P004837,L00173,30,2026-03-28,746.3,746.3,2026-03-28,0,paid_on_time
P004838,L00191,27,2026-03-28,936.13,936.13,2026-03-27,0,paid_on_time
P004839,L00199,26,2026-03-28,613.67,613.67,2026-03-26,0,paid_on_time
P004840,L00200,26,2026-03-28,253.76,253.76,2026-03-27,0,paid_on_time
P004841,L00207,25,2026-03-28,252.74,252.74,2026-03-25,0,paid_on_time
P004842,L00213,24,2026-03-28,767.71,767.71,2026-03-25,0,paid_on_time
P004843,L00220,23,2026-03-28,596.29,596.29,2026-03-28,0,paid_on_time
P004844,L00238,21,2026-03-28,893.78,893.78,2026-03-25,0,paid_on_time
P004845,L00245,20,2026-03-28,2175.35,2175.35,2026-03-28,0,paid_on_time
P004846,L00246,20,2026-03-28,1166.75,1166.75,2026-03-27,0,paid_on_time
P004847,L00250,19,2026-03-28,169.37,169.37,2026-03-27,0,paid_on_time
P004848,L00272,16,2026-03-28,197.04,197.04,2026-03-27,0,paid_on_time
P004849,L00280,15,2026-03-28,2010.72,2010.72,2026-03-27,0,paid_on_time
P004850,L00281,15,2026-03-28,2776.0,2776.0,2026-03-26,0,paid_on_time
P004851,L00294,14,2026-03-28,2580.19,2580.19,2026-03-27,0,paid_on_time
P004852,L00295,14,2026-03-28,2738.06,2738.06,2026-03-27,0,paid_on_time
P004853,L00319,12,2026-03-28,1044.26,1044.26,2026-03-27,0,paid_on_time
P004854,L00336,11,2026-03-28,761.18,761.18,2026-06-18,82,paid_late
P004855,L00359,10,2026-03-28,399.48,399.48,2026-03-27,0,paid_on_time
P004856,L00360,10,2026-03-28,365.61,365.61,2026-03-26,0,paid_on_time
P004857,L00375,9,2026-03-28,93.58,93.58,2026-03-25,0,paid_on_time
P004858,L00390,8,2026-03-28,393.57,0.0,,122,unpaid
P004859,L00407,7,2026-03-28,470.34,470.34,2026-03-26,0,paid_on_time
P004860,L00408,7,2026-03-28,954.6,954.6,2026-03-27,0,paid_on_time
P004861,L00409,7,2026-03-28,3818.88,3818.88,2026-03-27,0,paid_on_time
P004862,L00410,7,2026-03-28,336.89,336.89,2026-03-27,0,paid_on_time
P004863,L00430,6,2026-03-28,437.06,437.06,2026-03-26,0,paid_on_time
P004864,L00431,6,2026-03-28,262.85,262.85,2026-03-26,0,paid_on_time
P004865,L00432,6,2026-03-28,311.98,311.98,2026-05-03,36,paid_late
P004866,L00433,6,2026-03-28,152.15,152.15,2026-04-18,21,paid_late
P004867,L00453,5,2026-03-28,255.21,255.21,2026-04-20,23,paid_late
P004868,L00454,5,2026-03-28,460.82,460.82,2026-03-27,0,paid_on_time
P004869,L00455,5,2026-03-28,664.95,664.95,2026-03-25,0,paid_on_time
P004870,L00456,5,2026-03-28,936.55,936.55,2026-03-28,0,paid_on_time
P004871,L00457,5,2026-03-28,449.08,449.08,2026-03-27,0,paid_on_time
P004872,L00458,5,2026-03-28,277.89,277.89,2026-03-27,0,paid_on_time
P004873,L00478,4,2026-03-28,929.98,929.98,2026-03-28,0,paid_on_time
P004874,L00479,4,2026-03-28,403.75,403.75,2026-03-27,0,paid_on_time
P004875,L00480,4,2026-03-28,449.17,449.17,2026-03-25,0,paid_on_time
P004876,L00481,4,2026-03-28,876.87,876.87,2026-04-15,18,paid_late
P004877,L00482,4,2026-03-28,234.31,234.31,2026-03-26,0,paid_on_time
P004878,L00483,4,2026-03-28,411.18,411.18,2026-03-28,0,paid_on_time
P004879,L00507,3,2026-03-28,109.56,0.0,,122,unpaid
P004880,L00508,3,2026-03-28,409.58,409.58,2026-03-25,0,paid_on_time
P004881,L00509,3,2026-03-28,761.6,761.6,2026-03-28,0,paid_on_time
P004882,L00510,3,2026-03-28,1215.38,1215.38,2026-03-25,0,paid_on_time
P004883,L00511,3,2026-03-28,743.63,743.63,2026-03-27,0,paid_on_time
P004884,L00526,2,2026-03-28,897.15,897.15,2026-03-28,0,paid_on_time
P004885,L00066,51,2026-04-01,856.43,856.43,2026-03-29,0,paid_on_time
P004886,L00067,51,2026-04-01,5150.69,5150.69,2026-03-29,0,paid_on_time
P004887,L00099,41,2026-04-01,1471.68,1471.68,2026-03-30,0,paid_on_time
P004888,L00100,41,2026-04-01,1187.24,1187.24,2026-04-01,0,paid_on_time
P004889,L00109,39,2026-04-01,2101.11,2101.11,2026-04-01,0,paid_on_time
P004890,L00157,33,2026-04-01,328.41,328.41,2026-04-01,0,paid_on_time
P004891,L00268,17,2026-04-01,3738.67,3738.67,2026-03-29,0,paid_on_time
P004892,L00361,10,2026-04-01,421.04,421.04,2026-03-31,0,paid_on_time
P004893,L00376,9,2026-04-01,371.84,371.84,2026-03-31,0,paid_on_time
P004894,L00411,7,2026-04-01,725.51,725.51,2026-03-31,0,paid_on_time
P004895,L00412,7,2026-04-01,494.69,494.69,2026-03-29,0,paid_on_time
P004896,L00459,5,2026-04-01,917.2,917.2,2026-03-29,0,paid_on_time
P004897,L00512,3,2026-04-01,1002.51,1002.51,2026-03-30,0,paid_on_time
P004898,L00011,140,2026-04-02,3685.16,3685.16,2026-03-31,0,paid_on_time
P004899,L00025,99,2026-04-02,873.16,873.16,2026-03-31,0,paid_on_time
P004900,L00048,61,2026-04-02,3101.68,3101.68,2026-04-01,0,paid_on_time
P004901,L00124,37,2026-04-02,1451.35,1451.35,2026-03-31,0,paid_on_time
P004902,L00133,36,2026-04-02,4939.5,4939.5,2026-03-31,0,paid_on_time
P004903,L00174,30,2026-04-02,588.33,588.33,2026-03-31,0,paid_on_time
P004904,L00221,23,2026-04-02,90.7,90.7,2026-03-31,0,paid_on_time
P004905,L00251,19,2026-04-02,360.6,360.6,2026-04-01,0,paid_on_time
P004906,L00258,18,2026-04-02,2005.5,2005.5,2026-08-25,145,paid_late
P004907,L00273,16,2026-04-02,696.31,696.31,2026-04-13,11,paid_late
P004908,L00307,13,2026-04-02,641.01,641.01,2026-04-01,0,paid_on_time
P004909,L00321,12,2026-04-02,155.78,155.78,2026-04-01,0,paid_on_time
P004910,L00322,12,2026-04-02,482.32,482.32,2026-03-30,0,paid_on_time
P004911,L00338,11,2026-04-02,544.77,544.77,2026-04-02,0,paid_on_time
P004912,L00413,7,2026-04-02,590.44,590.44,2026-03-30,0,paid_on_time
P004913,L00460,5,2026-04-02,489.77,489.77,2026-04-02,0,paid_on_time
P004914,L00461,5,2026-04-02,265.63,265.63,2026-03-30,0,paid_on_time
P004915,L00462,5,2026-04-02,542.44,542.44,2026-04-20,18,paid_late
P004916,L00484,4,2026-04-02,406.44,406.44,2026-03-31,0,paid_on_time
P004917,L00485,4,2026-04-02,258.48,258.48,2026-07-17,106,paid_late
P004918,L00486,4,2026-04-02,825.82,825.82,2026-03-31,0,paid_on_time
P004919,L00513,3,2026-04-02,422.82,422.82,2026-03-31,0,paid_on_time
P004920,L00514,3,2026-04-02,411.24,411.24,2026-04-02,0,paid_on_time
P004921,L00540,1,2026-04-02,1225.17,1225.17,2026-03-30,0,paid_on_time
P004922,L00021,109,2026-04-03,1229.88,1229.88,2026-04-01,0,paid_on_time
P004923,L00075,50,2026-04-03,921.85,921.85,2026-03-31,0,paid_on_time
P004924,L00101,41,2026-04-03,420.86,420.86,2026-04-01,0,paid_on_time
P004925,L00105,40,2026-04-03,3823.79,3823.79,2026-03-31,0,paid_on_time
P004926,L00125,37,2026-04-03,965.75,965.75,2026-04-03,0,paid_on_time
P004927,L00141,35,2026-04-03,913.41,913.41,2026-04-01,0,paid_on_time
P004928,L00180,29,2026-04-03,1447.87,1447.87,2026-04-02,0,paid_on_time
P004929,L00230,22,2026-04-03,268.46,268.46,2026-04-01,0,paid_on_time
P004930,L00296,14,2026-04-03,1097.72,1097.72,2026-03-31,0,paid_on_time
P004931,L00308,13,2026-04-03,98.58,98.58,2026-03-31,0,paid_on_time
P004932,L00339,11,2026-04-03,589.31,589.31,2026-04-01,0,paid_on_time
P004933,L00363,10,2026-04-03,139.31,139.31,2026-03-31,0,paid_on_time
P004934,L00364,10,2026-04-03,584.93,584.93,2026-04-01,0,paid_on_time
P004935,L00414,7,2026-04-03,410.2,410.2,2026-05-30,57,paid_late
P004936,L00434,6,2026-04-03,791.38,791.38,2026-04-14,11,paid_late
P004937,L00435,6,2026-04-03,2350.83,2350.83,2026-04-03,0,paid_on_time
P004938,L00463,5,2026-04-03,1094.9,1094.9,2026-04-02,0,paid_on_time
P004939,L00464,5,2026-04-03,418.46,418.46,2026-05-22,49,paid_late
P004940,L00487,4,2026-04-03,1012.24,1012.24,2026-04-14,11,paid_late
P004941,L00527,2,2026-04-03,360.72,360.72,2026-04-01,0,paid_on_time
P004942,L00058,54,2026-04-04,828.64,828.64,2026-04-14,10,paid_late
P004943,L00239,21,2026-04-04,1684.67,1684.67,2026-05-31,57,paid_late
P004944,L00259,18,2026-04-04,182.52,0.0,,61,unpaid
P004945,L00365,10,2026-04-04,921.91,921.91,2026-04-01,0,paid_on_time
P004946,L00415,7,2026-04-04,207.66,207.66,2026-04-02,0,paid_on_time
P004947,L00416,7,2026-04-04,1103.13,1103.13,2026-04-03,0,paid_on_time
P004948,L00417,7,2026-04-04,381.76,381.76,2026-04-01,0,paid_on_time
P004949,L00465,5,2026-04-04,553.52,553.52,2026-04-04,0,paid_on_time
P004950,L00051,59,2026-04-05,1900.45,1900.45,2026-04-02,0,paid_on_time
P004951,L00068,51,2026-04-05,527.5,527.5,2026-04-05,0,paid_on_time
P004952,L00069,51,2026-04-05,1481.4,1481.4,2026-04-03,0,paid_on_time
P004953,L00092,44,2026-04-05,1072.0,1072.0,2026-04-04,0,paid_on_time
P004954,L00110,39,2026-04-05,672.22,672.22,2026-04-02,0,paid_on_time
P004955,L00201,26,2026-04-05,286.02,286.02,2026-04-03,0,paid_on_time
P004956,L00222,23,2026-04-05,671.48,671.48,2026-04-04,0,paid_on_time
P004957,L00247,20,2026-04-05,69.37,69.37,2026-04-03,0,paid_on_time
P004958,L00252,19,2026-04-05,2944.96,2944.96,2026-04-03,0,paid_on_time
P004959,L00253,19,2026-04-05,250.97,250.97,2026-04-02,0,paid_on_time
P004960,L00260,18,2026-04-05,494.43,494.43,2026-04-04,0,paid_on_time
P004961,L00297,14,2026-04-05,660.93,660.93,2026-04-04,0,paid_on_time
P004962,L00340,11,2026-04-05,387.29,387.29,2026-04-03,0,paid_on_time
P004963,L00488,4,2026-04-05,651.11,651.11,2026-06-09,65,paid_late
P004964,L00489,4,2026-04-05,259.35,259.35,2026-04-02,0,paid_on_time
P004965,L00515,3,2026-04-05,531.66,531.66,2026-04-04,0,paid_on_time
P004966,L00541,1,2026-04-05,570.7,570.7,2026-04-05,0,paid_on_time
P004967,L00004,151,2026-04-06,4466.2,4466.2,2026-04-06,0,paid_on_time
P004968,L00019,116,2026-04-06,2187.33,2187.33,2026-04-05,0,paid_on_time
P004969,L00053,57,2026-04-06,1030.03,1030.03,2026-04-04,0,paid_on_time
P004970,L00059,54,2026-04-06,626.49,626.49,2026-04-04,0,paid_on_time
P004971,L00093,44,2026-04-06,730.14,730.14,2026-04-05,0,paid_on_time
P004972,L00106,40,2026-04-06,2856.91,2856.91,2026-04-04,0,paid_on_time
P004973,L00147,34,2026-04-06,348.05,348.05,2026-04-06,0,paid_on_time
P004974,L00192,27,2026-04-06,894.21,894.21,2026-04-05,0,paid_on_time
P004975,L00202,26,2026-04-06,4839.58,4839.58,2026-04-04,0,paid_on_time
P004976,L00215,24,2026-04-06,756.59,756.59,2026-04-05,0,paid_on_time
P004977,L00223,23,2026-04-06,274.54,274.54,2026-04-05,0,paid_on_time
P004978,L00231,22,2026-04-06,728.02,728.02,2026-04-06,0,paid_on_time
P004979,L00298,14,2026-04-06,1387.32,1387.32,2026-04-06,0,paid_on_time
P004980,L00341,11,2026-04-06,393.32,393.32,2026-04-06,0,paid_on_time
P004981,L00419,7,2026-04-06,713.24,713.24,2026-04-03,0,paid_on_time
P004982,L00436,6,2026-04-06,907.12,907.12,2026-04-03,0,paid_on_time
P004983,L00466,5,2026-04-06,555.32,555.32,2026-04-04,0,paid_on_time
P004984,L00490,4,2026-04-06,649.13,649.13,2026-04-06,0,paid_on_time
P004985,L00528,2,2026-04-06,907.04,907.04,2026-04-04,0,paid_on_time
P004986,L00542,1,2026-04-06,376.17,376.17,2026-04-06,0,paid_on_time
P004987,L00543,1,2026-04-06,587.2,587.2,2026-04-05,0,paid_on_time
P004988,L00544,1,2026-04-06,625.87,625.87,2026-04-05,0,paid_on_time
P004989,L00027,97,2026-04-07,1544.11,1544.11,2026-04-04,0,paid_on_time
P004990,L00034,84,2026-04-07,1413.29,1413.29,2026-04-06,0,paid_on_time
P004991,L00045,65,2026-04-07,590.41,590.41,2026-04-07,0,paid_on_time
P004992,L00061,53,2026-04-07,1314.35,1314.35,2026-04-07,0,paid_on_time
P004993,L00102,41,2026-04-07,610.13,610.13,2026-04-05,0,paid_on_time
P004994,L00107,40,2026-04-07,4136.88,4136.88,2026-04-07,0,paid_on_time
P004995,L00142,35,2026-04-07,122.37,122.37,2026-04-06,0,paid_on_time
P004996,L00148,34,2026-04-07,1896.41,1896.41,2026-04-07,0,paid_on_time
P004997,L00208,25,2026-04-07,1156.32,1156.32,2026-04-06,0,paid_on_time
P004998,L00224,23,2026-04-07,223.06,223.06,2026-04-07,0,paid_on_time
P004999,L00275,16,2026-04-07,495.73,495.73,2026-04-07,0,paid_on_time
P005000,L00282,15,2026-04-07,255.88,255.88,2026-04-07,0,paid_on_time
P005001,L00342,11,2026-04-07,696.53,696.53,2026-04-05,0,paid_on_time
P005002,L00491,4,2026-04-07,759.04,0.0,,91,unpaid
P005003,L00516,3,2026-04-07,1467.92,1467.92,2026-04-27,20,paid_late
P005004,L00545,1,2026-04-07,415.4,415.4,2026-04-05,0,paid_on_time
P005005,L00546,1,2026-04-07,987.83,987.83,2026-04-07,0,paid_on_time
P005006,L00024,100,2026-04-08,1195.78,1195.78,2026-04-07,0,paid_on_time
P005007,L00046,65,2026-04-08,2692.31,2692.31,2026-04-05,0,paid_on_time
P005008,L00050,60,2026-04-08,5006.45,5006.45,2026-04-06,0,paid_on_time
P005009,L00149,34,2026-04-08,180.6,180.6,2026-04-05,0,paid_on_time
P005010,L00232,22,2026-04-08,588.41,588.41,2026-04-07,0,paid_on_time
P005011,L00309,13,2026-04-08,455.35,455.35,2026-04-05,0,paid_on_time
P005012,L00310,13,2026-04-08,684.21,684.21,2026-04-08,0,paid_on_time
P005013,L00323,12,2026-04-08,133.22,133.22,2026-04-07,0,paid_on_time
P005014,L00324,12,2026-04-08,464.16,464.16,2026-04-07,0,paid_on_time
P005015,L00343,11,2026-04-08,730.44,730.44,2026-05-19,41,paid_late
P005016,L00467,5,2026-04-08,282.81,282.81,2026-04-06,0,paid_on_time
P005017,L00468,5,2026-04-08,383.54,383.54,2026-04-05,0,paid_on_time
P005018,L00492,4,2026-04-08,1327.87,1327.87,2026-04-08,0,paid_on_time
P005019,L00493,4,2026-04-08,534.87,534.87,2026-04-07,0,paid_on_time
P005020,L00529,2,2026-04-08,1526.58,1526.58,2026-04-06,0,paid_on_time
P005021,L00005,151,2026-04-09,3714.26,3714.26,2026-04-08,0,paid_on_time
P005022,L00031,92,2026-04-09,1166.25,1166.25,2026-04-07,0,paid_on_time
P005023,L00047,65,2026-04-09,1631.14,1631.14,2026-04-06,0,paid_on_time
P005024,L00052,58,2026-04-09,458.96,458.96,2026-04-09,0,paid_on_time
P005025,L00056,56,2026-04-09,1887.49,1887.49,2026-04-07,0,paid_on_time
P005026,L00164,32,2026-04-09,463.93,463.93,2026-04-08,0,paid_on_time
P005027,L00165,32,2026-04-09,900.5,900.5,2026-04-07,0,paid_on_time
P005028,L00167,31,2026-04-09,494.06,494.06,2026-04-06,0,paid_on_time
P005029,L00209,25,2026-04-09,895.87,895.87,2026-04-08,0,paid_on_time
P005030,L00225,23,2026-04-09,443.16,443.16,2026-04-09,0,paid_on_time
P005031,L00366,10,2026-04-09,1391.7,1391.7,2026-04-07,0,paid_on_time
P005032,L00367,10,2026-04-09,781.07,781.07,2026-04-06,0,paid_on_time
P005033,L00378,9,2026-04-09,255.87,255.87,2026-04-09,0,paid_on_time
P005034,L00379,9,2026-04-09,275.23,275.23,2026-04-06,0,paid_on_time
P005035,L00391,8,2026-04-09,678.65,678.65,2026-04-06,0,paid_on_time
P005036,L00437,6,2026-04-09,294.55,294.55,2026-04-07,0,paid_on_time
P005037,L00438,6,2026-04-09,796.53,796.53,2026-04-08,0,paid_on_time
P005038,L00469,5,2026-04-09,781.35,781.35,2026-04-09,0,paid_on_time
P005039,L00494,4,2026-04-09,895.54,895.54,2026-04-08,0,paid_on_time
P005040,L00530,2,2026-04-09,642.58,642.58,2026-04-09,0,paid_on_time
P005041,L00010,143,2026-04-10,451.75,451.75,2026-04-08,0,paid_on_time
P005042,L00040,70,2026-04-10,1154.04,1154.04,2026-04-10,0,paid_on_time
P005043,L00060,54,2026-04-10,242.9,242.9,2026-04-09,0,paid_on_time
P005044,L00082,47,2026-04-10,1374.6,1374.6,2026-04-09,0,paid_on_time
P005045,L00088,45,2026-04-10,604.18,604.18,2026-04-07,0,paid_on_time
P005046,L00134,36,2026-04-10,132.34,132.34,2026-04-07,0,paid_on_time
P005047,L00168,31,2026-04-10,425.1,425.1,2026-05-20,40,paid_late
P005048,L00182,29,2026-04-10,170.77,170.77,2026-05-13,33,paid_late
P005049,L00183,29,2026-04-10,1116.86,1116.86,2026-04-30,20,paid_late
P005050,L00241,21,2026-04-10,417.0,417.0,2026-04-08,0,paid_on_time
P005051,L00299,14,2026-04-10,374.07,374.07,2026-04-08,0,paid_on_time
P005052,L00300,14,2026-04-10,3088.53,3088.53,2026-04-15,5,paid_late
P005053,L00326,12,2026-04-10,339.05,339.05,2026-04-07,0,paid_on_time
P005054,L00344,11,2026-04-10,532.44,532.44,2026-04-10,0,paid_on_time
P005055,L00345,11,2026-04-10,302.08,302.08,2026-04-10,0,paid_on_time
P005056,L00368,10,2026-04-10,584.55,584.55,2026-04-09,0,paid_on_time
P005057,L00392,8,2026-04-10,765.21,765.21,2026-04-07,0,paid_on_time
P005058,L00470,5,2026-04-10,1226.05,1226.05,2026-04-08,0,paid_on_time
P005059,L00495,4,2026-04-10,390.6,390.6,2026-05-11,31,paid_late
P005060,L00496,4,2026-04-10,450.83,450.83,2026-04-08,0,paid_on_time
P005061,L00497,4,2026-04-10,304.31,304.31,2026-04-07,0,paid_on_time
P005062,L00531,2,2026-04-10,355.61,355.61,2026-04-08,0,paid_on_time
P005063,L00023,104,2026-04-11,1669.64,1669.64,2026-05-15,34,paid_late
P005064,L00076,50,2026-04-11,750.21,750.21,2026-04-09,0,paid_on_time
P005065,L00103,41,2026-04-11,477.21,477.21,2026-04-09,0,paid_on_time
P005066,L00111,39,2026-04-11,327.8,327.8,2026-04-10,0,paid_on_time
P005067,L00119,38,2026-04-11,704.37,704.37,2026-04-08,0,paid_on_time
P005068,L00126,37,2026-04-11,1005.72,1005.72,2026-04-10,0,paid_on_time
P005069,L00127,37,2026-04-11,352.26,352.26,2026-04-08,0,paid_on_time
P005070,L00158,33,2026-04-11,244.75,244.75,2026-04-11,0,paid_on_time
P005071,L00185,28,2026-04-11,1831.67,1831.67,2026-04-10,0,paid_on_time
P005072,L00254,19,2026-04-11,5962.35,5962.35,2026-04-10,0,paid_on_time
P005073,L00255,19,2026-04-11,391.11,391.11,2026-04-08,0,paid_on_time
P005074,L00382,9,2026-04-11,806.73,806.73,2026-04-09,0,paid_on_time
P005075,L00420,7,2026-04-11,1635.03,1635.03,2026-04-11,0,paid_on_time
P005076,L00440,6,2026-04-11,385.78,385.78,2026-04-11,0,paid_on_time
P005077,L00498,4,2026-04-11,415.54,415.54,2026-04-14,3,paid_late
P005078,L00517,3,2026-04-11,283.17,283.17,2026-04-08,0,paid_on_time
P005079,L00547,1,2026-04-11,443.09,443.09,2026-04-10,0,paid_on_time
P005080,L00054,57,2026-04-12,1005.95,1005.95,2026-04-12,0,paid_on_time
P005081,L00062,53,2026-04-12,998.23,998.23,2026-04-09,0,paid_on_time
P005082,L00070,51,2026-04-12,436.33,436.33,2026-04-10,0,paid_on_time
P005083,L00108,40,2026-04-12,297.58,297.58,2026-04-12,0,paid_on_time
P005084,L00112,39,2026-04-12,389.58,389.58,2026-04-10,0,paid_on_time
P005085,L00186,28,2026-04-12,461.26,461.26,2026-05-03,21,paid_late
P005086,L00276,16,2026-04-12,443.67,443.67,2026-04-10,0,paid_on_time
P005087,L00301,14,2026-04-12,652.3,652.3,2026-04-11,0,paid_on_time
P005088,L00311,13,2026-04-12,4060.3,4060.3,2026-04-11,0,paid_on_time
P005089,L00369,10,2026-04-12,374.81,374.81,2026-04-09,0,paid_on_time
P005090,L00393,8,2026-04-12,4337.53,4337.53,2026-04-10,0,paid_on_time
P005091,L00471,5,2026-04-12,453.36,453.36,2026-04-25,13,paid_late
P005092,L00518,3,2026-04-12,3791.87,3791.87,2026-04-09,0,paid_on_time
P005093,L00548,1,2026-04-12,1296.1,1296.1,2026-04-12,0,paid_on_time
P005094,L00549,1,2026-04-12,993.49,993.49,2026-04-10,0,paid_on_time
P005095,L00015,122,2026-04-13,2722.75,2722.75,2026-04-10,0,paid_on_time
P005096,L00038,74,2026-04-13,1052.17,1052.17,2026-04-13,0,paid_on_time
P005097,L00128,37,2026-04-13,731.01,731.01,2026-04-10,0,paid_on_time
P005098,L00176,30,2026-04-13,1207.63,1207.63,2026-04-11,0,paid_on_time
P005099,L00187,28,2026-04-13,794.79,794.79,2026-04-12,0,paid_on_time
P005100,L00193,27,2026-04-13,889.34,889.34,2026-04-10,0,paid_on_time
P005101,L00233,22,2026-04-13,3312.12,3312.12,2026-04-12,0,paid_on_time
P005102,L00261,18,2026-04-13,135.87,135.87,2026-04-12,0,paid_on_time
P005103,L00283,15,2026-04-13,576.26,576.26,2026-04-13,0,paid_on_time
P005104,L00312,13,2026-04-13,570.92,570.92,2026-04-10,0,paid_on_time
P005105,L00383,9,2026-04-13,243.05,243.05,2026-04-25,12,paid_late
P005106,L00441,6,2026-04-13,586.41,586.41,2026-04-10,0,paid_on_time
P005107,L00442,6,2026-04-13,200.28,200.28,2026-04-11,0,paid_on_time
P005108,L00550,1,2026-04-13,487.13,487.13,2026-04-11,0,paid_on_time
P005109,L00018,117,2026-04-14,5555.18,5555.18,2026-04-14,0,paid_on_time
P005110,L00063,53,2026-04-14,1407.73,1407.73,2026-04-13,0,paid_on_time
P005111,L00095,43,2026-04-14,493.83,493.83,2026-04-12,0,paid_on_time
P005112,L00150,34,2026-04-14,693.8,693.8,2026-04-14,0,paid_on_time
P005113,L00194,27,2026-04-14,708.28,708.28,2026-04-13,0,paid_on_time
P005114,L00195,27,2026-04-14,506.14,506.14,2026-05-29,45,paid_late
P005115,L00204,26,2026-04-14,941.27,941.27,2026-04-14,0,paid_on_time
P005116,L00271,17,2026-04-14,485.42,485.42,2026-04-12,0,paid_on_time
P005117,L00284,15,2026-04-14,307.56,307.56,2026-04-14,0,paid_on_time
P005118,L00327,12,2026-04-14,205.7,205.7,2026-04-11,0,paid_on_time
P005119,L00328,12,2026-04-14,614.18,614.18,2026-04-11,0,paid_on_time
P005120,L00370,10,2026-04-14,447.8,447.8,2026-05-23,39,paid_late
P005121,L00394,8,2026-04-14,393.33,393.33,2026-04-12,0,paid_on_time
P005122,L00472,5,2026-04-14,321.08,321.08,2026-04-11,0,paid_on_time
P005123,L00532,2,2026-04-14,1367.7,1367.7,2026-04-12,0,paid_on_time
P005124,L00533,2,2026-04-14,205.17,205.17,2026-04-12,0,paid_on_time
P005125,L00551,1,2026-04-14,391.74,391.74,2026-04-13,0,paid_on_time
P005126,L00043,66,2026-04-15,1040.6,1040.6,2026-05-07,22,paid_late
P005127,L00104,41,2026-04-15,442.08,442.08,2026-04-13,0,paid_on_time
P005128,L00120,38,2026-04-15,262.87,262.87,2026-04-15,0,paid_on_time
P005129,L00205,26,2026-04-15,418.6,0.0,,122,unpaid
P005130,L00216,24,2026-04-15,962.26,962.26,2026-04-12,0,paid_on_time
P005131,L00226,23,2026-04-15,904.35,904.35,2026-04-13,0,paid_on_time
P005132,L00277,16,2026-04-15,689.78,689.78,2026-04-13,0,paid_on_time
P005133,L00285,15,2026-04-15,4637.41,4637.41,2026-04-12,0,paid_on_time
P005134,L00330,12,2026-04-15,562.56,562.56,2026-04-13,0,paid_on_time
P005135,L00473,5,2026-04-15,807.6,807.6,2026-04-12,0,paid_on_time
P005136,L00499,4,2026-04-15,195.38,195.38,2026-04-12,0,paid_on_time
P005137,L00500,4,2026-04-15,693.64,693.64,2026-04-25,10,paid_late
P005138,L00519,3,2026-04-15,377.64,377.64,2026-04-12,0,paid_on_time
P005139,L00534,2,2026-04-15,584.34,584.34,2026-04-14,0,paid_on_time
P005140,L00017,118,2026-04-16,1399.27,1399.27,2026-04-15,0,paid_on_time
P005141,L00033,86,2026-04-16,488.18,488.18,2026-04-14,0,paid_on_time
P005142,L00035,83,2026-04-16,2474.76,2474.76,2026-04-13,0,paid_on_time
P005143,L00121,38,2026-04-16,1741.4,1741.4,2026-04-14,0,paid_on_time
P005144,L00151,34,2026-04-16,230.11,230.11,2026-04-14,0,paid_on_time
P005145,L00210,25,2026-04-16,1078.93,1078.93,2026-04-13,0,paid_on_time
P005146,L00227,23,2026-04-16,545.86,545.86,2026-04-20,4,paid_late
P005147,L00234,22,2026-04-16,659.89,659.89,2026-04-15,0,paid_on_time
P005148,L00248,20,2026-04-16,2095.25,2095.25,2026-04-13,0,paid_on_time
P005149,L00286,15,2026-04-16,629.76,629.76,2026-04-14,0,paid_on_time
P005150,L00287,15,2026-04-16,361.67,361.67,2026-04-13,0,paid_on_time
P005151,L00314,13,2026-04-16,133.26,133.26,2026-04-13,0,paid_on_time
P005152,L00347,11,2026-04-16,622.05,622.05,2026-04-13,0,paid_on_time
P005153,L00395,8,2026-04-16,345.71,345.71,2026-04-16,0,paid_on_time
P005154,L00421,7,2026-04-16,244.98,244.98,2026-04-14,0,paid_on_time
P005155,L00444,6,2026-04-16,449.21,449.21,2026-06-26,71,paid_late
P005156,L00474,5,2026-04-16,1190.95,1190.95,2026-04-13,0,paid_on_time
P005157,L00520,3,2026-04-16,569.25,569.25,2026-04-13,0,paid_on_time
P005158,L00535,2,2026-04-16,765.3,765.3,2026-04-16,0,paid_on_time
P005159,L00552,1,2026-04-16,299.62,299.62,2026-04-13,0,paid_on_time
P005160,L00553,1,2026-04-16,519.08,519.08,2026-04-14,0,paid_on_time
P005161,L00006,149,2026-04-17,1297.93,1297.93,2026-04-14,0,paid_on_time
P005162,L00042,68,2026-04-17,702.79,702.79,2026-04-16,0,paid_on_time
P005163,L00044,66,2026-04-17,999.08,999.08,2026-04-14,0,paid_on_time
P005164,L00055,57,2026-04-17,495.46,495.46,2026-04-17,0,paid_on_time
P005165,L00096,43,2026-04-17,3809.24,3809.24,2026-04-17,0,paid_on_time
P005166,L00122,38,2026-04-17,396.75,396.75,2026-04-16,0,paid_on_time
P005167,L00129,37,2026-04-17,5383.46,5383.46,2026-04-14,0,paid_on_time
P005168,L00135,36,2026-04-17,1392.09,1392.09,2026-04-16,0,paid_on_time
P005169,L00228,23,2026-04-17,151.67,151.67,2026-04-15,0,paid_on_time
P005170,L00257,19,2026-04-17,328.84,328.84,2026-04-14,0,paid_on_time
P005171,L00289,15,2026-04-17,327.34,327.34,2026-04-15,0,paid_on_time
P005172,L00315,13,2026-04-17,1369.79,1369.79,2026-04-14,0,paid_on_time
P005173,L00331,12,2026-04-17,186.73,186.73,2026-04-15,0,paid_on_time
P005174,L00385,9,2026-04-17,329.97,329.97,2026-04-16,0,paid_on_time
P005175,L00396,8,2026-04-17,534.54,534.54,2026-04-16,0,paid_on_time
P005176,L00397,8,2026-04-17,419.44,0.0,,91,unpaid
P005177,L00445,6,2026-04-17,1607.75,1607.75,2026-04-14,0,paid_on_time
P005178,L00446,6,2026-04-17,1134.61,1134.61,2026-04-14,0,paid_on_time
P005179,L00501,4,2026-04-17,830.64,830.64,2026-06-10,54,paid_late
P005180,L00554,1,2026-04-17,165.94,165.94,2026-04-14,0,paid_on_time
P005181,L00555,1,2026-04-17,83.6,83.6,2026-04-17,0,paid_on_time
P005182,L00556,1,2026-04-17,437.21,437.21,2026-04-14,0,paid_on_time
P005183,L00557,1,2026-04-17,473.52,473.52,2026-04-16,0,paid_on_time
P005184,L00016,120,2026-04-18,2087.02,2087.02,2026-04-15,0,paid_on_time
P005185,L00026,99,2026-04-18,1366.27,1366.27,2026-04-18,0,paid_on_time
P005186,L00089,45,2026-04-18,1358.89,1358.89,2026-04-18,0,paid_on_time
P005187,L00169,31,2026-04-18,406.69,406.69,2026-04-15,0,paid_on_time
P005188,L00206,26,2026-04-18,1805.79,1805.79,2026-04-16,0,paid_on_time
P005189,L00217,24,2026-04-18,230.93,230.93,2026-04-16,0,paid_on_time
P005190,L00262,18,2026-04-18,244.62,244.62,2026-04-18,0,paid_on_time
P005191,L00290,15,2026-04-18,729.21,729.21,2026-04-17,0,paid_on_time
P005192,L00302,14,2026-04-18,528.31,528.31,2026-04-18,0,paid_on_time
P005193,L00316,13,2026-04-18,488.8,0.0,,30,unpaid
P005194,L00332,12,2026-04-18,1160.99,1160.99,2026-04-17,0,paid_on_time
P005195,L00349,11,2026-04-18,732.05,732.05,2026-04-15,0,paid_on_time
P005196,L00371,10,2026-04-18,668.17,668.17,2026-04-15,0,paid_on_time
P005197,L00398,8,2026-04-18,914.52,914.52,2026-04-16,0,paid_on_time
P005198,L00422,7,2026-04-18,620.56,620.56,2026-04-17,0,paid_on_time
P005199,L00001,158,2026-04-19,872.89,872.89,2026-04-17,0,paid_on_time
P005200,L00013,128,2026-04-19,947.9,947.9,2026-04-19,0,paid_on_time
P005201,L00014,126,2026-04-19,3544.09,3544.09,2026-04-16,0,paid_on_time
P005202,L00020,112,2026-04-19,599.02,599.02,2026-04-16,0,paid_on_time
P005203,L00028,96,2026-04-19,859.63,859.63,2026-04-17,0,paid_on_time
P005204,L00083,47,2026-04-19,170.36,170.36,2026-04-19,0,paid_on_time
P005205,L00090,45,2026-04-19,940.56,940.56,2026-04-19,0,paid_on_time
P005206,L00091,45,2026-04-19,333.65,333.65,2026-04-18,0,paid_on_time
P005207,L00130,37,2026-04-19,891.36,891.36,2026-04-17,0,paid_on_time
P005208,L00152,34,2026-04-19,189.02,189.02,2026-04-17,0,paid_on_time
P005209,L00350,11,2026-04-19,913.36,913.36,2026-04-17,0,paid_on_time
P005210,L00399,8,2026-04-19,319.53,319.53,2026-04-18,0,paid_on_time
P005211,L00521,3,2026-04-19,717.46,717.46,2026-04-17,0,paid_on_time
P005212,L00032,88,2026-04-20,1649.77,1649.77,2026-04-18,0,paid_on_time
P005213,L00131,37,2026-04-20,1276.47,1276.47,2026-04-17,0,paid_on_time
P005214,L00154,34,2026-04-20,313.1,313.1,2026-04-19,0,paid_on_time
P005215,L00170,31,2026-04-20,1120.0,1120.0,2026-04-17,0,paid_on_time
P005216,L00291,15,2026-04-20,1254.39,1254.39,2026-04-29,9,paid_late
P005217,L00317,13,2026-04-20,690.9,690.9,2026-04-18,0,paid_on_time
P005218,L00333,12,2026-04-20,328.96,328.96,2026-04-17,0,paid_on_time
P005219,L00351,11,2026-04-20,281.71,281.71,2026-04-19,0,paid_on_time
P005220,L00386,9,2026-04-20,636.78,636.78,2026-04-17,0,paid_on_time
P005221,L00400,8,2026-04-20,1657.16,1657.16,2026-04-19,0,paid_on_time
P005222,L00423,7,2026-04-20,1390.3,1390.3,2026-04-17,0,paid_on_time
P005223,L00424,7,2026-04-20,372.69,372.69,2026-04-27,7,paid_late
P005224,L00522,3,2026-04-20,200.09,200.09,2026-04-19,0,paid_on_time
P005225,L00537,2,2026-04-20,355.98,355.98,2026-04-18,0,paid_on_time
P005226,L00084,47,2026-04-21,352.49,352.49,2026-05-04,13,paid_late
P005227,L00097,43,2026-04-21,1660.09,1660.09,2026-04-21,0,paid_on_time
P005228,L00159,33,2026-04-21,813.68,813.68,2026-04-20,0,paid_on_time
P005229,L00160,33,2026-04-21,3164.49,3164.49,2026-04-18,0,paid_on_time
P005230,L00188,28,2026-04-21,1216.68,1216.68,2026-04-20,0,paid_on_time
P005231,L00218,24,2026-04-21,3945.26,3945.26,2026-04-20,0,paid_on_time
P005232,L00242,21,2026-04-21,450.32,450.32,2026-04-20,0,paid_on_time
P005233,L00263,18,2026-04-21,846.87,846.87,2026-04-25,4,paid_late
P005234,L00303,14,2026-04-21,3623.36,3623.36,2026-04-18,0,paid_on_time
P005235,L00352,11,2026-04-21,1279.4,1279.4,2026-04-21,0,paid_on_time
P005236,L00387,9,2026-04-21,476.49,476.49,2026-04-18,0,paid_on_time
P005237,L00425,7,2026-04-21,485.11,485.11,2026-04-25,4,paid_late
P005238,L00426,7,2026-04-21,768.32,768.32,2026-04-18,0,paid_on_time
P005239,L00447,6,2026-04-21,651.06,0.0,,30,unpaid
P005240,L00558,1,2026-04-21,724.24,724.24,2026-04-21,0,paid_on_time
P005241,L00008,146,2026-04-22,1043.51,1043.51,2026-04-19,0,paid_on_time
P005242,L00049,61,2026-04-22,3041.98,3041.98,2026-04-20,0,paid_on_time
P005243,L00098,43,2026-04-22,1385.41,1385.41,2026-04-21,0,paid_on_time
P005244,L00113,39,2026-04-22,677.07,677.07,2026-04-21,0,paid_on_time
P005245,L00132,37,2026-04-22,238.38,238.38,2026-04-21,0,paid_on_time
P005246,L00189,28,2026-04-22,142.38,142.38,2026-04-22,0,paid_on_time
P005247,L00229,23,2026-04-22,696.96,696.96,2026-04-22,0,paid_on_time
P005248,L00264,18,2026-04-22,299.57,299.57,2026-04-20,0,paid_on_time
P005249,L00279,16,2026-04-22,506.59,506.59,2026-04-21,0,paid_on_time
P005250,L00304,14,2026-04-22,191.99,191.99,2026-04-20,0,paid_on_time
P005251,L00353,11,2026-04-22,401.58,401.58,2026-04-20,0,paid_on_time
P005252,L00402,8,2026-04-22,847.17,847.17,2026-04-19,0,paid_on_time
P005253,L00403,8,2026-04-22,249.32,249.32,2026-04-22,0,paid_on_time
P005254,L00475,5,2026-04-22,793.79,793.79,2026-04-21,0,paid_on_time
P005255,L00502,4,2026-04-22,498.78,498.78,2026-04-21,0,paid_on_time
P005256,L00559,1,2026-04-22,330.03,330.03,2026-04-20,0,paid_on_time
P005257,L00012,136,2026-04-23,2313.25,2313.25,2026-04-23,0,paid_on_time
P005258,L00036,77,2026-04-23,5425.67,5425.67,2026-04-21,0,paid_on_time
P005259,L00041,69,2026-04-23,1241.28,1241.28,2026-04-21,0,paid_on_time
P005260,L00071,51,2026-04-23,561.59,561.59,2026-04-21,0,paid_on_time
P005261,L00080,48,2026-04-23,3899.39,3899.39,2026-04-21,0,paid_on_time
P005262,L00123,38,2026-04-23,509.28,509.28,2026-06-03,41,paid_late
P005263,L00161,33,2026-04-23,2812.43,2812.43,2026-04-23,0,paid_on_time
P005264,L00196,27,2026-04-23,152.51,152.51,2026-05-13,20,paid_late
P005265,L00211,25,2026-04-23,175.17,175.17,2026-06-02,40,paid_late
P005266,L00219,24,2026-04-23,2801.45,2801.45,2026-04-22,0,paid_on_time
P005267,L00249,20,2026-04-23,648.22,0.0,,91,unpaid
P005268,L00265,18,2026-04-23,883.61,883.61,2026-04-21,0,paid_on_time
P005269,L00292,15,2026-04-23,791.09,791.09,2026-04-21,0,paid_on_time
P005270,L00334,12,2026-04-23,325.36,325.36,2026-04-23,0,paid_on_time
P005271,L00354,11,2026-04-23,807.03,807.03,2026-04-21,0,paid_on_time
P005272,L00355,11,2026-04-23,915.73,915.73,2026-04-23,0,paid_on_time
P005273,L00372,10,2026-04-23,187.18,187.18,2026-05-08,15,paid_late
P005274,L00388,9,2026-04-23,392.01,392.01,2026-04-20,0,paid_on_time
P005275,L00428,7,2026-04-23,117.11,117.11,2026-04-22,0,paid_on_time
P005276,L00476,5,2026-04-23,412.78,412.78,2026-04-22,0,paid_on_time
P005277,L00503,4,2026-04-23,170.92,170.92,2026-04-20,0,paid_on_time
P005278,L00504,4,2026-04-23,700.56,700.56,2026-06-07,45,paid_late
P005279,L00505,4,2026-04-23,698.79,698.79,2026-04-20,0,paid_on_time
P005280,L00560,1,2026-04-23,121.6,121.6,2026-04-22,0,paid_on_time
P005281,L00072,51,2026-04-24,1714.68,1714.68,2026-04-21,0,paid_on_time
P005282,L00143,35,2026-04-24,369.61,369.61,2026-04-22,0,paid_on_time
P005283,L00171,31,2026-04-24,378.47,378.47,2026-04-23,0,paid_on_time
P005284,L00172,31,2026-04-24,246.44,246.44,2026-05-02,8,paid_late
P005285,L00197,27,2026-04-24,4082.86,4082.86,2026-04-24,0,paid_on_time
P005286,L00243,21,2026-04-24,4829.64,4829.64,2026-04-23,0,paid_on_time
P005287,L00293,15,2026-04-24,715.78,715.78,2026-04-23,0,paid_on_time
P005288,L00318,13,2026-04-24,785.27,785.27,2026-04-27,3,paid_late
P005289,L00356,11,2026-04-24,151.33,151.33,2026-04-21,0,paid_on_time
P005290,L00373,10,2026-04-24,507.47,507.47,2026-04-22,0,paid_on_time
P005291,L00448,6,2026-04-24,1122.07,0.0,,30,unpaid
P005292,L00523,3,2026-04-24,227.41,227.41,2026-04-24,0,paid_on_time
P005293,L00039,72,2026-04-25,2154.36,2154.36,2026-04-22,0,paid_on_time
P005294,L00085,47,2026-04-25,615.22,615.22,2026-04-24,0,paid_on_time
P005295,L00094,44,2026-04-25,798.81,798.81,2026-04-22,0,paid_on_time
P005296,L00144,35,2026-04-25,1999.88,1999.88,2026-04-24,0,paid_on_time
P005297,L00190,28,2026-04-25,668.94,668.94,2026-04-25,0,paid_on_time
P005298,L00236,22,2026-04-25,379.28,379.28,2026-04-23,0,paid_on_time
P005299,L00237,22,2026-04-25,1577.72,1577.72,2026-04-25,0,paid_on_time
P005300,L00244,21,2026-04-25,797.65,797.65,2026-04-25,0,paid_on_time
P005301,L00335,12,2026-04-25,292.08,292.08,2026-04-23,0,paid_on_time
P005302,L00404,8,2026-04-25,800.98,800.98,2026-04-24,0,paid_on_time
P005303,L00405,8,2026-04-25,325.9,325.9,2026-04-22,0,paid_on_time
P005304,L00406,8,2026-04-25,516.67,516.67,2026-04-22,0,paid_on_time
P005305,L00449,6,2026-04-25,967.38,0.0,,61,unpaid
P005306,L00506,4,2026-04-25,194.53,194.53,2026-04-24,0,paid_on_time
P005307,L00524,3,2026-04-25,1067.88,1067.88,2026-04-23,0,paid_on_time
P005308,L00030,93,2026-04-26,1332.55,1332.55,2026-05-18,22,paid_late
P005309,L00037,77,2026-04-26,684.3,684.3,2026-04-24,0,paid_on_time
P005310,L00073,51,2026-04-26,313.76,313.76,2026-04-25,0,paid_on_time
P005311,L00087,46,2026-04-26,485.7,485.7,2026-04-25,0,paid_on_time
P005312,L00137,36,2026-04-26,328.82,328.82,2026-04-26,0,paid_on_time
P005313,L00145,35,2026-04-26,783.93,783.93,2026-04-23,0,paid_on_time
P005314,L00178,30,2026-04-26,1322.66,1322.66,2026-04-25,0,paid_on_time
P005315,L00198,27,2026-04-26,353.93,353.93,2026-04-25,0,paid_on_time
P005316,L00266,18,2026-04-26,196.46,0.0,,91,unpaid
P005317,L00306,14,2026-04-26,386.96,386.96,2026-04-24,0,paid_on_time
P005318,L00374,10,2026-04-26,759.66,759.66,2026-04-26,0,paid_on_time
P005319,L00389,9,2026-04-26,547.48,547.48,2026-04-26,0,paid_on_time
P005320,L00429,7,2026-04-26,1035.18,1035.18,2026-04-24,0,paid_on_time
P005321,L00525,3,2026-04-26,332.84,332.84,2026-04-25,0,paid_on_time
P005322,L00538,2,2026-04-26,158.81,158.81,2026-04-23,0,paid_on_time
P005323,L00539,2,2026-04-26,946.7,946.7,2026-04-25,0,paid_on_time
P005324,L00561,1,2026-04-26,857.94,857.94,2026-04-23,0,paid_on_time
P005325,L00562,1,2026-04-26,336.67,336.67,2026-04-24,0,paid_on_time
P005326,L00007,147,2026-04-27,1181.6,1181.6,2026-04-25,0,paid_on_time
P005327,L00009,145,2026-04-27,1014.74,1014.74,2026-04-27,0,paid_on_time
P005328,L00074,51,2026-04-27,1814.09,1814.09,2026-04-24,0,paid_on_time
P005329,L00357,11,2026-04-27,705.03,705.03,2026-04-24,0,paid_on_time
P005330,L00450,6,2026-04-27,555.25,0.0,,30,unpaid
P005331,L00451,6,2026-04-27,519.15,519.15,2026-04-26,0,paid_on_time
P005332,L00452,6,2026-04-27,211.98,211.98,2026-06-20,54,paid_late
P005333,L00477,5,2026-04-27,457.61,457.61,2026-04-27,0,paid_on_time
P005334,L00022,105,2026-04-28,1038.84,1038.84,2026-04-28,0,paid_on_time
P005335,L00057,56,2026-04-28,603.0,603.0,2026-05-16,18,paid_late
P005336,L00065,52,2026-04-28,1911.1,1911.1,2026-05-10,12,paid_late
P005337,L00079,49,2026-04-28,553.36,553.36,2026-04-26,0,paid_on_time
P005338,L00081,48,2026-04-28,487.74,487.74,2026-04-25,0,paid_on_time
P005339,L00086,47,2026-04-28,542.24,542.24,2026-04-25,0,paid_on_time
P005340,L00114,39,2026-04-28,1545.46,1545.46,2026-04-25,0,paid_on_time
P005341,L00115,39,2026-04-28,581.64,581.64,2026-04-28,0,paid_on_time
P005342,L00116,39,2026-04-28,4765.2,4765.2,2026-04-28,0,paid_on_time
P005343,L00117,39,2026-04-28,1642.14,1642.14,2026-04-27,0,paid_on_time
P005344,L00138,36,2026-04-28,475.85,475.85,2026-04-25,0,paid_on_time
P005345,L00156,34,2026-04-28,856.46,856.46,2026-04-27,0,paid_on_time
P005346,L00173,31,2026-04-28,746.3,746.3,2026-04-27,0,paid_on_time
P005347,L00191,28,2026-04-28,936.13,936.13,2026-04-28,0,paid_on_time
P005348,L00199,27,2026-04-28,613.67,613.67,2026-04-26,0,paid_on_time
P005349,L00200,27,2026-04-28,253.76,253.76,2026-04-28,0,paid_on_time
P005350,L00213,25,2026-04-28,767.71,767.71,2026-04-25,0,paid_on_time
P005351,L00220,24,2026-04-28,596.29,596.29,2026-04-26,0,paid_on_time
P005352,L00238,22,2026-04-28,893.78,893.78,2026-04-26,0,paid_on_time
P005353,L00245,21,2026-04-28,2175.35,2175.35,2026-04-26,0,paid_on_time
P005354,L00246,21,2026-04-28,1166.75,1166.75,2026-04-28,0,paid_on_time
P005355,L00250,20,2026-04-28,169.37,169.37,2026-04-28,0,paid_on_time
P005356,L00272,17,2026-04-28,197.04,197.04,2026-04-25,0,paid_on_time
P005357,L00280,16,2026-04-28,2010.72,2010.72,2026-04-25,0,paid_on_time
P005358,L00281,16,2026-04-28,2776.0,2776.0,2026-04-25,0,paid_on_time
P005359,L00294,15,2026-04-28,2580.19,2580.19,2026-04-26,0,paid_on_time
P005360,L00295,15,2026-04-28,2738.06,2738.06,2026-04-28,0,paid_on_time
P005361,L00319,13,2026-04-28,1044.26,1044.26,2026-04-25,0,paid_on_time
P005362,L00336,12,2026-04-28,761.18,761.18,2026-06-18,51,paid_late
P005363,L00359,11,2026-04-28,399.48,399.48,2026-04-28,0,paid_on_time
P005364,L00360,11,2026-04-28,365.61,365.61,2026-04-26,0,paid_on_time
P005365,L00375,10,2026-04-28,93.58,93.58,2026-04-26,0,paid_on_time
P005366,L00390,9,2026-04-28,393.57,0.0,,91,unpaid
P005367,L00407,8,2026-04-28,470.34,470.34,2026-04-25,0,paid_on_time
P005368,L00408,8,2026-04-28,954.6,954.6,2026-04-26,0,paid_on_time
P005369,L00409,8,2026-04-28,3818.88,3818.88,2026-05-05,7,paid_late
P005370,L00410,8,2026-04-28,336.89,336.89,2026-04-25,0,paid_on_time
P005371,L00430,7,2026-04-28,437.06,437.06,2026-04-28,0,paid_on_time
P005372,L00431,7,2026-04-28,262.85,262.85,2026-04-27,0,paid_on_time
P005373,L00432,7,2026-04-28,311.98,311.98,2026-05-03,5,paid_late
P005374,L00433,7,2026-04-28,152.15,152.15,2026-04-28,0,paid_on_time
P005375,L00453,6,2026-04-28,255.21,255.21,2026-04-27,0,paid_on_time
P005376,L00454,6,2026-04-28,460.82,460.82,2026-05-19,21,paid_late
P005377,L00455,6,2026-04-28,664.95,664.95,2026-04-28,0,paid_on_time
P005378,L00456,6,2026-04-28,936.55,936.55,2026-04-28,0,paid_on_time
P005379,L00457,6,2026-04-28,449.08,449.08,2026-04-26,0,paid_on_time
P005380,L00458,6,2026-04-28,277.89,277.89,2026-04-26,0,paid_on_time
P005381,L00478,5,2026-04-28,929.98,929.98,2026-04-27,0,paid_on_time
P005382,L00479,5,2026-04-28,403.75,0.0,,122,unpaid
P005383,L00480,5,2026-04-28,449.17,449.17,2026-04-28,0,paid_on_time
P005384,L00481,5,2026-04-28,876.87,876.87,2026-04-25,0,paid_on_time
P005385,L00482,5,2026-04-28,234.31,234.31,2026-04-28,0,paid_on_time
P005386,L00483,5,2026-04-28,411.18,411.18,2026-04-25,0,paid_on_time
P005387,L00507,4,2026-04-28,109.56,0.0,,91,unpaid
P005388,L00508,4,2026-04-28,409.58,409.58,2026-04-26,0,paid_on_time
P005389,L00509,4,2026-04-28,761.6,761.6,2026-04-25,0,paid_on_time
P005390,L00510,4,2026-04-28,1215.38,1215.38,2026-04-28,0,paid_on_time
P005391,L00511,4,2026-04-28,743.63,743.63,2026-04-27,0,paid_on_time
P005392,L00526,3,2026-04-28,897.15,897.15,2026-04-25,0,paid_on_time
P005393,L00563,1,2026-04-28,671.93,671.93,2026-04-25,0,paid_on_time
P005394,L00564,1,2026-04-28,778.03,778.03,2026-04-28,0,paid_on_time
P005395,L00565,1,2026-04-28,604.07,604.07,2026-04-27,0,paid_on_time
P005396,L00066,52,2026-05-01,856.43,856.43,2026-04-28,0,paid_on_time
P005397,L00067,52,2026-05-01,5150.69,5150.69,2026-05-01,0,paid_on_time
P005398,L00099,42,2026-05-01,1471.68,1471.68,2026-04-28,0,paid_on_time
P005399,L00100,42,2026-05-01,1187.24,1187.24,2026-04-30,0,paid_on_time
P005400,L00109,40,2026-05-01,2101.11,2101.11,2026-04-29,0,paid_on_time
P005401,L00157,34,2026-05-01,328.41,328.41,2026-05-08,7,paid_late
P005402,L00268,18,2026-05-01,3738.67,3738.67,2026-04-30,0,paid_on_time
P005403,L00361,11,2026-05-01,421.04,421.04,2026-05-01,0,paid_on_time
P005404,L00376,10,2026-05-01,371.84,371.84,2026-05-16,15,paid_late
P005405,L00411,8,2026-05-01,725.51,725.51,2026-05-01,0,paid_on_time
P005406,L00412,8,2026-05-01,494.69,494.69,2026-04-30,0,paid_on_time
P005407,L00459,6,2026-05-01,917.2,917.2,2026-04-30,0,paid_on_time
P005408,L00512,4,2026-05-01,1002.51,1002.51,2026-04-28,0,paid_on_time
P005409,L00011,141,2026-05-02,3685.16,3685.16,2026-04-29,0,paid_on_time
P005410,L00025,100,2026-05-02,873.16,873.16,2026-05-02,0,paid_on_time
P005411,L00048,62,2026-05-02,3101.68,3101.68,2026-05-02,0,paid_on_time
P005412,L00124,38,2026-05-02,1451.35,0.0,,151,unpaid
P005413,L00133,37,2026-05-02,4939.5,4939.5,2026-05-02,0,paid_on_time
P005414,L00174,31,2026-05-02,588.33,588.33,2026-05-10,8,paid_late
P005415,L00221,24,2026-05-02,90.7,90.7,2026-07-26,85,paid_late
P005416,L00251,20,2026-05-02,360.6,360.6,2026-04-29,0,paid_on_time
P005417,L00258,19,2026-05-02,2005.5,2005.5,2026-08-25,115,paid_late
P005418,L00273,17,2026-05-02,696.31,696.31,2026-04-30,0,paid_on_time
P005419,L00307,14,2026-05-02,641.01,641.01,2026-04-30,0,paid_on_time
P005420,L00321,13,2026-05-02,155.78,155.78,2026-05-02,0,paid_on_time
P005421,L00322,13,2026-05-02,482.32,482.32,2026-05-02,0,paid_on_time
P005422,L00338,12,2026-05-02,544.77,544.77,2026-04-29,0,paid_on_time
P005423,L00413,8,2026-05-02,590.44,590.44,2026-04-30,0,paid_on_time
P005424,L00460,6,2026-05-02,489.77,489.77,2026-05-02,0,paid_on_time
P005425,L00461,6,2026-05-02,265.63,265.63,2026-04-29,0,paid_on_time
P005426,L00462,6,2026-05-02,542.44,542.44,2026-04-29,0,paid_on_time
P005427,L00484,5,2026-05-02,406.44,406.44,2026-04-30,0,paid_on_time
P005428,L00485,5,2026-05-02,258.48,258.48,2026-07-17,76,paid_late
P005429,L00486,5,2026-05-02,825.82,825.82,2026-04-30,0,paid_on_time
P005430,L00513,4,2026-05-02,422.82,422.82,2026-04-30,0,paid_on_time
P005431,L00514,4,2026-05-02,411.24,411.24,2026-05-01,0,paid_on_time
P005432,L00540,2,2026-05-02,1225.17,1225.17,2026-04-30,0,paid_on_time
P005433,L00021,110,2026-05-03,1229.88,1229.88,2026-05-03,0,paid_on_time
P005434,L00075,51,2026-05-03,921.85,921.85,2026-05-01,0,paid_on_time
P005435,L00101,42,2026-05-03,420.86,420.86,2026-05-03,0,paid_on_time
P005436,L00105,41,2026-05-03,3823.79,3823.79,2026-05-01,0,paid_on_time
P005437,L00125,38,2026-05-03,965.75,965.75,2026-05-01,0,paid_on_time
P005438,L00141,36,2026-05-03,913.41,913.41,2026-05-24,21,paid_late
P005439,L00180,30,2026-05-03,1447.87,1447.87,2026-05-01,0,paid_on_time
P005440,L00230,23,2026-05-03,268.46,268.46,2026-05-03,0,paid_on_time
P005441,L00296,15,2026-05-03,1097.72,1097.72,2026-04-30,0,paid_on_time
P005442,L00308,14,2026-05-03,98.58,98.58,2026-04-30,0,paid_on_time
P005443,L00339,12,2026-05-03,589.31,589.31,2026-04-30,0,paid_on_time
P005444,L00363,11,2026-05-03,139.31,139.31,2026-04-30,0,paid_on_time
P005445,L00364,11,2026-05-03,584.93,584.93,2026-05-02,0,paid_on_time
P005446,L00414,8,2026-05-03,410.2,410.2,2026-05-30,27,paid_late
P005447,L00434,7,2026-05-03,791.38,791.38,2026-04-30,0,paid_on_time
P005448,L00435,7,2026-05-03,2350.83,2350.83,2026-05-03,0,paid_on_time
P005449,L00463,6,2026-05-03,1094.9,1094.9,2026-05-01,0,paid_on_time
P005450,L00464,6,2026-05-03,418.46,418.46,2026-05-22,19,paid_late
P005451,L00487,5,2026-05-03,1012.24,1012.24,2026-05-15,12,paid_late
P005452,L00527,3,2026-05-03,360.72,360.72,2026-04-30,0,paid_on_time
P005453,L00566,1,2026-05-03,119.25,119.25,2026-05-02,0,paid_on_time
P005454,L00058,55,2026-05-04,828.64,828.64,2026-05-25,21,paid_late
P005455,L00239,22,2026-05-04,1684.67,1684.67,2026-05-31,27,paid_late
P005456,L00259,19,2026-05-04,182.52,0.0,,31,unpaid
P005457,L00365,11,2026-05-04,921.91,921.91,2026-05-03,0,paid_on_time
P005458,L00415,8,2026-05-04,207.66,207.66,2026-05-01,0,paid_on_time
P005459,L00416,8,2026-05-04,1103.13,1103.13,2026-05-02,0,paid_on_time
P005460,L00417,8,2026-05-04,381.76,381.76,2026-05-01,0,paid_on_time
P005461,L00465,6,2026-05-04,553.52,553.52,2026-05-04,0,paid_on_time
P005462,L00051,60,2026-05-05,1900.45,1900.45,2026-05-04,0,paid_on_time
P005463,L00068,52,2026-05-05,527.5,0.0,,123,unpaid
P005464,L00069,52,2026-05-05,1481.4,1481.4,2026-05-05,0,paid_on_time
P005465,L00092,45,2026-05-05,1072.0,1072.0,2026-05-05,0,paid_on_time
P005466,L00110,40,2026-05-05,672.22,672.22,2026-05-02,0,paid_on_time
P005467,L00201,27,2026-05-05,286.02,286.02,2026-05-02,0,paid_on_time
P005468,L00222,24,2026-05-05,671.48,671.48,2026-05-03,0,paid_on_time
P005469,L00247,21,2026-05-05,69.37,69.37,2026-05-05,0,paid_on_time
P005470,L00252,20,2026-05-05,2944.96,2944.96,2026-05-02,0,paid_on_time
P005471,L00253,20,2026-05-05,250.97,250.97,2026-05-03,0,paid_on_time
P005472,L00260,19,2026-05-05,494.43,494.43,2026-05-03,0,paid_on_time
P005473,L00297,15,2026-05-05,660.93,660.93,2026-05-04,0,paid_on_time
P005474,L00340,12,2026-05-05,387.29,387.29,2026-05-03,0,paid_on_time
P005475,L00488,5,2026-05-05,651.11,651.11,2026-06-09,35,paid_late
P005476,L00489,5,2026-05-05,259.35,259.35,2026-05-04,0,paid_on_time
P005477,L00515,4,2026-05-05,531.66,531.66,2026-05-02,0,paid_on_time
P005478,L00541,2,2026-05-05,570.7,570.7,2026-05-02,0,paid_on_time
P005479,L00004,152,2026-05-06,4466.2,4466.2,2026-05-05,0,paid_on_time
P005480,L00019,117,2026-05-06,2187.33,2187.33,2026-05-30,24,paid_late
P005481,L00053,58,2026-05-06,1030.03,1030.03,2026-05-03,0,paid_on_time
P005482,L00059,55,2026-05-06,626.49,626.49,2026-05-04,0,paid_on_time
P005483,L00093,45,2026-05-06,730.14,730.14,2026-05-06,0,paid_on_time
P005484,L00106,41,2026-05-06,2856.91,2856.91,2026-05-03,0,paid_on_time
P005485,L00147,35,2026-05-06,348.05,348.05,2026-05-06,0,paid_on_time
P005486,L00192,28,2026-05-06,894.21,894.21,2026-05-04,0,paid_on_time
P005487,L00202,27,2026-05-06,4839.58,4839.58,2026-05-03,0,paid_on_time
P005488,L00215,25,2026-05-06,756.59,756.59,2026-05-22,16,paid_late
P005489,L00223,24,2026-05-06,274.54,274.54,2026-07-29,84,paid_late
P005490,L00231,23,2026-05-06,728.02,728.02,2026-05-04,0,paid_on_time
P005491,L00298,15,2026-05-06,1387.32,1387.32,2026-05-05,0,paid_on_time
P005492,L00341,12,2026-05-06,393.32,393.32,2026-05-03,0,paid_on_time
P005493,L00419,8,2026-05-06,713.24,713.24,2026-05-03,0,paid_on_time
P005494,L00436,7,2026-05-06,907.12,907.12,2026-05-03,0,paid_on_time
P005495,L00466,6,2026-05-06,555.32,555.32,2026-05-06,0,paid_on_time
P005496,L00490,5,2026-05-06,649.13,649.13,2026-05-05,0,paid_on_time
P005497,L00528,3,2026-05-06,907.04,907.04,2026-05-04,0,paid_on_time
P005498,L00542,2,2026-05-06,376.17,376.17,2026-05-06,0,paid_on_time
P005499,L00543,2,2026-05-06,587.2,587.2,2026-05-04,0,paid_on_time
P005500,L00544,2,2026-05-06,625.87,625.87,2026-05-05,0,paid_on_time
P005501,L00567,1,2026-05-06,344.79,344.79,2026-05-05,0,paid_on_time
P005502,L00568,1,2026-05-06,965.94,965.94,2026-05-04,0,paid_on_time
P005503,L00027,98,2026-05-07,1544.11,1544.11,2026-05-06,0,paid_on_time
P005504,L00034,85,2026-05-07,1413.29,1413.29,2026-05-06,0,paid_on_time
P005505,L00045,66,2026-05-07,590.41,590.41,2026-05-06,0,paid_on_time
P005506,L00061,54,2026-05-07,1314.35,1314.35,2026-05-04,0,paid_on_time
P005507,L00102,42,2026-05-07,610.13,610.13,2026-05-05,0,paid_on_time
P005508,L00107,41,2026-05-07,4136.88,4136.88,2026-05-07,0,paid_on_time
P005509,L00142,36,2026-05-07,122.37,122.37,2026-05-07,0,paid_on_time
P005510,L00148,35,2026-05-07,1896.41,1896.41,2026-05-07,0,paid_on_time
P005511,L00208,26,2026-05-07,1156.32,1156.32,2026-05-06,0,paid_on_time
P005512,L00224,24,2026-05-07,223.06,223.06,2026-05-06,0,paid_on_time
P005513,L00275,17,2026-05-07,495.73,495.73,2026-05-04,0,paid_on_time
P005514,L00282,16,2026-05-07,255.88,255.88,2026-05-07,0,paid_on_time
P005515,L00342,12,2026-05-07,696.53,696.53,2026-05-05,0,paid_on_time
P005516,L00491,5,2026-05-07,759.04,0.0,,61,unpaid
P005517,L00516,4,2026-05-07,1467.92,1467.92,2026-05-04,0,paid_on_time
P005518,L00545,2,2026-05-07,415.4,415.4,2026-05-09,2,paid_late
P005519,L00546,2,2026-05-07,987.83,987.83,2026-05-05,0,paid_on_time
P005520,L00024,101,2026-05-08,1195.78,1195.78,2026-05-05,0,paid_on_time
P005521,L00046,66,2026-05-08,2692.31,2692.31,2026-05-06,0,paid_on_time
P005522,L00050,61,2026-05-08,5006.45,5006.45,2026-05-12,4,paid_late
P005523,L00149,35,2026-05-08,180.6,180.6,2026-05-05,0,paid_on_time
P005524,L00232,23,2026-05-08,588.41,588.41,2026-05-07,0,paid_on_time
P005525,L00309,14,2026-05-08,455.35,455.35,2026-05-05,0,paid_on_time
P005526,L00310,14,2026-05-08,684.21,684.21,2026-05-07,0,paid_on_time
P005527,L00323,13,2026-05-08,133.22,133.22,2026-05-06,0,paid_on_time
P005528,L00324,13,2026-05-08,464.16,464.16,2026-05-07,0,paid_on_time
P005529,L00343,12,2026-05-08,730.44,730.44,2026-05-19,11,paid_late
P005530,L00467,6,2026-05-08,282.81,282.81,2026-05-08,0,paid_on_time
P005531,L00468,6,2026-05-08,383.54,383.54,2026-05-06,0,paid_on_time
P005532,L00492,5,2026-05-08,1327.87,1327.87,2026-05-05,0,paid_on_time
P005533,L00493,5,2026-05-08,534.87,534.87,2026-05-06,0,paid_on_time
P005534,L00529,3,2026-05-08,1526.58,1526.58,2026-05-08,0,paid_on_time
P005535,L00005,152,2026-05-09,3714.26,3714.26,2026-05-08,0,paid_on_time
P005536,L00031,93,2026-05-09,1166.25,1166.25,2026-05-08,0,paid_on_time
P005537,L00047,66,2026-05-09,1631.14,1631.14,2026-05-08,0,paid_on_time
P005538,L00052,59,2026-05-09,458.96,458.96,2026-05-07,0,paid_on_time
P005539,L00056,57,2026-05-09,1887.49,1887.49,2026-05-08,0,paid_on_time
P005540,L00164,33,2026-05-09,463.93,463.93,2026-05-08,0,paid_on_time
P005541,L00165,33,2026-05-09,900.5,900.5,2026-05-07,0,paid_on_time
P005542,L00167,32,2026-05-09,494.06,494.06,2026-05-07,0,paid_on_time
P005543,L00209,26,2026-05-09,895.87,895.87,2026-05-08,0,paid_on_time
P005544,L00225,24,2026-05-09,443.16,443.16,2026-05-09,0,paid_on_time
P005545,L00366,11,2026-05-09,1391.7,1391.7,2026-05-08,0,paid_on_time
P005546,L00367,11,2026-05-09,781.07,781.07,2026-05-09,0,paid_on_time
P005547,L00378,10,2026-05-09,255.87,255.87,2026-05-09,0,paid_on_time
P005548,L00379,10,2026-05-09,275.23,275.23,2026-05-06,0,paid_on_time
P005549,L00391,9,2026-05-09,678.65,678.65,2026-05-09,0,paid_on_time
P005550,L00437,7,2026-05-09,294.55,294.55,2026-05-19,10,paid_late
P005551,L00438,7,2026-05-09,796.53,796.53,2026-05-09,0,paid_on_time
P005552,L00469,6,2026-05-09,781.35,781.35,2026-05-09,0,paid_on_time
P005553,L00494,5,2026-05-09,895.54,895.54,2026-05-08,0,paid_on_time
P005554,L00530,3,2026-05-09,642.58,642.58,2026-05-06,0,paid_on_time
P005555,L00569,1,2026-05-09,732.34,732.34,2026-05-07,0,paid_on_time
P005556,L00010,144,2026-05-10,451.75,451.75,2026-05-10,0,paid_on_time
P005557,L00040,71,2026-05-10,1154.04,1154.04,2026-05-08,0,paid_on_time
P005558,L00060,55,2026-05-10,242.9,242.9,2026-05-10,0,paid_on_time
P005559,L00082,48,2026-05-10,1374.6,1374.6,2026-05-09,0,paid_on_time
P005560,L00088,46,2026-05-10,604.18,604.18,2026-05-07,0,paid_on_time
P005561,L00134,37,2026-05-10,132.34,132.34,2026-05-10,0,paid_on_time
P005562,L00168,32,2026-05-10,425.1,425.1,2026-05-20,10,paid_late
P005563,L00182,30,2026-05-10,170.77,170.77,2026-05-13,3,paid_late
P005564,L00183,30,2026-05-10,1116.86,1116.86,2026-05-10,0,paid_on_time
P005565,L00241,22,2026-05-10,417.0,417.0,2026-05-07,0,paid_on_time
P005566,L00299,15,2026-05-10,374.07,374.07,2026-05-10,0,paid_on_time
P005567,L00300,15,2026-05-10,3088.53,3088.53,2026-05-08,0,paid_on_time
P005568,L00326,13,2026-05-10,339.05,339.05,2026-05-10,0,paid_on_time
P005569,L00344,12,2026-05-10,532.44,532.44,2026-05-10,0,paid_on_time
P005570,L00345,12,2026-05-10,302.08,302.08,2026-05-09,0,paid_on_time
P005571,L00368,11,2026-05-10,584.55,584.55,2026-05-09,0,paid_on_time
P005572,L00392,9,2026-05-10,765.21,765.21,2026-05-10,0,paid_on_time
P005573,L00470,6,2026-05-10,1226.05,1226.05,2026-05-10,0,paid_on_time
P005574,L00495,5,2026-05-10,390.6,390.6,2026-05-11,1,paid_late
P005575,L00496,5,2026-05-10,450.83,450.83,2026-05-08,0,paid_on_time
P005576,L00497,5,2026-05-10,304.31,304.31,2026-05-09,0,paid_on_time
P005577,L00531,3,2026-05-10,355.61,355.61,2026-05-09,0,paid_on_time
P005578,L00570,1,2026-05-10,308.87,308.87,2026-05-10,0,paid_on_time
P005579,L00023,105,2026-05-11,1669.64,1669.64,2026-05-15,4,paid_late
P005580,L00076,51,2026-05-11,750.21,750.21,2026-05-11,0,paid_on_time
P005581,L00103,42,2026-05-11,477.21,477.21,2026-05-27,16,paid_late
P005582,L00111,40,2026-05-11,327.8,327.8,2026-05-11,0,paid_on_time
P005583,L00119,39,2026-05-11,704.37,704.37,2026-05-10,0,paid_on_time
P005584,L00126,38,2026-05-11,1005.72,1005.72,2026-05-08,0,paid_on_time
P005585,L00127,38,2026-05-11,352.26,352.26,2026-05-09,0,paid_on_time
P005586,L00158,34,2026-05-11,244.75,244.75,2026-05-08,0,paid_on_time
P005587,L00185,29,2026-05-11,1831.67,1831.67,2026-05-09,0,paid_on_time
P005588,L00254,20,2026-05-11,5962.35,5962.35,2026-05-08,0,paid_on_time
P005589,L00255,20,2026-05-11,391.11,391.11,2026-05-08,0,paid_on_time
P005590,L00382,10,2026-05-11,806.73,806.73,2026-05-08,0,paid_on_time
P005591,L00420,8,2026-05-11,1635.03,1635.03,2026-05-09,0,paid_on_time
P005592,L00440,7,2026-05-11,385.78,385.78,2026-05-08,0,paid_on_time
P005593,L00498,5,2026-05-11,415.54,415.54,2026-05-08,0,paid_on_time
P005594,L00517,4,2026-05-11,283.17,283.17,2026-05-09,0,paid_on_time
P005595,L00547,2,2026-05-11,443.09,443.09,2026-05-09,0,paid_on_time
P005596,L00054,58,2026-05-12,1005.95,1005.95,2026-05-11,0,paid_on_time
P005597,L00062,54,2026-05-12,998.23,998.23,2026-05-12,0,paid_on_time
P005598,L00070,52,2026-05-12,436.33,436.33,2026-05-11,0,paid_on_time
P005599,L00108,41,2026-05-12,297.58,297.58,2026-05-11,0,paid_on_time
P005600,L00112,40,2026-05-12,389.58,389.58,2026-05-09,0,paid_on_time
P005601,L00186,29,2026-05-12,461.26,461.26,2026-05-11,0,paid_on_time
P005602,L00276,17,2026-05-12,443.67,443.67,2026-05-11,0,paid_on_time
P005603,L00301,15,2026-05-12,652.3,652.3,2026-05-22,10,paid_late
P005604,L00311,14,2026-05-12,4060.3,4060.3,2026-05-09,0,paid_on_time
P005605,L00369,11,2026-05-12,374.81,374.81,2026-05-10,0,paid_on_time
P005606,L00393,9,2026-05-12,4337.53,4337.53,2026-05-12,0,paid_on_time
P005607,L00471,6,2026-05-12,453.36,453.36,2026-05-11,0,paid_on_time
P005608,L00518,4,2026-05-12,3791.87,3791.87,2026-05-10,0,paid_on_time
P005609,L00548,2,2026-05-12,1296.1,1296.1,2026-05-10,0,paid_on_time
P005610,L00549,2,2026-05-12,993.49,993.49,2026-05-11,0,paid_on_time
P005611,L00571,1,2026-05-12,188.15,188.15,2026-05-09,0,paid_on_time
P005612,L00572,1,2026-05-12,162.23,162.23,2026-05-11,0,paid_on_time
P005613,L00015,123,2026-05-13,2722.75,2722.75,2026-05-10,0,paid_on_time
P005614,L00038,75,2026-05-13,1052.17,1052.17,2026-05-11,0,paid_on_time
P005615,L00128,38,2026-05-13,731.01,731.01,2026-05-11,0,paid_on_time
P005616,L00176,31,2026-05-13,1207.63,1207.63,2026-05-13,0,paid_on_time
P005617,L00187,29,2026-05-13,794.79,794.79,2026-05-11,0,paid_on_time
P005618,L00193,28,2026-05-13,889.34,889.34,2026-05-12,0,paid_on_time
P005619,L00233,23,2026-05-13,3312.12,3312.12,2026-05-10,0,paid_on_time
P005620,L00261,19,2026-05-13,135.87,135.87,2026-05-11,0,paid_on_time
P005621,L00283,16,2026-05-13,576.26,576.26,2026-05-10,0,paid_on_time
P005622,L00312,14,2026-05-13,570.92,570.92,2026-05-10,0,paid_on_time
P005623,L00383,10,2026-05-13,243.05,243.05,2026-05-10,0,paid_on_time
P005624,L00441,7,2026-05-13,586.41,586.41,2026-06-18,36,paid_late
P005625,L00442,7,2026-05-13,200.28,200.28,2026-05-12,0,paid_on_time
P005626,L00550,2,2026-05-13,487.13,487.13,2026-05-10,0,paid_on_time
P005627,L00573,1,2026-05-13,161.93,161.93,2026-05-12,0,paid_on_time
P005628,L00018,118,2026-05-14,5555.18,5555.18,2026-05-12,0,paid_on_time
P005629,L00063,54,2026-05-14,1407.73,1407.73,2026-05-12,0,paid_on_time
P005630,L00095,44,2026-05-14,493.83,493.83,2026-05-12,0,paid_on_time
P005631,L00150,35,2026-05-14,693.8,693.8,2026-05-13,0,paid_on_time
P005632,L00194,28,2026-05-14,708.28,708.28,2026-05-22,8,paid_late
P005633,L00195,28,2026-05-14,506.14,506.14,2026-05-29,15,paid_late
P005634,L00204,27,2026-05-14,941.27,941.27,2026-05-14,0,paid_on_time
P005635,L00271,18,2026-05-14,485.42,485.42,2026-05-13,0,paid_on_time
P005636,L00284,16,2026-05-14,307.56,307.56,2026-05-13,0,paid_on_time
P005637,L00327,13,2026-05-14,205.7,205.7,2026-05-11,0,paid_on_time
P005638,L00328,13,2026-05-14,614.18,614.18,2026-05-14,0,paid_on_time
P005639,L00370,11,2026-05-14,447.8,447.8,2026-05-23,9,paid_late
P005640,L00394,9,2026-05-14,393.33,393.33,2026-05-11,0,paid_on_time
P005641,L00472,6,2026-05-14,321.08,321.08,2026-05-11,0,paid_on_time
P005642,L00532,3,2026-05-14,1367.7,1367.7,2026-05-14,0,paid_on_time
P005643,L00533,3,2026-05-14,205.17,205.17,2026-05-11,0,paid_on_time
P005644,L00551,2,2026-05-14,391.74,391.74,2026-05-12,0,paid_on_time
P005645,L00043,67,2026-05-15,1040.6,1040.6,2026-05-13,0,paid_on_time
P005646,L00104,42,2026-05-15,442.08,442.08,2026-05-12,0,paid_on_time
P005647,L00120,39,2026-05-15,262.87,262.87,2026-05-14,0,paid_on_time
P005648,L00205,27,2026-05-15,418.6,0.0,,92,unpaid
P005649,L00216,25,2026-05-15,962.26,962.26,2026-05-14,0,paid_on_time
P005650,L00226,24,2026-05-15,904.35,904.35,2026-05-15,0,paid_on_time
P005651,L00277,17,2026-05-15,689.78,689.78,2026-05-13,0,paid_on_time
P005652,L00285,16,2026-05-15,4637.41,4637.41,2026-05-12,0,paid_on_time
P005653,L00330,13,2026-05-15,562.56,562.56,2026-05-15,0,paid_on_time
P005654,L00473,6,2026-05-15,807.6,807.6,2026-05-14,0,paid_on_time
P005655,L00499,5,2026-05-15,195.38,195.38,2026-05-21,6,paid_late
P005656,L00500,5,2026-05-15,693.64,693.64,2026-05-13,0,paid_on_time
P005657,L00519,4,2026-05-15,377.64,377.64,2026-05-15,0,paid_on_time
P005658,L00574,1,2026-05-15,408.17,408.17,2026-05-15,0,paid_on_time
P005659,L00017,119,2026-05-16,1399.27,1399.27,2026-05-14,0,paid_on_time
P005660,L00033,87,2026-05-16,488.18,488.18,2026-05-15,0,paid_on_time
P005661,L00035,84,2026-05-16,2474.76,2474.76,2026-05-14,0,paid_on_time
P005662,L00121,39,2026-05-16,1741.4,1741.4,2026-05-15,0,paid_on_time
P005663,L00151,35,2026-05-16,230.11,230.11,2026-05-13,0,paid_on_time
P005664,L00210,26,2026-05-16,1078.93,1078.93,2026-05-16,0,paid_on_time
P005665,L00227,24,2026-05-16,545.86,545.86,2026-05-14,0,paid_on_time
P005666,L00234,23,2026-05-16,659.89,659.89,2026-05-13,0,paid_on_time
P005667,L00248,21,2026-05-16,2095.25,2095.25,2026-05-16,0,paid_on_time
P005668,L00286,16,2026-05-16,629.76,629.76,2026-05-15,0,paid_on_time
P005669,L00287,16,2026-05-16,361.67,361.67,2026-05-14,0,paid_on_time
P005670,L00314,14,2026-05-16,133.26,133.26,2026-05-13,0,paid_on_time
P005671,L00347,12,2026-05-16,622.05,622.05,2026-05-13,0,paid_on_time
P005672,L00395,9,2026-05-16,345.71,345.71,2026-05-15,0,paid_on_time
P005673,L00421,8,2026-05-16,244.98,244.98,2026-05-16,0,paid_on_time
P005674,L00444,7,2026-05-16,449.21,449.21,2026-06-26,41,paid_late
P005675,L00474,6,2026-05-16,1190.95,1190.95,2026-05-14,0,paid_on_time
P005676,L00520,4,2026-05-16,569.25,569.25,2026-05-14,0,paid_on_time
P005677,L00535,3,2026-05-16,765.3,765.3,2026-05-14,0,paid_on_time
P005678,L00552,2,2026-05-16,299.62,299.62,2026-05-14,0,paid_on_time
P005679,L00553,2,2026-05-16,519.08,519.08,2026-05-16,0,paid_on_time
P005680,L00006,150,2026-05-17,1297.93,1297.93,2026-05-15,0,paid_on_time
P005681,L00042,69,2026-05-17,702.79,702.79,2026-05-16,0,paid_on_time
P005682,L00044,67,2026-05-17,999.08,999.08,2026-05-17,0,paid_on_time
P005683,L00055,58,2026-05-17,495.46,495.46,2026-05-16,0,paid_on_time
P005684,L00096,44,2026-05-17,3809.24,3809.24,2026-05-17,0,paid_on_time
P005685,L00122,39,2026-05-17,396.75,396.75,2026-05-15,0,paid_on_time
P005686,L00129,38,2026-05-17,5383.46,5383.46,2026-05-15,0,paid_on_time
P005687,L00135,37,2026-05-17,1392.09,1392.09,2026-05-14,0,paid_on_time
P005688,L00228,24,2026-05-17,151.67,151.67,2026-05-14,0,paid_on_time
P005689,L00257,20,2026-05-17,328.84,328.84,2026-05-17,0,paid_on_time
P005690,L00289,16,2026-05-17,327.34,327.34,2026-05-15,0,paid_on_time
P005691,L00315,14,2026-05-17,1369.79,1369.79,2026-05-29,12,paid_late
P005692,L00331,13,2026-05-17,186.73,186.73,2026-05-15,0,paid_on_time
P005693,L00385,10,2026-05-17,329.97,329.97,2026-05-17,0,paid_on_time
P005694,L00396,9,2026-05-17,534.54,534.54,2026-05-16,0,paid_on_time
P005695,L00397,9,2026-05-17,419.44,0.0,,61,unpaid
P005696,L00445,7,2026-05-17,1607.75,1607.75,2026-05-15,0,paid_on_time
P005697,L00446,7,2026-05-17,1134.61,1134.61,2026-05-14,0,paid_on_time
P005698,L00501,5,2026-05-17,830.64,830.64,2026-06-10,24,paid_late
P005699,L00554,2,2026-05-17,165.94,165.94,2026-05-14,0,paid_on_time
P005700,L00555,2,2026-05-17,83.6,83.6,2026-05-16,0,paid_on_time
P005701,L00556,2,2026-05-17,437.21,437.21,2026-05-15,0,paid_on_time
P005702,L00557,2,2026-05-17,473.52,473.52,2026-05-15,0,paid_on_time
P005703,L00016,121,2026-05-18,2087.02,2087.02,2026-05-18,0,paid_on_time
P005704,L00026,100,2026-05-18,1366.27,1366.27,2026-05-17,0,paid_on_time
P005705,L00089,46,2026-05-18,1358.89,1358.89,2026-07-11,54,paid_late
P005706,L00206,27,2026-05-18,1805.79,1805.79,2026-05-16,0,paid_on_time
P005707,L00217,25,2026-05-18,230.93,230.93,2026-06-01,14,paid_late
P005708,L00262,19,2026-05-18,244.62,244.62,2026-05-17,0,paid_on_time
P005709,L00290,16,2026-05-18,729.21,729.21,2026-05-17,0,paid_on_time
P005710,L00302,15,2026-05-18,528.31,528.31,2026-06-08,21,paid_late
P005711,L00332,13,2026-05-18,1160.99,1160.99,2026-05-18,0,paid_on_time
P005712,L00349,12,2026-05-18,732.05,732.05,2026-05-18,0,paid_on_time
P005713,L00371,11,2026-05-18,668.17,668.17,2026-05-15,0,paid_on_time
P005714,L00398,9,2026-05-18,914.52,914.52,2026-05-30,12,paid_late
P005715,L00422,8,2026-05-18,620.56,620.56,2026-05-16,0,paid_on_time
P005716,L00575,1,2026-05-18,1440.74,1440.74,2026-05-18,0,paid_on_time
P005717,L00001,159,2026-05-19,872.89,872.89,2026-05-18,0,paid_on_time
P005718,L00013,129,2026-05-19,947.9,947.9,2026-05-17,0,paid_on_time
P005719,L00014,127,2026-05-19,3544.09,3544.09,2026-05-18,0,paid_on_time
P005720,L00020,113,2026-05-19,599.02,599.02,2026-05-19,0,paid_on_time
P005721,L00028,97,2026-05-19,859.63,859.63,2026-05-19,0,paid_on_time
P005722,L00083,48,2026-05-19,170.36,170.36,2026-05-18,0,paid_on_time
P005723,L00090,46,2026-05-19,940.56,940.56,2026-05-18,0,paid_on_time
P005724,L00091,46,2026-05-19,333.65,333.65,2026-05-17,0,paid_on_time
P005725,L00130,38,2026-05-19,891.36,891.36,2026-05-16,0,paid_on_time
P005726,L00152,35,2026-05-19,189.02,189.02,2026-05-18,0,paid_on_time
P005727,L00350,12,2026-05-19,913.36,913.36,2026-06-07,19,paid_late
P005728,L00399,9,2026-05-19,319.53,319.53,2026-05-19,0,paid_on_time
P005729,L00521,4,2026-05-19,717.46,717.46,2026-05-18,0,paid_on_time
P005730,L00032,89,2026-05-20,1649.77,1649.77,2026-05-18,0,paid_on_time
P005731,L00131,38,2026-05-20,1276.47,1276.47,2026-05-17,0,paid_on_time
P005732,L00154,35,2026-05-20,313.1,313.1,2026-05-19,0,paid_on_time
P005733,L00170,32,2026-05-20,1120.0,1120.0,2026-06-12,23,paid_late
P005734,L00291,16,2026-05-20,1254.39,1254.39,2026-05-18,0,paid_on_time
P005735,L00317,14,2026-05-20,690.9,690.9,2026-05-20,0,paid_on_time
P005736,L00333,13,2026-05-20,328.96,328.96,2026-05-18,0,paid_on_time
P005737,L00351,12,2026-05-20,281.71,281.71,2026-06-12,23,paid_late
P005738,L00386,10,2026-05-20,636.78,636.78,2026-05-17,0,paid_on_time
P005739,L00400,9,2026-05-20,1657.16,1657.16,2026-05-18,0,paid_on_time
P005740,L00423,8,2026-05-20,1390.3,1390.3,2026-05-17,0,paid_on_time
P005741,L00424,8,2026-05-20,372.69,372.69,2026-05-17,0,paid_on_time
P005742,L00522,4,2026-05-20,200.09,200.09,2026-05-20,0,paid_on_time
P005743,L00537,3,2026-05-20,355.98,355.98,2026-05-20,0,paid_on_time
P005744,L00084,48,2026-05-21,352.49,352.49,2026-05-18,0,paid_on_time
P005745,L00097,44,2026-05-21,1660.09,1660.09,2026-05-19,0,paid_on_time
P005746,L00159,34,2026-05-21,813.68,813.68,2026-05-28,7,paid_late
P005747,L00160,34,2026-05-21,3164.49,3164.49,2026-05-21,0,paid_on_time
P005748,L00188,29,2026-05-21,1216.68,1216.68,2026-05-20,0,paid_on_time
P005749,L00218,25,2026-05-21,3945.26,3945.26,2026-05-21,0,paid_on_time
P005750,L00242,22,2026-05-21,450.32,450.32,2026-05-18,0,paid_on_time
P005751,L00263,19,2026-05-21,846.87,846.87,2026-05-19,0,paid_on_time
P005752,L00303,15,2026-05-21,3623.36,3623.36,2026-05-21,0,paid_on_time
P005753,L00352,12,2026-05-21,1279.4,1279.4,2026-05-19,0,paid_on_time
P005754,L00387,10,2026-05-21,476.49,476.49,2026-05-21,0,paid_on_time
P005755,L00425,8,2026-05-21,485.11,485.11,2026-07-28,68,paid_late
P005756,L00426,8,2026-05-21,768.32,768.32,2026-05-21,0,paid_on_time
P005757,L00558,2,2026-05-21,724.24,724.24,2026-05-20,0,paid_on_time
P005758,L00576,1,2026-05-21,560.78,560.78,2026-05-20,0,paid_on_time
P005759,L00008,147,2026-05-22,1043.51,1043.51,2026-05-22,0,paid_on_time
P005760,L00049,62,2026-05-22,3041.98,3041.98,2026-05-20,0,paid_on_time
P005761,L00098,44,2026-05-22,1385.41,1385.41,2026-05-21,0,paid_on_time
P005762,L00113,40,2026-05-22,677.07,677.07,2026-05-22,0,paid_on_time
P005763,L00132,38,2026-05-22,238.38,238.38,2026-05-19,0,paid_on_time
P005764,L00189,29,2026-05-22,142.38,142.38,2026-05-21,0,paid_on_time
P005765,L00229,24,2026-05-22,696.96,696.96,2026-05-22,0,paid_on_time
P005766,L00264,19,2026-05-22,299.57,299.57,2026-05-22,0,paid_on_time
P005767,L00279,17,2026-05-22,506.59,506.59,2026-05-20,0,paid_on_time
P005768,L00304,15,2026-05-22,191.99,191.99,2026-05-19,0,paid_on_time
P005769,L00353,12,2026-05-22,401.58,401.58,2026-05-22,0,paid_on_time
P005770,L00402,9,2026-05-22,847.17,847.17,2026-05-22,0,paid_on_time
P005771,L00403,9,2026-05-22,249.32,249.32,2026-05-20,0,paid_on_time
P005772,L00475,6,2026-05-22,793.79,793.79,2026-05-20,0,paid_on_time
P005773,L00502,5,2026-05-22,498.78,498.78,2026-05-21,0,paid_on_time
P005774,L00559,2,2026-05-22,330.03,330.03,2026-05-22,0,paid_on_time
P005775,L00012,137,2026-05-23,2313.25,2313.25,2026-05-20,0,paid_on_time
P005776,L00036,78,2026-05-23,5425.67,5425.67,2026-05-23,0,paid_on_time
P005777,L00041,70,2026-05-23,1241.28,1241.28,2026-05-22,0,paid_on_time
P005778,L00071,52,2026-05-23,561.59,561.59,2026-05-20,0,paid_on_time
P005779,L00080,49,2026-05-23,3899.39,3899.39,2026-05-23,0,paid_on_time
P005780,L00123,39,2026-05-23,509.28,509.28,2026-06-03,11,paid_late
P005781,L00161,34,2026-05-23,2812.43,2812.43,2026-05-21,0,paid_on_time
P005782,L00196,28,2026-05-23,152.51,152.51,2026-05-23,0,paid_on_time
P005783,L00211,26,2026-05-23,175.17,175.17,2026-06-02,10,paid_late
P005784,L00219,25,2026-05-23,2801.45,2801.45,2026-05-21,0,paid_on_time
P005785,L00249,21,2026-05-23,648.22,0.0,,61,unpaid
P005786,L00265,19,2026-05-23,883.61,883.61,2026-05-22,0,paid_on_time
P005787,L00292,16,2026-05-23,791.09,791.09,2026-05-21,0,paid_on_time
P005788,L00334,13,2026-05-23,325.36,325.36,2026-05-22,0,paid_on_time
P005789,L00354,12,2026-05-23,807.03,807.03,2026-05-20,0,paid_on_time
P005790,L00355,12,2026-05-23,915.73,915.73,2026-05-20,0,paid_on_time
P005791,L00372,11,2026-05-23,187.18,187.18,2026-05-28,5,paid_late
P005792,L00388,10,2026-05-23,392.01,392.01,2026-05-21,0,paid_on_time
P005793,L00428,8,2026-05-23,117.11,117.11,2026-05-23,0,paid_on_time
P005794,L00476,6,2026-05-23,412.78,412.78,2026-05-21,0,paid_on_time
P005795,L00503,5,2026-05-23,170.92,170.92,2026-05-20,0,paid_on_time
P005796,L00504,5,2026-05-23,700.56,700.56,2026-06-07,15,paid_late
P005797,L00505,5,2026-05-23,698.79,698.79,2026-05-20,0,paid_on_time
P005798,L00560,2,2026-05-23,121.6,121.6,2026-05-23,0,paid_on_time
P005799,L00072,52,2026-05-24,1714.68,1714.68,2026-05-24,0,paid_on_time
P005800,L00143,36,2026-05-24,369.61,369.61,2026-05-24,0,paid_on_time
P005801,L00171,32,2026-05-24,378.47,378.47,2026-05-23,0,paid_on_time
P005802,L00172,32,2026-05-24,246.44,246.44,2026-05-21,0,paid_on_time
P005803,L00197,28,2026-05-24,4082.86,4082.86,2026-05-22,0,paid_on_time
P005804,L00243,22,2026-05-24,4829.64,4829.64,2026-05-21,0,paid_on_time
P005805,L00293,16,2026-05-24,715.78,715.78,2026-05-22,0,paid_on_time
P005806,L00318,14,2026-05-24,785.27,785.27,2026-09-17,116,paid_late
P005807,L00356,12,2026-05-24,151.33,151.33,2026-05-23,0,paid_on_time
P005808,L00373,11,2026-05-24,507.47,507.47,2026-05-21,0,paid_on_time
P005809,L00523,4,2026-05-24,227.41,227.41,2026-05-22,0,paid_on_time
P005810,L00039,73,2026-05-25,2154.36,2154.36,2026-05-22,0,paid_on_time
P005811,L00085,48,2026-05-25,615.22,615.22,2026-05-24,0,paid_on_time
P005812,L00094,45,2026-05-25,798.81,798.81,2026-05-25,0,paid_on_time
P005813,L00144,36,2026-05-25,1999.88,1999.88,2026-05-24,0,paid_on_time
P005814,L00190,29,2026-05-25,668.94,668.94,2026-05-22,0,paid_on_time
P005815,L00236,23,2026-05-25,379.28,379.28,2026-05-23,0,paid_on_time
P005816,L00237,23,2026-05-25,1577.72,1577.72,2026-05-23,0,paid_on_time
P005817,L00244,22,2026-05-25,797.65,797.65,2026-05-22,0,paid_on_time
P005818,L00335,13,2026-05-25,292.08,292.08,2026-07-17,53,paid_late
P005819,L00404,9,2026-05-25,800.98,800.98,2026-06-10,16,paid_late
P005820,L00405,9,2026-05-25,325.9,325.9,2026-05-24,0,paid_on_time
P005821,L00406,9,2026-05-25,516.67,516.67,2026-05-23,0,paid_on_time
P005822,L00449,7,2026-05-25,967.38,0.0,,31,unpaid
P005823,L00506,5,2026-05-25,194.53,194.53,2026-05-23,0,paid_on_time
P005824,L00524,4,2026-05-25,1067.88,1067.88,2026-05-25,0,paid_on_time
P005825,L00577,1,2026-05-25,120.06,120.06,2026-05-23,0,paid_on_time
P005826,L00030,94,2026-05-26,1332.55,1332.55,2026-05-25,0,paid_on_time
P005827,L00037,78,2026-05-26,684.3,684.3,2026-05-25,0,paid_on_time
P005828,L00073,52,2026-05-26,313.76,313.76,2026-05-25,0,paid_on_time
P005829,L00087,47,2026-05-26,485.7,485.7,2026-05-23,0,paid_on_time
P005830,L00145,36,2026-05-26,783.93,783.93,2026-05-23,0,paid_on_time
P005831,L00178,31,2026-05-26,1322.66,1322.66,2026-05-24,0,paid_on_time
P005832,L00198,28,2026-05-26,353.93,353.93,2026-05-25,0,paid_on_time
P005833,L00266,19,2026-05-26,196.46,0.0,,61,unpaid
P005834,L00306,15,2026-05-26,386.96,386.96,2026-05-25,0,paid_on_time
P005835,L00374,11,2026-05-26,759.66,759.66,2026-05-23,0,paid_on_time
P005836,L00389,10,2026-05-26,547.48,547.48,2026-05-25,0,paid_on_time
P005837,L00429,8,2026-05-26,1035.18,1035.18,2026-07-19,54,paid_late
P005838,L00525,4,2026-05-26,332.84,332.84,2026-05-23,0,paid_on_time
P005839,L00538,3,2026-05-26,158.81,158.81,2026-05-30,4,paid_late
P005840,L00539,3,2026-05-26,946.7,946.7,2026-05-23,0,paid_on_time
P005841,L00561,2,2026-05-26,857.94,857.94,2026-05-24,0,paid_on_time
P005842,L00562,2,2026-05-26,336.67,336.67,2026-05-26,0,paid_on_time
P005843,L00578,1,2026-05-26,682.47,682.47,2026-05-24,0,paid_on_time
P005844,L00007,148,2026-05-27,1181.6,1181.6,2026-05-26,0,paid_on_time
P005845,L00009,146,2026-05-27,1014.74,1014.74,2026-06-12,16,paid_late
P005846,L00074,52,2026-05-27,1814.09,1814.09,2026-05-24,0,paid_on_time
P005847,L00357,12,2026-05-27,705.03,705.03,2026-06-05,9,paid_late
P005848,L00451,7,2026-05-27,519.15,519.15,2026-05-26,0,paid_on_time
P005849,L00452,7,2026-05-27,211.98,211.98,2026-06-20,24,paid_late
P005850,L00477,6,2026-05-27,457.61,457.61,2026-05-25,0,paid_on_time
P005851,L00022,106,2026-05-28,1038.84,1038.84,2026-05-27,0,paid_on_time
P005852,L00057,57,2026-05-28,603.0,603.0,2026-05-25,0,paid_on_time
P005853,L00065,53,2026-05-28,1911.1,1911.1,2026-05-25,0,paid_on_time
P005854,L00079,50,2026-05-28,553.36,553.36,2026-05-28,0,paid_on_time
P005855,L00081,49,2026-05-28,487.74,487.74,2026-05-28,0,paid_on_time
P005856,L00086,48,2026-05-28,542.24,542.24,2026-05-28,0,paid_on_time
P005857,L00114,40,2026-05-28,1545.46,1545.46,2026-05-27,0,paid_on_time
P005858,L00115,40,2026-05-28,581.64,581.64,2026-05-27,0,paid_on_time
P005859,L00116,40,2026-05-28,4765.2,4765.2,2026-05-27,0,paid_on_time
P005860,L00117,40,2026-05-28,1642.14,1642.14,2026-05-28,0,paid_on_time
P005861,L00138,37,2026-05-28,475.85,475.85,2026-05-27,0,paid_on_time
P005862,L00156,35,2026-05-28,856.46,856.46,2026-05-25,0,paid_on_time
P005863,L00173,32,2026-05-28,746.3,746.3,2026-05-25,0,paid_on_time
P005864,L00191,29,2026-05-28,936.13,936.13,2026-05-25,0,paid_on_time
P005865,L00199,28,2026-05-28,613.67,613.67,2026-05-26,0,paid_on_time
P005866,L00200,28,2026-05-28,253.76,253.76,2026-05-26,0,paid_on_time
P005867,L00213,26,2026-05-28,767.71,767.71,2026-06-02,5,paid_late
P005868,L00220,25,2026-05-28,596.29,596.29,2026-06-21,24,paid_late
P005869,L00238,23,2026-05-28,893.78,893.78,2026-06-15,18,paid_late
P005870,L00245,22,2026-05-28,2175.35,2175.35,2026-06-03,6,paid_late
P005871,L00246,22,2026-05-28,1166.75,1166.75,2026-05-25,0,paid_on_time
P005872,L00250,21,2026-05-28,169.37,169.37,2026-05-28,0,paid_on_time
P005873,L00272,18,2026-05-28,197.04,197.04,2026-05-27,0,paid_on_time
P005874,L00280,17,2026-05-28,2010.72,2010.72,2026-05-27,0,paid_on_time
P005875,L00281,17,2026-05-28,2776.0,2776.0,2026-05-25,0,paid_on_time
P005876,L00294,16,2026-05-28,2580.19,2580.19,2026-05-26,0,paid_on_time
P005877,L00295,16,2026-05-28,2738.06,2738.06,2026-05-28,0,paid_on_time
P005878,L00319,14,2026-05-28,1044.26,1044.26,2026-05-28,0,paid_on_time
P005879,L00336,13,2026-05-28,761.18,761.18,2026-06-18,21,paid_late
P005880,L00359,12,2026-05-28,399.48,399.48,2026-05-25,0,paid_on_time
P005881,L00360,12,2026-05-28,365.61,365.61,2026-05-28,0,paid_on_time
P005882,L00375,11,2026-05-28,93.58,93.58,2026-05-26,0,paid_on_time
P005883,L00390,10,2026-05-28,393.57,0.0,,61,unpaid
P005884,L00407,9,2026-05-28,470.34,470.34,2026-05-26,0,paid_on_time
P005885,L00408,9,2026-05-28,954.6,954.6,2026-05-27,0,paid_on_time
P005886,L00409,9,2026-05-28,3818.88,3818.88,2026-05-28,0,paid_on_time
P005887,L00410,9,2026-05-28,336.89,336.89,2026-05-25,0,paid_on_time
P005888,L00430,8,2026-05-28,437.06,437.06,2026-05-25,0,paid_on_time
P005889,L00431,8,2026-05-28,262.85,262.85,2026-05-27,0,paid_on_time
P005890,L00432,8,2026-05-28,311.98,311.98,2026-05-25,0,paid_on_time
P005891,L00433,8,2026-05-28,152.15,152.15,2026-05-29,1,paid_late
P005892,L00453,7,2026-05-28,255.21,255.21,2026-05-28,0,paid_on_time
P005893,L00454,7,2026-05-28,460.82,460.82,2026-06-04,7,paid_late
P005894,L00455,7,2026-05-28,664.95,664.95,2026-05-27,0,paid_on_time
P005895,L00456,7,2026-05-28,936.55,936.55,2026-05-28,0,paid_on_time
P005896,L00457,7,2026-05-28,449.08,449.08,2026-05-27,0,paid_on_time
P005897,L00458,7,2026-05-28,277.89,277.89,2026-05-25,0,paid_on_time
P005898,L00478,6,2026-05-28,929.98,929.98,2026-05-25,0,paid_on_time
P005899,L00479,6,2026-05-28,403.75,0.0,,92,unpaid
P005900,L00480,6,2026-05-28,449.17,449.17,2026-05-25,0,paid_on_time
P005901,L00481,6,2026-05-28,876.87,876.87,2026-09-11,106,paid_late
P005902,L00482,6,2026-05-28,234.31,234.31,2026-05-28,0,paid_on_time
P005903,L00483,6,2026-05-28,411.18,411.18,2026-05-28,0,paid_on_time
P005904,L00507,5,2026-05-28,109.56,0.0,,61,unpaid
P005905,L00508,5,2026-05-28,409.58,409.58,2026-05-27,0,paid_on_time
P005906,L00509,5,2026-05-28,761.6,761.6,2026-05-28,0,paid_on_time
P005907,L00510,5,2026-05-28,1215.38,1215.38,2026-05-28,0,paid_on_time
P005908,L00511,5,2026-05-28,743.63,743.63,2026-05-26,0,paid_on_time
P005909,L00526,4,2026-05-28,897.15,897.15,2026-05-27,0,paid_on_time
P005910,L00563,2,2026-05-28,671.93,671.93,2026-05-25,0,paid_on_time
P005911,L00564,2,2026-05-28,778.03,778.03,2026-05-27,0,paid_on_time
P005912,L00565,2,2026-05-28,604.07,604.07,2026-05-26,0,paid_on_time
P005913,L00579,1,2026-05-28,743.45,743.45,2026-05-27,0,paid_on_time
P005914,L00066,53,2026-06-01,856.43,856.43,2026-05-30,0,paid_on_time
P005915,L00067,53,2026-06-01,5150.69,5150.69,2026-06-01,0,paid_on_time
P005916,L00099,43,2026-06-01,1471.68,1471.68,2026-06-01,0,paid_on_time
P005917,L00100,43,2026-06-01,1187.24,1187.24,2026-05-30,0,paid_on_time
P005918,L00109,41,2026-06-01,2101.11,2101.11,2026-05-30,0,paid_on_time
P005919,L00157,35,2026-06-01,328.41,328.41,2026-06-01,0,paid_on_time
P005920,L00268,19,2026-06-01,3738.67,3738.67,2026-05-29,0,paid_on_time
P005921,L00361,12,2026-06-01,421.04,421.04,2026-05-29,0,paid_on_time
P005922,L00376,11,2026-06-01,371.84,371.84,2026-06-01,0,paid_on_time
P005923,L00411,9,2026-06-01,725.51,725.51,2026-06-01,0,paid_on_time
P005924,L00412,9,2026-06-01,494.69,494.69,2026-05-31,0,paid_on_time
P005925,L00459,7,2026-06-01,917.2,917.2,2026-05-31,0,paid_on_time
P005926,L00512,5,2026-06-01,1002.51,1002.51,2026-05-30,0,paid_on_time
P005927,L00011,142,2026-06-02,3685.16,3685.16,2026-05-31,0,paid_on_time
P005928,L00025,101,2026-06-02,873.16,873.16,2026-06-01,0,paid_on_time
P005929,L00048,63,2026-06-02,3101.68,3101.68,2026-05-31,0,paid_on_time
P005930,L00124,39,2026-06-02,1451.35,0.0,,120,unpaid
P005931,L00133,38,2026-06-02,4939.5,4939.5,2026-05-31,0,paid_on_time
P005932,L00174,32,2026-06-02,588.33,588.33,2026-06-19,17,paid_late
P005933,L00221,25,2026-06-02,90.7,90.7,2026-07-26,54,paid_late
P005934,L00251,21,2026-06-02,360.6,360.6,2026-06-01,0,paid_on_time
P005935,L00258,20,2026-06-02,2005.5,2005.5,2026-08-25,84,paid_late
P005936,L00273,18,2026-06-02,696.31,696.31,2026-07-07,35,paid_late
P005937,L00307,15,2026-06-02,641.01,641.01,2026-05-30,0,paid_on_time
P005938,L00321,14,2026-06-02,155.78,155.78,2026-06-01,0,paid_on_time
P005939,L00322,14,2026-06-02,482.32,482.32,2026-05-31,0,paid_on_time
P005940,L00338,13,2026-06-02,544.77,544.77,2026-06-01,0,paid_on_time
P005941,L00413,9,2026-06-02,590.44,590.44,2026-06-02,0,paid_on_time
P005942,L00460,7,2026-06-02,489.77,489.77,2026-05-30,0,paid_on_time
P005943,L00461,7,2026-06-02,265.63,265.63,2026-06-01,0,paid_on_time
P005944,L00462,7,2026-06-02,542.44,542.44,2026-06-14,12,paid_late
P005945,L00484,6,2026-06-02,406.44,406.44,2026-05-30,0,paid_on_time
P005946,L00485,6,2026-06-02,258.48,258.48,2026-07-17,45,paid_late
P005947,L00486,6,2026-06-02,825.82,825.82,2026-06-02,0,paid_on_time
P005948,L00513,5,2026-06-02,422.82,422.82,2026-06-02,0,paid_on_time
P005949,L00514,5,2026-06-02,411.24,411.24,2026-05-30,0,paid_on_time
P005950,L00540,3,2026-06-02,1225.17,1225.17,2026-05-31,0,paid_on_time
P005951,L00021,111,2026-06-03,1229.88,1229.88,2026-05-31,0,paid_on_time
P005952,L00075,52,2026-06-03,921.85,921.85,2026-05-31,0,paid_on_time
P005953,L00101,43,2026-06-03,420.86,420.86,2026-05-31,0,paid_on_time
P005954,L00105,42,2026-06-03,3823.79,3823.79,2026-05-31,0,paid_on_time
P005955,L00125,39,2026-06-03,965.75,965.75,2026-06-03,0,paid_on_time
P005956,L00141,37,2026-06-03,913.41,913.41,2026-06-03,0,paid_on_time
P005957,L00180,31,2026-06-03,1447.87,1447.87,2026-06-01,0,paid_on_time
P005958,L00230,24,2026-06-03,268.46,268.46,2026-06-03,0,paid_on_time
P005959,L00296,16,2026-06-03,1097.72,1097.72,2026-05-31,0,paid_on_time
P005960,L00308,15,2026-06-03,98.58,98.58,2026-05-31,0,paid_on_time
P005961,L00339,13,2026-06-03,589.31,589.31,2026-06-03,0,paid_on_time
P005962,L00363,12,2026-06-03,139.31,139.31,2026-06-02,0,paid_on_time
P005963,L00364,12,2026-06-03,584.93,584.93,2026-06-03,0,paid_on_time
P005964,L00414,9,2026-06-03,410.2,410.2,2026-06-03,0,paid_on_time
P005965,L00434,8,2026-06-03,791.38,791.38,2026-06-03,0,paid_on_time
P005966,L00435,8,2026-06-03,2350.83,2350.83,2026-06-01,0,paid_on_time
P005967,L00463,7,2026-06-03,1094.9,1094.9,2026-05-31,0,paid_on_time
P005968,L00464,7,2026-06-03,418.46,418.46,2026-06-07,4,paid_late
P005969,L00487,6,2026-06-03,1012.24,0.0,,119,unpaid
P005970,L00527,4,2026-06-03,360.72,360.72,2026-06-03,0,paid_on_time
P005971,L00566,2,2026-06-03,119.25,119.25,2026-06-01,0,paid_on_time
P005972,L00580,1,2026-06-03,674.2,0.0,,119,unpaid
P005973,L00058,56,2026-06-04,828.64,828.64,2026-06-03,0,paid_on_time
P005974,L00239,23,2026-06-04,1684.67,1684.67,2026-06-02,0,paid_on_time
P005975,L00365,12,2026-06-04,921.91,921.91,2026-06-04,0,paid_on_time
P005976,L00415,9,2026-06-04,207.66,207.66,2026-06-04,0,paid_on_time
P005977,L00416,9,2026-06-04,1103.13,1103.13,2026-06-23,19,paid_late
P005978,L00417,9,2026-06-04,381.76,381.76,2026-06-03,0,paid_on_time
P005979,L00465,7,2026-06-04,553.52,553.52,2026-06-03,0,paid_on_time
P005980,L00581,1,2026-06-04,812.21,812.21,2026-06-02,0,paid_on_time
P005981,L00051,61,2026-06-05,1900.45,1900.45,2026-06-05,0,paid_on_time
P005982,L00068,53,2026-06-05,527.5,0.0,,92,unpaid
P005983,L00069,53,2026-06-05,1481.4,1481.4,2026-06-03,0,paid_on_time
P005984,L00092,46,2026-06-05,1072.0,1072.0,2026-06-03,0,paid_on_time
P005985,L00110,41,2026-06-05,672.22,672.22,2026-06-02,0,paid_on_time
P005986,L00201,28,2026-06-05,286.02,286.02,2026-06-02,0,paid_on_time
P005987,L00222,25,2026-06-05,671.48,671.48,2026-06-05,0,paid_on_time
P005988,L00247,22,2026-06-05,69.37,69.37,2026-06-02,0,paid_on_time
P005989,L00252,21,2026-06-05,2944.96,2944.96,2026-06-04,0,paid_on_time
P005990,L00253,21,2026-06-05,250.97,250.97,2026-06-02,0,paid_on_time
P005991,L00260,20,2026-06-05,494.43,494.43,2026-06-05,0,paid_on_time
P005992,L00297,16,2026-06-05,660.93,660.93,2026-06-05,0,paid_on_time
P005993,L00340,13,2026-06-05,387.29,387.29,2026-06-02,0,paid_on_time
P005994,L00488,6,2026-06-05,651.11,651.11,2026-06-09,4,paid_late
P005995,L00489,6,2026-06-05,259.35,259.35,2026-06-03,0,paid_on_time
P005996,L00515,5,2026-06-05,531.66,531.66,2026-06-02,0,paid_on_time
P005997,L00541,3,2026-06-05,570.7,570.7,2026-06-03,0,paid_on_time
P005998,L00582,1,2026-06-05,309.63,309.63,2026-06-02,0,paid_on_time
P005999,L00004,153,2026-06-06,4466.2,4466.2,2026-06-05,0,paid_on_time
P006000,L00019,118,2026-06-06,2187.33,2187.33,2026-06-05,0,paid_on_time
P006001,L00053,59,2026-06-06,1030.03,1030.03,2026-06-29,23,paid_late
P006002,L00059,56,2026-06-06,626.49,626.49,2026-06-06,0,paid_on_time
P006003,L00093,46,2026-06-06,730.14,730.14,2026-06-04,0,paid_on_time
P006004,L00106,42,2026-06-06,2856.91,2856.91,2026-06-05,0,paid_on_time
P006005,L00147,36,2026-06-06,348.05,348.05,2026-06-06,0,paid_on_time
P006006,L00192,29,2026-06-06,894.21,894.21,2026-06-05,0,paid_on_time
P006007,L00202,28,2026-06-06,4839.58,4839.58,2026-06-03,0,paid_on_time
P006008,L00215,26,2026-06-06,756.59,756.59,2026-06-04,0,paid_on_time
P006009,L00223,25,2026-06-06,274.54,274.54,2026-07-29,53,paid_late
P006010,L00231,24,2026-06-06,728.02,728.02,2026-06-06,0,paid_on_time
P006011,L00298,16,2026-06-06,1387.32,1387.32,2026-06-05,0,paid_on_time
P006012,L00419,9,2026-06-06,713.24,713.24,2026-06-06,0,paid_on_time
P006013,L00436,8,2026-06-06,907.12,907.12,2026-06-03,0,paid_on_time
P006014,L00466,7,2026-06-06,555.32,555.32,2026-06-03,0,paid_on_time
P006015,L00490,6,2026-06-06,649.13,649.13,2026-06-06,0,paid_on_time
P006016,L00528,4,2026-06-06,907.04,907.04,2026-06-04,0,paid_on_time
P006017,L00542,3,2026-06-06,376.17,376.17,2026-06-03,0,paid_on_time
P006018,L00543,3,2026-06-06,587.2,587.2,2026-06-06,0,paid_on_time
P006019,L00544,3,2026-06-06,625.87,625.87,2026-06-07,1,paid_late
P006020,L00567,2,2026-06-06,344.79,344.79,2026-06-04,0,paid_on_time
P006021,L00568,2,2026-06-06,965.94,965.94,2026-06-03,0,paid_on_time
P006022,L00583,1,2026-06-06,344.01,0.0,,116,unpaid
P006023,L00584,1,2026-06-06,567.48,567.48,2026-06-03,0,paid_on_time
P006024,L00027,99,2026-06-07,1544.11,1544.11,2026-06-04,0,paid_on_time
P006025,L00034,86,2026-06-07,1413.29,1413.29,2026-06-04,0,paid_on_time
P006026,L00045,67,2026-06-07,590.41,590.41,2026-06-04,0,paid_on_time
P006027,L00061,55,2026-06-07,1314.35,1314.35,2026-06-04,0,paid_on_time
P006028,L00102,43,2026-06-07,610.13,610.13,2026-06-05,0,paid_on_time
P006029,L00107,42,2026-06-07,4136.88,4136.88,2026-06-06,0,paid_on_time
P006030,L00142,37,2026-06-07,122.37,122.37,2026-06-06,0,paid_on_time
P006031,L00148,36,2026-06-07,1896.41,1896.41,2026-06-07,0,paid_on_time
P006032,L00208,27,2026-06-07,1156.32,1156.32,2026-06-05,0,paid_on_time
P006033,L00224,25,2026-06-07,223.06,223.06,2026-07-18,41,paid_late
P006034,L00275,18,2026-06-07,495.73,495.73,2026-06-06,0,paid_on_time
P006035,L00282,17,2026-06-07,255.88,255.88,2026-06-07,0,paid_on_time
P006036,L00342,13,2026-06-07,696.53,696.53,2026-06-07,0,paid_on_time
P006037,L00491,6,2026-06-07,759.04,0.0,,30,unpaid
P006038,L00516,5,2026-06-07,1467.92,1467.92,2026-06-06,0,paid_on_time
P006039,L00545,3,2026-06-07,415.4,415.4,2026-06-06,0,paid_on_time
P006040,L00546,3,2026-06-07,987.83,987.83,2026-06-04,0,paid_on_time
P006041,L00024,102,2026-06-08,1195.78,1195.78,2026-06-08,0,paid_on_time
P006042,L00046,67,2026-06-08,2692.31,2692.31,2026-06-07,0,paid_on_time
P006043,L00050,62,2026-06-08,5006.45,5006.45,2026-06-07,0,paid_on_time
P006044,L00149,36,2026-06-08,180.6,180.6,2026-06-07,0,paid_on_time
P006045,L00232,24,2026-06-08,588.41,588.41,2026-06-05,0,paid_on_time
P006046,L00309,15,2026-06-08,455.35,455.35,2026-06-06,0,paid_on_time
P006047,L00310,15,2026-06-08,684.21,684.21,2026-06-05,0,paid_on_time
P006048,L00323,14,2026-06-08,133.22,133.22,2026-06-07,0,paid_on_time
P006049,L00324,14,2026-06-08,464.16,464.16,2026-06-07,0,paid_on_time
P006050,L00343,13,2026-06-08,730.44,730.44,2026-06-06,0,paid_on_time
P006051,L00467,7,2026-06-08,282.81,282.81,2026-06-05,0,paid_on_time
P006052,L00468,7,2026-06-08,383.54,383.54,2026-06-07,0,paid_on_time
P006053,L00492,6,2026-06-08,1327.87,1327.87,2026-06-08,0,paid_on_time
P006054,L00493,6,2026-06-08,534.87,534.87,2026-06-08,0,paid_on_time
P006055,L00529,4,2026-06-08,1526.58,1526.58,2026-06-06,0,paid_on_time
P006056,L00585,1,2026-06-08,589.37,589.37,2026-06-05,0,paid_on_time
P006057,L00586,1,2026-06-08,154.29,154.29,2026-06-07,0,paid_on_time
P006058,L00005,153,2026-06-09,3714.26,3714.26,2026-06-09,0,paid_on_time
P006059,L00031,94,2026-06-09,1166.25,1166.25,2026-06-06,0,paid_on_time
P006060,L00047,67,2026-06-09,1631.14,1631.14,2026-06-08,0,paid_on_time
P006061,L00052,60,2026-06-09,458.96,458.96,2026-06-08,0,paid_on_time
P006062,L00056,58,2026-06-09,1887.49,1887.49,2026-06-08,0,paid_on_time
P006063,L00164,34,2026-06-09,463.93,463.93,2026-06-07,0,paid_on_time
P006064,L00165,34,2026-06-09,900.5,900.5,2026-06-09,0,paid_on_time
P006065,L00167,33,2026-06-09,494.06,494.06,2026-06-08,0,paid_on_time
P006066,L00209,27,2026-06-09,895.87,895.87,2026-06-19,10,paid_late
P006067,L00225,25,2026-06-09,443.16,443.16,2026-06-08,0,paid_on_time
P006068,L00367,12,2026-06-09,781.07,781.07,2026-06-08,0,paid_on_time
P006069,L00378,11,2026-06-09,255.87,255.87,2026-06-06,0,paid_on_time
P006070,L00379,11,2026-06-09,275.23,275.23,2026-06-07,0,paid_on_time
P006071,L00391,10,2026-06-09,678.65,678.65,2026-06-07,0,paid_on_time
P006072,L00437,8,2026-06-09,294.55,294.55,2026-07-02,23,paid_late
P006073,L00438,8,2026-06-09,796.53,796.53,2026-06-06,0,paid_on_time
P006074,L00469,7,2026-06-09,781.35,781.35,2026-06-27,18,paid_late
P006075,L00494,6,2026-06-09,895.54,895.54,2026-06-09,0,paid_on_time
P006076,L00530,4,2026-06-09,642.58,642.58,2026-08-26,78,paid_late
P006077,L00569,2,2026-06-09,732.34,732.34,2026-06-06,0,paid_on_time
P006078,L00010,145,2026-06-10,451.75,451.75,2026-07-01,21,paid_late
P006079,L00040,72,2026-06-10,1154.04,1154.04,2026-06-08,0,paid_on_time
P006080,L00060,56,2026-06-10,242.9,242.9,2026-06-10,0,paid_on_time
P006081,L00082,49,2026-06-10,1374.6,1374.6,2026-06-09,0,paid_on_time
P006082,L00088,47,2026-06-10,604.18,604.18,2026-07-04,24,paid_late
P006083,L00134,38,2026-06-10,132.34,132.34,2026-06-08,0,paid_on_time
P006084,L00168,33,2026-06-10,425.1,425.1,2026-06-29,19,paid_late
P006085,L00182,31,2026-06-10,170.77,170.77,2026-08-22,73,paid_late
P006086,L00183,31,2026-06-10,1116.86,1116.86,2026-06-09,0,paid_on_time
P006087,L00241,23,2026-06-10,417.0,417.0,2026-06-07,0,paid_on_time
P006088,L00299,16,2026-06-10,374.07,374.07,2026-06-10,0,paid_on_time
P006089,L00300,16,2026-06-10,3088.53,3088.53,2026-06-09,0,paid_on_time
P006090,L00326,14,2026-06-10,339.05,339.05,2026-06-09,0,paid_on_time
P006091,L00344,13,2026-06-10,532.44,532.44,2026-06-10,0,paid_on_time
P006092,L00345,13,2026-06-10,302.08,302.08,2026-06-25,15,paid_late
P006093,L00368,12,2026-06-10,584.55,584.55,2026-06-08,0,paid_on_time
P006094,L00392,10,2026-06-10,765.21,765.21,2026-06-10,0,paid_on_time
P006095,L00470,7,2026-06-10,1226.05,1226.05,2026-06-07,0,paid_on_time
P006096,L00495,6,2026-06-10,390.6,390.6,2026-06-09,0,paid_on_time
P006097,L00496,6,2026-06-10,450.83,450.83,2026-06-09,0,paid_on_time
P006098,L00497,6,2026-06-10,304.31,304.31,2026-06-09,0,paid_on_time
P006099,L00531,4,2026-06-10,355.61,355.61,2026-06-07,0,paid_on_time
P006100,L00570,2,2026-06-10,308.87,308.87,2026-06-07,0,paid_on_time
P006101,L00023,106,2026-06-11,1669.64,1669.64,2026-06-10,0,paid_on_time
P006102,L00076,52,2026-06-11,750.21,750.21,2026-06-10,0,paid_on_time
P006103,L00103,43,2026-06-11,477.21,477.21,2026-06-11,0,paid_on_time
P006104,L00111,41,2026-06-11,327.8,327.8,2026-06-10,0,paid_on_time
P006105,L00119,40,2026-06-11,704.37,704.37,2026-06-08,0,paid_on_time
P006106,L00126,39,2026-06-11,1005.72,1005.72,2026-06-18,7,paid_late
P006107,L00127,39,2026-06-11,352.26,352.26,2026-06-10,0,paid_on_time
P006108,L00158,35,2026-06-11,244.75,244.75,2026-06-08,0,paid_on_time
P006109,L00185,30,2026-06-11,1831.67,1831.67,2026-06-09,0,paid_on_time
P006110,L00254,21,2026-06-11,5962.35,5962.35,2026-06-10,0,paid_on_time
P006111,L00255,21,2026-06-11,391.11,391.11,2026-06-08,0,paid_on_time
P006112,L00382,11,2026-06-11,806.73,806.73,2026-06-09,0,paid_on_time
P006113,L00420,9,2026-06-11,1635.03,1635.03,2026-06-11,0,paid_on_time
P006114,L00440,8,2026-06-11,385.78,385.78,2026-06-10,0,paid_on_time
P006115,L00498,6,2026-06-11,415.54,415.54,2026-06-09,0,paid_on_time
P006116,L00517,5,2026-06-11,283.17,283.17,2026-06-10,0,paid_on_time
P006117,L00547,3,2026-06-11,443.09,443.09,2026-06-11,0,paid_on_time
P006118,L00054,59,2026-06-12,1005.95,1005.95,2026-06-10,0,paid_on_time
P006119,L00062,55,2026-06-12,998.23,998.23,2026-06-09,0,paid_on_time
P006120,L00070,53,2026-06-12,436.33,0.0,,110,unpaid
P006121,L00108,42,2026-06-12,297.58,297.58,2026-06-10,0,paid_on_time
P006122,L00112,41,2026-06-12,389.58,389.58,2026-06-12,0,paid_on_time
P006123,L00186,30,2026-06-12,461.26,461.26,2026-06-12,0,paid_on_time
P006124,L00276,18,2026-06-12,443.67,443.67,2026-06-10,0,paid_on_time
P006125,L00301,16,2026-06-12,652.3,652.3,2026-06-10,0,paid_on_time
P006126,L00311,15,2026-06-12,4060.3,4060.3,2026-06-12,0,paid_on_time
P006127,L00369,12,2026-06-12,374.81,374.81,2026-06-10,0,paid_on_time
P006128,L00393,10,2026-06-12,4337.53,4337.53,2026-06-11,0,paid_on_time
P006129,L00471,7,2026-06-12,453.36,453.36,2026-06-09,0,paid_on_time
P006130,L00518,5,2026-06-12,3791.87,3791.87,2026-06-09,0,paid_on_time
P006131,L00548,3,2026-06-12,1296.1,1296.1,2026-06-12,0,paid_on_time
P006132,L00549,3,2026-06-12,993.49,993.49,2026-06-09,0,paid_on_time
P006133,L00571,2,2026-06-12,188.15,188.15,2026-06-11,0,paid_on_time
P006134,L00572,2,2026-06-12,162.23,162.23,2026-06-09,0,paid_on_time
P006135,L00015,124,2026-06-13,2722.75,2722.75,2026-06-13,0,paid_on_time
P006136,L00038,76,2026-06-13,1052.17,1052.17,2026-06-13,0,paid_on_time
P006137,L00128,39,2026-06-13,731.01,731.01,2026-06-11,0,paid_on_time
P006138,L00176,32,2026-06-13,1207.63,1207.63,2026-06-13,0,paid_on_time
P006139,L00187,30,2026-06-13,794.79,794.79,2026-06-13,0,paid_on_time
P006140,L00193,29,2026-06-13,889.34,889.34,2026-06-11,0,paid_on_time
P006141,L00233,24,2026-06-13,3312.12,3312.12,2026-06-12,0,paid_on_time
P006142,L00261,20,2026-06-13,135.87,135.87,2026-06-10,0,paid_on_time
P006143,L00283,17,2026-06-13,576.26,576.26,2026-06-10,0,paid_on_time
P006144,L00312,15,2026-06-13,570.92,570.92,2026-06-12,0,paid_on_time
P006145,L00383,11,2026-06-13,243.05,243.05,2026-06-10,0,paid_on_time
P006146,L00441,8,2026-06-13,586.41,586.41,2026-06-18,5,paid_late
P006147,L00442,8,2026-06-13,200.28,200.28,2026-06-11,0,paid_on_time
P006148,L00550,3,2026-06-13,487.13,487.13,2026-06-11,0,paid_on_time
P006149,L00573,2,2026-06-13,161.93,161.93,2026-06-13,0,paid_on_time
P006150,L00018,119,2026-06-14,5555.18,5555.18,2026-06-13,0,paid_on_time
P006151,L00063,55,2026-06-14,1407.73,1407.73,2026-06-11,0,paid_on_time
P006152,L00095,45,2026-06-14,493.83,493.83,2026-06-23,9,paid_late
P006153,L00150,36,2026-06-14,693.8,693.8,2026-06-13,0,paid_on_time
P006154,L00194,29,2026-06-14,708.28,708.28,2026-06-13,0,paid_on_time
P006155,L00195,29,2026-06-14,506.14,506.14,2026-06-11,0,paid_on_time
P006156,L00204,28,2026-06-14,941.27,941.27,2026-06-11,0,paid_on_time
P006157,L00271,19,2026-06-14,485.42,485.42,2026-06-13,0,paid_on_time
P006158,L00284,17,2026-06-14,307.56,307.56,2026-06-11,0,paid_on_time
P006159,L00327,14,2026-06-14,205.7,205.7,2026-06-13,0,paid_on_time
P006160,L00328,14,2026-06-14,614.18,614.18,2026-06-12,0,paid_on_time
P006161,L00370,12,2026-06-14,447.8,447.8,2026-06-12,0,paid_on_time
P006162,L00394,10,2026-06-14,393.33,393.33,2026-06-11,0,paid_on_time
P006163,L00472,7,2026-06-14,321.08,321.08,2026-06-11,0,paid_on_time
P006164,L00532,4,2026-06-14,1367.7,1367.7,2026-06-11,0,paid_on_time
P006165,L00533,4,2026-06-14,205.17,205.17,2026-06-11,0,paid_on_time
P006166,L00551,3,2026-06-14,391.74,391.74,2026-06-12,0,paid_on_time
P006167,L00587,1,2026-06-14,662.49,662.49,2026-06-13,0,paid_on_time
P006168,L00043,68,2026-06-15,1040.6,1040.6,2026-06-13,0,paid_on_time
P006169,L00104,43,2026-06-15,442.08,442.08,2026-06-14,0,paid_on_time
P006170,L00120,40,2026-06-15,262.87,262.87,2026-07-01,16,paid_late
P006171,L00205,28,2026-06-15,418.6,0.0,,61,unpaid
P006172,L00216,26,2026-06-15,962.26,962.26,2026-06-12,0,paid_on_time
P006173,L00277,18,2026-06-15,689.78,689.78,2026-06-12,0,paid_on_time
P006174,L00285,17,2026-06-15,4637.41,4637.41,2026-06-14,0,paid_on_time
P006175,L00330,14,2026-06-15,562.56,562.56,2026-06-12,0,paid_on_time
P006176,L00473,7,2026-06-15,807.6,807.6,2026-06-12,0,paid_on_time
P006177,L00499,6,2026-06-15,195.38,195.38,2026-06-13,0,paid_on_time
P006178,L00500,6,2026-06-15,693.64,693.64,2026-06-12,0,paid_on_time
P006179,L00519,5,2026-06-15,377.64,377.64,2026-06-14,0,paid_on_time
P006180,L00574,2,2026-06-15,408.17,408.17,2026-06-15,0,paid_on_time
P006181,L00588,1,2026-06-15,932.31,932.31,2026-06-13,0,paid_on_time
P006182,L00017,120,2026-06-16,1399.27,1399.27,2026-06-15,0,paid_on_time
P006183,L00033,88,2026-06-16,488.18,488.18,2026-06-14,0,paid_on_time
P006184,L00035,85,2026-06-16,2474.76,2474.76,2026-06-16,0,paid_on_time
P006185,L00121,40,2026-06-16,1741.4,1741.4,2026-06-13,0,paid_on_time
P006186,L00151,36,2026-06-16,230.11,230.11,2026-06-13,0,paid_on_time
P006187,L00210,27,2026-06-16,1078.93,1078.93,2026-06-14,0,paid_on_time
P006188,L00227,25,2026-06-16,545.86,545.86,2026-06-14,0,paid_on_time
P006189,L00234,24,2026-06-16,659.89,659.89,2026-06-16,0,paid_on_time
P006190,L00248,22,2026-06-16,2095.25,2095.25,2026-06-15,0,paid_on_time
P006191,L00286,17,2026-06-16,629.76,629.76,2026-06-15,0,paid_on_time
P006192,L00287,17,2026-06-16,361.67,361.67,2026-06-14,0,paid_on_time
P006193,L00314,15,2026-06-16,133.26,133.26,2026-06-13,0,paid_on_time
P006194,L00347,13,2026-06-16,622.05,622.05,2026-06-15,0,paid_on_time
P006195,L00395,10,2026-06-16,345.71,345.71,2026-06-16,0,paid_on_time
P006196,L00421,9,2026-06-16,244.98,244.98,2026-06-15,0,paid_on_time
P006197,L00444,8,2026-06-16,449.21,449.21,2026-06-26,10,paid_late
P006198,L00474,7,2026-06-16,1190.95,1190.95,2026-06-15,0,paid_on_time
P006199,L00520,5,2026-06-16,569.25,569.25,2026-06-13,0,paid_on_time
P006200,L00535,4,2026-06-16,765.3,765.3,2026-06-16,0,paid_on_time
P006201,L00552,3,2026-06-16,299.62,299.62,2026-06-15,0,paid_on_time
P006202,L00553,3,2026-06-16,519.08,519.08,2026-06-14,0,paid_on_time
P006203,L00006,151,2026-06-17,1297.93,1297.93,2026-06-15,0,paid_on_time
P006204,L00042,70,2026-06-17,702.79,702.79,2026-06-16,0,paid_on_time
P006205,L00044,68,2026-06-17,999.08,999.08,2026-06-15,0,paid_on_time
P006206,L00055,59,2026-06-17,495.46,495.46,2026-06-14,0,paid_on_time
P006207,L00096,45,2026-06-17,3809.24,3809.24,2026-06-17,0,paid_on_time
P006208,L00122,40,2026-06-17,396.75,396.75,2026-06-17,0,paid_on_time
P006209,L00129,39,2026-06-17,5383.46,5383.46,2026-06-14,0,paid_on_time
P006210,L00135,38,2026-06-17,1392.09,1392.09,2026-06-17,0,paid_on_time
P006211,L00228,25,2026-06-17,151.67,151.67,2026-07-03,16,paid_late
P006212,L00257,21,2026-06-17,328.84,328.84,2026-06-17,0,paid_on_time
P006213,L00289,17,2026-06-17,327.34,327.34,2026-06-14,0,paid_on_time
P006214,L00315,15,2026-06-17,1369.79,1369.79,2026-06-17,0,paid_on_time
P006215,L00331,14,2026-06-17,186.73,186.73,2026-06-15,0,paid_on_time
P006216,L00385,11,2026-06-17,329.97,329.97,2026-06-16,0,paid_on_time
P006217,L00396,10,2026-06-17,534.54,534.54,2026-06-14,0,paid_on_time
P006218,L00397,10,2026-06-17,419.44,0.0,,30,unpaid
P006219,L00445,8,2026-06-17,1607.75,1607.75,2026-06-16,0,paid_on_time
P006220,L00446,8,2026-06-17,1134.61,1134.61,2026-06-14,0,paid_on_time
P006221,L00501,6,2026-06-17,830.64,830.64,2026-06-16,0,paid_on_time
P006222,L00554,3,2026-06-17,165.94,165.94,2026-06-17,0,paid_on_time
P006223,L00555,3,2026-06-17,83.6,83.6,2026-06-17,0,paid_on_time
P006224,L00556,3,2026-06-17,437.21,437.21,2026-06-14,0,paid_on_time
P006225,L00557,3,2026-06-17,473.52,473.52,2026-07-11,24,paid_late
P006226,L00589,1,2026-06-17,223.83,223.83,2026-06-17,0,paid_on_time
P006227,L00590,1,2026-06-17,666.31,666.31,2026-06-15,0,paid_on_time
P006228,L00016,122,2026-06-18,2087.02,2087.02,2026-06-18,0,paid_on_time
P006229,L00026,101,2026-06-18,1366.27,1366.27,2026-06-15,0,paid_on_time
P006230,L00089,47,2026-06-18,1358.89,1358.89,2026-07-11,23,paid_late
P006231,L00206,28,2026-06-18,1805.79,1805.79,2026-06-15,0,paid_on_time
P006232,L00217,26,2026-06-18,230.93,230.93,2026-06-17,0,paid_on_time
P006233,L00262,20,2026-06-18,244.62,244.62,2026-06-18,0,paid_on_time
P006234,L00290,17,2026-06-18,729.21,729.21,2026-06-16,0,paid_on_time
P006235,L00302,16,2026-06-18,528.31,528.31,2026-06-18,0,paid_on_time
P006236,L00332,14,2026-06-18,1160.99,1160.99,2026-06-17,0,paid_on_time
P006237,L00349,13,2026-06-18,732.05,732.05,2026-06-17,0,paid_on_time
P006238,L00371,12,2026-06-18,668.17,668.17,2026-06-15,0,paid_on_time
P006239,L00398,10,2026-06-18,914.52,914.52,2026-06-15,0,paid_on_time
P006240,L00422,9,2026-06-18,620.56,620.56,2026-06-17,0,paid_on_time
P006241,L00575,2,2026-06-18,1440.74,1440.74,2026-06-15,0,paid_on_time
P006242,L00591,1,2026-06-18,498.11,498.11,2026-06-15,0,paid_on_time
P006243,L00001,160,2026-06-19,872.89,872.89,2026-06-17,0,paid_on_time
P006244,L00013,130,2026-06-19,947.9,947.9,2026-06-18,0,paid_on_time
P006245,L00014,128,2026-06-19,3544.09,3544.09,2026-06-16,0,paid_on_time
P006246,L00020,114,2026-06-19,599.02,599.02,2026-06-16,0,paid_on_time
P006247,L00028,98,2026-06-19,859.63,859.63,2026-06-19,0,paid_on_time
P006248,L00083,49,2026-06-19,170.36,170.36,2026-08-04,46,paid_late
P006249,L00090,47,2026-06-19,940.56,940.56,2026-06-19,0,paid_on_time
P006250,L00091,47,2026-06-19,333.65,333.65,2026-06-17,0,paid_on_time
P006251,L00130,39,2026-06-19,891.36,891.36,2026-06-17,0,paid_on_time
P006252,L00152,36,2026-06-19,189.02,189.02,2026-06-18,0,paid_on_time
P006253,L00350,13,2026-06-19,913.36,913.36,2026-06-17,0,paid_on_time
P006254,L00399,10,2026-06-19,319.53,319.53,2026-06-18,0,paid_on_time
P006255,L00521,5,2026-06-19,717.46,717.46,2026-06-16,0,paid_on_time
P006256,L00032,90,2026-06-20,1649.77,1649.77,2026-06-17,0,paid_on_time
P006257,L00131,39,2026-06-20,1276.47,1276.47,2026-06-19,0,paid_on_time
P006258,L00154,36,2026-06-20,313.1,0.0,,102,unpaid
P006259,L00170,33,2026-06-20,1120.0,1120.0,2026-06-20,0,paid_on_time
P006260,L00291,17,2026-06-20,1254.39,1254.39,2026-07-05,15,paid_late
P006261,L00317,15,2026-06-20,690.9,690.9,2026-06-20,0,paid_on_time
P006262,L00333,14,2026-06-20,328.96,328.96,2026-06-18,0,paid_on_time
P006263,L00351,13,2026-06-20,281.71,281.71,2026-06-20,0,paid_on_time
P006264,L00386,11,2026-06-20,636.78,636.78,2026-07-09,19,paid_late
P006265,L00400,10,2026-06-20,1657.16,1657.16,2026-06-17,0,paid_on_time
P006266,L00423,9,2026-06-20,1390.3,1390.3,2026-06-17,0,paid_on_time
P006267,L00424,9,2026-06-20,372.69,372.69,2026-06-18,0,paid_on_time
P006268,L00522,5,2026-06-20,200.09,200.09,2026-06-17,0,paid_on_time
P006269,L00537,4,2026-06-20,355.98,355.98,2026-06-17,0,paid_on_time
P006270,L00084,49,2026-06-21,352.49,352.49,2026-06-19,0,paid_on_time
P006271,L00097,45,2026-06-21,1660.09,1660.09,2026-06-18,0,paid_on_time
P006272,L00159,35,2026-06-21,813.68,813.68,2026-06-19,0,paid_on_time
P006273,L00160,35,2026-06-21,3164.49,3164.49,2026-06-20,0,paid_on_time
P006274,L00188,30,2026-06-21,1216.68,1216.68,2026-06-18,0,paid_on_time
P006275,L00218,26,2026-06-21,3945.26,3945.26,2026-06-19,0,paid_on_time
P006276,L00242,23,2026-06-21,450.32,450.32,2026-06-18,0,paid_on_time
P006277,L00263,20,2026-06-21,846.87,846.87,2026-06-19,0,paid_on_time
P006278,L00303,16,2026-06-21,3623.36,3623.36,2026-06-21,0,paid_on_time
P006279,L00352,13,2026-06-21,1279.4,1279.4,2026-06-19,0,paid_on_time
P006280,L00387,11,2026-06-21,476.49,476.49,2026-06-18,0,paid_on_time
P006281,L00425,9,2026-06-21,485.11,485.11,2026-07-28,37,paid_late
P006282,L00426,9,2026-06-21,768.32,768.32,2026-06-20,0,paid_on_time
P006283,L00558,3,2026-06-21,724.24,724.24,2026-06-19,0,paid_on_time
P006284,L00576,2,2026-06-21,560.78,560.78,2026-06-18,0,paid_on_time
P006285,L00592,1,2026-06-21,932.32,932.32,2026-06-20,0,paid_on_time
P006286,L00008,148,2026-06-22,1043.51,1043.51,2026-06-21,0,paid_on_time
P006287,L00049,63,2026-06-22,3041.98,3041.98,2026-06-22,0,paid_on_time
P006288,L00098,45,2026-06-22,1385.41,1385.41,2026-06-22,0,paid_on_time
P006289,L00113,41,2026-06-22,677.07,677.07,2026-06-21,0,paid_on_time
P006290,L00132,39,2026-06-22,238.38,238.38,2026-06-19,0,paid_on_time
P006291,L00189,30,2026-06-22,142.38,142.38,2026-06-19,0,paid_on_time
P006292,L00229,25,2026-06-22,696.96,696.96,2026-06-20,0,paid_on_time
P006293,L00264,20,2026-06-22,299.57,299.57,2026-06-19,0,paid_on_time
P006294,L00279,18,2026-06-22,506.59,506.59,2026-06-21,0,paid_on_time
P006295,L00304,16,2026-06-22,191.99,191.99,2026-06-22,0,paid_on_time
P006296,L00353,13,2026-06-22,401.58,401.58,2026-07-05,13,paid_late
P006297,L00402,10,2026-06-22,847.17,847.17,2026-06-20,0,paid_on_time
P006298,L00403,10,2026-06-22,249.32,0.0,,100,unpaid
P006299,L00475,7,2026-06-22,793.79,793.79,2026-06-20,0,paid_on_time
P006300,L00502,6,2026-06-22,498.78,498.78,2026-06-21,0,paid_on_time
P006301,L00559,3,2026-06-22,330.03,330.03,2026-06-21,0,paid_on_time
P006302,L00012,138,2026-06-23,2313.25,2313.25,2026-06-21,0,paid_on_time
P006303,L00036,79,2026-06-23,5425.67,0.0,,99,unpaid
P006304,L00041,71,2026-06-23,1241.28,1241.28,2026-06-20,0,paid_on_time
P006305,L00071,53,2026-06-23,561.59,561.59,2026-06-21,0,paid_on_time
P006306,L00080,50,2026-06-23,3899.39,3899.39,2026-06-20,0,paid_on_time
P006307,L00123,40,2026-06-23,509.28,509.28,2026-06-22,0,paid_on_time
P006308,L00161,35,2026-06-23,2812.43,2812.43,2026-06-20,0,paid_on_time
P006309,L00196,29,2026-06-23,152.51,152.51,2026-06-20,0,paid_on_time
P006310,L00211,27,2026-06-23,175.17,175.17,2026-06-23,0,paid_on_time
P006311,L00219,26,2026-06-23,2801.45,2801.45,2026-06-23,0,paid_on_time
P006312,L00249,22,2026-06-23,648.22,0.0,,30,unpaid
P006313,L00265,20,2026-06-23,883.61,883.61,2026-06-23,0,paid_on_time
P006314,L00292,17,2026-06-23,791.09,791.09,2026-06-23,0,paid_on_time
P006315,L00334,14,2026-06-23,325.36,325.36,2026-06-22,0,paid_on_time
P006316,L00354,13,2026-06-23,807.03,807.03,2026-06-23,0,paid_on_time
P006317,L00355,13,2026-06-23,915.73,915.73,2026-06-23,0,paid_on_time
P006318,L00372,12,2026-06-23,187.18,187.18,2026-06-22,0,paid_on_time
P006319,L00388,11,2026-06-23,392.01,392.01,2026-06-20,0,paid_on_time
P006320,L00428,9,2026-06-23,117.11,117.11,2026-06-22,0,paid_on_time
P006321,L00476,7,2026-06-23,412.78,412.78,2026-06-20,0,paid_on_time
P006322,L00503,6,2026-06-23,170.92,170.92,2026-06-23,0,paid_on_time
P006323,L00504,6,2026-06-23,700.56,700.56,2026-08-17,55,paid_late
P006324,L00505,6,2026-06-23,698.79,698.79,2026-06-20,0,paid_on_time
P006325,L00560,3,2026-06-23,121.6,121.6,2026-06-21,0,paid_on_time
P006326,L00593,1,2026-06-23,774.31,774.31,2026-07-17,24,paid_late
P006327,L00072,53,2026-06-24,1714.68,1714.68,2026-06-22,0,paid_on_time
P006328,L00143,37,2026-06-24,369.61,369.61,2026-06-21,0,paid_on_time
P006329,L00171,33,2026-06-24,378.47,378.47,2026-06-23,0,paid_on_time
P006330,L00172,33,2026-06-24,246.44,246.44,2026-06-22,0,paid_on_time
P006331,L00197,29,2026-06-24,4082.86,4082.86,2026-06-22,0,paid_on_time
P006332,L00243,23,2026-06-24,4829.64,4829.64,2026-06-23,0,paid_on_time
P006333,L00293,17,2026-06-24,715.78,715.78,2026-06-22,0,paid_on_time
P006334,L00318,15,2026-06-24,785.27,785.27,2026-09-17,85,paid_late
P006335,L00356,13,2026-06-24,151.33,151.33,2026-06-23,0,paid_on_time
P006336,L00373,12,2026-06-24,507.47,507.47,2026-06-23,0,paid_on_time
P006337,L00523,5,2026-06-24,227.41,227.41,2026-06-24,0,paid_on_time
P006338,L00039,74,2026-06-25,2154.36,2154.36,2026-06-24,0,paid_on_time
P006339,L00094,46,2026-06-25,798.81,798.81,2026-06-22,0,paid_on_time
P006340,L00144,37,2026-06-25,1999.88,1999.88,2026-06-25,0,paid_on_time
P006341,L00190,30,2026-06-25,668.94,668.94,2026-09-02,69,paid_late
P006342,L00236,24,2026-06-25,379.28,379.28,2026-07-04,9,paid_late
P006343,L00237,24,2026-06-25,1577.72,1577.72,2026-06-25,0,paid_on_time
P006344,L00244,23,2026-06-25,797.65,797.65,2026-06-23,0,paid_on_time
P006345,L00335,14,2026-06-25,292.08,292.08,2026-07-17,22,paid_late
P006346,L00404,10,2026-06-25,800.98,800.98,2026-06-22,0,paid_on_time
P006347,L00405,10,2026-06-25,325.9,325.9,2026-06-23,0,paid_on_time
P006348,L00406,10,2026-06-25,516.67,516.67,2026-06-24,0,paid_on_time
P006349,L00506,6,2026-06-25,194.53,194.53,2026-06-24,0,paid_on_time
P006350,L00524,5,2026-06-25,1067.88,1067.88,2026-06-23,0,paid_on_time
P006351,L00577,2,2026-06-25,120.06,120.06,2026-06-22,0,paid_on_time
P006352,L00030,95,2026-06-26,1332.55,1332.55,2026-06-23,0,paid_on_time
P006353,L00037,79,2026-06-26,684.3,684.3,2026-06-24,0,paid_on_time
P006354,L00073,53,2026-06-26,313.76,313.76,2026-06-23,0,paid_on_time
P006355,L00087,48,2026-06-26,485.7,485.7,2026-06-26,0,paid_on_time
P006356,L00145,37,2026-06-26,783.93,783.93,2026-06-25,0,paid_on_time
P006357,L00178,32,2026-06-26,1322.66,1322.66,2026-08-14,49,paid_late
P006358,L00198,29,2026-06-26,353.93,353.93,2026-06-23,0,paid_on_time
P006359,L00266,20,2026-06-26,196.46,0.0,,30,unpaid
P006360,L00306,16,2026-06-26,386.96,386.96,2026-06-23,0,paid_on_time
P006361,L00374,12,2026-06-26,759.66,759.66,2026-06-25,0,paid_on_time
P006362,L00389,11,2026-06-26,547.48,547.48,2026-06-26,0,paid_on_time
P006363,L00429,9,2026-06-26,1035.18,1035.18,2026-07-19,23,paid_late
P006364,L00525,5,2026-06-26,332.84,332.84,2026-06-26,0,paid_on_time
P006365,L00538,4,2026-06-26,158.81,158.81,2026-06-23,0,paid_on_time
P006366,L00539,4,2026-06-26,946.7,946.7,2026-06-24,0,paid_on_time
P006367,L00561,3,2026-06-26,857.94,857.94,2026-06-24,0,paid_on_time
P006368,L00562,3,2026-06-26,336.67,336.67,2026-06-23,0,paid_on_time
P006369,L00578,2,2026-06-26,682.47,682.47,2026-06-25,0,paid_on_time
P006370,L00007,149,2026-06-27,1181.6,1181.6,2026-06-27,0,paid_on_time
P006371,L00009,147,2026-06-27,1014.74,1014.74,2026-06-26,0,paid_on_time
P006372,L00074,53,2026-06-27,1814.09,1814.09,2026-06-25,0,paid_on_time
P006373,L00357,13,2026-06-27,705.03,705.03,2026-06-25,0,paid_on_time
P006374,L00451,8,2026-06-27,519.15,519.15,2026-06-26,0,paid_on_time
P006375,L00452,8,2026-06-27,211.98,211.98,2026-06-24,0,paid_on_time
P006376,L00477,7,2026-06-27,457.61,457.61,2026-06-27,0,paid_on_time
P006377,L00594,1,2026-06-27,419.61,419.61,2026-06-27,0,paid_on_time
P006378,L00022,107,2026-06-28,1038.84,1038.84,2026-06-25,0,paid_on_time
P006379,L00057,58,2026-06-28,603.0,603.0,2026-06-28,0,paid_on_time
P006380,L00065,54,2026-06-28,1911.1,1911.1,2026-06-27,0,paid_on_time
P006381,L00079,51,2026-06-28,553.36,553.36,2026-06-27,0,paid_on_time
P006382,L00081,50,2026-06-28,487.74,487.74,2026-06-27,0,paid_on_time
P006383,L00086,49,2026-06-28,542.24,542.24,2026-07-21,23,paid_late
P006384,L00114,41,2026-06-28,1545.46,1545.46,2026-06-27,0,paid_on_time
P006385,L00115,41,2026-06-28,581.64,581.64,2026-06-28,0,paid_on_time
P006386,L00116,41,2026-06-28,4765.2,4765.2,2026-06-25,0,paid_on_time
P006387,L00117,41,2026-06-28,1642.14,1642.14,2026-06-27,0,paid_on_time
P006388,L00138,38,2026-06-28,475.85,475.85,2026-07-21,23,paid_late
P006389,L00156,36,2026-06-28,856.46,856.46,2026-06-26,0,paid_on_time
P006390,L00173,33,2026-06-28,746.3,746.3,2026-06-28,0,paid_on_time
P006391,L00191,30,2026-06-28,936.13,936.13,2026-06-27,0,paid_on_time
P006392,L00199,29,2026-06-28,613.67,613.67,2026-06-28,0,paid_on_time
P006393,L00200,29,2026-06-28,253.76,253.76,2026-06-27,0,paid_on_time
P006394,L00213,27,2026-06-28,767.71,767.71,2026-06-28,0,paid_on_time
P006395,L00220,26,2026-06-28,596.29,0.0,,94,unpaid
P006396,L00238,24,2026-06-28,893.78,893.78,2026-08-02,35,paid_late
P006397,L00245,23,2026-06-28,2175.35,2175.35,2026-06-27,0,paid_on_time
P006398,L00246,23,2026-06-28,1166.75,1166.75,2026-06-27,0,paid_on_time
P006399,L00250,22,2026-06-28,169.37,169.37,2026-06-25,0,paid_on_time
P006400,L00272,19,2026-06-28,197.04,197.04,2026-06-26,0,paid_on_time
P006401,L00280,18,2026-06-28,2010.72,2010.72,2026-06-27,0,paid_on_time
P006402,L00281,18,2026-06-28,2776.0,2776.0,2026-06-26,0,paid_on_time
P006403,L00294,17,2026-06-28,2580.19,2580.19,2026-06-26,0,paid_on_time
P006404,L00295,17,2026-06-28,2738.06,2738.06,2026-06-27,0,paid_on_time
P006405,L00319,15,2026-06-28,1044.26,1044.26,2026-06-26,0,paid_on_time
P006406,L00336,14,2026-06-28,761.18,0.0,,94,unpaid
P006407,L00359,13,2026-06-28,399.48,399.48,2026-06-27,0,paid_on_time
P006408,L00360,13,2026-06-28,365.61,365.61,2026-06-25,0,paid_on_time
P006409,L00390,11,2026-06-28,393.57,0.0,,30,unpaid
P006410,L00407,10,2026-06-28,470.34,470.34,2026-06-28,0,paid_on_time
P006411,L00408,10,2026-06-28,954.6,954.6,2026-06-28,0,paid_on_time
P006412,L00409,10,2026-06-28,3818.88,3818.88,2026-06-27,0,paid_on_time
P006413,L00410,10,2026-06-28,336.89,336.89,2026-06-28,0,paid_on_time
P006414,L00430,9,2026-06-28,437.06,437.06,2026-06-25,0,paid_on_time
P006415,L00431,9,2026-06-28,262.85,262.85,2026-06-26,0,paid_on_time
P006416,L00432,9,2026-06-28,311.98,311.98,2026-06-27,0,paid_on_time
P006417,L00433,9,2026-06-28,152.15,152.15,2026-06-28,0,paid_on_time
P006418,L00453,8,2026-06-28,255.21,255.21,2026-06-25,0,paid_on_time
P006419,L00454,8,2026-06-28,460.82,460.82,2026-06-28,0,paid_on_time
P006420,L00455,8,2026-06-28,664.95,664.95,2026-06-25,0,paid_on_time
P006421,L00456,8,2026-06-28,936.55,936.55,2026-06-28,0,paid_on_time
P006422,L00457,8,2026-06-28,449.08,449.08,2026-08-07,40,paid_late
P006423,L00458,8,2026-06-28,277.89,277.89,2026-08-14,47,paid_late
P006424,L00478,7,2026-06-28,929.98,929.98,2026-06-28,0,paid_on_time
P006425,L00479,7,2026-06-28,403.75,0.0,,61,unpaid
P006426,L00480,7,2026-06-28,449.17,449.17,2026-06-28,0,paid_on_time
P006427,L00481,7,2026-06-28,876.87,876.87,2026-09-11,75,paid_late
P006428,L00482,7,2026-06-28,234.31,234.31,2026-06-26,0,paid_on_time
P006429,L00483,7,2026-06-28,411.18,411.18,2026-06-27,0,paid_on_time
P006430,L00507,6,2026-06-28,109.56,0.0,,30,unpaid
P006431,L00508,6,2026-06-28,409.58,409.58,2026-07-07,9,paid_late
P006432,L00509,6,2026-06-28,761.6,761.6,2026-06-28,0,paid_on_time
P006433,L00510,6,2026-06-28,1215.38,1215.38,2026-06-27,0,paid_on_time
P006434,L00511,6,2026-06-28,743.63,743.63,2026-06-27,0,paid_on_time
P006435,L00526,5,2026-06-28,897.15,897.15,2026-06-27,0,paid_on_time
P006436,L00563,3,2026-06-28,671.93,671.93,2026-06-25,0,paid_on_time
P006437,L00564,3,2026-06-28,778.03,778.03,2026-06-26,0,paid_on_time
P006438,L00565,3,2026-06-28,604.07,604.07,2026-06-25,0,paid_on_time
P006439,L00579,2,2026-06-28,743.45,743.45,2026-06-27,0,paid_on_time
P006440,L00595,1,2026-06-28,207.02,207.02,2026-06-26,0,paid_on_time
P006441,L00066,54,2026-07-01,856.43,856.43,2026-07-01,0,paid_on_time
P006442,L00067,54,2026-07-01,5150.69,5150.69,2026-06-30,0,paid_on_time
P006443,L00099,44,2026-07-01,1471.68,1471.68,2026-06-28,0,paid_on_time
P006444,L00100,44,2026-07-01,1187.24,1187.24,2026-06-28,0,paid_on_time
P006445,L00109,42,2026-07-01,2101.11,2101.11,2026-07-24,23,paid_late
P006446,L00157,36,2026-07-01,328.41,328.41,2026-06-29,0,paid_on_time
P006447,L00268,20,2026-07-01,3738.67,3738.67,2026-06-29,0,paid_on_time
P006448,L00361,13,2026-07-01,421.04,421.04,2026-08-07,37,paid_late
P006449,L00376,12,2026-07-01,371.84,371.84,2026-06-30,0,paid_on_time
P006450,L00411,10,2026-07-01,725.51,725.51,2026-07-01,0,paid_on_time
P006451,L00412,10,2026-07-01,494.69,494.69,2026-06-28,0,paid_on_time
P006452,L00459,8,2026-07-01,917.2,917.2,2026-07-01,0,paid_on_time
P006453,L00512,6,2026-07-01,1002.51,1002.51,2026-06-28,0,paid_on_time
P006454,L00011,143,2026-07-02,3685.16,3685.16,2026-07-02,0,paid_on_time
P006455,L00025,102,2026-07-02,873.16,873.16,2026-07-02,0,paid_on_time
P006456,L00048,64,2026-07-02,3101.68,3101.68,2026-06-30,0,paid_on_time
P006457,L00124,40,2026-07-02,1451.35,0.0,,90,unpaid
P006458,L00133,39,2026-07-02,4939.5,4939.5,2026-06-29,0,paid_on_time
P006459,L00174,33,2026-07-02,588.33,588.33,2026-07-02,0,paid_on_time
P006460,L00221,26,2026-07-02,90.7,90.7,2026-07-26,24,paid_late
P006461,L00251,22,2026-07-02,360.6,360.6,2026-06-29,0,paid_on_time
P006462,L00258,21,2026-07-02,2005.5,2005.5,2026-08-25,54,paid_late
P006463,L00273,19,2026-07-02,696.31,696.31,2026-07-07,5,paid_late
P006464,L00307,16,2026-07-02,641.01,0.0,,90,unpaid
P006465,L00321,15,2026-07-02,155.78,155.78,2026-06-29,0,paid_on_time
P006466,L00322,15,2026-07-02,482.32,482.32,2026-06-29,0,paid_on_time
P006467,L00338,14,2026-07-02,544.77,544.77,2026-07-01,0,paid_on_time
P006468,L00413,10,2026-07-02,590.44,590.44,2026-06-29,0,paid_on_time
P006469,L00460,8,2026-07-02,489.77,489.77,2026-06-30,0,paid_on_time
P006470,L00461,8,2026-07-02,265.63,265.63,2026-07-01,0,paid_on_time
P006471,L00462,8,2026-07-02,542.44,542.44,2026-07-02,0,paid_on_time
P006472,L00484,7,2026-07-02,406.44,406.44,2026-07-02,0,paid_on_time
P006473,L00485,7,2026-07-02,258.48,258.48,2026-07-17,15,paid_late
P006474,L00486,7,2026-07-02,825.82,825.82,2026-07-03,1,paid_late
P006475,L00513,6,2026-07-02,422.82,422.82,2026-07-01,0,paid_on_time
P006476,L00514,6,2026-07-02,411.24,411.24,2026-06-30,0,paid_on_time
P006477,L00540,4,2026-07-02,1225.17,1225.17,2026-06-30,0,paid_on_time
P006478,L00596,1,2026-07-02,277.26,277.26,2026-06-30,0,paid_on_time
P006479,L00021,112,2026-07-03,1229.88,1229.88,2026-06-30,0,paid_on_time
P006480,L00075,53,2026-07-03,921.85,921.85,2026-06-30,0,paid_on_time
P006481,L00101,44,2026-07-03,420.86,420.86,2026-07-02,0,paid_on_time
P006482,L00105,43,2026-07-03,3823.79,3823.79,2026-06-30,0,paid_on_time
P006483,L00125,40,2026-07-03,965.75,965.75,2026-07-01,0,paid_on_time
P006484,L00141,38,2026-07-03,913.41,913.41,2026-06-30,0,paid_on_time
P006485,L00180,32,2026-07-03,1447.87,1447.87,2026-06-30,0,paid_on_time
P006486,L00230,25,2026-07-03,268.46,268.46,2026-07-02,0,paid_on_time
P006487,L00296,17,2026-07-03,1097.72,1097.72,2026-07-03,0,paid_on_time
P006488,L00308,16,2026-07-03,98.58,98.58,2026-07-03,0,paid_on_time
P006489,L00339,14,2026-07-03,589.31,589.31,2026-06-30,0,paid_on_time
P006490,L00363,13,2026-07-03,139.31,139.31,2026-07-03,0,paid_on_time
P006491,L00364,13,2026-07-03,584.93,584.93,2026-07-02,0,paid_on_time
P006492,L00414,10,2026-07-03,410.2,410.2,2026-06-30,0,paid_on_time
P006493,L00434,9,2026-07-03,791.38,791.38,2026-07-02,0,paid_on_time
P006494,L00435,9,2026-07-03,2350.83,2350.83,2026-06-30,0,paid_on_time
P006495,L00463,8,2026-07-03,1094.9,1094.9,2026-06-30,0,paid_on_time
P006496,L00464,8,2026-07-03,418.46,418.46,2026-07-01,0,paid_on_time
P006497,L00487,7,2026-07-03,1012.24,0.0,,89,unpaid
P006498,L00527,5,2026-07-03,360.72,360.72,2026-07-01,0,paid_on_time
P006499,L00566,3,2026-07-03,119.25,119.25,2026-07-02,0,paid_on_time
P006500,L00580,2,2026-07-03,674.2,0.0,,89,unpaid
P006501,L00597,1,2026-07-03,491.5,491.5,2026-07-03,0,paid_on_time
P006502,L00058,57,2026-07-04,828.64,828.64,2026-07-01,0,paid_on_time
P006503,L00239,24,2026-07-04,1684.67,1684.67,2026-07-02,0,paid_on_time
P006504,L00365,13,2026-07-04,921.91,921.91,2026-07-02,0,paid_on_time
P006505,L00415,10,2026-07-04,207.66,207.66,2026-07-04,0,paid_on_time
P006506,L00416,10,2026-07-04,1103.13,1103.13,2026-07-01,0,paid_on_time
P006507,L00417,10,2026-07-04,381.76,381.76,2026-08-18,45,paid_late
P006508,L00465,8,2026-07-04,553.52,553.52,2026-07-18,14,paid_late
P006509,L00581,2,2026-07-04,812.21,812.21,2026-07-04,0,paid_on_time
P006510,L00051,62,2026-07-05,1900.45,1900.45,2026-07-03,0,paid_on_time
P006511,L00068,54,2026-07-05,527.5,0.0,,62,unpaid
P006512,L00069,54,2026-07-05,1481.4,1481.4,2026-07-02,0,paid_on_time
P006513,L00092,47,2026-07-05,1072.0,1072.0,2026-07-03,0,paid_on_time
P006514,L00110,42,2026-07-05,672.22,672.22,2026-07-03,0,paid_on_time
P006515,L00201,29,2026-07-05,286.02,286.02,2026-07-04,0,paid_on_time
P006516,L00222,26,2026-07-05,671.48,671.48,2026-07-04,0,paid_on_time
P006517,L00247,23,2026-07-05,69.37,69.37,2026-07-02,0,paid_on_time
P006518,L00252,22,2026-07-05,2944.96,2944.96,2026-07-02,0,paid_on_time
P006519,L00253,22,2026-07-05,250.97,250.97,2026-07-05,0,paid_on_time
P006520,L00260,21,2026-07-05,494.43,494.43,2026-07-03,0,paid_on_time
P006521,L00297,17,2026-07-05,660.93,660.93,2026-07-03,0,paid_on_time
P006522,L00340,14,2026-07-05,387.29,387.29,2026-07-03,0,paid_on_time
P006523,L00488,7,2026-07-05,651.11,651.11,2026-07-05,0,paid_on_time
P006524,L00489,7,2026-07-05,259.35,259.35,2026-07-13,8,paid_late
P006525,L00515,6,2026-07-05,531.66,531.66,2026-07-02,0,paid_on_time
P006526,L00541,4,2026-07-05,570.7,570.7,2026-07-05,0,paid_on_time
P006527,L00582,2,2026-07-05,309.63,309.63,2026-07-05,0,paid_on_time
P006528,L00598,1,2026-07-05,292.16,292.16,2026-07-04,0,paid_on_time
P006529,L00004,154,2026-07-06,4466.2,4466.2,2026-07-03,0,paid_on_time
P006530,L00019,119,2026-07-06,2187.33,2187.33,2026-07-06,0,paid_on_time
P006531,L00053,60,2026-07-06,1030.03,1030.03,2026-07-05,0,paid_on_time
P006532,L00059,57,2026-07-06,626.49,626.49,2026-07-04,0,paid_on_time
P006533,L00093,47,2026-07-06,730.14,730.14,2026-07-03,0,paid_on_time
P006534,L00106,43,2026-07-06,2856.91,2856.91,2026-07-03,0,paid_on_time
P006535,L00147,37,2026-07-06,348.05,348.05,2026-07-03,0,paid_on_time
P006536,L00192,30,2026-07-06,894.21,894.21,2026-07-05,0,paid_on_time
P006537,L00202,29,2026-07-06,4839.58,4839.58,2026-07-06,0,paid_on_time
P006538,L00215,27,2026-07-06,756.59,756.59,2026-07-03,0,paid_on_time
P006539,L00223,26,2026-07-06,274.54,274.54,2026-07-29,23,paid_late
P006540,L00231,25,2026-07-06,728.02,728.02,2026-07-06,0,paid_on_time
P006541,L00298,17,2026-07-06,1387.32,1387.32,2026-07-05,0,paid_on_time
P006542,L00419,10,2026-07-06,713.24,713.24,2026-07-05,0,paid_on_time
P006543,L00436,9,2026-07-06,907.12,907.12,2026-07-03,0,paid_on_time
P006544,L00466,8,2026-07-06,555.32,555.32,2026-07-05,0,paid_on_time
P006545,L00490,7,2026-07-06,649.13,649.13,2026-07-05,0,paid_on_time
P006546,L00528,5,2026-07-06,907.04,907.04,2026-07-03,0,paid_on_time
P006547,L00542,4,2026-07-06,376.17,376.17,2026-07-31,25,paid_late
P006548,L00543,4,2026-07-06,587.2,587.2,2026-07-05,0,paid_on_time
P006549,L00544,4,2026-07-06,625.87,625.87,2026-07-03,0,paid_on_time
P006550,L00567,3,2026-07-06,344.79,344.79,2026-07-05,0,paid_on_time
P006551,L00568,3,2026-07-06,965.94,965.94,2026-07-05,0,paid_on_time
P006552,L00583,2,2026-07-06,344.01,0.0,,86,unpaid
P006553,L00584,2,2026-07-06,567.48,567.48,2026-07-14,8,paid_late
P006554,L00599,1,2026-07-06,3431.18,3431.18,2026-07-04,0,paid_on_time
P006555,L00600,1,2026-07-06,258.34,258.34,2026-07-03,0,paid_on_time
P006556,L00027,100,2026-07-07,1544.11,1544.11,2026-07-04,0,paid_on_time
P006557,L00034,87,2026-07-07,1413.29,1413.29,2026-07-07,0,paid_on_time
P006558,L00045,68,2026-07-07,590.41,590.41,2026-07-07,0,paid_on_time
P006559,L00061,56,2026-07-07,1314.35,1314.35,2026-07-05,0,paid_on_time
P006560,L00102,44,2026-07-07,610.13,610.13,2026-07-29,22,paid_late
P006561,L00107,43,2026-07-07,4136.88,4136.88,2026-07-04,0,paid_on_time
P006562,L00142,38,2026-07-07,122.37,122.37,2026-07-05,0,paid_on_time
P006563,L00148,37,2026-07-07,1896.41,1896.41,2026-07-05,0,paid_on_time
P006564,L00208,28,2026-07-07,1156.32,1156.32,2026-07-07,0,paid_on_time
P006565,L00224,26,2026-07-07,223.06,223.06,2026-07-18,11,paid_late
P006566,L00275,19,2026-07-07,495.73,495.73,2026-07-06,0,paid_on_time
P006567,L00282,18,2026-07-07,255.88,255.88,2026-07-05,0,paid_on_time
P006568,L00342,14,2026-07-07,696.53,696.53,2026-07-06,0,paid_on_time
P006569,L00516,6,2026-07-07,1467.92,1467.92,2026-07-07,0,paid_on_time
P006570,L00545,4,2026-07-07,415.4,415.4,2026-07-05,0,paid_on_time
P006571,L00546,4,2026-07-07,987.83,987.83,2026-07-04,0,paid_on_time
P006572,L00601,1,2026-07-07,837.67,837.67,2026-07-06,0,paid_on_time
P006573,L00024,103,2026-07-08,1195.78,1195.78,2026-07-06,0,paid_on_time
P006574,L00046,68,2026-07-08,2692.31,2692.31,2026-07-08,0,paid_on_time
P006575,L00050,63,2026-07-08,5006.45,5006.45,2026-07-07,0,paid_on_time
P006576,L00309,16,2026-07-08,455.35,455.35,2026-07-08,0,paid_on_time
P006577,L00310,16,2026-07-08,684.21,684.21,2026-07-05,0,paid_on_time
P006578,L00323,15,2026-07-08,133.22,133.22,2026-07-07,0,paid_on_time
P006579,L00324,15,2026-07-08,464.16,464.16,2026-07-07,0,paid_on_time
P006580,L00343,14,2026-07-08,730.44,730.44,2026-07-08,0,paid_on_time
P006581,L00467,8,2026-07-08,282.81,282.81,2026-07-07,0,paid_on_time
P006582,L00468,8,2026-07-08,383.54,383.54,2026-07-06,0,paid_on_time
P006583,L00492,7,2026-07-08,1327.87,1327.87,2026-07-06,0,paid_on_time
P006584,L00493,7,2026-07-08,534.87,534.87,2026-07-08,0,paid_on_time
P006585,L00529,5,2026-07-08,1526.58,1526.58,2026-07-05,0,paid_on_time
P006586,L00585,2,2026-07-08,589.37,589.37,2026-07-07,0,paid_on_time
P006587,L00586,2,2026-07-08,154.29,154.29,2026-07-06,0,paid_on_time
P006588,L00602,1,2026-07-08,920.39,920.39,2026-07-07,0,paid_on_time
P006589,L00603,1,2026-07-08,532.72,532.72,2026-07-07,0,paid_on_time
P006590,L00005,154,2026-07-09,3714.26,3714.26,2026-07-08,0,paid_on_time
P006591,L00031,95,2026-07-09,1166.25,1166.25,2026-07-06,0,paid_on_time
P006592,L00047,68,2026-07-09,1631.14,1631.14,2026-07-06,0,paid_on_time
P006593,L00052,61,2026-07-09,458.96,458.96,2026-07-07,0,paid_on_time
P006594,L00056,59,2026-07-09,1887.49,1887.49,2026-07-06,0,paid_on_time
P006595,L00164,35,2026-07-09,463.93,463.93,2026-07-06,0,paid_on_time
P006596,L00165,35,2026-07-09,900.5,900.5,2026-07-06,0,paid_on_time
P006597,L00167,34,2026-07-09,494.06,494.06,2026-07-07,0,paid_on_time
P006598,L00209,28,2026-07-09,895.87,895.87,2026-07-08,0,paid_on_time
P006599,L00225,26,2026-07-09,443.16,443.16,2026-07-07,0,paid_on_time
P006600,L00367,13,2026-07-09,781.07,781.07,2026-07-07,0,paid_on_time
P006601,L00378,12,2026-07-09,255.87,255.87,2026-07-09,0,paid_on_time
P006602,L00379,12,2026-07-09,275.23,275.23,2026-07-07,0,paid_on_time
P006603,L00391,11,2026-07-09,678.65,678.65,2026-07-09,0,paid_on_time
P006604,L00437,9,2026-07-09,294.55,294.55,2026-07-08,0,paid_on_time
P006605,L00438,9,2026-07-09,796.53,796.53,2026-07-06,0,paid_on_time
P006606,L00469,8,2026-07-09,781.35,781.35,2026-07-08,0,paid_on_time
P006607,L00494,7,2026-07-09,895.54,895.54,2026-07-08,0,paid_on_time
P006608,L00530,5,2026-07-09,642.58,642.58,2026-08-26,48,paid_late
P006609,L00569,3,2026-07-09,732.34,732.34,2026-07-07,0,paid_on_time
P006610,L00604,1,2026-07-09,350.77,350.77,2026-07-06,0,paid_on_time
P006611,L00010,146,2026-07-10,451.75,451.75,2026-07-09,0,paid_on_time
P006612,L00040,73,2026-07-10,1154.04,1154.04,2026-07-08,0,paid_on_time
P006613,L00060,57,2026-07-10,242.9,242.9,2026-07-10,0,paid_on_time
P006614,L00082,50,2026-07-10,1374.6,1374.6,2026-07-08,0,paid_on_time
P006615,L00088,48,2026-07-10,604.18,604.18,2026-07-10,0,paid_on_time
P006616,L00134,39,2026-07-10,132.34,132.34,2026-07-09,0,paid_on_time
P006617,L00168,34,2026-07-10,425.1,0.0,,82,unpaid
P006618,L00182,32,2026-07-10,170.77,170.77,2026-08-22,43,paid_late
P006619,L00183,32,2026-07-10,1116.86,1116.86,2026-07-07,0,paid_on_time
P006620,L00241,24,2026-07-10,417.0,417.0,2026-07-27,17,paid_late
P006621,L00299,17,2026-07-10,374.07,374.07,2026-07-09,0,paid_on_time
P006622,L00300,17,2026-07-10,3088.53,3088.53,2026-07-08,0,paid_on_time
P006623,L00326,15,2026-07-10,339.05,339.05,2026-08-29,50,paid_late
P006624,L00344,14,2026-07-10,532.44,532.44,2026-07-08,0,paid_on_time
P006625,L00345,14,2026-07-10,302.08,302.08,2026-07-09,0,paid_on_time
P006626,L00368,13,2026-07-10,584.55,584.55,2026-07-09,0,paid_on_time
P006627,L00392,11,2026-07-10,765.21,765.21,2026-07-07,0,paid_on_time
P006628,L00470,8,2026-07-10,1226.05,1226.05,2026-08-19,40,paid_late
P006629,L00495,7,2026-07-10,390.6,390.6,2026-07-25,15,paid_late
P006630,L00496,7,2026-07-10,450.83,450.83,2026-07-14,4,paid_late
P006631,L00497,7,2026-07-10,304.31,304.31,2026-07-10,0,paid_on_time
P006632,L00531,5,2026-07-10,355.61,355.61,2026-07-08,0,paid_on_time
P006633,L00570,3,2026-07-10,308.87,308.87,2026-07-09,0,paid_on_time
P006634,L00023,107,2026-07-11,1669.64,1669.64,2026-07-10,0,paid_on_time
P006635,L00076,53,2026-07-11,750.21,750.21,2026-07-11,0,paid_on_time
P006636,L00103,44,2026-07-11,477.21,477.21,2026-07-09,0,paid_on_time
P006637,L00111,42,2026-07-11,327.8,327.8,2026-07-08,0,paid_on_time
P006638,L00119,41,2026-07-11,704.37,704.37,2026-07-10,0,paid_on_time
P006639,L00126,40,2026-07-11,1005.72,1005.72,2026-07-19,8,paid_late
P006640,L00127,40,2026-07-11,352.26,352.26,2026-07-11,0,paid_on_time
P006641,L00158,36,2026-07-11,244.75,244.75,2026-07-09,0,paid_on_time
P006642,L00185,31,2026-07-11,1831.67,1831.67,2026-07-10,0,paid_on_time
P006643,L00254,22,2026-07-11,5962.35,5962.35,2026-07-09,0,paid_on_time
P006644,L00255,22,2026-07-11,391.11,391.11,2026-07-08,0,paid_on_time
P006645,L00382,12,2026-07-11,806.73,806.73,2026-07-08,0,paid_on_time
P006646,L00420,10,2026-07-11,1635.03,1635.03,2026-07-10,0,paid_on_time
P006647,L00440,9,2026-07-11,385.78,385.78,2026-07-10,0,paid_on_time
P006648,L00498,7,2026-07-11,415.54,415.54,2026-07-10,0,paid_on_time
P006649,L00517,6,2026-07-11,283.17,283.17,2026-07-08,0,paid_on_time
P006650,L00547,4,2026-07-11,443.09,443.09,2026-07-09,0,paid_on_time
P006651,L00605,1,2026-07-11,451.68,451.68,2026-07-08,0,paid_on_time
P006652,L00054,60,2026-07-12,1005.95,1005.95,2026-07-12,0,paid_on_time
P006653,L00062,56,2026-07-12,998.23,998.23,2026-07-11,0,paid_on_time
P006654,L00070,54,2026-07-12,436.33,0.0,,80,unpaid
P006655,L00108,43,2026-07-12,297.58,297.58,2026-07-09,0,paid_on_time
P006656,L00112,42,2026-07-12,389.58,389.58,2026-07-09,0,paid_on_time
P006657,L00186,31,2026-07-12,461.26,461.26,2026-07-10,0,paid_on_time
P006658,L00276,19,2026-07-12,443.67,443.67,2026-07-10,0,paid_on_time
P006659,L00301,17,2026-07-12,652.3,652.3,2026-07-09,0,paid_on_time
P006660,L00311,16,2026-07-12,4060.3,4060.3,2026-07-11,0,paid_on_time
P006661,L00369,13,2026-07-12,374.81,374.81,2026-07-11,0,paid_on_time
P006662,L00393,11,2026-07-12,4337.53,4337.53,2026-07-10,0,paid_on_time
P006663,L00471,8,2026-07-12,453.36,453.36,2026-07-09,0,paid_on_time
P006664,L00518,6,2026-07-12,3791.87,3791.87,2026-07-11,0,paid_on_time
P006665,L00548,4,2026-07-12,1296.1,1296.1,2026-07-11,0,paid_on_time
P006666,L00549,4,2026-07-12,993.49,993.49,2026-07-10,0,paid_on_time
P006667,L00571,3,2026-07-12,188.15,188.15,2026-07-12,0,paid_on_time
P006668,L00572,3,2026-07-12,162.23,162.23,2026-07-10,0,paid_on_time
P006669,L00015,125,2026-07-13,2722.75,2722.75,2026-07-12,0,paid_on_time
P006670,L00038,77,2026-07-13,1052.17,1052.17,2026-07-12,0,paid_on_time
P006671,L00128,40,2026-07-13,731.01,731.01,2026-07-13,0,paid_on_time
P006672,L00176,33,2026-07-13,1207.63,1207.63,2026-07-13,0,paid_on_time
P006673,L00187,31,2026-07-13,794.79,794.79,2026-07-11,0,paid_on_time
P006674,L00193,30,2026-07-13,889.34,889.34,2026-07-11,0,paid_on_time
P006675,L00233,25,2026-07-13,3312.12,3312.12,2026-07-11,0,paid_on_time
P006676,L00261,21,2026-07-13,135.87,135.87,2026-07-11,0,paid_on_time
P006677,L00283,18,2026-07-13,576.26,576.26,2026-07-12,0,paid_on_time
P006678,L00312,16,2026-07-13,570.92,570.92,2026-07-13,0,paid_on_time
P006679,L00383,12,2026-07-13,243.05,243.05,2026-07-12,0,paid_on_time
P006680,L00441,9,2026-07-13,586.41,586.41,2026-07-11,0,paid_on_time
P006681,L00442,9,2026-07-13,200.28,200.28,2026-07-13,0,paid_on_time
P006682,L00550,4,2026-07-13,487.13,487.13,2026-07-10,0,paid_on_time
P006683,L00573,3,2026-07-13,161.93,161.93,2026-07-13,0,paid_on_time
P006684,L00018,120,2026-07-14,5555.18,5555.18,2026-07-11,0,paid_on_time
P006685,L00063,56,2026-07-14,1407.73,1407.73,2026-07-13,0,paid_on_time
P006686,L00095,46,2026-07-14,493.83,493.83,2026-07-12,0,paid_on_time
P006687,L00150,37,2026-07-14,693.8,693.8,2026-07-13,0,paid_on_time
P006688,L00195,30,2026-07-14,506.14,506.14,2026-08-08,25,paid_late
P006689,L00204,29,2026-07-14,941.27,941.27,2026-07-14,0,paid_on_time
P006690,L00271,20,2026-07-14,485.42,485.42,2026-07-11,0,paid_on_time
P006691,L00284,18,2026-07-14,307.56,307.56,2026-07-13,0,paid_on_time
P006692,L00327,15,2026-07-14,205.7,205.7,2026-07-12,0,paid_on_time
P006693,L00328,15,2026-07-14,614.18,614.18,2026-07-12,0,paid_on_time
P006694,L00370,13,2026-07-14,447.8,447.8,2026-09-10,58,paid_late
P006695,L00394,11,2026-07-14,393.33,393.33,2026-07-14,0,paid_on_time
P006696,L00472,8,2026-07-14,321.08,321.08,2026-07-11,0,paid_on_time
P006697,L00532,5,2026-07-14,1367.7,1367.7,2026-07-14,0,paid_on_time
P006698,L00533,5,2026-07-14,205.17,205.17,2026-07-13,0,paid_on_time
P006699,L00551,4,2026-07-14,391.74,391.74,2026-07-12,0,paid_on_time
P006700,L00587,2,2026-07-14,662.49,662.49,2026-07-17,3,paid_late
P006701,L00043,69,2026-07-15,1040.6,1040.6,2026-07-12,0,paid_on_time
P006702,L00104,44,2026-07-15,442.08,442.08,2026-07-13,0,paid_on_time
P006703,L00120,41,2026-07-15,262.87,262.87,2026-07-14,0,paid_on_time
P006704,L00205,29,2026-07-15,418.6,0.0,,31,unpaid
P006705,L00216,27,2026-07-15,962.26,962.26,2026-07-14,0,paid_on_time
P006706,L00277,19,2026-07-15,689.78,689.78,2026-07-12,0,paid_on_time
P006707,L00285,18,2026-07-15,4637.41,4637.41,2026-07-15,0,paid_on_time
P006708,L00330,15,2026-07-15,562.56,562.56,2026-07-12,0,paid_on_time
P006709,L00473,8,2026-07-15,807.6,807.6,2026-07-14,0,paid_on_time
P006710,L00499,7,2026-07-15,195.38,195.38,2026-07-15,0,paid_on_time
P006711,L00500,7,2026-07-15,693.64,693.64,2026-07-15,0,paid_on_time
P006712,L00519,6,2026-07-15,377.64,377.64,2026-07-14,0,paid_on_time
P006713,L00574,3,2026-07-15,408.17,408.17,2026-07-14,0,paid_on_time
P006714,L00588,2,2026-07-15,932.31,932.31,2026-07-12,0,paid_on_time
P006715,L00606,1,2026-07-15,117.14,117.14,2026-07-15,0,paid_on_time
P006716,L00607,1,2026-07-15,587.2,587.2,2026-07-15,0,paid_on_time
P006717,L00608,1,2026-07-15,691.71,691.71,2026-07-31,16,paid_late
P006718,L00017,121,2026-07-16,1399.27,1399.27,2026-07-16,0,paid_on_time
P006719,L00033,89,2026-07-16,488.18,488.18,2026-07-14,0,paid_on_time
P006720,L00035,86,2026-07-16,2474.76,2474.76,2026-07-16,0,paid_on_time
P006721,L00121,41,2026-07-16,1741.4,1741.4,2026-08-01,16,paid_late
P006722,L00151,37,2026-07-16,230.11,230.11,2026-07-13,0,paid_on_time
P006723,L00210,28,2026-07-16,1078.93,1078.93,2026-07-13,0,paid_on_time
P006724,L00227,26,2026-07-16,545.86,545.86,2026-07-15,0,paid_on_time
P006725,L00234,25,2026-07-16,659.89,659.89,2026-07-13,0,paid_on_time
P006726,L00248,23,2026-07-16,2095.25,2095.25,2026-07-15,0,paid_on_time
P006727,L00286,18,2026-07-16,629.76,629.76,2026-07-16,0,paid_on_time
P006728,L00287,18,2026-07-16,361.67,361.67,2026-07-15,0,paid_on_time
P006729,L00314,16,2026-07-16,133.26,133.26,2026-07-14,0,paid_on_time
P006730,L00347,14,2026-07-16,622.05,622.05,2026-07-13,0,paid_on_time
P006731,L00395,11,2026-07-16,345.71,345.71,2026-07-15,0,paid_on_time
P006732,L00421,10,2026-07-16,244.98,244.98,2026-08-04,19,paid_late
P006733,L00444,9,2026-07-16,449.21,449.21,2026-07-13,0,paid_on_time
P006734,L00474,8,2026-07-16,1190.95,1190.95,2026-07-14,0,paid_on_time
P006735,L00520,6,2026-07-16,569.25,569.25,2026-07-13,0,paid_on_time
P006736,L00535,5,2026-07-16,765.3,765.3,2026-07-15,0,paid_on_time
P006737,L00552,4,2026-07-16,299.62,299.62,2026-07-14,0,paid_on_time
P006738,L00553,4,2026-07-16,519.08,519.08,2026-07-16,0,paid_on_time
P006739,L00006,152,2026-07-17,1297.93,1297.93,2026-07-16,0,paid_on_time
P006740,L00042,71,2026-07-17,702.79,702.79,2026-07-16,0,paid_on_time
P006741,L00044,69,2026-07-17,999.08,999.08,2026-07-16,0,paid_on_time
P006742,L00055,60,2026-07-17,495.46,495.46,2026-07-15,0,paid_on_time
P006743,L00096,46,2026-07-17,3809.24,3809.24,2026-07-17,0,paid_on_time
P006744,L00122,41,2026-07-17,396.75,396.75,2026-07-16,0,paid_on_time
P006745,L00129,40,2026-07-17,5383.46,5383.46,2026-07-14,0,paid_on_time
P006746,L00135,39,2026-07-17,1392.09,1392.09,2026-07-14,0,paid_on_time
P006747,L00228,26,2026-07-17,151.67,151.67,2026-07-14,0,paid_on_time
P006748,L00257,22,2026-07-17,328.84,328.84,2026-07-15,0,paid_on_time
P006749,L00289,18,2026-07-17,327.34,327.34,2026-07-14,0,paid_on_time
P006750,L00315,16,2026-07-17,1369.79,1369.79,2026-07-14,0,paid_on_time
P006751,L00331,15,2026-07-17,186.73,186.73,2026-07-17,0,paid_on_time
P006752,L00385,12,2026-07-17,329.97,329.97,2026-07-15,0,paid_on_time
P006753,L00396,11,2026-07-17,534.54,534.54,2026-07-16,0,paid_on_time
P006754,L00445,9,2026-07-17,1607.75,1607.75,2026-07-15,0,paid_on_time
P006755,L00446,9,2026-07-17,1134.61,1134.61,2026-07-16,0,paid_on_time
P006756,L00501,7,2026-07-17,830.64,830.64,2026-07-15,0,paid_on_time
P006757,L00554,4,2026-07-17,165.94,165.94,2026-07-14,0,paid_on_time
P006758,L00555,4,2026-07-17,83.6,83.6,2026-07-16,0,paid_on_time
P006759,L00556,4,2026-07-17,437.21,437.21,2026-07-14,0,paid_on_time
P006760,L00557,4,2026-07-17,473.52,473.52,2026-08-02,16,paid_late
P006761,L00589,2,2026-07-17,223.83,223.83,2026-08-05,19,paid_late
P006762,L00590,2,2026-07-17,666.31,666.31,2026-07-17,0,paid_on_time
P006763,L00016,123,2026-07-18,2087.02,2087.02,2026-07-16,0,paid_on_time
P006764,L00026,102,2026-07-18,1366.27,1366.27,2026-07-15,0,paid_on_time
P006765,L00089,48,2026-07-18,1358.89,1358.89,2026-07-15,0,paid_on_time
P006766,L00206,29,2026-07-18,1805.79,1805.79,2026-07-15,0,paid_on_time
P006767,L00217,27,2026-07-18,230.93,230.93,2026-07-15,0,paid_on_time
P006768,L00262,21,2026-07-18,244.62,244.62,2026-07-16,0,paid_on_time
P006769,L00290,18,2026-07-18,729.21,729.21,2026-07-15,0,paid_on_time
P006770,L00302,17,2026-07-18,528.31,528.31,2026-07-16,0,paid_on_time
P006771,L00332,15,2026-07-18,1160.99,1160.99,2026-07-17,0,paid_on_time
P006772,L00349,14,2026-07-18,732.05,732.05,2026-07-29,11,paid_late
P006773,L00371,13,2026-07-18,668.17,668.17,2026-07-16,0,paid_on_time
P006774,L00398,11,2026-07-18,914.52,914.52,2026-07-18,0,paid_on_time
P006775,L00422,10,2026-07-18,620.56,620.56,2026-07-17,0,paid_on_time
P006776,L00575,3,2026-07-18,1440.74,1440.74,2026-07-15,0,paid_on_time
P006777,L00591,2,2026-07-18,498.11,498.11,2026-07-17,0,paid_on_time
P006778,L00609,1,2026-07-18,1726.25,1726.25,2026-07-15,0,paid_on_time
P006779,L00001,161,2026-07-19,872.89,872.89,2026-07-17,0,paid_on_time
P006780,L00013,131,2026-07-19,947.9,947.9,2026-07-17,0,paid_on_time
P006781,L00014,129,2026-07-19,3544.09,3544.09,2026-07-16,0,paid_on_time
P006782,L00020,115,2026-07-19,599.02,599.02,2026-07-16,0,paid_on_time
P006783,L00028,99,2026-07-19,859.63,859.63,2026-07-18,0,paid_on_time
P006784,L00083,50,2026-07-19,170.36,170.36,2026-08-04,16,paid_late
P006785,L00090,48,2026-07-19,940.56,940.56,2026-07-19,0,paid_on_time
P006786,L00091,48,2026-07-19,333.65,333.65,2026-07-17,0,paid_on_time
P006787,L00130,40,2026-07-19,891.36,891.36,2026-07-17,0,paid_on_time
P006788,L00350,14,2026-07-19,913.36,913.36,2026-07-16,0,paid_on_time
P006789,L00399,11,2026-07-19,319.53,319.53,2026-07-19,0,paid_on_time
P006790,L00521,6,2026-07-19,717.46,717.46,2026-07-26,7,paid_late
P006791,L00032,91,2026-07-20,1649.77,1649.77,2026-07-18,0,paid_on_time
P006792,L00131,40,2026-07-20,1276.47,1276.47,2026-07-17,0,paid_on_time
P006793,L00154,37,2026-07-20,313.1,0.0,,72,unpaid
P006794,L00170,34,2026-07-20,1120.0,1120.0,2026-07-17,0,paid_on_time
P006795,L00291,18,2026-07-20,1254.39,1254.39,2026-07-20,0,paid_on_time
P006796,L00317,16,2026-07-20,690.9,690.9,2026-07-20,0,paid_on_time
P006797,L00333,15,2026-07-20,328.96,328.96,2026-07-20,0,paid_on_time
P006798,L00351,14,2026-07-20,281.71,281.71,2026-07-19,0,paid_on_time
P006799,L00386,12,2026-07-20,636.78,636.78,2026-07-19,0,paid_on_time
P006800,L00400,11,2026-07-20,1657.16,1657.16,2026-07-20,0,paid_on_time
P006801,L00423,10,2026-07-20,1390.3,1390.3,2026-07-20,0,paid_on_time
P006802,L00424,10,2026-07-20,372.69,372.69,2026-07-30,10,paid_late
P006803,L00522,6,2026-07-20,200.09,200.09,2026-07-19,0,paid_on_time
P006804,L00537,5,2026-07-20,355.98,355.98,2026-07-18,0,paid_on_time
P006805,L00610,1,2026-07-20,122.8,122.8,2026-07-19,0,paid_on_time
P006806,L00084,50,2026-07-21,352.49,352.49,2026-07-21,0,paid_on_time
P006807,L00097,46,2026-07-21,1660.09,1660.09,2026-07-28,7,paid_late
P006808,L00159,36,2026-07-21,813.68,813.68,2026-07-21,0,paid_on_time
P006809,L00160,36,2026-07-21,3164.49,3164.49,2026-07-20,0,paid_on_time
P006810,L00218,27,2026-07-21,3945.26,3945.26,2026-07-19,0,paid_on_time
P006811,L00242,24,2026-07-21,450.32,450.32,2026-07-19,0,paid_on_time
P006812,L00263,21,2026-07-21,846.87,846.87,2026-07-19,0,paid_on_time
P006813,L00303,17,2026-07-21,3623.36,3623.36,2026-07-19,0,paid_on_time
P006814,L00352,14,2026-07-21,1279.4,1279.4,2026-07-20,0,paid_on_time
P006815,L00387,12,2026-07-21,476.49,476.49,2026-07-21,0,paid_on_time
P006816,L00425,10,2026-07-21,485.11,485.11,2026-07-28,7,paid_late
P006817,L00426,10,2026-07-21,768.32,768.32,2026-07-20,0,paid_on_time
P006818,L00558,4,2026-07-21,724.24,724.24,2026-07-19,0,paid_on_time
P006819,L00576,3,2026-07-21,560.78,560.78,2026-07-21,0,paid_on_time
P006820,L00592,2,2026-07-21,932.32,932.32,2026-07-18,0,paid_on_time
P006821,L00008,149,2026-07-22,1043.51,1043.51,2026-07-19,0,paid_on_time
P006822,L00049,64,2026-07-22,3041.98,3041.98,2026-07-20,0,paid_on_time
P006823,L00098,46,2026-07-22,1385.41,1385.41,2026-07-22,0,paid_on_time
P006824,L00113,42,2026-07-22,677.07,677.07,2026-07-19,0,paid_on_time
P006825,L00132,40,2026-07-22,238.38,238.38,2026-07-21,0,paid_on_time
P006826,L00189,31,2026-07-22,142.38,142.38,2026-07-22,0,paid_on_time
P006827,L00229,26,2026-07-22,696.96,696.96,2026-07-20,0,paid_on_time
P006828,L00264,21,2026-07-22,299.57,299.57,2026-07-21,0,paid_on_time
P006829,L00279,19,2026-07-22,506.59,506.59,2026-07-21,0,paid_on_time
P006830,L00304,17,2026-07-22,191.99,191.99,2026-07-21,0,paid_on_time
P006831,L00353,14,2026-07-22,401.58,401.58,2026-07-19,0,paid_on_time
P006832,L00402,11,2026-07-22,847.17,847.17,2026-07-22,0,paid_on_time
P006833,L00403,11,2026-07-22,249.32,0.0,,70,unpaid
P006834,L00475,8,2026-07-22,793.79,793.79,2026-07-20,0,paid_on_time
P006835,L00502,7,2026-07-22,498.78,498.78,2026-07-20,0,paid_on_time
P006836,L00559,4,2026-07-22,330.03,330.03,2026-07-19,0,paid_on_time
P006837,L00611,1,2026-07-22,541.76,541.76,2026-08-01,10,paid_late
P006838,L00012,139,2026-07-23,2313.25,2313.25,2026-07-22,0,paid_on_time
P006839,L00036,80,2026-07-23,5425.67,0.0,,69,unpaid
P006840,L00041,72,2026-07-23,1241.28,1241.28,2026-07-20,0,paid_on_time
P006841,L00071,54,2026-07-23,561.59,561.59,2026-07-22,0,paid_on_time
P006842,L00080,51,2026-07-23,3899.39,3899.39,2026-07-20,0,paid_on_time
P006843,L00123,41,2026-07-23,509.28,509.28,2026-07-27,4,paid_late
P006844,L00161,36,2026-07-23,2812.43,2812.43,2026-08-09,17,paid_late
P006845,L00196,30,2026-07-23,152.51,152.51,2026-07-21,0,paid_on_time
P006846,L00211,28,2026-07-23,175.17,175.17,2026-07-20,0,paid_on_time
P006847,L00219,27,2026-07-23,2801.45,2801.45,2026-07-24,1,paid_late
P006848,L00265,21,2026-07-23,883.61,883.61,2026-07-22,0,paid_on_time
P006849,L00292,18,2026-07-23,791.09,791.09,2026-07-21,0,paid_on_time
P006850,L00334,15,2026-07-23,325.36,325.36,2026-08-13,21,paid_late
P006851,L00354,14,2026-07-23,807.03,807.03,2026-07-25,2,paid_late
P006852,L00355,14,2026-07-23,915.73,915.73,2026-07-23,0,paid_on_time
P006853,L00372,13,2026-07-23,187.18,187.18,2026-07-21,0,paid_on_time
P006854,L00388,12,2026-07-23,392.01,392.01,2026-07-23,0,paid_on_time
P006855,L00428,10,2026-07-23,117.11,117.11,2026-07-20,0,paid_on_time
P006856,L00476,8,2026-07-23,412.78,412.78,2026-07-21,0,paid_on_time
P006857,L00503,7,2026-07-23,170.92,170.92,2026-07-23,0,paid_on_time
P006858,L00504,7,2026-07-23,700.56,700.56,2026-08-17,25,paid_late
P006859,L00505,7,2026-07-23,698.79,698.79,2026-07-21,0,paid_on_time
P006860,L00560,4,2026-07-23,121.6,121.6,2026-07-20,0,paid_on_time
P006861,L00593,2,2026-07-23,774.31,774.31,2026-07-23,0,paid_on_time
P006862,L00612,1,2026-07-23,418.13,418.13,2026-09-19,58,paid_late
P006863,L00072,54,2026-07-24,1714.68,1714.68,2026-07-21,0,paid_on_time
P006864,L00143,38,2026-07-24,369.61,369.61,2026-08-13,20,paid_late
P006865,L00171,34,2026-07-24,378.47,378.47,2026-07-22,0,paid_on_time
P006866,L00172,34,2026-07-24,246.44,246.44,2026-07-23,0,paid_on_time
P006867,L00197,30,2026-07-24,4082.86,4082.86,2026-07-24,0,paid_on_time
P006868,L00243,24,2026-07-24,4829.64,4829.64,2026-07-24,0,paid_on_time
P006869,L00293,18,2026-07-24,715.78,715.78,2026-07-22,0,paid_on_time
P006870,L00318,16,2026-07-24,785.27,785.27,2026-09-17,55,paid_late
P006871,L00356,14,2026-07-24,151.33,151.33,2026-07-21,0,paid_on_time
P006872,L00373,13,2026-07-24,507.47,507.47,2026-07-24,0,paid_on_time
P006873,L00523,6,2026-07-24,227.41,227.41,2026-07-22,0,paid_on_time
P006874,L00613,1,2026-07-24,368.5,368.5,2026-07-21,0,paid_on_time
P006875,L00039,75,2026-07-25,2154.36,2154.36,2026-07-25,0,paid_on_time
P006876,L00094,47,2026-07-25,798.81,798.81,2026-07-24,0,paid_on_time
P006877,L00144,38,2026-07-25,1999.88,1999.88,2026-07-25,0,paid_on_time
P006878,L00190,31,2026-07-25,668.94,668.94,2026-09-02,39,paid_late
P006879,L00236,25,2026-07-25,379.28,379.28,2026-07-25,0,paid_on_time
P006880,L00237,25,2026-07-25,1577.72,1577.72,2026-07-23,0,paid_on_time
P006881,L00244,24,2026-07-25,797.65,797.65,2026-07-24,0,paid_on_time
P006882,L00335,15,2026-07-25,292.08,292.08,2026-07-24,0,paid_on_time
P006883,L00404,11,2026-07-25,800.98,800.98,2026-08-30,36,paid_late
P006884,L00405,11,2026-07-25,325.9,325.9,2026-07-22,0,paid_on_time
P006885,L00406,11,2026-07-25,516.67,516.67,2026-07-24,0,paid_on_time
P006886,L00506,7,2026-07-25,194.53,194.53,2026-07-25,0,paid_on_time
P006887,L00524,6,2026-07-25,1067.88,1067.88,2026-07-22,0,paid_on_time
P006888,L00577,3,2026-07-25,120.06,120.06,2026-07-25,0,paid_on_time
P006889,L00614,1,2026-07-25,774.72,774.72,2026-07-23,0,paid_on_time
P006890,L00030,96,2026-07-26,1332.55,1332.55,2026-07-26,0,paid_on_time
P006891,L00037,80,2026-07-26,684.3,684.3,2026-07-25,0,paid_on_time
P006892,L00073,54,2026-07-26,313.76,313.76,2026-07-26,0,paid_on_time
P006893,L00087,49,2026-07-26,485.7,485.7,2026-07-23,0,paid_on_time
P006894,L00145,38,2026-07-26,783.93,783.93,2026-07-26,0,paid_on_time
P006895,L00178,33,2026-07-26,1322.66,1322.66,2026-08-14,19,paid_late
P006896,L00198,30,2026-07-26,353.93,353.93,2026-07-25,0,paid_on_time
P006897,L00306,17,2026-07-26,386.96,386.96,2026-07-26,0,paid_on_time
P006898,L00374,13,2026-07-26,759.66,759.66,2026-07-23,0,paid_on_time
P006899,L00389,12,2026-07-26,547.48,547.48,2026-07-25,0,paid_on_time
P006900,L00429,10,2026-07-26,1035.18,1035.18,2026-08-11,16,paid_late
P006901,L00525,6,2026-07-26,332.84,332.84,2026-08-17,22,paid_late
P006902,L00538,5,2026-07-26,158.81,158.81,2026-07-23,0,paid_on_time
P006903,L00539,5,2026-07-26,946.7,946.7,2026-07-26,0,paid_on_time
P006904,L00561,4,2026-07-26,857.94,857.94,2026-07-23,0,paid_on_time
P006905,L00562,4,2026-07-26,336.67,336.67,2026-07-25,0,paid_on_time
P006906,L00578,3,2026-07-26,682.47,682.47,2026-07-24,0,paid_on_time
P006907,L00615,1,2026-07-26,661.46,661.46,2026-07-26,0,paid_on_time
P006908,L00007,150,2026-07-27,1181.6,1181.6,2026-07-25,0,paid_on_time
P006909,L00009,148,2026-07-27,1014.74,1014.74,2026-07-25,0,paid_on_time
P006910,L00074,54,2026-07-27,1814.09,1814.09,2026-07-24,0,paid_on_time
P006911,L00357,14,2026-07-27,705.03,705.03,2026-07-26,0,paid_on_time
P006912,L00451,9,2026-07-27,519.15,519.15,2026-07-27,0,paid_on_time
P006913,L00452,9,2026-07-27,211.98,211.98,2026-08-01,5,paid_late
P006914,L00477,8,2026-07-27,457.61,457.61,2026-07-25,0,paid_on_time
P006915,L00594,2,2026-07-27,419.61,419.61,2026-07-27,0,paid_on_time
P006916,L00616,1,2026-07-27,259.43,0.0,,65,unpaid
P006917,L00022,108,2026-07-28,1038.84,1038.84,2026-07-25,0,paid_on_time
P006918,L00057,59,2026-07-28,603.0,603.0,2026-07-26,0,paid_on_time
P006919,L00065,55,2026-07-28,1911.1,1911.1,2026-07-27,0,paid_on_time
P006920,L00079,52,2026-07-28,553.36,553.36,2026-07-27,0,paid_on_time
P006921,L00081,51,2026-07-28,487.74,487.74,2026-07-25,0,paid_on_time
P006922,L00086,50,2026-07-28,542.24,542.24,2026-07-28,0,paid_on_time
P006923,L00114,42,2026-07-28,1545.46,1545.46,2026-07-28,0,paid_on_time
P006924,L00115,42,2026-07-28,581.64,581.64,2026-07-28,0,paid_on_time
P006925,L00116,42,2026-07-28,4765.2,4765.2,2026-07-28,0,paid_on_time
P006926,L00117,42,2026-07-28,1642.14,1642.14,2026-08-18,21,paid_late
P006927,L00138,39,2026-07-28,475.85,475.85,2026-07-25,0,paid_on_time
P006928,L00156,37,2026-07-28,856.46,856.46,2026-07-25,0,paid_on_time
P006929,L00173,34,2026-07-28,746.3,746.3,2026-07-27,0,paid_on_time
P006930,L00191,31,2026-07-28,936.13,936.13,2026-07-25,0,paid_on_time
P006931,L00200,30,2026-07-28,253.76,253.76,2026-09-19,53,paid_late
P006932,L00213,28,2026-07-28,767.71,767.71,2026-07-27,0,paid_on_time
P006933,L00220,27,2026-07-28,596.29,0.0,,64,unpaid
P006934,L00238,25,2026-07-28,893.78,893.78,2026-08-02,5,paid_late
P006935,L00245,24,2026-07-28,2175.35,2175.35,2026-07-25,0,paid_on_time
P006936,L00246,24,2026-07-28,1166.75,1166.75,2026-07-28,0,paid_on_time
P006937,L00250,23,2026-07-28,169.37,169.37,2026-09-18,52,paid_late
P006938,L00272,20,2026-07-28,197.04,197.04,2026-07-27,0,paid_on_time
P006939,L00280,19,2026-07-28,2010.72,2010.72,2026-07-27,0,paid_on_time
P006940,L00281,19,2026-07-28,2776.0,2776.0,2026-07-28,0,paid_on_time
P006941,L00294,18,2026-07-28,2580.19,2580.19,2026-07-27,0,paid_on_time
P006942,L00295,18,2026-07-28,2738.06,2738.06,2026-07-27,0,paid_on_time
P006943,L00319,16,2026-07-28,1044.26,1044.26,2026-07-27,0,paid_on_time
P006944,L00336,15,2026-07-28,761.18,0.0,,64,unpaid
P006945,L00359,14,2026-07-28,399.48,399.48,2026-07-26,0,paid_on_time
P006946,L00360,14,2026-07-28,365.61,365.61,2026-07-27,0,paid_on_time
P006947,L00407,11,2026-07-28,470.34,470.34,2026-07-28,0,paid_on_time
P006948,L00408,11,2026-07-28,954.6,954.6,2026-07-28,0,paid_on_time
P006949,L00409,11,2026-07-28,3818.88,3818.88,2026-08-09,12,paid_late
P006950,L00410,11,2026-07-28,336.89,336.89,2026-07-30,2,paid_late
P006951,L00430,10,2026-07-28,437.06,437.06,2026-07-26,0,paid_on_time
P006952,L00431,10,2026-07-28,262.85,262.85,2026-07-26,0,paid_on_time
P006953,L00432,10,2026-07-28,311.98,311.98,2026-07-25,0,paid_on_time
P006954,L00433,10,2026-07-28,152.15,152.15,2026-07-27,0,paid_on_time
P006955,L00453,9,2026-07-28,255.21,255.21,2026-07-28,0,paid_on_time
P006956,L00454,9,2026-07-28,460.82,460.82,2026-07-25,0,paid_on_time
P006957,L00455,9,2026-07-28,664.95,664.95,2026-07-25,0,paid_on_time
P006958,L00456,9,2026-07-28,936.55,936.55,2026-07-27,0,paid_on_time
P006959,L00457,9,2026-07-28,449.08,449.08,2026-08-07,10,paid_late
P006960,L00458,9,2026-07-28,277.89,277.89,2026-08-14,17,paid_late
P006961,L00478,8,2026-07-28,929.98,929.98,2026-07-27,0,paid_on_time
P006962,L00479,8,2026-07-28,403.75,0.0,,31,unpaid
P006963,L00480,8,2026-07-28,449.17,449.17,2026-07-25,0,paid_on_time
P006964,L00481,8,2026-07-28,876.87,876.87,2026-09-11,45,paid_late
P006965,L00482,8,2026-07-28,234.31,234.31,2026-07-28,0,paid_on_time
P006966,L00483,8,2026-07-28,411.18,411.18,2026-07-27,0,paid_on_time
P006967,L00508,7,2026-07-28,409.58,409.58,2026-07-26,0,paid_on_time
P006968,L00509,7,2026-07-28,761.6,761.6,2026-07-26,0,paid_on_time
P006969,L00510,7,2026-07-28,1215.38,1215.38,2026-07-25,0,paid_on_time
P006970,L00511,7,2026-07-28,743.63,743.63,2026-07-28,0,paid_on_time
P006971,L00526,6,2026-07-28,897.15,897.15,2026-07-28,0,paid_on_time
P006972,L00563,4,2026-07-28,671.93,671.93,2026-07-26,0,paid_on_time
P006973,L00564,4,2026-07-28,778.03,778.03,2026-07-27,0,paid_on_time
P006974,L00565,4,2026-07-28,604.07,604.07,2026-07-27,0,paid_on_time
P006975,L00595,2,2026-07-28,207.02,207.02,2026-07-27,0,paid_on_time
P006976,L00617,1,2026-07-28,335.94,335.94,2026-07-26,0,paid_on_time
P006977,L00618,1,2026-07-28,157.01,157.01,2026-07-28,0,paid_on_time
P006978,L00619,1,2026-07-28,149.21,149.21,2026-07-27,0,paid_on_time
P006979,L00620,1,2026-07-28,447.99,447.99,2026-07-25,0,paid_on_time
P006980,L00621,1,2026-07-28,202.92,202.92,2026-07-28,0,paid_on_time
P006981,L00066,55,2026-08-01,856.43,856.43,2026-08-22,21,paid_late
P006982,L00067,55,2026-08-01,5150.69,5150.69,2026-08-01,0,paid_on_time
P006983,L00099,45,2026-08-01,1471.68,1471.68,2026-07-29,0,paid_on_time
P006984,L00100,45,2026-08-01,1187.24,1187.24,2026-07-29,0,paid_on_time
P006985,L00109,43,2026-08-01,2101.11,2101.11,2026-07-29,0,paid_on_time
P006986,L00268,21,2026-08-01,3738.67,3738.67,2026-07-29,0,paid_on_time
P006987,L00361,14,2026-08-01,421.04,421.04,2026-08-07,6,paid_late
P006988,L00376,13,2026-08-01,371.84,371.84,2026-07-31,0,paid_on_time
P006989,L00411,11,2026-08-01,725.51,725.51,2026-07-29,0,paid_on_time
P006990,L00412,11,2026-08-01,494.69,494.69,2026-08-01,0,paid_on_time
P006991,L00459,9,2026-08-01,917.2,917.2,2026-07-29,0,paid_on_time
P006992,L00512,7,2026-08-01,1002.51,1002.51,2026-07-31,0,paid_on_time
P006993,L00622,1,2026-08-01,582.94,582.94,2026-08-01,0,paid_on_time
P006994,L00011,144,2026-08-02,3685.16,3685.16,2026-07-31,0,paid_on_time
P006995,L00025,103,2026-08-02,873.16,873.16,2026-07-31,0,paid_on_time
P006996,L00048,65,2026-08-02,3101.68,3101.68,2026-08-02,0,paid_on_time
P006997,L00124,41,2026-08-02,1451.35,0.0,,59,unpaid
P006998,L00133,40,2026-08-02,4939.5,4939.5,2026-08-01,0,paid_on_time
P006999,L00174,34,2026-08-02,588.33,588.33,2026-08-01,0,paid_on_time
P007000,L00221,27,2026-08-02,90.7,90.7,2026-09-26,55,paid_late
P007001,L00251,23,2026-08-02,360.6,360.6,2026-08-02,0,paid_on_time
P007002,L00258,22,2026-08-02,2005.5,2005.5,2026-08-25,23,paid_late
P007003,L00273,20,2026-08-02,696.31,696.31,2026-08-02,0,paid_on_time
P007004,L00307,17,2026-08-02,641.01,0.0,,59,unpaid
P007005,L00321,16,2026-08-02,155.78,155.78,2026-07-30,0,paid_on_time
P007006,L00322,16,2026-08-02,482.32,482.32,2026-07-30,0,paid_on_time
P007007,L00338,15,2026-08-02,544.77,544.77,2026-08-02,0,paid_on_time
P007008,L00413,11,2026-08-02,590.44,590.44,2026-07-31,0,paid_on_time
P007009,L00460,9,2026-08-02,489.77,489.77,2026-07-31,0,paid_on_time
P007010,L00461,9,2026-08-02,265.63,265.63,2026-08-01,0,paid_on_time
P007011,L00462,9,2026-08-02,542.44,542.44,2026-07-31,0,paid_on_time
P007012,L00484,8,2026-08-02,406.44,406.44,2026-07-31,0,paid_on_time
P007013,L00485,8,2026-08-02,258.48,258.48,2026-08-02,0,paid_on_time
P007014,L00486,8,2026-08-02,825.82,0.0,,59,unpaid
P007015,L00513,7,2026-08-02,422.82,422.82,2026-08-02,0,paid_on_time
P007016,L00514,7,2026-08-02,411.24,411.24,2026-08-02,0,paid_on_time
P007017,L00540,5,2026-08-02,1225.17,1225.17,2026-08-01,0,paid_on_time
P007018,L00596,2,2026-08-02,277.26,0.0,,59,unpaid
P007019,L00021,113,2026-08-03,1229.88,1229.88,2026-08-02,0,paid_on_time
P007020,L00075,54,2026-08-03,921.85,921.85,2026-08-02,0,paid_on_time
P007021,L00101,45,2026-08-03,420.86,420.86,2026-07-31,0,paid_on_time
P007022,L00105,44,2026-08-03,3823.79,3823.79,2026-07-31,0,paid_on_time
P007023,L00125,41,2026-08-03,965.75,965.75,2026-08-02,0,paid_on_time
P007024,L00141,39,2026-08-03,913.41,913.41,2026-08-02,0,paid_on_time
P007025,L00180,33,2026-08-03,1447.87,1447.87,2026-08-03,0,paid_on_time
P007026,L00230,26,2026-08-03,268.46,268.46,2026-07-31,0,paid_on_time
P007027,L00296,18,2026-08-03,1097.72,1097.72,2026-08-03,0,paid_on_time
P007028,L00308,17,2026-08-03,98.58,98.58,2026-07-31,0,paid_on_time
P007029,L00339,15,2026-08-03,589.31,589.31,2026-08-01,0,paid_on_time
P007030,L00363,14,2026-08-03,139.31,139.31,2026-08-01,0,paid_on_time
P007031,L00364,14,2026-08-03,584.93,584.93,2026-08-24,21,paid_late
P007032,L00414,11,2026-08-03,410.2,410.2,2026-08-01,0,paid_on_time
P007033,L00434,10,2026-08-03,791.38,791.38,2026-08-01,0,paid_on_time
P007034,L00435,10,2026-08-03,2350.83,2350.83,2026-08-02,0,paid_on_time
P007035,L00463,9,2026-08-03,1094.9,1094.9,2026-08-02,0,paid_on_time
P007036,L00464,9,2026-08-03,418.46,418.46,2026-08-03,0,paid_on_time
P007037,L00487,8,2026-08-03,1012.24,0.0,,58,unpaid
P007038,L00527,6,2026-08-03,360.72,360.72,2026-08-01,0,paid_on_time
P007039,L00566,4,2026-08-03,119.25,119.25,2026-08-01,0,paid_on_time
P007040,L00580,3,2026-08-03,674.2,0.0,,58,unpaid
P007041,L00597,2,2026-08-03,491.5,491.5,2026-07-31,0,paid_on_time
P007042,L00058,58,2026-08-04,828.64,828.64,2026-08-04,0,paid_on_time
P007043,L00239,25,2026-08-04,1684.67,1684.67,2026-08-02,0,paid_on_time
P007044,L00365,14,2026-08-04,921.91,921.91,2026-08-04,0,paid_on_time
P007045,L00415,11,2026-08-04,207.66,207.66,2026-08-04,0,paid_on_time
P007046,L00416,11,2026-08-04,1103.13,1103.13,2026-08-04,0,paid_on_time
P007047,L00417,11,2026-08-04,381.76,381.76,2026-08-18,14,paid_late
P007048,L00465,9,2026-08-04,553.52,553.52,2026-08-02,0,paid_on_time
P007049,L00581,3,2026-08-04,812.21,812.21,2026-08-04,0,paid_on_time
P007050,L00051,63,2026-08-05,1900.45,1900.45,2026-08-03,0,paid_on_time
P007051,L00068,55,2026-08-05,527.5,0.0,,31,unpaid
P007052,L00069,55,2026-08-05,1481.4,1481.4,2026-08-03,0,paid_on_time
P007053,L00092,48,2026-08-05,1072.0,1072.0,2026-08-05,0,paid_on_time
P007054,L00110,43,2026-08-05,672.22,672.22,2026-08-05,0,paid_on_time
P007055,L00201,30,2026-08-05,286.02,286.02,2026-08-04,0,paid_on_time
P007056,L00222,27,2026-08-05,671.48,671.48,2026-08-05,0,paid_on_time
P007057,L00247,24,2026-08-05,69.37,69.37,2026-08-05,0,paid_on_time
P007058,L00252,23,2026-08-05,2944.96,2944.96,2026-08-02,0,paid_on_time
P007059,L00253,23,2026-08-05,250.97,250.97,2026-08-21,16,paid_late
P007060,L00260,22,2026-08-05,494.43,494.43,2026-08-04,0,paid_on_time
P007061,L00297,18,2026-08-05,660.93,660.93,2026-08-02,0,paid_on_time
P007062,L00340,15,2026-08-05,387.29,387.29,2026-08-02,0,paid_on_time
P007063,L00488,8,2026-08-05,651.11,651.11,2026-08-05,0,paid_on_time
P007064,L00489,8,2026-08-05,259.35,259.35,2026-08-03,0,paid_on_time
P007065,L00515,7,2026-08-05,531.66,531.66,2026-08-02,0,paid_on_time
P007066,L00541,5,2026-08-05,570.7,570.7,2026-08-04,0,paid_on_time
P007067,L00582,3,2026-08-05,309.63,309.63,2026-08-05,0,paid_on_time
P007068,L00598,2,2026-08-05,292.16,292.16,2026-08-30,25,paid_late
P007069,L00623,1,2026-08-05,531.16,531.16,2026-08-02,0,paid_on_time
P007070,L00004,155,2026-08-06,4466.2,4466.2,2026-08-04,0,paid_on_time
P007071,L00019,120,2026-08-06,2187.33,2187.33,2026-08-04,0,paid_on_time
P007072,L00053,61,2026-08-06,1030.03,1030.03,2026-08-04,0,paid_on_time
P007073,L00059,58,2026-08-06,626.49,626.49,2026-08-05,0,paid_on_time
P007074,L00093,48,2026-08-06,730.14,730.14,2026-08-06,0,paid_on_time
P007075,L00106,44,2026-08-06,2856.91,2856.91,2026-08-03,0,paid_on_time
P007076,L00147,38,2026-08-06,348.05,348.05,2026-08-06,0,paid_on_time
P007077,L00192,31,2026-08-06,894.21,894.21,2026-08-03,0,paid_on_time
P007078,L00202,30,2026-08-06,4839.58,4839.58,2026-08-06,0,paid_on_time
P007079,L00215,28,2026-08-06,756.59,756.59,2026-08-03,0,paid_on_time
P007080,L00223,27,2026-08-06,274.54,274.54,2026-08-05,0,paid_on_time
P007081,L00231,26,2026-08-06,728.02,728.02,2026-08-04,0,paid_on_time
P007082,L00298,18,2026-08-06,1387.32,1387.32,2026-08-04,0,paid_on_time
P007083,L00419,11,2026-08-06,713.24,713.24,2026-08-20,14,paid_late
P007084,L00436,10,2026-08-06,907.12,907.12,2026-08-05,0,paid_on_time
P007085,L00466,9,2026-08-06,555.32,555.32,2026-08-05,0,paid_on_time
P007086,L00490,8,2026-08-06,649.13,649.13,2026-08-06,0,paid_on_time
P007087,L00528,6,2026-08-06,907.04,907.04,2026-08-03,0,paid_on_time
P007088,L00542,5,2026-08-06,376.17,376.17,2026-08-06,0,paid_on_time
P007089,L00543,5,2026-08-06,587.2,587.2,2026-08-06,0,paid_on_time
P007090,L00544,5,2026-08-06,625.87,625.87,2026-08-05,0,paid_on_time
P007091,L00567,4,2026-08-06,344.79,344.79,2026-08-05,0,paid_on_time
P007092,L00568,4,2026-08-06,965.94,965.94,2026-08-03,0,paid_on_time
P007093,L00583,3,2026-08-06,344.01,0.0,,55,unpaid
P007094,L00584,3,2026-08-06,567.48,567.48,2026-08-03,0,paid_on_time
P007095,L00599,2,2026-08-06,3431.18,3431.18,2026-08-03,0,paid_on_time
P007096,L00600,2,2026-08-06,258.34,258.34,2026-08-06,0,paid_on_time
P007097,L00027,101,2026-08-07,1544.11,1544.11,2026-08-05,0,paid_on_time
P007098,L00034,88,2026-08-07,1413.29,1413.29,2026-08-05,0,paid_on_time
P007099,L00045,69,2026-08-07,590.41,590.41,2026-08-06,0,paid_on_time
P007100,L00061,57,2026-08-07,1314.35,1314.35,2026-08-07,0,paid_on_time
P007101,L00102,45,2026-08-07,610.13,610.13,2026-08-06,0,paid_on_time
P007102,L00107,44,2026-08-07,4136.88,4136.88,2026-08-05,0,paid_on_time
P007103,L00142,39,2026-08-07,122.37,122.37,2026-08-14,7,paid_late
P007104,L00148,38,2026-08-07,1896.41,1896.41,2026-08-06,0,paid_on_time
P007105,L00208,29,2026-08-07,1156.32,1156.32,2026-08-06,0,paid_on_time
P007106,L00224,27,2026-08-07,223.06,223.06,2026-08-06,0,paid_on_time
P007107,L00275,20,2026-08-07,495.73,495.73,2026-08-07,0,paid_on_time
P007108,L00282,19,2026-08-07,255.88,255.88,2026-08-07,0,paid_on_time
P007109,L00342,15,2026-08-07,696.53,696.53,2026-08-05,0,paid_on_time
P007110,L00516,7,2026-08-07,1467.92,0.0,,54,unpaid
P007111,L00545,5,2026-08-07,415.4,415.4,2026-08-06,0,paid_on_time
P007112,L00546,5,2026-08-07,987.83,987.83,2026-08-05,0,paid_on_time
P007113,L00601,2,2026-08-07,837.67,837.67,2026-08-05,0,paid_on_time
P007114,L00624,1,2026-08-07,475.75,475.75,2026-08-07,0,paid_on_time
P007115,L00625,1,2026-08-07,359.33,359.33,2026-08-29,22,paid_late
P007116,L00024,104,2026-08-08,1195.78,1195.78,2026-08-08,0,paid_on_time
P007117,L00046,69,2026-08-08,2692.31,2692.31,2026-08-17,9,paid_late
P007118,L00050,64,2026-08-08,5006.45,5006.45,2026-08-08,0,paid_on_time
P007119,L00309,17,2026-08-08,455.35,455.35,2026-08-07,0,paid_on_time
P007120,L00310,17,2026-08-08,684.21,684.21,2026-08-07,0,paid_on_time
P007121,L00323,16,2026-08-08,133.22,133.22,2026-08-05,0,paid_on_time
P007122,L00324,16,2026-08-08,464.16,464.16,2026-08-06,0,paid_on_time
P007123,L00343,15,2026-08-08,730.44,730.44,2026-08-06,0,paid_on_time
P007124,L00467,9,2026-08-08,282.81,282.81,2026-08-08,0,paid_on_time
P007125,L00468,9,2026-08-08,383.54,383.54,2026-08-08,0,paid_on_time
P007126,L00492,8,2026-08-08,1327.87,1327.87,2026-08-08,0,paid_on_time
P007127,L00493,8,2026-08-08,534.87,534.87,2026-08-08,0,paid_on_time
P007128,L00529,6,2026-08-08,1526.58,1526.58,2026-08-08,0,paid_on_time
P007129,L00585,3,2026-08-08,589.37,589.37,2026-08-06,0,paid_on_time
P007130,L00586,3,2026-08-08,154.29,154.29,2026-08-08,0,paid_on_time
P007131,L00602,2,2026-08-08,920.39,920.39,2026-08-06,0,paid_on_time
P007132,L00603,2,2026-08-08,532.72,532.72,2026-08-08,0,paid_on_time
P007133,L00626,1,2026-08-08,193.59,193.59,2026-08-07,0,paid_on_time
P007134,L00627,1,2026-08-08,375.65,375.65,2026-08-06,0,paid_on_time
P007135,L00628,1,2026-08-08,484.79,484.79,2026-08-07,0,paid_on_time
P007136,L00629,1,2026-08-08,695.28,695.28,2026-08-06,0,paid_on_time
P007137,L00005,155,2026-08-09,3714.26,3714.26,2026-08-09,0,paid_on_time
P007138,L00031,96,2026-08-09,1166.25,1166.25,2026-08-09,0,paid_on_time
P007139,L00047,69,2026-08-09,1631.14,1631.14,2026-08-09,0,paid_on_time
P007140,L00052,62,2026-08-09,458.96,458.96,2026-08-08,0,paid_on_time
P007141,L00056,60,2026-08-09,1887.49,1887.49,2026-08-08,0,paid_on_time
P007142,L00164,36,2026-08-09,463.93,463.93,2026-08-09,0,paid_on_time
P007143,L00165,36,2026-08-09,900.5,900.5,2026-09-21,43,paid_late
P007144,L00167,35,2026-08-09,494.06,494.06,2026-08-08,0,paid_on_time
P007145,L00209,29,2026-08-09,895.87,895.87,2026-08-07,0,paid_on_time
P007146,L00225,27,2026-08-09,443.16,443.16,2026-08-09,0,paid_on_time
P007147,L00367,14,2026-08-09,781.07,781.07,2026-08-09,0,paid_on_time
P007148,L00378,13,2026-08-09,255.87,255.87,2026-08-19,10,paid_late
P007149,L00379,13,2026-08-09,275.23,275.23,2026-08-06,0,paid_on_time
P007150,L00391,12,2026-08-09,678.65,678.65,2026-08-09,0,paid_on_time
P007151,L00437,10,2026-08-09,294.55,294.55,2026-08-08,0,paid_on_time
P007152,L00438,10,2026-08-09,796.53,796.53,2026-08-06,0,paid_on_time
P007153,L00469,9,2026-08-09,781.35,781.35,2026-08-09,0,paid_on_time
P007154,L00494,8,2026-08-09,895.54,895.54,2026-08-07,0,paid_on_time
P007155,L00530,6,2026-08-09,642.58,642.58,2026-08-26,17,paid_late
P007156,L00569,4,2026-08-09,732.34,732.34,2026-08-09,0,paid_on_time
P007157,L00604,2,2026-08-09,350.77,350.77,2026-08-08,0,paid_on_time
P007158,L00010,147,2026-08-10,451.75,451.75,2026-08-08,0,paid_on_time
P007159,L00040,74,2026-08-10,1154.04,1154.04,2026-08-10,0,paid_on_time
P007160,L00060,58,2026-08-10,242.9,242.9,2026-08-08,0,paid_on_time
P007161,L00082,51,2026-08-10,1374.6,1374.6,2026-08-07,0,paid_on_time
P007162,L00088,49,2026-08-10,604.18,604.18,2026-08-07,0,paid_on_time
P007163,L00134,40,2026-08-10,132.34,132.34,2026-08-09,0,paid_on_time
P007164,L00168,35,2026-08-10,425.1,0.0,,51,unpaid
P007165,L00182,33,2026-08-10,170.77,170.77,2026-08-22,12,paid_late
P007166,L00183,33,2026-08-10,1116.86,1116.86,2026-08-10,0,paid_on_time
P007167,L00299,18,2026-08-10,374.07,374.07,2026-08-18,8,paid_late
P007168,L00300,18,2026-08-10,3088.53,3088.53,2026-08-07,0,paid_on_time
P007169,L00326,16,2026-08-10,339.05,339.05,2026-08-29,19,paid_late
P007170,L00344,15,2026-08-10,532.44,532.44,2026-08-08,0,paid_on_time
P007171,L00345,15,2026-08-10,302.08,302.08,2026-08-08,0,paid_on_time
P007172,L00368,14,2026-08-10,584.55,584.55,2026-08-08,0,paid_on_time
P007173,L00392,12,2026-08-10,765.21,765.21,2026-08-09,0,paid_on_time
P007174,L00470,9,2026-08-10,1226.05,1226.05,2026-08-19,9,paid_late
P007175,L00495,8,2026-08-10,390.6,390.6,2026-09-14,35,paid_late
P007176,L00496,8,2026-08-10,450.83,450.83,2026-08-10,0,paid_on_time
P007177,L00497,8,2026-08-10,304.31,304.31,2026-08-08,0,paid_on_time
P007178,L00531,6,2026-08-10,355.61,355.61,2026-08-07,0,paid_on_time
P007179,L00570,4,2026-08-10,308.87,308.87,2026-08-07,0,paid_on_time
P007180,L00023,108,2026-08-11,1669.64,1669.64,2026-08-09,0,paid_on_time
P007181,L00076,54,2026-08-11,750.21,0.0,,50,unpaid
P007182,L00103,45,2026-08-11,477.21,477.21,2026-08-09,0,paid_on_time
P007183,L00111,43,2026-08-11,327.8,327.8,2026-08-08,0,paid_on_time
P007184,L00119,42,2026-08-11,704.37,704.37,2026-08-09,0,paid_on_time
P007185,L00126,41,2026-08-11,1005.72,1005.72,2026-08-11,0,paid_on_time
P007186,L00127,41,2026-08-11,352.26,352.26,2026-08-09,0,paid_on_time
P007187,L00158,37,2026-08-11,244.75,244.75,2026-08-10,0,paid_on_time
P007188,L00254,23,2026-08-11,5962.35,5962.35,2026-08-10,0,paid_on_time
P007189,L00255,23,2026-08-11,391.11,391.11,2026-08-08,0,paid_on_time
P007190,L00382,13,2026-08-11,806.73,806.73,2026-08-11,0,paid_on_time
P007191,L00420,11,2026-08-11,1635.03,1635.03,2026-08-11,0,paid_on_time
P007192,L00440,10,2026-08-11,385.78,385.78,2026-08-08,0,paid_on_time
P007193,L00498,8,2026-08-11,415.54,415.54,2026-08-08,0,paid_on_time
P007194,L00517,7,2026-08-11,283.17,283.17,2026-09-04,24,paid_late
P007195,L00547,5,2026-08-11,443.09,443.09,2026-08-23,12,paid_late
P007196,L00605,2,2026-08-11,451.68,451.68,2026-08-08,0,paid_on_time
P007197,L00630,1,2026-08-11,994.0,994.0,2026-08-08,0,paid_on_time
P007198,L00054,61,2026-08-12,1005.95,0.0,,49,unpaid
P007199,L00062,57,2026-08-12,998.23,998.23,2026-08-10,0,paid_on_time
P007200,L00070,55,2026-08-12,436.33,0.0,,49,unpaid
P007201,L00108,44,2026-08-12,297.58,297.58,2026-08-12,0,paid_on_time
P007202,L00112,43,2026-08-12,389.58,389.58,2026-08-11,0,paid_on_time
P007203,L00186,32,2026-08-12,461.26,461.26,2026-08-10,0,paid_on_time
P007204,L00276,20,2026-08-12,443.67,443.67,2026-08-10,0,paid_on_time
P007205,L00301,18,2026-08-12,652.3,652.3,2026-08-10,0,paid_on_time
P007206,L00311,17,2026-08-12,4060.3,4060.3,2026-08-09,0,paid_on_time
P007207,L00369,14,2026-08-12,374.81,374.81,2026-08-09,0,paid_on_time
P007208,L00393,12,2026-08-12,4337.53,4337.53,2026-08-12,0,paid_on_time
P007209,L00471,9,2026-08-12,453.36,453.36,2026-08-12,0,paid_on_time
P007210,L00518,7,2026-08-12,3791.87,3791.87,2026-08-10,0,paid_on_time
P007211,L00548,5,2026-08-12,1296.1,1296.1,2026-08-11,0,paid_on_time
P007212,L00549,5,2026-08-12,993.49,993.49,2026-08-12,0,paid_on_time
P007213,L00571,4,2026-08-12,188.15,188.15,2026-08-11,0,paid_on_time
P007214,L00572,4,2026-08-12,162.23,162.23,2026-08-09,0,paid_on_time
P007215,L00631,1,2026-08-12,655.21,655.21,2026-08-12,0,paid_on_time
P007216,L00015,126,2026-08-13,2722.75,2722.75,2026-08-13,0,paid_on_time
P007217,L00038,78,2026-08-13,1052.17,1052.17,2026-08-15,2,paid_late
P007218,L00128,41,2026-08-13,731.01,731.01,2026-08-13,0,paid_on_time
P007219,L00176,34,2026-08-13,1207.63,1207.63,2026-08-10,0,paid_on_time
P007220,L00187,32,2026-08-13,794.79,794.79,2026-08-10,0,paid_on_time
P007221,L00193,31,2026-08-13,889.34,889.34,2026-08-12,0,paid_on_time
P007222,L00233,26,2026-08-13,3312.12,3312.12,2026-08-11,0,paid_on_time
P007223,L00261,22,2026-08-13,135.87,135.87,2026-08-12,0,paid_on_time
P007224,L00283,19,2026-08-13,576.26,576.26,2026-08-12,0,paid_on_time
P007225,L00312,17,2026-08-13,570.92,570.92,2026-08-13,0,paid_on_time
P007226,L00383,13,2026-08-13,243.05,0.0,,48,unpaid
P007227,L00441,10,2026-08-13,586.41,586.41,2026-08-10,0,paid_on_time
P007228,L00442,10,2026-08-13,200.28,200.28,2026-08-13,0,paid_on_time
P007229,L00550,5,2026-08-13,487.13,487.13,2026-08-10,0,paid_on_time
P007230,L00573,4,2026-08-13,161.93,161.93,2026-08-11,0,paid_on_time
P007231,L00632,1,2026-08-13,355.19,355.19,2026-08-11,0,paid_on_time
P007232,L00018,121,2026-08-14,5555.18,5555.18,2026-08-12,0,paid_on_time
P007233,L00063,57,2026-08-14,1407.73,1407.73,2026-08-14,0,paid_on_time
P007234,L00095,47,2026-08-14,493.83,493.83,2026-08-14,0,paid_on_time
P007235,L00150,38,2026-08-14,693.8,693.8,2026-08-11,0,paid_on_time
P007236,L00195,31,2026-08-14,506.14,506.14,2026-08-14,0,paid_on_time
P007237,L00204,30,2026-08-14,941.27,941.27,2026-08-11,0,paid_on_time
P007238,L00271,21,2026-08-14,485.42,485.42,2026-08-12,0,paid_on_time
P007239,L00284,19,2026-08-14,307.56,307.56,2026-08-11,0,paid_on_time
P007240,L00328,16,2026-08-14,614.18,614.18,2026-08-11,0,paid_on_time
P007241,L00370,14,2026-08-14,447.8,447.8,2026-09-10,27,paid_late
P007242,L00394,12,2026-08-14,393.33,393.33,2026-08-13,0,paid_on_time
P007243,L00472,9,2026-08-14,321.08,321.08,2026-08-13,0,paid_on_time
P007244,L00532,6,2026-08-14,1367.7,1367.7,2026-08-12,0,paid_on_time
P007245,L00533,6,2026-08-14,205.17,205.17,2026-08-14,0,paid_on_time
P007246,L00551,5,2026-08-14,391.74,391.74,2026-08-11,0,paid_on_time
P007247,L00587,3,2026-08-14,662.49,662.49,2026-08-11,0,paid_on_time
P007248,L00043,70,2026-08-15,1040.6,1040.6,2026-08-14,0,paid_on_time
P007249,L00104,45,2026-08-15,442.08,442.08,2026-08-14,0,paid_on_time
P007250,L00120,42,2026-08-15,262.87,262.87,2026-08-15,0,paid_on_time
P007251,L00216,28,2026-08-15,962.26,962.26,2026-08-14,0,paid_on_time
P007252,L00277,20,2026-08-15,689.78,689.78,2026-08-20,5,paid_late
P007253,L00285,19,2026-08-15,4637.41,4637.41,2026-08-15,0,paid_on_time
P007254,L00330,16,2026-08-15,562.56,562.56,2026-08-12,0,paid_on_time
P007255,L00473,9,2026-08-15,807.6,807.6,2026-08-15,0,paid_on_time
P007256,L00499,8,2026-08-15,195.38,195.38,2026-08-15,0,paid_on_time
P007257,L00500,8,2026-08-15,693.64,693.64,2026-08-13,0,paid_on_time
P007258,L00519,7,2026-08-15,377.64,377.64,2026-08-14,0,paid_on_time
P007259,L00574,4,2026-08-15,408.17,408.17,2026-08-12,0,paid_on_time
P007260,L00588,3,2026-08-15,932.31,932.31,2026-08-15,0,paid_on_time
P007261,L00606,2,2026-08-15,117.14,117.14,2026-08-13,0,paid_on_time
P007262,L00607,2,2026-08-15,587.2,587.2,2026-08-13,0,paid_on_time
P007263,L00608,2,2026-08-15,691.71,691.71,2026-08-12,0,paid_on_time
P007264,L00633,1,2026-08-15,790.75,790.75,2026-08-15,0,paid_on_time
P007265,L00017,122,2026-08-16,1399.27,1399.27,2026-08-14,0,paid_on_time
P007266,L00033,90,2026-08-16,488.18,488.18,2026-08-14,0,paid_on_time
P007267,L00035,87,2026-08-16,2474.76,2474.76,2026-08-15,0,paid_on_time
P007268,L00121,42,2026-08-16,1741.4,1741.4,2026-08-16,0,paid_on_time
P007269,L00151,38,2026-08-16,230.11,230.11,2026-09-07,22,paid_late
P007270,L00210,29,2026-08-16,1078.93,1078.93,2026-08-15,0,paid_on_time
P007271,L00227,27,2026-08-16,545.86,545.86,2026-08-14,0,paid_on_time
P007272,L00234,26,2026-08-16,659.89,659.89,2026-08-13,0,paid_on_time
P007273,L00248,24,2026-08-16,2095.25,2095.25,2026-08-16,0,paid_on_time
P007274,L00286,19,2026-08-16,629.76,629.76,2026-08-16,0,paid_on_time
P007275,L00287,19,2026-08-16,361.67,361.67,2026-08-15,0,paid_on_time
P007276,L00314,17,2026-08-16,133.26,133.26,2026-08-16,0,paid_on_time
P007277,L00347,15,2026-08-16,622.05,622.05,2026-08-13,0,paid_on_time
P007278,L00395,12,2026-08-16,345.71,345.71,2026-08-13,0,paid_on_time
P007279,L00421,11,2026-08-16,244.98,244.98,2026-08-13,0,paid_on_time
P007280,L00444,10,2026-08-16,449.21,0.0,,45,unpaid
P007281,L00474,9,2026-08-16,1190.95,1190.95,2026-08-15,0,paid_on_time
P007282,L00520,7,2026-08-16,569.25,569.25,2026-08-16,0,paid_on_time
P007283,L00535,6,2026-08-16,765.3,765.3,2026-08-13,0,paid_on_time
P007284,L00552,5,2026-08-16,299.62,299.62,2026-08-15,0,paid_on_time
P007285,L00634,1,2026-08-16,153.48,153.48,2026-08-17,1,paid_late
P007286,L00006,153,2026-08-17,1297.93,1297.93,2026-08-15,0,paid_on_time
P007287,L00042,72,2026-08-17,702.79,702.79,2026-08-15,0,paid_on_time
P007288,L00044,70,2026-08-17,999.08,999.08,2026-08-15,0,paid_on_time
P007289,L00055,61,2026-08-17,495.46,495.46,2026-08-15,0,paid_on_time
P007290,L00096,47,2026-08-17,3809.24,3809.24,2026-08-14,0,paid_on_time
P007291,L00122,42,2026-08-17,396.75,396.75,2026-08-15,0,paid_on_time
P007292,L00129,41,2026-08-17,5383.46,5383.46,2026-08-16,0,paid_on_time
P007293,L00135,40,2026-08-17,1392.09,1392.09,2026-08-14,0,paid_on_time
P007294,L00228,27,2026-08-17,151.67,151.67,2026-08-15,0,paid_on_time
P007295,L00257,23,2026-08-17,328.84,328.84,2026-08-16,0,paid_on_time
P007296,L00289,19,2026-08-17,327.34,327.34,2026-08-16,0,paid_on_time
P007297,L00315,17,2026-08-17,1369.79,1369.79,2026-08-16,0,paid_on_time
P007298,L00331,16,2026-08-17,186.73,186.73,2026-08-15,0,paid_on_time
P007299,L00385,13,2026-08-17,329.97,329.97,2026-08-17,0,paid_on_time
P007300,L00396,12,2026-08-17,534.54,534.54,2026-08-17,0,paid_on_time
P007301,L00445,10,2026-08-17,1607.75,1607.75,2026-08-16,0,paid_on_time
P007302,L00446,10,2026-08-17,1134.61,1134.61,2026-08-16,0,paid_on_time
P007303,L00501,8,2026-08-17,830.64,830.64,2026-08-16,0,paid_on_time
P007304,L00554,5,2026-08-17,165.94,165.94,2026-08-16,0,paid_on_time
P007305,L00555,5,2026-08-17,83.6,83.6,2026-08-17,0,paid_on_time
P007306,L00556,5,2026-08-17,437.21,437.21,2026-08-15,0,paid_on_time
P007307,L00557,5,2026-08-17,473.52,473.52,2026-08-16,0,paid_on_time
P007308,L00589,3,2026-08-17,223.83,223.83,2026-09-05,19,paid_late
P007309,L00590,3,2026-08-17,666.31,666.31,2026-08-16,0,paid_on_time
P007310,L00635,1,2026-08-17,537.7,537.7,2026-08-14,0,paid_on_time
P007311,L00016,124,2026-08-18,2087.02,2087.02,2026-08-17,0,paid_on_time
P007312,L00026,103,2026-08-18,1366.27,1366.27,2026-08-15,0,paid_on_time
P007313,L00206,30,2026-08-18,1805.79,1805.79,2026-08-16,0,paid_on_time
P007314,L00217,28,2026-08-18,230.93,230.93,2026-08-15,0,paid_on_time
P007315,L00262,22,2026-08-18,244.62,244.62,2026-08-18,0,paid_on_time
P007316,L00290,19,2026-08-18,729.21,729.21,2026-08-18,0,paid_on_time
P007317,L00302,18,2026-08-18,528.31,528.31,2026-08-17,0,paid_on_time
P007318,L00332,16,2026-08-18,1160.99,1160.99,2026-08-15,0,paid_on_time
P007319,L00349,15,2026-08-18,732.05,732.05,2026-08-15,0,paid_on_time
P007320,L00371,14,2026-08-18,668.17,668.17,2026-08-18,0,paid_on_time
P007321,L00398,12,2026-08-18,914.52,914.52,2026-08-18,0,paid_on_time
P007322,L00422,11,2026-08-18,620.56,620.56,2026-08-17,0,paid_on_time
P007323,L00575,4,2026-08-18,1440.74,1440.74,2026-08-16,0,paid_on_time
P007324,L00591,3,2026-08-18,498.11,498.11,2026-08-16,0,paid_on_time
P007325,L00609,2,2026-08-18,1726.25,1726.25,2026-08-29,11,paid_late
P007326,L00636,1,2026-08-18,493.28,493.28,2026-08-18,0,paid_on_time
P007327,L00001,162,2026-08-19,872.89,872.89,2026-08-17,0,paid_on_time
P007328,L00013,132,2026-08-19,947.9,947.9,2026-08-17,0,paid_on_time
P007329,L00014,130,2026-08-19,3544.09,3544.09,2026-08-18,0,paid_on_time
P007330,L00020,116,2026-08-19,599.02,599.02,2026-08-17,0,paid_on_time
P007331,L00028,100,2026-08-19,859.63,859.63,2026-08-16,0,paid_on_time
P007332,L00083,51,2026-08-19,170.36,170.36,2026-09-07,19,paid_late
P007333,L00090,49,2026-08-19,940.56,940.56,2026-08-18,0,paid_on_time
P007334,L00091,49,2026-08-19,333.65,333.65,2026-08-16,0,paid_on_time
P007335,L00130,41,2026-08-19,891.36,891.36,2026-08-17,0,paid_on_time
P007336,L00350,15,2026-08-19,913.36,913.36,2026-08-19,0,paid_on_time
P007337,L00399,12,2026-08-19,319.53,319.53,2026-08-17,0,paid_on_time
P007338,L00521,7,2026-08-19,717.46,717.46,2026-08-17,0,paid_on_time
P007339,L00637,1,2026-08-19,488.14,488.14,2026-08-18,0,paid_on_time
P007340,L00032,92,2026-08-20,1649.77,1649.77,2026-08-19,0,paid_on_time
P007341,L00131,41,2026-08-20,1276.47,1276.47,2026-08-19,0,paid_on_time
P007342,L00154,38,2026-08-20,313.1,0.0,,41,unpaid
P007343,L00170,35,2026-08-20,1120.0,1120.0,2026-08-18,0,paid_on_time
P007344,L00291,19,2026-08-20,1254.39,1254.39,2026-08-20,0,paid_on_time
P007345,L00317,17,2026-08-20,690.9,690.9,2026-08-26,6,paid_late
P007346,L00333,16,2026-08-20,328.96,328.96,2026-08-18,0,paid_on_time
P007347,L00351,15,2026-08-20,281.71,281.71,2026-08-18,0,paid_on_time
P007348,L00386,13,2026-08-20,636.78,636.78,2026-08-20,0,paid_on_time
P007349,L00400,12,2026-08-20,1657.16,1657.16,2026-09-14,25,paid_late
P007350,L00423,11,2026-08-20,1390.3,1390.3,2026-08-19,0,paid_on_time
P007351,L00424,11,2026-08-20,372.69,372.69,2026-08-19,0,paid_on_time
P007352,L00522,7,2026-08-20,200.09,200.09,2026-08-20,0,paid_on_time
P007353,L00537,6,2026-08-20,355.98,355.98,2026-08-19,0,paid_on_time
P007354,L00610,2,2026-08-20,122.8,122.8,2026-08-18,0,paid_on_time
P007355,L00638,1,2026-08-20,109.45,109.45,2026-08-18,0,paid_on_time
P007356,L00084,51,2026-08-21,352.49,352.49,2026-08-19,0,paid_on_time
P007357,L00097,47,2026-08-21,1660.09,1660.09,2026-08-20,0,paid_on_time
P007358,L00159,37,2026-08-21,813.68,813.68,2026-08-22,1,paid_late
P007359,L00160,37,2026-08-21,3164.49,3164.49,2026-08-18,0,paid_on_time
P007360,L00218,28,2026-08-21,3945.26,3945.26,2026-08-19,0,paid_on_time
P007361,L00242,25,2026-08-21,450.32,450.32,2026-08-19,0,paid_on_time
P007362,L00263,22,2026-08-21,846.87,846.87,2026-08-21,0,paid_on_time
P007363,L00303,18,2026-08-21,3623.36,3623.36,2026-08-18,0,paid_on_time
P007364,L00352,15,2026-08-21,1279.4,1279.4,2026-08-20,0,paid_on_time
P007365,L00387,13,2026-08-21,476.49,476.49,2026-08-19,0,paid_on_time
P007366,L00425,11,2026-08-21,485.11,485.11,2026-09-06,16,paid_late
P007367,L00426,11,2026-08-21,768.32,768.32,2026-08-18,0,paid_on_time
P007368,L00558,5,2026-08-21,724.24,724.24,2026-08-19,0,paid_on_time
P007369,L00576,4,2026-08-21,560.78,560.78,2026-08-20,0,paid_on_time
P007370,L00592,3,2026-08-21,932.32,932.32,2026-08-21,0,paid_on_time
P007371,L00639,1,2026-08-21,184.51,184.51,2026-08-20,0,paid_on_time
P007372,L00008,150,2026-08-22,1043.51,1043.51,2026-08-19,0,paid_on_time
P007373,L00049,65,2026-08-22,3041.98,3041.98,2026-08-21,0,paid_on_time
P007374,L00098,47,2026-08-22,1385.41,1385.41,2026-08-21,0,paid_on_time
P007375,L00113,43,2026-08-22,677.07,677.07,2026-08-22,0,paid_on_time
P007376,L00132,41,2026-08-22,238.38,238.38,2026-09-13,22,paid_late
P007377,L00189,32,2026-08-22,142.38,142.38,2026-08-21,0,paid_on_time
P007378,L00229,27,2026-08-22,696.96,696.96,2026-08-20,0,paid_on_time
P007379,L00264,22,2026-08-22,299.57,299.57,2026-08-20,0,paid_on_time
P007380,L00279,20,2026-08-22,506.59,506.59,2026-08-21,0,paid_on_time
P007381,L00304,18,2026-08-22,191.99,191.99,2026-08-22,0,paid_on_time
P007382,L00353,15,2026-08-22,401.58,401.58,2026-08-22,0,paid_on_time
P007383,L00402,12,2026-08-22,847.17,847.17,2026-08-20,0,paid_on_time
P007384,L00403,12,2026-08-22,249.32,0.0,,39,unpaid
P007385,L00475,9,2026-08-22,793.79,793.79,2026-08-21,0,paid_on_time
P007386,L00502,8,2026-08-22,498.78,498.78,2026-08-21,0,paid_on_time
P007387,L00559,5,2026-08-22,330.03,330.03,2026-08-19,0,paid_on_time
P007388,L00611,2,2026-08-22,541.76,541.76,2026-09-04,13,paid_late
P007389,L00012,140,2026-08-23,2313.25,2313.25,2026-08-20,0,paid_on_time
P007390,L00036,81,2026-08-23,5425.67,0.0,,38,unpaid
P007391,L00041,73,2026-08-23,1241.28,1241.28,2026-08-22,0,paid_on_time
P007392,L00071,55,2026-08-23,561.59,561.59,2026-08-21,0,paid_on_time
P007393,L00080,52,2026-08-23,3899.39,3899.39,2026-08-21,0,paid_on_time
P007394,L00123,42,2026-08-23,509.28,509.28,2026-08-21,0,paid_on_time
P007395,L00161,37,2026-08-23,2812.43,2812.43,2026-08-22,0,paid_on_time
P007396,L00196,31,2026-08-23,152.51,152.51,2026-08-23,0,paid_on_time
P007397,L00211,29,2026-08-23,175.17,175.17,2026-08-21,0,paid_on_time
P007398,L00219,28,2026-08-23,2801.45,2801.45,2026-08-21,0,paid_on_time
P007399,L00265,22,2026-08-23,883.61,883.61,2026-08-23,0,paid_on_time
P007400,L00292,19,2026-08-23,791.09,791.09,2026-08-21,0,paid_on_time
P007401,L00334,16,2026-08-23,325.36,325.36,2026-08-20,0,paid_on_time
P007402,L00354,15,2026-08-23,807.03,807.03,2026-08-22,0,paid_on_time
P007403,L00355,15,2026-08-23,915.73,915.73,2026-08-23,0,paid_on_time
P007404,L00372,14,2026-08-23,187.18,187.18,2026-08-23,0,paid_on_time
P007405,L00388,13,2026-08-23,392.01,392.01,2026-08-20,0,paid_on_time
P007406,L00428,11,2026-08-23,117.11,117.11,2026-08-20,0,paid_on_time
P007407,L00476,9,2026-08-23,412.78,412.78,2026-08-23,0,paid_on_time
P007408,L00503,8,2026-08-23,170.92,170.92,2026-08-23,0,paid_on_time
P007409,L00504,8,2026-08-23,700.56,700.56,2026-08-22,0,paid_on_time
P007410,L00505,8,2026-08-23,698.79,698.79,2026-08-23,0,paid_on_time
P007411,L00560,5,2026-08-23,121.6,121.6,2026-08-23,0,paid_on_time
P007412,L00593,3,2026-08-23,774.31,774.31,2026-08-20,0,paid_on_time
P007413,L00612,2,2026-08-23,418.13,418.13,2026-09-19,27,paid_late
P007414,L00640,1,2026-08-23,532.99,532.99,2026-08-23,0,paid_on_time
P007415,L00072,55,2026-08-24,1714.68,1714.68,2026-08-23,0,paid_on_time
P007416,L00143,39,2026-08-24,369.61,369.61,2026-08-21,0,paid_on_time
P007417,L00171,35,2026-08-24,378.47,378.47,2026-08-21,0,paid_on_time
P007418,L00172,35,2026-08-24,246.44,246.44,2026-08-24,0,paid_on_time
P007419,L00197,31,2026-08-24,4082.86,4082.86,2026-08-24,0,paid_on_time
P007420,L00243,25,2026-08-24,4829.64,4829.64,2026-08-22,0,paid_on_time
P007421,L00293,19,2026-08-24,715.78,715.78,2026-08-22,0,paid_on_time
P007422,L00318,17,2026-08-24,785.27,785.27,2026-09-17,24,paid_late
P007423,L00356,15,2026-08-24,151.33,151.33,2026-08-23,0,paid_on_time
P007424,L00373,14,2026-08-24,507.47,507.47,2026-08-22,0,paid_on_time
P007425,L00523,7,2026-08-24,227.41,227.41,2026-08-21,0,paid_on_time
P007426,L00613,2,2026-08-24,368.5,368.5,2026-08-22,0,paid_on_time
P007427,L00641,1,2026-08-24,381.93,381.93,2026-08-21,0,paid_on_time
P007428,L00039,76,2026-08-25,2154.36,2154.36,2026-08-24,0,paid_on_time
P007429,L00094,48,2026-08-25,798.81,798.81,2026-08-23,0,paid_on_time
P007430,L00144,39,2026-08-25,1999.88,1999.88,2026-08-23,0,paid_on_time
P007431,L00190,32,2026-08-25,668.94,668.94,2026-09-02,8,paid_late
P007432,L00236,26,2026-08-25,379.28,379.28,2026-09-05,11,paid_late
P007433,L00237,26,2026-08-25,1577.72,1577.72,2026-08-22,0,paid_on_time
P007434,L00244,25,2026-08-25,797.65,797.65,2026-08-22,0,paid_on_time
P007435,L00335,16,2026-08-25,292.08,292.08,2026-09-13,19,paid_late
P007436,L00404,12,2026-08-25,800.98,800.98,2026-08-30,5,paid_late
P007437,L00405,12,2026-08-25,325.9,325.9,2026-08-23,0,paid_on_time
P007438,L00406,12,2026-08-25,516.67,516.67,2026-08-24,0,paid_on_time
P007439,L00506,8,2026-08-25,194.53,194.53,2026-08-23,0,paid_on_time
P007440,L00524,7,2026-08-25,1067.88,1067.88,2026-08-22,0,paid_on_time
P007441,L00577,4,2026-08-25,120.06,120.06,2026-08-23,0,paid_on_time
P007442,L00614,2,2026-08-25,774.72,774.72,2026-08-24,0,paid_on_time
P007443,L00030,97,2026-08-26,1332.55,1332.55,2026-08-25,0,paid_on_time
P007444,L00037,81,2026-08-26,684.3,684.3,2026-08-24,0,paid_on_time
P007445,L00073,55,2026-08-26,313.76,313.76,2026-08-25,0,paid_on_time
P007446,L00087,50,2026-08-26,485.7,485.7,2026-08-24,0,paid_on_time
P007447,L00145,39,2026-08-26,783.93,783.93,2026-08-25,0,paid_on_time
P007448,L00178,34,2026-08-26,1322.66,1322.66,2026-08-25,0,paid_on_time
P007449,L00198,31,2026-08-26,353.93,353.93,2026-08-26,0,paid_on_time
P007450,L00306,18,2026-08-26,386.96,386.96,2026-08-24,0,paid_on_time
P007451,L00374,14,2026-08-26,759.66,759.66,2026-08-23,0,paid_on_time
P007452,L00389,13,2026-08-26,547.48,547.48,2026-08-25,0,paid_on_time
P007453,L00429,11,2026-08-26,1035.18,1035.18,2026-08-26,0,paid_on_time
P007454,L00525,7,2026-08-26,332.84,332.84,2026-08-26,0,paid_on_time
P007455,L00538,6,2026-08-26,158.81,158.81,2026-08-25,0,paid_on_time
P007456,L00539,6,2026-08-26,946.7,946.7,2026-08-26,0,paid_on_time
P007457,L00561,5,2026-08-26,857.94,857.94,2026-08-26,0,paid_on_time
P007458,L00562,5,2026-08-26,336.67,336.67,2026-09-19,24,paid_late
P007459,L00578,4,2026-08-26,682.47,682.47,2026-08-25,0,paid_on_time
P007460,L00615,2,2026-08-26,661.46,661.46,2026-08-23,0,paid_on_time
P007461,L00642,1,2026-08-26,529.11,529.11,2026-08-24,0,paid_on_time
P007462,L00643,1,2026-08-26,494.46,494.46,2026-08-24,0,paid_on_time
P007463,L00007,151,2026-08-27,1181.6,1181.6,2026-08-26,0,paid_on_time
P007464,L00009,149,2026-08-27,1014.74,1014.74,2026-08-27,0,paid_on_time
P007465,L00074,55,2026-08-27,1814.09,1814.09,2026-08-25,0,paid_on_time
P007466,L00357,15,2026-08-27,705.03,705.03,2026-08-27,0,paid_on_time
P007467,L00451,10,2026-08-27,519.15,519.15,2026-08-27,0,paid_on_time
P007468,L00452,10,2026-08-27,211.98,211.98,2026-08-26,0,paid_on_time
P007469,L00477,9,2026-08-27,457.61,457.61,2026-08-25,0,paid_on_time
P007470,L00594,3,2026-08-27,419.61,419.61,2026-08-25,0,paid_on_time
P007471,L00616,2,2026-08-27,259.43,0.0,,34,unpaid
P007472,L00644,1,2026-08-27,179.82,179.82,2026-08-24,0,paid_on_time
P007473,L00022,109,2026-08-28,1038.84,1038.84,2026-08-25,0,paid_on_time
P007474,L00057,60,2026-08-28,603.0,603.0,2026-09-18,21,paid_late
P007475,L00065,56,2026-08-28,1911.1,1911.1,2026-09-30,33,paid_late
P007476,L00079,53,2026-08-28,553.36,553.36,2026-08-25,0,paid_on_time
P007477,L00081,52,2026-08-28,487.74,0.0,,33,unpaid
P007478,L00086,51,2026-08-28,542.24,542.24,2026-08-26,0,paid_on_time
P007479,L00114,43,2026-08-28,1545.46,1545.46,2026-08-27,0,paid_on_time
P007480,L00115,43,2026-08-28,581.64,581.64,2026-08-27,0,paid_on_time
P007481,L00116,43,2026-08-28,4765.2,4765.2,2026-08-26,0,paid_on_time
P007482,L00117,43,2026-08-28,1642.14,1642.14,2026-08-26,0,paid_on_time
P007483,L00138,40,2026-08-28,475.85,475.85,2026-09-28,31,paid_late
P007484,L00156,38,2026-08-28,856.46,856.46,2026-08-28,0,paid_on_time
P007485,L00173,35,2026-08-28,746.3,746.3,2026-08-25,0,paid_on_time
P007486,L00191,32,2026-08-28,936.13,936.13,2026-08-25,0,paid_on_time
P007487,L00200,31,2026-08-28,253.76,253.76,2026-09-19,22,paid_late
P007488,L00213,29,2026-08-28,767.71,767.71,2026-08-28,0,paid_on_time
P007489,L00220,28,2026-08-28,596.29,0.0,,33,unpaid
P007490,L00238,26,2026-08-28,893.78,893.78,2026-08-27,0,paid_on_time
P007491,L00245,25,2026-08-28,2175.35,2175.35,2026-08-28,0,paid_on_time
P007492,L00246,25,2026-08-28,1166.75,1166.75,2026-08-25,0,paid_on_time
P007493,L00250,24,2026-08-28,169.37,169.37,2026-09-18,21,paid_late
P007494,L00272,21,2026-08-28,197.04,197.04,2026-08-28,0,paid_on_time
P007495,L00280,20,2026-08-28,2010.72,2010.72,2026-08-28,0,paid_on_time
P007496,L00281,20,2026-08-28,2776.0,2776.0,2026-08-26,0,paid_on_time
P007497,L00294,19,2026-08-28,2580.19,2580.19,2026-08-27,0,paid_on_time
P007498,L00295,19,2026-08-28,2738.06,2738.06,2026-08-28,0,paid_on_time
P007499,L00319,17,2026-08-28,1044.26,1044.26,2026-08-27,0,paid_on_time
P007500,L00336,16,2026-08-28,761.18,0.0,,33,unpaid
P007501,L00359,15,2026-08-28,399.48,399.48,2026-08-25,0,paid_on_time
P007502,L00360,15,2026-08-28,365.61,365.61,2026-08-25,0,paid_on_time
P007503,L00407,12,2026-08-28,470.34,470.34,2026-08-26,0,paid_on_time
P007504,L00408,12,2026-08-28,954.6,954.6,2026-08-26,0,paid_on_time
P007505,L00409,12,2026-08-28,3818.88,3818.88,2026-08-25,0,paid_on_time
P007506,L00410,12,2026-08-28,336.89,336.89,2026-08-25,0,paid_on_time
P007507,L00430,11,2026-08-28,437.06,437.06,2026-08-27,0,paid_on_time
P007508,L00431,11,2026-08-28,262.85,262.85,2026-09-14,17,paid_late
P007509,L00432,11,2026-08-28,311.98,311.98,2026-08-27,0,paid_on_time
P007510,L00433,11,2026-08-28,152.15,152.15,2026-08-26,0,paid_on_time
P007511,L00453,10,2026-08-28,255.21,255.21,2026-08-25,0,paid_on_time
P007512,L00454,10,2026-08-28,460.82,460.82,2026-08-25,0,paid_on_time
P007513,L00455,10,2026-08-28,664.95,664.95,2026-08-27,0,paid_on_time
P007514,L00456,10,2026-08-28,936.55,936.55,2026-08-28,0,paid_on_time
P007515,L00457,10,2026-08-28,449.08,449.08,2026-08-25,0,paid_on_time
P007516,L00458,10,2026-08-28,277.89,0.0,,33,unpaid
P007517,L00478,9,2026-08-28,929.98,929.98,2026-08-27,0,paid_on_time
P007518,L00480,9,2026-08-28,449.17,449.17,2026-08-26,0,paid_on_time
P007519,L00481,9,2026-08-28,876.87,876.87,2026-09-11,14,paid_late
P007520,L00482,9,2026-08-28,234.31,234.31,2026-08-25,0,paid_on_time
P007521,L00483,9,2026-08-28,411.18,411.18,2026-08-28,0,paid_on_time
P007522,L00508,8,2026-08-28,409.58,409.58,2026-08-27,0,paid_on_time
P007523,L00509,8,2026-08-28,761.6,761.6,2026-08-25,0,paid_on_time
P007524,L00510,8,2026-08-28,1215.38,1215.38,2026-08-26,0,paid_on_time
P007525,L00511,8,2026-08-28,743.63,743.63,2026-08-26,0,paid_on_time
P007526,L00526,7,2026-08-28,897.15,897.15,2026-08-28,0,paid_on_time
P007527,L00563,5,2026-08-28,671.93,671.93,2026-08-26,0,paid_on_time
P007528,L00564,5,2026-08-28,778.03,778.03,2026-08-26,0,paid_on_time
P007529,L00565,5,2026-08-28,604.07,604.07,2026-08-26,0,paid_on_time
P007530,L00595,3,2026-08-28,207.02,207.02,2026-08-26,0,paid_on_time
P007531,L00617,2,2026-08-28,335.94,335.94,2026-08-27,0,paid_on_time
P007532,L00618,2,2026-08-28,157.01,157.01,2026-08-27,0,paid_on_time
P007533,L00619,2,2026-08-28,149.21,149.21,2026-08-28,0,paid_on_time
P007534,L00620,2,2026-08-28,447.99,447.99,2026-08-26,0,paid_on_time
P007535,L00621,2,2026-08-28,202.92,202.92,2026-08-26,0,paid_on_time
P007536,L00645,1,2026-08-28,1033.67,0.0,,33,unpaid
P007537,L00646,1,2026-08-28,274.99,274.99,2026-08-25,0,paid_on_time
P007538,L00647,1,2026-08-28,566.19,566.19,2026-08-28,0,paid_on_time
P007539,L00648,1,2026-08-28,617.41,617.41,2026-08-25,0,paid_on_time
P007540,L00066,56,2026-09-01,856.43,856.43,2026-08-31,0,paid_on_time
P007541,L00067,56,2026-09-01,5150.69,5150.69,2026-09-01,0,paid_on_time
P007542,L00099,46,2026-09-01,1471.68,1471.68,2026-08-31,0,paid_on_time
P007543,L00100,46,2026-09-01,1187.24,1187.24,2026-09-01,0,paid_on_time
P007544,L00109,44,2026-09-01,2101.11,2101.11,2026-08-29,0,paid_on_time
P007545,L00268,22,2026-09-01,3738.67,3738.67,2026-08-30,0,paid_on_time
P007546,L00361,15,2026-09-01,421.04,421.04,2026-09-01,0,paid_on_time
P007547,L00376,14,2026-09-01,371.84,371.84,2026-08-31,0,paid_on_time
P007548,L00411,12,2026-09-01,725.51,725.51,2026-08-29,0,paid_on_time
P007549,L00412,12,2026-09-01,494.69,494.69,2026-09-01,0,paid_on_time
P007550,L00459,10,2026-09-01,917.2,917.2,2026-08-29,0,paid_on_time
P007551,L00512,8,2026-09-01,1002.51,1002.51,2026-08-31,0,paid_on_time
P007552,L00622,2,2026-09-01,582.94,582.94,2026-08-30,0,paid_on_time
P007553,L00011,145,2026-09-02,3685.16,3685.16,2026-08-31,0,paid_on_time
P007554,L00025,104,2026-09-02,873.16,873.16,2026-08-30,0,paid_on_time
P007555,L00048,66,2026-09-02,3101.68,3101.68,2026-09-02,0,paid_on_time
P007556,L00124,42,2026-09-02,1451.35,0.0,,28,unpaid
P007557,L00133,41,2026-09-02,4939.5,4939.5,2026-09-01,0,paid_on_time
P007558,L00174,35,2026-09-02,588.33,588.33,2026-09-01,0,paid_on_time
P007559,L00221,28,2026-09-02,90.7,90.7,2026-09-26,24,paid_late
P007560,L00251,24,2026-09-02,360.6,360.6,2026-08-30,0,paid_on_time
P007561,L00258,23,2026-09-02,2005.5,2005.5,2026-09-02,0,paid_on_time
P007562,L00273,21,2026-09-02,696.31,696.31,2026-08-31,0,paid_on_time
P007563,L00307,18,2026-09-02,641.01,0.0,,28,unpaid
P007564,L00321,17,2026-09-02,155.78,155.78,2026-08-31,0,paid_on_time
P007565,L00322,17,2026-09-02,482.32,482.32,2026-09-04,2,paid_late
P007566,L00338,16,2026-09-02,544.77,544.77,2026-09-02,0,paid_on_time
P007567,L00413,12,2026-09-02,590.44,590.44,2026-09-02,0,paid_on_time
P007568,L00460,10,2026-09-02,489.77,489.77,2026-09-01,0,paid_on_time
P007569,L00461,10,2026-09-02,265.63,265.63,2026-08-31,0,paid_on_time
P007570,L00462,10,2026-09-02,542.44,542.44,2026-09-02,0,paid_on_time
P007571,L00484,9,2026-09-02,406.44,406.44,2026-08-31,0,paid_on_time
P007572,L00485,9,2026-09-02,258.48,258.48,2026-08-31,0,paid_on_time
P007573,L00486,9,2026-09-02,825.82,0.0,,28,unpaid
P007574,L00513,8,2026-09-02,422.82,422.82,2026-09-02,0,paid_on_time
P007575,L00514,8,2026-09-02,411.24,411.24,2026-08-31,0,paid_on_time
P007576,L00540,6,2026-09-02,1225.17,1225.17,2026-09-01,0,paid_on_time
P007577,L00596,3,2026-09-02,277.26,0.0,,28,unpaid
P007578,L00649,1,2026-09-02,326.94,326.94,2026-08-31,0,paid_on_time
P007579,L00021,114,2026-09-03,1229.88,1229.88,2026-08-31,0,paid_on_time
P007580,L00075,55,2026-09-03,921.85,921.85,2026-09-01,0,paid_on_time
P007581,L00101,46,2026-09-03,420.86,420.86,2026-09-02,0,paid_on_time
P007582,L00105,45,2026-09-03,3823.79,3823.79,2026-09-01,0,paid_on_time
P007583,L00125,42,2026-09-03,965.75,965.75,2026-09-02,0,paid_on_time
P007584,L00141,40,2026-09-03,913.41,913.41,2026-09-03,0,paid_on_time
P007585,L00180,34,2026-09-03,1447.87,1447.87,2026-09-01,0,paid_on_time
P007586,L00230,27,2026-09-03,268.46,268.46,2026-09-03,0,paid_on_time
P007587,L00296,19,2026-09-03,1097.72,0.0,,27,unpaid
P007588,L00308,18,2026-09-03,98.58,98.58,2026-09-02,0,paid_on_time
P007589,L00339,16,2026-09-03,589.31,589.31,2026-09-01,0,paid_on_time
P007590,L00363,15,2026-09-03,139.31,139.31,2026-09-03,0,paid_on_time
P007591,L00364,15,2026-09-03,584.93,584.93,2026-09-01,0,paid_on_time
P007592,L00414,12,2026-09-03,410.2,410.2,2026-09-03,0,paid_on_time
P007593,L00434,11,2026-09-03,791.38,0.0,,27,unpaid
P007594,L00435,11,2026-09-03,2350.83,2350.83,2026-08-31,0,paid_on_time
P007595,L00463,10,2026-09-03,1094.9,1094.9,2026-08-31,0,paid_on_time
P007596,L00464,10,2026-09-03,418.46,418.46,2026-09-02,0,paid_on_time
P007597,L00487,9,2026-09-03,1012.24,0.0,,27,unpaid
P007598,L00527,7,2026-09-03,360.72,360.72,2026-09-01,0,paid_on_time
P007599,L00566,5,2026-09-03,119.25,119.25,2026-09-03,0,paid_on_time
P007600,L00580,4,2026-09-03,674.2,0.0,,27,unpaid
P007601,L00597,3,2026-09-03,491.5,491.5,2026-09-01,0,paid_on_time
P007602,L00058,59,2026-09-04,828.64,828.64,2026-09-02,0,paid_on_time
P007603,L00239,26,2026-09-04,1684.67,1684.67,2026-09-01,0,paid_on_time
P007604,L00365,15,2026-09-04,921.91,921.91,2026-09-01,0,paid_on_time
P007605,L00415,12,2026-09-04,207.66,207.66,2026-09-04,0,paid_on_time
P007606,L00416,12,2026-09-04,1103.13,1103.13,2026-09-02,0,paid_on_time
P007607,L00417,12,2026-09-04,381.76,381.76,2026-09-04,0,paid_on_time
P007608,L00465,10,2026-09-04,553.52,553.52,2026-09-02,0,paid_on_time
P007609,L00581,4,2026-09-04,812.21,812.21,2026-09-01,0,paid_on_time
P007610,L00650,1,2026-09-04,283.88,283.88,2026-09-02,0,paid_on_time
P007611,L00651,1,2026-09-04,442.83,442.83,2026-09-03,0,paid_on_time
P007612,L00652,1,2026-09-04,1196.15,1196.15,2026-09-03,0,paid_on_time
P007613,L00653,1,2026-09-04,431.62,431.62,2026-09-01,0,paid_on_time
P007614,L00654,1,2026-09-04,325.55,0.0,,26,unpaid
P007615,L00051,64,2026-09-05,1900.45,1900.45,2026-09-05,0,paid_on_time
P007616,L00069,56,2026-09-05,1481.4,1481.4,2026-09-05,0,paid_on_time
P007617,L00092,49,2026-09-05,1072.0,1072.0,2026-09-03,0,paid_on_time
P007618,L00110,44,2026-09-05,672.22,672.22,2026-09-03,0,paid_on_time
P007619,L00201,31,2026-09-05,286.02,286.02,2026-09-05,0,paid_on_time
P007620,L00222,28,2026-09-05,671.48,671.48,2026-09-03,0,paid_on_time
P007621,L00247,25,2026-09-05,69.37,69.37,2026-09-03,0,paid_on_time
P007622,L00252,24,2026-09-05,2944.96,2944.96,2026-09-02,0,paid_on_time
P007623,L00253,24,2026-09-05,250.97,250.97,2026-09-04,0,paid_on_time
P007624,L00260,23,2026-09-05,494.43,494.43,2026-09-03,0,paid_on_time
P007625,L00297,19,2026-09-05,660.93,660.93,2026-09-04,0,paid_on_time
P007626,L00340,16,2026-09-05,387.29,387.29,2026-09-03,0,paid_on_time
P007627,L00488,9,2026-09-05,651.11,651.11,2026-09-02,0,paid_on_time
P007628,L00489,9,2026-09-05,259.35,259.35,2026-09-04,0,paid_on_time
P007629,L00515,8,2026-09-05,531.66,531.66,2026-09-03,0,paid_on_time
P007630,L00541,6,2026-09-05,570.7,570.7,2026-09-05,0,paid_on_time
P007631,L00582,4,2026-09-05,309.63,309.63,2026-09-03,0,paid_on_time
P007632,L00598,3,2026-09-05,292.16,292.16,2026-09-04,0,paid_on_time
P007633,L00623,2,2026-09-05,531.16,531.16,2026-09-03,0,paid_on_time
P007634,L00004,156,2026-09-06,4466.2,4466.2,2026-09-04,0,paid_on_time
P007635,L00019,121,2026-09-06,2187.33,2187.33,2026-09-21,15,paid_late
P007636,L00053,62,2026-09-06,1030.03,1030.03,2026-09-05,0,paid_on_time
P007637,L00059,59,2026-09-06,626.49,626.49,2026-09-05,0,paid_on_time
P007638,L00093,49,2026-09-06,730.14,730.14,2026-09-06,0,paid_on_time
P007639,L00106,45,2026-09-06,2856.91,2856.91,2026-09-04,0,paid_on_time
P007640,L00147,39,2026-09-06,348.05,348.05,2026-09-03,0,paid_on_time
P007641,L00192,32,2026-09-06,894.21,894.21,2026-09-04,0,paid_on_time
P007642,L00202,31,2026-09-06,4839.58,4839.58,2026-09-05,0,paid_on_time
P007643,L00215,29,2026-09-06,756.59,756.59,2026-09-06,0,paid_on_time
P007644,L00223,28,2026-09-06,274.54,274.54,2026-09-04,0,paid_on_time
P007645,L00231,27,2026-09-06,728.02,728.02,2026-09-05,0,paid_on_time
P007646,L00298,19,2026-09-06,1387.32,1387.32,2026-09-06,0,paid_on_time
P007647,L00419,12,2026-09-06,713.24,713.24,2026-09-06,0,paid_on_time
P007648,L00436,11,2026-09-06,907.12,907.12,2026-09-05,0,paid_on_time
P007649,L00466,10,2026-09-06,555.32,555.32,2026-09-05,0,paid_on_time
P007650,L00490,9,2026-09-06,649.13,649.13,2026-09-04,0,paid_on_time
P007651,L00528,7,2026-09-06,907.04,907.04,2026-09-04,0,paid_on_time
P007652,L00542,6,2026-09-06,376.17,376.17,2026-09-05,0,paid_on_time
P007653,L00543,6,2026-09-06,587.2,587.2,2026-09-06,0,paid_on_time
P007654,L00544,6,2026-09-06,625.87,625.87,2026-09-05,0,paid_on_time
P007655,L00567,5,2026-09-06,344.79,344.79,2026-09-06,0,paid_on_time
P007656,L00568,5,2026-09-06,965.94,965.94,2026-09-04,0,paid_on_time
P007657,L00583,4,2026-09-06,344.01,0.0,,24,unpaid
P007658,L00584,4,2026-09-06,567.48,567.48,2026-09-03,0,paid_on_time
P007659,L00599,3,2026-09-06,3431.18,3431.18,2026-09-04,0,paid_on_time
P007660,L00600,3,2026-09-06,258.34,258.34,2026-09-05,0,paid_on_time
P007661,L00027,102,2026-09-07,1544.11,1544.11,2026-09-04,0,paid_on_time
P007662,L00034,89,2026-09-07,1413.29,1413.29,2026-09-06,0,paid_on_time
P007663,L00045,70,2026-09-07,590.41,590.41,2026-09-04,0,paid_on_time
P007664,L00061,58,2026-09-07,1314.35,1314.35,2026-09-07,0,paid_on_time
P007665,L00102,46,2026-09-07,610.13,610.13,2026-09-07,0,paid_on_time
P007666,L00107,45,2026-09-07,4136.88,4136.88,2026-09-06,0,paid_on_time
P007667,L00142,40,2026-09-07,122.37,122.37,2026-09-07,0,paid_on_time
P007668,L00148,39,2026-09-07,1896.41,1896.41,2026-09-05,0,paid_on_time
P007669,L00208,30,2026-09-07,1156.32,1156.32,2026-09-05,0,paid_on_time
P007670,L00224,28,2026-09-07,223.06,223.06,2026-09-06,0,paid_on_time
P007671,L00275,21,2026-09-07,495.73,495.73,2026-09-06,0,paid_on_time
P007672,L00282,20,2026-09-07,255.88,255.88,2026-09-06,0,paid_on_time
P007673,L00342,16,2026-09-07,696.53,696.53,2026-09-07,0,paid_on_time
P007674,L00516,8,2026-09-07,1467.92,0.0,,23,unpaid
P007675,L00545,6,2026-09-07,415.4,415.4,2026-09-07,0,paid_on_time
P007676,L00546,6,2026-09-07,987.83,987.83,2026-09-07,0,paid_on_time
P007677,L00601,3,2026-09-07,837.67,837.67,2026-09-05,0,paid_on_time
P007678,L00624,2,2026-09-07,475.75,475.75,2026-09-05,0,paid_on_time
P007679,L00625,2,2026-09-07,359.33,359.33,2026-09-04,0,paid_on_time
P007680,L00655,1,2026-09-07,972.23,972.23,2026-09-07,0,paid_on_time
P007681,L00656,1,2026-09-07,741.27,741.27,2026-09-04,0,paid_on_time
P007682,L00024,105,2026-09-08,1195.78,1195.78,2026-09-08,0,paid_on_time
P007683,L00046,70,2026-09-08,2692.31,2692.31,2026-09-13,5,paid_late
P007684,L00050,65,2026-09-08,5006.45,5006.45,2026-09-08,0,paid_on_time
P007685,L00309,18,2026-09-08,455.35,455.35,2026-09-08,0,paid_on_time
P007686,L00310,18,2026-09-08,684.21,684.21,2026-09-05,0,paid_on_time
P007687,L00323,17,2026-09-08,133.22,133.22,2026-09-05,0,paid_on_time
P007688,L00324,17,2026-09-08,464.16,464.16,2026-09-08,0,paid_on_time
P007689,L00343,16,2026-09-08,730.44,730.44,2026-09-05,0,paid_on_time
P007690,L00467,10,2026-09-08,282.81,282.81,2026-09-06,0,paid_on_time
P007691,L00468,10,2026-09-08,383.54,383.54,2026-09-05,0,paid_on_time
P007692,L00492,9,2026-09-08,1327.87,1327.87,2026-09-07,0,paid_on_time
P007693,L00493,9,2026-09-08,534.87,534.87,2026-09-06,0,paid_on_time
P007694,L00529,7,2026-09-08,1526.58,1526.58,2026-09-05,0,paid_on_time
P007695,L00585,4,2026-09-08,589.37,589.37,2026-09-08,0,paid_on_time
P007696,L00586,4,2026-09-08,154.29,154.29,2026-09-07,0,paid_on_time
P007697,L00602,3,2026-09-08,920.39,920.39,2026-09-06,0,paid_on_time
P007698,L00603,3,2026-09-08,532.72,532.72,2026-09-05,0,paid_on_time
P007699,L00626,2,2026-09-08,193.59,193.59,2026-09-25,17,paid_late
P007700,L00627,2,2026-09-08,375.65,375.65,2026-09-05,0,paid_on_time
P007701,L00628,2,2026-09-08,484.79,484.79,2026-09-06,0,paid_on_time
P007702,L00629,2,2026-09-08,695.28,695.28,2026-09-06,0,paid_on_time
P007703,L00657,1,2026-09-08,949.58,949.58,2026-09-06,0,paid_on_time
P007704,L00005,156,2026-09-09,3714.26,3714.26,2026-09-09,0,paid_on_time
P007705,L00031,97,2026-09-09,1166.25,1166.25,2026-09-07,0,paid_on_time
P007706,L00047,70,2026-09-09,1631.14,1631.14,2026-09-07,0,paid_on_time
P007707,L00052,63,2026-09-09,458.96,458.96,2026-09-06,0,paid_on_time
P007708,L00056,61,2026-09-09,1887.49,1887.49,2026-09-07,0,paid_on_time
P007709,L00167,36,2026-09-09,494.06,494.06,2026-09-09,0,paid_on_time
P007710,L00209,30,2026-09-09,895.87,895.87,2026-09-08,0,paid_on_time
P007711,L00225,28,2026-09-09,443.16,443.16,2026-09-07,0,paid_on_time
P007712,L00367,15,2026-09-09,781.07,781.07,2026-09-07,0,paid_on_time
P007713,L00378,14,2026-09-09,255.87,255.87,2026-09-08,0,paid_on_time
P007714,L00379,14,2026-09-09,275.23,275.23,2026-09-09,0,paid_on_time
P007715,L00391,13,2026-09-09,678.65,678.65,2026-09-07,0,paid_on_time
P007716,L00437,11,2026-09-09,294.55,294.55,2026-09-23,14,paid_late
P007717,L00438,11,2026-09-09,796.53,796.53,2026-09-06,0,paid_on_time
P007718,L00469,10,2026-09-09,781.35,781.35,2026-09-07,0,paid_on_time
P007719,L00494,9,2026-09-09,895.54,895.54,2026-09-08,0,paid_on_time
P007720,L00530,7,2026-09-09,642.58,642.58,2026-09-09,0,paid_on_time
P007721,L00569,5,2026-09-09,732.34,732.34,2026-09-07,0,paid_on_time
P007722,L00604,3,2026-09-09,350.77,350.77,2026-09-09,0,paid_on_time
P007723,L00010,148,2026-09-10,451.75,451.75,2026-09-09,0,paid_on_time
P007724,L00040,75,2026-09-10,1154.04,1154.04,2026-09-09,0,paid_on_time
P007725,L00060,59,2026-09-10,242.9,242.9,2026-09-23,13,paid_late
P007726,L00082,52,2026-09-10,1374.6,1374.6,2026-09-07,0,paid_on_time
P007727,L00088,50,2026-09-10,604.18,604.18,2026-09-10,0,paid_on_time
P007728,L00134,41,2026-09-10,132.34,132.34,2026-09-10,0,paid_on_time
P007729,L00168,36,2026-09-10,425.1,0.0,,20,unpaid
P007730,L00182,34,2026-09-10,170.77,170.77,2026-09-08,0,paid_on_time
P007731,L00183,34,2026-09-10,1116.86,1116.86,2026-09-08,0,paid_on_time
P007732,L00299,19,2026-09-10,374.07,374.07,2026-09-09,0,paid_on_time
P007733,L00300,19,2026-09-10,3088.53,3088.53,2026-09-08,0,paid_on_time
P007734,L00326,17,2026-09-10,339.05,339.05,2026-09-08,0,paid_on_time
P007735,L00344,16,2026-09-10,532.44,532.44,2026-09-10,0,paid_on_time
P007736,L00345,16,2026-09-10,302.08,302.08,2026-09-10,0,paid_on_time
P007737,L00368,15,2026-09-10,584.55,584.55,2026-09-07,0,paid_on_time
P007738,L00392,13,2026-09-10,765.21,765.21,2026-09-07,0,paid_on_time
P007739,L00470,10,2026-09-10,1226.05,1226.05,2026-09-09,0,paid_on_time
P007740,L00495,9,2026-09-10,390.6,390.6,2026-09-14,4,paid_late
P007741,L00496,9,2026-09-10,450.83,450.83,2026-09-07,0,paid_on_time
P007742,L00497,9,2026-09-10,304.31,304.31,2026-09-09,0,paid_on_time
P007743,L00531,7,2026-09-10,355.61,355.61,2026-09-09,0,paid_on_time
P007744,L00570,5,2026-09-10,308.87,308.87,2026-09-08,0,paid_on_time
P007745,L00658,1,2026-09-10,981.89,981.89,2026-09-14,4,paid_late
P007746,L00023,109,2026-09-11,1669.64,1669.64,2026-09-08,0,paid_on_time
P007747,L00076,55,2026-09-11,750.21,0.0,,19,unpaid
P007748,L00103,46,2026-09-11,477.21,477.21,2026-09-09,0,paid_on_time
P007749,L00111,44,2026-09-11,327.8,327.8,2026-09-21,10,paid_late
P007750,L00119,43,2026-09-11,704.37,704.37,2026-09-09,0,paid_on_time
P007751,L00126,42,2026-09-11,1005.72,1005.72,2026-09-08,0,paid_on_time
P007752,L00127,42,2026-09-11,352.26,352.26,2026-09-09,0,paid_on_time
P007753,L00158,38,2026-09-11,244.75,244.75,2026-09-11,0,paid_on_time
P007754,L00254,24,2026-09-11,5962.35,5962.35,2026-09-08,0,paid_on_time
P007755,L00255,24,2026-09-11,391.11,391.11,2026-09-10,0,paid_on_time
P007756,L00382,14,2026-09-11,806.73,806.73,2026-09-10,0,paid_on_time
P007757,L00420,12,2026-09-11,1635.03,1635.03,2026-09-08,0,paid_on_time
P007758,L00440,11,2026-09-11,385.78,385.78,2026-09-08,0,paid_on_time
P007759,L00498,9,2026-09-11,415.54,415.54,2026-09-09,0,paid_on_time
P007760,L00517,8,2026-09-11,283.17,283.17,2026-09-08,0,paid_on_time
P007761,L00547,6,2026-09-11,443.09,443.09,2026-09-08,0,paid_on_time
P007762,L00605,3,2026-09-11,451.68,451.68,2026-09-11,0,paid_on_time
P007763,L00630,2,2026-09-11,994.0,994.0,2026-09-11,0,paid_on_time
P007764,L00054,62,2026-09-12,1005.95,0.0,,18,unpaid
P007765,L00062,58,2026-09-12,998.23,998.23,2026-09-09,0,paid_on_time
P007766,L00070,56,2026-09-12,436.33,0.0,,18,unpaid
P007767,L00108,45,2026-09-12,297.58,297.58,2026-09-09,0,paid_on_time
P007768,L00112,44,2026-09-12,389.58,389.58,2026-09-09,0,paid_on_time
P007769,L00186,33,2026-09-12,461.26,461.26,2026-09-12,0,paid_on_time
P007770,L00276,21,2026-09-12,443.67,443.67,2026-09-11,0,paid_on_time
P007771,L00301,19,2026-09-12,652.3,652.3,2026-09-09,0,paid_on_time
P007772,L00311,18,2026-09-12,4060.3,4060.3,2026-09-11,0,paid_on_time
P007773,L00369,15,2026-09-12,374.81,374.81,2026-09-09,0,paid_on_time
P007774,L00393,13,2026-09-12,4337.53,4337.53,2026-09-12,0,paid_on_time
P007775,L00471,10,2026-09-12,453.36,453.36,2026-09-11,0,paid_on_time
P007776,L00518,8,2026-09-12,3791.87,3791.87,2026-09-10,0,paid_on_time
P007777,L00548,6,2026-09-12,1296.1,1296.1,2026-09-12,0,paid_on_time
P007778,L00549,6,2026-09-12,993.49,993.49,2026-09-09,0,paid_on_time
P007779,L00571,5,2026-09-12,188.15,188.15,2026-09-11,0,paid_on_time
P007780,L00572,5,2026-09-12,162.23,162.23,2026-09-10,0,paid_on_time
P007781,L00631,2,2026-09-12,655.21,655.21,2026-09-12,0,paid_on_time
P007782,L00015,127,2026-09-13,2722.75,2722.75,2026-09-11,0,paid_on_time
P007783,L00038,79,2026-09-13,1052.17,1052.17,2026-09-11,0,paid_on_time
P007784,L00128,42,2026-09-13,731.01,731.01,2026-09-10,0,paid_on_time
P007785,L00176,35,2026-09-13,1207.63,1207.63,2026-09-10,0,paid_on_time
P007786,L00187,33,2026-09-13,794.79,794.79,2026-09-12,0,paid_on_time
P007787,L00193,32,2026-09-13,889.34,889.34,2026-09-12,0,paid_on_time
P007788,L00233,27,2026-09-13,3312.12,3312.12,2026-09-10,0,paid_on_time
P007789,L00261,23,2026-09-13,135.87,135.87,2026-09-11,0,paid_on_time
P007790,L00283,20,2026-09-13,576.26,576.26,2026-09-11,0,paid_on_time
P007791,L00312,18,2026-09-13,570.92,570.92,2026-09-12,0,paid_on_time
P007792,L00383,14,2026-09-13,243.05,0.0,,17,unpaid
P007793,L00441,11,2026-09-13,586.41,586.41,2026-09-11,0,paid_on_time
P007794,L00442,11,2026-09-13,200.28,200.28,2026-09-10,0,paid_on_time
P007795,L00550,6,2026-09-13,487.13,487.13,2026-09-13,0,paid_on_time
P007796,L00573,5,2026-09-13,161.93,0.0,,17,unpaid
P007797,L00632,2,2026-09-13,355.19,355.19,2026-09-12,0,paid_on_time
P007798,L00018,122,2026-09-14,5555.18,5555.18,2026-09-13,0,paid_on_time
P007799,L00063,58,2026-09-14,1407.73,1407.73,2026-09-12,0,paid_on_time
P007800,L00095,48,2026-09-14,493.83,493.83,2026-09-13,0,paid_on_time
P007801,L00150,39,2026-09-14,693.8,0.0,,16,unpaid
P007802,L00195,32,2026-09-14,506.14,506.14,2026-09-14,0,paid_on_time
P007803,L00204,31,2026-09-14,941.27,941.27,2026-09-13,0,paid_on_time
P007804,L00271,22,2026-09-14,485.42,485.42,2026-09-11,0,paid_on_time
P007805,L00328,17,2026-09-14,614.18,614.18,2026-09-13,0,paid_on_time
P007806,L00370,15,2026-09-14,447.8,447.8,2026-09-12,0,paid_on_time
P007807,L00394,13,2026-09-14,393.33,393.33,2026-09-11,0,paid_on_time
P007808,L00472,10,2026-09-14,321.08,321.08,2026-09-12,0,paid_on_time
P007809,L00532,7,2026-09-14,1367.7,1367.7,2026-09-14,0,paid_on_time
P007810,L00533,7,2026-09-14,205.17,205.17,2026-09-13,0,paid_on_time
P007811,L00551,6,2026-09-14,391.74,391.74,2026-09-11,0,paid_on_time
P007812,L00587,4,2026-09-14,662.49,662.49,2026-09-11,0,paid_on_time
P007813,L00043,71,2026-09-15,1040.6,1040.6,2026-09-12,0,paid_on_time
P007814,L00104,46,2026-09-15,442.08,442.08,2026-09-12,0,paid_on_time
P007815,L00120,43,2026-09-15,262.87,262.87,2026-09-12,0,paid_on_time
P007816,L00216,29,2026-09-15,962.26,962.26,2026-09-14,0,paid_on_time
P007817,L00277,21,2026-09-15,689.78,0.0,,15,unpaid
P007818,L00285,20,2026-09-15,4637.41,4637.41,2026-09-14,0,paid_on_time
P007819,L00330,17,2026-09-15,562.56,562.56,2026-09-14,0,paid_on_time
P007820,L00473,10,2026-09-15,807.6,807.6,2026-09-14,0,paid_on_time
P007821,L00499,9,2026-09-15,195.38,195.38,2026-09-15,0,paid_on_time
P007822,L00500,9,2026-09-15,693.64,693.64,2026-09-13,0,paid_on_time
P007823,L00519,8,2026-09-15,377.64,377.64,2026-09-15,0,paid_on_time
P007824,L00574,5,2026-09-15,408.17,408.17,2026-09-13,0,paid_on_time
P007825,L00588,4,2026-09-15,932.31,932.31,2026-09-15,0,paid_on_time
P007826,L00606,3,2026-09-15,117.14,117.14,2026-09-14,0,paid_on_time
P007827,L00607,3,2026-09-15,587.2,587.2,2026-09-13,0,paid_on_time
P007828,L00608,3,2026-09-15,691.71,691.71,2026-09-14,0,paid_on_time
P007829,L00633,2,2026-09-15,790.75,0.0,,15,unpaid
P007830,L00017,123,2026-09-16,1399.27,1399.27,2026-09-14,0,paid_on_time
P007831,L00033,91,2026-09-16,488.18,488.18,2026-09-13,0,paid_on_time
P007832,L00035,88,2026-09-16,2474.76,2474.76,2026-09-15,0,paid_on_time
P007833,L00121,43,2026-09-16,1741.4,0.0,,14,unpaid
P007834,L00151,39,2026-09-16,230.11,230.11,2026-09-16,0,paid_on_time
P007835,L00210,30,2026-09-16,1078.93,1078.93,2026-09-13,0,paid_on_time
P007836,L00227,28,2026-09-16,545.86,545.86,2026-09-13,0,paid_on_time
P007837,L00234,27,2026-09-16,659.89,0.0,,14,unpaid
P007838,L00248,25,2026-09-16,2095.25,2095.25,2026-09-13,0,paid_on_time
P007839,L00286,20,2026-09-16,629.76,629.76,2026-09-13,0,paid_on_time
P007840,L00287,20,2026-09-16,361.67,361.67,2026-09-15,0,paid_on_time
P007841,L00314,18,2026-09-16,133.26,133.26,2026-09-14,0,paid_on_time
P007842,L00347,16,2026-09-16,622.05,622.05,2026-09-16,0,paid_on_time
P007843,L00395,13,2026-09-16,345.71,345.71,2026-09-16,0,paid_on_time
P007844,L00421,12,2026-09-16,244.98,244.98,2026-09-13,0,paid_on_time
P007845,L00444,11,2026-09-16,449.21,0.0,,14,unpaid
P007846,L00474,10,2026-09-16,1190.95,1190.95,2026-09-13,0,paid_on_time
P007847,L00520,8,2026-09-16,569.25,569.25,2026-09-14,0,paid_on_time
P007848,L00535,7,2026-09-16,765.3,765.3,2026-09-13,0,paid_on_time
P007849,L00552,6,2026-09-16,299.62,299.62,2026-09-13,0,paid_on_time
P007850,L00634,2,2026-09-16,153.48,153.48,2026-09-16,0,paid_on_time
P007851,L00659,1,2026-09-16,804.25,804.25,2026-09-15,0,paid_on_time
P007852,L00006,154,2026-09-17,1297.93,1297.93,2026-09-14,0,paid_on_time
P007853,L00042,73,2026-09-17,702.79,702.79,2026-09-16,0,paid_on_time
P007854,L00044,71,2026-09-17,999.08,999.08,2026-09-16,0,paid_on_time
P007855,L00096,48,2026-09-17,3809.24,3809.24,2026-09-14,0,paid_on_time
P007856,L00122,43,2026-09-17,396.75,396.75,2026-09-14,0,paid_on_time
P007857,L00129,42,2026-09-17,5383.46,5383.46,2026-09-15,0,paid_on_time
P007858,L00135,41,2026-09-17,1392.09,1392.09,2026-09-22,5,paid_late
P007859,L00228,28,2026-09-17,151.67,0.0,,13,unpaid
P007860,L00257,24,2026-09-17,328.84,328.84,2026-09-17,0,paid_on_time
P007861,L00289,20,2026-09-17,327.34,327.34,2026-09-14,0,paid_on_time
P007862,L00315,18,2026-09-17,1369.79,1369.79,2026-09-15,0,paid_on_time
P007863,L00331,17,2026-09-17,186.73,186.73,2026-09-14,0,paid_on_time
P007864,L00385,14,2026-09-17,329.97,329.97,2026-09-17,0,paid_on_time
P007865,L00396,13,2026-09-17,534.54,534.54,2026-09-17,0,paid_on_time
P007866,L00445,11,2026-09-17,1607.75,1607.75,2026-09-17,0,paid_on_time
P007867,L00446,11,2026-09-17,1134.61,1134.61,2026-09-15,0,paid_on_time
P007868,L00501,9,2026-09-17,830.64,830.64,2026-09-16,0,paid_on_time
P007869,L00554,6,2026-09-17,165.94,165.94,2026-09-21,4,paid_late
P007870,L00555,6,2026-09-17,83.6,83.6,2026-09-17,0,paid_on_time
P007871,L00556,6,2026-09-17,437.21,437.21,2026-09-15,0,paid_on_time
P007872,L00557,6,2026-09-17,473.52,473.52,2026-09-15,0,paid_on_time
P007873,L00589,4,2026-09-17,223.83,223.83,2026-09-15,0,paid_on_time
P007874,L00590,4,2026-09-17,666.31,666.31,2026-09-17,0,paid_on_time
P007875,L00635,2,2026-09-17,537.7,537.7,2026-09-17,0,paid_on_time
P007876,L00660,1,2026-09-17,579.54,579.54,2026-09-16,0,paid_on_time
P007877,L00016,125,2026-09-18,2087.02,2087.02,2026-09-17,0,paid_on_time
P007878,L00026,104,2026-09-18,1366.27,1366.27,2026-09-18,0,paid_on_time
P007879,L00206,31,2026-09-18,1805.79,1805.79,2026-09-17,0,paid_on_time
P007880,L00217,29,2026-09-18,230.93,230.93,2026-09-17,0,paid_on_time
P007881,L00262,23,2026-09-18,244.62,244.62,2026-09-15,0,paid_on_time
P007882,L00290,20,2026-09-18,729.21,729.21,2026-09-18,0,paid_on_time
P007883,L00302,19,2026-09-18,528.31,528.31,2026-09-18,0,paid_on_time
P007884,L00332,17,2026-09-18,1160.99,1160.99,2026-09-18,0,paid_on_time
P007885,L00349,16,2026-09-18,732.05,732.05,2026-09-15,0,paid_on_time
P007886,L00371,15,2026-09-18,668.17,668.17,2026-09-18,0,paid_on_time
P007887,L00398,13,2026-09-18,914.52,914.52,2026-09-15,0,paid_on_time
P007888,L00422,12,2026-09-18,620.56,620.56,2026-09-18,0,paid_on_time
P007889,L00575,5,2026-09-18,1440.74,1440.74,2026-09-16,0,paid_on_time
P007890,L00591,4,2026-09-18,498.11,0.0,,12,unpaid
P007891,L00609,3,2026-09-18,1726.25,1726.25,2026-09-15,0,paid_on_time
P007892,L00636,2,2026-09-18,493.28,493.28,2026-09-17,0,paid_on_time
P007893,L00001,163,2026-09-19,872.89,872.89,2026-09-19,0,paid_on_time
P007894,L00013,133,2026-09-19,947.9,947.9,2026-09-17,0,paid_on_time
P007895,L00014,131,2026-09-19,3544.09,3544.09,2026-09-18,0,paid_on_time
P007896,L00020,117,2026-09-19,599.02,599.02,2026-09-18,0,paid_on_time
P007897,L00028,101,2026-09-19,859.63,859.63,2026-09-19,0,paid_on_time
P007898,L00083,52,2026-09-19,170.36,170.36,2026-09-19,0,paid_on_time
P007899,L00090,50,2026-09-19,940.56,940.56,2026-09-16,0,paid_on_time
P007900,L00091,50,2026-09-19,333.65,333.65,2026-09-16,0,paid_on_time
P007901,L00130,42,2026-09-19,891.36,0.0,,11,unpaid
P007902,L00350,16,2026-09-19,913.36,913.36,2026-09-16,0,paid_on_time
P007903,L00399,13,2026-09-19,319.53,319.53,2026-09-16,0,paid_on_time
P007904,L00521,8,2026-09-19,717.46,717.46,2026-09-16,0,paid_on_time
P007905,L00637,2,2026-09-19,488.14,488.14,2026-09-17,0,paid_on_time
P007906,L00032,93,2026-09-20,1649.77,1649.77,2026-09-19,0,paid_on_time
P007907,L00131,42,2026-09-20,1276.47,1276.47,2026-09-17,0,paid_on_time
P007908,L00154,39,2026-09-20,313.1,0.0,,10,unpaid
P007909,L00170,36,2026-09-20,1120.0,1120.0,2026-09-20,0,paid_on_time
P007910,L00291,20,2026-09-20,1254.39,1254.39,2026-09-20,0,paid_on_time
P007911,L00317,18,2026-09-20,690.9,690.9,2026-09-18,0,paid_on_time
P007912,L00333,17,2026-09-20,328.96,328.96,2026-09-18,0,paid_on_time
P007913,L00351,16,2026-09-20,281.71,281.71,2026-09-19,0,paid_on_time
P007914,L00386,14,2026-09-20,636.78,636.78,2026-09-17,0,paid_on_time
P007915,L00400,13,2026-09-20,1657.16,1657.16,2026-09-19,0,paid_on_time
P007916,L00423,12,2026-09-20,1390.3,1390.3,2026-09-18,0,paid_on_time
P007917,L00424,12,2026-09-20,372.69,372.69,2026-09-18,0,paid_on_time
P007918,L00522,8,2026-09-20,200.09,200.09,2026-09-20,0,paid_on_time
P007919,L00537,7,2026-09-20,355.98,355.98,2026-09-18,0,paid_on_time
P007920,L00610,3,2026-09-20,122.8,122.8,2026-09-20,0,paid_on_time
P007921,L00638,2,2026-09-20,109.45,109.45,2026-09-19,0,paid_on_time
P007922,L00661,1,2026-09-20,438.13,0.0,,10,unpaid
P007923,L00084,52,2026-09-21,352.49,352.49,2026-09-19,0,paid_on_time
P007924,L00097,48,2026-09-21,1660.09,1660.09,2026-09-18,0,paid_on_time
P007925,L00159,38,2026-09-21,813.68,813.68,2026-09-18,0,paid_on_time
P007926,L00160,38,2026-09-21,3164.49,3164.49,2026-09-18,0,paid_on_time
P007927,L00218,29,2026-09-21,3945.26,3945.26,2026-09-18,0,paid_on_time
P007928,L00242,26,2026-09-21,450.32,450.32,2026-09-20,0,paid_on_time
P007929,L00263,23,2026-09-21,846.87,846.87,2026-09-21,0,paid_on_time
P007930,L00303,19,2026-09-21,3623.36,3623.36,2026-09-19,0,paid_on_time
P007931,L00352,16,2026-09-21,1279.4,1279.4,2026-09-18,0,paid_on_time
P007932,L00387,14,2026-09-21,476.49,476.49,2026-09-21,0,paid_on_time
P007933,L00425,12,2026-09-21,485.11,485.11,2026-09-20,0,paid_on_time
P007934,L00426,12,2026-09-21,768.32,768.32,2026-09-19,0,paid_on_time
P007935,L00558,6,2026-09-21,724.24,724.24,2026-09-20,0,paid_on_time
P007936,L00576,5,2026-09-21,560.78,560.78,2026-09-21,0,paid_on_time
P007937,L00592,4,2026-09-21,932.32,932.32,2026-09-21,0,paid_on_time
P007938,L00639,2,2026-09-21,184.51,0.0,,9,unpaid
P007939,L00008,151,2026-09-22,1043.51,1043.51,2026-09-19,0,paid_on_time
P007940,L00049,66,2026-09-22,3041.98,3041.98,2026-09-22,0,paid_on_time
P007941,L00098,48,2026-09-22,1385.41,1385.41,2026-09-20,0,paid_on_time
P007942,L00113,44,2026-09-22,677.07,677.07,2026-09-22,0,paid_on_time
P007943,L00132,42,2026-09-22,238.38,238.38,2026-09-21,0,paid_on_time
P007944,L00189,33,2026-09-22,142.38,142.38,2026-09-20,0,paid_on_time
P007945,L00229,28,2026-09-22,696.96,696.96,2026-09-22,0,paid_on_time
P007946,L00264,23,2026-09-22,299.57,299.57,2026-09-22,0,paid_on_time
P007947,L00279,21,2026-09-22,506.59,506.59,2026-09-19,0,paid_on_time
P007948,L00304,19,2026-09-22,191.99,191.99,2026-09-20,0,paid_on_time
P007949,L00353,16,2026-09-22,401.58,401.58,2026-09-21,0,paid_on_time
P007950,L00402,13,2026-09-22,847.17,847.17,2026-09-19,0,paid_on_time
P007951,L00403,13,2026-09-22,249.32,0.0,,8,unpaid
P007952,L00475,10,2026-09-22,793.79,793.79,2026-09-21,0,paid_on_time
P007953,L00502,9,2026-09-22,498.78,498.78,2026-09-21,0,paid_on_time
P007954,L00559,6,2026-09-22,330.03,330.03,2026-09-22,0,paid_on_time
P007955,L00611,3,2026-09-22,541.76,541.76,2026-09-19,0,paid_on_time
P007956,L00662,1,2026-09-22,1274.14,1274.14,2026-09-19,0,paid_on_time
P007957,L00663,1,2026-09-22,570.28,570.28,2026-09-27,5,paid_late
P007958,L00012,141,2026-09-23,2313.25,2313.25,2026-09-20,0,paid_on_time
P007959,L00036,82,2026-09-23,5425.67,0.0,,7,unpaid
P007960,L00041,74,2026-09-23,1241.28,1241.28,2026-09-22,0,paid_on_time
P007961,L00071,56,2026-09-23,561.59,561.59,2026-09-20,0,paid_on_time
P007962,L00080,53,2026-09-23,3899.39,3899.39,2026-09-22,0,paid_on_time
P007963,L00123,43,2026-09-23,509.28,509.28,2026-09-21,0,paid_on_time
P007964,L00161,38,2026-09-23,2812.43,2812.43,2026-09-21,0,paid_on_time
P007965,L00196,32,2026-09-23,152.51,152.51,2026-09-20,0,paid_on_time
P007966,L00211,30,2026-09-23,175.17,175.17,2026-09-21,0,paid_on_time
P007967,L00219,29,2026-09-23,2801.45,2801.45,2026-09-21,0,paid_on_time
P007968,L00265,23,2026-09-23,883.61,883.61,2026-09-23,0,paid_on_time
P007969,L00292,20,2026-09-23,791.09,791.09,2026-09-23,0,paid_on_time
P007970,L00334,17,2026-09-23,325.36,325.36,2026-09-23,0,paid_on_time
P007971,L00354,16,2026-09-23,807.03,0.0,,7,unpaid
P007972,L00355,16,2026-09-23,915.73,915.73,2026-09-20,0,paid_on_time
P007973,L00372,15,2026-09-23,187.18,187.18,2026-09-21,0,paid_on_time
P007974,L00388,14,2026-09-23,392.01,392.01,2026-09-30,7,paid_late
P007975,L00428,12,2026-09-23,117.11,117.11,2026-09-20,0,paid_on_time
P007976,L00476,10,2026-09-23,412.78,412.78,2026-09-21,0,paid_on_time
P007977,L00503,9,2026-09-23,170.92,170.92,2026-09-22,0,paid_on_time
P007978,L00504,9,2026-09-23,700.56,0.0,,7,unpaid
P007979,L00505,9,2026-09-23,698.79,698.79,2026-09-23,0,paid_on_time
P007980,L00560,6,2026-09-23,121.6,121.6,2026-09-23,0,paid_on_time
P007981,L00593,4,2026-09-23,774.31,0.0,,7,unpaid
P007982,L00612,3,2026-09-23,418.13,418.13,2026-09-22,0,paid_on_time
P007983,L00640,2,2026-09-23,532.99,532.99,2026-09-22,0,paid_on_time
P007984,L00664,1,2026-09-23,860.25,860.25,2026-09-23,0,paid_on_time
P007985,L00072,56,2026-09-24,1714.68,1714.68,2026-09-23,0,paid_on_time
P007986,L00143,40,2026-09-24,369.61,369.61,2026-09-23,0,paid_on_time
P007987,L00171,36,2026-09-24,378.47,378.47,2026-09-24,0,paid_on_time
P007988,L00197,32,2026-09-24,4082.86,4082.86,2026-09-21,0,paid_on_time
P007989,L00243,26,2026-09-24,4829.64,4829.64,2026-09-24,0,paid_on_time
P007990,L00293,20,2026-09-24,715.78,715.78,2026-09-22,0,paid_on_time
P007991,L00318,18,2026-09-24,785.27,785.27,2026-09-24,0,paid_on_time
P007992,L00356,16,2026-09-24,151.33,151.33,2026-09-24,0,paid_on_time
P007993,L00373,15,2026-09-24,507.47,507.47,2026-09-22,0,paid_on_time
P007994,L00523,8,2026-09-24,227.41,227.41,2026-09-22,0,paid_on_time
P007995,L00613,3,2026-09-24,368.5,368.5,2026-09-21,0,paid_on_time
P007996,L00641,2,2026-09-24,381.93,381.93,2026-09-23,0,paid_on_time
P007997,L00039,77,2026-09-25,2154.36,2154.36,2026-09-24,0,paid_on_time
P007998,L00094,49,2026-09-25,798.81,798.81,2026-09-23,0,paid_on_time
P007999,L00144,40,2026-09-25,1999.88,1999.88,2026-09-24,0,paid_on_time
P008000,L00190,33,2026-09-25,668.94,668.94,2026-09-25,0,paid_on_time
P008001,L00236,27,2026-09-25,379.28,379.28,2026-09-22,0,paid_on_time
P008002,L00237,27,2026-09-25,1577.72,1577.72,2026-09-24,0,paid_on_time
P008003,L00244,26,2026-09-25,797.65,797.65,2026-09-22,0,paid_on_time
P008004,L00335,17,2026-09-25,292.08,292.08,2026-09-25,0,paid_on_time
P008005,L00404,13,2026-09-25,800.98,800.98,2026-09-26,1,paid_late
P008006,L00405,13,2026-09-25,325.9,325.9,2026-09-24,0,paid_on_time
P008007,L00406,13,2026-09-25,516.67,516.67,2026-09-22,0,paid_on_time
P008008,L00506,9,2026-09-25,194.53,194.53,2026-09-23,0,paid_on_time
P008009,L00524,8,2026-09-25,1067.88,1067.88,2026-09-25,0,paid_on_time
P008010,L00577,5,2026-09-25,120.06,120.06,2026-09-22,0,paid_on_time
P008011,L00614,3,2026-09-25,774.72,774.72,2026-09-22,0,paid_on_time
P008012,L00665,1,2026-09-25,543.69,543.69,2026-09-24,0,paid_on_time
P008013,L00030,98,2026-09-26,1332.55,1332.55,2026-09-26,0,paid_on_time
P008014,L00037,82,2026-09-26,684.3,684.3,2026-09-26,0,paid_on_time
P008015,L00073,56,2026-09-26,313.76,313.76,2026-09-24,0,paid_on_time
P008016,L00087,51,2026-09-26,485.7,485.7,2026-09-26,0,paid_on_time
P008017,L00145,40,2026-09-26,783.93,783.93,2026-09-24,0,paid_on_time
P008018,L00178,35,2026-09-26,1322.66,0.0,,4,unpaid
P008019,L00198,32,2026-09-26,353.93,353.93,2026-09-26,0,paid_on_time
P008020,L00306,19,2026-09-26,386.96,386.96,2026-09-23,0,paid_on_time
P008021,L00374,15,2026-09-26,759.66,0.0,,4,unpaid
P008022,L00389,14,2026-09-26,547.48,547.48,2026-09-25,0,paid_on_time
P008023,L00429,12,2026-09-26,1035.18,1035.18,2026-09-23,0,paid_on_time
P008024,L00525,8,2026-09-26,332.84,332.84,2026-09-24,0,paid_on_time
P008025,L00538,7,2026-09-26,158.81,158.81,2026-09-26,0,paid_on_time
P008026,L00539,7,2026-09-26,946.7,946.7,2026-09-24,0,paid_on_time
P008027,L00561,6,2026-09-26,857.94,0.0,,4,unpaid
P008028,L00562,6,2026-09-26,336.67,336.67,2026-09-23,0,paid_on_time
P008029,L00578,5,2026-09-26,682.47,682.47,2026-09-25,0,paid_on_time
P008030,L00615,3,2026-09-26,661.46,661.46,2026-09-25,0,paid_on_time
P008031,L00642,2,2026-09-26,529.11,529.11,2026-09-26,0,paid_on_time
P008032,L00643,2,2026-09-26,494.46,494.46,2026-09-26,0,paid_on_time
P008033,L00007,152,2026-09-27,1181.6,1181.6,2026-09-26,0,paid_on_time
P008034,L00009,150,2026-09-27,1014.74,1014.74,2026-09-27,0,paid_on_time
P008035,L00074,56,2026-09-27,1814.09,1814.09,2026-09-25,0,paid_on_time
P008036,L00357,16,2026-09-27,705.03,0.0,,3,unpaid
P008037,L00451,11,2026-09-27,519.15,519.15,2026-09-25,0,paid_on_time
P008038,L00452,11,2026-09-27,211.98,211.98,2026-09-27,0,paid_on_time
P008039,L00477,10,2026-09-27,457.61,457.61,2026-09-27,0,paid_on_time
P008040,L00594,4,2026-09-27,419.61,419.61,2026-09-24,0,paid_on_time
P008041,L00616,3,2026-09-27,259.43,0.0,,3,unpaid
P008042,L00644,2,2026-09-27,179.82,179.82,2026-09-26,0,paid_on_time
P008043,L00666,1,2026-09-27,866.96,866.96,2026-09-26,0,paid_on_time
P008044,L00022,110,2026-09-28,1038.84,1038.84,2026-09-25,0,paid_on_time
P008045,L00057,61,2026-09-28,603.0,603.0,2026-09-28,0,paid_on_time
P008046,L00065,57,2026-09-28,1911.1,1911.1,2026-09-30,2,paid_late
P008047,L00079,54,2026-09-28,553.36,553.36,2026-09-27,0,paid_on_time
P008048,L00081,53,2026-09-28,487.74,0.0,,2,unpaid
P008049,L00086,52,2026-09-28,542.24,542.24,2026-09-28,0,paid_on_time
P008050,L00114,44,2026-09-28,1545.46,1545.46,2026-09-26,0,paid_on_time
P008051,L00115,44,2026-09-28,581.64,581.64,2026-09-26,0,paid_on_time
P008052,L00116,44,2026-09-28,4765.2,4765.2,2026-09-27,0,paid_on_time
P008053,L00117,44,2026-09-28,1642.14,1642.14,2026-09-27,0,paid_on_time
P008054,L00138,41,2026-09-28,475.85,475.85,2026-09-28,0,paid_on_time
P008055,L00156,39,2026-09-28,856.46,0.0,,2,unpaid
P008056,L00173,36,2026-09-28,746.3,746.3,2026-09-26,0,paid_on_time
P008057,L00191,33,2026-09-28,936.13,936.13,2026-09-26,0,paid_on_time
P008058,L00200,32,2026-09-28,253.76,253.76,2026-09-27,0,paid_on_time
P008059,L00213,30,2026-09-28,767.71,767.71,2026-09-25,0,paid_on_time
P008060,L00220,29,2026-09-28,596.29,0.0,,2,unpaid
P008061,L00238,27,2026-09-28,893.78,893.78,2026-09-25,0,paid_on_time
P008062,L00245,26,2026-09-28,2175.35,2175.35,2026-09-25,0,paid_on_time
P008063,L00246,26,2026-09-28,1166.75,1166.75,2026-09-28,0,paid_on_time
P008064,L00250,25,2026-09-28,169.37,169.37,2026-09-26,0,paid_on_time
P008065,L00272,22,2026-09-28,197.04,197.04,2026-09-25,0,paid_on_time
P008066,L00280,21,2026-09-28,2010.72,2010.72,2026-09-27,0,paid_on_time
P008067,L00281,21,2026-09-28,2776.0,2776.0,2026-09-27,0,paid_on_time
P008068,L00294,20,2026-09-28,2580.19,2580.19,2026-09-25,0,paid_on_time
P008069,L00295,20,2026-09-28,2738.06,2738.06,2026-09-26,0,paid_on_time
P008070,L00319,18,2026-09-28,1044.26,1044.26,2026-09-26,0,paid_on_time
P008071,L00336,17,2026-09-28,761.18,0.0,,2,unpaid
P008072,L00359,16,2026-09-28,399.48,399.48,2026-09-28,0,paid_on_time
P008073,L00360,16,2026-09-28,365.61,365.61,2026-09-26,0,paid_on_time
P008074,L00407,13,2026-09-28,470.34,470.34,2026-09-28,0,paid_on_time
P008075,L00408,13,2026-09-28,954.6,954.6,2026-09-28,0,paid_on_time
P008076,L00409,13,2026-09-28,3818.88,3818.88,2026-09-27,0,paid_on_time
P008077,L00410,13,2026-09-28,336.89,336.89,2026-09-27,0,paid_on_time
P008078,L00430,12,2026-09-28,437.06,437.06,2026-09-27,0,paid_on_time
P008079,L00431,12,2026-09-28,262.85,262.85,2026-09-26,0,paid_on_time
P008080,L00432,12,2026-09-28,311.98,311.98,2026-09-28,0,paid_on_time
P008081,L00433,12,2026-09-28,152.15,152.15,2026-09-26,0,paid_on_time
P008082,L00453,11,2026-09-28,255.21,255.21,2026-09-27,0,paid_on_time
P008083,L00454,11,2026-09-28,460.82,460.82,2026-09-28,0,paid_on_time
P008084,L00455,11,2026-09-28,664.95,664.95,2026-09-25,0,paid_on_time
P008085,L00456,11,2026-09-28,936.55,936.55,2026-09-27,0,paid_on_time
P008086,L00457,11,2026-09-28,449.08,449.08,2026-09-26,0,paid_on_time
P008087,L00458,11,2026-09-28,277.89,0.0,,2,unpaid
P008088,L00478,10,2026-09-28,929.98,929.98,2026-09-27,0,paid_on_time
P008089,L00480,10,2026-09-28,449.17,449.17,2026-09-28,0,paid_on_time
P008090,L00481,10,2026-09-28,876.87,876.87,2026-09-26,0,paid_on_time
P008091,L00482,10,2026-09-28,234.31,234.31,2026-09-27,0,paid_on_time
P008092,L00483,10,2026-09-28,411.18,411.18,2026-09-26,0,paid_on_time
P008093,L00508,9,2026-09-28,409.58,409.58,2026-09-25,0,paid_on_time
P008094,L00509,9,2026-09-28,761.6,761.6,2026-09-26,0,paid_on_time
P008095,L00510,9,2026-09-28,1215.38,1215.38,2026-09-26,0,paid_on_time
P008096,L00511,9,2026-09-28,743.63,743.63,2026-09-27,0,paid_on_time
P008097,L00526,8,2026-09-28,897.15,897.15,2026-09-25,0,paid_on_time
P008098,L00563,6,2026-09-28,671.93,671.93,2026-09-26,0,paid_on_time
P008099,L00564,6,2026-09-28,778.03,778.03,2026-09-28,0,paid_on_time
P008100,L00565,6,2026-09-28,604.07,604.07,2026-09-28,0,paid_on_time
P008101,L00595,4,2026-09-28,207.02,207.02,2026-09-28,0,paid_on_time
P008102,L00617,3,2026-09-28,335.94,335.94,2026-09-28,0,paid_on_time
P008103,L00618,3,2026-09-28,157.01,157.01,2026-09-26,0,paid_on_time
P008104,L00619,3,2026-09-28,149.21,149.21,2026-09-26,0,paid_on_time
P008105,L00620,3,2026-09-28,447.99,447.99,2026-09-28,0,paid_on_time
P008106,L00621,3,2026-09-28,202.92,202.92,2026-09-26,0,paid_on_time
P008107,L00645,2,2026-09-28,1033.67,0.0,,2,unpaid
P008108,L00646,2,2026-09-28,274.99,274.99,2026-09-25,0,paid_on_time
P008109,L00647,2,2026-09-28,566.19,566.19,2026-09-26,0,paid_on_time
P008110,L00648,2,2026-09-28,617.41,617.41,2026-09-26,0,paid_on_time
P008111,L00667,1,2026-09-28,413.69,413.69,2026-09-28,0,paid_on_time
P008112,L00668,1,2026-09-28,1179.05,1179.05,2026-09-26,0,paid_on_time
P008113,L00669,1,2026-09-28,918.25,918.25,2026-09-28,0,paid_on_time
P008114,L00670,1,2026-09-28,157.34,157.34,2026-09-27,0,paid_on_time
P008115,L00671,1,2026-09-28,589.61,589.61,2026-09-25,0,paid_on_time
