reading_id,reading_date,machine_id,avg_vibration_mm_s,max_temperature_c,spindle_hours,alarm_count
1,2025-07-01,BRN-GRD-01,1.4,49.6,13.6,0
2,2025-07-01,BRN-LTH-01,1.96,48.7,10.4,0
3,2025-07-01,BRN-LTH-02,1.71,51.1,12.8,0
4,2025-07-01,BRN-LTH-03,2.1,53.6,8.6,0
5,2025-07-01,BRN-MIL-01,1.77,47.8,9.1,0
6,2025-07-01,BRN-MIL-02,1.31,47.0,9.3,0
7,2025-07-01,BRN-MIL-03,1.88,49.3,10.7,0
8,2025-07-01,BRN-MIL-04,1.74,44.5,10.9,0
9,2025-07-01,BRN-MIL-05,1.52,44.6,8.1,0
10,2025-07-01,BRN-MIL-06,1.64,50.3,12.5,0
11,2025-07-01,BRN-PRS-01,3.31,69.2,12.2,1
12,2025-07-01,BRN-PRS-02,3.75,53.9,12.0,0
13,2025-07-01,BRN-PRS-03,3.14,59.4,12.7,0
14,2025-07-01,BRN-RBT-01,1.09,42.9,10.3,0
15,2025-07-01,BRN-RBT-02,1.5,48.0,9.9,0
16,2025-07-01,DAY-GRD-01,2.02,49.6,9.4,0
17,2025-07-01,DAY-LTH-01,2.1,45.8,10.1,1
18,2025-07-01,DAY-LTH-02,1.62,52.4,10.9,0
19,2025-07-01,DAY-LTH-03,1.96,50.8,12.3,0
20,2025-07-01,DAY-LTH-04,2.14,54.9,8.8,0
21,2025-07-01,DAY-LTH-05,1.92,54.5,9.6,0
22,2025-07-01,DAY-MIL-01,1.64,46.7,11.1,0
23,2025-07-01,DAY-MIL-02,1.75,54.8,14.3,1
24,2025-07-01,DAY-MIL-03,1.69,50.6,10.7,0
25,2025-07-01,DAY-MIL-04,1.56,45.6,8.4,0
26,2025-07-01,DAY-MIL-05,1.61,51.9,10.6,0
27,2025-07-01,DAY-MIL-06,2.08,57.3,13.1,0
28,2025-07-01,DAY-MIL-07,1.89,50.7,15.1,0
29,2025-07-01,DAY-PRS-01,2.59,61.7,10.6,0
30,2025-07-01,DAY-PRS-02,3.48,72.1,10.9,0
31,2025-07-01,DAY-PRS-03,2.63,52.5,12.0,0
32,2025-07-01,DAY-PRS-04,2.36,63.0,13.1,0
33,2025-07-01,DAY-RBT-01,1.01,43.3,10.0,0
34,2025-07-01,DAY-RBT-02,1.29,49.4,11.5,0
35,2025-07-01,DAY-RBT-03,0.84,46.3,10.3,0
36,2025-07-01,MTY-GRD-01,1.28,44.6,10.6,0
37,2025-07-01,MTY-GRD-02,1.33,49.3,10.0,0
38,2025-07-01,MTY-LTH-01,2.17,53.5,9.6,0
39,2025-07-01,MTY-LTH-02,2.02,48.3,4.8,3
40,2025-07-01,MTY-LTH-03,1.82,51.0,10.7,0
41,2025-07-01,MTY-LTH-04,2.39,55.5,13.8,2
42,2025-07-01,MTY-LTH-05,5.18,61.4,10.3,2
43,2025-07-01,MTY-MIL-01,1.32,53.2,12.7,2
44,2025-07-01,MTY-MIL-02,2.14,51.1,10.7,0
45,2025-07-01,MTY-MIL-03,1.91,51.9,14.1,0
46,2025-07-01,MTY-MIL-04,1.65,51.6,14.9,0
47,2025-07-01,MTY-MIL-05,1.65,52.8,10.9,0
48,2025-07-01,MTY-MIL-06,2.24,48.3,11.6,0
49,2025-07-01,MTY-PRS-01,3.28,65.8,12.8,0
50,2025-07-01,MTY-PRS-02,2.7,63.2,12.8,1
51,2025-07-01,MTY-PRS-03,2.94,59.6,10.3,0
52,2025-07-01,MTY-RBT-01,1.17,43.0,9.3,0
53,2025-07-01,MTY-RBT-02,1.2,39.5,10.8,0
54,2025-07-02,BRN-GRD-01,1.4,51.7,14.1,0
55,2025-07-02,BRN-LTH-01,1.85,46.6,8.4,0
56,2025-07-02,BRN-LTH-02,1.73,52.0,11.9,0
57,2025-07-02,BRN-LTH-03,2.5,53.4,12.3,0
58,2025-07-02,BRN-MIL-01,1.8,47.8,11.3,0
59,2025-07-02,BRN-MIL-02,1.33,50.8,11.2,0
60,2025-07-02,BRN-MIL-03,1.95,50.0,12.4,0
61,2025-07-02,BRN-MIL-04,1.67,45.2,10.7,0
62,2025-07-02,BRN-MIL-05,1.9,48.1,14.1,0
63,2025-07-02,BRN-MIL-06,1.6,49.9,11.3,0
64,2025-07-02,BRN-PRS-01,3.45,67.7,11.3,1
65,2025-07-02,BRN-PRS-02,3.33,53.9,8.4,0
66,2025-07-02,BRN-PRS-03,3.33,56.7,12.2,0
67,2025-07-02,BRN-RBT-01,1.1,43.7,9.2,0
68,2025-07-02,BRN-RBT-02,1.44,47.7,10.4,1
69,2025-07-02,DAY-GRD-01,2.12,52.4,14.4,0
70,2025-07-02,DAY-LTH-01,2.16,48.4,15.2,0
71,2025-07-02,DAY-LTH-02,1.48,53.0,8.9,0
72,2025-07-02,DAY-LTH-03,1.8,52.2,9.3,1
73,2025-07-02,DAY-LTH-04,1.99,55.3,10.9,0
74,2025-07-02,DAY-LTH-05,1.78,53.8,12.2,1
75,2025-07-02,DAY-MIL-01,1.51,49.2,11.3,1
76,2025-07-02,DAY-MIL-02,1.66,50.1,10.1,0
77,2025-07-02,DAY-MIL-03,1.59,51.5,12.6,0
78,2025-07-02,DAY-MIL-04,1.49,45.2,11.0,0
79,2025-07-02,DAY-MIL-05,1.8,52.8,11.4,0
80,2025-07-02,DAY-MIL-06,1.74,56.9,10.4,0
81,2025-07-02,DAY-MIL-07,1.82,45.4,8.1,1
82,2025-07-02,DAY-PRS-01,2.59,63.1,10.3,0
83,2025-07-02,DAY-PRS-02,3.6,72.8,12.8,2
84,2025-07-02,DAY-PRS-03,2.68,55.3,11.2,0
85,2025-07-02,DAY-PRS-04,2.25,59.5,11.7,0
86,2025-07-02,DAY-RBT-01,1.14,42.5,12.0,0
87,2025-07-02,DAY-RBT-02,1.38,48.2,8.4,0
88,2025-07-02,DAY-RBT-03,0.86,46.2,10.6,0
89,2025-07-02,MTY-GRD-01,1.42,48.4,12.8,1
90,2025-07-02,MTY-GRD-02,1.32,50.7,14.3,0
91,2025-07-02,MTY-LTH-01,2.22,53.4,10.2,0
92,2025-07-02,MTY-LTH-02,2.39,53.3,14.0,1
93,2025-07-02,MTY-LTH-03,1.73,50.4,8.1,0
94,2025-07-02,MTY-LTH-04,2.75,55.5,12.6,0
95,2025-07-02,MTY-LTH-05,2.0,54.0,4.0,3
96,2025-07-02,MTY-MIL-01,1.37,52.5,5.7,0
97,2025-07-02,MTY-MIL-02,2.24,52.7,10.9,1
98,2025-07-02,MTY-MIL-03,1.7,50.0,9.8,1
99,2025-07-02,MTY-MIL-04,1.7,48.3,10.8,0
100,2025-07-02,MTY-MIL-05,1.87,54.2,15.0,0
101,2025-07-02,MTY-MIL-06,2.05,46.8,9.9,1
102,2025-07-02,MTY-PRS-01,3.15,63.0,11.2,0
103,2025-07-02,MTY-PRS-02,2.9,63.6,14.1,0
104,2025-07-02,MTY-PRS-03,2.82,61.0,11.1,0
105,2025-07-02,MTY-RBT-01,1.11,46.1,12.7,0
106,2025-07-02,MTY-RBT-02,1.37,38.8,14.2,0
107,2025-07-03,BRN-GRD-01,1.33,48.6,13.9,1
108,2025-07-03,BRN-LTH-01,1.86,48.6,10.9,1
109,2025-07-03,BRN-LTH-02,1.51,47.6,8.6,1
110,2025-07-03,BRN-LTH-03,2.1,53.4,11.3,0
111,2025-07-03,BRN-MIL-01,2.02,48.2,11.5,0
112,2025-07-03,BRN-MIL-02,1.36,49.8,12.3,1
113,2025-07-03,BRN-MIL-03,1.99,50.9,14.6,1
114,2025-07-03,BRN-MIL-04,1.86,46.9,12.8,0
115,2025-07-03,BRN-MIL-05,1.82,48.2,14.7,0
116,2025-07-03,BRN-MIL-06,1.63,49.1,10.0,0
117,2025-07-03,BRN-PRS-01,3.87,73.1,14.6,0
118,2025-07-03,BRN-PRS-02,3.36,56.2,9.2,0
119,2025-07-03,BRN-PRS-03,2.87,57.3,11.5,0
120,2025-07-03,BRN-RBT-01,1.18,46.5,15.0,0
121,2025-07-03,BRN-RBT-02,1.7,50.4,13.5,2
122,2025-07-03,DAY-GRD-01,1.98,50.8,12.0,1
123,2025-07-03,DAY-LTH-01,2.15,44.0,8.9,0
124,2025-07-03,DAY-LTH-02,1.55,50.2,9.5,0
125,2025-07-03,DAY-LTH-03,2.19,55.0,12.7,1
126,2025-07-03,DAY-LTH-04,2.26,56.2,10.3,0
127,2025-07-03,DAY-LTH-05,1.9,54.9,8.5,0
128,2025-07-03,DAY-MIL-01,1.39,46.0,8.7,0
129,2025-07-03,DAY-MIL-02,1.52,51.9,5.6,0
130,2025-07-03,DAY-MIL-03,1.6,49.5,6.6,0
131,2025-07-03,DAY-MIL-04,1.41,49.6,12.6,0
132,2025-07-03,DAY-MIL-05,1.85,52.1,10.5,0
133,2025-07-03,DAY-MIL-06,1.87,55.2,12.8,0
134,2025-07-03,DAY-MIL-07,2.0,47.2,10.7,0
135,2025-07-03,DAY-PRS-01,2.89,65.6,12.4,0
136,2025-07-03,DAY-PRS-02,3.52,71.9,9.4,0
137,2025-07-03,DAY-PRS-03,3.1,53.6,10.6,1
138,2025-07-03,DAY-PRS-04,2.27,59.3,10.3,0
139,2025-07-03,DAY-RBT-01,0.97,41.3,6.5,0
140,2025-07-03,DAY-RBT-02,1.5,49.4,14.7,0
141,2025-07-03,DAY-RBT-03,0.98,50.3,13.7,0
142,2025-07-03,MTY-GRD-01,1.26,49.3,12.7,0
143,2025-07-03,MTY-GRD-02,1.24,48.9,9.9,0
144,2025-07-03,MTY-LTH-01,2.24,55.7,12.0,0
145,2025-07-03,MTY-LTH-02,2.36,49.1,8.7,4
146,2025-07-03,MTY-LTH-03,1.63,51.5,9.4,0
147,2025-07-03,MTY-LTH-04,2.42,55.4,14.2,0
148,2025-07-03,MTY-MIL-01,1.28,52.9,9.9,0
149,2025-07-03,MTY-MIL-02,2.26,51.6,11.1,2
150,2025-07-03,MTY-MIL-03,1.61,47.6,9.5,0
151,2025-07-03,MTY-MIL-04,1.42,52.6,12.8,0
152,2025-07-03,MTY-MIL-05,1.94,53.5,15.6,0
153,2025-07-03,MTY-MIL-06,2.01,49.2,11.4,0
154,2025-07-03,MTY-PRS-01,3.34,62.1,10.3,0
155,2025-07-03,MTY-PRS-02,2.74,62.0,11.3,0
156,2025-07-03,MTY-PRS-03,2.79,60.2,8.9,0
157,2025-07-03,MTY-RBT-01,1.1,42.4,10.1,0
158,2025-07-03,MTY-RBT-02,1.25,38.3,10.7,0
159,2025-07-04,BRN-GRD-01,1.43,52.1,14.9,0
160,2025-07-04,BRN-LTH-01,1.84,48.3,7.9,0
161,2025-07-04,BRN-LTH-02,1.65,51.5,12.2,0
162,2025-07-04,BRN-LTH-03,2.24,53.8,12.3,0
163,2025-07-04,BRN-MIL-01,1.98,49.7,10.6,1
164,2025-07-04,BRN-MIL-02,1.5,50.9,13.7,0
165,2025-07-04,BRN-MIL-03,1.7,50.5,11.0,0
166,2025-07-04,BRN-MIL-04,2.11,48.4,14.9,0
167,2025-07-04,BRN-MIL-05,1.7,46.4,9.1,0
168,2025-07-04,BRN-MIL-06,1.48,49.2,10.4,0
169,2025-07-04,BRN-PRS-01,3.43,68.8,8.6,2
170,2025-07-04,BRN-PRS-02,3.32,54.6,9.0,1
171,2025-07-04,BRN-PRS-03,3.04,60.4,12.9,0
172,2025-07-04,BRN-RBT-01,1.0,44.5,9.9,0
173,2025-07-04,BRN-RBT-02,1.52,49.6,11.4,4
174,2025-07-04,MTY-GRD-01,1.29,47.6,12.1,0
175,2025-07-04,MTY-GRD-02,1.22,49.2,11.2,0
176,2025-07-04,MTY-LTH-01,2.47,56.1,12.8,0
177,2025-07-04,MTY-LTH-02,2.49,53.1,15.0,2
178,2025-07-04,MTY-LTH-03,1.76,52.2,12.1,0
179,2025-07-04,MTY-LTH-04,2.23,55.4,12.3,0
180,2025-07-04,MTY-MIL-01,1.27,52.8,12.1,0
181,2025-07-04,MTY-MIL-02,2.17,50.9,9.9,2
182,2025-07-04,MTY-MIL-03,2.22,52.9,15.3,0
183,2025-07-04,MTY-MIL-04,1.56,50.6,10.8,0
184,2025-07-04,MTY-MIL-05,1.72,52.3,10.3,1
185,2025-07-04,MTY-MIL-06,2.15,49.5,13.3,0
186,2025-07-04,MTY-PRS-01,3.06,63.9,10.9,0
187,2025-07-04,MTY-PRS-02,2.59,63.6,12.3,0
188,2025-07-04,MTY-PRS-03,2.76,58.2,10.5,1
189,2025-07-04,MTY-RBT-01,1.16,46.7,13.4,2
190,2025-07-04,MTY-RBT-02,1.17,41.1,13.1,0
191,2025-07-07,BRN-GRD-01,1.26,46.7,8.9,0
192,2025-07-07,BRN-LTH-01,1.87,47.9,10.9,0
193,2025-07-07,BRN-LTH-02,1.62,51.1,13.0,0
194,2025-07-07,BRN-LTH-03,2.32,53.6,10.2,0
195,2025-07-07,BRN-MIL-01,2.11,49.8,12.3,0
196,2025-07-07,BRN-MIL-02,1.34,47.1,10.7,1
197,2025-07-07,BRN-MIL-03,1.81,51.2,12.1,0
198,2025-07-07,BRN-MIL-04,1.85,46.2,11.4,0
199,2025-07-07,BRN-MIL-05,1.49,45.5,10.6,0
200,2025-07-07,BRN-MIL-06,1.36,49.0,4.5,0
201,2025-07-07,BRN-PRS-01,3.73,74.0,14.5,2
202,2025-07-07,BRN-PRS-02,3.37,56.6,10.8,1
203,2025-07-07,BRN-PRS-03,2.81,55.9,11.0,0
204,2025-07-07,BRN-RBT-01,1.12,44.2,11.3,1
205,2025-07-07,BRN-RBT-02,1.85,49.8,13.9,1
206,2025-07-07,DAY-GRD-01,2.79,52.9,12.5,0
207,2025-07-07,DAY-LTH-01,2.33,50.2,16.0,1
208,2025-07-07,DAY-LTH-02,1.71,53.2,12.6,1
209,2025-07-07,DAY-LTH-03,2.08,54.7,12.4,1
210,2025-07-07,DAY-LTH-04,2.3,59.1,14.7,0
211,2025-07-07,DAY-LTH-05,2.1,54.6,11.1,0
212,2025-07-07,DAY-MIL-01,1.26,45.8,7.6,0
213,2025-07-07,DAY-MIL-02,1.5,51.7,13.2,0
214,2025-07-07,DAY-MIL-03,1.53,52.1,4.0,0
215,2025-07-07,DAY-MIL-04,1.52,47.4,10.6,0
216,2025-07-07,DAY-MIL-05,2.04,53.7,14.3,0
217,2025-07-07,DAY-MIL-06,1.84,54.5,8.9,0
218,2025-07-07,DAY-MIL-07,2.0,49.2,12.7,0
219,2025-07-07,DAY-PRS-01,2.6,58.9,8.5,0
220,2025-07-07,DAY-PRS-02,3.52,73.2,9.0,4
221,2025-07-07,DAY-PRS-03,2.58,54.1,10.1,0
222,2025-07-07,DAY-PRS-04,2.32,58.7,13.7,0
223,2025-07-07,DAY-RBT-01,1.19,42.5,11.0,0
224,2025-07-07,DAY-RBT-02,1.38,48.8,10.0,0
225,2025-07-07,DAY-RBT-03,0.93,45.9,10.8,0
226,2025-07-07,MTY-GRD-01,1.21,47.8,11.3,0
227,2025-07-07,MTY-GRD-02,1.31,48.0,10.7,0
228,2025-07-07,MTY-LTH-01,2.6,55.0,10.2,0
229,2025-07-07,MTY-LTH-02,2.51,53.2,10.6,5
230,2025-07-07,MTY-LTH-03,1.88,52.8,13.3,0
231,2025-07-07,MTY-LTH-04,2.41,54.5,12.2,0
232,2025-07-07,MTY-LTH-05,1.96,53.7,11.0,0
233,2025-07-07,MTY-MIL-01,1.25,53.6,12.9,1
234,2025-07-07,MTY-MIL-02,2.3,53.2,11.9,1
235,2025-07-07,MTY-MIL-03,1.87,49.9,10.8,0
236,2025-07-07,MTY-MIL-04,1.96,50.2,14.7,0
237,2025-07-07,MTY-MIL-05,1.73,52.2,3.0,2
238,2025-07-07,MTY-MIL-06,1.78,47.2,8.9,0
239,2025-07-07,MTY-PRS-01,3.53,65.6,12.5,1
240,2025-07-07,MTY-PRS-02,2.78,61.0,13.4,1
241,2025-07-07,MTY-PRS-03,3.31,61.1,11.8,0
242,2025-07-07,MTY-RBT-01,1.12,47.3,13.9,0
243,2025-07-07,MTY-RBT-02,1.14,40.0,12.6,0
244,2025-07-08,BRN-GRD-01,1.33,51.1,13.6,0
245,2025-07-08,BRN-LTH-01,1.94,51.2,11.5,0
246,2025-07-08,BRN-LTH-02,1.65,49.9,9.8,0
247,2025-07-08,BRN-LTH-03,1.85,50.3,6.4,0
248,2025-07-08,BRN-MIL-01,2.3,48.3,10.7,0
249,2025-07-08,BRN-MIL-02,1.31,49.8,11.2,1
250,2025-07-08,BRN-MIL-03,1.71,47.2,10.2,0
251,2025-07-08,BRN-MIL-04,1.81,45.3,10.7,0
252,2025-07-08,BRN-MIL-05,1.78,48.6,11.7,0
253,2025-07-08,BRN-MIL-06,1.6,47.8,11.8,0
254,2025-07-08,BRN-PRS-01,3.58,74.5,9.9,2
255,2025-07-08,BRN-PRS-02,3.05,54.3,10.1,1
256,2025-07-08,BRN-PRS-03,2.76,56.9,7.4,0
257,2025-07-08,BRN-RBT-01,1.19,44.4,12.6,1
258,2025-07-08,BRN-RBT-02,1.64,48.1,11.0,5
259,2025-07-08,DAY-GRD-01,2.73,53.0,11.0,0
260,2025-07-08,DAY-LTH-01,2.35,47.4,11.9,0
261,2025-07-08,DAY-LTH-02,1.57,49.5,10.5,0
262,2025-07-08,DAY-LTH-03,1.97,52.9,10.9,0
263,2025-07-08,DAY-LTH-04,2.07,55.1,8.0,0
264,2025-07-08,DAY-LTH-05,1.97,53.8,11.1,0
265,2025-07-08,DAY-MIL-01,1.4,48.4,11.8,0
266,2025-07-08,DAY-MIL-02,1.34,51.5,9.5,0
267,2025-07-08,DAY-MIL-03,1.59,50.4,12.8,1
268,2025-07-08,DAY-MIL-04,1.69,48.9,12.9,0
269,2025-07-08,DAY-MIL-05,1.77,53.7,9.0,0
270,2025-07-08,DAY-MIL-06,1.83,55.4,10.1,0
271,2025-07-08,DAY-MIL-07,1.88,49.0,13.4,2
272,2025-07-08,DAY-PRS-01,2.73,60.2,11.1,0
273,2025-07-08,DAY-PRS-02,2.74,60.1,3.3,4
274,2025-07-08,DAY-PRS-03,2.8,54.9,11.9,0
275,2025-07-08,DAY-PRS-04,2.21,59.8,11.8,0
276,2025-07-08,DAY-RBT-01,0.97,44.5,8.4,0
277,2025-07-08,DAY-RBT-02,1.42,47.1,10.8,0
278,2025-07-08,DAY-RBT-03,0.86,43.9,9.7,0
279,2025-07-08,MTY-GRD-01,1.44,49.8,16.0,0
280,2025-07-08,MTY-GRD-02,1.11,46.0,8.1,0
281,2025-07-08,MTY-LTH-01,2.77,57.0,14.4,0
282,2025-07-08,MTY-LTH-02,2.37,53.1,12.9,4
283,2025-07-08,MTY-LTH-03,1.93,54.5,14.0,0
284,2025-07-08,MTY-LTH-04,2.22,52.5,9.8,0
285,2025-07-08,MTY-LTH-05,1.98,53.1,9.9,0
286,2025-07-08,MTY-MIL-01,1.32,54.4,13.5,0
287,2025-07-08,MTY-MIL-02,2.44,53.6,13.0,6
288,2025-07-08,MTY-MIL-03,1.64,49.0,7.9,0
289,2025-07-08,MTY-MIL-04,1.6,52.9,13.7,0
290,2025-07-08,MTY-MIL-05,2.01,53.8,11.6,0
291,2025-07-08,MTY-MIL-06,2.06,49.6,11.2,0
292,2025-07-08,MTY-PRS-01,3.62,64.4,13.2,1
293,2025-07-08,MTY-PRS-02,3.0,60.7,9.8,0
294,2025-07-08,MTY-PRS-03,3.05,59.9,9.9,0
295,2025-07-08,MTY-RBT-01,1.11,44.3,10.0,0
296,2025-07-08,MTY-RBT-02,1.2,38.5,12.0,0
297,2025-07-09,BRN-GRD-01,1.46,46.8,10.0,0
298,2025-07-09,BRN-LTH-01,1.7,48.2,8.8,0
299,2025-07-09,BRN-LTH-02,1.66,49.0,9.5,0
300,2025-07-09,BRN-LTH-03,2.19,52.6,11.3,0
301,2025-07-09,BRN-MIL-01,2.49,48.1,9.3,0
302,2025-07-09,BRN-MIL-02,1.38,50.4,11.9,0
303,2025-07-09,BRN-MIL-03,1.9,45.9,8.5,0
304,2025-07-09,BRN-MIL-04,1.84,44.7,9.2,0
305,2025-07-09,BRN-MIL-05,1.64,47.7,11.1,0
306,2025-07-09,BRN-MIL-06,1.48,47.7,11.8,0
307,2025-07-09,BRN-PRS-01,3.43,71.8,8.9,1
308,2025-07-09,BRN-PRS-02,3.17,53.5,10.0,0
309,2025-07-09,BRN-PRS-03,3.06,56.6,11.0,0
310,2025-07-09,BRN-RBT-01,1.15,43.0,10.2,0
311,2025-07-09,BRN-RBT-02,1.82,52.1,11.9,2
312,2025-07-09,DAY-GRD-01,3.03,54.3,12.6,0
313,2025-07-09,DAY-LTH-01,2.22,46.9,10.8,0
314,2025-07-09,DAY-LTH-02,1.64,52.2,11.6,0
315,2025-07-09,DAY-LTH-03,2.1,53.2,12.7,0
316,2025-07-09,DAY-LTH-04,2.47,56.5,11.3,0
317,2025-07-09,DAY-LTH-05,1.9,53.7,10.5,1
318,2025-07-09,DAY-MIL-01,1.5,48.9,12.3,0
319,2025-07-09,DAY-MIL-02,1.58,48.5,10.3,0
320,2025-07-09,DAY-MIL-03,1.51,49.4,10.7,0
321,2025-07-09,DAY-MIL-04,1.58,49.5,11.8,0
322,2025-07-09,DAY-MIL-05,1.72,51.2,12.3,1
323,2025-07-09,DAY-MIL-06,1.7,54.6,3.1,0
324,2025-07-09,DAY-MIL-07,1.79,46.9,11.6,0
325,2025-07-09,DAY-PRS-01,2.51,62.1,9.0,0
326,2025-07-09,DAY-PRS-02,2.5,63.1,10.9,0
327,2025-07-09,DAY-PRS-03,2.81,53.5,11.0,0
328,2025-07-09,DAY-PRS-04,2.42,58.4,12.2,1
329,2025-07-09,DAY-RBT-01,1.04,40.4,7.7,0
330,2025-07-09,DAY-RBT-02,1.47,50.6,13.7,1
331,2025-07-09,DAY-RBT-03,0.97,47.2,10.0,0
332,2025-07-09,MTY-GRD-01,1.33,48.4,12.1,0
333,2025-07-09,MTY-GRD-02,1.28,48.5,11.1,0
334,2025-07-09,MTY-LTH-01,2.76,56.8,11.7,0
335,2025-07-09,MTY-LTH-02,2.54,51.3,11.3,6
336,2025-07-09,MTY-LTH-03,1.7,53.4,10.7,1
337,2025-07-09,MTY-LTH-04,2.31,51.7,11.2,0
338,2025-07-09,MTY-LTH-05,2.02,53.2,11.8,0
339,2025-07-09,MTY-MIL-01,1.16,51.3,10.2,0
340,2025-07-09,MTY-MIL-02,2.48,51.9,10.8,6
341,2025-07-09,MTY-MIL-03,1.97,50.4,11.6,1
342,2025-07-09,MTY-MIL-04,1.38,49.3,10.3,0
343,2025-07-09,MTY-MIL-05,1.85,48.5,8.4,1
344,2025-07-09,MTY-MIL-06,2.04,47.8,8.8,0
345,2025-07-09,MTY-PRS-01,3.66,64.3,11.3,0
346,2025-07-09,MTY-PRS-02,3.05,64.2,13.9,0
347,2025-07-09,MTY-PRS-03,2.89,60.8,9.9,0
348,2025-07-09,MTY-RBT-01,1.1,43.4,11.3,0
349,2025-07-09,MTY-RBT-02,1.19,40.2,13.4,0
350,2025-07-10,BRN-GRD-01,1.21,47.9,9.7,0
351,2025-07-10,BRN-LTH-01,1.77,48.9,10.7,0
352,2025-07-10,BRN-LTH-02,1.57,52.0,11.9,0
353,2025-07-10,BRN-LTH-03,2.1,55.8,11.6,0
354,2025-07-10,BRN-MIL-01,2.35,50.4,11.6,2
355,2025-07-10,BRN-MIL-02,1.32,48.5,9.8,0
356,2025-07-10,BRN-MIL-03,1.75,48.9,12.0,0
357,2025-07-10,BRN-MIL-04,1.82,45.4,11.0,0
358,2025-07-10,BRN-MIL-05,1.74,47.2,10.4,1
359,2025-07-10,BRN-MIL-06,1.41,47.0,10.3,0
360,2025-07-10,BRN-PRS-01,2.73,59.9,5.6,3
361,2025-07-10,BRN-PRS-02,3.41,55.3,10.2,0
362,2025-07-10,BRN-PRS-03,3.24,56.2,11.1,0
363,2025-07-10,BRN-RBT-01,0.99,41.8,6.6,0
364,2025-07-10,BRN-RBT-02,1.97,53.5,12.8,2
365,2025-07-10,DAY-GRD-01,3.01,54.5,10.1,0
366,2025-07-10,DAY-LTH-01,1.85,44.5,8.4,1
367,2025-07-10,DAY-LTH-02,1.56,50.4,12.8,1
368,2025-07-10,DAY-LTH-03,1.83,50.0,7.6,0
369,2025-07-10,DAY-LTH-04,2.22,55.8,9.9,0
370,2025-07-10,DAY-LTH-05,2.03,54.1,12.4,0
371,2025-07-10,DAY-MIL-01,1.42,49.5,11.2,0
372,2025-07-10,DAY-MIL-02,1.4,50.5,11.3,0
373,2025-07-10,DAY-MIL-03,1.55,51.4,13.3,1
374,2025-07-10,DAY-MIL-04,1.56,49.4,12.7,0
375,2025-07-10,DAY-MIL-05,1.88,53.5,12.0,0
376,2025-07-10,DAY-MIL-06,1.72,56.3,13.3,0
377,2025-07-10,DAY-MIL-07,2.2,47.3,12.7,0
378,2025-07-10,DAY-PRS-01,2.79,64.9,14.3,0
379,2025-07-10,DAY-PRS-02,2.65,62.1,10.5,1
380,2025-07-10,DAY-PRS-03,2.86,54.8,13.6,0
381,2025-07-10,DAY-PRS-04,2.3,56.9,8.0,0
382,2025-07-10,DAY-RBT-01,1.04,44.3,10.0,0
383,2025-07-10,DAY-RBT-02,1.46,50.6,11.4,0
384,2025-07-10,DAY-RBT-03,0.92,45.2,9.3,0
385,2025-07-10,MTY-GRD-01,1.27,48.1,13.0,0
386,2025-07-10,MTY-GRD-02,1.36,48.8,10.7,0
387,2025-07-10,MTY-LTH-01,2.91,56.9,11.7,0
388,2025-07-10,MTY-LTH-02,2.49,53.1,12.6,0
389,2025-07-10,MTY-LTH-03,1.91,54.0,12.7,0
390,2025-07-10,MTY-LTH-04,2.13,54.1,9.8,0
391,2025-07-10,MTY-LTH-05,2.18,55.9,15.9,0
392,2025-07-10,MTY-MIL-01,1.17,51.1,10.9,0
393,2025-07-10,MTY-MIL-02,1.63,47.5,1.5,3
394,2025-07-10,MTY-MIL-03,1.78,50.8,8.6,0
395,2025-07-10,MTY-MIL-04,1.73,50.3,11.4,0
396,2025-07-10,MTY-MIL-05,2.03,52.4,11.2,0
397,2025-07-10,MTY-MIL-06,2.01,46.9,12.2,0
398,2025-07-10,MTY-PRS-01,3.54,65.7,13.3,0
399,2025-07-10,MTY-PRS-02,2.75,64.4,10.8,0
400,2025-07-10,MTY-PRS-03,2.54,58.6,5.6,0
401,2025-07-10,MTY-RBT-01,1.2,47.0,12.9,0
402,2025-07-10,MTY-RBT-02,1.21,38.9,11.3,0
403,2025-07-11,BRN-GRD-01,1.29,47.8,9.6,0
404,2025-07-11,BRN-LTH-01,1.91,50.8,13.4,0
405,2025-07-11,BRN-LTH-02,1.7,52.3,10.6,0
406,2025-07-11,BRN-LTH-03,2.07,53.2,11.7,0
407,2025-07-11,BRN-MIL-01,2.68,52.8,14.2,0
408,2025-07-11,BRN-MIL-02,1.45,53.9,16.0,0
409,2025-07-11,BRN-MIL-03,1.72,48.9,10.9,0
410,2025-07-11,BRN-MIL-04,1.87,46.8,10.7,0
411,2025-07-11,BRN-MIL-05,1.88,47.1,11.6,1
412,2025-07-11,BRN-MIL-06,1.36,46.3,9.9,0
413,2025-07-11,BRN-PRS-01,2.93,60.0,10.5,0
414,2025-07-11,BRN-PRS-02,3.36,56.7,11.8,0
415,2025-07-11,BRN-PRS-03,3.18,58.2,11.4,1
416,2025-07-11,BRN-RBT-01,1.21,45.3,12.6,0
417,2025-07-11,BRN-RBT-02,1.84,50.6,9.7,4
418,2025-07-11,DAY-GRD-01,3.02,53.8,14.3,0
419,2025-07-11,DAY-LTH-01,2.24,47.4,12.4,0
420,2025-07-11,DAY-LTH-02,1.41,50.7,7.3,0
421,2025-07-11,DAY-LTH-03,1.96,53.7,12.6,0
422,2025-07-11,DAY-LTH-04,2.02,54.7,8.0,0
423,2025-07-11,DAY-LTH-05,2.11,54.3,10.9,1
424,2025-07-11,DAY-MIL-01,1.43,47.9,9.6,0
425,2025-07-11,DAY-MIL-02,1.41,51.5,12.6,0
426,2025-07-11,DAY-MIL-03,1.71,50.0,14.0,0
427,2025-07-11,DAY-MIL-04,1.59,48.2,11.6,0
428,2025-07-11,DAY-MIL-05,2.02,57.0,16.0,1
429,2025-07-11,DAY-MIL-06,1.73,56.2,12.2,0
430,2025-07-11,DAY-MIL-07,2.15,46.6,13.0,0
431,2025-07-11,DAY-PRS-01,2.79,62.0,11.5,0
432,2025-07-11,DAY-PRS-02,2.74,63.1,11.5,0
433,2025-07-11,DAY-PRS-03,2.89,53.5,11.3,0
434,2025-07-11,DAY-PRS-04,2.4,60.6,12.0,0
435,2025-07-11,DAY-RBT-01,1.15,43.5,9.7,0
436,2025-07-11,DAY-RBT-02,1.38,48.7,10.2,0
437,2025-07-11,DAY-RBT-03,0.92,47.4,12.6,0
438,2025-07-11,MTY-GRD-01,1.17,46.1,9.9,0
439,2025-07-11,MTY-GRD-02,1.28,49.6,11.7,0
440,2025-07-11,MTY-LTH-01,3.03,57.4,8.2,2
441,2025-07-11,MTY-LTH-02,2.49,52.9,9.7,3
442,2025-07-11,MTY-LTH-03,1.88,54.8,12.7,0
443,2025-07-11,MTY-LTH-04,2.6,54.6,12.5,0
444,2025-07-11,MTY-LTH-05,1.92,56.4,13.4,2
445,2025-07-11,MTY-MIL-01,1.33,53.1,15.2,0
446,2025-07-11,MTY-MIL-02,1.72,48.7,12.1,1
447,2025-07-11,MTY-MIL-03,1.75,50.4,11.5,0
448,2025-07-11,MTY-MIL-04,1.61,49.3,11.0,0
449,2025-07-11,MTY-MIL-05,2.21,55.4,12.9,0
450,2025-07-11,MTY-MIL-06,2.31,49.8,11.3,0
451,2025-07-11,MTY-PRS-01,3.42,64.2,12.7,2
452,2025-07-11,MTY-PRS-02,2.85,61.2,13.0,0
453,2025-07-11,MTY-PRS-03,2.65,58.5,11.5,0
454,2025-07-11,MTY-RBT-01,1.06,46.1,10.9,0
455,2025-07-11,MTY-RBT-02,1.17,39.9,12.6,0
456,2025-07-14,BRN-GRD-01,1.29,50.8,12.4,0
457,2025-07-14,BRN-LTH-01,2.17,51.4,13.1,1
458,2025-07-14,BRN-LTH-02,1.54,49.7,8.2,0
459,2025-07-14,BRN-LTH-03,2.33,57.8,15.9,0
460,2025-07-14,BRN-MIL-01,2.72,53.7,12.5,0
461,2025-07-14,BRN-MIL-02,1.42,51.0,15.0,0
462,2025-07-14,BRN-MIL-03,1.76,47.9,11.1,0
463,2025-07-14,BRN-MIL-04,1.73,45.6,10.6,0
464,2025-07-14,BRN-MIL-05,1.83,49.0,14.8,0
465,2025-07-14,BRN-MIL-06,1.66,50.2,12.9,1
466,2025-07-14,BRN-PRS-01,2.81,57.5,8.6,0
467,2025-07-14,BRN-PRS-02,3.48,55.2,9.9,0
468,2025-07-14,BRN-PRS-03,2.85,56.4,8.8,0
469,2025-07-14,BRN-RBT-01,1.1,43.3,11.6,0
470,2025-07-14,BRN-RBT-02,1.91,52.1,12.3,2
471,2025-07-14,DAY-GRD-01,2.27,51.1,10.4,0
472,2025-07-14,DAY-LTH-01,2.26,47.3,12.8,0
473,2025-07-14,DAY-LTH-02,1.6,51.0,9.4,0
474,2025-07-14,DAY-LTH-03,2.06,50.9,9.5,0
475,2025-07-14,DAY-LTH-04,2.3,58.4,14.3,0
476,2025-07-14,DAY-LTH-05,1.94,55.5,13.0,0
477,2025-07-14,DAY-MIL-01,1.56,48.2,11.5,0
478,2025-07-14,DAY-MIL-02,1.58,51.5,12.7,0
479,2025-07-14,DAY-MIL-03,1.6,51.8,12.3,1
480,2025-07-14,DAY-MIL-04,1.56,47.2,10.9,0
481,2025-07-14,DAY-MIL-05,1.67,54.3,12.9,0
482,2025-07-14,DAY-MIL-06,1.46,49.2,5.0,1
483,2025-07-14,DAY-MIL-07,1.88,45.4,8.8,0
484,2025-07-14,DAY-PRS-01,3.21,66.3,12.6,0
485,2025-07-14,DAY-PRS-02,2.83,62.6,11.9,1
486,2025-07-14,DAY-PRS-03,2.81,54.9,12.6,0
487,2025-07-14,DAY-PRS-04,2.4,62.9,14.7,1
488,2025-07-14,DAY-RBT-01,1.11,46.6,13.9,0
489,2025-07-14,DAY-RBT-02,1.47,49.6,10.9,0
490,2025-07-14,DAY-RBT-03,0.93,45.6,8.8,0
491,2025-07-14,MTY-GRD-01,1.25,46.7,10.0,0
492,2025-07-14,MTY-GRD-02,1.3,51.0,12.3,0
493,2025-07-14,MTY-LTH-01,3.69,56.8,10.5,1
494,2025-07-14,MTY-LTH-02,2.63,54.0,8.6,3
495,2025-07-14,MTY-LTH-03,1.77,49.9,8.0,0
496,2025-07-14,MTY-LTH-04,2.07,53.4,11.0,0
497,2025-07-14,MTY-LTH-05,2.04,54.2,9.2,0
498,2025-07-14,MTY-MIL-01,1.41,52.1,9.8,0
499,2025-07-14,MTY-MIL-02,1.79,49.9,12.3,1
500,2025-07-14,MTY-MIL-03,1.63,49.1,9.5,1
501,2025-07-14,MTY-MIL-04,1.52,50.4,9.6,0
502,2025-07-14,MTY-MIL-05,2.59,54.8,11.6,2
503,2025-07-14,MTY-MIL-06,2.11,48.9,10.6,0
504,2025-07-14,MTY-PRS-01,3.44,61.5,8.9,0
505,2025-07-14,MTY-PRS-02,2.5,60.0,7.9,0
506,2025-07-14,MTY-PRS-03,2.99,61.5,14.1,1
507,2025-07-14,MTY-RBT-01,1.36,48.7,15.6,1
508,2025-07-14,MTY-RBT-02,1.35,41.2,12.1,0
509,2025-07-15,BRN-GRD-01,1.34,48.5,8.7,0
510,2025-07-15,BRN-LTH-01,1.88,50.5,10.5,0
511,2025-07-15,BRN-LTH-02,1.68,51.9,13.1,0
512,2025-07-15,BRN-LTH-03,1.99,54.8,11.1,0
513,2025-07-15,BRN-MIL-01,2.93,52.3,12.0,0
514,2025-07-15,BRN-MIL-02,1.38,48.7,11.7,0
515,2025-07-15,BRN-MIL-03,1.87,47.8,10.4,0
516,2025-07-15,BRN-MIL-04,1.77,45.1,10.2,0
517,2025-07-15,BRN-MIL-05,1.69,47.0,10.1,0
518,2025-07-15,BRN-MIL-06,1.49,46.8,11.5,0
519,2025-07-15,BRN-PRS-01,2.62,57.8,8.0,0
520,2025-07-15,BRN-PRS-02,3.3,54.1,9.3,0
521,2025-07-15,BRN-PRS-03,3.04,56.3,11.8,1
522,2025-07-15,BRN-RBT-01,1.11,42.7,9.2,0
523,2025-07-15,BRN-RBT-02,1.81,51.1,10.8,3
524,2025-07-15,DAY-GRD-01,2.37,53.8,13.7,0
525,2025-07-15,DAY-LTH-01,2.36,47.0,13.2,0
526,2025-07-15,DAY-LTH-02,1.74,51.5,12.1,0
527,2025-07-15,DAY-LTH-03,2.09,51.6,9.5,1
528,2025-07-15,DAY-LTH-04,2.24,59.0,11.0,0
529,2025-07-15,DAY-LTH-05,1.96,53.9,9.7,0
530,2025-07-15,DAY-MIL-01,1.47,47.3,9.0,0
531,2025-07-15,DAY-MIL-02,1.39,50.4,10.1,0
532,2025-07-15,DAY-MIL-03,1.46,50.3,8.9,1
533,2025-07-15,DAY-MIL-04,1.49,47.4,9.9,0
534,2025-07-15,DAY-MIL-05,1.72,52.9,12.3,1
535,2025-07-15,DAY-MIL-06,1.53,51.2,9.2,0
536,2025-07-15,DAY-MIL-07,1.86,46.5,11.4,0
537,2025-07-15,DAY-PRS-01,2.67,63.5,11.5,0
538,2025-07-15,DAY-PRS-02,2.88,60.7,11.5,0
539,2025-07-15,DAY-PRS-03,2.52,54.7,9.0,0
540,2025-07-15,DAY-PRS-04,2.35,62.2,15.1,0
541,2025-07-15,DAY-RBT-01,1.18,45.0,11.9,0
542,2025-07-15,DAY-RBT-02,1.42,49.8,12.2,0
543,2025-07-15,DAY-RBT-03,0.96,45.5,10.3,0
544,2025-07-15,MTY-GRD-01,1.28,47.7,11.7,1
545,2025-07-15,MTY-GRD-02,1.34,49.1,10.2,0
546,2025-07-15,MTY-LTH-01,3.84,59.8,13.5,1
547,2025-07-15,MTY-LTH-02,2.59,54.6,9.0,6
548,2025-07-15,MTY-LTH-03,1.71,51.8,9.5,0
549,2025-07-15,MTY-LTH-04,2.17,53.9,8.5,0
550,2025-07-15,MTY-LTH-05,1.99,56.6,12.2,1
551,2025-07-15,MTY-MIL-01,1.26,53.9,11.6,0
552,2025-07-15,MTY-MIL-02,1.66,48.6,10.4,0
553,2025-07-15,MTY-MIL-03,1.74,48.7,10.6,1
554,2025-07-15,MTY-MIL-04,1.63,50.8,10.1,0
555,2025-07-15,MTY-MIL-05,2.77,55.0,13.3,2
556,2025-07-15,MTY-MIL-06,2.25,46.9,8.7,0
557,2025-07-15,MTY-PRS-01,3.56,65.2,12.0,0
558,2025-07-15,MTY-PRS-02,2.89,63.8,13.9,0
559,2025-07-15,MTY-PRS-03,2.87,62.2,16.0,0
560,2025-07-15,MTY-RBT-01,1.13,44.0,10.0,0
561,2025-07-15,MTY-RBT-02,1.13,39.6,11.4,0
562,2025-07-16,BRN-GRD-01,1.49,50.1,12.9,1
563,2025-07-16,BRN-LTH-01,2.1,53.1,13.2,0
564,2025-07-16,BRN-LTH-02,1.73,51.1,10.2,0
565,2025-07-16,BRN-LTH-03,2.47,57.2,14.4,2
566,2025-07-16,BRN-MIL-01,3.15,52.7,14.3,4
567,2025-07-16,BRN-MIL-02,1.39,51.1,12.8,0
568,2025-07-16,BRN-MIL-03,1.93,48.9,10.5,0
569,2025-07-16,BRN-MIL-04,1.69,44.4,7.2,0
570,2025-07-16,BRN-MIL-05,1.6,49.0,13.7,0
571,2025-07-16,BRN-MIL-06,1.61,49.4,12.6,0
572,2025-07-16,BRN-PRS-01,2.63,59.1,11.9,1
573,2025-07-16,BRN-PRS-02,3.4,56.7,12.9,0
574,2025-07-16,BRN-PRS-03,3.15,55.0,11.8,0
575,2025-07-16,BRN-RBT-01,1.19,42.5,12.2,1
576,2025-07-16,BRN-RBT-02,1.91,53.9,11.9,6
577,2025-07-16,DAY-GRD-01,2.11,50.4,11.4,0
578,2025-07-16,DAY-LTH-01,1.94,45.5,8.6,0
579,2025-07-16,DAY-LTH-02,1.65,52.7,9.5,0
580,2025-07-16,DAY-LTH-03,1.98,55.2,12.5,1
581,2025-07-16,DAY-LTH-04,2.12,57.7,11.5,0
582,2025-07-16,DAY-LTH-05,2.16,55.2,11.9,0
583,2025-07-16,DAY-MIL-01,1.45,47.2,10.8,1
584,2025-07-16,DAY-MIL-02,1.38,52.2,13.4,0
585,2025-07-16,DAY-MIL-03,1.48,51.7,10.0,0
586,2025-07-16,DAY-MIL-04,1.55,49.7,9.8,0
587,2025-07-16,DAY-MIL-05,1.88,54.1,11.8,1
588,2025-07-16,DAY-MIL-06,1.74,54.7,12.7,0
589,2025-07-16,DAY-MIL-07,1.73,47.0,10.7,0
590,2025-07-16,DAY-PRS-01,2.55,61.5,9.5,0
591,2025-07-16,DAY-PRS-02,3.2,63.3,15.3,0
592,2025-07-16,DAY-PRS-03,2.68,51.8,10.0,0
593,2025-07-16,DAY-PRS-04,2.42,60.1,9.7,0
594,2025-07-16,DAY-RBT-01,1.05,41.8,9.3,0
595,2025-07-16,DAY-RBT-02,1.32,47.8,9.3,0
596,2025-07-16,DAY-RBT-03,0.95,45.8,11.0,0
597,2025-07-16,MTY-GRD-01,1.21,46.7,9.2,0
598,2025-07-16,MTY-GRD-02,1.29,51.5,12.3,0
599,2025-07-16,MTY-LTH-01,3.68,59.7,9.5,1
600,2025-07-16,MTY-LTH-02,1.88,50.3,3.8,3
601,2025-07-16,MTY-LTH-03,1.72,53.1,12.7,0
602,2025-07-16,MTY-LTH-04,2.49,57.1,13.0,0
603,2025-07-16,MTY-LTH-05,1.91,52.0,7.8,0
604,2025-07-16,MTY-MIL-01,1.37,53.3,11.3,1
605,2025-07-16,MTY-MIL-02,1.67,47.9,8.3,1
606,2025-07-16,MTY-MIL-03,1.8,51.2,10.7,1
607,2025-07-16,MTY-MIL-04,1.63,52.2,12.9,0
608,2025-07-16,MTY-MIL-05,2.9,53.8,11.1,0
609,2025-07-16,MTY-MIL-06,2.24,50.6,14.4,0
610,2025-07-16,MTY-PRS-01,2.99,61.7,9.0,0
611,2025-07-16,MTY-PRS-02,2.66,60.4,10.4,0
612,2025-07-16,MTY-PRS-03,2.89,59.4,14.1,0
613,2025-07-16,MTY-RBT-01,1.19,46.7,15.8,0
614,2025-07-16,MTY-RBT-02,1.18,40.1,11.8,0
615,2025-07-17,BRN-GRD-01,1.52,47.8,13.6,0
616,2025-07-17,BRN-LTH-01,1.78,47.4,10.4,0
617,2025-07-17,BRN-LTH-02,1.75,53.6,15.6,0
618,2025-07-17,BRN-LTH-03,2.11,55.0,14.2,0
619,2025-07-17,BRN-MIL-01,3.2,52.4,11.3,1
620,2025-07-17,BRN-MIL-02,1.37,51.6,13.7,0
621,2025-07-17,BRN-MIL-03,2.11,51.7,13.6,0
622,2025-07-17,BRN-MIL-04,1.82,45.1,8.7,1
623,2025-07-17,BRN-MIL-05,1.83,48.3,13.7,0
624,2025-07-17,BRN-MIL-06,1.45,50.8,11.2,0
625,2025-07-17,BRN-PRS-01,3.18,61.2,11.6,0
626,2025-07-17,BRN-PRS-02,3.72,57.9,15.4,0
627,2025-07-17,BRN-PRS-03,2.95,57.1,12.8,1
628,2025-07-17,BRN-RBT-01,1.16,45.7,12.3,0
629,2025-07-17,BRN-RBT-02,2.08,56.5,15.5,3
630,2025-07-17,DAY-GRD-01,2.04,50.8,11.9,0
631,2025-07-17,DAY-LTH-01,2.01,46.2,8.7,0
632,2025-07-17,DAY-LTH-02,1.7,53.9,11.1,0
633,2025-07-17,DAY-LTH-03,2.21,52.9,12.0,0
634,2025-07-17,DAY-LTH-04,1.97,56.5,9.3,0
635,2025-07-17,DAY-LTH-05,1.87,52.6,8.2,0
636,2025-07-17,DAY-MIL-01,1.45,48.4,12.3,0
637,2025-07-17,DAY-MIL-02,1.31,48.7,7.4,0
638,2025-07-17,DAY-MIL-03,1.61,51.3,12.7,0
639,2025-07-17,DAY-MIL-04,1.66,47.2,11.2,2
640,2025-07-17,DAY-MIL-05,2.06,51.8,11.5,1
641,2025-07-17,DAY-MIL-06,1.71,53.8,12.7,0
642,2025-07-17,DAY-MIL-07,1.81,45.9,11.6,0
643,2025-07-17,DAY-PRS-01,2.93,62.4,12.9,0
644,2025-07-17,DAY-PRS-02,2.82,62.2,10.7,0
645,2025-07-17,DAY-PRS-03,3.12,56.4,15.5,0
646,2025-07-17,DAY-PRS-04,2.46,61.1,13.2,0
647,2025-07-17,DAY-RBT-01,1.2,44.6,12.2,0
648,2025-07-17,DAY-RBT-02,1.53,50.4,14.7,1
649,2025-07-17,DAY-RBT-03,0.94,46.5,11.1,0
650,2025-07-17,MTY-GRD-01,1.18,47.1,10.8,0
651,2025-07-17,MTY-GRD-02,1.31,52.2,11.9,0
652,2025-07-17,MTY-LTH-01,4.08,59.8,6.9,2
653,2025-07-17,MTY-LTH-03,1.92,53.6,12.6,0
654,2025-07-17,MTY-LTH-04,2.24,49.6,6.5,0
655,2025-07-17,MTY-LTH-05,2.22,53.4,10.1,0
656,2025-07-17,MTY-MIL-01,1.22,53.3,10.4,0
657,2025-07-17,MTY-MIL-02,1.6,45.9,9.9,1
658,2025-07-17,MTY-MIL-03,1.75,50.5,9.2,0
659,2025-07-17,MTY-MIL-04,1.71,51.4,15.2,0
660,2025-07-17,MTY-MIL-05,2.98,55.4,10.9,3
661,2025-07-17,MTY-MIL-06,1.99,44.8,8.7,0
662,2025-07-17,MTY-PRS-01,3.29,62.2,13.1,1
663,2025-07-17,MTY-PRS-02,2.89,62.2,13.7,0
664,2025-07-17,MTY-PRS-03,2.65,58.8,11.8,0
665,2025-07-17,MTY-RBT-01,1.06,45.1,11.6,0
666,2025-07-17,MTY-RBT-02,1.14,40.6,13.8,0
667,2025-07-18,BRN-GRD-01,1.48,47.3,9.4,1
668,2025-07-18,BRN-LTH-01,1.86,50.3,11.9,0
669,2025-07-18,BRN-LTH-02,1.59,52.6,13.6,0
670,2025-07-18,BRN-LTH-03,2.21,55.6,12.2,0
671,2025-07-18,BRN-MIL-01,3.55,54.4,16.0,2
672,2025-07-18,BRN-MIL-02,1.41,47.2,10.2,0
673,2025-07-18,BRN-MIL-03,1.95,49.8,11.6,0
674,2025-07-18,BRN-MIL-04,1.72,43.8,9.1,0
675,2025-07-18,BRN-MIL-05,1.62,48.1,9.4,1
676,2025-07-18,BRN-MIL-06,1.59,48.9,12.2,0
677,2025-07-18,BRN-PRS-01,3.01,61.6,12.6,1
678,2025-07-18,BRN-PRS-02,3.52,56.6,12.5,1
679,2025-07-18,BRN-PRS-03,3.06,56.6,8.8,1
680,2025-07-18,BRN-RBT-01,1.03,43.8,10.0,0
681,2025-07-18,BRN-RBT-02,2.1,54.8,11.8,8
682,2025-07-18,DAY-GRD-01,2.1,51.4,12.8,0
683,2025-07-18,DAY-LTH-01,1.96,42.8,5.0,0
684,2025-07-18,DAY-LTH-02,1.69,53.5,11.3,1
685,2025-07-18,DAY-LTH-03,2.12,52.7,12.5,0
686,2025-07-18,DAY-LTH-04,2.3,58.1,11.8,0
687,2025-07-18,DAY-LTH-05,1.96,54.3,10.7,0
688,2025-07-18,DAY-MIL-01,1.58,49.8,15.4,0
689,2025-07-18,DAY-MIL-02,1.48,49.4,9.8,0
690,2025-07-18,DAY-MIL-03,1.37,50.3,9.0,1
691,2025-07-18,DAY-MIL-04,1.64,48.4,9.9,1
692,2025-07-18,DAY-MIL-05,2.12,55.4,14.3,1
693,2025-07-18,DAY-MIL-06,1.57,54.8,10.8,0
694,2025-07-18,DAY-MIL-07,2.02,46.1,8.5,0
695,2025-07-18,DAY-PRS-01,2.86,60.3,10.4,0
696,2025-07-18,DAY-PRS-02,2.5,63.9,11.0,0
697,2025-07-18,DAY-PRS-03,2.98,56.1,10.7,0
698,2025-07-18,DAY-PRS-04,2.22,58.4,9.4,0
699,2025-07-18,DAY-RBT-01,0.95,41.2,8.4,0
700,2025-07-18,DAY-RBT-02,1.32,47.6,9.8,0
701,2025-07-18,DAY-RBT-03,0.93,48.1,11.1,1
702,2025-07-18,MTY-GRD-01,1.41,47.8,11.4,0
703,2025-07-18,MTY-GRD-02,1.32,50.0,13.6,0
704,2025-07-18,MTY-LTH-01,4.34,61.4,9.4,3
705,2025-07-18,MTY-LTH-02,1.82,49.2,12.9,0
706,2025-07-18,MTY-LTH-03,2.0,54.5,15.1,0
707,2025-07-18,MTY-LTH-04,2.46,53.4,11.8,1
708,2025-07-18,MTY-LTH-05,2.14,55.6,13.1,0
709,2025-07-18,MTY-MIL-01,1.27,52.4,9.1,0
710,2025-07-18,MTY-MIL-02,1.66,46.7,8.5,0
711,2025-07-18,MTY-MIL-03,1.57,50.2,2.1,1
712,2025-07-18,MTY-MIL-04,1.58,48.9,9.6,1
713,2025-07-18,MTY-MIL-05,3.15,56.7,12.0,1
714,2025-07-18,MTY-MIL-06,2.1,47.5,12.2,0
715,2025-07-18,MTY-PRS-01,3.22,62.3,9.3,0
716,2025-07-18,MTY-PRS-02,2.84,63.4,11.8,0
717,2025-07-18,MTY-PRS-03,2.94,61.5,15.4,1
718,2025-07-18,MTY-RBT-01,1.21,47.0,14.9,1
719,2025-07-18,MTY-RBT-02,1.0,38.4,9.9,0
720,2025-07-21,BRN-GRD-01,1.29,47.3,10.6,0
721,2025-07-21,BRN-LTH-01,2.13,50.1,15.1,0
722,2025-07-21,BRN-LTH-02,1.73,52.9,13.1,0
723,2025-07-21,BRN-LTH-03,2.07,55.4,10.9,0
724,2025-07-21,BRN-MIL-01,3.55,54.4,11.5,1
725,2025-07-21,BRN-MIL-02,1.45,52.0,13.3,0
726,2025-07-21,BRN-MIL-03,1.87,51.8,13.1,0
727,2025-07-21,BRN-MIL-04,1.73,45.5,10.6,0
728,2025-07-21,BRN-MIL-05,1.55,45.5,4.2,1
729,2025-07-21,BRN-MIL-06,1.34,44.1,6.4,1
730,2025-07-21,BRN-PRS-01,3.08,62.7,13.8,0
731,2025-07-21,BRN-PRS-02,3.6,55.5,11.8,0
732,2025-07-21,BRN-PRS-03,3.26,59.8,15.4,0
733,2025-07-21,BRN-RBT-01,1.23,44.8,11.4,0
734,2025-07-21,BRN-RBT-02,2.13,52.3,8.2,5
735,2025-07-21,DAY-GRD-01,2.07,48.9,12.6,0
736,2025-07-21,DAY-LTH-01,2.15,46.5,9.9,0
737,2025-07-21,DAY-LTH-02,1.65,55.0,14.5,0
738,2025-07-21,DAY-LTH-03,1.95,53.8,13.5,0
739,2025-07-21,DAY-LTH-04,2.34,56.1,10.4,0
740,2025-07-21,DAY-LTH-05,1.82,53.0,9.5,0
741,2025-07-21,DAY-MIL-01,1.56,50.1,12.3,1
742,2025-07-21,DAY-MIL-02,1.55,50.9,13.4,2
743,2025-07-21,DAY-MIL-03,1.69,53.4,13.2,0
744,2025-07-21,DAY-MIL-04,1.62,49.3,13.5,0
745,2025-07-21,DAY-MIL-05,2.02,53.3,9.6,1
746,2025-07-21,DAY-MIL-06,1.76,54.9,11.8,0
747,2025-07-21,DAY-MIL-07,1.82,46.7,9.9,0
748,2025-07-21,DAY-PRS-01,2.79,63.7,11.0,2
749,2025-07-21,DAY-PRS-02,2.87,62.1,11.2,2
750,2025-07-21,DAY-PRS-03,2.86,55.3,11.6,0
751,2025-07-21,DAY-PRS-04,2.29,59.7,10.8,1
752,2025-07-21,DAY-RBT-01,1.11,44.5,12.8,0
753,2025-07-21,DAY-RBT-02,1.64,51.3,14.3,0
754,2025-07-21,DAY-RBT-03,1.15,45.3,11.0,0
755,2025-07-21,MTY-GRD-01,1.49,50.6,14.0,0
756,2025-07-21,MTY-GRD-02,1.29,50.9,13.6,0
757,2025-07-21,MTY-LTH-01,5.1,65.2,13.0,1
758,2025-07-21,MTY-LTH-02,1.96,47.7,11.9,0
759,2025-07-21,MTY-LTH-03,1.81,52.9,9.8,0
760,2025-07-21,MTY-LTH-04,2.4,57.1,12.3,0
761,2025-07-21,MTY-LTH-05,2.01,55.3,13.3,1
762,2025-07-21,MTY-MIL-01,1.27,53.2,12.2,0
763,2025-07-21,MTY-MIL-02,1.72,48.7,12.1,0
764,2025-07-21,MTY-MIL-03,1.66,50.1,11.5,0
765,2025-07-21,MTY-MIL-04,1.67,50.1,10.1,0
766,2025-07-21,MTY-MIL-05,3.75,58.7,12.2,4
767,2025-07-21,MTY-MIL-06,2.0,50.0,7.9,0
768,2025-07-21,MTY-PRS-01,3.15,65.6,12.5,0
769,2025-07-21,MTY-PRS-02,2.76,61.9,9.6,0
770,2025-07-21,MTY-PRS-03,2.86,59.0,10.3,0
771,2025-07-21,MTY-RBT-01,1.08,45.9,14.6,0
772,2025-07-21,MTY-RBT-02,1.24,39.6,12.1,0
773,2025-07-22,BRN-GRD-01,1.45,49.6,12.2,0
774,2025-07-22,BRN-LTH-01,1.86,51.3,13.4,0
775,2025-07-22,BRN-LTH-02,1.78,51.7,12.1,0
776,2025-07-22,BRN-LTH-03,2.27,57.2,12.6,0
777,2025-07-22,BRN-MIL-01,3.92,53.1,13.8,2
778,2025-07-22,BRN-MIL-02,1.44,49.8,10.9,1
779,2025-07-22,BRN-MIL-03,1.89,51.4,14.3,0
780,2025-07-22,BRN-MIL-04,1.91,46.0,11.4,0
781,2025-07-22,BRN-MIL-05,1.46,43.3,8.2,0
782,2025-07-22,BRN-MIL-06,1.64,49.4,15.1,1
783,2025-07-22,BRN-PRS-01,2.66,63.4,12.3,0
784,2025-07-22,BRN-PRS-02,3.11,56.5,12.9,0
785,2025-07-22,BRN-PRS-03,3.3,60.5,15.6,0
786,2025-07-22,BRN-RBT-01,1.1,44.8,9.8,0
787,2025-07-22,BRN-RBT-02,2.15,56.8,13.5,4
788,2025-07-22,DAY-GRD-01,1.93,51.3,10.1,1
789,2025-07-22,DAY-LTH-01,2.11,45.6,12.5,0
790,2025-07-22,DAY-LTH-02,1.73,52.3,12.9,0
791,2025-07-22,DAY-LTH-03,1.93,52.0,11.5,0
792,2025-07-22,DAY-LTH-04,2.28,58.6,10.5,0
793,2025-07-22,DAY-LTH-05,2.11,54.7,12.2,0
794,2025-07-22,DAY-MIL-01,1.66,45.8,9.7,0
795,2025-07-22,DAY-MIL-02,1.58,51.0,12.7,0
796,2025-07-22,DAY-MIL-03,1.73,54.6,12.8,0
797,2025-07-22,DAY-MIL-04,1.56,50.1,12.3,0
798,2025-07-22,DAY-MIL-05,2.12,56.1,13.6,1
799,2025-07-22,DAY-MIL-06,1.57,53.9,9.5,0
800,2025-07-22,DAY-MIL-07,1.73,45.0,8.1,0
801,2025-07-22,DAY-PRS-01,2.78,63.4,11.5,0
802,2025-07-22,DAY-PRS-02,2.62,60.1,9.6,0
803,2025-07-22,DAY-PRS-03,2.8,54.7,14.7,0
804,2025-07-22,DAY-PRS-04,2.37,61.5,12.1,0
805,2025-07-22,DAY-RBT-01,1.22,43.7,13.7,0
806,2025-07-22,DAY-RBT-02,1.4,47.9,8.5,0
807,2025-07-22,DAY-RBT-03,1.02,47.6,12.6,0
808,2025-07-22,MTY-GRD-01,1.45,48.6,10.6,0
809,2025-07-22,MTY-GRD-02,1.33,50.1,12.5,1
810,2025-07-22,MTY-LTH-01,5.32,64.5,13.4,2
811,2025-07-22,MTY-LTH-02,2.06,50.3,13.4,0
812,2025-07-22,MTY-LTH-03,1.93,52.2,12.9,0
813,2025-07-22,MTY-LTH-04,2.52,53.5,12.9,1
814,2025-07-22,MTY-LTH-05,2.25,54.7,13.8,0
815,2025-07-22,MTY-MIL-01,1.39,53.2,11.9,0
816,2025-07-22,MTY-MIL-02,1.68,48.4,1.0,0
817,2025-07-22,MTY-MIL-03,1.81,51.0,14.0,1
818,2025-07-22,MTY-MIL-04,1.66,50.8,11.8,0
819,2025-07-22,MTY-MIL-05,3.96,61.9,11.5,2
820,2025-07-22,MTY-MIL-06,1.65,46.9,7.2,0
821,2025-07-22,MTY-PRS-01,3.37,63.2,9.4,0
822,2025-07-22,MTY-PRS-02,2.79,62.4,9.6,0
823,2025-07-22,MTY-PRS-03,2.96,60.1,14.0,0
824,2025-07-22,MTY-RBT-01,1.09,44.0,12.3,1
825,2025-07-22,MTY-RBT-02,1.14,35.4,6.7,0
826,2025-07-23,BRN-GRD-01,1.48,49.8,11.0,0
827,2025-07-23,BRN-LTH-01,1.85,51.1,12.8,0
828,2025-07-23,BRN-LTH-02,1.68,51.3,11.3,0
829,2025-07-23,BRN-LTH-03,2.13,56.4,13.0,0
830,2025-07-23,BRN-MIL-01,4.09,55.8,13.9,5
831,2025-07-23,BRN-MIL-02,1.5,49.7,11.6,1
832,2025-07-23,BRN-MIL-03,2.03,50.5,11.2,0
833,2025-07-23,BRN-MIL-04,1.82,47.1,12.5,0
834,2025-07-23,BRN-MIL-05,1.54,44.5,13.2,1
835,2025-07-23,BRN-MIL-06,1.39,50.7,13.4,0
836,2025-07-23,BRN-PRS-01,2.95,62.1,10.1,0
837,2025-07-23,BRN-PRS-02,3.62,54.8,12.1,0
838,2025-07-23,BRN-PRS-03,3.1,58.4,13.4,0
839,2025-07-23,BRN-RBT-01,1.06,46.6,14.0,0
840,2025-07-23,BRN-RBT-02,2.17,56.0,11.9,3
841,2025-07-23,DAY-GRD-01,2.19,51.0,11.1,0
842,2025-07-23,DAY-LTH-01,1.96,45.1,7.6,0
843,2025-07-23,DAY-LTH-02,1.67,54.8,12.5,0
844,2025-07-23,DAY-LTH-03,1.89,51.1,9.9,0
845,2025-07-23,DAY-LTH-04,2.05,53.6,8.7,0
846,2025-07-23,DAY-LTH-05,2.14,54.6,12.8,0
847,2025-07-23,DAY-MIL-01,1.4,48.9,10.3,1
848,2025-07-23,DAY-MIL-02,1.38,49.2,10.5,0
849,2025-07-23,DAY-MIL-03,1.66,55.5,13.8,1
850,2025-07-23,DAY-MIL-04,1.61,48.9,11.0,0
851,2025-07-23,DAY-MIL-05,2.26,56.3,14.3,4
852,2025-07-23,DAY-MIL-06,1.75,54.9,13.2,0
853,2025-07-23,DAY-MIL-07,1.99,47.0,10.6,0
854,2025-07-23,DAY-PRS-01,2.77,64.6,12.8,0
855,2025-07-23,DAY-PRS-02,2.45,60.5,9.2,0
856,2025-07-23,DAY-PRS-03,2.67,53.7,10.8,1
857,2025-07-23,DAY-PRS-04,2.3,59.8,10.9,0
858,2025-07-23,DAY-RBT-01,1.18,44.9,13.3,0
859,2025-07-23,DAY-RBT-02,1.53,49.2,10.6,0
860,2025-07-23,DAY-RBT-03,1.03,45.6,9.5,0
861,2025-07-23,MTY-GRD-01,1.6,49.0,13.9,0
862,2025-07-23,MTY-GRD-02,1.16,46.4,8.6,0
863,2025-07-23,MTY-LTH-01,5.51,63.2,10.4,3
864,2025-07-23,MTY-LTH-02,2.06,49.1,12.8,0
865,2025-07-23,MTY-LTH-03,1.76,51.3,9.6,0
866,2025-07-23,MTY-LTH-04,2.7,56.3,14.6,0
867,2025-07-23,MTY-LTH-05,2.06,56.0,15.1,0
868,2025-07-23,MTY-MIL-01,1.27,50.6,10.4,0
869,2025-07-23,MTY-MIL-02,1.59,49.9,11.0,0
870,2025-07-23,MTY-MIL-03,1.74,48.6,13.3,1
871,2025-07-23,MTY-MIL-04,1.78,51.8,13.1,2
872,2025-07-23,MTY-MIL-05,4.53,61.2,13.1,6
873,2025-07-23,MTY-MIL-06,2.04,48.1,13.4,1
874,2025-07-23,MTY-PRS-01,3.55,63.8,12.3,0
875,2025-07-23,MTY-PRS-02,2.54,60.3,8.9,0
876,2025-07-23,MTY-PRS-03,2.77,60.3,9.2,1
877,2025-07-23,MTY-RBT-01,1.16,44.3,12.2,0
878,2025-07-23,MTY-RBT-02,1.08,38.5,7.1,0
879,2025-07-24,BRN-GRD-01,1.43,48.9,10.1,0
880,2025-07-24,BRN-LTH-01,1.87,50.1,10.3,0
881,2025-07-24,BRN-LTH-02,1.61,51.2,10.2,0
882,2025-07-24,BRN-LTH-03,2.13,55.8,12.5,0
883,2025-07-24,BRN-MIL-01,1.64,44.5,2.8,4
884,2025-07-24,BRN-MIL-02,1.38,50.2,12.7,0
885,2025-07-24,BRN-MIL-03,1.82,49.8,9.5,0
886,2025-07-24,BRN-MIL-04,1.95,48.7,12.3,0
887,2025-07-24,BRN-MIL-05,1.55,47.3,9.6,0
888,2025-07-24,BRN-MIL-06,1.45,49.3,11.0,0
889,2025-07-24,BRN-PRS-01,3.21,63.0,14.9,1
890,2025-07-24,BRN-PRS-02,3.37,55.1,11.4,0
891,2025-07-24,BRN-PRS-03,3.01,61.8,13.4,1
892,2025-07-24,BRN-RBT-01,1.19,44.4,12.4,0
893,2025-07-24,BRN-RBT-02,2.15,55.9,10.0,2
894,2025-07-24,DAY-GRD-01,2.14,52.3,13.8,1
895,2025-07-24,DAY-LTH-01,2.05,46.2,10.0,0
896,2025-07-24,DAY-LTH-02,1.68,53.3,14.0,0
897,2025-07-24,DAY-LTH-03,2.22,52.1,10.3,0
898,2025-07-24,DAY-LTH-04,2.18,57.0,12.8,0
899,2025-07-24,DAY-LTH-05,2.12,56.0,13.9,0
900,2025-07-24,DAY-MIL-01,1.57,49.1,14.8,0
901,2025-07-24,DAY-MIL-02,1.76,51.1,13.1,0
902,2025-07-24,DAY-MIL-03,1.63,55.1,14.4,1
903,2025-07-24,DAY-MIL-04,1.79,53.9,15.5,0
904,2025-07-24,DAY-MIL-05,2.24,53.5,10.8,2
905,2025-07-24,DAY-MIL-06,1.72,57.9,14.0,0
906,2025-07-24,DAY-MIL-07,1.76,43.6,7.7,0
907,2025-07-24,DAY-PRS-01,3.11,66.0,15.1,1
908,2025-07-24,DAY-PRS-02,2.9,63.6,13.5,0
909,2025-07-24,DAY-PRS-03,2.95,56.9,14.7,1
910,2025-07-24,DAY-PRS-04,2.27,63.6,14.1,0
911,2025-07-24,DAY-RBT-01,1.18,46.0,13.2,1
912,2025-07-24,DAY-RBT-02,1.49,50.7,13.4,1
913,2025-07-24,DAY-RBT-03,1.01,48.6,10.9,0
914,2025-07-24,MTY-GRD-01,1.66,50.3,15.0,0
915,2025-07-24,MTY-GRD-02,1.11,50.7,9.8,1
916,2025-07-24,MTY-LTH-01,2.16,52.2,3.6,3
917,2025-07-24,MTY-LTH-02,1.91,49.7,11.8,1
918,2025-07-24,MTY-LTH-03,1.97,52.3,11.8,0
919,2025-07-24,MTY-LTH-04,2.42,52.7,8.0,0
920,2025-07-24,MTY-LTH-05,1.9,55.1,8.4,0
921,2025-07-24,MTY-MIL-01,1.34,52.6,12.1,0
922,2025-07-24,MTY-MIL-02,1.84,48.5,9.4,2
923,2025-07-24,MTY-MIL-03,1.78,51.0,12.9,0
924,2025-07-24,MTY-MIL-04,1.97,53.9,16.0,1
925,2025-07-24,MTY-MIL-05,1.58,51.5,4.4,3
926,2025-07-24,MTY-MIL-06,1.98,45.0,10.1,0
927,2025-07-24,MTY-PRS-01,3.47,61.8,8.1,2
928,2025-07-24,MTY-PRS-02,2.53,59.9,8.3,0
929,2025-07-24,MTY-PRS-03,3.19,61.3,12.5,0
930,2025-07-24,MTY-RBT-01,1.06,45.2,10.2,0
931,2025-07-24,MTY-RBT-02,1.18,39.5,10.5,0
932,2025-07-25,BRN-GRD-01,1.22,47.8,5.1,0
933,2025-07-25,BRN-LTH-01,1.6,50.3,12.7,1
934,2025-07-25,BRN-LTH-02,1.97,52.7,14.2,0
935,2025-07-25,BRN-LTH-03,2.04,54.8,12.5,0
936,2025-07-25,BRN-MIL-02,1.55,52.9,16.0,0
937,2025-07-25,BRN-MIL-03,1.92,47.5,9.5,0
938,2025-07-25,BRN-MIL-04,2.0,47.4,11.7,0
939,2025-07-25,BRN-MIL-05,1.72,47.5,12.6,0
940,2025-07-25,BRN-MIL-06,1.67,48.4,13.6,0
941,2025-07-25,BRN-PRS-01,2.99,62.5,9.7,0
942,2025-07-25,BRN-PRS-02,3.41,53.1,9.2,0
943,2025-07-25,BRN-PRS-03,3.14,58.9,14.0,0
944,2025-07-25,BRN-RBT-01,1.14,46.3,12.6,0
945,2025-07-25,BRN-RBT-02,1.52,46.1,4.8,3
946,2025-07-25,DAY-GRD-01,2.33,51.0,13.3,0
947,2025-07-25,DAY-LTH-01,2.16,45.9,12.7,0
948,2025-07-25,DAY-LTH-02,1.58,50.7,10.1,0
949,2025-07-25,DAY-LTH-03,2.01,52.4,10.8,0
950,2025-07-25,DAY-LTH-04,2.36,58.2,11.7,0
951,2025-07-25,DAY-LTH-05,1.68,51.7,1.0,1
952,2025-07-25,DAY-MIL-01,1.31,46.9,8.8,0
953,2025-07-25,DAY-MIL-02,1.36,50.9,9.1,0
954,2025-07-25,DAY-MIL-03,1.66,53.3,11.3,0
955,2025-07-25,DAY-MIL-04,1.73,47.3,9.2,0
956,2025-07-25,DAY-MIL-05,2.13,54.4,8.2,6
957,2025-07-25,DAY-MIL-06,1.8,53.8,14.0,0
958,2025-07-25,DAY-MIL-07,1.88,49.4,13.8,0
959,2025-07-25,DAY-PRS-01,3.25,64.9,15.7,1
960,2025-07-25,DAY-PRS-02,2.69,62.5,11.5,0
961,2025-07-25,DAY-PRS-03,2.74,56.1,11.1,0
962,2025-07-25,DAY-PRS-04,2.16,59.2,9.6,0
963,2025-07-25,DAY-RBT-01,1.08,42.1,10.8,0
964,2025-07-25,DAY-RBT-02,1.44,51.0,12.0,1
965,2025-07-25,DAY-RBT-03,1.03,48.8,12.8,0
966,2025-07-25,MTY-GRD-01,1.68,49.0,15.5,0
967,2025-07-25,MTY-GRD-02,1.31,51.3,11.0,1
968,2025-07-25,MTY-LTH-02,1.78,48.5,13.4,0
969,2025-07-25,MTY-LTH-03,1.71,53.2,10.6,0
970,2025-07-25,MTY-LTH-04,2.27,54.2,11.5,0
971,2025-07-25,MTY-LTH-05,2.28,55.4,13.9,0
972,2025-07-25,MTY-MIL-01,1.37,53.7,12.3,0
973,2025-07-25,MTY-MIL-02,1.67,52.0,13.1,2
974,2025-07-25,MTY-MIL-03,1.88,49.2,12.0,0
975,2025-07-25,MTY-MIL-04,1.76,49.7,9.6,0
976,2025-07-25,MTY-MIL-06,2.0,47.5,10.9,1
977,2025-07-25,MTY-PRS-01,2.8,61.9,6.9,0
978,2025-07-25,MTY-PRS-02,2.38,62.3,9.6,0
979,2025-07-25,MTY-PRS-03,3.07,61.2,11.8,0
980,2025-07-25,MTY-RBT-01,1.12,45.9,12.9,0
981,2025-07-25,MTY-RBT-02,1.24,39.7,11.6,0
982,2025-07-28,BRN-GRD-01,1.13,45.7,8.0,0
983,2025-07-28,BRN-LTH-01,1.84,48.6,10.9,0
984,2025-07-28,BRN-LTH-02,1.58,48.4,8.7,0
985,2025-07-28,BRN-LTH-03,1.9,53.7,9.0,0
986,2025-07-28,BRN-MIL-02,1.46,48.2,11.9,0
987,2025-07-28,BRN-MIL-03,1.78,46.5,4.8,0
988,2025-07-28,BRN-MIL-04,1.85,45.8,11.9,0
989,2025-07-28,BRN-MIL-05,1.51,45.6,11.1,0
990,2025-07-28,BRN-MIL-06,1.53,49.4,13.0,0
991,2025-07-28,BRN-PRS-01,2.72,60.9,9.6,0
992,2025-07-28,BRN-PRS-02,3.3,54.5,9.0,0
993,2025-07-28,BRN-PRS-03,3.31,59.2,11.6,1
994,2025-07-28,BRN-RBT-01,1.14,41.3,10.4,0
995,2025-07-28,BRN-RBT-02,1.55,49.8,15.8,0
996,2025-07-28,DAY-GRD-01,2.38,51.6,13.0,0
997,2025-07-28,DAY-LTH-01,2.13,50.8,15.3,1
998,2025-07-28,DAY-LTH-02,1.48,53.3,12.5,2
999,2025-07-28,DAY-LTH-03,2.18,54.3,12.3,0
1000,2025-07-28,DAY-LTH-04,2.52,59.4,14.6,0
1001,2025-07-28,DAY-LTH-05,2.09,54.7,11.9,0
1002,2025-07-28,DAY-MIL-01,1.33,46.8,10.1,0
1003,2025-07-28,DAY-MIL-02,1.49,52.5,13.3,0
1004,2025-07-28,DAY-MIL-03,1.61,55.2,10.5,2
1005,2025-07-28,DAY-MIL-04,1.76,50.9,13.8,0
1006,2025-07-28,DAY-MIL-05,2.52,54.8,13.7,3
1007,2025-07-28,DAY-MIL-06,1.63,54.8,12.1,0
1008,2025-07-28,DAY-MIL-07,1.74,46.0,9.6,1
1009,2025-07-28,DAY-PRS-01,2.77,64.5,11.1,0
1010,2025-07-28,DAY-PRS-02,2.92,64.6,14.1,0
1011,2025-07-28,DAY-PRS-03,2.66,53.8,9.8,0
1012,2025-07-28,DAY-PRS-04,2.14,58.4,9.4,0
1013,2025-07-28,DAY-RBT-01,1.2,43.1,11.3,0
1014,2025-07-28,DAY-RBT-02,1.32,48.0,9.4,0
1015,2025-07-28,DAY-RBT-03,0.95,47.4,14.0,0
1016,2025-07-28,MTY-GRD-01,1.97,50.1,13.5,1
1017,2025-07-28,MTY-GRD-02,1.36,48.5,12.3,0
1018,2025-07-28,MTY-LTH-02,1.92,47.5,9.6,0
1019,2025-07-28,MTY-LTH-03,1.74,54.3,11.5,0
1020,2025-07-28,MTY-LTH-04,2.45,54.8,13.4,0
1021,2025-07-28,MTY-LTH-05,1.84,51.9,6.9,0
1022,2025-07-28,MTY-MIL-01,1.37,55.3,13.2,0
1023,2025-07-28,MTY-MIL-02,1.7,50.5,11.1,0
1024,2025-07-28,MTY-MIL-03,1.89,51.1,13.7,0
1025,2025-07-28,MTY-MIL-04,1.53,50.7,11.1,0
1026,2025-07-28,MTY-MIL-06,1.81,43.5,8.8,0
1027,2025-07-28,MTY-PRS-01,3.33,61.4,11.1,1
1028,2025-07-28,MTY-PRS-02,2.93,64.5,15.1,0
1029,2025-07-28,MTY-PRS-03,2.9,61.1,10.9,0
1030,2025-07-28,MTY-RBT-01,1.1,47.6,12.3,0
1031,2025-07-28,MTY-RBT-02,1.14,39.0,9.2,0
1032,2025-07-29,BRN-GRD-01,1.34,46.7,12.0,0
1033,2025-07-29,BRN-LTH-01,1.74,50.5,10.0,0
1034,2025-07-29,BRN-LTH-02,1.7,53.6,14.7,0
1035,2025-07-29,BRN-LTH-03,1.9,54.6,11.3,0
1036,2025-07-29,BRN-MIL-02,1.53,51.0,14.8,0
1037,2025-07-29,BRN-MIL-03,1.69,48.8,11.0,0
1038,2025-07-29,BRN-MIL-04,1.76,44.4,7.4,0
1039,2025-07-29,BRN-MIL-05,1.71,47.5,12.1,0
1040,2025-07-29,BRN-MIL-06,1.64,49.4,13.8,0
1041,2025-07-29,BRN-PRS-01,3.06,61.3,10.5,0
1042,2025-07-29,BRN-PRS-02,3.68,55.7,12.2,0
1043,2025-07-29,BRN-PRS-03,3.1,60.0,14.2,0
1044,2025-07-29,BRN-RBT-01,1.15,44.4,13.5,0
1045,2025-07-29,BRN-RBT-02,1.44,46.2,10.2,0
1046,2025-07-29,DAY-GRD-01,2.26,52.8,11.5,0
1047,2025-07-29,DAY-LTH-01,2.02,46.1,8.6,0
1048,2025-07-29,DAY-LTH-02,1.58,53.0,12.2,0
1049,2025-07-29,DAY-LTH-03,2.06,52.6,11.2,1
1050,2025-07-29,DAY-LTH-04,2.38,58.5,12.0,0
1051,2025-07-29,DAY-LTH-05,1.74,53.7,11.6,1
1052,2025-07-29,DAY-MIL-01,1.73,50.7,16.0,0
1053,2025-07-29,DAY-MIL-02,1.59,50.9,12.7,0
1054,2025-07-29,DAY-MIL-03,1.61,56.3,13.5,1
1055,2025-07-29,DAY-MIL-04,1.73,50.3,13.6,0
1056,2025-07-29,DAY-MIL-05,1.61,52.3,5.3,3
1057,2025-07-29,DAY-MIL-06,1.77,57.3,15.9,0
1058,2025-07-29,DAY-MIL-07,1.92,48.6,12.6,0
1059,2025-07-29,DAY-PRS-01,3.0,63.8,12.0,0
1060,2025-07-29,DAY-PRS-02,2.91,62.3,14.6,1
1061,2025-07-29,DAY-PRS-03,2.68,56.3,11.1,0
1062,2025-07-29,DAY-PRS-04,2.41,60.8,10.9,0
1063,2025-07-29,DAY-RBT-01,1.23,44.1,10.6,0
1064,2025-07-29,DAY-RBT-02,1.36,49.7,10.3,0
1065,2025-07-29,DAY-RBT-03,0.88,44.7,9.1,0
1066,2025-07-29,MTY-GRD-01,1.83,48.2,8.3,0
1067,2025-07-29,MTY-GRD-02,1.29,50.1,11.8,0
1068,2025-07-29,MTY-LTH-02,2.1,51.1,14.0,0
1069,2025-07-29,MTY-LTH-03,1.88,52.7,12.5,1
1070,2025-07-29,MTY-LTH-04,2.35,55.7,12.8,0
1071,2025-07-29,MTY-LTH-05,2.15,53.8,11.1,1
1072,2025-07-29,MTY-MIL-01,1.46,52.8,10.5,0
1073,2025-07-29,MTY-MIL-02,1.78,52.7,15.1,0
1074,2025-07-29,MTY-MIL-03,1.53,46.6,10.0,0
1075,2025-07-29,MTY-MIL-04,1.63,50.4,11.4,1
1076,2025-07-29,MTY-MIL-05,1.46,50.7,12.0,0
1077,2025-07-29,MTY-MIL-06,2.03,46.3,8.4,0
1078,2025-07-29,MTY-PRS-01,3.28,64.6,12.1,0
1079,2025-07-29,MTY-PRS-02,2.96,64.8,12.6,0
1080,2025-07-29,MTY-PRS-03,2.79,59.9,12.9,0
1081,2025-07-29,MTY-RBT-01,1.08,43.1,9.7,0
1082,2025-07-29,MTY-RBT-02,1.28,39.3,11.5,0
1083,2025-07-30,BRN-GRD-01,1.28,47.4,12.2,0
1084,2025-07-30,BRN-LTH-01,1.76,48.8,10.7,0
1085,2025-07-30,BRN-LTH-02,1.66,49.2,10.0,0
1086,2025-07-30,BRN-LTH-03,2.3,54.4,11.8,0
1087,2025-07-30,BRN-MIL-01,1.6,44.3,8.8,0
1088,2025-07-30,BRN-MIL-02,1.42,48.6,9.7,1
1089,2025-07-30,BRN-MIL-03,1.68,49.6,11.3,0
1090,2025-07-30,BRN-MIL-04,1.8,44.2,11.9,1
1091,2025-07-30,BRN-MIL-05,1.4,47.4,11.2,0
1092,2025-07-30,BRN-MIL-06,1.64,49.3,12.8,1
1093,2025-07-30,BRN-PRS-01,2.81,61.8,12.2,0
1094,2025-07-30,BRN-PRS-02,3.5,55.9,15.3,0
1095,2025-07-30,BRN-PRS-03,3.34,58.6,14.3,0
1096,2025-07-30,BRN-RBT-01,1.05,44.8,11.4,1
1097,2025-07-30,BRN-RBT-02,1.48,49.1,15.3,0
1098,2025-07-30,DAY-GRD-01,1.94,49.7,7.8,0
1099,2025-07-30,DAY-LTH-01,2.24,47.0,12.4,0
1100,2025-07-30,DAY-LTH-02,1.54,54.3,10.6,1
1101,2025-07-30,DAY-LTH-03,2.15,52.4,14.2,0
1102,2025-07-30,DAY-LTH-04,2.26,54.7,9.0,0
1103,2025-07-30,DAY-LTH-05,1.81,50.8,7.1,1
1104,2025-07-30,DAY-MIL-01,1.41,46.4,10.5,0
1105,2025-07-30,DAY-MIL-02,1.47,53.7,13.0,0
1106,2025-07-30,DAY-MIL-03,1.8,55.6,9.9,1
1107,2025-07-30,DAY-MIL-04,1.85,48.8,14.3,0
1108,2025-07-30,DAY-MIL-05,1.89,57.0,16.0,1
1109,2025-07-30,DAY-MIL-06,1.63,53.5,12.0,0
1110,2025-07-30,DAY-MIL-07,2.09,49.4,15.2,0
1111,2025-07-30,DAY-PRS-01,3.28,65.2,14.1,0
1112,2025-07-30,DAY-PRS-02,2.66,60.9,8.6,2
1113,2025-07-30,DAY-PRS-03,2.69,54.1,9.3,0
1114,2025-07-30,DAY-PRS-04,2.35,60.7,11.4,0
1115,2025-07-30,DAY-RBT-01,1.11,43.6,10.1,0
1116,2025-07-30,DAY-RBT-02,1.4,47.1,9.0,0
1117,2025-07-30,DAY-RBT-03,1.05,48.3,11.8,0
1118,2025-07-30,MTY-GRD-01,1.78,46.3,8.0,0
1119,2025-07-30,MTY-GRD-02,1.43,50.2,12.2,0
1120,2025-07-30,MTY-LTH-01,2.09,53.6,13.0,1
1121,2025-07-30,MTY-LTH-02,1.8,47.9,10.9,0
1122,2025-07-30,MTY-LTH-03,1.81,57.2,15.9,0
1123,2025-07-30,MTY-LTH-04,2.47,52.2,10.8,0
1124,2025-07-30,MTY-LTH-05,2.31,57.5,13.5,0
1125,2025-07-30,MTY-MIL-01,1.38,53.9,14.3,0
1126,2025-07-30,MTY-MIL-02,1.79,51.9,15.1,1
1127,2025-07-30,MTY-MIL-03,1.69,48.3,12.0,0
1128,2025-07-30,MTY-MIL-04,1.89,53.3,15.2,0
1129,2025-07-30,MTY-MIL-05,1.52,50.1,10.3,0
1130,2025-07-30,MTY-MIL-06,1.91,49.1,13.8,0
1131,2025-07-30,MTY-PRS-01,3.5,67.1,15.2,1
1132,2025-07-30,MTY-PRS-02,3.02,60.6,9.6,1
1133,2025-07-30,MTY-PRS-03,2.89,63.1,14.0,0
1134,2025-07-30,MTY-RBT-01,1.21,47.6,13.7,0
1135,2025-07-30,MTY-RBT-02,1.18,38.7,10.9,0
1136,2025-07-31,BRN-GRD-01,1.29,50.4,12.9,0
1137,2025-07-31,BRN-LTH-01,2.07,51.8,15.3,0
1138,2025-07-31,BRN-LTH-02,1.57,52.0,10.1,0
1139,2025-07-31,BRN-LTH-03,2.09,51.4,7.9,0
1140,2025-07-31,BRN-MIL-01,1.66,46.3,11.8,1
1141,2025-07-31,BRN-MIL-02,1.41,48.8,9.1,0
1142,2025-07-31,BRN-MIL-03,1.66,51.7,15.2,0
1143,2025-07-31,BRN-MIL-04,1.87,49.7,15.6,0
1144,2025-07-31,BRN-MIL-05,1.53,47.6,12.8,0
1145,2025-07-31,BRN-MIL-06,1.5,47.5,10.6,0
1146,2025-07-31,BRN-PRS-01,3.03,59.4,12.0,1
1147,2025-07-31,BRN-PRS-02,3.78,57.3,13.1,0
1148,2025-07-31,BRN-PRS-03,3.11,57.0,11.3,0
1149,2025-07-31,BRN-RBT-01,1.25,46.0,12.1,0
1150,2025-07-31,BRN-RBT-02,1.48,50.8,12.9,0
1151,2025-07-31,DAY-GRD-01,2.32,53.9,15.3,0
1152,2025-07-31,DAY-LTH-01,2.12,47.7,11.2,2
1153,2025-07-31,DAY-LTH-02,1.8,51.2,13.2,0
1154,2025-07-31,DAY-LTH-03,1.96,52.4,10.2,0
1155,2025-07-31,DAY-LTH-04,2.38,58.8,14.3,0
1156,2025-07-31,DAY-LTH-05,1.92,52.4,9.1,0
1157,2025-07-31,DAY-MIL-01,1.47,46.8,10.2,0
1158,2025-07-31,DAY-MIL-02,1.59,51.0,13.2,0
1159,2025-07-31,DAY-MIL-03,1.76,57.6,13.2,2
1160,2025-07-31,DAY-MIL-04,1.77,49.3,10.9,0
1161,2025-07-31,DAY-MIL-05,1.73,53.2,11.4,0
1162,2025-07-31,DAY-MIL-06,1.93,54.6,11.4,0
1163,2025-07-31,DAY-MIL-07,1.97,47.6,15.0,1
1164,2025-07-31,DAY-PRS-01,3.1,64.7,14.0,0
1165,2025-07-31,DAY-PRS-02,3.09,62.1,12.8,0
1166,2025-07-31,DAY-PRS-03,2.89,54.8,12.3,0
1167,2025-07-31,DAY-PRS-04,2.5,59.4,12.3,1
1168,2025-07-31,DAY-RBT-01,1.24,46.7,12.5,0
1169,2025-07-31,DAY-RBT-02,1.3,52.5,11.8,0
1170,2025-07-31,DAY-RBT-03,1.1,46.1,11.9,0
1171,2025-07-31,MTY-GRD-01,1.67,48.9,10.4,1
1172,2025-07-31,MTY-GRD-02,1.27,50.7,14.4,0
1173,2025-07-31,MTY-LTH-01,2.37,55.4,12.8,0
1174,2025-07-31,MTY-LTH-02,1.88,48.5,11.2,0
1175,2025-07-31,MTY-LTH-03,1.61,51.6,8.7,0
1176,2025-07-31,MTY-LTH-04,2.3,55.0,10.4,0
1177,2025-07-31,MTY-LTH-05,2.23,55.5,14.2,0
1178,2025-07-31,MTY-MIL-01,1.29,52.0,10.6,0
1179,2025-07-31,MTY-MIL-02,1.87,48.5,11.1,0
1180,2025-07-31,MTY-MIL-03,1.8,49.8,12.2,1
1181,2025-07-31,MTY-MIL-04,1.91,52.3,15.9,1
1182,2025-07-31,MTY-MIL-05,1.37,49.0,7.1,0
1183,2025-07-31,MTY-MIL-06,1.98,47.8,10.6,0
1184,2025-07-31,MTY-PRS-01,3.41,62.6,10.8,0
1185,2025-07-31,MTY-PRS-02,2.62,61.1,8.4,0
1186,2025-07-31,MTY-PRS-03,2.93,62.5,13.1,0
1187,2025-07-31,MTY-RBT-01,1.15,48.2,12.8,0
1188,2025-07-31,MTY-RBT-02,1.27,40.7,12.6,1
1189,2025-08-01,BRN-GRD-01,1.21,49.0,11.9,0
1190,2025-08-01,BRN-LTH-01,2.0,49.7,11.3,1
1191,2025-08-01,BRN-LTH-02,1.63,49.6,12.6,0
1192,2025-08-01,BRN-LTH-03,2.34,55.4,12.5,0
1193,2025-08-01,BRN-MIL-01,1.67,45.3,10.9,0
1194,2025-08-01,BRN-MIL-02,1.38,48.6,9.4,1
1195,2025-08-01,BRN-MIL-03,1.83,48.4,12.3,0
1196,2025-08-01,BRN-MIL-04,2.06,46.1,13.7,0
1197,2025-08-01,BRN-MIL-05,1.73,48.0,14.1,0
1198,2025-08-01,BRN-MIL-06,1.65,48.0,10.1,0
1199,2025-08-01,BRN-PRS-01,3.13,62.1,8.3,1
1200,2025-08-01,BRN-PRS-02,3.8,56.5,13.8,0
1201,2025-08-01,BRN-PRS-03,3.6,60.7,16.0,0
1202,2025-08-01,BRN-RBT-01,1.25,44.1,14.2,0
1203,2025-08-01,BRN-RBT-02,1.34,47.4,11.6,1
1204,2025-08-01,DAY-GRD-01,2.37,50.0,11.6,0
1205,2025-08-01,DAY-LTH-01,2.17,46.7,12.7,0
1206,2025-08-01,DAY-LTH-02,1.55,50.9,11.3,0
1207,2025-08-01,DAY-LTH-03,2.15,56.1,14.7,0
1208,2025-08-01,DAY-LTH-04,2.3,55.5,3.2,0
1209,2025-08-01,DAY-LTH-05,1.92,54.6,12.4,1
1210,2025-08-01,DAY-MIL-01,1.54,48.5,10.7,1
1211,2025-08-01,DAY-MIL-02,1.33,51.2,9.3,1
1212,2025-08-01,DAY-MIL-03,1.8,56.5,11.3,0
1213,2025-08-01,DAY-MIL-04,1.73,50.1,11.4,1
1214,2025-08-01,DAY-MIL-05,1.94,52.5,11.7,1
1215,2025-08-01,DAY-MIL-06,1.62,50.7,9.0,0
1216,2025-08-01,DAY-MIL-07,1.89,46.5,11.0,0
1217,2025-08-01,DAY-PRS-01,3.09,64.4,13.5,0
1218,2025-08-01,DAY-PRS-02,2.74,62.4,13.3,0
1219,2025-08-01,DAY-PRS-03,2.57,54.4,7.0,0
1220,2025-08-01,DAY-PRS-04,2.25,60.0,8.8,0
1221,2025-08-01,DAY-RBT-01,1.36,45.3,14.4,1
1222,2025-08-01,DAY-RBT-02,1.38,49.9,12.4,0
1223,2025-08-01,DAY-RBT-03,0.99,45.7,8.8,0
1224,2025-08-01,MTY-GRD-01,1.8,51.8,14.1,1
1225,2025-08-01,MTY-GRD-02,1.4,49.5,11.8,0
1226,2025-08-01,MTY-LTH-01,2.18,52.0,10.9,1
1227,2025-08-01,MTY-LTH-02,1.78,47.9,12.9,0
1228,2025-08-01,MTY-LTH-03,1.85,50.9,9.5,0
1229,2025-08-01,MTY-LTH-04,2.48,54.7,13.3,0
1230,2025-08-01,MTY-LTH-05,2.2,56.6,10.0,0
1231,2025-08-01,MTY-MIL-01,1.26,51.9,9.8,0
1232,2025-08-01,MTY-MIL-02,1.83,50.5,12.4,0
1233,2025-08-01,MTY-MIL-03,1.85,52.6,16.0,0
1234,2025-08-01,MTY-MIL-04,1.91,51.9,13.4,0
1235,2025-08-01,MTY-MIL-05,1.53,49.4,9.9,0
1236,2025-08-01,MTY-MIL-06,1.71,48.0,10.8,0
1237,2025-08-01,MTY-PRS-01,3.11,63.3,9.8,0
1238,2025-08-01,MTY-PRS-02,2.79,59.8,10.3,1
1239,2025-08-01,MTY-PRS-03,2.91,60.6,11.7,0
1240,2025-08-01,MTY-RBT-01,1.25,45.6,13.7,0
1241,2025-08-01,MTY-RBT-02,1.24,41.9,11.5,0
1242,2025-08-04,BRN-GRD-01,1.32,48.4,11.8,0
1243,2025-08-04,BRN-LTH-01,1.93,49.5,11.5,0
1244,2025-08-04,BRN-LTH-02,1.66,51.1,10.2,0
1245,2025-08-04,BRN-LTH-03,2.09,52.4,9.5,0
1246,2025-08-04,BRN-MIL-01,1.73,47.8,11.8,0
1247,2025-08-04,BRN-MIL-02,1.6,49.8,13.9,0
1248,2025-08-04,BRN-MIL-03,1.62,43.1,7.9,0
1249,2025-08-04,BRN-MIL-04,1.86,49.6,15.8,0
1250,2025-08-04,BRN-MIL-05,1.71,45.7,13.7,0
1251,2025-08-04,BRN-MIL-06,1.56,50.1,13.0,0
1252,2025-08-04,BRN-PRS-01,2.9,61.9,13.9,0
1253,2025-08-04,BRN-PRS-02,3.78,57.1,14.8,1
1254,2025-08-04,BRN-PRS-03,2.93,56.7,10.2,0
1255,2025-08-04,BRN-RBT-01,1.18,46.5,14.4,0
1256,2025-08-04,BRN-RBT-02,1.56,46.3,11.6,0
1257,2025-08-04,DAY-GRD-01,1.84,47.3,2.4,0
1258,2025-08-04,DAY-LTH-01,2.1,48.1,11.6,0
1259,2025-08-04,DAY-LTH-02,1.71,52.6,13.0,0
1260,2025-08-04,DAY-LTH-03,2.03,53.6,11.5,2
1261,2025-08-04,DAY-LTH-04,2.09,54.0,12.6,0
1262,2025-08-04,DAY-LTH-05,1.89,55.0,14.0,0
1263,2025-08-04,DAY-MIL-01,1.49,50.9,11.9,0
1264,2025-08-04,DAY-MIL-02,1.33,48.1,7.2,0
1265,2025-08-04,DAY-MIL-03,1.84,59.3,11.0,1
1266,2025-08-04,DAY-MIL-04,2.06,51.3,15.5,0
1267,2025-08-04,DAY-MIL-05,1.65,54.3,13.5,2
1268,2025-08-04,DAY-MIL-06,1.79,55.2,10.7,0
1269,2025-08-04,DAY-MIL-07,1.97,49.4,13.3,0
1270,2025-08-04,DAY-PRS-01,2.91,65.3,13.8,0
1271,2025-08-04,DAY-PRS-02,2.68,62.0,12.6,0
1272,2025-08-04,DAY-PRS-03,2.94,53.8,13.7,0
1273,2025-08-04,DAY-PRS-04,2.46,62.2,12.1,0
1274,2025-08-04,DAY-RBT-01,1.17,43.4,10.9,1
1275,2025-08-04,DAY-RBT-02,1.41,49.5,12.1,0
1276,2025-08-04,DAY-RBT-03,0.94,48.8,14.0,1
1277,2025-08-04,MTY-GRD-01,1.43,48.0,10.2,0
1278,2025-08-04,MTY-GRD-02,1.34,48.1,9.9,0
1279,2025-08-04,MTY-LTH-01,1.97,51.8,9.2,0
1280,2025-08-04,MTY-LTH-02,1.85,50.5,13.1,0
1281,2025-08-04,MTY-LTH-03,1.98,52.7,11.7,0
1282,2025-08-04,MTY-LTH-04,2.61,55.0,13.8,0
1283,2025-08-04,MTY-LTH-05,2.02,54.3,11.2,1
1284,2025-08-04,MTY-MIL-01,1.29,51.5,10.3,0
1285,2025-08-04,MTY-MIL-02,1.64,49.8,9.4,2
1286,2025-08-04,MTY-MIL-03,1.64,50.3,10.7,0
1287,2025-08-04,MTY-MIL-04,1.86,53.1,16.0,0
1288,2025-08-04,MTY-MIL-05,1.51,48.7,10.6,0
1289,2025-08-04,MTY-MIL-06,2.02,48.5,12.7,0
1290,2025-08-04,MTY-PRS-01,3.24,60.2,9.3,0
1291,2025-08-04,MTY-PRS-02,2.81,63.5,13.0,0
1292,2025-08-04,MTY-PRS-03,2.94,58.9,9.4,0
1293,2025-08-04,MTY-RBT-01,1.12,42.8,9.0,0
1294,2025-08-04,MTY-RBT-02,1.18,38.6,10.3,0
1295,2025-08-05,BRN-GRD-01,1.37,49.5,11.3,0
1296,2025-08-05,BRN-LTH-01,1.89,52.0,12.4,0
1297,2025-08-05,BRN-LTH-02,1.74,51.2,12.4,2
1298,2025-08-05,BRN-LTH-03,2.03,53.3,10.8,0
1299,2025-08-05,BRN-MIL-01,1.62,47.2,12.1,0
1300,2025-08-05,BRN-MIL-02,1.49,51.1,13.6,0
1301,2025-08-05,BRN-MIL-03,1.66,47.8,11.1,0
1302,2025-08-05,BRN-MIL-04,1.87,45.0,10.0,0
1303,2025-08-05,BRN-MIL-05,1.71,46.5,11.8,1
1304,2025-08-05,BRN-MIL-06,1.47,49.4,12.2,0
1305,2025-08-05,BRN-PRS-01,3.01,60.2,12.4,0
1306,2025-08-05,BRN-PRS-02,3.45,55.5,11.4,0
1307,2025-08-05,BRN-PRS-03,3.11,57.4,10.3,0
1308,2025-08-05,BRN-RBT-01,1.11,43.1,9.5,0
1309,2025-08-05,BRN-RBT-02,1.33,44.5,10.9,0
1310,2025-08-05,DAY-GRD-01,1.94,49.2,11.7,0
1311,2025-08-05,DAY-LTH-01,2.07,45.9,11.4,0
1312,2025-08-05,DAY-LTH-02,1.7,53.1,13.6,1
1313,2025-08-05,DAY-LTH-03,2.19,50.4,8.2,0
1314,2025-08-05,DAY-LTH-04,2.16,55.9,11.8,0
1315,2025-08-05,DAY-LTH-05,1.59,52.5,7.5,0
1316,2025-08-05,DAY-MIL-01,1.78,51.0,15.2,0
1317,2025-08-05,DAY-MIL-02,1.55,52.2,11.2,0
1318,2025-08-05,DAY-MIL-03,1.9,59.1,12.6,0
1319,2025-08-05,DAY-MIL-04,1.97,48.4,11.6,2
1320,2025-08-05,DAY-MIL-05,1.69,53.7,10.5,1
1321,2025-08-05,DAY-MIL-06,1.82,55.8,12.6,0
1322,2025-08-05,DAY-MIL-07,1.96,48.2,12.7,0
1323,2025-08-05,DAY-PRS-01,2.76,63.0,12.4,0
1324,2025-08-05,DAY-PRS-02,2.88,60.3,10.8,0
1325,2025-08-05,DAY-PRS-03,2.59,55.1,11.9,0
1326,2025-08-05,DAY-PRS-04,2.57,60.2,12.0,0
1327,2025-08-05,DAY-RBT-01,1.12,43.8,13.4,0
1328,2025-08-05,DAY-RBT-02,1.25,49.3,10.0,0
1329,2025-08-05,DAY-RBT-03,0.95,46.0,11.7,0
1330,2025-08-05,MTY-GRD-01,1.2,49.1,10.8,0
1331,2025-08-05,MTY-GRD-02,1.28,47.9,11.9,0
1332,2025-08-05,MTY-LTH-01,1.82,52.2,7.5,0
1333,2025-08-05,MTY-LTH-02,1.81,47.1,9.4,0
1334,2025-08-05,MTY-LTH-03,2.24,53.7,11.6,1
1335,2025-08-05,MTY-LTH-04,2.54,55.1,11.7,0
1336,2025-08-05,MTY-LTH-05,1.94,51.5,7.8,0
1337,2025-08-05,MTY-MIL-01,1.37,49.9,11.0,0
1338,2025-08-05,MTY-MIL-02,1.54,49.5,9.3,0
1339,2025-08-05,MTY-MIL-03,2.01,51.7,15.2,0
1340,2025-08-05,MTY-MIL-04,1.75,49.1,9.2,1
1341,2025-08-05,MTY-MIL-05,1.52,51.0,10.9,1
1342,2025-08-05,MTY-MIL-06,1.95,47.2,11.8,0
1343,2025-08-05,MTY-PRS-01,3.18,64.9,13.6,1
1344,2025-08-05,MTY-PRS-02,2.52,62.3,11.3,0
1345,2025-08-05,MTY-PRS-03,2.7,62.0,12.6,0
1346,2025-08-05,MTY-RBT-01,1.06,49.4,12.9,0
1347,2025-08-05,MTY-RBT-02,1.21,41.6,13.0,1
1348,2025-08-06,BRN-GRD-01,1.3,48.3,12.8,0
1349,2025-08-06,BRN-LTH-01,2.18,50.1,12.7,0
1350,2025-08-06,BRN-LTH-02,1.87,50.5,12.2,0
1351,2025-08-06,BRN-LTH-03,1.88,52.0,9.0,0
1352,2025-08-06,BRN-MIL-01,1.65,48.7,12.2,0
1353,2025-08-06,BRN-MIL-02,1.38,48.6,10.4,0
1354,2025-08-06,BRN-MIL-03,1.81,49.8,12.2,0
1355,2025-08-06,BRN-MIL-04,1.93,45.4,12.2,0
1356,2025-08-06,BRN-MIL-05,1.66,47.1,13.1,0
1357,2025-08-06,BRN-MIL-06,1.5,49.7,12.1,0
1358,2025-08-06,BRN-PRS-01,2.65,59.7,10.6,0
1359,2025-08-06,BRN-PRS-02,3.59,57.8,11.7,3
1360,2025-08-06,BRN-PRS-03,3.19,56.6,11.2,0
1361,2025-08-06,BRN-RBT-01,1.17,47.2,12.9,0
1362,2025-08-06,BRN-RBT-02,1.48,47.5,13.7,0
1363,2025-08-06,DAY-GRD-01,1.83,47.2,7.8,0
1364,2025-08-06,DAY-LTH-01,2.11,44.2,8.2,0
1365,2025-08-06,DAY-LTH-02,1.75,52.3,11.6,0
1366,2025-08-06,DAY-LTH-03,1.91,53.6,7.8,0
1367,2025-08-06,DAY-LTH-04,1.75,55.6,8.5,0
1368,2025-08-06,DAY-LTH-05,2.01,56.0,10.7,0
1369,2025-08-06,DAY-MIL-01,1.59,49.2,12.4,0
1370,2025-08-06,DAY-MIL-02,1.44,53.0,12.1,1
1371,2025-08-06,DAY-MIL-03,1.97,59.2,8.0,6
1372,2025-08-06,DAY-MIL-04,1.88,50.7,12.2,1
1373,2025-08-06,DAY-MIL-05,1.69,49.5,7.8,1
1374,2025-08-06,DAY-MIL-06,1.58,53.2,12.1,0
1375,2025-08-06,DAY-MIL-07,1.9,47.5,13.7,0
1376,2025-08-06,DAY-PRS-01,2.93,62.7,11.7,0
1377,2025-08-06,DAY-PRS-02,3.1,64.2,13.1,0
1378,2025-08-06,DAY-PRS-03,2.42,54.4,10.6,0
1379,2025-08-06,DAY-PRS-04,2.49,63.6,15.3,0
1380,2025-08-06,DAY-RBT-01,1.23,45.0,10.3,0
1381,2025-08-06,DAY-RBT-02,1.45,48.4,12.0,0
1382,2025-08-06,DAY-RBT-03,0.98,47.6,14.7,0
1383,2025-08-06,MTY-GRD-01,1.29,47.8,9.6,0
1384,2025-08-06,MTY-GRD-02,1.23,48.6,9.1,0
1385,2025-08-06,MTY-LTH-01,2.12,54.5,11.2,0
1386,2025-08-06,MTY-LTH-02,1.77,49.7,13.6,0
1387,2025-08-06,MTY-LTH-03,2.13,55.1,11.7,0
1388,2025-08-06,MTY-LTH-04,2.2,53.8,10.3,0
1389,2025-08-06,MTY-LTH-05,2.2,54.3,13.6,0
1390,2025-08-06,MTY-MIL-01,1.3,52.8,12.1,0
1391,2025-08-06,MTY-MIL-02,1.65,49.4,9.9,0
1392,2025-08-06,MTY-MIL-03,1.63,50.9,10.3,2
1393,2025-08-06,MTY-MIL-04,1.63,51.8,12.6,0
1394,2025-08-06,MTY-MIL-05,1.46,51.5,11.3,2
1395,2025-08-06,MTY-MIL-06,1.9,49.8,14.0,0
1396,2025-08-06,MTY-PRS-01,3.38,62.1,8.3,0
1397,2025-08-06,MTY-PRS-02,3.08,64.8,12.9,0
1398,2025-08-06,MTY-PRS-03,2.57,58.6,8.6,0
1399,2025-08-06,MTY-RBT-01,1.36,45.7,12.3,0
1400,2025-08-06,MTY-RBT-02,1.23,38.9,11.5,0
1401,2025-08-07,BRN-GRD-01,1.36,45.9,10.8,1
1402,2025-08-07,BRN-LTH-01,1.99,49.4,12.2,0
1403,2025-08-07,BRN-LTH-02,1.81,52.0,13.2,0
1404,2025-08-07,BRN-LTH-03,2.15,54.8,12.3,0
1405,2025-08-07,BRN-MIL-01,1.64,46.4,10.7,0
1406,2025-08-07,BRN-MIL-02,1.55,50.2,14.6,0
1407,2025-08-07,BRN-MIL-03,1.64,47.5,8.1,0
1408,2025-08-07,BRN-MIL-04,1.97,45.5,9.7,1
1409,2025-08-07,BRN-MIL-05,1.31,43.8,7.0,0
1410,2025-08-07,BRN-MIL-06,1.62,48.9,13.6,0
1411,2025-08-07,BRN-PRS-01,2.78,59.4,9.9,0
1412,2025-08-07,BRN-PRS-02,3.04,54.2,6.6,1
1413,2025-08-07,BRN-PRS-03,3.5,58.7,14.4,0
1414,2025-08-07,BRN-RBT-01,1.22,46.4,10.5,1
1415,2025-08-07,BRN-RBT-02,1.37,47.7,11.7,1
1416,2025-08-07,DAY-GRD-01,1.96,49.1,11.8,1
1417,2025-08-07,DAY-LTH-01,2.21,49.0,14.2,2
1418,2025-08-07,DAY-LTH-02,1.77,52.7,12.7,0
1419,2025-08-07,DAY-LTH-03,2.26,52.5,11.8,0
1420,2025-08-07,DAY-LTH-04,1.87,53.9,11.5,1
1421,2025-08-07,DAY-LTH-05,1.61,54.0,10.1,0
1422,2025-08-07,DAY-MIL-01,1.45,48.0,10.8,0
1423,2025-08-07,DAY-MIL-02,1.6,51.4,15.0,1
1424,2025-08-07,DAY-MIL-03,1.97,62.2,11.4,3
1425,2025-08-07,DAY-MIL-04,1.88,49.7,8.1,0
1426,2025-08-07,DAY-MIL-05,1.69,52.5,9.8,0
1427,2025-08-07,DAY-MIL-06,1.69,56.3,12.1,0
1428,2025-08-07,DAY-MIL-07,1.96,49.9,13.6,0
1429,2025-08-07,DAY-PRS-01,2.96,64.7,13.1,1
1430,2025-08-07,DAY-PRS-02,3.1,62.5,9.8,0
1431,2025-08-07,DAY-PRS-03,3.02,55.9,14.3,0
1432,2025-08-07,DAY-PRS-04,2.37,59.7,11.8,0
1433,2025-08-07,DAY-RBT-01,1.06,45.0,10.7,0
1434,2025-08-07,DAY-RBT-02,1.44,49.3,11.5,0
1435,2025-08-07,DAY-RBT-03,0.88,48.0,9.6,0
1436,2025-08-07,MTY-GRD-01,1.23,48.0,11.9,1
1437,2025-08-07,MTY-GRD-02,1.29,54.8,14.9,0
1438,2025-08-07,MTY-LTH-01,1.92,54.4,14.0,0
1439,2025-08-07,MTY-LTH-02,1.99,47.9,12.3,0
1440,2025-08-07,MTY-LTH-03,2.22,50.4,8.8,1
1441,2025-08-07,MTY-LTH-04,2.45,55.0,12.8,0
1442,2025-08-07,MTY-LTH-05,2.07,55.4,13.0,1
1443,2025-08-07,MTY-MIL-01,1.44,52.2,11.3,0
1444,2025-08-07,MTY-MIL-02,1.7,49.5,12.1,1
1445,2025-08-07,MTY-MIL-03,1.86,49.4,12.9,0
1446,2025-08-07,MTY-MIL-04,1.78,49.9,11.9,0
1447,2025-08-07,MTY-MIL-05,1.52,50.9,10.1,0
1448,2025-08-07,MTY-MIL-06,1.84,46.8,10.2,0
1449,2025-08-07,MTY-PRS-01,3.29,62.6,11.3,1
1450,2025-08-07,MTY-PRS-02,2.54,63.2,7.5,0
1451,2025-08-07,MTY-PRS-03,2.82,61.1,13.2,0
1452,2025-08-07,MTY-RBT-01,1.15,46.1,14.6,0
1453,2025-08-07,MTY-RBT-02,1.12,38.0,9.2,0
1454,2025-08-08,BRN-GRD-01,1.44,46.1,10.7,0
1455,2025-08-08,BRN-LTH-01,1.85,50.4,4.4,1
1456,2025-08-08,BRN-LTH-02,1.84,51.6,11.8,1
1457,2025-08-08,BRN-LTH-03,2.12,57.0,13.4,0
1458,2025-08-08,BRN-MIL-01,1.86,49.3,14.0,1
1459,2025-08-08,BRN-MIL-02,1.32,49.7,10.9,0
1460,2025-08-08,BRN-MIL-03,1.58,49.0,10.6,0
1461,2025-08-08,BRN-MIL-04,1.89,46.4,12.7,0
1462,2025-08-08,BRN-MIL-05,1.62,45.6,10.9,0
1463,2025-08-08,BRN-MIL-06,1.42,46.4,8.4,0
1464,2025-08-08,BRN-PRS-01,2.91,58.6,11.4,0
1465,2025-08-08,BRN-PRS-02,3.42,55.8,13.6,1
1466,2025-08-08,BRN-PRS-03,3.02,56.5,10.4,0
1467,2025-08-08,BRN-RBT-01,1.16,45.0,12.9,1
1468,2025-08-08,BRN-RBT-02,1.33,48.6,11.9,0
1469,2025-08-08,DAY-GRD-01,1.92,50.2,12.7,0
1470,2025-08-08,DAY-LTH-01,2.08,48.8,14.8,0
1471,2025-08-08,DAY-LTH-02,1.64,49.7,7.9,0
1472,2025-08-08,DAY-LTH-03,1.74,51.7,7.2,0
1473,2025-08-08,DAY-LTH-04,2.08,55.5,10.2,0
1474,2025-08-08,DAY-LTH-05,1.97,55.2,14.7,0
1475,2025-08-08,DAY-MIL-01,1.6,48.7,11.9,0
1476,2025-08-08,DAY-MIL-02,1.54,50.5,9.3,0
1477,2025-08-08,DAY-MIL-03,2.04,61.1,11.7,3
1478,2025-08-08,DAY-MIL-04,1.94,52.2,12.5,1
1479,2025-08-08,DAY-MIL-05,1.91,54.2,15.6,0
1480,2025-08-08,DAY-MIL-06,1.83,54.4,13.0,1
1481,2025-08-08,DAY-MIL-07,2.16,50.4,14.4,0
1482,2025-08-08,DAY-PRS-01,2.9,63.3,11.8,0
1483,2025-08-08,DAY-PRS-02,3.06,65.1,16.0,1
1484,2025-08-08,DAY-PRS-03,2.59,51.4,8.8,0
1485,2025-08-08,DAY-PRS-04,2.34,62.4,12.4,1
1486,2025-08-08,DAY-RBT-01,1.22,42.9,10.2,0
1487,2025-08-08,DAY-RBT-02,1.34,49.5,11.2,0
1488,2025-08-08,DAY-RBT-03,0.9,45.2,9.9,0
1489,2025-08-08,MTY-GRD-01,1.22,45.5,9.0,1
1490,2025-08-08,MTY-GRD-02,1.41,51.1,11.9,0
1491,2025-08-08,MTY-LTH-01,2.22,54.7,12.4,1
1492,2025-08-08,MTY-LTH-02,2.01,47.1,11.0,0
1493,2025-08-08,MTY-LTH-03,2.48,54.9,11.1,0
1494,2025-08-08,MTY-LTH-04,2.19,53.3,9.6,0
1495,2025-08-08,MTY-LTH-05,2.07,52.7,10.8,0
1496,2025-08-08,MTY-MIL-01,1.36,51.3,11.6,0
1497,2025-08-08,MTY-MIL-02,1.84,48.4,10.5,0
1498,2025-08-08,MTY-MIL-03,1.81,51.0,13.2,0
1499,2025-08-08,MTY-MIL-04,1.57,50.2,12.4,0
1500,2025-08-08,MTY-MIL-05,1.55,50.5,10.2,0
1501,2025-08-08,MTY-MIL-06,2.05,48.3,13.3,0
1502,2025-08-08,MTY-PRS-01,3.37,61.7,12.1,0
1503,2025-08-08,MTY-PRS-02,2.52,61.3,9.0,0
1504,2025-08-08,MTY-PRS-03,2.81,61.2,12.3,1
1505,2025-08-08,MTY-RBT-01,1.16,45.8,12.4,0
1506,2025-08-08,MTY-RBT-02,1.21,42.2,13.4,0
1507,2025-08-11,BRN-GRD-01,1.17,46.7,8.6,0
1508,2025-08-11,BRN-LTH-01,1.77,49.8,14.9,0
1509,2025-08-11,BRN-LTH-02,1.76,51.0,13.7,0
1510,2025-08-11,BRN-LTH-03,2.04,53.8,7.0,0
1511,2025-08-11,BRN-MIL-01,1.85,47.7,13.6,0
1512,2025-08-11,BRN-MIL-02,1.6,50.9,12.6,0
1513,2025-08-11,BRN-MIL-03,1.92,48.7,13.6,0
1514,2025-08-11,BRN-MIL-04,1.66,44.5,10.1,0
1515,2025-08-11,BRN-MIL-05,1.61,43.4,12.0,1
1516,2025-08-11,BRN-MIL-06,1.54,47.4,12.5,0
1517,2025-08-11,BRN-PRS-01,2.83,59.9,12.5,0
1518,2025-08-11,BRN-PRS-02,3.06,53.8,10.6,0
1519,2025-08-11,BRN-PRS-03,3.2,60.4,10.6,1
1520,2025-08-11,BRN-RBT-01,1.15,44.5,10.7,1
1521,2025-08-11,BRN-RBT-02,1.61,49.5,13.3,0
1522,2025-08-11,DAY-GRD-01,1.89,48.6,10.4,1
1523,2025-08-11,DAY-LTH-01,1.81,43.8,9.2,0
1524,2025-08-11,DAY-LTH-02,1.73,50.8,8.7,0
1525,2025-08-11,DAY-LTH-03,2.2,56.9,15.7,0
1526,2025-08-11,DAY-LTH-04,2.35,59.5,13.3,0
1527,2025-08-11,DAY-LTH-05,2.0,52.9,12.8,0
1528,2025-08-11,DAY-MIL-01,1.71,50.6,15.4,0
1529,2025-08-11,DAY-MIL-02,1.53,51.4,12.5,0
1530,2025-08-11,DAY-MIL-03,2.1,67.0,11.3,5
1531,2025-08-11,DAY-MIL-04,2.06,53.0,11.0,2
1532,2025-08-11,DAY-MIL-05,1.95,52.3,11.8,0
1533,2025-08-11,DAY-MIL-06,1.77,53.4,10.7,0
1534,2025-08-11,DAY-MIL-07,2.07,46.2,11.9,0
1535,2025-08-11,DAY-PRS-01,2.84,65.0,12.4,0
1536,2025-08-11,DAY-PRS-02,2.71,63.1,11.2,0
1537,2025-08-11,DAY-PRS-03,2.64,54.6,10.5,0
1538,2025-08-11,DAY-PRS-04,2.41,61.9,12.6,0
1539,2025-08-11,DAY-RBT-01,1.1,44.2,8.8,0
1540,2025-08-11,DAY-RBT-02,1.3,47.9,9.2,0
1541,2025-08-11,DAY-RBT-03,0.9,46.3,11.0,0
1542,2025-08-11,MTY-GRD-01,1.41,49.4,12.8,0
1543,2025-08-11,MTY-GRD-02,1.3,53.3,14.7,0
1544,2025-08-11,MTY-LTH-01,2.32,55.3,12.2,1
1545,2025-08-11,MTY-LTH-02,1.83,48.1,9.5,0
1546,2025-08-11,MTY-LTH-03,2.83,54.2,10.8,2
1547,2025-08-11,MTY-LTH-04,2.08,50.1,7.5,0
1548,2025-08-11,MTY-LTH-05,2.37,55.8,12.2,0
1549,2025-08-11,MTY-MIL-01,1.3,51.0,7.7,0
1550,2025-08-11,MTY-MIL-02,1.71,50.0,10.0,1
1551,2025-08-11,MTY-MIL-03,1.73,49.0,10.6,0
1552,2025-08-11,MTY-MIL-04,1.81,53.1,16.0,0
1553,2025-08-11,MTY-MIL-05,1.47,50.4,11.2,0
1554,2025-08-11,MTY-MIL-06,2.07,48.3,12.9,0
1555,2025-08-11,MTY-PRS-01,3.51,64.4,13.0,1
1556,2025-08-11,MTY-PRS-02,2.75,60.2,9.7,0
1557,2025-08-11,MTY-PRS-03,2.62,60.0,9.7,0
1558,2025-08-11,MTY-RBT-01,1.42,46.9,14.5,0
1559,2025-08-11,MTY-RBT-02,1.23,39.8,12.2,0
1560,2025-08-12,BRN-GRD-01,1.2,49.0,10.6,0
1561,2025-08-12,BRN-LTH-01,1.59,46.3,7.7,0
1562,2025-08-12,BRN-LTH-02,1.86,54.4,16.0,1
1563,2025-08-12,BRN-LTH-03,2.11,56.3,13.3,0
1564,2025-08-12,BRN-MIL-01,1.46,47.6,9.9,0
1565,2025-08-12,BRN-MIL-02,1.38,50.6,11.9,0
1566,2025-08-12,BRN-MIL-03,1.93,49.2,14.9,1
1567,2025-08-12,BRN-MIL-04,2.05,48.0,14.9,0
1568,2025-08-12,BRN-MIL-05,1.47,44.4,8.8,0
1569,2025-08-12,BRN-MIL-06,1.43,48.7,10.9,0
1570,2025-08-12,BRN-PRS-01,3.22,60.1,12.8,0
1571,2025-08-12,BRN-PRS-02,3.49,55.3,11.7,0
1572,2025-08-12,BRN-PRS-03,3.33,60.8,11.0,0
1573,2025-08-12,BRN-RBT-01,1.25,46.9,14.7,0
1574,2025-08-12,BRN-RBT-02,1.37,45.0,10.4,0
1575,2025-08-12,DAY-GRD-01,1.8,49.4,11.3,0
1576,2025-08-12,DAY-LTH-01,2.02,46.2,9.8,0
1577,2025-08-12,DAY-LTH-02,1.73,52.6,10.8,0
1578,2025-08-12,DAY-LTH-03,2.08,52.4,11.0,0
1579,2025-08-12,DAY-LTH-04,2.17,56.0,11.3,0
1580,2025-08-12,DAY-LTH-05,1.8,55.2,11.2,0
1581,2025-08-12,DAY-MIL-01,1.54,48.4,13.0,0
1582,2025-08-12,DAY-MIL-02,1.43,54.3,14.1,0
1583,2025-08-12,DAY-MIL-03,2.0,65.7,10.7,5
1584,2025-08-12,DAY-MIL-04,1.84,52.3,8.7,3
1585,2025-08-12,DAY-MIL-05,1.96,54.7,15.0,1
1586,2025-08-12,DAY-MIL-06,1.8,55.0,11.3,0
1587,2025-08-12,DAY-MIL-07,1.97,47.7,12.5,1
1588,2025-08-12,DAY-PRS-01,2.74,65.4,10.6,0
1589,2025-08-12,DAY-PRS-02,3.38,63.5,14.6,0
1590,2025-08-12,DAY-PRS-03,2.46,50.0,7.4,0
1591,2025-08-12,DAY-PRS-04,2.42,62.6,14.6,0
1592,2025-08-12,DAY-RBT-01,1.09,39.7,1.0,0
1593,2025-08-12,DAY-RBT-02,1.53,50.5,12.9,0
1594,2025-08-12,DAY-RBT-03,1.03,48.1,11.9,0
1595,2025-08-12,MTY-GRD-01,1.35,46.8,9.2,1
1596,2025-08-12,MTY-GRD-02,1.37,51.3,12.7,1
1597,2025-08-12,MTY-LTH-01,1.95,55.8,13.1,0
1598,2025-08-12,MTY-LTH-02,1.99,49.5,12.2,0
1599,2025-08-12,MTY-LTH-03,3.01,59.2,11.3,1
1600,2025-08-12,MTY-LTH-04,2.43,53.9,9.9,0
1601,2025-08-12,MTY-LTH-05,2.19,58.0,13.4,0
1602,2025-08-12,MTY-MIL-01,1.4,52.5,10.0,2
1603,2025-08-12,MTY-MIL-02,1.85,49.5,11.5,0
1604,2025-08-12,MTY-MIL-03,1.69,49.6,11.9,0
1605,2025-08-12,MTY-MIL-04,1.7,49.3,9.7,0
1606,2025-08-12,MTY-MIL-05,1.52,49.8,9.1,1
1607,2025-08-12,MTY-MIL-06,1.88,49.6,13.2,0
1608,2025-08-12,MTY-PRS-01,3.42,63.7,13.4,0
1609,2025-08-12,MTY-PRS-02,2.78,59.5,11.7,1
1610,2025-08-12,MTY-PRS-03,2.67,60.5,10.0,0
1611,2025-08-12,MTY-RBT-01,1.16,44.7,11.3,0
1612,2025-08-12,MTY-RBT-02,1.28,40.2,11.1,0
1613,2025-08-13,BRN-GRD-01,1.46,47.0,12.6,0
1614,2025-08-13,BRN-LTH-01,1.67,49.0,11.2,0
1615,2025-08-13,BRN-LTH-02,1.58,47.9,7.9,0
1616,2025-08-13,BRN-LTH-03,1.99,51.6,8.2,1
1617,2025-08-13,BRN-MIL-01,1.69,46.5,10.5,1
1618,2025-08-13,BRN-MIL-02,1.37,50.5,11.2,1
1619,2025-08-13,BRN-MIL-03,1.63,50.7,11.8,0
1620,2025-08-13,BRN-MIL-04,2.04,48.9,13.6,0
1621,2025-08-13,BRN-MIL-05,1.8,48.1,13.5,0
1622,2025-08-13,BRN-MIL-06,1.51,50.6,11.2,0
1623,2025-08-13,BRN-PRS-01,2.64,61.4,11.0,0
1624,2025-08-13,BRN-PRS-02,3.4,54.2,10.5,0
1625,2025-08-13,BRN-PRS-03,3.15,60.7,10.8,2
1626,2025-08-13,BRN-RBT-01,1.14,46.3,13.3,0
1627,2025-08-13,BRN-RBT-02,1.28,45.8,8.4,0
1628,2025-08-13,DAY-GRD-01,2.14,48.7,11.4,1
1629,2025-08-13,DAY-LTH-01,2.57,47.9,13.8,0
1630,2025-08-13,DAY-LTH-02,1.43,50.1,8.9,0
1631,2025-08-13,DAY-LTH-03,1.96,54.6,13.2,0
1632,2025-08-13,DAY-LTH-04,2.33,58.0,12.2,0
1633,2025-08-13,DAY-LTH-05,1.97,55.1,14.5,0
1634,2025-08-13,DAY-MIL-01,1.65,49.6,13.5,1
1635,2025-08-13,DAY-MIL-02,1.67,48.9,10.0,0
1636,2025-08-13,DAY-MIL-03,1.53,50.6,3.7,3
1637,2025-08-13,DAY-MIL-04,2.17,51.9,10.6,4
1638,2025-08-13,DAY-MIL-05,1.98,54.0,13.0,1
1639,2025-08-13,DAY-MIL-06,1.81,54.6,13.2,0
1640,2025-08-13,DAY-MIL-07,1.91,47.5,11.7,0
1641,2025-08-13,DAY-PRS-01,3.01,65.7,11.5,1
1642,2025-08-13,DAY-PRS-02,2.8,60.1,9.0,1
1643,2025-08-13,DAY-PRS-03,2.73,52.9,11.9,0
1644,2025-08-13,DAY-PRS-04,2.31,62.3,11.2,0
1645,2025-08-13,DAY-RBT-01,1.0,40.7,10.0,0
1646,2025-08-13,DAY-RBT-02,1.31,48.2,9.9,0
1647,2025-08-13,DAY-RBT-03,0.93,43.7,8.4,0
1648,2025-08-13,MTY-GRD-01,1.4,49.9,13.8,0
1649,2025-08-13,MTY-GRD-02,1.38,49.4,9.5,0
1650,2025-08-13,MTY-LTH-01,2.04,53.9,9.8,1
1651,2025-08-13,MTY-LTH-02,1.71,49.2,10.4,0
1652,2025-08-13,MTY-LTH-03,3.18,55.7,12.0,1
1653,2025-08-13,MTY-LTH-04,2.48,54.1,12.6,0
1654,2025-08-13,MTY-LTH-05,2.22,56.2,14.1,0
1655,2025-08-13,MTY-MIL-01,1.59,54.1,13.7,0
1656,2025-08-13,MTY-MIL-02,1.65,48.4,9.4,0
1657,2025-08-13,MTY-MIL-03,1.92,52.9,13.6,0
1658,2025-08-13,MTY-MIL-04,1.58,49.6,9.6,1
1659,2025-08-13,MTY-MIL-05,1.53,52.6,13.5,1
1660,2025-08-13,MTY-MIL-06,2.03,46.9,12.5,0
1661,2025-08-13,MTY-PRS-01,3.22,62.1,10.6,0
1662,2025-08-13,MTY-PRS-02,2.67,61.2,10.2,0
1663,2025-08-13,MTY-PRS-03,3.02,59.9,12.7,0
1664,2025-08-13,MTY-RBT-01,1.23,45.6,11.3,0
1665,2025-08-13,MTY-RBT-02,1.16,40.6,11.5,0
1666,2025-08-14,BRN-GRD-01,1.23,48.3,11.7,0
1667,2025-08-14,BRN-LTH-01,1.82,47.5,11.9,0
1668,2025-08-14,BRN-LTH-02,1.74,53.5,12.0,0
1669,2025-08-14,BRN-LTH-03,2.06,55.6,11.5,0
1670,2025-08-14,BRN-MIL-01,1.68,47.4,12.6,0
1671,2025-08-14,BRN-MIL-02,1.51,50.5,14.0,0
1672,2025-08-14,BRN-MIL-03,1.77,47.4,10.6,0
1673,2025-08-14,BRN-MIL-04,1.91,46.5,8.9,0
1674,2025-08-14,BRN-MIL-05,1.63,41.9,8.9,0
1675,2025-08-14,BRN-MIL-06,1.52,50.5,10.9,0
1676,2025-08-14,BRN-PRS-01,2.83,60.2,9.9,0
1677,2025-08-14,BRN-PRS-02,3.35,56.2,14.8,0
1678,2025-08-14,BRN-PRS-03,3.45,60.4,9.2,2
1679,2025-08-14,BRN-RBT-01,1.14,45.7,13.9,0
1680,2025-08-14,BRN-RBT-02,1.31,46.2,9.3,0
1681,2025-08-14,DAY-GRD-01,2.14,50.2,14.7,0
1682,2025-08-14,DAY-LTH-01,2.15,46.0,11.6,1
1683,2025-08-14,DAY-LTH-02,1.76,53.4,12.5,1
1684,2025-08-14,DAY-LTH-03,2.25,53.6,12.6,0
1685,2025-08-14,DAY-LTH-04,2.05,59.0,14.5,1
1686,2025-08-14,DAY-LTH-05,2.01,52.5,10.6,0
1687,2025-08-14,DAY-MIL-01,1.25,44.5,6.9,0
1688,2025-08-14,DAY-MIL-02,1.6,51.0,10.8,0
1689,2025-08-14,DAY-MIL-03,1.45,50.5,9.2,1
1690,2025-08-14,DAY-MIL-04,2.1,52.7,10.7,1
1691,2025-08-14,DAY-MIL-05,1.72,52.5,10.0,0
1692,2025-08-14,DAY-MIL-06,2.02,56.1,16.0,0
1693,2025-08-14,DAY-MIL-07,2.25,47.0,12.2,0
1694,2025-08-14,DAY-PRS-01,2.96,65.7,8.1,1
1695,2025-08-14,DAY-PRS-02,2.73,60.8,10.3,0
1696,2025-08-14,DAY-PRS-03,3.0,56.7,14.6,1
1697,2025-08-14,DAY-PRS-04,2.16,61.2,10.6,0
1698,2025-08-14,DAY-RBT-01,1.06,41.2,14.3,0
1699,2025-08-14,DAY-RBT-02,1.38,50.8,12.7,0
1700,2025-08-14,DAY-RBT-03,1.07,46.6,11.9,0
1701,2025-08-14,MTY-GRD-01,1.46,49.1,10.3,0
1702,2025-08-14,MTY-GRD-02,1.34,53.1,14.2,1
1703,2025-08-14,MTY-LTH-01,2.05,53.4,9.0,0
1704,2025-08-14,MTY-LTH-02,1.95,48.9,12.3,0
1705,2025-08-14,MTY-LTH-03,3.11,56.7,10.6,2
1706,2025-08-14,MTY-LTH-04,2.42,55.5,12.6,0
1707,2025-08-14,MTY-LTH-05,2.01,54.5,12.0,0
1708,2025-08-14,MTY-MIL-01,1.42,55.7,12.3,0
1709,2025-08-14,MTY-MIL-02,1.72,49.2,12.2,0
1710,2025-08-14,MTY-MIL-03,1.81,50.1,10.7,0
1711,2025-08-14,MTY-MIL-04,1.61,48.0,10.4,0
1712,2025-08-14,MTY-MIL-05,1.58,53.8,14.8,0
1713,2025-08-14,MTY-MIL-06,1.85,46.4,12.9,0
1714,2025-08-14,MTY-PRS-01,3.29,63.0,9.8,0
1715,2025-08-14,MTY-PRS-02,2.62,64.0,11.2,0
1716,2025-08-14,MTY-PRS-03,2.7,59.7,8.0,0
1717,2025-08-14,MTY-RBT-01,1.21,46.3,13.6,0
1718,2025-08-14,MTY-RBT-02,1.26,41.0,12.4,0
1719,2025-08-15,BRN-GRD-01,1.27,46.8,9.1,0
1720,2025-08-15,BRN-LTH-01,1.88,49.5,13.3,0
1721,2025-08-15,BRN-LTH-02,1.73,49.5,9.8,0
1722,2025-08-15,BRN-LTH-03,2.32,54.5,13.0,0
1723,2025-08-15,BRN-MIL-01,1.7,47.9,11.1,0
1724,2025-08-15,BRN-MIL-02,1.46,50.9,8.1,0
1725,2025-08-15,BRN-MIL-03,1.63,45.4,7.0,0
1726,2025-08-15,BRN-MIL-04,1.98,46.6,11.9,0
1727,2025-08-15,BRN-MIL-05,1.63,44.3,10.6,0
1728,2025-08-15,BRN-MIL-06,1.68,48.9,11.2,0
1729,2025-08-15,BRN-PRS-01,2.96,61.0,13.4,0
1730,2025-08-15,BRN-PRS-02,3.0,55.4,10.8,0
1731,2025-08-15,BRN-PRS-03,3.36,60.8,11.1,1
1732,2025-08-15,BRN-RBT-01,1.12,46.9,12.5,0
1733,2025-08-15,BRN-RBT-02,1.31,47.0,10.6,0
1734,2025-08-15,DAY-GRD-01,2.19,49.7,12.2,0
1735,2025-08-15,DAY-LTH-01,2.29,47.0,13.5,1
1736,2025-08-15,DAY-LTH-02,1.61,50.7,10.4,0
1737,2025-08-15,DAY-LTH-03,2.2,54.9,11.9,0
1738,2025-08-15,DAY-LTH-04,2.14,60.4,13.9,1
1739,2025-08-15,DAY-LTH-05,1.94,54.6,12.0,1
1740,2025-08-15,DAY-MIL-01,1.45,46.5,9.6,2
1741,2025-08-15,DAY-MIL-02,1.6,50.0,9.8,0
1742,2025-08-15,DAY-MIL-03,1.52,49.0,10.6,0
1743,2025-08-15,DAY-MIL-04,2.04,51.6,9.7,2
1744,2025-08-15,DAY-MIL-05,1.7,53.8,11.0,0
1745,2025-08-15,DAY-MIL-06,1.65,52.9,11.5,0
1746,2025-08-15,DAY-MIL-07,2.11,44.4,10.9,0
1747,2025-08-15,DAY-PRS-01,3.34,69.1,13.1,2
1748,2025-08-15,DAY-PRS-02,2.6,59.6,3.6,0
1749,2025-08-15,DAY-PRS-03,2.66,52.8,10.6,0
1750,2025-08-15,DAY-PRS-04,2.36,58.8,10.4,0
1751,2025-08-15,DAY-RBT-01,1.03,42.3,10.6,0
1752,2025-08-15,DAY-RBT-02,1.44,48.3,12.3,0
1753,2025-08-15,DAY-RBT-03,0.96,47.6,13.5,0
1754,2025-08-15,MTY-GRD-01,1.34,48.9,10.0,0
1755,2025-08-15,MTY-GRD-02,1.48,51.2,11.1,0
1756,2025-08-15,MTY-LTH-01,2.23,55.8,12.1,0
1757,2025-08-15,MTY-LTH-02,2.16,50.8,14.2,0
1758,2025-08-15,MTY-LTH-03,3.45,58.4,13.5,2
1759,2025-08-15,MTY-LTH-04,2.3,53.8,10.4,0
1760,2025-08-15,MTY-LTH-05,2.13,53.3,8.8,0
1761,2025-08-15,MTY-MIL-01,1.24,50.4,9.1,0
1762,2025-08-15,MTY-MIL-02,1.9,49.1,11.8,0
1763,2025-08-15,MTY-MIL-03,1.73,48.1,10.2,1
1764,2025-08-15,MTY-MIL-04,1.7,52.0,13.5,0
1765,2025-08-15,MTY-MIL-05,1.6,47.1,7.8,0
1766,2025-08-15,MTY-MIL-06,1.84,44.5,9.5,0
1767,2025-08-15,MTY-PRS-01,3.56,62.6,11.4,0
1768,2025-08-15,MTY-PRS-02,2.75,62.9,14.8,0
1769,2025-08-15,MTY-PRS-03,3.16,60.4,11.2,1
1770,2025-08-15,MTY-RBT-01,1.33,45.4,13.1,0
1771,2025-08-15,MTY-RBT-02,1.21,39.5,11.1,0
1772,2025-08-18,BRN-GRD-01,1.49,51.4,13.5,0
1773,2025-08-18,BRN-LTH-01,1.83,49.3,10.8,0
1774,2025-08-18,BRN-LTH-02,1.52,50.7,10.4,0
1775,2025-08-18,BRN-LTH-03,2.08,55.8,11.3,0
1776,2025-08-18,BRN-MIL-01,1.55,45.9,11.8,0
1777,2025-08-18,BRN-MIL-02,1.46,49.7,13.6,0
1778,2025-08-18,BRN-MIL-03,1.93,45.9,12.1,0
1779,2025-08-18,BRN-MIL-04,1.86,48.9,12.7,0
1780,2025-08-18,BRN-MIL-05,1.4,44.5,9.2,0
1781,2025-08-18,BRN-MIL-06,1.72,48.9,12.2,3
1782,2025-08-18,BRN-PRS-01,3.05,64.8,14.5,1
1783,2025-08-18,BRN-PRS-02,3.26,55.0,12.4,0
1784,2025-08-18,BRN-PRS-03,3.39,62.2,12.2,5
1785,2025-08-18,BRN-RBT-01,1.3,47.1,12.9,0
1786,2025-08-18,BRN-RBT-02,1.41,47.5,13.3,0
1787,2025-08-18,DAY-GRD-01,2.0,47.7,9.4,0
1788,2025-08-18,DAY-LTH-01,2.14,48.9,12.0,0
1789,2025-08-18,DAY-LTH-02,1.67,50.1,10.1,0
1790,2025-08-18,DAY-LTH-03,1.82,53.7,9.7,0
1791,2025-08-18,DAY-LTH-04,2.32,62.7,14.5,0
1792,2025-08-18,DAY-LTH-05,1.67,51.4,9.5,0
1793,2025-08-18,DAY-MIL-01,1.49,48.0,11.0,0
1794,2025-08-18,DAY-MIL-02,1.46,50.1,9.8,0
1795,2025-08-18,DAY-MIL-03,1.85,52.1,15.4,0
1796,2025-08-18,DAY-MIL-04,2.38,53.8,10.1,4
1797,2025-08-18,DAY-MIL-05,1.58,52.3,8.8,0
1798,2025-08-18,DAY-MIL-06,1.77,53.9,11.3,0
1799,2025-08-18,DAY-MIL-07,2.08,48.5,11.3,0
1800,2025-08-18,DAY-PRS-01,3.64,67.9,10.9,2
1801,2025-08-18,DAY-PRS-02,2.86,62.1,12.0,0
1802,2025-08-18,DAY-PRS-03,2.76,51.2,8.4,1
1803,2025-08-18,DAY-PRS-04,2.4,63.8,14.5,0
1804,2025-08-18,DAY-RBT-01,0.92,41.5,9.3,1
1805,2025-08-18,DAY-RBT-02,1.45,53.3,13.2,0
1806,2025-08-18,DAY-RBT-03,1.0,45.5,10.6,0
1807,2025-08-18,MTY-GRD-01,1.21,50.3,12.7,0
1808,2025-08-18,MTY-GRD-02,1.49,53.0,10.6,1
1809,2025-08-18,MTY-LTH-01,2.12,55.5,12.0,0
1810,2025-08-18,MTY-LTH-02,2.1,47.5,10.5,0
1811,2025-08-18,MTY-LTH-03,3.98,58.4,11.4,4
1812,2025-08-18,MTY-LTH-04,2.2,55.1,10.8,0
1813,2025-08-18,MTY-LTH-05,2.16,55.0,11.5,0
1814,2025-08-18,MTY-MIL-01,1.46,54.5,14.2,1
1815,2025-08-18,MTY-MIL-02,1.72,50.1,12.7,0
1816,2025-08-18,MTY-MIL-03,1.87,51.5,13.1,1
1817,2025-08-18,MTY-MIL-04,1.64,49.0,11.7,0
1818,2025-08-18,MTY-MIL-05,1.62,50.6,10.5,0
1819,2025-08-18,MTY-MIL-06,2.12,49.0,14.1,1
1820,2025-08-18,MTY-PRS-01,3.46,65.3,15.0,0
1821,2025-08-18,MTY-PRS-02,2.63,63.4,14.1,0
1822,2025-08-18,MTY-PRS-03,2.56,58.9,10.3,1
1823,2025-08-18,MTY-RBT-01,1.2,44.0,11.3,1
1824,2025-08-18,MTY-RBT-02,1.19,42.1,12.0,1
1825,2025-08-19,BRN-GRD-01,1.39,50.0,13.7,0
1826,2025-08-19,BRN-LTH-01,1.81,48.4,11.9,0
1827,2025-08-19,BRN-LTH-02,1.64,51.5,11.4,0
1828,2025-08-19,BRN-LTH-03,2.2,54.4,11.5,0
1829,2025-08-19,BRN-MIL-01,1.63,46.6,12.3,0
1830,2025-08-19,BRN-MIL-02,1.43,48.1,11.3,0
1831,2025-08-19,BRN-MIL-03,1.83,48.5,11.9,0
1832,2025-08-19,BRN-MIL-04,1.76,45.9,10.4,0
1833,2025-08-19,BRN-MIL-05,1.58,42.5,9.6,0
1834,2025-08-19,BRN-MIL-06,1.7,51.9,13.6,3
1835,2025-08-19,BRN-PRS-01,3.5,64.3,16.0,0
1836,2025-08-19,BRN-PRS-02,3.71,53.8,12.8,0
1837,2025-08-19,BRN-PRS-03,3.59,62.1,12.3,2
1838,2025-08-19,BRN-RBT-01,1.23,45.7,13.3,0
1839,2025-08-19,BRN-RBT-02,1.69,49.8,16.0,0
1840,2025-08-19,DAY-GRD-01,1.89,49.6,10.5,2
1841,2025-08-19,DAY-LTH-01,2.35,48.3,14.5,0
1842,2025-08-19,DAY-LTH-02,1.59,51.3,12.1,0
1843,2025-08-19,DAY-LTH-03,1.74,50.5,6.4,1
1844,2025-08-19,DAY-LTH-04,2.15,61.5,11.1,2
1845,2025-08-19,DAY-LTH-05,1.89,54.4,13.4,0
1846,2025-08-19,DAY-MIL-01,1.65,49.6,14.6,0
1847,2025-08-19,DAY-MIL-02,1.66,52.8,12.7,0
1848,2025-08-19,DAY-MIL-03,1.69,50.9,12.1,0
1849,2025-08-19,DAY-MIL-04,2.19,50.5,7.5,3
1850,2025-08-19,DAY-MIL-05,1.75,51.4,10.3,0
1851,2025-08-19,DAY-MIL-06,1.88,54.1,12.5,0
1852,2025-08-19,DAY-MIL-07,1.8,44.6,9.0,2
1853,2025-08-19,DAY-PRS-01,3.59,72.7,12.9,2
1854,2025-08-19,DAY-PRS-02,3.28,61.4,12.6,1
1855,2025-08-19,DAY-PRS-03,2.74,52.7,11.8,0
1856,2025-08-19,DAY-PRS-04,2.1,60.6,8.6,1
1857,2025-08-19,DAY-RBT-01,1.13,43.8,12.6,0
1858,2025-08-19,DAY-RBT-02,1.3,47.9,10.0,0
1859,2025-08-19,DAY-RBT-03,1.05,47.2,12.1,0
1860,2025-08-19,MTY-GRD-01,1.24,51.0,13.9,0
1861,2025-08-19,MTY-GRD-02,1.5,56.1,14.6,1
1862,2025-08-19,MTY-LTH-01,2.47,54.2,12.0,0
1863,2025-08-19,MTY-LTH-02,2.13,49.3,10.6,2
1864,2025-08-19,MTY-LTH-03,4.35,62.1,14.9,3
1865,2025-08-19,MTY-LTH-04,2.55,53.9,11.6,0
1866,2025-08-19,MTY-LTH-05,1.92,55.0,12.2,1
1867,2025-08-19,MTY-MIL-01,1.2,52.5,9.7,0
1868,2025-08-19,MTY-MIL-02,1.59,49.8,11.3,0
1869,2025-08-19,MTY-MIL-03,1.96,51.4,11.0,1
1870,2025-08-19,MTY-MIL-04,1.67,51.7,14.2,0
1871,2025-08-19,MTY-MIL-05,1.64,51.9,9.5,1
1872,2025-08-19,MTY-MIL-06,1.98,47.6,11.9,0
1873,2025-08-19,MTY-PRS-01,3.19,62.2,8.8,0
1874,2025-08-19,MTY-PRS-02,2.72,59.4,10.7,0
1875,2025-08-19,MTY-PRS-03,2.76,59.0,8.9,0
1876,2025-08-19,MTY-RBT-01,1.03,44.7,11.8,0
1877,2025-08-19,MTY-RBT-02,1.35,40.5,13.0,0
1878,2025-08-20,BRN-GRD-01,1.35,48.3,12.0,0
1879,2025-08-20,BRN-LTH-01,1.89,49.2,14.3,2
1880,2025-08-20,BRN-LTH-02,1.76,53.2,13.4,0
1881,2025-08-20,BRN-LTH-03,2.23,54.0,10.8,0
1882,2025-08-20,BRN-MIL-01,1.74,46.1,12.1,0
1883,2025-08-20,BRN-MIL-02,1.27,48.6,12.5,0
1884,2025-08-20,BRN-MIL-03,1.79,49.8,11.2,1
1885,2025-08-20,BRN-MIL-04,2.02,48.1,14.1,0
1886,2025-08-20,BRN-MIL-05,1.85,47.2,13.4,0
1887,2025-08-20,BRN-MIL-06,1.74,46.5,9.0,0
1888,2025-08-20,BRN-PRS-01,3.27,60.5,10.9,0
1889,2025-08-20,BRN-PRS-02,3.4,53.3,12.2,1
1890,2025-08-20,BRN-PRS-03,3.35,60.8,11.1,0
1891,2025-08-20,BRN-RBT-01,1.28,46.0,13.3,0
1892,2025-08-20,BRN-RBT-02,1.59,47.2,12.0,0
1893,2025-08-20,DAY-GRD-01,1.81,47.8,9.2,0
1894,2025-08-20,DAY-LTH-01,2.1,45.4,9.3,1
1895,2025-08-20,DAY-LTH-02,1.64,51.3,12.6,0
1896,2025-08-20,DAY-LTH-03,2.0,53.8,11.3,0
1897,2025-08-20,DAY-LTH-04,2.08,58.4,6.3,3
1898,2025-08-20,DAY-LTH-05,1.95,53.4,12.5,0
1899,2025-08-20,DAY-MIL-01,1.53,47.9,12.6,0
1900,2025-08-20,DAY-MIL-02,1.5,50.7,10.2,0
1901,2025-08-20,DAY-MIL-03,1.79,50.9,14.7,0
1902,2025-08-20,DAY-MIL-04,1.63,45.7,5.5,3
1903,2025-08-20,DAY-MIL-05,1.75,54.9,14.4,0
1904,2025-08-20,DAY-MIL-06,1.62,50.8,8.0,0
1905,2025-08-20,DAY-MIL-07,2.05,44.9,12.5,0
1906,2025-08-20,DAY-PRS-01,3.09,70.2,5.5,0
1907,2025-08-20,DAY-PRS-02,2.64,61.0,10.7,0
1908,2025-08-20,DAY-PRS-03,2.77,53.7,12.7,0
1909,2025-08-20,DAY-PRS-04,2.27,64.5,14.7,0
1910,2025-08-20,DAY-RBT-01,1.21,44.3,14.7,0
1911,2025-08-20,DAY-RBT-02,1.42,50.5,13.1,0
1912,2025-08-20,DAY-RBT-03,0.93,45.1,11.7,0
1913,2025-08-20,MTY-GRD-01,1.23,44.9,4.4,0
1914,2025-08-20,MTY-GRD-02,1.58,54.5,14.3,1
1915,2025-08-20,MTY-LTH-01,1.92,54.3,11.1,0
1916,2025-08-20,MTY-LTH-02,1.75,47.5,9.7,0
1917,2025-08-20,MTY-LTH-03,1.85,50.4,6.3,4
1918,2025-08-20,MTY-LTH-04,2.22,53.5,10.4,1
1919,2025-08-20,MTY-LTH-05,2.15,54.0,11.6,1
1920,2025-08-20,MTY-MIL-01,1.4,53.9,15.1,0
1921,2025-08-20,MTY-MIL-02,1.95,50.4,12.6,1
1922,2025-08-20,MTY-MIL-03,1.69,47.5,6.1,0
1923,2025-08-20,MTY-MIL-04,1.61,53.5,13.7,0
1924,2025-08-20,MTY-MIL-05,1.66,53.1,15.2,0
1925,2025-08-20,MTY-MIL-06,2.09,47.6,13.1,0
1926,2025-08-20,MTY-PRS-01,3.22,60.4,8.4,1
1927,2025-08-20,MTY-PRS-02,2.68,63.3,12.7,0
1928,2025-08-20,MTY-PRS-03,3.36,59.9,11.4,1
1929,2025-08-20,MTY-RBT-01,1.03,43.7,8.9,0
1930,2025-08-20,MTY-RBT-02,1.11,39.3,9.0,0
1931,2025-08-21,BRN-GRD-01,1.31,46.8,10.0,0
1932,2025-08-21,BRN-LTH-01,1.84,46.7,13.5,0
1933,2025-08-21,BRN-LTH-02,1.54,50.6,10.2,1
1934,2025-08-21,BRN-LTH-03,2.23,53.5,9.5,0
1935,2025-08-21,BRN-MIL-01,1.77,45.2,8.9,0
1936,2025-08-21,BRN-MIL-02,1.21,48.4,9.5,0
1937,2025-08-21,BRN-MIL-03,1.6,47.6,11.2,0
1938,2025-08-21,BRN-MIL-04,2.05,47.3,14.2,1
1939,2025-08-21,BRN-MIL-05,1.35,42.7,6.4,0
1940,2025-08-21,BRN-MIL-06,1.92,50.7,10.7,0
1941,2025-08-21,BRN-PRS-01,2.73,59.9,9.3,2
1942,2025-08-21,BRN-PRS-02,3.23,55.2,12.3,1
1943,2025-08-21,BRN-PRS-03,3.77,61.9,13.6,1
1944,2025-08-21,BRN-RBT-01,1.14,43.2,10.2,0
1945,2025-08-21,BRN-RBT-02,1.61,48.2,14.9,1
1946,2025-08-21,DAY-GRD-01,2.03,51.2,14.6,0
1947,2025-08-21,DAY-LTH-01,2.12,44.9,9.0,0
1948,2025-08-21,DAY-LTH-02,1.75,52.2,12.5,0
1949,2025-08-21,DAY-LTH-03,2.27,54.4,13.0,0
1950,2025-08-21,DAY-LTH-04,2.29,59.6,11.4,1
1951,2025-08-21,DAY-LTH-05,1.9,53.5,10.6,0
1952,2025-08-21,DAY-MIL-01,1.55,49.0,10.8,0
1953,2025-08-21,DAY-MIL-02,1.63,54.5,14.0,0
1954,2025-08-21,DAY-MIL-03,1.59,50.8,11.9,0
1955,2025-08-21,DAY-MIL-04,1.67,45.3,10.7,1
1956,2025-08-21,DAY-MIL-05,1.71,52.0,9.3,0
1957,2025-08-21,DAY-MIL-06,1.69,54.3,10.5,0
1958,2025-08-21,DAY-MIL-07,2.06,49.3,12.9,1
1959,2025-08-21,DAY-PRS-01,3.12,69.5,10.1,0
1960,2025-08-21,DAY-PRS-02,2.4,62.7,12.8,0
1961,2025-08-21,DAY-PRS-03,2.66,53.5,10.9,0
1962,2025-08-21,DAY-PRS-04,2.29,59.1,8.5,0
1963,2025-08-21,DAY-RBT-01,1.12,44.8,15.1,1
1964,2025-08-21,DAY-RBT-02,1.41,47.2,10.9,0
1965,2025-08-21,DAY-RBT-03,0.99,46.7,11.5,0
1966,2025-08-21,MTY-GRD-01,1.32,46.3,12.4,1
1967,2025-08-21,MTY-GRD-02,1.55,56.1,12.3,0
1968,2025-08-21,MTY-LTH-01,2.03,55.2,13.0,0
1969,2025-08-21,MTY-LTH-02,1.99,49.3,12.8,0
1970,2025-08-21,MTY-LTH-04,2.72,55.3,12.6,0
1971,2025-08-21,MTY-LTH-05,2.08,51.0,10.5,0
1972,2025-08-21,MTY-MIL-01,1.5,53.8,12.4,0
1973,2025-08-21,MTY-MIL-02,1.61,45.6,8.0,1
1974,2025-08-21,MTY-MIL-03,1.94,50.0,10.5,0
1975,2025-08-21,MTY-MIL-04,1.62,51.2,10.6,0
1976,2025-08-21,MTY-MIL-05,1.51,52.1,11.5,0
1977,2025-08-21,MTY-MIL-06,1.87,47.1,10.2,0
1978,2025-08-21,MTY-PRS-01,3.29,63.5,13.3,0
1979,2025-08-21,MTY-PRS-02,2.91,62.5,10.2,0
1980,2025-08-21,MTY-PRS-03,2.89,61.7,11.6,0
1981,2025-08-21,MTY-RBT-01,1.21,44.9,10.8,0
1982,2025-08-21,MTY-RBT-02,1.1,39.9,9.0,0
1983,2025-08-22,BRN-GRD-01,1.21,45.5,7.7,1
1984,2025-08-22,BRN-LTH-01,1.8,47.5,11.2,0
1985,2025-08-22,BRN-LTH-02,1.72,51.2,10.6,0
1986,2025-08-22,BRN-LTH-03,2.33,55.4,11.8,0
1987,2025-08-22,BRN-MIL-01,1.51,47.9,12.5,0
1988,2025-08-22,BRN-MIL-02,1.31,49.2,15.6,0
1989,2025-08-22,BRN-MIL-03,1.84,47.1,11.2,0
1990,2025-08-22,BRN-MIL-04,1.94,44.8,9.0,1
1991,2025-08-22,BRN-MIL-05,1.62,46.5,11.4,0
1992,2025-08-22,BRN-MIL-06,1.9,50.5,11.2,1
1993,2025-08-22,BRN-PRS-01,3.0,60.2,10.9,0
1994,2025-08-22,BRN-PRS-02,3.55,55.8,12.4,0
1995,2025-08-22,BRN-PRS-03,3.46,61.3,11.6,2
1996,2025-08-22,BRN-RBT-01,1.17,45.4,11.4,0
1997,2025-08-22,BRN-RBT-02,1.52,47.0,10.6,1
1998,2025-08-22,DAY-GRD-01,2.11,50.8,14.6,1
1999,2025-08-22,DAY-LTH-01,2.07,46.0,10.5,0
2000,2025-08-22,DAY-LTH-02,1.61,50.6,8.5,0
2001,2025-08-22,DAY-LTH-03,1.95,51.3,9.1,0
2002,2025-08-22,DAY-LTH-04,2.24,62.0,11.1,1
2003,2025-08-22,DAY-LTH-05,2.08,52.5,10.1,0
2004,2025-08-22,DAY-MIL-01,1.62,47.6,14.4,1
2005,2025-08-22,DAY-MIL-02,1.49,50.8,10.2,0
2006,2025-08-22,DAY-MIL-03,1.39,46.5,7.2,0
2007,2025-08-22,DAY-MIL-04,1.51,47.9,11.0,0
2008,2025-08-22,DAY-MIL-05,2.05,55.8,13.3,0
2009,2025-08-22,DAY-MIL-06,1.84,54.0,10.8,0
2010,2025-08-22,DAY-MIL-07,1.82,45.7,5.3,1
2011,2025-08-22,DAY-PRS-01,3.36,71.6,12.4,0
2012,2025-08-22,DAY-PRS-02,3.24,62.8,14.8,0
2013,2025-08-22,DAY-PRS-03,2.49,50.9,7.4,0
2014,2025-08-22,DAY-PRS-04,2.4,59.4,12.9,0
2015,2025-08-22,DAY-RBT-01,1.22,42.2,9.9,0
2016,2025-08-22,DAY-RBT-02,1.37,50.9,11.1,0
2017,2025-08-22,DAY-RBT-03,0.99,45.7,11.5,0
2018,2025-08-22,MTY-GRD-01,1.25,46.3,14.4,0
2019,2025-08-22,MTY-GRD-02,1.39,53.4,10.6,0
2020,2025-08-22,MTY-LTH-01,1.97,52.1,9.9,0
2021,2025-08-22,MTY-LTH-02,1.82,45.9,8.1,1
2022,2025-08-22,MTY-LTH-04,2.39,53.8,11.3,0
2023,2025-08-22,MTY-LTH-05,2.06,52.7,10.9,0
2024,2025-08-22,MTY-MIL-01,1.33,51.7,9.4,2
2025,2025-08-22,MTY-MIL-02,1.62,50.1,11.8,0
2026,2025-08-22,MTY-MIL-03,1.66,51.3,13.7,1
2027,2025-08-22,MTY-MIL-04,1.86,51.4,11.7,0
2028,2025-08-22,MTY-MIL-05,1.54,54.7,13.1,0
2029,2025-08-22,MTY-MIL-06,2.07,49.2,12.1,0
2030,2025-08-22,MTY-PRS-01,3.69,63.4,12.3,0
2031,2025-08-22,MTY-PRS-02,2.78,64.7,13.6,0
2032,2025-08-22,MTY-PRS-03,3.29,62.1,13.9,1
2033,2025-08-22,MTY-RBT-01,1.27,47.0,13.2,0
2034,2025-08-22,MTY-RBT-02,1.18,37.3,10.0,0
2035,2025-08-25,BRN-GRD-01,1.35,48.3,13.1,1
2036,2025-08-25,BRN-LTH-01,1.97,48.3,11.8,0
2037,2025-08-25,BRN-LTH-02,1.65,51.6,12.7,1
2038,2025-08-25,BRN-LTH-03,2.27,55.5,14.1,1
2039,2025-08-25,BRN-MIL-01,1.69,44.5,10.9,0
2040,2025-08-25,BRN-MIL-02,1.46,49.5,11.2,1
2041,2025-08-25,BRN-MIL-03,1.71,46.8,9.0,0
2042,2025-08-25,BRN-MIL-04,1.88,46.4,7.7,2
2043,2025-08-25,BRN-MIL-05,1.59,47.3,11.4,0
2044,2025-08-25,BRN-MIL-06,1.92,51.3,11.5,1
2045,2025-08-25,BRN-PRS-01,2.64,60.9,9.6,0
2046,2025-08-25,BRN-PRS-02,3.14,54.7,11.0,0
2047,2025-08-25,BRN-PRS-03,3.54,59.0,14.0,0
2048,2025-08-25,BRN-RBT-01,1.13,45.4,13.6,0
2049,2025-08-25,BRN-RBT-02,1.51,48.0,11.1,0
2050,2025-08-25,DAY-GRD-01,2.01,50.4,11.2,0
2051,2025-08-25,DAY-LTH-01,2.22,47.2,12.9,0
2052,2025-08-25,DAY-LTH-02,1.67,50.4,11.5,0
2053,2025-08-25,DAY-LTH-03,1.93,51.2,11.0,0
2054,2025-08-25,DAY-LTH-04,2.61,64.2,9.8,1
2055,2025-08-25,DAY-LTH-05,1.72,53.2,11.2,1
2056,2025-08-25,DAY-MIL-01,1.69,52.7,15.7,0
2057,2025-08-25,DAY-MIL-02,1.82,51.5,13.4,0
2058,2025-08-25,DAY-MIL-03,1.43,50.3,11.6,2
2059,2025-08-25,DAY-MIL-04,1.54,46.6,11.3,0
2060,2025-08-25,DAY-MIL-05,1.79,53.4,12.2,0
2061,2025-08-25,DAY-MIL-06,1.88,56.3,14.2,1
2062,2025-08-25,DAY-MIL-07,1.98,48.2,14.0,0
2063,2025-08-25,DAY-PRS-01,3.49,73.5,8.8,5
2064,2025-08-25,DAY-PRS-02,2.86,63.6,13.6,0
2065,2025-08-25,DAY-PRS-03,3.05,56.4,14.8,1
2066,2025-08-25,DAY-PRS-04,2.25,60.4,11.6,2
2067,2025-08-25,DAY-RBT-01,1.53,44.5,13.1,1
2068,2025-08-25,DAY-RBT-02,1.55,50.5,14.3,0
2069,2025-08-25,DAY-RBT-03,0.98,48.8,12.0,0
2070,2025-08-25,MTY-GRD-01,1.22,45.6,10.6,0
2071,2025-08-25,MTY-GRD-02,1.65,57.9,13.9,0
2072,2025-08-25,MTY-LTH-01,2.02,54.3,10.7,0
2073,2025-08-25,MTY-LTH-02,1.89,48.1,10.7,0
2074,2025-08-25,MTY-LTH-04,2.52,55.5,13.4,1
2075,2025-08-25,MTY-LTH-05,2.08,55.0,11.3,0
2076,2025-08-25,MTY-MIL-01,1.45,50.7,11.6,0
2077,2025-08-25,MTY-MIL-02,1.98,52.0,15.1,0
2078,2025-08-25,MTY-MIL-03,1.67,49.0,11.7,0
2079,2025-08-25,MTY-MIL-04,1.45,48.0,10.5,0
2080,2025-08-25,MTY-MIL-05,1.63,53.6,15.4,0
2081,2025-08-25,MTY-MIL-06,1.92,47.6,9.2,0
2082,2025-08-25,MTY-PRS-01,3.48,65.0,14.0,0
2083,2025-08-25,MTY-PRS-02,2.68,60.5,13.4,0
2084,2025-08-25,MTY-PRS-03,3.07,58.1,9.6,0
2085,2025-08-25,MTY-RBT-01,1.18,45.9,12.7,1
2086,2025-08-25,MTY-RBT-02,1.19,39.5,11.5,0
2087,2025-08-26,BRN-GRD-01,1.39,49.2,11.1,0
2088,2025-08-26,BRN-LTH-01,1.68,48.5,10.4,0
2089,2025-08-26,BRN-LTH-02,1.77,52.0,11.0,0
2090,2025-08-26,BRN-LTH-03,2.26,54.2,13.4,0
2091,2025-08-26,BRN-MIL-01,1.5,46.8,10.2,0
2092,2025-08-26,BRN-MIL-02,1.32,48.0,11.0,1
2093,2025-08-26,BRN-MIL-03,1.93,48.4,12.4,0
2094,2025-08-26,BRN-MIL-04,2.15,47.1,12.5,2
2095,2025-08-26,BRN-MIL-05,1.75,47.6,13.7,1
2096,2025-08-26,BRN-MIL-06,1.82,54.6,13.9,3
2097,2025-08-26,BRN-PRS-01,2.98,60.9,10.6,0
2098,2025-08-26,BRN-PRS-02,3.06,54.6,9.3,0
2099,2025-08-26,BRN-PRS-03,3.5,62.2,14.2,0
2100,2025-08-26,BRN-RBT-01,1.12,41.8,7.4,0
2101,2025-08-26,BRN-RBT-02,1.56,50.0,13.5,0
2102,2025-08-26,DAY-GRD-01,1.8,47.8,6.4,0
2103,2025-08-26,DAY-LTH-01,2.0,44.5,10.8,1
2104,2025-08-26,DAY-LTH-02,1.61,54.2,10.6,0
2105,2025-08-26,DAY-LTH-03,1.93,54.2,11.4,0
2106,2025-08-26,DAY-LTH-04,2.57,63.6,11.9,2
2107,2025-08-26,DAY-LTH-05,1.95,52.7,9.9,0
2108,2025-08-26,DAY-MIL-01,1.45,47.0,11.4,0
2109,2025-08-26,DAY-MIL-02,1.58,53.0,12.7,0
2110,2025-08-26,DAY-MIL-03,1.55,51.4,13.5,0
2111,2025-08-26,DAY-MIL-04,1.56,46.7,11.8,0
2112,2025-08-26,DAY-MIL-05,2.05,53.8,14.6,0
2113,2025-08-26,DAY-MIL-06,1.87,53.9,8.9,0
2114,2025-08-26,DAY-MIL-07,1.86,45.6,11.4,0
2115,2025-08-26,DAY-PRS-01,3.37,76.6,10.7,1
2116,2025-08-26,DAY-PRS-02,3.06,61.1,12.8,0
2117,2025-08-26,DAY-PRS-03,2.63,52.9,10.7,0
2118,2025-08-26,DAY-PRS-04,2.25,57.6,9.0,0
2119,2025-08-26,DAY-RBT-01,1.58,47.5,15.6,1
2120,2025-08-26,DAY-RBT-02,1.44,49.3,12.2,0
2121,2025-08-26,DAY-RBT-03,1.01,45.9,11.6,0
2122,2025-08-26,MTY-GRD-01,1.28,47.6,12.6,0
2123,2025-08-26,MTY-GRD-02,1.7,57.3,16.0,0
2124,2025-08-26,MTY-LTH-01,2.02,54.0,11.6,0
2125,2025-08-26,MTY-LTH-02,1.82,49.5,13.1,0
2126,2025-08-26,MTY-LTH-03,1.71,53.4,12.0,0
2127,2025-08-26,MTY-LTH-04,2.18,51.8,9.4,0
2128,2025-08-26,MTY-LTH-05,2.01,54.0,7.3,1
2129,2025-08-26,MTY-MIL-01,1.34,52.9,12.0,0
2130,2025-08-26,MTY-MIL-02,2.0,52.4,13.8,0
2131,2025-08-26,MTY-MIL-03,1.7,51.9,12.4,0
2132,2025-08-26,MTY-MIL-04,1.75,51.4,12.7,0
2133,2025-08-26,MTY-MIL-05,1.57,48.2,10.7,0
2134,2025-08-26,MTY-MIL-06,2.2,47.7,13.7,1
2135,2025-08-26,MTY-PRS-01,3.7,64.9,10.5,0
2136,2025-08-26,MTY-PRS-02,2.79,59.3,9.8,0
2137,2025-08-26,MTY-PRS-03,2.96,60.5,13.5,0
2138,2025-08-26,MTY-RBT-01,1.01,44.2,10.2,0
2139,2025-08-26,MTY-RBT-02,1.09,37.3,9.1,0
2140,2025-08-27,BRN-GRD-01,1.4,46.5,10.6,0
2141,2025-08-27,BRN-LTH-01,1.87,49.7,13.3,0
2142,2025-08-27,BRN-LTH-02,1.69,47.3,8.4,0
2143,2025-08-27,BRN-LTH-03,2.18,54.7,12.7,1
2144,2025-08-27,BRN-MIL-01,1.65,47.0,12.4,0
2145,2025-08-27,BRN-MIL-02,1.48,47.7,11.4,0
2146,2025-08-27,BRN-MIL-03,1.79,50.2,11.5,0
2147,2025-08-27,BRN-MIL-04,2.05,47.3,11.7,0
2148,2025-08-27,BRN-MIL-05,1.74,48.6,16.0,0
2149,2025-08-27,BRN-MIL-06,1.8,50.7,9.1,1
2150,2025-08-27,BRN-PRS-01,3.15,61.5,11.4,1
2151,2025-08-27,BRN-PRS-02,3.32,55.8,11.7,0
2152,2025-08-27,BRN-PRS-03,3.34,59.3,14.5,0
2153,2025-08-27,BRN-RBT-01,1.25,46.2,13.5,0
2154,2025-08-27,BRN-RBT-02,1.53,49.5,12.4,1
2155,2025-08-27,DAY-GRD-01,1.91,50.9,11.1,0
2156,2025-08-27,DAY-LTH-01,2.18,44.2,8.1,0
2157,2025-08-27,DAY-LTH-02,1.64,51.2,9.3,0
2158,2025-08-27,DAY-LTH-03,2.36,54.2,14.0,1
2159,2025-08-27,DAY-LTH-04,2.3,64.5,6.3,0
2160,2025-08-27,DAY-LTH-05,1.93,55.3,12.2,0
2161,2025-08-27,DAY-MIL-01,1.5,49.3,12.6,0
2162,2025-08-27,DAY-MIL-02,1.59,52.9,15.3,0
2163,2025-08-27,DAY-MIL-03,1.55,51.0,12.4,0
2164,2025-08-27,DAY-MIL-04,1.62,47.5,12.1,0
2165,2025-08-27,DAY-MIL-05,1.71,50.4,12.3,1
2166,2025-08-27,DAY-MIL-06,1.89,53.5,10.9,0
2167,2025-08-27,DAY-MIL-07,1.83,46.5,11.0,0
2168,2025-08-27,DAY-PRS-01,2.53,59.7,2.5,3
2169,2025-08-27,DAY-PRS-02,2.85,64.0,11.3,0
2170,2025-08-27,DAY-PRS-03,2.9,53.7,13.1,0
2171,2025-08-27,DAY-PRS-04,2.47,59.1,11.8,0
2172,2025-08-27,DAY-RBT-01,1.37,42.5,11.3,0
2173,2025-08-27,DAY-RBT-02,1.5,47.9,10.4,0
2174,2025-08-27,DAY-RBT-03,0.99,47.9,12.7,0
2175,2025-08-27,MTY-GRD-01,1.34,47.8,12.0,0
2176,2025-08-27,MTY-GRD-02,1.58,55.8,15.1,1
2177,2025-08-27,MTY-LTH-01,1.95,57.2,13.1,0
2178,2025-08-27,MTY-LTH-02,1.8,48.9,12.3,0
2179,2025-08-27,MTY-LTH-03,1.86,50.9,12.0,0
2180,2025-08-27,MTY-LTH-04,2.44,53.3,4.7,0
2181,2025-08-27,MTY-LTH-05,1.85,54.6,12.0,0
2182,2025-08-27,MTY-MIL-01,1.46,53.4,13.1,0
2183,2025-08-27,MTY-MIL-02,1.64,48.6,10.7,0
2184,2025-08-27,MTY-MIL-03,1.89,49.5,11.4,0
2185,2025-08-27,MTY-MIL-04,1.98,54.0,15.2,1
2186,2025-08-27,MTY-MIL-05,1.64,49.9,12.1,0
2187,2025-08-27,MTY-MIL-06,2.05,46.5,9.5,0
2188,2025-08-27,MTY-PRS-01,3.33,62.6,11.4,0
2189,2025-08-27,MTY-PRS-02,2.9,61.3,9.6,0
2190,2025-08-27,MTY-PRS-03,2.96,63.1,12.1,0
2191,2025-08-27,MTY-RBT-01,1.08,44.7,11.3,0
2192,2025-08-27,MTY-RBT-02,1.2,40.6,12.9,0
2193,2025-08-28,BRN-GRD-01,1.51,50.0,14.3,0
2194,2025-08-28,BRN-LTH-01,1.85,48.9,12.9,0
2195,2025-08-28,BRN-LTH-02,1.65,52.6,13.2,0
2196,2025-08-28,BRN-LTH-03,1.97,53.6,8.4,0
2197,2025-08-28,BRN-MIL-01,1.71,48.2,12.1,1
2198,2025-08-28,BRN-MIL-02,1.34,48.6,13.7,0
2199,2025-08-28,BRN-MIL-03,2.0,47.7,14.0,0
2200,2025-08-28,BRN-MIL-04,1.93,46.6,7.7,1
2201,2025-08-28,BRN-MIL-05,1.71,44.2,9.2,1
2202,2025-08-28,BRN-MIL-06,2.07,55.7,15.3,1
2203,2025-08-28,BRN-PRS-01,3.02,60.4,12.5,0
2204,2025-08-28,BRN-PRS-02,3.58,53.7,12.2,1
2205,2025-08-28,BRN-PRS-03,2.81,57.2,6.3,0
2206,2025-08-28,BRN-RBT-01,1.24,47.7,15.9,0
2207,2025-08-28,BRN-RBT-02,1.53,48.1,9.3,1
2208,2025-08-28,DAY-GRD-01,1.98,51.1,11.8,0
2209,2025-08-28,DAY-LTH-01,2.18,45.0,5.9,0
2210,2025-08-28,DAY-LTH-02,1.57,52.3,11.1,0
2211,2025-08-28,DAY-LTH-03,2.05,53.2,11.5,0
2212,2025-08-28,DAY-LTH-04,2.64,67.8,11.3,1
2213,2025-08-28,DAY-LTH-05,1.77,51.0,8.7,0
2214,2025-08-28,DAY-MIL-01,1.6,49.9,13.5,0
2215,2025-08-28,DAY-MIL-02,1.46,52.4,12.0,0
2216,2025-08-28,DAY-MIL-03,1.44,48.5,9.2,0
2217,2025-08-28,DAY-MIL-04,1.89,51.3,14.7,0
2218,2025-08-28,DAY-MIL-05,1.82,56.4,15.3,0
2219,2025-08-28,DAY-MIL-06,1.74,51.4,10.4,0
2220,2025-08-28,DAY-MIL-07,1.81,45.4,13.6,0
2221,2025-08-28,DAY-PRS-01,2.35,59.1,8.4,0
2222,2025-08-28,DAY-PRS-02,2.61,58.3,4.8,0
2223,2025-08-28,DAY-PRS-03,2.83,53.6,11.9,1
2224,2025-08-28,DAY-PRS-04,2.35,61.2,10.8,0
2225,2025-08-28,DAY-RBT-01,1.26,41.7,9.0,0
2226,2025-08-28,DAY-RBT-02,1.41,50.4,12.3,0
2227,2025-08-28,DAY-RBT-03,1.05,46.3,12.6,1
2228,2025-08-28,MTY-GRD-01,1.16,46.9,10.6,0
2229,2025-08-28,MTY-GRD-02,1.55,57.3,13.7,2
2230,2025-08-28,MTY-LTH-01,2.1,53.7,9.8,0
2231,2025-08-28,MTY-LTH-02,1.76,49.3,2.6,0
2232,2025-08-28,MTY-LTH-03,1.49,53.1,10.9,0
2233,2025-08-28,MTY-LTH-04,2.38,52.9,11.4,0
2234,2025-08-28,MTY-LTH-05,2.06,53.0,11.7,2
2235,2025-08-28,MTY-MIL-01,1.27,51.5,9.8,0
2236,2025-08-28,MTY-MIL-02,1.8,48.1,9.2,0
2237,2025-08-28,MTY-MIL-03,2.03,49.7,14.8,0
2238,2025-08-28,MTY-MIL-04,1.79,48.1,11.7,0
2239,2025-08-28,MTY-MIL-05,1.55,52.6,13.0,0
2240,2025-08-28,MTY-MIL-06,2.09,46.6,9.3,0
2241,2025-08-28,MTY-PRS-01,3.44,64.7,15.1,0
2242,2025-08-28,MTY-PRS-02,2.78,61.5,13.3,0
2243,2025-08-28,MTY-PRS-03,3.2,60.9,13.9,0
2244,2025-08-28,MTY-RBT-01,1.22,44.9,13.3,0
2245,2025-08-28,MTY-RBT-02,1.32,40.5,12.3,0
2246,2025-08-29,BRN-GRD-01,1.21,46.6,10.5,0
2247,2025-08-29,BRN-LTH-01,1.62,45.1,7.4,0
2248,2025-08-29,BRN-LTH-02,1.56,48.4,7.7,0
2249,2025-08-29,BRN-LTH-03,2.42,53.3,11.4,1
2250,2025-08-29,BRN-MIL-01,1.71,47.1,13.4,0
2251,2025-08-29,BRN-MIL-02,1.4,48.3,11.4,0
2252,2025-08-29,BRN-MIL-03,1.55,44.8,6.7,0
2253,2025-08-29,BRN-MIL-04,1.86,45.5,10.9,4
2254,2025-08-29,BRN-MIL-05,1.68,47.7,11.8,0
2255,2025-08-29,BRN-MIL-06,1.94,49.7,9.3,4
2256,2025-08-29,BRN-PRS-01,3.07,62.0,12.1,0
2257,2025-08-29,BRN-PRS-02,3.11,55.0,6.9,0
2258,2025-08-29,BRN-PRS-03,2.87,54.2,9.4,0
2259,2025-08-29,BRN-RBT-01,1.22,44.6,11.9,0
2260,2025-08-29,BRN-RBT-02,1.62,49.6,13.3,1
2261,2025-08-29,DAY-GRD-01,1.89,50.2,12.1,0
2262,2025-08-29,DAY-LTH-01,2.13,47.8,15.2,0
2263,2025-08-29,DAY-LTH-02,1.78,55.3,15.0,1
2264,2025-08-29,DAY-LTH-03,2.19,52.6,11.9,0
2265,2025-08-29,DAY-LTH-04,1.99,54.2,4.5,4
2266,2025-08-29,DAY-LTH-05,1.85,51.7,7.8,0
2267,2025-08-29,DAY-MIL-01,1.66,50.1,15.4,2
2268,2025-08-29,DAY-MIL-02,1.54,53.8,11.9,0
2269,2025-08-29,DAY-MIL-03,1.58,52.2,13.3,0
2270,2025-08-29,DAY-MIL-04,1.51,47.1,11.1,0
2271,2025-08-29,DAY-MIL-05,1.79,51.4,11.8,0
2272,2025-08-29,DAY-MIL-06,1.71,50.7,9.6,0
2273,2025-08-29,DAY-MIL-07,1.93,47.7,14.4,0
2274,2025-08-29,DAY-PRS-01,2.68,60.1,9.5,0
2275,2025-08-29,DAY-PRS-02,2.66,58.5,8.7,1
2276,2025-08-29,DAY-PRS-03,2.62,53.2,11.6,1
2277,2025-08-29,DAY-PRS-04,2.19,57.3,8.4,0
2278,2025-08-29,DAY-RBT-01,1.19,42.6,10.3,0
2279,2025-08-29,DAY-RBT-02,1.36,47.5,10.8,0
2280,2025-08-29,DAY-RBT-03,0.92,47.8,11.6,0
2281,2025-08-29,MTY-GRD-01,1.3,43.9,8.6,0
2282,2025-08-29,MTY-GRD-02,1.67,59.5,14.8,2
2283,2025-08-29,MTY-LTH-01,1.99,54.0,11.7,0
2284,2025-08-29,MTY-LTH-02,1.88,48.1,11.5,0
2285,2025-08-29,MTY-LTH-03,1.75,51.8,12.2,1
2286,2025-08-29,MTY-LTH-04,2.12,51.7,10.3,1
2287,2025-08-29,MTY-LTH-05,2.01,52.6,10.9,0
2288,2025-08-29,MTY-MIL-01,1.36,53.0,8.7,1
2289,2025-08-29,MTY-MIL-02,1.72,49.0,10.9,1
2290,2025-08-29,MTY-MIL-03,1.61,47.0,9.2,0
2291,2025-08-29,MTY-MIL-04,1.71,48.4,9.1,0
2292,2025-08-29,MTY-MIL-05,1.69,47.7,10.3,0
2293,2025-08-29,MTY-MIL-06,2.09,47.1,12.3,1
2294,2025-08-29,MTY-PRS-01,3.41,63.2,11.3,0
2295,2025-08-29,MTY-PRS-02,2.71,62.7,9.3,0
2296,2025-08-29,MTY-PRS-03,3.41,62.2,13.3,0
2297,2025-08-29,MTY-RBT-01,1.24,47.1,16.0,1
2298,2025-08-29,MTY-RBT-02,1.4,39.7,13.0,0
2299,2025-09-01,BRN-GRD-01,1.42,49.2,13.9,0
2300,2025-09-01,BRN-LTH-01,1.73,45.2,9.6,1
2301,2025-09-01,BRN-LTH-02,1.74,50.9,11.3,1
2302,2025-09-01,BRN-LTH-03,2.47,54.1,11.0,0
2303,2025-09-01,BRN-MIL-01,1.85,47.1,15.0,0
2304,2025-09-01,BRN-MIL-02,1.27,47.4,12.5,0
2305,2025-09-01,BRN-MIL-03,2.04,47.6,12.6,0
2306,2025-09-01,BRN-MIL-04,1.96,47.6,10.7,1
2307,2025-09-01,BRN-MIL-05,1.76,47.4,11.8,0
2308,2025-09-01,BRN-MIL-06,2.34,56.1,13.1,1
2309,2025-09-01,BRN-PRS-01,2.58,59.9,8.0,0
2310,2025-09-01,BRN-PRS-02,3.41,53.5,11.9,0
2311,2025-09-01,BRN-PRS-03,2.94,53.0,9.8,0
2312,2025-09-01,BRN-RBT-01,1.15,42.7,8.8,0
2313,2025-09-01,BRN-RBT-02,1.73,50.9,13.0,1
2314,2025-09-01,MTY-GRD-01,1.23,45.9,9.2,0
2315,2025-09-01,MTY-GRD-02,1.52,59.6,12.8,2
2316,2025-09-01,MTY-LTH-01,2.28,54.1,12.3,0
2317,2025-09-01,MTY-LTH-02,1.89,48.2,11.5,0
2318,2025-09-01,MTY-LTH-03,2.06,53.3,15.3,0
2319,2025-09-01,MTY-LTH-04,2.4,51.6,10.1,0
2320,2025-09-01,MTY-LTH-05,2.09,51.3,9.2,0
2321,2025-09-01,MTY-MIL-01,1.41,51.8,9.4,0
2322,2025-09-01,MTY-MIL-02,1.74,48.0,10.6,0
2323,2025-09-01,MTY-MIL-03,1.98,51.9,14.3,0
2324,2025-09-01,MTY-MIL-04,1.83,52.6,14.4,0
2325,2025-09-01,MTY-MIL-05,1.59,52.2,10.8,0
2326,2025-09-01,MTY-MIL-06,1.95,48.1,11.2,0
2327,2025-09-01,MTY-PRS-01,3.7,62.8,11.8,0
2328,2025-09-01,MTY-PRS-02,3.01,62.7,13.7,0
2329,2025-09-01,MTY-PRS-03,3.33,62.9,12.9,0
2330,2025-09-01,MTY-RBT-01,1.36,44.9,12.8,1
2331,2025-09-01,MTY-RBT-02,1.16,41.8,15.5,0
2332,2025-09-02,BRN-GRD-01,1.34,47.2,10.8,0
2333,2025-09-02,BRN-LTH-01,1.82,46.5,12.7,1
2334,2025-09-02,BRN-LTH-02,1.62,51.2,12.5,0
2335,2025-09-02,BRN-LTH-03,2.23,56.4,13.2,0
2336,2025-09-02,BRN-MIL-01,1.71,46.1,13.0,0
2337,2025-09-02,BRN-MIL-02,1.18,48.6,10.4,1
2338,2025-09-02,BRN-MIL-03,1.91,51.3,15.0,1
2339,2025-09-02,BRN-MIL-04,1.93,48.2,15.2,2
2340,2025-09-02,BRN-MIL-05,1.77,48.0,12.9,1
2341,2025-09-02,BRN-MIL-06,2.25,54.0,11.1,7
2342,2025-09-02,BRN-PRS-01,3.19,63.8,15.0,0
2343,2025-09-02,BRN-PRS-02,2.83,51.7,7.8,0
2344,2025-09-02,BRN-PRS-03,3.15,58.1,12.8,0
2345,2025-09-02,BRN-RBT-01,1.14,45.0,11.9,0
2346,2025-09-02,BRN-RBT-02,1.75,50.5,13.0,2
2347,2025-09-02,DAY-GRD-01,1.93,49.9,10.5,0
2348,2025-09-02,DAY-LTH-01,1.99,44.7,10.8,0
2349,2025-09-02,DAY-LTH-02,1.69,50.7,10.0,0
2350,2025-09-02,DAY-LTH-03,2.17,53.5,10.9,0
2351,2025-09-02,DAY-LTH-04,1.78,54.4,11.8,0
2352,2025-09-02,DAY-LTH-05,1.95,52.8,11.7,0
2353,2025-09-02,DAY-MIL-01,1.78,47.1,11.7,0
2354,2025-09-02,DAY-MIL-02,1.6,55.3,13.8,1
2355,2025-09-02,DAY-MIL-03,1.29,48.9,8.2,0
2356,2025-09-02,DAY-MIL-04,1.6,46.9,11.5,0
2357,2025-09-02,DAY-MIL-05,1.83,53.9,11.9,0
2358,2025-09-02,DAY-MIL-06,1.65,53.2,9.3,1
2359,2025-09-02,DAY-MIL-07,1.78,46.1,11.6,0
2360,2025-09-02,DAY-PRS-01,2.62,60.0,11.0,0
2361,2025-09-02,DAY-PRS-02,3.02,64.3,14.2,1
2362,2025-09-02,DAY-PRS-03,3.02,53.0,9.0,0
2363,2025-09-02,DAY-PRS-04,2.4,58.2,11.8,0
2364,2025-09-02,DAY-RBT-01,0.99,41.6,12.2,1
2365,2025-09-02,DAY-RBT-02,1.46,50.5,12.2,0
2366,2025-09-02,DAY-RBT-03,0.95,45.8,9.2,0
2367,2025-09-02,MTY-GRD-01,1.34,46.3,11.1,0
2368,2025-09-02,MTY-GRD-02,1.62,57.8,7.6,0
2369,2025-09-02,MTY-LTH-01,2.27,55.5,11.8,0
2370,2025-09-02,MTY-LTH-02,1.79,47.8,10.4,0
2371,2025-09-02,MTY-LTH-03,1.67,49.0,8.3,0
2372,2025-09-02,MTY-LTH-04,2.28,51.2,12.3,0
2373,2025-09-02,MTY-LTH-05,1.94,53.1,10.1,1
2374,2025-09-02,MTY-MIL-01,1.4,57.1,14.5,0
2375,2025-09-02,MTY-MIL-02,2.19,49.7,14.7,0
2376,2025-09-02,MTY-MIL-03,1.63,50.7,10.7,0
2377,2025-09-02,MTY-MIL-04,1.76,50.9,12.0,0
2378,2025-09-02,MTY-MIL-05,1.68,51.4,11.7,0
2379,2025-09-02,MTY-MIL-06,2.21,48.5,13.1,0
2380,2025-09-02,MTY-PRS-01,3.27,63.5,12.8,0
2381,2025-09-02,MTY-PRS-02,2.72,63.6,10.3,0
2382,2025-09-02,MTY-PRS-03,3.14,61.8,11.9,0
2383,2025-09-02,MTY-RBT-01,1.11,45.2,12.9,0
2384,2025-09-02,MTY-RBT-02,1.13,39.4,8.2,0
2385,2025-09-03,BRN-GRD-01,1.29,43.7,7.6,0
2386,2025-09-03,BRN-LTH-01,1.74,48.6,11.8,0
2387,2025-09-03,BRN-LTH-02,1.69,50.9,12.8,0
2388,2025-09-03,BRN-LTH-03,2.25,52.9,12.2,0
2389,2025-09-03,BRN-MIL-01,1.84,49.2,15.2,0
2390,2025-09-03,BRN-MIL-02,1.44,46.4,11.4,0
2391,2025-09-03,BRN-MIL-03,1.72,48.9,11.8,0
2392,2025-09-03,BRN-MIL-04,2.05,47.3,12.2,1
2393,2025-09-03,BRN-MIL-05,1.87,48.0,11.7,0
2394,2025-09-03,BRN-MIL-06,1.61,46.4,3.2,3
2395,2025-09-03,BRN-PRS-01,3.08,60.5,12.5,0
2396,2025-09-03,BRN-PRS-02,3.66,54.2,11.7,0
2397,2025-09-03,BRN-PRS-03,3.01,56.1,11.3,0
2398,2025-09-03,BRN-RBT-01,1.07,44.3,11.0,0
2399,2025-09-03,BRN-RBT-02,1.72,49.8,11.5,3
2400,2025-09-03,DAY-GRD-01,1.92,51.3,12.0,0
2401,2025-09-03,DAY-LTH-01,1.81,43.8,8.7,0
2402,2025-09-03,DAY-LTH-02,1.66,50.0,7.9,0
2403,2025-09-03,DAY-LTH-03,2.05,53.3,13.8,2
2404,2025-09-03,DAY-LTH-04,2.02,55.3,12.9,0
2405,2025-09-03,DAY-LTH-05,2.03,56.3,15.3,0
2406,2025-09-03,DAY-MIL-01,1.7,49.4,11.1,0
2407,2025-09-03,DAY-MIL-02,1.51,52.5,11.8,0
2408,2025-09-03,DAY-MIL-03,1.57,50.4,12.0,0
2409,2025-09-03,DAY-MIL-04,1.49,48.0,9.2,0
2410,2025-09-03,DAY-MIL-05,1.68,53.1,10.5,0
2411,2025-09-03,DAY-MIL-06,1.57,54.2,7.4,0
2412,2025-09-03,DAY-MIL-07,1.69,45.6,9.3,1
2413,2025-09-03,DAY-PRS-01,2.73,62.2,11.3,0
2414,2025-09-03,DAY-PRS-02,2.56,60.5,11.6,0
2415,2025-09-03,DAY-PRS-03,2.57,51.4,8.3,0
2416,2025-09-03,DAY-PRS-04,2.18,60.1,11.6,0
2417,2025-09-03,DAY-RBT-01,1.1,39.3,11.6,0
2418,2025-09-03,DAY-RBT-02,1.35,46.7,10.2,0
2419,2025-09-03,DAY-RBT-03,1.08,46.4,12.1,0
2420,2025-09-03,MTY-GRD-01,1.28,48.4,13.5,0
2421,2025-09-03,MTY-GRD-02,1.67,59.8,12.0,1
2422,2025-09-03,MTY-LTH-01,2.09,53.9,10.8,0
2423,2025-09-03,MTY-LTH-02,1.91,46.9,11.4,0
2424,2025-09-03,MTY-LTH-03,1.57,49.8,9.4,0
2425,2025-09-03,MTY-LTH-04,2.33,53.2,12.8,0
2426,2025-09-03,MTY-LTH-05,2.09,54.3,11.9,0
2427,2025-09-03,MTY-MIL-01,1.4,51.2,9.7,1
2428,2025-09-03,MTY-MIL-02,1.79,49.0,12.2,0
2429,2025-09-03,MTY-MIL-03,1.85,48.6,9.1,0
2430,2025-09-03,MTY-MIL-04,1.69,51.5,15.2,2
2431,2025-09-03,MTY-MIL-05,1.71,52.4,14.6,0
2432,2025-09-03,MTY-MIL-06,2.06,46.6,10.2,0
2433,2025-09-03,MTY-PRS-01,3.37,62.7,12.2,1
2434,2025-09-03,MTY-PRS-02,2.88,63.5,14.2,0
2435,2025-09-03,MTY-PRS-03,3.58,63.6,14.6,0
2436,2025-09-03,MTY-RBT-01,1.19,43.7,11.5,0
2437,2025-09-03,MTY-RBT-02,1.13,36.7,8.4,0
2438,2025-09-04,BRN-GRD-01,1.29,49.8,10.4,0
2439,2025-09-04,BRN-LTH-01,1.99,49.1,13.8,0
2440,2025-09-04,BRN-LTH-02,1.76,52.1,12.8,0
2441,2025-09-04,BRN-LTH-03,2.46,52.6,12.4,1
2442,2025-09-04,BRN-MIL-01,1.89,47.9,14.7,0
2443,2025-09-04,BRN-MIL-02,1.41,44.1,5.2,0
2444,2025-09-04,BRN-MIL-03,2.03,47.1,13.5,1
2445,2025-09-04,BRN-MIL-04,1.92,46.1,11.5,0
2446,2025-09-04,BRN-MIL-05,1.9,43.9,7.5,1
2447,2025-09-04,BRN-MIL-06,1.53,46.1,11.2,0
2448,2025-09-04,BRN-PRS-01,3.01,63.7,12.8,0
2449,2025-09-04,BRN-PRS-02,2.9,55.4,9.7,0
2450,2025-09-04,BRN-PRS-03,3.24,55.0,11.3,1
2451,2025-09-04,BRN-RBT-01,1.08,40.8,10.0,0
2452,2025-09-04,BRN-RBT-02,1.61,47.3,6.4,2
2453,2025-09-04,DAY-GRD-01,2.02,50.0,11.2,0
2454,2025-09-04,DAY-LTH-01,1.82,42.7,6.7,0
2455,2025-09-04,DAY-LTH-02,1.63,50.0,8.8,0
2456,2025-09-04,DAY-LTH-03,1.88,52.4,11.2,0
2457,2025-09-04,DAY-LTH-04,2.26,55.1,11.2,0
2458,2025-09-04,DAY-LTH-05,2.08,54.8,13.8,0
2459,2025-09-04,DAY-MIL-01,1.35,46.1,9.0,0
2460,2025-09-04,DAY-MIL-02,1.44,51.7,9.8,3
2461,2025-09-04,DAY-MIL-03,1.46,49.2,11.5,1
2462,2025-09-04,DAY-MIL-04,1.49,45.4,8.6,0
2463,2025-09-04,DAY-MIL-05,2.01,54.1,13.4,0
2464,2025-09-04,DAY-MIL-06,1.8,54.7,12.5,0
2465,2025-09-04,DAY-MIL-07,1.96,45.5,11.2,0
2466,2025-09-04,DAY-PRS-01,2.74,60.7,12.4,0
2467,2025-09-04,DAY-PRS-02,2.74,62.3,12.4,1
2468,2025-09-04,DAY-PRS-03,2.84,53.4,11.5,2
2469,2025-09-04,DAY-PRS-04,2.13,62.5,11.6,1
2470,2025-09-04,DAY-RBT-01,1.13,43.1,14.7,0
2471,2025-09-04,DAY-RBT-02,1.5,50.7,12.0,0
2472,2025-09-04,DAY-RBT-03,0.96,47.0,9.6,0
2473,2025-09-04,MTY-GRD-01,1.34,44.5,9.6,0
2474,2025-09-04,MTY-GRD-02,1.61,58.2,11.6,2
2475,2025-09-04,MTY-LTH-01,2.27,55.8,14.4,0
2476,2025-09-04,MTY-LTH-02,1.88,48.2,12.4,0
2477,2025-09-04,MTY-LTH-03,1.83,53.3,12.1,0
2478,2025-09-04,MTY-LTH-04,2.15,52.0,10.3,0
2479,2025-09-04,MTY-LTH-05,1.92,52.2,9.5,0
2480,2025-09-04,MTY-MIL-01,1.38,56.0,11.7,0
2481,2025-09-04,MTY-MIL-02,1.9,48.5,9.9,0
2482,2025-09-04,MTY-MIL-03,1.67,47.2,8.1,1
2483,2025-09-04,MTY-MIL-04,1.74,52.2,12.6,0
2484,2025-09-04,MTY-MIL-05,1.52,50.0,11.2,0
2485,2025-09-04,MTY-MIL-06,1.88,47.2,9.8,0
2486,2025-09-04,MTY-PRS-01,3.62,61.7,11.4,0
2487,2025-09-04,MTY-PRS-02,2.88,61.6,12.4,0
2488,2025-09-04,MTY-PRS-03,3.48,63.7,12.0,1
2489,2025-09-04,MTY-RBT-01,1.32,47.8,13.9,0
2490,2025-09-04,MTY-RBT-02,1.23,37.7,11.3,0
2491,2025-09-05,BRN-GRD-01,1.39,49.6,11.7,0
2492,2025-09-05,BRN-LTH-01,1.99,46.9,10.1,0
2493,2025-09-05,BRN-LTH-02,1.6,51.0,11.1,0
2494,2025-09-05,BRN-LTH-03,2.09,53.4,9.4,0
2495,2025-09-05,BRN-MIL-01,1.58,48.1,12.5,0
2496,2025-09-05,BRN-MIL-02,1.35,49.4,12.8,0
2497,2025-09-05,BRN-MIL-03,1.74,46.9,10.5,0
2498,2025-09-05,BRN-MIL-04,1.84,48.8,11.9,0
2499,2025-09-05,BRN-MIL-05,1.9,49.2,10.2,4
2500,2025-09-05,BRN-MIL-06,1.41,47.0,10.2,0
2501,2025-09-05,BRN-PRS-01,3.12,60.8,10.9,0
2502,2025-09-05,BRN-PRS-02,3.21,55.0,12.2,0
2503,2025-09-05,BRN-PRS-03,3.27,56.8,13.3,0
2504,2025-09-05,BRN-RBT-01,1.13,44.7,11.2,0
2505,2025-09-05,BRN-RBT-02,1.86,48.9,8.4,1
2506,2025-09-05,DAY-GRD-01,2.16,48.0,11.8,0
2507,2025-09-05,DAY-LTH-01,1.96,44.2,13.1,1
2508,2025-09-05,DAY-LTH-02,1.86,53.5,14.3,0
2509,2025-09-05,DAY-LTH-03,2.08,51.4,9.8,0
2510,2025-09-05,DAY-LTH-04,2.05,56.0,12.0,0
2511,2025-09-05,DAY-LTH-05,2.02,52.7,12.8,2
2512,2025-09-05,DAY-MIL-01,1.59,46.4,9.1,0
2513,2025-09-05,DAY-MIL-02,1.6,52.9,13.1,0
2514,2025-09-05,DAY-MIL-03,1.42,49.0,9.0,0
2515,2025-09-05,DAY-MIL-04,1.75,49.0,11.3,0
2516,2025-09-05,DAY-MIL-05,1.76,52.9,4.9,0
2517,2025-09-05,DAY-MIL-06,1.72,54.1,10.7,0
2518,2025-09-05,DAY-MIL-07,1.94,47.3,15.4,0
2519,2025-09-05,DAY-PRS-01,2.74,63.0,14.0,0
2520,2025-09-05,DAY-PRS-02,2.78,61.8,9.8,0
2521,2025-09-05,DAY-PRS-03,3.01,53.2,12.2,0
2522,2025-09-05,DAY-PRS-04,2.56,59.9,14.3,0
2523,2025-09-05,DAY-RBT-01,1.02,41.0,10.7,1
2524,2025-09-05,DAY-RBT-02,1.58,50.7,13.9,0
2525,2025-09-05,DAY-RBT-03,0.97,47.1,11.0,0
2526,2025-09-05,MTY-GRD-01,1.3,46.8,13.5,0
2527,2025-09-05,MTY-GRD-02,1.72,61.3,13.5,5
2528,2025-09-05,MTY-LTH-01,2.02,51.2,8.8,1
2529,2025-09-05,MTY-LTH-02,1.9,47.2,11.1,1
2530,2025-09-05,MTY-LTH-03,1.79,52.3,10.4,1
2531,2025-09-05,MTY-LTH-04,2.15,52.1,13.0,0
2532,2025-09-05,MTY-LTH-05,1.95,50.1,8.1,0
2533,2025-09-05,MTY-MIL-01,1.41,52.2,9.2,0
2534,2025-09-05,MTY-MIL-02,1.83,48.7,10.2,0
2535,2025-09-05,MTY-MIL-03,1.73,46.0,9.1,0
2536,2025-09-05,MTY-MIL-04,1.62,50.2,11.4,0
2537,2025-09-05,MTY-MIL-05,1.66,51.3,10.4,0
2538,2025-09-05,MTY-MIL-06,2.08,47.8,13.2,0
2539,2025-09-05,MTY-PRS-01,3.5,67.3,13.8,0
2540,2025-09-05,MTY-PRS-02,2.62,60.5,10.7,0
2541,2025-09-05,MTY-PRS-03,3.51,60.5,7.3,0
2542,2025-09-05,MTY-RBT-01,1.22,46.0,12.0,0
2543,2025-09-05,MTY-RBT-02,1.22,40.4,12.4,0
2544,2025-09-08,BRN-GRD-01,1.36,47.5,13.1,0
2545,2025-09-08,BRN-LTH-01,1.79,46.2,9.8,0
2546,2025-09-08,BRN-LTH-02,1.73,49.3,11.2,0
2547,2025-09-08,BRN-LTH-03,2.01,53.2,12.1,0
2548,2025-09-08,BRN-MIL-01,1.69,48.5,11.7,0
2549,2025-09-08,BRN-MIL-02,1.4,48.1,11.5,0
2550,2025-09-08,BRN-MIL-03,1.78,46.7,9.6,0
2551,2025-09-08,BRN-MIL-04,2.13,46.7,13.3,0
2552,2025-09-08,BRN-MIL-05,2.03,51.0,12.7,1
2553,2025-09-08,BRN-MIL-06,1.47,47.6,12.1,0
2554,2025-09-08,BRN-PRS-01,3.08,60.4,11.9,0
2555,2025-09-08,BRN-PRS-02,3.01,54.9,11.1,1
2556,2025-09-08,BRN-PRS-03,2.78,56.1,11.3,0
2557,2025-09-08,BRN-RBT-01,1.24,46.3,13.6,0
2558,2025-09-08,BRN-RBT-02,2.08,54.3,14.3,2
2559,2025-09-08,DAY-GRD-01,2.4,51.7,13.4,0
2560,2025-09-08,DAY-LTH-01,2.06,45.4,10.4,1
2561,2025-09-08,DAY-LTH-02,1.64,52.4,11.2,0
2562,2025-09-08,DAY-LTH-03,1.96,51.4,12.2,0
2563,2025-09-08,DAY-LTH-04,2.01,54.4,11.7,0
2564,2025-09-08,DAY-LTH-05,2.0,54.0,11.8,0
2565,2025-09-08,DAY-MIL-01,1.45,49.1,11.6,0
2566,2025-09-08,DAY-MIL-02,1.59,52.0,11.4,0
2567,2025-09-08,DAY-MIL-03,1.82,53.5,15.3,0
2568,2025-09-08,DAY-MIL-04,1.54,47.4,12.9,0
2569,2025-09-08,DAY-MIL-05,1.89,53.1,14.2,0
2570,2025-09-08,DAY-MIL-06,1.67,54.4,11.0,0
2571,2025-09-08,DAY-MIL-07,1.76,45.0,10.7,0
2572,2025-09-08,DAY-PRS-01,2.81,63.3,13.9,1
2573,2025-09-08,DAY-PRS-02,2.68,62.7,11.6,0
2574,2025-09-08,DAY-PRS-03,2.77,53.8,11.3,1
2575,2025-09-08,DAY-PRS-04,2.39,59.6,10.6,0
2576,2025-09-08,DAY-RBT-01,0.95,39.1,9.6,0
2577,2025-09-08,DAY-RBT-02,1.36,49.0,12.0,0
2578,2025-09-08,DAY-RBT-03,1.0,45.2,11.3,0
2579,2025-09-08,MTY-GRD-01,1.43,49.4,16.0,0
2580,2025-09-08,MTY-GRD-02,1.72,63.2,11.5,4
2581,2025-09-08,MTY-LTH-01,1.99,53.9,10.1,1
2582,2025-09-08,MTY-LTH-02,2.01,49.9,15.1,0
2583,2025-09-08,MTY-LTH-03,1.72,51.2,9.7,0
2584,2025-09-08,MTY-LTH-04,2.34,54.2,14.7,0
2585,2025-09-08,MTY-LTH-05,1.75,53.1,11.4,0
2586,2025-09-08,MTY-MIL-01,1.26,52.2,10.5,0
2587,2025-09-08,MTY-MIL-02,1.98,49.6,13.6,0
2588,2025-09-08,MTY-MIL-03,1.84,51.2,13.6,0
2589,2025-09-08,MTY-MIL-04,1.82,51.7,12.1,0
2590,2025-09-08,MTY-MIL-05,1.69,50.1,13.1,0
2591,2025-09-08,MTY-MIL-06,2.02,50.1,13.6,0
2592,2025-09-08,MTY-PRS-01,3.39,65.1,11.8,0
2593,2025-09-08,MTY-PRS-02,2.92,60.0,10.3,0
2594,2025-09-08,MTY-PRS-03,4.06,60.9,12.1,1
2595,2025-09-08,MTY-RBT-01,1.37,47.0,13.3,0
2596,2025-09-08,MTY-RBT-02,1.32,40.2,13.8,0
2597,2025-09-09,BRN-GRD-01,1.31,47.6,9.7,0
2598,2025-09-09,BRN-LTH-01,1.95,48.0,12.0,0
2599,2025-09-09,BRN-LTH-02,1.89,51.5,13.8,0
2600,2025-09-09,BRN-LTH-03,2.18,55.0,10.1,1
2601,2025-09-09,BRN-MIL-01,1.67,46.6,12.0,0
2602,2025-09-09,BRN-MIL-02,1.26,45.0,7.0,0
2603,2025-09-09,BRN-MIL-03,1.7,47.0,10.7,0
2604,2025-09-09,BRN-MIL-04,2.1,46.3,10.2,0
2605,2025-09-09,BRN-MIL-05,2.05,48.8,9.8,8
2606,2025-09-09,BRN-MIL-06,1.4,45.6,8.8,0
2607,2025-09-09,BRN-PRS-01,3.09,60.2,11.2,2
2608,2025-09-09,BRN-PRS-02,3.39,55.7,12.5,1
2609,2025-09-09,BRN-PRS-03,3.04,56.8,11.9,0
2610,2025-09-09,BRN-RBT-01,1.24,44.2,12.9,0
2611,2025-09-09,BRN-RBT-02,2.22,52.4,13.5,5
2612,2025-09-09,DAY-GRD-01,2.06,50.6,11.8,0
2613,2025-09-09,DAY-LTH-01,2.19,48.3,16.0,2
2614,2025-09-09,DAY-LTH-02,1.7,52.6,11.7,0
2615,2025-09-09,DAY-LTH-03,2.01,53.1,11.0,0
2616,2025-09-09,DAY-LTH-04,2.09,54.8,10.0,0
2617,2025-09-09,DAY-LTH-05,1.84,48.9,6.4,1
2618,2025-09-09,DAY-MIL-01,1.63,47.8,12.4,0
2619,2025-09-09,DAY-MIL-02,1.47,50.3,12.1,0
2620,2025-09-09,DAY-MIL-03,1.64,50.5,11.8,0
2621,2025-09-09,DAY-MIL-04,1.59,45.5,9.5,0
2622,2025-09-09,DAY-MIL-05,1.67,51.0,9.3,0
2623,2025-09-09,DAY-MIL-06,2.0,55.8,13.4,0
2624,2025-09-09,DAY-MIL-07,1.89,46.8,11.8,0
2625,2025-09-09,DAY-PRS-01,2.9,59.9,9.7,1
2626,2025-09-09,DAY-PRS-02,2.97,62.0,12.0,0
2627,2025-09-09,DAY-PRS-03,3.14,53.6,13.3,0
2628,2025-09-09,DAY-PRS-04,2.07,57.9,11.7,1
2629,2025-09-09,DAY-RBT-01,0.89,39.2,6.2,0
2630,2025-09-09,DAY-RBT-02,1.25,44.3,7.3,0
2631,2025-09-09,DAY-RBT-03,1.09,48.2,13.3,0
2632,2025-09-09,MTY-GRD-01,1.25,46.3,10.1,0
2633,2025-09-09,MTY-GRD-02,1.73,62.0,11.1,3
2634,2025-09-09,MTY-LTH-01,2.21,56.1,13.2,0
2635,2025-09-09,MTY-LTH-02,1.89,46.6,7.0,0
2636,2025-09-09,MTY-LTH-03,1.71,54.2,12.1,0
2637,2025-09-09,MTY-LTH-04,2.45,52.6,12.0,0
2638,2025-09-09,MTY-LTH-05,1.99,52.5,10.1,0
2639,2025-09-09,MTY-MIL-01,1.34,51.4,7.9,0
2640,2025-09-09,MTY-MIL-02,1.81,51.0,13.5,0
2641,2025-09-09,MTY-MIL-03,1.75,50.0,10.4,1
2642,2025-09-09,MTY-MIL-04,1.66,49.8,11.2,0
2643,2025-09-09,MTY-MIL-05,1.71,50.0,11.1,0
2644,2025-09-09,MTY-MIL-06,2.1,46.3,9.7,0
2645,2025-09-09,MTY-PRS-01,3.7,65.4,13.6,0
2646,2025-09-09,MTY-PRS-02,2.79,63.0,12.2,0
2647,2025-09-09,MTY-PRS-03,4.14,64.1,11.7,0
2648,2025-09-09,MTY-RBT-01,1.2,43.7,10.5,0
2649,2025-09-09,MTY-RBT-02,1.3,41.8,13.9,0
2650,2025-09-10,BRN-GRD-01,1.36,49.4,12.7,0
2651,2025-09-10,BRN-LTH-01,1.92,46.5,12.0,0
2652,2025-09-10,BRN-LTH-02,1.7,50.9,13.4,1
2653,2025-09-10,BRN-LTH-03,2.22,56.0,11.2,0
2654,2025-09-10,BRN-MIL-01,1.55,46.0,12.0,0
2655,2025-09-10,BRN-MIL-02,1.35,49.2,11.2,0
2656,2025-09-10,BRN-MIL-03,1.63,46.0,9.6,0
2657,2025-09-10,BRN-MIL-04,2.2,46.1,10.0,1
2658,2025-09-10,BRN-MIL-05,2.17,54.9,15.2,6
2659,2025-09-10,BRN-MIL-06,1.63,48.2,13.9,0
2660,2025-09-10,BRN-PRS-01,2.68,60.2,9.9,0
2661,2025-09-10,BRN-PRS-02,3.37,54.3,8.9,0
2662,2025-09-10,BRN-PRS-03,3.18,55.3,10.2,0
2663,2025-09-10,BRN-RBT-01,1.23,44.4,12.5,0
2664,2025-09-10,BRN-RBT-02,1.79,50.7,9.2,5
2665,2025-09-10,DAY-GRD-01,2.07,50.0,12.6,0
2666,2025-09-10,DAY-LTH-01,2.09,47.4,13.2,0
2667,2025-09-10,DAY-LTH-02,1.84,51.2,13.7,0
2668,2025-09-10,DAY-LTH-03,1.84,51.9,9.0,0
2669,2025-09-10,DAY-LTH-04,1.91,52.8,10.5,0
2670,2025-09-10,DAY-LTH-05,2.03,53.7,10.6,0
2671,2025-09-10,DAY-MIL-01,1.74,48.2,14.4,0
2672,2025-09-10,DAY-MIL-02,1.62,51.3,11.1,0
2673,2025-09-10,DAY-MIL-03,1.53,48.4,10.6,0
2674,2025-09-10,DAY-MIL-04,1.78,49.3,11.4,0
2675,2025-09-10,DAY-MIL-05,1.74,52.6,11.9,0
2676,2025-09-10,DAY-MIL-06,1.93,56.2,15.3,0
2677,2025-09-10,DAY-MIL-07,1.85,45.4,12.0,0
2678,2025-09-10,DAY-PRS-01,2.98,60.4,7.9,1
2679,2025-09-10,DAY-PRS-02,2.74,61.7,12.3,0
2680,2025-09-10,DAY-PRS-03,2.49,54.7,13.0,0
2681,2025-09-10,DAY-PRS-04,2.09,57.7,8.2,0
2682,2025-09-10,DAY-RBT-01,1.03,42.0,11.8,0
2683,2025-09-10,DAY-RBT-02,1.36,50.0,10.0,0
2684,2025-09-10,DAY-RBT-03,0.96,46.4,11.9,1
2685,2025-09-10,MTY-GRD-01,1.47,48.0,15.8,0
2686,2025-09-10,MTY-GRD-02,1.25,50.3,2.4,3
2687,2025-09-10,MTY-LTH-01,1.93,50.9,7.5,0
2688,2025-09-10,MTY-LTH-02,1.85,47.2,9.8,0
2689,2025-09-10,MTY-LTH-03,1.61,49.7,7.5,0
2690,2025-09-10,MTY-LTH-04,2.29,54.2,12.9,1
2691,2025-09-10,MTY-LTH-05,1.89,53.1,10.7,0
2692,2025-09-10,MTY-MIL-01,1.44,51.9,10.7,0
2693,2025-09-10,MTY-MIL-02,2.08,50.1,13.9,0
2694,2025-09-10,MTY-MIL-03,1.88,49.8,14.1,1
2695,2025-09-10,MTY-MIL-04,1.76,49.2,11.3,0
2696,2025-09-10,MTY-MIL-05,1.51,51.0,11.4,0
2697,2025-09-10,MTY-MIL-06,2.04,51.0,14.1,1
2698,2025-09-10,MTY-PRS-01,3.38,61.7,10.7,0
2699,2025-09-10,MTY-PRS-02,2.66,60.9,9.9,0
2700,2025-09-10,MTY-PRS-03,4.11,61.4,10.8,1
2701,2025-09-10,MTY-RBT-01,1.14,45.1,11.3,0
2702,2025-09-10,MTY-RBT-02,1.1,38.8,7.9,0
2703,2025-09-11,BRN-GRD-01,1.52,51.2,15.1,0
2704,2025-09-11,BRN-LTH-01,1.93,49.2,11.6,0
2705,2025-09-11,BRN-LTH-02,1.57,49.0,9.1,0
2706,2025-09-11,BRN-LTH-03,2.49,52.7,10.5,1
2707,2025-09-11,BRN-MIL-01,1.8,47.6,11.2,0
2708,2025-09-11,BRN-MIL-02,1.33,50.0,12.5,0
2709,2025-09-11,BRN-MIL-03,1.74,44.8,7.5,0
2710,2025-09-11,BRN-MIL-04,2.44,46.3,11.8,1
2711,2025-09-11,BRN-MIL-05,2.1,49.8,10.7,4
2712,2025-09-11,BRN-MIL-06,1.47,49.1,11.8,0
2713,2025-09-11,BRN-PRS-01,2.88,64.0,12.7,0
2714,2025-09-11,BRN-PRS-02,3.26,53.5,9.6,0
2715,2025-09-11,BRN-PRS-03,2.99,57.5,14.3,1
2716,2025-09-11,BRN-RBT-01,1.25,46.6,13.1,0
2717,2025-09-11,BRN-RBT-02,2.02,51.3,10.1,9
2718,2025-09-11,DAY-GRD-01,2.19,51.1,14.0,0
2719,2025-09-11,DAY-LTH-01,2.03,45.8,12.7,0
2720,2025-09-11,DAY-LTH-02,1.86,51.1,12.1,0
2721,2025-09-11,DAY-LTH-03,2.18,52.1,10.7,0
2722,2025-09-11,DAY-LTH-04,2.28,57.4,16.0,0
2723,2025-09-11,DAY-LTH-05,2.14,56.0,16.0,1
2724,2025-09-11,DAY-MIL-01,1.66,48.9,11.6,0
2725,2025-09-11,DAY-MIL-02,1.49,50.7,11.2,0
2726,2025-09-11,DAY-MIL-03,1.81,50.6,12.1,0
2727,2025-09-11,DAY-MIL-04,1.61,46.1,9.3,0
2728,2025-09-11,DAY-MIL-05,1.72,51.7,11.4,1
2729,2025-09-11,DAY-MIL-06,1.78,55.0,11.0,0
2730,2025-09-11,DAY-MIL-07,1.78,43.9,7.7,0
2731,2025-09-11,DAY-PRS-01,3.42,63.1,11.4,0
2732,2025-09-11,DAY-PRS-02,2.8,61.5,13.2,0
2733,2025-09-11,DAY-PRS-03,2.93,54.0,12.3,0
2734,2025-09-11,DAY-PRS-04,2.45,61.1,13.9,1
2735,2025-09-11,DAY-RBT-01,0.97,41.9,9.8,0
2736,2025-09-11,DAY-RBT-02,1.29,49.8,8.3,0
2737,2025-09-11,DAY-RBT-03,0.97,46.6,11.4,0
2738,2025-09-11,MTY-GRD-01,1.16,45.8,9.3,0
2739,2025-09-11,MTY-GRD-02,1.22,48.3,13.5,0
2740,2025-09-11,MTY-LTH-01,2.19,52.5,12.5,0
2741,2025-09-11,MTY-LTH-02,1.74,50.5,13.3,1
2742,2025-09-11,MTY-LTH-03,1.77,51.8,9.1,0
2743,2025-09-11,MTY-LTH-04,2.02,52.9,9.1,0
2744,2025-09-11,MTY-LTH-05,2.04,52.5,10.3,0
2745,2025-09-11,MTY-MIL-01,1.42,53.4,10.6,0
2746,2025-09-11,MTY-MIL-02,1.98,49.4,12.7,0
2747,2025-09-11,MTY-MIL-03,1.69,48.0,10.1,0
2748,2025-09-11,MTY-MIL-04,1.74,50.3,8.4,0
2749,2025-09-11,MTY-MIL-05,1.45,51.1,9.5,0
2750,2025-09-11,MTY-MIL-06,2.04,45.5,10.1,0
2751,2025-09-11,MTY-PRS-01,3.51,63.3,10.5,0
2752,2025-09-11,MTY-PRS-02,2.59,60.8,8.5,0
2753,2025-09-11,MTY-PRS-03,4.61,64.5,13.4,0
2754,2025-09-11,MTY-RBT-01,1.13,44.8,13.2,0
2755,2025-09-11,MTY-RBT-02,1.18,36.8,9.7,0
2756,2025-09-12,BRN-GRD-01,1.4,47.4,10.5,1
2757,2025-09-12,BRN-LTH-01,1.78,46.4,10.2,0
2758,2025-09-12,BRN-LTH-02,1.43,49.1,2.0,0
2759,2025-09-12,BRN-LTH-03,2.07,51.6,8.4,0
2760,2025-09-12,BRN-MIL-01,1.7,48.0,13.3,0
2761,2025-09-12,BRN-MIL-02,1.25,46.5,10.0,0
2762,2025-09-12,BRN-MIL-03,1.93,49.6,13.4,0
2763,2025-09-12,BRN-MIL-04,2.55,44.4,9.7,0
2764,2025-09-12,BRN-MIL-05,2.32,52.5,12.1,3
2765,2025-09-12,BRN-MIL-06,1.42,47.6,12.1,0
2766,2025-09-12,BRN-PRS-01,2.95,61.2,9.5,0
2767,2025-09-12,BRN-PRS-02,3.08,52.5,7.6,0
2768,2025-09-12,BRN-PRS-03,2.93,58.6,11.4,0
2769,2025-09-12,BRN-RBT-01,1.17,42.6,7.7,0
2770,2025-09-12,BRN-RBT-02,2.2,54.5,14.0,1
2771,2025-09-12,DAY-GRD-01,2.08,48.7,10.4,0
2772,2025-09-12,DAY-LTH-01,1.93,43.5,9.4,0
2773,2025-09-12,DAY-LTH-02,1.68,49.7,10.3,0
2774,2025-09-12,DAY-LTH-03,2.14,50.7,12.3,0
2775,2025-09-12,DAY-LTH-04,2.15,56.7,12.6,0
2776,2025-09-12,DAY-LTH-05,2.17,53.6,13.9,0
2777,2025-09-12,DAY-MIL-01,1.6,50.3,13.1,0
2778,2025-09-12,DAY-MIL-02,1.72,52.5,13.5,0
2779,2025-09-12,DAY-MIL-03,1.79,52.8,12.5,0
2780,2025-09-12,DAY-MIL-04,1.78,46.7,7.7,0
2781,2025-09-12,DAY-MIL-05,1.76,52.7,12.4,0
2782,2025-09-12,DAY-MIL-06,1.91,53.2,11.2,0
2783,2025-09-12,DAY-MIL-07,2.0,45.0,12.4,1
2784,2025-09-12,DAY-PRS-01,3.75,64.1,11.6,1
2785,2025-09-12,DAY-PRS-02,2.6,59.5,9.6,0
2786,2025-09-12,DAY-PRS-03,2.93,54.6,13.7,0
2787,2025-09-12,DAY-PRS-04,2.23,61.9,14.4,1
2788,2025-09-12,DAY-RBT-01,1.02,40.0,10.1,0
2789,2025-09-12,DAY-RBT-02,1.31,46.5,8.2,0
2790,2025-09-12,DAY-RBT-03,1.06,47.2,13.0,0
2791,2025-09-12,MTY-GRD-01,1.22,44.7,8.5,0
2792,2025-09-12,MTY-GRD-02,1.31,50.1,11.6,0
2793,2025-09-12,MTY-LTH-01,2.19,54.1,12.8,0
2794,2025-09-12,MTY-LTH-02,1.95,48.6,13.2,0
2795,2025-09-12,MTY-LTH-03,1.7,51.8,10.2,0
2796,2025-09-12,MTY-LTH-04,2.3,49.9,10.2,0
2797,2025-09-12,MTY-LTH-05,2.28,55.3,12.3,1
2798,2025-09-12,MTY-MIL-01,1.44,52.6,11.5,0
2799,2025-09-12,MTY-MIL-02,1.79,49.6,13.1,0
2800,2025-09-12,MTY-MIL-03,1.99,49.1,12.5,1
2801,2025-09-12,MTY-MIL-04,1.68,49.6,11.4,0
2802,2025-09-12,MTY-MIL-05,1.76,51.0,12.3,1
2803,2025-09-12,MTY-MIL-06,2.05,47.4,11.0,0
2804,2025-09-12,MTY-PRS-01,3.77,66.4,14.4,0
2805,2025-09-12,MTY-PRS-02,2.46,60.9,9.6,0
2806,2025-09-12,MTY-PRS-03,4.4,60.9,8.9,2
2807,2025-09-12,MTY-RBT-01,1.12,45.2,12.0,0
2808,2025-09-12,MTY-RBT-02,1.31,40.5,12.3,0
2809,2025-09-15,BRN-GRD-01,1.33,46.6,10.2,0
2810,2025-09-15,BRN-LTH-01,1.62,45.3,7.9,0
2811,2025-09-15,BRN-LTH-02,1.68,48.2,9.6,0
2812,2025-09-15,BRN-LTH-03,2.32,53.5,14.0,0
2813,2025-09-15,BRN-MIL-01,2.02,46.3,10.4,1
2814,2025-09-15,BRN-MIL-02,1.36,46.9,12.4,0
2815,2025-09-15,BRN-MIL-03,2.0,46.2,11.6,0
2816,2025-09-15,BRN-MIL-04,2.82,48.3,14.1,1
2817,2025-09-15,BRN-MIL-05,2.3,50.9,9.3,6
2818,2025-09-15,BRN-MIL-06,1.52,49.8,15.1,0
2819,2025-09-15,BRN-PRS-01,3.28,60.4,8.2,0
2820,2025-09-15,BRN-PRS-02,3.61,54.2,10.7,0
2821,2025-09-15,BRN-PRS-03,3.33,57.5,12.6,1
2822,2025-09-15,BRN-RBT-01,1.02,44.1,9.1,0
2823,2025-09-15,BRN-RBT-02,2.13,52.8,8.7,3
2824,2025-09-15,DAY-GRD-01,2.2,48.9,12.1,0
2825,2025-09-15,DAY-LTH-01,2.33,45.3,11.2,0
2826,2025-09-15,DAY-LTH-02,1.94,53.7,13.4,0
2827,2025-09-15,DAY-LTH-03,2.07,53.1,13.1,0
2828,2025-09-15,DAY-LTH-04,2.49,57.0,14.7,0
2829,2025-09-15,DAY-LTH-05,2.38,55.2,10.4,2
2830,2025-09-15,DAY-MIL-01,1.32,46.0,2.8,0
2831,2025-09-15,DAY-MIL-02,1.47,49.9,11.5,0
2832,2025-09-15,DAY-MIL-03,2.16,53.4,15.5,0
2833,2025-09-15,DAY-MIL-04,1.57,47.2,12.4,0
2834,2025-09-15,DAY-MIL-05,1.68,55.2,11.5,0
2835,2025-09-15,DAY-MIL-06,1.85,54.9,11.6,0
2836,2025-09-15,DAY-MIL-07,1.86,41.5,9.7,0
2837,2025-09-15,DAY-PRS-01,4.37,66.2,10.8,0
2838,2025-09-15,DAY-PRS-02,3.0,62.1,11.9,0
2839,2025-09-15,DAY-PRS-03,2.64,52.4,10.4,0
2840,2025-09-15,DAY-PRS-04,2.54,60.7,12.7,0
2841,2025-09-15,DAY-RBT-01,1.01,41.7,9.8,0
2842,2025-09-15,DAY-RBT-02,1.48,49.8,13.1,1
2843,2025-09-15,DAY-RBT-03,1.0,45.6,11.9,0
2844,2025-09-15,MTY-GRD-01,1.15,47.9,11.1,1
2845,2025-09-15,MTY-GRD-02,1.24,46.9,8.8,0
2846,2025-09-15,MTY-LTH-01,1.98,52.7,9.6,1
2847,2025-09-15,MTY-LTH-02,1.92,48.5,12.1,0
2848,2025-09-15,MTY-LTH-03,1.8,51.5,14.5,0
2849,2025-09-15,MTY-LTH-04,2.2,53.2,10.0,0
2850,2025-09-15,MTY-LTH-05,2.25,54.7,13.4,0
2851,2025-09-15,MTY-MIL-01,1.41,52.2,13.4,0
2852,2025-09-15,MTY-MIL-02,2.05,51.4,14.1,0
2853,2025-09-15,MTY-MIL-03,1.91,49.6,12.2,1
2854,2025-09-15,MTY-MIL-04,2.07,52.5,14.0,0
2855,2025-09-15,MTY-MIL-05,1.44,49.3,10.9,0
2856,2025-09-15,MTY-MIL-06,2.23,46.7,11.5,0
2857,2025-09-15,MTY-PRS-01,3.42,67.0,13.4,0
2858,2025-09-15,MTY-PRS-02,2.36,60.1,8.6,1
2859,2025-09-15,MTY-PRS-03,5.37,64.3,13.1,2
2860,2025-09-15,MTY-RBT-01,1.17,45.5,11.5,1
2861,2025-09-15,MTY-RBT-02,1.2,38.6,9.8,0
2862,2025-09-16,BRN-GRD-01,1.45,47.8,14.3,0
2863,2025-09-16,BRN-LTH-01,1.81,47.2,12.4,0
2864,2025-09-16,BRN-LTH-02,1.74,49.6,12.5,0
2865,2025-09-16,BRN-LTH-03,2.03,53.2,5.3,0
2866,2025-09-16,BRN-MIL-01,1.91,46.8,9.7,0
2867,2025-09-16,BRN-MIL-02,1.35,47.8,9.8,0
2868,2025-09-16,BRN-MIL-03,1.96,47.3,12.0,0
2869,2025-09-16,BRN-MIL-04,2.49,45.8,8.4,1
2870,2025-09-16,BRN-MIL-05,1.43,43.5,4.8,3
2871,2025-09-16,BRN-MIL-06,1.57,46.7,11.6,0
2872,2025-09-16,BRN-PRS-01,2.87,60.8,10.3,0
2873,2025-09-16,BRN-PRS-02,3.45,56.7,12.4,0
2874,2025-09-16,BRN-PRS-03,3.2,56.4,11.2,0
2875,2025-09-16,BRN-RBT-01,1.25,43.9,11.1,0
2876,2025-09-16,BRN-RBT-02,2.15,54.0,9.4,7
2877,2025-09-16,DAY-GRD-01,2.05,49.3,12.3,0
2878,2025-09-16,DAY-LTH-01,1.92,44.6,11.4,0
2879,2025-09-16,DAY-LTH-02,1.78,50.8,9.1,0
2880,2025-09-16,DAY-LTH-03,2.01,52.8,11.1,0
2881,2025-09-16,DAY-LTH-04,2.1,54.5,12.3,0
2882,2025-09-16,DAY-LTH-05,2.06,54.9,9.0,1
2883,2025-09-16,DAY-MIL-01,1.39,44.2,9.5,0
2884,2025-09-16,DAY-MIL-02,1.67,51.5,13.0,1
2885,2025-09-16,DAY-MIL-03,2.17,50.0,10.7,1
2886,2025-09-16,DAY-MIL-04,1.78,49.4,16.0,0
2887,2025-09-16,DAY-MIL-05,1.83,52.8,11.0,0
2888,2025-09-16,DAY-MIL-06,1.82,54.4,10.5,1
2889,2025-09-16,DAY-MIL-07,1.9,45.2,9.6,0
2890,2025-09-16,DAY-PRS-01,4.44,65.3,11.0,2
2891,2025-09-16,DAY-PRS-02,2.61,58.8,7.8,0
2892,2025-09-16,DAY-PRS-03,2.76,51.9,9.7,0
2893,2025-09-16,DAY-PRS-04,2.46,62.2,13.8,0
2894,2025-09-16,DAY-RBT-01,0.94,39.7,10.2,0
2895,2025-09-16,DAY-RBT-02,1.27,48.0,9.9,0
2896,2025-09-16,DAY-RBT-03,0.95,46.4,10.1,0
2897,2025-09-17,BRN-GRD-01,1.39,48.8,12.0,0
2898,2025-09-17,BRN-LTH-01,1.93,45.8,11.0,0
2899,2025-09-17,BRN-LTH-02,1.45,49.9,12.6,0
2900,2025-09-17,BRN-LTH-03,2.08,54.0,11.7,0
2901,2025-09-17,BRN-MIL-01,1.73,44.3,4.8,1
2902,2025-09-17,BRN-MIL-02,1.44,50.1,14.1,0
2903,2025-09-17,BRN-MIL-03,1.84,47.3,8.7,0
2904,2025-09-17,BRN-MIL-04,2.43,47.7,12.0,0
2905,2025-09-17,BRN-MIL-05,1.52,46.1,11.3,1
2906,2025-09-17,BRN-MIL-06,1.42,44.6,10.8,1
2907,2025-09-17,BRN-PRS-01,2.99,61.6,12.6,0
2908,2025-09-17,BRN-PRS-02,3.39,53.5,9.5,0
2909,2025-09-17,BRN-PRS-03,3.19,58.1,12.3,0
2910,2025-09-17,BRN-RBT-01,1.0,41.9,8.5,0
2911,2025-09-17,BRN-RBT-02,1.46,46.4,5.4,3
2912,2025-09-17,DAY-GRD-01,2.31,48.2,11.5,0
2913,2025-09-17,DAY-LTH-01,1.84,41.7,7.9,0
2914,2025-09-17,DAY-LTH-02,1.8,49.2,10.0,1
2915,2025-09-17,DAY-LTH-03,2.14,52.9,12.4,0
2916,2025-09-17,DAY-LTH-04,2.0,53.2,11.0,0
2917,2025-09-17,DAY-LTH-05,2.17,54.7,11.6,2
2918,2025-09-17,DAY-MIL-01,1.43,46.1,13.3,0
2919,2025-09-17,DAY-MIL-02,1.52,50.7,11.0,0
2920,2025-09-17,DAY-MIL-03,2.32,52.2,12.0,0
2921,2025-09-17,DAY-MIL-04,1.49,47.5,12.1,0
2922,2025-09-17,DAY-MIL-05,1.8,53.2,12.6,0
2923,2025-09-17,DAY-MIL-06,1.64,51.8,9.7,0
2924,2025-09-17,DAY-MIL-07,2.11,47.4,14.5,0
2925,2025-09-17,DAY-PRS-01,4.42,65.8,12.3,1
2926,2025-09-17,DAY-PRS-02,2.94,60.7,9.1,1
2927,2025-09-17,DAY-PRS-03,2.61,53.8,12.8,0
2928,2025-09-17,DAY-PRS-04,2.55,61.3,14.0,0
2929,2025-09-17,DAY-RBT-01,1.12,45.1,14.2,0
2930,2025-09-17,DAY-RBT-02,1.31,47.4,9.3,0
2931,2025-09-17,DAY-RBT-03,0.88,46.5,11.9,0
2932,2025-09-17,MTY-GRD-01,1.4,47.5,13.1,0
2933,2025-09-17,MTY-GRD-02,1.24,49.2,11.7,0
2934,2025-09-17,MTY-LTH-01,2.25,55.1,13.8,0
2935,2025-09-17,MTY-LTH-02,2.01,49.7,13.2,0
2936,2025-09-17,MTY-LTH-03,1.94,54.6,14.2,0
2937,2025-09-17,MTY-LTH-04,2.26,51.3,13.4,0
2938,2025-09-17,MTY-LTH-05,2.07,55.7,13.0,0
2939,2025-09-17,MTY-MIL-01,1.44,52.9,10.6,0
2940,2025-09-17,MTY-MIL-02,1.73,49.2,11.2,0
2941,2025-09-17,MTY-MIL-03,1.59,47.9,8.8,1
2942,2025-09-17,MTY-MIL-04,1.76,49.3,6.3,0
2943,2025-09-17,MTY-MIL-05,1.61,53.0,11.7,0
2944,2025-09-17,MTY-MIL-06,1.98,47.4,10.3,0
2945,2025-09-17,MTY-PRS-01,3.4,61.2,9.4,0
2946,2025-09-17,MTY-PRS-02,2.74,61.5,10.1,0
2947,2025-09-17,MTY-PRS-03,5.71,64.6,11.9,1
2948,2025-09-17,MTY-RBT-01,1.23,44.7,14.8,0
2949,2025-09-17,MTY-RBT-02,1.18,39.8,12.2,0
2950,2025-09-18,BRN-GRD-01,1.34,47.2,12.5,1
2951,2025-09-18,BRN-LTH-01,1.81,46.3,10.0,0
2952,2025-09-18,BRN-LTH-02,1.66,51.9,12.8,0
2953,2025-09-18,BRN-LTH-03,2.19,51.0,9.3,0
2954,2025-09-18,BRN-MIL-01,2.11,48.0,12.7,0
2955,2025-09-18,BRN-MIL-02,1.47,50.8,14.8,0
2956,2025-09-18,BRN-MIL-03,1.96,50.0,14.7,1
2957,2025-09-18,BRN-MIL-04,2.35,46.6,11.5,0
2958,2025-09-18,BRN-MIL-05,1.52,43.5,9.3,0
2959,2025-09-18,BRN-MIL-06,1.58,47.4,11.2,0
2960,2025-09-18,BRN-PRS-01,3.45,62.9,12.9,0
2961,2025-09-18,BRN-PRS-02,3.75,52.7,14.1,0
2962,2025-09-18,BRN-PRS-03,2.83,56.8,8.4,0
2963,2025-09-18,BRN-RBT-01,1.3,43.6,10.3,0
2964,2025-09-18,BRN-RBT-02,1.48,47.9,11.1,0
2965,2025-09-18,DAY-GRD-01,2.08,50.5,12.3,1
2966,2025-09-18,DAY-LTH-01,2.07,45.0,9.3,0
2967,2025-09-18,DAY-LTH-02,1.62,52.8,12.5,0
2968,2025-09-18,DAY-LTH-03,2.09,55.0,13.8,1
2969,2025-09-18,DAY-LTH-04,2.14,54.4,11.8,0
2970,2025-09-18,DAY-LTH-05,2.41,53.0,10.4,4
2971,2025-09-18,DAY-MIL-01,1.53,47.0,11.9,0
2972,2025-09-18,DAY-MIL-02,1.48,51.6,11.8,0
2973,2025-09-18,DAY-MIL-03,2.48,53.4,12.3,1
2974,2025-09-18,DAY-MIL-04,1.3,45.5,7.6,0
2975,2025-09-18,DAY-MIL-05,1.89,53.1,13.1,0
2976,2025-09-18,DAY-MIL-06,2.02,53.7,11.8,0
2977,2025-09-18,DAY-MIL-07,1.77,45.0,11.1,0
2978,2025-09-18,DAY-PRS-01,4.3,66.4,12.0,0
2979,2025-09-18,DAY-PRS-02,3.0,61.4,14.8,0
2980,2025-09-18,DAY-PRS-03,2.77,55.7,11.0,0
2981,2025-09-18,DAY-PRS-04,2.42,59.0,11.9,0
2982,2025-09-18,DAY-RBT-01,1.01,41.3,14.2,1
2983,2025-09-18,DAY-RBT-02,1.22,47.4,8.2,0
2984,2025-09-18,DAY-RBT-03,1.04,49.2,15.3,0
2985,2025-09-18,MTY-GRD-01,1.29,46.3,11.1,1
2986,2025-09-18,MTY-GRD-02,1.16,45.4,8.5,0
2987,2025-09-18,MTY-LTH-01,2.09,51.5,9.6,0
2988,2025-09-18,MTY-LTH-02,1.78,46.2,10.5,0
2989,2025-09-18,MTY-LTH-03,1.88,52.0,12.5,0
2990,2025-09-18,MTY-LTH-04,2.27,52.9,12.3,0
2991,2025-09-18,MTY-LTH-05,1.9,54.5,12.9,0
2992,2025-09-18,MTY-MIL-01,1.46,53.3,11.6,0
2993,2025-09-18,MTY-MIL-02,1.66,48.3,10.9,0
2994,2025-09-18,MTY-MIL-03,1.75,50.1,12.4,0
2995,2025-09-18,MTY-MIL-04,1.61,49.0,9.9,0
2996,2025-09-18,MTY-MIL-05,1.62,50.6,11.0,0
2997,2025-09-18,MTY-MIL-06,2.14,48.0,11.2,0
2998,2025-09-18,MTY-PRS-01,3.34,61.1,9.5,0
2999,2025-09-18,MTY-PRS-02,2.84,61.0,13.1,1
3000,2025-09-18,MTY-PRS-03,5.93,64.5,8.9,0
3001,2025-09-18,MTY-RBT-01,1.19,45.3,12.1,0
3002,2025-09-18,MTY-RBT-02,1.26,39.4,14.9,0
3003,2025-09-19,BRN-GRD-01,1.47,49.6,13.8,0
3004,2025-09-19,BRN-LTH-01,1.74,45.2,9.9,0
3005,2025-09-19,BRN-LTH-02,1.53,49.7,9.4,0
3006,2025-09-19,BRN-LTH-03,2.06,53.3,12.4,0
3007,2025-09-19,BRN-MIL-01,2.1,50.1,13.5,0
3008,2025-09-19,BRN-MIL-02,1.43,49.0,12.0,0
3009,2025-09-19,BRN-MIL-03,1.8,49.9,12.1,0
3010,2025-09-19,BRN-MIL-04,2.35,49.4,14.9,0
3011,2025-09-19,BRN-MIL-05,1.56,44.7,11.0,0
3012,2025-09-19,BRN-MIL-06,1.42,45.0,10.2,0
3013,2025-09-19,BRN-PRS-01,2.82,58.9,8.0,0
3014,2025-09-19,BRN-PRS-02,3.42,55.3,14.2,1
3015,2025-09-19,BRN-PRS-03,2.99,56.9,7.8,2
3016,2025-09-19,BRN-RBT-01,1.18,45.1,11.0,0
3017,2025-09-19,BRN-RBT-02,1.41,46.4,11.3,0
3018,2025-09-19,DAY-GRD-01,2.25,49.4,11.0,1
3019,2025-09-19,DAY-LTH-01,2.04,45.2,10.2,1
3020,2025-09-19,DAY-LTH-02,1.68,51.6,12.2,0
3021,2025-09-19,DAY-LTH-03,2.06,50.2,11.1,1
3022,2025-09-19,DAY-LTH-04,2.08,54.7,12.8,0
3023,2025-09-19,DAY-LTH-05,2.44,57.6,13.2,3
3024,2025-09-19,DAY-MIL-01,1.52,48.8,16.0,0
3025,2025-09-19,DAY-MIL-02,1.75,52.3,12.7,0
3026,2025-09-19,DAY-MIL-03,2.68,52.0,10.1,0
3027,2025-09-19,DAY-MIL-04,1.54,46.0,11.6,0
3028,2025-09-19,DAY-MIL-05,1.73,54.0,11.3,0
3029,2025-09-19,DAY-MIL-06,1.78,51.0,11.5,0
3030,2025-09-19,DAY-MIL-07,1.76,44.2,8.9,1
3031,2025-09-19,DAY-PRS-01,4.21,65.1,12.8,2
3032,2025-09-19,DAY-PRS-02,2.79,61.8,10.5,0
3033,2025-09-19,DAY-PRS-03,2.9,54.1,12.5,0
3034,2025-09-19,DAY-PRS-04,2.43,58.4,11.9,0
3035,2025-09-19,DAY-RBT-01,1.05,41.4,10.6,0
3036,2025-09-19,DAY-RBT-02,1.31,46.6,1.2,0
3037,2025-09-19,DAY-RBT-03,0.97,45.6,12.0,0
3038,2025-09-19,MTY-GRD-01,1.36,47.5,13.6,0
3039,2025-09-19,MTY-GRD-02,1.21,47.3,5.3,0
3040,2025-09-19,MTY-LTH-01,2.02,55.6,11.9,1
3041,2025-09-19,MTY-LTH-02,1.92,46.8,11.0,0
3042,2025-09-19,MTY-LTH-03,1.95,49.3,10.9,0
3043,2025-09-19,MTY-LTH-04,2.27,52.5,14.6,0
3044,2025-09-19,MTY-LTH-05,2.15,54.0,12.7,0
3045,2025-09-19,MTY-MIL-01,1.27,52.2,10.0,0
3046,2025-09-19,MTY-MIL-02,1.84,50.2,13.1,1
3047,2025-09-19,MTY-MIL-03,1.87,51.3,10.2,0
3048,2025-09-19,MTY-MIL-04,1.67,48.3,11.4,0
3049,2025-09-19,MTY-MIL-05,1.62,51.1,11.3,0
3050,2025-09-19,MTY-MIL-06,2.12,48.5,11.1,0
3051,2025-09-19,MTY-PRS-01,3.19,62.2,8.3,0
3052,2025-09-19,MTY-PRS-02,2.42,60.8,10.0,0
3053,2025-09-19,MTY-PRS-03,6.57,66.6,14.0,0
3054,2025-09-19,MTY-RBT-01,1.22,42.8,12.4,1
3055,2025-09-19,MTY-RBT-02,1.16,37.8,8.8,0
3056,2025-09-22,BRN-GRD-01,1.26,46.1,9.0,0
3057,2025-09-22,BRN-LTH-01,1.69,48.4,13.7,0
3058,2025-09-22,BRN-LTH-02,1.47,47.4,11.7,0
3059,2025-09-22,BRN-LTH-03,1.88,53.7,11.9,0
3060,2025-09-22,BRN-MIL-01,2.52,51.6,12.4,0
3061,2025-09-22,BRN-MIL-02,1.39,48.4,13.6,0
3062,2025-09-22,BRN-MIL-03,1.71,49.6,9.3,0
3063,2025-09-22,BRN-MIL-04,1.78,41.0,8.1,0
3064,2025-09-22,BRN-MIL-05,1.69,44.8,13.5,0
3065,2025-09-22,BRN-MIL-06,1.42,46.6,8.9,0
3066,2025-09-22,BRN-PRS-01,3.21,59.5,11.3,0
3067,2025-09-22,BRN-PRS-02,3.63,55.0,12.0,1
3068,2025-09-22,BRN-PRS-03,3.33,62.1,16.0,3
3069,2025-09-22,BRN-RBT-01,1.11,44.3,12.5,0
3070,2025-09-22,BRN-RBT-02,1.44,46.2,13.2,0
3071,2025-09-22,DAY-GRD-01,1.75,47.1,9.2,0
3072,2025-09-22,DAY-LTH-01,2.08,44.8,12.4,0
3073,2025-09-22,DAY-LTH-02,1.74,51.5,10.6,0
3074,2025-09-22,DAY-LTH-03,2.27,53.0,14.8,2
3075,2025-09-22,DAY-LTH-04,2.16,56.0,11.3,0
3076,2025-09-22,DAY-LTH-05,2.01,50.8,6.7,0
3077,2025-09-22,DAY-MIL-01,1.48,48.9,12.9,0
3078,2025-09-22,DAY-MIL-02,1.54,51.9,14.5,0
3079,2025-09-22,DAY-MIL-03,3.21,56.7,15.6,2
3080,2025-09-22,DAY-MIL-04,1.57,45.7,9.5,1
3081,2025-09-22,DAY-MIL-05,1.75,52.0,13.4,0
3082,2025-09-22,DAY-MIL-06,1.86,56.2,13.6,0
3083,2025-09-22,DAY-MIL-07,1.93,47.2,12.1,1
3084,2025-09-22,DAY-PRS-01,4.69,66.8,15.2,0
3085,2025-09-22,DAY-PRS-02,3.19,62.9,14.1,0
3086,2025-09-22,DAY-PRS-03,2.55,53.7,12.2,1
3087,2025-09-22,DAY-PRS-04,2.01,58.7,10.3,0
3088,2025-09-22,DAY-RBT-01,1.1,41.1,13.0,0
3089,2025-09-22,DAY-RBT-02,1.17,44.5,8.5,0
3090,2025-09-22,DAY-RBT-03,0.99,44.7,9.7,0
3091,2025-09-22,MTY-GRD-01,1.26,46.1,11.4,0
3092,2025-09-22,MTY-GRD-02,1.36,47.1,10.9,0
3093,2025-09-22,MTY-LTH-01,2.3,56.7,15.2,0
3094,2025-09-22,MTY-LTH-02,1.84,46.1,8.5,0
3095,2025-09-22,MTY-LTH-03,1.74,49.8,11.5,0
3096,2025-09-22,MTY-LTH-04,2.14,50.8,9.5,0
3097,2025-09-22,MTY-LTH-05,1.75,49.8,6.1,1
3098,2025-09-22,MTY-MIL-01,1.33,51.1,12.0,0
3099,2025-09-22,MTY-MIL-02,1.91,50.0,11.4,0
3100,2025-09-22,MTY-MIL-03,2.1,49.6,10.2,0
3101,2025-09-22,MTY-MIL-04,1.79,47.8,12.2,0
3102,2025-09-22,MTY-MIL-05,1.63,49.6,10.0,0
3103,2025-09-22,MTY-MIL-06,2.05,47.3,11.2,1
3104,2025-09-22,MTY-PRS-01,3.51,59.2,9.4,0
3105,2025-09-22,MTY-PRS-02,2.94,61.4,13.4,1
3106,2025-09-22,MTY-PRS-03,7.48,70.9,13.9,2
3107,2025-09-22,MTY-RBT-01,1.12,43.5,9.2,2
3108,2025-09-22,MTY-RBT-02,1.17,36.3,8.2,0
3109,2025-09-23,BRN-GRD-01,1.41,49.4,11.3,0
3110,2025-09-23,BRN-LTH-01,1.87,47.3,13.4,0
3111,2025-09-23,BRN-LTH-02,1.61,48.7,11.0,0
3112,2025-09-23,BRN-LTH-03,2.19,53.5,11.9,0
3113,2025-09-23,BRN-MIL-01,2.79,50.8,14.9,3
3114,2025-09-23,BRN-MIL-02,1.47,47.9,10.9,0
3115,2025-09-23,BRN-MIL-03,1.97,50.1,15.9,1
3116,2025-09-23,BRN-MIL-04,1.7,41.7,9.6,0
3117,2025-09-23,BRN-MIL-05,1.52,45.1,13.8,0
3118,2025-09-23,BRN-MIL-06,1.51,50.5,14.3,0
3119,2025-09-23,BRN-PRS-01,3.05,59.3,8.3,0
3120,2025-09-23,BRN-PRS-02,3.3,54.3,11.3,0
3121,2025-09-23,BRN-PRS-03,3.29,58.9,10.6,2
3122,2025-09-23,BRN-RBT-01,1.18,45.9,10.0,0
3123,2025-09-23,BRN-RBT-02,1.48,48.8,12.9,0
3124,2025-09-23,DAY-GRD-01,2.14,48.5,11.8,0
3125,2025-09-23,DAY-LTH-01,2.19,45.9,13.0,0
3126,2025-09-23,DAY-LTH-02,1.71,52.4,12.8,0
3127,2025-09-23,DAY-LTH-03,2.08,51.3,10.8,0
3128,2025-09-23,DAY-LTH-04,1.91,53.2,9.9,0
3129,2025-09-23,DAY-LTH-05,2.09,53.9,13.7,0
3130,2025-09-23,DAY-MIL-01,1.53,46.5,10.9,0
3131,2025-09-23,DAY-MIL-02,1.44,49.7,7.8,0
3132,2025-09-23,DAY-MIL-03,3.08,56.2,12.1,2
3133,2025-09-23,DAY-MIL-04,1.58,46.6,11.1,0
3134,2025-09-23,DAY-MIL-05,1.82,53.6,13.2,0
3135,2025-09-23,DAY-MIL-06,1.89,53.6,11.4,0
3136,2025-09-23,DAY-MIL-07,1.79,47.2,10.4,1
3137,2025-09-23,DAY-PRS-01,4.81,64.8,7.2,1
3138,2025-09-23,DAY-PRS-02,2.61,59.3,7.6,0
3139,2025-09-23,DAY-PRS-03,2.82,53.5,11.1,1
3140,2025-09-23,DAY-PRS-04,2.31,58.9,12.1,0
3141,2025-09-23,DAY-RBT-01,0.95,42.6,12.7,1
3142,2025-09-23,DAY-RBT-02,1.34,46.1,10.9,0
3143,2025-09-23,DAY-RBT-03,1.06,47.2,16.0,0
3144,2025-09-23,MTY-GRD-01,1.19,43.8,10.8,0
3145,2025-09-23,MTY-GRD-02,1.2,47.6,8.8,0
3146,2025-09-23,MTY-LTH-01,2.18,55.3,13.0,0
3147,2025-09-23,MTY-LTH-02,1.92,47.8,11.9,0
3148,2025-09-23,MTY-LTH-03,1.63,52.7,8.6,0
3149,2025-09-23,MTY-LTH-04,2.34,51.8,11.3,0
3150,2025-09-23,MTY-LTH-05,2.14,52.7,11.5,0
3151,2025-09-23,MTY-MIL-01,1.28,49.3,10.0,1
3152,2025-09-23,MTY-MIL-02,2.06,51.8,14.2,1
3153,2025-09-23,MTY-MIL-03,1.79,50.1,9.6,0
3154,2025-09-23,MTY-MIL-04,1.64,45.9,8.5,0
3155,2025-09-23,MTY-MIL-05,1.61,48.2,11.2,0
3156,2025-09-23,MTY-MIL-06,2.03,44.9,9.2,1
3157,2025-09-23,MTY-PRS-01,3.11,62.7,10.1,0
3158,2025-09-23,MTY-PRS-02,2.91,61.0,12.5,0
3159,2025-09-23,MTY-PRS-03,3.12,59.2,2.6,3
3160,2025-09-23,MTY-RBT-01,1.29,44.6,13.0,1
3161,2025-09-23,MTY-RBT-02,1.15,37.2,10.8,0
3162,2025-09-24,BRN-GRD-01,1.21,45.8,8.2,0
3163,2025-09-24,BRN-LTH-01,1.89,49.4,11.2,0
3164,2025-09-24,BRN-LTH-02,1.58,48.5,11.9,1
3165,2025-09-24,BRN-LTH-03,1.87,51.5,8.5,0
3166,2025-09-24,BRN-MIL-01,2.67,50.0,13.1,0
3167,2025-09-24,BRN-MIL-02,1.44,50.8,13.2,0
3168,2025-09-24,BRN-MIL-03,1.94,49.9,12.4,0
3169,2025-09-24,BRN-MIL-04,1.65,43.9,8.5,0
3170,2025-09-24,BRN-MIL-05,1.55,45.9,10.7,0
3171,2025-09-24,BRN-MIL-06,1.7,46.2,12.4,0
3172,2025-09-24,BRN-PRS-01,2.88,61.9,12.2,1
3173,2025-09-24,BRN-PRS-02,3.79,56.0,13.0,0
3174,2025-09-24,BRN-PRS-03,3.3,58.9,11.2,2
3175,2025-09-24,BRN-RBT-01,1.24,42.4,12.7,0
3176,2025-09-24,BRN-RBT-02,1.52,46.4,12.0,0
3177,2025-09-24,DAY-GRD-01,2.25,47.9,11.8,1
3178,2025-09-24,DAY-LTH-01,2.13,44.8,12.4,0
3179,2025-09-24,DAY-LTH-02,1.59,53.7,12.4,1
3180,2025-09-24,DAY-LTH-03,2.23,54.3,13.4,0
3181,2025-09-24,DAY-LTH-04,2.05,54.2,10.9,1
3182,2025-09-24,DAY-LTH-05,1.8,53.5,11.3,0
3183,2025-09-24,DAY-MIL-01,1.52,48.1,12.7,1
3184,2025-09-24,DAY-MIL-02,1.68,51.1,9.9,0
3185,2025-09-24,DAY-MIL-03,3.3,53.3,10.2,5
3186,2025-09-24,DAY-MIL-04,1.62,47.2,11.1,0
3187,2025-09-24,DAY-MIL-05,1.75,49.6,8.3,0
3188,2025-09-24,DAY-MIL-06,2.02,55.1,13.1,0
3189,2025-09-24,DAY-MIL-07,1.87,49.2,16.0,0
3190,2025-09-24,DAY-PRS-01,5.37,67.1,13.1,0
3191,2025-09-24,DAY-PRS-02,3.15,63.9,13.8,0
3192,2025-09-24,DAY-PRS-03,2.72,51.4,5.5,0
3193,2025-09-24,DAY-PRS-04,2.13,59.2,12.7,0
3194,2025-09-24,DAY-RBT-01,1.04,39.7,10.4,0
3195,2025-09-24,DAY-RBT-02,1.49,47.7,11.8,0
3196,2025-09-24,DAY-RBT-03,0.93,46.1,10.4,0
3197,2025-09-24,MTY-GRD-01,1.19,46.5,10.3,0
3198,2025-09-24,MTY-GRD-02,1.33,48.7,10.9,0
3199,2025-09-24,MTY-LTH-01,2.18,55.5,13.4,0
3200,2025-09-24,MTY-LTH-02,2.04,48.1,11.2,0
3201,2025-09-24,MTY-LTH-03,1.77,50.4,9.9,1
3202,2025-09-24,MTY-LTH-04,2.0,51.0,9.6,0
3203,2025-09-24,MTY-LTH-05,2.02,54.8,12.5,0
3204,2025-09-24,MTY-MIL-01,1.69,55.7,13.8,0
3205,2025-09-24,MTY-MIL-02,1.81,48.9,13.1,0
3206,2025-09-24,MTY-MIL-03,1.98,49.8,10.9,1
3207,2025-09-24,MTY-MIL-04,1.62,47.1,10.1,0
3208,2025-09-24,MTY-MIL-05,1.62,52.0,13.2,0
3209,2025-09-24,MTY-MIL-06,2.25,46.7,13.7,0
3210,2025-09-24,MTY-PRS-01,3.01,58.9,7.7,0
3211,2025-09-24,MTY-PRS-02,2.88,60.1,8.9,0
3212,2025-09-24,MTY-RBT-01,1.43,48.3,15.9,4
3213,2025-09-24,MTY-RBT-02,1.15,40.5,12.7,1
3214,2025-09-25,BRN-GRD-01,1.35,46.2,13.0,0
3215,2025-09-25,BRN-LTH-01,1.8,47.7,10.5,1
3216,2025-09-25,BRN-LTH-02,1.63,47.1,11.9,0
3217,2025-09-25,BRN-LTH-03,2.04,50.7,11.6,0
3218,2025-09-25,BRN-MIL-01,2.64,47.8,10.2,0
3219,2025-09-25,BRN-MIL-02,1.54,50.6,12.8,0
3220,2025-09-25,BRN-MIL-03,1.94,47.0,12.5,0
3221,2025-09-25,BRN-MIL-04,1.7,42.1,9.4,0
3222,2025-09-25,BRN-MIL-05,1.47,45.2,9.4,0
3223,2025-09-25,BRN-MIL-06,1.44,44.6,9.0,0
3224,2025-09-25,BRN-PRS-01,3.07,61.3,12.0,0
3225,2025-09-25,BRN-PRS-02,3.47,54.4,13.2,0
3226,2025-09-25,BRN-PRS-03,3.37,58.8,10.8,3
3227,2025-09-25,BRN-RBT-01,1.26,45.3,14.8,0
3228,2025-09-25,BRN-RBT-02,1.59,45.7,12.6,0
3229,2025-09-25,DAY-GRD-01,2.15,50.4,12.4,0
3230,2025-09-25,DAY-LTH-01,2.41,45.1,13.1,0
3231,2025-09-25,DAY-LTH-02,1.67,51.0,11.1,0
3232,2025-09-25,DAY-LTH-03,2.59,52.6,12.6,0
3233,2025-09-25,DAY-LTH-04,2.21,53.8,10.0,1
3234,2025-09-25,DAY-LTH-05,1.89,50.9,10.2,0
3235,2025-09-25,DAY-MIL-01,1.42,45.7,9.6,0
3236,2025-09-25,DAY-MIL-02,1.56,50.9,12.8,1
3237,2025-09-25,DAY-MIL-03,3.38,55.3,10.5,3
3238,2025-09-25,DAY-MIL-04,1.66,48.0,12.2,0
3239,2025-09-25,DAY-MIL-05,1.71,50.2,9.8,0
3240,2025-09-25,DAY-MIL-06,1.74,52.1,11.9,0
3241,2025-09-25,DAY-MIL-07,1.92,46.9,11.4,0
3242,2025-09-25,DAY-PRS-01,5.46,65.7,11.2,1
3243,2025-09-25,DAY-PRS-02,2.85,64.2,14.7,0
3244,2025-09-25,DAY-PRS-03,2.61,53.7,12.2,0
3245,2025-09-25,DAY-PRS-04,2.3,60.3,11.8,0
3246,2025-09-25,DAY-RBT-01,1.02,42.7,11.7,1
3247,2025-09-25,DAY-RBT-02,1.17,47.6,12.0,0
3248,2025-09-25,DAY-RBT-03,1.05,44.3,10.6,0
3249,2025-09-25,MTY-GRD-01,1.17,45.9,9.1,0
3250,2025-09-25,MTY-GRD-02,1.28,49.4,12.4,0
3251,2025-09-25,MTY-LTH-01,2.14,55.0,11.6,0
3252,2025-09-25,MTY-LTH-02,1.93,47.2,12.0,0
3253,2025-09-25,MTY-LTH-03,1.78,49.7,11.1,0
3254,2025-09-25,MTY-LTH-04,2.12,51.6,12.4,0
3255,2025-09-25,MTY-LTH-05,2.2,53.1,11.0,0
3256,2025-09-25,MTY-MIL-01,1.31,50.5,8.3,0
3257,2025-09-25,MTY-MIL-02,2.01,49.5,13.1,1
3258,2025-09-25,MTY-MIL-03,1.93,48.9,12.1,0
3259,2025-09-25,MTY-MIL-04,1.51,47.5,9.1,1
3260,2025-09-25,MTY-MIL-05,1.66,51.3,12.4,0
3261,2025-09-25,MTY-MIL-06,2.13,46.6,10.7,0
3262,2025-09-25,MTY-PRS-01,3.57,61.8,11.9,0
3263,2025-09-25,MTY-PRS-02,2.72,62.3,11.2,1
3264,2025-09-25,MTY-RBT-01,1.31,44.3,9.8,5
3265,2025-09-25,MTY-RBT-02,1.26,37.9,11.3,0
3266,2025-09-26,BRN-GRD-01,1.18,46.9,11.3,0
3267,2025-09-26,BRN-LTH-01,1.73,47.9,12.2,0
3268,2025-09-26,BRN-LTH-02,1.62,49.1,11.4,1
3269,2025-09-26,BRN-LTH-03,1.9,51.2,10.0,0
3270,2025-09-26,BRN-MIL-01,2.82,54.1,14.6,0
3271,2025-09-26,BRN-MIL-02,1.3,46.7,11.8,0
3272,2025-09-26,BRN-MIL-03,1.8,45.5,10.7,0
3273,2025-09-26,BRN-MIL-04,1.83,43.3,10.7,0
3274,2025-09-26,BRN-MIL-05,1.62,46.0,12.7,0
3275,2025-09-26,BRN-MIL-06,1.54,47.2,12.0,0
3276,2025-09-26,BRN-PRS-01,2.93,60.4,9.5,1
3277,2025-09-26,BRN-PRS-02,3.33,53.0,8.6,0
3278,2025-09-26,BRN-PRS-03,3.19,58.0,9.0,0
3279,2025-09-26,BRN-RBT-01,1.09,43.8,9.8,0
3280,2025-09-26,BRN-RBT-02,1.43,48.5,14.2,0
3281,2025-09-26,DAY-GRD-01,2.18,50.4,12.2,0
3282,2025-09-26,DAY-LTH-01,1.97,45.9,15.3,0
3283,2025-09-26,DAY-LTH-02,1.71,50.6,12.5,0
3284,2025-09-26,DAY-LTH-03,2.28,53.0,12.7,1
3285,2025-09-26,DAY-LTH-04,2.08,55.6,10.9,0
3286,2025-09-26,DAY-LTH-05,1.89,52.9,10.2,0
3287,2025-09-26,DAY-MIL-01,1.48,49.2,13.4,0
3288,2025-09-26,DAY-MIL-02,1.5,50.2,9.1,0
3289,2025-09-26,DAY-MIL-03,3.69,56.5,13.1,3
3290,2025-09-26,DAY-MIL-04,1.68,47.2,14.8,1
3291,2025-09-26,DAY-MIL-05,1.86,52.2,12.5,0
3292,2025-09-26,DAY-MIL-06,1.9,54.8,10.1,0
3293,2025-09-26,DAY-MIL-07,1.9,43.1,12.5,0
3294,2025-09-26,DAY-PRS-01,5.71,67.8,13.6,3
3295,2025-09-26,DAY-PRS-02,2.73,60.6,10.3,0
3296,2025-09-26,DAY-PRS-03,2.7,51.0,8.9,0
3297,2025-09-26,DAY-PRS-04,2.48,60.3,11.2,0
3298,2025-09-26,DAY-RBT-01,1.15,44.5,13.6,0
3299,2025-09-26,DAY-RBT-02,1.43,47.9,13.0,2
3300,2025-09-26,DAY-RBT-03,0.99,45.0,9.1,0
3301,2025-09-26,MTY-GRD-01,1.42,45.4,9.3,0
3302,2025-09-26,MTY-GRD-02,1.36,48.2,13.6,0
3303,2025-09-26,MTY-LTH-01,2.11,53.4,11.6,0
3304,2025-09-26,MTY-LTH-02,2.02,48.3,12.8,0
3305,2025-09-26,MTY-LTH-03,1.77,52.2,13.5,0
3306,2025-09-26,MTY-LTH-04,2.48,51.1,12.4,1
3307,2025-09-26,MTY-LTH-05,2.17,52.9,11.7,0
3308,2025-09-26,MTY-MIL-01,1.49,52.5,7.2,1
3309,2025-09-26,MTY-MIL-02,2.02,49.3,13.3,1
3310,2025-09-26,MTY-MIL-03,1.57,47.7,6.3,0
3311,2025-09-26,MTY-MIL-04,1.64,49.7,13.3,0
3312,2025-09-26,MTY-MIL-05,1.59,48.2,10.3,0
3313,2025-09-26,MTY-MIL-06,2.1,48.6,14.2,0
3314,2025-09-26,MTY-PRS-01,3.26,62.2,12.5,1
3315,2025-09-26,MTY-PRS-02,2.63,62.3,11.8,0
3316,2025-09-26,MTY-PRS-03,2.48,58.6,10.4,1
3317,2025-09-26,MTY-RBT-01,1.25,47.1,12.4,1
3318,2025-09-26,MTY-RBT-02,1.2,39.7,11.9,1
3319,2025-09-29,BRN-GRD-01,1.39,45.1,10.4,0
3320,2025-09-29,BRN-LTH-01,1.94,48.9,15.1,0
3321,2025-09-29,BRN-LTH-02,1.61,48.6,11.6,0
3322,2025-09-29,BRN-LTH-03,1.84,47.0,6.1,0
3323,2025-09-29,BRN-MIL-01,3.03,52.2,11.2,0
3324,2025-09-29,BRN-MIL-02,1.37,48.2,9.8,0
3325,2025-09-29,BRN-MIL-03,1.7,49.9,11.7,0
3326,2025-09-29,BRN-MIL-04,1.93,45.2,10.8,1
3327,2025-09-29,BRN-MIL-05,1.59,45.8,14.8,0
3328,2025-09-29,BRN-MIL-06,1.53,43.0,6.7,0
3329,2025-09-29,BRN-PRS-01,3.05,61.3,12.0,0
3330,2025-09-29,BRN-PRS-02,3.42,54.2,10.1,1
3331,2025-09-29,BRN-PRS-03,3.64,59.5,10.0,1
3332,2025-09-29,BRN-RBT-01,1.17,42.3,11.5,0
3333,2025-09-29,BRN-RBT-02,1.29,44.8,8.8,0
3334,2025-09-29,DAY-GRD-01,1.9,49.0,11.2,0
3335,2025-09-29,DAY-LTH-01,2.15,44.5,12.0,0
3336,2025-09-29,DAY-LTH-02,1.88,53.7,13.8,0
3337,2025-09-29,DAY-LTH-03,1.97,52.8,11.3,0
3338,2025-09-29,DAY-LTH-04,2.0,56.0,13.5,0
3339,2025-09-29,DAY-LTH-05,1.85,52.8,10.1,0
3340,2025-09-29,DAY-MIL-01,1.5,47.2,12.2,0
3341,2025-09-29,DAY-MIL-02,1.65,49.4,11.1,0
3342,2025-09-29,DAY-MIL-03,4.02,59.3,10.9,2
3343,2025-09-29,DAY-MIL-04,1.58,46.0,11.8,0
3344,2025-09-29,DAY-MIL-05,1.91,55.8,13.6,0
3345,2025-09-29,DAY-MIL-06,1.84,54.9,10.6,0
3346,2025-09-29,DAY-MIL-07,1.94,45.8,10.8,0
3347,2025-09-29,DAY-PRS-01,6.61,66.9,11.9,3
3348,2025-09-29,DAY-PRS-02,2.91,59.4,9.0,0
3349,2025-09-29,DAY-PRS-03,2.58,51.7,9.1,0
3350,2025-09-29,DAY-PRS-04,2.61,62.1,15.8,0
3351,2025-09-29,DAY-RBT-01,1.1,39.2,8.3,0
3352,2025-09-29,DAY-RBT-02,1.32,45.6,9.9,0
3353,2025-09-29,DAY-RBT-03,1.01,44.5,10.2,0
3354,2025-09-29,MTY-GRD-01,1.3,47.5,13.6,1
3355,2025-09-29,MTY-GRD-02,1.38,48.1,12.1,0
3356,2025-09-29,MTY-LTH-01,2.16,52.1,11.3,0
3357,2025-09-29,MTY-LTH-02,1.73,45.9,10.4,0
3358,2025-09-29,MTY-LTH-03,2.01,51.4,13.1,1
3359,2025-09-29,MTY-LTH-04,2.29,52.1,12.8,0
3360,2025-09-29,MTY-LTH-05,2.0,53.7,11.7,0
3361,2025-09-29,MTY-MIL-01,1.19,48.5,9.9,0
3362,2025-09-29,MTY-MIL-02,1.96,50.6,12.7,0
3363,2025-09-29,MTY-MIL-03,1.82,49.1,10.2,0
3364,2025-09-29,MTY-MIL-04,1.71,50.0,10.6,0
3365,2025-09-29,MTY-MIL-05,1.51,49.3,10.8,0
3366,2025-09-29,MTY-MIL-06,2.23,48.2,13.6,0
3367,2025-09-29,MTY-PRS-01,3.61,63.8,15.8,0
3368,2025-09-29,MTY-PRS-02,2.62,58.0,9.6,0
3369,2025-09-29,MTY-PRS-03,2.82,57.9,11.1,1
3370,2025-09-29,MTY-RBT-01,1.38,48.8,14.2,3
3371,2025-09-29,MTY-RBT-02,1.13,37.2,10.5,0
3372,2025-09-30,BRN-GRD-01,1.48,45.7,9.7,0
3373,2025-09-30,BRN-LTH-01,1.87,48.2,12.7,0
3374,2025-09-30,BRN-LTH-02,1.56,47.0,10.9,0
3375,2025-09-30,BRN-LTH-03,2.03,54.4,12.8,0
3376,2025-09-30,BRN-MIL-01,2.99,51.9,11.5,0
3377,2025-09-30,BRN-MIL-02,1.46,49.4,12.2,0
3378,2025-09-30,BRN-MIL-03,2.06,50.3,13.8,0
3379,2025-09-30,BRN-MIL-04,1.77,45.1,11.1,1
3380,2025-09-30,BRN-MIL-05,1.44,42.3,7.7,0
3381,2025-09-30,BRN-MIL-06,1.59,45.4,10.4,0
3382,2025-09-30,BRN-PRS-01,2.97,61.8,13.2,0
3383,2025-09-30,BRN-PRS-02,3.43,57.0,13.5,1
3384,2025-09-30,BRN-PRS-03,3.56,61.9,9.8,1
3385,2025-09-30,BRN-RBT-01,1.15,45.3,12.8,0
3386,2025-09-30,BRN-RBT-02,1.39,47.4,13.7,0
3387,2025-09-30,DAY-GRD-01,1.91,49.4,11.5,0
3388,2025-09-30,DAY-LTH-01,2.2,46.6,15.4,0
3389,2025-09-30,DAY-LTH-02,1.71,51.1,10.3,0
3390,2025-09-30,DAY-LTH-03,2.35,50.8,11.4,0
3391,2025-09-30,DAY-LTH-04,1.93,52.6,7.6,0
3392,2025-09-30,DAY-LTH-05,2.01,51.2,9.7,0
3393,2025-09-30,DAY-MIL-01,1.4,48.4,10.7,1
3394,2025-09-30,DAY-MIL-02,1.54,50.5,12.7,0
3395,2025-09-30,DAY-MIL-03,4.29,57.3,9.1,2
3396,2025-09-30,DAY-MIL-04,1.63,48.0,11.7,0
3397,2025-09-30,DAY-MIL-05,1.84,49.5,9.5,0
3398,2025-09-30,DAY-MIL-06,1.67,52.5,5.6,1
3399,2025-09-30,DAY-MIL-07,1.86,44.3,8.1,0
3400,2025-09-30,DAY-PRS-01,6.72,70.6,10.8,0
3401,2025-09-30,DAY-PRS-02,2.78,61.9,11.1,1
3402,2025-09-30,DAY-PRS-03,2.65,53.7,10.3,0
3403,2025-09-30,DAY-PRS-04,2.4,59.3,13.4,0
3404,2025-09-30,DAY-RBT-01,1.21,41.6,11.8,0
3405,2025-09-30,DAY-RBT-02,1.43,48.6,12.5,0
3406,2025-09-30,DAY-RBT-03,1.01,45.5,11.4,0
3407,2025-09-30,MTY-GRD-01,1.36,48.4,16.0,0
3408,2025-09-30,MTY-GRD-02,1.23,47.8,11.1,0
3409,2025-09-30,MTY-LTH-01,2.07,53.6,12.0,0
3410,2025-09-30,MTY-LTH-02,1.85,47.7,10.4,0
3411,2025-09-30,MTY-LTH-03,1.67,50.4,11.8,0
3412,2025-09-30,MTY-LTH-04,2.32,52.0,9.3,0
3413,2025-09-30,MTY-LTH-05,2.04,53.6,11.6,1
3414,2025-09-30,MTY-MIL-01,1.4,51.0,13.5,0
3415,2025-09-30,MTY-MIL-02,1.98,47.4,9.4,0
3416,2025-09-30,MTY-MIL-03,1.87,48.4,12.4,0
3417,2025-09-30,MTY-MIL-04,1.84,50.5,15.3,0
3418,2025-09-30,MTY-MIL-05,1.68,51.0,5.0,1
3419,2025-09-30,MTY-MIL-06,2.19,47.4,12.1,0
3420,2025-09-30,MTY-PRS-01,3.44,60.7,13.0,1
3421,2025-09-30,MTY-PRS-02,2.72,61.5,9.4,1
3422,2025-09-30,MTY-PRS-03,2.56,57.8,12.4,0
3423,2025-09-30,MTY-RBT-01,1.4,46.5,12.1,6
3424,2025-09-30,MTY-RBT-02,1.25,37.6,10.0,0
3425,2025-10-01,BRN-GRD-01,1.27,46.0,11.3,0
3426,2025-10-01,BRN-LTH-01,1.8,45.1,10.6,3
3427,2025-10-01,BRN-LTH-02,1.61,49.3,13.0,0
3428,2025-10-01,BRN-LTH-03,2.02,51.9,11.5,0
3429,2025-10-01,BRN-MIL-01,3.37,51.6,11.2,2
3430,2025-10-01,BRN-MIL-02,1.34,45.8,10.1,0
3431,2025-10-01,BRN-MIL-03,1.95,48.3,11.5,2
3432,2025-10-01,BRN-MIL-04,1.91,45.7,13.5,0
3433,2025-10-01,BRN-MIL-05,1.67,44.0,12.3,0
3434,2025-10-01,BRN-MIL-06,1.61,47.0,13.6,0
3435,2025-10-01,BRN-PRS-01,3.33,59.7,9.3,0
3436,2025-10-01,BRN-PRS-02,3.41,53.2,9.2,0
3437,2025-10-01,BRN-PRS-03,3.79,63.9,14.0,0
3438,2025-10-01,BRN-RBT-01,1.25,48.2,15.1,1
3439,2025-10-01,BRN-RBT-02,1.37,46.5,10.9,0
3440,2025-10-01,DAY-GRD-01,1.95,49.8,11.4,0
3441,2025-10-01,DAY-LTH-01,2.06,45.7,12.7,1
3442,2025-10-01,DAY-LTH-02,1.77,53.3,11.1,0
3443,2025-10-01,DAY-LTH-03,1.95,50.1,7.4,0
3444,2025-10-01,DAY-LTH-04,2.14,54.8,13.9,0
3445,2025-10-01,DAY-LTH-05,2.14,54.0,14.3,0
3446,2025-10-01,DAY-MIL-01,1.46,47.8,13.3,0
3447,2025-10-01,DAY-MIL-02,1.66,50.7,10.6,0
3448,2025-10-01,DAY-MIL-03,1.53,49.0,2.1,3
3449,2025-10-01,DAY-MIL-04,1.5,48.6,11.0,0
3450,2025-10-01,DAY-MIL-05,1.88,54.5,16.0,1
3451,2025-10-01,DAY-MIL-06,1.67,52.8,11.1,0
3452,2025-10-01,DAY-MIL-07,2.07,46.6,14.2,0
3453,2025-10-01,DAY-PRS-01,6.98,72.4,10.9,2
3454,2025-10-01,DAY-PRS-02,2.82,64.1,13.8,0
3455,2025-10-01,DAY-PRS-03,2.75,51.5,8.9,0
3456,2025-10-01,DAY-PRS-04,2.29,60.9,13.2,0
3457,2025-10-01,DAY-RBT-01,1.0,40.9,10.0,0
3458,2025-10-01,DAY-RBT-02,1.29,50.4,13.8,1
3459,2025-10-01,DAY-RBT-03,1.01,45.3,11.2,0
3460,2025-10-01,MTY-GRD-01,1.46,50.0,16.0,0
3461,2025-10-01,MTY-GRD-02,1.34,49.2,12.3,0
3462,2025-10-01,MTY-LTH-01,1.96,51.4,7.2,0
3463,2025-10-01,MTY-LTH-02,1.89,45.9,9.7,0
3464,2025-10-01,MTY-LTH-03,1.63,51.7,12.3,0
3465,2025-10-01,MTY-LTH-04,2.41,54.8,13.6,0
3466,2025-10-01,MTY-LTH-05,2.03,50.9,9.7,0
3467,2025-10-01,MTY-MIL-01,1.24,51.4,7.4,0
3468,2025-10-01,MTY-MIL-02,1.68,47.3,8.6,0
3469,2025-10-01,MTY-MIL-03,1.83,50.0,13.2,1
3470,2025-10-01,MTY-MIL-04,1.7,47.3,10.8,1
3471,2025-10-01,MTY-MIL-05,1.53,50.3,13.2,1
3472,2025-10-01,MTY-MIL-06,2.24,48.8,10.8,0
3473,2025-10-01,MTY-PRS-01,3.29,62.4,10.1,0
3474,2025-10-01,MTY-PRS-02,2.65,58.1,6.2,0
3475,2025-10-01,MTY-PRS-03,2.73,56.9,11.9,0
3476,2025-10-01,MTY-RBT-01,1.34,45.3,9.5,5
3477,2025-10-01,MTY-RBT-02,1.15,42.0,14.9,0
3478,2025-10-02,BRN-GRD-01,1.47,47.9,11.8,0
3479,2025-10-02,BRN-LTH-01,1.76,47.9,9.1,0
3480,2025-10-02,BRN-LTH-02,1.84,51.9,16.0,0
3481,2025-10-02,BRN-LTH-03,1.85,53.4,11.0,0
3482,2025-10-02,BRN-MIL-01,3.4,51.6,10.8,2
3483,2025-10-02,BRN-MIL-02,1.45,46.3,10.3,0
3484,2025-10-02,BRN-MIL-03,1.88,49.3,11.2,0
3485,2025-10-02,BRN-MIL-04,1.72,41.6,9.7,0
3486,2025-10-02,BRN-MIL-05,1.41,44.8,7.3,0
3487,2025-10-02,BRN-MIL-06,1.44,45.1,1.7,0
3488,2025-10-02,BRN-PRS-01,3.24,62.9,12.7,0
3489,2025-10-02,BRN-PRS-02,3.36,54.8,8.0,0
3490,2025-10-02,BRN-PRS-03,3.59,62.5,11.0,5
3491,2025-10-02,BRN-RBT-01,1.11,45.2,12.5,0
3492,2025-10-02,BRN-RBT-02,1.36,45.8,10.5,0
3493,2025-10-02,DAY-GRD-01,2.09,50.3,12.6,0
3494,2025-10-02,DAY-LTH-01,1.92,42.3,8.9,0
3495,2025-10-02,DAY-LTH-02,1.83,51.3,11.6,1
3496,2025-10-02,DAY-LTH-03,2.17,52.1,11.6,0
3497,2025-10-02,DAY-LTH-04,2.2,54.8,14.4,0
3498,2025-10-02,DAY-LTH-05,1.77,52.4,9.5,0
3499,2025-10-02,DAY-MIL-01,1.33,44.2,9.2,1
3500,2025-10-02,DAY-MIL-02,1.55,48.1,5.1,0
3501,2025-10-02,DAY-MIL-04,1.57,47.6,13.4,2
3502,2025-10-02,DAY-MIL-05,1.69,51.2,13.9,0
3503,2025-10-02,DAY-MIL-06,1.7,52.8,11.5,0
3504,2025-10-02,DAY-MIL-07,1.71,39.2,6.4,0
3505,2025-10-02,DAY-PRS-01,7.51,73.7,14.0,1
3506,2025-10-02,DAY-PRS-02,2.85,61.7,12.0,2
3507,2025-10-02,DAY-PRS-03,2.7,50.8,10.5,0
3508,2025-10-02,DAY-PRS-04,2.54,59.1,13.6,0
3509,2025-10-02,DAY-RBT-01,1.08,42.7,12.3,0
3510,2025-10-02,DAY-RBT-02,1.33,46.6,12.8,0
3511,2025-10-02,DAY-RBT-03,0.94,44.4,1.0,0
3512,2025-10-02,MTY-GRD-01,1.27,43.9,10.2,1
3513,2025-10-02,MTY-GRD-02,1.28,49.2,13.1,0
3514,2025-10-02,MTY-LTH-01,2.06,52.4,9.7,0
3515,2025-10-02,MTY-LTH-02,1.88,48.7,12.8,0
3516,2025-10-02,MTY-LTH-03,1.88,51.6,14.2,0
3517,2025-10-02,MTY-LTH-04,2.55,54.0,13.0,0
3518,2025-10-02,MTY-LTH-05,2.09,53.0,10.2,0
3519,2025-10-02,MTY-MIL-01,1.23,51.6,10.8,1
3520,2025-10-02,MTY-MIL-02,1.91,48.7,11.4,0
3521,2025-10-02,MTY-MIL-03,1.93,48.2,11.1,0
3522,2025-10-02,MTY-MIL-04,1.81,46.7,13.5,0
3523,2025-10-02,MTY-MIL-05,1.39,49.3,10.5,0
3524,2025-10-02,MTY-MIL-06,2.33,47.2,11.8,0
3525,2025-10-02,MTY-PRS-01,3.38,63.7,12.1,0
3526,2025-10-02,MTY-PRS-02,2.64,61.5,11.9,0
3527,2025-10-02,MTY-PRS-03,2.8,58.7,12.3,0
3528,2025-10-02,MTY-RBT-01,1.13,44.6,2.0,7
3529,2025-10-02,MTY-RBT-02,1.25,39.4,12.3,0
3530,2025-10-03,BRN-GRD-01,1.52,48.8,14.4,0
3531,2025-10-03,BRN-LTH-01,2.09,49.5,14.0,0
3532,2025-10-03,BRN-LTH-02,1.74,50.4,12.6,0
3533,2025-10-03,BRN-LTH-03,1.9,52.4,9.6,0
3534,2025-10-03,BRN-MIL-01,3.78,56.3,15.6,4
3535,2025-10-03,BRN-MIL-02,1.47,46.9,12.1,0
3536,2025-10-03,BRN-MIL-03,1.9,45.7,10.5,1
3537,2025-10-03,BRN-MIL-04,1.79,45.0,10.9,0
3538,2025-10-03,BRN-MIL-05,1.71,47.1,15.2,1
3539,2025-10-03,BRN-MIL-06,1.43,42.8,9.0,0
3540,2025-10-03,BRN-PRS-01,3.01,62.3,10.7,0
3541,2025-10-03,BRN-PRS-02,3.76,57.2,16.0,1
3542,2025-10-03,BRN-PRS-03,3.82,64.7,12.4,3
3543,2025-10-03,BRN-RBT-01,1.29,45.4,14.8,0
3544,2025-10-03,BRN-RBT-02,1.4,43.2,8.0,0
3545,2025-10-03,DAY-GRD-01,2.13,50.9,12.0,0
3546,2025-10-03,DAY-LTH-01,2.14,45.4,12.1,0
3547,2025-10-03,DAY-LTH-02,1.55,50.3,1.2,0
3548,2025-10-03,DAY-LTH-03,2.21,50.8,10.1,0
3549,2025-10-03,DAY-LTH-04,1.95,54.6,10.6,1
3550,2025-10-03,DAY-LTH-05,1.9,51.2,9.7,1
3551,2025-10-03,DAY-MIL-01,1.38,46.4,10.0,0
3552,2025-10-03,DAY-MIL-02,1.48,47.1,9.9,0
3553,2025-10-03,DAY-MIL-04,1.54,44.4,7.8,0
3554,2025-10-03,DAY-MIL-05,1.62,53.3,12.1,0
3555,2025-10-03,DAY-MIL-06,1.62,50.9,9.5,0
3556,2025-10-03,DAY-MIL-07,1.7,47.3,11.2,0
3557,2025-10-03,DAY-PRS-01,2.63,62.9,2.9,3
3558,2025-10-03,DAY-PRS-02,3.09,63.0,11.4,0
3559,2025-10-03,DAY-PRS-03,2.87,52.1,12.4,1
3560,2025-10-03,DAY-PRS-04,2.09,58.0,9.7,2
3561,2025-10-03,DAY-RBT-01,1.1,43.5,13.3,0
3562,2025-10-03,DAY-RBT-02,1.2,46.9,10.2,0
3563,2025-10-03,DAY-RBT-03,0.93,45.6,13.5,0
3564,2025-10-03,MTY-GRD-01,1.15,44.5,9.9,0
3565,2025-10-03,MTY-GRD-02,1.39,49.4,14.8,0
3566,2025-10-03,MTY-LTH-01,2.28,55.3,14.8,0
3567,2025-10-03,MTY-LTH-02,1.84,48.3,12.4,0
3568,2025-10-03,MTY-LTH-03,1.68,50.5,8.6,0
3569,2025-10-03,MTY-LTH-04,2.4,53.2,13.5,0
3570,2025-10-03,MTY-LTH-05,2.0,53.4,10.7,0
3571,2025-10-03,MTY-MIL-01,1.43,50.9,12.8,0
3572,2025-10-03,MTY-MIL-02,1.84,48.5,10.5,0
3573,2025-10-03,MTY-MIL-03,1.78,48.8,11.0,0
3574,2025-10-03,MTY-MIL-04,1.68,47.1,7.5,0
3575,2025-10-03,MTY-MIL-05,1.45,50.2,11.5,0
3576,2025-10-03,MTY-MIL-06,2.04,45.7,10.0,0
3577,2025-10-03,MTY-PRS-01,3.92,62.7,12.3,0
3578,2025-10-03,MTY-PRS-02,2.8,62.3,14.9,0
3579,2025-10-03,MTY-PRS-03,2.95,61.0,16.0,1
3580,2025-10-03,MTY-RBT-01,1.08,41.2,10.2,1
3581,2025-10-03,MTY-RBT-02,1.05,35.2,1.0,0
3582,2025-10-06,BRN-GRD-01,1.38,48.2,13.1,0
3583,2025-10-06,BRN-LTH-01,1.92,50.0,12.8,0
3584,2025-10-06,BRN-LTH-02,1.69,51.8,13.7,0
3585,2025-10-06,BRN-LTH-03,2.18,54.3,13.9,0
3586,2025-10-06,BRN-MIL-01,1.74,46.0,4.7,3
3587,2025-10-06,BRN-MIL-02,1.56,49.7,11.4,0
3588,2025-10-06,BRN-MIL-03,1.93,48.6,14.3,0
3589,2025-10-06,BRN-MIL-04,1.86,45.3,12.3,0
3590,2025-10-06,BRN-MIL-05,1.73,43.7,11.4,0
3591,2025-10-06,BRN-MIL-06,1.4,49.1,10.5,1
3592,2025-10-06,BRN-PRS-01,2.95,61.2,12.3,0
3593,2025-10-06,BRN-PRS-02,3.1,54.3,12.0,0
3594,2025-10-06,BRN-PRS-03,3.83,63.5,12.6,3
3595,2025-10-06,BRN-RBT-01,1.16,43.3,12.8,1
3596,2025-10-06,BRN-RBT-02,1.66,47.3,15.3,0
3597,2025-10-06,DAY-GRD-01,2.09,50.2,10.3,0
3598,2025-10-06,DAY-LTH-01,2.06,45.4,13.1,0
3599,2025-10-06,DAY-LTH-02,1.58,50.3,10.5,2
3600,2025-10-06,DAY-LTH-03,2.17,52.0,10.8,1
3601,2025-10-06,DAY-LTH-04,2.07,55.3,15.0,2
3602,2025-10-06,DAY-LTH-05,2.13,51.3,9.4,0
3603,2025-10-06,DAY-MIL-01,1.6,47.8,11.3,0
3604,2025-10-06,DAY-MIL-02,1.44,48.0,9.2,0
3605,2025-10-06,DAY-MIL-04,1.88,44.4,11.0,0
3606,2025-10-06,DAY-MIL-05,1.83,52.7,12.5,0
3607,2025-10-06,DAY-MIL-06,1.76,52.5,12.7,0
3608,2025-10-06,DAY-MIL-07,2.07,46.4,14.3,0
3609,2025-10-06,DAY-PRS-02,3.13,61.2,11.3,0
3610,2025-10-06,DAY-PRS-03,2.94,56.4,13.0,0
3611,2025-10-06,DAY-PRS-04,2.33,59.1,10.6,0
3612,2025-10-06,DAY-RBT-01,1.11,41.0,11.0,0
3613,2025-10-06,DAY-RBT-02,1.13,45.4,8.0,0
3614,2025-10-06,DAY-RBT-03,0.9,45.6,11.8,0
3615,2025-10-06,MTY-GRD-01,1.26,44.2,10.9,0
3616,2025-10-06,MTY-GRD-02,1.27,47.9,11.7,0
3617,2025-10-06,MTY-LTH-01,2.33,54.5,12.8,1
3618,2025-10-06,MTY-LTH-02,1.88,47.5,12.0,0
3619,2025-10-06,MTY-LTH-03,1.93,51.4,12.3,0
3620,2025-10-06,MTY-LTH-04,2.38,51.6,13.1,0
3621,2025-10-06,MTY-LTH-05,2.2,54.5,9.5,1
3622,2025-10-06,MTY-MIL-01,1.31,52.1,10.4,0
3623,2025-10-06,MTY-MIL-02,1.91,48.9,10.0,0
3624,2025-10-06,MTY-MIL-03,1.93,47.6,11.1,0
3625,2025-10-06,MTY-MIL-04,1.56,51.4,12.5,0
3626,2025-10-06,MTY-MIL-05,1.57,48.7,11.8,0
3627,2025-10-06,MTY-MIL-06,1.89,47.2,9.5,0
3628,2025-10-06,MTY-PRS-01,3.34,66.8,16.0,1
3629,2025-10-06,MTY-PRS-02,2.76,59.7,13.2,0
3630,2025-10-06,MTY-PRS-03,2.91,58.5,11.5,0
3631,2025-10-06,MTY-RBT-01,1.19,45.4,12.4,1
3632,2025-10-06,MTY-RBT-02,1.15,35.2,10.7,0
3633,2025-10-07,BRN-GRD-01,1.21,43.8,8.4,0
3634,2025-10-07,BRN-LTH-01,1.84,47.0,10.6,0
3635,2025-10-07,BRN-LTH-02,1.51,49.1,11.1,0
3636,2025-10-07,BRN-LTH-03,2.03,50.2,9.6,0
3637,2025-10-07,BRN-MIL-02,1.59,47.4,10.8,0
3638,2025-10-07,BRN-MIL-03,1.99,45.3,8.1,0
3639,2025-10-07,BRN-MIL-04,1.7,44.7,10.8,0
3640,2025-10-07,BRN-MIL-05,1.7,47.4,13.2,0
3641,2025-10-07,BRN-MIL-06,1.47,46.6,13.5,0
3642,2025-10-07,BRN-PRS-01,3.09,61.3,12.9,0
3643,2025-10-07,BRN-PRS-02,3.5,53.1,9.1,0
3644,2025-10-07,BRN-PRS-03,3.08,55.8,2.3,3
3645,2025-10-07,BRN-RBT-01,1.13,42.2,8.6,0
3646,2025-10-07,BRN-RBT-02,1.5,48.7,14.2,0
3647,2025-10-07,DAY-GRD-01,1.82,46.7,8.8,0
3648,2025-10-07,DAY-LTH-01,2.2,43.2,12.6,1
3649,2025-10-07,DAY-LTH-02,1.45,48.3,9.8,0
3650,2025-10-07,DAY-LTH-03,2.13,50.8,9.9,1
3651,2025-10-07,DAY-LTH-04,2.01,53.4,9.1,0
3652,2025-10-07,DAY-LTH-05,2.04,52.7,12.2,0
3653,2025-10-07,DAY-MIL-01,1.53,46.9,9.9,0
3654,2025-10-07,DAY-MIL-02,1.46,50.5,11.5,0
3655,2025-10-07,DAY-MIL-03,1.7,50.4,12.9,1
3656,2025-10-07,DAY-MIL-04,1.54,44.2,9.6,1
3657,2025-10-07,DAY-MIL-05,1.63,51.1,9.8,0
3658,2025-10-07,DAY-MIL-06,1.63,52.8,11.4,0
3659,2025-10-07,DAY-MIL-07,1.91,44.5,12.6,0
3660,2025-10-07,DAY-PRS-02,3.0,59.9,10.2,0
3661,2025-10-07,DAY-PRS-03,2.8,54.3,8.9,4
3662,2025-10-07,DAY-PRS-04,2.57,59.1,11.6,1
3663,2025-10-07,DAY-RBT-01,1.15,39.6,10.6,0
3664,2025-10-07,DAY-RBT-02,1.27,49.1,10.7,0
3665,2025-10-07,DAY-RBT-03,0.88,42.4,9.3,0
3666,2025-10-07,MTY-GRD-01,1.38,47.8,15.8,1
3667,2025-10-07,MTY-GRD-02,1.3,48.3,12.9,1
3668,2025-10-07,MTY-LTH-01,2.26,54.9,14.6,0
3669,2025-10-07,MTY-LTH-02,1.88,47.0,11.4,0
3670,2025-10-07,MTY-LTH-03,1.99,51.2,13.2,3
3671,2025-10-07,MTY-LTH-04,2.44,56.1,15.7,0
3672,2025-10-07,MTY-LTH-05,2.11,54.2,12.6,1
3673,2025-10-07,MTY-MIL-01,1.35,52.3,11.2,0
3674,2025-10-07,MTY-MIL-02,1.67,48.4,10.0,1
3675,2025-10-07,MTY-MIL-03,1.9,49.5,11.7,0
3676,2025-10-07,MTY-MIL-04,1.67,48.7,12.0,0
3677,2025-10-07,MTY-MIL-05,1.54,47.2,8.5,0
3678,2025-10-07,MTY-MIL-06,1.95,43.9,8.7,1
3679,2025-10-07,MTY-PRS-01,3.47,59.1,8.8,1
3680,2025-10-07,MTY-PRS-02,2.52,61.2,12.7,1
3681,2025-10-07,MTY-PRS-03,3.11,59.4,13.2,0
3682,2025-10-07,MTY-RBT-01,1.15,44.8,10.2,1
3683,2025-10-07,MTY-RBT-02,1.04,35.6,10.5,1
3684,2025-10-08,BRN-GRD-01,1.18,45.0,9.5,0
3685,2025-10-08,BRN-LTH-01,1.83,48.9,13.7,0
3686,2025-10-08,BRN-LTH-02,1.43,49.9,10.3,0
3687,2025-10-08,BRN-LTH-03,2.34,54.9,15.4,0
3688,2025-10-08,BRN-MIL-02,1.42,47.8,12.5,2
3689,2025-10-08,BRN-MIL-03,1.66,47.3,11.7,0
3690,2025-10-08,BRN-MIL-04,1.85,45.7,13.5,0
3691,2025-10-08,BRN-MIL-05,1.6,45.6,12.1,0
3692,2025-10-08,BRN-MIL-06,1.5,44.7,10.8,0
3693,2025-10-08,BRN-PRS-01,3.11,61.4,13.0,0
3694,2025-10-08,BRN-PRS-02,3.45,56.0,16.0,0
3695,2025-10-08,BRN-PRS-03,2.93,56.2,13.3,1
3696,2025-10-08,BRN-RBT-01,1.1,43.7,9.9,0
3697,2025-10-08,BRN-RBT-02,1.27,41.3,7.8,0
3698,2025-10-08,DAY-GRD-01,1.82,48.5,8.2,0
3699,2025-10-08,DAY-LTH-01,2.04,44.9,12.9,0
3700,2025-10-08,DAY-LTH-02,1.58,51.8,12.0,0
3701,2025-10-08,DAY-LTH-03,1.98,50.0,9.0,0
3702,2025-10-08,DAY-LTH-04,1.97,57.6,12.5,0
3703,2025-10-08,DAY-LTH-05,2.1,55.8,13.5,0
3704,2025-10-08,DAY-MIL-01,1.63,48.8,15.1,1
3705,2025-10-08,DAY-MIL-02,1.36,49.6,10.2,1
3706,2025-10-08,DAY-MIL-03,1.39,50.0,12.3,1
3707,2025-10-08,DAY-MIL-04,1.63,47.5,13.5,0
3708,2025-10-08,DAY-MIL-05,1.62,51.9,11.2,1
3709,2025-10-08,DAY-MIL-06,1.65,50.6,9.4,0
3710,2025-10-08,DAY-MIL-07,1.72,42.2,6.8,0
3711,2025-10-08,DAY-PRS-01,2.91,62.1,13.1,2
3712,2025-10-08,DAY-PRS-02,2.74,62.0,8.5,0
3713,2025-10-08,DAY-PRS-03,2.79,53.8,7.7,3
3714,2025-10-08,DAY-PRS-04,2.23,58.3,10.3,1
3715,2025-10-08,DAY-RBT-01,1.12,41.9,11.9,0
3716,2025-10-08,DAY-RBT-02,1.25,48.3,13.6,1
3717,2025-10-08,DAY-RBT-03,0.94,44.7,12.1,1
3718,2025-10-08,MTY-GRD-01,1.34,45.5,12.0,1
3719,2025-10-08,MTY-GRD-02,1.26,50.5,14.5,0
3720,2025-10-08,MTY-LTH-01,1.94,51.7,10.8,0
3721,2025-10-08,MTY-LTH-02,1.87,46.8,9.3,0
3722,2025-10-08,MTY-LTH-03,1.85,51.0,12.2,0
3723,2025-10-08,MTY-LTH-04,2.57,53.7,16.0,0
3724,2025-10-08,MTY-LTH-05,2.31,54.9,14.9,0
3725,2025-10-08,MTY-MIL-01,1.48,52.8,13.7,1
3726,2025-10-08,MTY-MIL-02,1.92,50.2,11.5,0
3727,2025-10-08,MTY-MIL-03,1.82,47.9,9.0,1
3728,2025-10-08,MTY-MIL-04,1.73,49.1,12.7,0
3729,2025-10-08,MTY-MIL-05,1.39,47.5,9.1,2
3730,2025-10-08,MTY-MIL-06,2.38,46.5,14.2,0
3731,2025-10-08,MTY-PRS-01,3.25,61.9,11.9,0
3732,2025-10-08,MTY-PRS-02,2.65,61.1,12.0,0
3733,2025-10-08,MTY-PRS-03,2.77,59.4,10.7,0
3734,2025-10-08,MTY-RBT-01,1.24,46.9,16.0,3
3735,2025-10-08,MTY-RBT-02,1.08,35.6,10.3,1
3736,2025-10-09,BRN-GRD-01,1.46,49.1,15.5,0
3737,2025-10-09,BRN-LTH-01,1.93,47.6,12.8,1
3738,2025-10-09,BRN-LTH-02,1.74,48.5,13.4,0
3739,2025-10-09,BRN-LTH-03,2.1,50.5,10.9,0
3740,2025-10-09,BRN-MIL-02,1.43,47.7,10.1,1
3741,2025-10-09,BRN-MIL-03,1.75,49.1,11.2,0
3742,2025-10-09,BRN-MIL-04,1.99,45.2,12.7,0
3743,2025-10-09,BRN-MIL-05,1.71,44.2,11.7,0
3744,2025-10-09,BRN-MIL-06,1.47,48.7,12.4,0
3745,2025-10-09,BRN-PRS-01,3.07,58.9,11.7,0
3746,2025-10-09,BRN-PRS-02,3.17,54.0,13.0,0
3747,2025-10-09,BRN-PRS-03,2.89,55.6,9.2,0
3748,2025-10-09,BRN-RBT-01,1.18,44.7,13.7,0
3749,2025-10-09,BRN-RBT-02,1.45,46.5,11.1,1
3750,2025-10-09,DAY-GRD-01,2.43,50.0,12.2,0
3751,2025-10-09,DAY-LTH-01,2.26,46.5,14.3,0
3752,2025-10-09,DAY-LTH-02,1.63,51.1,14.1,0
3753,2025-10-09,DAY-LTH-03,1.8,47.0,1.0,0
3754,2025-10-09,DAY-LTH-04,2.09,54.7,11.4,1
3755,2025-10-09,DAY-LTH-05,2.05,52.6,14.7,0
3756,2025-10-09,DAY-MIL-01,1.56,49.0,14.8,0
3757,2025-10-09,DAY-MIL-02,1.63,49.3,13.0,1
3758,2025-10-09,DAY-MIL-03,1.43,46.1,8.7,0
3759,2025-10-09,DAY-MIL-04,1.7,44.8,10.0,1
3760,2025-10-09,DAY-MIL-05,1.75,51.6,11.4,0
3761,2025-10-09,DAY-MIL-06,1.72,52.9,11.7,0
3762,2025-10-09,DAY-MIL-07,1.79,43.6,9.8,0
3763,2025-10-09,DAY-PRS-01,2.86,61.2,7.7,0
3764,2025-10-09,DAY-PRS-02,3.0,63.6,12.6,1
3765,2025-10-09,DAY-PRS-03,3.07,57.5,11.2,3
3766,2025-10-09,DAY-PRS-04,2.36,59.5,10.2,0
3767,2025-10-09,DAY-RBT-01,0.96,40.9,10.3,0
3768,2025-10-09,DAY-RBT-02,1.43,48.6,13.8,0
3769,2025-10-09,DAY-RBT-03,1.07,46.8,14.3,0
3770,2025-10-09,MTY-GRD-01,1.22,47.0,12.4,0
3771,2025-10-09,MTY-GRD-02,1.18,45.3,10.9,0
3772,2025-10-09,MTY-LTH-01,2.11,55.1,16.0,0
3773,2025-10-09,MTY-LTH-02,2.09,45.8,11.3,0
3774,2025-10-09,MTY-LTH-03,1.78,50.8,10.1,0
3775,2025-10-09,MTY-LTH-04,1.94,50.5,9.6,0
3776,2025-10-09,MTY-LTH-05,2.03,48.8,7.1,0
3777,2025-10-09,MTY-MIL-01,1.26,48.6,6.7,0
3778,2025-10-09,MTY-MIL-02,1.82,47.7,11.9,1
3779,2025-10-09,MTY-MIL-03,2.03,50.1,12.1,0
3780,2025-10-09,MTY-MIL-04,1.85,51.4,15.8,0
3781,2025-10-09,MTY-MIL-05,1.46,47.5,8.6,0
3782,2025-10-09,MTY-MIL-06,2.14,48.8,13.2,0
3783,2025-10-09,MTY-PRS-01,3.41,62.8,11.4,0
3784,2025-10-09,MTY-PRS-02,3.02,64.9,15.4,0
3785,2025-10-09,MTY-PRS-03,2.79,55.7,8.1,0
3786,2025-10-09,MTY-RBT-01,1.08,46.0,13.0,4
3787,2025-10-09,MTY-RBT-02,1.21,38.6,11.4,0
3788,2025-10-10,BRN-GRD-01,1.32,46.2,8.3,0
3789,2025-10-10,BRN-LTH-01,2.03,49.0,11.7,1
3790,2025-10-10,BRN-LTH-02,1.41,45.4,8.6,0
3791,2025-10-10,BRN-LTH-03,1.99,50.8,11.7,0
3792,2025-10-10,BRN-MIL-01,1.72,44.3,11.9,0
3793,2025-10-10,BRN-MIL-02,1.51,48.5,12.0,0
3794,2025-10-10,BRN-MIL-03,1.86,47.2,11.8,0
3795,2025-10-10,BRN-MIL-04,2.03,46.3,16.0,0
3796,2025-10-10,BRN-MIL-05,1.55,45.5,12.5,0
3797,2025-10-10,BRN-MIL-06,1.56,45.2,11.4,2
3798,2025-10-10,BRN-PRS-01,3.15,60.4,9.4,0
3799,2025-10-10,BRN-PRS-02,3.28,52.6,9.3,0
3800,2025-10-10,BRN-PRS-03,2.74,53.7,9.1,0
3801,2025-10-10,BRN-RBT-01,1.13,45.0,11.7,0
3802,2025-10-10,BRN-RBT-02,1.47,44.2,11.2,0
3803,2025-10-10,DAY-GRD-01,2.53,49.8,12.3,0
3804,2025-10-10,DAY-LTH-01,2.14,42.6,12.8,0
3805,2025-10-10,DAY-LTH-02,1.59,51.2,16.0,1
3806,2025-10-10,DAY-LTH-03,1.72,48.5,8.5,0
3807,2025-10-10,DAY-LTH-04,2.1,57.7,13.3,0
3808,2025-10-10,DAY-LTH-05,1.83,51.6,9.8,0
3809,2025-10-10,DAY-MIL-01,1.6,47.1,13.2,0
3810,2025-10-10,DAY-MIL-02,1.58,49.7,13.0,0
3811,2025-10-10,DAY-MIL-03,1.49,49.1,10.9,0
3812,2025-10-10,DAY-MIL-04,1.63,49.3,13.5,0
3813,2025-10-10,DAY-MIL-05,1.74,52.0,11.7,1
3814,2025-10-10,DAY-MIL-06,1.55,51.5,10.2,0
3815,2025-10-10,DAY-MIL-07,1.98,47.1,15.4,0
3816,2025-10-10,DAY-PRS-01,2.58,61.4,10.0,0
3817,2025-10-10,DAY-PRS-02,2.81,59.2,4.3,1
3818,2025-10-10,DAY-PRS-03,3.04,55.9,11.7,5
3819,2025-10-10,DAY-PRS-04,2.73,63.3,14.3,1
3820,2025-10-10,DAY-RBT-01,1.04,41.3,11.4,0
3821,2025-10-10,DAY-RBT-02,1.26,49.1,12.7,0
3822,2025-10-10,DAY-RBT-03,0.93,44.0,8.1,0
3823,2025-10-10,MTY-GRD-01,1.26,48.0,11.6,0
3824,2025-10-10,MTY-GRD-02,1.16,48.3,12.8,1
3825,2025-10-10,MTY-LTH-01,2.16,50.9,8.9,0
3826,2025-10-10,MTY-LTH-02,2.13,49.3,13.8,0
3827,2025-10-10,MTY-LTH-03,1.97,52.4,13.7,0
3828,2025-10-10,MTY-LTH-04,2.65,55.2,14.1,0
3829,2025-10-10,MTY-LTH-05,1.99,52.3,10.2,0
3830,2025-10-10,MTY-MIL-01,1.18,47.5,6.4,0
3831,2025-10-10,MTY-MIL-02,1.9,50.7,13.7,0
3832,2025-10-10,MTY-MIL-03,1.76,47.2,2.4,0
3833,2025-10-10,MTY-MIL-04,1.62,49.7,11.5,1
3834,2025-10-10,MTY-MIL-05,1.47,48.4,10.7,0
3835,2025-10-10,MTY-MIL-06,2.03,48.6,13.2,0
3836,2025-10-10,MTY-PRS-01,3.62,64.3,14.3,1
3837,2025-10-10,MTY-PRS-02,2.67,60.6,12.7,0
3838,2025-10-10,MTY-PRS-03,2.68,57.6,12.0,0
3839,2025-10-10,MTY-RBT-01,1.34,45.4,10.9,4
3840,2025-10-10,MTY-RBT-02,1.2,40.4,16.0,0
3841,2025-10-13,BRN-GRD-01,1.42,46.3,10.2,0
3842,2025-10-13,BRN-LTH-01,2.0,46.7,11.1,0
3843,2025-10-13,BRN-LTH-02,1.55,48.6,11.9,0
3844,2025-10-13,BRN-LTH-03,2.37,51.6,13.6,0
3845,2025-10-13,BRN-MIL-01,1.6,44.0,8.5,0
3846,2025-10-13,BRN-MIL-02,1.46,48.9,13.2,0
3847,2025-10-13,BRN-MIL-03,1.87,48.2,12.6,0
3848,2025-10-13,BRN-MIL-04,1.92,44.6,13.0,0
3849,2025-10-13,BRN-MIL-05,1.63,45.1,10.7,1
3850,2025-10-13,BRN-MIL-06,1.35,46.3,9.4,0
3851,2025-10-13,BRN-PRS-01,3.08,61.3,10.5,0
3852,2025-10-13,BRN-PRS-02,3.26,53.7,13.0,0
3853,2025-10-13,BRN-PRS-03,2.54,57.3,11.7,1
3854,2025-10-13,BRN-RBT-01,1.2,42.1,10.7,0
3855,2025-10-13,BRN-RBT-02,1.51,48.2,13.9,0
3856,2025-10-13,DAY-GRD-01,2.24,51.2,12.4,0
3857,2025-10-13,DAY-LTH-01,2.28,45.4,14.6,0
3858,2025-10-13,DAY-LTH-02,1.84,49.8,9.0,1
3859,2025-10-13,DAY-LTH-03,1.86,50.8,11.3,0
3860,2025-10-13,DAY-LTH-04,2.16,55.0,12.7,0
3861,2025-10-13,DAY-LTH-05,1.92,53.7,12.5,0
3862,2025-10-13,DAY-MIL-01,1.6,46.4,10.7,0
3863,2025-10-13,DAY-MIL-02,1.44,50.6,13.0,1
3864,2025-10-13,DAY-MIL-03,1.47,48.0,11.6,0
3865,2025-10-13,DAY-MIL-04,1.84,47.8,12.9,0
3866,2025-10-13,DAY-MIL-05,1.85,52.4,13.2,0
3867,2025-10-13,DAY-MIL-06,1.72,50.9,12.0,1
3868,2025-10-13,DAY-MIL-07,1.86,43.3,11.3,0
3869,2025-10-13,DAY-PRS-01,2.71,62.5,9.3,2
3870,2025-10-13,DAY-PRS-02,2.88,62.2,10.9,0
3871,2025-10-13,DAY-PRS-03,3.67,61.1,14.5,3
3872,2025-10-13,DAY-PRS-04,2.38,59.9,12.9,0
3873,2025-10-13,DAY-RBT-01,0.99,40.9,9.5,0
3874,2025-10-13,DAY-RBT-02,1.45,46.7,13.6,0
3875,2025-10-13,DAY-RBT-03,0.9,42.7,11.4,1
3876,2025-10-13,MTY-GRD-01,1.32,45.1,9.8,0
3877,2025-10-13,MTY-GRD-02,1.33,49.4,13.3,0
3878,2025-10-13,MTY-LTH-01,2.16,53.8,10.6,1
3879,2025-10-13,MTY-LTH-02,1.83,48.1,13.1,0
3880,2025-10-13,MTY-LTH-03,2.1,52.9,12.7,0
3881,2025-10-13,MTY-LTH-04,2.4,52.9,13.0,0
3882,2025-10-13,MTY-LTH-05,2.09,53.4,9.7,0
3883,2025-10-13,MTY-MIL-01,1.35,50.7,13.1,0
3884,2025-10-13,MTY-MIL-02,2.0,51.1,13.7,0
3885,2025-10-13,MTY-MIL-03,1.78,49.4,12.7,0
3886,2025-10-13,MTY-MIL-04,1.76,50.9,12.1,0
3887,2025-10-13,MTY-MIL-05,1.48,49.9,11.3,0
3888,2025-10-13,MTY-MIL-06,1.83,42.5,7.1,0
3889,2025-10-13,MTY-PRS-01,3.55,65.6,11.5,1
3890,2025-10-13,MTY-PRS-02,2.89,59.5,12.5,0
3891,2025-10-13,MTY-PRS-03,2.79,58.0,9.9,0
3892,2025-10-13,MTY-RBT-01,1.14,44.9,11.0,4
3893,2025-10-13,MTY-RBT-02,1.13,37.2,12.0,0
3894,2025-10-14,BRN-GRD-01,1.6,47.6,14.5,0
3895,2025-10-14,BRN-LTH-01,2.08,50.7,16.0,0
3896,2025-10-14,BRN-LTH-02,1.43,46.8,8.9,0
3897,2025-10-14,BRN-LTH-03,2.17,55.5,14.3,0
3898,2025-10-14,BRN-MIL-01,1.56,42.0,8.5,0
3899,2025-10-14,BRN-MIL-02,1.45,44.9,10.7,1
3900,2025-10-14,BRN-MIL-03,1.92,47.7,12.8,0
3901,2025-10-14,BRN-MIL-04,1.88,44.0,11.3,0
3902,2025-10-14,BRN-MIL-05,1.61,45.4,14.6,0
3903,2025-10-14,BRN-MIL-06,1.49,47.6,12.0,0
3904,2025-10-14,BRN-PRS-01,3.02,61.3,11.8,2
3905,2025-10-14,BRN-PRS-02,3.37,53.0,12.1,0
3906,2025-10-14,BRN-PRS-03,3.16,55.7,11.9,0
3907,2025-10-14,BRN-RBT-01,1.2,44.3,12.0,0
3908,2025-10-14,BRN-RBT-02,1.47,45.6,13.8,0
3909,2025-10-14,DAY-GRD-01,2.12,47.1,10.8,0
3910,2025-10-14,DAY-LTH-01,2.16,46.5,11.2,0
3911,2025-10-14,DAY-LTH-02,2.1,50.7,12.9,0
3912,2025-10-14,DAY-LTH-03,2.1,49.5,12.3,0
3913,2025-10-14,DAY-LTH-04,2.25,56.1,13.1,0
3914,2025-10-14,DAY-LTH-05,1.84,51.1,9.8,0
3915,2025-10-14,DAY-MIL-01,1.54,47.3,13.6,0
3916,2025-10-14,DAY-MIL-02,1.45,48.2,9.6,1
3917,2025-10-14,DAY-MIL-03,1.49,50.1,13.6,1
3918,2025-10-14,DAY-MIL-04,1.39,44.0,8.4,0
3919,2025-10-14,DAY-MIL-05,2.06,53.3,12.9,0
3920,2025-10-14,DAY-MIL-06,1.79,52.3,10.6,0
3921,2025-10-14,DAY-MIL-07,1.87,45.7,10.9,0
3922,2025-10-14,DAY-PRS-01,3.0,64.3,12.9,1
3923,2025-10-14,DAY-PRS-02,2.96,61.4,13.5,1
3924,2025-10-14,DAY-PRS-03,3.33,57.8,7.9,3
3925,2025-10-14,DAY-PRS-04,2.38,58.8,10.7,0
3926,2025-10-14,DAY-RBT-01,1.06,41.6,10.2,0
3927,2025-10-14,DAY-RBT-02,1.32,48.5,10.8,0
3928,2025-10-14,DAY-RBT-03,0.78,40.3,7.1,1
3929,2025-10-14,MTY-GRD-01,1.25,45.5,11.9,0
3930,2025-10-14,MTY-GRD-02,1.32,48.8,12.2,0
3931,2025-10-14,MTY-LTH-01,2.36,53.4,11.4,1
3932,2025-10-14,MTY-LTH-02,2.08,46.9,11.4,0
3933,2025-10-14,MTY-LTH-03,1.98,54.0,13.0,2
3934,2025-10-14,MTY-LTH-04,2.15,52.3,7.8,1
3935,2025-10-14,MTY-LTH-05,1.95,53.0,9.3,0
3936,2025-10-14,MTY-MIL-01,1.2,51.1,11.2,0
3937,2025-10-14,MTY-MIL-02,1.79,50.3,4.7,0
3938,2025-10-14,MTY-MIL-03,1.71,46.1,10.1,0
3939,2025-10-14,MTY-MIL-04,1.88,50.2,13.3,0
3940,2025-10-14,MTY-MIL-05,1.28,47.3,9.2,0
3941,2025-10-14,MTY-MIL-06,2.03,48.1,11.2,0
3942,2025-10-14,MTY-PRS-01,3.98,63.1,8.8,1
3943,2025-10-14,MTY-PRS-02,3.02,63.1,14.8,0
3944,2025-10-14,MTY-PRS-03,3.16,58.5,12.9,0
3945,2025-10-14,MTY-RBT-01,1.3,45.1,14.1,3
3946,2025-10-14,MTY-RBT-02,1.14,37.7,10.1,0
3947,2025-10-15,BRN-GRD-01,1.4,46.9,11.6,1
3948,2025-10-15,BRN-LTH-01,1.84,48.1,13.0,0
3949,2025-10-15,BRN-LTH-02,1.49,46.1,7.5,0
3950,2025-10-15,BRN-LTH-03,2.06,50.2,9.9,1
3951,2025-10-15,BRN-MIL-01,1.51,46.6,11.3,0
3952,2025-10-15,BRN-MIL-02,1.4,46.3,13.2,1
3953,2025-10-15,BRN-MIL-03,1.87,46.5,11.2,0
3954,2025-10-15,BRN-MIL-04,2.08,46.4,14.5,0
3955,2025-10-15,BRN-MIL-05,1.84,45.6,14.8,0
3956,2025-10-15,BRN-MIL-06,1.35,46.2,12.0,0
3957,2025-10-15,BRN-PRS-01,3.02,59.4,10.1,0
3958,2025-10-15,BRN-PRS-02,3.1,52.5,9.5,0
3959,2025-10-15,BRN-PRS-03,3.17,55.6,11.9,0
3960,2025-10-15,BRN-RBT-01,1.23,42.6,13.0,0
3961,2025-10-15,BRN-RBT-02,1.46,43.9,10.7,0
3962,2025-10-15,DAY-GRD-01,2.1,49.9,12.1,0
3963,2025-10-15,DAY-LTH-01,2.05,46.3,12.4,1
3964,2025-10-15,DAY-LTH-02,2.05,48.1,8.5,0
3965,2025-10-15,DAY-LTH-03,1.94,50.8,11.2,0
3966,2025-10-15,DAY-LTH-04,2.09,53.3,9.4,0
3967,2025-10-15,DAY-LTH-05,1.9,55.2,14.5,0
3968,2025-10-15,DAY-MIL-01,1.62,48.7,14.0,1
3969,2025-10-15,DAY-MIL-02,1.53,50.5,12.2,0
3970,2025-10-15,DAY-MIL-03,1.5,48.6,12.9,0
3971,2025-10-15,DAY-MIL-04,1.65,46.6,11.1,0
3972,2025-10-15,DAY-MIL-05,1.83,49.9,11.3,0
3973,2025-10-15,DAY-MIL-06,1.59,49.9,9.4,1
3974,2025-10-15,DAY-MIL-07,1.92,45.1,12.5,0
3975,2025-10-15,DAY-PRS-01,2.96,63.7,5.6,1
3976,2025-10-15,DAY-PRS-02,3.14,62.6,11.5,1
3977,2025-10-15,DAY-PRS-03,3.19,58.2,11.4,2
3978,2025-10-15,DAY-PRS-04,2.18,58.5,11.6,0
3979,2025-10-15,DAY-RBT-01,0.95,40.9,12.7,0
3980,2025-10-15,DAY-RBT-02,1.38,48.9,12.5,0
3981,2025-10-15,DAY-RBT-03,0.9,45.0,12.1,0
3982,2025-10-15,MTY-GRD-01,1.37,48.4,11.7,1
3983,2025-10-15,MTY-GRD-02,1.35,49.2,14.4,0
3984,2025-10-15,MTY-LTH-01,2.05,53.8,11.1,1
3985,2025-10-15,MTY-LTH-02,1.95,45.5,9.5,0
3986,2025-10-15,MTY-LTH-03,2.08,55.9,13.6,0
3987,2025-10-15,MTY-LTH-04,2.62,54.0,10.6,1
3988,2025-10-15,MTY-LTH-05,2.35,54.4,13.6,0
3989,2025-10-15,MTY-MIL-01,1.29,47.9,7.3,0
3990,2025-10-15,MTY-MIL-02,1.9,47.7,14.3,0
3991,2025-10-15,MTY-MIL-03,1.67,48.3,11.9,2
3992,2025-10-15,MTY-MIL-04,1.84,48.6,11.5,1
3993,2025-10-15,MTY-MIL-05,1.53,51.7,16.0,0
3994,2025-10-15,MTY-MIL-06,2.03,47.3,12.2,0
3995,2025-10-15,MTY-PRS-01,3.86,66.8,13.2,0
3996,2025-10-15,MTY-PRS-02,2.72,61.9,12.4,0
3997,2025-10-15,MTY-PRS-03,2.84,57.2,12.2,0
3998,2025-10-15,MTY-RBT-01,1.27,45.9,12.6,3
3999,2025-10-15,MTY-RBT-02,1.12,38.0,13.4,0
4000,2025-10-16,BRN-GRD-01,1.55,46.3,12.2,0
4001,2025-10-16,BRN-LTH-01,1.82,45.9,10.2,0
4002,2025-10-16,BRN-LTH-02,1.51,47.7,10.1,0
4003,2025-10-16,BRN-LTH-03,2.13,53.3,11.2,0
4004,2025-10-16,BRN-MIL-01,1.78,43.7,11.0,0
4005,2025-10-16,BRN-MIL-02,1.42,47.5,12.7,0
4006,2025-10-16,BRN-MIL-03,1.91,45.1,9.9,1
4007,2025-10-16,BRN-MIL-04,2.32,46.0,11.5,0
4008,2025-10-16,BRN-MIL-05,1.73,43.7,4.9,0
4009,2025-10-16,BRN-MIL-06,1.57,47.4,15.1,1
4010,2025-10-16,BRN-PRS-01,3.39,60.8,11.0,1
4011,2025-10-16,BRN-PRS-02,3.58,53.6,14.9,0
4012,2025-10-16,BRN-PRS-03,3.22,53.9,12.7,0
4013,2025-10-16,BRN-RBT-01,1.22,42.9,12.4,0
4014,2025-10-16,BRN-RBT-02,1.25,44.6,9.9,0
4015,2025-10-16,DAY-GRD-01,1.96,48.6,8.9,0
4016,2025-10-16,DAY-LTH-01,1.88,40.8,8.1,0
4017,2025-10-16,DAY-LTH-02,2.39,51.5,10.6,2
4018,2025-10-16,DAY-LTH-03,1.97,50.7,10.1,0
4019,2025-10-16,DAY-LTH-04,2.02,54.6,11.4,0
4020,2025-10-16,DAY-LTH-05,2.19,55.1,15.7,0
4021,2025-10-16,DAY-MIL-01,1.6,47.9,14.9,0
4022,2025-10-16,DAY-MIL-02,1.5,50.1,10.7,0
4023,2025-10-16,DAY-MIL-03,1.62,51.8,13.7,0
4024,2025-10-16,DAY-MIL-04,1.74,50.2,14.1,0
4025,2025-10-16,DAY-MIL-05,1.82,53.5,13.7,0
4026,2025-10-16,DAY-MIL-06,1.73,50.6,10.9,1
4027,2025-10-16,DAY-MIL-07,1.82,44.7,9.7,0
4028,2025-10-16,DAY-PRS-01,2.89,65.3,12.6,0
4029,2025-10-16,DAY-PRS-02,2.9,64.2,12.2,1
4030,2025-10-16,DAY-PRS-03,3.41,59.5,11.5,1
4031,2025-10-16,DAY-PRS-04,2.13,57.7,9.1,0
4032,2025-10-16,DAY-RBT-01,1.03,42.1,9.1,0
4033,2025-10-16,DAY-RBT-02,1.2,46.0,10.2,0
4034,2025-10-16,DAY-RBT-03,0.94,41.5,9.5,0
4035,2025-10-16,MTY-GRD-01,1.33,45.7,10.8,0
4036,2025-10-16,MTY-GRD-02,1.25,47.1,11.4,0
4037,2025-10-16,MTY-LTH-01,2.11,50.5,7.6,0
4038,2025-10-16,MTY-LTH-02,2.04,48.1,12.6,0
4039,2025-10-16,MTY-LTH-03,2.02,52.9,9.2,3
4040,2025-10-16,MTY-LTH-04,2.54,53.3,13.6,0
4041,2025-10-16,MTY-LTH-05,2.13,52.8,12.6,0
4042,2025-10-16,MTY-MIL-01,1.31,49.0,9.2,0
4043,2025-10-16,MTY-MIL-02,1.7,49.2,12.0,0
4044,2025-10-16,MTY-MIL-03,1.69,47.5,10.9,0
4045,2025-10-16,MTY-MIL-04,1.69,49.3,13.7,0
4046,2025-10-16,MTY-MIL-05,1.54,49.0,11.3,1
4047,2025-10-16,MTY-MIL-06,2.13,46.6,13.2,0
4048,2025-10-16,MTY-PRS-01,4.12,65.8,12.0,0
4049,2025-10-16,MTY-PRS-02,2.76,60.2,11.3,0
4050,2025-10-16,MTY-PRS-03,2.93,58.5,13.3,0
4051,2025-10-16,MTY-RBT-01,1.26,45.4,11.4,3
4052,2025-10-16,MTY-RBT-02,1.06,35.9,10.5,0
4053,2025-10-17,BRN-GRD-01,1.56,49.7,13.7,0
4054,2025-10-17,BRN-LTH-01,2.09,48.3,12.1,0
4055,2025-10-17,BRN-LTH-02,1.68,51.4,15.8,0
4056,2025-10-17,BRN-LTH-03,2.0,52.7,13.1,0
4057,2025-10-17,BRN-MIL-01,1.87,45.3,12.8,0
4058,2025-10-17,BRN-MIL-02,1.34,47.4,10.7,0
4059,2025-10-17,BRN-MIL-03,1.68,45.2,1.9,0
4060,2025-10-17,BRN-MIL-04,1.99,43.4,10.2,1
4061,2025-10-17,BRN-MIL-05,1.45,42.1,10.0,1
4062,2025-10-17,BRN-MIL-06,1.53,45.5,12.6,0
4063,2025-10-17,BRN-PRS-01,2.73,58.1,5.1,0
4064,2025-10-17,BRN-PRS-02,3.69,54.4,13.3,0
4065,2025-10-17,BRN-PRS-03,3.08,54.9,11.7,1
4066,2025-10-17,BRN-RBT-01,1.24,41.6,9.7,0
4067,2025-10-17,BRN-RBT-02,1.33,43.5,9.3,0
4068,2025-10-17,DAY-GRD-01,2.33,49.8,13.9,2
4069,2025-10-17,DAY-LTH-01,2.26,43.3,13.3,1
4070,2025-10-17,DAY-LTH-02,2.56,53.9,14.7,1
4071,2025-10-17,DAY-LTH-03,1.9,47.9,9.4,0
4072,2025-10-17,DAY-LTH-04,2.08,56.2,13.8,0
4073,2025-10-17,DAY-LTH-05,2.06,53.3,11.3,0
4074,2025-10-17,DAY-MIL-01,1.34,45.0,9.7,1
4075,2025-10-17,DAY-MIL-02,1.38,49.0,10.6,0
4076,2025-10-17,DAY-MIL-03,1.53,46.2,11.2,0
4077,2025-10-17,DAY-MIL-04,1.52,46.0,11.0,0
4078,2025-10-17,DAY-MIL-05,1.85,50.5,10.0,0
4079,2025-10-17,DAY-MIL-06,1.58,51.8,10.1,0
4080,2025-10-17,DAY-MIL-07,2.01,44.1,10.6,0
4081,2025-10-17,DAY-PRS-01,3.15,65.1,11.3,3
4082,2025-10-17,DAY-PRS-02,3.46,67.3,14.7,4
4083,2025-10-17,DAY-PRS-03,3.11,60.9,9.4,4
4084,2025-10-17,DAY-PRS-04,2.4,58.6,9.9,0
4085,2025-10-17,DAY-RBT-01,0.98,41.2,13.1,0
4086,2025-10-17,DAY-RBT-02,1.27,48.6,10.5,0
4087,2025-10-17,DAY-RBT-03,0.89,44.1,11.7,0
4088,2025-10-17,MTY-GRD-01,1.43,47.5,13.2,0
4089,2025-10-17,MTY-GRD-02,1.32,50.4,13.7,0
4090,2025-10-17,MTY-LTH-01,2.13,51.9,11.6,0
4091,2025-10-17,MTY-LTH-02,2.1,48.8,14.2,1
4092,2025-10-17,MTY-LTH-03,2.0,52.7,11.9,2
4093,2025-10-17,MTY-LTH-04,2.46,53.1,12.2,0
4094,2025-10-17,MTY-LTH-05,2.14,52.5,9.7,1
4095,2025-10-17,MTY-MIL-01,1.46,51.7,13.8,0
4096,2025-10-17,MTY-MIL-02,1.94,49.4,13.9,0
4097,2025-10-17,MTY-MIL-03,1.71,46.9,12.3,0
4098,2025-10-17,MTY-MIL-04,1.67,49.9,13.2,0
4099,2025-10-17,MTY-MIL-05,1.47,49.2,11.9,0
4100,2025-10-17,MTY-MIL-06,1.87,46.0,2.8,0
4101,2025-10-17,MTY-PRS-01,3.95,66.8,11.9,1
4102,2025-10-17,MTY-PRS-02,2.49,58.8,10.5,0
4103,2025-10-17,MTY-PRS-03,2.72,58.8,12.0,1
4104,2025-10-17,MTY-RBT-01,1.32,47.6,15.2,3
4105,2025-10-17,MTY-RBT-02,1.05,38.1,10.6,0
4106,2025-10-20,BRN-GRD-01,1.2,41.2,1.0,1
4107,2025-10-20,BRN-LTH-01,1.83,44.2,7.6,0
4108,2025-10-20,BRN-LTH-02,1.56,47.4,8.6,0
4109,2025-10-20,BRN-LTH-03,1.88,48.8,6.2,0
4110,2025-10-20,BRN-MIL-01,1.7,47.4,16.0,0
4111,2025-10-20,BRN-MIL-02,1.47,49.0,13.8,0
4112,2025-10-20,BRN-MIL-03,1.84,44.9,12.1,0
4113,2025-10-20,BRN-MIL-04,2.16,44.1,8.2,0
4114,2025-10-20,BRN-MIL-05,1.56,43.5,10.4,1
4115,2025-10-20,BRN-MIL-06,1.54,44.8,9.0,0
4116,2025-10-20,BRN-PRS-01,2.7,58.5,12.8,1
4117,2025-10-20,BRN-PRS-02,3.73,53.2,12.8,0
4118,2025-10-20,BRN-PRS-03,3.02,53.1,10.5,0
4119,2025-10-20,BRN-RBT-01,1.19,42.1,9.0,0
4120,2025-10-20,BRN-RBT-02,1.64,47.6,12.1,0
4121,2025-10-20,DAY-GRD-01,2.45,49.4,13.3,1
4122,2025-10-20,DAY-LTH-01,2.19,45.1,12.4,1
4123,2025-10-20,DAY-LTH-02,2.46,51.3,10.9,0
4124,2025-10-20,DAY-LTH-03,1.97,50.3,11.1,0
4125,2025-10-20,DAY-LTH-04,1.86,53.3,9.3,0
4126,2025-10-20,DAY-LTH-05,2.1,54.4,13.7,1
4127,2025-10-20,DAY-MIL-01,1.34,45.6,10.8,0
4128,2025-10-20,DAY-MIL-02,1.43,51.2,9.5,1
4129,2025-10-20,DAY-MIL-03,1.53,47.9,12.9,0
4130,2025-10-20,DAY-MIL-04,1.49,45.5,10.7,0
4131,2025-10-20,DAY-MIL-05,1.69,51.7,13.1,0
4132,2025-10-20,DAY-MIL-06,1.59,54.1,14.3,0
4133,2025-10-20,DAY-MIL-07,1.87,46.2,12.3,0
4134,2025-10-20,DAY-PRS-01,3.17,63.2,10.4,2
4135,2025-10-20,DAY-PRS-02,3.45,64.8,10.6,1
4136,2025-10-20,DAY-PRS-03,2.46,53.4,4.1,3
4137,2025-10-20,DAY-PRS-04,2.22,56.2,9.6,0
4138,2025-10-20,DAY-RBT-01,0.96,41.4,11.0,0
4139,2025-10-20,DAY-RBT-02,1.37,47.2,14.2,1
4140,2025-10-20,DAY-RBT-03,0.97,43.9,13.6,0
4141,2025-10-20,MTY-GRD-01,1.38,46.1,10.5,0
4142,2025-10-20,MTY-GRD-02,1.43,50.1,12.6,0
4143,2025-10-20,MTY-LTH-01,2.1,53.8,10.6,1
4144,2025-10-20,MTY-LTH-02,1.77,45.2,8.3,0
4145,2025-10-20,MTY-LTH-03,2.19,53.0,10.9,1
4146,2025-10-20,MTY-LTH-04,2.74,55.7,15.1,2
4147,2025-10-20,MTY-LTH-05,1.96,53.2,12.2,0
4148,2025-10-20,MTY-MIL-01,1.4,52.1,13.9,0
4149,2025-10-20,MTY-MIL-02,1.68,47.5,12.3,0
4150,2025-10-20,MTY-MIL-03,1.78,50.7,13.6,0
4151,2025-10-20,MTY-MIL-04,1.64,48.5,11.3,0
4152,2025-10-20,MTY-MIL-05,1.44,48.1,9.7,1
4153,2025-10-20,MTY-MIL-06,2.06,44.8,12.5,0
4154,2025-10-20,MTY-PRS-01,4.39,68.0,10.8,1
4155,2025-10-20,MTY-PRS-02,2.95,61.5,12.6,1
4156,2025-10-20,MTY-PRS-03,2.9,56.2,8.4,1
4157,2025-10-20,MTY-RBT-01,1.42,46.3,14.8,8
4158,2025-10-20,MTY-RBT-02,1.18,37.0,9.8,0
4159,2025-10-21,BRN-GRD-01,1.26,47.5,11.9,0
4160,2025-10-21,BRN-LTH-01,1.91,46.4,12.0,1
4161,2025-10-21,BRN-LTH-02,1.74,45.9,11.1,0
4162,2025-10-21,BRN-LTH-03,2.17,55.5,14.5,0
4163,2025-10-21,BRN-MIL-01,1.59,43.8,12.9,0
4164,2025-10-21,BRN-MIL-02,1.27,46.8,8.0,0
4165,2025-10-21,BRN-MIL-03,1.75,44.8,11.8,0
4166,2025-10-21,BRN-MIL-04,2.4,47.9,11.9,0
4167,2025-10-21,BRN-MIL-05,1.53,45.7,14.7,0
4168,2025-10-21,BRN-MIL-06,1.46,45.0,11.8,0
4169,2025-10-21,BRN-PRS-01,3.07,56.8,13.1,0
4170,2025-10-21,BRN-PRS-02,3.59,50.1,9.4,0
4171,2025-10-21,BRN-PRS-03,2.82,53.4,12.0,0
4172,2025-10-21,BRN-RBT-01,1.27,45.3,14.9,0
4173,2025-10-21,BRN-RBT-02,1.48,47.5,12.0,0
4174,2025-10-21,DAY-GRD-01,2.14,48.1,9.7,0
4175,2025-10-21,DAY-LTH-01,1.99,43.6,9.2,1
4176,2025-10-21,DAY-LTH-02,2.38,53.4,12.3,0
4177,2025-10-21,DAY-LTH-03,2.12,49.8,12.6,0
4178,2025-10-21,DAY-LTH-04,2.33,56.3,13.9,1
4179,2025-10-21,DAY-LTH-05,2.03,54.1,13.1,0
4180,2025-10-21,DAY-MIL-01,1.47,50.0,14.9,0
4181,2025-10-21,DAY-MIL-02,1.54,50.6,12.5,0
4182,2025-10-21,DAY-MIL-03,1.32,47.1,8.5,0
4183,2025-10-21,DAY-MIL-04,1.58,45.5,10.8,0
4184,2025-10-21,DAY-MIL-05,1.84,52.7,14.2,1
4185,2025-10-21,DAY-MIL-06,1.71,53.6,13.4,0
4186,2025-10-21,DAY-MIL-07,1.95,46.9,13.4,0
4187,2025-10-21,DAY-PRS-01,3.22,66.0,11.6,4
4188,2025-10-21,DAY-PRS-02,3.36,68.0,12.0,2
4189,2025-10-21,DAY-PRS-03,2.8,51.6,8.2,1
4190,2025-10-21,DAY-PRS-04,2.13,56.3,9.5,0
4191,2025-10-21,DAY-RBT-01,1.09,39.3,10.5,0
4192,2025-10-21,DAY-RBT-02,1.42,47.7,12.9,0
4193,2025-10-21,DAY-RBT-03,0.89,39.6,6.1,0
4194,2025-10-21,MTY-GRD-01,1.32,45.7,10.9,1
4195,2025-10-21,MTY-GRD-02,1.51,49.6,14.9,0
4196,2025-10-21,MTY-LTH-01,1.88,51.2,9.3,1
4197,2025-10-21,MTY-LTH-02,2.14,45.2,9.5,0
4198,2025-10-21,MTY-LTH-03,2.35,57.1,13.6,1
4199,2025-10-21,MTY-LTH-04,2.74,54.3,13.0,1
4200,2025-10-21,MTY-LTH-05,2.13,55.1,12.5,0
4201,2025-10-21,MTY-MIL-01,1.49,50.0,13.2,0
4202,2025-10-21,MTY-MIL-02,1.7,48.5,13.9,0
4203,2025-10-21,MTY-MIL-03,1.92,49.2,13.9,1
4204,2025-10-21,MTY-MIL-04,1.61,47.2,7.4,0
4205,2025-10-21,MTY-MIL-05,1.74,45.8,9.6,0
4206,2025-10-21,MTY-MIL-06,2.09,44.5,9.9,1
4207,2025-10-21,MTY-PRS-01,4.8,72.6,14.1,0
4208,2025-10-21,MTY-PRS-02,2.78,58.6,10.4,0
4209,2025-10-21,MTY-PRS-03,2.76,57.1,10.6,0
4210,2025-10-21,MTY-RBT-01,1.32,43.6,12.2,3
4211,2025-10-21,MTY-RBT-02,1.06,36.5,11.2,0
4212,2025-10-22,BRN-GRD-01,1.23,44.5,13.4,0
4213,2025-10-22,BRN-LTH-01,1.81,44.7,9.4,0
4214,2025-10-22,BRN-LTH-02,1.77,48.1,12.0,0
4215,2025-10-22,BRN-LTH-03,2.22,53.0,10.7,0
4216,2025-10-22,BRN-MIL-01,1.66,44.6,10.6,0
4217,2025-10-22,BRN-MIL-02,1.33,46.1,7.3,0
4218,2025-10-22,BRN-MIL-03,1.55,43.4,7.9,0
4219,2025-10-22,BRN-MIL-04,2.51,46.4,10.7,0
4220,2025-10-22,BRN-MIL-05,1.53,42.3,13.0,0
4221,2025-10-22,BRN-MIL-06,1.52,45.9,11.6,0
4222,2025-10-22,BRN-PRS-01,3.15,58.7,11.5,0
4223,2025-10-22,BRN-PRS-02,3.11,49.9,9.4,0
4224,2025-10-22,BRN-PRS-03,3.19,57.3,13.5,1
4225,2025-10-22,BRN-RBT-01,1.06,41.3,9.4,0
4226,2025-10-22,BRN-RBT-02,1.62,45.4,12.5,0
4227,2025-10-22,DAY-GRD-01,2.35,51.9,16.0,0
4228,2025-10-22,DAY-LTH-01,2.26,44.5,13.0,0
4229,2025-10-22,DAY-LTH-02,2.33,53.1,14.5,0
4230,2025-10-22,DAY-LTH-03,2.04,50.9,10.2,0
4231,2025-10-22,DAY-LTH-04,2.23,54.1,11.5,0
4232,2025-10-22,DAY-LTH-05,2.21,53.7,13.8,0
4233,2025-10-22,DAY-MIL-01,1.56,45.9,12.3,0
4234,2025-10-22,DAY-MIL-02,1.6,46.7,9.2,1
4235,2025-10-22,DAY-MIL-03,1.53,45.7,9.6,0
4236,2025-10-22,DAY-MIL-04,1.53,44.2,10.5,0
4237,2025-10-22,DAY-MIL-05,1.91,48.9,11.1,0
4238,2025-10-22,DAY-MIL-06,1.6,52.0,13.0,0
4239,2025-10-22,DAY-MIL-07,1.91,44.2,12.1,0
4240,2025-10-22,DAY-PRS-01,3.18,66.8,12.7,1
4241,2025-10-22,DAY-PRS-02,3.35,71.4,14.2,2
4242,2025-10-22,DAY-PRS-03,2.94,55.6,13.6,2
4243,2025-10-22,DAY-PRS-04,2.09,55.8,8.3,0
4244,2025-10-22,DAY-RBT-01,1.03,37.4,8.3,0
4245,2025-10-22,DAY-RBT-02,1.35,49.1,14.7,1
4246,2025-10-22,DAY-RBT-03,0.93,43.1,11.3,0
4247,2025-10-22,MTY-GRD-01,1.42,43.3,10.2,0
4248,2025-10-22,MTY-GRD-02,1.36,49.4,13.1,0
4249,2025-10-22,MTY-LTH-01,2.05,52.9,12.4,0
4250,2025-10-22,MTY-LTH-02,2.14,48.6,11.7,1
4251,2025-10-22,MTY-LTH-03,2.24,53.5,12.5,3
4252,2025-10-22,MTY-LTH-04,2.71,54.9,15.4,1
4253,2025-10-22,MTY-LTH-05,1.96,55.1,12.2,0
4254,2025-10-22,MTY-MIL-01,1.32,48.3,7.7,0
4255,2025-10-22,MTY-MIL-02,1.82,47.5,10.9,0
4256,2025-10-22,MTY-MIL-03,1.74,48.8,13.2,0
4257,2025-10-22,MTY-MIL-04,1.74,50.7,12.7,0
4258,2025-10-22,MTY-MIL-05,1.56,50.3,10.8,0
4259,2025-10-22,MTY-MIL-06,1.98,43.8,10.1,0
4260,2025-10-22,MTY-PRS-01,5.2,72.0,12.6,1
4261,2025-10-22,MTY-PRS-02,2.85,62.0,13.6,0
4262,2025-10-22,MTY-PRS-03,2.64,56.9,9.1,0
4263,2025-10-22,MTY-RBT-01,1.11,41.8,6.7,3
4264,2025-10-22,MTY-RBT-02,1.13,35.2,8.8,0
4265,2025-10-23,BRN-GRD-01,1.35,48.7,13.0,0
4266,2025-10-23,BRN-LTH-01,1.94,46.7,16.0,0
4267,2025-10-23,BRN-LTH-02,1.78,47.4,12.5,0
4268,2025-10-23,BRN-LTH-03,2.29,51.5,10.6,0
4269,2025-10-23,BRN-MIL-01,1.84,47.0,14.2,0
4270,2025-10-23,BRN-MIL-02,1.35,44.9,8.7,0
4271,2025-10-23,BRN-MIL-03,1.79,43.9,11.5,0
4272,2025-10-23,BRN-MIL-04,2.69,45.6,12.8,0
4273,2025-10-23,BRN-MIL-05,1.64,44.2,9.8,0
4274,2025-10-23,BRN-MIL-06,1.57,47.4,12.4,1
4275,2025-10-23,BRN-PRS-01,2.85,57.0,11.1,0
4276,2025-10-23,BRN-PRS-02,3.67,54.0,13.5,1
4277,2025-10-23,BRN-PRS-03,2.9,54.4,11.8,1
4278,2025-10-23,BRN-RBT-01,0.96,40.7,6.7,1
4279,2025-10-23,BRN-RBT-02,1.51,45.6,12.4,0
4280,2025-10-23,DAY-GRD-01,2.17,50.1,12.5,1
4281,2025-10-23,DAY-LTH-01,2.16,45.3,9.6,0
4282,2025-10-23,DAY-LTH-02,2.04,52.3,11.4,1
4283,2025-10-23,DAY-LTH-03,2.1,53.6,15.6,0
4284,2025-10-23,DAY-LTH-04,2.0,53.2,11.0,0
4285,2025-10-23,DAY-LTH-05,2.17,51.7,10.8,0
4286,2025-10-23,DAY-MIL-01,1.58,46.9,15.0,0
4287,2025-10-23,DAY-MIL-02,1.5,48.9,12.7,0
4288,2025-10-23,DAY-MIL-03,1.55,47.1,11.4,0
4289,2025-10-23,DAY-MIL-04,1.64,45.7,9.7,0
4290,2025-10-23,DAY-MIL-05,1.63,48.9,6.9,0
4291,2025-10-23,DAY-MIL-06,1.77,54.1,14.3,0
4292,2025-10-23,DAY-MIL-07,1.92,44.9,11.3,0
4293,2025-10-23,DAY-PRS-01,3.28,68.8,13.9,6
4294,2025-10-23,DAY-PRS-02,3.35,67.8,13.8,4
4295,2025-10-23,DAY-PRS-03,2.67,56.1,13.2,0
4296,2025-10-23,DAY-PRS-04,2.22,58.0,12.4,0
4297,2025-10-23,DAY-RBT-01,1.04,42.0,13.0,0
4298,2025-10-23,DAY-RBT-02,1.47,46.5,12.7,0
4299,2025-10-23,DAY-RBT-03,0.93,45.3,13.1,0
4300,2025-10-23,MTY-GRD-01,1.39,46.5,13.2,1
4301,2025-10-23,MTY-GRD-02,1.39,48.4,13.1,1
4302,2025-10-23,MTY-LTH-01,2.24,54.5,10.0,0
4303,2025-10-23,MTY-LTH-02,2.21,50.5,13.1,1
4304,2025-10-23,MTY-LTH-03,2.44,55.0,13.6,1
4305,2025-10-23,MTY-LTH-04,2.77,54.2,12.0,1
4306,2025-10-23,MTY-LTH-05,2.16,53.1,13.1,0
4307,2025-10-23,MTY-MIL-01,1.48,50.0,11.3,0
4308,2025-10-23,MTY-MIL-02,1.67,45.8,10.5,0
4309,2025-10-23,MTY-MIL-03,1.64,47.9,9.3,0
4310,2025-10-23,MTY-MIL-04,1.81,47.1,14.8,0
4311,2025-10-23,MTY-MIL-05,1.53,48.6,11.4,0
4312,2025-10-23,MTY-MIL-06,1.7,46.4,10.5,1
4313,2025-10-23,MTY-PRS-01,5.13,71.2,8.4,3
4314,2025-10-23,MTY-PRS-02,2.81,61.9,12.9,0
4315,2025-10-23,MTY-PRS-03,2.91,58.9,13.3,0
4316,2025-10-23,MTY-RBT-01,1.22,41.7,12.0,0
4317,2025-10-23,MTY-RBT-02,1.25,38.7,13.8,0
4318,2025-10-24,BRN-GRD-01,1.17,43.9,9.9,0
4319,2025-10-24,BRN-LTH-01,1.78,46.1,12.0,1
4320,2025-10-24,BRN-LTH-02,1.46,48.1,8.6,0
4321,2025-10-24,BRN-LTH-03,2.29,53.0,13.7,0
4322,2025-10-24,BRN-MIL-01,1.69,42.9,1.0,0
4323,2025-10-24,BRN-MIL-02,1.35,45.5,11.2,0
4324,2025-10-24,BRN-MIL-03,1.71,45.4,11.7,1
4325,2025-10-24,BRN-MIL-04,2.75,46.7,9.4,2
4326,2025-10-24,BRN-MIL-05,1.63,44.3,13.8,0
4327,2025-10-24,BRN-MIL-06,1.64,46.0,12.1,1
4328,2025-10-24,BRN-PRS-01,2.77,57.5,10.6,1
4329,2025-10-24,BRN-PRS-02,3.55,55.8,15.1,1
4330,2025-10-24,BRN-PRS-03,2.92,53.4,5.4,0
4331,2025-10-24,BRN-RBT-01,1.28,44.4,15.7,3
4332,2025-10-24,BRN-RBT-02,1.37,45.1,9.6,0
4333,2025-10-24,DAY-GRD-01,2.03,48.9,11.1,0
4334,2025-10-24,DAY-LTH-01,2.19,43.9,11.8,0
4335,2025-10-24,DAY-LTH-02,1.83,50.9,11.5,0
4336,2025-10-24,DAY-LTH-03,2.03,50.5,13.8,0
4337,2025-10-24,DAY-LTH-04,2.06,52.8,10.5,0
4338,2025-10-24,DAY-LTH-05,1.97,54.2,14.4,0
4339,2025-10-24,DAY-MIL-01,1.4,49.1,14.5,0
4340,2025-10-24,DAY-MIL-02,1.54,50.9,13.8,0
4341,2025-10-24,DAY-MIL-03,1.46,48.8,11.6,0
4342,2025-10-24,DAY-MIL-04,1.72,45.5,10.5,0
4343,2025-10-24,DAY-MIL-05,1.88,51.9,13.3,0
4344,2025-10-24,DAY-MIL-06,2.03,52.6,14.3,0
4345,2025-10-24,DAY-MIL-07,2.05,44.1,11.3,0
4346,2025-10-24,DAY-PRS-01,3.5,67.6,11.1,2
4347,2025-10-24,DAY-PRS-02,3.7,67.5,12.3,2
4348,2025-10-24,DAY-PRS-03,3.15,57.9,13.8,2
4349,2025-10-24,DAY-PRS-04,2.24,59.8,12.8,0
4350,2025-10-24,DAY-RBT-01,1.07,39.9,10.9,0
4351,2025-10-24,DAY-RBT-02,1.45,48.9,14.3,1
4352,2025-10-24,DAY-RBT-03,0.87,45.0,13.1,0
4353,2025-10-24,MTY-GRD-01,1.44,48.1,14.1,0
4354,2025-10-24,MTY-GRD-02,1.26,44.6,6.8,0
4355,2025-10-24,MTY-LTH-01,2.33,52.2,11.5,2
4356,2025-10-24,MTY-LTH-02,2.0,47.6,12.3,0
4357,2025-10-24,MTY-LTH-03,2.45,53.5,9.6,1
4358,2025-10-24,MTY-LTH-04,2.44,51.7,9.6,1
4359,2025-10-24,MTY-LTH-05,2.1,52.6,11.0,0
4360,2025-10-24,MTY-MIL-01,1.29,50.9,11.7,1
4361,2025-10-24,MTY-MIL-02,1.78,48.2,12.9,0
4362,2025-10-24,MTY-MIL-03,1.62,48.2,10.6,0
4363,2025-10-24,MTY-MIL-04,1.8,47.6,13.7,0
4364,2025-10-24,MTY-MIL-05,1.63,49.5,13.3,0
4365,2025-10-24,MTY-MIL-06,2.06,45.5,10.5,0
4366,2025-10-24,MTY-PRS-01,5.55,73.0,14.4,3
4367,2025-10-24,MTY-PRS-02,2.51,58.0,9.0,0
4368,2025-10-24,MTY-PRS-03,2.97,56.7,8.2,0
4369,2025-10-24,MTY-RBT-01,1.09,42.7,10.0,0
4370,2025-10-24,MTY-RBT-02,1.08,37.1,10.7,0
4371,2025-10-27,BRN-GRD-01,1.24,42.5,11.4,0
4372,2025-10-27,BRN-LTH-01,2.14,47.3,14.0,0
4373,2025-10-27,BRN-LTH-02,1.57,47.3,10.3,0
4374,2025-10-27,BRN-LTH-03,2.11,53.4,14.4,1
4375,2025-10-27,BRN-MIL-01,1.57,43.9,9.6,0
4376,2025-10-27,BRN-MIL-02,1.56,49.2,14.9,0
4377,2025-10-27,BRN-MIL-03,1.88,45.5,12.6,0
4378,2025-10-27,BRN-MIL-04,2.94,48.9,11.3,2
4379,2025-10-27,BRN-MIL-05,1.41,40.2,9.1,0
4380,2025-10-27,BRN-MIL-06,1.64,46.4,11.8,1
4381,2025-10-27,BRN-PRS-01,2.63,59.2,11.0,0
4382,2025-10-27,BRN-PRS-02,3.45,53.8,14.2,0
4383,2025-10-27,BRN-PRS-03,3.01,55.3,13.1,0
4384,2025-10-27,BRN-RBT-01,1.27,44.2,12.6,1
4385,2025-10-27,BRN-RBT-02,1.46,44.7,9.0,0
4386,2025-10-27,DAY-GRD-01,2.27,46.6,13.3,0
4387,2025-10-27,DAY-LTH-01,2.17,42.0,10.1,0
4388,2025-10-27,DAY-LTH-02,1.67,50.6,13.1,1
4389,2025-10-27,DAY-LTH-03,2.02,47.7,9.6,0
4390,2025-10-27,DAY-LTH-04,2.16,54.1,12.6,0
4391,2025-10-27,DAY-LTH-05,2.23,53.3,10.9,0
4392,2025-10-27,DAY-MIL-01,1.48,46.6,9.7,0
4393,2025-10-27,DAY-MIL-02,1.52,50.1,13.2,1
4394,2025-10-27,DAY-MIL-03,1.71,45.8,8.6,0
4395,2025-10-27,DAY-MIL-04,1.79,45.9,14.0,0
4396,2025-10-27,DAY-MIL-05,1.96,52.3,12.3,0
4397,2025-10-27,DAY-MIL-06,1.68,51.6,11.9,0
4398,2025-10-27,DAY-MIL-07,1.93,44.3,10.8,0
4399,2025-10-27,DAY-PRS-01,2.75,60.2,6.3,3
4400,2025-10-27,DAY-PRS-02,3.48,70.7,13.5,2
4401,2025-10-27,DAY-PRS-03,3.28,53.2,10.9,0
4402,2025-10-27,DAY-PRS-04,2.07,56.7,9.3,0
4403,2025-10-27,DAY-RBT-01,1.1,38.9,8.9,0
4404,2025-10-27,DAY-RBT-02,1.25,47.4,12.7,0
4405,2025-10-27,DAY-RBT-03,0.93,44.6,11.1,0
4406,2025-10-27,MTY-GRD-01,1.22,45.6,8.6,1
4407,2025-10-27,MTY-GRD-02,1.18,45.6,9.2,0
4408,2025-10-27,MTY-LTH-01,2.23,52.7,9.1,1
4409,2025-10-27,MTY-LTH-02,2.24,50.4,12.9,0
4410,2025-10-27,MTY-LTH-03,2.44,55.9,11.5,4
4411,2025-10-27,MTY-LTH-04,3.04,57.7,12.9,5
4412,2025-10-27,MTY-LTH-05,1.98,53.4,12.0,1
4413,2025-10-27,MTY-MIL-01,1.36,51.8,12.6,0
4414,2025-10-27,MTY-MIL-02,1.69,48.0,12.8,1
4415,2025-10-27,MTY-MIL-03,1.73,47.2,9.7,0
4416,2025-10-27,MTY-MIL-04,1.67,48.0,9.4,0
4417,2025-10-27,MTY-MIL-05,1.52,49.6,11.1,0
4418,2025-10-27,MTY-MIL-06,2.13,48.0,15.7,0
4419,2025-10-27,MTY-PRS-01,4.78,64.6,1.7,3
4420,2025-10-27,MTY-PRS-02,2.9,59.8,12.3,0
4421,2025-10-27,MTY-PRS-03,3.01,58.4,8.9,0
4422,2025-10-27,MTY-RBT-01,1.22,42.5,13.1,0
4423,2025-10-27,MTY-RBT-02,1.09,36.6,8.2,0
4424,2025-10-28,DAY-GRD-01,2.31,49.2,10.9,0
4425,2025-10-28,DAY-LTH-01,2.07,44.0,12.4,1
4426,2025-10-28,DAY-LTH-02,1.65,48.5,10.3,1
4427,2025-10-28,DAY-LTH-03,1.89,51.2,11.3,0
4428,2025-10-28,DAY-LTH-04,2.06,53.5,12.5,1
4429,2025-10-28,DAY-LTH-05,2.0,54.0,13.1,0
4430,2025-10-28,DAY-MIL-01,1.36,43.8,8.4,0
4431,2025-10-28,DAY-MIL-02,1.45,49.4,9.5,1
4432,2025-10-28,DAY-MIL-03,1.6,47.0,10.2,0
4433,2025-10-28,DAY-MIL-04,1.54,45.9,10.7,0
4434,2025-10-28,DAY-MIL-05,1.96,53.6,14.5,0
4435,2025-10-28,DAY-MIL-06,1.6,50.9,10.0,0
4436,2025-10-28,DAY-MIL-07,1.82,44.7,10.4,1
4437,2025-10-28,DAY-PRS-01,2.55,59.8,13.7,0
4438,2025-10-28,DAY-PRS-02,3.42,67.5,7.4,4
4439,2025-10-28,DAY-PRS-03,3.3,55.5,14.4,1
4440,2025-10-28,DAY-PRS-04,2.23,56.2,8.8,0
4441,2025-10-28,DAY-RBT-01,1.12,41.8,11.4,0
4442,2025-10-28,DAY-RBT-02,1.51,45.9,13.0,0
4443,2025-10-28,DAY-RBT-03,0.86,41.0,8.6,0
4444,2025-10-28,MTY-GRD-01,1.34,46.2,10.6,0
4445,2025-10-28,MTY-GRD-02,1.33,48.5,12.4,0
4446,2025-10-28,MTY-LTH-01,2.24,56.2,13.8,1
4447,2025-10-28,MTY-LTH-02,2.25,50.8,12.2,0
4448,2025-10-28,MTY-LTH-03,2.52,56.8,15.0,7
4449,2025-10-28,MTY-LTH-04,3.18,54.5,8.2,3
4450,2025-10-28,MTY-LTH-05,2.29,57.1,16.0,0
4451,2025-10-28,MTY-MIL-01,1.39,51.6,13.7,0
4452,2025-10-28,MTY-MIL-02,1.7,47.9,10.6,0
4453,2025-10-28,MTY-MIL-03,1.83,46.6,11.1,1
4454,2025-10-28,MTY-MIL-04,1.91,50.3,14.3,0
4455,2025-10-28,MTY-MIL-05,1.51,49.2,9.3,1
4456,2025-10-28,MTY-MIL-06,2.12,44.1,11.4,1
4457,2025-10-28,MTY-PRS-02,3.02,61.8,12.5,1
4458,2025-10-28,MTY-PRS-03,2.8,60.1,12.7,0
4459,2025-10-28,MTY-RBT-01,1.07,41.7,11.0,0
4460,2025-10-28,MTY-RBT-02,1.19,39.0,14.8,0
4461,2025-10-29,BRN-GRD-01,1.11,45.8,11.5,0
4462,2025-10-29,BRN-LTH-01,1.83,44.8,8.1,0
4463,2025-10-29,BRN-LTH-02,1.44,48.2,9.9,2
4464,2025-10-29,BRN-LTH-03,2.06,53.0,13.9,0
4465,2025-10-29,BRN-MIL-01,1.48,44.0,10.1,0
4466,2025-10-29,BRN-MIL-02,1.54,49.0,12.6,0
4467,2025-10-29,BRN-MIL-03,1.59,45.9,9.7,0
4468,2025-10-29,BRN-MIL-04,3.28,49.7,14.3,1
4469,2025-10-29,BRN-MIL-05,1.51,40.9,9.6,0
4470,2025-10-29,BRN-MIL-06,1.37,46.5,10.4,0
4471,2025-10-29,BRN-PRS-01,3.19,59.9,13.9,0
4472,2025-10-29,BRN-PRS-02,3.19,53.4,12.1,2
4473,2025-10-29,BRN-PRS-03,3.01,55.3,12.8,0
4474,2025-10-29,BRN-RBT-01,1.13,43.7,13.1,1
4475,2025-10-29,BRN-RBT-02,1.45,46.2,11.0,1
4476,2025-10-29,DAY-GRD-01,2.07,49.5,10.3,0
4477,2025-10-29,DAY-LTH-01,2.17,43.9,8.8,0
4478,2025-10-29,DAY-LTH-02,1.76,48.3,10.0,0
4479,2025-10-29,DAY-LTH-03,1.95,48.5,10.1,0
4480,2025-10-29,DAY-LTH-04,2.1,53.9,12.8,0
4481,2025-10-29,DAY-LTH-05,2.08,53.9,11.8,0
4482,2025-10-29,DAY-MIL-01,1.58,45.0,11.7,0
4483,2025-10-29,DAY-MIL-02,1.68,51.2,13.9,0
4484,2025-10-29,DAY-MIL-03,1.65,48.2,12.2,0
4485,2025-10-29,DAY-MIL-04,1.59,45.2,9.6,0
4486,2025-10-29,DAY-MIL-05,1.74,52.5,12.4,1
4487,2025-10-29,DAY-MIL-06,1.82,52.0,13.2,0
4488,2025-10-29,DAY-MIL-07,1.82,45.5,10.9,0
4489,2025-10-29,DAY-PRS-01,2.5,58.8,10.8,0
4490,2025-10-29,DAY-PRS-02,3.67,68.9,8.5,3
4491,2025-10-29,DAY-PRS-03,2.88,55.0,11.8,0
4492,2025-10-29,DAY-PRS-04,2.42,61.9,13.5,1
4493,2025-10-29,DAY-RBT-01,0.96,40.2,12.0,0
4494,2025-10-29,DAY-RBT-02,1.38,47.6,12.6,1
4495,2025-10-29,DAY-RBT-03,1.02,45.8,13.2,0
4496,2025-10-29,MTY-GRD-01,1.17,44.3,7.9,0
4497,2025-10-29,MTY-GRD-02,1.27,47.0,10.8,0
4498,2025-10-29,MTY-LTH-01,2.22,51.6,10.5,0
4499,2025-10-29,MTY-LTH-02,2.22,49.0,7.2,0
4500,2025-10-29,MTY-LTH-03,2.35,54.6,9.7,3
4501,2025-10-29,MTY-LTH-04,3.15,58.8,15.5,3
4502,2025-10-29,MTY-LTH-05,2.0,51.8,11.7,1
4503,2025-10-29,MTY-MIL-01,1.35,48.3,9.6,0
4504,2025-10-29,MTY-MIL-02,1.82,47.0,10.1,0
4505,2025-10-29,MTY-MIL-03,1.65,47.7,11.2,1
4506,2025-10-29,MTY-MIL-04,1.65,49.1,12.3,0
4507,2025-10-29,MTY-MIL-05,1.68,51.2,11.9,0
4508,2025-10-29,MTY-MIL-06,2.07,45.1,10.2,0
4509,2025-10-29,MTY-PRS-01,5.36,64.3,9.2,2
4510,2025-10-29,MTY-PRS-02,2.63,60.4,11.2,0
4511,2025-10-29,MTY-PRS-03,2.64,56.4,9.1,0
4512,2025-10-29,MTY-RBT-01,1.04,39.1,8.8,0
4513,2025-10-29,MTY-RBT-02,1.08,35.6,11.7,0
4514,2025-10-30,BRN-GRD-01,1.47,47.9,14.1,0
4515,2025-10-30,BRN-LTH-01,1.75,47.1,10.9,0
4516,2025-10-30,BRN-LTH-02,1.38,44.6,9.1,0
4517,2025-10-30,BRN-LTH-03,2.44,52.6,13.1,0
4518,2025-10-30,BRN-MIL-01,1.56,43.4,11.4,2
4519,2025-10-30,BRN-MIL-02,1.47,45.9,12.0,0
4520,2025-10-30,BRN-MIL-03,1.7,44.1,9.1,0
4521,2025-10-30,BRN-MIL-04,3.27,48.0,10.5,4
4522,2025-10-30,BRN-MIL-05,1.51,43.8,11.2,2
4523,2025-10-30,BRN-MIL-06,1.6,45.7,11.9,0
4524,2025-10-30,BRN-PRS-01,2.96,58.1,12.2,0
4525,2025-10-30,BRN-PRS-02,3.28,52.6,11.1,0
4526,2025-10-30,BRN-PRS-03,2.91,53.4,12.2,0
4527,2025-10-30,BRN-RBT-01,1.2,42.2,10.5,0
4528,2025-10-30,BRN-RBT-02,1.62,45.1,11.4,0
4529,2025-10-30,DAY-GRD-01,2.2,47.6,8.8,0
4530,2025-10-30,DAY-LTH-01,1.93,44.1,11.6,0
4531,2025-10-30,DAY-LTH-02,1.67,50.5,9.2,0
4532,2025-10-30,DAY-LTH-03,1.94,52.7,12.5,0
4533,2025-10-30,DAY-LTH-04,2.1,52.4,9.4,0
4534,2025-10-30,DAY-LTH-05,2.08,53.0,13.0,0
4535,2025-10-30,DAY-MIL-01,1.47,46.0,12.8,0
4536,2025-10-30,DAY-MIL-02,1.39,48.8,12.3,1
4537,2025-10-30,DAY-MIL-03,1.36,46.3,10.8,0
4538,2025-10-30,DAY-MIL-04,1.6,46.0,9.6,0
4539,2025-10-30,DAY-MIL-05,1.76,49.7,9.9,0
4540,2025-10-30,DAY-MIL-06,1.68,54.1,11.6,0
4541,2025-10-30,DAY-MIL-07,2.01,42.5,10.7,0
4542,2025-10-30,DAY-PRS-01,2.61,58.5,9.8,0
4543,2025-10-30,DAY-PRS-02,2.62,57.5,3.2,3
4544,2025-10-30,DAY-PRS-03,2.97,54.5,14.3,0
4545,2025-10-30,DAY-PRS-04,2.43,62.5,13.6,1
4546,2025-10-30,DAY-RBT-01,0.95,39.4,9.8,0
4547,2025-10-30,DAY-RBT-02,1.44,46.0,13.1,0
4548,2025-10-30,DAY-RBT-03,0.93,43.9,13.3,0
4549,2025-10-30,MTY-GRD-01,1.59,48.6,14.0,0
4550,2025-10-30,MTY-GRD-02,1.46,48.9,14.5,0
4551,2025-10-30,MTY-LTH-01,2.34,51.1,9.9,1
4552,2025-10-30,MTY-LTH-02,2.2,49.6,9.6,0
4553,2025-10-30,MTY-LTH-03,2.5,55.9,11.5,5
4554,2025-10-30,MTY-LTH-04,3.45,56.9,10.3,4
4555,2025-10-30,MTY-LTH-05,2.04,51.4,12.4,0
4556,2025-10-30,MTY-MIL-01,1.35,51.2,12.2,0
4557,2025-10-30,MTY-MIL-02,1.74,46.3,10.9,2
4558,2025-10-30,MTY-MIL-03,1.84,46.4,12.3,0
4559,2025-10-30,MTY-MIL-04,1.45,45.1,8.5,0
4560,2025-10-30,MTY-MIL-05,1.77,49.6,13.8,0
4561,2025-10-30,MTY-MIL-06,2.02,46.8,13.6,0
4562,2025-10-30,MTY-PRS-01,5.82,67.2,13.4,2
4563,2025-10-30,MTY-PRS-02,2.46,57.3,8.4,0
4564,2025-10-30,MTY-PRS-03,2.74,57.1,9.9,0
4565,2025-10-30,MTY-RBT-01,0.96,42.6,9.8,0
4566,2025-10-30,MTY-RBT-02,1.06,34.4,7.8,0
4567,2025-10-31,BRN-GRD-01,1.26,47.9,12.8,0
4568,2025-10-31,BRN-LTH-01,1.85,47.0,11.2,1
4569,2025-10-31,BRN-LTH-02,1.64,48.3,10.7,0
4570,2025-10-31,BRN-LTH-03,2.24,52.4,12.5,0
4571,2025-10-31,BRN-MIL-01,1.79,43.6,10.9,0
4572,2025-10-31,BRN-MIL-02,1.47,47.2,12.7,0
4573,2025-10-31,BRN-MIL-03,1.88,45.4,12.9,0
4574,2025-10-31,BRN-MIL-04,3.42,48.9,10.3,2
4575,2025-10-31,BRN-MIL-05,1.63,42.5,11.3,0
4576,2025-10-31,BRN-MIL-06,1.44,42.1,7.3,0
4577,2025-10-31,BRN-PRS-01,2.94,57.5,11.9,0
4578,2025-10-31,BRN-PRS-02,2.98,49.2,8.1,0
4579,2025-10-31,BRN-PRS-03,2.91,53.3,11.8,0
4580,2025-10-31,BRN-RBT-01,1.25,41.2,11.6,0
4581,2025-10-31,BRN-RBT-02,1.41,45.6,12.0,0
4582,2025-10-31,DAY-GRD-01,2.04,48.8,8.8,0
4583,2025-10-31,DAY-LTH-01,2.18,42.7,10.7,0
4584,2025-10-31,DAY-LTH-02,1.42,50.3,8.1,1
4585,2025-10-31,DAY-LTH-03,2.01,49.5,10.7,1
4586,2025-10-31,DAY-LTH-04,2.35,54.3,12.9,0
4587,2025-10-31,DAY-LTH-05,1.77,50.9,10.1,1
4588,2025-10-31,DAY-MIL-01,1.54,47.3,12.0,0
4589,2025-10-31,DAY-MIL-02,1.52,49.6,12.2,1
4590,2025-10-31,DAY-MIL-03,1.62,48.3,12.2,0
4591,2025-10-31,DAY-MIL-04,1.82,46.9,13.5,0
4592,2025-10-31,DAY-MIL-05,1.87,51.5,11.8,1
4593,2025-10-31,DAY-MIL-06,1.83,55.8,14.5,0
4594,2025-10-31,DAY-MIL-07,1.96,45.4,10.7,0
4595,2025-10-31,DAY-PRS-01,2.55,59.3,9.7,0
4596,2025-10-31,DAY-PRS-02,2.6,59.7,11.9,0
4597,2025-10-31,DAY-PRS-03,2.85,53.7,12.3,0
4598,2025-10-31,DAY-PRS-04,2.33,61.0,14.1,1
4599,2025-10-31,DAY-RBT-01,0.98,40.2,9.6,0
4600,2025-10-31,DAY-RBT-02,1.37,45.8,11.1,0
4601,2025-10-31,DAY-RBT-03,0.95,43.7,11.4,0
4602,2025-10-31,MTY-GRD-01,1.18,44.7,6.1,0
4603,2025-10-31,MTY-GRD-02,1.2,46.9,8.6,0
4604,2025-10-31,MTY-LTH-01,2.14,54.3,11.9,0
4605,2025-10-31,MTY-LTH-02,2.39,50.1,8.7,0
4606,2025-10-31,MTY-LTH-03,2.74,56.2,12.5,5
4607,2025-10-31,MTY-LTH-04,3.19,59.7,12.5,2
4608,2025-10-31,MTY-LTH-05,2.01,50.7,9.9,1
4609,2025-10-31,MTY-MIL-01,1.43,52.4,14.2,0
4610,2025-10-31,MTY-MIL-02,1.82,48.6,11.6,0
4611,2025-10-31,MTY-MIL-03,1.65,44.2,9.0,0
4612,2025-10-31,MTY-MIL-04,1.54,47.2,10.0,0
4613,2025-10-31,MTY-MIL-05,1.98,49.0,16.0,0
4614,2025-10-31,MTY-MIL-06,2.12,46.4,12.5,1
4615,2025-10-31,MTY-PRS-01,6.22,67.9,12.0,1
4616,2025-10-31,MTY-PRS-02,2.71,61.1,12.4,0
4617,2025-10-31,MTY-PRS-03,3.15,59.8,12.4,0
4618,2025-10-31,MTY-RBT-01,1.05,40.0,9.9,0
4619,2025-10-31,MTY-RBT-02,1.1,35.0,8.8,0
4620,2025-11-03,BRN-GRD-01,1.23,48.3,11.1,0
4621,2025-11-03,BRN-LTH-01,2.18,47.3,11.3,1
4622,2025-11-03,BRN-LTH-02,1.6,45.7,9.2,1
4623,2025-11-03,BRN-LTH-03,2.38,54.1,15.2,0
4624,2025-11-03,BRN-MIL-01,1.61,43.0,11.1,0
4625,2025-11-03,BRN-MIL-02,1.56,48.1,12.2,0
4626,2025-11-03,BRN-MIL-03,1.9,47.3,14.3,0
4627,2025-11-03,BRN-MIL-04,3.97,50.8,13.3,1
4628,2025-11-03,BRN-MIL-05,1.61,45.5,11.1,1
4629,2025-11-03,BRN-MIL-06,1.57,44.8,10.2,0
4630,2025-11-03,BRN-PRS-01,2.54,55.8,7.5,0
4631,2025-11-03,BRN-PRS-02,3.31,50.7,10.0,0
4632,2025-11-03,BRN-PRS-03,2.97,52.8,8.8,0
4633,2025-11-03,BRN-RBT-01,1.16,42.6,11.0,0
4634,2025-11-03,BRN-RBT-02,1.28,43.4,8.0,0
4635,2025-11-03,DAY-GRD-01,2.38,48.8,10.6,1
4636,2025-11-03,DAY-LTH-01,2.1,45.4,12.0,0
4637,2025-11-03,DAY-LTH-02,1.71,52.9,10.8,0
4638,2025-11-03,DAY-LTH-03,1.88,49.0,11.2,0
4639,2025-11-03,DAY-LTH-04,2.33,56.1,14.3,0
4640,2025-11-03,DAY-LTH-05,1.95,51.1,11.0,2
4641,2025-11-03,DAY-MIL-01,1.45,48.6,13.9,0
4642,2025-11-03,DAY-MIL-02,1.52,50.7,14.1,1
4643,2025-11-03,DAY-MIL-03,1.48,46.0,10.0,0
4644,2025-11-03,DAY-MIL-04,1.75,45.5,11.0,0
4645,2025-11-03,DAY-MIL-05,2.11,50.2,11.6,1
4646,2025-11-03,DAY-MIL-06,1.65,50.6,10.0,0
4647,2025-11-03,DAY-MIL-07,2.12,46.5,13.8,1
4648,2025-11-03,DAY-PRS-01,2.41,58.0,9.1,0
4649,2025-11-03,DAY-PRS-02,2.6,57.8,10.5,0
4650,2025-11-03,DAY-PRS-03,2.98,50.9,12.1,0
4651,2025-11-03,DAY-PRS-04,2.2,57.9,8.0,0
4652,2025-11-03,DAY-RBT-01,1.06,41.5,11.4,0
4653,2025-11-03,DAY-RBT-02,1.31,46.9,12.2,0
4654,2025-11-03,DAY-RBT-03,0.85,40.5,8.9,0
4655,2025-11-03,MTY-GRD-01,1.33,46.0,10.4,2
4656,2025-11-03,MTY-GRD-02,1.33,45.6,9.3,0
4657,2025-11-03,MTY-LTH-01,2.92,54.4,15.1,0
4658,2025-11-03,MTY-LTH-02,2.48,51.9,10.6,4
4659,2025-11-03,MTY-LTH-03,2.74,57.0,10.3,7
4660,2025-11-03,MTY-LTH-04,2.24,52.0,2.4,3
4661,2025-11-03,MTY-LTH-05,2.04,55.1,10.9,0
4662,2025-11-03,MTY-MIL-01,1.52,52.5,15.2,0
4663,2025-11-03,MTY-MIL-02,1.75,46.8,10.7,0
4664,2025-11-03,MTY-MIL-03,1.78,47.2,13.5,0
4665,2025-11-03,MTY-MIL-04,1.8,51.4,14.7,0
4666,2025-11-03,MTY-MIL-05,1.57,48.3,13.9,0
4667,2025-11-03,MTY-MIL-06,1.96,43.6,11.3,2
4668,2025-11-03,MTY-PRS-01,7.05,67.2,14.0,2
4669,2025-11-03,MTY-PRS-02,2.98,62.3,13.1,1
4670,2025-11-03,MTY-PRS-03,3.01,56.6,9.9,0
4671,2025-11-03,MTY-RBT-01,1.05,40.5,9.0,0
4672,2025-11-03,MTY-RBT-02,1.23,38.3,11.4,0
4673,2025-11-04,BRN-GRD-01,1.28,46.5,11.1,0
4674,2025-11-04,BRN-LTH-01,1.97,47.6,8.0,3
4675,2025-11-04,BRN-LTH-02,1.85,48.2,10.1,0
4676,2025-11-04,BRN-LTH-03,2.54,51.1,12.1,0
4677,2025-11-04,BRN-MIL-01,1.58,44.7,10.3,0
4678,2025-11-04,BRN-MIL-02,1.61,47.4,12.5,0
4679,2025-11-04,BRN-MIL-03,1.66,44.9,7.5,0
4680,2025-11-04,BRN-MIL-04,3.94,48.2,9.5,0
4681,2025-11-04,BRN-MIL-05,1.51,43.5,10.7,0
4682,2025-11-04,BRN-MIL-06,1.38,43.5,12.6,0
4683,2025-11-04,BRN-PRS-01,2.93,58.6,11.0,0
4684,2025-11-04,BRN-PRS-02,3.51,54.7,10.9,0
4685,2025-11-04,BRN-PRS-03,2.97,55.1,12.8,0
4686,2025-11-04,BRN-RBT-01,1.16,44.7,12.1,1
4687,2025-11-04,BRN-RBT-02,1.45,47.5,13.6,0
4688,2025-11-04,DAY-GRD-01,2.85,50.8,13.0,0
4689,2025-11-04,DAY-LTH-01,2.18,44.0,11.4,0
4690,2025-11-04,DAY-LTH-02,1.86,51.5,9.9,1
4691,2025-11-04,DAY-LTH-03,1.78,49.4,10.2,1
4692,2025-11-04,DAY-LTH-04,1.97,53.4,8.7,0
4693,2025-11-04,DAY-LTH-05,1.91,51.6,9.2,1
4694,2025-11-04,DAY-MIL-01,1.58,46.6,12.1,0
4695,2025-11-04,DAY-MIL-02,1.59,50.9,12.4,2
4696,2025-11-04,DAY-MIL-03,1.72,50.4,16.0,0
4697,2025-11-04,DAY-MIL-04,1.55,45.2,9.5,0
4698,2025-11-04,DAY-MIL-05,2.02,51.0,11.3,0
4699,2025-11-04,DAY-MIL-06,1.71,49.2,6.2,0
4700,2025-11-04,DAY-MIL-07,1.64,40.5,7.7,0
4701,2025-11-04,DAY-PRS-01,2.69,57.8,10.6,0
4702,2025-11-04,DAY-PRS-02,2.67,57.5,12.3,0
4703,2025-11-04,DAY-PRS-03,2.41,51.4,11.1,0
4704,2025-11-04,DAY-PRS-04,2.59,61.6,12.2,0
4705,2025-11-04,DAY-RBT-01,1.12,39.3,10.1,1
4706,2025-11-04,DAY-RBT-02,1.23,43.9,7.1,2
4707,2025-11-04,DAY-RBT-03,0.93,43.7,12.8,0
4708,2025-11-04,MTY-GRD-01,1.25,46.4,12.3,0
4709,2025-11-04,MTY-GRD-02,1.28,45.1,11.1,0
4710,2025-11-04,MTY-LTH-01,2.75,54.0,12.2,1
4711,2025-11-04,MTY-LTH-02,2.46,53.4,10.7,4
4712,2025-11-04,MTY-LTH-03,1.8,48.3,4.9,3
4713,2025-11-04,MTY-LTH-04,2.31,53.4,14.1,0
4714,2025-11-04,MTY-LTH-05,2.26,51.7,12.0,0
4715,2025-11-04,MTY-MIL-01,1.4,50.5,14.1,0
4716,2025-11-04,MTY-MIL-02,1.93,47.5,11.1,0
4717,2025-11-04,MTY-MIL-03,1.67,46.9,10.5,0
4718,2025-11-04,MTY-MIL-04,1.49,48.7,10.6,0
4719,2025-11-04,MTY-MIL-05,1.55,48.2,12.2,0
4720,2025-11-04,MTY-MIL-06,1.97,44.3,13.8,0
4721,2025-11-04,MTY-PRS-01,6.59,65.0,7.5,2
4722,2025-11-04,MTY-PRS-02,3.13,62.4,13.0,0
4723,2025-11-04,MTY-PRS-03,3.04,59.4,14.1,0
4724,2025-11-04,MTY-RBT-01,1.08,43.5,12.1,0
4725,2025-11-04,MTY-RBT-02,1.15,35.7,8.7,0
4726,2025-11-05,BRN-GRD-01,1.23,44.4,9.6,0
4727,2025-11-05,BRN-LTH-01,2.01,47.5,11.0,2
4728,2025-11-05,BRN-LTH-02,1.65,49.5,14.4,0
4729,2025-11-05,BRN-LTH-03,2.1,48.7,9.2,0
4730,2025-11-05,BRN-MIL-01,1.44,42.0,10.0,1
4731,2025-11-05,BRN-MIL-02,1.4,46.9,11.3,1
4732,2025-11-05,BRN-MIL-03,1.69,44.7,11.6,0
4733,2025-11-05,BRN-MIL-04,1.83,42.9,1.5,3
4734,2025-11-05,BRN-MIL-05,1.74,44.8,14.2,1
4735,2025-11-05,BRN-MIL-06,1.61,44.7,10.3,0
4736,2025-11-05,BRN-PRS-01,2.9,59.3,16.0,0
4737,2025-11-05,BRN-PRS-02,3.69,52.4,13.2,1
4738,2025-11-05,BRN-PRS-03,2.96,51.0,10.0,0
4739,2025-11-05,BRN-RBT-01,1.04,41.3,9.1,0
4740,2025-11-05,BRN-RBT-02,1.51,46.4,10.8,0
4741,2025-11-05,DAY-GRD-01,3.04,50.3,11.4,1
4742,2025-11-05,DAY-LTH-01,2.39,44.2,11.4,0
4743,2025-11-05,DAY-LTH-02,1.8,56.0,14.9,2
4744,2025-11-05,DAY-LTH-03,2.15,52.4,13.5,0
4745,2025-11-05,DAY-LTH-04,2.36,56.1,14.9,0
4746,2025-11-05,DAY-LTH-05,2.04,51.1,9.7,0
4747,2025-11-05,DAY-MIL-01,1.48,46.6,12.0,1
4748,2025-11-05,DAY-MIL-02,1.63,48.2,8.7,1
4749,2025-11-05,DAY-MIL-03,1.74,48.1,10.4,0
4750,2025-11-05,DAY-MIL-04,1.64,46.8,11.0,0
4751,2025-11-05,DAY-MIL-05,2.26,55.0,14.1,1
4752,2025-11-05,DAY-MIL-06,1.75,52.8,12.3,0
4753,2025-11-05,DAY-MIL-07,1.88,41.7,9.4,0
4754,2025-11-05,DAY-PRS-01,2.77,60.9,14.0,0
4755,2025-11-05,DAY-PRS-02,2.63,58.6,9.3,0
4756,2025-11-05,DAY-PRS-03,2.73,53.6,11.9,0
4757,2025-11-05,DAY-PRS-04,2.44,60.7,9.5,0
4758,2025-11-05,DAY-RBT-01,1.03,39.5,9.2,0
4759,2025-11-05,DAY-RBT-02,1.42,45.3,10.5,0
4760,2025-11-05,DAY-RBT-03,0.96,43.1,12.8,0
4761,2025-11-05,MTY-GRD-01,1.29,46.3,10.0,0
4762,2025-11-05,MTY-GRD-02,1.34,48.1,13.3,0
4763,2025-11-05,MTY-LTH-01,2.84,53.2,10.3,0
4764,2025-11-05,MTY-LTH-02,2.68,54.2,9.2,1
4765,2025-11-05,MTY-LTH-03,1.71,49.0,10.2,0
4766,2025-11-05,MTY-LTH-04,2.28,49.8,12.5,0
4767,2025-11-05,MTY-LTH-05,1.99,52.8,12.5,0
4768,2025-11-05,MTY-MIL-01,1.33,51.2,10.9,0
4769,2025-11-05,MTY-MIL-02,1.65,47.4,12.3,0
4770,2025-11-05,MTY-MIL-03,1.72,47.2,10.6,0
4771,2025-11-05,MTY-MIL-04,1.69,47.0,13.8,0
4772,2025-11-05,MTY-MIL-05,1.52,48.9,11.4,1
4773,2025-11-05,MTY-MIL-06,1.93,43.5,11.3,0
4774,2025-11-05,MTY-PRS-01,7.04,65.0,9.6,1
4775,2025-11-05,MTY-PRS-02,2.64,59.6,10.0,1
4776,2025-11-05,MTY-PRS-03,3.02,58.1,12.0,0
4777,2025-11-05,MTY-RBT-01,1.02,43.8,12.4,0
4778,2025-11-05,MTY-RBT-02,1.16,35.1,12.3,0
4779,2025-11-06,BRN-GRD-01,1.29,46.7,12.0,0
4780,2025-11-06,BRN-LTH-01,2.21,49.4,11.6,0
4781,2025-11-06,BRN-LTH-02,1.69,50.7,14.6,0
4782,2025-11-06,BRN-LTH-03,2.62,56.8,14.8,0
4783,2025-11-06,BRN-MIL-01,1.63,44.3,11.8,0
4784,2025-11-06,BRN-MIL-02,1.38,44.1,9.3,0
4785,2025-11-06,BRN-MIL-03,2.06,45.3,12.5,0
4786,2025-11-06,BRN-MIL-05,1.65,45.9,12.6,1
4787,2025-11-06,BRN-MIL-06,1.56,44.8,12.0,0
4788,2025-11-06,BRN-PRS-01,2.76,57.5,8.8,0
4789,2025-11-06,BRN-PRS-02,3.11,49.3,9.4,1
4790,2025-11-06,BRN-PRS-03,3.03,52.7,10.7,0
4791,2025-11-06,BRN-RBT-01,1.25,42.9,11.6,0
4792,2025-11-06,BRN-RBT-02,1.42,45.8,14.8,0
4793,2025-11-06,DAY-GRD-01,3.11,49.9,10.6,0
4794,2025-11-06,DAY-LTH-01,1.99,44.3,11.6,1
4795,2025-11-06,DAY-LTH-02,1.78,55.0,11.3,0
4796,2025-11-06,DAY-LTH-03,2.19,50.2,12.5,0
4797,2025-11-06,DAY-LTH-04,1.96,52.4,7.9,0
4798,2025-11-06,DAY-LTH-05,1.9,50.2,9.2,0
4799,2025-11-06,DAY-MIL-01,1.39,43.5,9.5,0
4800,2025-11-06,DAY-MIL-02,1.6,47.1,11.2,1
4801,2025-11-06,DAY-MIL-03,1.38,44.7,5.4,0
4802,2025-11-06,DAY-MIL-04,1.57,42.2,6.2,0
4803,2025-11-06,DAY-MIL-05,2.06,53.9,13.6,2
4804,2025-11-06,DAY-MIL-06,1.76,49.2,9.5,0
4805,2025-11-06,DAY-MIL-07,1.94,45.2,10.2,0
4806,2025-11-06,DAY-PRS-01,2.54,57.4,10.1,0
4807,2025-11-06,DAY-PRS-02,2.68,56.9,8.8,0
4808,2025-11-06,DAY-PRS-03,3.04,53.3,16.0,0
4809,2025-11-06,DAY-PRS-04,2.36,60.5,8.8,2
4810,2025-11-06,DAY-RBT-01,1.1,42.1,12.6,0
4811,2025-11-06,DAY-RBT-02,1.3,45.9,9.5,0
4812,2025-11-06,DAY-RBT-03,0.95,43.8,11.5,0
4813,2025-11-06,MTY-GRD-01,1.29,44.6,12.4,1
4814,2025-11-06,MTY-GRD-02,1.27,46.7,10.5,0
4815,2025-11-06,MTY-LTH-01,3.13,52.3,13.3,1
4816,2025-11-06,MTY-LTH-02,1.8,44.8,1.9,3
4817,2025-11-06,MTY-LTH-03,1.9,50.8,14.1,0
4818,2025-11-06,MTY-LTH-04,2.3,50.3,13.1,0
4819,2025-11-06,MTY-LTH-05,2.1,50.6,9.6,0
4820,2025-11-06,MTY-MIL-01,1.34,50.7,10.1,1
4821,2025-11-06,MTY-MIL-02,1.74,46.9,11.5,0
4822,2025-11-06,MTY-MIL-03,1.72,46.1,11.6,1
4823,2025-11-06,MTY-MIL-04,1.72,47.7,10.6,0
4824,2025-11-06,MTY-MIL-05,1.57,49.3,9.0,0
4825,2025-11-06,MTY-MIL-06,2.28,44.4,13.4,1
4826,2025-11-06,MTY-PRS-01,7.62,70.2,15.4,0
4827,2025-11-06,MTY-PRS-02,2.77,59.6,11.4,1
4828,2025-11-06,MTY-PRS-03,3.24,57.4,10.4,0
4829,2025-11-06,MTY-RBT-01,0.99,41.6,8.1,0
4830,2025-11-06,MTY-RBT-02,1.23,35.1,10.0,0
4831,2025-11-07,BRN-GRD-01,1.29,41.5,10.1,0
4832,2025-11-07,BRN-LTH-01,2.29,49.3,9.1,4
4833,2025-11-07,BRN-LTH-02,1.85,47.3,12.3,0
4834,2025-11-07,BRN-LTH-03,2.69,52.2,11.1,0
4835,2025-11-07,BRN-MIL-01,1.64,44.4,12.9,0
4836,2025-11-07,BRN-MIL-02,1.26,44.6,1.0,0
4837,2025-11-07,BRN-MIL-03,2.01,46.0,12.3,1
4838,2025-11-07,BRN-MIL-05,1.7,44.6,12.8,0
4839,2025-11-07,BRN-MIL-06,1.34,46.0,10.4,0
4840,2025-11-07,BRN-PRS-01,2.98,59.8,13.6,0
4841,2025-11-07,BRN-PRS-02,3.48,53.1,11.3,1
4842,2025-11-07,BRN-PRS-03,2.92,54.5,12.3,0
4843,2025-11-07,BRN-RBT-01,1.27,42.1,11.7,0
4844,2025-11-07,BRN-RBT-02,1.44,43.6,9.2,0
4845,2025-11-07,DAY-GRD-01,3.28,49.7,7.0,2
4846,2025-11-07,DAY-LTH-01,2.2,44.8,11.1,0
4847,2025-11-07,DAY-LTH-02,1.76,54.3,6.9,1
4848,2025-11-07,DAY-LTH-03,2.09,49.0,11.9,0
4849,2025-11-07,DAY-LTH-04,2.3,53.6,12.9,0
4850,2025-11-07,DAY-LTH-05,2.01,53.5,10.6,0
4851,2025-11-07,DAY-MIL-01,1.55,44.7,9.5,0
4852,2025-11-07,DAY-MIL-02,1.65,48.7,11.6,0
4853,2025-11-07,DAY-MIL-03,1.64,46.9,10.6,0
4854,2025-11-07,DAY-MIL-04,1.82,49.4,13.2,0
4855,2025-11-07,DAY-MIL-05,2.35,54.7,12.6,2
4856,2025-11-07,DAY-MIL-06,1.67,49.8,11.1,0
4857,2025-11-07,DAY-MIL-07,2.16,46.5,13.6,0
4858,2025-11-07,DAY-PRS-01,2.54,60.2,10.7,0
4859,2025-11-07,DAY-PRS-02,2.94,61.0,16.0,0
4860,2025-11-07,DAY-PRS-03,2.67,52.6,13.4,1
4861,2025-11-07,DAY-PRS-04,2.58,61.0,13.0,0
4862,2025-11-07,DAY-RBT-01,1.18,40.2,12.4,0
4863,2025-11-07,DAY-RBT-02,1.3,46.6,12.0,1
4864,2025-11-07,DAY-RBT-03,0.97,42.3,10.5,0
4865,2025-11-07,MTY-GRD-01,1.33,46.4,11.0,0
4866,2025-11-07,MTY-GRD-02,1.33,46.4,11.5,0
4867,2025-11-07,MTY-LTH-01,2.89,52.5,9.8,3
4868,2025-11-07,MTY-LTH-02,1.77,47.0,12.5,0
4869,2025-11-07,MTY-LTH-03,1.57,45.9,8.7,0
4870,2025-11-07,MTY-LTH-04,2.27,50.9,11.2,1
4871,2025-11-07,MTY-LTH-05,2.07,52.1,11.3,0
4872,2025-11-07,MTY-MIL-01,1.43,53.3,16.0,0
4873,2025-11-07,MTY-MIL-02,1.88,48.4,13.0,0
4874,2025-11-07,MTY-MIL-03,1.98,49.0,16.0,1
4875,2025-11-07,MTY-MIL-04,1.67,46.4,8.9,0
4876,2025-11-07,MTY-MIL-05,1.75,49.8,9.2,2
4877,2025-11-07,MTY-MIL-06,1.92,45.0,11.2,1
4878,2025-11-07,MTY-PRS-01,7.37,70.3,11.9,2
4879,2025-11-07,MTY-PRS-02,3.35,63.4,16.0,0
4880,2025-11-07,MTY-PRS-03,3.28,58.8,14.3,0
4881,2025-11-07,MTY-RBT-01,1.05,39.9,9.6,0
4882,2025-11-07,MTY-RBT-02,1.19,37.2,13.1,0
4883,2025-11-10,BRN-GRD-01,1.33,45.4,10.7,0
4884,2025-11-10,BRN-LTH-01,2.45,51.7,12.0,2
4885,2025-11-10,BRN-LTH-02,1.61,46.7,10.4,0
4886,2025-11-10,BRN-LTH-03,2.96,52.6,11.5,1
4887,2025-11-10,BRN-MIL-01,1.54,43.2,9.2,0
4888,2025-11-10,BRN-MIL-02,1.32,45.8,13.5,0
4889,2025-11-10,BRN-MIL-03,1.7,43.6,9.7,0
4890,2025-11-10,BRN-MIL-04,1.86,41.2,12.6,0
4891,2025-11-10,BRN-MIL-05,1.73,45.1,13.8,2
4892,2025-11-10,BRN-MIL-06,1.4,44.5,10.7,1
4893,2025-11-10,BRN-PRS-01,2.79,58.0,11.7,0
4894,2025-11-10,BRN-PRS-02,3.53,55.6,15.7,1
4895,2025-11-10,BRN-PRS-03,2.6,54.1,7.1,0
4896,2025-11-10,BRN-RBT-01,1.25,44.6,11.6,0
4897,2025-11-10,BRN-RBT-02,1.53,44.4,3.9,0
4898,2025-11-10,DAY-GRD-01,3.82,52.4,5.5,2
4899,2025-11-10,DAY-LTH-01,2.01,44.6,12.0,1
4900,2025-11-10,DAY-LTH-02,1.92,58.3,10.6,2
4901,2025-11-10,DAY-LTH-03,2.16,50.1,11.7,0
4902,2025-11-10,DAY-LTH-04,2.1,52.2,10.9,0
4903,2025-11-10,DAY-LTH-05,1.98,51.4,10.5,0
4904,2025-11-10,DAY-MIL-01,1.37,46.1,9.2,0
4905,2025-11-10,DAY-MIL-02,1.71,49.6,14.2,0
4906,2025-11-10,DAY-MIL-03,1.72,46.6,10.6,0
4907,2025-11-10,DAY-MIL-04,1.68,44.0,9.6,0
4908,2025-11-10,DAY-MIL-05,2.27,57.4,13.6,2
4909,2025-11-10,DAY-MIL-06,1.68,49.1,10.3,0
4910,2025-11-10,DAY-MIL-07,1.94,41.7,9.7,0
4911,2025-11-10,DAY-MIL-08,1.47,41.7,9.9,0
4912,2025-11-10,DAY-PRS-01,2.86,60.9,11.5,0
4913,2025-11-10,DAY-PRS-02,2.72,59.9,12.5,0
4914,2025-11-10,DAY-PRS-03,2.64,50.3,10.9,0
4915,2025-11-10,DAY-PRS-04,2.66,64.2,12.0,5
4916,2025-11-10,DAY-RBT-01,1.15,40.1,13.0,0
4917,2025-11-10,DAY-RBT-02,1.36,47.1,13.6,0
4918,2025-11-10,DAY-RBT-03,0.92,42.8,8.7,0
4919,2025-11-10,MTY-GRD-01,1.37,47.0,13.0,0
4920,2025-11-10,MTY-GRD-02,1.38,49.7,14.5,0
4921,2025-11-10,MTY-LTH-01,3.38,53.6,11.1,1
4922,2025-11-10,MTY-LTH-02,1.93,45.0,10.4,0
4923,2025-11-10,MTY-LTH-03,1.72,51.8,13.1,0
4924,2025-11-10,MTY-LTH-04,2.44,50.6,11.2,0
4925,2025-11-10,MTY-LTH-05,2.08,50.5,8.6,1
4926,2025-11-10,MTY-MIL-01,1.62,53.8,14.4,1
4927,2025-11-10,MTY-MIL-02,1.73,46.7,13.5,0
4928,2025-11-10,MTY-MIL-03,1.86,49.4,12.0,0
4929,2025-11-10,MTY-MIL-04,1.84,47.7,13.0,1
4930,2025-11-10,MTY-MIL-05,1.64,51.2,10.8,0
4931,2025-11-10,MTY-MIL-06,2.14,47.9,15.4,0
4932,2025-11-10,MTY-PRS-01,3.34,59.4,2.4,3
4933,2025-11-10,MTY-PRS-02,2.53,55.9,9.3,0
4934,2025-11-10,MTY-PRS-03,3.07,58.9,11.9,0
4935,2025-11-10,MTY-RBT-01,1.04,41.7,12.0,1
4936,2025-11-10,MTY-RBT-02,1.07,35.2,9.3,0
4937,2025-11-11,BRN-GRD-01,1.25,46.2,11.0,0
4938,2025-11-11,BRN-LTH-01,2.17,48.6,8.6,1
4939,2025-11-11,BRN-LTH-02,1.51,45.4,8.6,0
4940,2025-11-11,BRN-LTH-03,3.39,53.7,11.9,2
4941,2025-11-11,BRN-MIL-01,1.5,42.8,10.1,0
4942,2025-11-11,BRN-MIL-02,1.27,44.2,12.2,0
4943,2025-11-11,BRN-MIL-03,1.83,46.4,12.5,0
4944,2025-11-11,BRN-MIL-04,1.83,43.2,13.3,0
4945,2025-11-11,BRN-MIL-05,1.57,43.5,9.5,0
4946,2025-11-11,BRN-MIL-06,1.57,45.8,9.4,0
4947,2025-11-11,BRN-PRS-01,3.23,55.6,10.6,0
4948,2025-11-11,BRN-PRS-02,3.2,54.3,10.8,0
4949,2025-11-11,BRN-PRS-03,3.23,54.6,10.7,1
4950,2025-11-11,BRN-RBT-01,1.29,44.9,13.1,0
4951,2025-11-11,BRN-RBT-02,1.38,41.9,9.0,0
4952,2025-11-11,DAY-GRD-01,3.77,49.0,12.0,1
4953,2025-11-11,DAY-LTH-01,2.23,43.1,10.9,0
4954,2025-11-11,DAY-LTH-02,1.96,57.5,11.4,0
4955,2025-11-11,DAY-LTH-03,1.98,49.8,11.3,0
4956,2025-11-11,DAY-LTH-04,2.17,54.0,11.8,0
4957,2025-11-11,DAY-LTH-05,1.97,52.4,8.3,0
4958,2025-11-11,DAY-MIL-01,1.5,47.7,14.6,0
4959,2025-11-11,DAY-MIL-02,1.74,47.4,11.4,0
4960,2025-11-11,DAY-MIL-03,1.65,48.2,11.0,0
4961,2025-11-11,DAY-MIL-04,1.75,45.6,10.2,1
4962,2025-11-11,DAY-MIL-05,2.12,53.8,13.9,4
4963,2025-11-11,DAY-MIL-06,1.69,49.3,8.2,0
4964,2025-11-11,DAY-MIL-07,2.09,45.9,12.9,0
4965,2025-11-11,DAY-MIL-08,1.53,41.2,12.6,0
4966,2025-11-11,DAY-PRS-01,2.56,58.4,8.4,0
4967,2025-11-11,DAY-PRS-02,2.65,57.9,12.6,0
4968,2025-11-11,DAY-PRS-03,2.79,49.5,11.9,0
4969,2025-11-11,DAY-PRS-04,2.64,66.4,14.2,1
4970,2025-11-11,DAY-RBT-01,1.1,39.4,11.3,0
4971,2025-11-11,DAY-RBT-02,1.49,46.9,13.5,0
4972,2025-11-11,DAY-RBT-03,0.94,43.4,10.6,0
4973,2025-11-11,MTY-GRD-01,1.33,45.9,10.1,0
4974,2025-11-11,MTY-GRD-02,1.3,49.1,11.8,0
4975,2025-11-11,MTY-LTH-01,3.3,56.4,12.2,0
4976,2025-11-11,MTY-LTH-02,1.97,47.1,12.7,0
4977,2025-11-11,MTY-LTH-03,1.73,48.7,10.1,0
4978,2025-11-11,MTY-LTH-04,2.08,48.6,9.6,0
4979,2025-11-11,MTY-LTH-05,2.16,51.7,10.2,0
4980,2025-11-11,MTY-MIL-01,1.35,50.6,11.0,1
4981,2025-11-11,MTY-MIL-02,1.7,46.5,12.0,0
4982,2025-11-11,MTY-MIL-03,1.92,47.7,11.6,2
4983,2025-11-11,MTY-MIL-04,1.65,45.4,8.5,1
4984,2025-11-11,MTY-MIL-05,1.67,51.0,12.2,0
4985,2025-11-11,MTY-MIL-06,2.04,44.9,11.5,0
4986,2025-11-11,MTY-PRS-02,2.94,60.4,14.4,0
4987,2025-11-11,MTY-PRS-03,2.9,56.5,11.6,0
4988,2025-11-11,MTY-RBT-01,1.06,41.9,9.5,0
4989,2025-11-11,MTY-RBT-02,1.2,39.5,13.5,0
4990,2025-11-12,BRN-GRD-01,1.27,45.9,12.3,0
4991,2025-11-12,BRN-LTH-01,2.55,51.9,8.2,3
4992,2025-11-12,BRN-LTH-02,1.6,49.6,11.9,0
4993,2025-11-12,BRN-LTH-03,3.24,50.9,8.5,1
4994,2025-11-12,BRN-MIL-01,1.6,44.4,10.2,0
4995,2025-11-12,BRN-MIL-02,1.56,46.9,14.6,0
4996,2025-11-12,BRN-MIL-03,1.82,44.1,10.9,0
4997,2025-11-12,BRN-MIL-04,1.84,41.1,12.8,0
4998,2025-11-12,BRN-MIL-05,1.7,44.6,10.2,1
4999,2025-11-12,BRN-MIL-06,1.57,47.9,13.1,0
5000,2025-11-12,BRN-PRS-01,3.4,58.2,10.6,0
5001,2025-11-12,BRN-PRS-02,3.49,52.3,11.7,0
5002,2025-11-12,BRN-PRS-03,3.05,53.6,10.1,0
5003,2025-11-12,BRN-RBT-01,1.09,45.2,11.0,0
5004,2025-11-12,BRN-RBT-02,1.37,43.8,11.4,1
5005,2025-11-12,DAY-GRD-01,3.78,52.8,12.3,1
5006,2025-11-12,DAY-LTH-01,2.01,42.4,10.1,0
5007,2025-11-12,DAY-LTH-02,2.01,60.0,12.7,2
5008,2025-11-12,DAY-LTH-03,1.97,51.1,13.1,1
5009,2025-11-12,DAY-LTH-04,2.22,54.8,11.6,0
5010,2025-11-12,DAY-LTH-05,2.08,52.4,12.4,0
5011,2025-11-12,DAY-MIL-01,1.37,44.1,9.0,1
5012,2025-11-12,DAY-MIL-02,1.61,48.3,9.7,3
5013,2025-11-12,DAY-MIL-03,1.58,48.3,11.8,1
5014,2025-11-12,DAY-MIL-04,1.72,45.8,9.7,0
5015,2025-11-12,DAY-MIL-05,2.26,54.6,10.4,5
5016,2025-11-12,DAY-MIL-06,1.64,48.2,8.9,0
5017,2025-11-12,DAY-MIL-07,1.82,41.6,7.7,1
5018,2025-11-12,DAY-MIL-08,1.45,42.4,11.9,1
5019,2025-11-12,DAY-PRS-01,2.56,56.6,10.0,0
5020,2025-11-12,DAY-PRS-02,2.67,58.9,12.5,0
5021,2025-11-12,DAY-PRS-03,2.48,51.1,10.2,1
5022,2025-11-12,DAY-PRS-04,2.58,67.8,12.5,0
5023,2025-11-12,DAY-RBT-01,1.03,39.6,11.4,0
5024,2025-11-12,DAY-RBT-02,1.13,43.2,7.1,0
5025,2025-11-12,DAY-RBT-03,0.84,42.5,10.3,0
5026,2025-11-12,MTY-GRD-01,1.36,45.3,9.6,0
5027,2025-11-12,MTY-GRD-02,1.24,47.8,11.0,0
5028,2025-11-12,MTY-LTH-01,2.83,53.2,10.2,0
5029,2025-11-12,MTY-LTH-02,1.94,47.3,14.9,0
5030,2025-11-12,MTY-LTH-03,1.71,48.2,10.9,0
5031,2025-11-12,MTY-LTH-04,2.44,51.8,14.4,0
5032,2025-11-12,MTY-LTH-05,2.26,52.9,15.8,1
5033,2025-11-12,MTY-MIL-01,1.31,49.8,10.5,0
5034,2025-11-12,MTY-MIL-02,1.81,45.5,9.7,0
5035,2025-11-12,MTY-MIL-03,1.76,48.7,13.3,0
5036,2025-11-12,MTY-MIL-04,1.55,42.5,7.4,0
5037,2025-11-12,MTY-MIL-05,1.83,52.0,11.1,0
5038,2025-11-12,MTY-MIL-06,2.02,43.7,9.2,0
5039,2025-11-12,MTY-PRS-01,2.89,57.1,11.8,0
5040,2025-11-12,MTY-PRS-02,2.95,60.0,11.1,0
5041,2025-11-12,MTY-PRS-03,2.79,57.1,10.3,1
5042,2025-11-12,MTY-RBT-01,1.13,40.5,12.4,0
5043,2025-11-12,MTY-RBT-02,1.09,33.7,11.3,0
5044,2025-11-13,BRN-GRD-01,1.27,43.5,9.5,1
5045,2025-11-13,BRN-LTH-01,2.65,51.3,10.3,3
5046,2025-11-13,BRN-LTH-02,1.54,49.7,10.9,0
5047,2025-11-13,BRN-LTH-03,3.48,52.1,10.6,1
5048,2025-11-13,BRN-MIL-01,1.66,42.3,12.7,0
5049,2025-11-13,BRN-MIL-02,1.21,45.6,11.2,0
5050,2025-11-13,BRN-MIL-03,1.53,44.1,10.3,1
5051,2025-11-13,BRN-MIL-04,1.64,43.7,12.3,0
5052,2025-11-13,BRN-MIL-05,1.86,46.8,13.3,2
5053,2025-11-13,BRN-MIL-06,1.56,47.8,10.0,0
5054,2025-11-13,BRN-PRS-01,2.89,59.7,13.4,0
5055,2025-11-13,BRN-PRS-02,3.32,53.8,12.3,0
5056,2025-11-13,BRN-PRS-03,2.94,54.4,10.0,0
5057,2025-11-13,BRN-RBT-01,1.24,43.6,12.0,0
5058,2025-11-13,BRN-RBT-02,1.38,45.6,12.0,0
5059,2025-11-13,DAY-GRD-01,3.74,50.0,12.6,2
5060,2025-11-13,DAY-LTH-01,2.11,45.7,11.4,0
5061,2025-11-13,DAY-LTH-02,2.14,57.1,12.1,0
5062,2025-11-13,DAY-LTH-03,2.1,50.8,14.9,0
5063,2025-11-13,DAY-LTH-04,2.4,54.2,12.9,0
5064,2025-11-13,DAY-LTH-05,1.8,49.5,9.1,0
5065,2025-11-13,DAY-MIL-01,1.35,44.2,9.5,0
5066,2025-11-13,DAY-MIL-02,1.7,48.8,9.8,1
5067,2025-11-13,DAY-MIL-03,1.6,47.2,11.8,0
5068,2025-11-13,DAY-MIL-04,1.5,45.5,11.4,0
5069,2025-11-13,DAY-MIL-05,2.29,54.5,11.4,2
5070,2025-11-13,DAY-MIL-06,1.89,51.2,11.4,0
5071,2025-11-13,DAY-MIL-07,1.99,44.6,10.7,0
5072,2025-11-13,DAY-MIL-08,1.75,39.8,11.3,0
5073,2025-11-13,DAY-PRS-01,2.97,58.7,8.9,1
5074,2025-11-13,DAY-PRS-02,3.02,58.3,14.8,0
5075,2025-11-13,DAY-PRS-03,2.41,49.4,10.8,0
5076,2025-11-13,DAY-PRS-04,2.68,67.4,11.2,1
5077,2025-11-13,DAY-RBT-01,1.06,42.7,14.4,0
5078,2025-11-13,DAY-RBT-02,1.34,46.9,12.4,0
5079,2025-11-13,DAY-RBT-03,0.94,42.2,11.3,0
5080,2025-11-13,MTY-GRD-01,1.39,47.5,14.9,0
5081,2025-11-13,MTY-GRD-02,1.35,48.5,12.7,0
5082,2025-11-13,MTY-LTH-01,3.18,53.7,11.7,0
5083,2025-11-13,MTY-LTH-02,1.89,47.1,14.2,0
5084,2025-11-13,MTY-LTH-03,1.77,49.6,11.7,0
5085,2025-11-13,MTY-LTH-04,2.4,50.7,10.2,0
5086,2025-11-13,MTY-LTH-05,2.16,51.3,11.6,1
5087,2025-11-13,MTY-MIL-01,1.47,52.5,13.9,2
5088,2025-11-13,MTY-MIL-02,1.65,46.3,9.3,0
5089,2025-11-13,MTY-MIL-03,1.91,48.4,12.8,0
5090,2025-11-13,MTY-MIL-04,1.74,47.9,9.8,0
5091,2025-11-13,MTY-MIL-05,1.75,52.8,13.7,0
5092,2025-11-13,MTY-MIL-06,1.95,46.1,14.0,0
5093,2025-11-13,MTY-PRS-01,3.21,60.4,13.0,0
5094,2025-11-13,MTY-PRS-02,3.04,60.1,10.9,0
5095,2025-11-13,MTY-PRS-03,3.17,58.9,12.6,0
5096,2025-11-13,MTY-RBT-01,1.16,41.8,11.2,0
5097,2025-11-13,MTY-RBT-02,1.18,34.3,9.8,0
5098,2025-11-14,BRN-GRD-01,1.39,46.5,15.1,0
5099,2025-11-14,BRN-LTH-01,1.6,47.5,2.0,3
5100,2025-11-14,BRN-LTH-02,1.53,47.9,12.4,0
5101,2025-11-14,BRN-LTH-03,3.93,54.6,11.5,2
5102,2025-11-14,BRN-MIL-01,1.61,41.8,9.2,0
5103,2025-11-14,BRN-MIL-02,1.31,44.4,10.5,0
5104,2025-11-14,BRN-MIL-03,1.89,44.9,11.8,0
5105,2025-11-14,BRN-MIL-04,2.2,45.1,15.3,1
5106,2025-11-14,BRN-MIL-05,1.62,44.6,11.9,2
5107,2025-11-14,BRN-MIL-06,1.77,43.3,9.0,1
5108,2025-11-14,BRN-PRS-01,3.03,58.3,11.1,0
5109,2025-11-14,BRN-PRS-02,3.45,53.4,12.4,0
5110,2025-11-14,BRN-PRS-03,3.09,53.7,11.4,1
5111,2025-11-14,BRN-RBT-01,1.16,40.3,8.9,0
5112,2025-11-14,BRN-RBT-02,1.51,43.8,12.7,0
5113,2025-11-14,DAY-GRD-01,3.69,49.6,10.7,1
5114,2025-11-14,DAY-LTH-01,2.19,45.1,10.2,0
5115,2025-11-14,DAY-LTH-02,2.19,60.2,12.8,2
5116,2025-11-14,DAY-LTH-03,1.96,47.6,10.8,0
5117,2025-11-14,DAY-LTH-04,2.04,52.5,9.9,0
5118,2025-11-14,DAY-LTH-05,2.05,51.9,11.7,1
5119,2025-11-14,DAY-MIL-01,1.46,44.1,8.6,0
5120,2025-11-14,DAY-MIL-02,1.59,47.3,10.9,1
5121,2025-11-14,DAY-MIL-03,1.38,45.9,8.1,0
5122,2025-11-14,DAY-MIL-04,1.53,45.5,8.8,0
5123,2025-11-14,DAY-MIL-05,2.25,54.8,9.1,6
5124,2025-11-14,DAY-MIL-06,1.61,51.5,12.5,0
5125,2025-11-14,DAY-MIL-07,2.1,43.8,11.5,0
5126,2025-11-14,DAY-MIL-08,1.5,44.8,11.0,0
5127,2025-11-14,DAY-PRS-01,2.94,58.1,12.6,0
5128,2025-11-14,DAY-PRS-02,3.14,60.2,14.1,0
5129,2025-11-14,DAY-PRS-03,2.67,51.7,10.9,0
5130,2025-11-14,DAY-PRS-04,2.97,67.9,10.9,2
5131,2025-11-14,DAY-RBT-01,1.09,41.3,10.6,0
5132,2025-11-14,DAY-RBT-02,1.49,48.3,13.6,0
5133,2025-11-14,DAY-RBT-03,0.98,44.6,11.7,0
5134,2025-11-14,MTY-GRD-01,1.1,46.2,4.8,0
5135,2025-11-14,MTY-GRD-02,1.4,46.4,11.3,1
5136,2025-11-14,MTY-LTH-01,2.84,52.2,11.7,0
5137,2025-11-14,MTY-LTH-02,1.62,41.7,8.3,0
5138,2025-11-14,MTY-LTH-03,1.72,51.3,15.2,0
5139,2025-11-14,MTY-LTH-04,2.52,52.1,14.2,0
5140,2025-11-14,MTY-LTH-05,2.0,51.6,9.6,0
5141,2025-11-14,MTY-MIL-01,1.29,50.4,7.9,1
5142,2025-11-14,MTY-MIL-02,1.61,45.9,8.4,0
5143,2025-11-14,MTY-MIL-03,1.68,44.8,9.4,0
5144,2025-11-14,MTY-MIL-04,1.59,47.0,9.3,0
5145,2025-11-14,MTY-MIL-05,1.6,48.5,9.9,0
5146,2025-11-14,MTY-MIL-06,1.92,45.8,13.3,0
5147,2025-11-14,MTY-PRS-01,3.47,60.9,7.4,0
5148,2025-11-14,MTY-PRS-02,2.63,58.0,7.3,0
5149,2025-11-14,MTY-PRS-03,2.65,57.9,7.4,0
5150,2025-11-14,MTY-RBT-01,1.15,45.3,13.5,0
5151,2025-11-14,MTY-RBT-02,1.15,36.1,11.7,0
5152,2025-11-17,DAY-GRD-01,3.63,49.0,11.5,3
5153,2025-11-17,DAY-LTH-01,2.28,44.9,12.2,0
5154,2025-11-17,DAY-LTH-02,2.03,60.0,12.5,1
5155,2025-11-17,DAY-LTH-03,1.95,47.8,11.4,0
5156,2025-11-17,DAY-LTH-04,2.14,55.1,12.5,0
5157,2025-11-17,DAY-LTH-05,2.13,51.0,10.7,0
5158,2025-11-17,DAY-MIL-01,1.51,44.0,8.1,1
5159,2025-11-17,DAY-MIL-02,1.59,47.3,10.5,1
5160,2025-11-17,DAY-MIL-03,1.48,45.5,6.8,0
5161,2025-11-17,DAY-MIL-04,1.69,47.2,13.4,0
5162,2025-11-17,DAY-MIL-05,2.47,55.7,13.2,1
5163,2025-11-17,DAY-MIL-06,1.87,51.1,13.2,1
5164,2025-11-17,DAY-MIL-07,2.07,43.1,11.1,0
5165,2025-11-17,DAY-MIL-08,1.65,42.9,12.2,0
5166,2025-11-17,DAY-PRS-01,2.75,60.5,12.1,0
5167,2025-11-17,DAY-PRS-02,2.89,58.2,8.1,0
5168,2025-11-17,DAY-PRS-03,2.41,51.5,10.1,0
5169,2025-11-17,DAY-PRS-04,3.07,68.8,10.5,0
5170,2025-11-17,DAY-RBT-01,1.13,41.5,12.7,0
5171,2025-11-17,DAY-RBT-02,1.34,45.8,11.5,0
5172,2025-11-17,DAY-RBT-03,0.89,43.6,10.2,0
5173,2025-11-18,BRN-GRD-01,1.31,43.7,12.0,0
5174,2025-11-18,BRN-LTH-01,1.83,46.8,14.0,0
5175,2025-11-18,BRN-LTH-02,1.38,49.2,10.0,1
5176,2025-11-18,BRN-LTH-03,4.86,58.5,13.6,4
5177,2025-11-18,BRN-MIL-01,1.65,47.2,12.9,0
5178,2025-11-18,BRN-MIL-02,1.38,40.5,5.9,1
5179,2025-11-18,BRN-MIL-03,1.56,43.7,7.0,0
5180,2025-11-18,BRN-MIL-04,1.91,41.8,10.4,0
5181,2025-11-18,BRN-MIL-05,2.15,45.3,13.8,0
5182,2025-11-18,BRN-MIL-06,1.56,45.7,11.4,1
5183,2025-11-18,BRN-PRS-01,2.85,58.4,9.9,0
5184,2025-11-18,BRN-PRS-02,3.47,51.8,12.0,0
5185,2025-11-18,BRN-PRS-03,2.9,52.9,10.8,0
5186,2025-11-18,BRN-RBT-01,1.1,40.2,9.6,0
5187,2025-11-18,BRN-RBT-02,1.62,44.1,11.2,0
5188,2025-11-18,DAY-GRD-01,3.55,49.0,11.4,1
5189,2025-11-18,DAY-LTH-01,2.0,41.5,10.7,0
5190,2025-11-18,DAY-LTH-02,1.57,44.2,2.7,4
5191,2025-11-18,DAY-LTH-03,2.24,50.7,12.4,0
5192,2025-11-18,DAY-LTH-04,1.97,50.6,7.1,0
5193,2025-11-18,DAY-LTH-05,1.95,49.9,11.2,0
5194,2025-11-18,DAY-MIL-01,1.7,49.0,16.0,0
5195,2025-11-18,DAY-MIL-02,1.62,53.4,15.5,1
5196,2025-11-18,DAY-MIL-03,1.37,45.3,5.7,0
5197,2025-11-18,DAY-MIL-04,1.73,46.9,12.5,0
5198,2025-11-18,DAY-MIL-05,2.44,55.4,11.5,6
5199,2025-11-18,DAY-MIL-06,1.71,50.4,9.2,0
5200,2025-11-18,DAY-MIL-07,1.8,44.2,5.9,0
5201,2025-11-18,DAY-MIL-08,1.52,44.1,14.2,0
5202,2025-11-18,DAY-PRS-01,2.62,58.9,9.1,0
5203,2025-11-18,DAY-PRS-02,2.61,56.5,8.3,0
5204,2025-11-18,DAY-PRS-03,2.92,51.6,10.2,0
5205,2025-11-18,DAY-PRS-04,2.07,54.8,6.8,3
5206,2025-11-18,DAY-RBT-01,0.97,39.8,9.9,0
5207,2025-11-18,DAY-RBT-02,1.45,46.7,10.6,0
5208,2025-11-18,DAY-RBT-03,0.95,43.5,12.0,0
5209,2025-11-18,MTY-GRD-01,1.04,42.5,9.2,0
5210,2025-11-18,MTY-GRD-02,1.28,47.9,12.8,0
5211,2025-11-18,MTY-LTH-01,2.25,51.0,9.3,0
5212,2025-11-18,MTY-LTH-02,1.99,48.7,15.1,1
5213,2025-11-18,MTY-LTH-03,1.73,49.6,12.8,0
5214,2025-11-18,MTY-LTH-04,2.35,49.9,12.3,0
5215,2025-11-18,MTY-LTH-05,2.33,51.3,11.8,0
5216,2025-11-18,MTY-MIL-01,1.43,49.0,10.6,1
5217,2025-11-18,MTY-MIL-02,1.97,48.2,13.1,0
5218,2025-11-18,MTY-MIL-03,1.92,46.7,10.4,0
5219,2025-11-18,MTY-MIL-04,1.74,48.3,10.4,0
5220,2025-11-18,MTY-MIL-05,1.65,46.8,10.0,0
5221,2025-11-18,MTY-MIL-06,2.18,44.9,12.0,0
5222,2025-11-18,MTY-PRS-01,3.1,61.9,10.4,0
5223,2025-11-18,MTY-PRS-02,2.73,56.3,9.4,1
5224,2025-11-18,MTY-PRS-03,2.79,57.2,11.7,0
5225,2025-11-18,MTY-RBT-01,1.12,41.3,11.8,0
5226,2025-11-18,MTY-RBT-02,1.17,35.1,13.1,0
5227,2025-11-19,BRN-GRD-01,1.32,43.1,10.7,0
5228,2025-11-19,BRN-LTH-01,1.84,46.4,15.1,0
5229,2025-11-19,BRN-LTH-02,1.45,48.2,9.2,0
5230,2025-11-19,BRN-LTH-03,4.89,58.7,10.2,2
5231,2025-11-19,BRN-MIL-01,1.88,43.6,11.8,0
5232,2025-11-19,BRN-MIL-02,1.34,46.3,12.3,0
5233,2025-11-19,BRN-MIL-03,1.77,45.5,9.2,0
5234,2025-11-19,BRN-MIL-04,1.82,44.6,13.8,0
5235,2025-11-19,BRN-MIL-05,1.81,47.7,14.3,0
5236,2025-11-19,BRN-MIL-06,1.74,47.6,12.9,1
5237,2025-11-19,BRN-PRS-01,3.19,60.4,12.2,0
5238,2025-11-19,BRN-PRS-02,3.5,51.1,10.4,0
5239,2025-11-19,BRN-PRS-03,3.04,55.6,12.6,0
5240,2025-11-19,BRN-RBT-01,1.25,40.2,11.7,0
5241,2025-11-19,BRN-RBT-02,1.54,43.9,11.0,0
5242,2025-11-19,DAY-GRD-01,3.39,45.9,10.7,0
5243,2025-11-19,DAY-LTH-01,2.11,45.3,12.8,1
5244,2025-11-19,DAY-LTH-02,1.48,46.1,8.3,0
5245,2025-11-19,DAY-LTH-03,2.05,48.9,11.2,0
5246,2025-11-19,DAY-LTH-04,2.11,55.1,11.4,0
5247,2025-11-19,DAY-LTH-05,1.9,51.2,12.0,0
5248,2025-11-19,DAY-MIL-01,1.61,47.3,15.0,0
5249,2025-11-19,DAY-MIL-02,1.64,52.0,13.2,0
5250,2025-11-19,DAY-MIL-03,1.63,49.4,12.5,0
5251,2025-11-19,DAY-MIL-04,1.65,45.2,12.6,0
5252,2025-11-19,DAY-MIL-05,1.83,51.7,3.6,3
5253,2025-11-19,DAY-MIL-06,1.82,51.7,13.0,0
5254,2025-11-19,DAY-MIL-07,1.71,41.7,10.6,0
5255,2025-11-19,DAY-MIL-08,1.49,40.9,10.5,0
5256,2025-11-19,DAY-PRS-01,2.56,57.0,7.8,0
5257,2025-11-19,DAY-PRS-02,2.79,59.5,11.9,1
5258,2025-11-19,DAY-PRS-03,2.54,49.7,10.2,0
5259,2025-11-19,DAY-RBT-01,1.07,39.8,14.7,1
5260,2025-11-19,DAY-RBT-02,1.43,42.7,11.3,0
5261,2025-11-19,DAY-RBT-03,0.88,40.7,9.5,1
5262,2025-11-19,MTY-GRD-01,1.18,45.9,13.8,0
5263,2025-11-19,MTY-GRD-02,1.38,49.9,11.8,0
5264,2025-11-19,MTY-LTH-01,2.29,50.1,8.8,0
5265,2025-11-19,MTY-LTH-02,2.04,48.2,16.0,0
5266,2025-11-19,MTY-LTH-03,1.73,48.5,13.9,0
5267,2025-11-19,MTY-LTH-04,2.18,51.1,11.1,0
5268,2025-11-19,MTY-LTH-05,2.05,52.8,14.2,0
5269,2025-11-19,MTY-MIL-01,1.5,51.8,12.8,1
5270,2025-11-19,MTY-MIL-02,1.73,46.4,9.9,0
5271,2025-11-19,MTY-MIL-03,2.13,47.4,13.2,2
5272,2025-11-19,MTY-MIL-04,1.73,48.3,13.5,0
5273,2025-11-19,MTY-MIL-05,1.64,48.2,12.0,0
5274,2025-11-19,MTY-MIL-06,2.15,48.8,15.2,0
5275,2025-11-19,MTY-PRS-01,3.18,60.0,12.5,0
5276,2025-11-19,MTY-PRS-02,2.61,58.6,9.2,0
5277,2025-11-19,MTY-PRS-03,2.91,56.3,12.6,0
5278,2025-11-19,MTY-RBT-01,1.09,43.8,14.5,0
5279,2025-11-19,MTY-RBT-02,1.13,34.6,9.8,0
5280,2025-11-20,BRN-GRD-01,1.45,46.7,14.7,0
5281,2025-11-20,BRN-LTH-01,1.76,46.8,11.7,0
5282,2025-11-20,BRN-LTH-02,1.66,46.4,11.3,0
5283,2025-11-20,BRN-LTH-03,5.44,60.3,12.4,2
5284,2025-11-20,BRN-MIL-01,1.69,44.2,11.7,2
5285,2025-11-20,BRN-MIL-02,1.44,47.1,14.5,0
5286,2025-11-20,BRN-MIL-03,1.86,44.5,9.2,0
5287,2025-11-20,BRN-MIL-04,1.87,42.7,12.0,0
5288,2025-11-20,BRN-MIL-05,1.86,44.7,8.8,0
5289,2025-11-20,BRN-MIL-06,1.63,47.4,14.0,0
5290,2025-11-20,BRN-PRS-01,2.74,58.2,9.4,0
5291,2025-11-20,BRN-PRS-02,3.02,49.7,8.9,0
5292,2025-11-20,BRN-PRS-03,3.21,52.0,11.0,1
5293,2025-11-20,BRN-RBT-01,1.05,41.2,8.9,0
5294,2025-11-20,BRN-RBT-02,1.6,46.9,14.1,0
5295,2025-11-20,DAY-GRD-01,3.61,47.9,10.1,0
5296,2025-11-20,DAY-LTH-01,2.21,43.3,11.3,0
5297,2025-11-20,DAY-LTH-02,1.55,49.1,12.4,1
5298,2025-11-20,DAY-LTH-03,1.9,49.1,10.0,0
5299,2025-11-20,DAY-LTH-04,2.33,52.7,11.2,0
5300,2025-11-20,DAY-LTH-05,1.97,52.9,13.3,1
5301,2025-11-20,DAY-MIL-01,1.56,44.8,13.2,2
5302,2025-11-20,DAY-MIL-02,1.3,47.7,9.8,0
5303,2025-11-20,DAY-MIL-03,1.75,47.8,11.3,0
5304,2025-11-20,DAY-MIL-04,1.6,44.2,9.2,0
5305,2025-11-20,DAY-MIL-05,1.76,52.2,15.1,0
5306,2025-11-20,DAY-MIL-06,1.89,53.7,11.3,1
5307,2025-11-20,DAY-MIL-07,1.89,42.2,10.4,0
5308,2025-11-20,DAY-MIL-08,1.5,41.4,8.7,0
5309,2025-11-20,DAY-PRS-01,2.71,55.4,7.4,1
5310,2025-11-20,DAY-PRS-02,2.93,62.4,14.6,1
5311,2025-11-20,DAY-PRS-03,2.87,49.9,12.4,0
5312,2025-11-20,DAY-PRS-04,2.14,55.0,8.8,0
5313,2025-11-20,DAY-RBT-01,1.05,39.6,11.0,0
5314,2025-11-20,DAY-RBT-02,1.33,45.1,10.4,0
5315,2025-11-20,DAY-RBT-03,0.93,43.3,10.7,0
5316,2025-11-20,MTY-GRD-01,1.1,42.8,9.1,0
5317,2025-11-20,MTY-GRD-02,1.32,49.0,11.4,0
5318,2025-11-20,MTY-LTH-01,2.28,50.7,8.5,0
5319,2025-11-20,MTY-LTH-02,2.17,47.9,14.7,0
5320,2025-11-20,MTY-LTH-03,1.65,48.6,11.9,1
5321,2025-11-20,MTY-LTH-04,2.16,50.3,12.4,0
5322,2025-11-20,MTY-LTH-05,2.12,50.9,9.4,0
5323,2025-11-20,MTY-MIL-01,1.61,49.8,13.1,2
5324,2025-11-20,MTY-MIL-02,1.62,45.1,8.5,0
5325,2025-11-20,MTY-MIL-03,1.86,46.0,12.1,0
5326,2025-11-20,MTY-MIL-04,1.67,49.5,12.6,0
5327,2025-11-20,MTY-MIL-05,1.47,49.5,11.5,0
5328,2025-11-20,MTY-MIL-06,2.07,46.5,11.6,0
5329,2025-11-20,MTY-PRS-01,2.95,57.5,10.0,0
5330,2025-11-20,MTY-PRS-02,2.79,58.7,9.7,0
5331,2025-11-20,MTY-PRS-03,3.01,58.6,11.4,0
5332,2025-11-20,MTY-RBT-01,1.09,42.2,10.1,0
5333,2025-11-20,MTY-RBT-02,1.26,36.9,13.4,0
5334,2025-11-21,BRN-GRD-01,1.42,45.8,13.8,0
5335,2025-11-21,BRN-LTH-01,1.88,46.4,12.5,0
5336,2025-11-21,BRN-LTH-02,1.68,48.4,12.5,0
5337,2025-11-21,BRN-LTH-03,1.98,46.6,1.2,3
5338,2025-11-21,BRN-MIL-01,1.6,43.9,12.8,0
5339,2025-11-21,BRN-MIL-02,1.3,46.2,12.3,1
5340,2025-11-21,BRN-MIL-03,1.9,44.9,11.1,0
5341,2025-11-21,BRN-MIL-04,1.63,43.6,4.2,0
5342,2025-11-21,BRN-MIL-05,1.77,46.8,12.2,1
5343,2025-11-21,BRN-MIL-06,1.48,44.8,9.1,0
5344,2025-11-21,BRN-PRS-01,2.94,57.6,9.8,0
5345,2025-11-21,BRN-PRS-02,3.84,53.7,12.7,0
5346,2025-11-21,BRN-PRS-03,2.88,54.8,13.8,0
5347,2025-11-21,BRN-RBT-01,1.13,42.0,5.4,1
5348,2025-11-21,BRN-RBT-02,1.41,42.6,10.7,0
5349,2025-11-21,DAY-GRD-01,3.72,48.2,11.7,0
5350,2025-11-21,DAY-LTH-01,2.11,44.4,12.9,0
5351,2025-11-21,DAY-LTH-02,1.65,49.3,13.3,0
5352,2025-11-21,DAY-LTH-03,1.91,51.0,11.3,1
5353,2025-11-21,DAY-LTH-04,2.27,51.3,10.6,1
5354,2025-11-21,DAY-LTH-05,1.78,49.5,1.0,0
5355,2025-11-21,DAY-MIL-01,1.52,46.9,14.3,0
5356,2025-11-21,DAY-MIL-02,1.52,46.8,9.2,0
5357,2025-11-21,DAY-MIL-03,1.54,48.6,12.2,0
5358,2025-11-21,DAY-MIL-04,1.54,46.9,12.9,1
5359,2025-11-21,DAY-MIL-05,1.81,48.4,12.3,0
5360,2025-11-21,DAY-MIL-06,1.61,52.3,8.6,1
5361,2025-11-21,DAY-MIL-07,1.78,42.4,9.7,0
5362,2025-11-21,DAY-MIL-08,1.65,41.5,11.1,0
5363,2025-11-21,DAY-PRS-01,2.9,60.5,13.7,1
5364,2025-11-21,DAY-PRS-02,2.72,57.0,8.7,0
5365,2025-11-21,DAY-PRS-03,2.72,47.5,10.9,1
5366,2025-11-21,DAY-PRS-04,1.98,53.3,8.1,1
5367,2025-11-21,DAY-RBT-01,1.14,41.0,12.1,1
5368,2025-11-21,DAY-RBT-02,1.31,49.2,12.6,0
5369,2025-11-21,DAY-RBT-03,1.02,43.2,13.2,1
5370,2025-11-21,MTY-GRD-01,1.13,46.1,9.8,0
5371,2025-11-21,MTY-GRD-02,1.33,44.9,12.0,0
5372,2025-11-21,MTY-LTH-01,1.89,50.1,1.0,1
5373,2025-11-21,MTY-LTH-02,1.73,42.1,7.6,1
5374,2025-11-21,MTY-LTH-03,1.55,45.7,9.4,1
5375,2025-11-21,MTY-LTH-04,2.6,51.2,14.5,0
5376,2025-11-21,MTY-LTH-05,1.97,50.3,9.6,0
5377,2025-11-21,MTY-MIL-01,1.41,52.2,9.1,1
5378,2025-11-21,MTY-MIL-02,1.72,46.2,11.1,0
5379,2025-11-21,MTY-MIL-03,1.63,44.7,7.0,0
5380,2025-11-21,MTY-MIL-04,1.83,47.5,10.8,0
5381,2025-11-21,MTY-MIL-05,1.62,49.0,13.7,0
5382,2025-11-21,MTY-MIL-06,2.13,46.6,12.4,0
5383,2025-11-21,MTY-PRS-01,3.41,61.4,14.1,0
5384,2025-11-21,MTY-PRS-02,2.6,60.1,10.0,1
5385,2025-11-21,MTY-PRS-03,2.89,57.2,9.1,3
5386,2025-11-21,MTY-RBT-01,1.23,40.9,12.4,1
5387,2025-11-21,MTY-RBT-02,1.24,36.1,11.3,0
5388,2025-11-24,BRN-GRD-01,1.3,44.3,12.6,1
5389,2025-11-24,BRN-LTH-01,1.81,46.2,11.7,0
5390,2025-11-24,BRN-LTH-02,1.76,49.2,12.4,0
5391,2025-11-24,BRN-MIL-01,1.65,42.7,9.9,0
5392,2025-11-24,BRN-MIL-02,1.28,46.2,10.2,0
5393,2025-11-24,BRN-MIL-03,1.89,43.6,11.9,0
5394,2025-11-24,BRN-MIL-04,1.71,42.4,11.3,0
5395,2025-11-24,BRN-MIL-05,1.93,47.3,12.3,4
5396,2025-11-24,BRN-MIL-06,1.89,47.6,13.3,1
5397,2025-11-24,BRN-PRS-01,3.61,59.3,13.3,1
5398,2025-11-24,BRN-PRS-02,3.68,52.8,12.9,1
5399,2025-11-24,BRN-PRS-03,2.82,53.2,8.8,1
5400,2025-11-24,BRN-RBT-01,1.03,39.1,11.3,0
5401,2025-11-24,BRN-RBT-02,1.3,41.9,8.5,0
5402,2025-11-24,DAY-GRD-01,4.24,49.8,11.4,3
5403,2025-11-24,DAY-LTH-01,2.41,45.4,15.1,0
5404,2025-11-24,DAY-LTH-02,1.49,48.4,12.0,0
5405,2025-11-24,DAY-LTH-03,2.09,48.6,12.5,0
5406,2025-11-24,DAY-LTH-04,2.08,53.2,12.9,0
5407,2025-11-24,DAY-LTH-05,2.12,49.0,9.9,0
5408,2025-11-24,DAY-MIL-01,1.42,45.9,11.9,0
5409,2025-11-24,DAY-MIL-02,1.36,48.6,12.5,0
5410,2025-11-24,DAY-MIL-03,1.64,49.2,13.8,2
5411,2025-11-24,DAY-MIL-04,1.76,46.4,11.8,0
5412,2025-11-24,DAY-MIL-05,1.63,49.9,10.6,0
5413,2025-11-24,DAY-MIL-06,1.83,52.5,10.7,0
5414,2025-11-24,DAY-MIL-07,1.85,42.6,10.7,0
5415,2025-11-24,DAY-MIL-08,1.63,44.5,13.3,0
5416,2025-11-24,DAY-PRS-01,2.66,62.0,13.8,0
5417,2025-11-24,DAY-PRS-02,2.86,56.8,9.6,0
5418,2025-11-24,DAY-PRS-03,2.74,50.4,13.6,0
5419,2025-11-24,DAY-PRS-04,2.24,56.5,12.6,1
5420,2025-11-24,DAY-RBT-01,1.16,41.4,15.5,0
5421,2025-11-24,DAY-RBT-02,1.34,44.3,10.0,0
5422,2025-11-24,DAY-RBT-03,0.87,42.2,10.6,0
5423,2025-11-24,MTY-GRD-01,1.29,42.6,12.4,1
5424,2025-11-24,MTY-GRD-02,1.47,48.1,12.7,0
5425,2025-11-24,MTY-LTH-01,1.7,50.7,8.4,1
5426,2025-11-24,MTY-LTH-02,1.86,47.6,12.3,0
5427,2025-11-24,MTY-LTH-03,1.48,47.6,11.2,0
5428,2025-11-24,MTY-LTH-04,2.1,47.1,9.4,0
5429,2025-11-24,MTY-LTH-05,2.31,51.8,11.3,0
5430,2025-11-24,MTY-MIL-01,1.62,49.2,11.1,2
5431,2025-11-24,MTY-MIL-02,1.98,48.8,16.0,0
5432,2025-11-24,MTY-MIL-03,1.7,49.3,10.7,1
5433,2025-11-24,MTY-MIL-04,1.82,50.1,12.8,0
5434,2025-11-24,MTY-MIL-05,1.54,47.9,12.3,1
5435,2025-11-24,MTY-MIL-06,2.23,48.1,13.9,0
5436,2025-11-24,MTY-PRS-01,3.46,62.8,16.0,0
5437,2025-11-24,MTY-PRS-02,2.82,56.8,7.3,0
5438,2025-11-24,MTY-PRS-03,2.86,54.5,8.5,0
5439,2025-11-24,MTY-RBT-01,0.96,39.2,1.0,0
5440,2025-11-24,MTY-RBT-02,1.17,34.9,11.9,0
5441,2025-11-25,BRN-GRD-01,1.26,42.4,10.5,0
5442,2025-11-25,BRN-LTH-01,1.62,46.0,10.5,0
5443,2025-11-25,BRN-LTH-02,1.61,46.4,9.3,1
5444,2025-11-25,BRN-MIL-01,1.63,43.5,11.0,0
5445,2025-11-25,BRN-MIL-02,1.4,44.5,12.4,0
5446,2025-11-25,BRN-MIL-03,1.79,47.1,12.5,0
5447,2025-11-25,BRN-MIL-04,1.85,42.6,11.2,0
5448,2025-11-25,BRN-MIL-05,2.06,48.6,12.3,6
5449,2025-11-25,BRN-MIL-06,1.84,49.9,14.7,0
5450,2025-11-25,BRN-PRS-01,2.89,62.2,13.7,1
5451,2025-11-25,BRN-PRS-02,3.54,48.4,9.4,0
5452,2025-11-25,BRN-PRS-03,3.09,51.3,11.9,2
5453,2025-11-25,BRN-RBT-01,1.19,39.8,11.3,0
5454,2025-11-25,BRN-RBT-02,1.35,42.9,10.3,0
5455,2025-11-25,DAY-GRD-01,4.23,47.4,7.7,0
5456,2025-11-25,DAY-LTH-01,2.03,42.4,10.2,0
5457,2025-11-25,DAY-LTH-02,1.4,49.2,8.9,0
5458,2025-11-25,DAY-LTH-03,2.04,50.1,12.6,0
5459,2025-11-25,DAY-LTH-04,2.04,53.2,12.9,0
5460,2025-11-25,DAY-LTH-05,1.85,49.4,10.8,1
5461,2025-11-25,DAY-MIL-01,1.52,47.0,10.7,0
5462,2025-11-25,DAY-MIL-02,1.54,51.6,15.8,0
5463,2025-11-25,DAY-MIL-03,1.8,46.2,12.0,0
5464,2025-11-25,DAY-MIL-04,1.58,44.7,9.8,0
5465,2025-11-25,DAY-MIL-05,1.84,50.0,13.3,1
5466,2025-11-25,DAY-MIL-06,1.94,52.1,11.0,0
5467,2025-11-25,DAY-MIL-07,1.82,43.8,11.5,0
5468,2025-11-25,DAY-MIL-08,1.87,42.9,12.7,1
5469,2025-11-25,DAY-PRS-01,2.85,61.0,16.0,0
5470,2025-11-25,DAY-PRS-02,2.73,59.3,9.9,0
5471,2025-11-25,DAY-PRS-03,2.66,49.9,12.7,0
5472,2025-11-25,DAY-PRS-04,2.41,55.3,10.7,0
5473,2025-11-25,DAY-RBT-01,1.15,42.1,13.9,0
5474,2025-11-25,DAY-RBT-02,1.49,48.8,13.0,0
5475,2025-11-25,DAY-RBT-03,0.85,43.3,11.3,0
5476,2025-11-25,MTY-GRD-01,1.29,44.1,12.8,0
5477,2025-11-25,MTY-GRD-02,1.27,47.9,10.1,0
5478,2025-11-25,MTY-LTH-01,2.13,49.6,10.4,1
5479,2025-11-25,MTY-LTH-02,1.97,46.4,13.6,0
5480,2025-11-25,MTY-LTH-03,1.95,50.0,10.4,0
5481,2025-11-25,MTY-LTH-04,2.17,52.5,12.3,0
5482,2025-11-25,MTY-LTH-05,2.23,50.7,11.6,0
5483,2025-11-25,MTY-MIL-01,1.64,50.1,10.7,3
5484,2025-11-25,MTY-MIL-02,1.76,46.4,10.4,0
5485,2025-11-25,MTY-MIL-03,1.78,46.5,9.7,0
5486,2025-11-25,MTY-MIL-04,1.96,49.5,13.1,2
5487,2025-11-25,MTY-MIL-05,1.48,48.6,11.2,0
5488,2025-11-25,MTY-MIL-06,1.92,42.6,10.6,0
5489,2025-11-25,MTY-PRS-01,3.04,58.6,7.9,0
5490,2025-11-25,MTY-PRS-02,2.83,59.5,8.6,0
5491,2025-11-25,MTY-PRS-03,2.85,55.7,9.2,0
5492,2025-11-25,MTY-RBT-01,1.19,42.3,9.7,0
5493,2025-11-25,MTY-RBT-02,1.22,35.6,11.8,0
5494,2025-11-26,BRN-GRD-01,1.34,44.2,12.2,0
5495,2025-11-26,BRN-LTH-01,1.86,44.4,11.6,0
5496,2025-11-26,BRN-LTH-02,1.55,46.7,8.8,0
5497,2025-11-26,BRN-MIL-01,1.8,42.5,9.0,0
5498,2025-11-26,BRN-MIL-02,1.34,44.2,8.3,0
5499,2025-11-26,BRN-MIL-03,1.79,44.0,9.9,1
5500,2025-11-26,BRN-MIL-04,1.78,43.9,12.1,1
5501,2025-11-26,BRN-MIL-05,2.16,47.2,9.8,3
5502,2025-11-26,BRN-MIL-06,1.54,47.0,9.8,1
5503,2025-11-26,BRN-PRS-01,2.87,57.3,9.6,0
5504,2025-11-26,BRN-PRS-02,3.61,52.9,13.0,0
5505,2025-11-26,BRN-PRS-03,3.05,55.3,12.3,0
5506,2025-11-26,BRN-RBT-01,1.12,40.0,9.3,0
5507,2025-11-26,BRN-RBT-02,1.47,43.1,10.1,0
5508,2025-11-26,DAY-GRD-01,4.59,47.9,11.6,3
5509,2025-11-26,DAY-LTH-01,2.35,43.3,10.1,0
5510,2025-11-26,DAY-LTH-02,1.5,50.9,13.6,0
5511,2025-11-26,DAY-LTH-03,2.13,48.1,11.3,0
5512,2025-11-26,DAY-LTH-04,1.98,50.4,4.5,0
5513,2025-11-26,DAY-LTH-05,2.16,51.6,13.4,0
5514,2025-11-26,DAY-MIL-01,1.61,44.6,10.6,0
5515,2025-11-26,DAY-MIL-02,1.56,48.0,10.8,0
5516,2025-11-26,DAY-MIL-03,1.65,48.4,14.4,0
5517,2025-11-26,DAY-MIL-04,1.9,47.1,11.2,1
5518,2025-11-26,DAY-MIL-05,1.7,48.7,3.4,0
5519,2025-11-26,DAY-MIL-06,1.87,52.7,12.4,0
5520,2025-11-26,DAY-MIL-07,1.91,42.3,11.3,0
5521,2025-11-26,DAY-MIL-08,1.71,41.6,12.1,0
5522,2025-11-26,DAY-PRS-01,2.72,58.5,11.7,0
5523,2025-11-26,DAY-PRS-02,3.01,59.2,12.6,0
5524,2025-11-26,DAY-PRS-03,2.63,50.5,12.0,0
5525,2025-11-26,DAY-PRS-04,2.35,55.1,10.6,0
5526,2025-11-26,DAY-RBT-01,1.06,39.6,8.9,1
5527,2025-11-26,DAY-RBT-02,1.37,47.1,13.5,0
5528,2025-11-26,DAY-RBT-03,0.99,43.9,12.2,0
5529,2025-11-26,MTY-GRD-01,1.3,43.0,11.2,0
5530,2025-11-26,MTY-GRD-02,1.33,45.9,9.7,0
5531,2025-11-26,MTY-LTH-01,2.18,49.8,8.4,0
5532,2025-11-26,MTY-LTH-02,1.86,44.0,9.0,0
5533,2025-11-26,MTY-LTH-03,1.83,49.2,13.2,0
5534,2025-11-26,MTY-LTH-04,2.36,50.9,13.2,0
5535,2025-11-26,MTY-LTH-05,2.14,53.1,11.3,0
5536,2025-11-26,MTY-MIL-01,1.61,51.8,13.1,1
5537,2025-11-26,MTY-MIL-02,1.71,45.5,10.9,0
5538,2025-11-26,MTY-MIL-03,2.13,46.4,13.4,1
5539,2025-11-26,MTY-MIL-04,1.72,47.8,12.7,0
5540,2025-11-26,MTY-MIL-05,1.64,45.2,8.1,0
5541,2025-11-26,MTY-MIL-06,1.83,42.3,7.6,0
5542,2025-11-26,MTY-PRS-01,3.24,60.1,11.4,0
5543,2025-11-26,MTY-PRS-02,3.03,58.4,12.8,1
5544,2025-11-26,MTY-PRS-03,2.89,56.1,9.9,0
5545,2025-11-26,MTY-RBT-01,1.07,41.8,11.8,1
5546,2025-11-26,MTY-RBT-02,1.21,37.0,13.9,0
5547,2025-11-27,BRN-GRD-01,1.27,44.4,9.5,0
5548,2025-11-27,BRN-LTH-01,1.73,46.1,12.6,0
5549,2025-11-27,BRN-LTH-02,1.68,46.1,10.7,0
5550,2025-11-27,BRN-LTH-03,2.06,53.7,11.2,0
5551,2025-11-27,BRN-MIL-01,1.52,42.8,10.4,0
5552,2025-11-27,BRN-MIL-02,1.37,46.0,12.2,1
5553,2025-11-27,BRN-MIL-03,1.65,45.4,12.5,0
5554,2025-11-27,BRN-MIL-04,1.66,41.4,9.0,0
5555,2025-11-27,BRN-MIL-05,2.07,47.8,10.9,5
5556,2025-11-27,BRN-MIL-06,1.9,51.9,15.5,1
5557,2025-11-27,BRN-PRS-01,2.91,57.1,11.7,0
5558,2025-11-27,BRN-PRS-02,3.47,53.4,11.9,0
5559,2025-11-27,BRN-PRS-03,3.21,55.4,13.3,0
5560,2025-11-27,BRN-RBT-01,1.0,39.5,9.2,1
5561,2025-11-27,BRN-RBT-02,1.39,43.1,14.1,0
5562,2025-11-27,MTY-GRD-01,1.23,42.8,12.4,1
5563,2025-11-27,MTY-GRD-02,1.41,47.3,12.6,0
5564,2025-11-27,MTY-LTH-01,2.02,50.3,12.4,0
5565,2025-11-27,MTY-LTH-02,1.79,45.3,10.3,0
5566,2025-11-27,MTY-LTH-03,1.88,49.8,12.7,0
5567,2025-11-27,MTY-LTH-04,2.47,52.2,15.2,0
5568,2025-11-27,MTY-LTH-05,2.16,51.8,12.3,0
5569,2025-11-27,MTY-MIL-01,1.61,50.8,11.9,1
5570,2025-11-27,MTY-MIL-02,1.8,47.3,13.4,0
5571,2025-11-27,MTY-MIL-03,1.74,46.4,9.9,0
5572,2025-11-27,MTY-MIL-04,1.61,49.2,10.7,0
5573,2025-11-27,MTY-MIL-05,1.62,49.6,12.8,0
5574,2025-11-27,MTY-MIL-06,1.94,41.8,8.7,0
5575,2025-11-27,MTY-PRS-01,3.5,62.1,14.5,0
5576,2025-11-27,MTY-PRS-02,2.92,59.6,15.7,0
5577,2025-11-27,MTY-PRS-03,2.94,57.1,12.9,0
5578,2025-11-27,MTY-RBT-01,1.16,40.1,11.8,1
5579,2025-11-27,MTY-RBT-02,1.12,36.9,12.6,0
5580,2025-11-28,BRN-GRD-01,1.35,43.5,12.2,0
5581,2025-11-28,BRN-LTH-01,1.83,44.2,9.4,0
5582,2025-11-28,BRN-LTH-02,1.55,43.8,9.0,1
5583,2025-11-28,BRN-LTH-03,2.14,48.2,8.2,0
5584,2025-11-28,BRN-MIL-01,1.74,44.0,11.5,1
5585,2025-11-28,BRN-MIL-02,1.24,45.1,9.4,0
5586,2025-11-28,BRN-MIL-03,1.76,45.4,13.2,0
5587,2025-11-28,BRN-MIL-04,1.64,40.5,12.1,0
5588,2025-11-28,BRN-MIL-05,2.03,45.2,11.6,2
5589,2025-11-28,BRN-MIL-06,1.61,50.3,10.0,0
5590,2025-11-28,BRN-PRS-01,3.12,57.2,9.9,0
5591,2025-11-28,BRN-PRS-02,3.83,53.3,8.8,0
5592,2025-11-28,BRN-PRS-03,2.92,53.4,11.1,0
5593,2025-11-28,BRN-RBT-01,1.2,43.0,12.2,0
5594,2025-11-28,BRN-RBT-02,1.55,43.9,11.5,0
5595,2025-11-28,MTY-GRD-01,1.38,44.0,14.8,0
5596,2025-11-28,MTY-GRD-02,1.34,48.5,13.1,0
5597,2025-11-28,MTY-LTH-01,2.07,49.7,12.2,0
5598,2025-11-28,MTY-LTH-02,1.71,43.7,9.7,0
5599,2025-11-28,MTY-LTH-03,1.69,48.2,13.2,0
5600,2025-11-28,MTY-LTH-04,2.19,48.7,9.8,0
5601,2025-11-28,MTY-LTH-05,2.22,51.2,10.3,0
5602,2025-11-28,MTY-MIL-01,1.61,48.7,11.9,6
5603,2025-11-28,MTY-MIL-02,2.02,46.9,10.0,1
5604,2025-11-28,MTY-MIL-03,1.9,45.3,11.2,0
5605,2025-11-28,MTY-MIL-04,1.69,49.0,13.4,1
5606,2025-11-28,MTY-MIL-05,1.58,51.6,12.6,0
5607,2025-11-28,MTY-MIL-06,2.03,42.5,10.7,0
5608,2025-11-28,MTY-PRS-01,3.06,58.1,9.5,1
5609,2025-11-28,MTY-PRS-02,2.56,57.9,9.1,0
5610,2025-11-28,MTY-PRS-03,2.68,54.6,8.6,0
5611,2025-11-28,MTY-RBT-01,1.15,41.0,12.5,0
5612,2025-11-28,MTY-RBT-02,1.07,36.3,12.1,0
5613,2025-12-01,BRN-GRD-01,1.32,46.0,11.1,0
5614,2025-12-01,BRN-LTH-01,1.8,46.4,11.4,1
5615,2025-12-01,BRN-LTH-02,1.73,49.9,14.0,0
5616,2025-12-01,BRN-LTH-03,2.04,50.9,13.2,0
5617,2025-12-01,BRN-MIL-01,1.68,45.6,10.9,0
5618,2025-12-01,BRN-MIL-02,1.38,45.4,13.5,0
5619,2025-12-01,BRN-MIL-03,1.98,44.6,14.4,0
5620,2025-12-01,BRN-MIL-04,1.66,41.8,9.9,2
5621,2025-12-01,BRN-MIL-05,2.36,47.9,13.1,3
5622,2025-12-01,BRN-MIL-06,1.87,50.0,10.8,1
5623,2025-12-01,BRN-PRS-01,3.35,58.0,13.6,0
5624,2025-12-01,BRN-PRS-02,3.3,51.8,12.3,0
5625,2025-12-01,BRN-PRS-03,2.9,54.2,9.8,0
5626,2025-12-01,BRN-RBT-01,1.11,42.0,11.6,0
5627,2025-12-01,BRN-RBT-02,1.44,44.0,10.3,0
5628,2025-12-01,DAY-GRD-01,5.55,51.0,14.5,1
5629,2025-12-01,DAY-LTH-01,2.61,44.2,16.0,0
5630,2025-12-01,DAY-LTH-02,1.58,50.4,12.6,0
5631,2025-12-01,DAY-LTH-03,2.19,51.2,14.6,0
5632,2025-12-01,DAY-LTH-04,2.26,55.5,14.2,2
5633,2025-12-01,DAY-LTH-05,2.0,51.8,13.6,0
5634,2025-12-01,DAY-MIL-01,1.5,46.8,12.6,0
5635,2025-12-01,DAY-MIL-02,1.62,49.5,10.6,0
5636,2025-12-01,DAY-MIL-03,1.69,48.5,10.6,0
5637,2025-12-01,DAY-MIL-04,1.86,47.3,13.1,1
5638,2025-12-01,DAY-MIL-05,1.59,51.2,12.6,0
5639,2025-12-01,DAY-MIL-06,1.79,52.4,11.6,0
5640,2025-12-01,DAY-MIL-07,1.91,44.7,13.6,0
5641,2025-12-01,DAY-MIL-08,1.6,41.3,10.8,1
5642,2025-12-01,DAY-PRS-01,3.1,58.3,12.6,0
5643,2025-12-01,DAY-PRS-02,2.91,60.6,12.2,0
5644,2025-12-01,DAY-PRS-03,2.62,51.0,10.7,1
5645,2025-12-01,DAY-PRS-04,2.14,56.4,9.3,0
5646,2025-12-01,DAY-RBT-01,0.99,37.7,8.7,0
5647,2025-12-01,DAY-RBT-02,1.23,45.7,7.6,0
5648,2025-12-01,DAY-RBT-03,0.89,44.4,9.8,0
5649,2025-12-01,MTY-GRD-01,1.25,43.2,11.0,0
5650,2025-12-01,MTY-GRD-02,1.45,47.2,12.2,0
5651,2025-12-01,MTY-LTH-01,2.13,51.2,13.4,1
5652,2025-12-01,MTY-LTH-02,1.79,45.9,11.0,0
5653,2025-12-01,MTY-LTH-03,1.95,51.7,13.2,0
5654,2025-12-01,MTY-LTH-04,2.48,49.9,13.0,0
5655,2025-12-01,MTY-LTH-05,2.32,51.1,11.7,0
5656,2025-12-01,MTY-MIL-01,1.86,52.8,14.8,4
5657,2025-12-01,MTY-MIL-02,1.69,46.1,12.4,0
5658,2025-12-01,MTY-MIL-03,1.93,45.6,10.4,0
5659,2025-12-01,MTY-MIL-04,1.72,49.5,13.7,0
5660,2025-12-01,MTY-MIL-05,1.59,47.5,12.1,1
5661,2025-12-01,MTY-MIL-06,2.18,46.0,12.0,0
5662,2025-12-01,MTY-PRS-01,3.33,61.4,11.8,0
5663,2025-12-01,MTY-PRS-02,2.57,58.1,11.6,0
5664,2025-12-01,MTY-PRS-03,2.78,58.8,12.5,0
5665,2025-12-01,MTY-RBT-01,1.16,42.5,11.2,0
5666,2025-12-01,MTY-RBT-02,1.12,34.1,10.7,0
5667,2025-12-02,BRN-GRD-01,1.21,43.6,9.0,0
5668,2025-12-02,BRN-LTH-01,1.8,46.1,11.1,0
5669,2025-12-02,BRN-LTH-02,1.68,47.9,12.5,0
5670,2025-12-02,BRN-LTH-03,2.04,49.5,11.4,0
5671,2025-12-02,BRN-MIL-01,1.7,43.2,9.2,0
5672,2025-12-02,BRN-MIL-02,1.57,47.5,14.8,0
5673,2025-12-02,BRN-MIL-03,1.9,43.5,11.4,1
5674,2025-12-02,BRN-MIL-04,1.67,39.3,7.1,0
5675,2025-12-02,BRN-MIL-05,2.1,50.2,10.6,5
5676,2025-12-02,BRN-MIL-06,1.84,53.0,12.6,1
5677,2025-12-02,BRN-PRS-01,2.95,57.1,10.1,0
5678,2025-12-02,BRN-PRS-02,3.31,50.9,10.6,0
5679,2025-12-02,BRN-PRS-03,3.38,54.2,13.2,0
5680,2025-12-02,BRN-RBT-01,1.14,42.5,13.1,0
5681,2025-12-02,BRN-RBT-02,1.42,44.1,10.2,0
5682,2025-12-02,DAY-GRD-01,2.06,48.6,2.5,3
5683,2025-12-02,DAY-LTH-01,2.22,42.7,10.9,0
5684,2025-12-02,DAY-LTH-02,1.68,51.6,12.6,2
5685,2025-12-02,DAY-LTH-03,2.16,47.7,9.6,1
5686,2025-12-02,DAY-LTH-04,2.06,51.3,14.2,0
5687,2025-12-02,DAY-LTH-05,1.71,47.4,7.5,0
5688,2025-12-02,DAY-MIL-01,1.59,45.7,12.6,0
5689,2025-12-02,DAY-MIL-02,1.41,48.4,11.1,1
5690,2025-12-02,DAY-MIL-03,1.68,46.9,10.6,0
5691,2025-12-02,DAY-MIL-04,1.62,44.8,9.1,0
5692,2025-12-02,DAY-MIL-05,1.74,49.5,11.6,0
5693,2025-12-02,DAY-MIL-06,1.8,50.7,11.1,0
5694,2025-12-02,DAY-MIL-07,1.73,43.1,9.8,0
5695,2025-12-02,DAY-MIL-08,1.57,43.5,11.9,0
5696,2025-12-02,DAY-PRS-01,2.66,56.6,8.5,0
5697,2025-12-02,DAY-PRS-02,2.45,56.0,8.6,1
5698,2025-12-02,DAY-PRS-03,2.88,50.2,13.1,0
5699,2025-12-02,DAY-PRS-04,2.45,59.5,15.1,2
5700,2025-12-02,DAY-RBT-01,1.09,41.3,10.9,0
5701,2025-12-02,DAY-RBT-02,1.39,45.4,10.9,0
5702,2025-12-02,DAY-RBT-03,0.95,42.5,10.8,1
5703,2025-12-02,MTY-GRD-01,1.42,44.0,14.3,0
5704,2025-12-02,MTY-GRD-02,1.37,48.3,11.8,1
5705,2025-12-02,MTY-LTH-01,1.91,51.5,11.1,0
5706,2025-12-02,MTY-LTH-02,2.0,46.3,12.7,2
5707,2025-12-02,MTY-LTH-03,1.95,50.0,12.6,0
5708,2025-12-02,MTY-LTH-04,2.2,48.2,9.8,0
5709,2025-12-02,MTY-LTH-05,2.03,48.3,7.0,0
5710,2025-12-02,MTY-MIL-01,1.86,52.5,14.0,7
5711,2025-12-02,MTY-MIL-02,1.91,45.7,14.1,0
5712,2025-12-02,MTY-MIL-03,1.85,44.7,8.2,0
5713,2025-12-02,MTY-MIL-04,1.86,46.7,11.5,0
5714,2025-12-02,MTY-MIL-05,1.64,47.1,11.7,0
5715,2025-12-02,MTY-MIL-06,1.89,44.1,10.9,0
5716,2025-12-02,MTY-PRS-01,3.36,59.9,13.6,0
5717,2025-12-02,MTY-PRS-02,2.68,58.4,10.8,0
5718,2025-12-02,MTY-PRS-03,2.93,56.8,9.2,0
5719,2025-12-02,MTY-RBT-01,1.13,39.9,10.1,0
5720,2025-12-02,MTY-RBT-02,1.15,38.2,13.1,1
5721,2025-12-03,BRN-GRD-01,1.39,45.9,11.3,0
5722,2025-12-03,BRN-LTH-01,1.81,45.9,11.7,0
5723,2025-12-03,BRN-LTH-02,1.8,48.5,13.7,1
5724,2025-12-03,BRN-LTH-03,2.01,46.1,7.4,0
5725,2025-12-03,BRN-MIL-01,1.76,43.0,9.9,0
5726,2025-12-03,BRN-MIL-02,1.41,45.2,12.5,0
5727,2025-12-03,BRN-MIL-03,1.96,44.5,11.3,0
5728,2025-12-03,BRN-MIL-04,1.63,39.4,10.4,0
5729,2025-12-03,BRN-MIL-05,2.16,47.2,9.4,7
5730,2025-12-03,BRN-MIL-06,1.92,53.3,16.0,2
5731,2025-12-03,BRN-PRS-01,3.03,58.5,10.8,0
5732,2025-12-03,BRN-PRS-02,2.85,50.1,8.7,1
5733,2025-12-03,BRN-PRS-03,3.13,54.1,11.6,0
5734,2025-12-03,BRN-RBT-01,1.01,40.1,10.3,1
5735,2025-12-03,BRN-RBT-02,1.5,43.2,12.7,1
5736,2025-12-03,DAY-LTH-01,2.07,44.7,13.3,0
5737,2025-12-03,DAY-LTH-02,1.75,51.1,11.9,1
5738,2025-12-03,DAY-LTH-03,2.03,49.9,12.4,1
5739,2025-12-03,DAY-LTH-04,1.98,51.7,9.5,0
5740,2025-12-03,DAY-LTH-05,1.74,50.5,10.4,0
5741,2025-12-03,DAY-MIL-01,1.65,48.3,13.4,0
5742,2025-12-03,DAY-MIL-02,1.54,47.6,10.1,0
5743,2025-12-03,DAY-MIL-03,1.72,47.8,11.4,0
5744,2025-12-03,DAY-MIL-04,1.77,46.4,12.9,0
5745,2025-12-03,DAY-MIL-05,1.65,45.8,10.4,0
5746,2025-12-03,DAY-MIL-06,1.96,51.1,12.9,1
5747,2025-12-03,DAY-MIL-07,1.75,41.2,6.5,1
5748,2025-12-03,DAY-MIL-08,1.79,43.0,14.6,1
5749,2025-12-03,DAY-PRS-01,2.96,59.1,10.1,0
5750,2025-12-03,DAY-PRS-02,2.94,58.4,7.4,1
5751,2025-12-03,DAY-PRS-03,2.57,50.9,11.8,1
5752,2025-12-03,DAY-PRS-04,2.07,55.5,10.9,0
5753,2025-12-03,DAY-RBT-01,1.07,41.0,10.9,0
5754,2025-12-03,DAY-RBT-02,1.57,47.5,16.0,0
5755,2025-12-03,DAY-RBT-03,1.04,45.6,13.7,0
5756,2025-12-03,MTY-GRD-01,1.19,43.0,10.2,0
5757,2025-12-03,MTY-GRD-02,1.44,46.4,12.9,0
5758,2025-12-03,MTY-LTH-01,1.98,49.5,9.0,0
5759,2025-12-03,MTY-LTH-02,1.71,42.0,8.5,0
5760,2025-12-03,MTY-LTH-03,1.79,47.2,12.3,0
5761,2025-12-03,MTY-LTH-04,2.04,49.8,9.8,1
5762,2025-12-03,MTY-LTH-05,2.21,53.3,12.5,0
5763,2025-12-03,MTY-MIL-01,1.88,50.6,13.6,3
5764,2025-12-03,MTY-MIL-02,1.81,48.6,13.2,0
5765,2025-12-03,MTY-MIL-03,2.01,47.7,15.8,1
5766,2025-12-03,MTY-MIL-04,1.56,47.5,10.4,0
5767,2025-12-03,MTY-MIL-05,1.73,48.4,13.3,0
5768,2025-12-03,MTY-MIL-06,1.83,43.3,11.0,0
5769,2025-12-03,MTY-PRS-01,3.55,62.5,13.5,1
5770,2025-12-03,MTY-PRS-02,2.78,56.3,10.3,0
5771,2025-12-03,MTY-PRS-03,2.72,59.8,14.3,0
5772,2025-12-03,MTY-RBT-01,1.14,39.2,11.2,0
5773,2025-12-03,MTY-RBT-02,1.16,37.2,12.4,0
5774,2025-12-04,BRN-GRD-01,1.28,46.6,13.1,0
5775,2025-12-04,BRN-LTH-01,1.75,43.4,10.5,0
5776,2025-12-04,BRN-LTH-02,1.75,47.2,14.0,0
5777,2025-12-04,BRN-LTH-03,1.94,49.8,12.0,0
5778,2025-12-04,BRN-MIL-01,1.64,46.7,13.9,1
5779,2025-12-04,BRN-MIL-02,1.44,45.4,13.7,0
5780,2025-12-04,BRN-MIL-03,1.86,46.9,14.5,1
5781,2025-12-04,BRN-MIL-04,1.69,43.9,11.9,1
5782,2025-12-04,BRN-MIL-05,2.2,48.2,13.0,6
5783,2025-12-04,BRN-MIL-06,1.8,54.1,11.9,0
5784,2025-12-04,BRN-PRS-01,3.03,58.1,12.6,1
5785,2025-12-04,BRN-PRS-02,3.17,51.9,10.0,0
5786,2025-12-04,BRN-PRS-03,3.13,55.6,11.9,0
5787,2025-12-04,BRN-RBT-01,1.03,40.4,11.3,0
5788,2025-12-04,BRN-RBT-02,1.46,45.6,13.0,0
5789,2025-12-04,DAY-GRD-01,1.93,44.3,9.5,0
5790,2025-12-04,DAY-LTH-01,2.01,42.6,10.2,0
5791,2025-12-04,DAY-LTH-02,1.58,50.2,8.4,2
5792,2025-12-04,DAY-LTH-03,2.0,49.5,10.0,0
5793,2025-12-04,DAY-LTH-04,1.85,50.1,9.7,1
5794,2025-12-04,DAY-LTH-05,1.95,51.2,11.2,0
5795,2025-12-04,DAY-MIL-01,1.37,42.9,9.3,0
5796,2025-12-04,DAY-MIL-02,1.58,50.0,11.4,0
5797,2025-12-04,DAY-MIL-03,1.43,44.1,8.8,0
5798,2025-12-04,DAY-MIL-04,1.66,44.1,8.8,1
5799,2025-12-04,DAY-MIL-05,1.67,51.3,12.1,0
5800,2025-12-04,DAY-MIL-06,1.95,53.0,14.6,0
5801,2025-12-04,DAY-MIL-07,2.03,43.1,12.7,0
5802,2025-12-04,DAY-MIL-08,1.51,39.4,7.2,0
5803,2025-12-04,DAY-PRS-01,2.61,58.9,10.2,0
5804,2025-12-04,DAY-PRS-02,2.71,56.6,10.6,1
5805,2025-12-04,DAY-PRS-03,2.58,49.6,8.5,0
5806,2025-12-04,DAY-PRS-04,2.26,58.0,12.1,1
5807,2025-12-04,DAY-RBT-01,1.1,38.0,8.9,0
5808,2025-12-04,DAY-RBT-02,1.39,48.2,14.8,0
5809,2025-12-04,DAY-RBT-03,1.19,41.5,11.4,1
5810,2025-12-04,MTY-GRD-01,1.22,43.2,9.6,0
5811,2025-12-04,MTY-GRD-02,1.21,48.1,12.9,0
5812,2025-12-04,MTY-LTH-01,1.96,50.7,9.7,0
5813,2025-12-04,MTY-LTH-02,1.98,43.3,10.8,0
5814,2025-12-04,MTY-LTH-03,1.76,46.3,9.9,0
5815,2025-12-04,MTY-LTH-04,2.2,51.4,13.8,0
5816,2025-12-04,MTY-LTH-05,2.19,50.7,10.1,3
5817,2025-12-04,MTY-MIL-01,1.96,52.8,14.7,3
5818,2025-12-04,MTY-MIL-02,1.91,47.3,12.0,0
5819,2025-12-04,MTY-MIL-03,1.94,48.0,13.5,0
5820,2025-12-04,MTY-MIL-04,1.94,50.7,10.5,0
5821,2025-12-04,MTY-MIL-05,1.75,49.4,11.2,0
5822,2025-12-04,MTY-MIL-06,2.03,43.3,11.7,1
5823,2025-12-04,MTY-PRS-01,3.61,59.5,12.5,0
5824,2025-12-04,MTY-PRS-02,2.84,59.1,12.0,0
5825,2025-12-04,MTY-PRS-03,2.79,55.2,11.1,1
5826,2025-12-04,MTY-RBT-01,1.17,43.2,12.7,0
5827,2025-12-04,MTY-RBT-02,1.11,35.7,12.1,0
5828,2025-12-05,BRN-GRD-01,1.37,42.9,9.6,0
5829,2025-12-05,BRN-LTH-01,1.58,43.8,1.0,0
5830,2025-12-05,BRN-LTH-02,1.77,48.4,11.9,0
5831,2025-12-05,BRN-LTH-03,1.98,49.9,10.8,0
5832,2025-12-05,BRN-MIL-01,1.78,46.0,15.4,1
5833,2025-12-05,BRN-MIL-02,1.28,45.9,11.2,0
5834,2025-12-05,BRN-MIL-03,1.92,47.0,13.1,0
5835,2025-12-05,BRN-MIL-04,1.78,43.4,10.9,1
5836,2025-12-05,BRN-MIL-05,1.57,42.1,5.9,3
5837,2025-12-05,BRN-MIL-06,1.87,52.2,10.1,1
5838,2025-12-05,BRN-PRS-01,3.18,59.0,13.3,0
5839,2025-12-05,BRN-PRS-02,3.5,48.4,10.2,0
5840,2025-12-05,BRN-PRS-03,2.97,52.6,8.5,0
5841,2025-12-05,BRN-RBT-01,1.04,39.3,8.8,0
5842,2025-12-05,BRN-RBT-02,1.42,43.1,11.4,1
5843,2025-12-05,DAY-GRD-01,1.73,46.9,12.6,1
5844,2025-12-05,DAY-LTH-01,1.97,42.5,10.7,0
5845,2025-12-05,DAY-LTH-02,1.99,53.3,13.2,3
5846,2025-12-05,DAY-LTH-03,2.25,49.9,11.6,0
5847,2025-12-05,DAY-LTH-04,2.2,50.9,10.8,1
5848,2025-12-05,DAY-LTH-05,2.08,53.1,12.9,1
5849,2025-12-05,DAY-MIL-01,1.89,46.8,14.6,0
5850,2025-12-05,DAY-MIL-02,1.5,47.6,8.7,0
5851,2025-12-05,DAY-MIL-03,1.71,50.3,14.4,0
5852,2025-12-05,DAY-MIL-04,1.77,42.9,11.5,0
5853,2025-12-05,DAY-MIL-05,1.77,53.9,15.7,1
5854,2025-12-05,DAY-MIL-06,1.93,54.2,16.0,0
5855,2025-12-05,DAY-MIL-07,2.04,42.8,12.6,0
5856,2025-12-05,DAY-MIL-08,1.36,41.0,8.0,0
5857,2025-12-05,DAY-PRS-01,3.13,60.6,12.9,0
5858,2025-12-05,DAY-PRS-02,2.91,57.6,9.4,0
5859,2025-12-05,DAY-PRS-03,2.48,52.8,14.9,1
5860,2025-12-05,DAY-PRS-04,2.26,57.1,11.3,0
5861,2025-12-05,DAY-RBT-01,1.13,39.0,9.8,0
5862,2025-12-05,DAY-RBT-02,1.36,44.4,12.3,0
5863,2025-12-05,DAY-RBT-03,1.25,41.5,9.7,0
5864,2025-12-05,MTY-GRD-01,1.2,44.0,12.6,0
5865,2025-12-05,MTY-GRD-02,1.34,47.3,13.1,0
5866,2025-12-05,MTY-LTH-01,2.11,51.7,12.1,0
5867,2025-12-05,MTY-LTH-02,1.91,45.8,13.4,0
5868,2025-12-05,MTY-LTH-03,1.71,48.3,11.5,0
5869,2025-12-05,MTY-LTH-04,2.26,51.1,11.7,0
5870,2025-12-05,MTY-LTH-05,2.19,51.9,11.4,0
5871,2025-12-05,MTY-MIL-01,1.9,51.6,13.3,4
5872,2025-12-05,MTY-MIL-02,1.74,47.1,12.7,0
5873,2025-12-05,MTY-MIL-03,1.92,46.2,11.7,0
5874,2025-12-05,MTY-MIL-04,1.71,47.8,11.4,0
5875,2025-12-05,MTY-MIL-05,1.47,45.8,8.6,0
5876,2025-12-05,MTY-MIL-06,2.02,46.3,11.5,0
5877,2025-12-05,MTY-PRS-01,3.34,60.2,12.7,0
5878,2025-12-05,MTY-PRS-02,2.45,58.0,11.9,0
5879,2025-12-05,MTY-PRS-03,2.86,56.3,11.6,0
5880,2025-12-05,MTY-RBT-01,1.1,42.0,12.0,0
5881,2025-12-05,MTY-RBT-02,1.16,36.4,11.0,0
5882,2025-12-08,BRN-GRD-01,1.42,47.0,12.8,0
5883,2025-12-08,BRN-LTH-01,1.73,44.3,11.8,1
5884,2025-12-08,BRN-LTH-02,1.69,48.2,12.9,0
5885,2025-12-08,BRN-LTH-03,2.08,50.2,10.8,0
5886,2025-12-08,BRN-MIL-01,1.85,46.5,15.9,0
5887,2025-12-08,BRN-MIL-02,1.21,42.9,8.5,0
5888,2025-12-08,BRN-MIL-03,1.79,46.7,14.8,1
5889,2025-12-08,BRN-MIL-04,1.88,43.1,13.0,1
5890,2025-12-08,BRN-MIL-05,1.75,43.5,11.8,0
5891,2025-12-08,BRN-MIL-06,2.12,52.7,10.1,3
5892,2025-12-08,BRN-PRS-01,2.92,58.3,10.5,0
5893,2025-12-08,BRN-PRS-02,3.78,52.7,15.6,0
5894,2025-12-08,BRN-PRS-03,3.12,53.2,13.3,0
5895,2025-12-08,BRN-RBT-01,1.14,40.4,11.2,0
5896,2025-12-08,BRN-RBT-02,1.39,40.6,10.1,0
5897,2025-12-08,DAY-GRD-01,1.98,47.2,10.6,0
5898,2025-12-08,DAY-LTH-01,2.25,47.6,16.0,0
5899,2025-12-08,DAY-LTH-02,2.03,58.2,14.1,1
5900,2025-12-08,DAY-LTH-03,1.8,48.2,10.2,0
5901,2025-12-08,DAY-LTH-04,2.02,54.0,12.4,0
5902,2025-12-08,DAY-LTH-05,2.03,53.4,10.8,2
5903,2025-12-08,DAY-MIL-01,1.6,46.0,13.0,1
5904,2025-12-08,DAY-MIL-02,1.49,46.6,9.6,1
5905,2025-12-08,DAY-MIL-03,1.55,47.5,10.9,0
5906,2025-12-08,DAY-MIL-04,1.54,42.7,3.5,0
5907,2025-12-08,DAY-MIL-05,1.87,48.0,11.8,0
5908,2025-12-08,DAY-MIL-06,1.85,49.3,10.0,1
5909,2025-12-08,DAY-MIL-07,1.99,42.1,11.3,0
5910,2025-12-08,DAY-MIL-08,1.77,39.2,11.4,0
5911,2025-12-08,DAY-PRS-01,2.93,59.2,11.3,1
5912,2025-12-08,DAY-PRS-02,2.97,59.7,13.8,0
5913,2025-12-08,DAY-PRS-03,2.75,54.0,13.2,0
5914,2025-12-08,DAY-PRS-04,2.44,55.7,13.1,0
5915,2025-12-08,DAY-RBT-01,1.2,40.9,15.2,0
5916,2025-12-08,DAY-RBT-02,1.18,43.5,9.2,0
5917,2025-12-08,DAY-RBT-03,1.45,45.8,12.9,2
5918,2025-12-08,MTY-GRD-01,1.41,44.3,12.9,0
5919,2025-12-08,MTY-GRD-02,1.43,46.7,12.1,0
5920,2025-12-08,MTY-LTH-01,2.14,48.3,10.9,0
5921,2025-12-08,MTY-LTH-02,2.03,47.1,10.8,0
5922,2025-12-08,MTY-LTH-03,1.7,48.5,10.4,0
5923,2025-12-08,MTY-LTH-04,2.2,47.9,11.4,0
5924,2025-12-08,MTY-LTH-05,2.31,51.1,11.6,0
5925,2025-12-08,MTY-MIL-01,1.82,55.1,13.8,6
5926,2025-12-08,MTY-MIL-02,1.83,44.2,9.3,0
5927,2025-12-08,MTY-MIL-03,1.9,48.3,13.2,0
5928,2025-12-08,MTY-MIL-04,1.69,47.3,12.3,1
5929,2025-12-08,MTY-MIL-05,1.85,47.6,13.0,0
5930,2025-12-08,MTY-MIL-06,2.11,43.8,10.2,0
5931,2025-12-08,MTY-PRS-01,3.45,60.4,12.6,0
5932,2025-12-08,MTY-PRS-02,2.66,56.6,10.3,0
5933,2025-12-08,MTY-PRS-03,2.66,58.0,13.5,1
5934,2025-12-08,MTY-RBT-01,1.15,41.1,11.0,0
5935,2025-12-08,MTY-RBT-02,1.18,35.4,12.1,0
5936,2025-12-09,BRN-GRD-01,1.22,43.8,9.0,0
5937,2025-12-09,BRN-LTH-01,1.73,42.4,9.3,0
5938,2025-12-09,BRN-LTH-02,1.66,47.1,12.5,0
5939,2025-12-09,BRN-LTH-03,1.99,49.8,10.8,0
5940,2025-12-09,BRN-MIL-01,1.67,42.8,9.9,0
5941,2025-12-09,BRN-MIL-02,1.41,46.4,11.0,0
5942,2025-12-09,BRN-MIL-03,1.75,45.1,11.7,0
5943,2025-12-09,BRN-MIL-04,1.81,41.0,10.0,0
5944,2025-12-09,BRN-MIL-05,1.5,42.4,11.5,0
5945,2025-12-09,BRN-MIL-06,2.06,54.0,11.2,1
5946,2025-12-09,BRN-PRS-01,3.28,59.2,11.9,1
5947,2025-12-09,BRN-PRS-02,3.25,49.5,11.8,2
5948,2025-12-09,BRN-PRS-03,2.93,54.4,11.8,0
5949,2025-12-09,BRN-RBT-01,1.16,41.6,12.2,0
5950,2025-12-09,BRN-RBT-02,1.47,43.6,13.6,0
5951,2025-12-09,DAY-GRD-01,1.81,46.6,12.6,0
5952,2025-12-09,DAY-LTH-01,2.08,42.2,8.8,1
5953,2025-12-09,DAY-LTH-02,1.94,55.4,9.2,0
5954,2025-12-09,DAY-LTH-03,2.03,50.7,13.1,1
5955,2025-12-09,DAY-LTH-04,2.1,51.2,9.4,0
5956,2025-12-09,DAY-LTH-05,2.37,56.7,16.0,3
5957,2025-12-09,DAY-MIL-01,1.51,43.7,10.8,1
5958,2025-12-09,DAY-MIL-02,1.43,46.0,9.4,0
5959,2025-12-09,DAY-MIL-03,1.59,46.9,9.3,0
5960,2025-12-09,DAY-MIL-04,1.6,46.2,14.4,0
5961,2025-12-09,DAY-MIL-05,1.72,48.0,10.2,0
5962,2025-12-09,DAY-MIL-06,1.99,50.7,10.7,0
5963,2025-12-09,DAY-MIL-07,2.01,42.1,9.4,0
5964,2025-12-09,DAY-MIL-08,1.57,43.7,11.6,0
5965,2025-12-09,DAY-PRS-01,2.8,58.6,11.2,0
5966,2025-12-09,DAY-PRS-02,2.81,56.5,11.3,0
5967,2025-12-09,DAY-PRS-03,2.69,50.7,10.5,0
5968,2025-12-09,DAY-PRS-04,2.57,57.4,13.5,1
5969,2025-12-09,DAY-RBT-01,1.0,36.5,10.2,0
5970,2025-12-09,DAY-RBT-02,1.42,44.9,10.6,1
5971,2025-12-09,DAY-RBT-03,1.35,45.3,11.5,0
5972,2025-12-09,MTY-GRD-01,1.24,43.7,11.7,0
5973,2025-12-09,MTY-GRD-02,1.61,47.7,13.7,0
5974,2025-12-09,MTY-LTH-01,2.09,51.7,12.0,0
5975,2025-12-09,MTY-LTH-02,1.66,43.9,9.0,0
5976,2025-12-09,MTY-LTH-03,1.69,47.7,10.7,0
5977,2025-12-09,MTY-LTH-04,2.25,47.3,7.5,0
5978,2025-12-09,MTY-LTH-05,2.15,52.2,13.7,0
5979,2025-12-09,MTY-MIL-01,1.27,50.5,2.5,3
5980,2025-12-09,MTY-MIL-02,1.75,44.8,11.1,0
5981,2025-12-09,MTY-MIL-03,2.01,50.4,14.7,0
5982,2025-12-09,MTY-MIL-04,1.52,45.5,4.6,0
5983,2025-12-09,MTY-MIL-05,1.69,47.7,13.8,0
5984,2025-12-09,MTY-MIL-06,2.16,46.3,12.9,0
5985,2025-12-09,MTY-PRS-01,3.78,60.0,11.0,0
5986,2025-12-09,MTY-PRS-02,2.58,59.6,12.7,0
5987,2025-12-09,MTY-PRS-03,2.72,56.4,13.3,0
5988,2025-12-09,MTY-RBT-01,1.2,40.3,10.4,0
5989,2025-12-09,MTY-RBT-02,1.19,37.3,13.3,1
5990,2025-12-10,BRN-GRD-01,1.4,45.5,12.8,1
5991,2025-12-10,BRN-LTH-01,1.96,43.6,10.9,0
5992,2025-12-10,BRN-LTH-02,1.69,47.7,10.0,0
5993,2025-12-10,BRN-LTH-03,2.27,51.6,15.2,0
5994,2025-12-10,BRN-MIL-01,1.97,44.9,13.3,0
5995,2025-12-10,BRN-MIL-02,1.48,46.4,13.6,1
5996,2025-12-10,BRN-MIL-03,1.91,45.3,11.1,0
5997,2025-12-10,BRN-MIL-04,1.73,41.1,9.2,0
5998,2025-12-10,BRN-MIL-05,1.4,39.1,8.3,0
5999,2025-12-10,BRN-MIL-06,2.05,54.5,12.2,2
6000,2025-12-10,BRN-PRS-01,2.9,56.7,11.4,0
6001,2025-12-10,BRN-PRS-02,3.28,53.5,13.9,0
6002,2025-12-10,BRN-PRS-03,3.39,52.4,10.2,0
6003,2025-12-10,BRN-RBT-01,1.2,42.0,14.0,0
6004,2025-12-10,BRN-RBT-02,1.33,44.2,12.0,0
6005,2025-12-10,DAY-GRD-01,1.97,47.7,13.0,0
6006,2025-12-10,DAY-LTH-01,2.4,45.0,14.9,1
6007,2025-12-10,DAY-LTH-02,1.9,58.1,11.1,1
6008,2025-12-10,DAY-LTH-03,1.81,44.0,6.1,0
6009,2025-12-10,DAY-LTH-04,2.3,53.1,13.0,0
6010,2025-12-10,DAY-LTH-05,2.23,51.9,10.3,1
6011,2025-12-10,DAY-MIL-01,1.58,43.3,10.3,1
6012,2025-12-10,DAY-MIL-02,1.63,48.5,12.1,0
6013,2025-12-10,DAY-MIL-03,1.55,47.1,11.7,0
6014,2025-12-10,DAY-MIL-04,1.82,44.9,13.0,0
6015,2025-12-10,DAY-MIL-05,1.6,48.0,7.9,0
6016,2025-12-10,DAY-MIL-06,1.72,50.6,12.0,0
6017,2025-12-10,DAY-MIL-07,1.81,41.5,8.8,0
6018,2025-12-10,DAY-MIL-08,1.61,39.5,10.3,0
6019,2025-12-10,DAY-PRS-01,3.09,56.9,11.8,0
6020,2025-12-10,DAY-PRS-02,2.87,58.1,10.2,0
6021,2025-12-10,DAY-PRS-03,2.72,53.0,10.8,0
6022,2025-12-10,DAY-PRS-04,2.07,54.7,5.5,0
6023,2025-12-10,DAY-RBT-01,0.99,38.5,8.4,0
6024,2025-12-10,DAY-RBT-02,1.35,46.1,12.5,0
6025,2025-12-10,DAY-RBT-03,1.32,44.2,13.3,0
6026,2025-12-10,MTY-GRD-01,1.41,47.2,14.5,0
6027,2025-12-10,MTY-GRD-02,1.57,48.6,14.3,0
6028,2025-12-10,MTY-LTH-01,2.02,48.7,9.3,0
6029,2025-12-10,MTY-LTH-02,1.91,47.9,13.0,0
6030,2025-12-10,MTY-LTH-03,1.87,49.4,14.8,0
6031,2025-12-10,MTY-LTH-04,2.54,51.7,15.0,0
6032,2025-12-10,MTY-LTH-05,2.24,52.6,15.4,1
6033,2025-12-10,MTY-MIL-01,1.18,46.9,7.2,0
6034,2025-12-10,MTY-MIL-02,1.76,47.5,12.0,0
6035,2025-12-10,MTY-MIL-03,1.84,44.8,8.4,0
6036,2025-12-10,MTY-MIL-04,1.42,46.8,11.6,0
6037,2025-12-10,MTY-MIL-05,1.6,49.0,12.9,1
6038,2025-12-10,MTY-MIL-06,1.82,42.1,8.2,0
6039,2025-12-10,MTY-PRS-01,3.0,62.4,10.3,1
6040,2025-12-10,MTY-PRS-02,2.9,59.1,11.3,0
6041,2025-12-10,MTY-PRS-03,2.92,57.3,14.0,0
6042,2025-12-10,MTY-RBT-01,1.16,42.7,14.1,0
6043,2025-12-10,MTY-RBT-02,0.98,35.8,10.0,1
6044,2025-12-11,BRN-GRD-01,1.56,44.6,14.3,0
6045,2025-12-11,BRN-LTH-01,1.87,45.6,15.5,0
6046,2025-12-11,BRN-LTH-02,1.54,47.0,11.9,0
6047,2025-12-11,BRN-LTH-03,1.85,48.5,7.9,1
6048,2025-12-11,BRN-MIL-01,1.96,44.7,13.0,0
6049,2025-12-11,BRN-MIL-02,1.34,45.0,10.8,0
6050,2025-12-11,BRN-MIL-03,1.84,46.7,14.8,0
6051,2025-12-11,BRN-MIL-04,1.65,39.2,8.7,1
6052,2025-12-11,BRN-MIL-05,1.53,41.3,13.5,1
6053,2025-12-11,BRN-MIL-06,1.9,54.9,9.4,2
6054,2025-12-11,BRN-PRS-01,3.26,60.0,9.1,0
6055,2025-12-11,BRN-PRS-02,3.69,51.6,14.2,0
6056,2025-12-11,BRN-PRS-03,2.91,52.7,9.8,1
6057,2025-12-11,BRN-RBT-01,1.08,39.9,10.9,0
6058,2025-12-11,BRN-RBT-02,1.56,47.7,16.0,0
6059,2025-12-11,DAY-GRD-01,1.92,46.9,9.5,0
6060,2025-12-11,DAY-LTH-01,2.06,41.1,8.4,0
6061,2025-12-11,DAY-LTH-02,2.1,59.6,12.0,2
6062,2025-12-11,DAY-LTH-03,1.69,48.6,9.7,0
6063,2025-12-11,DAY-LTH-04,2.02,51.8,11.9,1
6064,2025-12-11,DAY-LTH-05,2.11,54.5,13.2,0
6065,2025-12-11,DAY-MIL-01,1.64,43.8,9.7,0
6066,2025-12-11,DAY-MIL-02,1.65,48.7,12.8,0
6067,2025-12-11,DAY-MIL-03,1.44,48.6,10.3,0
6068,2025-12-11,DAY-MIL-04,1.73,44.9,12.7,0
6069,2025-12-11,DAY-MIL-05,1.37,47.1,7.9,0
6070,2025-12-11,DAY-MIL-06,1.84,50.0,9.6,0
6071,2025-12-11,DAY-MIL-07,2.01,43.9,14.5,1
6072,2025-12-11,DAY-MIL-08,1.62,43.1,11.3,1
6073,2025-12-11,DAY-PRS-01,3.0,60.5,13.2,0
6074,2025-12-11,DAY-PRS-02,2.51,58.4,11.7,0
6075,2025-12-11,DAY-PRS-03,2.77,50.1,12.6,1
6076,2025-12-11,DAY-PRS-04,2.66,58.0,14.0,0
6077,2025-12-11,DAY-RBT-01,1.13,41.1,12.1,0
6078,2025-12-11,DAY-RBT-02,1.39,45.6,12.0,0
6079,2025-12-11,DAY-RBT-03,1.15,45.3,11.9,0
6080,2025-12-11,MTY-GRD-01,1.17,42.3,9.7,0
6081,2025-12-11,MTY-GRD-02,1.27,47.8,4.5,0
6082,2025-12-11,MTY-LTH-01,2.16,51.0,12.2,0
6083,2025-12-11,MTY-LTH-02,1.77,44.4,9.9,0
6084,2025-12-11,MTY-LTH-03,1.94,48.6,10.9,0
6085,2025-12-11,MTY-LTH-04,2.25,49.5,9.4,0
6086,2025-12-11,MTY-LTH-05,2.41,54.8,15.0,0
6087,2025-12-11,MTY-MIL-01,1.27,47.9,14.1,0
6088,2025-12-11,MTY-MIL-02,2.01,49.3,15.7,0
6089,2025-12-11,MTY-MIL-03,2.15,48.2,13.1,0
6090,2025-12-11,MTY-MIL-04,1.61,48.1,13.5,0
6091,2025-12-11,MTY-MIL-05,1.57,48.4,11.8,1
6092,2025-12-11,MTY-MIL-06,2.07,44.3,11.1,0
6093,2025-12-11,MTY-PRS-01,3.29,59.8,10.3,0
6094,2025-12-11,MTY-PRS-02,2.96,60.6,13.0,1
6095,2025-12-11,MTY-PRS-03,2.89,58.3,12.1,0
6096,2025-12-11,MTY-RBT-01,1.09,40.3,10.1,0
6097,2025-12-11,MTY-RBT-02,1.17,35.4,10.7,0
6098,2025-12-12,BRN-GRD-01,1.36,44.3,9.1,0
6099,2025-12-12,BRN-LTH-01,1.79,44.1,13.0,0
6100,2025-12-12,BRN-LTH-02,1.74,47.0,11.7,0
6101,2025-12-12,BRN-LTH-03,1.92,48.6,12.4,0
6102,2025-12-12,BRN-MIL-01,1.77,42.5,8.6,1
6103,2025-12-12,BRN-MIL-02,1.46,43.5,12.6,0
6104,2025-12-12,BRN-MIL-03,2.01,45.5,11.1,1
6105,2025-12-12,BRN-MIL-04,1.69,40.6,9.3,0
6106,2025-12-12,BRN-MIL-05,1.59,42.1,12.6,0
6107,2025-12-12,BRN-MIL-06,1.48,44.0,5.7,3
6108,2025-12-12,BRN-PRS-01,3.03,61.2,11.3,0
6109,2025-12-12,BRN-PRS-02,3.37,54.3,14.4,0
6110,2025-12-12,BRN-PRS-03,3.04,52.7,10.7,1
6111,2025-12-12,BRN-RBT-01,1.07,41.0,10.1,0
6112,2025-12-12,BRN-RBT-02,1.41,43.1,10.5,1
6113,2025-12-12,DAY-GRD-01,1.92,47.0,11.7,0
6114,2025-12-12,DAY-LTH-01,2.03,41.4,9.6,0
6115,2025-12-12,DAY-LTH-02,2.16,58.7,13.5,3
6116,2025-12-12,DAY-LTH-03,2.18,48.8,11.6,0
6117,2025-12-12,DAY-LTH-04,2.03,51.5,10.1,1
6118,2025-12-12,DAY-LTH-05,2.2,54.4,13.8,1
6119,2025-12-12,DAY-MIL-01,1.48,43.5,5.1,1
6120,2025-12-12,DAY-MIL-02,1.68,51.3,13.3,0
6121,2025-12-12,DAY-MIL-03,1.6,46.1,10.9,0
6122,2025-12-12,DAY-MIL-04,1.78,44.8,14.3,1
6123,2025-12-12,DAY-MIL-05,1.71,51.8,12.6,0
6124,2025-12-12,DAY-MIL-06,1.61,50.3,9.3,0
6125,2025-12-12,DAY-MIL-07,1.95,42.7,11.2,1
6126,2025-12-12,DAY-MIL-08,1.59,40.6,11.7,0
6127,2025-12-12,DAY-PRS-01,2.74,59.2,11.3,0
6128,2025-12-12,DAY-PRS-02,2.95,57.8,10.6,0
6129,2025-12-12,DAY-PRS-03,2.96,51.6,14.4,1
6130,2025-12-12,DAY-PRS-04,2.33,55.9,10.2,0
6131,2025-12-12,DAY-RBT-01,1.16,39.6,10.8,0
6132,2025-12-12,DAY-RBT-02,1.51,44.0,10.4,0
6133,2025-12-12,DAY-RBT-03,1.16,43.7,12.4,0
6134,2025-12-12,MTY-GRD-01,1.16,40.0,8.3,0
6135,2025-12-12,MTY-GRD-02,1.35,46.1,11.6,0
6136,2025-12-12,MTY-LTH-01,2.07,50.7,12.0,0
6137,2025-12-12,MTY-LTH-02,1.82,42.6,10.0,1
6138,2025-12-12,MTY-LTH-03,1.44,46.6,5.7,0
6139,2025-12-12,MTY-LTH-04,2.34,48.8,8.4,0
6140,2025-12-12,MTY-LTH-05,2.28,53.7,13.0,0
6141,2025-12-12,MTY-MIL-01,1.33,44.9,9.9,0
6142,2025-12-12,MTY-MIL-02,1.89,47.6,12.4,0
6143,2025-12-12,MTY-MIL-03,1.88,48.4,10.9,0
6144,2025-12-12,MTY-MIL-04,1.63,46.5,11.4,0
6145,2025-12-12,MTY-MIL-05,1.72,46.0,9.8,0
6146,2025-12-12,MTY-MIL-06,2.36,47.0,13.4,0
6147,2025-12-12,MTY-PRS-01,3.6,57.7,10.6,1
6148,2025-12-12,MTY-PRS-02,2.34,55.6,9.4,2
6149,2025-12-12,MTY-PRS-03,2.86,56.9,12.4,0
6150,2025-12-12,MTY-RBT-01,1.15,41.7,13.3,1
6151,2025-12-12,MTY-RBT-02,1.2,35.2,9.1,0
6152,2025-12-15,BRN-GRD-01,1.41,43.6,11.4,0
6153,2025-12-15,BRN-LTH-01,1.67,44.5,10.0,1
6154,2025-12-15,BRN-LTH-02,1.62,48.7,10.5,0
6155,2025-12-15,BRN-LTH-03,2.52,52.2,15.0,0
6156,2025-12-15,BRN-MIL-01,2.01,43.6,10.1,1
6157,2025-12-15,BRN-MIL-02,1.34,45.0,12.0,1
6158,2025-12-15,BRN-MIL-03,2.04,45.3,12.5,0
6159,2025-12-15,BRN-MIL-04,1.64,41.2,8.7,0
6160,2025-12-15,BRN-MIL-05,1.58,41.0,11.6,0
6161,2025-12-15,BRN-MIL-06,1.49,43.5,11.7,1
6162,2025-12-15,BRN-PRS-01,3.42,64.8,12.8,0
6163,2025-12-15,BRN-PRS-02,3.5,49.2,13.1,0
6164,2025-12-15,BRN-PRS-03,3.39,54.5,13.2,0
6165,2025-12-15,BRN-RBT-01,1.31,42.4,13.5,1
6166,2025-12-15,BRN-RBT-02,1.41,42.5,9.4,0
6167,2025-12-15,DAY-GRD-01,2.1,46.1,12.1,0
6168,2025-12-15,DAY-LTH-01,2.29,42.3,12.7,0
6169,2025-12-15,DAY-LTH-02,1.93,59.3,8.3,0
6170,2025-12-15,DAY-LTH-03,2.17,49.1,9.7,0
6171,2025-12-15,DAY-LTH-04,2.29,52.3,13.6,0
6172,2025-12-15,DAY-LTH-05,1.84,51.0,12.2,0
6173,2025-12-15,DAY-MIL-01,1.46,44.3,12.3,0
6174,2025-12-15,DAY-MIL-02,1.51,48.7,12.9,0
6175,2025-12-15,DAY-MIL-03,1.72,50.3,15.5,1
6176,2025-12-15,DAY-MIL-04,1.74,45.7,15.2,0
6177,2025-12-15,DAY-MIL-05,1.83,51.6,13.5,0
6178,2025-12-15,DAY-MIL-06,1.81,50.0,9.7,1
6179,2025-12-15,DAY-MIL-07,1.67,45.0,11.2,0
6180,2025-12-15,DAY-MIL-08,1.75,44.3,13.5,0
6181,2025-12-15,DAY-PRS-01,2.74,59.9,10.7,1
6182,2025-12-15,DAY-PRS-02,2.99,57.5,12.7,1
6183,2025-12-15,DAY-PRS-03,2.93,55.3,12.8,0
6184,2025-12-15,DAY-PRS-04,2.25,55.4,10.0,1
6185,2025-12-15,DAY-RBT-01,1.04,38.2,11.0,0
6186,2025-12-15,DAY-RBT-02,1.4,45.0,11.3,0
6187,2025-12-15,DAY-RBT-03,0.87,40.7,9.1,0
6188,2025-12-15,MTY-GRD-01,1.19,41.8,9.9,1
6189,2025-12-15,MTY-GRD-02,1.31,46.1,11.4,0
6190,2025-12-15,MTY-LTH-01,1.98,48.9,10.3,0
6191,2025-12-15,MTY-LTH-02,1.93,44.5,9.9,0
6192,2025-12-15,MTY-LTH-03,1.9,48.5,13.5,1
6193,2025-12-15,MTY-LTH-04,2.38,51.1,12.6,0
6194,2025-12-15,MTY-LTH-05,2.34,51.0,8.3,0
6195,2025-12-15,MTY-MIL-01,1.2,47.6,11.3,1
6196,2025-12-15,MTY-MIL-02,1.7,42.9,8.3,0
6197,2025-12-15,MTY-MIL-03,1.93,49.2,11.9,1
6198,2025-12-15,MTY-MIL-04,1.61,44.2,10.7,1
6199,2025-12-15,MTY-MIL-05,1.72,47.4,13.1,1
6200,2025-12-15,MTY-MIL-06,2.08,42.4,8.3,1
6201,2025-12-15,MTY-PRS-01,3.31,59.0,10.9,0
6202,2025-12-15,MTY-PRS-02,2.71,56.7,12.7,1
6203,2025-12-15,MTY-PRS-03,2.87,55.4,11.2,0
6204,2025-12-15,MTY-RBT-01,1.06,40.5,10.1,0
6205,2025-12-15,MTY-RBT-02,1.23,34.5,10.7,0
6206,2025-12-16,BRN-GRD-01,1.24,41.5,8.1,0
6207,2025-12-16,BRN-LTH-01,1.84,42.6,9.6,0
6208,2025-12-16,BRN-LTH-02,1.89,50.6,15.5,0
6209,2025-12-16,BRN-LTH-03,1.97,48.6,10.9,0
6210,2025-12-16,BRN-MIL-01,2.12,44.4,12.7,0
6211,2025-12-16,BRN-MIL-02,1.37,45.1,10.5,0
6212,2025-12-16,BRN-MIL-03,1.83,45.1,11.3,0
6213,2025-12-16,BRN-MIL-04,2.09,44.6,12.9,0
6214,2025-12-16,BRN-MIL-05,1.54,42.8,12.8,0
6215,2025-12-16,BRN-MIL-06,1.45,44.6,10.1,0
6216,2025-12-16,BRN-PRS-01,3.07,63.3,12.6,0
6217,2025-12-16,BRN-PRS-02,3.27,50.9,12.1,0
6218,2025-12-16,BRN-PRS-03,2.91,52.0,7.3,0
6219,2025-12-16,BRN-RBT-01,1.1,40.4,12.2,0
6220,2025-12-16,BRN-RBT-02,1.48,44.3,13.4,0
6221,2025-12-16,DAY-GRD-01,1.96,44.6,12.9,0
6222,2025-12-16,DAY-LTH-01,2.51,44.3,13.2,1
6223,2025-12-16,DAY-LTH-02,2.24,62.7,12.0,5
6224,2025-12-16,DAY-LTH-03,2.19,48.8,13.1,0
6225,2025-12-16,DAY-LTH-04,2.01,52.0,11.6,0
6226,2025-12-16,DAY-LTH-05,1.94,50.6,12.5,0
6227,2025-12-16,DAY-MIL-01,1.33,44.1,10.9,0
6228,2025-12-16,DAY-MIL-02,1.5,50.1,12.5,0
6229,2025-12-16,DAY-MIL-03,1.68,49.0,13.0,0
6230,2025-12-16,DAY-MIL-04,1.57,45.3,11.5,0
6231,2025-12-16,DAY-MIL-05,1.53,48.7,8.9,0
6232,2025-12-16,DAY-MIL-06,1.75,51.3,11.8,1
6233,2025-12-16,DAY-MIL-07,2.18,42.8,11.4,0
6234,2025-12-16,DAY-MIL-08,1.58,42.1,11.2,0
6235,2025-12-16,DAY-PRS-01,2.63,60.4,11.3,0
6236,2025-12-16,DAY-PRS-02,2.88,57.2,11.7,0
6237,2025-12-16,DAY-PRS-03,2.8,52.3,10.8,0
6238,2025-12-16,DAY-PRS-04,2.11,58.5,13.9,0
6239,2025-12-16,DAY-RBT-01,1.19,40.8,13.0,0
6240,2025-12-16,DAY-RBT-02,1.39,46.5,11.0,0
6241,2025-12-16,DAY-RBT-03,1.01,44.7,13.8,0
6242,2025-12-16,MTY-GRD-01,1.16,40.3,7.1,0
6243,2025-12-16,MTY-GRD-02,1.34,45.8,11.2,0
6244,2025-12-16,MTY-LTH-01,2.32,50.4,12.8,0
6245,2025-12-16,MTY-LTH-02,1.88,45.0,11.0,0
6246,2025-12-16,MTY-LTH-03,1.88,47.7,11.1,0
6247,2025-12-16,MTY-LTH-04,2.32,50.8,12.2,0
6248,2025-12-16,MTY-LTH-05,2.16,52.2,13.4,0
6249,2025-12-16,MTY-MIL-01,1.35,49.6,13.9,1
6250,2025-12-16,MTY-MIL-02,1.82,46.1,11.3,1
6251,2025-12-16,MTY-MIL-03,1.69,46.0,10.4,2
6252,2025-12-16,MTY-MIL-04,1.7,45.9,13.9,0
6253,2025-12-16,MTY-MIL-05,1.64,48.6,11.8,0
6254,2025-12-16,MTY-MIL-06,2.01,46.5,12.8,0
6255,2025-12-16,MTY-PRS-01,3.32,59.9,16.0,0
6256,2025-12-16,MTY-PRS-02,2.98,59.3,14.9,0
6257,2025-12-16,MTY-PRS-03,3.11,58.9,12.6,1
6258,2025-12-16,MTY-RBT-01,1.16,41.2,11.4,0
6259,2025-12-16,MTY-RBT-02,1.25,35.5,13.0,1
6260,2025-12-17,BRN-GRD-01,1.35,44.4,10.1,0
6261,2025-12-17,BRN-LTH-01,1.81,45.2,10.9,2
6262,2025-12-17,BRN-LTH-02,1.63,47.8,12.7,0
6263,2025-12-17,BRN-LTH-03,2.06,50.5,12.4,0
6264,2025-12-17,BRN-MIL-01,2.43,45.2,11.8,0
6265,2025-12-17,BRN-MIL-02,1.46,44.8,12.6,0
6266,2025-12-17,BRN-MIL-03,1.92,43.2,10.2,0
6267,2025-12-17,BRN-MIL-04,1.91,41.8,14.3,0
6268,2025-12-17,BRN-MIL-05,1.7,41.5,9.7,0
6269,2025-12-17,BRN-MIL-06,1.47,43.5,11.2,1
6270,2025-12-17,BRN-PRS-01,3.26,63.1,14.8,0
6271,2025-12-17,BRN-PRS-02,3.15,49.5,9.0,0
6272,2025-12-17,BRN-PRS-03,2.97,53.8,11.4,0
6273,2025-12-17,BRN-RBT-01,1.15,39.8,11.2,0
6274,2025-12-17,BRN-RBT-02,1.32,42.4,8.7,0
6275,2025-12-17,DAY-GRD-01,2.26,46.2,12.6,0
6276,2025-12-17,DAY-LTH-01,2.19,46.5,14.5,1
6277,2025-12-17,DAY-LTH-02,1.59,49.6,5.1,4
6278,2025-12-17,DAY-LTH-03,2.02,49.4,13.3,0
6279,2025-12-17,DAY-LTH-04,1.96,50.4,8.0,0
6280,2025-12-17,DAY-LTH-05,1.96,50.2,12.1,1
6281,2025-12-17,DAY-MIL-01,1.49,43.0,9.9,0
6282,2025-12-17,DAY-MIL-02,1.46,48.3,9.0,0
6283,2025-12-17,DAY-MIL-03,1.49,48.6,12.1,0
6284,2025-12-17,DAY-MIL-04,1.54,40.5,9.3,0
6285,2025-12-17,DAY-MIL-05,1.66,49.2,11.7,1
6286,2025-12-17,DAY-MIL-06,1.92,56.1,14.0,0
6287,2025-12-17,DAY-MIL-07,1.94,39.2,9.7,1
6288,2025-12-17,DAY-MIL-08,1.7,42.4,12.3,0
6289,2025-12-17,DAY-PRS-01,2.81,58.8,11.0,0
6290,2025-12-17,DAY-PRS-02,2.62,53.4,6.7,0
6291,2025-12-17,DAY-PRS-03,2.92,55.5,14.4,1
6292,2025-12-17,DAY-PRS-04,2.15,54.5,10.4,0
6293,2025-12-17,DAY-RBT-01,1.01,36.3,8.6,0
6294,2025-12-17,DAY-RBT-02,1.48,47.5,13.7,0
6295,2025-12-17,DAY-RBT-03,1.06,43.9,12.5,1
6296,2025-12-17,MTY-GRD-01,1.3,46.1,14.9,0
6297,2025-12-17,MTY-GRD-02,1.28,44.4,9.8,0
6298,2025-12-17,MTY-LTH-01,1.98,48.1,8.8,0
6299,2025-12-17,MTY-LTH-02,2.15,44.7,12.2,0
6300,2025-12-17,MTY-LTH-03,1.96,50.7,13.3,0
6301,2025-12-17,MTY-LTH-04,2.1,50.6,1.7,0
6302,2025-12-17,MTY-LTH-05,2.19,52.6,11.9,0
6303,2025-12-17,MTY-MIL-01,1.39,49.0,11.4,0
6304,2025-12-17,MTY-MIL-02,2.01,48.1,14.3,0
6305,2025-12-17,MTY-MIL-03,1.79,45.6,9.5,0
6306,2025-12-17,MTY-MIL-04,1.86,43.9,11.5,0
6307,2025-12-17,MTY-MIL-05,1.78,48.6,11.7,0
6308,2025-12-17,MTY-MIL-06,2.17,44.0,11.3,0
6309,2025-12-17,MTY-PRS-01,3.28,59.7,11.7,2
6310,2025-12-17,MTY-PRS-02,2.78,58.8,14.2,0
6311,2025-12-17,MTY-PRS-03,2.83,56.9,10.9,0
6312,2025-12-17,MTY-RBT-01,1.07,40.2,13.3,0
6313,2025-12-17,MTY-RBT-02,1.23,36.4,10.0,0
6314,2025-12-18,BRN-GRD-01,1.26,45.4,11.5,0
6315,2025-12-18,BRN-LTH-01,1.62,43.4,9.3,0
6316,2025-12-18,BRN-LTH-02,1.92,48.3,16.0,0
6317,2025-12-18,BRN-LTH-03,2.13,53.3,14.2,0
6318,2025-12-18,BRN-MIL-01,2.18,44.4,11.0,1
6319,2025-12-18,BRN-MIL-02,1.34,43.5,9.7,0
6320,2025-12-18,BRN-MIL-03,1.77,42.9,10.0,0
6321,2025-12-18,BRN-MIL-04,2.03,41.7,10.9,0
6322,2025-12-18,BRN-MIL-05,1.56,41.4,10.6,0
6323,2025-12-18,BRN-MIL-06,1.43,43.1,11.6,0
6324,2025-12-18,BRN-PRS-01,2.75,60.4,10.1,3
6325,2025-12-18,BRN-PRS-02,3.07,47.6,8.2,0
6326,2025-12-18,BRN-PRS-03,3.08,54.7,11.7,0
6327,2025-12-18,BRN-RBT-01,1.18,42.0,13.7,0
6328,2025-12-18,BRN-RBT-02,1.48,42.6,10.3,0
6329,2025-12-18,DAY-GRD-01,1.99,47.2,11.9,0
6330,2025-12-18,DAY-LTH-01,2.17,42.1,10.6,0
6331,2025-12-18,DAY-LTH-02,1.43,48.6,9.3,0
6332,2025-12-18,DAY-LTH-03,2.22,47.9,11.8,0
6333,2025-12-18,DAY-LTH-04,2.12,52.8,14.7,0
6334,2025-12-18,DAY-LTH-05,1.99,48.9,11.6,0
6335,2025-12-18,DAY-MIL-01,1.44,43.3,11.2,0
6336,2025-12-18,DAY-MIL-02,1.5,49.4,11.4,0
6337,2025-12-18,DAY-MIL-03,1.55,48.1,10.2,0
6338,2025-12-18,DAY-MIL-04,1.57,45.9,14.9,0
6339,2025-12-18,DAY-MIL-05,1.97,51.4,14.5,0
6340,2025-12-18,DAY-MIL-06,1.97,50.4,11.8,0
6341,2025-12-18,DAY-MIL-07,2.1,42.8,14.6,0
6342,2025-12-18,DAY-MIL-08,1.61,42.2,13.1,0
6343,2025-12-18,DAY-PRS-01,2.84,58.0,8.7,0
6344,2025-12-18,DAY-PRS-02,2.7,58.9,13.6,0
6345,2025-12-18,DAY-PRS-03,3.1,53.5,10.8,0
6346,2025-12-18,DAY-PRS-04,2.28,54.9,12.7,0
6347,2025-12-18,DAY-RBT-01,1.03,35.7,9.0,0
6348,2025-12-18,DAY-RBT-02,1.55,44.2,11.9,0
6349,2025-12-18,DAY-RBT-03,0.95,41.9,11.4,0
6350,2025-12-18,MTY-GRD-01,1.27,44.2,10.4,0
6351,2025-12-18,MTY-GRD-02,1.19,42.6,7.0,0
6352,2025-12-18,MTY-LTH-01,2.18,49.9,11.9,0
6353,2025-12-18,MTY-LTH-02,1.94,46.9,15.0,1
6354,2025-12-18,MTY-LTH-03,1.68,47.9,8.6,0
6355,2025-12-18,MTY-LTH-04,2.3,48.6,14.0,0
6356,2025-12-18,MTY-LTH-05,2.17,50.7,11.1,0
6357,2025-12-18,MTY-MIL-01,1.25,48.4,11.8,0
6358,2025-12-18,MTY-MIL-02,1.81,46.8,11.8,1
6359,2025-12-18,MTY-MIL-03,1.78,46.9,11.1,0
6360,2025-12-18,MTY-MIL-04,1.69,49.1,14.1,0
6361,2025-12-18,MTY-MIL-05,1.75,47.5,14.0,0
6362,2025-12-18,MTY-MIL-06,2.03,45.4,12.1,0
6363,2025-12-18,MTY-PRS-01,3.49,58.4,10.0,1
6364,2025-12-18,MTY-PRS-02,2.89,59.6,14.1,0
6365,2025-12-18,MTY-PRS-03,3.14,57.5,13.7,0
6366,2025-12-18,MTY-RBT-01,1.15,41.9,11.8,0
6367,2025-12-18,MTY-RBT-02,1.13,35.9,10.8,0
6368,2025-12-19,BRN-GRD-01,1.38,47.0,12.5,0
6369,2025-12-19,BRN-LTH-01,1.79,42.5,8.4,0
6370,2025-12-19,BRN-LTH-02,1.76,48.8,12.0,0
6371,2025-12-19,BRN-LTH-03,2.08,53.1,13.0,0
6372,2025-12-19,BRN-MIL-01,2.31,44.6,12.4,0
6373,2025-12-19,BRN-MIL-02,1.41,47.5,14.4,0
6374,2025-12-19,BRN-MIL-03,1.67,45.1,8.4,0
6375,2025-12-19,BRN-MIL-04,1.73,37.4,8.0,0
6376,2025-12-19,BRN-MIL-05,1.6,39.5,10.8,0
6377,2025-12-19,BRN-MIL-06,1.51,46.2,13.9,0
6378,2025-12-19,BRN-PRS-01,2.59,54.5,6.6,0
6379,2025-12-19,BRN-PRS-02,3.45,49.8,10.7,1
6380,2025-12-19,BRN-PRS-03,3.31,53.9,12.3,0
6381,2025-12-19,BRN-RBT-01,1.17,40.4,10.7,1
6382,2025-12-19,BRN-RBT-02,1.31,44.0,11.7,0
6383,2025-12-19,DAY-GRD-01,1.97,45.2,12.3,1
6384,2025-12-19,DAY-LTH-01,2.33,42.3,10.7,0
6385,2025-12-19,DAY-LTH-02,1.43,48.8,11.8,0
6386,2025-12-19,DAY-LTH-03,2.21,48.9,11.5,0
6387,2025-12-19,DAY-LTH-04,2.14,53.1,11.1,0
6388,2025-12-19,DAY-LTH-05,1.8,47.1,7.3,0
6389,2025-12-19,DAY-MIL-01,1.58,42.1,12.3,0
6390,2025-12-19,DAY-MIL-02,1.42,48.4,10.6,0
6391,2025-12-19,DAY-MIL-03,1.52,46.3,10.3,0
6392,2025-12-19,DAY-MIL-04,1.67,43.6,10.2,0
6393,2025-12-19,DAY-MIL-05,1.83,51.7,13.8,0
6394,2025-12-19,DAY-MIL-06,1.87,51.1,12.3,0
6395,2025-12-19,DAY-MIL-07,1.74,40.4,9.5,0
6396,2025-12-19,DAY-MIL-08,1.78,42.3,11.7,0
6397,2025-12-19,DAY-PRS-01,3.26,61.8,15.3,0
6398,2025-12-19,DAY-PRS-02,3.07,58.2,13.4,1
6399,2025-12-19,DAY-PRS-03,3.0,54.8,12.1,0
6400,2025-12-19,DAY-PRS-04,2.34,57.1,12.5,1
6401,2025-12-19,DAY-RBT-01,1.14,41.5,13.5,0
6402,2025-12-19,DAY-RBT-02,1.56,47.2,12.1,0
6403,2025-12-19,DAY-RBT-03,1.04,44.2,13.8,2
6404,2025-12-19,MTY-GRD-01,1.34,43.3,13.1,0
6405,2025-12-19,MTY-GRD-02,1.19,46.3,12.8,0
6406,2025-12-19,MTY-LTH-01,2.14,49.8,10.2,0
6407,2025-12-19,MTY-LTH-02,1.85,42.5,9.6,0
6408,2025-12-19,MTY-LTH-03,1.68,48.1,2.3,0
6409,2025-12-19,MTY-LTH-04,2.21,47.8,11.1,0
6410,2025-12-19,MTY-LTH-05,2.01,48.8,1.8,0
6411,2025-12-19,MTY-MIL-01,1.16,45.5,8.6,0
6412,2025-12-19,MTY-MIL-02,1.57,46.4,10.0,0
6413,2025-12-19,MTY-MIL-03,1.82,46.3,10.3,0
6414,2025-12-19,MTY-MIL-04,1.82,47.5,14.7,1
6415,2025-12-19,MTY-MIL-05,1.49,45.5,7.8,0
6416,2025-12-19,MTY-MIL-06,1.94,41.6,6.5,0
6417,2025-12-19,MTY-PRS-01,3.57,59.2,10.2,0
6418,2025-12-19,MTY-PRS-02,2.54,54.4,5.8,0
6419,2025-12-19,MTY-PRS-03,2.99,59.5,15.1,1
6420,2025-12-19,MTY-RBT-01,1.08,41.0,10.3,0
6421,2025-12-19,MTY-RBT-02,1.17,32.4,10.6,0
6422,2025-12-22,BRN-GRD-01,1.4,46.7,12.9,0
6423,2025-12-22,BRN-LTH-01,1.83,47.2,10.8,0
6424,2025-12-22,BRN-LTH-02,1.64,48.5,11.9,0
6425,2025-12-22,BRN-LTH-03,2.02,49.5,10.4,0
6426,2025-12-22,BRN-MIL-01,2.49,45.2,10.7,2
6427,2025-12-22,BRN-MIL-02,1.51,44.2,11.1,0
6428,2025-12-22,BRN-MIL-03,1.91,45.6,12.6,0
6429,2025-12-22,BRN-MIL-04,1.81,41.3,11.3,0
6430,2025-12-22,BRN-MIL-05,1.52,38.5,11.2,0
6431,2025-12-22,BRN-MIL-06,1.48,46.3,14.8,0
6432,2025-12-22,BRN-PRS-01,3.01,56.3,12.0,0
6433,2025-12-22,BRN-PRS-02,3.55,51.4,10.7,0
6434,2025-12-22,BRN-PRS-03,3.07,56.7,12.3,0
6435,2025-12-22,BRN-RBT-01,1.28,40.4,12.8,1
6436,2025-12-22,BRN-RBT-02,1.56,43.0,11.1,0
6437,2025-12-22,DAY-GRD-01,2.19,47.0,13.4,0
6438,2025-12-22,DAY-LTH-01,2.08,43.5,9.4,1
6439,2025-12-22,DAY-LTH-02,1.66,48.5,13.2,0
6440,2025-12-22,DAY-LTH-03,2.25,53.4,12.4,0
6441,2025-12-22,DAY-LTH-04,2.08,51.3,10.6,0
6442,2025-12-22,DAY-LTH-05,2.03,53.3,15.5,0
6443,2025-12-22,DAY-MIL-01,1.37,45.3,11.1,0
6444,2025-12-22,DAY-MIL-02,1.63,50.4,16.0,0
6445,2025-12-22,DAY-MIL-03,1.51,45.9,8.1,0
6446,2025-12-22,DAY-MIL-04,1.57,44.6,13.3,0
6447,2025-12-22,DAY-MIL-05,1.59,48.3,10.8,0
6448,2025-12-22,DAY-MIL-06,1.98,52.7,13.0,1
6449,2025-12-22,DAY-MIL-07,1.76,42.9,11.5,0
6450,2025-12-22,DAY-MIL-08,1.65,42.3,12.1,0
6451,2025-12-22,DAY-PRS-01,2.89,60.2,10.1,0
6452,2025-12-22,DAY-PRS-02,2.51,58.2,9.9,0
6453,2025-12-22,DAY-PRS-03,3.0,53.7,10.8,1
6454,2025-12-22,DAY-PRS-04,2.13,53.8,9.4,0
6455,2025-12-22,DAY-RBT-01,1.02,38.0,10.0,0
6456,2025-12-22,DAY-RBT-02,1.41,46.4,12.4,1
6457,2025-12-22,DAY-RBT-03,1.01,42.1,11.9,2
6458,2025-12-22,MTY-GRD-01,1.28,45.5,13.6,0
6459,2025-12-22,MTY-GRD-02,1.25,47.3,12.0,0
6460,2025-12-22,MTY-LTH-01,2.11,50.5,12.9,0
6461,2025-12-22,MTY-LTH-02,2.01,46.3,13.3,0
6462,2025-12-22,MTY-LTH-03,1.59,47.3,12.5,2
6463,2025-12-22,MTY-LTH-04,2.32,50.6,12.3,0
6464,2025-12-22,MTY-LTH-05,2.27,53.1,16.0,0
6465,2025-12-22,MTY-MIL-01,1.19,46.9,7.7,1
6466,2025-12-22,MTY-MIL-02,1.71,46.0,9.0,0
6467,2025-12-22,MTY-MIL-03,1.84,46.5,10.7,0
6468,2025-12-22,MTY-MIL-04,1.69,47.7,13.7,0
6469,2025-12-22,MTY-MIL-05,1.47,46.7,10.3,0
6470,2025-12-22,MTY-MIL-06,2.27,47.6,13.2,0
6471,2025-12-22,MTY-PRS-01,3.69,58.9,10.8,1
6472,2025-12-22,MTY-PRS-02,3.07,60.9,13.9,0
6473,2025-12-22,MTY-PRS-03,2.59,56.1,9.8,0
6474,2025-12-22,MTY-RBT-01,1.15,42.2,10.5,0
6475,2025-12-22,MTY-RBT-02,1.07,35.2,7.5,0
6476,2025-12-23,BRN-GRD-01,1.32,45.9,14.5,0
6477,2025-12-23,BRN-LTH-01,1.71,45.5,11.2,0
6478,2025-12-23,BRN-LTH-02,1.65,48.2,10.5,0
6479,2025-12-23,BRN-LTH-03,2.13,50.3,11.9,0
6480,2025-12-23,BRN-MIL-01,2.89,49.9,15.2,0
6481,2025-12-23,BRN-MIL-02,1.26,44.1,10.3,0
6482,2025-12-23,BRN-MIL-03,1.82,43.8,9.9,0
6483,2025-12-23,BRN-MIL-04,1.95,39.9,10.3,0
6484,2025-12-23,BRN-MIL-05,1.66,41.9,13.8,0
6485,2025-12-23,BRN-MIL-06,1.52,46.6,4.6,0
6486,2025-12-23,BRN-PRS-01,2.92,54.4,10.2,0
6487,2025-12-23,BRN-PRS-02,3.52,48.9,9.8,0
6488,2025-12-23,BRN-PRS-03,2.62,51.7,6.0,0
6489,2025-12-23,BRN-RBT-01,1.28,42.8,14.7,0
6490,2025-12-23,BRN-RBT-02,1.41,45.0,12.1,0
6491,2025-12-23,DAY-GRD-01,2.02,47.6,12.7,0
6492,2025-12-23,DAY-LTH-01,1.77,38.6,1.0,0
6493,2025-12-23,DAY-LTH-02,1.66,48.9,13.8,0
6494,2025-12-23,DAY-LTH-03,2.23,53.0,9.7,3
6495,2025-12-23,DAY-LTH-04,2.11,54.0,12.8,1
6496,2025-12-23,DAY-LTH-05,1.94,51.5,11.6,0
6497,2025-12-23,DAY-MIL-01,1.55,42.9,12.6,1
6498,2025-12-23,DAY-MIL-02,1.43,48.3,4.5,1
6499,2025-12-23,DAY-MIL-03,1.47,43.5,4.1,0
6500,2025-12-23,DAY-MIL-04,1.58,43.4,10.5,0
6501,2025-12-23,DAY-MIL-05,1.64,47.7,10.0,0
6502,2025-12-23,DAY-MIL-06,1.62,46.1,1.5,0
6503,2025-12-23,DAY-MIL-07,1.91,40.8,10.0,0
6504,2025-12-23,DAY-MIL-08,1.56,43.8,11.9,0
6505,2025-12-23,DAY-PRS-01,2.84,60.9,10.7,0
6506,2025-12-23,DAY-PRS-02,2.63,57.3,11.9,0
6507,2025-12-23,DAY-PRS-03,3.35,56.9,11.9,2
6508,2025-12-23,DAY-PRS-04,2.35,54.1,11.1,0
6509,2025-12-23,DAY-RBT-01,1.11,39.3,10.1,0
6510,2025-12-23,DAY-RBT-02,1.47,46.0,14.1,0
6511,2025-12-23,DAY-RBT-03,1.01,40.8,8.8,0
6512,2025-12-23,MTY-GRD-01,1.29,46.0,14.0,0
6513,2025-12-23,MTY-GRD-02,1.27,43.3,10.2,0
6514,2025-12-23,MTY-LTH-01,2.04,49.3,10.6,1
6515,2025-12-23,MTY-LTH-02,1.63,43.9,1.0,1
6516,2025-12-23,MTY-LTH-03,1.71,50.8,14.8,0
6517,2025-12-23,MTY-LTH-04,2.44,47.8,13.4,0
6518,2025-12-23,MTY-LTH-05,2.14,50.4,13.3,0
6519,2025-12-23,MTY-MIL-01,1.24,47.1,1.0,0
6520,2025-12-23,MTY-MIL-02,1.92,47.6,10.4,1
6521,2025-12-23,MTY-MIL-03,1.74,47.3,10.6,1
6522,2025-12-23,MTY-MIL-04,1.6,46.7,13.1,0
6523,2025-12-23,MTY-MIL-05,1.68,50.5,12.2,0
6524,2025-12-23,MTY-MIL-06,2.09,43.5,9.1,0
6525,2025-12-23,MTY-PRS-01,3.8,63.2,13.9,0
6526,2025-12-23,MTY-PRS-02,2.37,55.9,8.1,0
6527,2025-12-23,MTY-PRS-03,2.91,57.3,12.6,0
6528,2025-12-23,MTY-RBT-01,1.2,42.0,12.4,0
6529,2025-12-23,MTY-RBT-02,1.22,34.5,12.7,1
6530,2026-01-05,BRN-GRD-01,1.33,43.7,9.9,0
6531,2026-01-05,BRN-LTH-01,1.73,43.8,8.8,0
6532,2026-01-05,BRN-LTH-02,1.56,47.9,12.2,0
6533,2026-01-05,BRN-LTH-03,2.09,49.0,10.9,0
6534,2026-01-05,BRN-MIL-01,3.72,51.0,10.0,0
6535,2026-01-05,BRN-MIL-02,1.41,44.4,11.0,0
6536,2026-01-05,BRN-MIL-03,1.82,42.3,9.3,1
6537,2026-01-05,BRN-MIL-04,1.96,44.4,16.0,1
6538,2026-01-05,BRN-MIL-05,1.65,41.6,10.8,1
6539,2026-01-05,BRN-MIL-06,1.31,41.7,7.4,0
6540,2026-01-05,BRN-PRS-01,2.97,56.7,12.4,1
6541,2026-01-05,BRN-PRS-02,3.2,51.3,12.4,0
6542,2026-01-05,BRN-PRS-03,2.93,51.2,10.5,0
6543,2026-01-05,BRN-RBT-01,1.15,39.1,10.6,0
6544,2026-01-05,BRN-RBT-02,1.44,45.2,9.2,0
6545,2026-01-05,DAY-GRD-01,2.01,45.1,10.9,0
6546,2026-01-05,DAY-LTH-01,1.9,41.8,11.4,0
6547,2026-01-05,DAY-LTH-02,1.47,44.9,8.4,0
6548,2026-01-05,DAY-LTH-03,2.84,60.3,12.3,1
6549,2026-01-05,DAY-LTH-04,2.15,54.1,12.8,1
6550,2026-01-05,DAY-LTH-05,2.19,54.3,13.2,1
6551,2026-01-05,DAY-MIL-01,1.47,44.6,13.3,0
6552,2026-01-05,DAY-MIL-02,1.55,50.5,11.6,0
6553,2026-01-05,DAY-MIL-03,1.65,48.7,13.8,0
6554,2026-01-05,DAY-MIL-04,1.64,46.9,10.8,0
6555,2026-01-05,DAY-MIL-05,1.92,52.4,14.0,0
6556,2026-01-05,DAY-MIL-06,1.65,51.7,15.5,0
6557,2026-01-05,DAY-MIL-07,2.02,41.3,10.8,0
6558,2026-01-05,DAY-MIL-08,1.7,41.9,9.0,1
6559,2026-01-05,DAY-PRS-01,2.93,60.4,12.4,0
6560,2026-01-05,DAY-PRS-02,2.75,59.1,11.3,1
6561,2026-01-05,DAY-PRS-03,3.77,62.9,12.6,0
6562,2026-01-05,DAY-PRS-04,2.2,56.4,8.7,0
6563,2026-01-05,DAY-RBT-01,1.13,38.9,11.0,1
6564,2026-01-05,DAY-RBT-02,1.31,42.0,6.6,0
6565,2026-01-05,DAY-RBT-03,0.93,39.0,7.5,0
6566,2026-01-05,MTY-GRD-01,1.26,40.4,9.8,0
6567,2026-01-05,MTY-GRD-02,1.28,45.8,13.3,0
6568,2026-01-05,MTY-LTH-01,2.4,55.8,13.8,1
6569,2026-01-05,MTY-LTH-02,2.18,46.3,11.5,0
6570,2026-01-05,MTY-LTH-03,1.85,48.2,14.0,0
6571,2026-01-05,MTY-LTH-04,2.24,50.4,12.6,0
6572,2026-01-05,MTY-LTH-05,1.94,49.4,10.9,1
6573,2026-01-05,MTY-MIL-01,1.28,49.3,12.9,0
6574,2026-01-05,MTY-MIL-02,1.73,45.2,2.0,0
6575,2026-01-05,MTY-MIL-03,1.91,48.2,6.1,0
6576,2026-01-05,MTY-MIL-04,1.67,47.3,14.2,0
6577,2026-01-05,MTY-MIL-05,1.75,47.8,11.2,0
6578,2026-01-05,MTY-MIL-06,2.33,45.7,12.9,1
6579,2026-01-05,MTY-PRS-01,3.38,59.9,9.2,0
6580,2026-01-05,MTY-PRS-02,2.81,58.0,10.6,0
6581,2026-01-05,MTY-PRS-03,3.06,56.2,11.3,0
6582,2026-01-05,MTY-RBT-01,1.08,41.6,12.5,1
6583,2026-01-05,MTY-RBT-02,1.25,34.7,11.7,0
6584,2026-01-06,BRN-GRD-01,1.22,44.2,11.3,0
6585,2026-01-06,BRN-LTH-01,1.9,45.1,11.4,0
6586,2026-01-06,BRN-LTH-02,1.82,47.3,2.4,0
6587,2026-01-06,BRN-LTH-03,1.95,47.4,1.0,0
6588,2026-01-06,BRN-MIL-01,4.01,50.5,9.3,3
6589,2026-01-06,BRN-MIL-02,1.39,49.2,14.6,0
6590,2026-01-06,BRN-MIL-03,1.94,45.8,13.2,1
6591,2026-01-06,BRN-MIL-04,1.93,42.4,12.9,0
6592,2026-01-06,BRN-MIL-05,1.76,42.4,14.4,0
6593,2026-01-06,BRN-MIL-06,1.59,41.9,11.5,0
6594,2026-01-06,BRN-PRS-01,3.26,58.6,12.1,0
6595,2026-01-06,BRN-PRS-02,3.5,52.2,11.4,0
6596,2026-01-06,BRN-PRS-03,2.69,51.4,7.4,0
6597,2026-01-06,BRN-RBT-01,1.21,42.7,12.9,0
6598,2026-01-06,BRN-RBT-02,1.49,40.5,9.7,0
6599,2026-01-06,DAY-GRD-01,1.78,46.7,9.0,0
6600,2026-01-06,DAY-LTH-01,1.93,41.8,11.1,0
6601,2026-01-06,DAY-LTH-02,1.72,45.4,11.3,0
6602,2026-01-06,DAY-LTH-03,2.69,61.9,11.2,5
6603,2026-01-06,DAY-LTH-04,2.25,52.6,13.1,0
6604,2026-01-06,DAY-LTH-05,2.01,52.1,9.4,0
6605,2026-01-06,DAY-MIL-01,1.6,45.5,12.5,0
6606,2026-01-06,DAY-MIL-02,1.46,46.2,8.8,0
6607,2026-01-06,DAY-MIL-03,1.52,47.2,13.7,0
6608,2026-01-06,DAY-MIL-04,1.53,43.0,9.5,1
6609,2026-01-06,DAY-MIL-05,1.87,48.1,10.8,0
6610,2026-01-06,DAY-MIL-06,1.79,49.0,11.2,0
6611,2026-01-06,DAY-MIL-07,1.82,42.8,10.6,0
6612,2026-01-06,DAY-MIL-08,1.68,42.4,12.0,0
6613,2026-01-06,DAY-PRS-01,2.75,56.0,10.2,0
6614,2026-01-06,DAY-PRS-02,3.02,59.5,15.1,0
6615,2026-01-06,DAY-PRS-03,2.64,51.7,2.0,3
6616,2026-01-06,DAY-PRS-04,2.03,55.7,9.2,0
6617,2026-01-06,DAY-RBT-01,1.12,39.3,10.8,1
6618,2026-01-06,DAY-RBT-02,1.38,43.9,9.2,0
6619,2026-01-06,DAY-RBT-03,0.93,44.5,12.3,0
6620,2026-01-06,MTY-GRD-01,1.26,42.7,9.3,0
6621,2026-01-06,MTY-GRD-02,1.23,45.7,13.2,0
6622,2026-01-06,MTY-LTH-01,2.33,51.7,7.6,2
6623,2026-01-06,MTY-LTH-02,2.27,45.9,14.9,3
6624,2026-01-06,MTY-LTH-03,1.54,45.5,10.1,1
6625,2026-01-06,MTY-LTH-04,2.29,48.9,9.8,0
6626,2026-01-06,MTY-LTH-05,2.05,50.1,10.1,0
6627,2026-01-06,MTY-MIL-01,1.35,47.2,11.2,0
6628,2026-01-06,MTY-MIL-02,1.82,43.3,10.5,0
6629,2026-01-06,MTY-MIL-03,1.77,45.0,12.1,0
6630,2026-01-06,MTY-MIL-04,1.81,46.3,15.4,0
6631,2026-01-06,MTY-MIL-05,1.52,48.9,11.2,0
6632,2026-01-06,MTY-MIL-06,1.98,44.5,9.1,0
6633,2026-01-06,MTY-PRS-01,3.32,59.5,12.4,0
6634,2026-01-06,MTY-PRS-02,2.9,57.9,11.8,0
6635,2026-01-06,MTY-PRS-03,2.93,59.0,11.5,0
6636,2026-01-06,MTY-RBT-01,1.04,41.2,10.5,0
6637,2026-01-06,MTY-RBT-02,1.31,34.7,13.4,1
6638,2026-01-07,BRN-GRD-01,1.24,43.8,7.3,0
6639,2026-01-07,BRN-LTH-01,1.72,41.3,8.5,0
6640,2026-01-07,BRN-LTH-02,1.69,46.0,9.4,0
6641,2026-01-07,BRN-LTH-03,2.18,47.7,9.2,0
6642,2026-01-07,BRN-MIL-01,2.05,45.9,6.3,3
6643,2026-01-07,BRN-MIL-02,1.65,45.6,14.9,1
6644,2026-01-07,BRN-MIL-03,1.76,44.2,13.0,0
6645,2026-01-07,BRN-MIL-04,1.94,41.6,11.9,1
6646,2026-01-07,BRN-MIL-05,1.71,44.1,15.9,1
6647,2026-01-07,BRN-MIL-06,1.47,42.9,11.5,0
6648,2026-01-07,BRN-PRS-01,2.66,56.0,10.6,0
6649,2026-01-07,BRN-PRS-02,3.41,49.5,12.1,1
6650,2026-01-07,BRN-PRS-03,2.97,50.7,9.9,0
6651,2026-01-07,BRN-RBT-01,1.16,38.7,8.8,0
6652,2026-01-07,BRN-RBT-02,1.34,40.4,8.9,0
6653,2026-01-07,DAY-GRD-01,1.82,44.4,8.9,0
6654,2026-01-07,DAY-LTH-01,2.03,44.0,13.0,0
6655,2026-01-07,DAY-LTH-02,1.56,47.4,11.0,0
6656,2026-01-07,DAY-LTH-03,2.51,62.9,12.6,0
6657,2026-01-07,DAY-LTH-04,2.26,52.8,12.4,0
6658,2026-01-07,DAY-LTH-05,2.11,54.3,9.8,1
6659,2026-01-07,DAY-MIL-01,1.42,43.5,11.0,1
6660,2026-01-07,DAY-MIL-02,1.59,49.5,14.9,0
6661,2026-01-07,DAY-MIL-03,1.61,45.5,10.8,0
6662,2026-01-07,DAY-MIL-04,1.64,43.2,9.9,0
6663,2026-01-07,DAY-MIL-05,1.66,49.1,11.8,0
6664,2026-01-07,DAY-MIL-06,1.96,52.0,15.9,0
6665,2026-01-07,DAY-MIL-07,1.66,41.2,11.7,0
6666,2026-01-07,DAY-MIL-08,1.55,40.8,12.9,0
6667,2026-01-07,DAY-PRS-01,2.73,56.5,10.9,0
6668,2026-01-07,DAY-PRS-02,2.82,56.1,9.8,0
6669,2026-01-07,DAY-PRS-03,2.75,51.0,13.2,0
6670,2026-01-07,DAY-PRS-04,2.25,57.2,12.8,0
6671,2026-01-07,DAY-RBT-01,1.09,39.9,9.9,2
6672,2026-01-07,DAY-RBT-02,1.43,44.3,10.7,0
6673,2026-01-07,DAY-RBT-03,1.0,43.5,12.5,0
6674,2026-01-07,MTY-GRD-01,1.24,41.9,10.6,0
6675,2026-01-07,MTY-GRD-02,1.1,45.4,9.7,0
6676,2026-01-07,MTY-LTH-01,2.64,55.7,9.4,0
6677,2026-01-07,MTY-LTH-02,2.16,46.1,14.6,0
6678,2026-01-07,MTY-LTH-03,1.76,48.9,12.1,0
6679,2026-01-07,MTY-LTH-04,2.27,48.5,10.2,0
6680,2026-01-07,MTY-LTH-05,2.12,50.6,11.4,1
6681,2026-01-07,MTY-MIL-01,1.35,47.3,12.1,1
6682,2026-01-07,MTY-MIL-02,1.79,47.5,13.9,0
6683,2026-01-07,MTY-MIL-03,1.78,47.9,13.5,0
6684,2026-01-07,MTY-MIL-04,1.67,43.8,9.6,1
6685,2026-01-07,MTY-MIL-05,1.7,47.9,10.0,2
6686,2026-01-07,MTY-MIL-06,2.11,45.7,13.9,0
6687,2026-01-07,MTY-PRS-01,3.51,58.7,12.3,0
6688,2026-01-07,MTY-PRS-02,2.88,58.1,10.3,1
6689,2026-01-07,MTY-PRS-03,3.09,57.3,13.9,0
6690,2026-01-07,MTY-RBT-01,1.09,38.9,10.1,0
6691,2026-01-07,MTY-RBT-02,1.11,36.4,11.4,1
6692,2026-01-08,BRN-GRD-01,1.34,46.5,12.6,1
6693,2026-01-08,BRN-LTH-01,1.7,42.4,9.9,0
6694,2026-01-08,BRN-LTH-02,1.53,48.4,12.2,0
6695,2026-01-08,BRN-LTH-03,1.89,50.2,10.0,0
6696,2026-01-08,BRN-MIL-02,1.56,46.6,13.0,0
6697,2026-01-08,BRN-MIL-03,1.99,46.8,14.3,0
6698,2026-01-08,BRN-MIL-04,1.65,40.7,10.1,0
6699,2026-01-08,BRN-MIL-05,1.47,41.9,5.3,1
6700,2026-01-08,BRN-MIL-06,1.29,43.7,10.9,0
6701,2026-01-08,BRN-PRS-01,3.19,56.0,12.1,0
6702,2026-01-08,BRN-PRS-02,3.89,53.8,14.8,0
6703,2026-01-08,BRN-PRS-03,3.05,54.9,13.0,0
6704,2026-01-08,BRN-RBT-01,1.12,41.7,10.3,0
6705,2026-01-08,BRN-RBT-02,1.52,42.6,9.6,1
6706,2026-01-08,DAY-GRD-01,2.25,49.0,15.6,0
6707,2026-01-08,DAY-LTH-01,1.88,42.2,10.5,0
6708,2026-01-08,DAY-LTH-02,1.59,47.0,10.0,0
6709,2026-01-08,DAY-LTH-03,1.88,43.3,2.8,3
6710,2026-01-08,DAY-LTH-04,2.05,50.7,11.2,0
6711,2026-01-08,DAY-LTH-05,2.02,52.1,9.9,1
6712,2026-01-08,DAY-MIL-01,1.44,43.4,9.3,0
6713,2026-01-08,DAY-MIL-02,1.35,46.1,9.2,0
6714,2026-01-08,DAY-MIL-03,1.52,43.2,10.0,0
6715,2026-01-08,DAY-MIL-04,1.68,40.3,8.4,0
6716,2026-01-08,DAY-MIL-05,1.73,48.4,11.2,0
6717,2026-01-08,DAY-MIL-06,1.77,53.3,14.9,0
6718,2026-01-08,DAY-MIL-07,1.82,42.3,8.7,0
6719,2026-01-08,DAY-MIL-08,1.65,40.8,9.7,0
6720,2026-01-08,DAY-PRS-01,2.62,59.7,11.1,0
6721,2026-01-08,DAY-PRS-02,2.99,57.6,9.4,0
6722,2026-01-08,DAY-PRS-03,2.82,47.1,10.5,1
6723,2026-01-08,DAY-PRS-04,2.57,58.0,13.1,0
6724,2026-01-08,DAY-RBT-01,1.35,40.5,12.4,0
6725,2026-01-08,DAY-RBT-02,1.41,44.3,13.2,0
6726,2026-01-08,DAY-RBT-03,0.9,43.9,12.0,0
6727,2026-01-08,MTY-GRD-01,1.28,43.7,10.8,0
6728,2026-01-08,MTY-GRD-02,1.43,44.6,12.1,0
6729,2026-01-08,MTY-LTH-01,2.7,55.2,11.7,0
6730,2026-01-08,MTY-LTH-02,2.03,45.4,11.0,2
6731,2026-01-08,MTY-LTH-03,1.7,49.5,11.8,0
6732,2026-01-08,MTY-LTH-04,2.31,47.6,9.7,1
6733,2026-01-08,MTY-LTH-05,2.14,49.7,11.8,1
6734,2026-01-08,MTY-MIL-01,1.42,47.3,12.0,0
6735,2026-01-08,MTY-MIL-02,1.77,48.1,16.0,0
6736,2026-01-08,MTY-MIL-03,1.78,43.6,10.7,0
6737,2026-01-08,MTY-MIL-04,1.73,44.7,10.6,0
6738,2026-01-08,MTY-MIL-05,1.53,47.9,9.7,0
6739,2026-01-08,MTY-MIL-06,1.9,42.8,4.6,1
6740,2026-01-08,MTY-PRS-01,3.79,59.8,5.8,0
6741,2026-01-08,MTY-PRS-02,2.86,58.4,11.5,0
6742,2026-01-08,MTY-PRS-03,2.87,55.3,11.0,0
6743,2026-01-08,MTY-RBT-01,1.08,41.0,10.2,0
6744,2026-01-08,MTY-RBT-02,1.26,36.0,11.8,1
6745,2026-01-09,BRN-GRD-01,1.57,45.5,15.0,0
6746,2026-01-09,BRN-LTH-01,1.89,45.1,11.1,0
6747,2026-01-09,BRN-LTH-02,1.71,44.6,11.7,0
6748,2026-01-09,BRN-LTH-03,1.86,48.1,9.8,0
6749,2026-01-09,BRN-MIL-02,1.37,46.3,12.9,2
6750,2026-01-09,BRN-MIL-03,1.86,46.3,11.9,0
6751,2026-01-09,BRN-MIL-04,1.82,41.0,11.1,0
6752,2026-01-09,BRN-MIL-05,1.68,43.8,14.0,0
6753,2026-01-09,BRN-MIL-06,1.64,43.9,10.0,0
6754,2026-01-09,BRN-PRS-01,2.94,56.6,10.0,0
6755,2026-01-09,BRN-PRS-02,3.58,51.2,13.8,0
6756,2026-01-09,BRN-PRS-03,3.19,57.3,15.7,0
6757,2026-01-09,BRN-RBT-01,0.97,38.5,8.6,0
6758,2026-01-09,BRN-RBT-02,1.54,41.9,9.9,0
6759,2026-01-09,DAY-GRD-01,2.16,45.2,10.1,0
6760,2026-01-09,DAY-LTH-01,2.25,42.9,14.4,1
6761,2026-01-09,DAY-LTH-02,1.52,45.7,10.6,1
6762,2026-01-09,DAY-LTH-03,2.0,48.4,10.7,0
6763,2026-01-09,DAY-LTH-04,1.9,52.1,13.2,0
6764,2026-01-09,DAY-LTH-05,2.17,55.8,14.3,0
6765,2026-01-09,DAY-MIL-01,1.4,44.0,10.4,0
6766,2026-01-09,DAY-MIL-02,1.51,47.0,12.0,0
6767,2026-01-09,DAY-MIL-03,1.53,44.8,12.6,0
6768,2026-01-09,DAY-MIL-04,1.57,44.6,9.2,0
6769,2026-01-09,DAY-MIL-05,1.97,49.0,10.3,0
6770,2026-01-09,DAY-MIL-06,1.66,47.2,9.3,0
6771,2026-01-09,DAY-MIL-07,1.9,39.6,9.0,0
6772,2026-01-09,DAY-MIL-08,1.65,45.0,12.9,0
6773,2026-01-09,DAY-PRS-01,2.81,57.4,12.0,0
6774,2026-01-09,DAY-PRS-02,2.98,59.3,12.9,0
6775,2026-01-09,DAY-PRS-03,2.81,48.9,11.7,0
6776,2026-01-09,DAY-PRS-04,2.16,56.1,10.6,0
6777,2026-01-09,DAY-RBT-01,1.21,37.9,12.3,2
6778,2026-01-09,DAY-RBT-02,1.27,44.4,9.6,0
6779,2026-01-09,DAY-RBT-03,0.91,43.4,11.0,0
6780,2026-01-09,MTY-GRD-01,1.46,43.9,11.1,0
6781,2026-01-09,MTY-GRD-02,1.33,45.9,12.5,0
6782,2026-01-09,MTY-LTH-01,2.84,59.4,14.2,3
6783,2026-01-09,MTY-LTH-02,2.32,46.1,12.7,2
6784,2026-01-09,MTY-LTH-03,1.76,49.0,14.4,0
6785,2026-01-09,MTY-LTH-04,2.41,48.6,12.0,0
6786,2026-01-09,MTY-LTH-05,1.98,49.8,12.3,1
6787,2026-01-09,MTY-MIL-01,1.32,51.1,13.5,1
6788,2026-01-09,MTY-MIL-02,1.96,44.4,11.3,0
6789,2026-01-09,MTY-MIL-03,1.57,46.8,9.8,0
6790,2026-01-09,MTY-MIL-04,1.65,43.4,8.1,0
6791,2026-01-09,MTY-MIL-05,1.58,47.3,5.3,0
6792,2026-01-09,MTY-MIL-06,1.96,42.4,10.9,0
6793,2026-01-09,MTY-PRS-01,2.82,59.2,8.7,0
6794,2026-01-09,MTY-PRS-02,2.84,58.8,11.8,0
6795,2026-01-09,MTY-PRS-03,3.02,56.2,11.6,1
6796,2026-01-09,MTY-RBT-01,1.19,42.1,11.8,0
6797,2026-01-09,MTY-RBT-02,1.29,37.3,13.2,2
6798,2026-01-12,BRN-GRD-01,1.26,43.5,3.7,0
6799,2026-01-12,BRN-LTH-01,2.01,46.2,12.3,0
6800,2026-01-12,BRN-LTH-02,1.7,48.0,12.1,0
6801,2026-01-12,BRN-LTH-03,2.14,51.0,12.7,0
6802,2026-01-12,BRN-MIL-01,2.07,44.5,11.0,4
6803,2026-01-12,BRN-MIL-02,1.45,44.5,10.9,0
6804,2026-01-12,BRN-MIL-03,1.82,41.4,2.0,0
6805,2026-01-12,BRN-MIL-04,1.88,43.7,11.9,1
6806,2026-01-12,BRN-MIL-05,1.56,40.7,12.0,0
6807,2026-01-12,BRN-MIL-06,1.47,44.6,12.5,0
6808,2026-01-12,BRN-PRS-01,2.99,58.0,11.8,0
6809,2026-01-12,BRN-PRS-02,3.79,54.3,13.9,0
6810,2026-01-12,BRN-PRS-03,3.39,55.2,9.4,1
6811,2026-01-12,BRN-RBT-01,1.13,40.6,9.7,0
6812,2026-01-12,BRN-RBT-02,1.43,46.0,12.6,0
6813,2026-01-12,DAY-GRD-01,2.0,45.8,9.5,0
6814,2026-01-12,DAY-LTH-01,1.91,38.6,9.0,0
6815,2026-01-12,DAY-LTH-02,1.66,48.6,12.7,0
6816,2026-01-12,DAY-LTH-03,1.92,48.6,9.9,0
6817,2026-01-12,DAY-LTH-04,1.92,53.4,13.5,1
6818,2026-01-12,DAY-LTH-05,2.04,54.2,8.5,1
6819,2026-01-12,DAY-MIL-01,1.46,42.3,11.6,0
6820,2026-01-12,DAY-MIL-02,1.56,47.4,12.3,0
6821,2026-01-12,DAY-MIL-03,1.35,43.3,8.1,0
6822,2026-01-12,DAY-MIL-04,1.58,45.6,10.5,0
6823,2026-01-12,DAY-MIL-05,1.99,49.0,12.3,0
6824,2026-01-12,DAY-MIL-06,1.78,48.3,9.6,1
6825,2026-01-12,DAY-MIL-07,1.76,41.2,9.3,0
6826,2026-01-12,DAY-MIL-08,1.6,42.7,10.6,0
6827,2026-01-12,DAY-PRS-01,2.54,57.9,10.7,0
6828,2026-01-12,DAY-PRS-02,2.8,58.6,11.1,0
6829,2026-01-12,DAY-PRS-03,2.77,50.7,12.7,0
6830,2026-01-12,DAY-PRS-04,2.35,57.5,11.4,0
6831,2026-01-12,DAY-RBT-01,1.21,41.6,15.3,0
6832,2026-01-12,DAY-RBT-02,1.39,46.7,13.2,0
6833,2026-01-12,DAY-RBT-03,1.02,42.3,11.6,0
6834,2026-01-12,MTY-GRD-01,1.28,43.3,9.8,0
6835,2026-01-12,MTY-GRD-02,1.21,43.5,5.8,0
6836,2026-01-12,MTY-LTH-01,3.18,61.2,13.5,3
6837,2026-01-12,MTY-LTH-02,2.49,47.6,11.6,0
6838,2026-01-12,MTY-LTH-03,1.76,47.8,13.4,0
6839,2026-01-12,MTY-LTH-04,2.14,49.5,9.9,1
6840,2026-01-12,MTY-LTH-05,2.12,47.6,10.7,0
6841,2026-01-12,MTY-MIL-01,1.44,49.8,13.1,2
6842,2026-01-12,MTY-MIL-02,1.88,45.1,12.3,0
6843,2026-01-12,MTY-MIL-03,1.69,46.1,11.4,1
6844,2026-01-12,MTY-MIL-04,1.66,47.8,10.8,0
6845,2026-01-12,MTY-MIL-05,1.56,47.9,12.2,0
6846,2026-01-12,MTY-MIL-06,1.97,42.2,14.5,0
6847,2026-01-12,MTY-PRS-01,2.72,57.5,6.3,1
6848,2026-01-12,MTY-PRS-02,2.56,57.2,10.6,0
6849,2026-01-12,MTY-PRS-03,2.97,55.3,10.8,0
6850,2026-01-12,MTY-RBT-01,1.03,41.4,10.1,1
6851,2026-01-12,MTY-RBT-02,1.17,34.7,9.2,4
6852,2026-01-13,BRN-GRD-01,1.34,43.3,11.6,0
6853,2026-01-13,BRN-LTH-01,1.79,44.8,11.9,0
6854,2026-01-13,BRN-LTH-02,1.59,47.1,14.3,0
6855,2026-01-13,BRN-LTH-03,1.89,45.7,7.6,1
6856,2026-01-13,BRN-MIL-01,2.27,46.0,13.5,2
6857,2026-01-13,BRN-MIL-02,1.3,44.9,10.5,0
6858,2026-01-13,BRN-MIL-03,1.71,43.1,11.4,0
6859,2026-01-13,BRN-MIL-04,1.76,43.6,11.8,0
6860,2026-01-13,BRN-MIL-05,1.51,41.6,12.7,0
6861,2026-01-13,BRN-MIL-06,1.49,45.5,12.3,0
6862,2026-01-13,BRN-PRS-01,2.54,58.4,9.7,1
6863,2026-01-13,BRN-PRS-02,3.16,49.3,8.1,0
6864,2026-01-13,BRN-PRS-03,3.39,58.0,11.0,1
6865,2026-01-13,BRN-RBT-01,1.16,39.5,11.7,0
6866,2026-01-13,BRN-RBT-02,1.77,44.8,15.3,0
6867,2026-01-13,DAY-GRD-01,2.02,45.3,9.7,0
6868,2026-01-13,DAY-LTH-01,2.27,42.5,13.5,0
6869,2026-01-13,DAY-LTH-02,1.61,47.1,11.7,0
6870,2026-01-13,DAY-LTH-03,2.09,47.0,10.7,0
6871,2026-01-13,DAY-LTH-04,2.21,55.3,14.3,0
6872,2026-01-13,DAY-LTH-05,2.17,57.1,14.3,1
6873,2026-01-13,DAY-MIL-01,1.43,46.0,11.5,2
6874,2026-01-13,DAY-MIL-02,1.42,47.1,10.4,2
6875,2026-01-13,DAY-MIL-03,1.65,46.5,13.9,0
6876,2026-01-13,DAY-MIL-04,1.69,42.9,12.3,0
6877,2026-01-13,DAY-MIL-05,1.72,47.3,7.7,0
6878,2026-01-13,DAY-MIL-06,1.81,50.8,12.4,0
6879,2026-01-13,DAY-MIL-07,1.87,41.4,10.2,0
6880,2026-01-13,DAY-MIL-08,1.77,43.5,14.4,0
6881,2026-01-13,DAY-PRS-01,2.77,60.1,12.9,0
6882,2026-01-13,DAY-PRS-02,2.67,58.9,8.0,0
6883,2026-01-13,DAY-PRS-03,2.78,48.0,6.2,1
6884,2026-01-13,DAY-PRS-04,2.7,56.3,11.7,0
6885,2026-01-13,DAY-RBT-01,1.12,40.5,11.7,0
6886,2026-01-13,DAY-RBT-02,1.33,46.1,11.7,0
6887,2026-01-13,DAY-RBT-03,0.96,43.6,10.3,0
6888,2026-01-13,MTY-GRD-01,1.33,42.9,12.5,0
6889,2026-01-13,MTY-GRD-02,1.2,45.0,8.2,0
6890,2026-01-13,MTY-LTH-01,3.56,64.3,15.2,0
6891,2026-01-13,MTY-LTH-02,2.55,47.0,10.6,2
6892,2026-01-13,MTY-LTH-03,1.83,48.4,13.1,0
6893,2026-01-13,MTY-LTH-04,2.37,49.0,9.8,0
6894,2026-01-13,MTY-LTH-05,2.18,49.8,11.1,0
6895,2026-01-13,MTY-MIL-01,1.23,45.9,8.2,0
6896,2026-01-13,MTY-MIL-02,1.63,45.6,10.7,1
6897,2026-01-13,MTY-MIL-03,1.79,44.7,10.5,1
6898,2026-01-13,MTY-MIL-04,1.69,47.5,12.9,2
6899,2026-01-13,MTY-MIL-05,1.49,44.7,9.4,0
6900,2026-01-13,MTY-MIL-06,1.73,41.5,9.5,0
6901,2026-01-13,MTY-PRS-01,3.45,59.0,13.5,2
6902,2026-01-13,MTY-PRS-02,2.82,59.3,11.5,1
6903,2026-01-13,MTY-PRS-03,3.27,58.6,13.9,0
6904,2026-01-13,MTY-RBT-01,1.1,39.7,9.5,0
6905,2026-01-13,MTY-RBT-02,1.39,35.7,12.6,3
6906,2026-01-14,BRN-GRD-01,1.42,45.4,13.8,0
6907,2026-01-14,BRN-LTH-01,1.85,42.8,8.7,0
6908,2026-01-14,BRN-LTH-02,1.54,45.6,10.9,0
6909,2026-01-14,BRN-LTH-03,2.0,48.5,8.9,1
6910,2026-01-14,BRN-MIL-01,2.2,47.7,14.3,8
6911,2026-01-14,BRN-MIL-02,1.46,48.0,15.4,2
6912,2026-01-14,BRN-MIL-03,1.8,44.8,12.1,0
6913,2026-01-14,BRN-MIL-04,1.84,44.5,15.4,1
6914,2026-01-14,BRN-MIL-05,1.53,42.8,14.1,0
6915,2026-01-14,BRN-MIL-06,1.46,43.2,10.3,0
6916,2026-01-14,BRN-PRS-01,3.33,60.3,16.0,0
6917,2026-01-14,BRN-PRS-02,3.63,51.3,12.4,1
6918,2026-01-14,BRN-PRS-03,3.53,58.4,12.4,1
6919,2026-01-14,BRN-RBT-01,1.18,42.9,15.1,0
6920,2026-01-14,BRN-RBT-02,1.5,44.4,12.2,0
6921,2026-01-14,DAY-GRD-01,1.65,45.7,11.7,1
6922,2026-01-14,DAY-LTH-01,1.99,41.2,10.0,1
6923,2026-01-14,DAY-LTH-02,1.63,48.1,12.1,0
6924,2026-01-14,DAY-LTH-03,2.15,48.8,12.0,1
6925,2026-01-14,DAY-LTH-04,2.0,50.5,11.1,2
6926,2026-01-14,DAY-LTH-05,2.37,58.6,14.8,1
6927,2026-01-14,DAY-MIL-01,1.55,43.2,11.5,0
6928,2026-01-14,DAY-MIL-02,1.36,45.6,9.3,0
6929,2026-01-14,DAY-MIL-03,1.55,47.0,12.6,0
6930,2026-01-14,DAY-MIL-04,1.57,46.4,12.9,0
6931,2026-01-14,DAY-MIL-05,1.82,48.0,11.3,0
6932,2026-01-14,DAY-MIL-06,1.81,49.5,10.3,0
6933,2026-01-14,DAY-MIL-07,1.96,45.5,14.9,0
6934,2026-01-14,DAY-MIL-08,1.79,41.9,13.8,0
6935,2026-01-14,DAY-PRS-01,2.88,58.9,11.8,0
6936,2026-01-14,DAY-PRS-02,3.17,58.8,11.5,0
6937,2026-01-14,DAY-PRS-03,2.46,47.3,7.7,0
6938,2026-01-14,DAY-PRS-04,2.33,54.8,10.1,0
6939,2026-01-14,DAY-RBT-01,1.23,39.8,12.0,2
6940,2026-01-14,DAY-RBT-02,1.37,44.1,8.8,0
6941,2026-01-14,DAY-RBT-03,1.03,42.2,11.9,0
6942,2026-01-14,MTY-GRD-01,1.15,42.4,9.9,0
6943,2026-01-14,MTY-GRD-02,1.44,48.0,13.1,0
6944,2026-01-14,MTY-LTH-01,3.68,62.8,13.6,4
6945,2026-01-14,MTY-LTH-02,2.51,46.6,9.0,1
6946,2026-01-14,MTY-LTH-03,1.65,45.1,9.8,0
6947,2026-01-14,MTY-LTH-04,2.32,50.4,10.7,0
6948,2026-01-14,MTY-LTH-05,2.02,51.4,12.1,0
6949,2026-01-14,MTY-MIL-01,1.31,49.8,10.4,0
6950,2026-01-14,MTY-MIL-02,1.78,44.8,11.2,0
6951,2026-01-14,MTY-MIL-03,1.81,44.1,11.8,0
6952,2026-01-14,MTY-MIL-04,1.75,47.0,12.1,0
6953,2026-01-14,MTY-MIL-05,1.72,48.2,15.1,0
6954,2026-01-14,MTY-MIL-06,1.87,40.5,9.8,1
6955,2026-01-14,MTY-PRS-01,3.53,59.7,13.5,0
6956,2026-01-14,MTY-PRS-02,2.85,56.3,8.9,0
6957,2026-01-14,MTY-PRS-03,3.06,54.6,6.2,0
6958,2026-01-14,MTY-RBT-01,0.99,39.5,6.8,0
6959,2026-01-14,MTY-RBT-02,1.33,37.0,11.4,5
6960,2026-01-15,BRN-GRD-01,1.25,44.3,12.9,0
6961,2026-01-15,BRN-LTH-01,1.83,44.2,11.9,0
6962,2026-01-15,BRN-LTH-02,1.48,44.9,9.5,0
6963,2026-01-15,BRN-LTH-03,2.04,48.6,12.6,0
6964,2026-01-15,BRN-MIL-01,2.17,47.5,12.5,3
6965,2026-01-15,BRN-MIL-02,1.53,45.5,10.8,2
6966,2026-01-15,BRN-MIL-03,1.76,43.8,8.1,0
6967,2026-01-15,BRN-MIL-04,1.85,41.9,11.3,1
6968,2026-01-15,BRN-MIL-05,1.67,43.2,11.9,0
6969,2026-01-15,BRN-MIL-06,1.48,42.9,9.0,1
6970,2026-01-15,BRN-PRS-01,2.99,59.2,13.0,0
6971,2026-01-15,BRN-PRS-02,4.0,52.7,15.2,1
6972,2026-01-15,BRN-PRS-03,3.49,57.2,10.3,0
6973,2026-01-15,BRN-RBT-01,1.05,41.3,13.1,0
6974,2026-01-15,BRN-RBT-02,1.49,45.6,14.0,0
6975,2026-01-15,DAY-GRD-01,2.17,45.3,14.0,0
6976,2026-01-15,DAY-LTH-01,2.13,44.2,11.1,0
6977,2026-01-15,DAY-LTH-02,1.82,48.6,13.6,0
6978,2026-01-15,DAY-LTH-03,2.13,49.0,11.4,1
6979,2026-01-15,DAY-LTH-04,2.08,52.2,11.4,1
6980,2026-01-15,DAY-LTH-05,2.42,59.0,13.5,1
6981,2026-01-15,DAY-MIL-01,1.57,46.1,14.1,0
6982,2026-01-15,DAY-MIL-02,1.41,46.2,11.7,0
6983,2026-01-15,DAY-MIL-03,1.61,47.0,12.4,0
6984,2026-01-15,DAY-MIL-04,1.79,46.4,13.9,0
6985,2026-01-15,DAY-MIL-05,1.92,49.8,11.3,0
6986,2026-01-15,DAY-MIL-06,1.57,49.6,10.1,0
6987,2026-01-15,DAY-MIL-07,1.75,41.3,9.5,2
6988,2026-01-15,DAY-MIL-08,1.83,42.3,13.8,2
6989,2026-01-15,DAY-PRS-01,2.88,56.0,10.6,0
6990,2026-01-15,DAY-PRS-02,2.72,57.4,9.9,0
6991,2026-01-15,DAY-PRS-03,2.73,49.4,12.3,0
6992,2026-01-15,DAY-PRS-04,2.43,57.3,13.8,1
6993,2026-01-15,DAY-RBT-01,1.1,36.4,9.2,2
6994,2026-01-15,DAY-RBT-02,1.31,46.3,9.0,0
6995,2026-01-15,DAY-RBT-03,0.97,42.6,12.0,0
6996,2026-01-15,MTY-GRD-01,1.3,44.2,11.1,0
6997,2026-01-15,MTY-GRD-02,1.48,46.9,12.9,0
6998,2026-01-15,MTY-LTH-01,3.41,60.3,10.0,6
6999,2026-01-15,MTY-LTH-02,2.6,45.7,9.7,4
7000,2026-01-15,MTY-LTH-03,1.84,47.1,11.2,0
7001,2026-01-15,MTY-LTH-04,2.46,53.1,14.9,0
7002,2026-01-15,MTY-LTH-05,1.94,51.6,13.3,0
7003,2026-01-15,MTY-MIL-01,1.19,45.9,8.6,0
7004,2026-01-15,MTY-MIL-02,1.78,46.1,11.5,0
7005,2026-01-15,MTY-MIL-03,1.62,44.6,8.4,0
7006,2026-01-15,MTY-MIL-04,1.67,44.9,8.3,0
7007,2026-01-15,MTY-MIL-05,1.35,45.8,9.7,0
7008,2026-01-15,MTY-MIL-06,2.08,43.5,11.5,0
7009,2026-01-15,MTY-PRS-01,3.36,56.9,9.4,0
7010,2026-01-15,MTY-PRS-02,2.83,60.3,13.2,0
7011,2026-01-15,MTY-PRS-03,2.75,58.0,14.4,0
7012,2026-01-15,MTY-RBT-01,1.07,40.4,11.9,0
7013,2026-01-15,MTY-RBT-02,1.28,36.4,11.6,4
7014,2026-01-16,BRN-GRD-01,1.36,43.3,10.3,0
7015,2026-01-16,BRN-LTH-01,1.76,43.8,9.6,1
7016,2026-01-16,BRN-LTH-02,1.68,48.9,14.4,0
7017,2026-01-16,BRN-LTH-03,1.97,48.4,11.3,0
7018,2026-01-16,BRN-MIL-01,2.15,47.1,14.8,8
7019,2026-01-16,BRN-MIL-02,1.47,46.8,13.6,0
7020,2026-01-16,BRN-MIL-03,1.83,45.0,10.9,1
7021,2026-01-16,BRN-MIL-04,1.75,41.5,9.7,1
7022,2026-01-16,BRN-MIL-05,1.73,42.7,13.5,0
7023,2026-01-16,BRN-MIL-06,1.43,43.4,9.5,0
7024,2026-01-16,BRN-PRS-01,3.11,60.2,11.8,2
7025,2026-01-16,BRN-PRS-02,3.37,51.5,13.1,1
7026,2026-01-16,BRN-PRS-03,3.28,59.2,12.3,1
7027,2026-01-16,BRN-RBT-01,1.06,39.6,9.6,0
7028,2026-01-16,BRN-RBT-02,1.42,43.4,11.8,0
7029,2026-01-16,DAY-GRD-01,2.2,46.1,11.3,0
7030,2026-01-16,DAY-LTH-01,2.34,43.6,13.8,0
7031,2026-01-16,DAY-LTH-02,1.64,48.2,11.8,0
7032,2026-01-16,DAY-LTH-03,1.94,49.3,11.7,0
7033,2026-01-16,DAY-LTH-04,2.35,51.5,14.7,1
7034,2026-01-16,DAY-LTH-05,2.19,56.0,10.2,4
7035,2026-01-16,DAY-MIL-01,1.56,45.5,10.8,0
7036,2026-01-16,DAY-MIL-02,1.49,47.2,14.7,0
7037,2026-01-16,DAY-MIL-03,1.36,43.6,8.2,0
7038,2026-01-16,DAY-MIL-04,1.75,45.1,11.8,0
7039,2026-01-16,DAY-MIL-05,1.78,47.2,7.6,0
7040,2026-01-16,DAY-MIL-06,1.67,49.3,8.5,0
7041,2026-01-16,DAY-MIL-07,1.88,42.6,9.3,0
7042,2026-01-16,DAY-MIL-08,1.5,40.4,9.4,1
7043,2026-01-16,DAY-PRS-01,3.08,61.3,14.7,0
7044,2026-01-16,DAY-PRS-02,3.0,59.4,11.8,0
7045,2026-01-16,DAY-PRS-03,2.68,48.9,11.6,1
7046,2026-01-16,DAY-PRS-04,2.45,56.9,11.3,0
7047,2026-01-16,DAY-RBT-01,1.22,37.1,9.2,3
7048,2026-01-16,DAY-RBT-02,1.4,44.3,8.2,0
7049,2026-01-16,DAY-RBT-03,0.95,43.6,11.5,0
7050,2026-01-16,MTY-GRD-01,1.43,43.4,13.6,0
7051,2026-01-16,MTY-GRD-02,1.26,45.5,10.0,0
7052,2026-01-16,MTY-LTH-01,3.66,64.6,11.9,4
7053,2026-01-16,MTY-LTH-02,2.65,50.9,14.2,5
7054,2026-01-16,MTY-LTH-03,1.65,45.1,11.9,0
7055,2026-01-16,MTY-LTH-04,2.26,48.5,9.7,0
7056,2026-01-16,MTY-LTH-05,2.11,50.0,8.7,1
7057,2026-01-16,MTY-MIL-01,1.47,50.3,11.4,0
7058,2026-01-16,MTY-MIL-02,2.02,46.2,14.9,0
7059,2026-01-16,MTY-MIL-03,1.77,45.1,10.0,0
7060,2026-01-16,MTY-MIL-04,1.83,44.4,12.2,0
7061,2026-01-16,MTY-MIL-05,1.68,46.2,11.1,1
7062,2026-01-16,MTY-MIL-06,1.84,39.7,9.2,1
7063,2026-01-16,MTY-PRS-01,3.24,59.4,10.7,0
7064,2026-01-16,MTY-PRS-02,2.87,59.4,10.7,0
7065,2026-01-16,MTY-PRS-03,2.5,55.0,10.1,0
7066,2026-01-16,MTY-RBT-01,1.13,41.7,10.6,0
7067,2026-01-16,MTY-RBT-02,1.37,34.9,10.0,4
7068,2026-01-19,BRN-GRD-01,1.39,43.5,10.7,0
7069,2026-01-19,BRN-LTH-01,1.97,44.9,11.5,0
7070,2026-01-19,BRN-LTH-02,1.56,47.1,10.9,0
7071,2026-01-19,BRN-LTH-03,2.12,48.6,10.0,0
7072,2026-01-19,BRN-MIL-01,2.22,47.0,10.6,2
7073,2026-01-19,BRN-MIL-02,1.4,46.3,10.4,0
7074,2026-01-19,BRN-MIL-03,1.71,42.4,9.6,0
7075,2026-01-19,BRN-MIL-04,2.0,42.6,11.2,0
7076,2026-01-19,BRN-MIL-05,1.57,43.8,11.3,0
7077,2026-01-19,BRN-MIL-06,1.56,43.2,11.5,1
7078,2026-01-19,BRN-PRS-01,2.98,57.7,10.2,2
7079,2026-01-19,BRN-PRS-02,3.32,50.9,10.0,0
7080,2026-01-19,BRN-PRS-03,3.84,61.1,10.2,2
7081,2026-01-19,BRN-RBT-01,1.07,40.7,8.7,1
7082,2026-01-19,BRN-RBT-02,1.3,42.1,10.0,0
7083,2026-01-19,DAY-GRD-01,1.89,46.9,12.3,0
7084,2026-01-19,DAY-LTH-01,1.79,39.9,7.1,0
7085,2026-01-19,DAY-LTH-02,1.48,47.3,11.4,0
7086,2026-01-19,DAY-LTH-03,1.91,48.9,9.4,0
7087,2026-01-19,DAY-LTH-04,2.27,52.6,13.5,0
7088,2026-01-19,DAY-LTH-05,2.44,59.3,12.1,0
7089,2026-01-19,DAY-MIL-01,1.5,45.5,11.0,0
7090,2026-01-19,DAY-MIL-02,1.4,47.7,12.8,0
7091,2026-01-19,DAY-MIL-03,1.42,46.8,10.7,0
7092,2026-01-19,DAY-MIL-04,1.62,43.2,11.3,0
7093,2026-01-19,DAY-MIL-05,1.96,49.0,11.7,0
7094,2026-01-19,DAY-MIL-06,1.63,51.6,13.1,0
7095,2026-01-19,DAY-MIL-07,1.79,40.6,8.5,0
7096,2026-01-19,DAY-MIL-08,1.55,40.7,11.1,0
7097,2026-01-19,DAY-PRS-01,2.32,55.2,8.0,1
7098,2026-01-19,DAY-PRS-02,2.66,56.7,9.1,0
7099,2026-01-19,DAY-PRS-03,2.72,49.7,13.6,0
7100,2026-01-19,DAY-PRS-04,2.21,58.0,12.5,1
7101,2026-01-19,DAY-RBT-01,1.27,41.6,13.7,1
7102,2026-01-19,DAY-RBT-02,1.39,45.5,11.2,0
7103,2026-01-19,DAY-RBT-03,1.09,44.8,15.3,0
7104,2026-01-19,MTY-GRD-01,1.21,42.8,9.6,0
7105,2026-01-19,MTY-GRD-02,1.3,48.7,15.2,0
7106,2026-01-19,MTY-LTH-01,4.21,66.8,13.8,6
7107,2026-01-19,MTY-LTH-02,2.66,50.4,12.0,4
7108,2026-01-19,MTY-LTH-03,1.7,45.1,10.2,0
7109,2026-01-19,MTY-LTH-04,2.13,46.1,8.5,0
7110,2026-01-19,MTY-LTH-05,2.13,50.0,12.1,1
7111,2026-01-19,MTY-MIL-01,1.29,50.1,13.4,0
7112,2026-01-19,MTY-MIL-02,1.87,46.1,12.5,1
7113,2026-01-19,MTY-MIL-03,1.79,46.1,11.8,0
7114,2026-01-19,MTY-MIL-04,1.71,45.8,8.5,0
7115,2026-01-19,MTY-MIL-05,1.36,45.3,8.1,1
7116,2026-01-19,MTY-MIL-06,2.03,44.6,13.9,0
7117,2026-01-19,MTY-PRS-01,3.23,58.3,11.5,0
7118,2026-01-19,MTY-PRS-02,2.68,57.5,11.3,0
7119,2026-01-19,MTY-PRS-03,2.71,55.3,11.0,1
7120,2026-01-19,MTY-RBT-01,1.19,43.5,12.2,0
7121,2026-01-19,MTY-RBT-02,1.39,36.4,10.5,8
7122,2026-01-20,BRN-GRD-01,1.33,42.8,11.4,0
7123,2026-01-20,BRN-LTH-01,1.62,42.0,8.2,0
7124,2026-01-20,BRN-LTH-02,1.57,44.8,10.9,0
7125,2026-01-20,BRN-LTH-03,2.01,49.4,10.6,1
7126,2026-01-20,BRN-MIL-01,2.06,47.1,10.0,1
7127,2026-01-20,BRN-MIL-02,1.45,46.1,13.5,0
7128,2026-01-20,BRN-MIL-03,1.68,45.5,11.7,0
7129,2026-01-20,BRN-MIL-04,1.98,43.3,13.1,1
7130,2026-01-20,BRN-MIL-05,1.52,40.5,9.3,0
7131,2026-01-20,BRN-MIL-06,1.51,45.3,13.0,0
7132,2026-01-20,BRN-PRS-01,3.33,61.3,10.2,2
7133,2026-01-20,BRN-PRS-02,3.39,53.1,12.4,0
7134,2026-01-20,BRN-PRS-03,3.84,65.0,12.4,1
7135,2026-01-20,BRN-RBT-01,1.13,39.2,7.3,0
7136,2026-01-20,BRN-RBT-02,1.53,44.5,10.3,0
7137,2026-01-20,DAY-GRD-01,2.26,48.3,16.0,0
7138,2026-01-20,DAY-LTH-01,2.12,42.4,12.4,1
7139,2026-01-20,DAY-LTH-02,1.52,48.4,11.1,0
7140,2026-01-20,DAY-LTH-03,2.0,49.2,11.8,1
7141,2026-01-20,DAY-LTH-04,2.13,51.8,11.5,0
7142,2026-01-20,DAY-LTH-05,2.51,61.2,12.1,2
7143,2026-01-20,DAY-MIL-01,1.53,46.1,11.9,0
7144,2026-01-20,DAY-MIL-02,1.52,46.4,11.1,0
7145,2026-01-20,DAY-MIL-03,1.49,45.4,10.1,0
7146,2026-01-20,DAY-MIL-04,1.75,44.5,13.1,0
7147,2026-01-20,DAY-MIL-05,1.87,51.3,14.0,0
7148,2026-01-20,DAY-MIL-06,1.79,48.9,9.9,0
7149,2026-01-20,DAY-MIL-07,2.07,46.3,15.9,0
7150,2026-01-20,DAY-MIL-08,1.77,41.0,12.5,0
7151,2026-01-20,DAY-PRS-01,2.65,58.2,12.1,1
7152,2026-01-20,DAY-PRS-02,2.91,60.8,12.1,2
7153,2026-01-20,DAY-PRS-03,2.57,49.0,11.0,0
7154,2026-01-20,DAY-PRS-04,2.43,58.4,11.8,0
7155,2026-01-20,DAY-RBT-01,1.41,43.0,16.0,2
7156,2026-01-20,DAY-RBT-02,1.53,45.6,12.8,0
7157,2026-01-20,DAY-RBT-03,1.01,41.8,11.6,0
7158,2026-01-20,MTY-GRD-01,1.34,47.7,14.2,0
7159,2026-01-20,MTY-GRD-02,1.24,44.5,8.7,0
7160,2026-01-20,MTY-LTH-01,4.54,68.0,13.2,9
7161,2026-01-20,MTY-LTH-02,1.78,43.7,6.7,3
7162,2026-01-20,MTY-LTH-03,1.76,48.8,11.4,0
7163,2026-01-20,MTY-LTH-04,2.23,49.7,8.9,0
7164,2026-01-20,MTY-LTH-05,2.22,52.7,13.9,0
7165,2026-01-20,MTY-MIL-01,1.23,48.9,10.6,0
7166,2026-01-20,MTY-MIL-02,1.99,46.6,14.1,0
7167,2026-01-20,MTY-MIL-03,1.88,46.6,12.9,0
7168,2026-01-20,MTY-MIL-04,1.63,46.1,11.5,0
7169,2026-01-20,MTY-MIL-05,1.61,48.1,12.9,0
7170,2026-01-20,MTY-MIL-06,1.92,41.8,11.1,0
7171,2026-01-20,MTY-PRS-01,3.58,62.5,15.2,1
7172,2026-01-20,MTY-PRS-02,2.74,57.8,13.1,1
7173,2026-01-20,MTY-PRS-03,3.02,55.5,12.1,0
7174,2026-01-20,MTY-RBT-01,1.07,39.0,11.3,0
7175,2026-01-20,MTY-RBT-02,1.27,35.3,8.5,1
7176,2026-01-21,BRN-GRD-01,1.34,40.6,11.2,0
7177,2026-01-21,BRN-LTH-01,1.74,44.3,10.4,0
7178,2026-01-21,BRN-LTH-02,1.42,43.9,7.7,0
7179,2026-01-21,BRN-LTH-03,2.1,48.4,11.5,0
7180,2026-01-21,BRN-MIL-01,1.68,44.2,5.8,3
7181,2026-01-21,BRN-MIL-02,1.5,45.0,11.4,0
7182,2026-01-21,BRN-MIL-03,2.11,46.1,15.9,0
7183,2026-01-21,BRN-MIL-04,1.81,40.7,11.4,0
7184,2026-01-21,BRN-MIL-05,1.64,42.6,11.7,0
7185,2026-01-21,BRN-MIL-06,1.45,44.8,11.1,0
7186,2026-01-21,BRN-PRS-01,3.06,61.0,12.0,1
7187,2026-01-21,BRN-PRS-02,3.68,52.1,14.6,0
7188,2026-01-21,BRN-PRS-03,3.41,65.0,10.8,3
7189,2026-01-21,BRN-RBT-01,1.18,40.9,12.4,0
7190,2026-01-21,BRN-RBT-02,1.46,44.2,12.3,1
7191,2026-01-21,DAY-GRD-01,2.22,48.5,13.4,0
7192,2026-01-21,DAY-LTH-01,2.07,42.2,10.9,1
7193,2026-01-21,DAY-LTH-02,1.6,47.1,8.3,0
7194,2026-01-21,DAY-LTH-03,1.96,49.8,12.8,1
7195,2026-01-21,DAY-LTH-04,2.03,53.2,12.2,0
7196,2026-01-21,DAY-LTH-05,2.19,59.8,11.5,0
7197,2026-01-21,DAY-MIL-01,1.63,46.4,10.6,0
7198,2026-01-21,DAY-MIL-02,1.55,48.0,12.6,0
7199,2026-01-21,DAY-MIL-03,1.62,48.9,12.3,0
7200,2026-01-21,DAY-MIL-04,1.63,43.1,11.4,1
7201,2026-01-21,DAY-MIL-05,1.91,50.8,12.3,0
7202,2026-01-21,DAY-MIL-06,1.69,50.1,8.9,0
7203,2026-01-21,DAY-MIL-07,1.88,41.2,8.7,1
7204,2026-01-21,DAY-MIL-08,1.6,41.4,11.0,0
7205,2026-01-21,DAY-PRS-01,2.8,57.8,12.8,1
7206,2026-01-21,DAY-PRS-02,2.87,59.8,14.3,0
7207,2026-01-21,DAY-PRS-03,2.45,48.6,9.9,0
7208,2026-01-21,DAY-PRS-04,2.55,57.8,11.4,0
7209,2026-01-21,DAY-RBT-01,1.26,38.4,8.9,4
7210,2026-01-21,DAY-RBT-02,1.38,46.4,14.4,0
7211,2026-01-21,DAY-RBT-03,0.98,42.6,10.1,0
7212,2026-01-21,MTY-GRD-01,1.29,42.1,8.8,0
7213,2026-01-21,MTY-GRD-02,1.3,43.1,9.3,0
7214,2026-01-21,MTY-LTH-01,3.81,55.2,2.4,5
7215,2026-01-21,MTY-LTH-02,1.88,42.4,9.3,0
7216,2026-01-21,MTY-LTH-03,1.76,46.8,8.8,0
7217,2026-01-21,MTY-LTH-04,2.48,48.8,9.4,0
7218,2026-01-21,MTY-LTH-05,2.0,50.0,10.8,0
7219,2026-01-21,MTY-MIL-01,1.45,48.7,13.1,0
7220,2026-01-21,MTY-MIL-02,1.78,43.7,10.6,0
7221,2026-01-21,MTY-MIL-03,1.86,48.7,14.6,1
7222,2026-01-21,MTY-MIL-04,1.52,46.0,7.7,0
7223,2026-01-21,MTY-MIL-05,1.32,45.3,10.1,0
7224,2026-01-21,MTY-MIL-06,1.91,41.7,10.9,0
7225,2026-01-21,MTY-PRS-01,3.14,54.9,8.8,0
7226,2026-01-21,MTY-PRS-02,2.51,56.3,11.6,0
7227,2026-01-21,MTY-PRS-03,2.9,53.6,10.6,0
7228,2026-01-21,MTY-RBT-01,1.05,41.5,9.8,0
7229,2026-01-21,MTY-RBT-02,1.36,38.6,12.7,4
7230,2026-01-22,BRN-GRD-01,1.18,43.9,9.0,0
7231,2026-01-22,BRN-LTH-01,1.73,45.8,12.7,0
7232,2026-01-22,BRN-LTH-02,1.65,48.9,14.7,0
7233,2026-01-22,BRN-LTH-03,2.28,52.2,13.0,0
7234,2026-01-22,BRN-MIL-02,1.28,40.9,6.0,0
7235,2026-01-22,BRN-MIL-03,1.91,46.6,14.1,0
7236,2026-01-22,BRN-MIL-04,1.88,42.7,14.1,0
7237,2026-01-22,BRN-MIL-05,1.65,42.6,13.0,0
7238,2026-01-22,BRN-MIL-06,1.48,45.0,11.4,0
7239,2026-01-22,BRN-PRS-01,3.33,62.3,12.5,2
7240,2026-01-22,BRN-PRS-02,3.34,51.0,12.9,0
7241,2026-01-22,BRN-PRS-03,3.74,64.4,11.2,1
7242,2026-01-22,BRN-RBT-01,1.23,39.6,13.3,0
7243,2026-01-22,BRN-RBT-02,1.46,43.1,10.2,0
7244,2026-01-22,DAY-GRD-01,1.97,47.8,12.2,0
7245,2026-01-22,DAY-LTH-01,2.0,41.1,11.1,0
7246,2026-01-22,DAY-LTH-02,1.56,43.9,9.5,0
7247,2026-01-22,DAY-LTH-03,1.88,49.4,12.4,0
7248,2026-01-22,DAY-LTH-04,2.05,50.0,10.8,0
7249,2026-01-22,DAY-LTH-05,2.46,60.4,13.1,2
7250,2026-01-22,DAY-MIL-01,1.58,47.7,12.1,3
7251,2026-01-22,DAY-MIL-02,1.42,46.9,12.1,0
7252,2026-01-22,DAY-MIL-03,1.68,51.2,14.1,3
7253,2026-01-22,DAY-MIL-04,1.64,44.5,12.8,0
7254,2026-01-22,DAY-MIL-05,1.72,47.9,10.8,0
7255,2026-01-22,DAY-MIL-06,1.8,51.2,13.8,0
7256,2026-01-22,DAY-MIL-07,2.06,41.7,9.7,0
7257,2026-01-22,DAY-MIL-08,1.65,40.7,11.4,0
7258,2026-01-22,DAY-PRS-01,2.83,58.0,9.3,1
7259,2026-01-22,DAY-PRS-02,2.89,57.4,10.1,0
7260,2026-01-22,DAY-PRS-03,2.53,49.1,11.5,0
7261,2026-01-22,DAY-PRS-04,2.48,57.8,12.7,0
7262,2026-01-22,DAY-RBT-01,1.19,41.7,14.7,4
7263,2026-01-22,DAY-RBT-02,1.43,42.4,8.6,0
7264,2026-01-22,DAY-RBT-03,1.01,42.5,9.7,0
7265,2026-01-22,MTY-GRD-01,1.19,42.9,8.8,2
7266,2026-01-22,MTY-GRD-02,1.43,45.1,11.5,0
7267,2026-01-22,MTY-LTH-01,3.74,55.8,11.2,2
7268,2026-01-22,MTY-LTH-02,1.75,43.4,10.2,0
7269,2026-01-22,MTY-LTH-03,1.58,45.0,8.2,0
7270,2026-01-22,MTY-LTH-04,2.42,49.8,10.8,1
7271,2026-01-22,MTY-LTH-05,2.1,51.1,10.6,1
7272,2026-01-22,MTY-MIL-01,1.43,48.4,9.6,0
7273,2026-01-22,MTY-MIL-02,1.65,46.2,11.1,0
7274,2026-01-22,MTY-MIL-03,1.87,47.0,14.3,0
7275,2026-01-22,MTY-MIL-04,1.74,44.9,12.0,0
7276,2026-01-22,MTY-MIL-05,1.43,44.5,10.3,0
7277,2026-01-22,MTY-MIL-06,2.04,44.6,12.9,0
7278,2026-01-22,MTY-PRS-01,3.47,62.1,12.0,1
7279,2026-01-22,MTY-PRS-02,2.54,58.9,12.9,0
7280,2026-01-22,MTY-PRS-03,2.9,54.9,12.6,0
7281,2026-01-22,MTY-RBT-01,1.17,43.6,13.0,1
7282,2026-01-22,MTY-RBT-02,1.34,34.5,8.5,4
7283,2026-01-23,BRN-GRD-01,1.22,41.8,9.0,0
7284,2026-01-23,BRN-LTH-01,2.03,46.7,13.2,0
7285,2026-01-23,BRN-LTH-02,1.61,47.1,13.4,0
7286,2026-01-23,BRN-LTH-03,2.06,47.7,9.2,0
7287,2026-01-23,BRN-MIL-01,1.66,42.4,9.7,0
7288,2026-01-23,BRN-MIL-02,1.49,46.7,15.0,0
7289,2026-01-23,BRN-MIL-03,1.94,44.2,12.2,0
7290,2026-01-23,BRN-MIL-04,2.03,41.8,10.9,0
7291,2026-01-23,BRN-MIL-05,1.72,45.1,15.9,1
7292,2026-01-23,BRN-MIL-06,1.44,42.2,10.6,0
7293,2026-01-23,BRN-PRS-01,3.58,62.1,10.4,0
7294,2026-01-23,BRN-PRS-02,3.09,52.0,7.0,0
7295,2026-01-23,BRN-PRS-03,2.93,52.2,3.6,3
7296,2026-01-23,BRN-RBT-01,1.08,40.1,10.8,0
7297,2026-01-23,BRN-RBT-02,1.59,44.6,12.3,0
7298,2026-01-23,DAY-GRD-01,2.14,46.3,12.1,0
7299,2026-01-23,DAY-LTH-01,2.11,43.4,12.7,0
7300,2026-01-23,DAY-LTH-02,1.7,48.0,12.3,0
7301,2026-01-23,DAY-LTH-03,2.08,49.3,12.7,1
7302,2026-01-23,DAY-LTH-04,2.24,55.3,15.1,0
7303,2026-01-23,DAY-LTH-05,2.32,60.6,9.8,2
7304,2026-01-23,DAY-MIL-01,1.69,51.8,11.0,1
7305,2026-01-23,DAY-MIL-02,1.54,48.4,11.8,1
7306,2026-01-23,DAY-MIL-03,1.74,48.6,12.9,1
7307,2026-01-23,DAY-MIL-04,1.88,48.0,14.3,0
7308,2026-01-23,DAY-MIL-05,1.81,50.6,13.9,0
7309,2026-01-23,DAY-MIL-06,1.64,51.3,9.7,0
7310,2026-01-23,DAY-MIL-07,1.9,42.7,10.3,0
7311,2026-01-23,DAY-MIL-08,1.67,41.9,11.4,0
7312,2026-01-23,DAY-PRS-01,2.73,58.5,11.6,0
7313,2026-01-23,DAY-PRS-02,3.02,57.2,10.3,0
7314,2026-01-23,DAY-PRS-03,2.64,51.2,10.9,0
7315,2026-01-23,DAY-PRS-04,2.43,59.0,13.9,0
7316,2026-01-23,DAY-RBT-01,1.13,38.3,9.5,5
7317,2026-01-23,DAY-RBT-02,1.4,46.4,10.2,0
7318,2026-01-23,DAY-RBT-03,1.04,43.1,12.4,0
7319,2026-01-23,MTY-GRD-01,1.37,45.2,11.2,0
7320,2026-01-23,MTY-GRD-02,1.34,44.7,9.3,0
7321,2026-01-23,MTY-LTH-01,3.98,56.6,15.2,2
7322,2026-01-23,MTY-LTH-02,1.84,43.3,12.6,0
7323,2026-01-23,MTY-LTH-03,1.81,45.1,8.8,0
7324,2026-01-23,MTY-LTH-04,2.38,49.3,12.9,0
7325,2026-01-23,MTY-LTH-05,2.02,52.4,11.1,2
7326,2026-01-23,MTY-MIL-01,1.3,50.1,11.5,0
7327,2026-01-23,MTY-MIL-02,1.68,47.5,11.7,0
7328,2026-01-23,MTY-MIL-03,1.69,45.7,13.0,0
7329,2026-01-23,MTY-MIL-04,1.61,44.0,10.2,0
7330,2026-01-23,MTY-MIL-05,1.49,47.6,10.7,0
7331,2026-01-23,MTY-MIL-06,2.02,42.5,9.4,0
7332,2026-01-23,MTY-PRS-01,3.55,60.6,14.1,0
7333,2026-01-23,MTY-PRS-02,2.56,56.9,9.0,1
7334,2026-01-23,MTY-PRS-03,2.8,57.2,14.3,0
7335,2026-01-23,MTY-RBT-01,1.1,40.9,13.0,2
7336,2026-01-23,MTY-RBT-02,1.05,34.9,1.8,3
7337,2026-01-26,BRN-GRD-01,1.42,41.9,11.5,0
7338,2026-01-26,BRN-LTH-01,1.97,47.2,13.3,0
7339,2026-01-26,BRN-LTH-02,1.79,48.9,15.0,0
7340,2026-01-26,BRN-LTH-03,2.01,49.4,11.7,0
7341,2026-01-26,BRN-MIL-01,1.56,45.2,14.8,0
7342,2026-01-26,BRN-MIL-02,1.32,42.9,8.3,0
7343,2026-01-26,BRN-MIL-03,1.81,46.6,13.1,0
7344,2026-01-26,BRN-MIL-04,1.82,45.2,13.2,0
7345,2026-01-26,BRN-MIL-05,1.79,42.5,12.0,0
7346,2026-01-26,BRN-MIL-06,1.59,46.5,11.0,1
7347,2026-01-26,BRN-PRS-01,3.77,61.5,10.5,1
7348,2026-01-26,BRN-PRS-02,3.38,49.8,11.5,0
7349,2026-01-26,BRN-PRS-03,3.37,55.6,15.8,0
7350,2026-01-26,BRN-RBT-01,1.14,39.6,9.1,0
7351,2026-01-26,BRN-RBT-02,1.45,41.8,10.1,0
7352,2026-01-26,DAY-GRD-01,1.98,44.9,8.9,0
7353,2026-01-26,DAY-LTH-01,2.02,42.5,12.6,1
7354,2026-01-26,DAY-LTH-02,1.46,48.8,11.2,0
7355,2026-01-26,DAY-LTH-03,1.93,47.6,10.6,0
7356,2026-01-26,DAY-LTH-04,2.23,52.7,14.4,0
7357,2026-01-26,DAY-LTH-05,1.7,47.6,2.3,3
7358,2026-01-26,DAY-MIL-01,1.67,51.7,11.7,1
7359,2026-01-26,DAY-MIL-02,1.67,49.3,15.2,0
7360,2026-01-26,DAY-MIL-03,1.88,51.3,13.9,1
7361,2026-01-26,DAY-MIL-04,1.68,45.6,12.5,0
7362,2026-01-26,DAY-MIL-05,1.72,47.2,9.8,0
7363,2026-01-26,DAY-MIL-06,1.75,49.2,11.1,0
7364,2026-01-26,DAY-MIL-07,1.75,44.9,11.5,0
7365,2026-01-26,DAY-MIL-08,1.88,43.7,12.8,0
7366,2026-01-26,DAY-PRS-01,2.96,61.8,14.6,0
7367,2026-01-26,DAY-PRS-02,3.21,58.9,14.1,0
7368,2026-01-26,DAY-PRS-03,3.08,49.8,11.5,0
7369,2026-01-26,DAY-PRS-04,2.35,57.2,15.9,0
7370,2026-01-26,DAY-RBT-01,1.27,38.9,10.9,4
7371,2026-01-26,DAY-RBT-02,1.46,46.7,11.8,0
7372,2026-01-26,DAY-RBT-03,0.89,40.5,7.7,0
7373,2026-01-26,MTY-GRD-01,1.38,43.6,15.0,0
7374,2026-01-26,MTY-GRD-02,1.15,45.9,7.3,0
7375,2026-01-26,MTY-LTH-01,4.33,55.9,12.2,1
7376,2026-01-26,MTY-LTH-02,2.02,45.5,12.8,0
7377,2026-01-26,MTY-LTH-03,1.78,46.9,11.1,0
7378,2026-01-26,MTY-LTH-04,2.27,47.5,11.1,0
7379,2026-01-26,MTY-LTH-05,2.35,52.6,11.2,4
7380,2026-01-26,MTY-MIL-01,1.4,47.3,10.4,0
7381,2026-01-26,MTY-MIL-02,1.81,47.4,13.9,0
7382,2026-01-26,MTY-MIL-03,1.76,46.1,12.3,0
7383,2026-01-26,MTY-MIL-04,1.69,45.6,11.2,0
7384,2026-01-26,MTY-MIL-05,1.53,45.5,12.1,0
7385,2026-01-26,MTY-MIL-06,1.8,41.7,8.7,0
7386,2026-01-26,MTY-PRS-01,3.29,57.1,9.3,0
7387,2026-01-26,MTY-PRS-02,2.52,58.3,11.1,0
7388,2026-01-26,MTY-PRS-03,3.33,58.3,16.0,0
7389,2026-01-26,MTY-RBT-01,1.22,43.7,12.0,0
7390,2026-01-26,MTY-RBT-02,1.09,36.9,12.0,0
7391,2026-01-27,BRN-GRD-01,1.4,44.6,12.7,0
7392,2026-01-27,BRN-LTH-01,1.88,46.6,12.6,0
7393,2026-01-27,BRN-LTH-02,1.39,46.2,10.8,0
7394,2026-01-27,BRN-LTH-03,2.04,49.9,11.8,0
7395,2026-01-27,BRN-MIL-01,1.63,39.2,9.3,1
7396,2026-01-27,BRN-MIL-02,1.49,44.0,10.3,0
7397,2026-01-27,BRN-MIL-03,1.7,42.8,11.7,0
7398,2026-01-27,BRN-MIL-04,1.87,42.8,14.0,1
7399,2026-01-27,BRN-MIL-05,1.37,38.7,8.8,0
7400,2026-01-27,BRN-MIL-06,1.48,44.1,11.5,0
7401,2026-01-27,BRN-PRS-01,3.62,64.2,12.4,2
7402,2026-01-27,BRN-PRS-02,3.34,47.9,9.3,1
7403,2026-01-27,BRN-PRS-03,3.13,51.4,11.7,0
7404,2026-01-27,BRN-RBT-01,1.26,38.9,10.2,0
7405,2026-01-27,BRN-RBT-02,1.37,43.0,8.7,0
7406,2026-01-27,DAY-GRD-01,2.18,46.3,9.9,0
7407,2026-01-27,DAY-LTH-01,2.09,41.9,11.1,1
7408,2026-01-27,DAY-LTH-02,1.66,47.6,3.0,0
7409,2026-01-27,DAY-LTH-03,1.98,49.1,10.9,1
7410,2026-01-27,DAY-LTH-04,1.97,50.9,8.9,0
7411,2026-01-27,DAY-LTH-05,1.95,51.6,13.0,0
7412,2026-01-27,DAY-MIL-01,1.58,49.7,9.3,0
7413,2026-01-27,DAY-MIL-02,1.78,49.0,15.9,0
7414,2026-01-27,DAY-MIL-03,1.71,52.4,13.4,0
7415,2026-01-27,DAY-MIL-04,1.69,43.4,11.2,0
7416,2026-01-27,DAY-MIL-05,1.9,51.8,13.8,0
7417,2026-01-27,DAY-MIL-06,1.91,52.3,13.8,0
7418,2026-01-27,DAY-MIL-07,2.04,45.0,14.0,0
7419,2026-01-27,DAY-MIL-08,1.7,44.2,13.9,1
7420,2026-01-27,DAY-PRS-01,3.11,59.5,12.0,1
7421,2026-01-27,DAY-PRS-02,2.94,58.9,14.7,0
7422,2026-01-27,DAY-PRS-03,2.6,48.5,9.9,0
7423,2026-01-27,DAY-PRS-04,2.36,56.5,12.6,0
7424,2026-01-27,DAY-RBT-01,0.96,38.9,4.7,3
7425,2026-01-27,DAY-RBT-02,1.37,43.9,11.2,0
7426,2026-01-27,DAY-RBT-03,0.92,44.0,12.7,0
7427,2026-01-27,MTY-GRD-01,1.35,44.1,12.4,0
7428,2026-01-27,MTY-GRD-02,1.26,45.6,8.9,0
7429,2026-01-27,MTY-LTH-01,4.28,54.1,9.3,0
7430,2026-01-27,MTY-LTH-02,1.9,46.3,11.4,1
7431,2026-01-27,MTY-LTH-03,1.56,47.9,9.9,0
7432,2026-01-27,MTY-LTH-04,2.26,50.8,11.5,0
7433,2026-01-27,MTY-LTH-05,2.38,52.7,11.9,0
7434,2026-01-27,MTY-MIL-01,1.25,48.6,9.8,1
7435,2026-01-27,MTY-MIL-02,1.72,45.7,12.9,0
7436,2026-01-27,MTY-MIL-03,1.73,44.9,7.7,0
7437,2026-01-27,MTY-MIL-04,1.62,46.3,11.4,0
7438,2026-01-27,MTY-MIL-05,1.57,46.6,12.8,1
7439,2026-01-27,MTY-MIL-06,2.12,46.1,13.1,0
7440,2026-01-27,MTY-PRS-01,3.68,60.2,13.9,0
7441,2026-01-27,MTY-PRS-02,2.57,56.8,10.6,0
7442,2026-01-27,MTY-PRS-03,2.74,53.3,9.9,0
7443,2026-01-27,MTY-RBT-01,1.19,40.0,11.2,1
7444,2026-01-27,MTY-RBT-02,1.02,33.3,11.2,0
7445,2026-01-28,BRN-GRD-01,1.38,44.9,14.0,0
7446,2026-01-28,BRN-LTH-01,2.02,44.0,12.2,0
7447,2026-01-28,BRN-LTH-02,1.44,47.7,12.8,1
7448,2026-01-28,BRN-LTH-03,2.29,52.5,14.2,0
7449,2026-01-28,BRN-MIL-01,1.83,46.1,16.0,0
7450,2026-01-28,BRN-MIL-02,1.44,46.0,14.1,0
7451,2026-01-28,BRN-MIL-03,1.81,42.6,10.7,0
7452,2026-01-28,BRN-MIL-04,1.94,42.1,11.2,0
7453,2026-01-28,BRN-MIL-05,1.7,43.2,14.0,0
7454,2026-01-28,BRN-MIL-06,1.5,44.1,10.9,0
7455,2026-01-28,BRN-PRS-01,3.69,65.8,14.9,1
7456,2026-01-28,BRN-PRS-02,3.87,51.1,13.9,0
7457,2026-01-28,BRN-PRS-03,3.04,53.3,10.7,0
7458,2026-01-28,BRN-RBT-01,1.15,41.8,13.1,1
7459,2026-01-28,BRN-RBT-02,1.49,42.6,10.3,0
7460,2026-01-28,DAY-GRD-01,2.14,47.7,10.5,1
7461,2026-01-28,DAY-LTH-01,2.0,42.2,9.7,0
7462,2026-01-28,DAY-LTH-02,1.51,46.6,7.4,0
7463,2026-01-28,DAY-LTH-03,1.93,47.9,10.3,0
7464,2026-01-28,DAY-LTH-04,2.23,52.0,11.1,0
7465,2026-01-28,DAY-LTH-05,1.98,49.8,14.6,1
7466,2026-01-28,DAY-MIL-01,1.75,52.4,10.7,1
7467,2026-01-28,DAY-MIL-02,1.56,46.4,12.1,1
7468,2026-01-28,DAY-MIL-03,1.73,48.0,11.7,0
7469,2026-01-28,DAY-MIL-04,1.68,46.9,13.2,0
7470,2026-01-28,DAY-MIL-05,1.82,49.2,12.9,0
7471,2026-01-28,DAY-MIL-06,1.74,49.3,10.0,0
7472,2026-01-28,DAY-MIL-07,1.96,41.8,10.2,1
7473,2026-01-28,DAY-MIL-08,1.68,40.8,9.9,0
7474,2026-01-28,DAY-PRS-01,2.83,60.3,15.1,0
7475,2026-01-28,DAY-PRS-02,3.19,57.8,9.6,0
7476,2026-01-28,DAY-PRS-03,2.59,48.1,10.7,0
7477,2026-01-28,DAY-PRS-04,2.41,58.3,12.4,0
7478,2026-01-28,DAY-RBT-01,1.1,38.4,14.3,0
7479,2026-01-28,DAY-RBT-02,1.42,44.3,10.8,0
7480,2026-01-28,DAY-RBT-03,0.99,43.2,13.0,0
7481,2026-01-28,MTY-GRD-01,1.32,45.5,13.2,0
7482,2026-01-28,MTY-GRD-02,1.35,45.0,10.4,0
7483,2026-01-28,MTY-LTH-01,4.54,55.6,8.5,2
7484,2026-01-28,MTY-LTH-02,1.8,43.9,12.5,0
7485,2026-01-28,MTY-LTH-03,1.67,47.4,9.0,0
7486,2026-01-28,MTY-LTH-04,2.24,50.2,12.3,0
7487,2026-01-28,MTY-LTH-05,2.34,53.5,10.5,1
7488,2026-01-28,MTY-MIL-01,1.59,47.1,13.1,0
7489,2026-01-28,MTY-MIL-02,1.78,44.3,10.8,0
7490,2026-01-28,MTY-MIL-03,1.81,45.2,11.7,0
7491,2026-01-28,MTY-MIL-04,1.81,47.8,13.6,0
7492,2026-01-28,MTY-MIL-05,1.61,45.7,13.1,1
7493,2026-01-28,MTY-MIL-06,1.87,41.1,7.5,0
7494,2026-01-28,MTY-PRS-01,3.06,56.6,10.5,0
7495,2026-01-28,MTY-PRS-02,2.48,56.2,8.4,0
7496,2026-01-28,MTY-PRS-03,2.89,56.2,12.5,0
7497,2026-01-28,MTY-RBT-01,1.13,43.1,13.6,1
7498,2026-01-28,MTY-RBT-02,1.1,32.8,8.8,0
7499,2026-01-29,BRN-GRD-01,1.24,44.8,10.5,1
7500,2026-01-29,BRN-LTH-01,1.75,45.4,12.2,0
7501,2026-01-29,BRN-LTH-02,1.66,46.9,12.8,0
7502,2026-01-29,BRN-LTH-03,2.08,48.4,9.5,0
7503,2026-01-29,BRN-MIL-01,1.72,46.6,15.8,0
7504,2026-01-29,BRN-MIL-02,1.46,46.1,11.3,0
7505,2026-01-29,BRN-MIL-03,1.93,44.1,12.1,0
7506,2026-01-29,BRN-MIL-04,1.9,41.8,10.9,0
7507,2026-01-29,BRN-MIL-05,1.6,41.1,11.4,1
7508,2026-01-29,BRN-MIL-06,1.39,41.7,5.8,0
7509,2026-01-29,BRN-PRS-01,3.59,63.0,9.6,2
7510,2026-01-29,BRN-PRS-02,3.34,50.4,12.6,1
7511,2026-01-29,BRN-PRS-03,3.13,53.0,10.9,0
7512,2026-01-29,BRN-RBT-01,1.23,39.9,12.3,0
7513,2026-01-29,BRN-RBT-02,1.43,42.1,9.6,0
7514,2026-01-29,DAY-GRD-01,2.16,48.4,13.1,0
7515,2026-01-29,DAY-LTH-01,1.58,42.8,8.7,0
7516,2026-01-29,DAY-LTH-02,1.51,45.4,9.7,0
7517,2026-01-29,DAY-LTH-03,2.07,49.7,11.2,0
7518,2026-01-29,DAY-LTH-04,1.99,51.5,9.6,0
7519,2026-01-29,DAY-LTH-05,1.98,51.8,14.1,1
7520,2026-01-29,DAY-MIL-01,1.75,52.9,12.2,1
7521,2026-01-29,DAY-MIL-02,1.43,46.2,11.3,0
7522,2026-01-29,DAY-MIL-03,1.72,51.2,12.6,0
7523,2026-01-29,DAY-MIL-04,1.75,43.7,9.8,1
7524,2026-01-29,DAY-MIL-05,1.92,49.1,11.3,0
7525,2026-01-29,DAY-MIL-06,1.72,50.3,12.9,0
7526,2026-01-29,DAY-MIL-07,2.15,45.7,15.2,1
7527,2026-01-29,DAY-MIL-08,1.72,42.4,11.2,0
7528,2026-01-29,DAY-PRS-01,3.04,57.2,11.1,0
7529,2026-01-29,DAY-PRS-02,3.26,59.4,10.4,0
7530,2026-01-29,DAY-PRS-03,2.68,48.6,10.6,1
7531,2026-01-29,DAY-PRS-04,2.5,57.4,12.6,0
7532,2026-01-29,DAY-RBT-01,0.98,40.6,13.7,0
7533,2026-01-29,DAY-RBT-02,1.64,46.5,13.7,1
7534,2026-01-29,DAY-RBT-03,0.97,44.7,12.1,0
7535,2026-01-29,MTY-GRD-01,1.43,43.5,14.4,0
7536,2026-01-29,MTY-GRD-02,1.37,48.7,14.6,0
7537,2026-01-29,MTY-LTH-01,4.59,57.9,11.9,3
7538,2026-01-29,MTY-LTH-02,1.95,42.7,9.1,0
7539,2026-01-29,MTY-LTH-03,1.67,47.8,11.7,0
7540,2026-01-29,MTY-LTH-04,2.43,48.8,14.2,0
7541,2026-01-29,MTY-LTH-05,2.35,56.1,13.4,0
7542,2026-01-29,MTY-MIL-01,1.45,50.7,14.1,0
7543,2026-01-29,MTY-MIL-02,1.68,44.7,11.3,0
7544,2026-01-29,MTY-MIL-03,1.68,45.8,13.2,1
7545,2026-01-29,MTY-MIL-04,1.65,46.2,9.7,1
7546,2026-01-29,MTY-MIL-05,1.48,46.0,12.0,0
7547,2026-01-29,MTY-MIL-06,2.18,43.8,11.6,0
7548,2026-01-29,MTY-PRS-01,2.87,58.5,10.8,0
7549,2026-01-29,MTY-PRS-02,2.94,61.4,15.2,0
7550,2026-01-29,MTY-PRS-03,3.05,54.9,10.4,1
7551,2026-01-29,MTY-RBT-01,1.07,40.8,11.1,0
7552,2026-01-29,MTY-RBT-02,1.15,34.7,10.1,0
7553,2026-01-30,BRN-GRD-01,1.18,47.0,15.4,0
7554,2026-01-30,BRN-LTH-01,1.96,44.8,10.8,0
7555,2026-01-30,BRN-LTH-02,1.43,45.9,7.7,0
7556,2026-01-30,BRN-LTH-03,2.36,51.6,12.5,0
7557,2026-01-30,BRN-MIL-01,1.74,42.5,11.8,0
7558,2026-01-30,BRN-MIL-02,1.38,43.9,9.3,0
7559,2026-01-30,BRN-MIL-03,1.78,41.9,8.2,0
7560,2026-01-30,BRN-MIL-04,1.91,42.2,10.9,0
7561,2026-01-30,BRN-MIL-05,1.75,43.3,12.6,0
7562,2026-01-30,BRN-MIL-06,1.6,43.3,9.8,1
7563,2026-01-30,BRN-PRS-01,3.39,65.4,8.8,1
7564,2026-01-30,BRN-PRS-02,3.25,51.8,11.1,1
7565,2026-01-30,BRN-PRS-03,3.09,52.2,11.3,0
7566,2026-01-30,BRN-RBT-01,1.19,41.1,10.9,0
7567,2026-01-30,BRN-RBT-02,1.83,43.9,10.7,0
7568,2026-01-30,DAY-GRD-01,1.99,44.6,3.0,0
7569,2026-01-30,DAY-LTH-01,2.05,43.1,11.5,0
7570,2026-01-30,DAY-LTH-02,1.64,47.5,9.0,1
7571,2026-01-30,DAY-LTH-03,2.02,49.7,13.6,0
7572,2026-01-30,DAY-LTH-04,1.81,52.2,11.1,1
7573,2026-01-30,DAY-LTH-05,2.03,50.4,13.2,0
7574,2026-01-30,DAY-MIL-01,1.79,53.2,10.8,0
7575,2026-01-30,DAY-MIL-02,1.46,44.9,8.8,0
7576,2026-01-30,DAY-MIL-03,1.56,52.6,12.0,1
7577,2026-01-30,DAY-MIL-04,1.66,45.1,10.2,0
7578,2026-01-30,DAY-MIL-05,1.9,51.6,9.7,0
7579,2026-01-30,DAY-MIL-06,1.72,50.8,12.0,0
7580,2026-01-30,DAY-MIL-07,1.82,43.1,13.0,0
7581,2026-01-30,DAY-MIL-08,1.89,44.2,14.2,0
7582,2026-01-30,DAY-PRS-01,3.07,59.0,14.1,0
7583,2026-01-30,DAY-PRS-02,2.74,58.2,7.1,0
7584,2026-01-30,DAY-PRS-03,2.63,49.3,10.5,0
7585,2026-01-30,DAY-PRS-04,2.19,54.6,8.4,1
7586,2026-01-30,DAY-RBT-01,1.15,40.5,16.0,1
7587,2026-01-30,DAY-RBT-02,1.4,44.6,11.4,0
7588,2026-01-30,DAY-RBT-03,0.91,44.7,12.6,0
7589,2026-01-30,MTY-GRD-01,1.23,47.0,12.4,0
7590,2026-01-30,MTY-GRD-02,1.38,46.9,14.1,1
7591,2026-01-30,MTY-LTH-01,4.82,55.1,12.0,4
7592,2026-01-30,MTY-LTH-02,1.78,44.4,10.0,0
7593,2026-01-30,MTY-LTH-03,1.91,51.5,15.9,3
7594,2026-01-30,MTY-LTH-04,2.01,45.8,7.5,0
7595,2026-01-30,MTY-LTH-05,2.69,54.4,12.3,1
7596,2026-01-30,MTY-MIL-01,1.36,51.0,15.4,0
7597,2026-01-30,MTY-MIL-02,1.74,46.4,11.4,0
7598,2026-01-30,MTY-MIL-03,1.83,45.0,10.9,0
7599,2026-01-30,MTY-MIL-04,1.8,47.3,13.1,0
7600,2026-01-30,MTY-MIL-05,1.65,46.3,13.1,0
7601,2026-01-30,MTY-MIL-06,1.79,41.8,9.1,1
7602,2026-01-30,MTY-PRS-01,3.23,57.5,10.6,0
7603,2026-01-30,MTY-PRS-02,2.38,58.1,10.2,0
7604,2026-01-30,MTY-PRS-03,2.7,56.5,11.9,1
7605,2026-01-30,MTY-RBT-01,1.06,41.1,12.1,0
7606,2026-01-30,MTY-RBT-02,1.14,32.7,9.9,0
7607,2026-02-02,BRN-GRD-01,1.33,44.9,13.3,1
7608,2026-02-02,BRN-LTH-01,1.93,44.0,11.8,0
7609,2026-02-02,BRN-LTH-02,1.68,46.7,14.8,0
7610,2026-02-02,BRN-LTH-03,2.04,48.8,13.3,0
7611,2026-02-02,BRN-MIL-01,1.66,43.9,11.3,0
7612,2026-02-02,BRN-MIL-02,1.45,46.8,11.6,0
7613,2026-02-02,BRN-MIL-03,1.77,43.3,9.9,0
7614,2026-02-02,BRN-MIL-04,1.85,41.5,9.6,0
7615,2026-02-02,BRN-MIL-05,1.66,41.3,13.1,0
7616,2026-02-02,BRN-MIL-06,1.56,47.8,15.1,0
7617,2026-02-02,BRN-PRS-01,3.01,56.8,5.8,3
7618,2026-02-02,BRN-PRS-02,3.65,52.1,13.8,0
7619,2026-02-02,BRN-PRS-03,2.94,53.2,10.7,1
7620,2026-02-02,BRN-RBT-01,1.1,40.0,11.5,2
7621,2026-02-02,BRN-RBT-02,1.39,42.5,10.8,2
7622,2026-02-02,DAY-GRD-01,2.13,48.7,15.8,1
7623,2026-02-02,DAY-LTH-01,2.22,42.3,13.3,0
7624,2026-02-02,DAY-LTH-02,1.68,47.1,12.5,0
7625,2026-02-02,DAY-LTH-03,2.19,49.1,5.6,0
7626,2026-02-02,DAY-LTH-04,1.94,51.4,10.9,0
7627,2026-02-02,DAY-LTH-05,1.97,48.6,10.7,0
7628,2026-02-02,DAY-MIL-01,1.89,54.7,9.7,2
7629,2026-02-02,DAY-MIL-02,1.61,50.0,12.6,0
7630,2026-02-02,DAY-MIL-03,1.48,47.4,7.2,0
7631,2026-02-02,DAY-MIL-04,1.67,43.4,7.7,0
7632,2026-02-02,DAY-MIL-05,1.79,49.0,11.3,0
7633,2026-02-02,DAY-MIL-06,1.82,49.5,10.4,0
7634,2026-02-02,DAY-MIL-07,2.1,43.8,13.1,0
7635,2026-02-02,DAY-MIL-08,1.78,41.4,12.8,1
7636,2026-02-02,DAY-PRS-01,3.03,61.2,13.0,0
7637,2026-02-02,DAY-PRS-02,2.54,57.5,10.2,0
7638,2026-02-02,DAY-PRS-03,2.72,50.5,12.3,0
7639,2026-02-02,DAY-PRS-04,2.37,57.8,9.3,0
7640,2026-02-02,DAY-RBT-01,1.12,44.3,16.0,1
7641,2026-02-02,DAY-RBT-02,1.29,43.9,10.0,0
7642,2026-02-02,DAY-RBT-03,0.97,41.5,8.9,0
7643,2026-02-03,BRN-GRD-01,1.27,44.5,11.2,0
7644,2026-02-03,BRN-LTH-01,1.94,43.0,9.7,0
7645,2026-02-03,BRN-LTH-02,1.62,46.8,12.1,0
7646,2026-02-03,BRN-LTH-03,2.25,52.1,15.3,0
7647,2026-02-03,BRN-MIL-01,1.59,40.0,8.5,0
7648,2026-02-03,BRN-MIL-02,1.59,47.1,13.0,0
7649,2026-02-03,BRN-MIL-03,1.72,44.3,9.2,0
7650,2026-02-03,BRN-MIL-04,1.86,42.3,10.0,0
7651,2026-02-03,BRN-MIL-05,1.55,38.4,7.4,0
7652,2026-02-03,BRN-MIL-06,1.53,41.9,8.3,0
7653,2026-02-03,BRN-PRS-01,2.98,59.1,11.2,0
7654,2026-02-03,BRN-PRS-02,3.08,49.7,12.2,0
7655,2026-02-03,BRN-PRS-03,2.8,52.6,11.0,1
7656,2026-02-03,BRN-RBT-01,1.14,39.6,11.2,0
7657,2026-02-03,BRN-RBT-02,1.31,40.9,9.3,0
7658,2026-02-03,DAY-GRD-01,1.94,46.7,14.2,1
7659,2026-02-03,DAY-LTH-01,2.18,40.8,9.6,0
7660,2026-02-03,DAY-LTH-02,1.71,49.6,15.1,1
7661,2026-02-03,DAY-LTH-03,1.79,47.2,10.2,2
7662,2026-02-03,DAY-LTH-04,2.18,53.3,14.4,0
7663,2026-02-03,DAY-LTH-05,1.97,51.5,15.2,0
7664,2026-02-03,DAY-MIL-01,1.42,41.8,3.0,3
7665,2026-02-03,DAY-MIL-02,1.48,47.1,9.4,0
7666,2026-02-03,DAY-MIL-03,1.74,52.0,12.9,1
7667,2026-02-03,DAY-MIL-04,1.61,44.0,9.0,0
7668,2026-02-03,DAY-MIL-05,2.01,49.3,12.4,1
7669,2026-02-03,DAY-MIL-06,1.91,51.6,10.2,0
7670,2026-02-03,DAY-MIL-07,2.29,44.9,14.1,0
7671,2026-02-03,DAY-MIL-08,1.76,41.2,13.0,1
7672,2026-02-03,DAY-PRS-01,2.71,56.3,7.9,1
7673,2026-02-03,DAY-PRS-02,2.79,54.9,10.8,0
7674,2026-02-03,DAY-PRS-03,2.88,51.3,13.9,0
7675,2026-02-03,DAY-PRS-04,2.39,54.0,6.9,0
7676,2026-02-03,DAY-RBT-01,0.89,36.6,1.0,0
7677,2026-02-03,DAY-RBT-02,1.33,42.9,10.6,0
7678,2026-02-03,DAY-RBT-03,0.86,41.5,10.7,2
7679,2026-02-03,MTY-GRD-01,1.31,43.8,8.6,0
7680,2026-02-03,MTY-GRD-02,1.22,47.1,11.3,0
7681,2026-02-03,MTY-LTH-01,5.62,60.4,12.2,3
7682,2026-02-03,MTY-LTH-02,1.88,45.6,11.7,0
7683,2026-02-03,MTY-LTH-03,1.7,46.7,10.4,0
7684,2026-02-03,MTY-LTH-04,2.33,49.1,10.6,0
7685,2026-02-03,MTY-LTH-05,2.64,56.2,10.2,3
7686,2026-02-03,MTY-MIL-01,1.53,48.6,11.1,0
7687,2026-02-03,MTY-MIL-02,1.69,47.2,14.1,0
7688,2026-02-03,MTY-MIL-03,1.76,45.2,11.4,0
7689,2026-02-03,MTY-MIL-04,1.57,45.2,7.8,0
7690,2026-02-03,MTY-MIL-05,1.44,45.3,10.0,0
7691,2026-02-03,MTY-MIL-06,1.89,44.4,11.7,0
7692,2026-02-03,MTY-PRS-01,3.5,61.7,12.5,1
7693,2026-02-03,MTY-PRS-02,3.14,60.0,13.5,1
7694,2026-02-03,MTY-PRS-03,2.48,55.7,11.2,0
7695,2026-02-03,MTY-RBT-01,1.22,41.9,12.5,0
7696,2026-02-03,MTY-RBT-02,1.2,34.9,11.7,0
7697,2026-02-04,BRN-GRD-01,1.34,44.1,10.2,0
7698,2026-02-04,BRN-LTH-01,1.81,43.3,11.6,0
7699,2026-02-04,BRN-LTH-02,1.59,45.4,12.2,0
7700,2026-02-04,BRN-LTH-03,2.1,48.1,12.4,0
7701,2026-02-04,BRN-MIL-01,1.68,41.2,10.3,0
7702,2026-02-04,BRN-MIL-02,1.36,45.2,8.3,0
7703,2026-02-04,BRN-MIL-03,1.8,42.5,13.9,0
7704,2026-02-04,BRN-MIL-04,1.98,41.9,10.5,2
7705,2026-02-04,BRN-MIL-05,1.88,42.7,15.6,0
7706,2026-02-04,BRN-MIL-06,1.58,42.8,11.1,0
7707,2026-02-04,BRN-PRS-01,3.01,57.0,11.6,0
7708,2026-02-04,BRN-PRS-02,3.26,50.0,12.2,1
7709,2026-02-04,BRN-PRS-03,2.99,51.5,7.6,0
7710,2026-02-04,BRN-RBT-01,1.17,39.0,12.6,0
7711,2026-02-04,BRN-RBT-02,1.53,46.4,13.4,0
7712,2026-02-04,DAY-GRD-01,1.96,46.4,10.4,0
7713,2026-02-04,DAY-LTH-01,2.21,42.0,12.2,0
7714,2026-02-04,DAY-LTH-02,1.61,46.8,9.7,0
7715,2026-02-04,DAY-LTH-03,2.08,48.9,12.0,0
7716,2026-02-04,DAY-LTH-04,2.05,51.7,12.5,2
7717,2026-02-04,DAY-LTH-05,1.7,47.8,11.3,0
7718,2026-02-04,DAY-MIL-01,1.4,43.5,10.2,0
7719,2026-02-04,DAY-MIL-02,1.63,46.8,10.0,0
7720,2026-02-04,DAY-MIL-03,1.87,55.5,15.7,0
7721,2026-02-04,DAY-MIL-04,1.76,45.5,11.9,1
7722,2026-02-04,DAY-MIL-05,1.98,49.6,10.2,0
7723,2026-02-04,DAY-MIL-06,1.62,51.0,8.7,0
7724,2026-02-04,DAY-MIL-07,1.84,44.8,12.0,0
7725,2026-02-04,DAY-MIL-08,1.66,40.8,11.1,1
7726,2026-02-04,DAY-PRS-01,2.97,56.2,11.4,0
7727,2026-02-04,DAY-PRS-02,2.7,58.0,10.9,0
7728,2026-02-04,DAY-PRS-03,2.68,49.8,10.2,0
7729,2026-02-04,DAY-PRS-04,2.42,55.0,11.6,0
7730,2026-02-04,DAY-RBT-01,1.0,38.5,9.9,0
7731,2026-02-04,DAY-RBT-02,1.38,43.1,10.0,0
7732,2026-02-04,DAY-RBT-03,0.92,42.7,10.1,0
7733,2026-02-04,MTY-GRD-01,1.27,43.4,9.3,0
7734,2026-02-04,MTY-GRD-02,1.53,45.9,10.2,0
7735,2026-02-04,MTY-LTH-01,1.97,49.0,2.1,3
7736,2026-02-04,MTY-LTH-02,1.66,44.4,10.7,0
7737,2026-02-04,MTY-LTH-03,1.69,46.7,11.4,0
7738,2026-02-04,MTY-LTH-04,2.37,49.2,11.3,0
7739,2026-02-04,MTY-LTH-05,2.65,53.3,8.7,2
7740,2026-02-04,MTY-MIL-01,1.26,50.0,11.5,0
7741,2026-02-04,MTY-MIL-02,1.62,46.7,13.2,0
7742,2026-02-04,MTY-MIL-03,1.65,47.4,10.9,0
7743,2026-02-04,MTY-MIL-04,1.59,47.6,11.1,0
7744,2026-02-04,MTY-MIL-05,1.53,45.7,11.3,0
7745,2026-02-04,MTY-MIL-06,1.78,41.8,11.5,0
7746,2026-02-04,MTY-PRS-01,3.05,59.9,10.2,1
7747,2026-02-04,MTY-PRS-02,2.43,58.5,12.3,0
7748,2026-02-04,MTY-PRS-03,2.72,55.4,9.4,0
7749,2026-02-04,MTY-RBT-01,1.21,40.5,10.3,0
7750,2026-02-04,MTY-RBT-02,1.16,33.4,11.5,0
7751,2026-02-05,BRN-GRD-01,1.33,43.9,11.3,1
7752,2026-02-05,BRN-LTH-01,2.25,47.3,15.9,0
7753,2026-02-05,BRN-LTH-02,1.42,45.4,10.6,1
7754,2026-02-05,BRN-LTH-03,1.87,46.4,9.3,0
7755,2026-02-05,BRN-MIL-01,1.63,43.1,11.0,0
7756,2026-02-05,BRN-MIL-02,1.53,44.6,11.3,0
7757,2026-02-05,BRN-MIL-03,1.74,43.2,11.8,0
7758,2026-02-05,BRN-MIL-04,1.91,44.1,13.1,0
7759,2026-02-05,BRN-MIL-05,1.75,44.2,13.0,0
7760,2026-02-05,BRN-MIL-06,1.42,44.2,11.5,0
7761,2026-02-05,BRN-PRS-01,3.19,59.8,15.2,0
7762,2026-02-05,BRN-PRS-02,2.98,47.9,9.5,0
7763,2026-02-05,BRN-PRS-03,3.07,53.2,10.6,0
7764,2026-02-05,BRN-RBT-01,1.22,39.7,13.7,1
7765,2026-02-05,BRN-RBT-02,1.38,40.5,7.7,0
7766,2026-02-05,DAY-GRD-01,2.17,47.9,13.0,0
7767,2026-02-05,DAY-LTH-01,2.03,41.2,10.4,0
7768,2026-02-05,DAY-LTH-02,1.6,47.7,11.1,0
7769,2026-02-05,DAY-LTH-03,1.99,45.9,8.9,0
7770,2026-02-05,DAY-LTH-04,2.12,52.6,10.5,0
7771,2026-02-05,DAY-LTH-05,1.81,49.0,11.3,1
7772,2026-02-05,DAY-MIL-01,1.61,45.5,12.7,0
7773,2026-02-05,DAY-MIL-02,1.57,47.5,11.3,2
7774,2026-02-05,DAY-MIL-03,2.01,53.1,14.1,1
7775,2026-02-05,DAY-MIL-04,1.73,44.8,11.3,0
7776,2026-02-05,DAY-MIL-05,1.62,46.9,7.9,0
7777,2026-02-05,DAY-MIL-06,1.7,49.3,10.2,0
7778,2026-02-05,DAY-MIL-07,1.83,38.8,6.0,0
7779,2026-02-05,DAY-MIL-08,1.63,43.6,13.2,0
7780,2026-02-05,DAY-PRS-01,2.79,56.8,8.0,0
7781,2026-02-05,DAY-PRS-02,2.7,54.0,8.0,0
7782,2026-02-05,DAY-PRS-03,2.49,48.8,8.0,0
7783,2026-02-05,DAY-PRS-04,2.17,54.0,11.1,1
7784,2026-02-05,DAY-RBT-01,1.02,38.0,14.2,0
7785,2026-02-05,DAY-RBT-02,1.33,43.9,10.0,0
7786,2026-02-05,DAY-RBT-03,0.97,41.1,11.6,1
7787,2026-02-05,MTY-GRD-01,1.29,41.6,4.2,0
7788,2026-02-05,MTY-GRD-02,1.26,46.5,9.6,0
7789,2026-02-05,MTY-LTH-02,1.97,42.4,11.7,1
7790,2026-02-05,MTY-LTH-03,1.72,45.8,9.2,0
7791,2026-02-05,MTY-LTH-04,2.19,46.4,10.1,0
7792,2026-02-05,MTY-LTH-05,2.84,57.0,10.2,3
7793,2026-02-05,MTY-MIL-01,1.55,50.8,12.6,0
7794,2026-02-05,MTY-MIL-02,1.81,45.1,11.5,0
7795,2026-02-05,MTY-MIL-03,1.81,48.6,13.7,0
7796,2026-02-05,MTY-MIL-04,1.84,46.5,12.9,0
7797,2026-02-05,MTY-MIL-05,1.51,47.9,12.8,0
7798,2026-02-05,MTY-MIL-06,1.96,45.1,13.9,0
7799,2026-02-05,MTY-PRS-01,3.29,61.3,12.5,0
7800,2026-02-05,MTY-PRS-02,2.85,57.0,12.5,0
7801,2026-02-05,MTY-PRS-03,3.13,58.9,15.4,0
7802,2026-02-05,MTY-RBT-01,1.07,40.9,10.6,0
7803,2026-02-05,MTY-RBT-02,1.0,35.3,13.0,0
7804,2026-02-06,BRN-GRD-01,1.24,43.4,11.3,0
7805,2026-02-06,BRN-LTH-01,1.75,44.0,9.4,0
7806,2026-02-06,BRN-LTH-02,1.55,44.0,8.3,0
7807,2026-02-06,BRN-LTH-03,2.05,45.5,9.4,1
7808,2026-02-06,BRN-MIL-01,1.7,42.4,3.0,0
7809,2026-02-06,BRN-MIL-02,1.38,47.9,12.2,0
7810,2026-02-06,BRN-MIL-03,1.71,41.7,9.8,0
7811,2026-02-06,BRN-MIL-04,1.81,44.8,11.7,0
7812,2026-02-06,BRN-MIL-05,1.44,40.3,8.5,0
7813,2026-02-06,BRN-MIL-06,1.66,43.1,12.3,0
7814,2026-02-06,BRN-PRS-01,2.55,54.9,4.5,1
7815,2026-02-06,BRN-PRS-02,3.17,48.5,9.7,0
7816,2026-02-06,BRN-PRS-03,2.49,49.7,5.1,0
7817,2026-02-06,BRN-RBT-01,1.1,41.4,10.7,0
7818,2026-02-06,BRN-RBT-02,1.6,43.2,11.6,0
7819,2026-02-06,DAY-GRD-01,2.01,43.1,8.8,0
7820,2026-02-06,DAY-LTH-01,2.22,40.2,10.4,0
7821,2026-02-06,DAY-LTH-02,1.39,47.5,11.1,0
7822,2026-02-06,DAY-LTH-03,1.87,46.2,9.1,0
7823,2026-02-06,DAY-LTH-04,2.18,51.3,13.9,0
7824,2026-02-06,DAY-LTH-05,2.07,51.2,14.8,1
7825,2026-02-06,DAY-MIL-01,1.74,44.7,9.8,1
7826,2026-02-06,DAY-MIL-02,1.53,46.5,10.7,0
7827,2026-02-06,DAY-MIL-03,1.91,53.0,11.9,3
7828,2026-02-06,DAY-MIL-04,1.64,42.7,11.5,0
7829,2026-02-06,DAY-MIL-05,1.81,45.6,7.9,0
7830,2026-02-06,DAY-MIL-06,1.79,51.9,14.5,0
7831,2026-02-06,DAY-MIL-07,1.94,43.6,11.4,0
7832,2026-02-06,DAY-MIL-08,1.7,42.7,11.0,0
7833,2026-02-06,DAY-PRS-01,2.54,57.7,9.3,0
7834,2026-02-06,DAY-PRS-02,2.73,57.5,11.9,1
7835,2026-02-06,DAY-PRS-03,2.76,52.8,10.4,0
7836,2026-02-06,DAY-PRS-04,2.13,55.6,11.0,1
7837,2026-02-06,DAY-RBT-01,1.12,41.8,16.0,1
7838,2026-02-06,DAY-RBT-02,1.45,45.4,9.9,0
7839,2026-02-06,DAY-RBT-03,1.02,43.4,11.4,0
7840,2026-02-06,MTY-GRD-01,1.15,40.8,9.0,0
7841,2026-02-06,MTY-GRD-02,1.35,47.2,12.1,0
7842,2026-02-06,MTY-LTH-01,2.26,50.4,11.9,0
7843,2026-02-06,MTY-LTH-02,1.91,45.0,12.0,0
7844,2026-02-06,MTY-LTH-03,1.7,48.8,11.8,0
7845,2026-02-06,MTY-LTH-04,2.24,50.3,12.3,0
7846,2026-02-06,MTY-LTH-05,2.99,56.2,10.1,3
7847,2026-02-06,MTY-MIL-01,1.28,49.1,12.3,0
7848,2026-02-06,MTY-MIL-02,1.93,47.0,13.0,0
7849,2026-02-06,MTY-MIL-03,1.84,48.0,14.5,0
7850,2026-02-06,MTY-MIL-04,1.8,47.0,15.0,0
7851,2026-02-06,MTY-MIL-05,1.68,45.8,11.6,0
7852,2026-02-06,MTY-MIL-06,2.09,45.6,14.8,2
7853,2026-02-06,MTY-PRS-01,3.35,60.2,12.5,0
7854,2026-02-06,MTY-PRS-02,2.67,55.8,9.0,0
7855,2026-02-06,MTY-PRS-03,3.0,57.7,12.5,0
7856,2026-02-06,MTY-RBT-01,1.11,43.8,12.7,0
7857,2026-02-06,MTY-RBT-02,1.08,33.1,9.5,0
7858,2026-02-09,BRN-GRD-01,1.44,44.3,11.2,0
7859,2026-02-09,BRN-LTH-01,1.97,46.7,11.0,0
7860,2026-02-09,BRN-LTH-02,1.61,46.6,12.4,0
7861,2026-02-09,BRN-LTH-03,2.27,50.2,12.7,0
7862,2026-02-09,BRN-MIL-01,1.69,42.8,12.1,0
7863,2026-02-09,BRN-MIL-02,1.46,45.4,13.4,0
7864,2026-02-09,BRN-MIL-03,1.81,41.7,9.5,1
7865,2026-02-09,BRN-MIL-04,1.85,39.3,6.6,0
7866,2026-02-09,BRN-MIL-05,1.63,42.6,12.8,0
7867,2026-02-09,BRN-MIL-06,1.72,42.3,11.5,1
7868,2026-02-09,BRN-PRS-01,2.98,58.2,13.4,0
7869,2026-02-09,BRN-PRS-02,3.44,51.3,10.4,0
7870,2026-02-09,BRN-PRS-03,2.84,52.8,8.9,0
7871,2026-02-09,BRN-RBT-01,1.18,40.8,12.9,0
7872,2026-02-09,BRN-RBT-02,1.39,45.4,11.6,0
7873,2026-02-09,DAY-GRD-01,1.92,44.5,7.9,0
7874,2026-02-09,DAY-LTH-01,1.97,44.8,11.8,0
7875,2026-02-09,DAY-LTH-02,1.59,49.5,12.0,0
7876,2026-02-09,DAY-LTH-03,2.11,49.0,14.5,0
7877,2026-02-09,DAY-LTH-04,1.81,52.0,10.6,0
7878,2026-02-09,DAY-LTH-05,1.87,49.9,10.6,1
7879,2026-02-09,DAY-MIL-01,1.87,44.7,13.3,0
7880,2026-02-09,DAY-MIL-02,1.58,49.8,13.1,0
7881,2026-02-09,DAY-MIL-03,1.71,53.1,9.9,0
7882,2026-02-09,DAY-MIL-04,1.6,45.5,10.5,0
7883,2026-02-09,DAY-MIL-05,1.91,50.9,11.3,0
7884,2026-02-09,DAY-MIL-06,1.69,48.2,9.4,2
7885,2026-02-09,DAY-MIL-07,2.04,45.2,13.3,0
7886,2026-02-09,DAY-MIL-08,1.62,42.7,11.0,0
7887,2026-02-09,DAY-PRS-01,2.71,57.1,9.8,0
7888,2026-02-09,DAY-PRS-02,3.25,58.5,15.1,1
7889,2026-02-09,DAY-PRS-03,2.68,48.9,9.0,0
7890,2026-02-09,DAY-PRS-04,2.48,56.7,12.1,0
7891,2026-02-09,DAY-RBT-01,0.95,37.0,9.5,0
7892,2026-02-09,DAY-RBT-02,1.38,44.7,10.9,0
7893,2026-02-09,DAY-RBT-03,1.09,45.3,13.5,0
7894,2026-02-09,MTY-GRD-01,1.32,46.0,15.3,0
7895,2026-02-09,MTY-GRD-02,1.42,49.4,12.0,2
7896,2026-02-09,MTY-LTH-01,2.3,51.5,13.4,1
7897,2026-02-09,MTY-LTH-02,2.14,44.8,11.1,0
7898,2026-02-09,MTY-LTH-03,1.79,51.1,14.1,0
7899,2026-02-09,MTY-LTH-04,2.43,49.2,11.7,0
7900,2026-02-09,MTY-LTH-05,3.21,59.2,15.2,5
7901,2026-02-09,MTY-MIL-01,1.19,47.3,6.9,1
7902,2026-02-09,MTY-MIL-02,1.56,44.2,8.5,0
7903,2026-02-09,MTY-MIL-03,1.73,45.1,11.2,0
7904,2026-02-09,MTY-MIL-04,1.9,49.6,14.9,1
7905,2026-02-09,MTY-MIL-05,1.7,48.1,12.4,0
7906,2026-02-09,MTY-MIL-06,1.75,41.1,8.6,0
7907,2026-02-09,MTY-PRS-01,3.65,61.8,12.0,1
7908,2026-02-09,MTY-PRS-02,2.83,58.3,12.3,0
7909,2026-02-09,MTY-PRS-03,2.47,55.9,10.4,0
7910,2026-02-09,MTY-RBT-01,1.06,40.9,10.4,0
7911,2026-02-09,MTY-RBT-02,1.14,33.8,11.0,0
7912,2026-02-10,BRN-GRD-01,1.21,42.2,7.7,1
7913,2026-02-10,BRN-LTH-01,2.08,47.2,13.9,1
7914,2026-02-10,BRN-LTH-02,1.57,44.6,8.6,2
7915,2026-02-10,BRN-LTH-03,2.1,49.7,11.0,0
7916,2026-02-10,BRN-MIL-01,1.75,43.6,9.7,0
7917,2026-02-10,BRN-MIL-02,1.38,49.5,10.9,0
7918,2026-02-10,BRN-MIL-03,1.73,44.0,10.0,0
7919,2026-02-10,BRN-MIL-04,2.03,44.2,12.6,0
7920,2026-02-10,BRN-MIL-05,1.59,43.1,14.8,1
7921,2026-02-10,BRN-MIL-06,1.44,42.8,7.7,0
7922,2026-02-10,BRN-PRS-01,3.23,59.6,14.6,0
7923,2026-02-10,BRN-PRS-02,3.57,52.1,14.1,0
7924,2026-02-10,BRN-PRS-03,2.76,51.0,10.4,2
7925,2026-02-10,BRN-RBT-01,1.06,40.1,11.1,1
7926,2026-02-10,BRN-RBT-02,1.52,44.9,11.7,1
7927,2026-02-10,DAY-GRD-01,1.87,41.7,7.7,0
7928,2026-02-10,DAY-LTH-01,2.16,42.8,10.9,0
7929,2026-02-10,DAY-LTH-02,1.64,47.3,11.6,0
7930,2026-02-10,DAY-LTH-03,1.89,46.3,9.6,0
7931,2026-02-10,DAY-LTH-04,1.84,51.6,9.2,0
7932,2026-02-10,DAY-LTH-05,1.79,47.1,10.7,1
7933,2026-02-10,DAY-MIL-01,1.96,45.0,11.8,1
7934,2026-02-10,DAY-MIL-02,1.38,47.9,12.2,0
7935,2026-02-10,DAY-MIL-03,1.8,54.4,9.8,1
7936,2026-02-10,DAY-MIL-04,1.64,44.3,10.4,0
7937,2026-02-10,DAY-MIL-05,1.78,50.3,10.2,1
7938,2026-02-10,DAY-MIL-06,1.85,50.8,9.2,0
7939,2026-02-10,DAY-MIL-07,2.06,41.1,11.4,0
7940,2026-02-10,DAY-MIL-08,1.62,39.8,10.0,0
7941,2026-02-10,DAY-PRS-01,3.16,60.9,16.0,1
7942,2026-02-10,DAY-PRS-02,3.07,58.2,12.0,0
7943,2026-02-10,DAY-PRS-03,3.13,52.9,14.1,0
7944,2026-02-10,DAY-PRS-04,2.19,56.9,11.1,0
7945,2026-02-10,DAY-RBT-01,0.97,38.5,11.6,0
7946,2026-02-10,DAY-RBT-02,1.56,45.4,11.8,0
7947,2026-02-10,DAY-RBT-03,1.09,43.5,9.7,0
7948,2026-02-10,MTY-GRD-01,1.31,41.7,11.6,0
7949,2026-02-10,MTY-GRD-02,1.45,47.5,9.7,0
7950,2026-02-10,MTY-LTH-01,2.13,50.6,12.1,0
7951,2026-02-10,MTY-LTH-02,1.91,45.0,11.7,0
7952,2026-02-10,MTY-LTH-03,1.81,48.3,12.5,0
7953,2026-02-10,MTY-LTH-04,2.64,49.8,12.2,0
7954,2026-02-10,MTY-LTH-05,2.87,58.6,11.8,2
7955,2026-02-10,MTY-MIL-01,1.27,49.3,10.2,0
7956,2026-02-10,MTY-MIL-02,1.74,45.5,11.7,0
7957,2026-02-10,MTY-MIL-03,1.7,44.8,9.4,0
7958,2026-02-10,MTY-MIL-04,1.91,48.7,11.5,0
7959,2026-02-10,MTY-MIL-05,1.6,48.8,13.9,0
7960,2026-02-10,MTY-MIL-06,2.0,43.3,12.3,0
7961,2026-02-10,MTY-PRS-01,4.23,61.9,11.6,1
7962,2026-02-10,MTY-PRS-02,2.66,57.1,9.2,0
7963,2026-02-10,MTY-PRS-03,2.85,55.9,10.7,0
7964,2026-02-10,MTY-RBT-01,1.22,42.3,11.0,0
7965,2026-02-10,MTY-RBT-02,1.25,38.0,16.0,1
7966,2026-02-11,BRN-GRD-01,1.29,41.9,8.9,0
7967,2026-02-11,BRN-LTH-01,1.99,46.3,13.9,1
7968,2026-02-11,BRN-LTH-02,1.71,47.0,13.5,0
7969,2026-02-11,BRN-LTH-03,2.17,50.5,13.0,0
7970,2026-02-11,BRN-MIL-01,1.37,43.7,10.4,0
7971,2026-02-11,BRN-MIL-02,1.42,44.8,11.5,0
7972,2026-02-11,BRN-MIL-03,1.68,42.2,7.6,0
7973,2026-02-11,BRN-MIL-04,1.91,41.7,11.1,1
7974,2026-02-11,BRN-MIL-05,1.62,41.5,11.9,1
7975,2026-02-11,BRN-MIL-06,1.58,44.0,9.7,0
7976,2026-02-11,BRN-PRS-01,2.68,58.0,11.8,0
7977,2026-02-11,BRN-PRS-02,3.31,52.9,10.3,0
7978,2026-02-11,BRN-PRS-03,3.39,53.0,14.1,2
7979,2026-02-11,BRN-RBT-01,1.23,42.4,14.0,0
7980,2026-02-11,BRN-RBT-02,1.52,41.6,9.5,0
7981,2026-02-11,DAY-GRD-01,2.06,45.8,10.7,0
7982,2026-02-11,DAY-LTH-01,2.14,39.1,11.0,0
7983,2026-02-11,DAY-LTH-02,1.55,48.6,10.3,0
7984,2026-02-11,DAY-LTH-03,2.11,48.6,13.5,0
7985,2026-02-11,DAY-LTH-04,2.29,51.4,9.7,0
7986,2026-02-11,DAY-LTH-05,1.81,50.0,12.9,1
7987,2026-02-11,DAY-MIL-01,2.05,43.3,9.0,0
7988,2026-02-11,DAY-MIL-02,1.51,46.0,11.3,1
7989,2026-02-11,DAY-MIL-03,1.85,56.4,11.7,1
7990,2026-02-11,DAY-MIL-04,1.74,45.8,10.4,0
7991,2026-02-11,DAY-MIL-05,1.87,46.2,7.1,0
7992,2026-02-11,DAY-MIL-06,1.68,51.0,13.1,0
7993,2026-02-11,DAY-MIL-07,1.98,45.5,12.4,0
7994,2026-02-11,DAY-MIL-08,1.79,42.0,11.8,0
7995,2026-02-11,DAY-PRS-01,2.71,57.1,10.4,1
7996,2026-02-11,DAY-PRS-02,2.6,59.2,12.9,0
7997,2026-02-11,DAY-PRS-03,3.09,51.2,10.4,2
7998,2026-02-11,DAY-PRS-04,2.3,56.3,12.0,0
7999,2026-02-11,DAY-RBT-01,1.04,36.8,8.5,0
8000,2026-02-11,DAY-RBT-02,1.47,46.7,15.8,0
8001,2026-02-11,DAY-RBT-03,1.15,45.6,11.7,0
8002,2026-02-11,MTY-GRD-01,1.17,44.2,11.0,0
8003,2026-02-11,MTY-GRD-02,1.39,50.7,12.6,2
8004,2026-02-11,MTY-LTH-01,1.87,51.1,12.8,0
8005,2026-02-11,MTY-LTH-02,1.68,43.2,10.0,0
8006,2026-02-11,MTY-LTH-03,1.69,46.2,8.4,0
8007,2026-02-11,MTY-LTH-04,2.37,50.0,10.0,1
8008,2026-02-11,MTY-LTH-05,3.16,60.6,12.1,0
8009,2026-02-11,MTY-MIL-01,1.31,48.7,10.7,0
8010,2026-02-11,MTY-MIL-02,1.82,46.8,12.2,1
8011,2026-02-11,MTY-MIL-03,1.62,41.9,9.4,0
8012,2026-02-11,MTY-MIL-04,1.79,50.3,12.8,0
8013,2026-02-11,MTY-MIL-05,1.77,48.8,15.1,0
8014,2026-02-11,MTY-MIL-06,1.99,44.0,12.2,0
8015,2026-02-11,MTY-PRS-01,4.42,60.8,10.7,0
8016,2026-02-11,MTY-PRS-02,2.59,60.3,13.9,0
8017,2026-02-11,MTY-PRS-03,2.85,55.9,10.9,0
8018,2026-02-11,MTY-RBT-01,1.23,44.3,13.5,1
8019,2026-02-11,MTY-RBT-02,1.22,35.4,13.5,0
8020,2026-02-12,BRN-GRD-01,1.39,43.2,12.8,0
8021,2026-02-12,BRN-LTH-01,1.98,45.7,13.7,0
8022,2026-02-12,BRN-LTH-02,1.48,45.6,9.5,0
8023,2026-02-12,BRN-LTH-03,1.82,49.8,9.6,0
8024,2026-02-12,BRN-MIL-01,1.66,42.1,11.1,0
8025,2026-02-12,BRN-MIL-02,1.49,44.2,12.8,0
8026,2026-02-12,BRN-MIL-03,1.84,44.8,13.3,0
8027,2026-02-12,BRN-MIL-04,1.78,40.8,1.8,1
8028,2026-02-12,BRN-MIL-05,1.73,40.7,9.2,0
8029,2026-02-12,BRN-MIL-06,1.69,48.2,16.0,1
8030,2026-02-12,BRN-PRS-01,2.96,57.5,12.3,0
8031,2026-02-12,BRN-PRS-02,3.34,50.0,9.9,1
8032,2026-02-12,BRN-PRS-03,2.68,47.7,7.9,0
8033,2026-02-12,BRN-RBT-01,1.17,40.0,10.4,0
8034,2026-02-12,BRN-RBT-02,1.53,44.1,12.7,0
8035,2026-02-12,DAY-GRD-01,2.11,44.7,12.0,0
8036,2026-02-12,DAY-LTH-01,2.2,39.9,12.4,0
8037,2026-02-12,DAY-LTH-02,1.68,47.7,12.4,0
8038,2026-02-12,DAY-LTH-03,1.92,48.4,11.9,0
8039,2026-02-12,DAY-LTH-04,2.1,50.7,10.7,0
8040,2026-02-12,DAY-LTH-05,1.78,46.4,6.6,0
8041,2026-02-12,DAY-MIL-01,2.17,46.8,11.8,0
8042,2026-02-12,DAY-MIL-02,1.5,48.8,12.6,0
8043,2026-02-12,DAY-MIL-03,2.12,58.8,15.0,1
8044,2026-02-12,DAY-MIL-04,1.58,39.1,6.3,0
8045,2026-02-12,DAY-MIL-05,1.93,49.8,11.9,0
8046,2026-02-12,DAY-MIL-06,1.79,48.2,10.5,0
8047,2026-02-12,DAY-MIL-07,2.47,44.8,11.7,1
8048,2026-02-12,DAY-MIL-08,1.57,40.3,9.5,0
8049,2026-02-12,DAY-PRS-01,2.87,59.0,12.2,0
8050,2026-02-12,DAY-PRS-02,2.66,57.3,11.3,1
8051,2026-02-12,DAY-PRS-03,3.2,51.9,11.6,2
8052,2026-02-12,DAY-PRS-04,2.6,59.1,13.4,0
8053,2026-02-12,DAY-RBT-01,0.93,38.7,11.3,0
8054,2026-02-12,DAY-RBT-02,1.29,41.8,8.7,0
8055,2026-02-12,DAY-RBT-03,1.13,44.0,13.4,1
8056,2026-02-12,MTY-GRD-01,1.23,43.8,12.6,1
8057,2026-02-12,MTY-GRD-02,1.43,50.4,12.4,0
8058,2026-02-12,MTY-LTH-01,1.96,49.2,10.8,0
8059,2026-02-12,MTY-LTH-02,1.87,44.3,10.7,1
8060,2026-02-12,MTY-LTH-03,1.72,47.1,10.5,0
8061,2026-02-12,MTY-LTH-04,2.15,51.4,11.0,1
8062,2026-02-12,MTY-LTH-05,2.06,50.8,2.3,3
8063,2026-02-12,MTY-MIL-01,1.32,47.3,9.2,1
8064,2026-02-12,MTY-MIL-02,2.06,48.2,14.4,0
8065,2026-02-12,MTY-MIL-03,1.88,47.8,15.1,2
8066,2026-02-12,MTY-MIL-04,2.04,49.4,14.0,1
8067,2026-02-12,MTY-MIL-05,1.63,47.7,15.4,0
8068,2026-02-12,MTY-MIL-06,2.0,42.2,9.6,0
8069,2026-02-12,MTY-PRS-01,4.12,63.6,14.7,1
8070,2026-02-12,MTY-PRS-02,2.77,56.4,10.0,0
8071,2026-02-12,MTY-PRS-03,3.0,55.2,11.0,0
8072,2026-02-12,MTY-RBT-01,1.15,41.1,13.1,1
8073,2026-02-12,MTY-RBT-02,1.23,36.5,14.0,0
8074,2026-02-13,BRN-GRD-01,1.22,44.0,9.8,0
8075,2026-02-13,BRN-LTH-01,1.76,44.4,10.1,0
8076,2026-02-13,BRN-LTH-02,1.66,49.9,15.4,0
8077,2026-02-13,BRN-LTH-03,2.24,50.3,10.7,0
8078,2026-02-13,BRN-MIL-01,1.66,42.5,13.1,0
8079,2026-02-13,BRN-MIL-02,1.48,45.2,9.8,0
8080,2026-02-13,BRN-MIL-03,1.92,46.8,13.8,0
8081,2026-02-13,BRN-MIL-04,1.99,41.9,13.2,1
8082,2026-02-13,BRN-MIL-05,1.67,43.7,13.2,1
8083,2026-02-13,BRN-MIL-06,1.5,46.3,11.9,0
8084,2026-02-13,BRN-PRS-01,2.64,55.2,9.9,1
8085,2026-02-13,BRN-PRS-02,3.55,51.3,14.5,0
8086,2026-02-13,BRN-PRS-03,3.09,52.1,14.1,0
8087,2026-02-13,BRN-RBT-01,1.1,39.6,10.9,0
8088,2026-02-13,BRN-RBT-02,1.57,45.5,10.8,0
8089,2026-02-13,DAY-GRD-01,2.05,46.7,10.4,0
8090,2026-02-13,DAY-LTH-01,2.22,40.2,9.8,0
8091,2026-02-13,DAY-LTH-02,1.64,48.5,9.3,0
8092,2026-02-13,DAY-LTH-03,2.06,49.1,12.6,1
8093,2026-02-13,DAY-LTH-04,2.33,50.5,9.9,0
8094,2026-02-13,DAY-LTH-05,1.92,51.7,13.3,2
8095,2026-02-13,DAY-MIL-01,2.12,45.7,8.1,2
8096,2026-02-13,DAY-MIL-02,1.61,47.3,8.9,0
8097,2026-02-13,DAY-MIL-03,1.66,53.9,6.7,1
8098,2026-02-13,DAY-MIL-04,1.69,42.3,11.0,0
8099,2026-02-13,DAY-MIL-05,1.88,49.6,8.8,0
8100,2026-02-13,DAY-MIL-06,1.78,51.2,9.7,0
8101,2026-02-13,DAY-MIL-07,2.0,44.0,4.1,1
8102,2026-02-13,DAY-MIL-08,1.73,42.9,11.5,0
8103,2026-02-13,DAY-PRS-01,2.85,58.5,12.3,0
8104,2026-02-13,DAY-PRS-02,2.69,57.0,9.8,0
8105,2026-02-13,DAY-PRS-03,2.97,53.1,11.9,0
8106,2026-02-13,DAY-PRS-04,2.16,55.7,9.6,0
8107,2026-02-13,DAY-RBT-01,1.1,39.2,12.4,0
8108,2026-02-13,DAY-RBT-02,1.49,42.6,9.5,0
8109,2026-02-13,DAY-RBT-03,1.28,42.0,11.2,0
8110,2026-02-13,MTY-GRD-01,1.16,44.2,12.0,0
8111,2026-02-13,MTY-GRD-02,1.36,48.0,7.4,1
8112,2026-02-13,MTY-LTH-01,2.15,50.7,13.8,0
8113,2026-02-13,MTY-LTH-02,1.92,46.3,9.9,1
8114,2026-02-13,MTY-LTH-03,1.84,46.5,10.1,1
8115,2026-02-13,MTY-LTH-04,2.27,48.3,12.5,1
8116,2026-02-13,MTY-LTH-05,2.14,49.6,11.4,0
8117,2026-02-13,MTY-MIL-01,1.42,48.3,9.2,0
8118,2026-02-13,MTY-MIL-02,1.74,45.2,11.4,0
8119,2026-02-13,MTY-MIL-03,1.93,46.6,16.0,0
8120,2026-02-13,MTY-MIL-04,1.95,48.3,9.9,0
8121,2026-02-13,MTY-MIL-05,1.63,47.2,11.3,0
8122,2026-02-13,MTY-MIL-06,1.97,44.4,12.1,0
8123,2026-02-13,MTY-PRS-01,4.15,61.9,11.9,1
8124,2026-02-13,MTY-PRS-02,2.75,57.6,9.6,0
8125,2026-02-13,MTY-PRS-03,2.93,57.5,14.1,0
8126,2026-02-13,MTY-RBT-01,1.15,41.2,11.7,2
8127,2026-02-13,MTY-RBT-02,1.09,34.0,10.7,0
8128,2026-02-16,BRN-GRD-01,1.13,43.9,9.4,0
8129,2026-02-16,BRN-LTH-01,1.94,45.7,10.9,1
8130,2026-02-16,BRN-LTH-02,1.71,48.8,12.0,0
8131,2026-02-16,BRN-LTH-03,2.0,46.2,9.8,0
8132,2026-02-16,BRN-MIL-01,1.69,42.4,10.0,0
8133,2026-02-16,BRN-MIL-02,1.47,44.7,11.3,1
8134,2026-02-16,BRN-MIL-03,1.71,44.3,12.1,0
8135,2026-02-16,BRN-MIL-04,1.87,43.0,9.9,0
8136,2026-02-16,BRN-MIL-05,1.93,41.1,8.1,2
8137,2026-02-16,BRN-MIL-06,1.47,43.9,11.2,0
8138,2026-02-16,BRN-PRS-01,2.95,59.0,12.2,0
8139,2026-02-16,BRN-PRS-02,3.22,51.9,11.4,0
8140,2026-02-16,BRN-PRS-03,3.1,52.9,10.2,0
8141,2026-02-16,BRN-RBT-01,1.16,39.8,10.4,0
8142,2026-02-16,BRN-RBT-02,1.58,43.4,10.1,0
8143,2026-02-16,DAY-GRD-01,2.06,46.6,11.7,0
8144,2026-02-16,DAY-LTH-01,2.02,41.9,11.0,0
8145,2026-02-16,DAY-LTH-02,1.69,47.8,9.4,0
8146,2026-02-16,DAY-LTH-03,2.11,49.4,16.0,0
8147,2026-02-16,DAY-LTH-04,2.21,51.9,11.3,0
8148,2026-02-16,DAY-LTH-05,1.8,46.8,10.1,0
8149,2026-02-16,DAY-MIL-01,2.6,47.9,10.0,0
8150,2026-02-16,DAY-MIL-02,1.52,47.5,8.5,0
8151,2026-02-16,DAY-MIL-03,1.46,44.6,3.0,3
8152,2026-02-16,DAY-MIL-04,1.61,44.1,11.2,0
8153,2026-02-16,DAY-MIL-05,1.85,49.3,8.8,0
8154,2026-02-16,DAY-MIL-06,1.81,50.0,11.4,0
8155,2026-02-16,DAY-MIL-07,1.76,43.1,10.4,0
8156,2026-02-16,DAY-MIL-08,1.74,44.2,13.3,1
8157,2026-02-16,DAY-PRS-01,2.53,54.2,2.2,0
8158,2026-02-16,DAY-PRS-02,2.42,56.5,7.5,1
8159,2026-02-16,DAY-PRS-03,2.97,53.4,10.2,4
8160,2026-02-16,DAY-PRS-04,2.01,51.3,8.0,0
8161,2026-02-16,DAY-RBT-01,1.0,37.6,8.4,0
8162,2026-02-16,DAY-RBT-02,1.52,44.0,10.8,1
8163,2026-02-16,DAY-RBT-03,1.4,43.2,12.0,1
8164,2026-02-16,MTY-GRD-01,1.2,44.1,13.0,0
8165,2026-02-16,MTY-GRD-02,1.49,49.6,10.6,0
8166,2026-02-16,MTY-LTH-01,2.14,49.4,11.4,1
8167,2026-02-16,MTY-LTH-02,1.9,46.6,13.1,0
8168,2026-02-16,MTY-LTH-03,1.82,49.6,14.1,0
8169,2026-02-16,MTY-LTH-04,2.64,53.5,10.5,0
8170,2026-02-16,MTY-LTH-05,1.87,51.3,12.7,1
8171,2026-02-16,MTY-MIL-01,1.28,50.5,10.9,1
8172,2026-02-16,MTY-MIL-02,1.78,44.0,8.1,0
8173,2026-02-16,MTY-MIL-03,1.7,47.1,12.7,0
8174,2026-02-16,MTY-MIL-04,1.85,47.5,10.5,2
8175,2026-02-16,MTY-MIL-05,1.61,48.1,11.0,0
8176,2026-02-16,MTY-MIL-06,2.11,45.3,11.8,0
8177,2026-02-16,MTY-PRS-01,5.09,60.4,12.0,0
8178,2026-02-16,MTY-PRS-02,2.74,56.8,8.9,0
8179,2026-02-16,MTY-PRS-03,3.0,57.0,11.7,0
8180,2026-02-16,MTY-RBT-01,1.31,44.6,12.2,0
8181,2026-02-16,MTY-RBT-02,1.05,33.5,9.2,0
8182,2026-02-16,MTY-RBT-03,1.19,38.3,8.2,0
8183,2026-02-17,BRN-GRD-01,1.33,45.3,13.9,0
8184,2026-02-17,BRN-LTH-01,1.83,44.4,10.4,0
8185,2026-02-17,BRN-LTH-02,1.68,46.8,10.5,0
8186,2026-02-17,BRN-LTH-03,2.17,52.3,14.6,0
8187,2026-02-17,BRN-MIL-01,1.76,42.9,15.0,0
8188,2026-02-17,BRN-MIL-02,1.42,47.0,11.7,0
8189,2026-02-17,BRN-MIL-03,1.85,46.2,12.9,1
8190,2026-02-17,BRN-MIL-04,1.97,42.1,8.3,1
8191,2026-02-17,BRN-MIL-05,1.79,41.9,8.3,3
8192,2026-02-17,BRN-MIL-06,1.47,46.2,10.0,1
8193,2026-02-17,BRN-PRS-01,3.1,57.1,12.5,1
8194,2026-02-17,BRN-PRS-02,3.26,51.5,10.4,1
8195,2026-02-17,BRN-PRS-03,3.26,52.0,10.2,0
8196,2026-02-17,BRN-RBT-01,1.15,41.7,11.4,0
8197,2026-02-17,BRN-RBT-02,1.78,45.2,10.8,0
8198,2026-02-17,DAY-GRD-01,1.94,46.4,9.5,0
8199,2026-02-17,DAY-LTH-01,1.88,43.6,10.4,0
8200,2026-02-17,DAY-LTH-02,1.9,49.7,13.8,0
8201,2026-02-17,DAY-LTH-03,2.09,48.7,12.4,0
8202,2026-02-17,DAY-LTH-04,2.13,49.6,9.1,0
8203,2026-02-17,DAY-LTH-05,2.03,49.3,11.6,1
8204,2026-02-17,DAY-MIL-01,2.68,46.8,10.0,2
8205,2026-02-17,DAY-MIL-02,1.5,49.6,16.0,0
8206,2026-02-17,DAY-MIL-03,1.69,47.2,13.8,0
8207,2026-02-17,DAY-MIL-04,1.8,45.7,13.0,0
8208,2026-02-17,DAY-MIL-05,2.0,49.1,11.9,2
8209,2026-02-17,DAY-MIL-06,2.24,54.1,15.0,0
8210,2026-02-17,DAY-MIL-07,1.78,40.7,10.4,0
8211,2026-02-17,DAY-MIL-08,1.68,41.5,11.0,0
8212,2026-02-17,DAY-PRS-01,2.84,60.3,14.0,0
8213,2026-02-17,DAY-PRS-02,2.89,56.9,7.8,0
8214,2026-02-17,DAY-PRS-03,3.27,52.3,10.3,0
8215,2026-02-17,DAY-PRS-04,2.21,53.4,9.8,0
8216,2026-02-17,DAY-RBT-01,0.92,37.6,9.0,0
8217,2026-02-17,DAY-RBT-02,1.45,44.2,11.1,0
8218,2026-02-17,DAY-RBT-03,1.48,46.4,11.6,0
8219,2026-02-17,MTY-GRD-01,1.37,42.8,10.5,0
8220,2026-02-17,MTY-GRD-02,1.56,51.9,11.6,1
8221,2026-02-17,MTY-LTH-01,2.17,49.3,11.6,2
8222,2026-02-17,MTY-LTH-02,1.71,42.9,10.9,0
8223,2026-02-17,MTY-LTH-03,1.67,50.3,11.5,0
8224,2026-02-17,MTY-LTH-04,2.79,54.5,12.8,1
8225,2026-02-17,MTY-LTH-05,2.09,50.6,10.6,1
8226,2026-02-17,MTY-MIL-01,1.34,49.3,12.6,0
8227,2026-02-17,MTY-MIL-02,1.98,46.9,11.3,0
8228,2026-02-17,MTY-MIL-03,1.76,47.1,11.1,1
8229,2026-02-17,MTY-MIL-04,2.24,49.6,12.4,3
8230,2026-02-17,MTY-MIL-05,1.64,48.7,13.8,0
8231,2026-02-17,MTY-MIL-06,2.22,43.5,14.1,0
8232,2026-02-17,MTY-PRS-01,5.18,64.7,12.8,1
8233,2026-02-17,MTY-PRS-02,2.77,56.3,9.6,0
8234,2026-02-17,MTY-PRS-03,2.95,59.6,13.4,1
8235,2026-02-17,MTY-RBT-01,1.09,40.5,10.0,0
8236,2026-02-17,MTY-RBT-02,1.08,35.1,12.2,0
8237,2026-02-17,MTY-RBT-03,1.16,40.4,13.8,0
8238,2026-02-18,BRN-GRD-01,1.18,40.3,7.5,0
8239,2026-02-18,BRN-LTH-01,1.76,45.8,14.7,0
8240,2026-02-18,BRN-LTH-02,1.7,44.8,10.6,0
8241,2026-02-18,BRN-LTH-03,1.95,48.3,8.9,0
8242,2026-02-18,BRN-MIL-01,1.63,40.9,10.9,0
8243,2026-02-18,BRN-MIL-02,1.47,46.6,9.0,0
8244,2026-02-18,BRN-MIL-03,1.86,43.3,12.4,0
8245,2026-02-18,BRN-MIL-04,2.13,46.7,15.1,1
8246,2026-02-18,BRN-MIL-05,2.2,44.0,12.6,4
8247,2026-02-18,BRN-MIL-06,1.62,46.2,11.5,1
8248,2026-02-18,BRN-PRS-01,3.05,57.2,15.0,0
8249,2026-02-18,BRN-PRS-02,3.18,48.4,9.9,0
8250,2026-02-18,BRN-PRS-03,3.1,51.4,10.5,1
8251,2026-02-18,BRN-RBT-01,1.23,42.5,14.1,0
8252,2026-02-18,BRN-RBT-02,1.82,43.9,11.1,0
8253,2026-02-18,DAY-GRD-01,2.0,45.6,10.9,0
8254,2026-02-18,DAY-LTH-01,2.02,38.8,9.0,0
8255,2026-02-18,DAY-LTH-02,1.57,46.8,9.4,0
8256,2026-02-18,DAY-LTH-03,1.87,45.1,9.3,0
8257,2026-02-18,DAY-LTH-04,2.44,53.9,13.1,1
8258,2026-02-18,DAY-LTH-05,1.99,49.8,14.6,0
8259,2026-02-18,DAY-MIL-01,2.91,51.9,14.1,1
8260,2026-02-18,DAY-MIL-02,1.61,48.4,13.6,0
8261,2026-02-18,DAY-MIL-03,1.47,43.1,7.9,0
8262,2026-02-18,DAY-MIL-04,1.88,46.3,13.3,1
8263,2026-02-18,DAY-MIL-05,1.67,48.2,9.2,0
8264,2026-02-18,DAY-MIL-06,1.91,50.4,8.8,0
8265,2026-02-18,DAY-MIL-07,1.8,39.2,9.5,0
8266,2026-02-18,DAY-MIL-08,1.57,42.8,10.7,0
8267,2026-02-18,DAY-PRS-01,2.93,58.6,14.4,0
8268,2026-02-18,DAY-PRS-02,2.73,61.3,13.1,0
8269,2026-02-18,DAY-PRS-03,3.13,56.3,12.3,2
8270,2026-02-18,DAY-PRS-04,2.26,57.6,12.5,0
8271,2026-02-18,DAY-RBT-01,0.98,37.4,8.4,0
8272,2026-02-18,DAY-RBT-02,1.47,45.8,11.7,0
8273,2026-02-18,DAY-RBT-03,1.52,45.7,13.5,0
8274,2026-02-18,MTY-GRD-01,1.31,41.6,11.3,0
8275,2026-02-18,MTY-GRD-02,1.54,51.4,10.5,1
8276,2026-02-18,MTY-LTH-01,1.95,49.4,11.4,0
8277,2026-02-18,MTY-LTH-02,2.01,46.6,13.1,0
8278,2026-02-18,MTY-LTH-03,1.8,52.9,15.8,0
8279,2026-02-18,MTY-LTH-04,2.74,53.1,8.8,2
8280,2026-02-18,MTY-LTH-05,1.95,50.3,10.2,0
8281,2026-02-18,MTY-MIL-01,1.45,48.4,10.4,1
8282,2026-02-18,MTY-MIL-02,1.71,44.3,9.7,1
8283,2026-02-18,MTY-MIL-03,1.51,45.3,9.0,0
8284,2026-02-18,MTY-MIL-04,2.13,51.2,12.9,1
8285,2026-02-18,MTY-MIL-05,1.64,47.8,14.4,0
8286,2026-02-18,MTY-MIL-06,1.92,40.2,8.9,0
8287,2026-02-18,MTY-PRS-01,5.13,63.9,11.6,0
8288,2026-02-18,MTY-PRS-02,2.71,58.2,7.9,0
8289,2026-02-18,MTY-PRS-03,3.17,56.5,12.4,0
8290,2026-02-18,MTY-RBT-01,1.19,42.5,10.5,0
8291,2026-02-18,MTY-RBT-02,1.11,36.0,13.5,0
8292,2026-02-18,MTY-RBT-03,1.09,39.3,13.4,1
8293,2026-02-19,BRN-GRD-01,1.33,40.8,8.2,0
8294,2026-02-19,BRN-LTH-01,1.84,44.0,10.4,0
8295,2026-02-19,BRN-LTH-02,1.75,45.8,11.9,1
8296,2026-02-19,BRN-LTH-03,2.52,51.6,14.5,0
8297,2026-02-19,BRN-MIL-01,1.74,44.1,12.6,0
8298,2026-02-19,BRN-MIL-02,1.38,46.5,11.4,0
8299,2026-02-19,BRN-MIL-03,1.82,44.9,11.1,0
8300,2026-02-19,BRN-MIL-04,2.01,41.7,8.0,1
8301,2026-02-19,BRN-MIL-05,2.0,43.1,11.6,2
8302,2026-02-19,BRN-MIL-06,1.51,48.3,12.7,0
8303,2026-02-19,BRN-PRS-01,3.14,54.8,10.8,0
8304,2026-02-19,BRN-PRS-02,3.44,52.5,12.8,0
8305,2026-02-19,BRN-PRS-03,3.04,49.9,4.9,0
8306,2026-02-19,BRN-RBT-01,1.14,39.9,12.4,0
8307,2026-02-19,BRN-RBT-02,1.78,44.5,11.0,0
8308,2026-02-19,DAY-GRD-01,2.21,47.0,11.7,1
8309,2026-02-19,DAY-LTH-01,2.05,43.4,11.3,0
8310,2026-02-19,DAY-LTH-02,1.6,46.2,11.8,1
8311,2026-02-19,DAY-LTH-03,1.89,49.5,11.4,0
8312,2026-02-19,DAY-LTH-04,2.3,54.3,14.5,0
8313,2026-02-19,DAY-LTH-05,2.12,49.2,10.4,1
8314,2026-02-19,DAY-MIL-01,3.04,48.8,11.2,2
8315,2026-02-19,DAY-MIL-02,1.41,46.2,7.2,0
8316,2026-02-19,DAY-MIL-03,1.48,47.9,13.7,1
8317,2026-02-19,DAY-MIL-04,1.55,43.9,9.9,0
8318,2026-02-19,DAY-MIL-05,1.79,50.0,11.5,0
8319,2026-02-19,DAY-MIL-06,2.37,54.2,14.4,2
8320,2026-02-19,DAY-MIL-07,1.97,40.1,9.0,0
8321,2026-02-19,DAY-MIL-08,1.6,40.7,9.5,0
8322,2026-02-19,DAY-PRS-01,2.52,57.3,9.3,0
8323,2026-02-19,DAY-PRS-02,3.02,58.1,10.8,1
8324,2026-02-19,DAY-PRS-03,3.06,52.9,7.8,3
8325,2026-02-19,DAY-PRS-04,2.26,57.9,14.2,1
8326,2026-02-19,DAY-RBT-01,1.02,38.7,10.1,0
8327,2026-02-19,DAY-RBT-02,1.37,46.7,11.9,0
8328,2026-02-19,DAY-RBT-03,1.56,46.4,14.3,2
8329,2026-02-19,MTY-GRD-01,1.12,43.5,9.5,0
8330,2026-02-19,MTY-GRD-02,1.5,52.2,12.1,0
8331,2026-02-19,MTY-LTH-01,2.07,50.6,9.2,1
8332,2026-02-19,MTY-LTH-02,1.83,42.0,8.9,0
8333,2026-02-19,MTY-LTH-03,1.96,49.0,14.3,0
8334,2026-02-19,MTY-LTH-04,2.98,54.1,12.4,2
8335,2026-02-19,MTY-LTH-05,1.97,49.3,10.4,0
8336,2026-02-19,MTY-MIL-01,1.38,47.4,7.7,0
8337,2026-02-19,MTY-MIL-02,1.67,46.7,10.9,0
8338,2026-02-19,MTY-MIL-03,1.78,44.4,9.7,1
8339,2026-02-19,MTY-MIL-04,2.3,53.5,12.4,2
8340,2026-02-19,MTY-MIL-05,1.62,48.7,12.3,0
8341,2026-02-19,MTY-MIL-06,2.05,41.7,10.3,0
8342,2026-02-19,MTY-PRS-01,5.24,62.1,8.9,0
8343,2026-02-19,MTY-PRS-02,2.8,59.4,12.6,0
8344,2026-02-19,MTY-PRS-03,3.43,56.3,13.9,0
8345,2026-02-19,MTY-RBT-01,1.09,40.0,11.3,1
8346,2026-02-19,MTY-RBT-02,1.11,34.3,11.7,0
8347,2026-02-19,MTY-RBT-03,1.13,40.6,12.1,1
8348,2026-02-20,BRN-GRD-01,1.48,43.8,10.5,2
8349,2026-02-20,BRN-LTH-01,2.13,44.8,13.3,0
8350,2026-02-20,BRN-LTH-02,1.67,50.0,12.1,2
8351,2026-02-20,BRN-LTH-03,2.12,48.8,11.1,0
8352,2026-02-20,BRN-MIL-01,1.62,40.6,8.3,0
8353,2026-02-20,BRN-MIL-02,1.47,48.3,13.1,0
8354,2026-02-20,BRN-MIL-03,1.84,44.1,11.6,0
8355,2026-02-20,BRN-MIL-04,2.06,44.6,13.2,2
8356,2026-02-20,BRN-MIL-05,2.22,45.4,15.1,0
8357,2026-02-20,BRN-MIL-06,1.65,43.5,7.8,0
8358,2026-02-20,BRN-PRS-01,2.89,55.4,10.3,0
8359,2026-02-20,BRN-PRS-02,3.57,49.9,11.3,1
8360,2026-02-20,BRN-PRS-03,3.24,55.3,14.8,0
8361,2026-02-20,BRN-RBT-01,1.11,41.5,12.2,0
8362,2026-02-20,BRN-RBT-02,1.92,44.7,11.6,0
8363,2026-02-20,DAY-GRD-01,2.0,48.6,15.6,0
8364,2026-02-20,DAY-LTH-01,2.07,44.4,10.5,1
8365,2026-02-20,DAY-LTH-02,1.79,48.8,13.9,0
8366,2026-02-20,DAY-LTH-03,2.26,49.1,14.7,0
8367,2026-02-20,DAY-LTH-04,2.33,53.6,13.4,1
8368,2026-02-20,DAY-LTH-05,1.89,52.6,12.0,1
8369,2026-02-20,DAY-MIL-01,3.18,52.0,12.7,2
8370,2026-02-20,DAY-MIL-02,1.71,49.1,12.9,0
8371,2026-02-20,DAY-MIL-03,1.5,45.4,10.7,0
8372,2026-02-20,DAY-MIL-04,1.63,43.6,8.7,0
8373,2026-02-20,DAY-MIL-05,2.02,51.9,7.5,0
8374,2026-02-20,DAY-MIL-06,2.43,55.3,14.0,0
8375,2026-02-20,DAY-MIL-07,1.9,42.7,12.3,0
8376,2026-02-20,DAY-MIL-08,1.68,42.4,10.9,0
8377,2026-02-20,DAY-PRS-01,2.47,56.1,10.2,0
8378,2026-02-20,DAY-PRS-02,2.98,57.5,12.9,0
8379,2026-02-20,DAY-PRS-03,3.61,56.6,15.2,1
8380,2026-02-20,DAY-PRS-04,2.25,56.3,11.8,0
8381,2026-02-20,DAY-RBT-01,1.17,38.9,12.7,0
8382,2026-02-20,DAY-RBT-02,1.61,44.3,13.7,0
8383,2026-02-20,DAY-RBT-03,1.37,43.9,9.9,0
8384,2026-02-20,MTY-GRD-01,1.24,43.5,10.5,0
8385,2026-02-20,MTY-GRD-02,1.65,54.1,13.7,0
8386,2026-02-20,MTY-LTH-01,1.96,48.4,10.6,1
8387,2026-02-20,MTY-LTH-02,1.92,43.8,10.3,0
8388,2026-02-20,MTY-LTH-03,1.96,48.7,9.7,0
8389,2026-02-20,MTY-LTH-04,3.11,58.0,9.8,4
8390,2026-02-20,MTY-LTH-05,1.89,51.4,12.7,0
8391,2026-02-20,MTY-MIL-01,1.42,50.0,13.3,0
8392,2026-02-20,MTY-MIL-02,1.98,49.0,14.3,0
8393,2026-02-20,MTY-MIL-03,1.86,44.3,10.5,0
8394,2026-02-20,MTY-MIL-04,2.2,50.3,11.2,3
8395,2026-02-20,MTY-MIL-05,1.69,46.6,12.3,0
8396,2026-02-20,MTY-MIL-06,1.89,43.5,11.6,0
8397,2026-02-20,MTY-PRS-01,5.64,67.4,16.0,3
8398,2026-02-20,MTY-PRS-02,2.6,56.5,7.1,0
8399,2026-02-20,MTY-PRS-03,2.87,57.0,10.4,0
8400,2026-02-20,MTY-RBT-01,1.09,42.2,9.9,1
8401,2026-02-20,MTY-RBT-02,1.24,35.6,12.7,0
8402,2026-02-20,MTY-RBT-03,1.13,36.8,7.7,0
8403,2026-02-23,BRN-GRD-01,1.18,43.9,9.7,0
8404,2026-02-23,BRN-LTH-01,2.0,48.0,12.3,0
8405,2026-02-23,BRN-LTH-02,1.53,48.9,14.9,0
8406,2026-02-23,BRN-LTH-03,1.89,50.7,10.5,0
8407,2026-02-23,BRN-MIL-01,1.66,45.0,11.7,1
8408,2026-02-23,BRN-MIL-02,1.56,45.1,13.2,1
8409,2026-02-23,BRN-MIL-03,1.62,45.4,10.2,0
8410,2026-02-23,BRN-MIL-04,2.15,46.6,11.7,4
8411,2026-02-23,BRN-MIL-05,2.21,46.7,12.7,3
8412,2026-02-23,BRN-MIL-06,1.7,47.1,12.4,1
8413,2026-02-23,BRN-PRS-01,3.17,57.4,10.7,0
8414,2026-02-23,BRN-PRS-02,4.03,52.3,14.3,0
8415,2026-02-23,BRN-PRS-03,2.78,52.5,8.9,0
8416,2026-02-23,BRN-RBT-01,1.15,40.5,9.5,0
8417,2026-02-23,BRN-RBT-02,2.31,48.7,14.6,0
8418,2026-02-23,DAY-GRD-01,2.04,47.4,11.4,1
8419,2026-02-23,DAY-LTH-01,2.02,42.1,12.1,2
8420,2026-02-23,DAY-LTH-02,1.53,46.1,10.3,0
8421,2026-02-23,DAY-LTH-03,1.94,46.2,9.9,0
8422,2026-02-23,DAY-LTH-04,2.35,51.1,9.4,0
8423,2026-02-23,DAY-LTH-05,1.84,49.2,10.5,0
8424,2026-02-23,DAY-MIL-01,3.73,52.0,8.0,4
8425,2026-02-23,DAY-MIL-02,1.4,48.0,11.7,0
8426,2026-02-23,DAY-MIL-03,1.49,48.1,12.2,0
8427,2026-02-23,DAY-MIL-04,1.85,46.4,12.7,0
8428,2026-02-23,DAY-MIL-05,1.83,49.9,10.6,0
8429,2026-02-23,DAY-MIL-06,2.65,51.6,9.0,0
8430,2026-02-23,DAY-MIL-07,1.89,42.0,12.8,1
8431,2026-02-23,DAY-MIL-08,1.47,40.5,8.5,0
8432,2026-02-23,DAY-PRS-01,2.7,59.7,10.5,0
8433,2026-02-23,DAY-PRS-02,2.79,58.8,12.0,0
8434,2026-02-23,DAY-PRS-03,3.17,58.8,10.4,2
8435,2026-02-23,DAY-PRS-04,2.36,56.7,11.0,0
8436,2026-02-23,DAY-RBT-01,1.19,41.8,14.9,0
8437,2026-02-23,DAY-RBT-02,1.4,46.6,12.4,0
8438,2026-02-23,DAY-RBT-03,1.31,44.7,11.0,0
8439,2026-02-23,MTY-GRD-01,1.29,43.9,12.7,1
8440,2026-02-23,MTY-GRD-02,1.54,56.2,10.7,1
8441,2026-02-23,MTY-LTH-01,2.3,52.7,16.0,0
8442,2026-02-23,MTY-LTH-02,1.85,42.6,9.7,0
8443,2026-02-23,MTY-LTH-03,1.78,46.5,10.8,0
8444,2026-02-23,MTY-LTH-04,3.34,57.3,11.9,1
8445,2026-02-23,MTY-LTH-05,1.91,48.8,8.7,1
8446,2026-02-23,MTY-MIL-01,1.35,47.0,10.0,1
8447,2026-02-23,MTY-MIL-02,2.19,48.5,16.0,0
8448,2026-02-23,MTY-MIL-03,1.95,49.5,11.8,0
8449,2026-02-23,MTY-MIL-04,2.59,55.5,11.7,9
8450,2026-02-23,MTY-MIL-05,1.42,48.0,11.3,0
8451,2026-02-23,MTY-MIL-06,1.97,43.3,8.8,1
8452,2026-02-23,MTY-PRS-01,6.37,66.1,12.6,0
8453,2026-02-23,MTY-PRS-02,2.77,57.5,8.6,0
8454,2026-02-23,MTY-PRS-03,3.04,55.8,12.1,0
8455,2026-02-23,MTY-RBT-01,1.25,42.2,11.2,0
8456,2026-02-23,MTY-RBT-02,1.13,36.8,11.2,0
8457,2026-02-23,MTY-RBT-03,1.03,38.9,10.3,0
8458,2026-02-24,BRN-GRD-01,1.32,45.7,12.3,0
8459,2026-02-24,BRN-LTH-01,1.86,45.3,12.8,0
8460,2026-02-24,BRN-LTH-02,1.78,44.0,9.9,1
8461,2026-02-24,BRN-LTH-03,2.35,51.7,13.9,0
8462,2026-02-24,BRN-MIL-01,1.61,44.0,13.9,0
8463,2026-02-24,BRN-MIL-02,1.75,48.7,14.6,0
8464,2026-02-24,BRN-MIL-03,1.81,45.1,11.8,0
8465,2026-02-24,BRN-MIL-04,1.96,43.8,8.7,1
8466,2026-02-24,BRN-MIL-05,2.23,43.2,11.6,4
8467,2026-02-24,BRN-MIL-06,1.67,46.4,11.3,1
8468,2026-02-24,BRN-PRS-01,3.12,57.9,12.6,1
8469,2026-02-24,BRN-PRS-02,3.48,52.8,15.0,0
8470,2026-02-24,BRN-PRS-03,3.05,55.7,14.4,0
8471,2026-02-24,BRN-RBT-01,1.22,38.8,7.3,0
8472,2026-02-24,BRN-RBT-02,2.13,47.2,11.4,0
8473,2026-02-24,DAY-GRD-01,2.08,46.6,12.4,0
8474,2026-02-24,DAY-LTH-01,1.97,40.3,10.9,0
8475,2026-02-24,DAY-LTH-02,1.57,49.8,12.7,1
8476,2026-02-24,DAY-LTH-03,2.27,49.1,12.3,0
8477,2026-02-24,DAY-LTH-04,2.31,53.2,13.6,0
8478,2026-02-24,DAY-LTH-05,1.78,51.0,10.2,0
8479,2026-02-24,DAY-MIL-01,1.71,45.4,1.6,4
8480,2026-02-24,DAY-MIL-02,1.43,47.2,9.4,0
8481,2026-02-24,DAY-MIL-03,1.35,47.3,12.9,0
8482,2026-02-24,DAY-MIL-04,2.01,46.1,12.9,1
8483,2026-02-24,DAY-MIL-05,1.6,49.7,12.3,0
8484,2026-02-24,DAY-MIL-06,3.12,55.0,11.8,2
8485,2026-02-24,DAY-MIL-07,1.78,43.9,13.8,0
8486,2026-02-24,DAY-MIL-08,1.74,43.3,10.3,0
8487,2026-02-24,DAY-PRS-01,2.62,56.7,10.5,1
8488,2026-02-24,DAY-PRS-02,2.85,61.2,14.3,0
8489,2026-02-24,DAY-PRS-03,3.35,57.5,9.1,3
8490,2026-02-24,DAY-PRS-04,2.11,56.1,11.9,0
8491,2026-02-24,DAY-RBT-01,1.01,38.1,11.5,0
8492,2026-02-24,DAY-RBT-02,1.47,46.2,10.6,0
8493,2026-02-24,DAY-RBT-03,1.13,40.6,7.3,0
8494,2026-02-24,MTY-GRD-01,1.24,43.9,12.1,1
8495,2026-02-24,MTY-GRD-02,1.33,46.8,2.5,4
8496,2026-02-24,MTY-LTH-01,2.18,50.8,9.8,0
8497,2026-02-24,MTY-LTH-02,1.85,44.9,11.1,0
8498,2026-02-24,MTY-LTH-03,1.75,48.2,11.4,1
8499,2026-02-24,MTY-LTH-04,3.55,60.4,13.0,4
8500,2026-02-24,MTY-LTH-05,2.05,52.1,13.8,0
8501,2026-02-24,MTY-MIL-01,1.39,49.4,11.5,0
8502,2026-02-24,MTY-MIL-02,1.82,47.0,12.7,0
8503,2026-02-24,MTY-MIL-03,1.74,43.3,10.7,0
8504,2026-02-24,MTY-MIL-04,2.44,51.3,10.5,4
8505,2026-02-24,MTY-MIL-05,1.52,45.8,11.1,0
8506,2026-02-24,MTY-MIL-06,1.85,45.1,10.1,0
8507,2026-02-24,MTY-PRS-01,5.96,66.1,9.4,3
8508,2026-02-24,MTY-PRS-02,2.51,56.5,8.2,0
8509,2026-02-24,MTY-PRS-03,2.71,55.4,9.8,0
8510,2026-02-24,MTY-RBT-01,1.23,42.0,12.2,0
8511,2026-02-24,MTY-RBT-02,1.15,34.1,13.3,0
8512,2026-02-24,MTY-RBT-03,1.2,39.1,10.6,0
8513,2026-02-25,BRN-GRD-01,1.31,42.6,11.1,0
8514,2026-02-25,BRN-LTH-01,1.88,43.0,7.9,0
8515,2026-02-25,BRN-LTH-02,1.68,50.2,13.5,1
8516,2026-02-25,BRN-LTH-03,2.25,51.4,11.5,1
8517,2026-02-25,BRN-MIL-01,1.86,43.7,12.4,0
8518,2026-02-25,BRN-MIL-02,1.55,44.9,11.0,1
8519,2026-02-25,BRN-MIL-03,1.74,45.6,11.1,0
8520,2026-02-25,BRN-MIL-04,2.2,45.1,11.7,1
8521,2026-02-25,BRN-MIL-05,2.15,46.5,12.8,3
8522,2026-02-25,BRN-MIL-06,1.52,48.7,10.7,2
8523,2026-02-25,BRN-PRS-01,2.66,56.7,10.7,0
8524,2026-02-25,BRN-PRS-02,3.25,49.7,8.4,0
8525,2026-02-25,BRN-PRS-03,2.63,50.2,10.0,0
8526,2026-02-25,BRN-RBT-01,1.26,40.7,11.6,0
8527,2026-02-25,BRN-RBT-02,2.16,47.5,10.1,1
8528,2026-02-25,DAY-GRD-01,2.14,45.9,12.5,1
8529,2026-02-25,DAY-LTH-01,1.98,43.8,12.6,0
8530,2026-02-25,DAY-LTH-02,1.62,47.8,12.8,0
8531,2026-02-25,DAY-LTH-03,1.92,47.3,8.8,0
8532,2026-02-25,DAY-LTH-04,1.96,53.1,8.9,1
8533,2026-02-25,DAY-LTH-05,1.85,49.7,13.2,1
8534,2026-02-25,DAY-MIL-02,1.4,47.4,10.2,0
8535,2026-02-25,DAY-MIL-03,1.57,44.1,9.5,0
8536,2026-02-25,DAY-MIL-04,1.82,46.2,13.0,0
8537,2026-02-25,DAY-MIL-05,1.53,48.9,9.0,0
8538,2026-02-25,DAY-MIL-06,3.22,55.0,11.0,2
8539,2026-02-25,DAY-MIL-07,1.76,44.0,12.8,0
8540,2026-02-25,DAY-MIL-08,1.86,44.3,13.8,0
8541,2026-02-25,DAY-PRS-01,2.96,58.4,11.1,1
8542,2026-02-25,DAY-PRS-02,2.77,61.0,13.5,1
8543,2026-02-25,DAY-PRS-03,3.5,57.4,11.1,3
8544,2026-02-25,DAY-PRS-04,2.3,58.0,13.3,0
8545,2026-02-25,DAY-RBT-01,1.03,38.5,10.8,0
8546,2026-02-25,DAY-RBT-02,1.48,47.2,13.7,1
8547,2026-02-25,DAY-RBT-03,1.17,45.2,12.7,0
8548,2026-02-25,MTY-GRD-01,1.42,44.3,11.4,0
8549,2026-02-25,MTY-GRD-02,1.15,45.9,13.0,0
8550,2026-02-25,MTY-LTH-01,2.23,50.6,13.9,0
8551,2026-02-25,MTY-LTH-02,1.89,46.3,10.6,0
8552,2026-02-25,MTY-LTH-03,1.84,49.9,14.4,0
8553,2026-02-25,MTY-LTH-04,3.25,59.5,12.1,4
8554,2026-02-25,MTY-LTH-05,1.86,51.0,11.1,0
8555,2026-02-25,MTY-MIL-01,1.53,47.9,10.4,0
8556,2026-02-25,MTY-MIL-02,1.61,49.4,10.9,1
8557,2026-02-25,MTY-MIL-03,1.63,45.4,9.3,0
8558,2026-02-25,MTY-MIL-04,1.59,45.1,5.6,3
8559,2026-02-25,MTY-MIL-05,1.56,46.6,9.1,0
8560,2026-02-25,MTY-MIL-06,2.19,44.3,13.2,1
8561,2026-02-25,MTY-PRS-01,6.32,67.0,10.0,0
8562,2026-02-25,MTY-PRS-02,2.94,56.1,11.7,0
8563,2026-02-25,MTY-PRS-03,3.02,59.3,12.8,0
8564,2026-02-25,MTY-RBT-01,1.24,43.0,12.7,1
8565,2026-02-25,MTY-RBT-02,1.07,34.5,8.9,0
8566,2026-02-25,MTY-RBT-03,1.15,42.7,13.9,1
8567,2026-02-26,BRN-GRD-01,1.41,42.0,12.1,0
8568,2026-02-26,BRN-LTH-01,2.0,45.9,11.6,0
8569,2026-02-26,BRN-LTH-02,1.8,49.1,14.2,0
8570,2026-02-26,BRN-LTH-03,2.22,50.5,10.9,0
8571,2026-02-26,BRN-MIL-01,1.63,42.8,10.7,0
8572,2026-02-26,BRN-MIL-02,1.36,46.8,6.1,0
8573,2026-02-26,BRN-MIL-03,1.68,44.8,12.2,0
8574,2026-02-26,BRN-MIL-04,2.37,46.6,10.3,2
8575,2026-02-26,BRN-MIL-05,1.58,41.8,2.2,4
8576,2026-02-26,BRN-MIL-06,1.59,43.6,7.2,0
8577,2026-02-26,BRN-PRS-01,2.97,55.8,8.3,1
8578,2026-02-26,BRN-PRS-02,3.71,51.6,12.3,0
8579,2026-02-26,BRN-PRS-03,3.25,53.5,12.7,0
8580,2026-02-26,BRN-RBT-01,1.2,41.1,13.5,0
8581,2026-02-26,BRN-RBT-02,2.42,47.3,9.6,0
8582,2026-02-26,DAY-GRD-01,2.16,46.6,11.8,0
8583,2026-02-26,DAY-LTH-01,2.07,43.8,12.2,0
8584,2026-02-26,DAY-LTH-02,1.57,49.8,11.6,0
8585,2026-02-26,DAY-LTH-03,2.05,47.1,9.6,0
8586,2026-02-26,DAY-LTH-04,2.21,52.2,11.0,0
8587,2026-02-26,DAY-LTH-05,1.96,51.0,16.0,0
8588,2026-02-26,DAY-MIL-02,1.58,47.6,11.1,0
8589,2026-02-26,DAY-MIL-03,1.49,45.6,11.0,0
8590,2026-02-26,DAY-MIL-04,1.94,45.2,14.6,1
8591,2026-02-26,DAY-MIL-05,1.6,47.9,11.7,1
8592,2026-02-26,DAY-MIL-06,3.35,56.8,15.7,2
8593,2026-02-26,DAY-MIL-07,1.74,41.5,9.2,0
8594,2026-02-26,DAY-MIL-08,1.7,43.1,10.5,0
8595,2026-02-26,DAY-PRS-01,2.53,58.9,11.8,0
8596,2026-02-26,DAY-PRS-02,2.92,59.0,11.8,0
8597,2026-02-26,DAY-PRS-03,3.54,59.6,10.5,0
8598,2026-02-26,DAY-PRS-04,2.45,54.4,9.8,0
8599,2026-02-26,DAY-RBT-01,1.04,38.7,12.2,0
8600,2026-02-26,DAY-RBT-02,1.38,47.5,12.0,0
8601,2026-02-26,DAY-RBT-03,1.11,45.0,13.2,1
8602,2026-02-26,MTY-GRD-01,1.13,43.1,9.9,0
8603,2026-02-26,MTY-GRD-02,1.27,46.4,12.6,0
8604,2026-02-26,MTY-LTH-01,2.03,51.4,16.0,0
8605,2026-02-26,MTY-LTH-02,1.98,45.1,12.3,0
8606,2026-02-26,MTY-LTH-03,1.76,47.8,10.3,1
8607,2026-02-26,MTY-LTH-04,3.21,56.1,8.2,4
8608,2026-02-26,MTY-LTH-05,1.98,49.2,9.4,0
8609,2026-02-26,MTY-MIL-01,1.4,49.9,11.2,0
8610,2026-02-26,MTY-MIL-02,1.82,47.4,10.7,0
8611,2026-02-26,MTY-MIL-03,1.8,49.0,12.9,0
8612,2026-02-26,MTY-MIL-04,1.89,47.3,13.1,1
8613,2026-02-26,MTY-MIL-05,1.62,47.6,9.4,0
8614,2026-02-26,MTY-MIL-06,1.93,43.4,10.9,0
8615,2026-02-26,MTY-PRS-01,6.72,68.3,12.4,0
8616,2026-02-26,MTY-PRS-02,2.95,60.0,15.0,0
8617,2026-02-26,MTY-PRS-03,2.81,54.4,10.3,0
8618,2026-02-26,MTY-RBT-01,1.18,43.0,12.4,1
8619,2026-02-26,MTY-RBT-02,1.33,35.8,14.2,0
8620,2026-02-26,MTY-RBT-03,1.12,43.1,14.2,0
8621,2026-02-27,BRN-GRD-01,1.33,45.5,11.2,1
8622,2026-02-27,BRN-LTH-01,1.68,45.1,12.5,1
8623,2026-02-27,BRN-LTH-02,1.52,45.3,10.6,0
8624,2026-02-27,BRN-LTH-03,2.15,51.4,11.0,1
8625,2026-02-27,BRN-MIL-01,1.59,42.0,9.9,0
8626,2026-02-27,BRN-MIL-02,1.45,47.0,16.0,0
8627,2026-02-27,BRN-MIL-03,1.76,44.8,12.8,0
8628,2026-02-27,BRN-MIL-04,2.41,46.1,11.6,6
8629,2026-02-27,BRN-MIL-05,1.55,41.1,11.7,1
8630,2026-02-27,BRN-MIL-06,1.81,47.8,11.2,0
8631,2026-02-27,BRN-PRS-01,2.54,56.5,9.6,0
8632,2026-02-27,BRN-PRS-02,3.47,52.6,12.2,0
8633,2026-02-27,BRN-PRS-03,2.72,52.4,12.6,0
8634,2026-02-27,BRN-RBT-01,1.12,41.1,11.0,0
8635,2026-02-27,BRN-RBT-02,2.44,46.2,10.6,0
8636,2026-02-27,DAY-GRD-01,1.86,46.6,8.1,0
8637,2026-02-27,DAY-LTH-01,2.29,43.8,11.2,0
8638,2026-02-27,DAY-LTH-02,1.55,47.1,9.6,0
8639,2026-02-27,DAY-LTH-03,2.11,48.1,9.8,0
8640,2026-02-27,DAY-LTH-04,2.64,53.3,14.1,0
8641,2026-02-27,DAY-LTH-05,2.01,51.0,15.2,0
8642,2026-02-27,DAY-MIL-02,1.6,49.3,13.3,1
8643,2026-02-27,DAY-MIL-03,1.48,47.7,12.3,0
8644,2026-02-27,DAY-MIL-04,1.53,43.8,5.6,0
8645,2026-02-27,DAY-MIL-05,1.69,47.9,10.7,0
8646,2026-02-27,DAY-MIL-06,3.6,57.2,11.2,2
8647,2026-02-27,DAY-MIL-07,1.82,43.2,12.7,0
8648,2026-02-27,DAY-MIL-08,1.75,43.8,10.2,0
8649,2026-02-27,DAY-PRS-01,2.68,59.8,11.9,0
8650,2026-02-27,DAY-PRS-02,3.27,58.9,12.7,0
8651,2026-02-27,DAY-PRS-03,3.62,60.9,10.6,2
8652,2026-02-27,DAY-PRS-04,2.55,56.4,13.7,1
8653,2026-02-27,DAY-RBT-01,1.01,38.8,10.2,0
8654,2026-02-27,DAY-RBT-02,1.39,43.9,8.1,0
8655,2026-02-27,DAY-RBT-03,1.12,44.7,11.9,0
8656,2026-02-27,MTY-GRD-01,1.22,40.7,6.5,0
8657,2026-02-27,MTY-GRD-02,1.4,47.1,13.3,0
8658,2026-02-27,MTY-LTH-01,2.17,49.9,10.3,0
8659,2026-02-27,MTY-LTH-02,1.94,43.6,10.6,0
8660,2026-02-27,MTY-LTH-03,1.91,49.5,11.2,0
8661,2026-02-27,MTY-LTH-04,3.38,61.4,12.0,3
8662,2026-02-27,MTY-LTH-05,1.88,49.6,10.5,0
8663,2026-02-27,MTY-MIL-01,1.47,50.8,12.4,0
8664,2026-02-27,MTY-MIL-02,1.91,48.0,10.3,0
8665,2026-02-27,MTY-MIL-03,1.77,46.4,10.6,0
8666,2026-02-27,MTY-MIL-04,1.6,45.3,11.2,0
8667,2026-02-27,MTY-MIL-05,1.57,48.2,11.5,0
8668,2026-02-27,MTY-MIL-06,2.13,44.4,12.1,0
8669,2026-02-27,MTY-PRS-01,7.01,66.4,12.6,1
8670,2026-02-27,MTY-PRS-02,2.94,60.6,12.5,0
8671,2026-02-27,MTY-PRS-03,3.05,55.5,10.9,0
8672,2026-02-27,MTY-RBT-01,1.18,41.6,12.3,0
8673,2026-02-27,MTY-RBT-02,1.13,36.7,11.1,0
8674,2026-02-27,MTY-RBT-03,1.13,40.0,8.5,0
8675,2026-03-02,BRN-GRD-01,1.52,48.7,16.0,0
8676,2026-03-02,BRN-LTH-01,1.88,44.4,9.5,0
8677,2026-03-02,BRN-LTH-02,1.61,46.0,8.9,0
8678,2026-03-02,BRN-LTH-03,2.24,52.4,12.4,0
8679,2026-03-02,BRN-MIL-01,1.62,46.8,13.2,0
8680,2026-03-02,BRN-MIL-02,1.33,42.0,10.1,0
8681,2026-03-02,BRN-MIL-03,1.73,44.8,10.1,0
8682,2026-03-02,BRN-MIL-04,2.64,49.8,13.7,7
8683,2026-03-02,BRN-MIL-05,1.66,41.2,12.8,1
8684,2026-03-02,BRN-MIL-06,1.86,51.2,15.1,1
8685,2026-03-02,BRN-PRS-01,2.56,57.8,8.5,0
8686,2026-03-02,BRN-PRS-02,3.28,49.1,8.8,0
8687,2026-03-02,BRN-PRS-03,3.06,50.5,11.4,0
8688,2026-03-02,BRN-RBT-01,1.24,39.7,11.9,0
8689,2026-03-02,BRN-RBT-02,2.7,46.7,9.6,1
8690,2026-03-02,DAY-GRD-01,2.22,45.3,10.5,0
8691,2026-03-02,DAY-LTH-01,2.17,41.5,10.9,0
8692,2026-03-02,DAY-LTH-02,1.51,47.3,12.8,0
8693,2026-03-02,DAY-LTH-03,2.11,49.4,11.7,0
8694,2026-03-02,DAY-LTH-04,2.42,55.4,13.9,1
8695,2026-03-02,DAY-LTH-05,1.95,51.6,13.7,1
8696,2026-03-02,DAY-MIL-01,1.53,44.1,11.3,1
8697,2026-03-02,DAY-MIL-02,1.55,45.4,10.2,0
8698,2026-03-02,DAY-MIL-03,1.61,47.4,13.3,0
8699,2026-03-02,DAY-MIL-04,1.66,45.8,12.8,1
8700,2026-03-02,DAY-MIL-05,1.79,49.6,12.9,0
8701,2026-03-02,DAY-MIL-06,4.09,58.6,12.8,1
8702,2026-03-02,DAY-MIL-07,1.76,42.9,12.0,0
8703,2026-03-02,DAY-MIL-08,1.8,43.9,12.2,0
8704,2026-03-02,DAY-PRS-01,2.63,58.0,10.8,0
8705,2026-03-02,DAY-PRS-02,3.01,58.2,11.0,1
8706,2026-03-02,DAY-PRS-03,3.9,63.9,11.2,5
8707,2026-03-02,DAY-PRS-04,2.53,57.2,11.8,0
8708,2026-03-02,DAY-RBT-01,1.01,39.4,10.0,1
8709,2026-03-02,DAY-RBT-02,1.49,46.3,12.7,0
8710,2026-03-02,DAY-RBT-03,1.06,43.7,12.9,0
8711,2026-03-02,MTY-GRD-01,1.35,45.2,12.0,0
8712,2026-03-02,MTY-GRD-02,1.16,43.7,1.9,2
8713,2026-03-02,MTY-LTH-01,1.98,50.1,10.5,0
8714,2026-03-02,MTY-LTH-02,2.08,44.2,10.8,0
8715,2026-03-02,MTY-LTH-03,1.83,48.9,12.4,0
8716,2026-03-02,MTY-LTH-04,2.3,50.2,6.9,3
8717,2026-03-02,MTY-LTH-05,2.01,47.9,10.1,1
8718,2026-03-02,MTY-MIL-01,1.51,48.6,10.1,0
8719,2026-03-02,MTY-MIL-02,1.89,47.6,12.2,0
8720,2026-03-02,MTY-MIL-03,1.67,46.2,9.8,0
8721,2026-03-02,MTY-MIL-04,1.75,45.8,5.3,0
8722,2026-03-02,MTY-MIL-05,1.55,47.8,11.6,1
8723,2026-03-02,MTY-MIL-06,1.94,42.0,10.4,0
8724,2026-03-02,MTY-PRS-01,7.76,65.7,9.9,1
8725,2026-03-02,MTY-PRS-02,3.03,61.9,13.0,1
8726,2026-03-02,MTY-PRS-03,2.81,56.5,9.5,0
8727,2026-03-02,MTY-RBT-01,1.2,42.6,10.7,0
8728,2026-03-02,MTY-RBT-02,1.08,31.1,6.3,0
8729,2026-03-02,MTY-RBT-03,1.1,40.7,9.6,1
8730,2026-03-03,BRN-GRD-01,1.72,46.3,14.9,0
8731,2026-03-03,BRN-LTH-01,1.77,46.4,12.2,0
8732,2026-03-03,BRN-LTH-02,1.83,45.7,12.4,0
8733,2026-03-03,BRN-LTH-03,2.4,52.9,15.1,0
8734,2026-03-03,BRN-MIL-01,1.68,45.1,13.6,0
8735,2026-03-03,BRN-MIL-02,1.37,45.1,14.2,0
8736,2026-03-03,BRN-MIL-03,1.94,43.2,10.6,0
8737,2026-03-03,BRN-MIL-04,1.85,40.6,4.0,3
8738,2026-03-03,BRN-MIL-05,1.88,42.2,11.0,0
8739,2026-03-03,BRN-MIL-06,1.74,50.0,10.9,0
8740,2026-03-03,BRN-PRS-01,2.85,56.4,9.9,0
8741,2026-03-03,BRN-PRS-02,3.47,51.5,13.0,1
8742,2026-03-03,BRN-PRS-03,3.25,54.8,14.0,0
8743,2026-03-03,BRN-RBT-01,1.07,38.4,6.9,0
8744,2026-03-03,BRN-RBT-02,2.88,49.6,9.8,1
8745,2026-03-03,DAY-GRD-01,2.15,47.2,10.5,1
8746,2026-03-03,DAY-LTH-01,1.98,40.8,12.6,1
8747,2026-03-03,DAY-LTH-02,1.62,46.9,9.4,0
8748,2026-03-03,DAY-LTH-03,1.99,50.3,9.6,0
8749,2026-03-03,DAY-LTH-04,2.26,54.6,12.0,1
8750,2026-03-03,DAY-LTH-05,2.17,52.9,16.0,0
8751,2026-03-03,DAY-MIL-01,1.38,44.2,10.9,0
8752,2026-03-03,DAY-MIL-02,1.81,49.6,12.6,0
8753,2026-03-03,DAY-MIL-03,1.58,49.1,12.9,0
8754,2026-03-03,DAY-MIL-04,1.57,42.6,9.5,2
8755,2026-03-03,DAY-MIL-05,1.54,49.0,10.5,0
8756,2026-03-03,DAY-MIL-06,4.42,56.2,9.5,2
8757,2026-03-03,DAY-MIL-07,1.88,39.7,8.8,0
8758,2026-03-03,DAY-MIL-08,1.76,43.1,11.3,0
8759,2026-03-03,DAY-PRS-01,2.61,59.2,10.7,0
8760,2026-03-03,DAY-PRS-02,2.91,60.2,13.8,0
8761,2026-03-03,DAY-PRS-03,3.61,63.1,12.4,6
8762,2026-03-03,DAY-PRS-04,2.31,54.7,12.5,0
8763,2026-03-03,DAY-RBT-01,1.02,36.9,10.3,0
8764,2026-03-03,DAY-RBT-02,1.36,46.7,13.9,0
8765,2026-03-03,DAY-RBT-03,0.96,44.6,13.0,0
8766,2026-03-03,MTY-GRD-01,1.17,40.7,8.0,0
8767,2026-03-03,MTY-GRD-02,1.14,45.2,8.8,0
8768,2026-03-03,MTY-LTH-01,1.83,49.3,7.2,0
8769,2026-03-03,MTY-LTH-02,1.93,44.3,9.7,1
8770,2026-03-03,MTY-LTH-03,1.86,47.3,11.6,0
8771,2026-03-03,MTY-LTH-04,2.12,47.9,8.2,1
8772,2026-03-03,MTY-LTH-05,1.94,52.5,12.2,0
8773,2026-03-03,MTY-MIL-01,1.48,48.3,8.5,0
8774,2026-03-03,MTY-MIL-02,2.07,47.5,12.3,0
8775,2026-03-03,MTY-MIL-03,1.9,46.3,12.2,0
8776,2026-03-03,MTY-MIL-04,1.76,49.3,15.3,0
8777,2026-03-03,MTY-MIL-05,1.64,49.8,13.2,0
8778,2026-03-03,MTY-MIL-06,2.14,45.2,11.0,0
8779,2026-03-03,MTY-PRS-01,8.1,69.4,9.5,3
8780,2026-03-03,MTY-PRS-02,2.81,61.3,11.7,1
8781,2026-03-03,MTY-PRS-03,2.91,58.9,10.2,0
8782,2026-03-03,MTY-RBT-01,1.26,43.3,13.2,1
8783,2026-03-03,MTY-RBT-02,1.19,33.8,11.2,0
8784,2026-03-03,MTY-RBT-03,1.11,41.1,10.4,0
8785,2026-03-04,BRN-GRD-01,1.48,44.7,9.8,0
8786,2026-03-04,BRN-LTH-01,1.99,46.3,10.8,0
8787,2026-03-04,BRN-LTH-02,1.66,47.2,11.5,0
8788,2026-03-04,BRN-LTH-03,2.1,50.3,11.3,0
8789,2026-03-04,BRN-MIL-01,1.64,43.9,10.6,0
8790,2026-03-04,BRN-MIL-02,1.37,42.8,11.3,0
8791,2026-03-04,BRN-MIL-03,1.88,46.8,13.5,0
8792,2026-03-04,BRN-MIL-04,1.79,43.8,14.7,0
8793,2026-03-04,BRN-MIL-05,1.82,45.9,14.6,0
8794,2026-03-04,BRN-MIL-06,1.7,49.0,10.4,1
8795,2026-03-04,BRN-PRS-01,2.95,56.1,11.6,0
8796,2026-03-04,BRN-PRS-02,3.4,54.3,12.7,0
8797,2026-03-04,BRN-PRS-03,2.78,52.7,10.8,0
8798,2026-03-04,BRN-RBT-01,1.24,40.5,11.2,1
8799,2026-03-04,BRN-RBT-02,2.91,51.1,13.1,1
8800,2026-03-04,DAY-GRD-01,2.11,46.3,9.5,1
8801,2026-03-04,DAY-LTH-01,2.25,40.3,10.6,0
8802,2026-03-04,DAY-LTH-02,1.58,48.7,10.6,0
8803,2026-03-04,DAY-LTH-03,2.2,53.2,11.8,0
8804,2026-03-04,DAY-LTH-04,2.41,58.1,13.9,2
8805,2026-03-04,DAY-LTH-05,1.95,53.2,14.9,0
8806,2026-03-04,DAY-MIL-01,1.27,44.9,11.8,0
8807,2026-03-04,DAY-MIL-02,1.73,51.5,14.5,0
8808,2026-03-04,DAY-MIL-03,1.53,49.4,14.6,0
8809,2026-03-04,DAY-MIL-04,1.56,44.4,10.5,0
8810,2026-03-04,DAY-MIL-05,1.79,47.7,8.6,0
8811,2026-03-04,DAY-MIL-06,4.58,58.3,11.5,7
8812,2026-03-04,DAY-MIL-07,1.89,42.1,11.0,1
8813,2026-03-04,DAY-MIL-08,1.63,42.5,12.3,0
8814,2026-03-04,DAY-PRS-01,2.95,58.0,12.6,0
8815,2026-03-04,DAY-PRS-02,3.21,57.6,12.4,0
8816,2026-03-04,DAY-PRS-03,2.86,49.5,2.5,3
8817,2026-03-04,DAY-PRS-04,2.38,54.7,13.6,1
8818,2026-03-04,DAY-RBT-01,1.2,40.1,12.2,0
8819,2026-03-04,DAY-RBT-02,1.58,47.1,11.9,0
8820,2026-03-04,DAY-RBT-03,1.01,43.5,10.3,0
8821,2026-03-04,MTY-GRD-01,1.32,43.6,9.0,0
8822,2026-03-04,MTY-GRD-02,1.11,44.4,9.1,0
8823,2026-03-04,MTY-LTH-01,1.85,51.3,10.6,0
8824,2026-03-04,MTY-LTH-02,2.04,43.1,10.9,0
8825,2026-03-04,MTY-LTH-03,1.81,49.2,13.1,0
8826,2026-03-04,MTY-LTH-04,2.15,48.7,12.3,0
8827,2026-03-04,MTY-LTH-05,2.09,51.8,12.7,0
8828,2026-03-04,MTY-MIL-01,1.5,49.5,11.5,0
8829,2026-03-04,MTY-MIL-02,2.29,46.5,10.2,1
8830,2026-03-04,MTY-MIL-03,1.74,46.7,10.1,0
8831,2026-03-04,MTY-MIL-04,1.81,47.5,12.5,0
8832,2026-03-04,MTY-MIL-05,1.57,46.4,9.9,0
8833,2026-03-04,MTY-MIL-06,2.25,47.3,14.0,0
8834,2026-03-04,MTY-PRS-01,8.26,69.8,12.9,3
8835,2026-03-04,MTY-PRS-02,2.88,63.7,14.6,0
8836,2026-03-04,MTY-PRS-03,3.52,57.8,12.9,0
8837,2026-03-04,MTY-RBT-01,1.28,43.5,16.0,1
8838,2026-03-04,MTY-RBT-02,1.22,33.8,13.6,1
8839,2026-03-04,MTY-RBT-03,1.17,41.3,12.1,0
8840,2026-03-05,BRN-GRD-01,1.81,44.3,12.5,0
8841,2026-03-05,BRN-LTH-01,1.75,44.2,9.1,0
8842,2026-03-05,BRN-LTH-02,1.66,47.8,11.0,0
8843,2026-03-05,BRN-LTH-03,2.1,52.6,14.6,0
8844,2026-03-05,BRN-MIL-01,1.63,39.3,7.9,0
8845,2026-03-05,BRN-MIL-02,1.52,46.2,15.5,0
8846,2026-03-05,BRN-MIL-03,2.01,42.8,11.9,0
8847,2026-03-05,BRN-MIL-04,1.78,43.3,13.5,0
8848,2026-03-05,BRN-MIL-05,1.74,41.3,10.6,0
8849,2026-03-05,BRN-MIL-06,1.7,50.2,8.9,1
8850,2026-03-05,BRN-PRS-01,2.95,55.5,10.4,0
8851,2026-03-05,BRN-PRS-02,3.33,53.2,13.1,0
8852,2026-03-05,BRN-PRS-03,3.23,54.8,11.0,0
8853,2026-03-05,BRN-RBT-01,1.03,38.4,8.7,0
8854,2026-03-05,BRN-RBT-02,3.09,49.3,12.3,2
8855,2026-03-05,DAY-GRD-01,1.81,45.7,9.7,0
8856,2026-03-05,DAY-LTH-01,1.95,41.2,9.9,0
8857,2026-03-05,DAY-LTH-02,1.68,48.8,11.3,1
8858,2026-03-05,DAY-LTH-03,2.15,52.3,11.9,1
8859,2026-03-05,DAY-LTH-04,2.48,57.4,13.1,0
8860,2026-03-05,DAY-LTH-05,1.91,50.2,11.8,0
8861,2026-03-05,DAY-MIL-01,1.48,42.6,9.4,0
8862,2026-03-05,DAY-MIL-02,1.86,51.0,11.7,1
8863,2026-03-05,DAY-MIL-03,1.5,46.8,10.6,0
8864,2026-03-05,DAY-MIL-04,1.53,44.3,10.6,0
8865,2026-03-05,DAY-MIL-05,1.85,52.1,12.9,0
8866,2026-03-05,DAY-MIL-06,1.66,52.0,3.3,3
8867,2026-03-05,DAY-MIL-07,1.77,42.1,10.7,0
8868,2026-03-05,DAY-MIL-08,1.83,43.1,10.8,0
8869,2026-03-05,DAY-PRS-01,2.77,59.0,11.9,0
8870,2026-03-05,DAY-PRS-02,2.92,59.9,10.8,0
8871,2026-03-05,DAY-PRS-03,2.6,49.0,7.1,0
8872,2026-03-05,DAY-PRS-04,2.02,58.2,9.9,0
8873,2026-03-05,DAY-RBT-01,1.05,40.1,10.4,0
8874,2026-03-05,DAY-RBT-02,1.51,44.2,9.4,0
8875,2026-03-05,DAY-RBT-03,0.95,41.5,9.4,0
8876,2026-03-05,MTY-GRD-01,1.31,42.5,10.7,0
8877,2026-03-05,MTY-GRD-02,1.25,46.7,12.3,1
8878,2026-03-05,MTY-LTH-01,2.0,50.8,11.3,0
8879,2026-03-05,MTY-LTH-02,1.8,43.9,9.7,2
8880,2026-03-05,MTY-LTH-03,2.06,49.5,13.2,1
8881,2026-03-05,MTY-LTH-04,1.92,45.3,8.3,1
8882,2026-03-05,MTY-LTH-05,2.17,48.4,11.2,0
8883,2026-03-05,MTY-MIL-01,1.53,50.6,12.5,1
8884,2026-03-05,MTY-MIL-02,2.26,47.5,12.1,0
8885,2026-03-05,MTY-MIL-03,1.7,46.4,12.2,0
8886,2026-03-05,MTY-MIL-04,1.7,44.6,9.2,0
8887,2026-03-05,MTY-MIL-05,1.55,47.8,13.3,0
8888,2026-03-05,MTY-MIL-06,1.86,43.0,9.9,0
8889,2026-03-05,MTY-PRS-01,3.25,61.1,2.4,4
8890,2026-03-05,MTY-PRS-02,3.28,63.8,12.5,1
8891,2026-03-05,MTY-PRS-03,2.76,56.1,10.4,0
8892,2026-03-05,MTY-RBT-01,1.19,42.6,10.1,0
8893,2026-03-05,MTY-RBT-02,1.09,34.3,12.0,0
8894,2026-03-05,MTY-RBT-03,1.11,43.4,12.3,0
8895,2026-03-06,BRN-GRD-01,1.63,44.1,12.0,0
8896,2026-03-06,BRN-LTH-01,1.98,45.6,9.9,0
8897,2026-03-06,BRN-LTH-02,1.64,47.5,10.9,0
8898,2026-03-06,BRN-LTH-03,2.33,52.4,12.0,0
8899,2026-03-06,BRN-MIL-01,1.62,42.3,11.2,0
8900,2026-03-06,BRN-MIL-02,1.34,44.2,12.7,0
8901,2026-03-06,BRN-MIL-03,1.8,45.8,12.0,1
8902,2026-03-06,BRN-MIL-04,1.79,42.1,12.3,0
8903,2026-03-06,BRN-MIL-05,1.82,43.1,10.0,2
8904,2026-03-06,BRN-MIL-06,1.68,50.7,12.2,0
8905,2026-03-06,BRN-PRS-01,3.0,58.4,11.8,0
8906,2026-03-06,BRN-PRS-02,3.38,50.1,9.9,0
8907,2026-03-06,BRN-PRS-03,3.34,53.4,13.4,0
8908,2026-03-06,BRN-RBT-01,1.15,40.4,9.9,0
8909,2026-03-06,BRN-RBT-02,3.21,50.3,14.3,0
8910,2026-03-06,DAY-GRD-01,2.06,46.9,11.2,0
8911,2026-03-06,DAY-LTH-01,2.05,40.6,11.1,0
8912,2026-03-06,DAY-LTH-02,1.83,50.3,11.5,1
8913,2026-03-06,DAY-LTH-03,2.18,52.2,12.0,0
8914,2026-03-06,DAY-LTH-04,2.68,58.3,14.3,1
8915,2026-03-06,DAY-LTH-05,1.9,47.1,5.6,0
8916,2026-03-06,DAY-MIL-01,1.36,44.8,5.6,0
8917,2026-03-06,DAY-MIL-02,1.94,48.6,10.2,0
8918,2026-03-06,DAY-MIL-03,1.41,45.8,12.2,0
8919,2026-03-06,DAY-MIL-04,1.54,42.9,8.9,0
8920,2026-03-06,DAY-MIL-05,1.64,46.3,9.2,0
8921,2026-03-06,DAY-MIL-07,2.14,45.1,14.5,0
8922,2026-03-06,DAY-MIL-08,1.52,42.7,8.4,0
8923,2026-03-06,DAY-PRS-01,2.51,55.9,7.6,0
8924,2026-03-06,DAY-PRS-02,3.34,59.7,10.5,1
8925,2026-03-06,DAY-PRS-03,2.7,49.9,11.5,0
8926,2026-03-06,DAY-PRS-04,2.32,53.9,8.8,0
8927,2026-03-06,DAY-RBT-01,1.02,38.9,10.6,0
8928,2026-03-06,DAY-RBT-02,1.36,42.3,7.2,0
8929,2026-03-06,DAY-RBT-03,0.92,44.5,11.8,0
8930,2026-03-06,MTY-GRD-01,1.2,45.2,12.4,0
8931,2026-03-06,MTY-GRD-02,1.25,44.9,11.7,0
8932,2026-03-06,MTY-LTH-01,2.05,49.7,13.1,0
8933,2026-03-06,MTY-LTH-02,1.85,45.4,13.7,1
8934,2026-03-06,MTY-LTH-03,1.71,49.7,11.1,0
8935,2026-03-06,MTY-LTH-04,2.01,49.9,10.7,0
8936,2026-03-06,MTY-LTH-05,2.19,51.5,13.4,1
8937,2026-03-06,MTY-MIL-01,1.39,50.4,11.3,0
8938,2026-03-06,MTY-MIL-02,2.25,48.5,12.1,1
8939,2026-03-06,MTY-MIL-03,1.83,44.9,7.6,1
8940,2026-03-06,MTY-MIL-04,1.76,46.3,11.9,1
8941,2026-03-06,MTY-MIL-05,1.55,46.3,10.9,0
8942,2026-03-06,MTY-MIL-06,2.09,45.6,12.5,0
8943,2026-03-06,MTY-PRS-02,3.01,62.3,11.6,0
8944,2026-03-06,MTY-PRS-03,3.13,58.7,12.6,0
8945,2026-03-06,MTY-RBT-01,1.14,39.2,9.7,0
8946,2026-03-06,MTY-RBT-02,1.23,34.4,12.6,0
8947,2026-03-06,MTY-RBT-03,1.23,42.0,15.3,0
8948,2026-03-09,BRN-GRD-01,1.89,44.9,8.5,2
8949,2026-03-09,BRN-LTH-01,1.9,45.9,11.5,0
8950,2026-03-09,BRN-LTH-02,1.48,45.3,10.0,0
8951,2026-03-09,BRN-LTH-03,2.08,50.3,11.1,0
8952,2026-03-09,BRN-MIL-01,2.05,45.2,12.2,0
8953,2026-03-09,BRN-MIL-02,1.35,46.3,10.8,0
8954,2026-03-09,BRN-MIL-03,1.96,46.3,13.4,0
8955,2026-03-09,BRN-MIL-04,1.87,41.9,13.5,0
8956,2026-03-09,BRN-MIL-05,1.66,44.9,9.1,5
8957,2026-03-09,BRN-MIL-06,1.83,49.7,13.0,0
8958,2026-03-09,BRN-PRS-01,2.86,58.3,11.2,0
8959,2026-03-09,BRN-PRS-02,3.33,52.1,11.8,0
8960,2026-03-09,BRN-PRS-03,3.31,55.0,13.4,0
8961,2026-03-09,BRN-RBT-01,1.19,39.6,11.4,0
8962,2026-03-09,BRN-RBT-02,3.35,49.4,7.7,1
8963,2026-03-09,DAY-GRD-01,2.26,46.3,11.0,0
8964,2026-03-09,DAY-LTH-01,2.28,42.6,10.3,0
8965,2026-03-09,DAY-LTH-02,1.97,51.7,13.7,0
8966,2026-03-09,DAY-LTH-03,2.25,50.7,6.3,1
8967,2026-03-09,DAY-LTH-04,2.68,55.1,11.4,1
8968,2026-03-09,DAY-LTH-05,1.95,50.0,11.9,0
8969,2026-03-09,DAY-MIL-01,1.44,45.9,12.4,0
8970,2026-03-09,DAY-MIL-02,2.43,49.8,10.9,0
8971,2026-03-09,DAY-MIL-03,1.47,46.4,14.2,0
8972,2026-03-09,DAY-MIL-04,1.45,44.6,11.9,0
8973,2026-03-09,DAY-MIL-05,2.09,50.8,15.0,0
8974,2026-03-09,DAY-MIL-07,1.84,42.4,13.1,0
8975,2026-03-09,DAY-MIL-08,1.51,42.2,11.9,0
8976,2026-03-09,DAY-PRS-01,2.77,60.2,12.0,0
8977,2026-03-09,DAY-PRS-02,3.41,57.9,9.5,0
8978,2026-03-09,DAY-PRS-03,2.79,51.5,11.3,0
8979,2026-03-09,DAY-PRS-04,2.58,57.3,11.9,0
8980,2026-03-09,DAY-RBT-01,1.18,39.2,12.3,0
8981,2026-03-09,DAY-RBT-02,1.44,47.7,3.9,0
8982,2026-03-09,DAY-RBT-03,1.03,43.6,13.4,0
8983,2026-03-09,MTY-GRD-01,1.3,45.9,12.3,0
8984,2026-03-09,MTY-GRD-02,1.23,45.9,10.9,0
8985,2026-03-09,MTY-LTH-01,2.19,51.4,13.3,0
8986,2026-03-09,MTY-LTH-02,2.05,45.4,11.1,0
8987,2026-03-09,MTY-LTH-03,1.88,51.4,12.7,0
8988,2026-03-09,MTY-LTH-04,2.25,49.4,12.3,0
8989,2026-03-09,MTY-LTH-05,2.16,52.3,10.9,0
8990,2026-03-09,MTY-MIL-01,1.41,52.2,11.8,1
8991,2026-03-09,MTY-MIL-02,2.6,49.8,11.8,0
8992,2026-03-09,MTY-MIL-03,1.86,50.0,13.7,0
8993,2026-03-09,MTY-MIL-04,1.61,44.0,10.6,1
8994,2026-03-09,MTY-MIL-05,1.68,49.0,13.9,1
8995,2026-03-09,MTY-MIL-06,1.96,43.4,10.3,0
8996,2026-03-09,MTY-PRS-01,3.27,60.9,14.0,0
8997,2026-03-09,MTY-PRS-02,2.95,62.8,5.9,1
8998,2026-03-09,MTY-PRS-03,2.68,57.2,10.1,0
8999,2026-03-09,MTY-RBT-01,1.05,41.3,7.6,1
9000,2026-03-09,MTY-RBT-02,0.99,33.2,9.3,0
9001,2026-03-09,MTY-RBT-03,1.3,41.2,13.4,0
9002,2026-03-10,BRN-GRD-01,2.05,48.7,16.0,0
9003,2026-03-10,BRN-LTH-01,1.71,44.6,10.2,0
9004,2026-03-10,BRN-LTH-02,1.76,46.5,12.8,0
9005,2026-03-10,BRN-LTH-03,2.15,50.4,10.9,1
9006,2026-03-10,BRN-MIL-01,1.51,43.6,10.1,0
9007,2026-03-10,BRN-MIL-02,1.39,44.4,9.4,0
9008,2026-03-10,BRN-MIL-03,1.73,45.9,12.8,0
9009,2026-03-10,BRN-MIL-04,1.7,42.9,12.3,0
9010,2026-03-10,BRN-MIL-05,1.95,42.8,10.7,4
9011,2026-03-10,BRN-MIL-06,1.67,49.4,13.1,1
9012,2026-03-10,BRN-PRS-01,3.37,60.3,16.0,1
9013,2026-03-10,BRN-PRS-02,3.48,51.6,12.4,0
9014,2026-03-10,BRN-PRS-03,3.22,54.2,12.6,0
9015,2026-03-10,BRN-RBT-01,1.33,43.5,12.5,0
9016,2026-03-10,BRN-RBT-02,3.7,51.2,12.4,2
9017,2026-03-10,DAY-GRD-01,1.88,45.5,9.9,0
9018,2026-03-10,DAY-LTH-01,2.26,42.4,9.9,0
9019,2026-03-10,DAY-LTH-02,1.76,49.3,8.1,0
9020,2026-03-10,DAY-LTH-03,2.57,53.7,11.1,1
9021,2026-03-10,DAY-LTH-04,3.01,58.2,15.4,2
9022,2026-03-10,DAY-LTH-05,1.83,54.3,13.5,0
9023,2026-03-10,DAY-MIL-01,1.77,42.9,11.9,1
9024,2026-03-10,DAY-MIL-02,2.65,51.7,11.5,0
9025,2026-03-10,DAY-MIL-03,1.6,44.7,10.0,0
9026,2026-03-10,DAY-MIL-04,1.85,48.6,14.0,1
9027,2026-03-10,DAY-MIL-05,1.77,48.1,8.8,0
9028,2026-03-10,DAY-MIL-07,2.03,43.1,13.7,1
9029,2026-03-10,DAY-MIL-08,1.47,39.4,8.3,1
9030,2026-03-10,DAY-PRS-01,2.68,59.8,11.8,0
9031,2026-03-10,DAY-PRS-02,4.07,64.3,14.5,0
9032,2026-03-10,DAY-PRS-03,2.49,50.8,12.1,0
9033,2026-03-10,DAY-PRS-04,2.35,58.0,11.1,0
9034,2026-03-10,DAY-RBT-01,1.19,43.0,16.0,0
9035,2026-03-10,DAY-RBT-02,1.34,45.2,12.2,0
9036,2026-03-10,DAY-RBT-03,1.0,41.5,10.1,0
9037,2026-03-10,MTY-GRD-01,1.3,41.9,12.2,0
9038,2026-03-10,MTY-GRD-02,1.25,41.9,7.8,1
9039,2026-03-10,MTY-LTH-01,1.93,48.2,9.1,0
9040,2026-03-10,MTY-LTH-02,2.04,42.8,10.5,0
9041,2026-03-10,MTY-LTH-03,1.75,49.0,10.0,0
9042,2026-03-10,MTY-LTH-04,2.35,51.2,11.6,2
9043,2026-03-10,MTY-LTH-05,2.12,49.0,11.1,0
9044,2026-03-10,MTY-MIL-01,1.47,49.9,13.4,0
9045,2026-03-10,MTY-MIL-02,2.91,52.2,13.9,1
9046,2026-03-10,MTY-MIL-03,1.84,48.7,13.4,0
9047,2026-03-10,MTY-MIL-04,1.57,45.5,9.3,0
9048,2026-03-10,MTY-MIL-05,1.7,49.1,11.7,0
9049,2026-03-10,MTY-MIL-06,2.04,44.9,13.5,0
9050,2026-03-10,MTY-PRS-01,2.95,61.4,10.5,0
9051,2026-03-10,MTY-PRS-02,2.87,63.7,10.6,1
9052,2026-03-10,MTY-PRS-03,3.14,58.2,11.6,0
9053,2026-03-10,MTY-RBT-01,0.96,42.0,5.7,0
9054,2026-03-10,MTY-RBT-02,1.09,36.1,13.5,1
9055,2026-03-10,MTY-RBT-03,1.07,36.6,1.0,0
9056,2026-03-11,BRN-GRD-01,2.02,47.4,11.7,1
9057,2026-03-11,BRN-LTH-01,1.82,45.4,9.0,0
9058,2026-03-11,BRN-LTH-02,1.75,46.7,11.2,0
9059,2026-03-11,BRN-LTH-03,2.29,52.3,13.7,0
9060,2026-03-11,BRN-MIL-01,1.75,41.8,10.5,0
9061,2026-03-11,BRN-MIL-02,1.47,48.9,13.3,0
9062,2026-03-11,BRN-MIL-03,1.69,44.6,9.1,0
9063,2026-03-11,BRN-MIL-04,1.96,46.0,13.5,2
9064,2026-03-11,BRN-MIL-05,1.9,42.3,10.4,0
9065,2026-03-11,BRN-MIL-06,1.61,46.4,10.9,0
9066,2026-03-11,BRN-PRS-01,3.1,60.3,13.1,0
9067,2026-03-11,BRN-PRS-02,3.5,51.4,10.1,0
9068,2026-03-11,BRN-PRS-03,2.77,53.0,10.1,0
9069,2026-03-11,BRN-RBT-01,1.16,40.5,8.5,0
9070,2026-03-11,BRN-RBT-02,3.98,55.1,15.4,2
9071,2026-03-11,DAY-GRD-01,2.03,49.2,14.6,0
9072,2026-03-11,DAY-LTH-01,2.19,43.6,12.3,0
9073,2026-03-11,DAY-LTH-02,1.78,48.6,11.8,0
9074,2026-03-11,DAY-LTH-03,2.57,54.2,11.9,0
9075,2026-03-11,DAY-LTH-04,2.68,57.3,12.1,0
9076,2026-03-11,DAY-LTH-05,2.1,52.4,12.1,0
9077,2026-03-11,DAY-MIL-01,1.41,44.3,10.6,0
9078,2026-03-11,DAY-MIL-02,2.64,52.5,11.6,3
9079,2026-03-11,DAY-MIL-03,1.55,45.8,12.2,0
9080,2026-03-11,DAY-MIL-04,1.49,43.9,9.9,0
9081,2026-03-11,DAY-MIL-05,1.69,50.0,9.8,0
9082,2026-03-11,DAY-MIL-06,1.77,51.0,12.7,2
9083,2026-03-11,DAY-MIL-07,2.07,43.1,12.3,0
9084,2026-03-11,DAY-MIL-08,1.34,42.3,12.8,0
9085,2026-03-11,DAY-PRS-01,2.65,57.9,10.6,1
9086,2026-03-11,DAY-PRS-02,3.68,60.8,11.0,0
9087,2026-03-11,DAY-PRS-03,2.33,47.9,9.8,0
9088,2026-03-11,DAY-PRS-04,2.4,57.1,12.2,0
9089,2026-03-11,DAY-RBT-01,1.02,41.3,11.0,0
9090,2026-03-11,DAY-RBT-02,1.49,44.7,12.0,0
9091,2026-03-11,DAY-RBT-03,0.92,42.3,8.7,1
9092,2026-03-11,MTY-GRD-01,1.46,47.3,14.7,0
9093,2026-03-11,MTY-GRD-02,1.23,47.2,12.3,0
9094,2026-03-11,MTY-LTH-01,2.19,50.2,13.3,1
9095,2026-03-11,MTY-LTH-02,1.8,46.8,10.2,0
9096,2026-03-11,MTY-LTH-03,1.88,50.8,9.8,0
9097,2026-03-11,MTY-LTH-04,2.01,49.7,10.6,1
9098,2026-03-11,MTY-LTH-05,1.92,48.7,10.5,0
9099,2026-03-11,MTY-MIL-01,1.44,50.7,11.2,0
9100,2026-03-11,MTY-MIL-02,2.85,49.2,9.3,0
9101,2026-03-11,MTY-MIL-03,1.86,47.9,11.8,1
9102,2026-03-11,MTY-MIL-04,1.5,46.5,10.1,0
9103,2026-03-11,MTY-MIL-05,1.59,47.8,12.3,1
9104,2026-03-11,MTY-MIL-06,2.21,44.6,12.2,0
9105,2026-03-11,MTY-PRS-01,3.15,60.7,11.3,0
9106,2026-03-11,MTY-PRS-02,2.97,61.7,10.0,1
9107,2026-03-11,MTY-PRS-03,3.09,60.9,14.4,0
9108,2026-03-11,MTY-RBT-01,1.06,41.3,8.6,0
9109,2026-03-11,MTY-RBT-02,1.02,36.1,7.8,0
9110,2026-03-11,MTY-RBT-03,1.15,39.2,10.5,0
9111,2026-03-12,BRN-GRD-01,2.27,48.7,16.0,0
9112,2026-03-12,BRN-LTH-01,1.9,47.8,13.7,0
9113,2026-03-12,BRN-LTH-02,1.76,47.4,12.9,0
9114,2026-03-12,BRN-LTH-03,2.19,50.6,12.7,0
9115,2026-03-12,BRN-MIL-01,1.71,43.5,11.8,1
9116,2026-03-12,BRN-MIL-02,1.55,44.8,12.2,0
9117,2026-03-12,BRN-MIL-03,1.93,44.5,10.7,1
9118,2026-03-12,BRN-MIL-04,1.75,43.9,12.3,0
9119,2026-03-12,BRN-MIL-05,1.93,41.3,9.3,2
9120,2026-03-12,BRN-MIL-06,1.73,47.2,13.0,0
9121,2026-03-12,BRN-PRS-01,3.15,56.4,9.6,0
9122,2026-03-12,BRN-PRS-02,3.4,52.1,11.2,0
9123,2026-03-12,BRN-PRS-03,3.08,57.3,16.0,0
9124,2026-03-12,BRN-RBT-01,1.26,41.5,11.3,0
9125,2026-03-12,BRN-RBT-02,3.98,51.7,11.9,3
9126,2026-03-12,DAY-GRD-01,1.86,43.4,7.3,1
9127,2026-03-12,DAY-LTH-01,2.23,44.6,12.4,0
9128,2026-03-12,DAY-LTH-02,1.77,51.3,13.4,0
9129,2026-03-12,DAY-LTH-03,2.54,52.1,12.0,0
9130,2026-03-12,DAY-LTH-04,2.96,52.9,8.5,1
9131,2026-03-12,DAY-LTH-05,1.9,52.4,13.5,0
9132,2026-03-12,DAY-MIL-01,1.58,40.8,10.7,0
9133,2026-03-12,DAY-MIL-02,2.56,51.6,10.3,0
9134,2026-03-12,DAY-MIL-03,1.51,46.6,10.1,0
9135,2026-03-12,DAY-MIL-04,1.6,44.8,9.4,0
9136,2026-03-12,DAY-MIL-05,1.86,49.6,13.0,1
9137,2026-03-12,DAY-MIL-06,1.63,49.4,12.0,0
9138,2026-03-12,DAY-MIL-07,2.01,43.4,13.3,0
9139,2026-03-12,DAY-MIL-08,1.45,43.4,13.2,0
9140,2026-03-12,DAY-PRS-01,2.63,58.2,8.8,0
9141,2026-03-12,DAY-PRS-02,4.26,61.8,12.0,1
9142,2026-03-12,DAY-PRS-03,2.34,47.0,8.1,0
9143,2026-03-12,DAY-PRS-04,2.39,57.8,12.3,0
9144,2026-03-12,DAY-RBT-01,1.13,36.6,9.0,1
9145,2026-03-12,DAY-RBT-02,1.34,45.1,14.2,0
9146,2026-03-12,DAY-RBT-03,1.11,46.7,13.7,1
9147,2026-03-12,MTY-GRD-01,1.41,47.7,13.4,0
9148,2026-03-12,MTY-GRD-02,1.12,45.9,10.3,0
9149,2026-03-12,MTY-LTH-01,2.05,49.8,11.6,1
9150,2026-03-12,MTY-LTH-02,2.27,47.9,16.0,0
9151,2026-03-12,MTY-LTH-03,1.8,47.4,12.0,0
9152,2026-03-12,MTY-LTH-04,2.28,48.6,10.0,0
9153,2026-03-12,MTY-LTH-05,1.97,52.0,10.9,0
9154,2026-03-12,MTY-MIL-01,1.34,49.9,11.2,0
9155,2026-03-12,MTY-MIL-02,3.05,50.3,10.4,5
9156,2026-03-12,MTY-MIL-03,1.73,48.8,11.8,0
9157,2026-03-12,MTY-MIL-04,1.72,50.2,13.2,0
9158,2026-03-12,MTY-MIL-05,1.65,49.7,11.6,0
9159,2026-03-12,MTY-MIL-06,2.07,45.2,10.2,1
9160,2026-03-12,MTY-PRS-01,3.36,61.2,11.8,0
9161,2026-03-12,MTY-PRS-02,2.87,60.5,9.2,0
9162,2026-03-12,MTY-PRS-03,3.19,55.1,10.6,0
9163,2026-03-12,MTY-RBT-01,1.05,43.8,13.0,1
9164,2026-03-12,MTY-RBT-02,1.19,36.2,11.4,0
9165,2026-03-12,MTY-RBT-03,1.16,43.0,14.7,0
9166,2026-03-13,BRN-GRD-01,2.17,45.2,11.3,0
9167,2026-03-13,BRN-LTH-01,2.08,46.6,14.3,0
9168,2026-03-13,BRN-LTH-02,1.64,47.7,11.0,1
9169,2026-03-13,BRN-LTH-03,2.34,50.4,12.8,0
9170,2026-03-13,BRN-MIL-01,1.88,45.3,12.7,0
9171,2026-03-13,BRN-MIL-02,1.38,44.8,12.7,0
9172,2026-03-13,BRN-MIL-03,1.72,41.5,6.4,0
9173,2026-03-13,BRN-MIL-04,1.83,44.3,8.4,2
9174,2026-03-13,BRN-MIL-05,1.85,43.1,10.7,3
9175,2026-03-13,BRN-MIL-06,1.5,43.2,9.7,0
9176,2026-03-13,BRN-PRS-01,2.69,54.3,8.3,0
9177,2026-03-13,BRN-PRS-02,3.24,52.2,10.5,1
9178,2026-03-13,BRN-PRS-03,2.88,51.5,10.9,0
9179,2026-03-13,BRN-RBT-01,1.22,38.9,8.9,0
9180,2026-03-13,BRN-RBT-02,1.33,42.5,5.3,3
9181,2026-03-13,DAY-GRD-01,2.0,46.4,10.6,1
9182,2026-03-13,DAY-LTH-01,2.18,40.4,11.0,0
9183,2026-03-13,DAY-LTH-02,1.96,51.5,12.5,1
9184,2026-03-13,DAY-LTH-03,2.52,53.4,12.1,0
9185,2026-03-13,DAY-LTH-04,3.09,58.1,16.0,2
9186,2026-03-13,DAY-LTH-05,1.77,50.6,4.7,1
9187,2026-03-13,DAY-MIL-01,1.59,45.8,14.0,1
9188,2026-03-13,DAY-MIL-02,2.9,51.3,9.7,4
9189,2026-03-13,DAY-MIL-03,1.51,44.7,10.4,0
9190,2026-03-13,DAY-MIL-04,1.51,43.5,9.3,0
9191,2026-03-13,DAY-MIL-05,1.79,50.5,12.0,0
9192,2026-03-13,DAY-MIL-06,1.47,50.5,10.4,0
9193,2026-03-13,DAY-MIL-07,1.94,44.6,12.3,0
9194,2026-03-13,DAY-MIL-08,1.54,41.8,11.7,0
9195,2026-03-13,DAY-PRS-01,2.54,60.4,9.8,1
9196,2026-03-13,DAY-PRS-02,4.56,62.2,10.1,0
9197,2026-03-13,DAY-PRS-03,2.43,49.2,9.7,1
9198,2026-03-13,DAY-PRS-04,2.23,59.2,11.4,0
9199,2026-03-13,DAY-RBT-01,1.13,39.6,12.5,1
9200,2026-03-13,DAY-RBT-02,1.33,45.0,11.5,0
9201,2026-03-13,DAY-RBT-03,0.99,46.2,12.0,0
9202,2026-03-13,MTY-GRD-01,1.23,45.2,11.1,0
9203,2026-03-13,MTY-GRD-02,1.3,50.8,13.6,0
9204,2026-03-13,MTY-LTH-01,2.36,50.5,13.7,1
9205,2026-03-13,MTY-LTH-02,1.85,46.6,10.3,0
9206,2026-03-13,MTY-LTH-03,1.77,47.6,9.7,0
9207,2026-03-13,MTY-LTH-04,2.1,49.2,9.9,0
9208,2026-03-13,MTY-LTH-05,1.95,50.4,11.2,0
9209,2026-03-13,MTY-MIL-01,1.34,49.1,10.7,0
9210,2026-03-13,MTY-MIL-02,2.99,48.8,9.0,1
9211,2026-03-13,MTY-MIL-03,1.94,49.7,13.4,0
9212,2026-03-13,MTY-MIL-04,1.87,49.0,12.9,1
9213,2026-03-13,MTY-MIL-05,1.64,46.9,9.2,0
9214,2026-03-13,MTY-MIL-06,2.26,45.1,14.2,0
9215,2026-03-13,MTY-PRS-01,3.07,58.5,11.0,1
9216,2026-03-13,MTY-PRS-02,2.79,61.7,11.2,1
9217,2026-03-13,MTY-PRS-03,2.66,56.4,5.5,0
9218,2026-03-13,MTY-RBT-01,1.09,42.8,12.5,0
9219,2026-03-13,MTY-RBT-02,1.12,35.5,9.9,1
9220,2026-03-13,MTY-RBT-03,1.21,41.6,10.3,0
9221,2026-03-16,BRN-GRD-01,2.54,49.6,16.0,1
9222,2026-03-16,BRN-LTH-01,2.13,46.5,12.8,1
9223,2026-03-16,BRN-LTH-02,1.78,46.7,13.7,1
9224,2026-03-16,BRN-LTH-03,2.39,50.7,14.8,0
9225,2026-03-16,BRN-MIL-01,1.83,42.8,11.8,0
9226,2026-03-16,BRN-MIL-02,1.4,45.5,13.3,0
9227,2026-03-16,BRN-MIL-03,1.85,45.8,8.5,0
9228,2026-03-16,BRN-MIL-04,1.93,47.2,12.4,0
9229,2026-03-16,BRN-MIL-05,1.78,44.3,11.1,2
9230,2026-03-16,BRN-MIL-06,1.71,46.9,11.9,0
9231,2026-03-16,BRN-PRS-01,3.06,57.5,10.8,0
9232,2026-03-16,BRN-PRS-02,3.37,50.5,10.8,0
9233,2026-03-16,BRN-PRS-03,3.1,54.3,12.4,0
9234,2026-03-16,BRN-RBT-01,1.24,40.9,10.4,0
9235,2026-03-16,DAY-GRD-01,2.19,45.2,10.2,0
9236,2026-03-16,DAY-LTH-01,2.45,45.9,14.0,0
9237,2026-03-16,DAY-LTH-02,1.91,51.1,12.0,0
9238,2026-03-16,DAY-LTH-03,2.95,50.8,11.7,0
9239,2026-03-16,DAY-LTH-04,3.47,58.4,11.6,2
9240,2026-03-16,DAY-LTH-05,1.79,49.8,13.2,0
9241,2026-03-16,DAY-MIL-01,1.54,45.5,12.2,0
9242,2026-03-16,DAY-MIL-02,3.4,54.4,11.8,3
9243,2026-03-16,DAY-MIL-03,1.58,48.5,13.0,1
9244,2026-03-16,DAY-MIL-04,1.5,42.9,10.4,0
9245,2026-03-16,DAY-MIL-05,1.76,49.5,12.7,0
9246,2026-03-16,DAY-MIL-06,1.9,50.3,11.7,0
9247,2026-03-16,DAY-MIL-07,2.14,43.8,14.1,2
9248,2026-03-16,DAY-MIL-08,1.47,41.3,8.3,0
9249,2026-03-16,DAY-PRS-01,2.75,57.4,12.5,0
9250,2026-03-16,DAY-PRS-02,4.88,64.4,9.8,0
9251,2026-03-16,DAY-PRS-03,2.56,50.8,8.7,1
9252,2026-03-16,DAY-PRS-04,2.28,59.1,11.8,0
9253,2026-03-16,DAY-RBT-01,1.0,38.2,9.7,0
9254,2026-03-16,DAY-RBT-02,1.35,44.6,11.8,0
9255,2026-03-16,DAY-RBT-03,0.98,44.5,10.6,0
9256,2026-03-17,BRN-GRD-01,2.72,49.0,10.7,0
9257,2026-03-17,BRN-LTH-01,1.99,45.0,10.5,1
9258,2026-03-17,BRN-LTH-02,1.48,46.7,10.0,0
9259,2026-03-17,BRN-LTH-03,2.12,53.0,11.4,0
9260,2026-03-17,BRN-MIL-01,1.67,42.8,11.7,1
9261,2026-03-17,BRN-MIL-02,1.42,47.0,14.1,0
9262,2026-03-17,BRN-MIL-03,1.88,47.0,11.1,0
9263,2026-03-17,BRN-MIL-04,1.9,46.1,10.8,0
9264,2026-03-17,BRN-MIL-05,2.01,44.9,11.8,2
9265,2026-03-17,BRN-MIL-06,1.73,45.8,10.5,0
9266,2026-03-17,BRN-PRS-01,2.93,56.8,13.0,0
9267,2026-03-17,BRN-PRS-02,3.61,51.5,10.2,0
9268,2026-03-17,BRN-PRS-03,2.69,51.7,6.3,1
9269,2026-03-17,BRN-RBT-01,0.96,37.4,6.1,0
9270,2026-03-17,DAY-GRD-01,2.44,48.4,15.1,0
9271,2026-03-17,DAY-LTH-01,2.24,42.5,8.3,0
9272,2026-03-17,DAY-LTH-02,1.82,52.1,11.3,4
9273,2026-03-17,DAY-LTH-03,2.94,51.8,11.0,0
9274,2026-03-17,DAY-LTH-04,3.73,56.8,11.9,3
9275,2026-03-17,DAY-LTH-05,1.65,45.2,7.7,1
9276,2026-03-17,DAY-MIL-01,1.37,42.1,8.2,0
9277,2026-03-17,DAY-MIL-02,3.44,56.9,10.7,3
9278,2026-03-17,DAY-MIL-03,1.47,47.3,9.0,1
9279,2026-03-17,DAY-MIL-04,1.62,45.8,11.6,0
9280,2026-03-17,DAY-MIL-05,1.79,50.7,11.0,0
9281,2026-03-17,DAY-MIL-06,1.6,51.7,11.3,0
9282,2026-03-17,DAY-MIL-07,2.14,44.7,11.4,1
9283,2026-03-17,DAY-MIL-08,1.39,43.0,10.1,0
9284,2026-03-17,DAY-PRS-01,2.45,59.4,11.5,1
9285,2026-03-17,DAY-PRS-02,5.44,63.1,11.8,3
9286,2026-03-17,DAY-PRS-03,2.6,50.0,12.3,0
9287,2026-03-17,DAY-PRS-04,2.62,57.9,13.5,1
9288,2026-03-17,DAY-RBT-01,0.98,37.3,10.5,0
9289,2026-03-17,DAY-RBT-02,1.21,46.3,11.9,0
9290,2026-03-17,DAY-RBT-03,0.98,43.1,12.0,0
9291,2026-03-17,MTY-GRD-01,1.25,42.8,9.2,0
9292,2026-03-17,MTY-GRD-02,1.17,46.9,10.6,0
9293,2026-03-17,MTY-LTH-01,2.22,53.2,10.9,0
9294,2026-03-17,MTY-LTH-02,1.9,44.2,11.4,0
9295,2026-03-17,MTY-LTH-03,1.94,48.6,11.6,0
9296,2026-03-17,MTY-LTH-04,2.46,46.6,9.1,0
9297,2026-03-17,MTY-LTH-05,2.02,50.8,8.8,0
9298,2026-03-17,MTY-MIL-01,1.38,51.6,12.7,0
9299,2026-03-17,MTY-MIL-02,3.72,50.7,10.2,1
9300,2026-03-17,MTY-MIL-03,1.63,47.2,7.9,0
9301,2026-03-17,MTY-MIL-04,1.73,46.6,14.2,0
9302,2026-03-17,MTY-MIL-05,1.55,49.9,13.6,0
9303,2026-03-17,MTY-MIL-06,2.08,45.6,12.3,0
9304,2026-03-17,MTY-PRS-01,3.48,59.8,9.0,0
9305,2026-03-17,MTY-PRS-02,2.89,60.9,13.2,0
9306,2026-03-17,MTY-PRS-03,2.91,55.5,11.5,0
9307,2026-03-17,MTY-RBT-01,1.19,45.0,14.1,0
9308,2026-03-17,MTY-RBT-02,1.32,36.1,12.8,0
9309,2026-03-17,MTY-RBT-03,1.19,38.9,10.7,0
9310,2026-03-18,BRN-GRD-01,2.78,45.5,12.3,3
9311,2026-03-18,BRN-LTH-01,1.94,47.4,13.8,0
9312,2026-03-18,BRN-LTH-02,1.67,46.3,10.8,0
9313,2026-03-18,BRN-LTH-03,2.1,49.8,12.5,0
9314,2026-03-18,BRN-MIL-01,1.62,45.0,9.7,0
9315,2026-03-18,BRN-MIL-02,1.45,46.6,13.3,0
9316,2026-03-18,BRN-MIL-03,1.8,48.6,13.1,1
9317,2026-03-18,BRN-MIL-04,1.84,46.4,11.7,1
9318,2026-03-18,BRN-MIL-05,1.97,44.2,11.8,2
9319,2026-03-18,BRN-MIL-06,1.92,46.7,14.6,1
9320,2026-03-18,BRN-PRS-01,3.05,58.4,10.5,0
9321,2026-03-18,BRN-PRS-02,3.47,52.6,11.2,0
9322,2026-03-18,BRN-PRS-03,2.8,52.9,8.5,0
9323,2026-03-18,BRN-RBT-01,1.1,40.2,7.5,0
9324,2026-03-18,BRN-RBT-02,1.48,42.9,9.8,0
9325,2026-03-18,DAY-GRD-01,2.18,48.3,11.9,0
9326,2026-03-18,DAY-LTH-01,2.08,45.2,14.0,0
9327,2026-03-18,DAY-LTH-02,1.93,53.3,13.2,4
9328,2026-03-18,DAY-LTH-03,3.16,52.6,12.6,2
9329,2026-03-18,DAY-LTH-04,3.89,59.5,11.8,1
9330,2026-03-18,DAY-LTH-05,1.78,48.9,11.5,1
9331,2026-03-18,DAY-MIL-01,1.47,43.3,11.9,1
9332,2026-03-18,DAY-MIL-02,3.79,56.8,13.4,1
9333,2026-03-18,DAY-MIL-03,1.63,46.3,12.8,0
9334,2026-03-18,DAY-MIL-04,1.74,45.4,15.5,0
9335,2026-03-18,DAY-MIL-05,1.8,49.3,10.9,0
9336,2026-03-18,DAY-MIL-06,1.7,50.9,12.0,0
9337,2026-03-18,DAY-MIL-07,2.13,45.3,13.0,0
9338,2026-03-18,DAY-MIL-08,1.64,42.2,12.6,0
9339,2026-03-18,DAY-PRS-01,2.76,58.6,12.9,0
9340,2026-03-18,DAY-PRS-02,5.71,65.2,11.3,2
9341,2026-03-18,DAY-PRS-03,2.7,49.9,10.3,0
9342,2026-03-18,DAY-PRS-04,2.26,56.9,9.5,0
9343,2026-03-18,DAY-RBT-01,1.15,41.9,16.0,1
9344,2026-03-18,DAY-RBT-02,1.21,42.9,8.2,0
9345,2026-03-18,DAY-RBT-03,1.02,41.8,11.0,0
9346,2026-03-18,MTY-GRD-01,1.37,46.1,13.7,0
9347,2026-03-18,MTY-GRD-02,1.31,46.6,11.3,0
9348,2026-03-18,MTY-LTH-01,2.0,54.0,13.2,0
9349,2026-03-18,MTY-LTH-02,1.93,44.0,10.9,1
9350,2026-03-18,MTY-LTH-03,1.69,47.5,9.3,1
9351,2026-03-18,MTY-LTH-04,2.33,49.1,9.9,0
9352,2026-03-18,MTY-LTH-05,2.24,52.2,14.5,0
9353,2026-03-18,MTY-MIL-01,1.51,51.6,14.5,0
9354,2026-03-18,MTY-MIL-02,3.96,53.6,11.6,1
9355,2026-03-18,MTY-MIL-03,1.92,48.6,14.9,0
9356,2026-03-18,MTY-MIL-04,1.68,47.9,12.3,0
9357,2026-03-18,MTY-MIL-05,1.63,49.3,10.8,0
9358,2026-03-18,MTY-MIL-06,2.16,44.5,10.8,0
9359,2026-03-18,MTY-PRS-01,2.99,57.9,9.2,0
9360,2026-03-18,MTY-PRS-02,2.58,58.6,12.9,0
9361,2026-03-18,MTY-PRS-03,2.77,55.3,10.8,1
9362,2026-03-18,MTY-RBT-01,1.28,42.4,12.3,2
9363,2026-03-18,MTY-RBT-02,1.05,37.6,9.9,0
9364,2026-03-18,MTY-RBT-03,1.11,44.8,13.7,1
9365,2026-03-19,BRN-GRD-01,2.69,46.8,11.3,0
9366,2026-03-19,BRN-LTH-01,1.88,45.0,10.4,0
9367,2026-03-19,BRN-LTH-02,1.9,47.3,11.4,0
9368,2026-03-19,BRN-LTH-03,2.18,50.6,9.5,0
9369,2026-03-19,BRN-MIL-01,1.72,43.4,9.8,0
9370,2026-03-19,BRN-MIL-02,1.24,45.0,9.5,0
9371,2026-03-19,BRN-MIL-03,1.73,45.6,9.2,1
9372,2026-03-19,BRN-MIL-04,1.95,47.9,11.3,1
9373,2026-03-19,BRN-MIL-05,2.16,45.4,13.5,6
9374,2026-03-19,BRN-MIL-06,1.35,41.0,6.2,1
9375,2026-03-19,BRN-PRS-01,2.92,56.2,9.3,1
9376,2026-03-19,BRN-PRS-02,3.38,51.0,8.1,0
9377,2026-03-19,BRN-PRS-03,3.48,55.3,12.7,0
9378,2026-03-19,BRN-RBT-01,1.3,40.9,13.2,0
9379,2026-03-19,BRN-RBT-02,1.48,46.1,13.4,0
9380,2026-03-19,DAY-GRD-01,2.17,46.1,9.2,0
9381,2026-03-19,DAY-LTH-01,2.09,43.2,10.9,0
9382,2026-03-19,DAY-LTH-02,1.72,50.4,8.0,2
9383,2026-03-19,DAY-LTH-03,2.63,50.2,10.0,2
9384,2026-03-19,DAY-LTH-04,4.26,59.4,10.2,1
9385,2026-03-19,DAY-LTH-05,1.73,49.2,12.1,0
9386,2026-03-19,DAY-MIL-01,1.27,44.9,10.9,1
9387,2026-03-19,DAY-MIL-02,1.37,47.9,6.9,3
9388,2026-03-19,DAY-MIL-03,1.51,46.1,10.6,0
9389,2026-03-19,DAY-MIL-04,1.59,45.4,13.7,0
9390,2026-03-19,DAY-MIL-05,1.66,50.2,10.9,0
9391,2026-03-19,DAY-MIL-06,1.9,51.8,12.6,0
9392,2026-03-19,DAY-MIL-07,2.44,45.9,11.7,1
9393,2026-03-19,DAY-MIL-08,1.59,41.9,9.5,0
9394,2026-03-19,DAY-PRS-01,3.03,60.1,10.6,0
9395,2026-03-19,DAY-PRS-02,6.12,67.3,11.4,0
9396,2026-03-19,DAY-PRS-03,2.63,49.7,10.2,0
9397,2026-03-19,DAY-PRS-04,2.25,52.3,6.2,0
9398,2026-03-19,DAY-RBT-01,0.98,38.7,9.8,0
9399,2026-03-19,DAY-RBT-02,1.3,47.8,12.4,0
9400,2026-03-19,DAY-RBT-03,0.96,41.7,8.5,0
9401,2026-03-19,MTY-GRD-01,1.22,46.1,11.9,0
9402,2026-03-19,MTY-GRD-02,1.25,44.8,10.6,0
9403,2026-03-19,MTY-LTH-01,2.25,52.3,13.8,0
9404,2026-03-19,MTY-LTH-02,2.04,47.1,12.3,0
9405,2026-03-19,MTY-LTH-03,1.88,51.0,11.9,0
9406,2026-03-19,MTY-LTH-04,2.21,47.6,7.2,0
9407,2026-03-19,MTY-LTH-05,2.19,52.9,13.3,0
9408,2026-03-19,MTY-MIL-01,1.33,49.6,10.9,0
9409,2026-03-19,MTY-MIL-02,3.97,54.9,12.4,1
9410,2026-03-19,MTY-MIL-03,1.66,51.0,10.1,1
9411,2026-03-19,MTY-MIL-04,1.71,47.6,10.0,1
9412,2026-03-19,MTY-MIL-05,1.58,48.2,8.7,0
9413,2026-03-19,MTY-MIL-06,2.16,44.7,11.8,0
9414,2026-03-19,MTY-PRS-01,3.24,61.0,11.4,0
9415,2026-03-19,MTY-PRS-02,2.66,58.7,8.3,0
9416,2026-03-19,MTY-PRS-03,2.76,55.6,10.2,0
9417,2026-03-19,MTY-RBT-01,1.25,44.2,11.4,0
9418,2026-03-19,MTY-RBT-02,1.01,36.2,10.0,0
9419,2026-03-19,MTY-RBT-03,1.08,39.0,10.6,0
9420,2026-03-20,BRN-GRD-01,2.87,45.0,8.9,0
9421,2026-03-20,BRN-LTH-01,1.79,44.9,10.6,0
9422,2026-03-20,BRN-LTH-02,1.6,46.0,7.5,0
9423,2026-03-20,BRN-LTH-03,2.29,52.6,12.5,0
9424,2026-03-20,BRN-MIL-01,1.74,44.5,12.0,0
9425,2026-03-20,BRN-MIL-02,1.39,45.7,13.0,0
9426,2026-03-20,BRN-MIL-03,1.76,46.8,13.2,0
9427,2026-03-20,BRN-MIL-04,2.11,47.4,11.2,2
9428,2026-03-20,BRN-MIL-05,2.02,44.6,11.5,3
9429,2026-03-20,BRN-MIL-06,1.72,46.8,4.1,1
9430,2026-03-20,BRN-PRS-01,3.03,54.4,8.2,0
9431,2026-03-20,BRN-PRS-02,3.51,48.4,10.4,0
9432,2026-03-20,BRN-PRS-03,2.99,53.1,12.5,0
9433,2026-03-20,BRN-RBT-01,1.2,42.2,12.9,0
9434,2026-03-20,BRN-RBT-02,1.47,42.5,10.2,0
9435,2026-03-20,DAY-GRD-01,2.11,45.8,7.8,0
9436,2026-03-20,DAY-LTH-01,2.21,43.7,11.6,0
9437,2026-03-20,DAY-LTH-02,1.94,52.4,11.1,1
9438,2026-03-20,DAY-LTH-03,2.82,53.3,13.0,1
9439,2026-03-20,DAY-LTH-04,4.55,60.4,11.5,1
9440,2026-03-20,DAY-LTH-05,1.65,49.9,8.7,0
9441,2026-03-20,DAY-MIL-01,1.51,45.4,11.3,0
9442,2026-03-20,DAY-MIL-03,1.34,46.3,5.1,0
9443,2026-03-20,DAY-MIL-04,1.64,47.1,14.8,0
9444,2026-03-20,DAY-MIL-05,1.85,51.4,12.6,0
9445,2026-03-20,DAY-MIL-06,1.68,47.8,8.5,0
9446,2026-03-20,DAY-MIL-07,2.48,47.5,14.8,1
9447,2026-03-20,DAY-MIL-08,1.5,41.4,9.5,0
9448,2026-03-20,DAY-PRS-01,2.8,60.3,12.2,0
9449,2026-03-20,DAY-PRS-02,6.07,65.9,10.1,3
9450,2026-03-20,DAY-PRS-03,2.77,52.1,12.3,0
9451,2026-03-20,DAY-PRS-04,2.08,55.7,9.0,0
9452,2026-03-20,DAY-RBT-01,1.09,41.3,11.9,1
9453,2026-03-20,DAY-RBT-02,1.27,41.0,10.8,0
9454,2026-03-20,DAY-RBT-03,1.04,45.9,14.5,0
9455,2026-03-20,MTY-GRD-01,1.26,43.3,10.4,0
9456,2026-03-20,MTY-GRD-02,1.39,48.0,13.2,0
9457,2026-03-20,MTY-LTH-01,2.13,51.5,5.8,0
9458,2026-03-20,MTY-LTH-02,1.92,42.8,10.4,0
9459,2026-03-20,MTY-LTH-03,2.01,51.7,14.4,0
9460,2026-03-20,MTY-LTH-04,2.14,49.7,10.9,0
9461,2026-03-20,MTY-LTH-05,2.14,49.9,10.2,0
9462,2026-03-20,MTY-MIL-01,1.36,49.1,9.9,0
9463,2026-03-20,MTY-MIL-02,4.19,53.0,10.0,0
9464,2026-03-20,MTY-MIL-03,1.72,45.7,7.7,0
9465,2026-03-20,MTY-MIL-04,1.64,47.0,11.4,1
9466,2026-03-20,MTY-MIL-05,1.56,47.6,10.2,0
9467,2026-03-20,MTY-MIL-06,1.84,45.1,11.0,0
9468,2026-03-20,MTY-PRS-01,3.47,58.7,11.6,0
9469,2026-03-20,MTY-PRS-02,2.89,59.5,14.7,0
9470,2026-03-20,MTY-PRS-03,2.54,55.2,8.9,0
9471,2026-03-20,MTY-RBT-01,1.21,43.0,10.7,1
9472,2026-03-20,MTY-RBT-02,1.22,38.0,16.0,0
9473,2026-03-20,MTY-RBT-03,1.13,42.6,10.8,0
9474,2026-03-23,BRN-GRD-01,1.14,44.2,1.8,4
9475,2026-03-23,BRN-LTH-01,1.95,45.6,10.6,0
9476,2026-03-23,BRN-LTH-02,1.73,48.9,12.6,1
9477,2026-03-23,BRN-LTH-03,1.94,51.1,12.3,1
9478,2026-03-23,BRN-MIL-01,1.87,42.8,10.5,0
9479,2026-03-23,BRN-MIL-02,1.44,45.9,10.5,1
9480,2026-03-23,BRN-MIL-03,2.0,49.6,14.6,0
9481,2026-03-23,BRN-MIL-04,2.01,49.9,10.9,1
9482,2026-03-23,BRN-MIL-05,1.55,44.7,2.8,4
9483,2026-03-23,BRN-MIL-06,1.51,47.0,12.8,0
9484,2026-03-23,BRN-PRS-01,2.96,62.3,11.7,1
9485,2026-03-23,BRN-PRS-02,3.16,51.4,5.9,0
9486,2026-03-23,BRN-PRS-03,2.82,54.5,9.6,0
9487,2026-03-23,BRN-RBT-01,1.17,44.0,11.6,0
9488,2026-03-23,BRN-RBT-02,1.45,42.5,11.3,0
9489,2026-03-23,DAY-GRD-01,2.51,45.7,10.4,0
9490,2026-03-23,DAY-LTH-01,2.25,46.4,12.8,0
9491,2026-03-23,DAY-LTH-02,1.92,52.6,12.7,1
9492,2026-03-23,DAY-LTH-03,2.5,49.0,10.1,0
9493,2026-03-23,DAY-LTH-04,5.2,61.9,5.2,3
9494,2026-03-23,DAY-LTH-05,1.97,52.3,12.6,0
9495,2026-03-23,DAY-MIL-01,1.58,45.3,13.5,0
9496,2026-03-23,DAY-MIL-02,1.41,49.2,10.8,0
9497,2026-03-23,DAY-MIL-03,1.53,48.2,11.7,0
9498,2026-03-23,DAY-MIL-04,1.65,44.1,10.9,0
9499,2026-03-23,DAY-MIL-05,1.78,48.5,9.3,0
9500,2026-03-23,DAY-MIL-06,1.79,50.1,10.9,0
9501,2026-03-23,DAY-MIL-07,2.72,47.7,14.0,1
9502,2026-03-23,DAY-MIL-08,1.61,44.6,13.1,0
9503,2026-03-23,DAY-PRS-01,2.55,56.4,5.4,0
9504,2026-03-23,DAY-PRS-02,2.67,59.0,2.2,3
9505,2026-03-23,DAY-PRS-03,2.93,47.6,11.4,0
9506,2026-03-23,DAY-PRS-04,2.46,59.1,11.9,0
9507,2026-03-23,DAY-RBT-01,1.04,38.4,10.6,0
9508,2026-03-23,DAY-RBT-02,1.3,46.3,11.2,0
9509,2026-03-23,DAY-RBT-03,0.91,42.0,1.6,0
9510,2026-03-23,MTY-GRD-01,1.38,44.7,12.9,0
9511,2026-03-23,MTY-GRD-02,1.2,46.3,9.9,0
9512,2026-03-23,MTY-LTH-01,2.22,49.6,11.4,1
9513,2026-03-23,MTY-LTH-02,1.97,45.7,11.3,1
9514,2026-03-23,MTY-LTH-03,1.83,50.9,10.9,0
9515,2026-03-23,MTY-LTH-04,2.3,51.0,15.1,0
9516,2026-03-23,MTY-LTH-05,2.11,51.6,14.1,1
9517,2026-03-23,MTY-MIL-01,1.45,48.6,2.7,0
9518,2026-03-23,MTY-MIL-02,4.79,55.2,11.4,2
9519,2026-03-23,MTY-MIL-03,1.83,48.5,11.8,0
9520,2026-03-23,MTY-MIL-04,1.62,46.2,6.7,0
9521,2026-03-23,MTY-MIL-05,1.63,51.8,12.4,0
9522,2026-03-23,MTY-MIL-06,1.95,42.9,8.0,0
9523,2026-03-23,MTY-PRS-01,3.84,60.9,12.3,0
9524,2026-03-23,MTY-PRS-02,2.68,58.9,11.9,0
9525,2026-03-23,MTY-PRS-03,2.85,58.2,12.9,0
9526,2026-03-23,MTY-RBT-01,1.06,41.6,10.3,0
9527,2026-03-23,MTY-RBT-02,1.22,35.6,11.3,0
9528,2026-03-23,MTY-RBT-03,1.18,44.1,13.2,0
9529,2026-03-24,BRN-GRD-01,1.32,46.5,13.3,1
9530,2026-03-24,BRN-LTH-01,1.85,50.2,12.2,0
9531,2026-03-24,BRN-LTH-02,1.92,48.4,14.1,0
9532,2026-03-24,BRN-LTH-03,2.2,49.9,10.3,0
9533,2026-03-24,BRN-MIL-01,1.8,45.1,13.3,0
9534,2026-03-24,BRN-MIL-02,1.36,44.9,10.6,1
9535,2026-03-24,BRN-MIL-03,1.94,48.6,14.4,0
9536,2026-03-24,BRN-MIL-04,2.01,50.9,10.1,0
9537,2026-03-24,BRN-MIL-05,1.45,41.4,8.8,1
9538,2026-03-24,BRN-MIL-06,1.48,46.0,12.1,0
9539,2026-03-24,BRN-PRS-01,3.42,60.3,13.1,0
9540,2026-03-24,BRN-PRS-02,3.61,51.8,13.4,0
9541,2026-03-24,BRN-PRS-03,3.45,53.1,12.2,0
9542,2026-03-24,BRN-RBT-01,1.19,41.5,10.5,0
9543,2026-03-24,BRN-RBT-02,1.61,43.9,12.5,0
9544,2026-03-24,DAY-GRD-01,2.4,50.0,15.0,0
9545,2026-03-24,DAY-LTH-01,2.16,42.9,10.5,0
9546,2026-03-24,DAY-LTH-02,2.06,54.4,11.0,5
9547,2026-03-24,DAY-LTH-03,2.39,51.7,11.6,1
9548,2026-03-24,DAY-LTH-04,5.37,60.8,13.2,3
9549,2026-03-24,DAY-LTH-05,1.99,53.2,14.6,0
9550,2026-03-24,DAY-MIL-01,1.47,44.8,11.2,1
9551,2026-03-24,DAY-MIL-02,1.35,45.5,7.9,0
9552,2026-03-24,DAY-MIL-03,1.49,48.1,11.4,0
9553,2026-03-24,DAY-MIL-04,1.63,46.3,12.8,0
9554,2026-03-24,DAY-MIL-05,1.51,48.7,8.5,0
9555,2026-03-24,DAY-MIL-06,1.55,49.3,10.5,0
9556,2026-03-24,DAY-MIL-07,2.93,48.3,16.0,1
9557,2026-03-24,DAY-MIL-08,1.62,43.5,14.8,0
9558,2026-03-24,DAY-PRS-01,3.16,58.2,12.7,0
9559,2026-03-24,DAY-PRS-03,2.87,51.7,12.3,0
9560,2026-03-24,DAY-PRS-04,2.29,59.3,13.2,0
9561,2026-03-24,DAY-RBT-01,1.03,36.3,10.3,0
9562,2026-03-24,DAY-RBT-02,1.28,43.4,8.7,0
9563,2026-03-24,DAY-RBT-03,1.0,44.4,13.4,0
9564,2026-03-24,MTY-GRD-01,1.31,45.9,12.3,1
9565,2026-03-24,MTY-GRD-02,1.34,49.1,13.2,0
9566,2026-03-24,MTY-LTH-01,2.14,52.4,14.5,0
9567,2026-03-24,MTY-LTH-02,2.03,48.7,13.1,0
9568,2026-03-24,MTY-LTH-03,1.78,51.5,13.2,1
9569,2026-03-24,MTY-LTH-04,2.13,51.0,12.1,0
9570,2026-03-24,MTY-LTH-05,2.06,53.2,12.8,0
9571,2026-03-24,MTY-MIL-01,1.2,45.7,7.9,0
9572,2026-03-24,MTY-MIL-02,1.74,45.4,3.0,3
9573,2026-03-24,MTY-MIL-03,1.65,45.6,6.8,0
9574,2026-03-24,MTY-MIL-04,1.52,45.9,9.7,0
9575,2026-03-24,MTY-MIL-05,1.61,47.6,7.4,0
9576,2026-03-24,MTY-MIL-06,2.24,46.7,14.6,0
9577,2026-03-24,MTY-PRS-01,3.38,61.7,13.6,0
9578,2026-03-24,MTY-PRS-02,2.79,59.9,11.6,0
9579,2026-03-24,MTY-PRS-03,2.73,57.7,12.9,1
9580,2026-03-24,MTY-RBT-01,1.12,44.0,13.6,0
9581,2026-03-24,MTY-RBT-02,1.13,35.1,1.4,0
9582,2026-03-24,MTY-RBT-03,1.03,39.9,8.7,0
9583,2026-03-25,BRN-GRD-01,1.2,44.7,13.7,0
9584,2026-03-25,BRN-LTH-01,1.81,47.8,12.8,0
9585,2026-03-25,BRN-LTH-02,1.68,48.8,11.8,0
9586,2026-03-25,BRN-LTH-03,1.91,47.1,7.7,0
9587,2026-03-25,BRN-MIL-01,1.82,44.2,12.1,0
9588,2026-03-25,BRN-MIL-02,1.33,44.3,9.9,0
9589,2026-03-25,BRN-MIL-03,1.88,48.1,14.3,1
9590,2026-03-25,BRN-MIL-04,2.25,52.2,13.5,3
9591,2026-03-25,BRN-MIL-05,1.48,43.4,13.2,0
9592,2026-03-25,BRN-MIL-06,1.4,44.3,10.3,0
9593,2026-03-25,BRN-PRS-01,3.09,58.0,8.4,0
9594,2026-03-25,BRN-PRS-02,3.39,51.6,11.4,1
9595,2026-03-25,BRN-PRS-03,2.9,53.6,8.3,0
9596,2026-03-25,BRN-RBT-01,1.15,40.1,9.7,0
9597,2026-03-25,BRN-RBT-02,1.49,44.8,12.6,0
9598,2026-03-25,DAY-GRD-01,2.64,47.2,11.2,0
9599,2026-03-25,DAY-LTH-01,2.03,46.9,12.9,0
9600,2026-03-25,DAY-LTH-02,2.1,56.1,14.5,1
9601,2026-03-25,DAY-LTH-03,2.32,50.0,10.8,0
9602,2026-03-25,DAY-LTH-04,5.68,61.9,8.7,0
9603,2026-03-25,DAY-LTH-05,1.84,51.8,12.5,1
9604,2026-03-25,DAY-MIL-01,1.47,47.6,14.9,0
9605,2026-03-25,DAY-MIL-02,1.52,51.1,14.1,0
9606,2026-03-25,DAY-MIL-03,1.44,46.5,11.3,0
9607,2026-03-25,DAY-MIL-04,1.73,44.3,10.4,0
9608,2026-03-25,DAY-MIL-05,1.58,46.7,8.6,0
9609,2026-03-25,DAY-MIL-06,1.87,52.0,13.3,0
9610,2026-03-25,DAY-MIL-07,2.67,45.8,10.8,1
9611,2026-03-25,DAY-MIL-08,1.53,42.3,12.2,0
9612,2026-03-25,DAY-PRS-01,3.0,62.4,14.9,0
9613,2026-03-25,DAY-PRS-03,2.75,50.4,13.0,1
9614,2026-03-25,DAY-PRS-04,2.47,58.4,10.9,1
9615,2026-03-25,DAY-RBT-01,1.07,38.6,10.3,0
9616,2026-03-25,DAY-RBT-02,1.26,46.5,8.8,0
9617,2026-03-25,DAY-RBT-03,0.91,40.7,11.8,0
9618,2026-03-25,MTY-GRD-01,1.11,43.9,9.6,0
9619,2026-03-25,MTY-GRD-02,1.25,48.5,12.1,0
9620,2026-03-25,MTY-LTH-01,2.13,51.6,11.1,0
9621,2026-03-25,MTY-LTH-02,2.19,50.9,15.1,0
9622,2026-03-25,MTY-LTH-03,1.99,49.8,11.4,0
9623,2026-03-25,MTY-LTH-04,2.36,49.5,11.9,0
9624,2026-03-25,MTY-LTH-05,2.39,50.1,15.0,0
9625,2026-03-25,MTY-MIL-01,1.22,51.7,11.9,0
9626,2026-03-25,MTY-MIL-03,1.96,47.9,10.3,0
9627,2026-03-25,MTY-MIL-04,1.72,50.2,14.9,0
9628,2026-03-25,MTY-MIL-05,1.56,50.9,13.4,0
9629,2026-03-25,MTY-MIL-06,1.92,44.6,9.4,0
9630,2026-03-25,MTY-PRS-01,3.23,59.0,12.7,0
9631,2026-03-25,MTY-PRS-02,2.59,58.9,12.1,0
9632,2026-03-25,MTY-PRS-03,2.84,59.0,11.4,0
9633,2026-03-25,MTY-RBT-01,1.24,45.0,11.4,0
9634,2026-03-25,MTY-RBT-02,1.14,35.7,11.1,0
9635,2026-03-25,MTY-RBT-03,1.24,39.1,9.7,0
9636,2026-03-26,BRN-GRD-01,1.29,45.3,11.6,0
9637,2026-03-26,BRN-LTH-01,1.96,46.9,11.5,0
9638,2026-03-26,BRN-LTH-02,1.51,46.8,9.9,0
9639,2026-03-26,BRN-LTH-03,2.38,52.2,13.1,1
9640,2026-03-26,BRN-MIL-01,1.63,46.6,14.1,1
9641,2026-03-26,BRN-MIL-02,1.27,47.3,13.6,0
9642,2026-03-26,BRN-MIL-03,1.83,42.6,9.9,0
9643,2026-03-26,BRN-MIL-04,2.23,51.7,12.5,0
9644,2026-03-26,BRN-MIL-05,1.45,40.7,8.6,0
9645,2026-03-26,BRN-MIL-06,1.43,46.2,12.4,0
9646,2026-03-26,BRN-PRS-01,2.93,57.8,11.8,0
9647,2026-03-26,BRN-PRS-02,3.17,54.2,15.3,0
9648,2026-03-26,BRN-PRS-03,2.88,53.2,11.8,0
9649,2026-03-26,BRN-RBT-01,1.22,44.7,14.9,1
9650,2026-03-26,BRN-RBT-02,1.32,43.8,10.5,0
9651,2026-03-26,DAY-GRD-01,2.49,47.5,9.9,0
9652,2026-03-26,DAY-LTH-01,2.1,46.1,13.6,0
9653,2026-03-26,DAY-LTH-02,2.29,54.0,13.4,3
9654,2026-03-26,DAY-LTH-03,2.12,52.8,13.2,0
9655,2026-03-26,DAY-LTH-04,2.07,53.4,4.1,3
9656,2026-03-26,DAY-LTH-05,1.9,51.6,12.9,0
9657,2026-03-26,DAY-MIL-01,1.53,44.3,12.4,1
9658,2026-03-26,DAY-MIL-02,1.52,49.0,12.5,1
9659,2026-03-26,DAY-MIL-03,1.59,47.0,10.6,0
9660,2026-03-26,DAY-MIL-04,1.56,45.6,10.4,0
9661,2026-03-26,DAY-MIL-05,1.8,49.8,11.2,0
9662,2026-03-26,DAY-MIL-06,1.5,48.1,8.4,0
9663,2026-03-26,DAY-MIL-07,2.96,45.9,10.8,1
9664,2026-03-26,DAY-MIL-08,1.57,44.2,12.4,0
9665,2026-03-26,DAY-PRS-01,2.7,60.7,10.1,0
9666,2026-03-26,DAY-PRS-02,2.64,56.9,12.5,0
9667,2026-03-26,DAY-PRS-03,3.06,51.7,16.0,0
9668,2026-03-26,DAY-PRS-04,2.52,60.4,12.5,0
9669,2026-03-26,DAY-RBT-01,0.96,37.5,8.6,0
9670,2026-03-26,DAY-RBT-02,1.2,43.6,8.3,0
9671,2026-03-26,DAY-RBT-03,0.92,41.4,8.6,0
9672,2026-03-26,MTY-GRD-01,1.3,45.4,11.6,0
9673,2026-03-26,MTY-GRD-02,1.33,44.1,10.3,0
9674,2026-03-26,MTY-LTH-01,2.15,50.1,11.4,0
9675,2026-03-26,MTY-LTH-02,2.0,47.8,12.0,0
9676,2026-03-26,MTY-LTH-03,1.68,49.1,9.3,0
9677,2026-03-26,MTY-LTH-04,2.28,53.2,14.6,0
9678,2026-03-26,MTY-LTH-05,2.14,52.1,11.1,0
9679,2026-03-26,MTY-MIL-01,1.31,49.8,11.3,0
9680,2026-03-26,MTY-MIL-03,1.78,48.7,9.4,0
9681,2026-03-26,MTY-MIL-04,1.62,48.2,11.8,0
9682,2026-03-26,MTY-MIL-05,1.47,49.1,11.9,0
9683,2026-03-26,MTY-MIL-06,2.16,44.0,8.8,0
9684,2026-03-26,MTY-PRS-01,3.46,61.5,13.8,0
9685,2026-03-26,MTY-PRS-02,3.0,58.1,9.8,1
9686,2026-03-26,MTY-PRS-03,2.68,56.3,9.8,0
9687,2026-03-26,MTY-RBT-01,1.22,45.0,13.9,0
9688,2026-03-26,MTY-RBT-02,1.13,34.0,8.7,0
9689,2026-03-26,MTY-RBT-03,1.19,42.8,10.4,1
9690,2026-03-27,BRN-GRD-01,1.24,45.0,10.3,1
9691,2026-03-27,BRN-LTH-01,1.99,48.3,13.8,0
9692,2026-03-27,BRN-LTH-02,1.62,47.6,10.4,0
9693,2026-03-27,BRN-LTH-03,1.97,49.8,8.5,0
9694,2026-03-27,BRN-MIL-01,1.82,43.5,12.5,0
9695,2026-03-27,BRN-MIL-02,1.44,46.1,10.0,0
9696,2026-03-27,BRN-MIL-03,2.0,47.2,13.0,0
9697,2026-03-27,BRN-MIL-04,2.18,53.7,13.1,1
9698,2026-03-27,BRN-MIL-05,1.32,43.9,9.2,0
9699,2026-03-27,BRN-MIL-06,1.45,44.7,11.0,1
9700,2026-03-27,BRN-PRS-01,3.31,59.5,11.2,0
9701,2026-03-27,BRN-PRS-02,2.71,50.5,8.3,1
9702,2026-03-27,BRN-PRS-03,3.15,52.8,11.1,1
9703,2026-03-27,BRN-RBT-01,1.38,43.3,13.5,0
9704,2026-03-27,BRN-RBT-02,1.45,45.0,12.0,1
9705,2026-03-27,DAY-GRD-01,2.5,48.6,12.3,0
9706,2026-03-27,DAY-LTH-01,2.16,44.8,11.7,0
9707,2026-03-27,DAY-LTH-02,2.09,53.7,10.7,4
9708,2026-03-27,DAY-LTH-03,2.1,49.4,12.3,0
9709,2026-03-27,DAY-LTH-05,2.07,52.1,14.9,0
9710,2026-03-27,DAY-MIL-01,1.47,42.5,10.2,0
9711,2026-03-27,DAY-MIL-02,1.43,49.4,4.2,0
9712,2026-03-27,DAY-MIL-03,1.44,47.5,10.4,1
9713,2026-03-27,DAY-MIL-04,1.63,43.7,8.2,0
9714,2026-03-27,DAY-MIL-05,1.76,47.7,8.3,0
9715,2026-03-27,DAY-MIL-06,1.49,50.2,1.3,0
9716,2026-03-27,DAY-MIL-07,3.29,47.8,11.5,0
9717,2026-03-27,DAY-MIL-08,1.43,40.4,9.3,0
9718,2026-03-27,DAY-PRS-01,2.85,61.1,11.2,0
9719,2026-03-27,DAY-PRS-02,2.65,57.3,10.6,1
9720,2026-03-27,DAY-PRS-03,2.49,50.8,11.9,0
9721,2026-03-27,DAY-PRS-04,1.98,56.9,10.1,0
9722,2026-03-27,DAY-RBT-01,1.05,41.1,11.5,0
9723,2026-03-27,DAY-RBT-02,1.22,47.0,13.7,1
9724,2026-03-27,DAY-RBT-03,1.0,43.4,12.4,0
9725,2026-03-27,MTY-GRD-01,1.22,46.4,13.1,0
9726,2026-03-27,MTY-GRD-02,1.39,48.6,13.6,0
9727,2026-03-27,MTY-LTH-01,1.9,48.0,6.8,0
9728,2026-03-27,MTY-LTH-02,1.89,44.5,11.3,0
9729,2026-03-27,MTY-LTH-03,1.97,51.5,12.4,1
9730,2026-03-27,MTY-LTH-04,2.49,53.8,14.0,0
9731,2026-03-27,MTY-LTH-05,2.05,50.2,9.7,0
9732,2026-03-27,MTY-MIL-01,1.31,48.1,9.3,0
9733,2026-03-27,MTY-MIL-03,1.94,50.5,11.7,0
9734,2026-03-27,MTY-MIL-04,1.78,47.0,11.6,0
9735,2026-03-27,MTY-MIL-05,1.86,49.8,11.8,0
9736,2026-03-27,MTY-MIL-06,2.12,47.4,13.0,0
9737,2026-03-27,MTY-PRS-01,3.51,61.7,13.2,0
9738,2026-03-27,MTY-PRS-02,3.06,61.7,14.9,0
9739,2026-03-27,MTY-PRS-03,3.1,57.2,12.1,1
9740,2026-03-27,MTY-RBT-01,1.23,44.2,11.3,0
9741,2026-03-27,MTY-RBT-02,1.21,34.9,12.3,0
9742,2026-03-27,MTY-RBT-03,1.34,43.6,13.2,0
9743,2026-03-30,BRN-GRD-01,1.26,45.3,11.9,0
9744,2026-03-30,BRN-LTH-01,1.9,48.9,11.6,1
9745,2026-03-30,BRN-LTH-02,1.7,49.1,10.4,0
9746,2026-03-30,BRN-LTH-03,2.12,50.7,10.6,0
9747,2026-03-30,BRN-MIL-01,1.74,45.7,12.4,0
9748,2026-03-30,BRN-MIL-02,1.46,47.2,12.8,0
9749,2026-03-30,BRN-MIL-03,2.11,46.6,13.1,0
9750,2026-03-30,BRN-MIL-04,2.33,56.6,12.5,1
9751,2026-03-30,BRN-MIL-05,1.54,44.0,12.9,0
9752,2026-03-30,BRN-MIL-06,1.52,46.6,12.1,1
9753,2026-03-30,BRN-PRS-01,2.95,58.3,10.7,0
9754,2026-03-30,BRN-PRS-02,3.33,49.6,9.7,1
9755,2026-03-30,BRN-PRS-03,3.17,57.1,13.3,1
9756,2026-03-30,BRN-RBT-01,1.14,41.6,9.8,0
9757,2026-03-30,BRN-RBT-02,1.35,44.0,10.3,0
9758,2026-03-30,DAY-GRD-01,2.75,47.8,9.9,0
9759,2026-03-30,DAY-LTH-01,2.43,47.8,14.1,0
9760,2026-03-30,DAY-LTH-02,2.28,57.2,11.7,3
9761,2026-03-30,DAY-LTH-03,2.16,48.8,8.8,0
9762,2026-03-30,DAY-LTH-05,1.87,49.1,9.0,0
9763,2026-03-30,DAY-MIL-01,1.45,45.4,12.4,0
9764,2026-03-30,DAY-MIL-02,1.29,47.8,9.2,0
9765,2026-03-30,DAY-MIL-03,1.55,47.4,12.5,0
9766,2026-03-30,DAY-MIL-04,1.67,44.9,10.3,0
9767,2026-03-30,DAY-MIL-05,1.68,50.2,12.8,0
9768,2026-03-30,DAY-MIL-06,1.64,51.4,9.3,0
9769,2026-03-30,DAY-MIL-07,3.62,46.7,8.9,2
9770,2026-03-30,DAY-MIL-08,1.63,42.2,13.3,0
9771,2026-03-30,DAY-PRS-01,2.65,59.4,10.9,0
9772,2026-03-30,DAY-PRS-02,2.61,56.9,10.8,0
9773,2026-03-30,DAY-PRS-03,3.08,51.8,11.2,0
9774,2026-03-30,DAY-PRS-04,2.44,57.9,11.4,0
9775,2026-03-30,DAY-RBT-01,1.13,40.4,13.4,0
9776,2026-03-30,DAY-RBT-02,1.39,45.1,9.9,1
9777,2026-03-30,DAY-RBT-03,0.91,44.6,11.6,0
9778,2026-03-30,MTY-GRD-01,1.37,42.4,11.1,0
9779,2026-03-30,MTY-GRD-02,1.28,45.2,12.5,0
9780,2026-03-30,MTY-LTH-01,2.02,51.9,12.4,0
9781,2026-03-30,MTY-LTH-02,1.94,45.9,8.0,1
9782,2026-03-30,MTY-LTH-03,1.79,51.1,11.1,0
9783,2026-03-30,MTY-LTH-04,2.4,50.7,14.1,0
9784,2026-03-30,MTY-LTH-05,1.86,51.6,9.0,0
9785,2026-03-30,MTY-MIL-01,1.36,52.2,15.9,1
9786,2026-03-30,MTY-MIL-02,1.76,46.6,12.1,1
9787,2026-03-30,MTY-MIL-03,1.89,47.0,10.0,0
9788,2026-03-30,MTY-MIL-04,1.73,48.0,12.3,0
9789,2026-03-30,MTY-MIL-05,1.68,48.8,11.8,0
9790,2026-03-30,MTY-MIL-06,2.03,45.6,8.7,1
9791,2026-03-30,MTY-PRS-01,3.33,59.8,9.6,0
9792,2026-03-30,MTY-PRS-02,2.73,58.3,10.8,1
9793,2026-03-30,MTY-PRS-03,2.96,57.6,10.1,0
9794,2026-03-30,MTY-RBT-01,1.28,46.0,12.8,0
9795,2026-03-30,MTY-RBT-02,1.04,34.2,9.1,0
9796,2026-03-30,MTY-RBT-03,1.23,43.5,13.5,0
9797,2026-03-31,BRN-GRD-01,1.32,46.4,14.8,0
9798,2026-03-31,BRN-LTH-01,1.83,46.6,12.9,0
9799,2026-03-31,BRN-LTH-02,1.75,49.5,12.4,0
9800,2026-03-31,BRN-LTH-03,2.48,53.5,13.9,0
9801,2026-03-31,BRN-MIL-01,1.87,43.7,11.3,0
9802,2026-03-31,BRN-MIL-02,1.53,47.0,13.5,0
9803,2026-03-31,BRN-MIL-03,1.82,47.1,12.1,0
9804,2026-03-31,BRN-MIL-04,2.12,57.2,11.8,0
9805,2026-03-31,BRN-MIL-05,1.72,45.6,3.9,0
9806,2026-03-31,BRN-MIL-06,1.59,47.1,13.1,0
9807,2026-03-31,BRN-PRS-01,3.26,57.5,11.7,0
9808,2026-03-31,BRN-PRS-02,3.18,50.9,11.0,0
9809,2026-03-31,BRN-PRS-03,2.9,52.5,11.0,0
9810,2026-03-31,BRN-RBT-01,1.12,42.6,10.2,0
9811,2026-03-31,BRN-RBT-02,1.35,44.9,12.3,0
9812,2026-03-31,DAY-GRD-01,2.84,49.4,9.3,0
9813,2026-03-31,DAY-LTH-01,2.36,42.5,9.1,0
9814,2026-03-31,DAY-LTH-02,2.27,57.2,12.7,2
9815,2026-03-31,DAY-LTH-03,2.1,49.5,10.5,0
9816,2026-03-31,DAY-LTH-04,2.26,51.9,9.8,1
9817,2026-03-31,DAY-LTH-05,1.87,50.0,10.2,0
9818,2026-03-31,DAY-MIL-01,1.56,47.1,12.4,0
9819,2026-03-31,DAY-MIL-02,1.52,51.0,14.2,0
9820,2026-03-31,DAY-MIL-03,1.71,49.7,12.4,0
9821,2026-03-31,DAY-MIL-04,1.48,45.3,10.7,0
9822,2026-03-31,DAY-MIL-05,1.57,49.9,10.8,0
9823,2026-03-31,DAY-MIL-06,1.78,50.7,11.1,1
9824,2026-03-31,DAY-MIL-07,3.79,50.3,13.7,1
9825,2026-03-31,DAY-MIL-08,1.48,43.7,12.6,1
9826,2026-03-31,DAY-PRS-01,3.14,61.4,15.0,0
9827,2026-03-31,DAY-PRS-02,2.83,59.0,10.7,0
9828,2026-03-31,DAY-PRS-03,2.75,53.4,11.7,0
9829,2026-03-31,DAY-PRS-04,2.13,57.9,7.3,0
9830,2026-03-31,DAY-RBT-01,1.05,39.9,11.1,0
9831,2026-03-31,DAY-RBT-02,1.41,44.9,13.8,0
9832,2026-03-31,DAY-RBT-03,0.88,41.8,12.2,0
9833,2026-03-31,MTY-GRD-01,1.28,46.4,12.2,0
9834,2026-03-31,MTY-GRD-02,1.33,49.3,14.4,0
9835,2026-03-31,MTY-LTH-01,1.8,50.5,8.4,0
9836,2026-03-31,MTY-LTH-02,1.89,45.8,11.0,1
9837,2026-03-31,MTY-LTH-03,1.9,48.3,11.4,1
9838,2026-03-31,MTY-LTH-04,2.44,49.3,10.2,1
9839,2026-03-31,MTY-LTH-05,2.15,53.2,14.6,0
9840,2026-03-31,MTY-MIL-01,1.36,50.9,13.5,0
9841,2026-03-31,MTY-MIL-02,1.83,49.6,13.0,1
9842,2026-03-31,MTY-MIL-03,1.71,48.6,10.7,0
9843,2026-03-31,MTY-MIL-04,1.85,49.1,13.6,0
9844,2026-03-31,MTY-MIL-05,1.53,49.8,11.0,0
9845,2026-03-31,MTY-MIL-06,2.2,48.0,15.0,0
9846,2026-03-31,MTY-PRS-01,3.05,59.4,10.6,0
9847,2026-03-31,MTY-PRS-02,2.4,59.5,12.0,0
9848,2026-03-31,MTY-PRS-03,2.58,56.1,7.6,0
9849,2026-03-31,MTY-RBT-01,1.28,45.0,14.2,0
9850,2026-03-31,MTY-RBT-02,1.22,38.9,14.2,0
9851,2026-03-31,MTY-RBT-03,1.04,39.8,8.3,0
9852,2026-04-01,BRN-GRD-01,1.26,43.3,11.3,0
9853,2026-04-01,BRN-LTH-01,1.98,48.5,10.9,0
9854,2026-04-01,BRN-LTH-02,1.68,47.7,11.3,1
9855,2026-04-01,BRN-LTH-03,2.53,52.8,13.4,0
9856,2026-04-01,BRN-MIL-01,1.76,46.0,12.3,0
9857,2026-04-01,BRN-MIL-02,1.26,45.6,8.7,0
9858,2026-04-01,BRN-MIL-03,2.0,45.2,11.4,0
9859,2026-04-01,BRN-MIL-04,2.11,51.4,6.3,1
9860,2026-04-01,BRN-MIL-05,1.59,46.1,12.9,1
9861,2026-04-01,BRN-MIL-06,1.53,44.3,9.3,0
9862,2026-04-01,BRN-PRS-01,2.73,58.1,6.0,0
9863,2026-04-01,BRN-PRS-02,3.16,51.1,10.4,0
9864,2026-04-01,BRN-PRS-03,3.05,55.2,11.5,0
9865,2026-04-01,BRN-RBT-01,1.14,42.6,11.5,1
9866,2026-04-01,BRN-RBT-02,1.64,45.7,12.4,0
9867,2026-04-01,DAY-GRD-01,2.95,47.8,10.2,1
9868,2026-04-01,DAY-LTH-01,2.08,42.7,10.9,1
9869,2026-04-01,DAY-LTH-02,2.15,56.9,11.1,0
9870,2026-04-01,DAY-LTH-03,2.17,53.3,15.5,1
9871,2026-04-01,DAY-LTH-04,2.46,55.2,12.4,1
9872,2026-04-01,DAY-LTH-05,1.89,49.5,9.7,0
9873,2026-04-01,DAY-MIL-01,1.73,46.0,14.8,0
9874,2026-04-01,DAY-MIL-02,1.39,49.3,11.7,0
9875,2026-04-01,DAY-MIL-03,1.57,46.3,10.2,1
9876,2026-04-01,DAY-MIL-04,1.8,45.1,10.7,0
9877,2026-04-01,DAY-MIL-05,1.8,49.4,10.0,0
9878,2026-04-01,DAY-MIL-06,1.87,51.5,12.2,0
9879,2026-04-01,DAY-MIL-07,4.12,51.0,13.6,3
9880,2026-04-01,DAY-MIL-08,1.66,43.6,13.2,0
9881,2026-04-01,DAY-PRS-01,3.5,60.0,14.7,1
9882,2026-04-01,DAY-PRS-02,2.65,56.6,9.2,1
9883,2026-04-01,DAY-PRS-03,2.83,49.8,8.8,0
9884,2026-04-01,DAY-PRS-04,2.03,55.5,9.9,0
9885,2026-04-01,DAY-RBT-01,1.14,39.8,11.0,0
9886,2026-04-01,DAY-RBT-02,1.36,47.8,13.3,1
9887,2026-04-01,DAY-RBT-03,0.88,42.2,10.6,0
9888,2026-04-01,MTY-GRD-01,1.25,44.2,11.2,0
9889,2026-04-01,MTY-GRD-02,1.23,45.0,9.2,0
9890,2026-04-01,MTY-LTH-01,2.21,49.2,10.8,0
9891,2026-04-01,MTY-LTH-02,1.92,46.8,11.5,0
9892,2026-04-01,MTY-LTH-03,1.89,52.2,15.0,0
9893,2026-04-01,MTY-LTH-04,2.14,48.5,6.7,0
9894,2026-04-01,MTY-LTH-05,2.04,55.0,13.3,0
9895,2026-04-01,MTY-MIL-01,1.44,51.7,15.0,1
9896,2026-04-01,MTY-MIL-02,1.79,48.5,12.4,0
9897,2026-04-01,MTY-MIL-03,1.85,48.3,10.3,0
9898,2026-04-01,MTY-MIL-04,1.72,49.2,13.6,0
9899,2026-04-01,MTY-MIL-05,1.61,49.7,12.2,1
9900,2026-04-01,MTY-MIL-06,1.98,45.4,9.9,0
9901,2026-04-01,MTY-PRS-01,3.57,61.3,12.3,0
9902,2026-04-01,MTY-PRS-02,2.85,61.4,12.7,0
9903,2026-04-01,MTY-PRS-03,2.76,56.6,9.2,1
9904,2026-04-01,MTY-RBT-01,1.19,43.7,12.8,1
9905,2026-04-01,MTY-RBT-02,1.17,34.5,11.1,1
9906,2026-04-01,MTY-RBT-03,1.08,42.9,10.3,0
9907,2026-04-02,BRN-GRD-01,1.25,43.5,9.8,0
9908,2026-04-02,BRN-LTH-01,2.11,48.9,15.6,0
9909,2026-04-02,BRN-LTH-02,1.63,46.7,11.1,0
9910,2026-04-02,BRN-LTH-03,2.31,53.7,13.5,0
9911,2026-04-02,BRN-MIL-01,1.95,46.9,13.9,1
9912,2026-04-02,BRN-MIL-02,1.29,43.7,11.6,0
9913,2026-04-02,BRN-MIL-03,2.04,47.2,13.8,1
9914,2026-04-02,BRN-MIL-04,1.71,43.7,4.1,3
9915,2026-04-02,BRN-MIL-05,1.78,43.3,13.1,0
9916,2026-04-02,BRN-MIL-06,1.41,45.6,10.8,0
9917,2026-04-02,BRN-PRS-01,2.87,56.7,10.5,0
9918,2026-04-02,BRN-PRS-02,3.3,50.8,10.8,0
9919,2026-04-02,BRN-PRS-03,3.33,57.0,14.1,0
9920,2026-04-02,BRN-RBT-01,1.18,39.4,8.5,0
9921,2026-04-02,BRN-RBT-02,1.52,44.6,11.2,0
9922,2026-04-02,DAY-GRD-01,2.85,48.3,10.8,1
9923,2026-04-02,DAY-LTH-01,2.2,45.1,12.2,0
9924,2026-04-02,DAY-LTH-02,1.61,48.4,4.8,3
9925,2026-04-02,DAY-LTH-03,2.23,48.2,11.3,0
9926,2026-04-02,DAY-LTH-04,2.51,55.6,12.9,0
9927,2026-04-02,DAY-LTH-05,1.97,51.5,10.6,0
9928,2026-04-02,DAY-MIL-01,1.46,41.8,8.5,0
9929,2026-04-02,DAY-MIL-02,1.49,47.8,10.9,0
9930,2026-04-02,DAY-MIL-03,1.48,47.7,10.8,0
9931,2026-04-02,DAY-MIL-04,1.75,48.5,14.8,0
9932,2026-04-02,DAY-MIL-05,1.77,49.5,10.8,1
9933,2026-04-02,DAY-MIL-06,1.82,52.5,12.0,0
9934,2026-04-02,DAY-MIL-07,3.98,49.8,8.2,4
9935,2026-04-02,DAY-MIL-08,1.61,41.1,13.1,0
9936,2026-04-02,DAY-PRS-01,2.87,62.5,14.2,0
9937,2026-04-02,DAY-PRS-02,2.87,57.2,12.0,0
9938,2026-04-02,DAY-PRS-03,3.04,51.9,13.1,0
9939,2026-04-02,DAY-PRS-04,2.04,56.8,12.1,0
9940,2026-04-02,DAY-RBT-01,0.98,37.7,7.7,0
9941,2026-04-02,DAY-RBT-02,1.28,45.8,10.5,0
9942,2026-04-02,DAY-RBT-03,0.92,41.7,10.4,0
9943,2026-04-02,MTY-GRD-01,1.27,45.3,14.3,0
9944,2026-04-02,MTY-GRD-02,1.39,49.9,12.2,0
9945,2026-04-02,MTY-LTH-01,2.32,51.6,14.3,1
9946,2026-04-02,MTY-LTH-02,1.99,47.5,12.0,0
9947,2026-04-02,MTY-LTH-03,1.66,50.9,12.0,0
9948,2026-04-02,MTY-LTH-04,2.37,51.6,13.3,0
9949,2026-04-02,MTY-LTH-05,1.86,51.3,11.1,0
9950,2026-04-02,MTY-MIL-01,1.51,48.9,12.1,0
9951,2026-04-02,MTY-MIL-02,1.63,47.7,9.6,0
9952,2026-04-02,MTY-MIL-03,2.08,49.6,13.8,0
9953,2026-04-02,MTY-MIL-04,1.64,51.8,15.1,1
9954,2026-04-02,MTY-MIL-05,1.7,51.1,12.0,1
9955,2026-04-02,MTY-MIL-06,2.33,47.5,15.9,0
9956,2026-04-02,MTY-PRS-01,3.45,61.1,11.6,1
9957,2026-04-02,MTY-PRS-02,2.73,61.3,13.5,0
9958,2026-04-02,MTY-PRS-03,2.72,58.1,13.8,0
9959,2026-04-02,MTY-RBT-01,1.08,40.3,10.4,0
9960,2026-04-02,MTY-RBT-02,1.21,37.5,12.2,2
9961,2026-04-02,MTY-RBT-03,1.16,40.6,10.3,1
9962,2026-04-03,BRN-GRD-01,1.26,45.5,12.4,0
9963,2026-04-03,BRN-LTH-01,1.88,47.4,3.8,0
9964,2026-04-03,BRN-LTH-02,1.79,48.4,11.5,0
9965,2026-04-03,BRN-LTH-03,2.21,50.7,11.3,0
9966,2026-04-03,BRN-MIL-01,1.68,43.8,9.5,0
9967,2026-04-03,BRN-MIL-02,1.35,44.1,10.4,0
9968,2026-04-03,BRN-MIL-03,1.81,45.3,11.1,0
9969,2026-04-03,BRN-MIL-04,1.66,41.3,9.6,0
9970,2026-04-03,BRN-MIL-05,1.61,44.6,14.2,0
9971,2026-04-03,BRN-MIL-06,1.48,44.3,10.9,0
9972,2026-04-03,BRN-PRS-01,2.88,59.9,13.2,0
9973,2026-04-03,BRN-PRS-02,3.01,52.0,9.4,1
9974,2026-04-03,BRN-PRS-03,3.33,54.5,11.7,0
9975,2026-04-03,BRN-RBT-01,1.21,45.1,13.7,0
9976,2026-04-03,BRN-RBT-02,1.41,44.0,8.5,0
9977,2026-04-03,DAY-GRD-01,3.11,50.5,13.1,0
9978,2026-04-03,DAY-LTH-01,1.86,41.5,8.7,0
9979,2026-04-03,DAY-LTH-02,1.67,49.2,9.8,0
9980,2026-04-03,DAY-LTH-03,2.18,50.5,11.7,1
9981,2026-04-03,DAY-LTH-04,2.52,51.0,9.6,1
9982,2026-04-03,DAY-LTH-05,1.79,50.4,9.3,0
9983,2026-04-03,DAY-MIL-01,1.53,47.7,13.0,0
9984,2026-04-03,DAY-MIL-02,1.45,47.5,11.5,0
9985,2026-04-03,DAY-MIL-03,1.69,45.1,8.9,0
9986,2026-04-03,DAY-MIL-04,1.76,44.1,10.3,0
9987,2026-04-03,DAY-MIL-05,1.64,49.0,8.9,0
9988,2026-04-03,DAY-MIL-06,1.83,52.3,16.0,0
9989,2026-04-03,DAY-MIL-07,4.19,49.1,9.8,3
9990,2026-04-03,DAY-MIL-08,1.49,41.9,10.3,0
9991,2026-04-03,DAY-PRS-01,2.91,60.0,10.3,0
9992,2026-04-03,DAY-PRS-02,2.58,53.7,8.1,0
9993,2026-04-03,DAY-PRS-03,3.1,51.6,14.5,0
9994,2026-04-03,DAY-PRS-04,2.12,57.5,13.1,0
9995,2026-04-03,DAY-RBT-01,0.96,36.8,8.2,0
9996,2026-04-03,DAY-RBT-02,1.16,45.9,9.4,0
9997,2026-04-03,DAY-RBT-03,0.89,45.4,12.4,1
9998,2026-04-03,MTY-GRD-01,1.11,44.6,10.1,0
9999,2026-04-03,MTY-GRD-02,1.38,47.4,12.1,0
10000,2026-04-03,MTY-LTH-01,2.06,49.4,11.3,0
10001,2026-04-03,MTY-LTH-02,1.85,46.3,10.5,0
10002,2026-04-03,MTY-LTH-03,1.93,49.7,10.3,0
10003,2026-04-03,MTY-LTH-04,2.05,52.0,9.9,0
10004,2026-04-03,MTY-LTH-05,2.09,53.1,11.1,0
10005,2026-04-03,MTY-MIL-01,1.31,50.4,13.2,1
10006,2026-04-03,MTY-MIL-02,1.69,48.1,13.6,1
10007,2026-04-03,MTY-MIL-03,1.78,48.2,5.2,1
10008,2026-04-03,MTY-MIL-04,1.84,49.7,12.1,1
10009,2026-04-03,MTY-MIL-05,1.7,48.0,1.0,0
10010,2026-04-03,MTY-MIL-06,1.92,45.0,4.9,1
10011,2026-04-03,MTY-PRS-01,3.79,64.3,14.6,0
10012,2026-04-03,MTY-PRS-02,2.89,57.6,12.7,0
10013,2026-04-03,MTY-PRS-03,2.67,58.7,11.5,1
10014,2026-04-03,MTY-RBT-01,1.2,42.6,12.5,0
10015,2026-04-03,MTY-RBT-02,1.09,36.5,11.5,0
10016,2026-04-03,MTY-RBT-03,1.14,40.3,9.3,0
10017,2026-04-06,DAY-GRD-01,3.3,47.8,10.2,0
10018,2026-04-06,DAY-LTH-01,2.1,44.4,12.9,0
10019,2026-04-06,DAY-LTH-02,1.61,49.2,13.3,0
10020,2026-04-06,DAY-LTH-03,2.0,49.3,12.8,0
10021,2026-04-06,DAY-LTH-04,3.17,56.7,13.0,1
10022,2026-04-06,DAY-LTH-05,1.94,53.8,16.0,0
10023,2026-04-06,DAY-MIL-01,1.6,44.8,13.3,0
10024,2026-04-06,DAY-MIL-02,1.38,46.7,12.5,0
10025,2026-04-06,DAY-MIL-03,1.72,50.5,11.7,0
10026,2026-04-06,DAY-MIL-04,1.43,46.8,10.9,0
10027,2026-04-06,DAY-MIL-05,1.84,51.5,13.2,0
10028,2026-04-06,DAY-MIL-06,1.67,49.1,9.9,1
10029,2026-04-06,DAY-MIL-07,1.91,42.3,5.6,3
10030,2026-04-06,DAY-MIL-08,1.61,44.4,13.7,0
10031,2026-04-06,DAY-PRS-01,2.91,62.0,13.3,2
10032,2026-04-06,DAY-PRS-02,2.68,59.5,13.4,0
10033,2026-04-06,DAY-PRS-03,2.65,53.0,13.0,1
10034,2026-04-06,DAY-PRS-04,2.44,58.1,11.9,0
10035,2026-04-06,DAY-RBT-01,1.1,39.4,10.3,0
10036,2026-04-06,DAY-RBT-02,1.32,45.4,10.3,0
10037,2026-04-06,DAY-RBT-03,0.85,41.9,9.1,0
10038,2026-04-06,MTY-GRD-01,1.27,44.4,8.8,0
10039,2026-04-06,MTY-GRD-02,1.23,46.7,8.0,0
10040,2026-04-06,MTY-LTH-01,1.95,50.6,10.1,1
10041,2026-04-06,MTY-LTH-02,2.14,48.7,14.3,1
10042,2026-04-06,MTY-LTH-03,1.9,50.8,12.9,0
10043,2026-04-06,MTY-LTH-04,2.42,52.8,15.1,0
10044,2026-04-06,MTY-LTH-05,2.27,53.3,12.6,0
10045,2026-04-06,MTY-MIL-01,1.28,49.8,10.7,0
10046,2026-04-06,MTY-MIL-02,1.96,47.1,10.7,0
10047,2026-04-06,MTY-MIL-03,1.86,44.7,8.1,1
10048,2026-04-06,MTY-MIL-04,1.61,49.1,12.5,0
10049,2026-04-06,MTY-MIL-05,1.42,48.8,10.1,0
10050,2026-04-06,MTY-MIL-06,1.95,47.6,12.4,0
10051,2026-04-06,MTY-PRS-01,3.63,61.8,12.1,1
10052,2026-04-06,MTY-PRS-02,2.85,60.9,13.9,0
10053,2026-04-06,MTY-PRS-03,2.81,56.8,10.8,0
10054,2026-04-06,MTY-RBT-01,1.26,44.4,12.5,0
10055,2026-04-06,MTY-RBT-02,1.23,40.0,16.0,0
10056,2026-04-06,MTY-RBT-03,1.14,42.6,12.2,2
10057,2026-04-07,BRN-GRD-01,1.2,42.6,8.6,0
10058,2026-04-07,BRN-LTH-01,1.67,44.4,9.8,1
10059,2026-04-07,BRN-LTH-02,1.66,48.5,8.9,0
10060,2026-04-07,BRN-LTH-03,2.33,51.9,12.1,0
10061,2026-04-07,BRN-MIL-01,1.68,43.7,8.3,0
10062,2026-04-07,BRN-MIL-02,1.36,46.5,10.2,0
10063,2026-04-07,BRN-MIL-03,2.09,49.2,14.7,0
10064,2026-04-07,BRN-MIL-04,1.61,43.8,11.2,0
10065,2026-04-07,BRN-MIL-05,1.54,44.0,10.6,0
10066,2026-04-07,BRN-MIL-06,1.45,47.0,10.3,0
10067,2026-04-07,BRN-PRS-01,3.0,59.8,10.1,0
10068,2026-04-07,BRN-PRS-02,3.46,52.8,11.8,0
10069,2026-04-07,BRN-PRS-03,3.25,57.1,9.5,0
10070,2026-04-07,BRN-RBT-01,1.05,41.1,5.3,0
10071,2026-04-07,BRN-RBT-02,1.55,46.4,15.5,0
10072,2026-04-07,DAY-GRD-01,3.5,50.3,11.0,0
10073,2026-04-07,DAY-LTH-01,2.47,46.3,11.8,0
10074,2026-04-07,DAY-LTH-02,1.72,49.5,10.2,0
10075,2026-04-07,DAY-LTH-03,2.11,50.3,10.8,0
10076,2026-04-07,DAY-LTH-04,3.2,56.6,12.6,1
10077,2026-04-07,DAY-LTH-05,1.99,50.4,12.0,0
10078,2026-04-07,DAY-MIL-01,1.5,46.9,12.4,0
10079,2026-04-07,DAY-MIL-02,1.51,47.5,13.5,0
10080,2026-04-07,DAY-MIL-03,1.7,49.6,10.1,2
10081,2026-04-07,DAY-MIL-04,1.44,44.2,8.0,0
10082,2026-04-07,DAY-MIL-05,1.66,50.5,10.4,3
10083,2026-04-07,DAY-MIL-06,1.54,52.4,12.4,0
10084,2026-04-07,DAY-MIL-08,1.84,42.7,11.0,0
10085,2026-04-07,DAY-PRS-01,3.01,61.7,11.2,0
10086,2026-04-07,DAY-PRS-02,2.84,59.4,11.5,0
10087,2026-04-07,DAY-PRS-03,2.97,51.8,12.9,0
10088,2026-04-07,DAY-PRS-04,2.29,58.0,13.0,1
10089,2026-04-07,DAY-RBT-01,0.89,39.1,9.3,0
10090,2026-04-07,DAY-RBT-02,1.19,44.6,9.4,0
10091,2026-04-07,DAY-RBT-03,0.88,43.9,12.7,1
10092,2026-04-07,MTY-GRD-01,1.26,47.4,12.8,1
10093,2026-04-07,MTY-GRD-02,1.13,46.4,8.7,0
10094,2026-04-07,MTY-LTH-01,2.04,50.8,10.0,1
10095,2026-04-07,MTY-LTH-02,1.96,46.7,10.0,0
10096,2026-04-07,MTY-LTH-03,1.85,50.7,11.0,0
10097,2026-04-07,MTY-LTH-04,2.54,50.3,10.0,0
10098,2026-04-07,MTY-LTH-05,2.23,51.5,7.8,0
10099,2026-04-07,MTY-MIL-01,1.18,49.8,10.0,0
10100,2026-04-07,MTY-MIL-02,1.75,46.3,10.4,0
10101,2026-04-07,MTY-MIL-03,1.6,43.0,5.8,0
10102,2026-04-07,MTY-MIL-04,1.84,49.2,12.3,0
10103,2026-04-07,MTY-MIL-05,1.61,50.0,11.3,0
10104,2026-04-07,MTY-MIL-06,1.91,45.3,11.8,0
10105,2026-04-07,MTY-PRS-01,3.03,60.4,11.1,0
10106,2026-04-07,MTY-PRS-02,2.72,61.5,15.6,0
10107,2026-04-07,MTY-PRS-03,2.81,57.5,13.9,0
10108,2026-04-07,MTY-RBT-01,1.33,46.2,13.4,0
10109,2026-04-07,MTY-RBT-02,1.09,37.1,9.6,0
10110,2026-04-07,MTY-RBT-03,1.1,43.3,11.2,0
10111,2026-04-08,BRN-GRD-01,1.27,44.2,9.7,0
10112,2026-04-08,BRN-LTH-01,1.66,47.0,10.6,0
10113,2026-04-08,BRN-LTH-02,1.53,49.3,10.8,0
10114,2026-04-08,BRN-LTH-03,2.15,50.0,9.5,1
10115,2026-04-08,BRN-MIL-01,1.62,44.0,10.0,0
10116,2026-04-08,BRN-MIL-02,1.5,46.4,10.9,0
10117,2026-04-08,BRN-MIL-03,1.9,46.7,3.4,0
10118,2026-04-08,BRN-MIL-04,1.77,43.5,13.7,0
10119,2026-04-08,BRN-MIL-05,1.81,44.9,14.3,1
10120,2026-04-08,BRN-MIL-06,1.53,45.0,12.6,1
10121,2026-04-08,BRN-PRS-01,3.11,60.1,12.2,0
10122,2026-04-08,BRN-PRS-02,3.65,53.0,14.1,0
10123,2026-04-08,BRN-PRS-03,2.98,53.3,10.2,0
10124,2026-04-08,BRN-RBT-01,1.15,41.9,9.7,1
10125,2026-04-08,BRN-RBT-02,1.42,45.6,9.3,0
10126,2026-04-08,DAY-GRD-01,3.4,49.0,11.7,1
10127,2026-04-08,DAY-LTH-01,2.31,43.2,11.0,0
10128,2026-04-08,DAY-LTH-02,1.42,50.5,11.9,1
10129,2026-04-08,DAY-LTH-03,2.16,53.9,13.9,0
10130,2026-04-08,DAY-LTH-04,3.2,55.9,9.9,0
10131,2026-04-08,DAY-LTH-05,1.83,51.1,9.1,1
10132,2026-04-08,DAY-MIL-01,1.4,45.8,11.8,0
10133,2026-04-08,DAY-MIL-02,1.34,47.1,9.3,1
10134,2026-04-08,DAY-MIL-03,1.68,50.5,10.5,2
10135,2026-04-08,DAY-MIL-04,1.66,46.0,10.7,0
10136,2026-04-08,DAY-MIL-05,1.81,50.3,10.8,1
10137,2026-04-08,DAY-MIL-06,1.83,51.7,16.0,0
10138,2026-04-08,DAY-MIL-08,1.52,42.3,10.8,1
10139,2026-04-08,DAY-PRS-01,2.73,60.5,6.2,0
10140,2026-04-08,DAY-PRS-02,2.81,60.3,13.3,0
10141,2026-04-08,DAY-PRS-03,2.75,51.2,11.3,0
10142,2026-04-08,DAY-PRS-04,2.31,58.5,11.7,1
10143,2026-04-08,DAY-RBT-01,1.1,37.5,10.3,0
10144,2026-04-08,DAY-RBT-02,1.34,46.5,10.8,0
10145,2026-04-08,DAY-RBT-03,0.93,45.0,13.4,0
10146,2026-04-08,MTY-GRD-01,1.27,44.3,9.2,0
10147,2026-04-08,MTY-GRD-02,1.29,46.3,8.9,0
10148,2026-04-08,MTY-LTH-01,2.38,52.6,14.8,1
10149,2026-04-08,MTY-LTH-02,2.05,47.3,13.7,0
10150,2026-04-08,MTY-LTH-03,2.03,52.0,13.4,1
10151,2026-04-08,MTY-LTH-04,2.27,49.8,11.1,1
10152,2026-04-08,MTY-LTH-05,2.34,51.8,12.0,1
10153,2026-04-08,MTY-MIL-01,1.29,50.1,9.1,0
10154,2026-04-08,MTY-MIL-02,1.63,47.1,9.9,0
10155,2026-04-08,MTY-MIL-03,1.74,47.3,12.2,0
10156,2026-04-08,MTY-MIL-04,1.7,48.2,11.7,0
10157,2026-04-08,MTY-MIL-05,1.66,49.3,13.5,0
10158,2026-04-08,MTY-MIL-06,1.84,43.8,10.1,1
10159,2026-04-08,MTY-PRS-01,3.74,63.1,12.8,0
10160,2026-04-08,MTY-PRS-02,2.65,61.1,12.7,0
10161,2026-04-08,MTY-PRS-03,2.82,59.0,13.8,0
10162,2026-04-08,MTY-RBT-01,1.14,43.4,9.7,0
10163,2026-04-08,MTY-RBT-02,1.08,38.4,12.7,0
10164,2026-04-08,MTY-RBT-03,1.14,43.8,11.9,0
10165,2026-04-09,BRN-GRD-01,1.13,44.5,10.6,0
10166,2026-04-09,BRN-LTH-01,1.76,42.2,7.6,1
10167,2026-04-09,BRN-LTH-02,1.62,50.4,13.7,0
10168,2026-04-09,BRN-LTH-03,2.13,50.4,9.4,1
10169,2026-04-09,BRN-MIL-01,1.65,45.6,12.3,0
10170,2026-04-09,BRN-MIL-02,1.36,47.2,11.5,0
10171,2026-04-09,BRN-MIL-03,1.72,45.8,13.2,0
10172,2026-04-09,BRN-MIL-04,1.78,42.4,11.6,0
10173,2026-04-09,BRN-MIL-05,1.75,41.1,12.0,1
10174,2026-04-09,BRN-MIL-06,1.61,47.5,13.3,0
10175,2026-04-09,BRN-PRS-01,3.07,57.9,10.5,1
10176,2026-04-09,BRN-PRS-02,3.91,55.8,15.6,0
10177,2026-04-09,BRN-PRS-03,3.25,54.9,12.1,0
10178,2026-04-09,BRN-RBT-01,1.15,42.2,11.5,0
10179,2026-04-09,BRN-RBT-02,1.45,45.4,12.7,0
10180,2026-04-09,DAY-GRD-01,3.61,50.4,13.0,0
10181,2026-04-09,DAY-LTH-01,2.23,42.5,12.8,0
10182,2026-04-09,DAY-LTH-02,1.64,47.6,11.6,0
10183,2026-04-09,DAY-LTH-03,2.28,53.0,14.3,0
10184,2026-04-09,DAY-LTH-04,3.13,56.9,9.6,0
10185,2026-04-09,DAY-LTH-05,1.83,50.8,10.4,0
10186,2026-04-09,DAY-MIL-01,1.66,47.3,12.6,2
10187,2026-04-09,DAY-MIL-02,1.56,50.8,14.3,0
10188,2026-04-09,DAY-MIL-03,1.86,51.1,11.4,3
10189,2026-04-09,DAY-MIL-04,1.78,46.9,13.3,0
10190,2026-04-09,DAY-MIL-05,2.05,51.7,11.9,0
10191,2026-04-09,DAY-MIL-06,1.66,51.4,12.4,0
10192,2026-04-09,DAY-MIL-08,1.43,44.2,11.6,0
10193,2026-04-09,DAY-PRS-01,2.36,59.4,10.5,0
10194,2026-04-09,DAY-PRS-02,3.13,61.7,14.2,0
10195,2026-04-09,DAY-PRS-03,3.3,50.8,13.4,0
10196,2026-04-09,DAY-PRS-04,1.86,57.4,10.4,0
10197,2026-04-09,DAY-RBT-01,1.16,40.3,13.9,1
10198,2026-04-09,DAY-RBT-02,1.25,45.4,10.4,1
10199,2026-04-09,DAY-RBT-03,1.03,48.0,15.4,0
10200,2026-04-09,MTY-GRD-01,1.34,46.7,12.3,0
10201,2026-04-09,MTY-GRD-02,1.34,47.4,12.3,0
10202,2026-04-09,MTY-LTH-01,1.95,51.4,11.6,0
10203,2026-04-09,MTY-LTH-02,2.23,43.7,9.4,0
10204,2026-04-09,MTY-LTH-03,1.53,49.4,8.3,1
10205,2026-04-09,MTY-LTH-04,2.27,52.1,11.1,0
10206,2026-04-09,MTY-LTH-05,2.09,51.3,8.5,0
10207,2026-04-09,MTY-MIL-01,1.46,50.1,13.5,1
10208,2026-04-09,MTY-MIL-02,1.71,46.8,10.8,0
10209,2026-04-09,MTY-MIL-03,1.49,45.4,8.8,0
10210,2026-04-09,MTY-MIL-04,1.64,48.4,12.0,0
10211,2026-04-09,MTY-MIL-05,1.6,50.2,12.3,1
10212,2026-04-09,MTY-MIL-06,2.02,43.4,11.7,0
10213,2026-04-09,MTY-PRS-01,3.17,61.8,9.9,0
10214,2026-04-09,MTY-PRS-02,2.61,58.6,12.3,0
10215,2026-04-09,MTY-PRS-03,2.94,58.9,13.0,0
10216,2026-04-09,MTY-RBT-01,1.3,44.7,13.6,0
10217,2026-04-09,MTY-RBT-02,1.25,33.6,9.4,0
10218,2026-04-09,MTY-RBT-03,1.2,42.8,11.7,0
10219,2026-04-10,BRN-GRD-01,1.21,44.1,8.0,0
10220,2026-04-10,BRN-LTH-01,1.63,45.4,10.5,0
10221,2026-04-10,BRN-LTH-02,1.63,48.3,11.1,0
10222,2026-04-10,BRN-LTH-03,2.27,51.5,11.9,0
10223,2026-04-10,BRN-MIL-01,1.65,48.2,15.0,0
10224,2026-04-10,BRN-MIL-02,1.5,46.4,12.4,0
10225,2026-04-10,BRN-MIL-03,1.91,46.7,12.3,0
10226,2026-04-10,BRN-MIL-04,1.81,46.0,12.2,0
10227,2026-04-10,BRN-MIL-05,1.66,44.4,12.3,0
10228,2026-04-10,BRN-MIL-06,1.57,47.3,13.5,0
10229,2026-04-10,BRN-PRS-01,2.78,58.8,11.6,0
10230,2026-04-10,BRN-PRS-02,3.41,51.5,12.9,0
10231,2026-04-10,BRN-PRS-03,3.01,54.0,11.0,0
10232,2026-04-10,BRN-RBT-01,1.32,42.0,13.4,0
10233,2026-04-10,BRN-RBT-02,1.35,46.4,12.2,0
10234,2026-04-10,DAY-GRD-01,3.47,51.1,10.7,1
10235,2026-04-10,DAY-LTH-01,2.12,43.7,9.2,0
10236,2026-04-10,DAY-LTH-02,1.64,47.0,12.8,0
10237,2026-04-10,DAY-LTH-03,2.13,50.9,12.6,0
10238,2026-04-10,DAY-LTH-04,3.54,56.5,10.4,1
10239,2026-04-10,DAY-LTH-05,1.83,52.9,13.3,0
10240,2026-04-10,DAY-MIL-01,1.56,45.9,14.2,1
10241,2026-04-10,DAY-MIL-02,1.58,49.7,12.6,0
10242,2026-04-10,DAY-MIL-03,1.57,52.5,13.3,3
10243,2026-04-10,DAY-MIL-04,1.67,47.1,13.8,0
10244,2026-04-10,DAY-MIL-05,1.68,52.7,12.9,0
10245,2026-04-10,DAY-MIL-06,1.68,50.4,7.6,0
10246,2026-04-10,DAY-MIL-07,1.83,43.2,10.9,0
10247,2026-04-10,DAY-MIL-08,1.46,43.7,12.3,0
10248,2026-04-10,DAY-PRS-01,2.85,62.1,14.1,0
10249,2026-04-10,DAY-PRS-02,2.83,57.1,9.7,0
10250,2026-04-10,DAY-PRS-03,2.69,49.8,10.0,0
10251,2026-04-10,DAY-PRS-04,2.06,57.3,9.0,0
10252,2026-04-10,DAY-RBT-01,0.97,39.7,11.0,0
10253,2026-04-10,DAY-RBT-02,1.34,47.1,11.1,0
10254,2026-04-10,DAY-RBT-03,0.97,43.7,11.8,0
10255,2026-04-10,MTY-GRD-01,1.26,44.8,10.6,0
10256,2026-04-10,MTY-GRD-02,1.32,46.6,9.8,0
10257,2026-04-10,MTY-LTH-01,2.15,52.3,11.3,0
10258,2026-04-10,MTY-LTH-02,2.11,46.0,8.5,0
10259,2026-04-10,MTY-LTH-03,1.71,52.2,12.7,0
10260,2026-04-10,MTY-LTH-04,2.3,50.1,10.9,0
10261,2026-04-10,MTY-LTH-05,1.9,51.2,1.2,0
10262,2026-04-10,MTY-MIL-01,1.28,46.7,8.1,0
10263,2026-04-10,MTY-MIL-02,1.56,47.5,11.1,0
10264,2026-04-10,MTY-MIL-03,1.67,46.2,11.8,0
10265,2026-04-10,MTY-MIL-04,1.67,47.2,10.9,0
10266,2026-04-10,MTY-MIL-05,1.57,49.2,14.3,0
10267,2026-04-10,MTY-MIL-06,1.99,43.5,10.0,0
10268,2026-04-10,MTY-PRS-01,3.57,61.6,13.2,1
10269,2026-04-10,MTY-PRS-02,3.03,63.0,16.0,0
10270,2026-04-10,MTY-PRS-03,3.28,57.6,12.1,0
10271,2026-04-10,MTY-RBT-01,1.09,43.6,10.9,1
10272,2026-04-10,MTY-RBT-02,1.04,36.1,9.4,1
10273,2026-04-10,MTY-RBT-03,1.21,45.2,13.8,0
10274,2026-04-13,BRN-GRD-01,1.4,47.2,14.4,0
10275,2026-04-13,BRN-LTH-01,1.98,48.1,15.3,0
10276,2026-04-13,BRN-LTH-02,1.7,50.5,14.3,0
10277,2026-04-13,BRN-LTH-03,2.23,52.2,12.6,1
10278,2026-04-13,BRN-MIL-01,1.59,45.0,11.0,0
10279,2026-04-13,BRN-MIL-02,1.42,47.6,10.8,0
10280,2026-04-13,BRN-MIL-03,1.66,44.2,7.9,0
10281,2026-04-13,BRN-MIL-04,1.77,44.9,10.7,0
10282,2026-04-13,BRN-MIL-05,1.64,44.1,11.5,0
10283,2026-04-13,BRN-MIL-06,1.55,46.2,12.8,0
10284,2026-04-13,BRN-PRS-01,3.06,59.2,12.6,0
10285,2026-04-13,BRN-PRS-02,3.38,52.2,11.1,0
10286,2026-04-13,BRN-PRS-03,2.56,50.5,3.0,0
10287,2026-04-13,BRN-RBT-01,1.2,45.0,13.5,0
10288,2026-04-13,BRN-RBT-02,1.43,45.4,12.7,1
10289,2026-04-13,DAY-GRD-01,4.05,49.5,11.0,2
10290,2026-04-13,DAY-LTH-01,2.23,46.4,12.9,0
10291,2026-04-13,DAY-LTH-02,1.45,48.4,9.7,1
10292,2026-04-13,DAY-LTH-03,2.21,51.9,11.5,0
10293,2026-04-13,DAY-LTH-04,3.91,59.3,12.2,3
10294,2026-04-13,DAY-LTH-05,1.92,50.8,10.2,1
10295,2026-04-13,DAY-MIL-01,1.48,42.4,8.6,0
10296,2026-04-13,DAY-MIL-02,1.46,49.3,8.8,1
10297,2026-04-13,DAY-MIL-03,1.7,48.4,13.1,0
10298,2026-04-13,DAY-MIL-04,1.7,45.1,12.6,0
10299,2026-04-13,DAY-MIL-05,1.91,50.5,10.0,0
10300,2026-04-13,DAY-MIL-06,1.78,50.3,11.7,0
10301,2026-04-13,DAY-MIL-07,2.06,44.7,13.1,0
10302,2026-04-13,DAY-MIL-08,1.66,44.7,11.5,0
10303,2026-04-13,DAY-PRS-01,2.83,60.5,13.0,1
10304,2026-04-13,DAY-PRS-02,2.41,58.4,8.9,0
10305,2026-04-13,DAY-PRS-03,2.77,53.4,12.6,2
10306,2026-04-13,DAY-PRS-04,2.19,59.1,13.6,1
10307,2026-04-13,DAY-RBT-01,1.18,43.9,14.2,0
10308,2026-04-13,DAY-RBT-02,1.19,46.9,10.3,0
10309,2026-04-13,DAY-RBT-03,0.88,46.2,13.6,0
10310,2026-04-13,MTY-GRD-01,1.34,46.5,11.7,0
10311,2026-04-13,MTY-GRD-02,1.29,49.3,13.3,0
10312,2026-04-13,MTY-LTH-01,2.33,51.1,13.1,0
10313,2026-04-13,MTY-LTH-02,2.08,48.2,14.5,1
10314,2026-04-13,MTY-LTH-03,1.79,49.2,10.8,0
10315,2026-04-13,MTY-LTH-04,2.4,51.5,10.9,0
10316,2026-04-13,MTY-LTH-05,1.99,52.5,11.7,0
10317,2026-04-13,MTY-MIL-01,1.28,50.9,11.4,0
10318,2026-04-13,MTY-MIL-02,1.85,48.5,12.1,0
10319,2026-04-13,MTY-MIL-03,1.84,49.9,14.8,1
10320,2026-04-13,MTY-MIL-04,1.7,49.6,13.8,0
10321,2026-04-13,MTY-MIL-05,1.49,47.4,11.7,0
10322,2026-04-13,MTY-MIL-06,1.92,45.3,10.0,0
10323,2026-04-13,MTY-PRS-01,3.43,62.8,14.0,0
10324,2026-04-13,MTY-PRS-02,2.86,59.4,10.0,0
10325,2026-04-13,MTY-PRS-03,2.85,56.9,10.0,1
10326,2026-04-13,MTY-RBT-01,1.19,42.2,12.3,0
10327,2026-04-13,MTY-RBT-02,1.1,36.6,13.8,0
10328,2026-04-13,MTY-RBT-03,1.17,44.4,12.7,0
10329,2026-04-14,BRN-GRD-01,1.23,46.9,10.4,0
10330,2026-04-14,BRN-LTH-01,1.94,45.1,10.1,0
10331,2026-04-14,BRN-LTH-02,1.58,50.3,12.7,0
10332,2026-04-14,BRN-LTH-03,2.11,53.1,8.4,0
10333,2026-04-14,BRN-MIL-01,1.57,45.9,11.9,0
10334,2026-04-14,BRN-MIL-02,1.34,49.7,12.6,0
10335,2026-04-14,BRN-MIL-03,1.75,47.2,12.0,0
10336,2026-04-14,BRN-MIL-04,1.78,44.1,12.5,1
10337,2026-04-14,BRN-MIL-05,1.5,42.5,10.4,0
10338,2026-04-14,BRN-MIL-06,1.57,48.5,15.7,0
10339,2026-04-14,BRN-PRS-01,2.91,56.5,11.2,0
10340,2026-04-14,BRN-PRS-02,3.11,51.4,11.7,0
10341,2026-04-14,BRN-PRS-03,2.99,54.9,12.3,0
10342,2026-04-14,BRN-RBT-01,1.27,42.0,11.9,0
10343,2026-04-14,BRN-RBT-02,1.35,43.5,9.2,1
10344,2026-04-14,DAY-GRD-01,4.24,53.3,14.2,1
10345,2026-04-14,DAY-LTH-01,2.25,46.1,12.0,0
10346,2026-04-14,DAY-LTH-02,1.63,50.3,12.6,0
10347,2026-04-14,DAY-LTH-03,1.98,53.5,15.1,0
10348,2026-04-14,DAY-LTH-04,4.1,59.3,12.5,2
10349,2026-04-14,DAY-LTH-05,1.8,53.2,11.5,0
10350,2026-04-14,DAY-MIL-01,1.56,47.2,12.1,1
10351,2026-04-14,DAY-MIL-02,1.47,50.0,11.7,0
10352,2026-04-14,DAY-MIL-03,1.5,49.2,13.4,0
10353,2026-04-14,DAY-MIL-04,1.72,45.2,10.2,2
10354,2026-04-14,DAY-MIL-05,1.91,53.9,13.7,0
10355,2026-04-14,DAY-MIL-06,1.59,49.3,9.8,0
10356,2026-04-14,DAY-MIL-07,1.73,43.3,10.5,0
10357,2026-04-14,DAY-MIL-08,1.51,41.4,11.0,0
10358,2026-04-14,DAY-PRS-01,2.54,61.0,11.5,1
10359,2026-04-14,DAY-PRS-02,2.84,58.7,10.6,1
10360,2026-04-14,DAY-PRS-03,2.47,50.9,9.5,0
10361,2026-04-14,DAY-PRS-04,1.97,57.0,8.4,0
10362,2026-04-14,DAY-RBT-01,1.07,41.0,11.5,2
10363,2026-04-14,DAY-RBT-02,1.23,46.2,12.3,0
10364,2026-04-14,DAY-RBT-03,0.89,43.1,10.4,0
10365,2026-04-14,MTY-GRD-01,1.32,46.7,12.2,0
10366,2026-04-14,MTY-GRD-02,1.4,47.9,12.9,0
10367,2026-04-14,MTY-LTH-01,2.36,53.7,15.4,0
10368,2026-04-14,MTY-LTH-02,1.85,47.1,10.4,0
10369,2026-04-14,MTY-LTH-03,1.83,51.8,14.1,0
10370,2026-04-14,MTY-LTH-04,2.52,53.8,7.0,0
10371,2026-04-14,MTY-LTH-05,1.81,52.1,9.8,0
10372,2026-04-14,MTY-MIL-01,1.27,48.4,9.0,0
10373,2026-04-14,MTY-MIL-02,1.61,46.6,10.1,0
10374,2026-04-14,MTY-MIL-03,1.81,46.5,11.7,0
10375,2026-04-14,MTY-MIL-04,1.77,47.7,14.3,0
10376,2026-04-14,MTY-MIL-05,1.57,47.5,10.7,0
10377,2026-04-14,MTY-MIL-06,1.91,45.0,10.4,0
10378,2026-04-14,MTY-PRS-01,3.34,61.9,9.7,0
10379,2026-04-14,MTY-PRS-02,2.67,61.0,10.5,0
10380,2026-04-14,MTY-PRS-03,3.09,59.4,16.0,0
10381,2026-04-14,MTY-RBT-01,1.3,44.9,13.3,0
10382,2026-04-14,MTY-RBT-02,1.17,35.8,12.0,0
10383,2026-04-14,MTY-RBT-03,1.3,45.2,13.7,0
10384,2026-04-15,BRN-GRD-01,1.42,49.1,15.0,0
10385,2026-04-15,BRN-LTH-01,1.85,44.1,8.6,0
10386,2026-04-15,BRN-LTH-02,1.8,49.5,11.6,1
10387,2026-04-15,BRN-LTH-03,2.05,51.6,9.4,0
10388,2026-04-15,BRN-MIL-01,1.78,45.3,12.3,0
10389,2026-04-15,BRN-MIL-02,1.47,44.8,11.2,0
10390,2026-04-15,BRN-MIL-03,1.69,46.1,10.7,1
10391,2026-04-15,BRN-MIL-04,1.83,42.2,14.4,0
10392,2026-04-15,BRN-MIL-05,1.58,42.5,9.9,2
10393,2026-04-15,BRN-MIL-06,1.63,45.3,10.3,0
10394,2026-04-15,BRN-PRS-01,2.71,59.9,12.4,0
10395,2026-04-15,BRN-PRS-02,3.25,51.8,12.5,3
10396,2026-04-15,BRN-PRS-03,2.93,53.6,12.2,0
10397,2026-04-15,BRN-RBT-01,1.23,43.3,11.9,0
10398,2026-04-15,BRN-RBT-02,1.56,46.3,14.1,0
10399,2026-04-15,DAY-GRD-01,4.03,47.8,7.1,3
10400,2026-04-15,DAY-LTH-01,2.41,45.6,15.0,0
10401,2026-04-15,DAY-LTH-02,1.54,46.6,7.6,0
10402,2026-04-15,DAY-LTH-03,2.07,49.3,9.6,0
10403,2026-04-15,DAY-LTH-04,4.51,61.2,14.0,3
10404,2026-04-15,DAY-LTH-05,1.99,53.5,12.6,0
10405,2026-04-15,DAY-MIL-01,1.72,49.8,16.0,0
10406,2026-04-15,DAY-MIL-02,1.37,46.7,8.0,0
10407,2026-04-15,DAY-MIL-03,1.73,48.5,10.9,0
10408,2026-04-15,DAY-MIL-04,1.77,46.7,12.2,0
10409,2026-04-15,DAY-MIL-05,1.75,51.7,11.2,0
10410,2026-04-15,DAY-MIL-06,1.67,51.8,10.8,0
10411,2026-04-15,DAY-MIL-07,1.95,43.1,10.8,0
10412,2026-04-15,DAY-MIL-08,1.67,44.3,13.7,0
10413,2026-04-15,DAY-PRS-01,2.69,59.6,8.9,0
10414,2026-04-15,DAY-PRS-02,2.91,59.5,11.9,1
10415,2026-04-15,DAY-PRS-03,2.55,50.8,8.2,0
10416,2026-04-15,DAY-PRS-04,2.13,55.4,8.0,1
10417,2026-04-15,DAY-RBT-01,1.12,42.7,14.4,0
10418,2026-04-15,DAY-RBT-02,1.42,50.4,15.4,0
10419,2026-04-15,DAY-RBT-03,0.99,46.0,13.6,2
10420,2026-04-15,MTY-GRD-01,1.15,44.0,8.5,0
10421,2026-04-15,MTY-GRD-02,1.3,49.7,14.0,0
10422,2026-04-15,MTY-LTH-01,2.32,51.9,11.9,0
10423,2026-04-15,MTY-LTH-02,1.81,44.8,8.7,0
10424,2026-04-15,MTY-LTH-03,1.87,49.1,11.1,1
10425,2026-04-15,MTY-LTH-04,2.32,49.6,9.6,0
10426,2026-04-15,MTY-LTH-05,2.23,54.3,15.0,0
10427,2026-04-15,MTY-MIL-01,1.28,51.3,10.1,0
10428,2026-04-15,MTY-MIL-02,1.83,46.0,11.7,0
10429,2026-04-15,MTY-MIL-03,1.71,48.3,10.6,0
10430,2026-04-15,MTY-MIL-04,1.49,47.7,9.6,0
10431,2026-04-15,MTY-MIL-05,1.54,50.6,12.8,1
10432,2026-04-15,MTY-MIL-06,1.92,44.7,11.5,0
10433,2026-04-15,MTY-PRS-01,3.34,59.1,10.3,0
10434,2026-04-15,MTY-PRS-02,2.93,61.1,13.1,1
10435,2026-04-15,MTY-PRS-03,2.45,56.0,6.8,0
10436,2026-04-15,MTY-RBT-01,1.28,45.8,13.5,0
10437,2026-04-15,MTY-RBT-02,1.03,34.5,7.6,0
10438,2026-04-15,MTY-RBT-03,1.29,42.8,13.1,0
10439,2026-04-16,BRN-GRD-01,1.34,46.6,13.5,0
10440,2026-04-16,BRN-LTH-01,1.9,47.8,14.7,0
10441,2026-04-16,BRN-LTH-02,1.76,49.5,11.2,0
10442,2026-04-16,BRN-LTH-03,2.16,53.9,11.8,1
10443,2026-04-16,BRN-MIL-01,1.83,43.9,10.0,0
10444,2026-04-16,BRN-MIL-02,1.58,47.6,13.6,0
10445,2026-04-16,BRN-MIL-03,1.88,47.2,13.0,0
10446,2026-04-16,BRN-MIL-04,1.89,45.3,15.7,0
10447,2026-04-16,BRN-MIL-05,1.63,43.7,12.8,0
10448,2026-04-16,BRN-MIL-06,1.65,47.3,12.3,0
10449,2026-04-16,BRN-PRS-01,3.22,58.3,11.9,1
10450,2026-04-16,BRN-PRS-02,3.53,52.3,13.2,0
10451,2026-04-16,BRN-PRS-03,2.97,53.1,9.7,0
10452,2026-04-16,BRN-RBT-01,1.3,43.7,13.2,0
10453,2026-04-16,BRN-RBT-02,1.4,42.6,8.7,0
10454,2026-04-16,DAY-GRD-01,4.18,50.3,10.1,2
10455,2026-04-16,DAY-LTH-01,2.21,43.8,8.9,0
10456,2026-04-16,DAY-LTH-02,1.57,49.0,11.1,0
10457,2026-04-16,DAY-LTH-03,2.22,54.5,16.0,0
10458,2026-04-16,DAY-LTH-04,4.48,59.0,12.0,5
10459,2026-04-16,DAY-LTH-05,2.29,56.9,16.0,0
10460,2026-04-16,DAY-MIL-01,1.6,47.1,12.1,0
10461,2026-04-16,DAY-MIL-02,1.57,50.4,11.4,0
10462,2026-04-16,DAY-MIL-03,1.7,48.0,14.3,0
10463,2026-04-16,DAY-MIL-04,1.71,45.8,10.1,0
10464,2026-04-16,DAY-MIL-05,1.82,51.6,11.9,1
10465,2026-04-16,DAY-MIL-06,1.71,50.8,10.6,0
10466,2026-04-16,DAY-MIL-07,1.9,45.5,10.3,1
10467,2026-04-16,DAY-MIL-08,1.75,44.3,12.8,0
10468,2026-04-16,DAY-PRS-01,2.88,62.3,14.1,0
10469,2026-04-16,DAY-PRS-02,2.85,60.9,11.6,0
10470,2026-04-16,DAY-PRS-03,2.66,52.3,11.9,0
10471,2026-04-16,DAY-PRS-04,2.22,57.3,11.8,0
10472,2026-04-16,DAY-RBT-01,1.13,42.7,13.2,0
10473,2026-04-16,DAY-RBT-02,1.51,48.0,10.9,0
10474,2026-04-16,DAY-RBT-03,1.0,42.7,12.5,0
10475,2026-04-16,MTY-GRD-01,1.35,47.0,12.1,0
10476,2026-04-16,MTY-GRD-02,1.11,48.6,12.8,0
10477,2026-04-16,MTY-LTH-01,2.03,50.1,10.0,1
10478,2026-04-16,MTY-LTH-02,2.3,48.5,11.7,0
10479,2026-04-16,MTY-LTH-03,1.91,52.5,9.1,1
10480,2026-04-16,MTY-LTH-04,2.27,49.8,10.7,0
10481,2026-04-16,MTY-LTH-05,2.17,51.8,11.2,2
10482,2026-04-16,MTY-MIL-01,1.16,49.9,9.5,0
10483,2026-04-16,MTY-MIL-02,1.85,47.5,10.5,1
10484,2026-04-16,MTY-MIL-03,1.7,46.5,10.7,0
10485,2026-04-16,MTY-MIL-04,1.61,46.4,9.3,2
10486,2026-04-16,MTY-MIL-05,1.41,49.8,10.3,1
10487,2026-04-16,MTY-MIL-06,1.9,45.5,12.0,0
10488,2026-04-16,MTY-PRS-01,3.3,64.1,16.0,0
10489,2026-04-16,MTY-PRS-02,2.77,60.8,11.9,0
10490,2026-04-16,MTY-PRS-03,3.04,55.8,10.6,0
10491,2026-04-16,MTY-RBT-01,1.17,45.7,11.4,1
10492,2026-04-16,MTY-RBT-02,1.06,34.9,9.7,0
10493,2026-04-16,MTY-RBT-03,1.21,42.7,10.7,0
10494,2026-04-17,BRN-GRD-01,1.2,46.6,10.0,0
10495,2026-04-17,BRN-LTH-01,1.9,46.3,10.3,1
10496,2026-04-17,BRN-LTH-02,1.59,47.2,8.8,0
10497,2026-04-17,BRN-LTH-03,2.14,55.8,14.6,0
10498,2026-04-17,BRN-MIL-01,1.54,44.1,7.4,0
10499,2026-04-17,BRN-MIL-02,1.54,47.7,15.1,0
10500,2026-04-17,BRN-MIL-03,1.7,45.4,9.3,0
10501,2026-04-17,BRN-MIL-04,1.93,42.4,13.0,0
10502,2026-04-17,BRN-MIL-05,1.61,44.5,12.4,0
10503,2026-04-17,BRN-MIL-06,1.55,45.7,13.5,0
10504,2026-04-17,BRN-PRS-01,2.58,57.2,7.0,0
10505,2026-04-17,BRN-PRS-02,3.11,52.8,11.3,0
10506,2026-04-17,BRN-PRS-03,2.89,55.6,13.6,0
10507,2026-04-17,BRN-RBT-01,1.3,43.1,11.4,0
10508,2026-04-17,BRN-RBT-02,1.24,42.3,7.8,0
10509,2026-04-17,DAY-GRD-01,4.38,52.0,10.6,2
10510,2026-04-17,DAY-LTH-01,1.97,42.0,5.9,0
10511,2026-04-17,DAY-LTH-02,1.61,50.0,10.7,0
10512,2026-04-17,DAY-LTH-03,2.28,53.6,13.9,1
10513,2026-04-17,DAY-LTH-04,4.67,59.4,11.7,3
10514,2026-04-17,DAY-LTH-05,1.98,52.9,12.3,0
10515,2026-04-17,DAY-MIL-01,1.47,46.1,11.6,1
10516,2026-04-17,DAY-MIL-02,1.4,49.7,11.2,0
10517,2026-04-17,DAY-MIL-03,1.54,47.6,11.4,0
10518,2026-04-17,DAY-MIL-04,1.6,47.7,12.1,0
10519,2026-04-17,DAY-MIL-05,1.67,52.5,10.3,0
10520,2026-04-17,DAY-MIL-06,1.74,53.3,12.7,0
10521,2026-04-17,DAY-MIL-07,2.21,47.4,14.7,1
10522,2026-04-17,DAY-MIL-08,1.86,44.0,15.0,0
10523,2026-04-17,DAY-PRS-01,2.88,60.7,11.3,0
10524,2026-04-17,DAY-PRS-02,2.78,60.7,12.5,0
10525,2026-04-17,DAY-PRS-03,2.67,53.3,12.0,0
10526,2026-04-17,DAY-PRS-04,2.15,57.0,7.2,0
10527,2026-04-17,DAY-RBT-01,1.12,42.1,13.2,0
10528,2026-04-17,DAY-RBT-02,1.45,46.9,13.0,0
10529,2026-04-17,DAY-RBT-03,0.95,43.9,11.6,0
10530,2026-04-17,MTY-GRD-01,1.21,43.5,10.1,0
10531,2026-04-17,MTY-GRD-02,1.41,49.0,13.1,0
10532,2026-04-17,MTY-LTH-01,2.05,53.5,11.0,0
10533,2026-04-17,MTY-LTH-02,1.72,45.0,6.5,0
10534,2026-04-17,MTY-LTH-03,1.82,48.8,1.1,0
10535,2026-04-17,MTY-LTH-04,2.17,53.1,12.6,1
10536,2026-04-17,MTY-LTH-05,2.14,51.3,11.2,0
10537,2026-04-17,MTY-MIL-01,1.36,51.8,13.5,0
10538,2026-04-17,MTY-MIL-02,1.68,45.4,9.0,0
10539,2026-04-17,MTY-MIL-03,1.96,49.1,14.4,0
10540,2026-04-17,MTY-MIL-04,1.69,49.7,13.7,1
10541,2026-04-17,MTY-MIL-05,1.57,46.7,9.5,0
10542,2026-04-17,MTY-MIL-06,1.92,47.5,14.3,0
10543,2026-04-17,MTY-PRS-01,3.85,61.4,10.5,1
10544,2026-04-17,MTY-PRS-02,2.81,59.0,12.3,1
10545,2026-04-17,MTY-PRS-03,3.07,57.2,12.9,0
10546,2026-04-17,MTY-RBT-01,1.25,43.1,12.3,0
10547,2026-04-17,MTY-RBT-02,1.04,36.4,8.4,0
10548,2026-04-17,MTY-RBT-03,1.28,44.4,15.8,0
10549,2026-04-20,BRN-GRD-01,1.43,44.9,8.9,0
10550,2026-04-20,BRN-LTH-01,1.97,49.3,12.3,2
10551,2026-04-20,BRN-LTH-02,1.59,50.7,13.5,1
10552,2026-04-20,BRN-LTH-03,2.27,54.4,11.9,0
10553,2026-04-20,BRN-LTH-04,1.95,44.6,8.7,0
10554,2026-04-20,BRN-MIL-01,1.67,46.5,11.3,0
10555,2026-04-20,BRN-MIL-02,1.43,48.2,13.5,0
10556,2026-04-20,BRN-MIL-03,1.79,47.9,14.2,0
10557,2026-04-20,BRN-MIL-04,1.78,42.3,12.8,0
10558,2026-04-20,BRN-MIL-05,1.59,43.6,12.1,1
10559,2026-04-20,BRN-MIL-06,1.54,46.0,13.5,0
10560,2026-04-20,BRN-PRS-01,2.94,59.0,12.1,0
10561,2026-04-20,BRN-PRS-02,3.62,53.5,12.9,0
10562,2026-04-20,BRN-PRS-03,2.76,52.0,7.7,0
10563,2026-04-20,BRN-RBT-01,1.29,44.9,13.6,0
10564,2026-04-20,BRN-RBT-02,1.67,45.9,13.5,0
10565,2026-04-20,DAY-GRD-01,1.82,45.9,3.1,3
10566,2026-04-20,DAY-LTH-01,2.41,46.2,14.0,0
10567,2026-04-20,DAY-LTH-02,1.73,46.5,8.5,1
10568,2026-04-20,DAY-LTH-03,2.08,49.9,10.6,0
10569,2026-04-20,DAY-LTH-04,2.22,54.1,3.5,3
10570,2026-04-20,DAY-LTH-05,2.12,51.7,11.0,0
10571,2026-04-20,DAY-MIL-01,1.44,45.1,10.3,1
10572,2026-04-20,DAY-MIL-02,1.47,48.7,10.4,0
10573,2026-04-20,DAY-MIL-03,1.55,48.1,13.0,0
10574,2026-04-20,DAY-MIL-04,1.67,47.3,13.8,0
10575,2026-04-20,DAY-MIL-05,1.79,54.0,15.2,0
10576,2026-04-20,DAY-MIL-06,1.76,51.5,10.5,1
10577,2026-04-20,DAY-MIL-07,2.45,45.7,10.9,1
10578,2026-04-20,DAY-MIL-08,1.81,43.9,11.6,0
10579,2026-04-20,DAY-PRS-01,2.98,61.5,13.0,0
10580,2026-04-20,DAY-PRS-02,2.96,60.3,12.4,1
10581,2026-04-20,DAY-PRS-03,3.01,53.1,11.0,0
10582,2026-04-20,DAY-PRS-04,2.49,58.3,12.7,0
10583,2026-04-20,DAY-RBT-01,1.06,41.0,11.5,0
10584,2026-04-20,DAY-RBT-02,1.34,46.8,12.7,0
10585,2026-04-20,DAY-RBT-03,0.89,45.3,13.0,0
10586,2026-04-20,MTY-GRD-01,1.4,44.0,10.5,1
10587,2026-04-20,MTY-GRD-02,1.3,52.5,13.3,0
10588,2026-04-20,MTY-LTH-01,2.29,50.6,11.0,0
10589,2026-04-20,MTY-LTH-02,1.8,47.3,9.6,0
10590,2026-04-20,MTY-LTH-03,1.6,51.7,12.4,0
10591,2026-04-20,MTY-LTH-04,2.28,49.2,11.8,0
10592,2026-04-20,MTY-LTH-05,2.21,51.8,12.0,0
10593,2026-04-20,MTY-MIL-01,1.29,51.3,12.4,0
10594,2026-04-20,MTY-MIL-02,1.64,47.2,9.9,0
10595,2026-04-20,MTY-MIL-03,1.73,45.7,10.9,0
10596,2026-04-20,MTY-MIL-04,1.73,49.3,11.9,0
10597,2026-04-20,MTY-MIL-05,1.51,48.2,10.1,0
10598,2026-04-20,MTY-MIL-06,1.93,45.3,11.6,0
10599,2026-04-20,MTY-PRS-01,3.76,62.7,12.9,0
10600,2026-04-20,MTY-PRS-02,2.99,62.5,12.6,0
10601,2026-04-20,MTY-PRS-03,2.9,58.4,11.9,0
10602,2026-04-20,MTY-RBT-01,1.03,43.9,8.7,0
10603,2026-04-20,MTY-RBT-02,1.03,37.4,9.9,1
10604,2026-04-20,MTY-RBT-03,1.19,44.7,10.9,0
10605,2026-04-21,BRN-GRD-01,1.27,45.4,11.3,0
10606,2026-04-21,BRN-LTH-01,2.08,47.9,9.3,1
10607,2026-04-21,BRN-LTH-02,1.57,49.0,10.7,0
10608,2026-04-21,BRN-LTH-03,2.4,52.3,13.6,0
10609,2026-04-21,BRN-LTH-04,2.05,46.4,9.8,1
10610,2026-04-21,BRN-MIL-01,1.58,45.4,10.7,0
10611,2026-04-21,BRN-MIL-02,1.47,45.8,10.2,0
10612,2026-04-21,BRN-MIL-03,1.8,48.1,13.5,0
10613,2026-04-21,BRN-MIL-04,1.78,43.8,12.2,0
10614,2026-04-21,BRN-MIL-05,1.57,44.1,10.2,0
10615,2026-04-21,BRN-MIL-06,1.63,47.1,13.1,0
10616,2026-04-21,BRN-PRS-01,2.82,57.6,12.0,0
10617,2026-04-21,BRN-PRS-02,3.21,53.7,10.2,1
10618,2026-04-21,BRN-PRS-03,2.84,55.9,12.4,0
10619,2026-04-21,BRN-RBT-01,1.16,42.6,11.2,0
10620,2026-04-21,BRN-RBT-02,1.54,43.8,9.6,0
10621,2026-04-21,DAY-LTH-01,2.01,43.3,3.5,0
10622,2026-04-21,DAY-LTH-02,1.5,47.9,9.7,1
10623,2026-04-21,DAY-LTH-03,2.14,51.2,10.4,0
10624,2026-04-21,DAY-LTH-05,2.15,54.3,14.3,4
10625,2026-04-21,DAY-MIL-01,1.63,46.5,10.0,1
10626,2026-04-21,DAY-MIL-02,1.58,50.1,12.3,0
10627,2026-04-21,DAY-MIL-03,1.65,48.6,12.9,0
10628,2026-04-21,DAY-MIL-04,1.68,48.2,11.9,0
10629,2026-04-21,DAY-MIL-05,1.76,50.6,10.0,0
10630,2026-04-21,DAY-MIL-06,2.04,54.2,13.4,0
10631,2026-04-21,DAY-MIL-07,2.59,47.1,14.4,0
10632,2026-04-21,DAY-MIL-08,1.53,41.3,8.7,0
10633,2026-04-21,DAY-PRS-01,2.69,62.8,14.8,0
10634,2026-04-21,DAY-PRS-02,2.73,58.3,8.8,0
10635,2026-04-21,DAY-PRS-03,2.73,52.7,13.6,0
10636,2026-04-21,DAY-PRS-04,2.3,58.8,12.8,2
10637,2026-04-21,DAY-RBT-01,1.2,38.6,12.8,0
10638,2026-04-21,DAY-RBT-02,1.26,43.8,8.0,0
10639,2026-04-21,DAY-RBT-03,0.91,45.3,11.8,0
10640,2026-04-21,MTY-GRD-01,1.28,45.0,11.2,0
10641,2026-04-21,MTY-GRD-02,1.17,46.7,11.1,0
10642,2026-04-21,MTY-LTH-01,2.3,51.5,9.0,0
10643,2026-04-21,MTY-LTH-02,2.01,48.6,11.3,0
10644,2026-04-21,MTY-LTH-03,1.53,46.9,7.8,0
10645,2026-04-21,MTY-LTH-04,2.01,49.4,10.2,0
10646,2026-04-21,MTY-LTH-05,2.12,53.4,13.1,0
10647,2026-04-21,MTY-MIL-01,1.38,50.7,12.4,0
10648,2026-04-21,MTY-MIL-02,1.59,48.2,10.7,0
10649,2026-04-21,MTY-MIL-03,1.69,48.3,11.8,1
10650,2026-04-21,MTY-MIL-04,1.59,46.1,8.4,0
10651,2026-04-21,MTY-MIL-05,1.52,47.1,10.6,0
10652,2026-04-21,MTY-MIL-06,1.76,44.7,9.7,0
10653,2026-04-21,MTY-PRS-01,3.32,62.6,11.1,0
10654,2026-04-21,MTY-PRS-02,2.7,59.4,8.7,1
10655,2026-04-21,MTY-PRS-03,2.97,58.0,11.9,0
10656,2026-04-21,MTY-RBT-01,1.09,41.8,8.9,0
10657,2026-04-21,MTY-RBT-02,1.13,38.4,13.0,0
10658,2026-04-21,MTY-RBT-03,1.31,44.5,13.8,0
10659,2026-04-22,BRN-GRD-01,1.35,47.1,14.3,0
10660,2026-04-22,BRN-LTH-01,2.25,50.6,12.5,0
10661,2026-04-22,BRN-LTH-02,1.87,50.4,11.3,0
10662,2026-04-22,BRN-LTH-03,2.21,55.6,13.5,1
10663,2026-04-22,BRN-LTH-04,2.03,47.9,10.5,0
10664,2026-04-22,BRN-MIL-01,1.84,44.8,10.9,0
10665,2026-04-22,BRN-MIL-02,1.4,47.4,10.5,1
10666,2026-04-22,BRN-MIL-03,1.87,47.0,12.7,0
10667,2026-04-22,BRN-MIL-04,1.78,44.7,10.3,0
10668,2026-04-22,BRN-MIL-05,1.53,44.7,10.4,2
10669,2026-04-22,BRN-MIL-06,1.39,45.0,8.3,0
10670,2026-04-22,BRN-PRS-01,3.0,60.1,12.4,2
10671,2026-04-22,BRN-PRS-02,3.23,53.0,11.8,1
10672,2026-04-22,BRN-PRS-03,2.59,51.6,7.4,1
10673,2026-04-22,BRN-RBT-01,1.23,45.4,11.7,0
10674,2026-04-22,BRN-RBT-02,1.47,44.7,10.9,0
10675,2026-04-22,DAY-GRD-01,2.15,49.9,14.0,1
10676,2026-04-22,DAY-LTH-01,2.0,43.4,11.2,0
10677,2026-04-22,DAY-LTH-02,1.79,54.5,16.0,0
10678,2026-04-22,DAY-LTH-03,2.02,51.8,11.0,0
10679,2026-04-22,DAY-LTH-05,2.01,53.4,13.0,2
10680,2026-04-22,DAY-MIL-01,1.67,47.2,11.9,1
10681,2026-04-22,DAY-MIL-02,1.45,48.5,8.7,0
10682,2026-04-22,DAY-MIL-03,1.4,48.1,11.9,0
10683,2026-04-22,DAY-MIL-04,1.7,44.3,10.8,0
10684,2026-04-22,DAY-MIL-05,1.84,51.0,12.6,0
10685,2026-04-22,DAY-MIL-06,1.68,50.1,8.9,0
10686,2026-04-22,DAY-MIL-07,2.51,46.4,9.9,0
10687,2026-04-22,DAY-MIL-08,1.59,45.0,12.1,0
10688,2026-04-22,DAY-PRS-01,2.51,60.6,13.9,0
10689,2026-04-22,DAY-PRS-02,2.95,59.5,10.5,0
10690,2026-04-22,DAY-PRS-03,2.78,55.1,13.8,0
10691,2026-04-22,DAY-PRS-04,2.58,58.5,11.7,1
10692,2026-04-22,DAY-RBT-01,1.15,40.0,11.8,2
10693,2026-04-22,DAY-RBT-02,1.26,46.8,11.5,0
10694,2026-04-22,DAY-RBT-03,0.86,44.9,10.8,0
10695,2026-04-22,MTY-GRD-01,1.19,45.3,10.1,1
10696,2026-04-22,MTY-GRD-02,1.21,48.5,13.1,0
10697,2026-04-22,MTY-LTH-01,2.18,50.7,13.2,1
10698,2026-04-22,MTY-LTH-02,1.91,45.1,6.3,0
10699,2026-04-22,MTY-LTH-03,1.84,51.4,14.4,0
10700,2026-04-22,MTY-LTH-04,2.05,49.7,10.0,0
10701,2026-04-22,MTY-LTH-05,1.88,52.4,11.5,0
10702,2026-04-22,MTY-MIL-01,1.44,49.8,9.6,0
10703,2026-04-22,MTY-MIL-02,1.77,50.6,16.0,0
10704,2026-04-22,MTY-MIL-03,1.71,49.4,13.3,0
10705,2026-04-22,MTY-MIL-04,1.67,47.6,7.5,0
10706,2026-04-22,MTY-MIL-05,1.34,45.4,9.0,0
10707,2026-04-22,MTY-MIL-06,1.76,44.1,11.1,0
10708,2026-04-22,MTY-PRS-01,3.51,62.7,11.4,0
10709,2026-04-22,MTY-PRS-02,3.01,61.5,12.5,0
10710,2026-04-22,MTY-PRS-03,2.88,61.9,16.0,1
10711,2026-04-22,MTY-RBT-01,1.23,45.3,12.5,0
10712,2026-04-22,MTY-RBT-02,1.14,37.1,8.7,0
10713,2026-04-22,MTY-RBT-03,1.17,41.7,10.7,1
10714,2026-04-23,BRN-GRD-01,1.3,45.3,10.1,0
10715,2026-04-23,BRN-LTH-01,2.07,48.2,10.9,0
10716,2026-04-23,BRN-LTH-02,1.6,48.4,9.8,0
10717,2026-04-23,BRN-LTH-03,2.17,51.9,11.7,1
10718,2026-04-23,BRN-LTH-04,2.12,46.6,11.8,0
10719,2026-04-23,BRN-MIL-01,1.71,45.7,10.7,0
10720,2026-04-23,BRN-MIL-02,1.31,46.8,10.2,0
10721,2026-04-23,BRN-MIL-03,1.67,44.3,9.7,0
10722,2026-04-23,BRN-MIL-04,1.86,44.6,10.3,1
10723,2026-04-23,BRN-MIL-05,1.67,44.2,12.4,1
10724,2026-04-23,BRN-MIL-06,1.6,46.1,12.2,0
10725,2026-04-23,BRN-PRS-01,2.68,57.6,8.3,1
10726,2026-04-23,BRN-PRS-02,3.56,52.8,11.6,0
10727,2026-04-23,BRN-PRS-03,2.86,54.6,13.6,0
10728,2026-04-23,BRN-RBT-01,1.12,45.3,13.6,0
10729,2026-04-23,BRN-RBT-02,1.46,45.8,12.7,0
10730,2026-04-23,DAY-GRD-01,1.87,47.0,11.1,0
10731,2026-04-23,DAY-LTH-01,1.82,43.1,11.8,0
10732,2026-04-23,DAY-LTH-02,1.79,52.6,16.0,1
10733,2026-04-23,DAY-LTH-03,2.04,50.2,11.7,0
10734,2026-04-23,DAY-LTH-05,2.2,56.7,12.1,1
10735,2026-04-23,DAY-MIL-01,1.43,47.0,11.9,2
10736,2026-04-23,DAY-MIL-02,1.55,50.1,14.0,0
10737,2026-04-23,DAY-MIL-03,1.56,49.6,12.6,1
10738,2026-04-23,DAY-MIL-04,1.66,48.3,16.0,0
10739,2026-04-23,DAY-MIL-05,1.78,51.5,10.7,0
10740,2026-04-23,DAY-MIL-06,1.74,53.7,12.8,0
10741,2026-04-23,DAY-MIL-07,2.56,44.2,7.9,1
10742,2026-04-23,DAY-MIL-08,1.54,44.3,11.7,0
10743,2026-04-23,DAY-PRS-01,3.0,59.7,12.3,0
10744,2026-04-23,DAY-PRS-02,2.91,62.6,16.0,0
10745,2026-04-23,DAY-PRS-03,2.71,52.0,10.6,0
10746,2026-04-23,DAY-PRS-04,2.37,60.9,11.9,0
10747,2026-04-23,DAY-RBT-01,1.08,42.7,13.9,0
10748,2026-04-23,DAY-RBT-02,1.45,46.9,11.3,0
10749,2026-04-23,DAY-RBT-03,0.95,41.7,10.7,0
10750,2026-04-23,MTY-GRD-01,1.3,46.2,14.6,0
10751,2026-04-23,MTY-GRD-02,1.24,50.9,13.5,0
10752,2026-04-23,MTY-LTH-01,2.23,52.0,10.8,0
10753,2026-04-23,MTY-LTH-02,2.0,49.9,13.5,0
10754,2026-04-23,MTY-LTH-03,1.91,52.9,16.0,0
10755,2026-04-23,MTY-LTH-04,2.26,52.1,12.8,0
10756,2026-04-23,MTY-LTH-05,2.24,53.9,13.0,0
10757,2026-04-23,MTY-MIL-01,1.41,51.4,12.0,0
10758,2026-04-23,MTY-MIL-02,1.85,49.4,13.9,0
10759,2026-04-23,MTY-MIL-03,1.74,46.7,9.8,0
10760,2026-04-23,MTY-MIL-04,1.64,48.3,10.0,0
10761,2026-04-23,MTY-MIL-05,1.64,49.5,12.2,0
10762,2026-04-23,MTY-MIL-06,1.94,47.3,14.0,1
10763,2026-04-23,MTY-PRS-01,3.79,66.0,13.8,0
10764,2026-04-23,MTY-PRS-02,3.16,61.3,13.8,0
10765,2026-04-23,MTY-PRS-03,3.09,59.3,11.6,0
10766,2026-04-23,MTY-RBT-01,1.13,42.1,10.4,0
10767,2026-04-23,MTY-RBT-02,1.15,39.7,10.8,1
10768,2026-04-23,MTY-RBT-03,1.33,42.3,12.1,0
10769,2026-04-24,BRN-GRD-01,1.31,43.9,9.1,0
10770,2026-04-24,BRN-LTH-01,2.12,47.4,12.3,0
10771,2026-04-24,BRN-LTH-02,1.75,50.7,14.1,0
10772,2026-04-24,BRN-LTH-03,2.19,52.4,9.9,0
10773,2026-04-24,BRN-LTH-04,2.09,47.3,12.8,0
10774,2026-04-24,BRN-MIL-01,1.68,45.4,8.4,0
10775,2026-04-24,BRN-MIL-02,1.46,48.2,11.3,0
10776,2026-04-24,BRN-MIL-03,1.67,47.2,11.7,1
10777,2026-04-24,BRN-MIL-04,1.73,44.4,11.8,0
10778,2026-04-24,BRN-MIL-05,1.62,43.5,11.0,1
10779,2026-04-24,BRN-MIL-06,1.43,44.5,10.2,0
10780,2026-04-24,BRN-PRS-01,2.95,59.2,12.2,0
10781,2026-04-24,BRN-PRS-02,3.5,54.5,11.6,0
10782,2026-04-24,BRN-PRS-03,3.07,55.4,13.1,0
10783,2026-04-24,BRN-RBT-01,1.13,42.0,10.6,0
10784,2026-04-24,BRN-RBT-02,1.44,47.3,12.6,0
10785,2026-04-24,DAY-GRD-01,2.06,46.9,11.3,0
10786,2026-04-24,DAY-LTH-01,1.95,46.4,14.0,0
10787,2026-04-24,DAY-LTH-02,1.58,51.0,11.1,0
10788,2026-04-24,DAY-LTH-03,2.08,51.2,12.8,0
10789,2026-04-24,DAY-LTH-04,1.9,53.2,10.4,0
10790,2026-04-24,DAY-LTH-05,1.97,53.3,10.3,4
10791,2026-04-24,DAY-MIL-01,1.68,49.3,13.2,1
10792,2026-04-24,DAY-MIL-02,1.55,50.1,13.0,0
10793,2026-04-24,DAY-MIL-03,1.51,46.0,8.2,1
10794,2026-04-24,DAY-MIL-04,1.69,45.9,13.0,0
10795,2026-04-24,DAY-MIL-05,1.73,49.8,11.5,0
10796,2026-04-24,DAY-MIL-06,1.6,51.7,9.7,0
10797,2026-04-24,DAY-MIL-07,2.91,47.6,11.1,1
10798,2026-04-24,DAY-MIL-08,1.68,44.9,12.3,0
10799,2026-04-24,DAY-PRS-01,2.73,62.0,16.0,1
10800,2026-04-24,DAY-PRS-02,2.7,55.0,6.7,0
10801,2026-04-24,DAY-PRS-03,2.93,54.8,14.4,0
10802,2026-04-24,DAY-PRS-04,2.32,59.4,14.4,0
10803,2026-04-24,DAY-RBT-01,0.89,37.9,6.9,0
10804,2026-04-24,DAY-RBT-02,1.46,48.1,11.8,0
10805,2026-04-24,DAY-RBT-03,0.8,41.7,9.3,0
10806,2026-04-24,MTY-GRD-01,1.34,46.0,12.8,0
10807,2026-04-24,MTY-GRD-02,1.33,51.0,12.6,0
10808,2026-04-24,MTY-LTH-01,2.18,50.9,10.9,0
10809,2026-04-24,MTY-LTH-02,1.8,45.9,3.0,0
10810,2026-04-24,MTY-LTH-03,1.62,51.0,14.1,0
10811,2026-04-24,MTY-LTH-04,2.31,51.5,11.3,0
10812,2026-04-24,MTY-LTH-05,2.04,51.0,9.6,0
10813,2026-04-24,MTY-MIL-01,1.35,52.9,11.3,0
10814,2026-04-24,MTY-MIL-02,1.77,49.5,12.9,1
10815,2026-04-24,MTY-MIL-03,1.9,47.4,10.9,0
10816,2026-04-24,MTY-MIL-04,1.6,47.0,10.3,0
10817,2026-04-24,MTY-MIL-05,1.56,48.6,11.2,1
10818,2026-04-24,MTY-MIL-06,2.01,44.5,10.1,0
10819,2026-04-24,MTY-PRS-01,3.45,63.0,11.3,0
10820,2026-04-24,MTY-PRS-02,2.5,58.7,8.8,1
10821,2026-04-24,MTY-PRS-03,3.27,61.4,13.4,1
10822,2026-04-24,MTY-RBT-01,1.21,48.9,14.5,0
10823,2026-04-24,MTY-RBT-02,1.08,34.4,9.1,1
10824,2026-04-24,MTY-RBT-03,1.06,41.3,10.3,0
10825,2026-04-27,BRN-GRD-01,1.22,43.3,5.0,0
10826,2026-04-27,BRN-LTH-01,2.2,48.3,8.9,1
10827,2026-04-27,BRN-LTH-02,1.74,52.0,13.7,0
10828,2026-04-27,BRN-LTH-03,2.38,52.9,11.7,0
10829,2026-04-27,BRN-LTH-04,2.22,48.9,13.7,0
10830,2026-04-27,BRN-MIL-01,1.79,47.6,12.7,0
10831,2026-04-27,BRN-MIL-02,1.36,47.5,12.5,0
10832,2026-04-27,BRN-MIL-03,1.96,47.6,13.8,0
10833,2026-04-27,BRN-MIL-04,1.65,43.4,11.8,0
10834,2026-04-27,BRN-MIL-05,1.44,41.3,6.8,0
10835,2026-04-27,BRN-MIL-06,1.49,46.5,13.6,0
10836,2026-04-27,BRN-PRS-01,2.95,58.0,10.4,0
10837,2026-04-27,BRN-PRS-02,3.02,52.1,7.5,0
10838,2026-04-27,BRN-PRS-03,3.0,55.9,11.6,0
10839,2026-04-27,BRN-RBT-01,1.19,43.9,8.5,0
10840,2026-04-27,BRN-RBT-02,1.52,49.3,14.8,1
10841,2026-04-27,DAY-GRD-01,2.21,47.1,10.4,0
10842,2026-04-27,DAY-LTH-01,1.83,43.5,13.1,1
10843,2026-04-27,DAY-LTH-02,1.89,52.8,13.8,1
10844,2026-04-27,DAY-LTH-03,2.33,53.5,14.2,0
10845,2026-04-27,DAY-LTH-04,1.94,52.8,8.8,0
10846,2026-04-27,DAY-LTH-05,2.53,57.0,12.4,1
10847,2026-04-27,DAY-MIL-01,1.9,48.2,13.2,1
10848,2026-04-27,DAY-MIL-02,1.46,50.3,8.7,0
10849,2026-04-27,DAY-MIL-03,1.59,51.2,12.3,0
10850,2026-04-27,DAY-MIL-04,1.67,46.5,12.3,0
10851,2026-04-27,DAY-MIL-05,1.96,53.6,13.9,0
10852,2026-04-27,DAY-MIL-06,1.83,57.6,14.6,0
10853,2026-04-27,DAY-MIL-07,3.49,49.2,12.8,1
10854,2026-04-27,DAY-MIL-08,1.66,43.6,11.3,0
10855,2026-04-27,DAY-PRS-01,2.6,62.5,12.9,1
10856,2026-04-27,DAY-PRS-02,2.66,58.6,8.5,1
10857,2026-04-27,DAY-PRS-03,3.06,54.1,12.7,0
10858,2026-04-27,DAY-PRS-04,2.21,59.6,13.7,1
10859,2026-04-27,DAY-RBT-01,1.07,42.2,13.2,0
10860,2026-04-27,DAY-RBT-02,1.32,44.2,9.8,0
10861,2026-04-27,DAY-RBT-03,0.94,45.2,13.1,0
10862,2026-04-27,MTY-GRD-01,1.43,45.6,10.4,0
10863,2026-04-27,MTY-GRD-02,1.34,48.2,11.7,0
10864,2026-04-27,MTY-LTH-01,2.37,52.4,11.3,0
10865,2026-04-27,MTY-LTH-02,1.95,47.4,12.5,0
10866,2026-04-27,MTY-LTH-03,1.7,51.7,13.0,1
10867,2026-04-27,MTY-LTH-04,2.31,49.0,7.2,0
10868,2026-04-27,MTY-LTH-05,2.09,57.6,16.0,0
10869,2026-04-27,MTY-MIL-01,1.44,50.9,11.8,2
10870,2026-04-27,MTY-MIL-02,1.77,46.1,10.8,0
10871,2026-04-27,MTY-MIL-03,1.86,49.0,12.8,0
10872,2026-04-27,MTY-MIL-04,1.54,47.4,11.0,0
10873,2026-04-27,MTY-MIL-05,1.44,49.1,9.8,0
10874,2026-04-27,MTY-MIL-06,1.71,44.7,9.0,0
10875,2026-04-27,MTY-PRS-01,3.32,60.8,8.6,0
10876,2026-04-27,MTY-PRS-02,2.92,62.7,12.5,0
10877,2026-04-27,MTY-PRS-03,2.85,59.2,10.8,0
10878,2026-04-27,MTY-RBT-01,1.17,42.3,11.3,0
10879,2026-04-27,MTY-RBT-02,1.16,39.0,12.9,0
10880,2026-04-27,MTY-RBT-03,1.13,41.6,9.0,1
10881,2026-04-28,BRN-GRD-01,1.24,43.7,8.7,0
10882,2026-04-28,BRN-LTH-01,2.31,50.8,14.4,2
10883,2026-04-28,BRN-LTH-02,1.52,50.4,10.6,1
10884,2026-04-28,BRN-LTH-03,2.52,54.4,13.9,0
10885,2026-04-28,BRN-LTH-04,1.72,46.3,7.4,0
10886,2026-04-28,BRN-MIL-01,1.82,47.2,11.6,0
10887,2026-04-28,BRN-MIL-02,1.4,47.5,9.9,0
10888,2026-04-28,BRN-MIL-03,1.84,44.0,7.8,0
10889,2026-04-28,BRN-MIL-04,1.92,45.9,13.2,0
10890,2026-04-28,BRN-MIL-05,1.6,46.2,12.9,0
10891,2026-04-28,BRN-MIL-06,1.74,48.8,12.0,0
10892,2026-04-28,BRN-PRS-01,2.99,60.0,11.4,0
10893,2026-04-28,BRN-PRS-02,3.26,53.6,12.8,0
10894,2026-04-28,BRN-PRS-03,2.88,57.6,11.6,1
10895,2026-04-28,BRN-RBT-01,1.26,45.2,14.4,0
10896,2026-04-28,BRN-RBT-02,1.38,45.8,10.7,0
10897,2026-04-28,DAY-GRD-01,2.0,47.7,12.4,0
10898,2026-04-28,DAY-LTH-01,2.2,45.8,14.4,0
10899,2026-04-28,DAY-LTH-02,1.75,49.9,14.1,0
10900,2026-04-28,DAY-LTH-03,2.4,52.5,14.0,0
10901,2026-04-28,DAY-LTH-04,1.94,54.8,11.8,0
10902,2026-04-28,DAY-LTH-05,2.51,57.7,14.7,0
10903,2026-04-28,DAY-MIL-01,1.76,46.5,8.8,2
10904,2026-04-28,DAY-MIL-02,1.41,51.5,12.9,0
10905,2026-04-28,DAY-MIL-03,1.44,47.1,10.2,0
10906,2026-04-28,DAY-MIL-04,1.9,49.2,14.1,0
10907,2026-04-28,DAY-MIL-05,1.8,52.9,11.8,0
10908,2026-04-28,DAY-MIL-06,1.65,54.7,13.2,1
10909,2026-04-28,DAY-MIL-07,3.64,51.0,13.4,1
10910,2026-04-28,DAY-MIL-08,1.57,46.6,13.2,0
10911,2026-04-28,DAY-PRS-01,2.46,58.2,7.4,0
10912,2026-04-28,DAY-PRS-02,2.6,60.5,10.3,0
10913,2026-04-28,DAY-PRS-03,2.85,52.1,10.0,0
10914,2026-04-28,DAY-PRS-04,2.05,57.2,6.5,0
10915,2026-04-28,DAY-RBT-01,1.08,39.3,12.5,0
10916,2026-04-28,DAY-RBT-02,1.24,43.9,8.1,0
10917,2026-04-28,DAY-RBT-03,0.86,45.2,11.4,0
10918,2026-04-28,MTY-GRD-01,1.51,49.6,13.7,0
10919,2026-04-28,MTY-GRD-02,1.36,48.1,9.3,0
10920,2026-04-28,MTY-LTH-01,2.13,52.5,11.4,0
10921,2026-04-28,MTY-LTH-02,1.92,47.6,12.6,1
10922,2026-04-28,MTY-LTH-03,1.89,51.9,12.2,0
10923,2026-04-28,MTY-LTH-04,2.18,51.8,12.2,0
10924,2026-04-28,MTY-LTH-05,1.98,51.9,10.9,1
10925,2026-04-28,MTY-MIL-01,1.35,51.2,11.5,0
10926,2026-04-28,MTY-MIL-02,1.93,50.6,14.2,0
10927,2026-04-28,MTY-MIL-03,2.15,51.2,15.6,1
10928,2026-04-28,MTY-MIL-04,1.78,50.3,12.2,0
10929,2026-04-28,MTY-MIL-05,1.4,47.0,8.8,0
10930,2026-04-28,MTY-MIL-06,2.04,45.6,12.8,0
10931,2026-04-28,MTY-PRS-01,3.39,62.6,10.8,0
10932,2026-04-28,MTY-PRS-02,3.29,64.0,12.5,0
10933,2026-04-28,MTY-PRS-03,2.99,60.5,13.8,0
10934,2026-04-28,MTY-RBT-01,1.11,43.9,7.4,0
10935,2026-04-28,MTY-RBT-02,1.22,38.5,11.4,1
10936,2026-04-28,MTY-RBT-03,1.15,43.2,12.4,0
10937,2026-04-29,BRN-GRD-01,1.28,45.4,10.3,0
10938,2026-04-29,BRN-LTH-01,2.0,47.4,9.8,2
10939,2026-04-29,BRN-LTH-02,1.86,53.4,12.9,0
10940,2026-04-29,BRN-LTH-03,2.17,52.8,11.6,0
10941,2026-04-29,BRN-LTH-04,2.03,46.6,10.9,0
10942,2026-04-29,BRN-MIL-01,1.78,45.4,12.4,0
10943,2026-04-29,BRN-MIL-02,1.39,46.8,12.5,0
10944,2026-04-29,BRN-MIL-03,1.72,47.4,12.0,0
10945,2026-04-29,BRN-MIL-04,1.82,45.0,10.7,0
10946,2026-04-29,BRN-MIL-05,1.5,44.1,10.8,0
10947,2026-04-29,BRN-MIL-06,1.54,46.4,8.7,1
10948,2026-04-29,BRN-PRS-01,3.11,56.5,7.1,0
10949,2026-04-29,BRN-PRS-02,3.3,51.9,12.7,0
10950,2026-04-29,BRN-PRS-03,2.93,53.0,8.7,1
10951,2026-04-29,BRN-RBT-01,1.17,41.6,8.4,0
10952,2026-04-29,BRN-RBT-02,1.44,46.6,10.5,0
10953,2026-04-29,DAY-GRD-01,1.77,49.3,3.0,0
10954,2026-04-29,DAY-LTH-01,2.17,45.7,14.5,1
10955,2026-04-29,DAY-LTH-02,1.79,50.8,12.6,0
10956,2026-04-29,DAY-LTH-03,2.04,49.0,7.4,0
10957,2026-04-29,DAY-LTH-04,2.0,55.3,13.2,0
10958,2026-04-29,DAY-LTH-05,2.26,54.8,8.7,0
10959,2026-04-29,DAY-MIL-01,1.73,47.4,10.5,3
10960,2026-04-29,DAY-MIL-02,1.32,49.0,10.3,0
10961,2026-04-29,DAY-MIL-03,1.34,49.7,9.3,0
10962,2026-04-29,DAY-MIL-04,1.68,47.6,10.0,1
10963,2026-04-29,DAY-MIL-05,1.9,52.8,12.6,1
10964,2026-04-29,DAY-MIL-06,1.89,54.8,12.9,0
10965,2026-04-29,DAY-MIL-07,3.8,49.4,10.2,2
10966,2026-04-29,DAY-MIL-08,1.55,42.9,9.3,0
10967,2026-04-29,DAY-PRS-01,2.69,63.1,12.3,0
10968,2026-04-29,DAY-PRS-02,2.59,59.3,8.9,0
10969,2026-04-29,DAY-PRS-03,2.86,52.0,10.1,0
10970,2026-04-29,DAY-PRS-04,2.06,58.8,10.3,0
10971,2026-04-29,DAY-RBT-01,0.98,37.9,8.2,0
10972,2026-04-29,DAY-RBT-02,1.41,48.0,13.1,0
10973,2026-04-29,DAY-RBT-03,0.93,42.9,9.2,0
10974,2026-04-29,MTY-GRD-01,1.31,41.3,4.1,0
10975,2026-04-29,MTY-GRD-02,1.19,49.4,10.7,0
10976,2026-04-29,MTY-LTH-01,1.84,48.6,8.4,0
10977,2026-04-29,MTY-LTH-02,1.87,46.8,12.2,0
10978,2026-04-29,MTY-LTH-03,1.82,48.5,10.8,0
10979,2026-04-29,MTY-LTH-04,2.17,49.8,9.1,1
10980,2026-04-29,MTY-LTH-05,2.28,55.9,15.9,0
10981,2026-04-29,MTY-MIL-01,1.47,52.2,12.5,1
10982,2026-04-29,MTY-MIL-02,1.89,49.1,12.8,0
10983,2026-04-29,MTY-MIL-03,1.77,45.8,9.7,0
10984,2026-04-29,MTY-MIL-04,1.88,50.8,14.7,0
10985,2026-04-29,MTY-MIL-05,1.64,48.9,11.6,0
10986,2026-04-29,MTY-MIL-06,1.98,46.0,13.3,0
10987,2026-04-29,MTY-PRS-01,3.18,64.5,12.1,0
10988,2026-04-29,MTY-PRS-02,2.67,61.2,8.2,0
10989,2026-04-29,MTY-PRS-03,2.78,57.1,8.9,0
10990,2026-04-29,MTY-RBT-01,1.12,43.6,11.7,0
10991,2026-04-29,MTY-RBT-02,1.15,37.9,13.3,0
10992,2026-04-29,MTY-RBT-03,1.24,40.6,12.3,0
10993,2026-04-30,BRN-GRD-01,1.24,44.3,9.6,1
10994,2026-04-30,BRN-LTH-01,2.1,49.7,9.1,3
10995,2026-04-30,BRN-LTH-02,1.48,46.6,1.0,0
10996,2026-04-30,BRN-LTH-03,2.33,50.6,4.7,0
10997,2026-04-30,BRN-LTH-04,1.85,45.1,8.6,0
10998,2026-04-30,BRN-MIL-01,1.85,46.3,12.3,0
10999,2026-04-30,BRN-MIL-02,1.43,49.2,13.0,0
11000,2026-04-30,BRN-MIL-03,1.78,46.9,13.2,0
11001,2026-04-30,BRN-MIL-04,1.79,43.6,11.7,0
11002,2026-04-30,BRN-MIL-05,1.81,45.5,11.0,0
11003,2026-04-30,BRN-MIL-06,1.54,46.4,11.4,0
11004,2026-04-30,BRN-PRS-01,2.92,58.3,11.0,1
11005,2026-04-30,BRN-PRS-02,3.17,56.7,11.9,0
11006,2026-04-30,BRN-PRS-03,2.88,55.4,13.6,1
11007,2026-04-30,BRN-RBT-01,1.3,46.0,14.5,1
11008,2026-04-30,BRN-RBT-02,1.42,45.2,11.0,0
11009,2026-04-30,DAY-GRD-01,1.75,47.9,10.4,0
11010,2026-04-30,DAY-LTH-01,2.19,44.6,12.8,0
11011,2026-04-30,DAY-LTH-02,1.47,50.7,9.1,1
11012,2026-04-30,DAY-LTH-03,2.11,49.0,8.0,0
11013,2026-04-30,DAY-LTH-04,1.96,56.8,13.5,0
11014,2026-04-30,DAY-LTH-05,2.45,56.2,11.6,3
11015,2026-04-30,DAY-MIL-01,1.9,47.6,13.1,1
11016,2026-04-30,DAY-MIL-02,1.31,49.0,9.6,0
11017,2026-04-30,DAY-MIL-03,1.45,50.8,11.2,0
11018,2026-04-30,DAY-MIL-04,1.84,47.2,11.4,0
11019,2026-04-30,DAY-MIL-05,2.04,55.3,14.5,0
11020,2026-04-30,DAY-MIL-06,1.74,54.0,12.3,0
11021,2026-04-30,DAY-MIL-07,3.69,50.0,10.0,7
11022,2026-04-30,DAY-MIL-08,1.58,42.7,9.2,0
11023,2026-04-30,DAY-PRS-01,2.91,61.4,10.5,0
11024,2026-04-30,DAY-PRS-02,3.01,62.0,14.7,0
11025,2026-04-30,DAY-PRS-03,3.0,53.1,11.6,0
11026,2026-04-30,DAY-PRS-04,2.26,59.3,10.7,0
11027,2026-04-30,DAY-RBT-01,1.14,43.7,16.0,0
11028,2026-04-30,DAY-RBT-02,1.33,46.9,10.5,0
11029,2026-04-30,DAY-RBT-03,0.97,45.5,13.1,0
11030,2026-04-30,MTY-GRD-01,1.17,44.1,8.5,0
11031,2026-04-30,MTY-GRD-02,1.45,50.1,11.8,0
11032,2026-04-30,MTY-LTH-01,2.3,54.9,14.4,0
11033,2026-04-30,MTY-LTH-02,1.87,46.3,9.8,0
11034,2026-04-30,MTY-LTH-03,1.8,50.9,12.6,0
11035,2026-04-30,MTY-LTH-04,2.33,51.6,12.1,0
11036,2026-04-30,MTY-LTH-05,1.84,50.7,9.4,1
11037,2026-04-30,MTY-MIL-01,1.39,54.4,14.5,0
11038,2026-04-30,MTY-MIL-02,1.59,48.0,10.4,0
11039,2026-04-30,MTY-MIL-03,1.81,48.7,10.1,0
11040,2026-04-30,MTY-MIL-04,1.76,49.5,10.4,0
11041,2026-04-30,MTY-MIL-05,1.62,49.8,11.4,0
11042,2026-04-30,MTY-MIL-06,2.16,44.4,9.9,0
11043,2026-04-30,MTY-PRS-01,3.77,62.0,12.9,0
11044,2026-04-30,MTY-PRS-02,2.35,63.0,13.6,0
11045,2026-04-30,MTY-PRS-03,2.93,59.3,11.0,0
11046,2026-04-30,MTY-RBT-01,1.11,45.1,12.8,0
11047,2026-04-30,MTY-RBT-02,1.21,36.3,10.7,2
11048,2026-04-30,MTY-RBT-03,1.2,45.8,13.6,0
11049,2026-05-01,DAY-GRD-01,1.97,46.0,10.9,0
11050,2026-05-01,DAY-LTH-01,2.06,44.6,12.4,1
11051,2026-05-01,DAY-LTH-02,1.42,49.7,8.0,0
11052,2026-05-01,DAY-LTH-03,2.3,54.5,12.6,0
11053,2026-05-01,DAY-LTH-04,2.24,54.5,15.0,0
11054,2026-05-01,DAY-LTH-05,2.38,54.9,9.8,2
11055,2026-05-01,DAY-MIL-01,1.73,48.9,13.5,1
11056,2026-05-01,DAY-MIL-02,1.58,52.1,13.0,0
11057,2026-05-01,DAY-MIL-03,1.41,48.2,10.5,0
11058,2026-05-01,DAY-MIL-04,1.65,46.5,7.7,0
11059,2026-05-01,DAY-MIL-05,1.76,50.1,11.3,0
11060,2026-05-01,DAY-MIL-06,1.62,51.3,11.2,0
11061,2026-05-01,DAY-MIL-07,4.15,52.2,12.4,2
11062,2026-05-01,DAY-MIL-08,1.66,44.2,10.3,0
11063,2026-05-01,DAY-PRS-01,3.17,64.7,12.6,0
11064,2026-05-01,DAY-PRS-02,3.02,62.3,14.0,0
11065,2026-05-01,DAY-PRS-03,2.8,50.4,7.3,0
11066,2026-05-01,DAY-PRS-04,2.33,59.1,11.6,1
11067,2026-05-01,DAY-RBT-01,1.08,40.0,10.5,0
11068,2026-05-01,DAY-RBT-02,1.41,47.8,13.0,1
11069,2026-05-01,DAY-RBT-03,0.98,46.0,11.4,0
11070,2026-05-04,BRN-GRD-01,1.38,47.5,11.2,0
11071,2026-05-04,BRN-LTH-01,2.28,49.3,10.2,3
11072,2026-05-04,BRN-LTH-02,1.59,50.0,13.6,0
11073,2026-05-04,BRN-LTH-03,2.29,54.2,11.7,0
11074,2026-05-04,BRN-LTH-04,1.94,45.6,8.2,0
11075,2026-05-04,BRN-MIL-01,1.9,46.0,11.9,0
11076,2026-05-04,BRN-MIL-02,1.72,50.9,16.0,0
11077,2026-05-04,BRN-MIL-03,1.67,45.1,8.8,0
11078,2026-05-04,BRN-MIL-04,1.84,43.1,12.6,0
11079,2026-05-04,BRN-MIL-05,1.67,44.2,11.7,0
11080,2026-05-04,BRN-MIL-06,1.44,46.7,10.6,0
11081,2026-05-04,BRN-PRS-01,3.0,59.8,12.5,1
11082,2026-05-04,BRN-PRS-02,3.59,55.1,12.9,0
11083,2026-05-04,BRN-PRS-03,2.91,55.0,12.9,0
11084,2026-05-04,BRN-RBT-01,1.2,42.4,10.4,0
11085,2026-05-04,BRN-RBT-02,1.38,47.1,12.9,0
11086,2026-05-04,DAY-GRD-01,2.04,49.0,12.9,0
11087,2026-05-04,DAY-LTH-01,2.27,45.2,13.5,0
11088,2026-05-04,DAY-LTH-02,1.64,52.8,13.7,0
11089,2026-05-04,DAY-LTH-03,2.27,52.3,11.5,0
11090,2026-05-04,DAY-LTH-04,2.15,56.9,14.6,0
11091,2026-05-04,DAY-LTH-05,2.66,57.7,10.3,4
11092,2026-05-04,DAY-MIL-01,1.86,49.9,11.3,2
11093,2026-05-04,DAY-MIL-02,1.51,50.2,12.1,0
11094,2026-05-04,DAY-MIL-03,1.35,47.2,8.0,1
11095,2026-05-04,DAY-MIL-04,1.74,51.9,14.1,1
11096,2026-05-04,DAY-MIL-05,1.88,54.8,12.7,0
11097,2026-05-04,DAY-MIL-06,1.74,52.5,9.0,0
11098,2026-05-04,DAY-MIL-07,4.71,51.0,10.7,6
11099,2026-05-04,DAY-MIL-08,1.67,45.4,11.8,1
11100,2026-05-04,DAY-PRS-01,3.02,66.5,12.3,0
11101,2026-05-04,DAY-PRS-02,2.67,57.8,7.2,0
11102,2026-05-04,DAY-PRS-03,2.52,53.4,12.6,0
11103,2026-05-04,DAY-PRS-04,2.47,60.0,12.6,0
11104,2026-05-04,DAY-RBT-01,0.96,40.5,9.1,1
11105,2026-05-04,DAY-RBT-02,1.39,46.7,11.7,0
11106,2026-05-04,DAY-RBT-03,1.0,47.2,12.9,2
11107,2026-05-04,MTY-GRD-01,1.23,43.1,10.2,0
11108,2026-05-04,MTY-GRD-02,1.46,50.9,11.2,0
11109,2026-05-04,MTY-LTH-01,2.01,52.2,10.3,0
11110,2026-05-04,MTY-LTH-02,2.16,48.7,14.8,0
11111,2026-05-04,MTY-LTH-03,1.81,49.3,10.2,0
11112,2026-05-04,MTY-LTH-04,2.37,53.2,14.3,0
11113,2026-05-04,MTY-LTH-05,2.07,54.6,13.7,0
11114,2026-05-04,MTY-MIL-01,1.28,53.2,12.2,1
11115,2026-05-04,MTY-MIL-02,1.86,48.8,12.1,0
11116,2026-05-04,MTY-MIL-03,1.66,47.7,12.1,0
11117,2026-05-04,MTY-MIL-04,1.68,49.7,13.7,0
11118,2026-05-04,MTY-MIL-05,1.63,50.7,14.9,0
11119,2026-05-04,MTY-MIL-06,1.82,44.8,10.8,0
11120,2026-05-04,MTY-PRS-01,3.37,64.3,11.0,0
11121,2026-05-04,MTY-PRS-02,2.59,59.5,9.2,0
11122,2026-05-04,MTY-PRS-03,3.17,58.1,11.5,0
11123,2026-05-04,MTY-RBT-01,1.22,43.7,10.1,0
11124,2026-05-04,MTY-RBT-02,1.11,34.8,9.1,0
11125,2026-05-04,MTY-RBT-03,1.29,46.2,13.3,0
11126,2026-05-05,BRN-GRD-01,1.36,45.9,11.0,0
11127,2026-05-05,BRN-LTH-01,2.4,52.7,12.5,2
11128,2026-05-05,BRN-LTH-02,1.68,49.5,12.8,0
11129,2026-05-05,BRN-LTH-03,2.41,55.3,11.7,0
11130,2026-05-05,BRN-LTH-04,2.07,49.2,11.7,0
11131,2026-05-05,BRN-MIL-01,1.74,42.5,1.7,2
11132,2026-05-05,BRN-MIL-02,1.4,48.0,11.8,1
11133,2026-05-05,BRN-MIL-03,1.71,46.8,14.6,0
11134,2026-05-05,BRN-MIL-04,1.84,44.1,11.3,1
11135,2026-05-05,BRN-MIL-05,1.49,44.2,10.7,0
11136,2026-05-05,BRN-MIL-06,1.48,47.5,11.0,0
11137,2026-05-05,BRN-PRS-01,2.83,59.9,10.5,1
11138,2026-05-05,BRN-PRS-02,3.38,53.1,10.8,0
11139,2026-05-05,BRN-PRS-03,2.9,56.0,8.4,1
11140,2026-05-05,BRN-RBT-01,1.22,44.4,12.6,0
11141,2026-05-05,BRN-RBT-02,1.5,45.4,11.2,0
11142,2026-05-05,DAY-GRD-01,1.91,45.0,8.0,0
11143,2026-05-05,DAY-LTH-01,2.03,44.3,11.5,0
11144,2026-05-05,DAY-LTH-02,1.68,50.1,12.3,1
11145,2026-05-05,DAY-LTH-03,2.54,52.5,13.9,0
11146,2026-05-05,DAY-LTH-04,2.11,53.0,9.7,0
11147,2026-05-05,DAY-LTH-05,2.58,56.3,9.4,2
11148,2026-05-05,DAY-MIL-01,1.93,47.8,11.5,4
11149,2026-05-05,DAY-MIL-02,1.69,50.1,13.3,0
11150,2026-05-05,DAY-MIL-03,1.36,47.3,8.7,0
11151,2026-05-05,DAY-MIL-04,1.84,50.0,11.4,0
11152,2026-05-05,DAY-MIL-05,1.89,53.0,12.1,0
11153,2026-05-05,DAY-MIL-06,1.56,50.1,6.6,1
11154,2026-05-05,DAY-MIL-07,1.96,46.0,5.9,3
11155,2026-05-05,DAY-MIL-08,1.67,45.6,12.0,0
11156,2026-05-05,DAY-PRS-01,2.76,66.0,13.9,0
11157,2026-05-05,DAY-PRS-02,3.12,63.3,14.4,0
11158,2026-05-05,DAY-PRS-03,2.36,51.8,12.0,0
11159,2026-05-05,DAY-PRS-04,2.41,59.8,11.1,1
11160,2026-05-05,DAY-RBT-01,1.04,40.6,11.4,0
11161,2026-05-05,DAY-RBT-02,1.37,47.5,10.5,1
11162,2026-05-05,DAY-RBT-03,0.99,43.8,8.7,0
11163,2026-05-05,MTY-GRD-01,1.19,46.6,12.7,1
11164,2026-05-05,MTY-GRD-02,1.3,48.3,11.0,0
11165,2026-05-05,MTY-LTH-01,2.11,51.9,9.4,1
11166,2026-05-05,MTY-LTH-02,1.76,45.5,8.7,0
11167,2026-05-05,MTY-LTH-03,1.76,50.6,11.9,0
11168,2026-05-05,MTY-LTH-04,2.21,51.7,10.1,0
11169,2026-05-05,MTY-LTH-05,1.99,51.6,9.4,0
11170,2026-05-05,MTY-MIL-01,1.49,51.6,13.0,0
11171,2026-05-05,MTY-MIL-02,1.76,48.9,9.4,0
11172,2026-05-05,MTY-MIL-03,1.72,47.5,10.8,0
11173,2026-05-05,MTY-MIL-04,1.69,51.2,11.2,0
11174,2026-05-05,MTY-MIL-05,1.52,46.5,7.1,1
11175,2026-05-05,MTY-MIL-06,2.23,47.1,11.7,0
11176,2026-05-05,MTY-PRS-01,4.07,63.6,11.9,0
11177,2026-05-05,MTY-PRS-02,2.69,60.5,12.6,0
11178,2026-05-05,MTY-PRS-03,3.21,60.9,14.6,1
11179,2026-05-05,MTY-RBT-01,1.25,42.4,9.3,1
11180,2026-05-05,MTY-RBT-02,1.21,38.5,12.9,1
11181,2026-05-05,MTY-RBT-03,1.26,43.9,11.0,0
11182,2026-05-06,BRN-GRD-01,1.19,44.6,9.5,0
11183,2026-05-06,BRN-LTH-01,2.42,53.1,10.7,4
11184,2026-05-06,BRN-LTH-02,1.83,50.7,15.1,1
11185,2026-05-06,BRN-LTH-03,2.34,56.6,14.3,2
11186,2026-05-06,BRN-LTH-04,2.02,47.1,10.9,0
11187,2026-05-06,BRN-MIL-01,1.64,45.9,13.6,2
11188,2026-05-06,BRN-MIL-02,1.35,46.9,10.9,0
11189,2026-05-06,BRN-MIL-03,1.86,47.8,12.4,0
11190,2026-05-06,BRN-MIL-04,1.62,45.3,6.4,0
11191,2026-05-06,BRN-MIL-05,1.35,43.3,8.8,1
11192,2026-05-06,BRN-MIL-06,1.66,46.1,9.9,0
11193,2026-05-06,BRN-PRS-01,3.14,62.6,16.0,0
11194,2026-05-06,BRN-PRS-02,3.34,52.8,11.4,0
11195,2026-05-06,BRN-PRS-03,3.02,57.9,11.8,1
11196,2026-05-06,BRN-RBT-01,1.26,43.6,10.8,0
11197,2026-05-06,BRN-RBT-02,1.56,50.2,15.0,0
11198,2026-05-06,DAY-GRD-01,1.96,48.9,10.0,0
11199,2026-05-06,DAY-LTH-01,2.07,43.6,11.0,0
11200,2026-05-06,DAY-LTH-02,1.76,49.1,9.5,0
11201,2026-05-06,DAY-LTH-03,2.03,51.6,10.7,0
11202,2026-05-06,DAY-LTH-04,1.8,52.1,8.9,0
11203,2026-05-06,DAY-LTH-05,2.88,57.0,11.0,3
11204,2026-05-06,DAY-MIL-01,1.92,50.0,13.4,5
11205,2026-05-06,DAY-MIL-02,1.52,46.7,7.9,0
11206,2026-05-06,DAY-MIL-03,1.58,51.1,10.3,0
11207,2026-05-06,DAY-MIL-04,2.12,49.7,10.8,0
11208,2026-05-06,DAY-MIL-05,1.8,51.4,10.1,0
11209,2026-05-06,DAY-MIL-06,1.87,53.8,13.2,0
11210,2026-05-06,DAY-MIL-08,1.81,45.2,11.7,0
11211,2026-05-06,DAY-PRS-01,2.78,66.9,13.3,0
11212,2026-05-06,DAY-PRS-02,3.0,60.1,11.5,0
11213,2026-05-06,DAY-PRS-03,2.63,50.9,9.5,0
11214,2026-05-06,DAY-PRS-04,2.56,59.9,14.4,0
11215,2026-05-06,DAY-RBT-01,1.04,41.3,9.7,0
11216,2026-05-06,DAY-RBT-02,1.39,44.8,12.2,0
11217,2026-05-06,DAY-RBT-03,0.91,43.5,10.0,0
11218,2026-05-06,MTY-GRD-01,1.25,46.5,11.3,0
11219,2026-05-06,MTY-GRD-02,1.48,52.0,13.8,0
11220,2026-05-06,MTY-LTH-01,2.02,52.8,10.3,0
11221,2026-05-06,MTY-LTH-02,1.78,48.4,10.0,1
11222,2026-05-06,MTY-LTH-03,1.73,51.1,13.4,0
11223,2026-05-06,MTY-LTH-04,2.38,51.4,11.6,0
11224,2026-05-06,MTY-LTH-05,2.09,52.2,10.6,0
11225,2026-05-06,MTY-MIL-01,1.24,51.5,12.2,0
11226,2026-05-06,MTY-MIL-02,2.03,49.6,10.4,0
11227,2026-05-06,MTY-MIL-03,1.79,49.0,13.1,0
11228,2026-05-06,MTY-MIL-04,1.71,51.0,11.1,0
11229,2026-05-06,MTY-MIL-05,1.41,49.4,10.4,0
11230,2026-05-06,MTY-MIL-06,2.02,45.0,12.1,0
11231,2026-05-06,MTY-PRS-01,3.81,65.6,11.9,0
11232,2026-05-06,MTY-PRS-02,2.7,60.0,11.1,0
11233,2026-05-06,MTY-PRS-03,2.94,57.0,10.8,0
11234,2026-05-06,MTY-RBT-01,1.12,45.2,10.3,0
11235,2026-05-06,MTY-RBT-02,1.2,36.6,8.4,0
11236,2026-05-06,MTY-RBT-03,1.19,44.3,10.9,0
11237,2026-05-07,BRN-GRD-01,1.4,47.2,13.0,0
11238,2026-05-07,BRN-LTH-01,2.6,54.4,14.7,2
11239,2026-05-07,BRN-LTH-02,1.57,47.8,10.5,1
11240,2026-05-07,BRN-LTH-03,2.27,55.2,13.0,2
11241,2026-05-07,BRN-LTH-04,2.36,47.4,12.8,0
11242,2026-05-07,BRN-MIL-01,1.73,44.0,12.1,0
11243,2026-05-07,BRN-MIL-02,1.45,46.9,13.1,0
11244,2026-05-07,BRN-MIL-03,1.63,43.2,9.5,0
11245,2026-05-07,BRN-MIL-04,1.76,44.8,9.9,0
11246,2026-05-07,BRN-MIL-05,1.66,46.9,11.4,0
11247,2026-05-07,BRN-MIL-06,1.44,46.3,8.8,0
11248,2026-05-07,BRN-PRS-01,3.2,59.6,11.0,0
11249,2026-05-07,BRN-PRS-02,3.33,53.2,9.9,0
11250,2026-05-07,BRN-PRS-03,2.81,55.3,10.7,0
11251,2026-05-07,BRN-RBT-01,1.23,43.3,10.9,0
11252,2026-05-07,BRN-RBT-02,1.39,45.1,2.3,0
11253,2026-05-07,DAY-GRD-01,1.88,46.1,9.5,0
11254,2026-05-07,DAY-LTH-01,2.12,45.1,13.5,0
11255,2026-05-07,DAY-LTH-02,1.66,52.5,13.6,0
11256,2026-05-07,DAY-LTH-03,1.87,50.5,10.3,1
11257,2026-05-07,DAY-LTH-04,2.12,54.8,13.4,0
11258,2026-05-07,DAY-LTH-05,1.82,53.7,3.7,3
11259,2026-05-07,DAY-MIL-01,1.98,47.0,11.9,6
11260,2026-05-07,DAY-MIL-02,1.44,50.2,11.2,0
11261,2026-05-07,DAY-MIL-03,1.61,47.5,11.2,0
11262,2026-05-07,DAY-MIL-04,1.76,50.3,11.3,1
11263,2026-05-07,DAY-MIL-05,1.88,51.9,9.5,0
11264,2026-05-07,DAY-MIL-06,1.69,53.2,7.9,0
11265,2026-05-07,DAY-MIL-08,1.6,44.4,10.9,0
11266,2026-05-07,DAY-PRS-01,3.29,66.2,14.4,2
11267,2026-05-07,DAY-PRS-02,3.1,63.0,13.2,0
11268,2026-05-07,DAY-PRS-03,2.46,49.8,8.3,0
11269,2026-05-07,DAY-PRS-04,2.34,58.6,11.3,1
11270,2026-05-07,DAY-RBT-01,1.12,41.9,12.9,0
11271,2026-05-07,DAY-RBT-02,1.2,47.6,11.1,0
11272,2026-05-07,DAY-RBT-03,0.88,45.4,11.7,0
11273,2026-05-07,MTY-GRD-01,1.2,46.4,11.0,0
11274,2026-05-07,MTY-GRD-02,1.41,47.8,11.0,0
11275,2026-05-07,MTY-LTH-01,2.28,53.5,12.6,0
11276,2026-05-07,MTY-LTH-02,2.1,47.1,11.8,0
11277,2026-05-07,MTY-LTH-03,1.68,52.3,13.4,0
11278,2026-05-07,MTY-LTH-04,2.29,50.7,7.5,0
11279,2026-05-07,MTY-LTH-05,2.15,55.0,12.8,0
11280,2026-05-07,MTY-MIL-01,1.51,52.1,11.7,0
11281,2026-05-07,MTY-MIL-02,1.74,45.3,8.2,0
11282,2026-05-07,MTY-MIL-03,1.8,48.9,10.3,0
11283,2026-05-07,MTY-MIL-04,1.84,50.4,12.7,1
11284,2026-05-07,MTY-MIL-05,1.69,47.5,9.5,0
11285,2026-05-07,MTY-MIL-06,2.08,48.2,13.6,1
11286,2026-05-07,MTY-PRS-01,3.76,66.1,12.9,1
11287,2026-05-07,MTY-PRS-02,2.57,57.4,10.5,0
11288,2026-05-07,MTY-PRS-03,3.01,59.8,5.1,0
11289,2026-05-07,MTY-RBT-01,1.17,42.5,12.7,0
11290,2026-05-07,MTY-RBT-02,1.03,37.2,9.0,0
11291,2026-05-07,MTY-RBT-03,1.24,42.8,10.7,0
11292,2026-05-08,DAY-GRD-01,2.21,51.8,14.5,0
11293,2026-05-08,DAY-LTH-01,2.19,46.4,12.3,1
11294,2026-05-08,DAY-LTH-02,1.53,48.8,10.7,0
11295,2026-05-08,DAY-LTH-03,2.25,55.2,12.6,0
11296,2026-05-08,DAY-LTH-04,1.97,53.1,10.8,0
11297,2026-05-08,DAY-LTH-05,1.73,49.3,8.7,0
11298,2026-05-08,DAY-MIL-01,1.91,48.5,11.1,3
11299,2026-05-08,DAY-MIL-02,1.52,49.8,10.8,0
11300,2026-05-08,DAY-MIL-03,1.56,47.8,10.7,0
11301,2026-05-08,DAY-MIL-04,1.89,53.9,13.9,0
11302,2026-05-08,DAY-MIL-05,1.92,53.9,11.6,0
11303,2026-05-08,DAY-MIL-06,1.95,50.8,10.4,0
11304,2026-05-08,DAY-MIL-08,1.7,41.7,9.3,0
11305,2026-05-08,DAY-PRS-01,2.57,65.3,12.6,1
11306,2026-05-08,DAY-PRS-02,2.74,59.3,9.0,1
11307,2026-05-08,DAY-PRS-03,2.47,52.1,11.1,0
11308,2026-05-08,DAY-PRS-04,2.45,61.7,16.0,0
11309,2026-05-08,DAY-RBT-01,1.09,41.7,12.4,0
11310,2026-05-08,DAY-RBT-02,1.23,44.7,7.3,0
11311,2026-05-08,DAY-RBT-03,0.92,44.9,11.3,0
11312,2026-05-08,MTY-GRD-01,1.23,48.1,12.1,1
11313,2026-05-08,MTY-GRD-02,1.34,50.8,11.0,0
11314,2026-05-08,MTY-LTH-01,2.01,52.2,11.2,0
11315,2026-05-08,MTY-LTH-02,1.77,47.8,12.8,0
11316,2026-05-08,MTY-LTH-03,1.67,47.8,10.3,1
11317,2026-05-08,MTY-LTH-04,2.11,50.3,9.5,0
11318,2026-05-08,MTY-LTH-05,2.31,53.8,13.4,0
11319,2026-05-08,MTY-MIL-01,1.49,52.4,12.8,0
11320,2026-05-08,MTY-MIL-02,1.83,46.2,9.5,2
11321,2026-05-08,MTY-MIL-03,1.79,48.8,10.1,0
11322,2026-05-08,MTY-MIL-04,1.7,48.6,8.1,1
11323,2026-05-08,MTY-MIL-05,1.47,52.8,13.5,1
11324,2026-05-08,MTY-MIL-06,1.94,46.8,13.5,0
11325,2026-05-08,MTY-PRS-01,3.96,66.0,13.3,0
11326,2026-05-08,MTY-PRS-02,2.99,62.7,15.4,0
11327,2026-05-08,MTY-PRS-03,2.58,58.8,10.0,0
11328,2026-05-08,MTY-RBT-01,1.26,46.8,14.9,0
11329,2026-05-08,MTY-RBT-02,1.27,39.4,12.9,1
11330,2026-05-08,MTY-RBT-03,1.2,41.4,12.0,0
11331,2026-05-11,BRN-GRD-01,1.32,46.6,11.6,0
11332,2026-05-11,BRN-LTH-01,1.89,48.5,6.9,3
11333,2026-05-11,BRN-LTH-02,1.61,48.2,11.6,0
11334,2026-05-11,BRN-LTH-03,2.09,53.3,12.7,0
11335,2026-05-11,BRN-LTH-04,1.94,49.7,16.0,0
11336,2026-05-11,BRN-MIL-01,1.51,46.4,11.8,0
11337,2026-05-11,BRN-MIL-02,1.33,48.5,10.7,1
11338,2026-05-11,BRN-MIL-03,1.74,46.0,10.2,0
11339,2026-05-11,BRN-MIL-04,1.8,45.1,12.7,1
11340,2026-05-11,BRN-MIL-05,1.52,48.5,13.3,1
11341,2026-05-11,BRN-MIL-06,1.73,47.5,12.7,0
11342,2026-05-11,BRN-PRS-01,3.15,62.1,16.0,0
11343,2026-05-11,BRN-PRS-02,3.63,54.4,9.8,0
11344,2026-05-11,BRN-PRS-03,3.19,58.2,12.5,0
11345,2026-05-11,BRN-RBT-01,1.18,43.9,11.6,0
11346,2026-05-11,BRN-RBT-02,1.38,46.8,13.0,0
11347,2026-05-11,DAY-GRD-01,1.99,48.5,12.2,0
11348,2026-05-11,DAY-LTH-01,2.17,46.5,11.7,0
11349,2026-05-11,DAY-LTH-02,1.58,49.1,11.4,0
11350,2026-05-11,DAY-LTH-03,2.3,54.2,14.0,0
11351,2026-05-11,DAY-LTH-04,2.13,56.5,13.4,0
11352,2026-05-11,DAY-LTH-05,1.82,50.8,12.5,0
11353,2026-05-11,DAY-MIL-01,1.68,47.5,5.8,3
11354,2026-05-11,DAY-MIL-02,1.73,49.5,14.3,0
11355,2026-05-11,DAY-MIL-03,1.64,50.7,15.0,0
11356,2026-05-11,DAY-MIL-04,1.64,48.6,10.1,0
11357,2026-05-11,DAY-MIL-05,1.78,53.9,10.2,0
11358,2026-05-11,DAY-MIL-06,1.83,54.9,16.0,1
11359,2026-05-11,DAY-MIL-07,1.65,43.9,10.8,0
11360,2026-05-11,DAY-MIL-08,1.85,46.5,14.1,1
11361,2026-05-11,DAY-PRS-01,2.69,62.4,10.8,1
11362,2026-05-11,DAY-PRS-02,2.75,59.5,10.9,0
11363,2026-05-11,DAY-PRS-03,2.48,49.9,8.7,0
11364,2026-05-11,DAY-PRS-04,2.53,58.5,12.5,0
11365,2026-05-11,DAY-RBT-01,1.02,40.8,10.4,0
11366,2026-05-11,DAY-RBT-02,1.29,49.1,13.4,0
11367,2026-05-11,DAY-RBT-03,0.95,45.0,13.0,0
11368,2026-05-11,MTY-GRD-01,1.32,45.6,11.0,0
11369,2026-05-11,MTY-GRD-02,1.4,49.9,13.7,0
11370,2026-05-11,MTY-LTH-01,2.3,53.2,14.4,0
11371,2026-05-11,MTY-LTH-02,1.96,48.9,11.4,2
11372,2026-05-11,MTY-LTH-03,1.87,52.7,14.5,0
11373,2026-05-11,MTY-LTH-04,2.24,53.0,11.9,0
11374,2026-05-11,MTY-LTH-05,2.05,53.6,11.5,1
11375,2026-05-11,MTY-MIL-01,1.27,51.4,11.9,0
11376,2026-05-11,MTY-MIL-02,1.82,48.1,12.0,0
11377,2026-05-11,MTY-MIL-03,1.74,49.8,12.1,1
11378,2026-05-11,MTY-MIL-04,1.66,48.5,10.7,0
11379,2026-05-11,MTY-MIL-05,1.65,50.1,11.8,0
11380,2026-05-11,MTY-MIL-06,1.61,44.9,8.1,0
11381,2026-05-11,MTY-PRS-01,4.11,67.4,12.7,0
11382,2026-05-11,MTY-PRS-02,2.56,60.5,10.4,0
11383,2026-05-11,MTY-PRS-03,2.72,56.4,9.3,0
11384,2026-05-11,MTY-RBT-01,1.15,45.6,10.4,0
11385,2026-05-11,MTY-RBT-02,1.06,38.7,10.3,0
11386,2026-05-11,MTY-RBT-03,1.24,44.1,10.6,0
11387,2026-05-12,BRN-GRD-01,1.36,47.7,10.9,0
11388,2026-05-12,BRN-LTH-01,1.91,48.1,14.4,0
11389,2026-05-12,BRN-LTH-02,1.65,51.5,13.5,0
11390,2026-05-12,BRN-LTH-03,2.21,51.3,10.4,0
11391,2026-05-12,BRN-LTH-04,2.19,48.3,15.0,1
11392,2026-05-12,BRN-MIL-01,1.81,47.4,13.7,0
11393,2026-05-12,BRN-MIL-02,1.32,48.8,11.5,0
11394,2026-05-12,BRN-MIL-03,1.69,45.6,8.5,0
11395,2026-05-12,BRN-MIL-04,1.77,42.0,10.9,0
11396,2026-05-12,BRN-MIL-05,1.83,45.9,13.2,2
11397,2026-05-12,BRN-MIL-06,1.52,45.4,9.5,0
11398,2026-05-12,BRN-PRS-01,2.86,61.4,13.6,0
11399,2026-05-12,BRN-PRS-02,3.72,54.3,13.1,0
11400,2026-05-12,BRN-PRS-03,3.22,56.6,12.6,0
11401,2026-05-12,BRN-RBT-01,1.13,42.5,9.6,0
11402,2026-05-12,BRN-RBT-02,1.32,46.8,11.1,0
11403,2026-05-12,DAY-GRD-01,2.05,50.8,14.2,0
11404,2026-05-12,DAY-LTH-01,2.08,45.7,11.7,0
11405,2026-05-12,DAY-LTH-02,1.69,51.2,12.2,0
11406,2026-05-12,DAY-LTH-03,2.08,51.6,9.1,0
11407,2026-05-12,DAY-LTH-04,2.08,57.1,13.1,0
11408,2026-05-12,DAY-LTH-05,1.81,52.4,14.2,0
11409,2026-05-12,DAY-MIL-01,1.43,48.2,13.6,0
11410,2026-05-12,DAY-MIL-02,1.52,52.5,11.1,0
11411,2026-05-12,DAY-MIL-03,1.77,48.0,10.5,0
11412,2026-05-12,DAY-MIL-04,1.8,48.4,8.6,0
11413,2026-05-12,DAY-MIL-05,1.94,55.3,11.8,0
11414,2026-05-12,DAY-MIL-06,1.64,49.4,11.2,1
11415,2026-05-12,DAY-MIL-07,1.89,42.3,8.2,0
11416,2026-05-12,DAY-MIL-08,1.63,44.6,10.9,0
11417,2026-05-12,DAY-PRS-01,2.53,61.3,9.3,1
11418,2026-05-12,DAY-PRS-02,2.79,60.1,9.2,0
11419,2026-05-12,DAY-PRS-03,2.55,52.6,10.7,0
11420,2026-05-12,DAY-PRS-04,2.47,59.5,13.0,0
11421,2026-05-12,DAY-RBT-01,0.97,40.8,7.5,0
11422,2026-05-12,DAY-RBT-02,1.35,48.8,14.1,0
11423,2026-05-12,DAY-RBT-03,0.94,45.5,10.5,1
11424,2026-05-12,MTY-GRD-01,1.06,45.0,10.6,1
11425,2026-05-12,MTY-GRD-02,1.26,50.3,13.0,0
11426,2026-05-12,MTY-LTH-01,2.39,53.7,11.8,0
11427,2026-05-12,MTY-LTH-02,1.86,45.0,9.1,0
11428,2026-05-12,MTY-LTH-03,1.86,49.9,10.9,0
11429,2026-05-12,MTY-LTH-04,2.16,51.2,10.1,1
11430,2026-05-12,MTY-LTH-05,2.22,53.7,12.2,0
11431,2026-05-12,MTY-MIL-01,1.31,52.0,11.8,2
11432,2026-05-12,MTY-MIL-02,1.95,48.0,12.6,0
11433,2026-05-12,MTY-MIL-03,1.82,46.7,8.7,0
11434,2026-05-12,MTY-MIL-04,1.59,46.8,9.9,0
11435,2026-05-12,MTY-MIL-05,1.55,51.3,12.6,0
11436,2026-05-12,MTY-MIL-06,2.2,46.3,9.5,1
11437,2026-05-12,MTY-PRS-01,3.9,66.4,10.5,0
11438,2026-05-12,MTY-PRS-02,2.68,61.5,11.4,0
11439,2026-05-12,MTY-PRS-03,2.83,58.2,12.5,1
11440,2026-05-12,MTY-RBT-01,1.27,44.5,12.1,1
11441,2026-05-12,MTY-RBT-02,1.13,37.0,9.7,0
11442,2026-05-12,MTY-RBT-03,1.09,42.6,8.2,0
11443,2026-05-13,BRN-GRD-01,1.27,46.9,9.8,0
11444,2026-05-13,BRN-LTH-01,1.55,45.3,8.1,0
11445,2026-05-13,BRN-LTH-02,1.57,49.4,10.2,0
11446,2026-05-13,BRN-LTH-03,2.12,52.9,13.1,0
11447,2026-05-13,BRN-LTH-04,2.05,47.6,12.0,0
11448,2026-05-13,BRN-MIL-01,1.66,45.6,8.3,0
11449,2026-05-13,BRN-MIL-02,1.37,48.3,11.5,0
11450,2026-05-13,BRN-MIL-03,1.84,47.5,12.4,0
11451,2026-05-13,BRN-MIL-04,1.85,43.8,9.4,0
11452,2026-05-13,BRN-MIL-05,1.51,46.7,12.1,0
11453,2026-05-13,BRN-MIL-06,1.61,49.7,13.9,0
11454,2026-05-13,BRN-PRS-01,2.92,59.0,12.4,0
11455,2026-05-13,BRN-PRS-02,3.82,56.2,13.1,0
11456,2026-05-13,BRN-PRS-03,3.17,56.2,10.9,0
11457,2026-05-13,BRN-RBT-01,1.31,45.0,12.8,1
11458,2026-05-13,BRN-RBT-02,1.33,46.2,9.5,0
11459,2026-05-13,DAY-GRD-01,2.04,50.0,14.1,2
11460,2026-05-13,DAY-LTH-01,2.02,46.8,11.6,0
11461,2026-05-13,DAY-LTH-02,1.58,50.5,11.7,0
11462,2026-05-13,DAY-LTH-03,2.03,53.0,10.6,0
11463,2026-05-13,DAY-LTH-04,2.28,56.8,16.0,0
11464,2026-05-13,DAY-LTH-05,1.71,48.7,7.1,0
11465,2026-05-13,DAY-MIL-01,1.4,46.0,12.3,1
11466,2026-05-13,DAY-MIL-02,1.48,55.4,14.7,1
11467,2026-05-13,DAY-MIL-03,1.73,50.3,12.6,0
11468,2026-05-13,DAY-MIL-04,1.83,47.6,12.3,0
11469,2026-05-13,DAY-MIL-05,1.85,53.3,11.4,0
11470,2026-05-13,DAY-MIL-06,1.57,51.3,8.4,1
11471,2026-05-13,DAY-MIL-07,1.76,44.6,9.1,1
11472,2026-05-13,DAY-MIL-08,1.69,45.3,11.7,0
11473,2026-05-13,DAY-PRS-01,2.92,63.4,13.9,1
11474,2026-05-13,DAY-PRS-02,2.73,59.5,12.1,0
11475,2026-05-13,DAY-PRS-03,2.55,51.2,11.0,0
11476,2026-05-13,DAY-PRS-04,2.3,59.5,9.2,0
11477,2026-05-13,DAY-RBT-01,1.14,44.6,13.7,0
11478,2026-05-13,DAY-RBT-02,1.46,50.0,16.0,0
11479,2026-05-13,DAY-RBT-03,0.89,42.6,9.4,1
11480,2026-05-13,MTY-GRD-01,1.25,44.9,12.3,0
11481,2026-05-13,MTY-GRD-02,1.32,48.0,8.6,0
11482,2026-05-13,MTY-LTH-01,2.16,52.6,12.3,0
11483,2026-05-13,MTY-LTH-02,1.84,47.6,11.2,0
11484,2026-05-13,MTY-LTH-03,1.92,52.7,15.1,1
11485,2026-05-13,MTY-LTH-04,2.23,52.9,11.8,1
11486,2026-05-13,MTY-LTH-05,1.88,51.1,7.9,0
11487,2026-05-13,MTY-MIL-01,1.56,52.6,12.3,0
11488,2026-05-13,MTY-MIL-02,1.93,49.9,11.9,0
11489,2026-05-13,MTY-MIL-03,2.05,52.4,12.3,0
11490,2026-05-13,MTY-MIL-04,1.81,51.2,14.0,1
11491,2026-05-13,MTY-MIL-05,1.52,50.0,9.9,0
11492,2026-05-13,MTY-MIL-06,2.09,47.8,12.5,0
11493,2026-05-13,MTY-PRS-01,3.8,68.1,11.1,0
11494,2026-05-13,MTY-PRS-02,2.72,62.0,13.5,1
11495,2026-05-13,MTY-PRS-03,3.08,60.4,13.4,0
11496,2026-05-13,MTY-RBT-01,1.22,47.7,13.3,0
11497,2026-05-13,MTY-RBT-02,1.1,38.9,9.6,0
11498,2026-05-13,MTY-RBT-03,1.32,43.0,11.0,0
11499,2026-05-14,BRN-GRD-01,1.31,45.3,11.1,0
11500,2026-05-14,BRN-LTH-01,1.87,47.5,12.7,0
11501,2026-05-14,BRN-LTH-02,1.38,48.8,12.0,0
11502,2026-05-14,BRN-LTH-03,2.15,53.5,12.6,1
11503,2026-05-14,BRN-LTH-04,2.12,50.4,11.3,1
11504,2026-05-14,BRN-MIL-01,1.6,46.8,12.3,0
11505,2026-05-14,BRN-MIL-02,1.57,50.4,14.1,0
11506,2026-05-14,BRN-MIL-03,1.73,48.3,11.6,0
11507,2026-05-14,BRN-MIL-04,1.8,47.8,15.3,0
11508,2026-05-14,BRN-MIL-05,1.83,47.2,13.8,1
11509,2026-05-14,BRN-MIL-06,1.79,47.6,13.6,0
11510,2026-05-14,BRN-PRS-01,2.83,59.3,9.6,0
11511,2026-05-14,BRN-PRS-02,3.43,55.2,12.0,1
11512,2026-05-14,BRN-PRS-03,2.94,57.7,11.6,0
11513,2026-05-14,BRN-RBT-01,1.33,44.8,10.5,0
11514,2026-05-14,BRN-RBT-02,1.32,46.8,9.8,0
11515,2026-05-14,DAY-GRD-01,1.86,49.3,11.8,0
11516,2026-05-14,DAY-LTH-01,1.94,43.3,11.0,0
11517,2026-05-14,DAY-LTH-02,1.58,48.7,8.1,0
11518,2026-05-14,DAY-LTH-03,2.03,52.0,12.8,0
11519,2026-05-14,DAY-LTH-04,2.13,55.5,13.5,0
11520,2026-05-14,DAY-LTH-05,1.99,51.3,10.2,0
11521,2026-05-14,DAY-MIL-01,1.47,46.8,12.8,0
11522,2026-05-14,DAY-MIL-02,1.47,52.0,11.7,0
11523,2026-05-14,DAY-MIL-03,1.69,49.4,12.9,0
11524,2026-05-14,DAY-MIL-04,1.71,50.7,13.2,2
11525,2026-05-14,DAY-MIL-05,2.03,53.4,11.4,0
11526,2026-05-14,DAY-MIL-06,1.85,52.4,11.9,1
11527,2026-05-14,DAY-MIL-07,1.85,42.7,8.6,0
11528,2026-05-14,DAY-MIL-08,1.66,47.4,13.8,0
11529,2026-05-14,DAY-PRS-01,3.02,61.1,11.1,0
11530,2026-05-14,DAY-PRS-02,2.6,60.6,10.4,0
11531,2026-05-14,DAY-PRS-03,2.53,51.5,10.5,1
11532,2026-05-14,DAY-PRS-04,2.36,60.4,16.0,0
11533,2026-05-14,DAY-RBT-01,1.15,41.0,10.1,1
11534,2026-05-14,DAY-RBT-02,1.35,50.1,14.1,0
11535,2026-05-14,DAY-RBT-03,0.94,44.6,9.5,1
11536,2026-05-14,MTY-GRD-01,1.34,46.6,14.1,1
11537,2026-05-14,MTY-GRD-02,1.36,49.3,12.3,0
11538,2026-05-14,MTY-LTH-01,2.17,53.0,12.5,0
11539,2026-05-14,MTY-LTH-02,1.87,46.4,10.9,0
11540,2026-05-14,MTY-LTH-03,1.57,52.2,9.3,0
11541,2026-05-14,MTY-LTH-04,2.11,52.9,13.2,1
11542,2026-05-14,MTY-LTH-05,1.8,55.3,12.0,1
11543,2026-05-14,MTY-MIL-01,1.33,54.1,10.5,1
11544,2026-05-14,MTY-MIL-02,1.82,48.3,12.2,1
11545,2026-05-14,MTY-MIL-03,1.64,49.6,13.5,0
11546,2026-05-14,MTY-MIL-04,1.61,50.2,12.7,0
11547,2026-05-14,MTY-MIL-05,1.68,52.0,14.8,2
11548,2026-05-14,MTY-MIL-06,2.05,47.1,10.7,0
11549,2026-05-14,MTY-PRS-01,3.56,67.0,9.5,0
11550,2026-05-14,MTY-PRS-02,3.17,61.6,11.0,1
11551,2026-05-14,MTY-PRS-03,3.07,58.9,11.4,0
11552,2026-05-14,MTY-RBT-01,1.32,45.5,9.0,0
11553,2026-05-14,MTY-RBT-02,1.22,39.6,12.6,0
11554,2026-05-14,MTY-RBT-03,1.25,45.2,11.6,0
11555,2026-05-15,BRN-GRD-01,1.22,45.1,10.0,0
11556,2026-05-15,BRN-LTH-01,1.82,47.8,11.5,0
11557,2026-05-15,BRN-LTH-02,1.63,48.7,10.4,1
11558,2026-05-15,BRN-LTH-03,2.12,54.3,12.7,0
11559,2026-05-15,BRN-LTH-04,2.22,47.4,12.9,0
11560,2026-05-15,BRN-MIL-01,1.84,46.9,14.5,1
11561,2026-05-15,BRN-MIL-02,1.48,48.1,12.0,1
11562,2026-05-15,BRN-MIL-03,1.7,47.0,9.7,0
11563,2026-05-15,BRN-MIL-04,1.73,43.8,11.1,0
11564,2026-05-15,BRN-MIL-05,1.8,45.5,12.1,2
11565,2026-05-15,BRN-MIL-06,1.54,50.2,10.9,0
11566,2026-05-15,BRN-PRS-01,3.09,60.2,11.2,0
11567,2026-05-15,BRN-PRS-02,3.69,52.4,6.1,0
11568,2026-05-15,BRN-PRS-03,3.14,57.0,10.7,0
11569,2026-05-15,BRN-RBT-01,1.11,44.1,2.9,0
11570,2026-05-15,BRN-RBT-02,1.55,45.4,9.1,0
11571,2026-05-15,DAY-GRD-01,2.02,50.7,12.2,0
11572,2026-05-15,DAY-LTH-01,1.8,44.1,10.0,0
11573,2026-05-15,DAY-LTH-02,1.72,50.9,11.4,0
11574,2026-05-15,DAY-LTH-03,2.03,52.2,11.1,0
11575,2026-05-15,DAY-LTH-04,2.18,54.6,9.7,0
11576,2026-05-15,DAY-LTH-05,1.9,48.1,8.1,0
11577,2026-05-15,DAY-MIL-01,1.61,47.6,12.8,0
11578,2026-05-15,DAY-MIL-02,1.55,50.2,12.5,0
11579,2026-05-15,DAY-MIL-03,1.59,47.2,8.8,0
11580,2026-05-15,DAY-MIL-04,1.77,45.1,9.6,1
11581,2026-05-15,DAY-MIL-05,1.86,53.7,10.3,0
11582,2026-05-15,DAY-MIL-06,1.73,53.7,11.8,0
11583,2026-05-15,DAY-MIL-07,1.8,45.1,10.3,0
11584,2026-05-15,DAY-MIL-08,1.49,43.5,6.4,1
11585,2026-05-15,DAY-PRS-01,2.63,58.8,11.6,2
11586,2026-05-15,DAY-PRS-02,3.14,64.0,14.6,0
11587,2026-05-15,DAY-PRS-03,3.02,55.1,15.0,2
11588,2026-05-15,DAY-PRS-04,2.23,61.4,13.6,0
11589,2026-05-15,DAY-RBT-01,1.14,43.8,12.6,0
11590,2026-05-15,DAY-RBT-02,1.42,49.6,12.9,0
11591,2026-05-15,DAY-RBT-03,0.89,45.6,12.5,0
11592,2026-05-15,MTY-GRD-01,1.18,46.1,10.1,0
11593,2026-05-15,MTY-GRD-02,1.4,49.9,13.1,0
11594,2026-05-15,MTY-LTH-01,2.39,53.8,13.3,0
11595,2026-05-15,MTY-LTH-02,2.09,48.7,11.3,0
11596,2026-05-15,MTY-LTH-03,1.75,51.8,12.0,0
11597,2026-05-15,MTY-LTH-04,2.4,53.4,13.7,0
11598,2026-05-15,MTY-LTH-05,1.82,53.1,8.8,0
11599,2026-05-15,MTY-MIL-01,1.31,50.9,7.3,0
11600,2026-05-15,MTY-MIL-02,1.99,52.0,13.1,1
11601,2026-05-15,MTY-MIL-03,1.58,48.7,10.6,0
11602,2026-05-15,MTY-MIL-04,1.71,50.9,11.8,1
11603,2026-05-15,MTY-MIL-05,1.74,50.5,11.8,1
11604,2026-05-15,MTY-MIL-06,1.9,44.6,11.7,0
11605,2026-05-15,MTY-PRS-01,3.38,66.4,3.8,0
11606,2026-05-15,MTY-PRS-02,2.77,60.4,12.0,0
11607,2026-05-15,MTY-PRS-03,2.79,58.9,10.2,0
11608,2026-05-15,MTY-RBT-01,1.12,45.0,1.7,0
11609,2026-05-15,MTY-RBT-02,1.2,36.5,11.1,1
11610,2026-05-15,MTY-RBT-03,1.25,44.1,12.7,0
11611,2026-05-18,BRN-GRD-01,1.31,47.2,13.0,0
11612,2026-05-18,BRN-LTH-01,1.88,46.0,10.3,0
11613,2026-05-18,BRN-LTH-02,1.67,47.7,13.3,0
11614,2026-05-18,BRN-LTH-03,2.41,53.6,14.4,1
11615,2026-05-18,BRN-LTH-04,2.34,47.7,12.2,1
11616,2026-05-18,BRN-MIL-01,1.65,47.2,12.3,0
11617,2026-05-18,BRN-MIL-02,1.41,47.8,11.2,0
11618,2026-05-18,BRN-MIL-03,2.0,46.9,10.5,0
11619,2026-05-18,BRN-MIL-04,1.51,40.4,7.9,0
11620,2026-05-18,BRN-MIL-05,1.91,47.9,12.5,4
11621,2026-05-18,BRN-MIL-06,1.6,47.1,10.0,0
11622,2026-05-18,BRN-PRS-01,3.07,59.9,11.2,1
11623,2026-05-18,BRN-PRS-02,3.47,57.9,15.3,0
11624,2026-05-18,BRN-PRS-03,3.35,55.4,11.0,0
11625,2026-05-18,BRN-RBT-01,1.12,43.5,11.7,1
11626,2026-05-18,BRN-RBT-02,1.45,45.6,12.6,0
11627,2026-05-18,DAY-GRD-01,1.93,49.9,11.2,0
11628,2026-05-18,DAY-LTH-01,1.96,47.7,10.5,0
11629,2026-05-18,DAY-LTH-02,1.45,49.5,11.1,0
11630,2026-05-18,DAY-LTH-03,2.15,52.5,10.0,1
11631,2026-05-18,DAY-LTH-04,2.32,54.6,12.8,0
11632,2026-05-18,DAY-LTH-05,2.16,55.2,15.2,1
11633,2026-05-18,DAY-MIL-01,1.35,47.9,13.0,0
11634,2026-05-18,DAY-MIL-02,1.42,48.3,11.0,0
11635,2026-05-18,DAY-MIL-03,1.72,49.6,12.7,0
11636,2026-05-18,DAY-MIL-04,1.81,49.3,14.1,1
11637,2026-05-18,DAY-MIL-05,1.97,54.7,14.4,0
11638,2026-05-18,DAY-MIL-06,2.0,58.9,16.0,1
11639,2026-05-18,DAY-MIL-07,1.91,45.7,12.8,0
11640,2026-05-18,DAY-MIL-08,1.74,46.3,10.3,0
11641,2026-05-18,DAY-PRS-01,3.3,61.6,11.4,0
11642,2026-05-18,DAY-PRS-02,3.23,59.7,11.6,0
11643,2026-05-18,DAY-PRS-03,2.26,52.9,9.3,0
11644,2026-05-18,DAY-PRS-04,2.39,61.3,11.4,0
11645,2026-05-18,DAY-RBT-01,0.99,42.8,9.9,0
11646,2026-05-18,DAY-RBT-02,1.31,45.2,9.9,0
11647,2026-05-18,DAY-RBT-03,1.03,45.5,11.3,0
11648,2026-05-18,MTY-GRD-01,1.33,46.4,12.4,0
11649,2026-05-18,MTY-GRD-02,1.26,47.4,11.0,0
11650,2026-05-18,MTY-LTH-01,2.12,55.2,12.0,0
11651,2026-05-18,MTY-LTH-02,2.09,50.3,14.9,0
11652,2026-05-18,MTY-LTH-03,1.78,52.4,11.5,0
11653,2026-05-18,MTY-LTH-04,2.34,52.6,11.6,0
11654,2026-05-18,MTY-LTH-05,2.12,54.7,11.2,0
11655,2026-05-18,MTY-MIL-01,1.32,52.0,8.7,0
11656,2026-05-18,MTY-MIL-02,1.92,47.4,9.7,0
11657,2026-05-18,MTY-MIL-03,1.97,50.7,14.2,1
11658,2026-05-18,MTY-MIL-04,1.74,52.3,13.3,0
11659,2026-05-18,MTY-MIL-05,1.66,50.2,14.0,0
11660,2026-05-18,MTY-MIL-06,2.12,48.3,13.5,0
11661,2026-05-18,MTY-PRS-01,4.11,71.3,14.1,2
11662,2026-05-18,MTY-PRS-02,2.58,58.5,10.6,0
11663,2026-05-18,MTY-PRS-03,2.52,58.0,10.7,0
11664,2026-05-18,MTY-RBT-01,1.08,41.0,7.1,1
11665,2026-05-18,MTY-RBT-02,1.01,36.2,9.2,1
11666,2026-05-18,MTY-RBT-03,1.22,42.9,12.6,1
11667,2026-05-19,BRN-GRD-01,1.39,47.5,12.2,0
11668,2026-05-19,BRN-LTH-01,1.84,45.4,13.2,0
11669,2026-05-19,BRN-LTH-02,1.51,45.5,7.3,0
11670,2026-05-19,BRN-LTH-03,2.47,51.8,11.5,0
11671,2026-05-19,BRN-LTH-04,1.93,47.9,10.3,0
11672,2026-05-19,BRN-MIL-01,1.75,44.5,14.1,0
11673,2026-05-19,BRN-MIL-02,1.28,53.2,15.0,0
11674,2026-05-19,BRN-MIL-03,1.98,48.0,13.9,0
11675,2026-05-19,BRN-MIL-04,1.89,47.4,13.4,1
11676,2026-05-19,BRN-MIL-05,1.78,44.6,10.5,0
11677,2026-05-19,BRN-MIL-06,1.63,46.9,10.7,0
11678,2026-05-19,BRN-PRS-01,2.91,61.8,13.9,0
11679,2026-05-19,BRN-PRS-02,3.13,53.1,11.7,0
11680,2026-05-19,BRN-PRS-03,3.14,56.6,11.8,0
11681,2026-05-19,BRN-RBT-01,1.15,42.8,12.2,0
11682,2026-05-19,BRN-RBT-02,1.35,44.2,9.5,1
11683,2026-05-19,DAY-GRD-01,2.16,51.2,13.3,0
11684,2026-05-19,DAY-LTH-01,1.95,43.4,11.1,0
11685,2026-05-19,DAY-LTH-02,1.64,52.1,5.6,1
11686,2026-05-19,DAY-LTH-03,2.43,53.0,12.8,1
11687,2026-05-19,DAY-LTH-04,2.31,57.5,14.0,0
11688,2026-05-19,DAY-LTH-05,2.07,52.2,12.0,0
11689,2026-05-19,DAY-MIL-01,1.31,47.8,10.5,0
11690,2026-05-19,DAY-MIL-02,1.53,54.0,13.3,0
11691,2026-05-19,DAY-MIL-03,1.52,48.1,9.9,0
11692,2026-05-19,DAY-MIL-04,1.95,49.0,10.1,0
11693,2026-05-19,DAY-MIL-05,1.6,50.1,2.8,0
11694,2026-05-19,DAY-MIL-06,1.83,54.4,12.5,1
11695,2026-05-19,DAY-MIL-07,1.96,46.1,11.5,0
11696,2026-05-19,DAY-MIL-08,1.54,42.7,8.0,0
11697,2026-05-19,DAY-PRS-01,2.75,60.4,11.9,0
11698,2026-05-19,DAY-PRS-02,2.86,60.5,11.4,0
11699,2026-05-19,DAY-PRS-03,2.66,54.8,13.1,0
11700,2026-05-19,DAY-PRS-04,2.43,58.1,9.9,0
11701,2026-05-19,DAY-RBT-01,1.18,44.8,12.3,0
11702,2026-05-19,DAY-RBT-02,1.57,50.3,14.4,0
11703,2026-05-19,DAY-RBT-03,1.03,47.5,14.3,1
11704,2026-05-19,MTY-GRD-01,1.27,46.4,11.6,0
11705,2026-05-19,MTY-GRD-02,1.44,50.8,13.5,0
11706,2026-05-19,MTY-LTH-01,2.44,54.7,14.4,0
11707,2026-05-19,MTY-LTH-02,2.13,46.9,11.2,0
11708,2026-05-19,MTY-LTH-03,1.56,48.6,9.1,0
11709,2026-05-19,MTY-LTH-04,2.06,50.3,10.2,1
11710,2026-05-19,MTY-LTH-05,2.02,52.7,10.4,0
11711,2026-05-19,MTY-MIL-01,1.36,53.4,9.3,0
11712,2026-05-19,MTY-MIL-02,1.83,49.5,10.7,0
11713,2026-05-19,MTY-MIL-03,1.77,48.9,8.7,0
11714,2026-05-19,MTY-MIL-04,1.77,51.7,11.5,0
11715,2026-05-19,MTY-MIL-05,1.71,51.0,11.8,0
11716,2026-05-19,MTY-MIL-06,2.33,49.0,14.1,0
11717,2026-05-19,MTY-PRS-01,3.61,70.9,14.7,1
11718,2026-05-19,MTY-PRS-02,2.59,61.4,11.4,0
11719,2026-05-19,MTY-PRS-03,2.8,57.5,13.4,0
11720,2026-05-19,MTY-RBT-01,1.09,44.2,14.4,0
11721,2026-05-19,MTY-RBT-02,1.18,39.0,12.8,0
11722,2026-05-19,MTY-RBT-03,1.15,44.6,11.1,0
11723,2026-05-20,BRN-GRD-01,1.33,47.1,10.8,0
11724,2026-05-20,BRN-LTH-01,1.89,48.7,14.0,1
11725,2026-05-20,BRN-LTH-02,1.67,52.4,12.8,2
11726,2026-05-20,BRN-LTH-03,2.68,54.7,12.0,0
11727,2026-05-20,BRN-LTH-04,2.18,48.4,11.7,0
11728,2026-05-20,BRN-MIL-01,1.69,49.0,14.2,0
11729,2026-05-20,BRN-MIL-02,1.34,47.8,7.9,0
11730,2026-05-20,BRN-MIL-03,1.87,49.6,12.2,0
11731,2026-05-20,BRN-MIL-04,1.77,46.8,12.4,1
11732,2026-05-20,BRN-MIL-05,1.83,46.5,13.2,0
11733,2026-05-20,BRN-MIL-06,1.6,48.3,11.6,1
11734,2026-05-20,BRN-PRS-01,3.02,60.4,12.6,0
11735,2026-05-20,BRN-PRS-02,3.16,53.6,11.3,1
11736,2026-05-20,BRN-PRS-03,3.08,53.4,8.5,0
11737,2026-05-20,BRN-RBT-01,1.2,44.1,10.3,0
11738,2026-05-20,BRN-RBT-02,1.5,47.5,12.7,0
11739,2026-05-20,DAY-GRD-01,1.8,47.8,7.7,1
11740,2026-05-20,DAY-LTH-01,2.2,46.3,11.7,0
11741,2026-05-20,DAY-LTH-02,1.51,52.6,13.0,1
11742,2026-05-20,DAY-LTH-03,2.23,49.6,10.2,0
11743,2026-05-20,DAY-LTH-04,1.98,54.0,9.6,1
11744,2026-05-20,DAY-LTH-05,1.79,50.0,9.5,0
11745,2026-05-20,DAY-MIL-01,1.45,46.0,10.9,0
11746,2026-05-20,DAY-MIL-02,1.45,51.4,9.8,0
11747,2026-05-20,DAY-MIL-03,1.46,50.8,10.5,0
11748,2026-05-20,DAY-MIL-04,1.6,47.2,11.0,0
11749,2026-05-20,DAY-MIL-05,1.72,52.2,11.6,0
11750,2026-05-20,DAY-MIL-06,1.9,55.7,12.4,1
11751,2026-05-20,DAY-MIL-07,1.99,44.2,10.8,0
11752,2026-05-20,DAY-MIL-08,1.59,46.2,11.7,0
11753,2026-05-20,DAY-PRS-01,2.87,60.8,11.0,0
11754,2026-05-20,DAY-PRS-02,3.14,61.4,12.7,1
11755,2026-05-20,DAY-PRS-03,2.7,51.2,8.6,0
11756,2026-05-20,DAY-PRS-04,2.23,59.2,9.9,1
11757,2026-05-20,DAY-RBT-01,0.99,40.7,8.9,0
11758,2026-05-20,DAY-RBT-02,1.23,47.6,10.8,0
11759,2026-05-20,DAY-RBT-03,0.92,48.3,14.3,0
11760,2026-05-20,MTY-GRD-01,1.23,46.0,10.6,0
11761,2026-05-20,MTY-GRD-02,1.27,50.5,12.1,0
11762,2026-05-20,MTY-LTH-01,2.1,54.3,8.7,0
11763,2026-05-20,MTY-LTH-02,2.2,49.9,13.7,1
11764,2026-05-20,MTY-LTH-03,2.04,52.4,12.4,0
11765,2026-05-20,MTY-LTH-04,2.31,51.9,12.4,1
11766,2026-05-20,MTY-LTH-05,2.21,55.3,13.8,0
11767,2026-05-20,MTY-MIL-01,1.34,52.1,10.0,0
11768,2026-05-20,MTY-MIL-02,1.85,51.7,13.0,0
11769,2026-05-20,MTY-MIL-03,1.94,48.8,13.6,0
11770,2026-05-20,MTY-MIL-04,1.66,49.1,11.4,0
11771,2026-05-20,MTY-MIL-05,1.65,49.1,11.2,0
11772,2026-05-20,MTY-MIL-06,2.01,45.5,9.3,0
11773,2026-05-20,MTY-PRS-01,4.34,69.3,12.6,2
11774,2026-05-20,MTY-PRS-02,2.76,59.8,8.9,0
11775,2026-05-20,MTY-PRS-03,2.59,58.9,11.1,0
11776,2026-05-20,MTY-RBT-01,1.08,43.6,12.2,0
11777,2026-05-20,MTY-RBT-02,1.21,40.6,15.2,0
11778,2026-05-20,MTY-RBT-03,1.1,43.7,10.5,0
11779,2026-05-21,BRN-GRD-01,1.37,46.8,12.2,0
11780,2026-05-21,BRN-LTH-01,1.74,45.5,10.2,0
11781,2026-05-21,BRN-LTH-02,1.45,47.5,9.8,1
11782,2026-05-21,BRN-LTH-03,2.42,54.5,13.9,2
11783,2026-05-21,BRN-LTH-04,2.12,50.3,11.1,0
11784,2026-05-21,BRN-MIL-01,1.63,46.9,10.3,0
11785,2026-05-21,BRN-MIL-02,1.34,50.1,13.4,0
11786,2026-05-21,BRN-MIL-03,1.83,50.6,15.1,0
11787,2026-05-21,BRN-MIL-04,1.59,42.4,7.3,1
11788,2026-05-21,BRN-MIL-05,1.77,46.1,14.1,2
11789,2026-05-21,BRN-MIL-06,1.61,48.5,13.8,0
11790,2026-05-21,BRN-PRS-01,2.82,61.5,9.8,2
11791,2026-05-21,BRN-PRS-02,3.14,55.1,10.3,0
11792,2026-05-21,BRN-PRS-03,3.32,58.6,13.9,0
11793,2026-05-21,BRN-RBT-01,1.09,45.5,11.4,0
11794,2026-05-21,BRN-RBT-02,1.31,43.8,8.4,1
11795,2026-05-21,DAY-GRD-01,2.08,49.8,12.3,0
11796,2026-05-21,DAY-LTH-01,1.9,45.5,12.0,0
11797,2026-05-21,DAY-LTH-02,1.62,51.1,13.2,0
11798,2026-05-21,DAY-LTH-03,2.11,52.8,10.7,0
11799,2026-05-21,DAY-LTH-04,1.91,53.8,7.7,2
11800,2026-05-21,DAY-LTH-05,1.8,52.5,12.0,1
11801,2026-05-21,DAY-MIL-01,1.45,46.4,10.0,0
11802,2026-05-21,DAY-MIL-02,1.65,52.7,14.5,1
11803,2026-05-21,DAY-MIL-03,1.54,49.3,9.2,0
11804,2026-05-21,DAY-MIL-04,1.55,47.5,8.4,0
11805,2026-05-21,DAY-MIL-05,1.99,52.0,12.2,0
11806,2026-05-21,DAY-MIL-06,2.05,55.1,12.6,1
11807,2026-05-21,DAY-MIL-07,1.78,45.6,11.0,0
11808,2026-05-21,DAY-MIL-08,1.6,46.2,12.6,0
11809,2026-05-21,DAY-PRS-01,2.9,61.4,11.4,0
11810,2026-05-21,DAY-PRS-02,2.86,64.4,13.4,0
11811,2026-05-21,DAY-PRS-03,2.52,51.2,6.3,0
11812,2026-05-21,DAY-PRS-04,2.45,59.8,12.4,0
11813,2026-05-21,DAY-RBT-01,1.09,40.2,7.6,0
11814,2026-05-21,DAY-RBT-02,1.51,49.3,15.2,1
11815,2026-05-21,DAY-RBT-03,0.95,46.2,11.6,0
11816,2026-05-21,MTY-GRD-01,1.31,47.2,12.2,0
11817,2026-05-21,MTY-GRD-02,1.34,50.7,10.0,0
11818,2026-05-21,MTY-LTH-01,2.14,55.1,11.5,2
11819,2026-05-21,MTY-LTH-02,1.86,46.1,11.6,0
11820,2026-05-21,MTY-LTH-03,1.7,50.7,10.3,0
11821,2026-05-21,MTY-LTH-04,2.2,54.0,11.4,0
11822,2026-05-21,MTY-LTH-05,2.17,57.2,12.7,0
11823,2026-05-21,MTY-MIL-01,1.31,51.8,10.6,0
11824,2026-05-21,MTY-MIL-02,1.92,50.0,12.4,0
11825,2026-05-21,MTY-MIL-03,1.88,50.0,11.5,0
11826,2026-05-21,MTY-MIL-04,1.7,50.5,12.3,0
11827,2026-05-21,MTY-MIL-05,1.63,50.2,12.8,0
11828,2026-05-21,MTY-MIL-06,2.0,45.4,9.1,0
11829,2026-05-21,MTY-PRS-01,3.69,70.5,12.3,1
11830,2026-05-21,MTY-PRS-02,2.79,59.9,10.3,0
11831,2026-05-21,MTY-PRS-03,2.79,60.6,12.3,0
11832,2026-05-21,MTY-RBT-01,1.18,44.0,11.9,0
11833,2026-05-21,MTY-RBT-02,1.04,38.3,7.0,0
11834,2026-05-21,MTY-RBT-03,1.25,48.8,14.5,0
11835,2026-05-22,BRN-GRD-01,1.4,44.8,10.7,1
11836,2026-05-22,BRN-LTH-01,1.79,51.2,16.0,0
11837,2026-05-22,BRN-LTH-02,1.53,46.0,9.4,0
11838,2026-05-22,BRN-LTH-03,2.51,55.0,11.2,0
11839,2026-05-22,BRN-LTH-04,2.08,47.0,8.0,1
11840,2026-05-22,BRN-MIL-01,1.69,45.8,11.5,0
11841,2026-05-22,BRN-MIL-02,1.15,48.0,10.7,0
11842,2026-05-22,BRN-MIL-03,1.87,47.8,11.0,0
11843,2026-05-22,BRN-MIL-04,1.94,44.2,13.7,0
11844,2026-05-22,BRN-MIL-05,1.83,45.1,10.3,3
11845,2026-05-22,BRN-MIL-06,1.59,45.8,11.2,0
11846,2026-05-22,BRN-PRS-01,3.05,61.2,11.5,0
11847,2026-05-22,BRN-PRS-02,3.19,52.9,8.5,0
11848,2026-05-22,BRN-PRS-03,3.32,55.2,10.3,0
11849,2026-05-22,BRN-RBT-01,1.06,42.2,11.4,0
11850,2026-05-22,BRN-RBT-02,1.23,46.2,9.0,0
11851,2026-05-22,DAY-GRD-01,2.04,46.6,11.3,0
11852,2026-05-22,DAY-LTH-01,2.01,44.3,9.0,0
11853,2026-05-22,DAY-LTH-02,1.58,48.3,9.2,0
11854,2026-05-22,DAY-LTH-03,2.4,53.2,11.7,0
11855,2026-05-22,DAY-LTH-04,2.1,58.2,14.7,0
11856,2026-05-22,DAY-LTH-05,1.85,50.5,10.7,0
11857,2026-05-22,DAY-MIL-01,1.39,48.4,12.8,0
11858,2026-05-22,DAY-MIL-02,1.48,49.7,10.1,1
11859,2026-05-22,DAY-MIL-03,1.4,47.1,7.0,0
11860,2026-05-22,DAY-MIL-04,1.86,50.3,6.5,0
11861,2026-05-22,DAY-MIL-05,1.87,53.9,12.3,0
11862,2026-05-22,DAY-MIL-06,1.97,56.2,13.0,3
11863,2026-05-22,DAY-MIL-07,1.95,44.9,2.5,1
11864,2026-05-22,DAY-MIL-08,1.52,43.3,9.3,1
11865,2026-05-22,DAY-PRS-01,2.74,60.5,11.5,1
11866,2026-05-22,DAY-PRS-02,2.5,59.1,2.7,1
11867,2026-05-22,DAY-PRS-03,2.81,51.7,13.6,0
11868,2026-05-22,DAY-PRS-04,2.21,57.8,8.2,0
11869,2026-05-22,DAY-RBT-01,1.05,41.6,10.3,0
11870,2026-05-22,DAY-RBT-02,1.26,47.3,10.8,0
11871,2026-05-22,DAY-RBT-03,0.82,45.5,11.0,0
11872,2026-05-22,MTY-GRD-01,1.31,47.3,11.2,0
11873,2026-05-22,MTY-GRD-02,1.49,50.4,12.3,1
11874,2026-05-22,MTY-LTH-01,2.23,53.0,12.2,0
11875,2026-05-22,MTY-LTH-02,1.82,47.4,10.5,0
11876,2026-05-22,MTY-LTH-03,1.94,53.3,13.7,0
11877,2026-05-22,MTY-LTH-04,2.32,52.6,11.6,1
11878,2026-05-22,MTY-LTH-05,2.2,54.9,13.9,1
11879,2026-05-22,MTY-MIL-01,1.38,55.5,15.5,0
11880,2026-05-22,MTY-MIL-02,1.99,47.8,9.8,0
11881,2026-05-22,MTY-MIL-03,1.73,49.4,10.3,0
11882,2026-05-22,MTY-MIL-04,1.51,48.7,3.6,1
11883,2026-05-22,MTY-MIL-05,1.77,52.6,13.6,0
11884,2026-05-22,MTY-MIL-06,2.06,48.8,12.5,0
11885,2026-05-22,MTY-PRS-01,4.54,72.3,13.7,1
11886,2026-05-22,MTY-PRS-02,2.53,60.1,10.8,0
11887,2026-05-22,MTY-PRS-03,3.06,60.7,14.4,0
11888,2026-05-22,MTY-RBT-01,1.18,46.9,16.0,0
11889,2026-05-22,MTY-RBT-02,1.24,38.6,13.6,1
11890,2026-05-22,MTY-RBT-03,1.12,41.7,10.2,0
11891,2026-05-25,BRN-GRD-01,1.23,47.7,9.0,1
11892,2026-05-25,BRN-LTH-01,1.69,47.4,12.1,0
11893,2026-05-25,BRN-LTH-02,1.6,49.4,13.2,0
11894,2026-05-25,BRN-LTH-03,2.6,54.1,12.5,0
11895,2026-05-25,BRN-LTH-04,2.07,48.8,12.5,0
11896,2026-05-25,BRN-MIL-01,1.6,45.3,9.8,0
11897,2026-05-25,BRN-MIL-02,1.33,45.8,10.9,0
11898,2026-05-25,BRN-MIL-03,1.83,46.6,10.7,0
11899,2026-05-25,BRN-MIL-04,1.89,45.9,11.7,0
11900,2026-05-25,BRN-MIL-05,1.84,46.6,10.4,0
11901,2026-05-25,BRN-MIL-06,1.58,48.2,10.8,0
11902,2026-05-25,BRN-PRS-01,3.05,62.5,12.8,2
11903,2026-05-25,BRN-PRS-02,3.07,53.8,9.3,0
11904,2026-05-25,BRN-PRS-03,2.98,55.5,10.9,0
11905,2026-05-25,BRN-RBT-01,1.14,45.4,11.8,0
11906,2026-05-25,BRN-RBT-02,1.56,48.8,12.9,1
11907,2026-05-25,MTY-GRD-01,1.24,46.6,10.3,0
11908,2026-05-25,MTY-GRD-02,1.43,50.2,13.2,0
11909,2026-05-25,MTY-LTH-01,2.31,54.4,11.6,1
11910,2026-05-25,MTY-LTH-02,1.95,47.0,10.1,0
11911,2026-05-25,MTY-LTH-03,1.8,53.0,11.9,0
11912,2026-05-25,MTY-LTH-04,2.49,52.4,13.1,0
11913,2026-05-25,MTY-LTH-05,2.15,55.6,13.8,0
11914,2026-05-25,MTY-MIL-01,1.35,52.5,12.7,0
11915,2026-05-25,MTY-MIL-02,1.63,50.6,11.0,0
11916,2026-05-25,MTY-MIL-03,1.89,50.3,15.1,0
11917,2026-05-25,MTY-MIL-04,1.52,46.9,11.6,0
11918,2026-05-25,MTY-MIL-05,1.53,49.2,10.6,1
11919,2026-05-25,MTY-MIL-06,1.92,49.5,10.1,0
11920,2026-05-25,MTY-PRS-01,4.55,75.5,12.5,1
11921,2026-05-25,MTY-PRS-02,2.8,64.7,13.3,0
11922,2026-05-25,MTY-PRS-03,2.62,60.7,11.8,0
11923,2026-05-25,MTY-RBT-01,1.14,45.3,12.4,0
11924,2026-05-25,MTY-RBT-02,1.12,39.6,10.7,0
11925,2026-05-25,MTY-RBT-03,1.28,46.4,14.9,0
11926,2026-05-26,BRN-GRD-01,1.3,47.1,10.5,0
11927,2026-05-26,BRN-LTH-01,1.76,45.1,9.9,0
11928,2026-05-26,BRN-LTH-02,1.69,49.8,15.0,0
11929,2026-05-26,BRN-LTH-03,3.05,58.6,16.0,0
11930,2026-05-26,BRN-LTH-04,2.02,48.3,9.9,0
11931,2026-05-26,BRN-MIL-01,1.71,48.3,13.8,0
11932,2026-05-26,BRN-MIL-02,1.18,46.3,8.5,0
11933,2026-05-26,BRN-MIL-03,1.81,46.4,9.5,0
11934,2026-05-26,BRN-MIL-04,1.92,44.9,11.0,1
11935,2026-05-26,BRN-MIL-05,1.85,44.5,7.7,2
11936,2026-05-26,BRN-MIL-06,1.79,48.7,12.6,0
11937,2026-05-26,BRN-PRS-01,2.71,61.4,9.5,0
11938,2026-05-26,BRN-PRS-02,3.25,51.1,10.7,0
11939,2026-05-26,BRN-PRS-03,3.51,57.9,14.8,0
11940,2026-05-26,BRN-RBT-01,1.1,43.5,11.4,0
11941,2026-05-26,BRN-RBT-02,1.29,43.7,6.0,0
11942,2026-05-26,DAY-GRD-01,2.08,47.2,9.9,0
11943,2026-05-26,DAY-LTH-01,1.94,44.5,10.9,0
11944,2026-05-26,DAY-LTH-02,1.6,50.3,13.6,0
11945,2026-05-26,DAY-LTH-03,1.92,53.0,11.4,0
11946,2026-05-26,DAY-LTH-04,2.31,57.1,12.0,1
11947,2026-05-26,DAY-LTH-05,2.14,56.1,13.2,0
11948,2026-05-26,DAY-MIL-01,1.32,46.8,12.5,0
11949,2026-05-26,DAY-MIL-02,1.53,51.9,13.3,0
11950,2026-05-26,DAY-MIL-03,1.61,50.3,11.8,0
11951,2026-05-26,DAY-MIL-04,1.54,46.4,12.4,1
11952,2026-05-26,DAY-MIL-05,1.78,52.1,9.4,0
11953,2026-05-26,DAY-MIL-06,2.07,56.0,10.3,4
11954,2026-05-26,DAY-MIL-07,1.88,45.2,13.1,0
11955,2026-05-26,DAY-MIL-08,1.81,46.5,12.8,0
11956,2026-05-26,DAY-PRS-01,2.81,62.6,11.8,0
11957,2026-05-26,DAY-PRS-02,2.58,60.6,9.9,0
11958,2026-05-26,DAY-PRS-03,2.46,53.2,9.0,0
11959,2026-05-26,DAY-PRS-04,2.04,56.9,6.6,0
11960,2026-05-26,DAY-RBT-01,1.04,42.5,12.7,0
11961,2026-05-26,DAY-RBT-02,1.36,48.1,11.6,0
11962,2026-05-26,DAY-RBT-03,0.76,45.5,7.1,0
11963,2026-05-26,MTY-GRD-01,1.27,44.9,9.9,0
11964,2026-05-26,MTY-GRD-02,1.41,49.3,12.1,0
11965,2026-05-26,MTY-LTH-01,1.98,54.5,11.0,0
11966,2026-05-26,MTY-LTH-02,1.76,47.7,10.4,0
11967,2026-05-26,MTY-LTH-03,1.65,50.6,11.0,1
11968,2026-05-26,MTY-LTH-04,2.59,55.1,15.6,0
11969,2026-05-26,MTY-LTH-05,1.93,54.0,11.3,0
11970,2026-05-26,MTY-MIL-01,1.35,54.9,14.9,0
11971,2026-05-26,MTY-MIL-02,2.09,48.0,11.3,0
11972,2026-05-26,MTY-MIL-03,2.05,49.4,11.9,1
11973,2026-05-26,MTY-MIL-04,1.71,51.8,14.8,0
11974,2026-05-26,MTY-MIL-05,1.46,51.4,8.6,0
11975,2026-05-26,MTY-MIL-06,2.38,49.3,14.4,0
11976,2026-05-26,MTY-PRS-01,4.06,77.8,13.7,1
11977,2026-05-26,MTY-PRS-02,2.81,63.1,12.9,0
11978,2026-05-26,MTY-PRS-03,3.0,57.2,11.9,0
11979,2026-05-26,MTY-RBT-01,1.11,43.5,10.7,1
11980,2026-05-26,MTY-RBT-02,1.29,39.6,10.1,1
11981,2026-05-26,MTY-RBT-03,1.17,43.3,11.4,0
11982,2026-05-27,BRN-GRD-01,1.17,48.2,10.7,0
11983,2026-05-27,BRN-LTH-01,1.8,48.7,12.2,0
11984,2026-05-27,BRN-LTH-02,1.62,50.7,10.5,0
11985,2026-05-27,BRN-LTH-03,2.98,55.7,10.5,1
11986,2026-05-27,BRN-LTH-04,2.0,47.0,10.6,0
11987,2026-05-27,BRN-MIL-01,1.75,45.3,11.9,0
11988,2026-05-27,BRN-MIL-02,1.43,47.8,13.0,0
11989,2026-05-27,BRN-MIL-03,1.89,48.6,10.8,0
11990,2026-05-27,BRN-MIL-04,1.79,44.2,9.3,0
11991,2026-05-27,BRN-MIL-05,2.03,44.6,10.6,0
11992,2026-05-27,BRN-MIL-06,1.67,48.4,11.6,0
11993,2026-05-27,BRN-PRS-01,3.05,58.0,9.8,2
11994,2026-05-27,BRN-PRS-02,3.27,53.4,10.3,0
11995,2026-05-27,BRN-PRS-03,2.98,59.2,11.9,0
11996,2026-05-27,BRN-RBT-01,1.11,44.2,12.0,0
11997,2026-05-27,BRN-RBT-02,1.61,46.8,12.7,0
11998,2026-05-27,DAY-GRD-01,1.97,50.8,11.3,0
11999,2026-05-27,DAY-LTH-01,2.03,45.3,11.7,1
12000,2026-05-27,DAY-LTH-02,1.68,50.9,12.3,0
12001,2026-05-27,DAY-LTH-03,2.01,51.8,8.7,0
12002,2026-05-27,DAY-LTH-04,2.09,55.2,11.0,0
12003,2026-05-27,DAY-LTH-05,1.91,54.7,14.2,1
12004,2026-05-27,DAY-MIL-01,1.6,50.2,15.3,0
12005,2026-05-27,DAY-MIL-02,1.59,51.5,11.5,0
12006,2026-05-27,DAY-MIL-03,1.68,49.6,11.5,0
12007,2026-05-27,DAY-MIL-04,1.81,48.9,15.3,1
12008,2026-05-27,DAY-MIL-05,2.04,55.6,15.0,2
12009,2026-05-27,DAY-MIL-06,2.17,55.7,10.7,2
12010,2026-05-27,DAY-MIL-07,1.85,44.2,11.9,0
12011,2026-05-27,DAY-MIL-08,1.75,48.1,12.2,0
12012,2026-05-27,DAY-PRS-01,2.83,60.2,10.5,1
12013,2026-05-27,DAY-PRS-02,2.79,62.4,14.9,1
12014,2026-05-27,DAY-PRS-03,2.77,54.1,12.5,0
12015,2026-05-27,DAY-PRS-04,2.14,58.4,9.0,0
12016,2026-05-27,DAY-RBT-01,1.02,44.2,10.7,1
12017,2026-05-27,DAY-RBT-02,1.32,51.3,15.7,1
12018,2026-05-27,DAY-RBT-03,0.9,42.4,8.9,0
12019,2026-05-27,MTY-GRD-01,1.24,45.9,8.5,0
12020,2026-05-27,MTY-GRD-02,1.27,48.6,9.2,0
12021,2026-05-27,MTY-LTH-01,2.18,53.0,9.7,1
12022,2026-05-27,MTY-LTH-02,1.9,47.0,9.9,0
12023,2026-05-27,MTY-LTH-03,1.87,54.0,15.1,1
12024,2026-05-27,MTY-LTH-04,2.26,54.9,13.7,0
12025,2026-05-27,MTY-LTH-05,2.2,54.0,11.9,0
12026,2026-05-27,MTY-MIL-01,1.39,52.0,9.6,0
12027,2026-05-27,MTY-MIL-02,1.9,50.3,13.8,0
12028,2026-05-27,MTY-MIL-03,2.25,53.0,15.3,0
12029,2026-05-27,MTY-MIL-04,1.63,49.8,12.3,1
12030,2026-05-27,MTY-MIL-05,1.66,50.6,11.4,0
12031,2026-05-27,MTY-MIL-06,1.93,44.2,10.1,0
12032,2026-05-27,MTY-PRS-01,4.15,75.7,11.9,0
12033,2026-05-27,MTY-PRS-02,2.62,59.9,9.2,0
12034,2026-05-27,MTY-PRS-03,2.89,58.8,10.4,0
12035,2026-05-27,MTY-RBT-01,1.21,44.0,13.7,0
12036,2026-05-27,MTY-RBT-02,1.04,37.4,10.7,0
12037,2026-05-27,MTY-RBT-03,1.13,42.6,8.1,0
12038,2026-05-28,BRN-GRD-01,1.34,48.6,14.6,0
12039,2026-05-28,BRN-LTH-01,1.82,46.6,10.7,0
12040,2026-05-28,BRN-LTH-02,1.66,50.2,12.0,0
12041,2026-05-28,BRN-LTH-03,3.15,54.7,11.5,2
12042,2026-05-28,BRN-LTH-04,2.12,47.5,10.5,1
12043,2026-05-28,BRN-MIL-01,1.79,48.6,13.8,0
12044,2026-05-28,BRN-MIL-02,1.37,48.4,11.1,0
12045,2026-05-28,BRN-MIL-03,1.8,47.7,12.3,1
12046,2026-05-28,BRN-MIL-04,1.92,46.6,12.8,0
12047,2026-05-28,BRN-MIL-05,1.89,44.1,9.8,2
12048,2026-05-28,BRN-MIL-06,1.59,49.8,12.9,0
12049,2026-05-28,BRN-PRS-01,2.78,62.9,13.6,0
12050,2026-05-28,BRN-PRS-02,3.27,54.7,11.0,0
12051,2026-05-28,BRN-PRS-03,2.92,55.6,10.6,1
12052,2026-05-28,BRN-RBT-01,1.16,45.5,14.1,0
12053,2026-05-28,BRN-RBT-02,1.46,45.2,11.4,0
12054,2026-05-28,DAY-GRD-01,2.21,49.4,10.6,0
12055,2026-05-28,DAY-LTH-01,2.06,46.5,11.5,1
12056,2026-05-28,DAY-LTH-02,1.71,52.9,15.9,1
12057,2026-05-28,DAY-LTH-03,2.22,54.2,14.0,0
12058,2026-05-28,DAY-LTH-04,2.14,56.6,14.7,0
12059,2026-05-28,DAY-LTH-05,1.78,53.2,10.2,0
12060,2026-05-28,DAY-MIL-01,1.28,46.2,9.3,0
12061,2026-05-28,DAY-MIL-02,1.5,51.4,9.2,0
12062,2026-05-28,DAY-MIL-03,1.48,49.5,9.3,0
12063,2026-05-28,DAY-MIL-04,1.59,48.2,12.3,1
12064,2026-05-28,DAY-MIL-05,2.04,55.6,15.5,2
12065,2026-05-28,DAY-MIL-06,2.4,60.7,14.3,4
12066,2026-05-28,DAY-MIL-07,1.81,45.6,13.5,0
12067,2026-05-28,DAY-MIL-08,1.81,44.6,9.8,0
12068,2026-05-28,DAY-PRS-01,2.9,63.6,13.8,0
12069,2026-05-28,DAY-PRS-02,3.01,61.7,13.1,0
12070,2026-05-28,DAY-PRS-03,2.93,56.6,14.4,0
12071,2026-05-28,DAY-PRS-04,2.14,58.7,10.8,1
12072,2026-05-28,DAY-RBT-01,1.09,41.8,11.6,0
12073,2026-05-28,DAY-RBT-02,1.4,47.9,13.5,0
12074,2026-05-28,DAY-RBT-03,0.94,46.3,10.9,1
12075,2026-05-28,MTY-GRD-01,1.28,47.0,10.8,0
12076,2026-05-28,MTY-GRD-02,1.4,46.7,2.6,0
12077,2026-05-28,MTY-LTH-01,2.14,51.9,9.9,1
12078,2026-05-28,MTY-LTH-02,2.06,50.0,13.8,1
12079,2026-05-28,MTY-LTH-03,1.89,53.8,13.8,0
12080,2026-05-28,MTY-LTH-04,2.51,54.5,14.8,1
12081,2026-05-28,MTY-LTH-05,2.06,53.0,12.7,0
12082,2026-05-28,MTY-MIL-01,1.46,53.7,12.9,0
12083,2026-05-28,MTY-MIL-02,1.78,51.3,13.3,0
12084,2026-05-28,MTY-MIL-03,2.2,51.4,13.1,1
12085,2026-05-28,MTY-MIL-04,1.61,49.1,12.8,0
12086,2026-05-28,MTY-MIL-05,1.41,50.3,13.3,1
12087,2026-05-28,MTY-MIL-06,2.19,47.6,13.7,0
12088,2026-05-28,MTY-PRS-01,4.5,78.8,12.6,1
12089,2026-05-28,MTY-PRS-02,2.68,62.6,12.2,0
12090,2026-05-28,MTY-PRS-03,3.08,59.9,11.9,0
12091,2026-05-28,MTY-RBT-01,1.14,43.6,11.7,0
12092,2026-05-28,MTY-RBT-02,1.09,40.4,9.8,1
12093,2026-05-28,MTY-RBT-03,1.24,44.7,10.2,0
12094,2026-05-29,BRN-GRD-01,1.27,47.7,10.7,0
12095,2026-05-29,BRN-LTH-01,1.69,46.4,11.0,0
12096,2026-05-29,BRN-LTH-02,1.56,50.2,13.1,1
12097,2026-05-29,BRN-LTH-03,3.24,53.9,12.1,1
12098,2026-05-29,BRN-LTH-04,2.06,51.2,13.1,0
12099,2026-05-29,BRN-MIL-01,1.58,42.7,6.8,0
12100,2026-05-29,BRN-MIL-02,1.36,46.9,12.3,0
12101,2026-05-29,BRN-MIL-03,1.88,49.4,13.0,0
12102,2026-05-29,BRN-MIL-04,1.95,45.4,13.0,0
12103,2026-05-29,BRN-MIL-05,2.13,47.8,13.6,2
12104,2026-05-29,BRN-MIL-06,1.48,47.8,9.6,1
12105,2026-05-29,BRN-PRS-01,2.78,58.9,5.5,0
12106,2026-05-29,BRN-PRS-02,3.24,54.1,11.9,1
12107,2026-05-29,BRN-PRS-03,3.08,59.5,11.3,1
12108,2026-05-29,BRN-RBT-01,1.08,43.6,7.4,0
12109,2026-05-29,BRN-RBT-02,1.48,49.8,16.0,1
12110,2026-05-29,DAY-GRD-01,1.97,49.3,7.4,1
12111,2026-05-29,DAY-LTH-01,1.95,45.7,10.8,0
12112,2026-05-29,DAY-LTH-02,1.65,51.0,12.3,0
12113,2026-05-29,DAY-LTH-03,2.06,51.2,3.3,0
12114,2026-05-29,DAY-LTH-04,2.25,58.3,13.2,0
12115,2026-05-29,DAY-LTH-05,1.85,53.5,10.3,0
12116,2026-05-29,DAY-MIL-01,1.55,48.3,2.3,0
12117,2026-05-29,DAY-MIL-02,1.76,54.7,15.1,0
12118,2026-05-29,DAY-MIL-03,1.69,52.8,14.8,0
12119,2026-05-29,DAY-MIL-04,1.51,47.2,11.4,0
12120,2026-05-29,DAY-MIL-05,1.89,54.0,9.9,3
12121,2026-05-29,DAY-MIL-06,2.27,59.9,13.8,3
12122,2026-05-29,DAY-MIL-07,1.91,46.3,11.6,0
12123,2026-05-29,DAY-MIL-08,1.59,46.3,4.9,0
12124,2026-05-29,DAY-PRS-01,2.6,61.2,10.5,0
12125,2026-05-29,DAY-PRS-02,2.79,59.6,10.3,0
12126,2026-05-29,DAY-PRS-03,2.81,53.5,12.6,0
12127,2026-05-29,DAY-PRS-04,1.93,56.7,6.2,0
12128,2026-05-29,DAY-RBT-01,1.1,44.6,12.0,0
12129,2026-05-29,DAY-RBT-02,1.43,49.0,12.6,0
12130,2026-05-29,DAY-RBT-03,0.92,48.6,12.3,0
12131,2026-05-29,MTY-GRD-01,1.29,47.5,10.5,0
12132,2026-05-29,MTY-GRD-02,1.32,48.0,11.7,0
12133,2026-05-29,MTY-LTH-01,2.22,54.1,11.1,0
12134,2026-05-29,MTY-LTH-02,1.72,44.6,8.6,0
12135,2026-05-29,MTY-LTH-03,1.92,53.5,13.4,0
12136,2026-05-29,MTY-LTH-04,2.5,51.6,11.3,1
12137,2026-05-29,MTY-LTH-05,2.22,54.2,13.0,0
12138,2026-05-29,MTY-MIL-01,1.52,52.8,13.1,0
12139,2026-05-29,MTY-MIL-02,1.67,47.9,9.0,0
12140,2026-05-29,MTY-MIL-03,2.13,52.1,10.8,0
12141,2026-05-29,MTY-MIL-04,1.62,47.4,10.8,0
12142,2026-05-29,MTY-MIL-05,1.73,52.8,13.2,0
12143,2026-05-29,MTY-MIL-06,1.91,46.6,9.2,0
12144,2026-05-29,MTY-PRS-01,3.22,62.2,5.4,4
12145,2026-05-29,MTY-PRS-02,2.73,61.2,11.1,0
12146,2026-05-29,MTY-PRS-03,2.85,58.6,10.1,0
12147,2026-05-29,MTY-RBT-01,1.15,43.5,10.7,0
12148,2026-05-29,MTY-RBT-02,1.28,38.3,11.7,2
12149,2026-05-29,MTY-RBT-03,1.25,43.0,11.4,1
12150,2026-06-01,BRN-GRD-01,1.42,50.0,12.8,0
12151,2026-06-01,BRN-LTH-01,2.08,47.2,12.3,0
12152,2026-06-01,BRN-LTH-02,1.66,51.1,12.3,1
12153,2026-06-01,BRN-LTH-03,3.42,57.2,12.6,1
12154,2026-06-01,BRN-LTH-04,2.04,48.9,10.4,0
12155,2026-06-01,BRN-MIL-01,1.62,46.2,10.1,0
12156,2026-06-01,BRN-MIL-02,1.42,48.7,12.9,0
12157,2026-06-01,BRN-MIL-03,1.87,47.7,12.1,0
12158,2026-06-01,BRN-MIL-04,1.83,44.4,11.4,0
12159,2026-06-01,BRN-MIL-05,2.02,48.9,7.8,3
12160,2026-06-01,BRN-MIL-06,1.52,46.2,11.2,0
12161,2026-06-01,BRN-PRS-01,2.69,58.1,8.4,0
12162,2026-06-01,BRN-PRS-02,3.4,56.6,12.1,0
12163,2026-06-01,BRN-PRS-03,2.84,57.9,11.9,1
12164,2026-06-01,BRN-RBT-01,1.09,44.2,10.7,0
12165,2026-06-01,BRN-RBT-02,1.57,48.9,13.7,0
12166,2026-06-01,DAY-GRD-01,1.81,45.9,8.4,0
12167,2026-06-01,DAY-LTH-01,1.93,44.3,9.0,0
12168,2026-06-01,DAY-LTH-02,1.51,50.2,8.1,1
12169,2026-06-01,DAY-LTH-03,2.03,50.4,12.6,0
12170,2026-06-01,DAY-LTH-04,2.24,57.7,12.9,0
12171,2026-06-01,DAY-LTH-05,1.95,53.3,10.2,0
12172,2026-06-01,DAY-MIL-01,1.53,46.5,10.2,0
12173,2026-06-01,DAY-MIL-02,1.47,51.6,10.5,0
12174,2026-06-01,DAY-MIL-03,1.55,49.0,11.1,0
12175,2026-06-01,DAY-MIL-04,1.62,48.9,13.1,0
12176,2026-06-01,DAY-MIL-05,2.21,56.7,13.0,3
12177,2026-06-01,DAY-MIL-06,2.29,61.2,12.2,5
12178,2026-06-01,DAY-MIL-07,1.71,44.7,11.2,0
12179,2026-06-01,DAY-MIL-08,1.73,46.2,15.4,0
12180,2026-06-01,DAY-PRS-01,3.31,64.3,13.4,0
12181,2026-06-01,DAY-PRS-02,2.77,62.7,12.8,0
12182,2026-06-01,DAY-PRS-03,2.74,53.6,12.4,0
12183,2026-06-01,DAY-PRS-04,2.33,61.1,13.1,1
12184,2026-06-01,DAY-RBT-01,1.15,42.2,12.1,0
12185,2026-06-01,DAY-RBT-02,1.44,51.1,15.8,0
12186,2026-06-01,DAY-RBT-03,0.89,47.0,9.5,0
12187,2026-06-01,MTY-GRD-01,1.23,49.0,12.5,0
12188,2026-06-01,MTY-GRD-02,1.34,50.4,13.1,0
12189,2026-06-01,MTY-LTH-01,2.29,54.9,12.1,1
12190,2026-06-01,MTY-LTH-02,2.03,49.9,14.3,0
12191,2026-06-01,MTY-LTH-03,1.52,50.5,10.9,0
12192,2026-06-01,MTY-LTH-04,2.25,52.5,11.8,0
12193,2026-06-01,MTY-LTH-05,2.01,54.2,10.6,0
12194,2026-06-01,MTY-MIL-01,1.42,52.4,9.6,0
12195,2026-06-01,MTY-MIL-02,1.75,48.3,9.6,0
12196,2026-06-01,MTY-MIL-03,2.22,50.0,10.8,1
12197,2026-06-01,MTY-MIL-04,1.62,49.7,11.9,0
12198,2026-06-01,MTY-MIL-05,1.74,54.1,15.7,0
12199,2026-06-01,MTY-MIL-06,1.97,46.2,9.6,0
12200,2026-06-01,MTY-PRS-01,3.13,63.2,11.0,0
12201,2026-06-01,MTY-PRS-02,2.75,62.7,12.8,1
12202,2026-06-01,MTY-PRS-03,2.8,59.2,11.5,0
12203,2026-06-01,MTY-RBT-01,1.03,45.1,12.5,0
12204,2026-06-01,MTY-RBT-02,1.2,42.1,14.1,3
12205,2026-06-01,MTY-RBT-03,1.3,43.4,11.6,0
12206,2026-06-02,BRN-GRD-01,1.3,48.7,12.0,0
12207,2026-06-02,BRN-LTH-01,1.85,48.2,10.0,0
12208,2026-06-02,BRN-LTH-02,1.63,51.2,12.8,1
12209,2026-06-02,BRN-LTH-03,3.59,58.9,13.0,0
12210,2026-06-02,BRN-LTH-04,1.87,47.5,9.8,0
12211,2026-06-02,BRN-MIL-01,1.71,49.1,15.1,0
12212,2026-06-02,BRN-MIL-02,1.28,50.7,14.2,0
12213,2026-06-02,BRN-MIL-03,1.95,46.9,11.0,1
12214,2026-06-02,BRN-MIL-04,1.77,44.5,10.9,0
12215,2026-06-02,BRN-MIL-05,1.93,47.2,12.3,2
12216,2026-06-02,BRN-MIL-06,1.45,47.3,10.5,1
12217,2026-06-02,BRN-PRS-01,2.99,62.6,14.0,0
12218,2026-06-02,BRN-PRS-02,3.48,55.4,11.9,1
12219,2026-06-02,BRN-PRS-03,3.03,56.4,11.0,0
12220,2026-06-02,BRN-RBT-01,1.08,40.4,12.2,1
12221,2026-06-02,BRN-RBT-02,1.39,47.0,9.6,0
12222,2026-06-02,DAY-GRD-01,2.0,51.7,14.0,0
12223,2026-06-02,DAY-LTH-01,2.06,44.5,11.5,0
12224,2026-06-02,DAY-LTH-02,1.83,52.8,13.0,0
12225,2026-06-02,DAY-LTH-03,2.17,54.3,11.7,1
12226,2026-06-02,DAY-LTH-04,2.16,56.4,11.1,0
12227,2026-06-02,DAY-LTH-05,1.79,51.1,10.0,0
12228,2026-06-02,DAY-MIL-01,1.41,47.2,13.5,0
12229,2026-06-02,DAY-MIL-02,1.79,53.3,15.2,1
12230,2026-06-02,DAY-MIL-03,1.81,51.6,13.6,0
12231,2026-06-02,DAY-MIL-04,1.61,49.4,16.0,0
12232,2026-06-02,DAY-MIL-05,2.24,57.4,13.7,3
12233,2026-06-02,DAY-MIL-06,2.6,59.7,11.9,3
12234,2026-06-02,DAY-MIL-07,1.83,45.2,10.6,0
12235,2026-06-02,DAY-MIL-08,1.39,44.7,9.2,0
12236,2026-06-02,DAY-PRS-01,3.42,65.6,16.0,1
12237,2026-06-02,DAY-PRS-02,2.61,59.2,9.8,0
12238,2026-06-02,DAY-PRS-03,2.71,53.2,9.7,0
12239,2026-06-02,DAY-PRS-04,1.96,59.0,10.0,0
12240,2026-06-02,DAY-RBT-01,1.04,41.8,11.7,0
12241,2026-06-02,DAY-RBT-02,1.46,50.7,14.0,0
12242,2026-06-02,DAY-RBT-03,0.87,43.6,9.4,0
12243,2026-06-02,MTY-GRD-01,1.16,46.3,11.4,0
12244,2026-06-02,MTY-GRD-02,1.26,48.4,10.1,0
12245,2026-06-02,MTY-LTH-01,2.37,55.1,15.0,0
12246,2026-06-02,MTY-LTH-02,1.95,46.2,12.2,0
12247,2026-06-02,MTY-LTH-03,1.96,53.9,14.4,0
12248,2026-06-02,MTY-LTH-04,2.45,56.8,15.2,0
12249,2026-06-02,MTY-LTH-05,1.92,54.4,11.1,0
12250,2026-06-02,MTY-MIL-01,1.57,54.9,13.9,0
12251,2026-06-02,MTY-MIL-02,2.02,50.1,12.8,0
12252,2026-06-02,MTY-MIL-03,2.17,53.0,11.0,0
12253,2026-06-02,MTY-MIL-04,1.71,51.9,11.4,0
12254,2026-06-02,MTY-MIL-05,1.78,51.0,11.2,0
12255,2026-06-02,MTY-MIL-06,2.09,47.2,12.8,0
12256,2026-06-02,MTY-PRS-01,3.2,62.3,12.0,2
12257,2026-06-02,MTY-PRS-02,2.91,61.6,12.6,0
12258,2026-06-02,MTY-PRS-03,2.42,53.9,4.8,1
12259,2026-06-02,MTY-RBT-01,1.09,43.1,11.6,0
12260,2026-06-02,MTY-RBT-02,1.23,39.8,9.8,2
12261,2026-06-02,MTY-RBT-03,1.39,48.0,16.0,0
12262,2026-06-03,BRN-GRD-01,1.47,45.2,10.0,0
12263,2026-06-03,BRN-LTH-01,1.77,51.9,13.2,0
12264,2026-06-03,BRN-LTH-02,1.75,49.8,12.6,0
12265,2026-06-03,BRN-LTH-03,3.54,55.9,9.2,3
12266,2026-06-03,BRN-LTH-04,2.25,49.0,13.4,0
12267,2026-06-03,BRN-MIL-01,1.73,46.5,12.1,0
12268,2026-06-03,BRN-MIL-02,1.31,46.6,8.5,0
12269,2026-06-03,BRN-MIL-03,1.84,47.2,8.2,0
12270,2026-06-03,BRN-MIL-04,1.83,43.5,7.6,1
12271,2026-06-03,BRN-MIL-05,2.11,44.6,10.5,7
12272,2026-06-03,BRN-MIL-06,1.47,45.0,7.9,0
12273,2026-06-03,BRN-PRS-01,3.0,59.8,12.6,0
12274,2026-06-03,BRN-PRS-02,3.29,54.2,13.1,0
12275,2026-06-03,BRN-PRS-03,3.22,58.6,10.8,0
12276,2026-06-03,BRN-RBT-01,1.13,44.1,10.7,0
12277,2026-06-03,BRN-RBT-02,1.55,45.7,11.5,1
12278,2026-06-03,DAY-GRD-01,2.03,50.3,9.8,0
12279,2026-06-03,DAY-LTH-01,2.25,47.4,13.3,0
12280,2026-06-03,DAY-LTH-02,1.63,51.6,12.8,0
12281,2026-06-03,DAY-LTH-03,2.06,51.7,10.0,0
12282,2026-06-03,DAY-LTH-04,2.06,54.8,10.0,0
12283,2026-06-03,DAY-LTH-05,2.04,52.6,9.6,0
12284,2026-06-03,DAY-MIL-01,1.54,48.8,12.4,0
12285,2026-06-03,DAY-MIL-02,1.52,51.7,12.6,0
12286,2026-06-03,DAY-MIL-03,1.64,50.0,8.1,0
12287,2026-06-03,DAY-MIL-04,1.57,46.2,10.9,0
12288,2026-06-03,DAY-MIL-05,1.98,55.9,10.0,5
12289,2026-06-03,DAY-MIL-06,2.67,59.9,11.7,6
12290,2026-06-03,DAY-MIL-07,1.88,46.2,12.8,0
12291,2026-06-03,DAY-MIL-08,1.49,45.9,13.8,0
12292,2026-06-03,DAY-PRS-01,2.59,63.1,9.3,0
12293,2026-06-03,DAY-PRS-02,2.63,62.2,10.6,0
12294,2026-06-03,DAY-PRS-03,2.87,54.8,13.7,0
12295,2026-06-03,DAY-PRS-04,2.21,58.4,12.8,0
12296,2026-06-03,DAY-RBT-01,1.13,40.1,10.0,0
12297,2026-06-03,DAY-RBT-02,1.41,48.9,11.6,0
12298,2026-06-03,DAY-RBT-03,0.89,44.7,8.9,0
12299,2026-06-03,MTY-GRD-01,1.23,46.0,10.9,0
12300,2026-06-03,MTY-GRD-02,1.28,50.0,10.3,0
12301,2026-06-03,MTY-LTH-01,2.03,52.9,9.6,0
12302,2026-06-03,MTY-LTH-02,1.8,47.4,10.2,0
12303,2026-06-03,MTY-LTH-03,1.8,50.9,11.6,0
12304,2026-06-03,MTY-LTH-04,2.51,52.5,13.8,0
12305,2026-06-03,MTY-LTH-05,2.23,53.8,12.3,0
12306,2026-06-03,MTY-MIL-01,1.37,53.2,10.9,2
12307,2026-06-03,MTY-MIL-02,1.87,51.8,13.2,0
12308,2026-06-03,MTY-MIL-03,2.28,50.5,11.2,0
12309,2026-06-03,MTY-MIL-04,1.82,51.0,12.7,0
12310,2026-06-03,MTY-MIL-05,1.82,54.0,15.3,0
12311,2026-06-03,MTY-MIL-06,2.13,50.0,14.6,1
12312,2026-06-03,MTY-PRS-01,3.09,62.1,10.4,0
12313,2026-06-03,MTY-PRS-02,3.19,66.9,16.0,0
12314,2026-06-03,MTY-PRS-03,2.83,59.6,12.9,0
12315,2026-06-03,MTY-RBT-01,1.05,42.3,6.9,0
12316,2026-06-03,MTY-RBT-02,1.24,37.2,9.1,3
12317,2026-06-03,MTY-RBT-03,1.29,44.8,12.4,0
12318,2026-06-04,BRN-GRD-01,1.48,50.9,16.0,0
12319,2026-06-04,BRN-LTH-01,1.96,50.5,13.1,1
12320,2026-06-04,BRN-LTH-02,1.62,49.9,11.5,0
12321,2026-06-04,BRN-LTH-03,3.86,56.0,13.3,1
12322,2026-06-04,BRN-LTH-04,1.99,47.7,8.6,0
12323,2026-06-04,BRN-MIL-01,1.62,44.8,7.6,0
12324,2026-06-04,BRN-MIL-02,1.32,45.3,7.1,0
12325,2026-06-04,BRN-MIL-03,1.88,48.7,13.8,0
12326,2026-06-04,BRN-MIL-04,2.0,48.1,13.9,0
12327,2026-06-04,BRN-MIL-05,2.2,50.3,11.2,7
12328,2026-06-04,BRN-MIL-06,1.68,50.4,12.2,0
12329,2026-06-04,BRN-PRS-01,3.19,64.4,15.2,1
12330,2026-06-04,BRN-PRS-02,3.52,54.2,11.0,0
12331,2026-06-04,BRN-PRS-03,2.91,57.7,9.8,0
12332,2026-06-04,BRN-RBT-01,1.07,45.2,11.9,0
12333,2026-06-04,BRN-RBT-02,1.37,46.5,12.8,0
12334,2026-06-04,DAY-GRD-01,2.03,51.1,12.2,0
12335,2026-06-04,DAY-LTH-01,2.03,45.5,9.4,0
12336,2026-06-04,DAY-LTH-02,1.66,51.8,11.7,0
12337,2026-06-04,DAY-LTH-03,2.18,50.9,13.3,0
12338,2026-06-04,DAY-LTH-04,1.97,54.4,10.2,1
12339,2026-06-04,DAY-LTH-05,2.16,53.8,13.3,0
12340,2026-06-04,DAY-MIL-01,1.39,44.4,10.9,0
12341,2026-06-04,DAY-MIL-02,1.66,54.2,14.5,0
12342,2026-06-04,DAY-MIL-03,1.6,49.9,9.1,1
12343,2026-06-04,DAY-MIL-04,1.66,46.5,12.9,1
12344,2026-06-04,DAY-MIL-05,2.13,58.5,12.1,2
12345,2026-06-04,DAY-MIL-06,2.62,62.5,13.9,6
12346,2026-06-04,DAY-MIL-07,1.98,45.9,12.3,0
12347,2026-06-04,DAY-MIL-08,1.6,42.5,10.4,2
12348,2026-06-04,DAY-PRS-01,2.91,62.4,13.4,0
12349,2026-06-04,DAY-PRS-02,2.48,62.3,11.9,0
12350,2026-06-04,DAY-PRS-03,2.81,53.3,11.3,1
12351,2026-06-04,DAY-PRS-04,2.28,59.9,13.6,0
12352,2026-06-04,DAY-RBT-01,1.17,44.2,14.0,0
12353,2026-06-04,DAY-RBT-02,1.36,47.9,9.4,0
12354,2026-06-04,DAY-RBT-03,0.98,44.7,11.6,1
12355,2026-06-04,MTY-GRD-01,1.24,48.7,13.2,0
12356,2026-06-04,MTY-GRD-02,1.08,49.0,8.7,1
12357,2026-06-04,MTY-LTH-01,2.11,51.6,9.8,0
12358,2026-06-04,MTY-LTH-02,2.17,49.8,13.7,0
12359,2026-06-04,MTY-LTH-03,1.81,52.0,11.5,0
12360,2026-06-04,MTY-LTH-04,2.18,52.5,10.3,0
12361,2026-06-04,MTY-LTH-05,1.97,56.8,11.3,0
12362,2026-06-04,MTY-MIL-01,1.62,53.4,13.9,0
12363,2026-06-04,MTY-MIL-02,2.13,49.3,11.5,0
12364,2026-06-04,MTY-MIL-03,2.44,53.1,14.1,3
12365,2026-06-04,MTY-MIL-04,1.76,51.8,14.7,1
12366,2026-06-04,MTY-MIL-05,1.68,49.9,11.4,0
12367,2026-06-04,MTY-MIL-06,2.23,48.8,12.4,1
12368,2026-06-04,MTY-PRS-01,3.41,60.6,11.5,0
12369,2026-06-04,MTY-PRS-02,2.43,60.4,9.5,1
12370,2026-06-04,MTY-PRS-03,3.0,60.8,14.8,0
12371,2026-06-04,MTY-RBT-01,1.0,45.4,12.2,0
12372,2026-06-04,MTY-RBT-02,1.49,41.4,12.9,1
12373,2026-06-04,MTY-RBT-03,1.24,45.3,12.9,0
12374,2026-06-05,BRN-GRD-01,1.32,47.8,10.2,0
12375,2026-06-05,BRN-LTH-01,1.68,46.9,11.8,0
12376,2026-06-05,BRN-LTH-02,1.61,51.6,11.6,0
12377,2026-06-05,BRN-LTH-03,4.01,60.3,16.0,3
12378,2026-06-05,BRN-LTH-04,2.09,48.3,11.3,0
12379,2026-06-05,BRN-MIL-01,1.97,46.6,14.7,0
12380,2026-06-05,BRN-MIL-02,1.24,48.3,12.6,1
12381,2026-06-05,BRN-MIL-03,1.86,48.5,12.0,0
12382,2026-06-05,BRN-MIL-04,1.99,47.2,12.8,0
12383,2026-06-05,BRN-MIL-05,2.02,46.7,11.5,6
12384,2026-06-05,BRN-MIL-06,1.51,46.4,9.7,0
12385,2026-06-05,BRN-PRS-01,2.72,61.4,11.9,0
12386,2026-06-05,BRN-PRS-02,3.05,54.1,11.0,0
12387,2026-06-05,BRN-PRS-03,3.01,57.5,12.4,0
12388,2026-06-05,BRN-RBT-01,1.22,48.1,16.0,1
12389,2026-06-05,BRN-RBT-02,1.51,46.4,11.4,0
12390,2026-06-05,DAY-GRD-01,2.09,50.3,13.6,0
12391,2026-06-05,DAY-LTH-01,2.07,47.1,11.1,0
12392,2026-06-05,DAY-LTH-02,1.82,50.9,10.9,0
12393,2026-06-05,DAY-LTH-03,1.91,50.3,10.2,0
12394,2026-06-05,DAY-LTH-04,1.77,53.8,9.3,0
12395,2026-06-05,DAY-LTH-05,2.06,54.6,13.8,0
12396,2026-06-05,DAY-MIL-01,1.63,48.4,13.7,0
12397,2026-06-05,DAY-MIL-02,1.46,52.5,11.6,0
12398,2026-06-05,DAY-MIL-03,1.69,52.9,11.3,0
12399,2026-06-05,DAY-MIL-04,1.71,44.7,10.2,0
12400,2026-06-05,DAY-MIL-05,2.21,56.8,11.2,5
12401,2026-06-05,DAY-MIL-06,1.51,53.9,1.2,4
12402,2026-06-05,DAY-MIL-07,2.01,45.3,12.4,0
12403,2026-06-05,DAY-MIL-08,1.57,42.9,9.6,0
12404,2026-06-05,DAY-PRS-01,2.68,60.4,9.3,0
12405,2026-06-05,DAY-PRS-02,3.05,63.7,14.8,0
12406,2026-06-05,DAY-PRS-03,2.76,54.4,11.8,0
12407,2026-06-05,DAY-PRS-04,2.35,57.0,10.2,1
12408,2026-06-05,DAY-RBT-01,1.0,42.1,11.2,0
12409,2026-06-05,DAY-RBT-02,1.33,48.9,14.7,0
12410,2026-06-05,DAY-RBT-03,0.79,45.1,8.4,0
12411,2026-06-05,MTY-GRD-01,1.31,46.9,13.3,0
12412,2026-06-05,MTY-GRD-02,1.39,52.0,16.0,0
12413,2026-06-05,MTY-LTH-01,2.16,57.7,12.4,0
12414,2026-06-05,MTY-LTH-02,1.99,49.7,13.3,1
12415,2026-06-05,MTY-LTH-03,1.96,54.0,14.1,0
12416,2026-06-05,MTY-LTH-04,2.38,51.4,11.4,1
12417,2026-06-05,MTY-LTH-05,2.18,54.7,11.5,0
12418,2026-06-05,MTY-MIL-01,1.39,52.3,11.3,0
12419,2026-06-05,MTY-MIL-02,1.92,49.5,9.2,0
12420,2026-06-05,MTY-MIL-03,2.52,53.7,13.7,1
12421,2026-06-05,MTY-MIL-04,1.72,51.4,13.1,0
12422,2026-06-05,MTY-MIL-05,1.82,51.9,14.5,0
12423,2026-06-05,MTY-MIL-06,2.07,46.0,9.8,0
12424,2026-06-05,MTY-PRS-01,3.36,64.7,13.1,0
12425,2026-06-05,MTY-PRS-02,2.52,62.2,11.8,0
12426,2026-06-05,MTY-PRS-03,2.86,59.8,12.7,0
12427,2026-06-05,MTY-RBT-01,1.12,44.8,10.4,0
12428,2026-06-05,MTY-RBT-02,1.23,40.0,12.0,0
12429,2026-06-05,MTY-RBT-03,1.16,45.7,11.5,0
12430,2026-06-08,BRN-GRD-01,1.47,48.7,14.9,0
12431,2026-06-08,BRN-LTH-01,1.67,48.1,9.8,0
12432,2026-06-08,BRN-LTH-02,1.91,51.2,12.9,0
12433,2026-06-08,BRN-LTH-03,4.12,57.4,8.9,1
12434,2026-06-08,BRN-LTH-04,2.02,47.4,9.9,0
12435,2026-06-08,BRN-MIL-01,1.71,47.9,13.5,1
12436,2026-06-08,BRN-MIL-02,1.43,47.7,11.8,0
12437,2026-06-08,BRN-MIL-03,1.91,46.5,9.7,0
12438,2026-06-08,BRN-MIL-04,1.99,46.9,11.3,0
12439,2026-06-08,BRN-MIL-05,2.21,47.9,10.5,3
12440,2026-06-08,BRN-MIL-06,1.62,49.4,11.0,0
12441,2026-06-08,BRN-PRS-01,2.68,63.5,12.2,0
12442,2026-06-08,BRN-PRS-02,3.33,55.2,14.2,0
12443,2026-06-08,BRN-PRS-03,2.55,56.7,10.3,0
12444,2026-06-08,BRN-RBT-01,1.05,43.9,11.7,0
12445,2026-06-08,BRN-RBT-02,1.47,45.7,9.2,0
12446,2026-06-08,DAY-GRD-01,2.22,51.8,15.6,0
12447,2026-06-08,DAY-LTH-01,2.15,45.7,11.3,0
12448,2026-06-08,DAY-LTH-02,1.62,53.4,16.0,1
12449,2026-06-08,DAY-LTH-03,2.0,50.1,11.6,0
12450,2026-06-08,DAY-LTH-04,2.16,54.8,11.8,0
12451,2026-06-08,DAY-LTH-05,1.69,52.5,10.1,0
12452,2026-06-08,DAY-MIL-01,1.6,49.6,16.0,0
12453,2026-06-08,DAY-MIL-02,1.58,52.8,14.1,0
12454,2026-06-08,DAY-MIL-03,1.5,49.8,11.7,0
12455,2026-06-08,DAY-MIL-04,1.6,47.9,13.9,0
12456,2026-06-08,DAY-MIL-05,2.34,58.3,11.1,5
12457,2026-06-08,DAY-MIL-06,1.63,56.0,14.3,1
12458,2026-06-08,DAY-MIL-07,1.72,46.8,12.9,1
12459,2026-06-08,DAY-MIL-08,1.53,44.0,10.4,0
12460,2026-06-08,DAY-PRS-01,2.41,60.4,10.1,0
12461,2026-06-08,DAY-PRS-02,2.93,61.7,9.9,0
12462,2026-06-08,DAY-PRS-03,2.51,50.5,9.0,0
12463,2026-06-08,DAY-PRS-04,2.45,59.4,13.1,1
12464,2026-06-08,DAY-RBT-01,0.99,45.1,12.9,0
12465,2026-06-08,DAY-RBT-02,1.42,48.2,13.1,1
12466,2026-06-08,DAY-RBT-03,0.92,46.5,8.6,0
12467,2026-06-08,MTY-GRD-01,1.31,48.0,13.0,0
12468,2026-06-08,MTY-GRD-02,1.29,51.4,13.8,0
12469,2026-06-08,MTY-LTH-01,1.94,52.2,7.7,0
12470,2026-06-08,MTY-LTH-02,2.26,48.3,11.8,0
12471,2026-06-08,MTY-LTH-03,1.72,51.2,12.0,0
12472,2026-06-08,MTY-LTH-04,2.38,53.9,12.6,0
12473,2026-06-08,MTY-LTH-05,2.0,52.2,8.0,0
12474,2026-06-08,MTY-MIL-01,1.31,50.5,8.8,0
12475,2026-06-08,MTY-MIL-02,1.97,50.4,10.9,0
12476,2026-06-08,MTY-MIL-03,2.68,49.5,10.6,1
12477,2026-06-08,MTY-MIL-04,1.58,48.0,10.4,0
12478,2026-06-08,MTY-MIL-05,1.5,48.2,6.9,0
12479,2026-06-08,MTY-MIL-06,2.03,46.1,9.0,0
12480,2026-06-08,MTY-PRS-01,3.04,61.8,10.3,1
12481,2026-06-08,MTY-PRS-02,2.93,64.3,12.1,0
12482,2026-06-08,MTY-PRS-03,3.45,58.9,14.8,0
12483,2026-06-08,MTY-RBT-01,1.07,45.0,12.6,0
12484,2026-06-08,MTY-RBT-02,1.27,41.3,13.0,2
12485,2026-06-08,MTY-RBT-03,1.03,44.1,7.7,0
12486,2026-06-09,BRN-GRD-01,1.36,50.5,13.6,0
12487,2026-06-09,BRN-LTH-01,1.76,49.6,11.2,1
12488,2026-06-09,BRN-LTH-02,1.52,50.7,10.9,0
12489,2026-06-09,BRN-LTH-03,4.35,61.2,12.2,1
12490,2026-06-09,BRN-LTH-04,1.89,49.8,9.9,1
12491,2026-06-09,BRN-MIL-01,1.62,49.3,15.3,1
12492,2026-06-09,BRN-MIL-02,1.43,47.9,10.2,0
12493,2026-06-09,BRN-MIL-03,1.9,48.0,10.6,0
12494,2026-06-09,BRN-MIL-04,1.8,45.9,12.2,0
12495,2026-06-09,BRN-MIL-05,1.49,45.0,3.7,3
12496,2026-06-09,BRN-MIL-06,1.7,49.0,10.9,0
12497,2026-06-09,BRN-PRS-01,2.92,61.0,11.0,0
12498,2026-06-09,BRN-PRS-02,3.75,55.9,12.7,0
12499,2026-06-09,BRN-PRS-03,3.14,55.1,12.5,1
12500,2026-06-09,BRN-RBT-01,1.18,45.8,14.8,0
12501,2026-06-09,BRN-RBT-02,1.35,46.5,11.3,0
12502,2026-06-09,DAY-GRD-01,1.85,48.9,9.3,0
12503,2026-06-09,DAY-LTH-01,2.26,45.7,13.0,0
12504,2026-06-09,DAY-LTH-02,1.65,51.0,10.0,0
12505,2026-06-09,DAY-LTH-03,2.03,52.3,10.7,1
12506,2026-06-09,DAY-LTH-04,2.25,58.7,14.0,0
12507,2026-06-09,DAY-LTH-05,2.04,53.0,13.3,0
12508,2026-06-09,DAY-MIL-01,1.53,48.3,12.9,0
12509,2026-06-09,DAY-MIL-02,1.44,51.7,11.3,1
12510,2026-06-09,DAY-MIL-03,1.6,49.7,10.9,0
12511,2026-06-09,DAY-MIL-04,1.56,46.9,10.8,0
12512,2026-06-09,DAY-MIL-05,2.54,61.2,13.9,6
12513,2026-06-09,DAY-MIL-06,1.59,54.2,10.8,0
12514,2026-06-09,DAY-MIL-07,1.82,43.6,11.9,0
12515,2026-06-09,DAY-MIL-08,1.48,42.1,8.4,0
12516,2026-06-09,DAY-PRS-01,2.91,62.7,13.1,0
12517,2026-06-09,DAY-PRS-02,2.81,61.9,11.2,0
12518,2026-06-09,DAY-PRS-03,3.14,55.6,14.9,0
12519,2026-06-09,DAY-PRS-04,2.24,61.1,11.0,2
12520,2026-06-09,DAY-RBT-01,1.08,43.1,10.6,0
12521,2026-06-09,DAY-RBT-02,1.51,49.0,14.1,1
12522,2026-06-09,DAY-RBT-03,1.02,47.0,12.6,0
12523,2026-06-09,MTY-GRD-01,1.2,48.5,7.6,0
12524,2026-06-09,MTY-GRD-02,1.32,50.2,10.8,0
12525,2026-06-09,MTY-LTH-01,2.17,55.6,12.7,0
12526,2026-06-09,MTY-LTH-02,1.83,47.7,9.1,0
12527,2026-06-09,MTY-LTH-03,1.72,52.3,10.3,0
12528,2026-06-09,MTY-LTH-04,2.31,53.9,13.8,0
12529,2026-06-09,MTY-LTH-05,2.04,54.3,10.7,0
12530,2026-06-09,MTY-MIL-01,1.54,52.5,12.0,0
12531,2026-06-09,MTY-MIL-02,1.88,50.5,11.6,0
12532,2026-06-09,MTY-MIL-03,2.79,52.9,12.5,0
12533,2026-06-09,MTY-MIL-04,1.59,49.2,9.9,0
12534,2026-06-09,MTY-MIL-05,1.51,49.6,7.8,1
12535,2026-06-09,MTY-MIL-06,2.18,47.5,11.7,0
12536,2026-06-09,MTY-PRS-01,3.27,64.6,13.3,0
12537,2026-06-09,MTY-PRS-02,2.36,59.2,9.9,0
12538,2026-06-09,MTY-PRS-03,2.93,58.7,9.5,0
12539,2026-06-09,MTY-RBT-01,1.18,44.9,12.5,0
12540,2026-06-09,MTY-RBT-02,1.33,40.2,10.6,2
12541,2026-06-09,MTY-RBT-03,1.23,46.7,12.7,1
12542,2026-06-10,BRN-GRD-01,1.26,49.8,10.8,0
12543,2026-06-10,BRN-LTH-01,1.74,48.0,10.8,0
12544,2026-06-10,BRN-LTH-02,1.58,46.8,7.8,0
12545,2026-06-10,BRN-LTH-03,4.14,58.4,9.2,0
12546,2026-06-10,BRN-LTH-04,2.22,50.4,14.1,0
12547,2026-06-10,BRN-MIL-01,1.76,47.9,11.5,1
12548,2026-06-10,BRN-MIL-02,1.43,48.7,11.4,0
12549,2026-06-10,BRN-MIL-03,1.92,49.9,13.4,0
12550,2026-06-10,BRN-MIL-04,1.55,45.3,8.4,0
12551,2026-06-10,BRN-MIL-05,1.43,44.2,9.4,0
12552,2026-06-10,BRN-MIL-06,1.64,47.7,11.0,0
12553,2026-06-10,BRN-PRS-01,2.38,57.9,6.1,0
12554,2026-06-10,BRN-PRS-02,3.55,55.1,13.0,0
12555,2026-06-10,BRN-PRS-03,2.95,52.0,9.0,0
12556,2026-06-10,BRN-RBT-01,1.18,43.4,11.1,0
12557,2026-06-10,BRN-RBT-02,1.43,47.8,10.9,0
12558,2026-06-10,DAY-GRD-01,2.28,48.9,12.3,0
12559,2026-06-10,DAY-LTH-01,1.89,47.5,11.1,0
12560,2026-06-10,DAY-LTH-02,1.77,53.2,13.2,0
12561,2026-06-10,DAY-LTH-03,2.01,53.6,11.8,0
12562,2026-06-10,DAY-LTH-04,2.07,58.2,15.0,0
12563,2026-06-10,DAY-LTH-05,2.03,55.4,12.5,0
12564,2026-06-10,DAY-MIL-01,1.42,48.2,12.1,0
12565,2026-06-10,DAY-MIL-02,1.44,51.8,9.8,1
12566,2026-06-10,DAY-MIL-03,1.62,52.9,13.9,0
12567,2026-06-10,DAY-MIL-04,1.68,48.5,10.3,0
12568,2026-06-10,DAY-MIL-05,2.62,61.0,15.1,2
12569,2026-06-10,DAY-MIL-06,1.7,52.0,9.5,0
12570,2026-06-10,DAY-MIL-07,1.8,43.8,11.1,0
12571,2026-06-10,DAY-MIL-08,1.54,44.9,12.2,1
12572,2026-06-10,DAY-PRS-01,2.77,61.5,12.4,0
12573,2026-06-10,DAY-PRS-02,2.9,64.8,15.5,0
12574,2026-06-10,DAY-PRS-03,2.73,52.2,10.3,0
12575,2026-06-10,DAY-PRS-04,2.29,57.5,9.6,0
12576,2026-06-10,DAY-RBT-01,1.19,43.9,14.8,0
12577,2026-06-10,DAY-RBT-02,1.09,46.8,7.7,0
12578,2026-06-10,DAY-RBT-03,1.05,45.8,13.0,0
12579,2026-06-10,MTY-GRD-01,1.4,48.4,11.5,0
12580,2026-06-10,MTY-GRD-02,1.33,49.0,9.9,0
12581,2026-06-10,MTY-LTH-01,2.36,57.9,15.8,0
12582,2026-06-10,MTY-LTH-02,1.79,46.5,10.5,1
12583,2026-06-10,MTY-LTH-03,1.83,53.3,13.5,0
12584,2026-06-10,MTY-LTH-04,2.24,52.3,10.8,0
12585,2026-06-10,MTY-LTH-05,1.97,52.2,8.5,1
12586,2026-06-10,MTY-MIL-01,1.39,52.6,9.5,0
12587,2026-06-10,MTY-MIL-02,1.87,49.7,11.3,0
12588,2026-06-10,MTY-MIL-03,2.89,53.6,11.2,1
12589,2026-06-10,MTY-MIL-04,1.58,51.2,12.9,0
12590,2026-06-10,MTY-MIL-05,1.7,52.0,13.4,0
12591,2026-06-10,MTY-MIL-06,2.04,46.6,11.7,0
12592,2026-06-10,MTY-PRS-01,2.91,65.0,10.1,0
12593,2026-06-10,MTY-PRS-02,2.7,58.7,8.5,0
12594,2026-06-10,MTY-PRS-03,2.67,59.8,9.3,0
12595,2026-06-10,MTY-RBT-01,1.16,43.2,11.4,2
12596,2026-06-10,MTY-RBT-02,1.28,40.9,11.5,3
12597,2026-06-10,MTY-RBT-03,1.16,43.4,9.4,0
12598,2026-06-11,BRN-GRD-01,1.35,45.7,9.6,0
12599,2026-06-11,BRN-LTH-01,1.95,48.6,11.1,2
12600,2026-06-11,BRN-LTH-02,1.66,53.0,13.0,1
12601,2026-06-11,BRN-LTH-03,4.94,57.0,11.2,2
12602,2026-06-11,BRN-LTH-04,2.26,48.0,9.7,0
12603,2026-06-11,BRN-MIL-01,1.68,47.1,10.0,0
12604,2026-06-11,BRN-MIL-02,1.47,48.8,13.3,1
12605,2026-06-11,BRN-MIL-03,1.76,50.1,11.1,0
12606,2026-06-11,BRN-MIL-04,1.93,47.6,13.2,0
12607,2026-06-11,BRN-MIL-05,1.58,43.8,8.9,0
12608,2026-06-11,BRN-MIL-06,1.59,48.1,9.4,0
12609,2026-06-11,BRN-PRS-01,2.99,61.7,11.9,0
12610,2026-06-11,BRN-PRS-02,3.12,55.3,9.8,0
12611,2026-06-11,BRN-PRS-03,2.89,55.5,10.2,1
12612,2026-06-11,BRN-RBT-01,1.21,43.3,13.5,0
12613,2026-06-11,BRN-RBT-02,1.66,50.5,14.8,0
12614,2026-06-11,DAY-GRD-01,2.0,49.6,12.8,0
12615,2026-06-11,DAY-LTH-01,2.12,44.9,11.8,0
12616,2026-06-11,DAY-LTH-02,1.82,53.0,13.5,0
12617,2026-06-11,DAY-LTH-03,2.29,55.0,15.2,0
12618,2026-06-11,DAY-LTH-04,2.26,57.8,13.8,0
12619,2026-06-11,DAY-LTH-05,1.8,51.8,9.1,0
12620,2026-06-11,DAY-MIL-01,1.45,47.5,12.1,0
12621,2026-06-11,DAY-MIL-02,1.41,51.1,9.7,0
12622,2026-06-11,DAY-MIL-03,1.43,48.2,7.5,0
12623,2026-06-11,DAY-MIL-04,1.51,47.5,11.3,0
12624,2026-06-11,DAY-MIL-05,2.56,58.9,12.9,2
12625,2026-06-11,DAY-MIL-06,1.7,53.8,10.7,0
12626,2026-06-11,DAY-MIL-07,2.03,47.0,12.3,0
12627,2026-06-11,DAY-MIL-08,1.45,45.5,10.0,0
12628,2026-06-11,DAY-PRS-01,2.71,62.2,9.5,0
12629,2026-06-11,DAY-PRS-02,2.86,62.3,10.8,0
12630,2026-06-11,DAY-PRS-03,2.96,51.5,10.4,0
12631,2026-06-11,DAY-PRS-04,2.73,64.4,15.0,1
12632,2026-06-11,DAY-RBT-01,1.18,43.5,10.7,0
12633,2026-06-11,DAY-RBT-02,1.41,47.2,10.2,0
12634,2026-06-11,DAY-RBT-03,1.05,47.8,14.3,0
12635,2026-06-11,MTY-GRD-01,1.33,48.0,14.3,0
12636,2026-06-11,MTY-GRD-02,1.36,53.6,11.4,0
12637,2026-06-11,MTY-LTH-01,2.03,55.1,15.4,0
12638,2026-06-11,MTY-LTH-02,1.94,48.1,11.1,1
12639,2026-06-11,MTY-LTH-03,1.77,50.6,8.5,1
12640,2026-06-11,MTY-LTH-04,2.48,54.2,13.2,0
12641,2026-06-11,MTY-LTH-05,2.31,57.0,12.4,0
12642,2026-06-11,MTY-MIL-01,1.5,53.4,12.9,0
12643,2026-06-11,MTY-MIL-02,1.69,47.7,8.5,0
12644,2026-06-11,MTY-MIL-03,3.07,52.8,12.2,1
12645,2026-06-11,MTY-MIL-04,1.68,48.6,8.0,0
12646,2026-06-11,MTY-MIL-05,1.73,51.3,12.1,0
12647,2026-06-11,MTY-MIL-06,2.03,48.4,10.3,1
12648,2026-06-11,MTY-PRS-01,3.3,60.6,10.0,0
12649,2026-06-11,MTY-PRS-02,2.71,62.5,10.2,0
12650,2026-06-11,MTY-PRS-03,2.82,62.0,14.1,1
12651,2026-06-11,MTY-RBT-01,1.2,45.9,15.1,0
12652,2026-06-11,MTY-RBT-02,1.37,41.6,11.7,7
12653,2026-06-11,MTY-RBT-03,1.1,42.5,8.8,0
12654,2026-06-12,BRN-GRD-01,1.27,47.3,9.9,0
12655,2026-06-12,BRN-LTH-01,1.73,47.3,12.9,0
12656,2026-06-12,BRN-LTH-02,1.54,48.8,10.7,0
12657,2026-06-12,BRN-LTH-03,4.33,60.2,9.2,1
12658,2026-06-12,BRN-LTH-04,2.16,49.7,10.1,0
12659,2026-06-12,BRN-MIL-01,1.49,45.9,9.7,0
12660,2026-06-12,BRN-MIL-02,1.42,46.4,9.6,0
12661,2026-06-12,BRN-MIL-03,1.72,47.1,11.6,0
12662,2026-06-12,BRN-MIL-04,1.75,43.8,8.5,0
12663,2026-06-12,BRN-MIL-05,1.54,47.4,11.8,0
12664,2026-06-12,BRN-MIL-06,1.54,48.1,12.1,0
12665,2026-06-12,BRN-PRS-01,3.24,61.4,12.6,1
12666,2026-06-12,BRN-PRS-02,3.48,56.4,12.0,0
12667,2026-06-12,BRN-PRS-03,3.12,56.5,11.2,0
12668,2026-06-12,BRN-RBT-01,1.1,45.2,13.4,0
12669,2026-06-12,BRN-RBT-02,1.63,47.4,12.2,0
12670,2026-06-12,DAY-GRD-01,2.17,52.6,14.5,0
12671,2026-06-12,DAY-LTH-01,1.95,45.9,12.7,0
12672,2026-06-12,DAY-LTH-02,1.56,51.4,11.6,0
12673,2026-06-12,DAY-LTH-03,1.98,52.1,11.3,0
12674,2026-06-12,DAY-LTH-04,1.99,52.1,10.2,0
12675,2026-06-12,DAY-LTH-05,1.78,52.4,10.8,0
12676,2026-06-12,DAY-MIL-01,1.6,50.0,15.0,0
12677,2026-06-12,DAY-MIL-02,1.84,51.3,11.8,0
12678,2026-06-12,DAY-MIL-03,1.54,50.0,8.7,1
12679,2026-06-12,DAY-MIL-04,1.54,48.4,10.8,1
12680,2026-06-12,DAY-MIL-05,1.97,54.4,1.9,3
12681,2026-06-12,DAY-MIL-06,1.71,54.9,13.1,0
12682,2026-06-12,DAY-MIL-07,1.87,43.4,10.4,0
12683,2026-06-12,DAY-MIL-08,1.77,46.0,12.0,0
12684,2026-06-12,DAY-PRS-01,2.57,61.8,10.3,0
12685,2026-06-12,DAY-PRS-02,3.03,61.5,13.1,0
12686,2026-06-12,DAY-PRS-03,2.77,52.9,8.3,0
12687,2026-06-12,DAY-PRS-04,2.57,62.2,13.9,1
12688,2026-06-12,DAY-RBT-01,1.12,43.0,10.8,0
12689,2026-06-12,DAY-RBT-02,1.31,47.2,9.8,0
12690,2026-06-12,DAY-RBT-03,0.94,46.0,8.4,0
12691,2026-06-12,MTY-GRD-01,1.23,48.9,10.2,0
12692,2026-06-12,MTY-GRD-02,1.32,53.5,10.7,0
12693,2026-06-12,MTY-LTH-01,2.18,56.2,11.7,0
12694,2026-06-12,MTY-LTH-02,1.75,47.6,9.8,1
12695,2026-06-12,MTY-LTH-03,1.78,49.9,10.1,0
12696,2026-06-12,MTY-LTH-04,2.24,55.9,12.1,0
12697,2026-06-12,MTY-LTH-05,2.26,54.9,13.1,2
12698,2026-06-12,MTY-MIL-01,1.38,55.8,14.2,1
12699,2026-06-12,MTY-MIL-02,1.7,49.3,9.9,0
12700,2026-06-12,MTY-MIL-03,3.07,54.1,12.1,1
12701,2026-06-12,MTY-MIL-04,1.66,49.6,10.7,1
12702,2026-06-12,MTY-MIL-05,1.62,52.8,13.4,0
12703,2026-06-12,MTY-MIL-06,2.2,49.4,12.1,0
12704,2026-06-12,MTY-PRS-01,3.45,61.3,10.0,1
12705,2026-06-12,MTY-PRS-02,2.82,61.7,11.0,0
12706,2026-06-12,MTY-PRS-03,2.79,59.4,12.2,1
12707,2026-06-12,MTY-RBT-01,1.06,45.7,12.9,0
12708,2026-06-12,MTY-RBT-02,1.33,39.2,11.3,4
12709,2026-06-12,MTY-RBT-03,1.17,46.2,13.2,0
12710,2026-06-15,BRN-GRD-01,1.25,48.7,12.5,0
12711,2026-06-15,BRN-LTH-01,1.97,47.2,12.5,0
12712,2026-06-15,BRN-LTH-02,1.65,49.9,10.2,0
12713,2026-06-15,BRN-LTH-03,4.92,63.3,12.4,0
12714,2026-06-15,BRN-LTH-04,2.09,49.4,9.8,0
12715,2026-06-15,BRN-MIL-01,1.67,47.2,10.8,1
12716,2026-06-15,BRN-MIL-02,1.35,50.7,12.9,1
12717,2026-06-15,BRN-MIL-03,1.85,48.3,12.5,0
12718,2026-06-15,BRN-MIL-04,1.93,49.6,15.2,1
12719,2026-06-15,BRN-MIL-05,1.55,46.2,12.5,0
12720,2026-06-15,BRN-MIL-06,1.64,51.0,14.2,0
12721,2026-06-15,BRN-PRS-01,3.05,60.9,9.8,0
12722,2026-06-15,BRN-PRS-02,3.55,55.8,11.2,0
12723,2026-06-15,BRN-PRS-03,2.55,53.8,7.3,0
12724,2026-06-15,BRN-RBT-01,1.15,45.7,12.2,0
12725,2026-06-15,BRN-RBT-02,1.67,46.1,11.8,0
12726,2026-06-15,DAY-GRD-01,2.14,49.9,12.0,0
12727,2026-06-15,DAY-LTH-01,2.25,47.2,14.8,1
12728,2026-06-15,DAY-LTH-02,1.43,48.4,8.2,1
12729,2026-06-15,DAY-LTH-03,2.14,51.3,10.9,1
12730,2026-06-15,DAY-LTH-04,2.27,54.5,11.9,0
12731,2026-06-15,DAY-LTH-05,2.15,52.5,11.3,0
12732,2026-06-15,DAY-MIL-01,1.54,48.5,11.5,0
12733,2026-06-15,DAY-MIL-02,1.83,53.9,14.4,0
12734,2026-06-15,DAY-MIL-03,1.46,49.2,5.8,1
12735,2026-06-15,DAY-MIL-04,1.63,48.4,12.7,0
12736,2026-06-15,DAY-MIL-05,1.69,52.3,12.3,0
12737,2026-06-15,DAY-MIL-06,1.69,53.2,12.0,0
12738,2026-06-15,DAY-MIL-07,1.89,47.5,14.3,0
12739,2026-06-15,DAY-MIL-08,1.75,45.6,14.1,0
12740,2026-06-15,DAY-PRS-01,2.8,64.2,11.9,0
12741,2026-06-15,DAY-PRS-02,2.53,61.6,11.0,1
12742,2026-06-15,DAY-PRS-03,2.86,54.7,8.8,3
12743,2026-06-15,DAY-PRS-04,2.48,61.9,10.6,0
12744,2026-06-15,DAY-RBT-01,1.12,43.8,8.8,0
12745,2026-06-15,DAY-RBT-02,1.5,49.9,12.8,0
12746,2026-06-15,DAY-RBT-03,0.97,47.9,12.7,0
12747,2026-06-15,MTY-GRD-01,1.41,48.8,11.2,0
12748,2026-06-15,MTY-GRD-02,1.36,55.1,11.3,1
12749,2026-06-15,MTY-LTH-01,2.21,55.7,12.0,2
12750,2026-06-15,MTY-LTH-02,1.92,49.1,13.0,0
12751,2026-06-15,MTY-LTH-03,1.71,51.0,9.7,0
12752,2026-06-15,MTY-LTH-04,2.31,53.9,12.6,0
12753,2026-06-15,MTY-LTH-05,2.34,58.0,13.7,0
12754,2026-06-15,MTY-MIL-01,1.38,50.9,9.0,1
12755,2026-06-15,MTY-MIL-02,1.94,49.8,11.7,0
12756,2026-06-15,MTY-MIL-03,3.37,56.2,10.2,3
12757,2026-06-15,MTY-MIL-04,1.74,49.0,10.5,0
12758,2026-06-15,MTY-MIL-05,2.0,53.0,14.3,0
12759,2026-06-15,MTY-MIL-06,1.98,49.8,13.1,0
12760,2026-06-15,MTY-PRS-01,3.09,63.3,11.4,0
12761,2026-06-15,MTY-PRS-02,3.16,64.4,13.8,0
12762,2026-06-15,MTY-PRS-03,2.82,61.7,10.4,0
12763,2026-06-15,MTY-RBT-01,1.17,45.0,11.1,0
12764,2026-06-15,MTY-RBT-02,1.27,39.1,6.4,3
12765,2026-06-15,MTY-RBT-03,1.24,45.9,11.2,0
12766,2026-06-16,BRN-GRD-01,1.23,47.1,8.5,0
12767,2026-06-16,BRN-LTH-01,1.74,47.5,7.6,0
12768,2026-06-16,BRN-LTH-02,1.56,51.8,12.5,0
12769,2026-06-16,BRN-LTH-03,2.12,51.6,6.3,3
12770,2026-06-16,BRN-LTH-04,2.18,48.0,9.6,0
12771,2026-06-16,BRN-MIL-01,1.67,46.4,10.3,0
12772,2026-06-16,BRN-MIL-02,1.21,47.8,10.7,0
12773,2026-06-16,BRN-MIL-03,1.86,48.5,10.6,0
12774,2026-06-16,BRN-MIL-04,1.93,46.9,13.9,0
12775,2026-06-16,BRN-MIL-05,1.77,45.3,12.9,0
12776,2026-06-16,BRN-MIL-06,1.61,46.7,2.8,0
12777,2026-06-16,BRN-PRS-01,2.78,62.5,10.7,0
12778,2026-06-16,BRN-PRS-02,3.38,54.5,12.5,1
12779,2026-06-16,BRN-PRS-03,2.7,55.2,7.8,0
12780,2026-06-16,BRN-RBT-01,1.14,44.8,11.7,0
12781,2026-06-16,BRN-RBT-02,1.41,50.1,13.2,0
12782,2026-06-16,DAY-GRD-01,2.22,49.6,11.6,0
12783,2026-06-16,DAY-LTH-01,2.2,48.7,13.1,0
12784,2026-06-16,DAY-LTH-02,1.64,53.2,10.9,0
12785,2026-06-16,DAY-LTH-03,1.81,50.4,10.5,0
12786,2026-06-16,DAY-LTH-04,2.12,55.7,10.4,2
12787,2026-06-16,DAY-LTH-05,1.88,53.4,9.7,0
12788,2026-06-16,DAY-MIL-01,1.44,48.0,14.3,0
12789,2026-06-16,DAY-MIL-02,1.62,51.8,9.9,0
12790,2026-06-16,DAY-MIL-03,1.52,51.5,11.5,0
12791,2026-06-16,DAY-MIL-04,1.7,50.1,12.3,1
12792,2026-06-16,DAY-MIL-05,1.86,54.1,16.0,0
12793,2026-06-16,DAY-MIL-06,1.72,53.2,10.5,0
12794,2026-06-16,DAY-MIL-07,1.7,45.4,10.2,0
12795,2026-06-16,DAY-MIL-08,1.61,44.3,12.9,0
12796,2026-06-16,DAY-PRS-01,2.29,59.9,9.2,0
12797,2026-06-16,DAY-PRS-02,2.89,59.8,9.6,0
12798,2026-06-16,DAY-PRS-03,3.3,59.8,16.0,1
12799,2026-06-16,DAY-PRS-04,2.39,63.2,10.1,0
12800,2026-06-16,DAY-RBT-01,1.11,43.6,12.5,0
12801,2026-06-16,DAY-RBT-02,1.63,52.5,15.2,0
12802,2026-06-16,DAY-RBT-03,0.95,45.5,10.0,0
12803,2026-06-16,MTY-GRD-01,1.29,48.1,11.4,0
12804,2026-06-16,MTY-GRD-02,1.55,57.9,14.0,2
12805,2026-06-16,MTY-LTH-01,1.92,54.8,11.3,0
12806,2026-06-16,MTY-LTH-02,2.02,46.9,13.3,1
12807,2026-06-16,MTY-LTH-03,1.8,53.9,12.0,0
12808,2026-06-16,MTY-LTH-04,2.35,57.1,14.4,1
12809,2026-06-16,MTY-LTH-05,2.0,55.2,13.7,0
12810,2026-06-16,MTY-MIL-01,1.65,54.5,13.8,0
12811,2026-06-16,MTY-MIL-02,1.99,51.2,10.6,0
12812,2026-06-16,MTY-MIL-03,3.28,55.6,10.3,1
12813,2026-06-16,MTY-MIL-04,1.72,49.5,10.1,0
12814,2026-06-16,MTY-MIL-05,1.57,49.6,10.8,0
12815,2026-06-16,MTY-MIL-06,2.27,47.6,11.7,1
12816,2026-06-16,MTY-PRS-01,3.24,64.5,13.0,0
12817,2026-06-16,MTY-PRS-02,2.54,60.0,9.1,0
12818,2026-06-16,MTY-PRS-03,3.07,60.8,12.4,1
12819,2026-06-16,MTY-RBT-01,1.17,45.1,13.0,0
12820,2026-06-16,MTY-RBT-02,1.14,37.2,11.0,0
12821,2026-06-16,MTY-RBT-03,1.31,47.0,13.4,0
12822,2026-06-17,BRN-GRD-01,1.51,47.3,11.2,0
12823,2026-06-17,BRN-LTH-01,1.84,52.4,13.5,1
12824,2026-06-17,BRN-LTH-02,1.73,49.7,10.4,1
12825,2026-06-17,BRN-LTH-04,2.21,50.4,10.7,0
12826,2026-06-17,BRN-MIL-01,1.73,50.3,11.9,0
12827,2026-06-17,BRN-MIL-02,1.46,48.6,11.1,1
12828,2026-06-17,BRN-MIL-03,1.85,48.7,11.4,0
12829,2026-06-17,BRN-MIL-04,1.71,45.2,10.6,0
12830,2026-06-17,BRN-MIL-05,1.38,44.9,12.8,1
12831,2026-06-17,BRN-MIL-06,1.69,47.8,11.4,0
12832,2026-06-17,BRN-PRS-01,3.16,65.0,14.8,1
12833,2026-06-17,BRN-PRS-02,3.34,58.2,15.4,1
12834,2026-06-17,BRN-PRS-03,2.91,57.6,10.3,0
12835,2026-06-17,BRN-RBT-01,1.2,44.4,9.7,0
12836,2026-06-17,BRN-RBT-02,1.43,48.7,12.7,0
12837,2026-06-17,DAY-GRD-01,2.31,48.8,11.6,0
12838,2026-06-17,DAY-LTH-01,2.26,46.0,11.7,1
12839,2026-06-17,DAY-LTH-02,1.69,53.5,13.7,0
12840,2026-06-17,DAY-LTH-03,2.11,54.3,12.8,0
12841,2026-06-17,DAY-LTH-04,2.02,55.0,8.5,0
12842,2026-06-17,DAY-LTH-05,2.13,53.8,16.0,0
12843,2026-06-17,DAY-MIL-01,1.38,50.6,11.4,1
12844,2026-06-17,DAY-MIL-02,1.53,51.0,8.8,0
12845,2026-06-17,DAY-MIL-03,1.66,48.6,10.8,1
12846,2026-06-17,DAY-MIL-04,1.36,45.3,7.4,0
12847,2026-06-17,DAY-MIL-05,1.74,54.1,11.6,0
12848,2026-06-17,DAY-MIL-06,1.6,56.0,12.7,0
12849,2026-06-17,DAY-MIL-07,1.93,44.3,9.9,1
12850,2026-06-17,DAY-MIL-08,1.56,47.2,13.3,0
12851,2026-06-17,DAY-PRS-01,2.59,62.7,13.3,0
12852,2026-06-17,DAY-PRS-02,2.96,64.1,13.1,0
12853,2026-06-17,DAY-PRS-03,2.67,58.1,9.6,1
12854,2026-06-17,DAY-PRS-04,2.35,61.5,9.4,0
12855,2026-06-17,DAY-RBT-01,1.11,44.3,12.1,0
12856,2026-06-17,DAY-RBT-02,1.27,50.4,13.4,0
12857,2026-06-17,DAY-RBT-03,0.97,47.2,10.9,0
12858,2026-06-17,MTY-GRD-01,1.18,46.7,8.7,0
12859,2026-06-17,MTY-GRD-02,1.44,56.6,13.7,1
12860,2026-06-17,MTY-LTH-01,2.13,54.2,12.4,0
12861,2026-06-17,MTY-LTH-02,2.05,50.4,11.7,0
12862,2026-06-17,MTY-LTH-03,1.94,53.0,12.2,2
12863,2026-06-17,MTY-LTH-04,2.34,54.1,10.7,0
12864,2026-06-17,MTY-LTH-05,1.97,55.3,10.4,0
12865,2026-06-17,MTY-MIL-01,1.21,52.8,8.7,0
12866,2026-06-17,MTY-MIL-02,1.88,49.3,10.7,0
12867,2026-06-17,MTY-MIL-03,3.43,55.7,10.5,1
12868,2026-06-17,MTY-MIL-04,1.78,48.5,10.0,1
12869,2026-06-17,MTY-MIL-05,1.36,52.9,10.5,0
12870,2026-06-17,MTY-MIL-06,2.12,47.4,13.8,0
12871,2026-06-17,MTY-PRS-01,3.76,64.9,15.2,0
12872,2026-06-17,MTY-PRS-02,2.77,61.0,11.5,0
12873,2026-06-17,MTY-PRS-03,2.67,60.7,12.1,0
12874,2026-06-17,MTY-RBT-01,1.11,43.9,10.9,0
12875,2026-06-17,MTY-RBT-02,1.21,39.2,13.9,0
12876,2026-06-17,MTY-RBT-03,1.33,47.4,13.2,1
12877,2026-06-18,BRN-GRD-01,1.43,48.6,11.9,0
12878,2026-06-18,BRN-LTH-01,1.9,47.2,12.1,0
12879,2026-06-18,BRN-LTH-02,1.52,50.3,11.0,1
12880,2026-06-18,BRN-LTH-04,2.36,50.9,13.3,0
12881,2026-06-18,BRN-MIL-01,1.72,46.5,9.8,0
12882,2026-06-18,BRN-MIL-02,1.5,52.2,13.7,2
12883,2026-06-18,BRN-MIL-03,1.91,47.4,9.7,0
12884,2026-06-18,BRN-MIL-04,1.53,45.7,9.3,0
12885,2026-06-18,BRN-MIL-05,1.64,44.5,10.5,1
12886,2026-06-18,BRN-MIL-06,1.62,50.1,13.4,0
12887,2026-06-18,BRN-PRS-01,2.97,65.1,11.3,2
12888,2026-06-18,BRN-PRS-02,3.3,57.3,13.6,1
12889,2026-06-18,BRN-PRS-03,3.12,56.6,12.7,1
12890,2026-06-18,BRN-RBT-01,1.22,43.5,11.9,0
12891,2026-06-18,BRN-RBT-02,1.43,47.4,10.4,1
12892,2026-06-18,DAY-GRD-01,2.25,50.3,13.1,0
12893,2026-06-18,DAY-LTH-01,2.03,47.4,11.4,0
12894,2026-06-18,DAY-LTH-02,1.73,51.5,12.3,0
12895,2026-06-18,DAY-LTH-03,1.8,51.4,8.5,0
12896,2026-06-18,DAY-LTH-04,2.07,56.9,11.6,0
12897,2026-06-18,DAY-LTH-05,1.62,52.9,7.1,0
12898,2026-06-18,DAY-MIL-01,1.62,47.9,11.8,0
12899,2026-06-18,DAY-MIL-02,1.44,51.1,9.2,0
12900,2026-06-18,DAY-MIL-03,1.45,46.6,10.6,0
12901,2026-06-18,DAY-MIL-04,1.63,46.1,10.0,1
12902,2026-06-18,DAY-MIL-05,1.76,50.5,10.5,0
12903,2026-06-18,DAY-MIL-06,1.68,55.5,13.5,0
12904,2026-06-18,DAY-MIL-07,1.85,47.3,11.2,1
12905,2026-06-18,DAY-MIL-08,1.57,44.5,12.1,0
12906,2026-06-18,DAY-PRS-01,2.52,59.8,7.6,0
12907,2026-06-18,DAY-PRS-02,2.9,62.7,11.9,1
12908,2026-06-18,DAY-PRS-03,3.17,57.7,11.5,0
12909,2026-06-18,DAY-PRS-04,2.49,64.4,11.1,1
12910,2026-06-18,DAY-RBT-01,1.09,44.5,11.4,0
12911,2026-06-18,DAY-RBT-02,1.32,48.1,9.4,0
12912,2026-06-18,DAY-RBT-03,1.04,44.7,9.8,0
12913,2026-06-18,MTY-GRD-01,1.34,46.2,11.3,0
12914,2026-06-18,MTY-GRD-02,1.35,54.5,12.6,1
12915,2026-06-18,MTY-LTH-01,2.09,55.1,10.7,0
12916,2026-06-18,MTY-LTH-02,1.85,49.1,11.9,0
12917,2026-06-18,MTY-LTH-03,1.74,52.9,12.8,0
12918,2026-06-18,MTY-LTH-04,2.36,54.6,11.4,0
12919,2026-06-18,MTY-LTH-05,1.82,54.5,10.5,0
12920,2026-06-18,MTY-MIL-01,1.28,52.6,5.0,0
12921,2026-06-18,MTY-MIL-02,2.16,51.0,13.5,2
12922,2026-06-18,MTY-MIL-03,3.54,55.7,11.9,3
12923,2026-06-18,MTY-MIL-04,1.77,49.9,10.7,0
12924,2026-06-18,MTY-MIL-05,1.6,49.1,7.7,0
12925,2026-06-18,MTY-MIL-06,1.99,47.2,10.6,0
12926,2026-06-18,MTY-PRS-01,3.14,64.3,11.3,0
12927,2026-06-18,MTY-PRS-02,3.26,62.8,11.6,0
12928,2026-06-18,MTY-PRS-03,2.9,60.8,11.9,0
12929,2026-06-18,MTY-RBT-01,1.2,47.2,13.9,0
12930,2026-06-18,MTY-RBT-02,0.95,34.8,9.1,0
12931,2026-06-18,MTY-RBT-03,1.21,44.6,11.1,0
12932,2026-06-19,BRN-GRD-01,1.45,47.1,10.1,0
12933,2026-06-19,BRN-LTH-01,1.84,48.1,10.8,1
12934,2026-06-19,BRN-LTH-02,1.75,50.9,10.4,0
12935,2026-06-19,BRN-LTH-04,2.07,49.5,1.0,1
12936,2026-06-19,BRN-MIL-01,1.83,48.1,13.5,0
12937,2026-06-19,BRN-MIL-02,1.25,48.3,11.1,0
12938,2026-06-19,BRN-MIL-03,1.94,48.7,10.1,1
12939,2026-06-19,BRN-MIL-04,1.89,46.4,12.6,0
12940,2026-06-19,BRN-MIL-05,1.62,47.2,13.4,1
12941,2026-06-19,BRN-MIL-06,1.51,47.9,10.0,0
12942,2026-06-19,BRN-PRS-01,2.91,65.0,12.5,1
12943,2026-06-19,BRN-PRS-02,3.13,55.3,9.4,1
12944,2026-06-19,BRN-PRS-03,3.03,58.1,13.3,1
12945,2026-06-19,BRN-RBT-01,1.07,41.2,8.3,0
12946,2026-06-19,BRN-RBT-02,1.44,47.6,10.8,0
12947,2026-06-19,DAY-GRD-01,2.03,51.4,14.2,0
12948,2026-06-19,DAY-LTH-01,2.14,46.3,12.2,0
12949,2026-06-19,DAY-LTH-02,1.76,53.8,14.7,0
12950,2026-06-19,DAY-LTH-03,2.07,51.8,8.7,0
12951,2026-06-19,DAY-LTH-04,2.16,57.1,13.6,1
12952,2026-06-19,DAY-LTH-05,1.76,52.5,9.1,0
12953,2026-06-19,DAY-MIL-01,1.46,48.3,9.9,0
12954,2026-06-19,DAY-MIL-02,1.53,51.8,10.3,0
12955,2026-06-19,DAY-MIL-03,1.6,51.5,11.5,0
12956,2026-06-19,DAY-MIL-04,1.71,46.4,8.8,0
12957,2026-06-19,DAY-MIL-05,1.48,53.4,11.3,0
12958,2026-06-19,DAY-MIL-06,1.79,53.2,12.5,0
12959,2026-06-19,DAY-MIL-07,1.88,44.9,9.7,0
12960,2026-06-19,DAY-MIL-08,1.58,46.2,10.5,1
12961,2026-06-19,DAY-PRS-01,2.81,61.3,10.9,0
12962,2026-06-19,DAY-PRS-02,3.02,63.5,13.0,0
12963,2026-06-19,DAY-PRS-03,3.04,57.3,14.0,1
12964,2026-06-19,DAY-PRS-04,2.52,64.4,10.3,3
12965,2026-06-19,DAY-RBT-01,1.09,44.2,12.1,0
12966,2026-06-19,DAY-RBT-02,1.26,48.2,10.1,0
12967,2026-06-19,DAY-RBT-03,0.84,45.5,8.4,0
12968,2026-06-19,MTY-GRD-01,1.35,49.6,13.4,0
12969,2026-06-19,MTY-GRD-02,1.43,54.7,12.6,2
12970,2026-06-19,MTY-LTH-01,2.08,52.2,6.7,0
12971,2026-06-19,MTY-LTH-02,2.18,49.4,12.7,0
12972,2026-06-19,MTY-LTH-03,1.76,53.6,11.9,1
12973,2026-06-19,MTY-LTH-04,2.33,51.5,10.4,0
12974,2026-06-19,MTY-LTH-05,2.0,51.9,11.4,0
12975,2026-06-19,MTY-MIL-01,1.28,50.9,8.1,0
12976,2026-06-19,MTY-MIL-02,1.99,51.1,13.0,0
12977,2026-06-19,MTY-MIL-03,3.55,57.0,11.1,0
12978,2026-06-19,MTY-MIL-04,1.65,51.0,10.8,1
12979,2026-06-19,MTY-MIL-05,1.67,52.6,12.1,0
12980,2026-06-19,MTY-MIL-06,1.72,48.0,9.9,0
12981,2026-06-19,MTY-PRS-01,3.38,62.2,11.4,0
12982,2026-06-19,MTY-PRS-02,3.0,61.4,11.2,0
12983,2026-06-19,MTY-PRS-03,2.94,61.5,10.1,0
12984,2026-06-19,MTY-RBT-01,1.2,45.3,12.7,1
12985,2026-06-19,MTY-RBT-02,1.18,38.7,12.9,1
12986,2026-06-19,MTY-RBT-03,1.23,45.7,10.9,0
12987,2026-06-22,BRN-GRD-01,1.4,49.7,12.4,0
12988,2026-06-22,BRN-LTH-01,1.89,50.1,12.4,0
12989,2026-06-22,BRN-LTH-02,1.6,50.7,9.8,0
12990,2026-06-22,BRN-LTH-03,2.07,51.8,9.9,0
12991,2026-06-22,BRN-LTH-04,2.14,49.1,13.3,0
12992,2026-06-22,BRN-MIL-01,1.73,46.0,12.4,0
12993,2026-06-22,BRN-MIL-02,1.38,48.2,12.6,0
12994,2026-06-22,BRN-MIL-03,1.94,50.3,12.5,1
12995,2026-06-22,BRN-MIL-04,1.89,47.0,11.8,0
12996,2026-06-22,BRN-MIL-05,1.43,45.5,9.9,1
12997,2026-06-22,BRN-MIL-06,1.55,45.0,9.2,0
12998,2026-06-22,BRN-PRS-01,3.2,66.7,12.7,0
12999,2026-06-22,BRN-PRS-02,3.27,57.0,11.0,1
13000,2026-06-22,BRN-PRS-03,3.23,58.0,14.6,0
13001,2026-06-22,BRN-RBT-01,1.08,43.6,10.0,1
13002,2026-06-22,BRN-RBT-02,1.52,48.8,13.1,0
13003,2026-06-22,DAY-GRD-01,2.05,51.5,10.2,0
13004,2026-06-22,DAY-LTH-01,2.42,48.8,12.4,0
13005,2026-06-22,DAY-LTH-02,1.65,51.4,12.3,0
13006,2026-06-22,DAY-LTH-03,2.01,51.2,10.4,0
13007,2026-06-22,DAY-LTH-04,2.07,57.1,11.8,0
13008,2026-06-22,DAY-LTH-05,1.89,52.0,11.8,0
13009,2026-06-22,DAY-MIL-01,1.34,46.4,9.2,1
13010,2026-06-22,DAY-MIL-02,1.47,51.7,10.1,1
13011,2026-06-22,DAY-MIL-03,1.59,50.8,14.7,0
13012,2026-06-22,DAY-MIL-04,1.68,52.4,15.0,0
13013,2026-06-22,DAY-MIL-05,1.73,51.7,10.2,3
13014,2026-06-22,DAY-MIL-06,1.57,53.5,2.7,0
13015,2026-06-22,DAY-MIL-07,2.0,46.8,11.7,0
13016,2026-06-22,DAY-MIL-08,1.61,46.0,10.8,0
13017,2026-06-22,DAY-PRS-01,2.65,60.5,6.2,0
13018,2026-06-22,DAY-PRS-02,2.65,61.1,8.3,0
13019,2026-06-22,DAY-PRS-03,2.9,56.3,12.9,0
13020,2026-06-22,DAY-PRS-04,2.95,69.0,14.6,2
13021,2026-06-22,DAY-RBT-01,1.12,44.2,10.9,0
13022,2026-06-22,DAY-RBT-02,1.19,49.2,8.4,0
13023,2026-06-22,DAY-RBT-03,1.03,45.5,8.9,1
13024,2026-06-22,MTY-GRD-01,1.31,50.3,12.1,0
13025,2026-06-22,MTY-GRD-02,1.36,52.7,11.3,2
13026,2026-06-22,MTY-LTH-01,2.41,54.3,12.0,0
13027,2026-06-22,MTY-LTH-02,2.18,51.3,16.0,1
13028,2026-06-22,MTY-LTH-03,1.63,51.2,10.1,0
13029,2026-06-22,MTY-LTH-04,2.56,54.9,15.6,1
13030,2026-06-22,MTY-LTH-05,1.88,54.5,13.5,0
13031,2026-06-22,MTY-MIL-01,1.17,49.0,7.5,0
13032,2026-06-22,MTY-MIL-02,1.54,48.1,2.7,0
13033,2026-06-22,MTY-MIL-03,4.18,58.6,12.9,1
13034,2026-06-22,MTY-MIL-04,1.68,52.7,12.2,0
13035,2026-06-22,MTY-MIL-05,1.7,50.6,10.9,0
13036,2026-06-22,MTY-MIL-06,1.96,46.5,9.3,0
13037,2026-06-22,MTY-PRS-01,3.11,63.2,9.6,1
13038,2026-06-22,MTY-PRS-02,2.97,63.1,12.3,0
13039,2026-06-22,MTY-PRS-03,3.31,62.6,12.5,0
13040,2026-06-22,MTY-RBT-01,1.21,46.9,14.4,0
13041,2026-06-22,MTY-RBT-02,1.05,41.5,12.5,0
13042,2026-06-22,MTY-RBT-03,1.3,44.5,11.5,0
13043,2026-06-23,BRN-GRD-01,1.17,46.0,8.6,0
13044,2026-06-23,BRN-LTH-01,1.71,47.8,9.6,0
13045,2026-06-23,BRN-LTH-02,1.59,50.3,12.1,0
13046,2026-06-23,BRN-LTH-03,1.93,51.7,9.9,0
13047,2026-06-23,BRN-LTH-04,1.99,46.9,9.7,0
13048,2026-06-23,BRN-MIL-01,1.57,46.7,9.5,0
13049,2026-06-23,BRN-MIL-02,1.4,48.6,11.2,0
13050,2026-06-23,BRN-MIL-03,1.89,47.9,13.2,0
13051,2026-06-23,BRN-MIL-04,1.71,45.8,9.0,0
13052,2026-06-23,BRN-MIL-05,1.72,48.0,14.3,0
13053,2026-06-23,BRN-MIL-06,1.53,47.6,11.8,0
13054,2026-06-23,BRN-PRS-01,3.12,65.2,8.9,0
13055,2026-06-23,BRN-PRS-02,3.31,52.7,10.1,0
13056,2026-06-23,BRN-PRS-03,2.82,54.9,12.6,0
13057,2026-06-23,BRN-RBT-01,1.04,44.0,9.2,0
13058,2026-06-23,BRN-RBT-02,1.51,49.8,12.3,0
13059,2026-06-23,DAY-GRD-01,2.18,50.0,11.2,0
13060,2026-06-23,DAY-LTH-01,2.21,47.5,11.6,1
13061,2026-06-23,DAY-LTH-02,1.71,52.4,11.8,0
13062,2026-06-23,DAY-LTH-03,1.91,53.7,12.1,1
13063,2026-06-23,DAY-LTH-04,2.09,55.0,11.2,0
13064,2026-06-23,DAY-LTH-05,1.71,53.8,9.7,0
13065,2026-06-23,DAY-MIL-01,1.5,47.6,11.2,0
13066,2026-06-23,DAY-MIL-02,1.39,48.5,1.0,0
13067,2026-06-23,DAY-MIL-03,1.38,46.0,7.2,0
13068,2026-06-23,DAY-MIL-04,1.74,48.1,11.8,0
13069,2026-06-23,DAY-MIL-05,1.5,52.4,10.7,1
13070,2026-06-23,DAY-MIL-06,1.86,54.2,12.3,0
13071,2026-06-23,DAY-MIL-07,1.74,44.3,9.9,0
13072,2026-06-23,DAY-MIL-08,1.62,45.8,11.5,0
13073,2026-06-23,DAY-PRS-01,2.77,61.2,11.6,0
13074,2026-06-23,DAY-PRS-02,3.06,63.8,13.5,1
13075,2026-06-23,DAY-PRS-03,3.0,55.8,13.3,0
13076,2026-06-23,DAY-PRS-04,2.73,64.1,8.8,5
13077,2026-06-23,DAY-RBT-01,0.97,43.4,10.5,0
13078,2026-06-23,DAY-RBT-02,1.33,49.2,10.9,0
13079,2026-06-23,DAY-RBT-03,0.91,46.8,11.8,0
13080,2026-06-23,MTY-GRD-01,1.33,46.2,12.1,1
13081,2026-06-23,MTY-GRD-02,1.25,52.4,12.3,0
13082,2026-06-23,MTY-LTH-01,2.12,54.8,12.8,0
13083,2026-06-23,MTY-LTH-02,1.88,47.4,9.6,0
13084,2026-06-23,MTY-LTH-03,1.71,51.6,12.1,0
13085,2026-06-23,MTY-LTH-04,2.12,52.4,10.2,0
13086,2026-06-23,MTY-LTH-05,2.3,55.0,12.5,0
13087,2026-06-23,MTY-MIL-01,1.38,55.0,15.0,0
13088,2026-06-23,MTY-MIL-02,1.62,48.3,10.5,0
13089,2026-06-23,MTY-MIL-03,4.05,55.6,11.7,2
13090,2026-06-23,MTY-MIL-04,1.63,52.8,12.6,0
13091,2026-06-23,MTY-MIL-05,1.69,50.5,10.8,0
13092,2026-06-23,MTY-MIL-06,2.06,49.3,12.6,0
13093,2026-06-23,MTY-PRS-01,3.16,63.3,13.4,1
13094,2026-06-23,MTY-PRS-02,3.14,62.9,11.0,1
13095,2026-06-23,MTY-PRS-03,3.05,63.1,15.5,1
13096,2026-06-23,MTY-RBT-01,1.11,43.3,9.7,0
13097,2026-06-23,MTY-RBT-02,1.14,37.6,11.5,0
13098,2026-06-23,MTY-RBT-03,1.22,45.7,13.8,0
13099,2026-06-24,BRN-GRD-01,1.42,47.0,10.9,0
13100,2026-06-24,BRN-LTH-01,1.85,49.8,12.6,0
13101,2026-06-24,BRN-LTH-02,1.61,51.0,11.1,0
13102,2026-06-24,BRN-LTH-03,2.11,53.8,12.8,0
13103,2026-06-24,BRN-LTH-04,2.1,48.3,12.4,0
13104,2026-06-24,BRN-MIL-01,1.62,47.4,11.5,0
13105,2026-06-24,BRN-MIL-02,1.29,49.0,11.7,0
13106,2026-06-24,BRN-MIL-03,1.94,49.1,10.2,0
13107,2026-06-24,BRN-MIL-04,1.63,45.1,11.3,0
13108,2026-06-24,BRN-MIL-05,1.69,45.1,5.0,0
13109,2026-06-24,BRN-MIL-06,1.62,49.5,12.5,0
13110,2026-06-24,BRN-PRS-01,3.33,66.2,11.8,1
13111,2026-06-24,BRN-PRS-02,3.74,54.8,12.0,0
13112,2026-06-24,BRN-PRS-03,2.68,58.2,10.9,0
13113,2026-06-24,BRN-RBT-01,1.02,41.3,9.8,0
13114,2026-06-24,BRN-RBT-02,1.46,49.0,11.7,0
13115,2026-06-24,DAY-GRD-01,2.01,48.9,12.1,0
13116,2026-06-24,DAY-LTH-01,2.36,49.2,12.9,1
13117,2026-06-24,DAY-LTH-02,1.7,53.1,13.2,0
13118,2026-06-24,DAY-LTH-03,2.29,54.4,12.0,0
13119,2026-06-24,DAY-LTH-04,2.35,56.1,10.4,0
13120,2026-06-24,DAY-LTH-05,1.77,55.1,12.7,0
13121,2026-06-24,DAY-MIL-01,1.69,49.2,15.6,0
13122,2026-06-24,DAY-MIL-02,1.62,50.7,10.6,0
13123,2026-06-24,DAY-MIL-03,1.46,53.0,10.3,0
13124,2026-06-24,DAY-MIL-04,1.69,47.6,12.3,0
13125,2026-06-24,DAY-MIL-05,1.74,55.6,13.0,0
13126,2026-06-24,DAY-MIL-06,1.91,55.6,13.4,0
13127,2026-06-24,DAY-MIL-07,2.12,50.1,14.1,1
13128,2026-06-24,DAY-MIL-08,1.74,46.9,13.1,0
13129,2026-06-24,DAY-PRS-01,2.76,60.1,9.4,0
13130,2026-06-24,DAY-PRS-02,2.88,61.8,11.0,0
13131,2026-06-24,DAY-PRS-03,2.95,55.2,13.5,0
13132,2026-06-24,DAY-PRS-04,2.84,70.9,12.5,4
13133,2026-06-24,DAY-RBT-01,1.13,40.9,8.9,0
13134,2026-06-24,DAY-RBT-02,1.31,49.7,10.0,1
13135,2026-06-24,DAY-RBT-03,1.01,49.7,15.5,1
13136,2026-06-24,MTY-GRD-01,1.36,50.4,13.9,0
13137,2026-06-24,MTY-GRD-02,1.39,52.0,12.3,0
13138,2026-06-24,MTY-LTH-01,2.13,54.8,9.7,0
13139,2026-06-24,MTY-LTH-02,2.02,50.8,11.7,0
13140,2026-06-24,MTY-LTH-03,2.14,54.8,13.1,1
13141,2026-06-24,MTY-LTH-04,2.49,55.3,10.2,0
13142,2026-06-24,MTY-LTH-05,2.36,55.5,12.9,0
13143,2026-06-24,MTY-MIL-01,1.25,52.0,8.8,0
13144,2026-06-24,MTY-MIL-02,1.93,48.5,12.3,0
13145,2026-06-24,MTY-MIL-03,1.76,48.3,6.8,3
13146,2026-06-24,MTY-MIL-04,1.63,50.1,11.5,1
13147,2026-06-24,MTY-MIL-05,1.77,54.8,15.1,1
13148,2026-06-24,MTY-MIL-06,2.15,49.5,11.3,0
13149,2026-06-24,MTY-PRS-01,3.69,66.3,14.8,0
13150,2026-06-24,MTY-PRS-02,2.72,64.9,10.9,0
13151,2026-06-24,MTY-PRS-03,3.0,60.8,10.0,1
13152,2026-06-24,MTY-RBT-01,1.14,48.1,14.9,1
13153,2026-06-24,MTY-RBT-02,1.29,39.3,13.9,0
13154,2026-06-24,MTY-RBT-03,1.2,43.3,7.5,0
13155,2026-06-25,BRN-GRD-01,1.37,48.2,11.9,0
13156,2026-06-25,BRN-LTH-01,2.19,48.4,14.3,0
13157,2026-06-25,BRN-LTH-02,1.42,47.9,9.3,0
13158,2026-06-25,BRN-LTH-03,1.9,53.5,11.3,0
13159,2026-06-25,BRN-LTH-04,2.09,49.7,14.0,0
13160,2026-06-25,BRN-MIL-01,1.7,45.9,9.5,1
13161,2026-06-25,BRN-MIL-02,1.44,49.4,12.6,1
13162,2026-06-25,BRN-MIL-03,1.83,49.0,12.2,0
13163,2026-06-25,BRN-MIL-04,2.0,46.6,12.1,0
13164,2026-06-25,BRN-MIL-05,1.41,43.1,7.8,0
13165,2026-06-25,BRN-MIL-06,1.44,48.7,11.0,0
13166,2026-06-25,BRN-PRS-01,3.35,64.2,9.4,1
13167,2026-06-25,BRN-PRS-02,4.16,54.8,14.1,0
13168,2026-06-25,BRN-PRS-03,2.77,54.0,7.9,1
13169,2026-06-25,BRN-RBT-01,1.09,43.2,8.5,0
13170,2026-06-25,BRN-RBT-02,1.38,48.1,12.4,1
13171,2026-06-25,DAY-GRD-01,1.98,48.7,10.2,0
13172,2026-06-25,DAY-LTH-01,2.45,49.7,11.7,1
13173,2026-06-25,DAY-LTH-02,1.71,50.3,9.7,1
13174,2026-06-25,DAY-LTH-03,1.89,52.5,12.9,2
13175,2026-06-25,DAY-LTH-04,2.28,56.4,12.2,0
13176,2026-06-25,DAY-LTH-05,1.93,55.9,11.9,0
13177,2026-06-25,DAY-MIL-01,1.39,48.9,10.2,0
13178,2026-06-25,DAY-MIL-02,1.47,52.9,12.7,1
13179,2026-06-25,DAY-MIL-03,1.52,50.1,11.3,0
13180,2026-06-25,DAY-MIL-04,1.62,45.9,8.0,0
13181,2026-06-25,DAY-MIL-05,1.73,53.2,10.7,0
13182,2026-06-25,DAY-MIL-06,1.49,50.5,6.7,0
13183,2026-06-25,DAY-MIL-07,1.93,48.4,11.3,0
13184,2026-06-25,DAY-MIL-08,1.55,48.9,13.0,0
13185,2026-06-25,DAY-PRS-01,2.69,63.9,10.9,0
13186,2026-06-25,DAY-PRS-02,2.94,63.6,11.6,0
13187,2026-06-25,DAY-PRS-03,2.65,55.3,11.1,0
13188,2026-06-25,DAY-PRS-04,2.8,70.2,9.6,5
13189,2026-06-25,DAY-RBT-01,1.18,41.9,12.3,0
13190,2026-06-25,DAY-RBT-02,1.38,49.2,10.9,0
13191,2026-06-25,DAY-RBT-03,0.87,47.6,11.8,0
13192,2026-06-25,MTY-GRD-01,1.4,49.8,13.2,0
13193,2026-06-25,MTY-GRD-02,1.29,48.9,12.3,0
13194,2026-06-25,MTY-LTH-01,2.09,55.9,7.2,0
13195,2026-06-25,MTY-LTH-02,2.02,51.9,16.0,0
13196,2026-06-25,MTY-LTH-03,1.68,51.1,11.0,0
13197,2026-06-25,MTY-LTH-04,2.05,51.2,7.8,0
13198,2026-06-25,MTY-LTH-05,2.11,56.4,12.5,0
13199,2026-06-25,MTY-MIL-01,1.34,54.0,12.5,0
13200,2026-06-25,MTY-MIL-02,1.75,48.4,8.1,0
13201,2026-06-25,MTY-MIL-04,1.71,51.1,12.8,0
13202,2026-06-25,MTY-MIL-05,1.62,50.8,11.1,0
13203,2026-06-25,MTY-MIL-06,2.27,48.7,14.2,0
13204,2026-06-25,MTY-PRS-01,3.2,65.1,11.8,0
13205,2026-06-25,MTY-PRS-02,2.54,59.8,8.9,0
13206,2026-06-25,MTY-PRS-03,2.92,59.7,10.0,0
13207,2026-06-25,MTY-RBT-01,1.08,46.8,13.6,0
13208,2026-06-25,MTY-RBT-02,1.2,39.8,15.2,0
13209,2026-06-25,MTY-RBT-03,1.31,45.1,12.3,1
13210,2026-06-26,BRN-GRD-01,1.46,50.6,13.5,0
13211,2026-06-26,BRN-LTH-01,1.83,48.9,9.8,0
13212,2026-06-26,BRN-LTH-02,1.54,50.2,9.5,2
13213,2026-06-26,BRN-LTH-03,2.12,52.7,9.7,0
13214,2026-06-26,BRN-LTH-04,2.17,49.3,13.1,0
13215,2026-06-26,BRN-MIL-01,1.73,46.9,12.5,0
13216,2026-06-26,BRN-MIL-02,1.3,48.9,8.7,0
13217,2026-06-26,BRN-MIL-03,1.73,49.6,9.3,0
13218,2026-06-26,BRN-MIL-04,1.78,45.0,9.2,0
13219,2026-06-26,BRN-MIL-05,1.54,44.9,11.2,1
13220,2026-06-26,BRN-MIL-06,1.53,51.2,10.6,1
13221,2026-06-26,BRN-PRS-01,3.28,66.0,11.3,1
13222,2026-06-26,BRN-PRS-02,3.49,56.2,10.1,0
13223,2026-06-26,BRN-PRS-03,2.94,55.8,7.7,0
13224,2026-06-26,BRN-RBT-01,1.0,42.2,8.8,0
13225,2026-06-26,BRN-RBT-02,1.39,48.1,11.7,0
13226,2026-06-26,DAY-GRD-01,2.09,48.7,7.7,1
13227,2026-06-26,DAY-LTH-01,2.45,49.4,10.9,0
13228,2026-06-26,DAY-LTH-02,1.8,52.5,11.5,1
13229,2026-06-26,DAY-LTH-03,1.95,51.4,10.5,0
13230,2026-06-26,DAY-LTH-04,2.12,56.3,11.5,0
13231,2026-06-26,DAY-LTH-05,1.93,53.5,10.1,0
13232,2026-06-26,DAY-MIL-01,1.46,47.5,9.7,0
13233,2026-06-26,DAY-MIL-02,1.48,51.6,12.0,1
13234,2026-06-26,DAY-MIL-03,1.56,50.5,12.9,0
13235,2026-06-26,DAY-MIL-04,1.47,46.8,9.5,0
13236,2026-06-26,DAY-MIL-05,1.75,51.4,10.7,0
13237,2026-06-26,DAY-MIL-06,1.82,54.3,13.1,1
13238,2026-06-26,DAY-MIL-07,1.9,47.3,11.1,0
13239,2026-06-26,DAY-MIL-08,1.72,48.8,16.0,0
13240,2026-06-26,DAY-PRS-01,2.96,62.2,12.8,1
13241,2026-06-26,DAY-PRS-02,3.37,63.1,14.1,1
13242,2026-06-26,DAY-PRS-03,2.6,53.2,6.8,0
13243,2026-06-26,DAY-PRS-04,2.13,59.7,3.8,3
13244,2026-06-26,DAY-RBT-01,1.02,43.3,9.3,0
13245,2026-06-26,DAY-RBT-02,1.48,49.5,14.6,0
13246,2026-06-26,DAY-RBT-03,0.98,48.7,12.6,0
13247,2026-06-26,MTY-GRD-01,1.21,44.7,6.7,0
13248,2026-06-26,MTY-GRD-02,1.22,50.3,10.7,0
13249,2026-06-26,MTY-LTH-01,2.19,56.1,14.0,1
13250,2026-06-26,MTY-LTH-02,1.82,48.6,10.7,0
13251,2026-06-26,MTY-LTH-03,1.88,52.5,12.3,0
13252,2026-06-26,MTY-LTH-04,2.85,54.5,14.5,0
13253,2026-06-26,MTY-LTH-05,2.21,53.3,10.4,1
13254,2026-06-26,MTY-MIL-01,1.33,48.6,7.7,0
13255,2026-06-26,MTY-MIL-02,1.63,49.8,10.4,0
13256,2026-06-26,MTY-MIL-04,1.68,50.9,12.5,0
13257,2026-06-26,MTY-MIL-05,1.68,51.2,11.1,0
13258,2026-06-26,MTY-MIL-06,1.78,47.5,5.4,0
13259,2026-06-26,MTY-PRS-01,3.02,61.6,8.7,2
13260,2026-06-26,MTY-PRS-02,2.6,61.7,11.2,0
13261,2026-06-26,MTY-PRS-03,2.77,58.7,9.3,0
13262,2026-06-26,MTY-RBT-01,1.21,46.3,14.2,0
13263,2026-06-26,MTY-RBT-02,1.1,39.5,9.9,0
13264,2026-06-26,MTY-RBT-03,1.21,44.4,12.9,0
13265,2026-06-29,BRN-GRD-01,1.25,46.2,10.5,0
13266,2026-06-29,BRN-LTH-01,1.66,46.9,9.7,0
13267,2026-06-29,BRN-LTH-02,1.57,52.6,12.1,0
13268,2026-06-29,BRN-LTH-03,2.25,57.4,13.5,1
13269,2026-06-29,BRN-LTH-04,2.01,49.0,11.7,0
13270,2026-06-29,BRN-MIL-01,1.63,46.1,10.1,0
13271,2026-06-29,BRN-MIL-02,1.38,49.5,11.3,0
13272,2026-06-29,BRN-MIL-03,1.89,46.8,10.0,0
13273,2026-06-29,BRN-MIL-04,1.74,46.3,9.7,0
13274,2026-06-29,BRN-MIL-05,1.59,47.0,14.0,0
13275,2026-06-29,BRN-MIL-06,1.59,50.8,13.4,0
13276,2026-06-29,BRN-PRS-01,3.58,69.1,12.3,0
13277,2026-06-29,BRN-PRS-02,3.37,55.1,10.1,0
13278,2026-06-29,BRN-PRS-03,2.9,54.7,7.8,0
13279,2026-06-29,BRN-RBT-01,1.14,44.6,10.1,0
13280,2026-06-29,BRN-RBT-02,1.45,48.6,11.3,0
13281,2026-06-29,DAY-GRD-01,1.97,50.1,8.4,0
13282,2026-06-29,DAY-LTH-01,2.41,48.9,9.4,1
13283,2026-06-29,DAY-LTH-02,1.56,52.1,10.3,0
13284,2026-06-29,DAY-LTH-03,2.13,52.3,11.9,0
13285,2026-06-29,DAY-LTH-04,2.08,56.9,10.7,0
13286,2026-06-29,DAY-LTH-05,1.92,52.4,10.5,0
13287,2026-06-29,DAY-MIL-01,1.45,48.8,13.5,1
13288,2026-06-29,DAY-MIL-02,1.48,52.4,13.5,0
13289,2026-06-29,DAY-MIL-03,1.44,51.4,12.6,0
13290,2026-06-29,DAY-MIL-04,1.73,47.0,11.6,1
13291,2026-06-29,DAY-MIL-05,1.71,54.8,11.8,0
13292,2026-06-29,DAY-MIL-06,1.67,54.5,11.6,0
13293,2026-06-29,DAY-MIL-07,1.94,49.0,11.4,0
13294,2026-06-29,DAY-MIL-08,1.6,45.2,10.6,0
13295,2026-06-29,DAY-PRS-01,2.93,65.8,16.0,1
13296,2026-06-29,DAY-PRS-02,2.75,64.3,12.7,1
13297,2026-06-29,DAY-PRS-03,2.57,52.3,9.1,1
13298,2026-06-29,DAY-PRS-04,2.49,58.9,10.8,1
13299,2026-06-29,DAY-RBT-01,1.14,42.9,9.2,0
13300,2026-06-29,DAY-RBT-02,1.44,49.9,11.4,1
13301,2026-06-29,DAY-RBT-03,1.0,49.9,14.4,0
13302,2026-06-29,MTY-GRD-01,1.33,47.0,12.2,0
13303,2026-06-29,MTY-GRD-02,1.33,49.3,11.0,0
13304,2026-06-29,MTY-LTH-01,2.33,54.7,11.9,1
13305,2026-06-29,MTY-LTH-02,1.98,50.5,13.2,0
13306,2026-06-29,MTY-LTH-03,1.81,53.7,11.7,0
13307,2026-06-29,MTY-LTH-04,2.37,56.2,14.4,0
13308,2026-06-29,MTY-LTH-05,2.54,57.2,13.5,0
13309,2026-06-29,MTY-MIL-01,1.34,54.1,12.3,0
13310,2026-06-29,MTY-MIL-02,1.79,49.9,10.1,0
13311,2026-06-29,MTY-MIL-03,1.72,47.0,1.0,1
13312,2026-06-29,MTY-MIL-04,1.6,49.4,8.9,0
13313,2026-06-29,MTY-MIL-05,1.72,54.2,11.6,0
13314,2026-06-29,MTY-MIL-06,2.06,48.2,11.4,0
13315,2026-06-29,MTY-PRS-01,2.99,65.9,10.5,0
13316,2026-06-29,MTY-PRS-02,2.85,63.0,14.9,1
13317,2026-06-29,MTY-PRS-03,3.23,63.6,15.0,0
13318,2026-06-29,MTY-RBT-01,1.09,44.3,10.8,1
13319,2026-06-29,MTY-RBT-02,1.06,37.6,11.0,0
13320,2026-06-29,MTY-RBT-03,1.39,49.0,15.3,0
13321,2026-06-30,BRN-GRD-01,1.46,49.8,13.6,0
13322,2026-06-30,BRN-LTH-01,1.75,46.9,8.6,0
13323,2026-06-30,BRN-LTH-02,1.63,53.4,12.9,0
13324,2026-06-30,BRN-LTH-03,1.9,52.9,12.5,0
13325,2026-06-30,BRN-LTH-04,1.87,49.7,11.6,0
13326,2026-06-30,BRN-MIL-01,1.86,47.7,13.9,0
13327,2026-06-30,BRN-MIL-02,1.56,52.2,13.8,1
13328,2026-06-30,BRN-MIL-03,1.87,47.2,10.0,0
13329,2026-06-30,BRN-MIL-04,2.07,47.9,11.9,0
13330,2026-06-30,BRN-MIL-05,1.51,44.5,11.0,0
13331,2026-06-30,BRN-MIL-06,1.57,46.6,10.5,0
13332,2026-06-30,BRN-PRS-01,3.88,69.2,11.2,3
13333,2026-06-30,BRN-PRS-02,3.11,52.9,7.2,0
13334,2026-06-30,BRN-PRS-03,3.04,55.9,11.4,0
13335,2026-06-30,BRN-RBT-01,1.15,39.7,7.7,0
13336,2026-06-30,BRN-RBT-02,1.43,47.2,11.1,1
13337,2026-06-30,DAY-GRD-01,2.12,49.9,9.3,0
13338,2026-06-30,DAY-LTH-01,2.68,50.8,9.6,3
13339,2026-06-30,DAY-LTH-02,1.7,53.8,12.4,0
13340,2026-06-30,DAY-LTH-03,2.06,53.0,13.1,0
13341,2026-06-30,DAY-LTH-04,2.11,54.6,10.6,0
13342,2026-06-30,DAY-LTH-05,2.1,55.8,12.7,1
13343,2026-06-30,DAY-MIL-01,1.49,49.5,14.9,1
13344,2026-06-30,DAY-MIL-02,1.61,54.7,16.0,0
13345,2026-06-30,DAY-MIL-03,1.42,48.9,11.2,0
13346,2026-06-30,DAY-MIL-04,1.68,48.9,11.9,0
13347,2026-06-30,DAY-MIL-05,1.82,54.0,11.7,1
13348,2026-06-30,DAY-MIL-06,1.77,54.3,12.2,1
13349,2026-06-30,DAY-MIL-07,2.04,49.1,11.5,1
13350,2026-06-30,DAY-MIL-08,1.64,44.5,10.4,0
13351,2026-06-30,DAY-PRS-01,2.67,62.1,8.6,0
13352,2026-06-30,DAY-PRS-02,2.8,62.2,11.5,0
13353,2026-06-30,DAY-PRS-03,2.37,54.1,9.5,0
13354,2026-06-30,DAY-PRS-04,1.92,56.8,8.2,0
13355,2026-06-30,DAY-RBT-01,1.03,42.0,10.2,0
13356,2026-06-30,DAY-RBT-02,1.33,46.3,7.8,0
13357,2026-06-30,DAY-RBT-03,1.1,47.6,14.1,2
13358,2026-06-30,MTY-GRD-01,1.31,48.3,10.7,0
13359,2026-06-30,MTY-GRD-02,1.31,50.5,10.7,0
13360,2026-06-30,MTY-LTH-01,2.26,56.6,15.3,0
13361,2026-06-30,MTY-LTH-02,1.92,50.9,13.6,0
13362,2026-06-30,MTY-LTH-03,1.78,53.7,11.5,0
13363,2026-06-30,MTY-LTH-04,2.27,53.8,10.3,0
13364,2026-06-30,MTY-LTH-05,2.46,56.0,11.1,1
13365,2026-06-30,MTY-MIL-01,1.3,50.6,9.9,0
13366,2026-06-30,MTY-MIL-02,1.71,47.4,10.0,0
13367,2026-06-30,MTY-MIL-03,1.88,51.0,11.0,0
13368,2026-06-30,MTY-MIL-04,1.89,51.2,15.0,1
13369,2026-06-30,MTY-MIL-05,1.7,56.0,4.6,0
13370,2026-06-30,MTY-MIL-06,1.79,46.0,11.1,1
13371,2026-06-30,MTY-PRS-01,3.55,66.7,13.5,0
13372,2026-06-30,MTY-PRS-02,2.63,63.8,12.0,0
13373,2026-06-30,MTY-PRS-03,2.94,62.6,11.4,0
13374,2026-06-30,MTY-RBT-01,1.35,46.5,11.2,1
13375,2026-06-30,MTY-RBT-02,1.13,41.2,13.2,0
13376,2026-06-30,MTY-RBT-03,1.19,45.3,10.0,0
13377,2026-07-01,BRN-GRD-01,1.41,48.7,11.5,0
13378,2026-07-01,BRN-LTH-01,1.85,50.3,12.9,0
13379,2026-07-01,BRN-LTH-02,1.54,50.6,11.1,0
13380,2026-07-01,BRN-LTH-03,2.21,54.9,13.5,0
13381,2026-07-01,BRN-LTH-04,2.16,50.4,11.4,0
13382,2026-07-01,BRN-MIL-01,1.66,45.1,11.1,0
13383,2026-07-01,BRN-MIL-02,1.41,52.1,10.2,1
13384,2026-07-01,BRN-MIL-03,1.8,50.2,10.2,0
13385,2026-07-01,BRN-MIL-04,1.82,44.3,10.1,0
13386,2026-07-01,BRN-MIL-05,1.57,47.1,12.0,0
13387,2026-07-01,BRN-MIL-06,1.52,46.7,11.2,0
13388,2026-07-01,BRN-PRS-01,3.44,70.1,12.1,5
13389,2026-07-01,BRN-PRS-02,3.22,58.4,10.0,0
13390,2026-07-01,BRN-PRS-03,3.27,59.0,12.6,1
13391,2026-07-01,BRN-RBT-01,1.16,44.9,13.1,0
13392,2026-07-01,BRN-RBT-02,1.42,48.8,12.0,0
13393,2026-07-01,DAY-GRD-01,2.21,48.6,11.5,0
13394,2026-07-01,DAY-LTH-01,2.75,53.0,13.4,4
13395,2026-07-01,DAY-LTH-02,1.66,51.0,10.8,0
13396,2026-07-01,DAY-LTH-03,2.28,54.5,11.8,0
13397,2026-07-01,DAY-LTH-04,2.2,56.7,13.8,0
13398,2026-07-01,DAY-LTH-05,2.09,54.3,12.0,1
13399,2026-07-01,DAY-MIL-01,1.42,50.4,12.3,1
13400,2026-07-01,DAY-MIL-02,1.34,51.9,10.5,0
13401,2026-07-01,DAY-MIL-03,1.51,47.4,7.6,0
13402,2026-07-01,DAY-MIL-04,1.76,49.1,12.9,0
13403,2026-07-01,DAY-MIL-05,1.82,55.9,14.7,0
13404,2026-07-01,DAY-MIL-06,1.71,54.6,11.1,0
13405,2026-07-01,DAY-MIL-07,2.18,51.5,15.2,0
13406,2026-07-01,DAY-MIL-08,1.68,47.0,13.3,0
13407,2026-07-01,DAY-PRS-01,2.57,63.6,9.8,0
13408,2026-07-01,DAY-PRS-02,2.91,61.9,12.3,0
13409,2026-07-01,DAY-PRS-03,2.25,52.3,9.3,0
13410,2026-07-01,DAY-PRS-04,2.01,59.4,10.2,0
13411,2026-07-01,DAY-RBT-01,1.13,45.1,12.8,1
13412,2026-07-01,DAY-RBT-02,1.53,49.0,9.7,0
13413,2026-07-01,DAY-RBT-03,0.95,49.1,12.5,0
13414,2026-07-01,MTY-GRD-01,1.28,46.6,9.2,0
13415,2026-07-01,MTY-GRD-02,1.47,49.7,13.3,0
13416,2026-07-01,MTY-LTH-01,2.46,56.0,13.5,0
13417,2026-07-01,MTY-LTH-02,2.11,50.2,12.6,0
13418,2026-07-01,MTY-LTH-03,1.9,53.7,11.4,0
13419,2026-07-01,MTY-LTH-04,2.43,53.4,10.7,0
13420,2026-07-01,MTY-LTH-05,2.59,58.8,14.9,0
13421,2026-07-01,MTY-MIL-01,1.31,51.1,13.4,1
13422,2026-07-01,MTY-MIL-02,1.82,49.9,11.6,0
13423,2026-07-01,MTY-MIL-03,1.7,49.7,13.9,0
13424,2026-07-01,MTY-MIL-04,1.47,49.8,8.9,0
13425,2026-07-01,MTY-MIL-05,1.54,53.5,8.5,0
13426,2026-07-01,MTY-MIL-06,1.88,46.7,12.2,1
13427,2026-07-01,MTY-PRS-01,3.21,63.1,8.8,0
13428,2026-07-01,MTY-PRS-02,2.74,63.3,15.4,1
13429,2026-07-01,MTY-PRS-03,2.93,62.0,12.7,0
13430,2026-07-01,MTY-RBT-01,1.09,45.9,12.6,0
13431,2026-07-01,MTY-RBT-02,1.09,39.7,10.5,0
13432,2026-07-01,MTY-RBT-03,1.36,48.6,13.9,0
13433,2026-07-02,BRN-GRD-01,1.61,52.0,15.0,0
13434,2026-07-02,BRN-LTH-01,1.79,48.9,11.7,0
13435,2026-07-02,BRN-LTH-02,1.51,47.5,8.1,1
13436,2026-07-02,BRN-LTH-03,2.3,55.3,13.2,1
13437,2026-07-02,BRN-LTH-04,2.13,50.4,12.7,0
13438,2026-07-02,BRN-MIL-01,1.75,45.5,9.7,0
13439,2026-07-02,BRN-MIL-02,1.54,48.2,12.1,0
13440,2026-07-02,BRN-MIL-03,1.93,49.3,8.7,1
13441,2026-07-02,BRN-MIL-04,1.98,48.1,13.2,0
13442,2026-07-02,BRN-MIL-05,1.67,44.7,10.7,0
13443,2026-07-02,BRN-MIL-06,1.66,48.3,15.9,0
13444,2026-07-02,BRN-PRS-01,3.58,70.0,11.3,2
13445,2026-07-02,BRN-PRS-02,3.7,54.6,9.8,0
13446,2026-07-02,BRN-PRS-03,3.33,55.0,12.8,0
13447,2026-07-02,BRN-RBT-01,1.17,43.8,13.6,0
13448,2026-07-02,BRN-RBT-02,1.55,49.2,14.0,0
13449,2026-07-02,DAY-GRD-01,2.27,52.6,14.0,0
13450,2026-07-02,DAY-LTH-01,2.78,54.9,10.8,2
13451,2026-07-02,DAY-LTH-02,1.53,54.0,10.8,0
13452,2026-07-02,DAY-LTH-03,2.1,52.3,10.4,0
13453,2026-07-02,DAY-LTH-04,2.24,55.3,10.8,0
13454,2026-07-02,DAY-LTH-05,1.77,52.5,9.9,0
13455,2026-07-02,DAY-MIL-01,1.52,47.3,9.7,0
13456,2026-07-02,DAY-MIL-02,1.57,52.1,14.6,0
13457,2026-07-02,DAY-MIL-03,1.42,50.0,11.5,1
13458,2026-07-02,DAY-MIL-04,1.77,50.4,14.8,0
13459,2026-07-02,DAY-MIL-05,1.76,52.7,12.5,0
13460,2026-07-02,DAY-MIL-06,1.51,51.9,9.8,0
13461,2026-07-02,DAY-MIL-07,2.1,50.2,11.8,1
13462,2026-07-02,DAY-MIL-08,1.84,45.8,13.2,0
13463,2026-07-02,DAY-PRS-01,2.86,63.2,11.6,0
13464,2026-07-02,DAY-PRS-02,2.97,63.2,13.5,0
13465,2026-07-02,DAY-PRS-03,2.94,56.3,15.3,0
13466,2026-07-02,DAY-PRS-04,2.41,61.7,11.7,0
13467,2026-07-02,DAY-RBT-01,1.17,44.3,14.1,0
13468,2026-07-02,DAY-RBT-02,1.35,47.9,10.6,1
13469,2026-07-02,DAY-RBT-03,0.97,45.2,9.7,0
13470,2026-07-02,MTY-GRD-01,1.47,49.0,15.2,1
13471,2026-07-02,MTY-GRD-02,1.42,52.8,15.9,0
13472,2026-07-02,MTY-LTH-01,1.99,56.8,13.0,0
13473,2026-07-02,MTY-LTH-02,2.13,50.7,12.9,1
13474,2026-07-02,MTY-LTH-03,1.72,50.1,9.3,0
13475,2026-07-02,MTY-LTH-04,2.39,55.5,12.3,0
13476,2026-07-02,MTY-LTH-05,2.87,57.1,12.8,1
13477,2026-07-02,MTY-MIL-01,1.26,52.1,10.0,0
13478,2026-07-02,MTY-MIL-02,1.95,50.1,11.0,0
13479,2026-07-02,MTY-MIL-03,1.53,50.6,11.8,0
13480,2026-07-02,MTY-MIL-04,1.87,50.7,10.8,0
13481,2026-07-02,MTY-MIL-05,1.81,56.0,13.4,0
13482,2026-07-02,MTY-MIL-06,1.96,48.9,12.9,0
13483,2026-07-02,MTY-PRS-01,3.03,63.5,8.3,0
13484,2026-07-02,MTY-PRS-02,2.45,61.3,10.0,0
13485,2026-07-02,MTY-PRS-03,3.36,63.1,15.2,0
13486,2026-07-02,MTY-RBT-01,1.08,45.0,9.0,0
13487,2026-07-02,MTY-RBT-02,1.11,38.6,10.6,0
13488,2026-07-02,MTY-RBT-03,1.23,45.0,12.4,0
13489,2026-07-03,BRN-GRD-01,1.42,47.9,10.5,0
13490,2026-07-03,BRN-LTH-01,2.14,48.8,11.6,0
13491,2026-07-03,BRN-LTH-02,1.86,52.6,12.3,0
13492,2026-07-03,BRN-LTH-03,2.11,56.6,13.0,0
13493,2026-07-03,BRN-LTH-04,2.65,52.1,14.1,0
13494,2026-07-03,BRN-MIL-01,1.73,46.7,9.9,1
13495,2026-07-03,BRN-MIL-02,1.35,50.7,10.2,0
13496,2026-07-03,BRN-MIL-03,1.62,45.8,2.6,0
13497,2026-07-03,BRN-MIL-04,1.89,47.9,11.0,0
13498,2026-07-03,BRN-MIL-05,1.7,47.1,13.3,1
13499,2026-07-03,BRN-MIL-06,1.58,50.7,14.8,0
13500,2026-07-03,BRN-PRS-01,3.73,69.6,12.1,3
13501,2026-07-03,BRN-PRS-02,3.55,56.7,11.3,1
13502,2026-07-03,BRN-PRS-03,2.87,55.4,8.4,1
13503,2026-07-03,BRN-RBT-01,1.21,46.5,12.0,0
13504,2026-07-03,BRN-RBT-02,1.55,47.4,10.0,0
13505,2026-07-03,MTY-GRD-01,1.35,47.0,12.3,0
13506,2026-07-03,MTY-GRD-02,1.16,50.9,12.1,0
13507,2026-07-03,MTY-LTH-01,2.09,55.0,11.3,1
13508,2026-07-03,MTY-LTH-02,2.08,51.4,14.7,0
13509,2026-07-03,MTY-LTH-03,1.86,54.1,13.9,0
13510,2026-07-03,MTY-LTH-04,2.35,53.6,9.9,0
13511,2026-07-03,MTY-LTH-05,2.75,55.1,10.3,0
13512,2026-07-03,MTY-MIL-01,1.29,50.7,8.1,0
13513,2026-07-03,MTY-MIL-02,1.83,51.9,14.0,0
13514,2026-07-03,MTY-MIL-03,1.7,49.4,13.4,0
13515,2026-07-03,MTY-MIL-04,1.86,52.7,11.7,1
13516,2026-07-03,MTY-MIL-05,1.6,55.3,12.1,0
13517,2026-07-03,MTY-MIL-06,2.08,44.5,10.4,0
13518,2026-07-03,MTY-PRS-01,3.2,63.9,10.4,0
13519,2026-07-03,MTY-PRS-02,2.61,63.0,11.9,0
13520,2026-07-03,MTY-PRS-03,2.37,56.9,2.4,0
13521,2026-07-03,MTY-RBT-01,1.24,47.0,12.7,0
13522,2026-07-03,MTY-RBT-02,1.22,39.4,11.4,0
13523,2026-07-03,MTY-RBT-03,1.34,44.3,13.1,0
13524,2026-07-06,DAY-GRD-01,1.85,52.3,13.3,0
13525,2026-07-06,DAY-LTH-01,3.05,55.0,12.5,5
13526,2026-07-06,DAY-LTH-02,1.51,52.9,10.8,0
13527,2026-07-06,DAY-LTH-03,2.02,52.6,11.5,0
13528,2026-07-06,DAY-LTH-04,2.1,55.3,9.7,0
13529,2026-07-06,DAY-LTH-05,2.02,58.0,15.3,0
13530,2026-07-06,DAY-MIL-01,1.57,50.7,12.7,0
13531,2026-07-06,DAY-MIL-02,1.49,52.4,13.0,0
13532,2026-07-06,DAY-MIL-03,1.52,49.4,7.8,0
13533,2026-07-06,DAY-MIL-04,1.68,48.6,10.8,0
13534,2026-07-06,DAY-MIL-05,1.8,53.1,13.0,0
13535,2026-07-06,DAY-MIL-06,1.76,54.2,11.7,1
13536,2026-07-06,DAY-MIL-07,2.17,53.4,12.2,0
13537,2026-07-06,DAY-MIL-08,1.56,47.6,13.8,1
13538,2026-07-06,DAY-PRS-01,2.87,63.1,10.4,0
13539,2026-07-06,DAY-PRS-02,3.08,64.7,14.9,0
13540,2026-07-06,DAY-PRS-03,2.83,57.0,15.8,0
13541,2026-07-06,DAY-PRS-04,2.19,61.1,11.4,0
13542,2026-07-06,DAY-RBT-01,1.04,42.0,10.5,0
13543,2026-07-06,DAY-RBT-02,1.44,47.8,12.7,2
13544,2026-07-06,DAY-RBT-03,0.95,46.1,10.2,0
13545,2026-07-06,MTY-GRD-01,1.16,46.3,10.8,0
13546,2026-07-06,MTY-GRD-02,1.29,51.3,16.0,0
13547,2026-07-06,MTY-LTH-01,2.1,56.8,9.8,0
13548,2026-07-06,MTY-LTH-02,2.18,50.1,12.2,0
13549,2026-07-06,MTY-LTH-03,1.82,54.4,12.7,0
13550,2026-07-06,MTY-LTH-04,2.23,55.0,10.8,1
13551,2026-07-06,MTY-LTH-05,2.8,55.5,9.3,1
13552,2026-07-06,MTY-MIL-01,1.32,52.7,11.1,0
13553,2026-07-06,MTY-MIL-02,1.78,47.5,10.1,0
13554,2026-07-06,MTY-MIL-03,1.66,50.5,12.9,0
13555,2026-07-06,MTY-MIL-04,1.72,51.7,11.6,1
13556,2026-07-06,MTY-MIL-05,1.75,55.8,15.0,0
13557,2026-07-06,MTY-MIL-06,1.71,45.2,8.0,0
13558,2026-07-06,MTY-PRS-01,3.92,65.3,14.4,1
13559,2026-07-06,MTY-PRS-02,2.69,60.2,10.7,0
13560,2026-07-06,MTY-PRS-03,2.53,57.5,8.7,0
13561,2026-07-06,MTY-RBT-01,1.13,47.1,11.9,0
13562,2026-07-06,MTY-RBT-02,1.11,38.3,10.6,0
13563,2026-07-06,MTY-RBT-03,1.29,46.7,12.1,0
13564,2026-07-07,BRN-GRD-01,1.52,49.5,14.2,0
13565,2026-07-07,BRN-LTH-01,1.91,45.9,10.9,0
13566,2026-07-07,BRN-LTH-02,1.48,51.6,11.2,0
13567,2026-07-07,BRN-LTH-03,2.13,54.9,13.3,0
13568,2026-07-07,BRN-LTH-04,2.07,47.7,11.7,0
13569,2026-07-07,BRN-MIL-01,1.93,49.4,14.6,0
13570,2026-07-07,BRN-MIL-02,1.35,52.4,11.2,1
13571,2026-07-07,BRN-MIL-03,1.66,49.2,12.2,1
13572,2026-07-07,BRN-MIL-04,1.98,45.8,11.5,0
13573,2026-07-07,BRN-MIL-05,1.72,46.4,13.0,0
13574,2026-07-07,BRN-MIL-06,1.53,50.8,14.4,0
13575,2026-07-07,BRN-PRS-01,4.02,73.4,12.1,3
13576,2026-07-07,BRN-PRS-02,3.79,56.0,10.9,0
13577,2026-07-07,BRN-PRS-03,3.07,56.7,11.5,0
13578,2026-07-07,BRN-RBT-01,1.05,43.6,10.7,0
13579,2026-07-07,BRN-RBT-02,1.54,47.4,9.5,0
13580,2026-07-07,DAY-GRD-01,2.35,54.9,16.0,1
13581,2026-07-07,DAY-LTH-01,2.9,53.5,7.2,2
13582,2026-07-07,DAY-LTH-02,1.74,54.0,14.2,0
13583,2026-07-07,DAY-LTH-03,2.49,55.3,14.3,0
13584,2026-07-07,DAY-LTH-04,2.01,57.2,11.3,0
13585,2026-07-07,DAY-LTH-05,2.02,52.1,10.2,1
13586,2026-07-07,DAY-MIL-01,1.45,47.8,11.7,0
13587,2026-07-07,DAY-MIL-02,1.38,51.7,11.3,1
13588,2026-07-07,DAY-MIL-03,1.46,51.4,13.8,0
13589,2026-07-07,DAY-MIL-04,1.65,47.5,9.6,0
13590,2026-07-07,DAY-MIL-05,1.8,55.4,14.7,0
13591,2026-07-07,DAY-MIL-06,1.82,56.5,13.5,2
13592,2026-07-07,DAY-MIL-07,2.26,54.9,14.8,2
13593,2026-07-07,DAY-MIL-08,1.59,46.1,10.9,0
13594,2026-07-07,DAY-PRS-01,2.75,60.8,9.0,0
13595,2026-07-07,DAY-PRS-02,3.05,63.6,12.8,1
13596,2026-07-07,DAY-PRS-03,2.53,53.7,10.6,0
13597,2026-07-07,DAY-PRS-04,2.17,58.8,10.4,1
13598,2026-07-07,DAY-RBT-01,1.07,42.3,8.6,0
13599,2026-07-07,DAY-RBT-02,1.21,48.3,8.9,0
13600,2026-07-07,DAY-RBT-03,0.94,47.4,13.7,1
13601,2026-07-07,MTY-GRD-01,1.39,47.3,9.4,0
13602,2026-07-07,MTY-GRD-02,1.24,50.5,11.0,0
13603,2026-07-07,MTY-LTH-01,2.18,55.0,10.9,0
13604,2026-07-07,MTY-LTH-02,1.83,47.6,10.7,1
13605,2026-07-07,MTY-LTH-03,1.92,52.3,12.8,0
13606,2026-07-07,MTY-LTH-04,2.54,56.4,14.8,0
13607,2026-07-07,MTY-LTH-05,3.36,57.8,12.0,0
13608,2026-07-07,MTY-MIL-01,1.34,51.8,11.6,0
13609,2026-07-07,MTY-MIL-02,1.58,51.3,10.3,0
13610,2026-07-07,MTY-MIL-03,1.72,47.1,6.8,0
13611,2026-07-07,MTY-MIL-04,1.56,48.1,8.3,0
13612,2026-07-07,MTY-MIL-05,1.56,51.3,11.7,0
13613,2026-07-07,MTY-MIL-06,2.06,47.0,13.6,0
13614,2026-07-07,MTY-PRS-01,4.12,65.8,14.0,0
13615,2026-07-07,MTY-PRS-02,2.69,61.0,10.9,1
13616,2026-07-07,MTY-PRS-03,2.84,59.0,13.0,1
13617,2026-07-07,MTY-RBT-01,1.17,45.6,13.5,0
13618,2026-07-07,MTY-RBT-02,1.13,39.9,13.3,0
13619,2026-07-07,MTY-RBT-03,1.14,44.3,9.2,0
13620,2026-07-08,BRN-GRD-01,1.3,46.7,8.3,0
13621,2026-07-08,BRN-LTH-01,1.99,49.8,10.4,0
13622,2026-07-08,BRN-LTH-02,1.51,52.0,11.9,0
13623,2026-07-08,BRN-LTH-03,2.07,52.8,9.8,0
13624,2026-07-08,BRN-LTH-04,2.11,49.6,10.5,0
13625,2026-07-08,BRN-MIL-01,1.85,48.1,12.6,0
13626,2026-07-08,BRN-MIL-02,1.57,54.4,11.9,0
13627,2026-07-08,BRN-MIL-03,1.7,46.4,10.7,0
13628,2026-07-08,BRN-MIL-04,1.86,46.3,10.7,0
13629,2026-07-08,BRN-MIL-05,1.53,44.3,9.2,1
13630,2026-07-08,BRN-MIL-06,1.46,45.5,11.3,0
13631,2026-07-08,BRN-PRS-01,3.64,74.3,10.7,4
13632,2026-07-08,BRN-PRS-02,3.28,56.9,10.8,0
13633,2026-07-08,BRN-PRS-03,3.54,58.7,13.0,0
13634,2026-07-08,BRN-RBT-01,1.05,44.0,10.6,0
13635,2026-07-08,BRN-RBT-02,1.6,49.4,12.1,0
13636,2026-07-08,DAY-GRD-01,2.0,49.0,7.6,0
13637,2026-07-08,DAY-LTH-01,3.22,57.6,12.0,6
13638,2026-07-08,DAY-LTH-02,1.64,51.0,8.7,0
13639,2026-07-08,DAY-LTH-03,1.92,50.9,9.3,1
13640,2026-07-08,DAY-LTH-04,2.36,58.2,13.5,1
13641,2026-07-08,DAY-LTH-05,1.87,53.6,9.4,1
13642,2026-07-08,DAY-MIL-01,1.39,47.9,11.6,0
13643,2026-07-08,DAY-MIL-02,1.48,52.9,12.9,1
13644,2026-07-08,DAY-MIL-03,1.33,46.9,7.6,0
13645,2026-07-08,DAY-MIL-04,1.86,51.7,12.1,1
13646,2026-07-08,DAY-MIL-05,1.64,52.9,11.1,0
13647,2026-07-08,DAY-MIL-06,1.7,52.9,10.1,0
13648,2026-07-08,DAY-MIL-07,2.41,56.3,15.1,1
13649,2026-07-08,DAY-MIL-08,1.63,48.1,13.5,1
13650,2026-07-08,DAY-PRS-01,2.64,62.3,13.1,0
13651,2026-07-08,DAY-PRS-02,3.09,63.5,11.5,0
13652,2026-07-08,DAY-PRS-03,2.58,53.2,9.1,0
13653,2026-07-08,DAY-PRS-04,2.28,59.7,12.4,0
13654,2026-07-08,DAY-RBT-01,1.03,45.6,11.0,0
13655,2026-07-08,DAY-RBT-02,1.31,49.5,11.6,0
13656,2026-07-08,DAY-RBT-03,0.9,45.3,9.2,0
13657,2026-07-08,MTY-GRD-01,1.22,46.8,9.7,0
13658,2026-07-08,MTY-GRD-02,1.31,53.6,13.2,0
13659,2026-07-08,MTY-LTH-01,2.11,54.1,11.5,0
13660,2026-07-08,MTY-LTH-02,1.75,48.7,10.1,0
13661,2026-07-08,MTY-LTH-03,1.6,51.9,10.5,0
13662,2026-07-08,MTY-LTH-04,2.46,52.0,12.0,0
13663,2026-07-08,MTY-LTH-05,3.32,57.3,10.4,1
13664,2026-07-08,MTY-MIL-01,1.25,53.2,11.7,1
13665,2026-07-08,MTY-MIL-02,2.05,53.0,16.0,2
13666,2026-07-08,MTY-MIL-03,1.75,51.0,12.5,0
13667,2026-07-08,MTY-MIL-04,1.62,50.3,10.2,0
13668,2026-07-08,MTY-MIL-05,1.68,53.5,14.9,1
13669,2026-07-08,MTY-MIL-06,1.94,45.4,10.0,0
13670,2026-07-08,MTY-PRS-01,4.08,65.2,12.1,0
13671,2026-07-08,MTY-PRS-02,3.04,61.2,10.6,0
13672,2026-07-08,MTY-PRS-03,2.78,59.7,13.0,0
13673,2026-07-08,MTY-RBT-01,1.06,43.4,10.6,0
13674,2026-07-08,MTY-RBT-02,1.2,38.6,9.0,0
13675,2026-07-08,MTY-RBT-03,1.21,43.4,10.2,0
13676,2026-07-09,BRN-GRD-01,1.45,51.4,14.5,0
13677,2026-07-09,BRN-LTH-01,1.73,50.8,13.0,0
13678,2026-07-09,BRN-LTH-02,1.62,51.7,12.7,0
13679,2026-07-09,BRN-LTH-03,2.23,53.5,12.8,1
13680,2026-07-09,BRN-LTH-04,2.25,49.5,12.5,1
13681,2026-07-09,BRN-MIL-01,1.86,49.8,14.8,1
13682,2026-07-09,BRN-MIL-02,1.65,52.9,9.8,0
13683,2026-07-09,BRN-MIL-03,1.7,45.5,6.6,0
13684,2026-07-09,BRN-MIL-04,1.97,46.5,12.1,0
13685,2026-07-09,BRN-MIL-05,1.6,45.8,11.6,0
13686,2026-07-09,BRN-MIL-06,1.69,50.7,15.8,0
13687,2026-07-09,BRN-PRS-01,2.71,60.0,2.5,3
13688,2026-07-09,BRN-PRS-02,3.22,53.1,6.8,0
13689,2026-07-09,BRN-PRS-03,3.26,60.0,13.2,0
13690,2026-07-09,BRN-RBT-01,1.09,43.7,11.9,1
13691,2026-07-09,BRN-RBT-02,1.37,48.7,14.1,0
13692,2026-07-09,DAY-GRD-01,2.07,51.4,11.5,0
13693,2026-07-09,DAY-LTH-01,2.23,46.6,3.8,3
13694,2026-07-09,DAY-LTH-02,1.8,53.6,13.2,0
13695,2026-07-09,DAY-LTH-03,2.22,55.4,13.7,0
13696,2026-07-09,DAY-LTH-04,2.0,54.6,8.6,0
13697,2026-07-09,DAY-LTH-05,1.94,52.1,8.6,0
13698,2026-07-09,DAY-MIL-01,1.63,52.2,13.8,0
13699,2026-07-09,DAY-MIL-02,1.44,50.9,10.4,0
13700,2026-07-09,DAY-MIL-03,1.51,50.5,12.6,0
13701,2026-07-09,DAY-MIL-04,1.7,47.7,11.8,0
13702,2026-07-09,DAY-MIL-05,1.65,51.3,9.2,1
13703,2026-07-09,DAY-MIL-06,1.93,57.0,14.3,1
13704,2026-07-09,DAY-MIL-07,2.22,55.6,11.6,2
13705,2026-07-09,DAY-MIL-08,1.63,43.9,8.8,0
13706,2026-07-09,DAY-PRS-01,2.79,62.2,10.4,0
13707,2026-07-09,DAY-PRS-02,3.18,62.8,12.0,1
13708,2026-07-09,DAY-PRS-03,2.75,54.1,11.6,0
13709,2026-07-09,DAY-PRS-04,2.34,59.2,8.2,0
13710,2026-07-09,DAY-RBT-01,1.02,42.9,11.2,0
13711,2026-07-09,DAY-RBT-02,1.53,49.1,13.9,0
13712,2026-07-09,DAY-RBT-03,1.12,46.5,12.9,1
13713,2026-07-09,MTY-GRD-01,1.26,46.1,10.1,0
13714,2026-07-09,MTY-GRD-02,1.41,48.0,9.4,0
13715,2026-07-09,MTY-LTH-01,2.08,56.9,11.7,0
13716,2026-07-09,MTY-LTH-02,1.76,48.0,10.0,1
13717,2026-07-09,MTY-LTH-03,2.0,52.9,13.2,0
13718,2026-07-09,MTY-LTH-04,2.48,54.1,12.8,1
13719,2026-07-09,MTY-LTH-05,3.74,59.1,14.4,1
13720,2026-07-09,MTY-MIL-01,1.23,52.2,10.0,0
13721,2026-07-09,MTY-MIL-02,1.77,49.5,11.2,0
13722,2026-07-09,MTY-MIL-03,1.77,50.5,11.9,0
13723,2026-07-09,MTY-MIL-04,1.87,51.9,12.2,0
13724,2026-07-09,MTY-MIL-05,1.54,53.5,13.4,0
13725,2026-07-09,MTY-MIL-06,1.89,47.2,10.0,0
13726,2026-07-09,MTY-PRS-01,3.99,66.4,9.9,1
13727,2026-07-09,MTY-PRS-02,2.76,60.7,10.5,1
13728,2026-07-09,MTY-PRS-03,2.86,61.4,13.9,0
13729,2026-07-09,MTY-RBT-01,1.01,43.9,7.9,0
13730,2026-07-09,MTY-RBT-02,1.24,40.1,13.0,0
13731,2026-07-09,MTY-RBT-03,1.28,45.9,13.5,0
13732,2026-07-10,BRN-GRD-01,1.43,48.7,11.2,0
13733,2026-07-10,BRN-LTH-01,1.89,48.0,12.3,0
13734,2026-07-10,BRN-LTH-02,1.61,48.6,9.7,0
13735,2026-07-10,BRN-LTH-03,2.01,51.2,10.5,0
13736,2026-07-10,BRN-LTH-04,1.96,48.6,11.0,0
13737,2026-07-10,BRN-MIL-01,1.84,48.0,10.6,0
13738,2026-07-10,BRN-MIL-02,1.66,56.6,13.6,1
13739,2026-07-10,BRN-MIL-03,2.14,48.9,13.5,0
13740,2026-07-10,BRN-MIL-04,1.78,48.4,11.5,1
13741,2026-07-10,BRN-MIL-05,1.61,46.4,9.1,0
13742,2026-07-10,BRN-MIL-06,1.5,49.6,11.6,0
13743,2026-07-10,BRN-PRS-01,2.64,60.0,9.3,1
13744,2026-07-10,BRN-PRS-02,3.21,51.8,9.0,0
13745,2026-07-10,BRN-PRS-03,3.13,58.0,12.4,2
13746,2026-07-10,BRN-RBT-01,1.0,41.6,8.8,0
13747,2026-07-10,BRN-RBT-02,1.56,50.6,13.2,0
13748,2026-07-10,DAY-GRD-01,2.15,52.2,11.8,0
13749,2026-07-10,DAY-LTH-01,2.29,48.4,15.8,0
13750,2026-07-10,DAY-LTH-02,1.64,51.8,11.1,0
13751,2026-07-10,DAY-LTH-03,1.98,54.8,13.2,0
13752,2026-07-10,DAY-LTH-04,2.04,56.6,11.8,1
13753,2026-07-10,DAY-LTH-05,2.24,54.6,4.0,0
13754,2026-07-10,DAY-MIL-01,1.45,47.2,11.6,0
13755,2026-07-10,DAY-MIL-02,1.62,52.9,11.5,0
13756,2026-07-10,DAY-MIL-03,1.61,50.9,12.9,0
13757,2026-07-10,DAY-MIL-04,1.62,46.1,11.5,0
13758,2026-07-10,DAY-MIL-05,1.79,54.2,11.5,0
13759,2026-07-10,DAY-MIL-06,1.82,52.5,10.1,4
13760,2026-07-10,DAY-MIL-07,2.43,57.3,15.0,1
13761,2026-07-10,DAY-MIL-08,1.69,48.0,11.8,0
13762,2026-07-10,DAY-PRS-01,2.93,62.8,12.3,0
13763,2026-07-10,DAY-PRS-02,2.94,64.1,13.2,0
13764,2026-07-10,DAY-PRS-03,2.86,55.1,13.8,0
13765,2026-07-10,DAY-PRS-04,2.43,60.5,12.9,0
13766,2026-07-10,DAY-RBT-01,1.21,47.3,16.0,0
13767,2026-07-10,DAY-RBT-02,1.6,49.4,10.7,0
13768,2026-07-10,DAY-RBT-03,0.96,47.0,10.3,0
13769,2026-07-10,MTY-GRD-01,1.25,47.1,10.1,0
13770,2026-07-10,MTY-GRD-02,1.12,50.2,11.1,0
13771,2026-07-10,MTY-LTH-01,2.17,55.0,11.2,0
13772,2026-07-10,MTY-LTH-02,1.96,51.0,14.6,0
13773,2026-07-10,MTY-LTH-03,1.85,52.9,10.2,0
13774,2026-07-10,MTY-LTH-04,2.4,54.8,12.2,0
13775,2026-07-10,MTY-LTH-05,3.64,59.7,12.6,1
13776,2026-07-10,MTY-MIL-01,1.4,51.2,10.7,0
13777,2026-07-10,MTY-MIL-02,1.54,49.4,9.8,0
13778,2026-07-10,MTY-MIL-03,1.54,49.3,9.1,0
13779,2026-07-10,MTY-MIL-04,1.55,51.0,11.3,1
13780,2026-07-10,MTY-MIL-05,1.59,51.9,11.4,0
13781,2026-07-10,MTY-MIL-06,1.97,45.8,12.7,0
13782,2026-07-10,MTY-PRS-01,4.01,63.3,11.1,0
13783,2026-07-10,MTY-PRS-02,3.01,62.6,15.4,0
13784,2026-07-10,MTY-PRS-03,2.73,58.9,12.9,0
13785,2026-07-10,MTY-RBT-01,1.19,44.8,10.0,0
13786,2026-07-10,MTY-RBT-02,1.04,37.3,9.6,0
13787,2026-07-10,MTY-RBT-03,1.29,45.7,14.7,0
13788,2026-07-13,BRN-GRD-01,1.32,46.9,10.0,0
13789,2026-07-13,BRN-LTH-01,1.75,47.9,7.7,0
13790,2026-07-13,BRN-LTH-02,1.76,50.3,11.5,0
13791,2026-07-13,BRN-LTH-03,2.07,51.0,12.7,0
13792,2026-07-13,BRN-LTH-04,2.3,51.6,15.5,0
13793,2026-07-13,BRN-MIL-01,1.87,45.1,10.5,0
13794,2026-07-13,BRN-MIL-02,1.54,56.2,9.5,2
13795,2026-07-13,BRN-MIL-03,1.59,47.9,10.5,1
13796,2026-07-13,BRN-MIL-04,1.83,46.2,8.9,0
13797,2026-07-13,BRN-MIL-05,1.49,45.0,9.7,0
13798,2026-07-13,BRN-MIL-06,1.64,51.6,13.3,0
13799,2026-07-13,BRN-PRS-01,2.78,59.7,12.3,0
13800,2026-07-13,BRN-PRS-02,3.03,54.8,9.6,0
13801,2026-07-13,BRN-PRS-03,3.35,56.8,10.3,0
13802,2026-07-13,BRN-RBT-01,1.13,44.4,13.1,0
13803,2026-07-13,BRN-RBT-02,1.46,47.0,12.5,1
13804,2026-07-13,DAY-GRD-01,2.26,53.5,13.1,0
13805,2026-07-13,DAY-LTH-01,2.13,44.9,9.6,0
13806,2026-07-13,DAY-LTH-02,1.66,54.9,13.2,0
13807,2026-07-13,DAY-LTH-03,2.12,52.3,9.7,1
13808,2026-07-13,DAY-LTH-04,2.45,60.2,15.0,0
13809,2026-07-13,DAY-LTH-05,2.04,53.0,12.6,0
13810,2026-07-13,DAY-MIL-01,1.53,47.3,10.1,0
13811,2026-07-13,DAY-MIL-02,1.46,52.7,12.0,0
13812,2026-07-13,DAY-MIL-03,1.59,51.9,11.4,0
13813,2026-07-13,DAY-MIL-04,1.7,50.4,14.2,0
13814,2026-07-13,DAY-MIL-05,1.88,54.8,14.3,0
13815,2026-07-13,DAY-MIL-06,1.75,55.5,10.4,2
13816,2026-07-13,DAY-MIL-07,2.36,56.2,12.3,1
13817,2026-07-13,DAY-MIL-08,1.78,48.1,16.0,0
13818,2026-07-13,DAY-PRS-01,2.86,63.4,14.4,0
13819,2026-07-13,DAY-PRS-02,3.09,63.7,12.2,0
13820,2026-07-13,DAY-PRS-03,2.81,55.9,12.9,0
13821,2026-07-13,DAY-PRS-04,2.14,58.3,8.9,0
13822,2026-07-13,DAY-RBT-01,1.21,43.9,13.8,0
13823,2026-07-13,DAY-RBT-02,1.34,48.9,11.0,0
13824,2026-07-13,DAY-RBT-03,1.02,47.1,11.9,1
13825,2026-07-13,MTY-GRD-01,1.2,48.2,9.7,0
13826,2026-07-13,MTY-GRD-02,1.43,48.5,11.7,1
13827,2026-07-13,MTY-LTH-01,2.39,57.8,12.7,0
13828,2026-07-13,MTY-LTH-02,2.28,50.5,13.1,1
13829,2026-07-13,MTY-LTH-03,1.9,53.0,14.6,0
13830,2026-07-13,MTY-LTH-04,2.41,52.3,12.9,0
13831,2026-07-13,MTY-LTH-05,4.08,56.3,8.6,1
13832,2026-07-13,MTY-MIL-01,1.3,51.1,12.8,0
13833,2026-07-13,MTY-MIL-02,1.72,51.1,11.0,0
13834,2026-07-13,MTY-MIL-03,1.81,49.3,12.3,0
13835,2026-07-13,MTY-MIL-04,1.63,51.9,11.6,0
13836,2026-07-13,MTY-MIL-05,1.69,51.8,11.9,0
13837,2026-07-13,MTY-MIL-06,2.17,45.6,9.4,0
13838,2026-07-13,MTY-PRS-01,4.03,65.9,5.7,0
13839,2026-07-13,MTY-PRS-02,2.82,64.1,14.6,0
13840,2026-07-13,MTY-PRS-03,2.95,60.1,13.1,1
13841,2026-07-13,MTY-RBT-01,1.33,47.8,14.1,0
13842,2026-07-13,MTY-RBT-02,1.34,41.5,16.0,0
13843,2026-07-13,MTY-RBT-03,1.22,44.1,8.8,0
13844,2026-07-14,BRN-GRD-01,1.28,50.0,12.9,0
13845,2026-07-14,BRN-LTH-01,1.88,49.4,12.1,0
13846,2026-07-14,BRN-LTH-02,1.69,51.8,11.6,0
13847,2026-07-14,BRN-LTH-03,2.22,54.6,14.8,0
13848,2026-07-14,BRN-LTH-04,1.85,50.5,11.7,0
13849,2026-07-14,BRN-MIL-01,1.75,48.0,13.9,0
13850,2026-07-14,BRN-MIL-02,1.6,56.3,11.5,1
13851,2026-07-14,BRN-MIL-03,1.71,47.2,10.9,1
13852,2026-07-14,BRN-MIL-04,2.22,48.9,15.2,0
13853,2026-07-14,BRN-MIL-05,1.58,46.8,10.4,0
13854,2026-07-14,BRN-MIL-06,1.51,49.1,9.8,0
13855,2026-07-14,BRN-PRS-01,3.16,60.7,11.4,1
13856,2026-07-14,BRN-PRS-02,3.13,53.9,10.3,0
13857,2026-07-14,BRN-PRS-03,3.09,55.4,9.7,0
13858,2026-07-14,BRN-RBT-01,1.27,45.6,13.9,0
13859,2026-07-14,BRN-RBT-02,1.42,50.9,13.7,0
13860,2026-07-14,DAY-GRD-01,2.1,50.8,10.5,0
13861,2026-07-14,DAY-LTH-01,2.14,43.7,12.0,0
13862,2026-07-14,DAY-LTH-02,1.63,51.7,11.3,1
13863,2026-07-14,DAY-LTH-03,2.08,55.3,13.2,0
13864,2026-07-14,DAY-LTH-04,2.1,56.5,10.7,0
13865,2026-07-14,DAY-LTH-05,1.65,53.4,9.7,0
13866,2026-07-14,DAY-MIL-01,1.53,48.2,10.5,0
13867,2026-07-14,DAY-MIL-02,1.53,53.8,11.6,1
13868,2026-07-14,DAY-MIL-03,1.58,49.8,12.3,0
13869,2026-07-14,DAY-MIL-04,1.95,51.1,14.7,0
13870,2026-07-14,DAY-MIL-05,1.68,52.7,9.1,0
13871,2026-07-14,DAY-MIL-06,2.02,56.7,13.4,0
13872,2026-07-14,DAY-MIL-07,2.41,55.4,9.9,2
13873,2026-07-14,DAY-MIL-08,1.56,46.8,13.6,0
13874,2026-07-14,DAY-PRS-01,2.86,64.5,12.2,0
13875,2026-07-14,DAY-PRS-02,2.81,61.3,10.2,0
13876,2026-07-14,DAY-PRS-03,2.94,53.9,11.6,0
13877,2026-07-14,DAY-PRS-04,2.17,61.2,12.7,0
13878,2026-07-14,DAY-RBT-01,1.17,41.6,8.5,0
13879,2026-07-14,DAY-RBT-02,1.44,50.0,13.9,0
13880,2026-07-14,DAY-RBT-03,0.98,48.1,10.5,1
13881,2026-07-14,MTY-GRD-01,1.36,46.6,11.8,1
13882,2026-07-14,MTY-GRD-02,1.3,51.1,12.5,1
13883,2026-07-14,MTY-LTH-01,2.32,55.9,3.8,0
13884,2026-07-14,MTY-LTH-02,1.96,47.9,8.9,0
13885,2026-07-14,MTY-LTH-03,1.8,53.5,11.8,0
13886,2026-07-14,MTY-LTH-04,2.4,54.5,11.9,0
13887,2026-07-14,MTY-LTH-05,3.79,58.1,7.4,0
13888,2026-07-14,MTY-MIL-01,1.26,52.6,9.4,1
13889,2026-07-14,MTY-MIL-02,1.69,47.3,8.2,0
13890,2026-07-14,MTY-MIL-03,1.6,49.1,9.5,0
13891,2026-07-14,MTY-MIL-04,1.73,53.6,12.7,1
13892,2026-07-14,MTY-MIL-05,1.47,51.6,9.5,0
13893,2026-07-14,MTY-MIL-06,2.36,47.6,13.6,1
13894,2026-07-14,MTY-PRS-01,4.4,65.2,11.3,1
13895,2026-07-14,MTY-PRS-02,2.83,62.4,13.9,0
13896,2026-07-14,MTY-PRS-03,2.78,57.8,12.0,0
13897,2026-07-14,MTY-RBT-01,1.03,45.6,8.0,0
13898,2026-07-14,MTY-RBT-02,1.2,39.1,12.2,0
13899,2026-07-14,MTY-RBT-03,1.34,46.1,14.6,1
13900,2026-07-15,BRN-GRD-01,1.49,49.2,14.4,1
13901,2026-07-15,BRN-LTH-01,1.93,48.4,12.3,0
13902,2026-07-15,BRN-LTH-02,1.66,50.7,11.4,0
13903,2026-07-15,BRN-LTH-03,2.1,53.5,12.6,0
13904,2026-07-15,BRN-LTH-04,2.18,51.0,11.5,0
13905,2026-07-15,BRN-MIL-01,1.78,48.3,12.4,0
13906,2026-07-15,BRN-MIL-02,1.74,56.6,10.5,2
13907,2026-07-15,BRN-MIL-03,1.71,47.2,9.9,0
13908,2026-07-15,BRN-MIL-04,1.91,47.6,10.7,0
13909,2026-07-15,BRN-MIL-05,1.77,47.7,13.0,1
13910,2026-07-15,BRN-MIL-06,1.49,46.5,8.7,1
13911,2026-07-15,BRN-PRS-01,2.96,59.6,9.3,1
13912,2026-07-15,BRN-PRS-02,3.32,58.4,15.7,1
13913,2026-07-15,BRN-PRS-03,2.88,55.2,8.6,1
13914,2026-07-15,BRN-RBT-01,1.32,45.3,13.6,0
13915,2026-07-15,BRN-RBT-02,1.47,46.7,8.7,0
13916,2026-07-15,DAY-GRD-01,2.33,49.3,10.5,0
13917,2026-07-15,DAY-LTH-01,1.86,45.1,10.0,0
13918,2026-07-15,DAY-LTH-02,1.67,50.8,11.1,0
13919,2026-07-15,DAY-LTH-03,2.16,56.4,14.0,0
13920,2026-07-15,DAY-LTH-04,1.83,52.9,1.0,0
13921,2026-07-15,DAY-LTH-05,1.89,54.5,11.9,1
13922,2026-07-15,DAY-MIL-01,1.46,47.5,9.9,0
13923,2026-07-15,DAY-MIL-02,1.4,51.8,13.7,0
13924,2026-07-15,DAY-MIL-03,1.64,51.3,11.2,0
13925,2026-07-15,DAY-MIL-04,1.56,50.4,13.4,0
13926,2026-07-15,DAY-MIL-05,1.57,54.4,11.2,0
13927,2026-07-15,DAY-MIL-06,1.8,57.1,10.6,3
13928,2026-07-15,DAY-MIL-07,2.27,57.4,11.5,4
13929,2026-07-15,DAY-MIL-08,1.5,42.3,8.6,0
13930,2026-07-15,DAY-PRS-01,2.75,62.9,10.6,0
13931,2026-07-15,DAY-PRS-02,3.11,66.1,13.0,0
13932,2026-07-15,DAY-PRS-03,2.99,55.0,14.5,0
13933,2026-07-15,DAY-PRS-04,2.28,60.4,10.5,0
13934,2026-07-15,DAY-RBT-01,1.22,45.0,14.6,1
13935,2026-07-15,DAY-RBT-02,1.39,48.6,10.1,0
13936,2026-07-15,DAY-RBT-03,1.05,47.5,10.8,0
13937,2026-07-15,MTY-GRD-01,1.31,46.5,8.5,0
13938,2026-07-15,MTY-GRD-02,1.35,52.4,13.9,1
13939,2026-07-15,MTY-LTH-01,2.18,57.1,15.1,0
13940,2026-07-15,MTY-LTH-02,1.77,48.6,9.0,0
13941,2026-07-15,MTY-LTH-03,1.77,51.5,10.5,0
13942,2026-07-15,MTY-LTH-04,2.54,54.8,12.2,0
13943,2026-07-15,MTY-LTH-05,4.37,62.5,13.6,1
13944,2026-07-15,MTY-MIL-01,1.25,52.4,11.6,0
13945,2026-07-15,MTY-MIL-02,1.83,47.6,11.1,0
13946,2026-07-15,MTY-MIL-03,1.57,46.7,5.7,1
13947,2026-07-15,MTY-MIL-04,1.73,54.1,12.5,0
13948,2026-07-15,MTY-MIL-05,1.55,50.0,11.3,0
13949,2026-07-15,MTY-MIL-06,1.74,45.7,7.9,0
13950,2026-07-15,MTY-PRS-01,4.73,65.8,11.8,2
13951,2026-07-15,MTY-PRS-02,2.52,62.9,11.3,0
13952,2026-07-15,MTY-PRS-03,2.74,57.9,7.8,0
13953,2026-07-15,MTY-RBT-01,1.15,46.4,12.7,0
13954,2026-07-15,MTY-RBT-02,1.05,36.9,8.8,0
13955,2026-07-15,MTY-RBT-03,1.24,42.7,9.6,0
13956,2026-07-16,BRN-GRD-01,1.31,50.2,13.4,0
13957,2026-07-16,BRN-LTH-01,2.02,48.8,13.5,0
13958,2026-07-16,BRN-LTH-02,1.61,52.0,11.6,0
13959,2026-07-16,BRN-LTH-03,1.92,55.3,10.5,0
13960,2026-07-16,BRN-LTH-04,2.04,47.2,8.9,0
13961,2026-07-16,BRN-MIL-01,1.79,50.2,13.1,1
13962,2026-07-16,BRN-MIL-02,1.55,55.0,6.5,1
13963,2026-07-16,BRN-MIL-03,1.89,50.4,14.6,0
13964,2026-07-16,BRN-MIL-04,1.8,45.3,9.9,0
13965,2026-07-16,BRN-MIL-05,1.73,47.8,10.2,0
13966,2026-07-16,BRN-MIL-06,1.46,49.8,13.4,1
13967,2026-07-16,BRN-PRS-01,3.14,62.4,14.3,0
13968,2026-07-16,BRN-PRS-02,2.86,53.3,9.1,0
13969,2026-07-16,BRN-PRS-03,3.22,57.5,11.7,0
13970,2026-07-16,BRN-RBT-01,1.05,42.0,9.7,0
13971,2026-07-16,BRN-RBT-02,1.48,47.4,10.2,0
13972,2026-07-16,DAY-GRD-01,2.22,53.5,11.5,0
13973,2026-07-16,DAY-LTH-01,2.09,46.1,12.2,0
13974,2026-07-16,DAY-LTH-02,1.42,51.9,10.7,0
13975,2026-07-16,DAY-LTH-03,1.99,50.9,11.5,0
13976,2026-07-16,DAY-LTH-04,1.98,56.1,12.0,1
13977,2026-07-16,DAY-LTH-05,1.93,52.9,13.1,0
13978,2026-07-16,DAY-MIL-01,1.47,47.4,10.2,0
13979,2026-07-16,DAY-MIL-02,1.52,53.4,11.8,2
13980,2026-07-16,DAY-MIL-03,1.49,49.0,11.2,0
13981,2026-07-16,DAY-MIL-04,1.73,48.4,12.5,1
13982,2026-07-16,DAY-MIL-05,1.69,50.8,8.1,0
13983,2026-07-16,DAY-MIL-06,1.77,55.1,10.0,3
13984,2026-07-16,DAY-MIL-07,2.36,58.4,10.0,4
13985,2026-07-16,DAY-MIL-08,1.75,45.4,11.6,0
13986,2026-07-16,DAY-PRS-01,2.6,63.4,12.4,0
13987,2026-07-16,DAY-PRS-02,2.76,62.4,9.9,0
13988,2026-07-16,DAY-PRS-03,2.62,53.4,13.3,0
13989,2026-07-16,DAY-PRS-04,2.16,62.9,12.1,0
13990,2026-07-16,DAY-RBT-01,1.06,44.0,11.2,1
13991,2026-07-16,DAY-RBT-02,1.37,49.5,11.6,0
13992,2026-07-16,DAY-RBT-03,0.87,45.2,8.5,1
13993,2026-07-16,MTY-GRD-01,1.33,48.8,11.0,0
13994,2026-07-16,MTY-GRD-02,1.5,53.5,14.9,0
13995,2026-07-16,MTY-LTH-01,2.0,52.0,8.3,0
13996,2026-07-16,MTY-LTH-02,2.28,49.7,14.1,0
13997,2026-07-16,MTY-LTH-03,1.93,54.1,12.4,2
13998,2026-07-16,MTY-LTH-04,2.59,54.6,13.1,0
13999,2026-07-16,MTY-LTH-05,4.55,61.8,13.2,1
14000,2026-07-16,MTY-MIL-01,1.25,52.2,12.1,0
14001,2026-07-16,MTY-MIL-02,1.75,48.8,9.6,1
14002,2026-07-16,MTY-MIL-03,1.76,48.6,9.8,0
14003,2026-07-16,MTY-MIL-04,1.83,49.7,9.6,0
14004,2026-07-16,MTY-MIL-05,1.7,51.9,13.6,0
14005,2026-07-16,MTY-MIL-06,1.85,45.1,8.4,0
14006,2026-07-16,MTY-PRS-01,5.21,69.5,15.0,1
14007,2026-07-16,MTY-PRS-02,2.62,63.7,14.2,0
14008,2026-07-16,MTY-PRS-03,2.83,57.6,10.8,0
14009,2026-07-16,MTY-RBT-01,1.23,41.9,9.0,0
14010,2026-07-16,MTY-RBT-02,1.1,39.4,12.3,0
14011,2026-07-16,MTY-RBT-03,1.3,48.9,13.9,0
14012,2026-07-17,BRN-GRD-01,1.4,50.9,13.0,0
14013,2026-07-17,BRN-LTH-01,1.92,50.8,12.8,0
14014,2026-07-17,BRN-LTH-02,1.65,49.5,10.6,0
14015,2026-07-17,BRN-LTH-03,1.99,53.0,8.1,0
14016,2026-07-17,BRN-LTH-04,2.11,49.7,10.9,0
14017,2026-07-17,BRN-MIL-01,1.74,46.7,10.6,0
14018,2026-07-17,BRN-MIL-02,1.88,57.0,10.7,1
14019,2026-07-17,BRN-MIL-03,1.6,47.6,9.6,0
14020,2026-07-17,BRN-MIL-04,1.99,47.5,10.7,1
14021,2026-07-17,BRN-MIL-05,1.86,47.3,11.7,1
14022,2026-07-17,BRN-MIL-06,1.4,48.3,8.1,0
14023,2026-07-17,BRN-PRS-01,2.68,59.9,8.8,0
14024,2026-07-17,BRN-PRS-02,3.49,56.1,13.5,0
14025,2026-07-17,BRN-PRS-03,3.03,54.5,7.7,0
14026,2026-07-17,BRN-RBT-01,1.08,44.8,10.1,1
14027,2026-07-17,BRN-RBT-02,1.52,49.8,12.2,1
14028,2026-07-17,DAY-GRD-01,2.34,52.8,12.8,0
14029,2026-07-17,DAY-LTH-01,2.27,48.6,13.9,2
14030,2026-07-17,DAY-LTH-02,1.97,53.3,14.8,0
14031,2026-07-17,DAY-LTH-03,2.01,52.2,8.8,0
14032,2026-07-17,DAY-LTH-04,2.08,53.1,10.9,0
14033,2026-07-17,DAY-LTH-05,1.69,55.4,12.3,2
14034,2026-07-17,DAY-MIL-01,1.57,48.4,10.5,1
14035,2026-07-17,DAY-MIL-02,1.62,54.6,15.4,0
14036,2026-07-17,DAY-MIL-03,1.53,50.3,10.4,1
14037,2026-07-17,DAY-MIL-04,1.74,47.1,11.2,0
14038,2026-07-17,DAY-MIL-05,1.65,53.6,10.9,0
14039,2026-07-17,DAY-MIL-06,2.25,59.3,15.4,1
14040,2026-07-17,DAY-MIL-07,2.47,59.2,11.2,5
14041,2026-07-17,DAY-MIL-08,1.64,48.1,12.4,0
14042,2026-07-17,DAY-PRS-01,2.61,63.3,9.4,0
14043,2026-07-17,DAY-PRS-02,2.86,65.6,10.6,0
14044,2026-07-17,DAY-PRS-03,2.76,55.0,12.3,0
14045,2026-07-17,DAY-PRS-04,2.38,59.8,11.8,0
14046,2026-07-17,DAY-RBT-01,1.13,43.4,12.1,0
14047,2026-07-17,DAY-RBT-02,1.41,50.3,11.6,1
14048,2026-07-17,DAY-RBT-03,0.97,49.4,14.2,0
14049,2026-07-17,MTY-GRD-01,1.44,47.0,16.0,0
14050,2026-07-17,MTY-GRD-02,1.4,51.4,12.3,0
14051,2026-07-17,MTY-LTH-01,2.26,55.2,15.0,0
14052,2026-07-17,MTY-LTH-02,2.13,52.9,14.2,0
14053,2026-07-17,MTY-LTH-03,1.92,52.9,13.5,0
14054,2026-07-17,MTY-LTH-04,2.61,54.6,12.4,0
14055,2026-07-17,MTY-LTH-05,4.82,61.3,12.2,3
14056,2026-07-17,MTY-MIL-01,1.28,54.0,12.6,0
14057,2026-07-17,MTY-MIL-02,1.64,50.7,10.2,0
14058,2026-07-17,MTY-MIL-03,1.91,52.9,12.6,0
14059,2026-07-17,MTY-MIL-04,1.83,52.8,13.0,0
14060,2026-07-17,MTY-MIL-05,1.69,51.8,13.8,0
14061,2026-07-17,MTY-MIL-06,1.94,46.8,10.0,0
14062,2026-07-17,MTY-PRS-01,4.87,65.7,10.4,3
14063,2026-07-17,MTY-PRS-02,2.91,61.9,12.1,0
14064,2026-07-17,MTY-PRS-03,3.17,57.9,14.1,1
14065,2026-07-17,MTY-RBT-01,1.1,47.4,14.0,0
14066,2026-07-17,MTY-RBT-02,1.26,40.5,14.6,2
14067,2026-07-17,MTY-RBT-03,1.32,46.8,11.3,1
14068,2026-07-20,BRN-GRD-01,1.2,46.6,4.0,0
14069,2026-07-20,BRN-LTH-01,1.78,48.2,11.4,0
14070,2026-07-20,BRN-LTH-02,1.58,51.8,11.1,0
14071,2026-07-20,BRN-LTH-03,2.02,49.9,6.2,0
14072,2026-07-20,BRN-LTH-04,2.2,50.8,13.4,0
14073,2026-07-20,BRN-MIL-01,1.77,47.2,10.0,0
14074,2026-07-20,BRN-MIL-02,1.92,61.0,12.4,3
14075,2026-07-20,BRN-MIL-03,1.65,47.4,11.5,0
14076,2026-07-20,BRN-MIL-04,1.91,47.9,11.4,0
14077,2026-07-20,BRN-MIL-05,1.51,46.6,10.6,0
14078,2026-07-20,BRN-MIL-06,1.4,46.9,8.7,0
14079,2026-07-20,BRN-PRS-01,2.95,58.0,9.8,0
14080,2026-07-20,BRN-PRS-02,3.55,54.2,10.9,0
14081,2026-07-20,BRN-PRS-03,3.05,56.8,9.7,0
14082,2026-07-20,BRN-RBT-01,1.05,44.2,8.9,0
14083,2026-07-20,BRN-RBT-02,1.4,46.8,8.6,0
14084,2026-07-20,DAY-GRD-01,2.24,51.8,14.0,0
14085,2026-07-20,DAY-LTH-01,2.09,45.9,10.4,0
14086,2026-07-20,DAY-LTH-02,1.66,53.4,12.4,0
14087,2026-07-20,DAY-LTH-03,2.25,53.1,11.0,0
14088,2026-07-20,DAY-LTH-04,1.9,57.0,12.4,0
14089,2026-07-20,DAY-LTH-05,2.04,55.1,13.3,0
14090,2026-07-20,DAY-MIL-01,1.42,46.3,9.6,0
14091,2026-07-20,DAY-MIL-02,1.56,50.5,13.8,0
14092,2026-07-20,DAY-MIL-03,1.44,49.5,9.4,0
14093,2026-07-20,DAY-MIL-04,1.79,50.2,14.9,0
14094,2026-07-20,DAY-MIL-05,1.99,54.3,12.5,0
14095,2026-07-20,DAY-MIL-06,2.01,55.0,11.9,2
14096,2026-07-20,DAY-MIL-07,3.02,63.1,13.2,2
14097,2026-07-20,DAY-MIL-08,1.65,47.9,11.3,1
14098,2026-07-20,DAY-PRS-01,3.22,65.7,14.2,0
14099,2026-07-20,DAY-PRS-02,2.9,64.0,12.3,0
14100,2026-07-20,DAY-PRS-03,2.87,55.4,13.4,0
14101,2026-07-20,DAY-PRS-04,2.23,61.1,10.7,0
14102,2026-07-20,DAY-RBT-01,1.07,44.0,11.2,0
14103,2026-07-20,DAY-RBT-02,1.45,47.4,9.7,0
14104,2026-07-20,DAY-RBT-03,0.87,46.2,11.6,0
14105,2026-07-20,MTY-GRD-01,1.32,47.1,9.1,0
14106,2026-07-20,MTY-GRD-02,1.31,49.8,11.5,0
14107,2026-07-20,MTY-LTH-01,2.37,58.0,16.0,2
14108,2026-07-20,MTY-LTH-02,1.95,51.2,12.8,0
14109,2026-07-20,MTY-LTH-03,1.7,51.9,9.3,0
14110,2026-07-20,MTY-LTH-04,2.41,53.9,9.3,0
14111,2026-07-20,MTY-LTH-05,5.09,60.8,10.3,1
14112,2026-07-20,MTY-MIL-01,1.36,51.4,10.4,0
14113,2026-07-20,MTY-MIL-02,1.82,50.0,10.9,0
14114,2026-07-20,MTY-MIL-03,2.14,56.8,13.5,3
14115,2026-07-20,MTY-MIL-04,1.71,50.5,10.7,1
14116,2026-07-20,MTY-MIL-05,1.47,50.5,11.1,0
14117,2026-07-20,MTY-MIL-06,1.95,49.1,13.6,0
14118,2026-07-20,MTY-PRS-01,5.95,68.2,11.4,0
14119,2026-07-20,MTY-PRS-02,2.9,62.3,11.5,0
14120,2026-07-20,MTY-PRS-03,2.82,61.9,10.9,0
14121,2026-07-20,MTY-RBT-01,1.15,45.6,11.7,0
14122,2026-07-20,MTY-RBT-02,1.12,39.6,14.3,1
14123,2026-07-20,MTY-RBT-03,1.41,47.0,12.0,0
14124,2026-07-21,BRN-GRD-01,1.35,48.8,14.9,0
14125,2026-07-21,BRN-LTH-01,1.82,46.0,9.1,1
14126,2026-07-21,BRN-LTH-02,1.57,50.7,11.0,0
14127,2026-07-21,BRN-LTH-03,2.25,53.9,9.3,0
14128,2026-07-21,BRN-LTH-04,2.08,51.7,13.6,0
14129,2026-07-21,BRN-MIL-01,1.81,49.2,13.7,0
14130,2026-07-21,BRN-MIL-02,1.73,58.7,8.8,1
14131,2026-07-21,BRN-MIL-03,1.94,49.7,13.4,0
14132,2026-07-21,BRN-MIL-04,1.84,48.1,13.5,0
14133,2026-07-21,BRN-MIL-05,1.58,46.3,12.9,0
14134,2026-07-21,BRN-MIL-06,1.61,48.3,13.2,0
14135,2026-07-21,BRN-PRS-01,2.71,60.4,11.6,0
14136,2026-07-21,BRN-PRS-02,3.21,55.3,11.5,0
14137,2026-07-21,BRN-PRS-03,3.24,58.4,12.5,0
14138,2026-07-21,BRN-RBT-01,1.09,44.6,10.2,0
14139,2026-07-21,BRN-RBT-02,1.41,46.0,10.5,0
14140,2026-07-21,DAY-GRD-01,2.11,52.1,13.2,0
14141,2026-07-21,DAY-LTH-01,1.99,44.5,9.0,0
14142,2026-07-21,DAY-LTH-02,1.57,53.9,13.3,0
14143,2026-07-21,DAY-LTH-03,2.35,53.9,13.5,1
14144,2026-07-21,DAY-LTH-04,1.94,57.8,10.4,1
14145,2026-07-21,DAY-LTH-05,1.83,52.6,11.5,1
14146,2026-07-21,DAY-MIL-01,1.39,47.6,9.8,0
14147,2026-07-21,DAY-MIL-02,1.7,52.7,13.3,0
14148,2026-07-21,DAY-MIL-03,1.46,46.8,8.6,0
14149,2026-07-21,DAY-MIL-04,1.63,49.6,13.3,0
14150,2026-07-21,DAY-MIL-05,1.76,54.0,12.3,1
14151,2026-07-21,DAY-MIL-06,2.04,57.4,14.8,3
14152,2026-07-21,DAY-MIL-07,2.78,63.7,14.4,3
14153,2026-07-21,DAY-MIL-08,1.87,47.4,15.2,0
14154,2026-07-21,DAY-PRS-01,2.54,65.4,10.8,0
14155,2026-07-21,DAY-PRS-02,2.83,60.2,7.4,1
14156,2026-07-21,DAY-PRS-03,2.62,56.0,11.1,0
14157,2026-07-21,DAY-PRS-04,2.56,59.5,11.7,0
14158,2026-07-21,DAY-RBT-01,1.02,44.8,10.9,0
14159,2026-07-21,DAY-RBT-02,1.43,51.9,14.0,1
14160,2026-07-21,DAY-RBT-03,1.02,48.1,13.2,0
14161,2026-07-21,MTY-GRD-01,1.38,48.8,11.3,0
14162,2026-07-21,MTY-GRD-02,1.4,50.2,14.0,0
14163,2026-07-21,MTY-LTH-01,2.15,55.0,13.9,0
14164,2026-07-21,MTY-LTH-02,1.86,49.9,11.6,0
14165,2026-07-21,MTY-LTH-03,2.1,54.1,13.5,0
14166,2026-07-21,MTY-LTH-04,2.35,53.9,10.1,2
14167,2026-07-21,MTY-LTH-05,5.19,64.5,10.3,5
14168,2026-07-21,MTY-MIL-01,1.22,53.2,11.8,0
14169,2026-07-21,MTY-MIL-02,1.93,50.2,11.2,0
14170,2026-07-21,MTY-MIL-03,1.93,52.4,10.8,0
14171,2026-07-21,MTY-MIL-04,1.59,50.1,10.5,0
14172,2026-07-21,MTY-MIL-05,1.53,50.8,10.9,0
14173,2026-07-21,MTY-MIL-06,2.04,48.7,10.5,0
14174,2026-07-21,MTY-PRS-01,6.25,70.8,13.0,0
14175,2026-07-21,MTY-PRS-02,2.91,64.1,12.9,0
14176,2026-07-21,MTY-PRS-03,2.77,57.1,8.8,0
14177,2026-07-21,MTY-RBT-01,1.18,45.4,10.0,0
14178,2026-07-21,MTY-RBT-02,1.18,42.2,13.4,0
14179,2026-07-21,MTY-RBT-03,1.3,46.4,13.9,0
14180,2026-07-22,BRN-GRD-01,1.34,50.1,14.2,1
14181,2026-07-22,BRN-LTH-01,1.78,47.7,8.5,0
14182,2026-07-22,BRN-LTH-02,1.66,51.6,12.0,0
14183,2026-07-22,BRN-LTH-03,2.07,52.5,9.5,0
14184,2026-07-22,BRN-LTH-04,2.05,51.2,12.2,0
14185,2026-07-22,BRN-MIL-01,1.92,49.9,16.0,0
14186,2026-07-22,BRN-MIL-02,1.24,49.6,3.3,3
14187,2026-07-22,BRN-MIL-03,1.63,50.9,11.5,0
14188,2026-07-22,BRN-MIL-04,1.92,45.5,10.3,0
14189,2026-07-22,BRN-MIL-05,1.6,45.7,11.6,0
14190,2026-07-22,BRN-MIL-06,1.55,47.9,11.8,0
14191,2026-07-22,BRN-PRS-01,3.03,64.0,13.6,0
14192,2026-07-22,BRN-PRS-02,3.25,53.7,11.0,0
14193,2026-07-22,BRN-PRS-03,3.09,58.2,12.2,0
14194,2026-07-22,BRN-RBT-01,1.3,43.1,13.5,0
14195,2026-07-22,BRN-RBT-02,1.38,45.1,6.4,0
14196,2026-07-22,DAY-GRD-01,2.11,52.6,12.3,1
14197,2026-07-22,DAY-LTH-01,2.08,46.9,13.6,0
14198,2026-07-22,DAY-LTH-02,1.84,54.6,12.7,0
14199,2026-07-22,DAY-LTH-03,1.97,50.2,9.2,0
14200,2026-07-22,DAY-LTH-04,1.88,56.1,9.2,0
14201,2026-07-22,DAY-LTH-05,1.81,55.0,14.2,1
14202,2026-07-22,DAY-MIL-01,1.59,46.0,10.6,0
14203,2026-07-22,DAY-MIL-02,1.4,48.9,10.7,0
14204,2026-07-22,DAY-MIL-03,1.62,52.7,13.0,0
14205,2026-07-22,DAY-MIL-04,1.48,48.2,8.8,0
14206,2026-07-22,DAY-MIL-05,1.93,54.6,15.5,0
14207,2026-07-22,DAY-MIL-06,2.26,60.1,15.9,0
14208,2026-07-22,DAY-MIL-07,1.74,45.0,6.1,3
14209,2026-07-22,DAY-MIL-08,1.69,44.2,9.5,0
14210,2026-07-22,DAY-PRS-01,2.85,65.4,13.1,0
14211,2026-07-22,DAY-PRS-02,2.59,60.7,10.6,0
14212,2026-07-22,DAY-PRS-03,2.75,53.8,10.5,0
14213,2026-07-22,DAY-PRS-04,2.23,61.6,6.4,1
14214,2026-07-22,DAY-RBT-01,1.23,41.3,9.8,0
14215,2026-07-22,DAY-RBT-02,1.37,49.4,11.8,0
14216,2026-07-22,DAY-RBT-03,0.93,46.8,15.2,0
14217,2026-07-22,MTY-GRD-01,1.44,47.5,12.8,0
14218,2026-07-22,MTY-GRD-02,1.23,51.0,10.6,0
14219,2026-07-22,MTY-LTH-01,2.21,57.0,13.8,0
14220,2026-07-22,MTY-LTH-02,2.05,49.5,12.6,0
14221,2026-07-22,MTY-LTH-03,1.96,53.7,13.8,0
14222,2026-07-22,MTY-LTH-04,2.29,55.2,11.6,0
14223,2026-07-22,MTY-LTH-05,1.75,53.5,6.1,4
14224,2026-07-22,MTY-MIL-01,1.45,54.5,14.0,0
14225,2026-07-22,MTY-MIL-02,1.9,50.6,10.7,0
14226,2026-07-22,MTY-MIL-03,1.91,54.4,10.9,3
14227,2026-07-22,MTY-MIL-04,1.87,50.1,12.4,0
14228,2026-07-22,MTY-MIL-05,1.47,51.2,10.2,0
14229,2026-07-22,MTY-MIL-06,1.77,45.7,9.3,0
14230,2026-07-22,MTY-PRS-01,6.6,70.5,12.6,1
14231,2026-07-22,MTY-PRS-02,2.84,61.7,8.9,0
14232,2026-07-22,MTY-PRS-03,2.68,59.7,10.4,0
14233,2026-07-22,MTY-RBT-01,1.24,49.8,15.3,0
14234,2026-07-22,MTY-RBT-02,1.01,37.5,8.0,0
14235,2026-07-22,MTY-RBT-03,1.23,48.2,14.3,2
14236,2026-07-23,BRN-GRD-01,1.22,46.6,12.0,0
14237,2026-07-23,BRN-LTH-01,1.93,52.1,14.9,0
14238,2026-07-23,BRN-LTH-02,1.71,51.4,11.6,0
14239,2026-07-23,BRN-LTH-03,2.32,53.8,12.8,0
14240,2026-07-23,BRN-LTH-04,2.12,49.3,10.8,0
14241,2026-07-23,BRN-MIL-01,1.87,48.6,11.9,0
14242,2026-07-23,BRN-MIL-02,1.26,46.4,7.4,0
14243,2026-07-23,BRN-MIL-03,1.51,46.8,8.6,0
14244,2026-07-23,BRN-MIL-04,1.79,46.8,9.8,0
14245,2026-07-23,BRN-MIL-05,1.48,43.9,8.5,0
14246,2026-07-23,BRN-MIL-06,1.57,48.7,12.4,2
14247,2026-07-23,BRN-PRS-01,2.87,61.6,7.8,0
14248,2026-07-23,BRN-PRS-02,3.43,55.6,12.5,0
14249,2026-07-23,BRN-PRS-03,3.29,59.2,12.7,0
14250,2026-07-23,BRN-RBT-01,1.04,45.4,11.5,0
14251,2026-07-23,BRN-RBT-02,1.65,47.9,11.6,0
14252,2026-07-23,DAY-GRD-01,1.85,50.1,8.1,0
14253,2026-07-23,DAY-LTH-01,2.08,45.1,10.8,0
14254,2026-07-23,DAY-LTH-02,1.65,50.4,10.4,0
14255,2026-07-23,DAY-LTH-03,2.29,54.4,14.0,0
14256,2026-07-23,DAY-LTH-04,1.81,56.5,9.1,0
14257,2026-07-23,DAY-LTH-05,1.79,52.0,11.1,0
14258,2026-07-23,DAY-MIL-01,1.73,51.5,15.5,0
14259,2026-07-23,DAY-MIL-02,1.57,49.1,9.4,0
14260,2026-07-23,DAY-MIL-03,1.57,48.8,10.3,0
14261,2026-07-23,DAY-MIL-04,1.63,48.9,10.8,0
14262,2026-07-23,DAY-MIL-05,1.64,53.0,9.0,0
14263,2026-07-23,DAY-MIL-06,2.06,54.8,11.3,3
14264,2026-07-23,DAY-MIL-07,1.82,46.6,12.1,0
14265,2026-07-23,DAY-MIL-08,1.62,44.4,10.6,0
14266,2026-07-23,DAY-PRS-01,2.75,63.8,10.2,1
14267,2026-07-23,DAY-PRS-02,2.94,62.2,11.6,0
14268,2026-07-23,DAY-PRS-03,3.0,53.5,12.2,0
14269,2026-07-23,DAY-PRS-04,2.14,61.2,10.9,0
14270,2026-07-23,DAY-RBT-01,1.03,43.9,9.9,0
14271,2026-07-23,DAY-RBT-02,1.47,51.8,16.0,1
14272,2026-07-23,DAY-RBT-03,1.03,47.2,13.6,0
14273,2026-07-23,MTY-GRD-01,1.33,51.0,14.3,0
14274,2026-07-23,MTY-GRD-02,1.38,51.6,13.4,0
14275,2026-07-23,MTY-LTH-01,2.02,55.2,13.3,0
14276,2026-07-23,MTY-LTH-02,1.85,47.5,11.2,1
14277,2026-07-23,MTY-LTH-03,1.65,53.5,10.8,0
14278,2026-07-23,MTY-LTH-04,2.5,54.4,10.8,0
14279,2026-07-23,MTY-MIL-01,1.29,52.7,12.2,0
14280,2026-07-23,MTY-MIL-02,1.84,52.2,11.3,1
14281,2026-07-23,MTY-MIL-03,2.22,54.9,10.5,1
14282,2026-07-23,MTY-MIL-04,1.59,50.4,9.5,0
14283,2026-07-23,MTY-MIL-05,1.37,51.9,8.8,0
14284,2026-07-23,MTY-MIL-06,2.0,46.2,9.7,0
14285,2026-07-23,MTY-PRS-01,7.18,71.3,11.5,3
14286,2026-07-23,MTY-PRS-02,2.69,62.8,10.6,1
14287,2026-07-23,MTY-PRS-03,2.92,61.1,15.8,1
14288,2026-07-23,MTY-RBT-01,1.15,46.8,13.5,0
14289,2026-07-23,MTY-RBT-02,1.23,40.9,14.2,0
14290,2026-07-23,MTY-RBT-03,1.27,45.4,11.0,0
14291,2026-07-24,BRN-GRD-01,1.3,49.5,11.8,0
14292,2026-07-24,BRN-LTH-01,2.01,50.5,12.0,1
14293,2026-07-24,BRN-LTH-02,1.43,50.0,9.4,0
14294,2026-07-24,BRN-LTH-03,2.26,56.4,15.2,0
14295,2026-07-24,BRN-LTH-04,2.06,49.2,10.5,0
14296,2026-07-24,BRN-MIL-01,1.72,48.2,10.5,1
14297,2026-07-24,BRN-MIL-02,1.49,47.8,14.2,0
14298,2026-07-24,BRN-MIL-03,1.72,51.4,14.8,0
14299,2026-07-24,BRN-MIL-04,1.95,48.3,13.0,0
14300,2026-07-24,BRN-MIL-05,1.79,45.3,12.7,0
14301,2026-07-24,BRN-MIL-06,1.65,50.0,13.3,0
14302,2026-07-24,BRN-PRS-01,2.9,60.9,13.2,0
14303,2026-07-24,BRN-PRS-02,2.92,53.9,9.0,0
14304,2026-07-24,BRN-PRS-03,3.38,59.4,15.0,0
14305,2026-07-24,BRN-RBT-01,1.15,46.3,13.4,0
14306,2026-07-24,BRN-RBT-02,1.7,45.6,11.5,0
14307,2026-07-24,DAY-GRD-01,1.9,46.1,2.4,0
14308,2026-07-24,DAY-LTH-01,1.95,45.6,10.3,1
14309,2026-07-24,DAY-LTH-02,1.73,54.1,13.0,1
14310,2026-07-24,DAY-LTH-03,1.85,53.1,11.5,0
14311,2026-07-24,DAY-LTH-04,1.86,56.1,11.5,0
14312,2026-07-24,DAY-LTH-05,2.02,53.6,10.3,0
14313,2026-07-24,DAY-MIL-01,1.43,46.1,8.2,0
14314,2026-07-24,DAY-MIL-02,1.55,52.6,12.9,0
14315,2026-07-24,DAY-MIL-03,1.65,51.7,14.7,0
14316,2026-07-24,DAY-MIL-04,1.58,48.7,9.4,0
14317,2026-07-24,DAY-MIL-05,1.83,55.1,12.3,0
14318,2026-07-24,DAY-MIL-06,2.33,55.2,12.4,5
14319,2026-07-24,DAY-MIL-07,1.51,44.8,8.5,1
14320,2026-07-24,DAY-MIL-08,1.83,44.3,10.9,0
14321,2026-07-24,DAY-PRS-01,2.61,65.8,12.7,0
14322,2026-07-24,DAY-PRS-02,2.94,61.2,12.7,0
14323,2026-07-24,DAY-PRS-03,2.51,57.3,11.8,0
14324,2026-07-24,DAY-PRS-04,2.08,60.2,11.5,1
14325,2026-07-24,DAY-RBT-01,1.13,44.5,12.7,1
14326,2026-07-24,DAY-RBT-02,1.46,48.8,9.8,0
14327,2026-07-24,DAY-RBT-03,1.05,45.0,9.5,0
14328,2026-07-24,MTY-GRD-01,1.26,47.1,4.9,1
14329,2026-07-24,MTY-GRD-02,1.34,50.9,13.2,0
14330,2026-07-24,MTY-LTH-01,2.06,53.0,8.6,1
14331,2026-07-24,MTY-LTH-02,1.95,48.6,10.2,0
14332,2026-07-24,MTY-LTH-03,1.75,55.5,14.0,0
14333,2026-07-24,MTY-LTH-04,2.68,54.1,9.7,1
14334,2026-07-24,MTY-MIL-01,1.22,53.0,10.7,0
14335,2026-07-24,MTY-MIL-02,1.84,51.0,9.1,0
14336,2026-07-24,MTY-MIL-03,2.25,56.2,11.7,3
14337,2026-07-24,MTY-MIL-04,1.85,51.8,13.9,0
14338,2026-07-24,MTY-MIL-05,1.64,50.5,13.1,0
14339,2026-07-24,MTY-MIL-06,2.06,48.0,12.6,0
14340,2026-07-24,MTY-PRS-01,7.27,70.4,12.4,2
14341,2026-07-24,MTY-PRS-02,2.91,63.2,15.1,0
14342,2026-07-24,MTY-PRS-03,2.6,60.5,9.8,1
14343,2026-07-24,MTY-RBT-01,1.0,43.1,9.5,0
14344,2026-07-24,MTY-RBT-02,1.04,39.5,10.9,0
14345,2026-07-24,MTY-RBT-03,1.17,44.3,9.2,0
14346,2026-07-27,BRN-GRD-01,1.28,47.7,10.9,1
14347,2026-07-27,BRN-LTH-01,2.74,51.3,5.2,0
14348,2026-07-27,BRN-LTH-02,1.64,52.4,12.1,0
14349,2026-07-27,BRN-LTH-03,2.3,56.0,13.8,0
14350,2026-07-27,BRN-LTH-04,2.1,49.3,10.4,0
14351,2026-07-27,BRN-MIL-01,1.76,48.3,8.4,0
14352,2026-07-27,BRN-MIL-02,1.31,48.4,10.6,0
14353,2026-07-27,BRN-MIL-03,1.98,48.8,13.5,0
14354,2026-07-27,BRN-MIL-04,1.78,46.1,9.8,0
14355,2026-07-27,BRN-MIL-05,1.56,43.6,11.2,0
14356,2026-07-27,BRN-MIL-06,1.51,49.1,10.8,0
14357,2026-07-27,BRN-PRS-01,2.59,61.5,13.5,0
14358,2026-07-27,BRN-PRS-02,3.4,53.0,12.0,0
14359,2026-07-27,BRN-PRS-03,3.04,56.1,10.2,0
14360,2026-07-27,BRN-RBT-01,1.04,45.8,9.5,0
14361,2026-07-27,BRN-RBT-02,1.68,47.3,11.9,0
14362,2026-07-27,DAY-GRD-01,2.04,47.5,8.6,0
14363,2026-07-27,DAY-LTH-01,2.08,45.3,10.3,0
14364,2026-07-27,DAY-LTH-02,1.75,54.8,13.6,0
14365,2026-07-27,DAY-LTH-03,2.22,53.3,10.8,1
14366,2026-07-27,DAY-LTH-04,1.8,57.2,11.0,0
14367,2026-07-27,DAY-LTH-05,1.91,54.9,12.0,0
14368,2026-07-27,DAY-MIL-01,1.57,50.8,12.9,0
14369,2026-07-27,DAY-MIL-02,1.44,49.8,7.8,1
14370,2026-07-27,DAY-MIL-03,1.46,50.5,13.0,0
14371,2026-07-27,DAY-MIL-04,1.7,51.0,13.1,0
14372,2026-07-27,DAY-MIL-05,1.88,54.3,12.8,0
14373,2026-07-27,DAY-MIL-06,2.16,54.9,10.8,5
14374,2026-07-27,DAY-MIL-07,1.92,47.0,13.8,0
14375,2026-07-27,DAY-MIL-08,1.86,49.1,15.3,0
14376,2026-07-27,DAY-PRS-01,3.01,63.8,12.6,0
14377,2026-07-27,DAY-PRS-02,2.85,63.8,15.0,0
14378,2026-07-27,DAY-PRS-03,2.88,52.8,14.1,0
14379,2026-07-27,DAY-PRS-04,2.24,60.8,14.6,0
14380,2026-07-27,DAY-RBT-01,1.03,43.8,5.9,0
14381,2026-07-27,DAY-RBT-02,1.51,49.7,13.1,0
14382,2026-07-27,DAY-RBT-03,0.99,45.1,11.3,0
14383,2026-07-27,MTY-GRD-01,1.4,49.3,11.2,0
14384,2026-07-27,MTY-GRD-02,1.29,51.6,12.9,0
14385,2026-07-27,MTY-LTH-01,2.06,54.5,11.3,0
14386,2026-07-27,MTY-LTH-02,2.48,50.2,13.6,2
14387,2026-07-27,MTY-LTH-03,1.81,52.4,10.5,0
14388,2026-07-27,MTY-LTH-04,2.28,53.3,12.2,0
14389,2026-07-27,MTY-LTH-05,2.09,56.0,13.6,0
14390,2026-07-27,MTY-MIL-01,1.37,53.6,10.8,0
14391,2026-07-27,MTY-MIL-02,1.98,51.6,12.6,2
14392,2026-07-27,MTY-MIL-03,1.73,51.4,10.8,2
14393,2026-07-27,MTY-MIL-04,1.71,51.3,12.8,0
14394,2026-07-27,MTY-MIL-05,1.63,50.3,10.9,0
14395,2026-07-27,MTY-MIL-06,1.85,46.4,7.9,1
14396,2026-07-27,MTY-PRS-01,8.07,71.5,10.4,1
14397,2026-07-27,MTY-PRS-02,2.62,59.7,8.2,0
14398,2026-07-27,MTY-PRS-03,2.54,61.9,11.6,0
14399,2026-07-27,MTY-RBT-01,1.14,47.1,11.9,0
14400,2026-07-27,MTY-RBT-02,1.22,40.3,14.2,1
14401,2026-07-27,MTY-RBT-03,1.17,46.3,10.4,0
14402,2026-07-28,BRN-GRD-01,1.22,45.5,7.9,0
14403,2026-07-28,BRN-LTH-01,2.72,47.6,6.4,1
14404,2026-07-28,BRN-LTH-02,1.67,53.9,12.8,1
14405,2026-07-28,BRN-LTH-03,2.01,51.8,8.5,0
14406,2026-07-28,BRN-LTH-04,2.22,49.5,10.4,0
14407,2026-07-28,BRN-MIL-01,1.6,46.3,8.5,0
14408,2026-07-28,BRN-MIL-02,1.28,47.7,9.2,0
14409,2026-07-28,BRN-MIL-03,1.73,49.3,13.6,0
14410,2026-07-28,BRN-MIL-04,1.79,45.8,11.8,0
14411,2026-07-28,BRN-MIL-05,1.67,45.6,12.7,1
14412,2026-07-28,BRN-MIL-06,1.4,50.9,12.2,0
14413,2026-07-28,BRN-PRS-01,2.84,60.2,10.9,0
14414,2026-07-28,BRN-PRS-02,3.42,53.1,13.4,0
14415,2026-07-28,BRN-PRS-03,2.82,55.1,6.0,0
14416,2026-07-28,BRN-RBT-01,1.14,43.8,11.6,1
14417,2026-07-28,BRN-RBT-02,1.45,49.6,10.8,0
14418,2026-07-28,DAY-GRD-01,2.11,48.9,11.0,0
14419,2026-07-28,DAY-LTH-01,2.23,48.1,14.4,1
14420,2026-07-28,DAY-LTH-02,2.0,54.9,15.0,1
14421,2026-07-28,DAY-LTH-03,2.36,54.5,8.8,1
14422,2026-07-28,DAY-LTH-04,1.9,53.4,9.0,1
14423,2026-07-28,DAY-LTH-05,1.83,53.4,10.5,0
14424,2026-07-28,DAY-MIL-01,1.78,48.3,10.9,0
14425,2026-07-28,DAY-MIL-02,1.78,54.2,14.6,0
14426,2026-07-28,DAY-MIL-03,1.44,47.9,7.8,0
14427,2026-07-28,DAY-MIL-04,1.71,50.3,12.4,0
14428,2026-07-28,DAY-MIL-05,1.8,52.7,10.5,0
14429,2026-07-28,DAY-MIL-06,2.3,56.0,11.0,4
14430,2026-07-28,DAY-MIL-07,1.69,48.0,13.7,0
14431,2026-07-28,DAY-MIL-08,1.78,44.5,10.1,0
14432,2026-07-28,DAY-PRS-01,2.93,63.0,12.3,0
14433,2026-07-28,DAY-PRS-02,2.57,61.3,12.0,1
14434,2026-07-28,DAY-PRS-03,2.7,52.7,10.2,0
14435,2026-07-28,DAY-PRS-04,2.44,60.6,9.9,0
14436,2026-07-28,DAY-RBT-01,1.03,43.4,11.3,0
14437,2026-07-28,DAY-RBT-02,1.39,48.2,9.9,0
14438,2026-07-28,DAY-RBT-03,0.95,46.6,11.2,0
14439,2026-07-28,MTY-GRD-01,1.24,46.0,12.6,0
14440,2026-07-28,MTY-GRD-02,1.45,51.9,12.1,0
14441,2026-07-28,MTY-LTH-01,2.3,54.1,12.3,1
14442,2026-07-28,MTY-LTH-02,2.42,52.8,14.1,0
14443,2026-07-28,MTY-LTH-03,1.78,54.1,11.5,0
14444,2026-07-28,MTY-LTH-04,2.62,56.6,14.2,0
14445,2026-07-28,MTY-LTH-05,2.11,54.2,10.9,0
14446,2026-07-28,MTY-MIL-01,1.42,54.0,14.0,0
14447,2026-07-28,MTY-MIL-02,2.16,51.7,10.8,0
14448,2026-07-28,MTY-MIL-03,1.92,53.6,12.6,0
14449,2026-07-28,MTY-MIL-04,1.82,51.3,9.6,0
14450,2026-07-28,MTY-MIL-05,1.6,52.6,11.2,0
14451,2026-07-28,MTY-MIL-06,1.97,48.3,12.0,1
14452,2026-07-28,MTY-PRS-01,8.03,74.3,12.9,3
14453,2026-07-28,MTY-PRS-02,3.08,63.7,13.4,0
14454,2026-07-28,MTY-PRS-03,2.94,59.1,7.9,0
14455,2026-07-28,MTY-RBT-01,1.18,46.1,12.4,0
14456,2026-07-28,MTY-RBT-02,1.25,39.6,12.0,0
14457,2026-07-28,MTY-RBT-03,1.25,48.0,16.0,0
14458,2026-07-29,BRN-GRD-01,1.31,47.9,12.2,0
14459,2026-07-29,BRN-LTH-01,2.68,52.4,14.1,0
14460,2026-07-29,BRN-LTH-02,1.57,50.0,9.9,2
14461,2026-07-29,BRN-LTH-03,2.06,54.6,11.7,0
14462,2026-07-29,BRN-LTH-04,2.19,51.4,12.6,0
14463,2026-07-29,BRN-MIL-01,1.93,50.2,13.0,0
14464,2026-07-29,BRN-MIL-02,1.31,50.5,11.9,1
14465,2026-07-29,BRN-MIL-03,1.79,49.0,11.7,1
14466,2026-07-29,BRN-MIL-04,1.74,46.1,8.7,0
14467,2026-07-29,BRN-MIL-05,1.58,44.5,10.2,0
14468,2026-07-29,BRN-MIL-06,1.43,47.9,8.9,1
14469,2026-07-29,BRN-PRS-01,2.98,62.1,11.8,0
14470,2026-07-29,BRN-PRS-02,3.19,54.8,7.5,0
14471,2026-07-29,BRN-PRS-03,3.14,58.5,13.1,0
14472,2026-07-29,BRN-RBT-01,1.21,46.7,12.7,0
14473,2026-07-29,BRN-RBT-02,1.56,46.6,10.4,0
14474,2026-07-29,DAY-GRD-01,2.0,49.1,13.1,0
14475,2026-07-29,DAY-LTH-01,2.03,47.3,12.3,0
14476,2026-07-29,DAY-LTH-02,1.7,52.4,10.8,0
14477,2026-07-29,DAY-LTH-03,2.23,57.0,12.1,2
14478,2026-07-29,DAY-LTH-04,2.08,56.2,11.5,0
14479,2026-07-29,DAY-LTH-05,1.84,52.3,9.8,0
14480,2026-07-29,DAY-MIL-01,1.48,46.9,8.9,0
14481,2026-07-29,DAY-MIL-02,1.58,50.4,8.2,0
14482,2026-07-29,DAY-MIL-03,1.45,49.6,9.9,0
14483,2026-07-29,DAY-MIL-04,1.52,50.8,11.9,0
14484,2026-07-29,DAY-MIL-05,1.83,53.4,13.5,0
14485,2026-07-29,DAY-MIL-06,1.73,52.8,3.2,3
14486,2026-07-29,DAY-MIL-07,1.9,46.8,9.6,0
14487,2026-07-29,DAY-MIL-08,1.64,47.7,14.0,0
14488,2026-07-29,DAY-PRS-01,2.67,60.6,6.3,0
14489,2026-07-29,DAY-PRS-02,2.66,62.5,13.2,0
14490,2026-07-29,DAY-PRS-03,2.94,58.0,14.1,1
14491,2026-07-29,DAY-PRS-04,2.5,59.6,10.3,1
14492,2026-07-29,DAY-RBT-01,0.98,42.2,12.6,0
14493,2026-07-29,DAY-RBT-02,1.46,50.4,12.9,0
14494,2026-07-29,DAY-RBT-03,1.04,48.2,13.5,0
14495,2026-07-29,MTY-GRD-01,1.2,46.7,10.0,0
14496,2026-07-29,MTY-GRD-02,1.3,54.6,14.1,0
14497,2026-07-29,MTY-LTH-01,2.08,53.4,10.3,0
14498,2026-07-29,MTY-LTH-02,2.66,53.0,12.5,1
14499,2026-07-29,MTY-LTH-03,1.84,52.9,11.8,0
14500,2026-07-29,MTY-LTH-04,2.6,54.2,9.8,0
14501,2026-07-29,MTY-LTH-05,2.05,54.2,11.3,0
14502,2026-07-29,MTY-MIL-01,1.34,51.5,11.4,0
14503,2026-07-29,MTY-MIL-02,2.06,53.0,10.9,2
14504,2026-07-29,MTY-MIL-03,1.82,52.4,11.2,1
14505,2026-07-29,MTY-MIL-04,1.88,51.9,14.0,0
14506,2026-07-29,MTY-MIL-05,1.56,52.8,12.7,0
14507,2026-07-29,MTY-MIL-06,2.12,49.3,12.2,0
14508,2026-07-29,MTY-PRS-01,3.18,61.9,2.7,3
14509,2026-07-29,MTY-PRS-02,3.02,63.2,12.3,1
14510,2026-07-29,MTY-PRS-03,3.15,58.5,10.2,0
14511,2026-07-29,MTY-RBT-01,1.14,45.9,11.9,0
14512,2026-07-29,MTY-RBT-02,1.2,39.2,12.8,0
14513,2026-07-29,MTY-RBT-03,1.25,49.0,13.5,0
14514,2026-07-30,BRN-GRD-01,1.25,46.1,9.9,0
14515,2026-07-30,BRN-LTH-01,2.31,51.7,11.1,0
14516,2026-07-30,BRN-LTH-02,1.62,51.4,9.9,1
14517,2026-07-30,BRN-LTH-03,2.11,50.5,10.6,0
14518,2026-07-30,BRN-LTH-04,1.94,48.3,9.5,0
14519,2026-07-30,BRN-MIL-01,1.79,50.0,14.1,1
14520,2026-07-30,BRN-MIL-02,1.39,48.4,10.0,1
14521,2026-07-30,BRN-MIL-03,1.79,45.5,9.0,0
14522,2026-07-30,BRN-MIL-04,2.07,50.9,14.4,1
14523,2026-07-30,BRN-MIL-05,1.67,46.5,12.8,0
14524,2026-07-30,BRN-MIL-06,1.46,48.2,14.5,0
14525,2026-07-30,BRN-PRS-01,2.78,60.6,10.6,0
14526,2026-07-30,BRN-PRS-02,3.29,54.6,12.9,0
14527,2026-07-30,BRN-PRS-03,2.96,55.7,10.0,0
14528,2026-07-30,BRN-RBT-01,1.17,45.9,13.8,1
14529,2026-07-30,BRN-RBT-02,1.63,47.1,11.8,0
14530,2026-07-30,DAY-GRD-01,2.07,49.9,13.7,1
14531,2026-07-30,DAY-LTH-01,2.21,45.4,11.4,0
14532,2026-07-30,DAY-LTH-02,1.74,53.8,13.0,0
14533,2026-07-30,DAY-LTH-03,2.44,58.7,13.5,1
14534,2026-07-30,DAY-LTH-04,2.48,57.3,14.3,0
14535,2026-07-30,DAY-LTH-05,1.87,54.7,9.9,0
14536,2026-07-30,DAY-MIL-01,1.75,51.2,14.8,0
14537,2026-07-30,DAY-MIL-02,1.61,53.7,14.2,0
14538,2026-07-30,DAY-MIL-03,1.41,49.2,9.8,1
14539,2026-07-30,DAY-MIL-04,1.62,49.3,12.3,0
14540,2026-07-30,DAY-MIL-05,1.9,51.2,11.5,0
14541,2026-07-30,DAY-MIL-06,1.69,55.9,12.5,1
14542,2026-07-30,DAY-MIL-07,1.73,45.3,11.9,1
14543,2026-07-30,DAY-MIL-08,1.59,45.7,11.2,0
14544,2026-07-30,DAY-PRS-01,2.58,62.8,11.2,0
14545,2026-07-30,DAY-PRS-02,2.81,62.0,13.9,1
14546,2026-07-30,DAY-PRS-03,2.89,56.0,11.6,0
14547,2026-07-30,DAY-PRS-04,2.08,59.9,12.8,1
14548,2026-07-30,DAY-RBT-01,1.0,43.3,11.0,0
14549,2026-07-30,DAY-RBT-02,1.43,49.6,11.2,0
14550,2026-07-30,DAY-RBT-03,0.97,46.4,7.9,0
14551,2026-07-30,MTY-GRD-01,1.13,44.5,8.7,0
14552,2026-07-30,MTY-GRD-02,1.42,51.8,12.7,0
14553,2026-07-30,MTY-LTH-01,2.13,52.6,10.1,0
14554,2026-07-30,MTY-LTH-02,2.5,48.3,8.4,1
14555,2026-07-30,MTY-LTH-03,1.78,54.5,11.4,0
14556,2026-07-30,MTY-LTH-04,2.64,55.7,10.9,3
14557,2026-07-30,MTY-LTH-05,2.22,56.2,12.2,0
14558,2026-07-30,MTY-MIL-01,1.26,55.0,10.7,0
14559,2026-07-30,MTY-MIL-02,1.96,52.4,13.0,1
14560,2026-07-30,MTY-MIL-03,1.68,48.8,9.6,1
14561,2026-07-30,MTY-MIL-04,1.8,52.9,13.9,1
14562,2026-07-30,MTY-MIL-05,1.66,51.1,13.7,0
14563,2026-07-30,MTY-MIL-06,1.85,48.6,9.3,0
14564,2026-07-30,MTY-PRS-02,2.85,65.4,16.0,0
14565,2026-07-30,MTY-PRS-03,2.81,64.7,14.9,0
14566,2026-07-30,MTY-RBT-01,1.1,44.0,10.8,0
14567,2026-07-30,MTY-RBT-02,1.19,40.1,12.9,1
14568,2026-07-30,MTY-RBT-03,1.32,46.9,12.7,0
14569,2026-07-31,BRN-GRD-01,1.28,47.7,12.4,1
14570,2026-07-31,BRN-LTH-01,2.05,50.3,12.7,0
14571,2026-07-31,BRN-LTH-02,1.64,52.1,12.8,0
14572,2026-07-31,BRN-LTH-03,1.77,53.5,9.9,2
14573,2026-07-31,BRN-LTH-04,2.17,49.9,12.3,1
14574,2026-07-31,BRN-MIL-01,1.77,48.4,5.9,0
14575,2026-07-31,BRN-MIL-02,1.26,45.7,7.5,0
14576,2026-07-31,BRN-MIL-03,1.63,47.8,10.5,0
14577,2026-07-31,BRN-MIL-04,1.8,47.0,5.0,0
14578,2026-07-31,BRN-MIL-05,1.9,50.4,15.6,0
14579,2026-07-31,BRN-MIL-06,1.41,49.5,10.8,0
14580,2026-07-31,BRN-PRS-01,2.56,60.9,10.6,0
14581,2026-07-31,BRN-PRS-02,3.62,59.1,16.0,0
14582,2026-07-31,BRN-PRS-03,2.9,56.1,10.6,1
14583,2026-07-31,BRN-RBT-01,1.15,43.2,11.8,0
14584,2026-07-31,BRN-RBT-02,1.36,48.8,10.3,0
14585,2026-07-31,DAY-GRD-01,2.07,51.9,15.5,0
14586,2026-07-31,DAY-LTH-01,2.02,44.6,11.6,0
14587,2026-07-31,DAY-LTH-02,1.59,52.1,8.2,0
14588,2026-07-31,DAY-LTH-03,2.46,58.5,15.3,2
14589,2026-07-31,DAY-LTH-04,2.34,57.7,13.5,1
14590,2026-07-31,DAY-LTH-05,1.88,53.8,12.1,1
14591,2026-07-31,DAY-MIL-01,1.86,50.6,13.6,1
14592,2026-07-31,DAY-MIL-02,1.75,56.4,16.0,0
14593,2026-07-31,DAY-MIL-03,1.49,49.8,13.4,1
14594,2026-07-31,DAY-MIL-04,1.76,50.2,11.6,0
14595,2026-07-31,DAY-MIL-05,1.93,53.6,11.5,0
14596,2026-07-31,DAY-MIL-06,1.69,55.5,11.9,0
14597,2026-07-31,DAY-MIL-07,1.98,48.6,13.9,0
14598,2026-07-31,DAY-MIL-08,1.54,47.7,13.8,0
14599,2026-07-31,DAY-PRS-01,2.49,61.3,9.5,0
14600,2026-07-31,DAY-PRS-02,2.82,62.4,11.9,1
14601,2026-07-31,DAY-PRS-03,2.94,56.4,15.0,0
14602,2026-07-31,DAY-PRS-04,2.29,61.3,11.2,0
14603,2026-07-31,DAY-RBT-01,1.07,42.2,12.6,1
14604,2026-07-31,DAY-RBT-02,1.57,52.4,14.7,0
14605,2026-07-31,DAY-RBT-03,1.0,48.0,12.0,0
14606,2026-07-31,MTY-GRD-01,1.26,46.3,9.8,0
14607,2026-07-31,MTY-GRD-02,1.34,51.1,9.6,0
14608,2026-07-31,MTY-LTH-01,1.9,54.1,10.6,0
14609,2026-07-31,MTY-LTH-02,2.7,50.6,9.4,0
14610,2026-07-31,MTY-LTH-03,1.89,52.0,11.7,0
14611,2026-07-31,MTY-LTH-04,2.53,54.8,11.6,0
14612,2026-07-31,MTY-LTH-05,2.16,54.4,13.0,0
14613,2026-07-31,MTY-MIL-01,1.21,50.2,8.9,0
14614,2026-07-31,MTY-MIL-02,2.19,51.4,12.0,1
14615,2026-07-31,MTY-MIL-03,1.68,47.3,8.3,0
14616,2026-07-31,MTY-MIL-04,1.53,50.9,10.3,0
14617,2026-07-31,MTY-MIL-05,1.58,51.7,11.0,0
14618,2026-07-31,MTY-MIL-06,2.17,50.5,13.4,0
14619,2026-07-31,MTY-PRS-02,2.64,63.7,12.0,2
14620,2026-07-31,MTY-PRS-03,3.24,60.7,12.3,1
14621,2026-07-31,MTY-RBT-01,1.07,44.3,10.1,0
14622,2026-07-31,MTY-RBT-02,1.08,39.7,10.9,0
14623,2026-07-31,MTY-RBT-03,1.12,47.3,12.2,0
14624,2026-08-03,BRN-GRD-01,1.28,46.8,9.1,0
14625,2026-08-03,BRN-LTH-01,1.64,48.1,10.9,0
14626,2026-08-03,BRN-LTH-02,1.65,52.7,11.9,0
14627,2026-08-03,BRN-LTH-03,2.16,55.6,12.2,0
14628,2026-08-03,BRN-LTH-04,2.07,50.9,10.6,0
14629,2026-08-03,BRN-MIL-01,1.55,44.0,9.1,0
14630,2026-08-03,BRN-MIL-02,1.4,50.2,13.0,0
14631,2026-08-03,BRN-MIL-03,1.63,48.0,11.2,0
14632,2026-08-03,BRN-MIL-04,1.78,45.9,12.6,0
14633,2026-08-03,BRN-MIL-05,1.77,46.7,12.7,0
14634,2026-08-03,BRN-MIL-06,1.63,48.8,13.4,0
14635,2026-08-03,BRN-PRS-01,2.68,60.6,11.0,0
14636,2026-08-03,BRN-PRS-02,3.77,55.5,12.9,0
14637,2026-08-03,BRN-PRS-03,2.92,54.7,10.9,2
14638,2026-08-03,BRN-RBT-01,1.16,44.1,11.3,0
14639,2026-08-03,BRN-RBT-02,1.49,47.7,14.4,0
14640,2026-08-03,DAY-GRD-01,2.09,49.9,12.5,0
14641,2026-08-03,DAY-LTH-01,2.19,46.3,11.2,0
14642,2026-08-03,DAY-LTH-02,1.69,53.1,11.8,0
14643,2026-08-03,DAY-LTH-03,2.07,52.4,7.3,0
14644,2026-08-03,DAY-LTH-04,2.19,55.5,7.6,0
14645,2026-08-03,DAY-LTH-05,1.85,53.9,10.8,0
14646,2026-08-03,DAY-MIL-01,1.67,49.4,11.2,0
14647,2026-08-03,DAY-MIL-02,1.46,51.7,12.7,0
14648,2026-08-03,DAY-MIL-03,1.59,52.2,10.5,0
14649,2026-08-03,DAY-MIL-04,1.68,49.9,11.4,0
14650,2026-08-03,DAY-MIL-05,1.81,54.4,13.7,0
14651,2026-08-03,DAY-MIL-06,1.45,52.9,9.8,0
14652,2026-08-03,DAY-MIL-07,2.3,47.8,16.0,0
14653,2026-08-03,DAY-MIL-08,1.58,44.9,13.3,0
14654,2026-08-03,DAY-PRS-01,2.63,62.3,11.2,1
14655,2026-08-03,DAY-PRS-02,2.8,63.6,12.8,0
14656,2026-08-03,DAY-PRS-03,2.65,52.3,9.1,0
14657,2026-08-03,DAY-PRS-04,2.61,60.5,10.6,0
14658,2026-08-03,DAY-RBT-01,1.03,42.2,12.2,0
14659,2026-08-03,DAY-RBT-02,1.38,48.7,11.3,0
14660,2026-08-03,DAY-RBT-03,0.95,47.5,10.7,0
14661,2026-08-03,MTY-GRD-01,1.33,49.2,12.3,0
14662,2026-08-03,MTY-GRD-02,1.47,52.8,12.5,0
14663,2026-08-03,MTY-LTH-01,2.0,52.2,11.2,1
14664,2026-08-03,MTY-LTH-02,2.96,51.5,11.3,1
14665,2026-08-03,MTY-LTH-03,1.94,52.8,13.0,0
14666,2026-08-03,MTY-LTH-04,2.88,55.5,7.2,0
14667,2026-08-03,MTY-LTH-05,1.98,54.4,10.8,0
14668,2026-08-03,MTY-MIL-01,1.41,55.1,14.2,0
14669,2026-08-03,MTY-MIL-02,2.1,55.2,14.0,0
14670,2026-08-03,MTY-MIL-03,1.72,48.7,9.3,0
14671,2026-08-03,MTY-MIL-04,1.69,49.0,7.7,0
14672,2026-08-03,MTY-MIL-05,1.55,50.0,10.3,0
14673,2026-08-03,MTY-MIL-06,1.86,50.2,11.3,0
14674,2026-08-03,MTY-PRS-01,3.43,63.6,11.0,0
14675,2026-08-03,MTY-PRS-02,3.06,64.5,12.9,0
14676,2026-08-03,MTY-PRS-03,2.69,57.7,9.2,0
14677,2026-08-03,MTY-RBT-01,1.34,47.3,14.5,0
14678,2026-08-03,MTY-RBT-02,1.1,39.0,9.4,0
14679,2026-08-03,MTY-RBT-03,1.25,47.9,13.2,0
14680,2026-08-04,BRN-GRD-01,1.3,47.4,12.2,0
14681,2026-08-04,BRN-LTH-01,1.89,48.7,12.9,0
14682,2026-08-04,BRN-LTH-02,1.81,55.5,14.4,0
14683,2026-08-04,BRN-LTH-03,2.06,54.3,11.7,0
14684,2026-08-04,BRN-LTH-04,2.05,52.7,13.0,1
14685,2026-08-04,BRN-MIL-01,1.5,47.5,11.8,0
14686,2026-08-04,BRN-MIL-02,1.26,48.5,9.8,0
14687,2026-08-04,BRN-MIL-03,1.61,47.1,9.5,1
14688,2026-08-04,BRN-MIL-04,1.88,47.7,11.8,1
14689,2026-08-04,BRN-MIL-05,1.65,43.5,8.9,0
14690,2026-08-04,BRN-MIL-06,1.72,48.0,11.9,0
14691,2026-08-04,BRN-PRS-01,3.03,62.6,14.2,0
14692,2026-08-04,BRN-PRS-02,3.37,54.5,12.4,0
14693,2026-08-04,BRN-PRS-03,2.81,53.9,7.9,0
14694,2026-08-04,BRN-RBT-01,1.22,44.8,11.4,0
14695,2026-08-04,BRN-RBT-02,1.5,50.9,14.6,0
14696,2026-08-04,DAY-GRD-01,2.17,49.4,12.8,0
14697,2026-08-04,DAY-LTH-01,1.94,46.0,10.7,0
14698,2026-08-04,DAY-LTH-02,1.65,52.5,10.1,0
14699,2026-08-04,DAY-LTH-03,2.2,55.3,13.0,1
14700,2026-08-04,DAY-LTH-04,2.39,58.1,12.2,1
14701,2026-08-04,DAY-LTH-05,1.77,53.3,10.3,0
14702,2026-08-04,DAY-MIL-01,1.45,48.4,11.3,0
14703,2026-08-04,DAY-MIL-02,1.56,53.5,13.9,0
14704,2026-08-04,DAY-MIL-03,1.62,52.1,10.9,0
14705,2026-08-04,DAY-MIL-04,1.84,52.6,12.9,0
14706,2026-08-04,DAY-MIL-05,1.87,55.0,11.0,0
14707,2026-08-04,DAY-MIL-06,1.72,53.1,10.6,0
14708,2026-08-04,DAY-MIL-07,1.77,47.2,12.6,0
14709,2026-08-04,DAY-MIL-08,1.7,46.6,11.3,0
14710,2026-08-04,DAY-PRS-01,2.91,63.3,12.1,0
14711,2026-08-04,DAY-PRS-02,2.63,60.6,10.8,0
14712,2026-08-04,DAY-PRS-03,2.94,52.9,10.1,0
14713,2026-08-04,DAY-PRS-04,2.43,60.8,13.5,1
14714,2026-08-04,DAY-RBT-01,1.07,45.5,14.8,0
14715,2026-08-04,DAY-RBT-02,1.5,51.0,13.2,0
14716,2026-08-04,DAY-RBT-03,0.92,45.1,9.1,0
14717,2026-08-04,MTY-GRD-01,1.13,45.9,8.8,0
14718,2026-08-04,MTY-GRD-02,1.3,51.6,12.6,0
14719,2026-08-04,MTY-LTH-01,2.17,54.2,14.1,0
14720,2026-08-04,MTY-LTH-02,3.11,55.1,15.8,1
14721,2026-08-04,MTY-LTH-03,1.92,50.2,9.2,0
14722,2026-08-04,MTY-LTH-04,3.11,59.2,11.2,1
14723,2026-08-04,MTY-LTH-05,2.1,54.8,10.0,0
14724,2026-08-04,MTY-MIL-01,1.41,54.8,14.7,0
14725,2026-08-04,MTY-MIL-02,2.35,55.1,12.6,4
14726,2026-08-04,MTY-MIL-03,1.84,50.9,12.0,0
14727,2026-08-04,MTY-MIL-04,1.72,51.3,11.5,0
14728,2026-08-04,MTY-MIL-05,1.64,53.5,12.4,1
14729,2026-08-04,MTY-MIL-06,1.86,48.2,8.8,0
14730,2026-08-04,MTY-PRS-01,3.06,61.6,8.1,1
14731,2026-08-04,MTY-PRS-02,2.61,63.5,14.1,0
14732,2026-08-04,MTY-PRS-03,2.89,58.3,11.7,1
14733,2026-08-04,MTY-RBT-01,1.12,42.9,10.5,0
14734,2026-08-04,MTY-RBT-02,1.23,41.4,13.7,0
14735,2026-08-04,MTY-RBT-03,1.39,45.2,9.7,0
14736,2026-08-05,BRN-GRD-01,1.4,48.9,13.8,0
14737,2026-08-05,BRN-LTH-01,1.75,48.1,9.5,0
14738,2026-08-05,BRN-LTH-02,1.9,50.4,12.3,0
14739,2026-08-05,BRN-LTH-03,2.17,57.3,14.5,0
14740,2026-08-05,BRN-LTH-04,2.08,49.8,9.9,0
14741,2026-08-05,BRN-MIL-01,1.66,49.6,12.9,0
14742,2026-08-05,BRN-MIL-02,1.33,50.1,11.8,0
14743,2026-08-05,BRN-MIL-03,1.79,48.5,10.4,0
14744,2026-08-05,BRN-MIL-04,1.97,48.0,14.6,2
14745,2026-08-05,BRN-MIL-05,1.69,47.3,11.5,0
14746,2026-08-05,BRN-MIL-06,1.56,48.4,10.2,0
14747,2026-08-05,BRN-PRS-01,3.11,61.0,10.9,0
14748,2026-08-05,BRN-PRS-02,3.51,54.3,13.1,0
14749,2026-08-05,BRN-PRS-03,2.93,53.9,10.4,0
14750,2026-08-05,BRN-RBT-01,1.09,42.4,9.0,1
14751,2026-08-05,BRN-RBT-02,1.46,50.0,13.3,0
14752,2026-08-05,DAY-GRD-01,1.78,49.5,10.0,0
14753,2026-08-05,DAY-LTH-01,1.91,44.8,8.6,0
14754,2026-08-05,DAY-LTH-02,1.65,52.8,11.7,1
14755,2026-08-05,DAY-LTH-03,2.1,53.7,10.5,1
14756,2026-08-05,DAY-LTH-04,2.47,56.9,12.3,0
14757,2026-08-05,DAY-LTH-05,1.9,53.1,10.1,1
14758,2026-08-05,DAY-MIL-01,1.6,48.8,10.1,0
14759,2026-08-05,DAY-MIL-02,1.39,49.2,6.8,0
14760,2026-08-05,DAY-MIL-03,1.59,48.3,8.9,1
14761,2026-08-05,DAY-MIL-04,1.62,49.3,10.5,0
14762,2026-08-05,DAY-MIL-05,1.8,52.5,10.8,0
14763,2026-08-05,DAY-MIL-06,1.58,51.3,7.9,0
14764,2026-08-05,DAY-MIL-07,1.96,47.7,13.0,0
14765,2026-08-05,DAY-MIL-08,1.85,46.5,11.4,0
14766,2026-08-05,DAY-PRS-01,2.78,61.6,11.2,0
14767,2026-08-05,DAY-PRS-02,2.8,61.7,9.2,0
14768,2026-08-05,DAY-PRS-03,2.84,54.3,9.8,0
14769,2026-08-05,DAY-PRS-04,2.3,62.6,13.4,0
14770,2026-08-05,DAY-RBT-01,1.01,43.5,10.9,0
14771,2026-08-05,DAY-RBT-02,1.49,50.3,12.8,0
14772,2026-08-05,DAY-RBT-03,0.96,48.9,13.7,0
14773,2026-08-05,MTY-GRD-01,1.16,45.3,6.5,0
14774,2026-08-05,MTY-GRD-02,1.26,49.5,10.4,0
14775,2026-08-05,MTY-LTH-01,2.14,56.3,11.4,0
14776,2026-08-05,MTY-LTH-02,2.93,53.6,13.1,0
14777,2026-08-05,MTY-LTH-03,1.85,54.1,11.3,1
14778,2026-08-05,MTY-LTH-04,3.25,57.2,10.3,0
14779,2026-08-05,MTY-LTH-05,1.91,53.1,10.1,0
14780,2026-08-05,MTY-MIL-01,1.4,51.7,6.1,0
14781,2026-08-05,MTY-MIL-02,2.28,53.7,8.7,5
14782,2026-08-05,MTY-MIL-03,1.74,48.3,9.7,0
14783,2026-08-05,MTY-MIL-04,1.58,48.6,10.9,1
14784,2026-08-05,MTY-MIL-05,1.63,52.7,11.7,0
14785,2026-08-05,MTY-MIL-06,2.11,49.8,11.2,1
14786,2026-08-05,MTY-PRS-01,2.78,60.2,7.3,0
14787,2026-08-05,MTY-PRS-02,2.92,62.9,13.0,0
14788,2026-08-05,MTY-PRS-03,2.78,60.9,14.1,0
14789,2026-08-05,MTY-RBT-01,1.15,46.9,10.9,0
14790,2026-08-05,MTY-RBT-02,1.18,38.1,10.6,0
14791,2026-08-05,MTY-RBT-03,1.26,46.8,13.2,0
14792,2026-08-06,BRN-GRD-01,1.37,51.4,15.2,0
14793,2026-08-06,BRN-LTH-01,1.87,47.0,10.7,0
14794,2026-08-06,BRN-LTH-02,1.78,49.5,11.8,0
14795,2026-08-06,BRN-LTH-03,2.02,55.6,10.1,0
14796,2026-08-06,BRN-LTH-04,1.91,50.4,9.9,0
14797,2026-08-06,BRN-MIL-01,1.69,45.9,12.2,0
14798,2026-08-06,BRN-MIL-02,1.34,47.5,11.2,0
14799,2026-08-06,BRN-MIL-03,1.89,47.3,9.0,0
14800,2026-08-06,BRN-MIL-04,1.74,46.0,10.9,0
14801,2026-08-06,BRN-MIL-05,1.71,47.4,14.4,0
14802,2026-08-06,BRN-MIL-06,1.64,50.3,13.0,0
14803,2026-08-06,BRN-PRS-01,2.82,60.4,10.5,0
14804,2026-08-06,BRN-PRS-02,3.53,52.9,10.2,0
14805,2026-08-06,BRN-PRS-03,3.04,57.1,12.4,0
14806,2026-08-06,BRN-RBT-01,1.11,45.4,11.5,0
14807,2026-08-06,BRN-RBT-02,1.42,48.6,8.6,0
14808,2026-08-06,DAY-GRD-01,2.05,47.0,8.5,0
14809,2026-08-06,DAY-LTH-01,1.96,42.9,8.1,0
14810,2026-08-06,DAY-LTH-02,1.63,51.5,11.0,0
14811,2026-08-06,DAY-LTH-03,2.22,53.5,12.7,0
14812,2026-08-06,DAY-LTH-04,2.77,56.7,10.2,0
14813,2026-08-06,DAY-LTH-05,1.91,56.2,13.4,0
14814,2026-08-06,DAY-MIL-01,1.55,51.0,12.6,1
14815,2026-08-06,DAY-MIL-02,1.68,56.2,15.2,0
14816,2026-08-06,DAY-MIL-03,1.49,52.4,12.7,0
14817,2026-08-06,DAY-MIL-04,1.71,47.5,7.1,1
14818,2026-08-06,DAY-MIL-05,1.79,53.2,11.5,0
14819,2026-08-06,DAY-MIL-06,1.98,53.6,14.3,0
14820,2026-08-06,DAY-MIL-07,1.88,46.4,12.9,0
14821,2026-08-06,DAY-MIL-08,1.67,45.7,15.4,1
14822,2026-08-06,DAY-PRS-01,2.74,63.0,13.2,0
14823,2026-08-06,DAY-PRS-02,2.6,60.9,11.3,0
14824,2026-08-06,DAY-PRS-03,2.99,52.7,7.6,0
14825,2026-08-06,DAY-PRS-04,2.31,59.0,12.0,0
14826,2026-08-06,DAY-RBT-01,1.1,41.3,9.4,0
14827,2026-08-06,DAY-RBT-02,1.32,49.6,7.3,1
14828,2026-08-06,DAY-RBT-03,0.96,45.8,11.6,0
14829,2026-08-06,MTY-GRD-01,1.23,44.3,7.2,0
14830,2026-08-06,MTY-GRD-02,1.28,50.0,9.9,0
14831,2026-08-06,MTY-LTH-01,2.06,53.3,10.1,0
14832,2026-08-06,MTY-LTH-02,2.65,53.6,13.0,1
14833,2026-08-06,MTY-LTH-03,2.04,52.1,11.6,0
14834,2026-08-06,MTY-LTH-04,3.2,57.1,11.8,0
14835,2026-08-06,MTY-LTH-05,2.06,53.1,3.1,0
14836,2026-08-06,MTY-MIL-01,1.37,53.5,11.9,0
14837,2026-08-06,MTY-MIL-02,2.09,55.5,11.8,1
14838,2026-08-06,MTY-MIL-03,1.92,51.3,12.6,0
14839,2026-08-06,MTY-MIL-04,1.51,47.8,9.3,1
14840,2026-08-06,MTY-MIL-05,1.55,49.8,10.3,0
14841,2026-08-06,MTY-MIL-06,2.21,50.3,11.5,2
14842,2026-08-06,MTY-PRS-01,3.06,62.3,12.3,1
14843,2026-08-06,MTY-PRS-02,2.58,63.3,10.9,0
14844,2026-08-06,MTY-PRS-03,3.01,59.9,13.5,0
14845,2026-08-06,MTY-RBT-01,1.27,46.4,12.4,0
14846,2026-08-06,MTY-RBT-02,1.12,41.9,16.0,0
14847,2026-08-06,MTY-RBT-03,1.24,43.9,9.3,0
14848,2026-08-07,BRN-GRD-01,1.49,47.5,13.5,1
14849,2026-08-07,BRN-LTH-01,1.82,48.0,13.5,0
14850,2026-08-07,BRN-LTH-02,1.82,54.5,14.6,0
14851,2026-08-07,BRN-LTH-03,2.02,53.2,11.7,1
14852,2026-08-07,BRN-LTH-04,2.05,48.2,9.4,0
14853,2026-08-07,BRN-MIL-01,1.62,44.5,6.4,0
14854,2026-08-07,BRN-MIL-02,1.47,51.7,15.3,0
14855,2026-08-07,BRN-MIL-03,1.74,46.7,7.4,0
14856,2026-08-07,BRN-MIL-04,1.79,47.9,10.7,0
14857,2026-08-07,BRN-MIL-05,1.68,47.2,13.3,0
14858,2026-08-07,BRN-MIL-06,1.31,48.1,11.6,1
14859,2026-08-07,BRN-PRS-01,3.24,60.0,11.8,1
14860,2026-08-07,BRN-PRS-02,3.64,58.8,14.7,0
14861,2026-08-07,BRN-PRS-03,2.79,53.2,10.3,0
14862,2026-08-07,BRN-RBT-01,1.05,45.3,10.4,0
14863,2026-08-07,BRN-RBT-02,1.47,47.1,11.0,0
14864,2026-08-07,DAY-GRD-01,1.94,50.4,9.9,0
14865,2026-08-07,DAY-LTH-01,1.87,42.9,8.0,1
14866,2026-08-07,DAY-LTH-02,1.94,55.4,15.5,0
14867,2026-08-07,DAY-LTH-03,2.18,53.8,14.1,1
14868,2026-08-07,DAY-LTH-04,3.01,59.9,14.0,0
14869,2026-08-07,DAY-LTH-05,1.81,53.6,13.8,0
14870,2026-08-07,DAY-MIL-01,1.58,49.4,11.0,1
14871,2026-08-07,DAY-MIL-02,1.5,52.9,12.3,0
14872,2026-08-07,DAY-MIL-03,1.56,52.1,12.8,0
14873,2026-08-07,DAY-MIL-04,1.8,47.4,11.3,1
14874,2026-08-07,DAY-MIL-05,2.02,54.3,15.4,0
14875,2026-08-07,DAY-MIL-06,1.69,52.6,8.7,0
14876,2026-08-07,DAY-MIL-07,1.78,46.2,11.1,1
14877,2026-08-07,DAY-MIL-08,1.82,48.8,12.2,1
14878,2026-08-07,DAY-PRS-01,2.83,63.7,11.6,0
14879,2026-08-07,DAY-PRS-02,2.94,62.9,14.9,1
14880,2026-08-07,DAY-PRS-03,2.95,55.8,12.5,0
14881,2026-08-07,DAY-PRS-04,2.35,61.9,12.3,0
14882,2026-08-07,DAY-RBT-01,1.05,42.6,11.9,0
14883,2026-08-07,DAY-RBT-02,1.4,49.2,13.3,0
14884,2026-08-07,DAY-RBT-03,0.93,45.5,10.3,1
14885,2026-08-07,MTY-GRD-01,1.29,46.2,9.0,0
14886,2026-08-07,MTY-GRD-02,1.35,50.0,12.0,1
14887,2026-08-07,MTY-LTH-01,2.09,54.6,12.5,0
14888,2026-08-07,MTY-LTH-02,2.89,52.8,13.2,0
14889,2026-08-07,MTY-LTH-03,1.82,52.4,11.9,0
14890,2026-08-07,MTY-LTH-04,3.41,57.1,10.2,1
14891,2026-08-07,MTY-LTH-05,2.09,54.7,11.9,0
14892,2026-08-07,MTY-MIL-01,1.52,54.8,12.4,0
14893,2026-08-07,MTY-MIL-02,2.32,52.0,9.8,2
14894,2026-08-07,MTY-MIL-03,1.75,50.0,9.6,0
14895,2026-08-07,MTY-MIL-04,1.57,48.5,9.5,0
14896,2026-08-07,MTY-MIL-05,1.61,50.1,10.6,0
14897,2026-08-07,MTY-MIL-06,2.02,51.8,10.4,0
14898,2026-08-07,MTY-PRS-01,3.11,64.0,11.4,0
14899,2026-08-07,MTY-PRS-02,2.59,63.2,11.4,1
14900,2026-08-07,MTY-PRS-03,2.97,58.7,11.0,0
14901,2026-08-07,MTY-RBT-01,1.11,43.8,8.2,0
14902,2026-08-07,MTY-RBT-02,1.25,38.3,13.7,0
14903,2026-08-07,MTY-RBT-03,1.23,46.3,11.0,0
14904,2026-08-10,BRN-GRD-01,1.24,48.3,11.3,0
14905,2026-08-10,BRN-LTH-01,1.73,49.7,13.3,0
14906,2026-08-10,BRN-LTH-02,1.66,50.3,9.2,0
14907,2026-08-10,BRN-LTH-03,2.35,54.5,9.4,0
14908,2026-08-10,BRN-LTH-04,2.0,49.8,14.7,1
14909,2026-08-10,BRN-MIL-01,1.54,44.8,9.3,0
14910,2026-08-10,BRN-MIL-02,1.32,49.4,9.9,0
14911,2026-08-10,BRN-MIL-03,1.78,50.6,13.4,0
14912,2026-08-10,BRN-MIL-04,2.05,50.7,15.1,2
14913,2026-08-10,BRN-MIL-05,1.6,48.1,11.6,0
14914,2026-08-10,BRN-MIL-06,1.54,48.4,10.2,0
14915,2026-08-10,BRN-PRS-01,3.22,61.0,11.5,1
14916,2026-08-10,BRN-PRS-02,3.62,54.7,11.8,0
14917,2026-08-10,BRN-PRS-03,3.38,56.5,15.2,0
14918,2026-08-10,BRN-RBT-01,1.14,45.8,10.5,0
14919,2026-08-10,BRN-RBT-02,1.48,47.5,11.0,0
14920,2026-08-10,DAY-GRD-01,1.95,48.0,8.8,0
14921,2026-08-10,DAY-LTH-01,2.15,46.0,10.1,0
14922,2026-08-10,DAY-LTH-02,1.76,52.3,12.3,0
14923,2026-08-10,DAY-LTH-03,2.09,53.3,10.2,0
14924,2026-08-10,DAY-LTH-04,3.18,60.0,11.5,2
14925,2026-08-10,DAY-LTH-05,1.98,54.6,13.0,0
14926,2026-08-10,DAY-MIL-01,1.58,51.1,14.9,2
14927,2026-08-10,DAY-MIL-02,1.37,50.4,9.5,0
14928,2026-08-10,DAY-MIL-03,1.58,48.7,11.4,0
14929,2026-08-10,DAY-MIL-04,1.72,49.9,12.4,0
14930,2026-08-10,DAY-MIL-05,1.9,53.0,14.6,0
14931,2026-08-10,DAY-MIL-06,1.73,52.1,11.5,0
14932,2026-08-10,DAY-MIL-07,2.02,44.9,9.6,1
14933,2026-08-10,DAY-MIL-08,1.68,47.8,10.8,0
14934,2026-08-10,DAY-PRS-01,2.72,63.3,12.0,0
14935,2026-08-10,DAY-PRS-02,2.86,61.4,12.8,0
14936,2026-08-10,DAY-PRS-03,3.05,54.1,11.9,0
14937,2026-08-10,DAY-PRS-04,2.27,59.0,10.4,0
14938,2026-08-10,DAY-RBT-01,0.9,42.6,11.0,0
14939,2026-08-10,DAY-RBT-02,1.36,48.9,7.5,0
14940,2026-08-10,DAY-RBT-03,0.96,47.9,13.4,0
14941,2026-08-10,MTY-GRD-01,1.26,49.5,11.1,0
14942,2026-08-10,MTY-GRD-02,1.34,49.7,9.5,0
14943,2026-08-10,MTY-LTH-01,2.11,54.7,11.1,0
14944,2026-08-10,MTY-LTH-02,2.22,51.5,12.1,0
14945,2026-08-10,MTY-LTH-03,1.88,53.2,10.5,0
14946,2026-08-10,MTY-LTH-04,3.83,56.6,10.7,0
14947,2026-08-10,MTY-LTH-05,2.23,54.6,12.4,1
14948,2026-08-10,MTY-MIL-01,1.43,52.9,12.0,0
14949,2026-08-10,MTY-MIL-02,2.4,57.3,10.2,2
14950,2026-08-10,MTY-MIL-03,1.71,50.0,11.1,0
14951,2026-08-10,MTY-MIL-04,1.83,53.5,12.9,0
14952,2026-08-10,MTY-MIL-05,1.39,47.1,5.6,0
14953,2026-08-10,MTY-MIL-06,2.15,50.2,9.9,0
14954,2026-08-10,MTY-PRS-01,3.28,62.4,11.3,0
14955,2026-08-10,MTY-PRS-02,2.85,61.0,10.4,0
14956,2026-08-10,MTY-PRS-03,2.93,61.4,10.5,0
14957,2026-08-10,MTY-RBT-01,1.19,46.1,10.4,0
14958,2026-08-10,MTY-RBT-02,1.36,39.5,11.3,0
14959,2026-08-10,MTY-RBT-03,1.29,46.4,11.2,0
14960,2026-08-11,BRN-GRD-01,1.23,48.2,11.6,0
14961,2026-08-11,BRN-LTH-01,1.73,48.9,11.7,0
14962,2026-08-11,BRN-LTH-02,1.64,51.3,10.1,0
14963,2026-08-11,BRN-LTH-03,2.14,54.9,11.7,0
14964,2026-08-11,BRN-LTH-04,2.01,49.9,11.1,1
14965,2026-08-11,BRN-MIL-01,1.64,47.9,13.7,0
14966,2026-08-11,BRN-MIL-02,1.22,47.7,9.8,0
14967,2026-08-11,BRN-MIL-03,1.66,47.2,9.0,1
14968,2026-08-11,BRN-MIL-04,1.98,47.9,11.4,1
14969,2026-08-11,BRN-MIL-05,1.69,46.7,10.4,0
14970,2026-08-11,BRN-MIL-06,1.52,49.1,14.5,1
14971,2026-08-11,BRN-PRS-01,3.02,60.5,11.2,0
14972,2026-08-11,BRN-PRS-02,3.51,54.2,10.1,0
14973,2026-08-11,BRN-PRS-03,2.84,58.2,10.4,0
14974,2026-08-11,BRN-RBT-01,1.09,42.7,10.6,0
14975,2026-08-11,BRN-RBT-02,1.55,49.6,13.9,0
14976,2026-08-11,DAY-GRD-01,2.18,53.9,14.8,0
14977,2026-08-11,DAY-LTH-01,2.04,43.4,11.8,0
14978,2026-08-11,DAY-LTH-02,1.45,51.7,8.8,1
14979,2026-08-11,DAY-LTH-03,2.26,52.3,11.7,1
14980,2026-08-11,DAY-LTH-04,3.45,61.0,11.4,0
14981,2026-08-11,DAY-LTH-05,2.12,55.6,13.9,0
14982,2026-08-11,DAY-MIL-01,1.39,47.0,11.8,0
14983,2026-08-11,DAY-MIL-02,1.59,55.0,13.6,0
14984,2026-08-11,DAY-MIL-03,1.39,50.2,11.2,1
14985,2026-08-11,DAY-MIL-04,1.92,49.9,16.0,0
14986,2026-08-11,DAY-MIL-05,1.92,54.8,12.9,0
14987,2026-08-11,DAY-MIL-06,1.82,53.3,10.8,0
14988,2026-08-11,DAY-MIL-07,1.81,45.6,10.6,0
14989,2026-08-11,DAY-MIL-08,1.61,46.8,14.0,0
14990,2026-08-11,DAY-PRS-01,2.53,62.0,11.0,0
14991,2026-08-11,DAY-PRS-02,2.7,60.7,10.4,0
14992,2026-08-11,DAY-PRS-03,2.38,53.5,7.4,0
14993,2026-08-11,DAY-PRS-04,2.55,63.4,15.2,0
14994,2026-08-11,DAY-RBT-01,1.04,41.5,11.4,0
14995,2026-08-11,DAY-RBT-02,1.47,50.4,11.1,1
14996,2026-08-11,DAY-RBT-03,0.9,46.1,8.6,0
14997,2026-08-11,MTY-GRD-01,1.33,47.9,11.8,0
14998,2026-08-11,MTY-GRD-02,1.33,50.9,9.1,0
14999,2026-08-11,MTY-LTH-01,1.8,54.2,11.2,0
15000,2026-08-11,MTY-LTH-02,2.23,53.0,13.3,0
15001,2026-08-11,MTY-LTH-03,1.8,53.2,12.1,0
15002,2026-08-11,MTY-LTH-04,3.7,57.5,10.2,0
15003,2026-08-11,MTY-LTH-05,2.22,56.7,14.5,0
15004,2026-08-11,MTY-MIL-01,1.49,53.8,12.5,0
15005,2026-08-11,MTY-MIL-02,2.44,55.8,9.3,3
15006,2026-08-11,MTY-MIL-03,1.54,48.0,9.4,0
15007,2026-08-11,MTY-MIL-04,1.63,50.6,10.4,0
15008,2026-08-11,MTY-MIL-05,1.5,50.1,9.3,0
15009,2026-08-11,MTY-MIL-06,2.57,54.6,14.2,2
15010,2026-08-11,MTY-PRS-01,3.88,64.9,15.1,0
15011,2026-08-11,MTY-PRS-02,2.72,62.3,9.2,0
15012,2026-08-11,MTY-PRS-03,2.9,61.6,12.3,0
15013,2026-08-11,MTY-RBT-01,1.12,44.0,11.7,0
15014,2026-08-11,MTY-RBT-02,1.07,38.3,10.2,0
15015,2026-08-11,MTY-RBT-03,1.23,46.5,9.7,0
15016,2026-08-12,BRN-GRD-01,1.28,48.1,12.6,0
15017,2026-08-12,BRN-LTH-01,1.97,48.2,11.5,0
15018,2026-08-12,BRN-LTH-02,1.84,51.7,13.8,0
15019,2026-08-12,BRN-LTH-03,2.29,54.0,14.8,0
15020,2026-08-12,BRN-LTH-04,1.99,50.0,12.1,0
15021,2026-08-12,BRN-MIL-01,1.73,47.4,12.1,0
15022,2026-08-12,BRN-MIL-02,1.46,50.6,13.7,0
15023,2026-08-12,BRN-MIL-03,1.72,47.6,9.4,0
15024,2026-08-12,BRN-MIL-04,2.1,46.7,8.5,2
15025,2026-08-12,BRN-MIL-05,1.67,48.1,12.4,0
15026,2026-08-12,BRN-MIL-06,1.61,49.5,10.8,0
15027,2026-08-12,BRN-PRS-01,2.83,60.4,10.9,1
15028,2026-08-12,BRN-PRS-02,3.93,56.6,11.8,0
15029,2026-08-12,BRN-PRS-03,3.08,60.2,14.8,1
15030,2026-08-12,BRN-RBT-01,1.23,45.7,12.4,0
15031,2026-08-12,BRN-RBT-02,1.35,44.3,5.5,0
15032,2026-08-12,DAY-GRD-01,1.98,49.3,9.8,0
15033,2026-08-12,DAY-LTH-01,2.06,46.3,12.2,0
15034,2026-08-12,DAY-LTH-02,1.63,51.3,10.7,0
15035,2026-08-12,DAY-LTH-03,2.02,51.7,8.5,1
15036,2026-08-12,DAY-LTH-04,3.64,60.4,12.3,1
15037,2026-08-12,DAY-LTH-05,1.97,51.9,10.8,1
15038,2026-08-12,DAY-MIL-01,1.67,51.9,15.7,1
15039,2026-08-12,DAY-MIL-02,1.71,57.3,13.9,1
15040,2026-08-12,DAY-MIL-03,1.59,51.4,10.7,0
15041,2026-08-12,DAY-MIL-04,1.78,48.4,10.6,0
15042,2026-08-12,DAY-MIL-05,1.78,52.6,5.7,0
15043,2026-08-12,DAY-MIL-06,1.63,55.7,12.0,0
15044,2026-08-12,DAY-MIL-07,2.19,48.0,14.0,0
15045,2026-08-12,DAY-MIL-08,1.61,45.1,10.3,1
15046,2026-08-12,DAY-PRS-01,2.68,60.0,12.1,0
15047,2026-08-12,DAY-PRS-02,2.61,62.7,12.0,0
15048,2026-08-12,DAY-PRS-03,2.56,55.2,12.0,0
15049,2026-08-12,DAY-PRS-04,2.32,62.1,13.9,1
15050,2026-08-12,DAY-RBT-01,1.07,43.2,13.9,0
15051,2026-08-12,DAY-RBT-02,1.66,49.1,12.6,0
15052,2026-08-12,DAY-RBT-03,1.06,50.6,16.0,1
15053,2026-08-12,MTY-GRD-01,1.19,46.3,9.7,0
15054,2026-08-12,MTY-GRD-02,1.33,50.3,10.2,0
15055,2026-08-12,MTY-LTH-01,2.03,54.4,11.9,0
15056,2026-08-12,MTY-LTH-02,2.15,49.6,11.8,1
15057,2026-08-12,MTY-LTH-03,2.12,56.9,16.0,1
15058,2026-08-12,MTY-LTH-04,4.23,59.5,11.4,3
15059,2026-08-12,MTY-LTH-05,2.09,56.3,12.3,1
15060,2026-08-12,MTY-MIL-01,1.39,53.8,13.3,0
15061,2026-08-12,MTY-MIL-02,2.52,55.8,9.6,5
15062,2026-08-12,MTY-MIL-03,1.92,53.0,11.6,0
15063,2026-08-12,MTY-MIL-04,1.7,52.1,12.1,0
15064,2026-08-12,MTY-MIL-05,1.72,50.7,11.7,0
15065,2026-08-12,MTY-MIL-06,2.27,52.0,9.0,1
15066,2026-08-12,MTY-PRS-01,3.37,63.7,9.4,0
15067,2026-08-12,MTY-PRS-02,2.66,63.5,11.8,0
15068,2026-08-12,MTY-PRS-03,2.78,60.9,10.3,0
15069,2026-08-12,MTY-RBT-01,1.15,46.1,11.9,0
15070,2026-08-12,MTY-RBT-02,1.16,39.1,10.7,0
15071,2026-08-12,MTY-RBT-03,1.11,46.9,11.0,0
15072,2026-08-13,BRN-GRD-01,1.28,47.5,12.1,1
15073,2026-08-13,BRN-LTH-01,1.82,48.6,12.9,0
15074,2026-08-13,BRN-LTH-02,1.7,53.4,13.3,0
15075,2026-08-13,BRN-LTH-03,2.23,52.8,11.9,1
15076,2026-08-13,BRN-LTH-04,2.4,50.7,12.8,0
15077,2026-08-13,BRN-MIL-01,1.65,48.7,13.9,1
15078,2026-08-13,BRN-MIL-02,1.19,46.9,1.4,0
15079,2026-08-13,BRN-MIL-03,1.67,48.8,11.1,0
15080,2026-08-13,BRN-MIL-04,2.23,48.6,13.7,1
15081,2026-08-13,BRN-MIL-05,1.89,45.8,13.5,0
15082,2026-08-13,BRN-MIL-06,1.53,48.2,12.9,0
15083,2026-08-13,BRN-PRS-01,2.84,60.1,10.8,0
15084,2026-08-13,BRN-PRS-02,3.38,54.5,10.0,0
15085,2026-08-13,BRN-PRS-03,3.07,57.5,14.2,0
15086,2026-08-13,BRN-RBT-01,1.32,46.7,14.8,0
15087,2026-08-13,BRN-RBT-02,1.43,50.0,11.2,0
15088,2026-08-13,DAY-GRD-01,2.08,50.5,11.9,0
15089,2026-08-13,DAY-LTH-01,2.14,46.6,7.5,0
15090,2026-08-13,DAY-LTH-02,1.83,53.7,14.0,0
15091,2026-08-13,DAY-LTH-03,2.17,51.1,12.6,0
15092,2026-08-13,DAY-LTH-04,3.57,58.9,8.4,2
15093,2026-08-13,DAY-LTH-05,2.22,54.8,13.2,0
15094,2026-08-13,DAY-MIL-01,1.56,48.4,11.5,0
15095,2026-08-13,DAY-MIL-02,1.56,55.0,13.6,2
15096,2026-08-13,DAY-MIL-03,1.44,50.5,11.3,0
15097,2026-08-13,DAY-MIL-04,1.6,48.2,10.5,0
15098,2026-08-13,DAY-MIL-05,1.68,53.3,10.1,0
15099,2026-08-13,DAY-MIL-06,2.02,56.3,14.4,0
15100,2026-08-13,DAY-MIL-07,1.95,48.0,12.1,1
15101,2026-08-13,DAY-MIL-08,1.62,46.2,9.6,1
15102,2026-08-13,DAY-PRS-01,2.74,62.1,11.1,0
15103,2026-08-13,DAY-PRS-02,2.9,61.2,10.8,0
15104,2026-08-13,DAY-PRS-03,2.62,52.9,9.8,0
15105,2026-08-13,DAY-PRS-04,2.26,59.5,10.6,1
15106,2026-08-13,DAY-RBT-01,0.9,39.7,8.4,0
15107,2026-08-13,DAY-RBT-02,1.42,47.8,8.8,0
15108,2026-08-13,DAY-RBT-03,0.98,48.3,14.1,0
15109,2026-08-13,MTY-GRD-01,1.38,47.2,13.4,0
15110,2026-08-13,MTY-GRD-02,1.34,52.6,12.6,0
15111,2026-08-13,MTY-LTH-01,2.09,53.8,10.1,0
15112,2026-08-13,MTY-LTH-02,1.94,49.9,11.4,0
15113,2026-08-13,MTY-LTH-03,1.9,52.7,11.8,0
15114,2026-08-13,MTY-LTH-04,4.14,58.7,10.5,2
15115,2026-08-13,MTY-LTH-05,1.99,54.8,12.5,0
15116,2026-08-13,MTY-MIL-01,1.44,51.0,13.1,0
15117,2026-08-13,MTY-MIL-02,2.57,58.9,12.5,7
15118,2026-08-13,MTY-MIL-03,1.85,50.3,13.1,0
15119,2026-08-13,MTY-MIL-04,1.57,51.1,5.0,0
15120,2026-08-13,MTY-MIL-05,1.72,50.0,10.8,0
15121,2026-08-13,MTY-MIL-06,2.16,54.4,10.4,1
15122,2026-08-13,MTY-PRS-01,3.35,64.2,10.9,0
15123,2026-08-13,MTY-PRS-02,2.6,62.6,11.5,0
15124,2026-08-13,MTY-PRS-03,3.2,63.7,12.4,0
15125,2026-08-13,MTY-RBT-01,1.08,47.2,14.1,0
15126,2026-08-13,MTY-RBT-02,1.15,39.1,9.5,0
15127,2026-08-13,MTY-RBT-03,1.14,43.6,8.4,0
15128,2026-08-14,BRN-GRD-01,1.29,49.2,14.7,0
15129,2026-08-14,BRN-LTH-01,1.64,47.2,11.4,0
15130,2026-08-14,BRN-LTH-02,1.67,50.1,9.7,2
15131,2026-08-14,BRN-LTH-03,2.12,55.0,10.1,0
15132,2026-08-14,BRN-LTH-04,2.08,50.1,11.0,0
15133,2026-08-14,BRN-MIL-01,1.72,46.5,13.4,0
15134,2026-08-14,BRN-MIL-02,1.37,49.0,14.7,1
15135,2026-08-14,BRN-MIL-03,1.96,49.8,13.1,0
15136,2026-08-14,BRN-MIL-04,2.15,49.0,11.6,0
15137,2026-08-14,BRN-MIL-05,1.67,44.8,10.5,0
15138,2026-08-14,BRN-MIL-06,1.58,52.4,14.5,0
15139,2026-08-14,BRN-PRS-01,2.98,61.6,11.0,0
15140,2026-08-14,BRN-PRS-02,3.24,53.5,9.5,0
15141,2026-08-14,BRN-PRS-03,2.86,54.8,9.5,0
15142,2026-08-14,BRN-RBT-01,1.2,44.1,10.9,0
15143,2026-08-14,BRN-RBT-02,1.56,47.4,12.0,0
15144,2026-08-14,DAY-GRD-01,2.1,50.7,10.4,1
15145,2026-08-14,DAY-LTH-01,1.93,43.2,8.6,0
15146,2026-08-14,DAY-LTH-02,1.67,53.4,13.0,0
15147,2026-08-14,DAY-LTH-03,2.08,53.3,11.7,0
15148,2026-08-14,DAY-LTH-04,3.85,61.9,12.1,3
15149,2026-08-14,DAY-LTH-05,1.89,52.2,8.6,0
15150,2026-08-14,DAY-MIL-01,1.67,50.6,14.8,0
15151,2026-08-14,DAY-MIL-02,1.64,51.7,8.0,1
15152,2026-08-14,DAY-MIL-03,1.53,50.5,12.6,1
15153,2026-08-14,DAY-MIL-04,1.63,49.1,8.0,0
15154,2026-08-14,DAY-MIL-05,1.68,53.1,11.8,0
15155,2026-08-14,DAY-MIL-06,1.67,55.1,12.6,0
15156,2026-08-14,DAY-MIL-07,2.07,45.3,1.0,0
15157,2026-08-14,DAY-MIL-08,1.67,47.4,12.3,0
15158,2026-08-14,DAY-PRS-01,2.71,61.5,12.6,0
15159,2026-08-14,DAY-PRS-02,2.76,60.1,9.8,1
15160,2026-08-14,DAY-PRS-03,2.92,56.8,12.1,0
15161,2026-08-14,DAY-PRS-04,2.3,61.2,10.7,0
15162,2026-08-14,DAY-RBT-01,1.15,44.8,15.6,1
15163,2026-08-14,DAY-RBT-02,1.45,48.3,10.3,0
15164,2026-08-14,DAY-RBT-03,1.08,47.7,13.4,0
15165,2026-08-14,MTY-GRD-01,1.22,48.4,11.2,0
15166,2026-08-14,MTY-GRD-02,1.39,50.7,9.8,0
15167,2026-08-14,MTY-LTH-01,2.2,56.9,14.2,0
15168,2026-08-14,MTY-LTH-02,1.95,49.5,11.2,0
15169,2026-08-14,MTY-LTH-03,1.64,52.8,3.2,0
15170,2026-08-14,MTY-LTH-04,4.25,55.8,7.7,2
15171,2026-08-14,MTY-LTH-05,1.97,52.3,9.5,0
15172,2026-08-14,MTY-MIL-01,1.42,55.3,13.3,0
15173,2026-08-14,MTY-MIL-02,2.99,57.9,12.5,4
15174,2026-08-14,MTY-MIL-03,1.75,48.1,8.9,0
15175,2026-08-14,MTY-MIL-04,1.54,48.1,10.1,0
15176,2026-08-14,MTY-MIL-05,1.6,51.5,10.7,1
15177,2026-08-14,MTY-MIL-06,2.35,56.3,9.9,2
15178,2026-08-14,MTY-PRS-01,3.4,62.8,11.2,0
15179,2026-08-14,MTY-PRS-02,2.59,62.7,7.9,0
15180,2026-08-14,MTY-PRS-03,2.95,60.0,10.7,1
15181,2026-08-14,MTY-RBT-01,1.09,44.1,9.2,0
15182,2026-08-14,MTY-RBT-02,1.24,39.9,12.6,0
15183,2026-08-14,MTY-RBT-03,1.28,48.5,15.7,0
15184,2026-08-17,BRN-GRD-01,1.4,49.2,12.9,0
15185,2026-08-17,BRN-LTH-01,1.75,48.5,10.2,0
15186,2026-08-17,BRN-LTH-02,1.64,49.3,10.5,0
15187,2026-08-17,BRN-LTH-03,2.21,52.7,11.5,1
15188,2026-08-17,BRN-LTH-04,2.12,50.3,12.6,1
15189,2026-08-17,BRN-MIL-01,1.87,47.1,13.3,0
15190,2026-08-17,BRN-MIL-02,1.26,44.6,7.3,0
15191,2026-08-17,BRN-MIL-03,1.97,48.1,11.7,0
15192,2026-08-17,BRN-MIL-04,2.2,50.4,11.4,3
15193,2026-08-17,BRN-MIL-05,1.67,43.7,9.1,0
15194,2026-08-17,BRN-MIL-06,1.61,49.0,12.3,0
15195,2026-08-17,BRN-PRS-01,3.0,62.4,13.2,0
15196,2026-08-17,BRN-PRS-02,3.22,55.5,10.3,0
15197,2026-08-17,BRN-PRS-03,3.12,60.4,13.0,0
15198,2026-08-17,BRN-RBT-01,1.06,44.3,9.7,0
15199,2026-08-17,BRN-RBT-02,1.45,46.8,9.0,0
15200,2026-08-17,DAY-GRD-01,2.09,49.4,10.9,1
15201,2026-08-17,DAY-LTH-01,1.95,45.7,12.7,0
15202,2026-08-17,DAY-LTH-02,1.6,49.8,7.5,1
15203,2026-08-17,DAY-LTH-03,2.41,55.0,15.1,1
15204,2026-08-17,DAY-LTH-04,4.43,58.8,10.3,3
15205,2026-08-17,DAY-LTH-05,2.04,54.4,10.6,0
15206,2026-08-17,DAY-MIL-01,1.53,47.3,9.9,1
15207,2026-08-17,DAY-MIL-02,1.72,56.1,12.9,2
15208,2026-08-17,DAY-MIL-03,1.6,51.2,9.1,0
15209,2026-08-17,DAY-MIL-04,1.55,50.5,12.7,0
15210,2026-08-17,DAY-MIL-05,1.71,50.9,10.4,0
15211,2026-08-17,DAY-MIL-06,1.67,53.5,11.8,0
15212,2026-08-17,DAY-MIL-07,1.85,49.7,12.9,2
15213,2026-08-17,DAY-MIL-08,1.78,49.3,12.8,0
15214,2026-08-17,DAY-PRS-01,2.8,63.8,11.4,0
15215,2026-08-17,DAY-PRS-02,3.1,62.7,12.7,0
15216,2026-08-17,DAY-PRS-03,2.64,53.7,10.8,0
15217,2026-08-17,DAY-PRS-04,2.57,60.5,11.8,0
15218,2026-08-17,DAY-RBT-01,0.97,40.4,10.6,1
15219,2026-08-17,DAY-RBT-02,1.37,48.0,9.4,0
15220,2026-08-17,DAY-RBT-03,0.99,48.0,13.4,1
15221,2026-08-17,MTY-GRD-01,1.19,50.1,13.7,0
15222,2026-08-17,MTY-GRD-02,1.32,51.6,13.0,0
15223,2026-08-17,MTY-LTH-01,2.1,57.0,14.8,0
15224,2026-08-17,MTY-LTH-02,1.75,45.7,2.2,0
15225,2026-08-17,MTY-LTH-03,1.55,50.4,10.3,0
15226,2026-08-17,MTY-LTH-04,5.02,61.6,12.9,1
15227,2026-08-17,MTY-LTH-05,2.16,54.2,13.5,0
15228,2026-08-17,MTY-MIL-01,1.24,55.9,9.2,0
15229,2026-08-17,MTY-MIL-02,1.83,49.7,6.0,3
15230,2026-08-17,MTY-MIL-03,1.79,47.6,8.3,0
15231,2026-08-17,MTY-MIL-04,1.69,50.9,13.3,0
15232,2026-08-17,MTY-MIL-05,1.47,52.5,10.7,1
15233,2026-08-17,MTY-MIL-06,2.66,59.7,12.1,2
15234,2026-08-17,MTY-PRS-01,3.34,65.5,13.4,0
15235,2026-08-17,MTY-PRS-02,2.46,58.6,9.1,0
15236,2026-08-17,MTY-PRS-03,2.97,62.0,12.1,0
15237,2026-08-17,MTY-RBT-01,1.1,47.8,14.9,0
15238,2026-08-17,MTY-RBT-02,1.14,39.2,12.2,0
15239,2026-08-17,MTY-RBT-03,1.46,47.2,14.4,0
15240,2026-08-18,BRN-GRD-01,1.44,51.1,12.8,0
15241,2026-08-18,BRN-LTH-01,1.68,47.9,10.5,1
15242,2026-08-18,BRN-LTH-02,1.88,54.0,13.3,0
15243,2026-08-18,BRN-LTH-03,2.16,53.4,9.8,0
15244,2026-08-18,BRN-LTH-04,2.35,51.5,13.3,0
15245,2026-08-18,BRN-MIL-01,1.59,47.8,12.1,0
15246,2026-08-18,BRN-MIL-02,1.25,48.0,10.1,0
15247,2026-08-18,BRN-MIL-03,1.74,45.6,8.7,1
15248,2026-08-18,BRN-MIL-04,2.25,51.1,14.5,2
15249,2026-08-18,BRN-MIL-05,1.68,45.6,8.7,0
15250,2026-08-18,BRN-MIL-06,1.49,47.5,11.5,0
15251,2026-08-18,BRN-PRS-01,2.61,59.8,10.1,0
15252,2026-08-18,BRN-PRS-02,3.6,57.9,16.0,0
15253,2026-08-18,BRN-PRS-03,3.0,58.0,13.7,1
15254,2026-08-18,BRN-RBT-01,1.11,45.3,10.6,0
15255,2026-08-18,BRN-RBT-02,1.49,46.6,9.1,0
15256,2026-08-18,DAY-GRD-01,2.16,49.3,10.2,1
15257,2026-08-18,DAY-LTH-01,1.91,46.7,13.3,0
15258,2026-08-18,DAY-LTH-02,1.62,51.6,8.2,0
15259,2026-08-18,DAY-LTH-03,1.96,52.6,8.5,0
15260,2026-08-18,DAY-LTH-04,4.69,62.1,11.8,4
15261,2026-08-18,DAY-LTH-05,1.98,54.1,11.9,0
15262,2026-08-18,DAY-MIL-01,1.48,51.2,12.0,0
15263,2026-08-18,DAY-MIL-02,1.71,56.3,12.8,0
15264,2026-08-18,DAY-MIL-03,1.68,51.2,10.8,0
15265,2026-08-18,DAY-MIL-04,1.48,47.3,9.3,0
15266,2026-08-18,DAY-MIL-05,1.69,52.6,10.3,0
15267,2026-08-18,DAY-MIL-06,1.54,53.6,10.2,0
15268,2026-08-18,DAY-MIL-07,2.47,49.1,14.3,0
15269,2026-08-18,DAY-MIL-08,1.47,43.4,7.5,0
15270,2026-08-18,DAY-PRS-01,2.63,62.9,10.6,0
15271,2026-08-18,DAY-PRS-02,2.65,59.8,8.7,0
15272,2026-08-18,DAY-PRS-03,3.12,53.4,10.5,0
15273,2026-08-18,DAY-PRS-04,2.64,61.0,13.2,0
15274,2026-08-18,DAY-RBT-01,1.12,42.2,13.1,2
15275,2026-08-18,DAY-RBT-02,1.46,49.4,11.8,0
15276,2026-08-18,DAY-RBT-03,0.99,48.1,12.5,0
15277,2026-08-18,MTY-GRD-01,1.24,48.4,10.4,0
15278,2026-08-18,MTY-GRD-02,1.49,50.2,14.1,0
15279,2026-08-18,MTY-LTH-01,2.07,54.0,11.0,0
15280,2026-08-18,MTY-LTH-02,1.87,48.1,10.8,0
15281,2026-08-18,MTY-LTH-03,1.62,49.5,10.8,0
15282,2026-08-18,MTY-LTH-04,5.41,60.3,13.6,2
15283,2026-08-18,MTY-LTH-05,2.09,57.5,14.6,0
15284,2026-08-18,MTY-MIL-01,1.26,51.8,8.4,0
15285,2026-08-18,MTY-MIL-02,1.67,48.8,10.1,0
15286,2026-08-18,MTY-MIL-03,1.7,50.0,10.4,0
15287,2026-08-18,MTY-MIL-04,1.81,53.4,16.0,0
15288,2026-08-18,MTY-MIL-05,1.58,49.4,10.3,0
15289,2026-08-18,MTY-MIL-06,1.94,49.4,6.5,3
15290,2026-08-18,MTY-PRS-01,3.22,62.7,10.1,0
15291,2026-08-18,MTY-PRS-02,2.73,63.5,10.3,0
15292,2026-08-18,MTY-PRS-03,3.52,62.2,14.8,0
15293,2026-08-18,MTY-RBT-01,1.14,45.7,11.5,1
15294,2026-08-18,MTY-RBT-02,1.33,38.5,14.1,0
15295,2026-08-18,MTY-RBT-03,1.26,46.1,11.8,0
15296,2026-08-19,BRN-GRD-01,1.21,47.8,7.8,0
15297,2026-08-19,BRN-LTH-01,1.76,48.2,12.3,0
15298,2026-08-19,BRN-LTH-02,1.85,54.5,15.3,0
15299,2026-08-19,BRN-LTH-03,2.31,51.5,8.4,1
15300,2026-08-19,BRN-LTH-04,2.2,49.1,10.4,1
15301,2026-08-19,BRN-MIL-01,1.81,47.5,13.4,0
15302,2026-08-19,BRN-MIL-02,1.37,49.5,12.3,1
15303,2026-08-19,BRN-MIL-03,1.89,48.8,10.8,0
15304,2026-08-19,BRN-MIL-04,2.09,48.9,10.0,4
15305,2026-08-19,BRN-MIL-05,1.54,46.6,10.7,0
15306,2026-08-19,BRN-MIL-06,1.55,47.5,10.4,0
15307,2026-08-19,BRN-PRS-01,2.8,60.0,9.3,0
15308,2026-08-19,BRN-PRS-02,4.17,58.4,14.7,0
15309,2026-08-19,BRN-PRS-03,3.1,56.4,13.5,0
15310,2026-08-19,BRN-RBT-01,1.11,43.7,10.9,0
15311,2026-08-19,BRN-RBT-02,1.52,50.1,14.1,0
15312,2026-08-19,DAY-GRD-01,2.06,51.0,12.4,0
15313,2026-08-19,DAY-LTH-01,1.96,44.2,9.6,0
15314,2026-08-19,DAY-LTH-02,1.67,53.0,14.3,0
15315,2026-08-19,DAY-LTH-03,2.12,52.1,8.6,0
15316,2026-08-19,DAY-LTH-04,5.01,67.7,14.6,3
15317,2026-08-19,DAY-LTH-05,1.81,54.3,9.8,0
15318,2026-08-19,DAY-MIL-01,1.48,46.9,5.4,0
15319,2026-08-19,DAY-MIL-02,1.64,57.8,13.2,0
15320,2026-08-19,DAY-MIL-03,1.62,49.4,10.2,0
15321,2026-08-19,DAY-MIL-04,1.5,46.1,9.1,0
15322,2026-08-19,DAY-MIL-05,1.71,53.2,12.6,0
15323,2026-08-19,DAY-MIL-06,1.95,54.8,12.3,0
15324,2026-08-19,DAY-MIL-07,2.25,49.5,11.3,5
15325,2026-08-19,DAY-MIL-08,1.64,45.6,10.6,0
15326,2026-08-19,DAY-PRS-01,2.82,64.0,13.3,1
15327,2026-08-19,DAY-PRS-02,3.12,60.8,10.8,0
15328,2026-08-19,DAY-PRS-03,2.7,51.5,9.4,0
15329,2026-08-19,DAY-PRS-04,2.72,61.5,13.0,1
15330,2026-08-19,DAY-RBT-01,1.09,42.3,10.9,0
15331,2026-08-19,DAY-RBT-02,1.35,48.4,9.3,0
15332,2026-08-19,DAY-RBT-03,0.85,43.7,8.2,0
15333,2026-08-19,MTY-GRD-01,1.23,50.2,14.2,0
15334,2026-08-19,MTY-GRD-02,1.4,51.6,10.9,0
15335,2026-08-19,MTY-LTH-01,1.96,53.1,11.0,0
15336,2026-08-19,MTY-LTH-02,1.77,48.9,12.9,0
15337,2026-08-19,MTY-LTH-03,1.76,50.3,10.9,0
15338,2026-08-19,MTY-LTH-04,5.42,60.5,12.4,2
15339,2026-08-19,MTY-LTH-05,1.99,55.7,11.6,0
15340,2026-08-19,MTY-MIL-01,1.44,52.8,14.9,0
15341,2026-08-19,MTY-MIL-02,1.76,51.4,13.2,0
15342,2026-08-19,MTY-MIL-03,1.91,49.6,10.5,0
15343,2026-08-19,MTY-MIL-04,1.38,49.2,8.3,0
15344,2026-08-19,MTY-MIL-05,1.52,53.2,13.8,0
15345,2026-08-19,MTY-MIL-06,1.66,47.2,9.7,0
15346,2026-08-19,MTY-PRS-01,3.39,63.5,11.1,1
15347,2026-08-19,MTY-PRS-02,2.23,62.1,8.3,1
15348,2026-08-19,MTY-PRS-03,2.88,58.7,10.4,0
15349,2026-08-19,MTY-RBT-01,1.0,47.1,11.7,0
15350,2026-08-19,MTY-RBT-02,1.07,39.6,12.1,0
15351,2026-08-19,MTY-RBT-03,1.22,48.8,15.0,1
15352,2026-08-20,BRN-GRD-01,1.41,48.7,10.7,0
15353,2026-08-20,BRN-LTH-01,1.83,46.5,10.7,0
15354,2026-08-20,BRN-LTH-02,1.45,51.2,3.0,1
15355,2026-08-20,BRN-LTH-03,2.37,56.0,9.7,1
15356,2026-08-20,BRN-LTH-04,2.13,47.5,10.4,0
15357,2026-08-20,BRN-MIL-01,1.88,48.8,14.5,0
15358,2026-08-20,BRN-MIL-02,1.28,47.1,9.0,0
15359,2026-08-20,BRN-MIL-03,1.8,47.3,12.5,0
15360,2026-08-20,BRN-MIL-04,2.44,52.2,13.1,3
15361,2026-08-20,BRN-MIL-05,1.68,45.2,12.0,0
15362,2026-08-20,BRN-MIL-06,1.6,46.5,10.3,0
15363,2026-08-20,BRN-PRS-01,2.88,61.3,11.7,0
15364,2026-08-20,BRN-PRS-02,3.54,56.1,11.8,0
15365,2026-08-20,BRN-PRS-03,3.23,57.4,13.0,0
15366,2026-08-20,BRN-RBT-01,1.16,46.8,14.1,0
15367,2026-08-20,BRN-RBT-02,1.53,48.9,13.3,0
15368,2026-08-20,DAY-GRD-01,1.97,50.9,11.1,0
15369,2026-08-20,DAY-LTH-01,1.93,44.6,9.8,0
15370,2026-08-20,DAY-LTH-02,1.66,53.0,10.6,0
15371,2026-08-20,DAY-LTH-03,2.17,54.5,13.6,0
15372,2026-08-20,DAY-LTH-04,5.08,65.9,12.5,6
15373,2026-08-20,DAY-LTH-05,1.75,54.4,10.9,0
15374,2026-08-20,DAY-MIL-01,1.46,44.1,7.6,0
15375,2026-08-20,DAY-MIL-02,1.74,56.5,11.7,1
15376,2026-08-20,DAY-MIL-03,1.71,53.0,10.4,0
15377,2026-08-20,DAY-MIL-04,1.58,46.3,10.6,0
15378,2026-08-20,DAY-MIL-05,1.77,52.3,10.4,0
15379,2026-08-20,DAY-MIL-06,1.91,57.3,15.3,1
15380,2026-08-20,DAY-MIL-07,2.33,50.3,14.1,4
15381,2026-08-20,DAY-MIL-08,1.73,45.3,4.5,0
15382,2026-08-20,DAY-PRS-01,2.78,63.5,13.3,0
15383,2026-08-20,DAY-PRS-02,3.39,63.3,14.7,0
15384,2026-08-20,DAY-PRS-03,2.83,57.0,11.8,0
15385,2026-08-20,DAY-PRS-04,3.1,62.8,15.1,0
15386,2026-08-20,DAY-RBT-01,1.07,41.3,9.0,0
15387,2026-08-20,DAY-RBT-02,1.39,52.3,12.7,0
15388,2026-08-20,DAY-RBT-03,0.97,46.8,10.3,0
15389,2026-08-20,MTY-GRD-01,1.26,48.8,13.8,2
15390,2026-08-20,MTY-GRD-02,1.27,51.2,11.9,0
15391,2026-08-20,MTY-LTH-01,2.17,53.9,12.4,1
15392,2026-08-20,MTY-LTH-02,1.81,46.1,11.1,0
15393,2026-08-20,MTY-LTH-03,1.7,51.1,11.3,0
15394,2026-08-20,MTY-LTH-04,5.42,61.1,9.9,3
15395,2026-08-20,MTY-LTH-05,1.92,53.5,9.7,1
15396,2026-08-20,MTY-MIL-01,1.41,55.3,15.4,0
15397,2026-08-20,MTY-MIL-02,1.76,50.9,12.5,0
15398,2026-08-20,MTY-MIL-03,1.65,49.1,10.4,0
15399,2026-08-20,MTY-MIL-04,1.44,50.5,11.9,0
15400,2026-08-20,MTY-MIL-05,1.47,52.0,11.4,0
15401,2026-08-20,MTY-MIL-06,1.83,45.3,9.5,0
15402,2026-08-20,MTY-PRS-01,3.49,63.3,14.3,0
15403,2026-08-20,MTY-PRS-02,3.04,62.6,12.0,0
15404,2026-08-20,MTY-PRS-03,2.74,61.3,10.5,1
15405,2026-08-20,MTY-RBT-01,1.2,45.3,13.1,0
15406,2026-08-20,MTY-RBT-02,1.21,36.7,9.8,0
15407,2026-08-20,MTY-RBT-03,1.16,44.1,11.5,1
15408,2026-08-21,BRN-GRD-01,1.42,50.6,12.8,0
15409,2026-08-21,BRN-LTH-01,1.78,47.5,8.8,2
15410,2026-08-21,BRN-LTH-02,1.54,50.2,12.8,0
15411,2026-08-21,BRN-LTH-03,2.59,54.4,9.1,0
15412,2026-08-21,BRN-LTH-04,2.05,49.2,9.1,0
15413,2026-08-21,BRN-MIL-01,1.62,47.0,11.9,0
15414,2026-08-21,BRN-MIL-02,1.45,48.6,11.0,1
15415,2026-08-21,BRN-MIL-03,1.83,48.1,9.7,1
15416,2026-08-21,BRN-MIL-04,2.25,49.0,8.5,4
15417,2026-08-21,BRN-MIL-05,1.69,46.6,11.1,0
15418,2026-08-21,BRN-MIL-06,1.54,48.1,11.5,0
15419,2026-08-21,BRN-PRS-01,2.81,60.3,8.9,0
15420,2026-08-21,BRN-PRS-02,3.37,55.6,11.4,0
15421,2026-08-21,BRN-PRS-03,2.92,59.6,12.2,2
15422,2026-08-21,BRN-RBT-01,1.27,44.8,12.2,0
15423,2026-08-21,BRN-RBT-02,1.66,48.1,10.7,0
15424,2026-08-21,DAY-GRD-01,1.89,51.4,11.0,0
15425,2026-08-21,DAY-LTH-01,2.1,47.8,13.1,0
15426,2026-08-21,DAY-LTH-02,1.63,52.8,10.7,0
15427,2026-08-21,DAY-LTH-03,2.02,53.0,11.3,0
15428,2026-08-21,DAY-LTH-04,2.03,55.2,2.0,3
15429,2026-08-21,DAY-LTH-05,2.18,58.2,16.0,0
15430,2026-08-21,DAY-MIL-01,1.48,46.0,9.4,1
15431,2026-08-21,DAY-MIL-02,1.88,56.8,11.5,2
15432,2026-08-21,DAY-MIL-03,1.69,51.2,12.8,0
15433,2026-08-21,DAY-MIL-04,1.65,45.9,10.3,0
15434,2026-08-21,DAY-MIL-05,1.77,54.4,12.5,0
15435,2026-08-21,DAY-MIL-06,1.46,52.8,10.7,0
15436,2026-08-21,DAY-MIL-07,2.39,49.4,14.1,0
15437,2026-08-21,DAY-MIL-08,1.64,42.8,8.7,0
15438,2026-08-21,DAY-PRS-01,2.72,63.8,12.5,0
15439,2026-08-21,DAY-PRS-02,2.62,61.7,11.1,0
15440,2026-08-21,DAY-PRS-03,2.8,54.3,8.0,0
15441,2026-08-21,DAY-PRS-04,2.79,60.1,8.8,0
15442,2026-08-21,DAY-RBT-01,1.02,40.5,9.7,0
15443,2026-08-21,DAY-RBT-02,1.54,49.5,11.3,0
15444,2026-08-21,DAY-RBT-03,1.0,48.1,12.4,0
15445,2026-08-21,MTY-GRD-01,1.28,49.0,12.6,1
15446,2026-08-21,MTY-GRD-02,1.38,51.6,12.5,0
15447,2026-08-21,MTY-LTH-01,2.08,52.3,10.8,0
15448,2026-08-21,MTY-LTH-02,1.93,48.3,11.9,0
15449,2026-08-21,MTY-LTH-03,1.63,52.7,12.8,0
15450,2026-08-21,MTY-LTH-04,5.5,62.5,11.8,2
15451,2026-08-21,MTY-LTH-05,2.07,52.5,10.1,0
15452,2026-08-21,MTY-MIL-01,1.53,54.4,13.1,0
15453,2026-08-21,MTY-MIL-02,1.81,51.2,12.6,0
15454,2026-08-21,MTY-MIL-03,1.95,52.1,13.4,0
15455,2026-08-21,MTY-MIL-04,1.62,49.0,11.5,0
15456,2026-08-21,MTY-MIL-05,1.62,54.8,13.2,0
15457,2026-08-21,MTY-MIL-06,1.89,48.0,10.4,1
15458,2026-08-21,MTY-PRS-01,3.8,64.6,13.2,0
15459,2026-08-21,MTY-PRS-02,2.64,60.9,11.3,2
15460,2026-08-21,MTY-PRS-03,3.13,60.2,11.1,0
15461,2026-08-21,MTY-RBT-01,1.11,44.7,10.3,0
15462,2026-08-21,MTY-RBT-02,1.23,39.7,12.3,0
15463,2026-08-21,MTY-RBT-03,1.29,46.6,13.3,0
15464,2026-08-24,BRN-GRD-01,1.28,46.3,9.9,0
15465,2026-08-24,BRN-LTH-01,1.98,49.3,13.6,1
15466,2026-08-24,BRN-LTH-02,1.44,49.6,6.9,0
15467,2026-08-24,BRN-LTH-03,2.52,55.7,9.7,0
15468,2026-08-24,BRN-LTH-04,1.99,47.5,7.8,0
15469,2026-08-24,BRN-MIL-01,1.46,46.0,11.3,0
15470,2026-08-24,BRN-MIL-02,1.44,48.8,11.2,0
15471,2026-08-24,BRN-MIL-03,1.67,47.7,9.2,1
15472,2026-08-24,BRN-MIL-04,2.6,52.3,12.7,4
15473,2026-08-24,BRN-MIL-05,1.72,46.2,10.1,0
15474,2026-08-24,BRN-MIL-06,1.61,48.1,12.3,0
15475,2026-08-24,BRN-PRS-01,3.29,64.1,14.8,0
15476,2026-08-24,BRN-PRS-02,3.41,51.6,7.8,2
15477,2026-08-24,BRN-PRS-03,2.89,54.0,8.1,0
15478,2026-08-24,BRN-RBT-01,1.17,47.5,13.1,0
15479,2026-08-24,BRN-RBT-02,1.47,48.2,10.8,0
15480,2026-08-24,DAY-GRD-01,2.07,49.2,12.3,0
15481,2026-08-24,DAY-LTH-01,2.15,43.7,10.5,0
15482,2026-08-24,DAY-LTH-02,1.62,52.4,11.4,0
15483,2026-08-24,DAY-LTH-03,2.04,53.8,13.0,0
15484,2026-08-24,DAY-LTH-05,2.05,55.3,9.3,1
15485,2026-08-24,DAY-MIL-01,1.56,45.4,10.8,0
15486,2026-08-24,DAY-MIL-02,1.73,60.3,10.4,2
15487,2026-08-24,DAY-MIL-03,1.9,50.8,11.0,0
15488,2026-08-24,DAY-MIL-04,1.46,47.9,11.3,0
15489,2026-08-24,DAY-MIL-05,1.49,51.1,7.6,0
15490,2026-08-24,DAY-MIL-06,1.69,55.5,13.0,2
15491,2026-08-24,DAY-MIL-07,2.56,52.7,15.0,6
15492,2026-08-24,DAY-MIL-08,1.47,44.1,11.8,0
15493,2026-08-24,DAY-PRS-01,2.81,59.4,8.6,0
15494,2026-08-24,DAY-PRS-02,2.79,60.5,8.8,0
15495,2026-08-24,DAY-PRS-03,2.73,52.1,10.3,0
15496,2026-08-24,DAY-PRS-04,3.0,62.1,10.8,1
15497,2026-08-24,DAY-RBT-01,0.94,41.0,11.4,0
15498,2026-08-24,DAY-RBT-02,1.43,48.8,14.1,0
15499,2026-08-24,DAY-RBT-03,0.95,46.8,11.5,0
15500,2026-08-24,MTY-GRD-01,1.44,49.7,13.0,0
15501,2026-08-24,MTY-GRD-02,1.17,48.5,9.3,0
15502,2026-08-24,MTY-LTH-01,1.99,52.3,11.2,1
15503,2026-08-24,MTY-LTH-02,1.93,47.7,9.7,1
15504,2026-08-24,MTY-LTH-03,1.66,50.2,11.2,0
15505,2026-08-24,MTY-LTH-04,2.51,51.8,6.5,4
15506,2026-08-24,MTY-LTH-05,2.3,53.6,11.7,0
15507,2026-08-24,MTY-MIL-01,1.24,52.6,10.0,1
15508,2026-08-24,MTY-MIL-02,1.63,49.8,10.6,0
15509,2026-08-24,MTY-MIL-03,1.94,50.6,13.0,1
15510,2026-08-24,MTY-MIL-04,1.6,49.5,10.1,1
15511,2026-08-24,MTY-MIL-05,1.52,49.5,8.3,1
15512,2026-08-24,MTY-MIL-06,1.96,45.9,9.8,0
15513,2026-08-24,MTY-PRS-01,3.07,61.3,8.6,0
15514,2026-08-24,MTY-PRS-02,2.46,59.0,10.6,0
15515,2026-08-24,MTY-PRS-03,2.88,59.1,10.9,0
15516,2026-08-24,MTY-RBT-01,1.17,46.5,12.7,0
15517,2026-08-24,MTY-RBT-02,1.1,39.5,10.5,0
15518,2026-08-24,MTY-RBT-03,1.22,45.5,10.7,0
15519,2026-08-25,BRN-GRD-01,1.37,48.6,11.1,1
15520,2026-08-25,BRN-LTH-01,2.02,49.0,14.3,1
15521,2026-08-25,BRN-LTH-02,1.56,50.9,13.0,0
15522,2026-08-25,BRN-LTH-03,2.92,56.2,12.9,1
15523,2026-08-25,BRN-LTH-04,2.33,51.9,14.2,0
15524,2026-08-25,BRN-MIL-01,1.63,45.9,12.1,0
15525,2026-08-25,BRN-MIL-02,1.33,48.0,11.3,0
15526,2026-08-25,BRN-MIL-03,1.81,46.7,9.4,0
15527,2026-08-25,BRN-MIL-04,2.64,52.3,12.8,3
15528,2026-08-25,BRN-MIL-05,1.54,44.5,9.0,0
15529,2026-08-25,BRN-MIL-06,1.36,48.7,9.1,0
15530,2026-08-25,BRN-PRS-01,2.83,59.1,9.0,0
15531,2026-08-25,BRN-PRS-02,3.37,54.7,10.2,0
15532,2026-08-25,BRN-PRS-03,3.79,57.7,12.3,0
15533,2026-08-25,BRN-RBT-01,1.14,48.5,13.1,2
15534,2026-08-25,BRN-RBT-02,1.53,48.4,13.9,0
15535,2026-08-25,DAY-GRD-01,2.1,49.6,11.8,0
15536,2026-08-25,DAY-LTH-01,1.91,46.4,13.5,0
15537,2026-08-25,DAY-LTH-02,1.95,56.0,15.1,0
15538,2026-08-25,DAY-LTH-03,2.14,52.4,12.6,0
15539,2026-08-25,DAY-LTH-05,1.95,57.8,12.7,2
15540,2026-08-25,DAY-MIL-01,1.49,46.0,9.1,2
15541,2026-08-25,DAY-MIL-02,1.96,62.5,12.8,2
15542,2026-08-25,DAY-MIL-03,2.17,51.0,12.0,0
15543,2026-08-25,DAY-MIL-04,1.77,49.6,13.4,0
15544,2026-08-25,DAY-MIL-05,1.86,55.1,13.7,0
15545,2026-08-25,DAY-MIL-06,1.8,53.6,10.8,1
15546,2026-08-25,DAY-MIL-07,2.31,50.0,9.0,2
15547,2026-08-25,DAY-MIL-08,1.64,42.4,12.0,0
15548,2026-08-25,DAY-PRS-01,2.48,63.1,9.6,1
15549,2026-08-25,DAY-PRS-02,2.88,61.3,11.2,0
15550,2026-08-25,DAY-PRS-03,2.83,53.8,12.5,0
15551,2026-08-25,DAY-PRS-04,3.28,62.4,10.3,2
15552,2026-08-25,DAY-RBT-01,1.1,42.5,13.3,0
15553,2026-08-25,DAY-RBT-02,1.36,47.4,10.1,0
15554,2026-08-25,DAY-RBT-03,1.06,43.4,8.3,0
15555,2026-08-25,MTY-GRD-01,1.18,51.4,11.0,1
15556,2026-08-25,MTY-GRD-02,1.36,50.7,11.2,0
15557,2026-08-25,MTY-LTH-01,1.98,53.3,10.4,0
15558,2026-08-25,MTY-LTH-02,1.79,46.7,10.1,0
15559,2026-08-25,MTY-LTH-03,1.78,51.5,10.8,0
15560,2026-08-25,MTY-LTH-05,1.98,52.1,10.8,0
15561,2026-08-25,MTY-MIL-01,1.54,51.0,10.2,0
15562,2026-08-25,MTY-MIL-02,1.81,48.7,8.8,0
15563,2026-08-25,MTY-MIL-03,1.69,48.9,9.3,1
15564,2026-08-25,MTY-MIL-04,1.47,49.0,9.3,0
15565,2026-08-25,MTY-MIL-05,1.51,50.9,9.9,0
15566,2026-08-25,MTY-MIL-06,2.05,47.4,11.7,0
15567,2026-08-25,MTY-PRS-01,3.19,59.9,8.0,0
15568,2026-08-25,MTY-PRS-02,2.74,62.6,11.5,1
15569,2026-08-25,MTY-PRS-03,3.16,61.7,14.1,0
15570,2026-08-25,MTY-RBT-01,1.28,45.7,13.9,0
15571,2026-08-25,MTY-RBT-02,1.11,40.6,12.1,0
15572,2026-08-25,MTY-RBT-03,1.25,43.3,7.3,0
15573,2026-08-26,BRN-GRD-01,1.22,46.3,12.0,0
15574,2026-08-26,BRN-LTH-01,1.68,49.9,10.4,0
15575,2026-08-26,BRN-LTH-02,1.48,49.7,10.7,0
15576,2026-08-26,BRN-LTH-03,3.3,56.7,13.8,0
15577,2026-08-26,BRN-LTH-04,2.33,48.4,10.1,0
15578,2026-08-26,BRN-MIL-01,1.82,47.4,14.5,0
15579,2026-08-26,BRN-MIL-02,1.24,45.9,12.2,0
15580,2026-08-26,BRN-MIL-03,1.63,50.7,9.6,0
15581,2026-08-26,BRN-MIL-04,1.69,46.6,3.3,4
15582,2026-08-26,BRN-MIL-05,1.61,47.8,13.3,0
15583,2026-08-26,BRN-MIL-06,1.62,49.5,12.6,0
15584,2026-08-26,BRN-PRS-01,2.91,60.7,14.4,1
15585,2026-08-26,BRN-PRS-02,3.36,53.2,11.3,0
15586,2026-08-26,BRN-PRS-03,3.08,56.0,10.6,1
15587,2026-08-26,BRN-RBT-01,1.05,40.3,7.9,0
15588,2026-08-26,BRN-RBT-02,1.52,50.2,13.0,1
15589,2026-08-26,DAY-GRD-01,2.22,52.7,12.3,1
15590,2026-08-26,DAY-LTH-01,2.09,46.8,12.2,1
15591,2026-08-26,DAY-LTH-02,1.71,51.6,10.1,0
15592,2026-08-26,DAY-LTH-03,2.23,52.2,9.6,0
15593,2026-08-26,DAY-LTH-04,2.04,53.3,8.2,0
15594,2026-08-26,DAY-LTH-05,2.11,55.5,11.1,1
15595,2026-08-26,DAY-MIL-01,1.46,48.2,9.5,0
15596,2026-08-26,DAY-MIL-02,2.21,60.7,12.2,0
15597,2026-08-26,DAY-MIL-03,1.97,50.8,11.4,1
15598,2026-08-26,DAY-MIL-04,1.6,46.5,10.8,1
15599,2026-08-26,DAY-MIL-05,1.73,53.5,11.4,0
15600,2026-08-26,DAY-MIL-06,1.71,50.6,8.5,0
15601,2026-08-26,DAY-MIL-07,2.51,51.8,10.6,5
15602,2026-08-26,DAY-MIL-08,1.62,46.8,12.4,0
15603,2026-08-26,DAY-PRS-01,2.78,62.6,9.5,0
15604,2026-08-26,DAY-PRS-02,3.19,64.7,14.7,0
15605,2026-08-26,DAY-PRS-03,2.76,55.6,14.9,0
15606,2026-08-26,DAY-PRS-04,3.32,62.6,8.3,2
15607,2026-08-26,DAY-RBT-01,1.06,43.1,13.0,0
15608,2026-08-26,DAY-RBT-02,1.33,48.9,12.2,1
15609,2026-08-26,DAY-RBT-03,1.0,47.9,11.8,0
15610,2026-08-26,MTY-GRD-01,1.44,52.1,12.5,0
15611,2026-08-26,MTY-GRD-02,1.44,50.6,14.0,0
15612,2026-08-26,MTY-LTH-01,2.16,54.1,9.7,0
15613,2026-08-26,MTY-LTH-02,1.92,48.9,12.4,0
15614,2026-08-26,MTY-LTH-03,1.76,51.0,9.8,0
15615,2026-08-26,MTY-LTH-05,2.2,52.3,8.5,1
15616,2026-08-26,MTY-MIL-01,1.47,55.3,10.4,0
15617,2026-08-26,MTY-MIL-02,1.82,46.5,9.0,0
15618,2026-08-26,MTY-MIL-03,1.92,52.5,12.8,0
15619,2026-08-26,MTY-MIL-04,1.43,48.9,7.3,0
15620,2026-08-26,MTY-MIL-05,1.72,52.3,13.3,0
15621,2026-08-26,MTY-MIL-06,2.0,49.2,11.7,0
15622,2026-08-26,MTY-PRS-01,3.37,63.1,11.4,0
15623,2026-08-26,MTY-PRS-02,2.68,59.7,8.5,0
15624,2026-08-26,MTY-PRS-03,2.93,59.2,10.6,1
15625,2026-08-26,MTY-RBT-01,1.03,44.9,9.1,1
15626,2026-08-26,MTY-RBT-02,1.35,38.1,10.7,1
15627,2026-08-26,MTY-RBT-03,1.19,46.5,11.7,0
15628,2026-08-27,BRN-GRD-01,1.33,47.9,10.5,0
15629,2026-08-27,BRN-LTH-01,1.94,49.2,13.2,0
15630,2026-08-27,BRN-LTH-02,1.44,48.5,11.7,0
15631,2026-08-27,BRN-LTH-03,3.01,54.9,12.0,2
15632,2026-08-27,BRN-LTH-04,2.3,48.5,12.1,1
15633,2026-08-27,BRN-MIL-01,1.75,48.5,11.7,0
15634,2026-08-27,BRN-MIL-02,1.38,47.5,8.8,0
15635,2026-08-27,BRN-MIL-03,1.69,49.5,12.7,0
15636,2026-08-27,BRN-MIL-04,1.91,44.8,13.0,0
15637,2026-08-27,BRN-MIL-05,1.55,45.5,11.8,0
15638,2026-08-27,BRN-MIL-06,1.75,50.2,12.7,0
15639,2026-08-27,BRN-PRS-01,2.93,63.3,11.8,0
15640,2026-08-27,BRN-PRS-02,3.85,56.2,12.0,0
15641,2026-08-27,BRN-PRS-03,3.04,57.3,12.4,1
15642,2026-08-27,BRN-RBT-01,1.33,45.4,11.3,0
15643,2026-08-27,BRN-RBT-02,1.7,49.9,12.8,0
15644,2026-08-27,DAY-GRD-01,2.09,49.6,12.2,0
15645,2026-08-27,DAY-LTH-01,2.34,45.4,13.7,0
15646,2026-08-27,DAY-LTH-02,1.52,54.6,11.4,0
15647,2026-08-27,DAY-LTH-03,2.05,53.5,12.4,0
15648,2026-08-27,DAY-LTH-04,1.91,56.0,13.6,0
15649,2026-08-27,DAY-LTH-05,2.16,57.5,9.6,0
15650,2026-08-27,DAY-MIL-01,1.38,47.6,10.4,0
15651,2026-08-27,DAY-MIL-02,2.03,67.1,15.0,2
15652,2026-08-27,DAY-MIL-03,2.29,56.1,15.9,0
15653,2026-08-27,DAY-MIL-04,1.62,47.7,15.0,0
15654,2026-08-27,DAY-MIL-05,1.79,51.7,10.2,0
15655,2026-08-27,DAY-MIL-06,1.69,54.6,12.0,0
15656,2026-08-27,DAY-MIL-07,2.6,52.3,10.6,4
15657,2026-08-27,DAY-MIL-08,1.4,44.6,10.4,0
15658,2026-08-27,DAY-PRS-01,3.07,62.9,13.4,0
15659,2026-08-27,DAY-PRS-02,2.69,62.5,11.0,0
15660,2026-08-27,DAY-PRS-03,2.66,54.5,11.0,0
15661,2026-08-27,DAY-PRS-04,4.16,68.4,16.0,1
15662,2026-08-27,DAY-RBT-01,1.08,43.0,12.1,0
15663,2026-08-27,DAY-RBT-02,1.49,47.9,13.7,0
15664,2026-08-27,DAY-RBT-03,0.92,45.4,10.2,0
15665,2026-08-27,MTY-GRD-01,1.41,53.6,11.5,1
15666,2026-08-27,MTY-GRD-02,1.5,52.6,14.4,0
15667,2026-08-27,MTY-LTH-01,2.18,55.1,11.8,0
15668,2026-08-27,MTY-LTH-02,2.06,49.3,14.0,0
15669,2026-08-27,MTY-LTH-03,1.81,51.9,10.7,0
15670,2026-08-27,MTY-LTH-05,1.9,53.6,9.9,0
15671,2026-08-27,MTY-MIL-01,1.64,56.7,14.7,1
15672,2026-08-27,MTY-MIL-02,1.63,50.9,12.2,0
15673,2026-08-27,MTY-MIL-03,1.65,51.0,11.1,1
15674,2026-08-27,MTY-MIL-04,1.63,50.0,11.1,0
15675,2026-08-27,MTY-MIL-05,1.79,52.6,12.4,0
15676,2026-08-27,MTY-MIL-06,2.03,48.2,11.6,0
15677,2026-08-27,MTY-PRS-01,3.05,62.4,9.4,0
15678,2026-08-27,MTY-PRS-02,2.57,64.7,12.7,1
15679,2026-08-27,MTY-PRS-03,3.03,62.7,13.7,0
15680,2026-08-27,MTY-RBT-01,1.17,44.2,10.0,0
15681,2026-08-27,MTY-RBT-02,1.08,38.8,9.5,0
15682,2026-08-27,MTY-RBT-03,1.19,45.3,11.9,0
15683,2026-08-28,BRN-GRD-01,1.45,48.3,14.5,1
15684,2026-08-28,BRN-LTH-01,1.89,48.4,10.5,0
15685,2026-08-28,BRN-LTH-02,1.44,49.5,10.1,0
15686,2026-08-28,BRN-LTH-03,3.27,57.3,14.5,0
15687,2026-08-28,BRN-LTH-04,2.13,51.3,14.6,0
15688,2026-08-28,BRN-MIL-01,1.66,47.3,14.6,0
15689,2026-08-28,BRN-MIL-02,1.23,48.7,10.9,0
15690,2026-08-28,BRN-MIL-03,1.79,48.2,10.5,1
15691,2026-08-28,BRN-MIL-04,1.88,47.9,13.4,0
15692,2026-08-28,BRN-MIL-05,1.55,45.2,9.1,0
15693,2026-08-28,BRN-MIL-06,1.62,47.5,10.0,0
15694,2026-08-28,BRN-PRS-01,3.49,61.5,12.4,1
15695,2026-08-28,BRN-PRS-02,3.73,56.1,13.3,0
15696,2026-08-28,BRN-PRS-03,2.67,54.4,5.9,0
15697,2026-08-28,BRN-RBT-01,1.24,44.5,12.1,0
15698,2026-08-28,BRN-RBT-02,1.54,47.8,12.7,1
15699,2026-08-28,DAY-GRD-01,1.98,48.8,12.2,0
15700,2026-08-28,DAY-LTH-01,2.11,42.9,12.2,0
15701,2026-08-28,DAY-LTH-02,1.75,52.4,11.8,0
15702,2026-08-28,DAY-LTH-03,2.27,51.9,9.5,1
15703,2026-08-28,DAY-LTH-04,2.15,55.5,12.1,0
15704,2026-08-28,DAY-LTH-05,2.33,59.8,14.3,2
15705,2026-08-28,DAY-MIL-01,1.39,43.4,8.1,0
15706,2026-08-28,DAY-MIL-02,1.93,63.5,11.6,1
15707,2026-08-28,DAY-MIL-03,2.16,50.4,9.7,1
15708,2026-08-28,DAY-MIL-04,1.57,45.5,10.5,0
15709,2026-08-28,DAY-MIL-05,1.81,51.3,8.7,0
15710,2026-08-28,DAY-MIL-06,1.69,54.7,10.8,0
15711,2026-08-28,DAY-MIL-07,2.74,51.9,14.2,8
15712,2026-08-28,DAY-MIL-08,1.55,41.1,7.0,1
15713,2026-08-28,DAY-PRS-01,2.75,62.5,13.1,0
15714,2026-08-28,DAY-PRS-02,3.17,65.3,13.5,0
15715,2026-08-28,DAY-PRS-03,2.75,53.6,9.9,0
15716,2026-08-28,DAY-PRS-04,3.68,64.1,13.2,0
15717,2026-08-28,DAY-RBT-01,1.22,45.0,15.6,0
15718,2026-08-28,DAY-RBT-02,1.24,47.4,1.0,0
15719,2026-08-28,DAY-RBT-03,0.91,45.3,10.2,0
15720,2026-08-28,MTY-GRD-01,1.52,54.4,13.4,0
15721,2026-08-28,MTY-GRD-02,1.29,50.3,8.5,0
15722,2026-08-28,MTY-LTH-01,2.21,52.6,11.7,1
15723,2026-08-28,MTY-LTH-02,1.87,48.6,9.8,1
15724,2026-08-28,MTY-LTH-03,1.71,54.4,13.8,1
15725,2026-08-28,MTY-LTH-04,2.13,50.9,9.7,0
15726,2026-08-28,MTY-LTH-05,2.36,58.0,16.0,0
15727,2026-08-28,MTY-MIL-01,1.46,53.6,11.9,1
15728,2026-08-28,MTY-MIL-02,1.63,48.6,10.9,0
15729,2026-08-28,MTY-MIL-03,1.78,48.7,9.6,0
15730,2026-08-28,MTY-MIL-04,1.52,48.8,11.3,0
15731,2026-08-28,MTY-MIL-05,1.6,51.7,11.6,0
15732,2026-08-28,MTY-MIL-06,1.84,46.5,12.3,0
15733,2026-08-28,MTY-PRS-01,3.56,67.1,14.7,0
15734,2026-08-28,MTY-PRS-02,2.8,62.1,11.3,1
15735,2026-08-28,MTY-PRS-03,2.71,60.6,8.8,0
15736,2026-08-28,MTY-RBT-01,1.29,44.9,13.1,0
15737,2026-08-28,MTY-RBT-02,1.11,35.7,8.0,1
15738,2026-08-28,MTY-RBT-03,1.3,45.4,13.1,1
15739,2026-08-31,BRN-GRD-01,1.37,49.1,13.0,0
15740,2026-08-31,BRN-LTH-01,1.91,48.3,14.1,0
15741,2026-08-31,BRN-LTH-02,1.48,47.3,10.3,0
15742,2026-08-31,BRN-LTH-03,3.54,55.1,11.4,0
15743,2026-08-31,BRN-LTH-04,2.04,50.9,9.2,0
15744,2026-08-31,BRN-MIL-01,1.84,47.8,13.9,0
15745,2026-08-31,BRN-MIL-02,1.44,48.4,13.1,0
15746,2026-08-31,BRN-MIL-03,1.72,48.8,12.1,1
15747,2026-08-31,BRN-MIL-04,2.55,49.0,15.9,0
15748,2026-08-31,BRN-MIL-05,1.63,46.9,12.1,0
15749,2026-08-31,BRN-MIL-06,1.49,49.7,11.2,0
15750,2026-08-31,BRN-PRS-01,2.81,61.8,10.7,0
15751,2026-08-31,BRN-PRS-02,3.45,55.8,12.6,0
15752,2026-08-31,BRN-PRS-03,2.75,55.5,9.1,0
15753,2026-08-31,BRN-RBT-01,1.05,44.5,12.9,0
15754,2026-08-31,BRN-RBT-02,1.48,46.7,9.5,0
15755,2026-08-31,DAY-GRD-01,1.94,48.3,10.3,0
15756,2026-08-31,DAY-LTH-01,1.9,45.5,10.3,0
15757,2026-08-31,DAY-LTH-02,1.74,51.6,9.9,1
15758,2026-08-31,DAY-LTH-03,1.79,53.1,9.2,0
15759,2026-08-31,DAY-LTH-04,2.03,57.9,13.0,0
15760,2026-08-31,DAY-LTH-05,2.01,57.2,8.6,3
15761,2026-08-31,DAY-MIL-01,1.66,48.3,12.9,0
15762,2026-08-31,DAY-MIL-02,2.1,67.0,8.7,1
15763,2026-08-31,DAY-MIL-03,2.44,55.3,11.7,1
15764,2026-08-31,DAY-MIL-04,1.68,52.1,14.7,1
15765,2026-08-31,DAY-MIL-05,1.92,53.2,11.0,0
15766,2026-08-31,DAY-MIL-06,1.72,53.8,11.0,0
15767,2026-08-31,DAY-MIL-07,1.93,46.4,4.3,3
15768,2026-08-31,DAY-MIL-08,1.7,43.4,8.9,0
15769,2026-08-31,DAY-PRS-01,2.58,62.2,6.7,0
15770,2026-08-31,DAY-PRS-02,3.23,63.4,13.4,1
15771,2026-08-31,DAY-PRS-03,3.09,55.8,14.6,0
15772,2026-08-31,DAY-PRS-04,4.15,65.3,8.9,1
15773,2026-08-31,DAY-RBT-01,1.01,42.5,12.6,0
15774,2026-08-31,DAY-RBT-02,1.42,47.6,10.8,1
15775,2026-08-31,DAY-RBT-03,0.94,44.8,9.0,1
15776,2026-08-31,MTY-GRD-01,1.51,54.5,9.3,1
15777,2026-08-31,MTY-GRD-02,1.23,52.3,12.7,0
15778,2026-08-31,MTY-LTH-01,2.07,54.5,12.9,0
15779,2026-08-31,MTY-LTH-02,1.84,47.9,11.2,1
15780,2026-08-31,MTY-LTH-03,1.86,52.1,14.8,1
15781,2026-08-31,MTY-LTH-04,2.18,53.0,11.0,0
15782,2026-08-31,MTY-LTH-05,2.11,54.1,11.7,0
15783,2026-08-31,MTY-MIL-01,1.55,51.8,9.8,0
15784,2026-08-31,MTY-MIL-02,1.69,49.1,11.0,0
15785,2026-08-31,MTY-MIL-03,1.93,50.8,14.1,0
15786,2026-08-31,MTY-MIL-04,1.48,47.7,7.8,0
15787,2026-08-31,MTY-MIL-05,1.59,49.9,10.2,0
15788,2026-08-31,MTY-MIL-06,2.04,47.5,12.8,1
15789,2026-08-31,MTY-PRS-01,3.06,63.4,9.9,0
15790,2026-08-31,MTY-PRS-02,2.76,59.6,9.3,0
15791,2026-08-31,MTY-PRS-03,2.69,57.8,8.9,0
15792,2026-08-31,MTY-RBT-01,1.22,45.0,10.3,0
15793,2026-08-31,MTY-RBT-02,1.14,40.8,12.4,0
15794,2026-08-31,MTY-RBT-03,1.31,45.2,11.1,0
15795,2026-09-01,BRN-GRD-01,1.32,48.2,10.7,0
15796,2026-09-01,BRN-LTH-01,1.82,48.9,13.7,0
15797,2026-09-01,BRN-LTH-02,1.48,50.2,9.1,0
15798,2026-09-01,BRN-LTH-03,3.47,57.5,10.7,0
15799,2026-09-01,BRN-LTH-04,2.27,54.6,14.8,0
15800,2026-09-01,BRN-MIL-01,1.76,46.6,11.0,0
15801,2026-09-01,BRN-MIL-02,1.22,47.0,11.3,0
15802,2026-09-01,BRN-MIL-03,1.6,47.0,8.3,0
15803,2026-09-01,BRN-MIL-04,2.34,46.8,10.9,1
15804,2026-09-01,BRN-MIL-05,1.82,46.4,11.8,1
15805,2026-09-01,BRN-MIL-06,1.6,48.0,10.4,0
15806,2026-09-01,BRN-PRS-01,2.97,60.3,11.2,0
15807,2026-09-01,BRN-PRS-02,3.66,54.9,13.3,0
15808,2026-09-01,BRN-PRS-03,3.2,58.8,10.0,0
15809,2026-09-01,BRN-RBT-01,1.09,44.8,10.5,0
15810,2026-09-01,BRN-RBT-02,1.66,49.8,12.7,0
15811,2026-09-01,DAY-GRD-01,1.92,51.0,12.2,0
15812,2026-09-01,DAY-LTH-01,2.05,45.3,13.2,0
15813,2026-09-01,DAY-LTH-02,1.82,53.6,13.2,0
15814,2026-09-01,DAY-LTH-03,2.41,52.5,11.9,0
15815,2026-09-01,DAY-LTH-04,1.95,55.4,10.7,0
15816,2026-09-01,DAY-LTH-05,2.29,62.3,12.3,3
15817,2026-09-01,DAY-MIL-01,1.64,51.8,15.4,0
15818,2026-09-01,DAY-MIL-02,2.02,67.3,11.0,4
15819,2026-09-01,DAY-MIL-03,2.55,52.6,10.2,1
15820,2026-09-01,DAY-MIL-04,1.62,47.1,10.5,0
15821,2026-09-01,DAY-MIL-05,1.95,51.8,11.6,0
15822,2026-09-01,DAY-MIL-06,1.91,53.0,11.3,0
15823,2026-09-01,DAY-MIL-07,1.72,45.5,7.0,0
15824,2026-09-01,DAY-MIL-08,1.67,44.9,11.3,0
15825,2026-09-01,DAY-PRS-01,2.96,61.2,9.4,0
15826,2026-09-01,DAY-PRS-02,2.85,61.2,12.5,0
15827,2026-09-01,DAY-PRS-03,2.69,56.2,13.8,0
15828,2026-09-01,DAY-PRS-04,4.29,66.1,12.2,1
15829,2026-09-01,DAY-RBT-01,1.04,40.2,9.8,0
15830,2026-09-01,DAY-RBT-02,1.17,47.3,11.9,0
15831,2026-09-01,DAY-RBT-03,0.99,47.5,12.9,0
15832,2026-09-01,MTY-GRD-01,1.58,57.8,15.1,3
15833,2026-09-01,MTY-GRD-02,1.46,51.9,12.8,1
15834,2026-09-01,MTY-LTH-01,2.26,51.9,10.4,0
15835,2026-09-01,MTY-LTH-02,1.79,50.2,12.9,1
15836,2026-09-01,MTY-LTH-03,1.56,51.2,7.6,0
15837,2026-09-01,MTY-LTH-04,2.4,51.5,10.8,0
15838,2026-09-01,MTY-LTH-05,2.07,52.4,10.4,0
15839,2026-09-01,MTY-MIL-01,1.45,56.1,15.4,0
15840,2026-09-01,MTY-MIL-02,1.71,50.7,13.5,2
15841,2026-09-01,MTY-MIL-03,1.67,51.4,13.5,0
15842,2026-09-01,MTY-MIL-04,1.54,50.7,12.5,0
15843,2026-09-01,MTY-MIL-05,1.82,49.5,11.3,0
15844,2026-09-01,MTY-MIL-06,2.22,48.9,15.9,0
15845,2026-09-01,MTY-PRS-01,3.05,63.4,11.7,1
15846,2026-09-01,MTY-PRS-02,2.84,59.3,11.5,1
15847,2026-09-01,MTY-PRS-03,2.95,61.5,13.3,0
15848,2026-09-01,MTY-RBT-01,1.12,45.2,12.0,0
15849,2026-09-01,MTY-RBT-02,1.24,39.5,14.7,0
15850,2026-09-01,MTY-RBT-03,1.17,45.9,12.0,0
15851,2026-09-02,BRN-GRD-01,1.48,48.5,13.5,0
15852,2026-09-02,BRN-LTH-01,1.93,48.7,12.4,0
15853,2026-09-02,BRN-LTH-02,1.5,48.1,10.1,0
15854,2026-09-02,BRN-LTH-03,3.77,57.9,13.5,1
15855,2026-09-02,BRN-LTH-04,2.67,53.8,11.4,1
15856,2026-09-02,BRN-MIL-01,1.77,45.6,12.2,0
15857,2026-09-02,BRN-MIL-02,1.29,48.2,11.3,0
15858,2026-09-02,BRN-MIL-03,1.8,46.9,10.8,0
15859,2026-09-02,BRN-MIL-04,2.38,46.0,10.2,1
15860,2026-09-02,BRN-MIL-05,1.79,47.0,14.0,0
15861,2026-09-02,BRN-MIL-06,1.62,51.3,12.8,1
15862,2026-09-02,BRN-PRS-01,3.05,59.6,10.4,1
15863,2026-09-02,BRN-PRS-02,3.24,53.8,7.7,0
15864,2026-09-02,BRN-PRS-03,3.15,59.4,11.1,0
15865,2026-09-02,BRN-RBT-01,1.12,44.0,10.5,1
15866,2026-09-02,BRN-RBT-02,1.39,48.3,11.2,0
15867,2026-09-02,DAY-GRD-01,2.0,48.8,11.1,0
15868,2026-09-02,DAY-LTH-01,1.88,46.2,11.4,2
15869,2026-09-02,DAY-LTH-02,1.64,52.1,9.3,0
15870,2026-09-02,DAY-LTH-03,1.76,51.5,7.3,0
15871,2026-09-02,DAY-LTH-04,1.98,56.3,11.0,1
15872,2026-09-02,DAY-LTH-05,2.32,62.5,12.5,1
15873,2026-09-02,DAY-MIL-01,1.4,46.6,8.3,1
15874,2026-09-02,DAY-MIL-02,1.47,52.4,4.6,3
15875,2026-09-02,DAY-MIL-03,2.68,55.8,14.5,1
15876,2026-09-02,DAY-MIL-04,1.46,48.5,11.9,0
15877,2026-09-02,DAY-MIL-05,1.77,52.9,11.1,0
15878,2026-09-02,DAY-MIL-06,1.73,53.2,8.4,0
15879,2026-09-02,DAY-MIL-07,1.79,44.3,11.5,0
15880,2026-09-02,DAY-MIL-08,1.56,45.6,13.1,0
15881,2026-09-02,DAY-PRS-01,2.72,64.0,10.0,3
15882,2026-09-02,DAY-PRS-02,2.64,63.0,11.8,0
15883,2026-09-02,DAY-PRS-03,2.79,52.7,11.4,2
15884,2026-09-02,DAY-PRS-04,4.59,65.4,11.9,2
15885,2026-09-02,DAY-RBT-01,1.11,44.8,10.3,0
15886,2026-09-02,DAY-RBT-02,1.13,45.2,9.0,0
15887,2026-09-02,DAY-RBT-03,1.04,46.7,11.8,0
15888,2026-09-02,MTY-GRD-01,1.65,55.0,12.0,1
15889,2026-09-02,MTY-GRD-02,1.53,52.4,13.0,0
15890,2026-09-02,MTY-LTH-01,2.05,53.6,11.5,0
15891,2026-09-02,MTY-LTH-02,2.02,48.4,13.6,0
15892,2026-09-02,MTY-LTH-03,1.76,48.1,9.8,0
15893,2026-09-02,MTY-LTH-04,2.37,55.7,14.0,0
15894,2026-09-02,MTY-LTH-05,2.0,53.4,11.0,0
15895,2026-09-02,MTY-MIL-01,1.52,54.7,13.2,1
15896,2026-09-02,MTY-MIL-02,1.8,48.4,9.5,1
15897,2026-09-02,MTY-MIL-03,2.11,51.1,14.6,0
15898,2026-09-02,MTY-MIL-04,1.63,49.1,12.2,0
15899,2026-09-02,MTY-MIL-05,1.69,50.9,12.4,1
15900,2026-09-02,MTY-MIL-06,2.04,49.5,11.9,0
15901,2026-09-02,MTY-PRS-01,2.91,61.7,2.2,0
15902,2026-09-02,MTY-PRS-02,2.65,63.1,11.8,0
15903,2026-09-02,MTY-PRS-03,2.74,60.4,9.3,0
15904,2026-09-02,MTY-RBT-01,1.31,44.7,15.2,1
15905,2026-09-02,MTY-RBT-02,1.15,39.4,13.4,0
15906,2026-09-02,MTY-RBT-03,1.19,46.8,12.3,0
15907,2026-09-03,BRN-GRD-01,1.43,51.5,13.1,0
15908,2026-09-03,BRN-LTH-01,1.89,51.0,13.8,0
15909,2026-09-03,BRN-LTH-02,1.54,50.3,13.0,0
15910,2026-09-03,BRN-LTH-03,4.02,56.3,13.8,1
15911,2026-09-03,BRN-LTH-04,2.45,55.6,14.6,1
15912,2026-09-03,BRN-MIL-01,1.82,46.0,12.0,2
15913,2026-09-03,BRN-MIL-02,1.21,47.5,9.5,1
15914,2026-09-03,BRN-MIL-03,1.85,48.6,11.5,0
15915,2026-09-03,BRN-MIL-04,2.63,46.5,10.8,3
15916,2026-09-03,BRN-MIL-05,1.64,45.0,8.3,0
15917,2026-09-03,BRN-MIL-06,1.58,48.9,10.7,0
15918,2026-09-03,BRN-PRS-01,3.12,62.6,12.3,0
15919,2026-09-03,BRN-PRS-02,3.07,53.2,9.0,0
15920,2026-09-03,BRN-PRS-03,3.19,55.3,10.3,0
15921,2026-09-03,BRN-RBT-01,1.1,43.0,10.6,0
15922,2026-09-03,BRN-RBT-02,1.5,45.5,7.2,0
15923,2026-09-03,DAY-GRD-01,2.21,54.2,11.8,0
15924,2026-09-03,DAY-LTH-01,2.04,42.8,8.5,0
15925,2026-09-03,DAY-LTH-02,1.97,55.0,15.6,0
15926,2026-09-03,DAY-LTH-03,2.39,51.2,13.0,0
15927,2026-09-03,DAY-LTH-04,2.23,56.3,11.5,0
15928,2026-09-03,DAY-LTH-05,2.43,64.6,12.4,1
15929,2026-09-03,DAY-MIL-01,1.38,48.5,10.4,0
15930,2026-09-03,DAY-MIL-02,1.55,49.3,10.4,0
15931,2026-09-03,DAY-MIL-03,2.84,52.8,11.5,0
15932,2026-09-03,DAY-MIL-04,1.56,48.3,9.2,0
15933,2026-09-03,DAY-MIL-05,1.67,52.0,8.5,0
15934,2026-09-03,DAY-MIL-06,1.75,55.2,8.0,0
15935,2026-09-03,DAY-MIL-07,1.83,45.7,11.9,0
15936,2026-09-03,DAY-MIL-08,1.39,42.8,9.6,0
15937,2026-09-03,DAY-PRS-01,3.03,64.4,11.2,0
15938,2026-09-03,DAY-PRS-02,3.16,63.4,13.2,0
15939,2026-09-03,DAY-PRS-03,2.98,58.4,12.7,0
15940,2026-09-03,DAY-PRS-04,4.81,69.2,15.2,1
15941,2026-09-03,DAY-RBT-01,1.03,41.4,10.6,0
15942,2026-09-03,DAY-RBT-02,1.34,51.2,12.9,0
15943,2026-09-03,DAY-RBT-03,0.94,47.5,10.1,0
15944,2026-09-03,MTY-GRD-01,1.64,58.6,14.9,3
15945,2026-09-03,MTY-GRD-02,1.45,51.1,13.7,1
15946,2026-09-03,MTY-LTH-01,2.05,53.3,11.3,0
15947,2026-09-03,MTY-LTH-02,1.7,47.1,9.3,0
15948,2026-09-03,MTY-LTH-03,1.84,54.3,15.8,1
15949,2026-09-03,MTY-LTH-04,2.29,55.3,16.0,0
15950,2026-09-03,MTY-LTH-05,2.03,53.9,11.3,1
15951,2026-09-03,MTY-MIL-01,1.3,51.1,10.0,0
15952,2026-09-03,MTY-MIL-02,1.62,47.8,8.3,0
15953,2026-09-03,MTY-MIL-03,1.87,50.9,12.4,0
15954,2026-09-03,MTY-MIL-04,1.57,50.1,13.0,0
15955,2026-09-03,MTY-MIL-05,1.68,48.3,6.9,2
15956,2026-09-03,MTY-MIL-06,1.75,46.4,10.8,0
15957,2026-09-03,MTY-PRS-01,3.09,61.4,11.1,0
15958,2026-09-03,MTY-PRS-02,2.54,60.3,9.0,0
15959,2026-09-03,MTY-PRS-03,2.77,56.3,11.7,0
15960,2026-09-03,MTY-RBT-01,1.1,45.9,10.1,0
15961,2026-09-03,MTY-RBT-02,1.08,35.7,9.8,0
15962,2026-09-03,MTY-RBT-03,1.24,44.2,2.3,0
15963,2026-09-04,BRN-GRD-01,1.35,49.1,13.4,1
15964,2026-09-04,BRN-LTH-01,1.83,46.7,9.0,0
15965,2026-09-04,BRN-LTH-02,1.6,47.9,10.1,1
15966,2026-09-04,BRN-LTH-03,3.76,59.8,10.9,4
15967,2026-09-04,BRN-LTH-04,2.39,59.2,16.0,1
15968,2026-09-04,BRN-MIL-01,1.75,46.4,11.9,0
15969,2026-09-04,BRN-MIL-02,1.32,49.0,11.3,0
15970,2026-09-04,BRN-MIL-03,1.82,49.0,12.7,0
15971,2026-09-04,BRN-MIL-04,2.52,46.4,10.2,0
15972,2026-09-04,BRN-MIL-05,1.95,48.2,15.1,0
15973,2026-09-04,BRN-MIL-06,1.75,51.7,13.3,0
15974,2026-09-04,BRN-PRS-01,3.03,60.7,11.2,0
15975,2026-09-04,BRN-PRS-02,4.08,54.4,12.3,0
15976,2026-09-04,BRN-PRS-03,3.62,57.2,12.0,0
15977,2026-09-04,BRN-RBT-01,1.16,44.6,12.7,0
15978,2026-09-04,BRN-RBT-02,1.47,49.2,11.4,0
15979,2026-09-04,DAY-GRD-01,2.39,53.7,15.2,0
15980,2026-09-04,DAY-LTH-01,1.92,44.9,11.3,0
15981,2026-09-04,DAY-LTH-02,1.9,54.0,14.3,1
15982,2026-09-04,DAY-LTH-03,2.23,56.3,13.9,0
15983,2026-09-04,DAY-LTH-04,2.04,54.9,10.6,0
15984,2026-09-04,DAY-LTH-05,2.48,64.2,11.2,1
15985,2026-09-04,DAY-MIL-01,1.37,46.0,9.5,0
15986,2026-09-04,DAY-MIL-02,1.42,51.0,8.2,1
15987,2026-09-04,DAY-MIL-03,2.79,57.0,12.5,2
15988,2026-09-04,DAY-MIL-04,1.6,47.6,11.8,0
15989,2026-09-04,DAY-MIL-05,1.8,51.2,10.7,1
15990,2026-09-04,DAY-MIL-06,1.99,54.7,13.3,1
15991,2026-09-04,DAY-MIL-07,1.67,45.6,9.3,0
15992,2026-09-04,DAY-MIL-08,1.65,45.1,9.3,0
15993,2026-09-04,DAY-PRS-01,3.01,63.4,10.8,0
15994,2026-09-04,DAY-PRS-02,3.09,61.5,12.7,2
15995,2026-09-04,DAY-PRS-03,3.02,57.6,11.9,0
15996,2026-09-04,DAY-PRS-04,4.6,64.9,6.5,1
15997,2026-09-04,DAY-RBT-01,1.02,42.0,9.2,0
15998,2026-09-04,DAY-RBT-02,1.06,47.7,10.3,0
15999,2026-09-04,DAY-RBT-03,0.97,46.2,10.6,0
16000,2026-09-04,MTY-GRD-01,1.56,59.0,12.4,2
16001,2026-09-04,MTY-GRD-02,1.47,50.6,11.5,1
16002,2026-09-04,MTY-LTH-01,2.17,56.1,12.4,0
16003,2026-09-04,MTY-LTH-02,1.76,45.7,10.4,0
16004,2026-09-04,MTY-LTH-03,1.7,50.0,10.2,0
16005,2026-09-04,MTY-LTH-04,2.38,53.7,13.1,0
16006,2026-09-04,MTY-LTH-05,2.09,52.9,8.3,0
16007,2026-09-04,MTY-MIL-01,1.24,53.0,11.4,0
16008,2026-09-04,MTY-MIL-02,1.75,49.1,11.3,0
16009,2026-09-04,MTY-MIL-03,1.67,46.8,8.6,0
16010,2026-09-04,MTY-MIL-04,1.63,47.5,9.6,0
16011,2026-09-04,MTY-MIL-05,1.71,50.7,9.9,1
16012,2026-09-04,MTY-MIL-06,1.88,46.1,11.2,1
16013,2026-09-04,MTY-PRS-01,3.68,62.1,11.3,0
16014,2026-09-04,MTY-PRS-02,2.6,62.7,10.6,0
16015,2026-09-04,MTY-PRS-03,2.81,59.7,13.5,0
16016,2026-09-04,MTY-RBT-01,1.16,47.2,12.3,0
16017,2026-09-04,MTY-RBT-02,1.16,37.2,9.2,0
16018,2026-09-04,MTY-RBT-03,1.06,43.9,12.1,0
16019,2026-09-07,BRN-GRD-01,1.35,47.2,11.2,0
16020,2026-09-07,BRN-LTH-01,1.68,46.0,9.8,0
16021,2026-09-07,BRN-LTH-02,1.71,49.7,11.5,0
16022,2026-09-07,BRN-LTH-03,4.44,59.5,9.7,3
16023,2026-09-07,BRN-LTH-04,2.44,54.4,10.2,2
16024,2026-09-07,BRN-MIL-01,1.84,46.7,9.5,0
16025,2026-09-07,BRN-MIL-02,1.23,46.3,6.7,0
16026,2026-09-07,BRN-MIL-03,1.77,48.4,10.5,0
16027,2026-09-07,BRN-MIL-04,3.11,49.2,12.0,1
16028,2026-09-07,BRN-MIL-05,1.65,47.0,11.2,0
16029,2026-09-07,BRN-MIL-06,1.59,48.5,3.1,0
16030,2026-09-07,BRN-PRS-01,3.07,61.4,12.3,0
16031,2026-09-07,BRN-PRS-02,3.32,55.8,10.0,0
16032,2026-09-07,BRN-PRS-03,3.59,61.9,13.2,1
16033,2026-09-07,BRN-RBT-01,1.26,44.7,13.0,0
16034,2026-09-07,BRN-RBT-02,1.36,48.7,8.7,0
16035,2026-09-07,MTY-GRD-01,1.67,59.6,10.3,2
16036,2026-09-07,MTY-GRD-02,1.34,49.8,12.8,1
16037,2026-09-07,MTY-LTH-01,2.11,55.8,12.3,1
16038,2026-09-07,MTY-LTH-02,1.95,50.6,13.2,0
16039,2026-09-07,MTY-LTH-03,1.7,48.9,11.3,0
16040,2026-09-07,MTY-LTH-04,2.08,49.5,7.6,0
16041,2026-09-07,MTY-LTH-05,2.2,60.1,10.8,1
16042,2026-09-07,MTY-MIL-01,1.35,53.0,9.8,0
16043,2026-09-07,MTY-MIL-02,1.95,51.1,14.6,1
16044,2026-09-07,MTY-MIL-03,1.76,48.2,11.1,0
16045,2026-09-07,MTY-MIL-04,1.81,49.5,10.1,0
16046,2026-09-07,MTY-MIL-05,1.95,52.6,13.7,1
16047,2026-09-07,MTY-MIL-06,1.84,44.8,9.6,1
16048,2026-09-07,MTY-PRS-01,3.5,64.2,13.1,0
16049,2026-09-07,MTY-PRS-02,2.77,61.4,11.2,0
16050,2026-09-07,MTY-PRS-03,2.45,59.2,7.6,0
16051,2026-09-07,MTY-RBT-01,1.12,42.7,6.6,0
16052,2026-09-07,MTY-RBT-02,1.22,39.3,10.9,0
16053,2026-09-07,MTY-RBT-03,1.12,45.5,10.3,1
16054,2026-09-08,BRN-GRD-01,1.37,47.4,11.0,0
16055,2026-09-08,BRN-LTH-01,1.67,48.7,10.1,0
16056,2026-09-08,BRN-LTH-02,1.6,50.4,14.2,0
16057,2026-09-08,BRN-LTH-03,4.42,57.4,9.5,4
16058,2026-09-08,BRN-LTH-04,2.56,55.8,14.9,2
16059,2026-09-08,BRN-MIL-01,1.72,44.6,10.4,0
16060,2026-09-08,BRN-MIL-02,1.22,45.6,9.1,0
16061,2026-09-08,BRN-MIL-03,1.89,50.2,12.4,0
16062,2026-09-08,BRN-MIL-04,3.08,48.4,8.4,1
16063,2026-09-08,BRN-MIL-05,1.68,47.7,14.3,1
16064,2026-09-08,BRN-MIL-06,1.34,46.0,8.1,0
16065,2026-09-08,BRN-PRS-01,3.07,61.5,11.6,0
16066,2026-09-08,BRN-PRS-02,3.43,55.8,9.5,0
16067,2026-09-08,BRN-PRS-03,3.33,55.6,7.8,0
16068,2026-09-08,BRN-RBT-01,1.23,43.1,10.6,0
16069,2026-09-08,BRN-RBT-02,1.47,47.4,11.3,0
16070,2026-09-08,DAY-GRD-01,2.11,53.0,9.1,2
16071,2026-09-08,DAY-LTH-01,2.05,45.5,10.8,0
16072,2026-09-08,DAY-LTH-02,1.57,51.9,9.0,0
16073,2026-09-08,DAY-LTH-03,2.36,55.0,14.4,2
16074,2026-09-08,DAY-LTH-04,2.2,54.7,10.4,0
16075,2026-09-08,DAY-LTH-05,2.77,68.8,14.2,1
16076,2026-09-08,DAY-MIL-01,1.66,49.2,13.2,0
16077,2026-09-08,DAY-MIL-02,1.76,52.0,15.3,0
16078,2026-09-08,DAY-MIL-03,3.16,57.2,12.6,2
16079,2026-09-08,DAY-MIL-04,1.53,46.1,10.2,0
16080,2026-09-08,DAY-MIL-05,1.8,50.5,9.8,0
16081,2026-09-08,DAY-MIL-06,1.74,53.1,11.5,1
16082,2026-09-08,DAY-MIL-07,1.71,43.7,9.8,0
16083,2026-09-08,DAY-MIL-08,1.67,45.6,16.0,0
16084,2026-09-08,DAY-PRS-01,3.45,69.3,15.4,0
16085,2026-09-08,DAY-PRS-02,2.78,60.8,9.5,0
16086,2026-09-08,DAY-PRS-03,3.29,60.3,14.4,1
16087,2026-09-08,DAY-PRS-04,2.27,57.1,1.1,3
16088,2026-09-08,DAY-RBT-01,1.04,43.8,12.6,0
16089,2026-09-08,DAY-RBT-02,1.24,45.8,9.9,0
16090,2026-09-08,DAY-RBT-03,0.98,45.5,10.0,0
16091,2026-09-08,MTY-GRD-01,1.64,63.1,12.1,6
16092,2026-09-08,MTY-GRD-02,1.39,47.7,8.1,0
16093,2026-09-08,MTY-LTH-01,2.1,53.8,11.6,0
16094,2026-09-08,MTY-LTH-02,1.79,47.6,10.3,0
16095,2026-09-08,MTY-LTH-03,1.83,51.2,14.2,0
16096,2026-09-08,MTY-LTH-04,2.15,51.7,11.4,0
16097,2026-09-08,MTY-LTH-05,2.43,57.4,11.8,1
16098,2026-09-08,MTY-MIL-01,1.35,52.0,10.6,0
16099,2026-09-08,MTY-MIL-02,2.02,49.5,13.1,1
16100,2026-09-08,MTY-MIL-03,2.08,50.0,10.1,0
16101,2026-09-08,MTY-MIL-04,1.53,49.8,10.1,0
16102,2026-09-08,MTY-MIL-05,1.84,54.6,12.0,4
16103,2026-09-08,MTY-MIL-06,1.84,47.4,12.7,0
16104,2026-09-08,MTY-PRS-01,3.52,65.6,14.2,2
16105,2026-09-08,MTY-PRS-02,2.65,65.5,15.1,0
16106,2026-09-08,MTY-PRS-03,3.04,57.4,12.3,3
16107,2026-09-08,MTY-RBT-01,1.04,42.8,10.1,0
16108,2026-09-08,MTY-RBT-02,1.38,39.7,15.8,1
16109,2026-09-08,MTY-RBT-03,1.18,46.0,12.5,0
16110,2026-09-09,BRN-GRD-01,1.33,47.5,8.4,0
16111,2026-09-09,BRN-LTH-01,1.85,46.1,8.2,0
16112,2026-09-09,BRN-LTH-02,1.63,51.0,11.9,0
16113,2026-09-09,BRN-LTH-03,4.55,59.6,9.5,4
16114,2026-09-09,BRN-LTH-04,2.47,55.2,12.8,2
16115,2026-09-09,BRN-MIL-01,1.73,48.2,11.8,0
16116,2026-09-09,BRN-MIL-02,1.53,46.7,11.5,1
16117,2026-09-09,BRN-MIL-03,1.86,48.0,12.3,0
16118,2026-09-09,BRN-MIL-04,3.32,50.4,11.2,3
16119,2026-09-09,BRN-MIL-05,1.6,44.3,9.5,0
16120,2026-09-09,BRN-MIL-06,1.54,48.4,15.2,0
16121,2026-09-09,BRN-PRS-01,2.99,62.1,11.5,0
16122,2026-09-09,BRN-PRS-02,3.97,55.0,13.4,2
16123,2026-09-09,BRN-PRS-03,4.22,59.2,13.1,0
16124,2026-09-09,BRN-RBT-01,1.23,45.7,12.4,1
16125,2026-09-09,BRN-RBT-02,1.6,48.8,12.6,0
16126,2026-09-09,DAY-GRD-01,2.35,53.7,14.4,0
16127,2026-09-09,DAY-LTH-01,2.25,46.9,13.1,0
16128,2026-09-09,DAY-LTH-02,1.83,55.4,12.9,0
16129,2026-09-09,DAY-LTH-03,2.21,54.9,13.2,0
16130,2026-09-09,DAY-LTH-04,2.08,57.1,10.5,0
16131,2026-09-09,DAY-LTH-05,1.88,53.9,6.9,3
16132,2026-09-09,DAY-MIL-01,1.74,49.7,14.7,0
16133,2026-09-09,DAY-MIL-02,1.47,48.1,7.1,1
16134,2026-09-09,DAY-MIL-03,3.15,57.6,4.3,4
16135,2026-09-09,DAY-MIL-04,1.56,50.5,12.7,0
16136,2026-09-09,DAY-MIL-05,1.75,52.8,10.6,0
16137,2026-09-09,DAY-MIL-06,1.85,54.1,13.5,0
16138,2026-09-09,DAY-MIL-07,1.98,45.9,14.6,0
16139,2026-09-09,DAY-MIL-08,1.55,41.1,10.5,0
16140,2026-09-09,DAY-PRS-01,3.13,67.7,11.6,1
16141,2026-09-09,DAY-PRS-02,3.03,63.1,11.6,0
16142,2026-09-09,DAY-PRS-03,3.26,59.2,9.7,0
16143,2026-09-09,DAY-RBT-01,0.99,41.9,11.7,0
16144,2026-09-09,DAY-RBT-02,1.47,49.4,14.4,0
16145,2026-09-09,DAY-RBT-03,0.96,46.1,9.8,1
16146,2026-09-09,MTY-GRD-01,1.82,61.9,12.0,2
16147,2026-09-09,MTY-GRD-02,1.29,50.7,10.5,0
16148,2026-09-09,MTY-LTH-01,2.05,50.9,9.1,0
16149,2026-09-09,MTY-LTH-02,1.85,48.8,11.8,1
16150,2026-09-09,MTY-LTH-03,1.87,52.0,13.3,1
16151,2026-09-09,MTY-LTH-04,2.25,51.4,3.2,0
16152,2026-09-09,MTY-LTH-05,2.69,56.8,10.3,6
16153,2026-09-09,MTY-MIL-01,1.5,54.8,15.4,0
16154,2026-09-09,MTY-MIL-02,1.74,48.8,9.8,1
16155,2026-09-09,MTY-MIL-03,1.94,49.6,12.0,0
16156,2026-09-09,MTY-MIL-04,1.75,49.2,11.6,0
16157,2026-09-09,MTY-MIL-05,1.97,54.4,13.1,1
16158,2026-09-09,MTY-MIL-06,1.74,45.5,10.3,1
16159,2026-09-09,MTY-PRS-01,3.42,65.7,14.3,2
16160,2026-09-09,MTY-PRS-02,2.82,64.1,13.3,0
16161,2026-09-09,MTY-PRS-03,2.71,59.7,11.1,0
16162,2026-09-09,MTY-RBT-01,1.15,44.9,10.9,0
16163,2026-09-09,MTY-RBT-02,1.22,39.1,10.5,0
16164,2026-09-09,MTY-RBT-03,1.03,43.9,10.0,0
16165,2026-09-10,BRN-GRD-01,1.24,48.0,11.0,0
16166,2026-09-10,BRN-LTH-01,1.82,46.8,11.2,0
16167,2026-09-10,BRN-LTH-02,1.7,49.4,12.1,0
16168,2026-09-10,BRN-LTH-03,5.18,63.1,13.0,4
16169,2026-09-10,BRN-LTH-04,2.2,51.0,9.9,0
16170,2026-09-10,BRN-MIL-01,1.71,44.8,10.1,0
16171,2026-09-10,BRN-MIL-02,1.41,48.2,11.8,0
16172,2026-09-10,BRN-MIL-03,1.93,48.2,10.1,0
16173,2026-09-10,BRN-MIL-04,3.4,49.0,10.7,2
16174,2026-09-10,BRN-MIL-05,1.79,46.6,9.6,1
16175,2026-09-10,BRN-MIL-06,1.55,46.9,12.6,0
16176,2026-09-10,BRN-PRS-01,2.98,61.1,11.2,0
16177,2026-09-10,BRN-PRS-02,3.69,56.4,13.6,0
16178,2026-09-10,BRN-PRS-03,3.88,56.8,9.2,1
16179,2026-09-10,BRN-RBT-01,1.12,46.5,12.1,0
16180,2026-09-10,BRN-RBT-02,1.43,48.0,9.6,1
16181,2026-09-10,DAY-GRD-01,2.24,53.0,13.0,0
16182,2026-09-10,DAY-LTH-01,2.17,44.2,10.9,0
16183,2026-09-10,DAY-LTH-02,1.76,52.1,12.0,0
16184,2026-09-10,DAY-LTH-03,2.17,53.1,10.1,0
16185,2026-09-10,DAY-LTH-04,2.24,54.9,9.6,0
16186,2026-09-10,DAY-LTH-05,1.72,53.6,13.1,0
16187,2026-09-10,DAY-MIL-01,1.28,45.8,9.2,1
16188,2026-09-10,DAY-MIL-02,1.43,49.9,12.4,1
16189,2026-09-10,DAY-MIL-03,3.49,57.1,9.9,1
16190,2026-09-10,DAY-MIL-04,1.55,47.9,10.3,0
16191,2026-09-10,DAY-MIL-05,1.59,49.8,8.9,1
16192,2026-09-10,DAY-MIL-06,1.7,53.2,8.3,1
16193,2026-09-10,DAY-MIL-07,1.85,47.2,15.6,2
16194,2026-09-10,DAY-MIL-08,1.64,47.3,14.8,0
16195,2026-09-10,DAY-PRS-01,2.96,67.7,10.9,0
16196,2026-09-10,DAY-PRS-02,2.89,63.4,13.7,0
16197,2026-09-10,DAY-PRS-03,3.29,61.0,11.7,4
16198,2026-09-10,DAY-RBT-01,1.04,43.2,11.5,0
16199,2026-09-10,DAY-RBT-02,1.32,47.6,11.0,0
16200,2026-09-10,DAY-RBT-03,0.88,47.2,9.8,0
16201,2026-09-10,MTY-GRD-01,1.34,49.1,4.6,3
16202,2026-09-10,MTY-GRD-02,1.41,49.6,11.9,0
16203,2026-09-10,MTY-LTH-01,2.01,51.8,7.7,0
16204,2026-09-10,MTY-LTH-02,2.04,49.0,14.9,0
16205,2026-09-10,MTY-LTH-03,1.54,49.6,9.1,1
16206,2026-09-10,MTY-LTH-04,2.35,52.8,12.4,0
16207,2026-09-10,MTY-LTH-05,2.16,54.6,9.1,4
16208,2026-09-10,MTY-MIL-01,1.41,53.2,11.8,0
16209,2026-09-10,MTY-MIL-02,2.03,52.1,16.0,2
16210,2026-09-10,MTY-MIL-03,1.95,50.8,12.4,0
16211,2026-09-10,MTY-MIL-04,1.83,51.2,13.4,0
16212,2026-09-10,MTY-MIL-05,1.9,54.0,11.4,2
16213,2026-09-10,MTY-MIL-06,2.04,46.7,13.3,0
16214,2026-09-10,MTY-PRS-01,3.79,63.9,12.3,0
16215,2026-09-10,MTY-PRS-02,2.58,64.5,11.4,1
16216,2026-09-10,MTY-PRS-03,2.8,59.2,10.8,0
16217,2026-09-10,MTY-RBT-01,1.11,44.2,9.3,0
16218,2026-09-10,MTY-RBT-02,1.19,41.1,13.1,0
16219,2026-09-10,MTY-RBT-03,1.07,43.2,9.8,1
16220,2026-09-11,BRN-GRD-01,1.2,46.3,8.8,0
16221,2026-09-11,BRN-LTH-01,1.82,48.1,11.0,0
16222,2026-09-11,BRN-LTH-02,1.65,49.1,12.7,1
16223,2026-09-11,BRN-LTH-03,5.0,60.4,9.1,1
16224,2026-09-11,BRN-LTH-04,2.34,53.5,11.5,1
16225,2026-09-11,BRN-MIL-01,1.55,45.7,11.4,0
16226,2026-09-11,BRN-MIL-02,1.27,47.1,11.0,0
16227,2026-09-11,BRN-MIL-03,2.09,47.5,10.2,1
16228,2026-09-11,BRN-MIL-04,3.55,48.2,10.7,0
16229,2026-09-11,BRN-MIL-05,1.65,45.1,10.4,0
16230,2026-09-11,BRN-MIL-06,1.51,46.1,13.7,1
16231,2026-09-11,BRN-PRS-01,3.13,59.7,10.8,0
16232,2026-09-11,BRN-PRS-02,3.4,56.5,11.0,0
16233,2026-09-11,BRN-PRS-03,4.27,58.5,9.9,0
16234,2026-09-11,BRN-RBT-01,1.17,43.1,11.6,0
16235,2026-09-11,BRN-RBT-02,1.55,47.2,12.5,0
16236,2026-09-11,DAY-GRD-01,1.88,48.7,7.0,1
16237,2026-09-11,DAY-LTH-01,2.04,47.5,11.1,0
16238,2026-09-11,DAY-LTH-02,1.77,52.3,10.2,1
16239,2026-09-11,DAY-LTH-03,1.97,53.6,9.3,0
16240,2026-09-11,DAY-LTH-04,2.32,57.8,11.0,2
16241,2026-09-11,DAY-LTH-05,1.84,55.7,15.3,0
16242,2026-09-11,DAY-MIL-01,1.38,45.9,11.5,0
16243,2026-09-11,DAY-MIL-02,1.35,50.1,10.5,0
16244,2026-09-11,DAY-MIL-03,3.64,58.5,10.9,6
16245,2026-09-11,DAY-MIL-04,1.59,47.3,11.1,0
16246,2026-09-11,DAY-MIL-05,1.65,52.3,11.6,1
16247,2026-09-11,DAY-MIL-06,1.73,54.7,11.4,0
16248,2026-09-11,DAY-MIL-07,2.03,45.9,13.8,0
16249,2026-09-11,DAY-MIL-08,1.75,46.7,13.5,0
16250,2026-09-11,DAY-PRS-01,3.54,70.8,13.1,1
16251,2026-09-11,DAY-PRS-02,2.62,60.7,4.1,0
16252,2026-09-11,DAY-PRS-03,3.3,59.8,9.1,0
16253,2026-09-11,DAY-PRS-04,2.38,58.3,12.9,0
16254,2026-09-11,DAY-RBT-01,1.01,38.0,10.4,0
16255,2026-09-11,DAY-RBT-02,1.37,48.0,11.9,0
16256,2026-09-11,DAY-RBT-03,1.02,44.0,1.8,1
16257,2026-09-11,MTY-GRD-01,1.12,45.4,8.9,0
16258,2026-09-11,MTY-GRD-02,1.48,50.9,16.0,0
16259,2026-09-11,MTY-LTH-01,2.16,54.4,12.0,2
16260,2026-09-11,MTY-LTH-02,1.82,47.3,11.5,0
16261,2026-09-11,MTY-LTH-03,1.85,53.3,12.0,0
16262,2026-09-11,MTY-LTH-04,2.5,53.7,14.4,0
16263,2026-09-11,MTY-LTH-05,2.21,52.4,10.1,2
16264,2026-09-11,MTY-MIL-01,1.46,52.2,10.3,0
16265,2026-09-11,MTY-MIL-02,1.88,53.0,11.3,3
16266,2026-09-11,MTY-MIL-03,1.76,50.4,14.2,0
16267,2026-09-11,MTY-MIL-04,1.6,50.8,10.6,0
16268,2026-09-11,MTY-MIL-05,1.79,56.1,11.9,0
16269,2026-09-11,MTY-MIL-06,1.9,45.6,6.9,0
16270,2026-09-11,MTY-PRS-01,3.25,64.6,12.9,0
16271,2026-09-11,MTY-PRS-02,2.77,60.8,14.3,1
16272,2026-09-11,MTY-PRS-03,2.96,58.8,14.3,0
16273,2026-09-11,MTY-RBT-01,1.29,46.6,13.7,0
16274,2026-09-11,MTY-RBT-02,1.18,39.4,13.1,0
16275,2026-09-11,MTY-RBT-03,1.09,47.2,12.8,0
16276,2026-09-14,BRN-GRD-01,1.44,46.2,11.6,0
16277,2026-09-14,BRN-LTH-01,1.66,47.6,11.6,1
16278,2026-09-14,BRN-LTH-02,1.53,49.6,8.9,1
16279,2026-09-14,BRN-LTH-03,5.73,62.6,11.4,1
16280,2026-09-14,BRN-LTH-04,2.39,52.5,14.2,1
16281,2026-09-14,BRN-MIL-01,1.59,46.2,12.4,0
16282,2026-09-14,BRN-MIL-02,1.54,46.9,10.2,0
16283,2026-09-14,BRN-MIL-03,1.9,49.5,14.6,0
16284,2026-09-14,BRN-MIL-04,1.82,46.3,5.6,3
16285,2026-09-14,BRN-MIL-05,1.67,47.4,11.6,0
16286,2026-09-14,BRN-MIL-06,1.43,46.8,12.4,0
16287,2026-09-14,BRN-PRS-01,2.77,59.2,10.2,0
16288,2026-09-14,BRN-PRS-02,3.33,56.2,10.5,1
16289,2026-09-14,BRN-PRS-03,5.2,60.1,13.5,0
16290,2026-09-14,BRN-RBT-01,1.23,45.1,12.6,0
16291,2026-09-14,BRN-RBT-02,1.49,44.4,9.7,1
16292,2026-09-14,DAY-GRD-01,2.0,46.8,5.0,0
16293,2026-09-14,DAY-LTH-01,1.91,43.0,6.0,0
16294,2026-09-14,DAY-LTH-02,1.86,52.7,12.2,0
16295,2026-09-14,DAY-LTH-03,2.19,51.8,11.0,1
16296,2026-09-14,DAY-LTH-04,2.56,57.8,10.1,1
16297,2026-09-14,DAY-LTH-05,1.83,52.1,11.7,0
16298,2026-09-14,DAY-MIL-01,1.44,49.1,14.4,0
16299,2026-09-14,DAY-MIL-02,1.4,51.3,10.3,0
16300,2026-09-14,DAY-MIL-03,4.13,62.6,13.5,5
16301,2026-09-14,DAY-MIL-04,1.64,52.3,15.5,0
16302,2026-09-14,DAY-MIL-05,1.74,53.0,11.6,0
16303,2026-09-14,DAY-MIL-06,1.81,54.3,12.3,0
16304,2026-09-14,DAY-MIL-07,1.8,44.7,12.2,0
16305,2026-09-14,DAY-MIL-08,1.38,43.4,9.1,0
16306,2026-09-14,DAY-PRS-01,3.4,69.1,10.0,4
16307,2026-09-14,DAY-PRS-02,2.88,60.8,12.3,1
16308,2026-09-14,DAY-PRS-03,3.39,63.2,9.5,1
16309,2026-09-14,DAY-PRS-04,2.17,59.4,10.6,0
16310,2026-09-14,DAY-RBT-01,1.12,41.2,9.5,0
16311,2026-09-14,DAY-RBT-02,1.23,48.5,11.3,0
16312,2026-09-14,DAY-RBT-03,0.95,45.3,11.5,0
16313,2026-09-14,MTY-GRD-01,1.23,45.9,10.9,1
16314,2026-09-14,MTY-GRD-02,1.36,50.6,10.1,0
16315,2026-09-14,MTY-LTH-01,2.21,54.0,13.9,0
16316,2026-09-14,MTY-LTH-02,1.94,47.0,11.8,0
16317,2026-09-14,MTY-LTH-03,1.89,55.4,14.7,0
16318,2026-09-14,MTY-LTH-04,2.05,53.7,13.8,0
16319,2026-09-14,MTY-LTH-05,2.2,54.5,12.5,0
16320,2026-09-14,MTY-MIL-01,1.35,54.5,10.5,0
16321,2026-09-14,MTY-MIL-02,2.26,50.3,11.7,3
16322,2026-09-14,MTY-MIL-03,1.79,51.8,9.5,1
16323,2026-09-14,MTY-MIL-04,1.61,51.3,11.3,0
16324,2026-09-14,MTY-MIL-05,1.87,53.4,12.3,0
16325,2026-09-14,MTY-MIL-06,2.11,47.9,11.7,0
16326,2026-09-14,MTY-PRS-01,3.48,62.7,9.9,0
16327,2026-09-14,MTY-PRS-02,2.54,57.7,9.6,0
16328,2026-09-14,MTY-PRS-03,2.86,59.3,10.3,1
16329,2026-09-14,MTY-RBT-01,1.16,44.1,9.5,1
16330,2026-09-14,MTY-RBT-02,1.16,39.2,12.6,0
16331,2026-09-14,MTY-RBT-03,1.13,43.7,11.6,1
16332,2026-09-15,BRN-GRD-01,1.26,48.2,11.8,0
16333,2026-09-15,BRN-LTH-01,1.48,45.2,7.0,0
16334,2026-09-15,BRN-LTH-02,1.67,52.7,14.3,0
16335,2026-09-15,BRN-LTH-03,5.58,60.0,8.9,4
16336,2026-09-15,BRN-LTH-04,2.44,50.7,15.9,0
16337,2026-09-15,BRN-MIL-01,1.83,46.4,11.0,0
16338,2026-09-15,BRN-MIL-02,1.38,48.4,9.8,0
16339,2026-09-15,BRN-MIL-03,1.84,49.1,11.4,1
16340,2026-09-15,BRN-MIL-05,1.82,48.2,13.8,0
16341,2026-09-15,BRN-MIL-06,1.52,48.0,12.4,0
16342,2026-09-15,BRN-PRS-01,3.12,62.7,13.0,1
16343,2026-09-15,BRN-PRS-02,2.99,51.5,2.9,0
16344,2026-09-15,BRN-PRS-03,4.94,58.7,10.8,2
16345,2026-09-15,BRN-RBT-01,1.08,43.9,8.5,0
16346,2026-09-15,BRN-RBT-02,1.6,48.5,14.5,0
16347,2026-09-15,DAY-GRD-01,1.91,48.4,9.6,0
16348,2026-09-15,DAY-LTH-01,2.08,42.1,10.2,0
16349,2026-09-15,DAY-LTH-02,1.67,49.9,10.7,0
16350,2026-09-15,DAY-LTH-03,2.06,52.8,10.6,0
16351,2026-09-15,DAY-LTH-04,2.58,59.3,13.9,5
16352,2026-09-15,DAY-LTH-05,1.96,53.5,13.6,0
16353,2026-09-15,DAY-MIL-01,1.44,44.3,8.6,0
16354,2026-09-15,DAY-MIL-02,1.48,50.3,11.5,0
16355,2026-09-15,DAY-MIL-03,1.69,50.8,4.6,8
16356,2026-09-15,DAY-MIL-04,1.8,48.0,14.8,0
16357,2026-09-15,DAY-MIL-05,1.74,51.2,10.0,0
16358,2026-09-15,DAY-MIL-06,1.95,54.4,12.8,0
16359,2026-09-15,DAY-MIL-07,2.09,47.8,15.5,0
16360,2026-09-15,DAY-MIL-08,1.58,42.8,9.3,0
16361,2026-09-15,DAY-PRS-01,3.76,70.5,11.4,2
16362,2026-09-15,DAY-PRS-02,2.83,61.4,15.4,0
16363,2026-09-15,DAY-PRS-03,3.64,64.6,12.7,1
16364,2026-09-15,DAY-PRS-04,2.18,58.1,10.4,0
16365,2026-09-15,DAY-RBT-01,1.04,45.6,15.3,0
16366,2026-09-15,DAY-RBT-02,1.32,45.9,11.1,0
16367,2026-09-15,DAY-RBT-03,0.92,44.4,11.2,1
16368,2026-09-15,MTY-GRD-01,1.21,45.9,10.4,0
16369,2026-09-15,MTY-GRD-02,1.38,52.7,11.6,0
16370,2026-09-15,MTY-LTH-01,1.94,50.3,8.2,0
16371,2026-09-15,MTY-LTH-02,2.19,47.4,13.8,1
16372,2026-09-15,MTY-LTH-03,1.58,50.8,14.1,0
16373,2026-09-15,MTY-LTH-04,2.13,50.4,9.0,0
16374,2026-09-15,MTY-LTH-05,2.27,53.8,12.0,0
16375,2026-09-15,MTY-MIL-01,1.42,55.9,13.6,1
16376,2026-09-15,MTY-MIL-02,1.98,48.3,7.9,3
16377,2026-09-15,MTY-MIL-03,1.91,49.7,13.5,1
16378,2026-09-15,MTY-MIL-04,1.75,49.5,12.9,0
16379,2026-09-15,MTY-MIL-05,1.8,53.6,8.2,3
16380,2026-09-15,MTY-MIL-06,1.97,47.7,9.3,0
16381,2026-09-15,MTY-PRS-01,3.2,63.8,13.2,0
16382,2026-09-15,MTY-PRS-02,2.57,60.7,11.2,0
16383,2026-09-15,MTY-PRS-03,3.24,60.4,13.8,1
16384,2026-09-15,MTY-RBT-01,1.15,45.5,10.9,0
16385,2026-09-15,MTY-RBT-02,1.14,37.3,1.0,0
16386,2026-09-15,MTY-RBT-03,1.15,42.4,9.5,0
16387,2026-09-16,BRN-GRD-01,1.48,48.1,14.4,0
16388,2026-09-16,BRN-LTH-01,1.76,46.8,9.1,0
16389,2026-09-16,BRN-LTH-02,1.55,50.7,12.5,1
16390,2026-09-16,BRN-LTH-03,5.75,58.4,7.1,4
16391,2026-09-16,BRN-LTH-04,2.0,47.6,8.5,0
16392,2026-09-16,BRN-MIL-01,1.8,48.2,14.0,1
16393,2026-09-16,BRN-MIL-02,1.29,48.6,11.7,0
16394,2026-09-16,BRN-MIL-03,1.93,47.4,10.8,0
16395,2026-09-16,BRN-MIL-05,1.9,46.2,12.7,0
16396,2026-09-16,BRN-MIL-06,1.51,48.6,12.1,1
16397,2026-09-16,BRN-PRS-01,2.96,60.5,10.1,0
16398,2026-09-16,BRN-PRS-02,3.2,53.7,12.2,1
16399,2026-09-16,BRN-PRS-03,4.96,61.7,11.8,1
16400,2026-09-16,BRN-RBT-01,1.17,45.0,11.3,0
16401,2026-09-16,BRN-RBT-02,1.5,48.5,12.9,0
16402,2026-09-16,DAY-GRD-01,1.96,47.9,8.6,0
16403,2026-09-16,DAY-LTH-01,2.08,46.2,13.0,0
16404,2026-09-16,DAY-LTH-02,1.8,50.8,11.1,0
16405,2026-09-16,DAY-LTH-03,2.18,54.5,12.2,1
16406,2026-09-16,DAY-LTH-04,2.79,60.9,13.0,4
16407,2026-09-16,DAY-LTH-05,1.85,49.3,10.1,1
16408,2026-09-16,DAY-MIL-01,1.5,47.4,11.9,1
16409,2026-09-16,DAY-MIL-02,1.54,51.4,13.2,0
16410,2026-09-16,DAY-MIL-04,1.6,45.4,8.8,0
16411,2026-09-16,DAY-MIL-05,1.69,52.7,12.0,1
16412,2026-09-16,DAY-MIL-06,1.93,53.1,13.3,0
16413,2026-09-16,DAY-MIL-07,1.84,44.4,10.9,0
16414,2026-09-16,DAY-MIL-08,1.63,44.5,10.1,0
16415,2026-09-16,DAY-PRS-01,3.5,71.8,11.4,3
16416,2026-09-16,DAY-PRS-02,2.68,62.7,12.0,0
16417,2026-09-16,DAY-PRS-03,3.51,63.8,8.6,3
16418,2026-09-16,DAY-PRS-04,2.33,57.9,9.1,1
16419,2026-09-16,DAY-RBT-01,0.97,40.7,9.4,0
16420,2026-09-16,DAY-RBT-02,1.28,45.5,10.5,0
16421,2026-09-16,DAY-RBT-03,0.93,47.0,13.8,0
16422,2026-09-17,BRN-GRD-01,1.36,44.6,8.1,0
16423,2026-09-17,BRN-LTH-01,1.97,49.9,12.7,0
16424,2026-09-17,BRN-LTH-02,1.7,52.3,15.7,0
16425,2026-09-17,BRN-LTH-03,2.13,49.8,1.5,3
16426,2026-09-17,BRN-LTH-04,2.22,51.2,13.4,0
16427,2026-09-17,BRN-MIL-01,1.85,46.8,12.5,0
16428,2026-09-17,BRN-MIL-02,1.35,46.5,10.0,1
16429,2026-09-17,BRN-MIL-03,1.96,48.6,10.8,0
16430,2026-09-17,BRN-MIL-05,1.7,45.2,10.7,0
16431,2026-09-17,BRN-MIL-06,1.53,48.9,13.5,0
16432,2026-09-17,BRN-PRS-01,3.07,62.1,12.0,0
16433,2026-09-17,BRN-PRS-02,3.21,53.4,9.6,0
16434,2026-09-17,BRN-PRS-03,5.42,62.4,8.5,2
16435,2026-09-17,BRN-RBT-01,1.22,46.5,13.0,0
16436,2026-09-17,BRN-RBT-02,1.59,46.7,11.9,0
16437,2026-09-17,DAY-GRD-01,2.17,50.6,12.0,0
16438,2026-09-17,DAY-LTH-01,2.23,47.8,14.3,0
16439,2026-09-17,DAY-LTH-02,1.76,52.6,13.6,0
16440,2026-09-17,DAY-LTH-03,1.97,49.7,7.5,0
16441,2026-09-17,DAY-LTH-04,2.61,59.6,12.7,2
16442,2026-09-17,DAY-LTH-05,1.85,51.9,10.0,0
16443,2026-09-17,DAY-MIL-01,1.47,46.6,12.3,0
16444,2026-09-17,DAY-MIL-02,1.35,49.4,7.7,0
16445,2026-09-17,DAY-MIL-04,1.72,48.2,13.5,0
16446,2026-09-17,DAY-MIL-05,1.55,52.8,7.1,0
16447,2026-09-17,DAY-MIL-06,1.7,54.8,9.7,0
16448,2026-09-17,DAY-MIL-07,1.75,41.9,9.2,0
16449,2026-09-17,DAY-MIL-08,1.5,44.5,10.9,0
16450,2026-09-17,DAY-PRS-01,2.69,62.0,6.3,3
16451,2026-09-17,DAY-PRS-02,2.67,60.2,9.5,0
16452,2026-09-17,DAY-PRS-03,2.48,49.7,1.9,3
16453,2026-09-17,DAY-PRS-04,2.35,58.3,11.4,0
16454,2026-09-17,DAY-RBT-01,0.99,40.1,9.7,0
16455,2026-09-17,DAY-RBT-02,1.4,48.4,11.9,0
16456,2026-09-17,DAY-RBT-03,0.88,44.1,9.5,1
16457,2026-09-17,MTY-GRD-01,1.26,48.7,14.0,2
16458,2026-09-17,MTY-GRD-02,1.39,50.9,10.0,0
16459,2026-09-17,MTY-LTH-01,2.33,51.9,9.4,1
16460,2026-09-17,MTY-LTH-02,2.09,45.9,11.2,0
16461,2026-09-17,MTY-LTH-03,1.72,53.5,15.4,0
16462,2026-09-17,MTY-LTH-04,2.34,52.4,10.6,0
16463,2026-09-17,MTY-LTH-05,2.17,55.5,13.3,0
16464,2026-09-17,MTY-MIL-01,1.6,56.7,11.1,0
16465,2026-09-17,MTY-MIL-02,1.68,47.7,3.0,4
16466,2026-09-17,MTY-MIL-03,1.74,50.1,10.0,0
16467,2026-09-17,MTY-MIL-04,1.72,49.8,11.0,0
16468,2026-09-17,MTY-MIL-05,2.23,57.8,11.4,0
16469,2026-09-17,MTY-MIL-06,1.93,47.4,12.3,1
16470,2026-09-17,MTY-PRS-01,2.91,62.1,9.2,0
16471,2026-09-17,MTY-PRS-02,2.69,58.8,11.2,0
16472,2026-09-17,MTY-PRS-03,2.74,57.5,8.3,1
16473,2026-09-17,MTY-RBT-01,1.17,47.0,11.5,0
16474,2026-09-17,MTY-RBT-02,1.14,38.5,13.7,0
16475,2026-09-17,MTY-RBT-03,1.05,45.6,10.8,0
16476,2026-09-18,BRN-GRD-01,1.37,48.1,9.7,0
16477,2026-09-18,BRN-LTH-01,1.75,46.7,8.9,0
16478,2026-09-18,BRN-LTH-02,1.59,49.2,10.4,1
16479,2026-09-18,BRN-LTH-04,2.26,50.7,13.6,0
16480,2026-09-18,BRN-MIL-01,1.67,45.2,10.1,1
16481,2026-09-18,BRN-MIL-02,1.36,46.8,8.8,0
16482,2026-09-18,BRN-MIL-03,2.01,48.8,12.3,0
16483,2026-09-18,BRN-MIL-04,1.82,45.1,13.2,0
16484,2026-09-18,BRN-MIL-05,1.67,42.9,3.3,0
16485,2026-09-18,BRN-MIL-06,1.62,49.0,13.9,0
16486,2026-09-18,BRN-PRS-01,3.39,61.1,13.4,0
16487,2026-09-18,BRN-PRS-02,2.98,51.6,8.1,0
16488,2026-09-18,BRN-PRS-03,4.97,59.2,8.6,1
16489,2026-09-18,BRN-RBT-01,1.02,43.8,8.1,1
16490,2026-09-18,BRN-RBT-02,1.49,46.6,12.8,1
16491,2026-09-18,DAY-GRD-01,2.18,49.7,12.7,1
16492,2026-09-18,DAY-LTH-01,2.25,46.0,14.2,0
16493,2026-09-18,DAY-LTH-02,1.83,50.4,11.8,0
16494,2026-09-18,DAY-LTH-03,2.1,51.8,10.3,1
16495,2026-09-18,DAY-LTH-04,2.63,62.6,13.2,3
16496,2026-09-18,DAY-LTH-05,1.8,52.9,10.9,0
16497,2026-09-18,DAY-MIL-01,1.57,46.1,11.4,0
16498,2026-09-18,DAY-MIL-02,1.59,50.8,13.5,1
16499,2026-09-18,DAY-MIL-04,1.7,48.3,11.9,0
16500,2026-09-18,DAY-MIL-05,1.71,52.7,11.9,0
16501,2026-09-18,DAY-MIL-06,1.77,53.4,3.9,0
16502,2026-09-18,DAY-MIL-07,1.79,45.3,10.3,0
16503,2026-09-18,DAY-MIL-08,1.53,44.5,10.3,0
16504,2026-09-18,DAY-PRS-01,2.62,61.2,10.4,0
16505,2026-09-18,DAY-PRS-02,3.07,61.0,10.1,0
16506,2026-09-18,DAY-PRS-03,2.81,51.1,12.8,0
16507,2026-09-18,DAY-PRS-04,2.51,57.9,13.3,1
16508,2026-09-18,DAY-RBT-01,1.05,40.1,10.6,0
16509,2026-09-18,DAY-RBT-02,1.33,48.5,14.7,0
16510,2026-09-18,DAY-RBT-03,0.91,44.6,11.4,0
16511,2026-09-18,MTY-GRD-01,1.0,44.7,9.3,0
16512,2026-09-18,MTY-GRD-02,1.53,48.6,12.3,0
16513,2026-09-18,MTY-LTH-01,2.21,54.6,12.3,0
16514,2026-09-18,MTY-LTH-02,2.1,48.9,12.4,0
16515,2026-09-18,MTY-LTH-03,1.72,50.0,12.9,0
16516,2026-09-18,MTY-LTH-04,2.16,53.6,13.2,0
16517,2026-09-18,MTY-LTH-05,2.09,50.9,10.7,0
16518,2026-09-18,MTY-MIL-01,1.39,54.3,9.4,1
16519,2026-09-18,MTY-MIL-02,1.83,49.3,6.7,0
16520,2026-09-18,MTY-MIL-03,1.65,50.6,7.6,0
16521,2026-09-18,MTY-MIL-04,1.64,48.9,12.0,0
16522,2026-09-18,MTY-MIL-05,2.14,56.5,11.7,0
16523,2026-09-18,MTY-MIL-06,1.98,45.9,5.4,2
16524,2026-09-18,MTY-PRS-01,3.28,64.1,12.9,0
16525,2026-09-18,MTY-PRS-02,2.82,61.1,12.7,0
16526,2026-09-18,MTY-PRS-03,3.3,60.2,14.2,0
16527,2026-09-18,MTY-RBT-01,1.1,45.0,9.4,0
16528,2026-09-18,MTY-RBT-02,1.24,36.3,11.5,0
16529,2026-09-18,MTY-RBT-03,1.13,42.0,9.3,0
16530,2026-09-21,BRN-GRD-01,1.47,47.4,11.3,0
16531,2026-09-21,BRN-LTH-01,1.63,46.9,8.9,0
16532,2026-09-21,BRN-LTH-02,1.64,49.6,13.3,0
16533,2026-09-21,BRN-LTH-03,1.99,50.8,9.7,0
16534,2026-09-21,BRN-LTH-04,2.25,50.1,14.3,0
16535,2026-09-21,BRN-MIL-01,1.69,45.8,10.4,0
16536,2026-09-21,BRN-MIL-02,1.3,45.9,7.5,0
16537,2026-09-21,BRN-MIL-03,1.98,49.2,13.9,0
16538,2026-09-21,BRN-MIL-04,1.82,47.6,10.9,1
16539,2026-09-21,BRN-MIL-05,1.77,46.3,12.9,0
16540,2026-09-21,BRN-MIL-06,1.52,47.1,10.7,1
16541,2026-09-21,BRN-PRS-01,3.46,60.5,10.4,1
16542,2026-09-21,BRN-PRS-02,3.05,52.0,11.5,1
16543,2026-09-21,BRN-PRS-03,5.76,59.0,7.7,1
16544,2026-09-21,BRN-RBT-01,1.15,44.0,9.4,1
16545,2026-09-21,BRN-RBT-02,1.55,48.2,11.6,1
16546,2026-09-21,DAY-GRD-01,2.1,53.2,13.5,0
16547,2026-09-21,DAY-LTH-01,2.14,44.3,12.1,0
16548,2026-09-21,DAY-LTH-02,1.49,52.5,11.1,0
16549,2026-09-21,DAY-LTH-03,2.13,53.1,11.4,0
16550,2026-09-21,DAY-LTH-04,2.77,60.8,11.4,3
16551,2026-09-21,DAY-LTH-05,1.79,50.6,8.6,1
16552,2026-09-21,DAY-MIL-01,1.61,48.0,11.8,0
16553,2026-09-21,DAY-MIL-02,1.39,49.2,10.0,0
16554,2026-09-21,DAY-MIL-03,1.45,48.2,10.0,0
16555,2026-09-21,DAY-MIL-04,1.48,45.3,8.1,0
16556,2026-09-21,DAY-MIL-05,1.74,51.9,12.5,0
16557,2026-09-21,DAY-MIL-06,1.68,51.2,8.5,0
16558,2026-09-21,DAY-MIL-07,1.78,45.0,10.9,0
16559,2026-09-21,DAY-MIL-08,1.48,44.4,10.1,0
16560,2026-09-21,DAY-PRS-01,2.41,59.5,2.8,1
16561,2026-09-21,DAY-PRS-02,2.62,56.9,8.5,0
16562,2026-09-21,DAY-PRS-03,2.69,53.9,13.2,1
16563,2026-09-21,DAY-PRS-04,2.13,57.9,13.0,0
16564,2026-09-21,DAY-RBT-01,1.02,44.0,12.4,1
16565,2026-09-21,DAY-RBT-02,1.31,46.4,9.1,0
16566,2026-09-21,DAY-RBT-03,0.9,41.5,9.2,0
16567,2026-09-21,MTY-GRD-01,1.22,50.9,14.1,0
16568,2026-09-21,MTY-GRD-02,1.4,50.4,11.5,0
16569,2026-09-21,MTY-LTH-01,2.31,54.2,12.4,1
16570,2026-09-21,MTY-LTH-02,2.11,47.5,13.1,0
16571,2026-09-21,MTY-LTH-03,1.85,52.4,14.3,0
16572,2026-09-21,MTY-LTH-04,2.2,52.2,11.4,0
16573,2026-09-21,MTY-LTH-05,2.33,55.7,10.9,1
16574,2026-09-21,MTY-MIL-01,1.53,55.5,11.3,0
16575,2026-09-21,MTY-MIL-02,1.91,51.6,14.6,0
16576,2026-09-21,MTY-MIL-03,1.98,52.4,15.1,0
16577,2026-09-21,MTY-MIL-04,1.53,49.2,11.1,0
16578,2026-09-21,MTY-MIL-05,2.48,55.9,12.1,2
16579,2026-09-21,MTY-MIL-06,2.12,47.2,12.9,0
16580,2026-09-21,MTY-PRS-01,2.99,61.2,8.1,2
16581,2026-09-21,MTY-PRS-02,2.66,60.0,9.1,0
16582,2026-09-21,MTY-PRS-03,2.85,59.2,11.3,0
16583,2026-09-21,MTY-RBT-01,1.15,45.1,11.8,0
16584,2026-09-21,MTY-RBT-02,1.14,37.1,10.5,0
16585,2026-09-21,MTY-RBT-03,1.15,43.7,12.5,1
16586,2026-09-22,BRN-GRD-01,1.39,44.6,11.7,0
16587,2026-09-22,BRN-LTH-01,1.69,48.0,10.5,0
16588,2026-09-22,BRN-LTH-02,1.76,49.7,13.4,0
16589,2026-09-22,BRN-LTH-03,2.28,52.8,14.2,0
16590,2026-09-22,BRN-LTH-04,2.36,49.8,13.3,1
16591,2026-09-22,BRN-MIL-01,1.69,43.8,9.5,2
16592,2026-09-22,BRN-MIL-02,1.33,47.2,12.2,0
16593,2026-09-22,BRN-MIL-03,1.88,50.9,15.5,0
16594,2026-09-22,BRN-MIL-04,1.76,45.8,13.3,0
16595,2026-09-22,BRN-MIL-05,1.79,45.7,12.4,0
16596,2026-09-22,BRN-MIL-06,1.36,46.4,9.8,0
16597,2026-09-22,BRN-PRS-01,2.79,60.5,10.0,0
16598,2026-09-22,BRN-PRS-02,3.29,55.7,13.2,0
16599,2026-09-22,BRN-PRS-03,5.77,62.8,10.1,3
16600,2026-09-22,BRN-RBT-01,1.18,43.2,11.8,0
16601,2026-09-22,BRN-RBT-02,1.58,45.9,12.8,0
16602,2026-09-22,DAY-GRD-01,2.02,47.9,11.7,1
16603,2026-09-22,DAY-LTH-01,2.39,48.5,14.5,0
16604,2026-09-22,DAY-LTH-02,1.97,50.9,13.4,0
16605,2026-09-22,DAY-LTH-03,1.86,52.3,9.4,0
16606,2026-09-22,DAY-LTH-04,2.86,63.0,11.5,0
16607,2026-09-22,DAY-LTH-05,1.83,52.5,8.6,1
16608,2026-09-22,DAY-MIL-01,1.4,48.1,11.4,0
16609,2026-09-22,DAY-MIL-02,1.61,51.5,13.5,1
16610,2026-09-22,DAY-MIL-03,1.4,47.4,8.4,0
16611,2026-09-22,DAY-MIL-04,1.69,46.8,12.6,1
16612,2026-09-22,DAY-MIL-05,2.01,53.2,14.2,0
16613,2026-09-22,DAY-MIL-06,1.76,53.5,13.5,0
16614,2026-09-22,DAY-MIL-07,2.01,47.0,12.7,0
16615,2026-09-22,DAY-MIL-08,1.53,43.4,11.7,0
16616,2026-09-22,DAY-PRS-01,2.69,63.9,14.5,0
16617,2026-09-22,DAY-PRS-02,3.01,62.1,16.0,0
16618,2026-09-22,DAY-PRS-03,2.96,54.5,13.4,0
16619,2026-09-22,DAY-PRS-04,2.45,59.3,12.1,0
16620,2026-09-22,DAY-RBT-01,0.9,40.1,7.8,0
16621,2026-09-22,DAY-RBT-02,1.3,45.1,8.9,0
16622,2026-09-22,DAY-RBT-03,0.91,45.2,9.8,0
16623,2026-09-22,MTY-GRD-01,1.31,48.3,13.2,0
16624,2026-09-22,MTY-GRD-02,1.23,46.1,7.8,0
16625,2026-09-22,MTY-LTH-01,2.16,54.6,10.3,0
16626,2026-09-22,MTY-LTH-02,1.98,46.9,8.7,0
16627,2026-09-22,MTY-LTH-03,1.9,52.0,11.8,0
16628,2026-09-22,MTY-LTH-04,2.05,50.3,7.8,0
16629,2026-09-22,MTY-LTH-05,2.37,56.5,12.8,0
16630,2026-09-22,MTY-MIL-01,1.41,54.9,10.5,2
16631,2026-09-22,MTY-MIL-02,1.8,46.8,11.9,0
16632,2026-09-22,MTY-MIL-03,1.6,48.0,10.1,0
16633,2026-09-22,MTY-MIL-04,1.54,49.6,10.6,1
16634,2026-09-22,MTY-MIL-05,2.44,57.3,10.1,2
16635,2026-09-22,MTY-MIL-06,1.84,44.6,9.9,1
16636,2026-09-22,MTY-PRS-01,3.49,61.3,10.5,0
16637,2026-09-22,MTY-PRS-02,2.83,59.4,11.3,0
16638,2026-09-22,MTY-PRS-03,2.9,58.6,8.9,0
16639,2026-09-22,MTY-RBT-01,1.24,44.4,11.3,0
16640,2026-09-22,MTY-RBT-02,1.22,40.1,15.0,0
16641,2026-09-22,MTY-RBT-03,1.19,42.2,8.8,1
16642,2026-09-23,BRN-GRD-01,1.47,45.7,10.4,0
16643,2026-09-23,BRN-LTH-01,1.78,49.2,10.9,0
16644,2026-09-23,BRN-LTH-02,1.51,48.5,11.0,0
16645,2026-09-23,BRN-LTH-03,2.26,54.2,15.3,1
16646,2026-09-23,BRN-LTH-04,2.29,50.7,13.7,0
16647,2026-09-23,BRN-MIL-01,1.74,45.6,10.4,0
16648,2026-09-23,BRN-MIL-02,1.45,48.8,10.5,0
16649,2026-09-23,BRN-MIL-03,1.91,48.9,11.2,0
16650,2026-09-23,BRN-MIL-04,1.51,42.5,9.3,1
16651,2026-09-23,BRN-MIL-05,1.85,45.8,12.5,1
16652,2026-09-23,BRN-MIL-06,1.48,46.9,10.9,0
16653,2026-09-23,BRN-PRS-01,2.97,59.6,10.7,0
16654,2026-09-23,BRN-PRS-02,3.3,54.1,11.7,0
16655,2026-09-23,BRN-PRS-03,6.19,63.7,12.8,0
16656,2026-09-23,BRN-RBT-01,1.14,42.3,10.1,0
16657,2026-09-23,BRN-RBT-02,1.44,47.0,8.6,0
16658,2026-09-23,DAY-GRD-01,2.02,46.7,9.5,0
16659,2026-09-23,DAY-LTH-01,2.32,45.6,10.4,0
16660,2026-09-23,DAY-LTH-02,1.76,51.5,10.4,0
16661,2026-09-23,DAY-LTH-03,2.14,51.2,11.2,0
16662,2026-09-23,DAY-LTH-04,2.58,59.7,10.2,4
16663,2026-09-23,DAY-LTH-05,1.9,50.2,9.1,1
16664,2026-09-23,DAY-MIL-01,1.49,48.4,14.0,0
16665,2026-09-23,DAY-MIL-02,1.59,52.2,14.2,0
16666,2026-09-23,DAY-MIL-03,1.47,47.2,10.5,0
16667,2026-09-23,DAY-MIL-04,1.7,45.9,11.7,0
16668,2026-09-23,DAY-MIL-05,1.73,50.7,9.1,1
16669,2026-09-23,DAY-MIL-06,1.72,52.6,11.8,2
16670,2026-09-23,DAY-MIL-07,1.67,43.9,11.1,0
16671,2026-09-23,DAY-MIL-08,1.55,43.4,10.8,0
16672,2026-09-23,DAY-PRS-01,2.55,61.6,10.3,0
16673,2026-09-23,DAY-PRS-02,2.79,60.2,11.3,0
16674,2026-09-23,DAY-PRS-03,3.0,54.9,12.5,0
16675,2026-09-23,DAY-PRS-04,2.34,59.6,11.5,0
16676,2026-09-23,DAY-RBT-01,1.03,42.7,12.5,1
16677,2026-09-23,DAY-RBT-02,1.2,47.9,11.4,0
16678,2026-09-23,DAY-RBT-03,0.84,41.3,7.6,0
16679,2026-09-23,MTY-GRD-01,1.14,44.0,8.6,0
16680,2026-09-23,MTY-GRD-02,1.49,52.5,13.6,0
16681,2026-09-23,MTY-LTH-01,2.17,54.6,11.1,1
16682,2026-09-23,MTY-LTH-02,2.01,48.1,11.9,0
16683,2026-09-23,MTY-LTH-03,1.61,50.1,9.8,0
16684,2026-09-23,MTY-LTH-04,2.33,52.0,11.1,0
16685,2026-09-23,MTY-LTH-05,2.17,54.4,9.8,0
16686,2026-09-23,MTY-MIL-01,1.56,56.0,10.0,0
16687,2026-09-23,MTY-MIL-02,1.67,46.7,9.8,0
16688,2026-09-23,MTY-MIL-03,1.65,46.3,10.6,0
16689,2026-09-23,MTY-MIL-04,1.87,50.6,13.1,0
16690,2026-09-23,MTY-MIL-05,2.34,56.8,9.9,0
16691,2026-09-23,MTY-MIL-06,2.02,46.2,12.0,1
16692,2026-09-23,MTY-PRS-01,3.2,61.9,10.1,0
16693,2026-09-23,MTY-PRS-02,2.54,59.3,11.1,1
16694,2026-09-23,MTY-PRS-03,2.73,59.2,12.0,0
16695,2026-09-23,MTY-RBT-01,1.12,42.8,8.8,0
16696,2026-09-23,MTY-RBT-02,1.18,40.3,15.2,0
16697,2026-09-23,MTY-RBT-03,1.22,44.2,12.9,0
16698,2026-09-24,BRN-GRD-01,1.27,46.6,9.2,0
16699,2026-09-24,BRN-LTH-01,2.06,47.7,12.9,0
16700,2026-09-24,BRN-LTH-02,1.67,50.4,11.0,0
16701,2026-09-24,BRN-LTH-03,2.18,52.6,11.5,0
16702,2026-09-24,BRN-LTH-04,2.14,47.5,10.0,0
16703,2026-09-24,BRN-MIL-01,1.67,44.4,9.5,0
16704,2026-09-24,BRN-MIL-02,1.25,48.7,11.8,0
16705,2026-09-24,BRN-MIL-03,1.95,50.0,16.0,0
16706,2026-09-24,BRN-MIL-04,1.72,46.3,12.1,0
16707,2026-09-24,BRN-MIL-05,1.96,47.3,10.1,0
16708,2026-09-24,BRN-MIL-06,1.64,47.4,11.4,1
16709,2026-09-24,BRN-PRS-01,3.14,59.6,10.6,0
16710,2026-09-24,BRN-PRS-02,3.08,49.5,8.2,1
16711,2026-09-24,BRN-PRS-03,6.17,61.7,10.1,1
16712,2026-09-24,BRN-RBT-01,1.31,44.1,11.9,0
16713,2026-09-24,BRN-RBT-02,1.85,49.3,16.0,0
16714,2026-09-24,DAY-GRD-01,2.34,49.4,12.1,0
16715,2026-09-24,DAY-LTH-01,1.86,44.7,9.1,0
16716,2026-09-24,DAY-LTH-02,1.72,51.7,10.6,0
16717,2026-09-24,DAY-LTH-03,2.05,51.0,8.6,0
16718,2026-09-24,DAY-LTH-04,1.98,53.3,4.6,4
16719,2026-09-24,DAY-LTH-05,1.99,52.9,11.3,1
16720,2026-09-24,DAY-MIL-01,1.77,46.7,11.4,0
16721,2026-09-24,DAY-MIL-02,1.4,49.7,11.9,0
16722,2026-09-24,DAY-MIL-03,1.59,50.3,13.9,0
16723,2026-09-24,DAY-MIL-04,1.72,46.1,9.6,0
16724,2026-09-24,DAY-MIL-05,1.86,52.5,10.2,0
16725,2026-09-24,DAY-MIL-06,1.59,53.6,14.0,0
16726,2026-09-24,DAY-MIL-07,1.94,47.0,14.3,0
16727,2026-09-24,DAY-MIL-08,1.61,44.3,10.0,0
16728,2026-09-24,DAY-PRS-01,2.78,61.5,11.5,0
16729,2026-09-24,DAY-PRS-02,2.74,59.6,8.8,1
16730,2026-09-24,DAY-PRS-03,2.56,54.4,12.3,1
16731,2026-09-24,DAY-PRS-04,2.19,58.3,10.4,1
16732,2026-09-24,DAY-RBT-01,1.01,42.5,11.0,0
16733,2026-09-24,DAY-RBT-02,1.27,46.3,9.6,0
16734,2026-09-24,DAY-RBT-03,0.9,46.1,11.6,0
16735,2026-09-24,MTY-GRD-01,1.23,45.1,10.4,0
16736,2026-09-24,MTY-GRD-02,1.51,48.3,11.0,0
16737,2026-09-24,MTY-LTH-01,2.04,51.9,10.0,1
16738,2026-09-24,MTY-LTH-02,1.87,47.8,8.6,1
16739,2026-09-24,MTY-LTH-03,1.73,50.7,11.3,0
16740,2026-09-24,MTY-LTH-04,2.01,50.1,8.9,0
16741,2026-09-24,MTY-LTH-05,2.35,54.3,11.2,0
16742,2026-09-24,MTY-MIL-01,1.56,55.2,10.3,0
16743,2026-09-24,MTY-MIL-02,1.85,50.1,13.9,0
16744,2026-09-24,MTY-MIL-03,1.69,49.5,11.5,0
16745,2026-09-24,MTY-MIL-04,1.69,48.7,10.7,0
16746,2026-09-24,MTY-MIL-05,1.89,50.7,5.1,3
16747,2026-09-24,MTY-MIL-06,1.74,45.7,9.8,0
16748,2026-09-24,MTY-PRS-01,3.53,63.7,12.6,0
16749,2026-09-24,MTY-PRS-02,2.84,62.7,8.7,1
16750,2026-09-24,MTY-PRS-03,2.89,60.8,11.5,0
16751,2026-09-24,MTY-RBT-01,1.3,45.5,13.0,0
16752,2026-09-24,MTY-RBT-02,1.14,36.7,11.2,0
16753,2026-09-24,MTY-RBT-03,1.13,41.9,9.3,0
16754,2026-09-25,BRN-GRD-01,1.4,49.0,14.7,0
16755,2026-09-25,BRN-LTH-01,1.81,42.4,10.4,0
16756,2026-09-25,BRN-LTH-02,1.53,51.4,13.4,0
16757,2026-09-25,BRN-LTH-03,2.07,51.7,10.9,0
16758,2026-09-25,BRN-LTH-04,2.08,48.5,11.4,0
16759,2026-09-25,BRN-MIL-01,1.87,48.2,14.3,0
16760,2026-09-25,BRN-MIL-02,1.28,48.1,10.0,0
16761,2026-09-25,BRN-MIL-03,1.75,49.1,5.5,0
16762,2026-09-25,BRN-MIL-04,1.76,43.6,10.4,0
16763,2026-09-25,BRN-MIL-05,2.21,49.8,16.0,0
16764,2026-09-25,BRN-MIL-06,1.58,48.4,12.2,0
16765,2026-09-25,BRN-PRS-01,2.93,60.0,8.2,1
16766,2026-09-25,BRN-PRS-02,3.33,53.2,10.7,0
16767,2026-09-25,BRN-PRS-03,6.65,61.9,10.3,0
16768,2026-09-25,BRN-RBT-01,1.29,44.5,13.5,0
16769,2026-09-25,BRN-RBT-02,1.7,48.2,13.2,0
16770,2026-09-25,DAY-GRD-01,2.23,50.0,12.1,0
16771,2026-09-25,DAY-LTH-01,2.06,45.2,10.8,0
16772,2026-09-25,DAY-LTH-02,1.82,52.6,12.7,0
16773,2026-09-25,DAY-LTH-03,1.92,50.7,2.5,0
16774,2026-09-25,DAY-LTH-05,2.0,52.6,11.6,0
16775,2026-09-25,DAY-MIL-01,1.43,45.0,10.4,0
16776,2026-09-25,DAY-MIL-02,1.48,51.1,12.7,1
16777,2026-09-25,DAY-MIL-03,1.38,47.7,8.8,0
16778,2026-09-25,DAY-MIL-04,1.45,43.1,6.0,0
16779,2026-09-25,DAY-MIL-05,1.75,52.2,11.8,1
16780,2026-09-25,DAY-MIL-06,1.8,52.2,10.6,0
16781,2026-09-25,DAY-MIL-07,1.78,43.3,7.1,0
16782,2026-09-25,DAY-MIL-08,1.41,44.3,10.3,0
16783,2026-09-25,DAY-PRS-01,2.69,60.8,10.7,0
16784,2026-09-25,DAY-PRS-02,2.84,60.7,12.0,1
16785,2026-09-25,DAY-PRS-03,2.53,53.1,9.5,0
16786,2026-09-25,DAY-PRS-04,2.11,56.8,9.1,0
16787,2026-09-25,DAY-RBT-01,1.02,43.1,10.8,0
16788,2026-09-25,DAY-RBT-02,1.32,47.2,11.9,0
16789,2026-09-25,DAY-RBT-03,0.92,44.7,12.0,0
16790,2026-09-25,MTY-GRD-01,1.24,45.9,10.2,1
16791,2026-09-25,MTY-GRD-02,1.41,49.0,11.7,0
16792,2026-09-25,MTY-LTH-01,2.22,54.9,13.1,1
16793,2026-09-25,MTY-LTH-02,1.88,49.1,12.6,0
16794,2026-09-25,MTY-LTH-03,1.77,51.5,11.4,2
16795,2026-09-25,MTY-LTH-04,2.34,53.9,11.9,0
16796,2026-09-25,MTY-LTH-05,2.32,56.8,12.2,1
16797,2026-09-25,MTY-MIL-01,1.52,54.1,11.9,0
16798,2026-09-25,MTY-MIL-02,1.74,48.0,9.3,1
16799,2026-09-25,MTY-MIL-03,1.81,50.4,14.5,0
16800,2026-09-25,MTY-MIL-04,1.6,51.5,11.0,1
16801,2026-09-25,MTY-MIL-05,1.78,45.9,1.0,0
16802,2026-09-25,MTY-MIL-06,2.1,44.1,8.4,0
16803,2026-09-25,MTY-PRS-01,3.72,64.6,15.5,0
16804,2026-09-25,MTY-PRS-02,2.9,62.2,14.1,0
16805,2026-09-25,MTY-PRS-03,2.64,57.4,10.6,0
16806,2026-09-25,MTY-RBT-01,1.12,46.8,14.4,0
16807,2026-09-25,MTY-RBT-02,1.22,37.4,12.7,0
16808,2026-09-25,MTY-RBT-03,1.23,43.1,10.4,1
16809,2026-09-28,DAY-GRD-01,2.3,52.2,15.2,0
16810,2026-09-28,DAY-LTH-01,2.21,44.6,12.5,0
16811,2026-09-28,DAY-LTH-02,1.6,51.4,9.5,0
16812,2026-09-28,DAY-LTH-03,2.0,50.9,9.8,0
16813,2026-09-28,DAY-LTH-04,2.05,56.1,14.8,0
16814,2026-09-28,DAY-LTH-05,2.14,55.1,14.6,0
16815,2026-09-28,DAY-MIL-01,1.58,47.4,10.8,0
16816,2026-09-28,DAY-MIL-02,1.28,47.3,8.1,0
16817,2026-09-28,DAY-MIL-03,1.55,53.0,14.0,0
16818,2026-09-28,DAY-MIL-04,1.63,46.3,11.7,0
16819,2026-09-28,DAY-MIL-05,1.86,51.7,10.7,1
16820,2026-09-28,DAY-MIL-06,1.81,51.4,11.2,1
16821,2026-09-28,DAY-MIL-07,2.12,46.2,14.4,0
16822,2026-09-28,DAY-MIL-08,1.51,46.3,10.4,0
16823,2026-09-28,DAY-PRS-01,2.79,60.5,13.2,0
16824,2026-09-28,DAY-PRS-02,2.81,62.7,11.7,0
16825,2026-09-28,DAY-PRS-03,2.7,53.3,12.9,0
16826,2026-09-28,DAY-PRS-04,2.29,57.0,9.8,0
16827,2026-09-28,DAY-RBT-01,1.08,41.6,12.6,0
16828,2026-09-28,DAY-RBT-02,1.32,46.6,8.8,0
16829,2026-09-28,DAY-RBT-03,0.92,45.5,14.2,0
16830,2026-09-28,MTY-GRD-01,1.38,45.1,11.4,0
16831,2026-09-28,MTY-GRD-02,1.45,46.9,8.0,1
16832,2026-09-28,MTY-LTH-01,1.8,51.6,7.4,0
16833,2026-09-28,MTY-LTH-02,1.78,48.4,11.6,0
16834,2026-09-28,MTY-LTH-03,1.78,52.3,12.0,0
16835,2026-09-28,MTY-LTH-04,2.02,53.0,12.5,1
16836,2026-09-28,MTY-LTH-05,2.16,55.6,8.8,0
16837,2026-09-28,MTY-MIL-01,1.37,52.5,11.3,0
16838,2026-09-28,MTY-MIL-02,1.54,43.7,7.0,0
16839,2026-09-28,MTY-MIL-03,1.71,49.2,10.7,0
16840,2026-09-28,MTY-MIL-04,1.74,49.3,10.1,0
16841,2026-09-28,MTY-MIL-05,2.0,50.3,12.5,0
16842,2026-09-28,MTY-MIL-06,2.09,50.1,14.1,0
16843,2026-09-28,MTY-PRS-01,3.68,61.8,13.4,0
16844,2026-09-28,MTY-PRS-02,2.61,60.9,11.2,0
16845,2026-09-28,MTY-PRS-03,3.02,57.8,11.1,0
16846,2026-09-28,MTY-RBT-01,1.03,42.3,8.6,0
16847,2026-09-28,MTY-RBT-02,1.08,35.5,9.1,0
16848,2026-09-28,MTY-RBT-03,1.08,44.9,9.8,1
16849,2026-09-29,BRN-GRD-01,1.47,48.9,11.8,0
16850,2026-09-29,BRN-LTH-01,1.96,46.1,10.6,0
16851,2026-09-29,BRN-LTH-02,1.65,51.2,12.9,0
16852,2026-09-29,BRN-LTH-03,1.89,48.2,5.8,0
16853,2026-09-29,BRN-LTH-04,2.21,48.3,9.4,0
16854,2026-09-29,BRN-MIL-01,1.7,48.4,13.0,0
16855,2026-09-29,BRN-MIL-02,1.38,48.7,11.8,0
16856,2026-09-29,BRN-MIL-03,1.65,44.6,12.6,0
16857,2026-09-29,BRN-MIL-04,1.73,41.8,7.7,0
16858,2026-09-29,BRN-MIL-05,2.52,49.4,14.8,3
16859,2026-09-29,BRN-MIL-06,1.41,46.5,9.9,1
16860,2026-09-29,BRN-PRS-01,3.18,60.8,10.2,1
16861,2026-09-29,BRN-PRS-02,2.98,52.5,9.0,0
16862,2026-09-29,BRN-PRS-03,7.7,63.5,11.9,4
16863,2026-09-29,BRN-RBT-01,1.39,45.8,14.9,0
16864,2026-09-29,BRN-RBT-02,1.78,47.7,11.4,0
16865,2026-09-29,DAY-GRD-01,2.1,50.4,14.0,1
16866,2026-09-29,DAY-LTH-01,2.29,46.3,12.8,0
16867,2026-09-29,DAY-LTH-02,1.79,52.9,10.7,0
16868,2026-09-29,DAY-LTH-03,1.99,49.0,8.4,0
16869,2026-09-29,DAY-LTH-04,2.08,55.0,9.5,1
16870,2026-09-29,DAY-LTH-05,2.1,51.6,8.9,2
16871,2026-09-29,DAY-MIL-01,1.59,47.7,14.5,0
16872,2026-09-29,DAY-MIL-02,1.5,50.7,11.8,1
16873,2026-09-29,DAY-MIL-03,1.48,48.2,11.3,0
16874,2026-09-29,DAY-MIL-04,1.57,47.4,11.5,0
16875,2026-09-29,DAY-MIL-05,1.73,51.3,11.1,1
16876,2026-09-29,DAY-MIL-06,1.72,53.9,11.6,0
16877,2026-09-29,DAY-MIL-07,1.92,45.2,11.8,1
16878,2026-09-29,DAY-MIL-08,1.57,41.7,10.1,0
16879,2026-09-29,DAY-PRS-01,2.7,58.7,11.9,0
16880,2026-09-29,DAY-PRS-02,2.91,60.6,11.9,0
16881,2026-09-29,DAY-PRS-03,2.76,52.8,10.6,0
16882,2026-09-29,DAY-PRS-04,2.47,58.8,12.5,0
16883,2026-09-29,DAY-RBT-01,0.98,41.7,9.2,0
16884,2026-09-29,DAY-RBT-02,1.42,49.4,15.0,1
16885,2026-09-29,DAY-RBT-03,0.91,42.2,8.4,1
16886,2026-09-29,MTY-GRD-01,1.18,46.0,8.4,0
16887,2026-09-29,MTY-GRD-02,1.27,50.0,10.0,0
16888,2026-09-29,MTY-LTH-01,1.94,50.7,7.1,0
16889,2026-09-29,MTY-LTH-02,1.9,50.2,14.0,0
16890,2026-09-29,MTY-LTH-03,1.54,49.8,9.3,0
16891,2026-09-29,MTY-LTH-04,2.39,54.2,13.5,0
16892,2026-09-29,MTY-LTH-05,2.47,57.0,12.2,4
16893,2026-09-29,MTY-MIL-01,1.64,53.6,12.0,2
16894,2026-09-29,MTY-MIL-02,1.76,48.5,10.2,0
16895,2026-09-29,MTY-MIL-03,1.87,50.9,15.9,0
16896,2026-09-29,MTY-MIL-04,1.7,47.9,12.0,0
16897,2026-09-29,MTY-MIL-05,2.02,52.0,12.7,1
16898,2026-09-29,MTY-MIL-06,1.89,42.3,8.1,0
16899,2026-09-29,MTY-PRS-01,3.0,61.9,9.2,0
16900,2026-09-29,MTY-PRS-02,2.99,60.6,12.1,0
16901,2026-09-29,MTY-PRS-03,3.18,60.7,12.1,0
16902,2026-09-29,MTY-RBT-01,1.19,44.0,10.6,0
16903,2026-09-29,MTY-RBT-02,1.14,38.1,10.8,0
16904,2026-09-29,MTY-RBT-03,1.24,44.1,10.7,1
16905,2026-09-30,BRN-GRD-01,1.3,45.3,9.4,1
16906,2026-09-30,BRN-LTH-01,2.03,49.8,11.7,1
16907,2026-09-30,BRN-LTH-02,1.74,50.1,13.5,1
16908,2026-09-30,BRN-LTH-03,2.16,51.3,10.3,0
16909,2026-09-30,BRN-LTH-04,2.26,50.9,11.6,0
16910,2026-09-30,BRN-MIL-01,1.69,48.9,13.4,1
16911,2026-09-30,BRN-MIL-02,1.25,47.4,9.0,0
16912,2026-09-30,BRN-MIL-03,1.59,45.2,9.9,0
16913,2026-09-30,BRN-MIL-04,1.86,46.6,16.0,0
16914,2026-09-30,BRN-MIL-05,2.51,47.0,12.1,0
16915,2026-09-30,BRN-MIL-06,1.47,47.6,12.7,0
16916,2026-09-30,BRN-PRS-01,3.62,57.4,13.4,0
16917,2026-09-30,BRN-PRS-02,3.16,51.9,8.7,0
16918,2026-09-30,BRN-PRS-03,7.66,63.7,9.6,4
16919,2026-09-30,BRN-RBT-01,1.27,41.4,8.7,0
16920,2026-09-30,BRN-RBT-02,1.48,48.6,12.5,1
16921,2026-09-30,DAY-GRD-01,1.97,45.7,6.1,0
16922,2026-09-30,DAY-LTH-01,2.21,44.9,10.8,0
16923,2026-09-30,DAY-LTH-02,1.82,50.9,12.6,0
16924,2026-09-30,DAY-LTH-03,1.88,51.9,11.2,0
16925,2026-09-30,DAY-LTH-04,2.03,52.2,9.8,0
16926,2026-09-30,DAY-LTH-05,2.03,52.3,8.7,0
16927,2026-09-30,DAY-MIL-01,1.64,48.8,12.7,1
16928,2026-09-30,DAY-MIL-02,1.42,50.8,11.7,0
16929,2026-09-30,DAY-MIL-03,1.62,49.0,11.4,0
16930,2026-09-30,DAY-MIL-04,1.67,47.3,9.6,0
16931,2026-09-30,DAY-MIL-05,1.91,53.7,13.1,0
16932,2026-09-30,DAY-MIL-06,1.89,53.2,13.6,0
16933,2026-09-30,DAY-MIL-07,1.75,46.3,11.4,0
16934,2026-09-30,DAY-MIL-08,1.68,46.3,13.3,0
16935,2026-09-30,DAY-PRS-01,2.36,56.5,7.1,0
16936,2026-09-30,DAY-PRS-02,3.23,61.7,13.0,0
16937,2026-09-30,DAY-PRS-03,2.54,53.5,13.9,0
16938,2026-09-30,DAY-PRS-04,2.12,59.1,10.7,1
16939,2026-09-30,DAY-RBT-01,1.09,42.4,11.9,0
16940,2026-09-30,DAY-RBT-02,1.26,46.3,8.9,0
16941,2026-09-30,DAY-RBT-03,0.9,43.4,12.1,0
16942,2026-09-30,MTY-GRD-01,1.2,47.2,12.0,0
16943,2026-09-30,MTY-GRD-02,1.47,48.7,11.2,0
16944,2026-09-30,MTY-LTH-01,2.2,53.8,10.9,0
16945,2026-09-30,MTY-LTH-02,1.99,45.9,12.4,2
16946,2026-09-30,MTY-LTH-03,1.65,52.2,12.0,0
16947,2026-09-30,MTY-LTH-04,2.08,51.0,10.9,1
16948,2026-09-30,MTY-LTH-05,2.42,56.1,12.2,1
16949,2026-09-30,MTY-MIL-01,1.37,51.6,8.8,0
16950,2026-09-30,MTY-MIL-02,1.94,48.0,12.7,1
16951,2026-09-30,MTY-MIL-03,1.89,47.9,10.6,0
16952,2026-09-30,MTY-MIL-04,1.8,51.5,13.1,0
16953,2026-09-30,MTY-MIL-05,2.05,48.5,9.3,1
16954,2026-09-30,MTY-MIL-06,1.94,45.4,9.9,0
16955,2026-09-30,MTY-PRS-01,3.63,63.8,11.9,0
16956,2026-09-30,MTY-PRS-02,2.73,61.3,12.0,0
16957,2026-09-30,MTY-PRS-03,2.98,60.5,12.2,0
16958,2026-09-30,MTY-RBT-01,1.14,45.2,11.5,0
16959,2026-09-30,MTY-RBT-02,1.16,39.1,12.3,0
16960,2026-09-30,MTY-RBT-03,1.2,42.7,12.3,0
